Time,Freq_Dev_Area1,Freq_Dev_Area2,Mechanical_Power_Area1,Mechanical_Power_Area2,Rotor_Angle_Area1,Rotor_Angle_Area2,Tie_Line_Power,UPFC_Series_Voltage,UPFC_Shunt_Voltage,SVC_Susceptance,SSSC_Series_Voltage,STATCOM_Current,AGC_Control_Area1,AGC_Control_Area2,UPFC_Series_Control,UPFC_Shunt_Control,SVC_Control,SSSC_Control,STATCOM_Control
0.0,0.0,0.0,0.0,0.0,0.0,0.0,0.0,0.0,0.0,0.0,1.25,0.0,-0.0,-0.0,0.0,0.0,0.0,2.5,-0.0
0.01,0.0,0.0,0.0,0.0,0.0,0.0,0.000625,0.0,0.0,0.12656561977865236,-0.875,0.0,-0.0,-0.0,0.0,0.0,0.5062624791146094,-3.0,-0.0
0.02,-6.25e-07,7.8125e-07,0.0,0.0,0.0,0.0,0.00018749999999999995,0.0,0.0,0.15961753113629448,1.0625,8.037890624999999e-05,-0.0,-0.0,0.0,0.0,0.25877326520922084,3.0,8.037890624999999e-05
0.03,-8.12e-07,1.01474609375e-06,6.7525e-06,-1.2188020833333337e-05,-3.926990816987242e-08,4.908738521234052e-08,0.0007187423359375,3.5156250000000003e-06,1.5625e-06,0.16925276275326645,-0.96875,0.0002190608196045018,0.000325125,-0.0007187812500000001,7.031250000000001e-06,3.125e-06,0.1981584576041824,-3.0,0.0002190608196045018
0.04,-1.5233402359375001e-06,1.8967973982747397e-06,2.3202173e-05,-2.781781557725695e-05,-9.028937286417067e-08,1.128457626800193e-07,0.00023436089579628906,1.9301464843749997e-06,1.639375e-06,0.17302481116750243,1.015625,0.0005916234718070365,0.0008129961499999999,-0.00093373976796875,3.446679687499995e-07,1.71625e-06,0.1843409564102104,3.0,0.0005916234718070365
0.05,-1.7332802865450393e-06,2.152842351475471e-06,4.934232240219376e-05,-5.6995852219223134e-05,-1.8600366274695052e-07,2.3202505811538242e-07,0.000742156686192667,7.10273422224935e-06,3.3985068398437504e-06,0.17532934793489355,-0.9921875,0.0013299744708561453,0.0012997428383909376,-0.001748151255722832,1.22753219601237e-05,5.1576386796875e-06,0.18224295823706693,-3.0,0.0013299744708561453
0.06,-2.4247080261062763e-06,3.006871446296866e-06,8.604688033970553e-05,-8.972582212769567e-05,-2.9490887504338866e-07,3.672921324300287e-07,0.00024604885955851205,4.3882559283642625e-06,3.483574006401661e-06,0.17726709370139512,1.00390625,0.002863448474446911,0.001849904613546882,-0.0019863485691039677,1.6737776344791758e-06,3.5686411729595713e-06,0.18308033100089982,3.0,0.002863448474446911
0.07,-2.582770238904198e-06,3.1988925127083024e-06,0.00013204630370043427,-0.00013530345749250907,-4.472577734817024e-07,5.562194373495317e-07,0.0007479767707063158,1.028775673473466e-05,5.190876563665275e-06,0.17911365541048163,-0.998046875,0.0057226914413314785,0.0023375238878540166,-0.00277627400087575,1.6187257541105056e-05,6.89817912092889e-06,0.1846533405377411,-3.0,0.0057226914413314785
0.08,-3.196634489718956e-06,3.961135400148764e-06,0.00018737140503555038,-0.0001831560926420798,-6.095380136507381e-07,7.572117817004877e-07,0.0002489321109010542,6.738339327980256e-06,5.159206456344175e-06,0.18093801699793127,1.0009765625,0.010890066601830256,0.002846645965678155,-0.002955279286263419,3.1889219212258523e-06,5.127536349023076e-06,0.18641110176028014,3.0,0.010890066601830256
0.09,-3.2556378879926846e-06,4.038899145647315e-06,0.00025013993988478596,-0.00024213863742678353,-8.103884822329947e-07,1.006097259160124e-06,0.0007493881206444824,1.2840670228684108e-05,6.701784610211347e-06,0.1827574203450763,-0.99951171875,0.019582255191794566,0.0032618654577029494,-0.0036587306133219234,1.894300112938796e-05,8.24436276407852e-06,0.18821563038651146,-3.0,0.019582255191794566
0.1,-3.752281558441987e-06,4.668417238130585e-06,0.0003199099476227491,-0.0003013271351146692,-1.0149462436663229e-06,1.2598687768512379e-06,0.0002496053467128778,8.605839912586916e-06,6.463648567428875e-06,0.18457615019547996,1.000244140625,0.03347817758148226,0.003673527569023088,-0.0037288261123695652,4.371009596489723e-06,6.225512524646403e-06,0.19003233974669087,3.0,0.03347817758148226
0.11,-3.6789751322853623e-06,4.598513033235448e-06,0.00039442479783144207,-0.0003692946038399504,-1.250709047230359e-06,1.5531940828352979e-06,0.0007496901300568491,1.4597367056991245e-05,7.76479175424775e-06,0.18639524658132578,-0.9998779296875,0.054290030641603905,0.003970606826888559,-0.004304680582821455,2.0588894201395574e-05,9.065934941066625e-06,0.19185253573886318,-3.0,0.054290030641603905
0.12,-4.031297284404941e-06,5.068834113844182e-06,0.000472948864789879,-0.00043489698209777836,-1.4818658721969034e-06,1.8421271780882858e-06,0.00024972065026965403,9.745695121058594e-06,7.2562398921514685e-06,0.18821493698670444,1.00006103515625,0.08366485513020451,0.004247048643107581,-0.004231861090777861,4.894023185125943e-06,6.747688030055187e-06,0.19367400820284048,3.0,0.08366485513020451
0.13,-3.8048440320571917e-06,4.831661260680952e-06,0.0005530062187400919,-0.0005065469987618419,-1.7351597508593643e-06,2.16061141837465e-06,0.0007497113178267796,1.544105715482886e-05,8.264183237974486e-06,0.19003524540492195,-0.999969482421875,0.12242105383050511,0.004395190616612426,-0.004652796636120079,2.1136419188599128e-05,9.272126583797503e-06,0.1954961706595745,-3.0,0.12242105383050511
0.14,-3.998505255918234e-06,5.1301810405938585e-06,0.000633714885331705,-0.0005730004166144436,-1.974225152042681e-06,2.4641936487984436e-06,0.0002496949487191514,1.0010470365723714e-05,7.446064270649358e-06,0.19185614485799368,1.0000152587890625,0.21497728435870267,0.004512342667679607,-0.004416445489747051,4.579883576618568e-06,6.627945303324231e-06,0.19731884321720888,3.0,0.21497728435870264
0.15,-3.6112865151009455e-06,4.720277752054075e-06,0.0007125258586535339,-0.0006426306699881816,-2.225458646789339e-06,2.78653243017275e-06,0.0007496628372437325,1.5313862966987444e-05,8.134747072133245e-06,0.193677595591037,-0.9999923706054688,0.45292026897745097,0.004494293446304782,-0.004668732722389218,2.0617255568251175e-05,8.82342987361713e-06,0.19914194779016695,-3.0,0.45292026897745097
0.16,-3.6455344644790634e-06,4.848757648652452e-06,0.0007885577723291265,-0.000704215490225381,-2.452362470506319e-06,3.0831162283478783e-06,0.0002496365587787091,9.343513442646965e-06,6.994529519719053e-06,0.19549955463764734,1.0000038146972656,1.1450772064077317,0.004441895812131146,-0.004262195440187277,3.373163918306488e-06,5.854311967304861e-06,0.2009654317774784,3.0,1.1450772064077317
0.17,-3.1036968233570626e-06,4.275079131989378e-06,0.0008593355937259428,-0.000766211060857004,-2.6814181563466356e-06,3.3877726565087554e-06,0.000749601515748768,1.4228095200843565e-05,7.365203781267895e-06,0.19732197821606523,-0.9999980926513672,3.473867517177145,0.00425453815288036,-0.004346369605744326,1.9112676959040165e-05,7.735878042816738e-06,0.20278924895131883,-3.0,3.473867517177145
0.18,-2.9914797879212022e-06,4.249507736580595e-06,0.0009241238308933877,-0.0008175371014942554,-2.876429179131206e-06,3.656383800400213e-06,0.00024957648318932855,7.77586848773343e-06,5.9179411130756825e-06,0.19914482233004713,1.0000009536743164,5.0,0.004036673515631049,-0.003777372232980255,1.323641774623294e-06,4.47067844488347e-06,0.2046133546719928,3.0,5.0
0.19,-2.3145392563868058e-06,3.5347762674957836e-06,0.0009806624397707695,-0.0008668483217864308,-3.064389397633118e-06,3.923388246132504e-06,0.000749545272512966,1.227056744545442e-05,5.999214191534085e-06,0.20096804292016318,-0.9999995231628418,5.0,0.0036912246790040517,-0.0037082181952394887,1.676526640317541e-05,6.080487269992488e-06,0.20643770469051137,-3.0,5.0
0.2,-2.0815704577238926e-06,3.38417083260302e-06,0.0010284958649020236,-0.000903315650310496,-3.2098161881193173e-06,4.14548478921347e-06,0.0002495259027293854,5.420363225615658e-06,4.2865445930834936e-06,0.20279159590251397,1.000000238418579,5.0,0.0033260429112057354,-0.0029983316129504104,-1.4298409942231048e-06,2.573874994632901e-06,0.20826225484956631,3.0,5.0
0.21,-1.3009352391850752e-06,2.5631264559399533e-06,0.001065703430991006,-0.0009358927168198434,-3.340605117277616e-06,4.35811851373744e-06,0.0007495016540118683,9.599080806605538e-06,4.132289996038858e-06,0.20461543717925515,-0.9999998807907104,5.0,0.0028472427601966602,-0.0028037929075496923,1.3777798387595416e-05,3.978035398994223e-06,0.21008696100947868,-3.0,5.0
0.22,-9.836927140145893e-07,2.327254110167052e-06,0.001092221598106688,-0.000954091082938744,-3.422345289082014e-06,4.519164498621492e-06,0.0002494902535610812,2.460843632858418e-06,2.2192655989529735e-06,0.2064395226420627,1.0000000596046448,5.0,0.0023655930819914102,-0.0019867846606588403,-4.677393540888703e-06,3.0624120186708834e-07,0.21191177903048536,3.0,5.0
0.23,-1.4017441529777072e-07,1.443884912571036e-06,0.0011065664211066168,-0.0009672398074949915,-3.484152525156775e-06,4.665390186932241e-06,0.0007494746995468447,6.43173433581029e-06,1.9044153852982299e-06,0.20826380817383033,-0.9999999701976776,5.0,0.001789788893822839,-0.0017057784905509191,1.0402625038762162e-05,1.5895651716434864e-06,0.2137366647691332,-3.0,5.0
0.24,2.170294457942397e-07,1.17005415710921e-06,0.001109146878243897,-0.0009652529816891279,-3.4929599434231894e-06,4.756112151611487e-06,0.0002494725130590047,-8.636524321857011e-07,-1.2566780808013062e-07,0.2100882496499244,1.0000000149011612,5.0,0.0012327857896646689,-0.0008249281005420361,-8.159039200181693e-06,-2.155751001458491e-06,0.2155615740782066,3.0,5.0
0.25,1.0765301874224968e-06,2.7401226039480814e-07,0.0010989775889052441,-0.0009578809730008126,-3.4793235811727924e-06,4.829628822497017e-06,0.0007494664628724764,3.030301102426701e-06,-5.111566624655666e-07,0.21191280293932835,-0.9999999925494194,5.0,0.0006050230002271423,-0.0005042115938764622,6.924254637039104e-06,-8.966455168510025e-07,0.21738646280754026,-3.0,5.0
0.26,1.4251800893053266e-06,1.3185858941443753e-08,0.001076981783451783,-0.0009354691858079111,-3.411683194609309e-06,4.846845520582014e-06,0.0002494738706215713,-4.279020644389247e-06,-2.5635363029398503e-06,0.21373742390575928,1.0000000037252903,5.0,2.0717919980629246e-05,0.0003912104547395918,-1.1588342391205194e-05,-4.615915943414134e-06,0.21921128680505209,3.0,5.0
0.27,2.251547858064094e-06,-8.443231191327901e-07,0.0010426932594305134,-0.0009082002579193785,-3.3221364886372277e-06,4.847674012533648e-06,0.0007494772888321276,-3.207200926177714e-07,-2.9220661475283542e-06,0.21556206840877778,-0.9999999981373549,5.0,-0.0006089408158255832,0.0007008774612471068,3.6375804591537035e-06,-3.2805959921168578e-06,0.22103600191783324,-3.0,5.0
0.28,2.5429625903760285e-06,-1.0417769669828295e-06,0.000997548411037673,-0.0008668436913009984,-3.180667564435228e-06,4.794623626367176e-06,0.0002494938415401833,-7.499137373528881e-06,-4.898353108278146e-06,0.21738669230489613,1.0000000009313226,5.0,-0.0011695182030502253,0.0015596845692773056,-1.467755465443999e-05,-6.874640069027938e-06,0.22286056399325116,3.0,5.0
0.29,3.2889827898012177e-06,-1.8122922800959927e-06,0.0009415772961650933,-0.0008219890276016094,-3.020888512589648e-06,4.7291668490441295e-06,0.0007495058796990586,-3.3374958632504843e-06,-5.132818198870534e-06,0.21921125144868614,-0.9999999995343387,5.0,-0.001750148080783797,0.0018077676991906152,8.241456470279122e-07,-5.367283289462923e-06,0.22468492888005623,-3.0,5.0
0.3,3.4784230200354116e-06,-1.900857386159073e-06,0.0008766850581343814,-0.0007647867588065551,-2.814235629185193e-06,4.6152971667779885e-06,0.000249530344385157,-1.0250065777305164e-05,-6.939252424785411e-06,0.221035701693887,1.0000000002328306,5.0,-0.0022372549495744787,0.0025811504236201133,-1.716263569135984e-05,-8.745686650700288e-06,0.2265090524294896,3.0,5.0
0.31,4.102794995368608e-06,-2.542789439626392e-06,0.000803332892723663,-0.0007061732695107495,-2.5956798650687754e-06,4.495862774780404e-06,0.0007495494115140088,-5.760651682507338e-06,-6.9612444438921755e-06,0.22285999889451288,-0.9999999998835847,5.0,-0.0027213547520008293,0.0027216088807632366,-1.271237587709512e-06,-6.9832364629989405e-06,0.2283328904963905,-3.0,5.0
0.32,4.153296240581967e-06,-2.4857086240027377e-06,0.0007238100944764929,-0.0006376041789163084,-2.3378936527360754e-06,4.3360946023172845e-06,0.0002495798693557047,-1.2293472325606997e-05,-8.516676377448476e-06,0.22468409890596075,1.0000000000582077,5.0,-0.0030907511197274732,0.0033672875351216927,-1.8826292968706656e-05,-1.0072108311004777e-05,0.23015639894030432,3.0,5.0
0.33,4.62420382871029e-06,-2.9679425887514892e-06,0.0006389065761840849,-0.0005702725433666232,-2.076934353584187e-06,4.179912923274649e-06,0.0007496037584889949,-7.3774079172565135e-06,-8.254071507092798e-06,0.22650795758611805,-0.9999999999708962,5.0,-0.0034382998953322707,0.003362522616080756,-2.46134350890603e-06,-7.991466636737121e-06,0.23197953362658996,-3.0,5.0
0.34,4.509807283342412e-06,-2.7404396344361792e-06,0.0005511775804811568,-0.0004958364359607412,-1.7863870580446264e-06,3.99343159061269e-06,0.0002496377582936046,-1.3447310105712063e-05,-9.496991695002527e-06,0.2283315307964704,1.000000000014552,5.0,-0.0036550591323881126,0.003848406819566277,-1.9517212294167613e-05,-1.0739911882912254e-05,0.23380225042752742,3.0,5.0
0.35000000000000003,4.8077392597032906e-06,-3.0451049869313593e-06,0.0004616101402759944,-0.00042563249250706926,-1.5030275094355412e-06,3.82124469014967e-06,0.0007496638248364768,-8.04013471516243e-06,-8.9002702846054e-06,0.23015477440320886,-0.999999999992724,5.0,-0.0038369982841101103,0.0036725531371085947,-2.632959324612799e-06,-8.30354887420827e-06,0.23562450522342424,-3.0,5.0
0.36,4.515839383735045e-06,-2.6366400784093018e-06,0.00037288314387488994,-0.0003514000466065702,-1.2009483426623595e-06,3.629915101022606e-06,0.00024969858270654374,-1.3602009580214802e-05,-9.794280578106877e-06,0.23197764427833767,1.000000000003638,5.0,-0.0038785848945851655,0.003979592581731973,-1.9163884445267173e-05,-1.0688290871608355e-05,0.23744625390372406,3.0,5.0
0.37,4.635411273396403e-06,-2.7608006881961244e-06,0.00028603066959972554,-0.0002844925242846296,-9.172097860076899e-07,3.4642501190127843e-06,0.0007497239617118512,-7.679691470199765e-06,-8.841028314810893e-06,0.2338000963007812,-0.999999999998181,5.0,-0.003879423782208629,0.0036208650514553157,-1.7573733601847314e-06,-7.887776051514911e-06,0.23926745236811173,-3.0,5.0
0.38,4.1680096522655605e-06,-2.1761554906378765e-06,0.0002037005224021624,-0.00021660077550873178,-6.25958305950301e-07,3.2907838958115326e-06,0.00024975659137648116,-1.2730761301331495e-05,-9.378271104788284e-06,0.23562208635749127,1.0000000000009095,5.0,-0.0037377684648105037,0.0037448395912581026,-1.7781831132463225e-05,-9.915513894765677e-06,0.24108805652762144,3.0,5.0
0.39,4.118619175569429e-06,-2.132262545876222e-06,0.00012681768072303912,-0.00015896503933391504,-3.6407453587732426e-07,3.154052013762392e-06,0.0007497784363156635,-6.312341881259971e-06,-8.07545635446683e-06,0.2374435703445538,-0.9999999999995453,5.0,-0.0035570813685086903,0.003206724907130066,1.0607753881155261e-07,-6.772641604145376e-06,0.24290802230574138,-3.0,5.0
0.4,3.4923635246363496e-06,-1.3913470042849255e-06,5.7844595146659274e-05,-0.00010310021756311608,-1.0529406097926487e-07,3.020078006769404e-06,0.0002498061912793915,-1.0892947892669152e-05,-8.277683850306866e-06,0.23926450416829545,1.0000000000002274,5.0,-0.0032394642145845646,0.0031588080661800024,-1.547355390407833e-05,-8.479911346146904e-06,0.2447273056395204,3.0,5.0
0.41000000000000003,3.297608037683908e-06,-1.2063992717597606e-06,-2.551978644414208e-06,-6.001112213955621e-05,1.1413761087398538e-07,2.93265709622429e-06,0.0007498219145539952,-4.039565402801323e-06,-6.661487849014158e-06,0.24108484374639017,-0.9999999999998863,5.0,-0.002892136823914288,0.0024599839557819174,2.8138170870665047e-06,-5.0452918477214505e-06,0.24654586248067425,-3.0,5.0
0.42,2.542596058055352e-06,-3.427785820609821e-07,-5.2235731328800494e-05,-2.0922311137437233e-05,3.213324345861138e-07,2.8568567944351592e-06,0.00024984242182848556,-8.23034422150818e-06,-6.578648131956232e-06,0.24290454500896508,1.0000000000000568,5.0,-0.00242078745211005,0.0022660151496394264,-1.2421123040215037e-05,-6.495808414898305e-06,0.2483636487966898,3.0,5.0
0.43,2.2384838280516216e-06,-5.6242817792353034e-08,-9.092754704140418e-05,3.5009089648460594e-06,4.81088456526775e-07,2.8353193809309453e-06,0.0007498499167760812,-1.0406784341596991e-06,-4.711828112149322e-06,0.24472356389970623,-0.9999999999999716,5.0,-0.0019359745957978774,0.0014389864376865844,6.1489873531887826e-06,-2.845008092342411e-06,0.25018062057192975,-3.0,5.0
0.44,1.395915577171695e-06,8.855089875538224e-07,-0.00011693249027971168,2.2415813184559594e-05,6.217365435145056e-07,2.8317855404670724e-06,0.000249861382357881,-4.956307788990162e-06,-4.418252542091724e-06,0.24654185637696424,1.0000000000000142,5.0,-0.0013464050323957468,0.0011374952770629805,-8.871937143820624e-06,-4.1246769720341265e-06,0.2519967338087382,3.0,5.0
0.45,1.028004972072365e-06,1.224859284370875e-06,-0.00013045759859210105,2.5573479366970266e-05,7.094445059599887e-07,2.8874237110668087e-06,0.0007498592077660126,2.4412143676979396e-06,-2.3852258074063066e-06,0.2483593784148589,-0.9999999999999929,5.0,-0.000765269594355746,0.00022604392793006096,9.838736524386042e-06,-3.52199072720889e-07,0.2538119445285429,-3.0,5.0
0.46,1.4686576173659332e-07,2.1927721765921864e-06,-0.00013032890620554661,2.2573557204759193e-05,7.740359633223151e-07,2.9643838896560247e-06,0.0002498605761243817,-1.3387749950271794e-06,-1.973705978329336e-06,0.25017608600438423,1.0000000000000038,5.0,-0.00010346287982293202,-0.00013482410181576014,-5.1187643577522985e-06,-1.5621861492523649e-06,0.2556262087729603,3.0,5.0
0.47000000000000003,-2.3344121320272427e-07,2.5308479745549465e-06,-0.00011729846812711083,3.6263196954820645e-06,7.832638112850262e-07,3.102159828875587e-06,0.0007498480871594276,6.118847283409367e-06,1.2626209024085073e-07,0.2519919351545124,-0.999999999999998,5.0,0.000524130312950974,-0.0010791763385263936,1.3576469561845914e-05,2.2262301588110373e-06,0.25743948260489696,-3.0,5.0
0.48,-1.1004010155187006e-06,3.469843779152209e-06,-9.075003188253959e-05,-2.120215713080659e-05,7.685962672761708e-07,3.2611776969598753e-06,0.0002498391406306387,2.3215875068371516e-06,5.52037510446598e-07,0.2538068818932977,1.000000000000001,5.0,0.001205454519837397,-0.001445588722288958,-1.4756722697350639e-06,9.778129306523453e-07,0.2592517221096537,3.0,5.0
0.49,-1.440109867219464e-06,3.7517364342754532e-06,-5.1994362306055766e-05,-6.123775169290456e-05,6.994560323490448e-07,3.4791944114736517e-06,0.0007498165543840151,9.684421356549411e-06,2.612993161185102e-06,0.25562088226897967,-0.9999999999999993,5.0,0.0018250254266312775,-0.0023678203303902495,1.704725520626167e-05,4.673948811923606e-06,0.2610628833960256,-3.0,5.0
0.5,-2.240768696015759e-06,4.608239234150781e-06,-9.631114124084846e-07,-0.0001059629399174651,6.08971260764668e-07,3.7149229638761503e-06,0.0002497979432430288,5.716299736325235e-06,2.947026377752385e-06,0.2574338923510857,1.0000000000000002,5.0,0.002470765985031919,-0.0026847212622181293,1.748178116101059e-06,3.2810595943196673e-06,0.2628729225974039,3.0,5.0
0.51,-2.489737135714384e-06,4.782848719169316e-06,6.050751249464524e-05,-0.0001642741818255988,4.681796112887263e-07,4.004467174355997e-06,0.0007497663324495459,1.2835295023172425e-05,4.865165145601302e-06,0.25924586823153367,-0.9999999999999998,5.0,0.003027752710019963,-0.0035309056266590744,1.9954290310019614e-05,6.783303913450218e-06,0.26468179587287755,-3.0,5.0
0.52,-3.1770041659607132e-06,5.509333202640185e-06,0.00013199413706266257,-0.00022525579513752925,3.117448133901262e-07,4.3049824223434704e-06,0.00024973953215166,8.554993369829932e-06,5.008051552885635e-06,0.2610567660257331,1.0000000000000002,5.0,0.003585043998181224,-0.003746645401034716,4.27469171648744e-06,5.150937960169968e-06,0.26648945940833135,3.0,5.0
0.53,-3.292207957716942e-06,5.533739874054878e-06,0.00021121318453795244,-0.00029744597596210895,1.121277544259993e-07,4.651144036655325e-06,0.0007497007466063711,1.5299598394129797e-05,6.690497526680374e-06,0.2628665418736865,-0.9999999999999998,5.0,0.004029406427507941,-0.004468517313370069,2.2044203418429658e-05,8.372943500475114e-06,0.2682958694175468,-3.0,5.0
0.54,-3.828061753419188e-06,6.092832880001894e-06,0.00029734802834843277,-0.0003696185234086066,-9.472777225506875e-08,4.99883916735948e-06,0.0002496679447890822,1.0590170783832204e-05,6.557895512622262e-06,0.26467515194109,1.0000000000000002,5.0,0.00445211121590763,-0.004539258984767091,5.880743173534612e-06,6.425293498564149e-06,0.2701009821433004,3.0,5.0
0.55,-3.777319220457102e-06,5.936040219737487e-06,0.00038778464027795214,-0.00045005575678539665,-3.352519858956644e-07,5.381663147666766e-06,0.0007496244660841141,1.6859608495678553e-05,7.930680505392403e-06,0.2664825524204325,-0.9999999999999998,5.0,0.004742617389756017,-0.005098367199935979,2.3129046207524902e-05,9.303465498162546e-06,0.27190475385846,-3.0,5.0
0.56,-4.136137190886898e-06,6.303823061113679e-06,0.0004814461686177226,-0.0005273360298028583,-5.725879521606954e-07,5.754635554581582e-06,0.00024958838788366076,1.1638692228727555e-05,7.460627924794654e-06,0.2682886995320954,1.0000000000000002,5.0,0.004995314672857332,-0.0049918954943172986,6.417775961776558e-06,6.9905753441969055e-06,0.27370714086708403,3.0,5.0
0.5700000000000001,-3.900970500400127e-06,5.949546707770929e-06,0.00057553457425658,-0.000609611200359472,-8.324691164232914e-07,6.1507164389480755e-06,0.0007495431287925162,1.7370881458455778e-05,8.47518599601858e-06,0.2700935495254506,-0.9999999999999998,5.0,0.005103143706742852,-0.005362985094221863,2.3103070688184004e-05,9.489744067242509e-06,0.27550809950551636,-3.0,5.0
0.58,-4.071858278535743e-06,6.1177683782659924e-06,0.0006688696285289222,-0.0006853973554835817,-1.0775743217418422e-06,6.524537483534526e-06,0.0002495068143551902,1.1598131926585805e-05,7.633629751995673e-06,0.2718970586799585,1.0000000000000002,5.0,0.005164267877865685,-0.005061587760481721,5.825382394715833e-06,6.792073507972765e-06,0.27730758614348217,3.0,5.0
0.59,-3.649237977739182e-06,5.566022712429954e-06,0.0007586332954325377,-0.0007628540727968415,-1.3334167228279757e-06,6.9089282074050134e-06,0.0007494628790218374,1.6775467697064983e-05,8.271238258340438e-06,0.27369918330626464,-0.9999999999999998,5.0,0.005075615808138981,-0.005234916100226908,2.195280346754416e-05,8.908846764685205e-06,0.27910555718518293,-3.0,5.0
0.6,-3.6371481709462907e-06,5.543021944659715e-06,0.0008437097323328265,-0.0008305754703158892,-1.5627051072693015e-06,7.258651728666691e-06,0.00024942943131877314,1.04565509526241e-05,7.055285379762847e-06,0.27549987974729584,1.0000000000000002,5.0,0.004939470380892197,-0.004737081560540827,4.1376342081832196e-06,5.839332501185255e-06,0.2809019690703895,3.0,5.0
0.61,-3.03995815139548e-06,4.810353496225578e-06,0.00092142889842522,-0.0008968683088735102,-1.79123386674655e-06,7.6069300690672905e-06,0.0007493898559425958,1.510801207454694e-05,7.329049082425016e-06,0.2772991043793558,-0.9999999999999998,5.0,0.004656925073533578,-0.004719457432658599,1.975947319646978e-05,7.602812785087185e-06,0.28269677827553574,-3.0,5.0
0.62,-2.8654871423917397e-06,4.620593782378681e-06,0.0009909040090517415,-0.0009505404131373853,-1.982240070659439e-06,7.909173493165535e-06,0.000249362179756191,8.294770063142439e-06,5.767633107882447e-06,0.27909681361321925,1.0000000000000002,5.0,0.004334385266723384,-0.0040402289087664075,1.4815280517379371e-06,4.206217133339878e-06,0.28448994131480954,3.0,5.0
0.63,-2.1216529233822757e-06,3.7389228226470124e-06,0.0010497708666187353,-0.0010001747208335991,-2.162283937769317e-06,8.199493962804405e-06,0.0007493296753852143,1.2494124764569221e-05,5.721809579008737e-06,0.28089296389522567,-0.9999999999999998,5.0,0.003876937144553604,-0.0038546693743921495,1.6693479465996004e-05,5.6759860501350284e-06,0.2862814147412449,-3.0,5.0
0.64,-1.8195144098100487e-06,3.4211602276610535e-06,0.0010975193845671823,-0.0010349123019025251,-2.2955913225206184e-06,8.434417412243746e-06,0.0002493102293721632,5.280845791646304e-06,3.873679913703504e-06,0.2826875117083721,1.0000000000000002,5.0,0.003394763705573435,-0.0030246068198068027,-1.9324331812766133e-06,2.025550248398272e-06,0.2880711551478113,3.0,5.0
0.65,-9.698496430871815e-07,2.4353088317419824e-06,0.001132225448979112,-0.001063719761978052,-2.409914784579819e-06,8.649375249003216e-06,0.0007492869485411808,9.141052249943026e-06,3.580366046099246e-06,0.28448041357340464,-0.9999999999999998,5.0,0.0027964323169674754,-0.002708621342791561,1.3001258708239749e-05,3.2870521784949876e-06,0.2898591191685023,-3.0,5.0
0.66,-5.861352629347805e-07,2.0395280925101836e-06,0.0011538735814299985,-0.0010761645037233813,-2.4708522348560065e-06,8.802390215703676e-06,0.00024927753147974303,1.6571069996156408e-06,1.5295325961931422e-06,0.28627162604990963,1.0000000000000002,5.0,0.00219523507866169,-0.0017714393253899412,-5.826838250711745e-06,-5.213008537129612e-07,0.2916452634794246,3.0,5.0
0.67,3.1892969522582286e-07,1.003624908101562e-06,0.0011610787252727553,-0.0010816734166439797,-2.507680199576923e-06,8.930537545148075e-06,0.0007492648787214557,5.32132813890068e-06,1.0829550082886655e-06,0.2880611057374034,-0.9999999999999998,5.0,0.0015024080683091444,-0.0013740668294791205,8.985549278185718e-06,6.363774203841892e-07,0.29342954479988465,-3.0,5.0
0.68,7.304883980209419e-07,5.869851576767926e-07,0.0011543978234670536,-0.001070298646432524,-2.4876412558262615e-06,8.993597157913108e-06,0.00024926646846068446,-2.2792580719861627e-06,-1.0680629901367234e-06,0.28984880927642087,1.0000000000000002,5.0,0.000833412228892184,-0.00038312920542700105,-9.879844282873004e-06,-3.2190809885621125e-06,0.2952119198934734,3.0,5.0
0.6900000000000001,1.6350353623088945e-06,-4.399654230903931e-07,0.001133039737409968,-0.001051966209676024,-2.4417433161311582e-06,9.03047852309558e-06,0.0007492649712952725,1.3506854531292489e-06,-1.559205247518174e-06,0.2916346933496038,-0.9999999999999998,5.0,0.00010110328857318673,3.903932148029901e-05,4.9806289782446605e-06,-2.0503475048996244e-06,0.29699234556915266,-3.0,5.0
0.7000000000000001,2.017502100133743e-06,-8.178470099653558e-07,0.0010981644202733864,-0.0010172313138746766,-2.3390110144793752e-06,9.002834680275295e-06,0.0002492776307350062,-6.200516053345155e-06,-3.6977870938926928e-06,0.29341871468278724,1.0000000000000002,5.0,-0.0005780254121729305,0.001025088091635368,-1.375171755981956e-05,-5.836368940267212e-06,0.2987707786823375,3.0,5.0
0.71,2.8647748879920163e-06,-1.7768690360037329e-06,0.001049580152756648,-0.0009765163668623623,-2.2122476189517325e-06,8.951447837109945e-06,0.000749286882871603,-2.437985735238881e-06,-4.119308476861184e-06,0.2952008300460852,-0.9999999999999998,5.0,-0.001290698913560853,0.0014125799547047393,1.3245445828673926e-06,-4.540829859829675e-06,0.30054717613597914,-3.0,5.0
0.72,3.162776337966668e-06,-2.0589069133266776e-06,0.0009890300209011134,-0.000920855758654998,-2.032248504105648e-06,8.839803862911935e-06,0.0002493097418452537,-9.775620508560211e-06,-6.132110100764745e-06,0.2969809962549754,1.0000000000000002,5.0,-0.0019206309422602418,0.0023346902210034342,-1.711325528188154e-05,-8.144911724668307e-06,0.30232149488164617,3.0,5.0
0.73,3.899966395952154e-06,-2.8960231640613655e-06,0.0009168767121333716,-0.0008611236230286316,-1.8335254059395737e-06,8.710438926245288e-06,0.0007493284243984649,-5.7224927468132046e-06,-6.3739133197254835e-06,0.2987591701713827,-0.9999999999999998,5.0,-0.002555379890726642,0.002630129868313763,-1.6693649850661982e-06,-6.6157165386862226e-06,0.30409369192060454,-3.0,5.0
0.74,4.064394710570299e-06,-3.0325091362895047e-06,0.0008353770739035815,-0.0007887688804837019,-1.5884832903641666e-06,8.528476424308467e-06,0.0002493597400488203,-1.2698104339923895e-05,-8.156437659949016e-06,0.3005353087047611,1.0000000000000002,5.0,-0.0030801058714370923,0.003433824559042166,-1.9673715933034586e-05,-9.938962000172546e-06,0.3058637243048961,3.0,5.0
0.75,4.647160528656604e-06,-3.703358989054781e-06,0.0007453557666469783,-0.0007150339792927128,-1.3331098390838294e-06,8.337938255818247e-06,0.000749385720070446,-8.218681362206587e-06,-8.121877361438494e-06,0.30230936881317483,-0.9999999999999998,5.0,-0.003584400394715173,0.0035868050447950147,-3.7392583844892773e-06,-8.087317062927971e-06,0.30763154913841617,-3.0,5.0
0.76,4.639412846810211e-06,-3.656253034219928e-06,0.0006494696963723241,-0.0006316818319579498,-1.0411201315462284e-06,8.105249347945843e-06,0.00024942301172045536,-1.4712287772623523e-05,-9.587431981281886e-06,0.3040813075043787,1.0000000000000002,5.0,-0.003956004536512596,0.004226841116968191,-2.120589418304046e-05,-1.1052986601125279e-05,0.3093971235779903,3.0,5.0
0.77,5.035748001184632e-06,-4.129963274853299e-06,0.0005488727797240203,-0.0005502075414900528,-7.496172252160471e-07,7.875520194506428e-06,0.0007494535108117345,-9.704948873107707e-06,-9.201674121705056e-06,0.305851081836896,-0.9999999999999998,5.0,-0.00428758787910666,0.004198275547568352,-4.69760997359189e-06,-8.815916262128225e-06,0.31116040483444807,-3.0,5.0
0.78,4.83113867169597e-06,-3.8762596045169875e-06,0.00044647292330991957,-0.0004625595707095969,-4.3321184669902455e-07,7.616026948828932e-06,0.0002494937589893159,-1.5635566535264047e-05,-1.0288951472535316e-05,0.3076186489210963,1.0000000000000002,5.0,-0.004470405080957324,0.00464259129293965,-2.1566184197420385e-05,-1.1376228823365577e-05,0.3129213501736971,3.0,5.0
0.79,5.024252925079217e-06,-4.138231077112257e-06,0.0003435909376746573,-0.00038034707957311574,-1.2966245150955232e-07,7.372474374889783e-06,0.0007495255787433861,-1.0041820789084358e-05,-9.505608811106097e-06,0.30938396592027106,-0.9999999999999998,5.0,-0.004601003585019275,0.004408169743807,-4.448075042904667e-06,-8.722266149676878e-06,0.3146799169177953,-3.0,5.0
0.8,4.6142988816704245e-06,-3.6721024431876674e-06,0.00024321340254564205,-0.0002955581860950244,1.860206700745656e-07,7.112461647875527e-06,0.0002495654724604091,-1.5374844413665414e-05,-1.0184230109921517e-05,0.31114699005170865,1.0000000000000002,5.0,-0.004574800760274519,0.004640774831878571,-2.070786803824647e-05,-1.086285140873694e-05,0.3164360624460215,3.0,5.0
0.81,4.604255372650321e-06,-3.7254622199823503e-06,0.00014664930279085115,-0.00021976594765449575,4.759456194370337e-07,6.8817366467005766e-06,0.000749595258503216,-9.18487000189617e-06,-8.989689676695682e-06,0.31290767858776763,-0.9999999999999998,5.0,-0.004492705607560495,0.004193222481245692,-2.99489559012693e-06,-7.795149243469848e-06,0.3181897441959446,-3.0,5.0
0.8200000000000001,3.9976260126398355e-06,-3.0589844364239698e-06,5.6782512656101245e-05,-0.0001448468577342865,7.652395165164254e-07,6.6476589518701194e-06,0.000249631470594094,-1.3935641480159552e-05,-9.263216012451882e-06,0.3146659888569486,1.0000000000000002,5.0,-0.004254605096493638,0.004215772052038342,-1.8686412958422934e-05,-9.536742348208083e-06,0.3199409196644914,3.0,5.0
0.8300000000000001,3.801578953891731e-06,-2.9245623128582333e-06,-2.52700310109579e-05,-8.218866098454369e-05,1.0164177667786007e-06,6.455457291211818e-06,0.0007496559934795614,-7.18979501253985e-06,-7.678261028486618e-06,0.3164218782449646,-0.9999999999999998,5.0,-0.003965892150444059,0.003565701196267498,-4.4394854492014885e-07,-6.093306044521355e-06,0.32168954640901254,-3.0,5.0
0.84,3.023611666238098e-06,-2.0869380146374955e-06,-9.690240811268238e-05,-2.3412254029521504e-05,1.2552780170503574e-06,6.271701621670998e-06,0.00024968546115445276,-1.1423006907470024e-05,-7.584382127607673e-06,0.31817530419581047,1.0000000000000002,5.0,-0.0035308573070193475,0.0033976027593110554,-1.5656218802400196e-05,-7.490503226728728e-06,0.32343558204834805,3.0,5.0
0.85,2.6746049076379724e-06,-1.8017487004648643e-06,-0.0001573562659274693,2.0415586102859442e-05,1.4452571410095975e-06,6.140575438965349e-06,0.0007497018906433063,-4.209119021586466e-06,-5.662933633693327e-06,0.31992622421283046,-0.9999999999999998,5.0,-0.0030591230655272663,0.0025728671456791354,3.0047688642970927e-06,-3.741485139778981e-06,0.32517898426389047,-3.0,5.0
0.86,1.7654070671410864e-06,-8.370748872441342e-07,-0.00020445788127844373,5.805397185073358e-05,1.6133075235914108e-06,6.027368229345442e-06,0.00024972207765144893,-8.034044754067244e-06,-5.270778860671599e-06,0.3216745958597842,1.0000000000000002,5.0,-0.0024589449353234322,0.00224989075176787,-1.1858970486548021e-05,-4.878624087649872e-06,0.3269197108006453,3.0,5.0
0.87,1.3098147825574809e-06,-4.514131161182564e-07,-0.00023794608913677273,7.886755532663091e-05,1.7242313210459297e-06,5.974773263020028e-06,0.0007497282271333465,-4.80671320412619e-07,-3.0958229526848163e-06,0.3234203767619114,-0.9999999999999998,5.0,-0.001843560132852071,0.0012934757822086677,7.072702113242006e-06,-9.208670446980331e-07,0.3286577194682928,-3.0,5.0
0.88,3.210926144613154e-07,5.848394517123485e-07,-0.00025619928899180616,9.208953687878728e-05,1.8065294110148475e-06,5.946410140433404e-06,0.00024973734515407403,-4.042566256379879e-06,-2.5005812182224983e-06,0.32516352460699494,1.0000000000000002,5.0,-0.0011244097862372938,0.0008649638385981207,-7.604461192347138e-06,-1.9053394837601803e-06,0.33039296814224556,3.0,5.0
0.89,-1.8510089377613395e-07,1.0114651098702488e-06,-0.0002595520864410349,8.759159129143234e-05,1.8267042549891195e-06,5.983156686933984e-06,0.0007497318651675548,3.6912917854124922e-06,-1.7758623159766425e-07,0.3269039971464225,-0.9999999999999998,5.0,-0.00041741730916401747,-0.0001684297671351113,1.1425149827204862e-05,2.14540875502717e-06,0.33212541476470503,-3.0,5.0
0.9,-1.194236764669703e-06,2.0569815321953786e-06,-0.00024701001132824036,7.513638846829035e-05,1.8150740228279194e-06,6.046708914104599e-06,0.00024972903517462045,2.2294617005658815e-07,5.071487923397509e-07,0.32864175219624614,1.0000000000000002,5.0,0.00036384965132317136,-0.0006435371363391631,-3.2453994452993163e-06,1.191883816277166e-06,0.3338550173457171,3.0,5.0
0.91,-1.690020421760828e-06,2.460749207525297e-06,-0.0002195531226438529,4.513648424609141e-05,1.7400379138972557e-06,6.175952875506897e-06,0.0007497115389810728,7.960836114620263e-06,2.8588047135893203e-06,0.33037674763824115,-0.9999999999999998,5.0,0.0011019496875977373,-0.0016919461603485202,1.5698726059183937e-05,5.210460634838889e-06,0.33558173396422625,-3.0,5.0
0.92,-2.657933067048345e-06,3.4515408937007867e-06,-0.00017683721185775953,7.895487622936582e-06,1.6338507990688448e-06,6.3305663081606645e-06,0.0002496968781227079,4.406296987250115e-06,3.51034987600474e-06,0.33210894142096226,1.0000000000000002,5.0,0.0018824420082256001,-0.002149951325822793,8.517578598799679e-07,4.16189503842016e-06,0.3373055227691255,3.0,5.0
0.93,-3.0823408105751736e-06,3.769648367377429e-06,-0.00012048369722954553,-4.564448218981818e-05,1.4668479391253954e-06,6.547433018464967e-06,0.0007496679877866093,1.1968962161435245e-05,5.767245198619678e-06,0.3338382915607985,-0.9999999999999998,5.0,0.0025876798582119727,-0.0031492780468431367,1.9531627335620375e-05,8.024140521234615e-06,0.3390263419803072,-3.0,5.0
0.9400000000000001,-3.9500266229428685e-06,4.6454368949601184e-06,-5.076720920238367e-05,-0.00010467290149178463,1.273178754198136e-06,6.784287010816361e-06,0.00024964261340775103,8.153251323805073e-06,6.264040726783015e-06,0.3355647561430269,1.0000000000000002,5.0,0.0033036938879170436,-0.003527035266429766,4.337540486174901e-06,6.760836254946353e-06,0.3407441498897122,3.0,5.0
0.9500000000000001,-4.247276424254649e-06,4.821422918348246e-06,3.0107752087594745e-05,-0.0001777742577890945,1.0249912617957077e-06,7.076168419254794e-06,0.0007496039213829024,1.537372030190366e-05,8.309056375661419e-06,0.3372882933228639,-0.9999999999999998,5.0,0.003913980322837679,-0.0044164272890110145,2.259418928000225e-05,1.0354072024539822e-05,0.3424589048623749,-3.0,5.0
0.96,-4.963374772410553e-06,5.530785897057364e-06,0.00012133180463988488,-0.00025370839545629494,7.581270135516371e-07,7.379107355657441e-06,0.00024956987069178716,1.1141458130079492e-05,8.540926966721267e-06,0.3390088613265148,1.0000000000000002,5.0,0.004506364851217009,-0.00465667975112755,6.9091959582553235e-06,8.772797557781116e-06,0.3441705653374675,3.0,5.0
0.97,-5.087642138644526e-06,5.5193906069675395e-06,0.00022022566634251052,-0.0003406833177105582,4.4626897911127905e-07,7.72661688251291e-06,0.0007495238189742689,1.7879308076110175e-05,1.0273205189346066e-05,0.3407264184522223,-0.9999999999999998,5.0,0.004966757394322955,-0.005383711156359173,2.4617158022140856e-05,1.2005483411970865e-05,0.3458790898293448,-3.0,5.0
0.98,-5.61287017756537e-06,6.024231919114339e-06,0.0003255755955784681,-0.0004271438605492922,1.266029957740889e-07,8.073410422175744e-06,0.0002494838899538815,1.3108100806947534e-05,1.0150804049274799e-05,0.3424409230713122,1.0000000000000002,5.0,0.005385969285367498,-0.005440005638323115,8.336893537784893e-06,1.0028402909203533e-05,0.3475844369285818,3.0,5.0
0.99,-5.532288175798731e-06,5.795379694961072e-06,0.00043437741006743574,-0.0005210515815927042,-2.260640385337632e-07,8.45192407698796e-06,0.0007494335758482617,1.9261679636488625e-05,1.1494474431594725e-05,0.3441523336292381,-0.9999999999999998,5.0,0.005653408916475543,-0.005965219412448183,2.5415258466029713e-05,1.2838144813914652e-05,0.3492865653030158,-3.0,5.0
1.0,-0.00010584291851103894,6.074337385623688e-06,0.0005451793479940391,-0.0006106791210399654,-5.736679563463826e-07,8.816058522477024e-06,0.00024939110173800275,1.387290994953304e-05,1.0957101831598147e-05,0.3458606086466237,1.0000000000000002,5.0,0.005863828542881628,-0.005805977873308997,8.484140262577454e-06,1.0419729231601568e-05,0.3509854336987805,3.0,5.0
1.01,-0.00020546245592997406,5.615893731937408e-06,0.001735231722696436,-0.001536894247722942,-7.223974660922044e-06,9.197720396599049e-06,0.0007487950256033157,0.0002693884572795068,0.0002618680208196978,0.34756570672030357,-0.9999999999999998,5.0,0.057930939712893106,-0.056086397323848576,0.0005249040046094805,0.0005127789398077975,0.35268100094134314,-3.0,5.0
1.02,-0.000304311649268137,4.624451823839446e-06,0.003980961183410088,-0.0032730736822720705,-2.013356150368451e-05,9.550577406430959e-06,0.0002479140370549379,0.0003256545311951486,0.0004481891346200107,0.3492675865243618,1.0000000000000002,5.0,0.10991245563977955,-0.10561780602095966,0.00038192060511079036,0.0006345102484203236,0.3543732259365365,3.0,5.0
1.03,-0.00040033515280236737,8.377997590162104e-07,0.007245957689446908,-0.005794204232359582,-3.925402633853597e-05,9.841140283964037e-06,0.0007465559898351819,0.0005280993543335798,0.0006487318395153399,0.35096620681116875,-0.9999999999999998,5.0,0.16114455349988838,-0.15446691545834135,0.0007305441774720109,0.000849274544410669,0.3560620676715896,-3.0,5.0
1.04,-0.0004935154829805138,-5.472703068868182e-06,0.011474376527255616,-0.009038352719774989,-6.440782583888927e-05,9.89378079532613e-06,0.00024489769659805604,0.0006068578656532741,0.0008386549221270834,0.3526615264124159,1.0000000000000002,5.0,0.21066019652383491,-0.20042970868113977,0.0006856163769729685,0.001028578004738827,0.3577474852161574,3.0,5.0
1.05,-0.0005818911917634718,-1.645836505688687e-05,0.016588678744316784,-0.012946897698002094,-9.541631815417729e-05,9.549920720197437e-06,0.0007428447213131909,0.0007649635505391585,0.0010241249769195138,0.35435350424014855,-0.9999999999999998,5.0,0.25731917772070373,-0.2436386146625032,0.0009230692354250428,0.001209595031711944,0.35942943772334657,-3.0,5.0
1.06,-0.0006655798447870575,-3.1694915617059004e-05,0.02249439699919316,-0.017426631420834362,-0.00013197762001883193,8.515811145141143e-06,0.00024052807595817936,0.0008398594038620935,0.001198696735178801,0.3560420992877968,1.0000000000000002,5.0,0.3002367676528661,-0.28199425490884844,0.0009147552571850284,0.0013732684934380885,0.36110788443074154,3.0,5.0
1.07,-0.0007427935119879929,-5.314188801808504e-05,0.029078709874585922,-0.022390670922610423,-0.00017379723503404103,6.524360863967123e-06,0.0007379132624980651,0.000954817770028426,0.0013642754281729436,0.3577272706312043,-0.9999999999999998,5.0,0.33839844387309015,-0.3157761201772709,0.0010697761361947585,0.001529854121167086,0.3627827846614268,-3.0,5.0
1.08,-0.0008138584805663146,-8.014805046920514e-05,0.03621597654634963,-0.027721177587915494,-0.00022046832784195384,3.1853575640569747e-06,0.00023510947891745772,0.0010080157324034503,0.0015159149229267462,0.3594089774296547,1.0000000000000002,5.0,0.37108617322301146,-0.3430713410492039,0.0010612136947784744,0.001667554417680549,0.36445409782500593,3.0,5.0
1.09,-0.0008772265267144294,-0.00011441546904867483,0.04376699782278801,-0.03331081547395137,-0.00027160456431413155,-1.8504929670150017e-06,0.000732118772805832,0.0010782642759401859,0.0016556674706841,0.3610871789268965,-0.9999999999999998,5.0,0.39748987075694264,-0.36438181955757515,0.0011485128194769216,0.0017954200184414537,0.36612178341862195,-3.0,5.0
1.1,-0.0009334898664430757,-0.00015501012252242699,0.05158514144589481,-0.03902593203382513,-0.0003267223325513344,-9.039428907421946e-06,0.00022903971681749403,0.001098329437209247,0.0017791494491150488,0.3627618344521656,1.0000000000000002,5.0,0.41712964844383904,-0.37804845657115566,0.001118394598478308,0.0019026314275459974,0.3677858010279727,3.0,5.0
1.11,-0.000981386972820844,-0.0002033318515308488,0.05951608370115612,-0.044748383911110974,-0.0003853752306836961,-1.8779002150392153e-05,0.0007258953316503359,0.0011224522818946865,0.0018889373038289271,0.36443290342120527,-0.9999999999999998,5.0,0.42946245688009865,-0.38485320663133465,0.001146575126580126,0.0019987251585428054,0.36944611032832425,-3.0,5.0
1.12,-0.0010218116748730815,-0.0002581312139222024,0.06740429491383594,-0.05033898096836705,-0.0004470375927665499,-3.1554719170594655e-05,0.00022277738352120032,0.001103298591803973,0.0019812331060948783,0.3661003453372847,1.0000000000000002,5.0,0.43429890487873063,-0.38343751697096906,0.0010841449017132592,0.002073528908360829,0.371102671085523,3.0,5.0
1.1300000000000001,-0.0010538127080028682,-0.0003204860707875973,0.07509301196844774,-0.055679466478112095,-0.000511239913789221,-4.777358167699878e-05,0.0007197186236008222,0.001081727208524218,0.0020592209106589845,0.36776411979221496,-0.9999999999999998,5.0,0.43140391414696416,-0.37489821097582493,0.0010601558252444632,0.0021372087152230906,0.37275544315700576,-3.0,5.0
1.1400000000000001,-0.001078596364491619,-0.00038882520877610034,0.08243081999154316,-0.06063600145484945,-0.0005774529190236485,-6.791031538828227e-05,0.00021680372063652333,0.0010220211866450138,0.0021197265423424246,0.36942418646736247,1.0000000000000002,5.0,0.4209071589631614,-0.35819934221495486,0.0009623151647658097,0.0021802321740258647,0.374404386492805,3.0,5.0
1.1500000000000001,-0.001095519471129119,-0.0004639117775839934,0.08927158310534235,-0.06510107028143926,-0.0006452231273211591,-9.234092377671255e-05,0.000714066489024519,0.0009579119993050363,0.0021665592756434414,0.37108050513466073,-0.9999999999999998,5.0,0.40289704839167023,-0.3347613343906551,0.0008938028119650587,0.002213392008944458,0.3760494611365556,-3.0,5.0
1.16,-0.001106085538935898,-0.0005438736315747299,0.09548084650738514,-0.06895677573071884,-0.0007140566457684355,-0.00012148936042414568,0.00021158213909400311,0.000860585234384037,0.0021971588589119375,0.3727330356576196,1.0000000000000002,5.0,0.37782436378489975,-0.30386598567955814,0.0007632584694630378,0.002227758442180433,0.37769062722649627,3.0,5.0
1.17,-0.0011099314061364582,-0.0006291932657287394,0.10093545247488744,-0.07211644422801465,-0.000783554049835694,-0.00015566194853287315,0.000709378669433269,0.0007600908426148926,0.0022159241326117607,0.3743817379923322,-0.9999999999999998,5.0,0.3460894341037823,-0.2672388636736625,0.0006595964508457482,0.002234689406311584,0.37932784499647004,-3.0,5.0
1.18,-0.0011088173872060949,-0.0007177442552530213,0.10552949836904923,-0.07448751466301148,-0.0008532930968658316,-0.00019519532735890472,0.0002075187374106619,0.0006317772190581276,0.0022208474821882058,0.37602657218847946,1.0000000000000002,5.0,0.30843911906024757,-0.22444776257948465,0.0005034635955013626,0.0022257708317646504,0.3809610747769213,3.0,5.0
1.19,-0.0011026083536646914,-0.0008097867878728627,0.1091733876419515,-0.07601263972111356,-0.0009229621480222176,-0.0002402925289480881,0.0007060191660605759,0.0005038499155890883,0.002216831597468186,0.37766749839033253,-0.9999999999999998,5.0,0.26554761427004087,-0.17747892623318456,0.0003759226121200491,0.002212815712748166,0.38259027699589165,-3.0,5.0
1.2,-0.0010932588985058688,-0.000903009053430322,0.11179911308234142,-0.07663198280685987,-0.0009922410740954121,-0.0002911729334231973,0.00020492713844259965,0.0003541664777877556,0.002202312984794682,0.3793044768377526,1.0000000000000002,5.0,0.21840749258815367,-0.1261298134718578,0.0002044830399864229,0.0021877943721211783,0.38421541218001276,3.0,5.0
1.21,-0.0010807901054431654,-0.0009975269878307344,0.11335853675475535,-0.07632365158270046,-0.0010609325565757663,-0.00034791066559083277,0.000704244443264726,0.0002099997543480504,0.0021825690000660015,0.3809374678671884,-0.9999999999999998,5.0,0.16790511873292094,-0.07258025421218042,6.583303090834522e-05,0.002162825015337321,0.38583644095549574,-3.0,5.0
1.22,-0.0010672711810473202,-0.0010909290288937195,0.11382782152970472,-0.07506526466579992,-0.001128840601682422,-0.00041058713472536456,0.0002040006590280863,5.065797827003956e-05,0.002156333013591413,0.3825664319126715,1.0000000000000002,5.0,0.11520697339336017,-0.01678086837395945,-0.00010868379780797127,0.0021300970271168245,0.3874533240491206,3.0,5.0
1.23,-0.0010527935432318057,-0.0011832783137446787,0.11320479607435135,-0.0728736075933532,-0.0011958992277177494,-0.00047913222718057167,0.0007041802522771193,-9.713810331852784e-05,0.0021290946992204474,0.3841913295068086,-0.9999999999999998,5.0,0.0613311251410901,0.038979295218703566,-0.00024493418490709526,0.0021018563848494817,0.38906602228922005,-3.0,5.0
1.24,-0.001039450692575146,-0.001272158909818061,0.11151242711935615,-0.0697653906394595,-0.0012620481969410255,-0.0005534797963328197,0.0002047942561730961,-0.00025335834879328676,0.0020997101832744025,0.38581212128177234,1.0000000000000002,5.0,0.007530477459955113,0.09468695662035494,-0.0004095785942680457,0.0020703256673283575,0.3906744966066634,3.0,5.0
1.25,-0.0010273114991579029,-0.0013576784765236237,0.10879520082388461,-0.06579608152239498,-0.0013273588101322836,-0.0006334118980384841,0.0007058091576082769,-0.0003917517815123223,0.0020736991856192648,0.3874287679702881,-0.9999999999999998,5.0,-0.04513790150572357,0.14803861382732214,-0.0005301452142313578,0.0020476881879641267,0.39227870803583526,-3.0,5.0
1.26,-0.0010184002582923003,-0.001437513928693518,0.10512160768631836,-0.06101984284964922,-0.0013919066953063392,-0.0007187173525941561,0.0002072179058534079,-0.0005321036072800604,0.002049853951489941,0.38904123040661986,1.0000000000000002,5.0,-0.09543068603758592,0.19905538321797267,-0.0006724554330477983,0.0020260087173606172,0.3938786177156153,3.0,5.0
1.27,-0.0010126711483052016,-0.0015119125067034826,0.10057955365803856,-0.05552756472756152,-0.00145589467070364,-0.0008090390165504873,0.0007089699717498146,-0.0006487064705429989,0.0020335371578582657,0.3906494695275528,-0.9999999999999998,5.0,-0.14234909889351743,0.24551662161651613,-0.0007653093338059374,0.0020172203642265904,0.3954741868903516,-3.0,5.0
1.28,-0.0010119904277002688,-0.0015787348485782058,0.09527791254107275,-0.04940603941521042,-0.0015195226755039992,-0.0009040352810290911,0.0002110421306825423,-0.0007615735430884533,0.0020232935812984376,0.3922534463733729,1.0000000000000002,5.0,-0.1847559251563562,0.28757335390624883,-0.0008744406156339078,0.0020130500047386094,0.3970653769108331,3.0,5.0
1.29,-0.0010161139649477184,-0.0016384525184792152,0.08934106229555094,-0.042775284848022274,-0.0015831079093673265,-0.0010032301170742807,0.0007133693142332388,-0.0008456808948785025,0.002024152673926063,0.3938531220888447,-0.9999999999999998,5.0,-0.2218044082890228,0.323179477038827,-0.0009297882466685517,0.002025011766553688,0.39865214923526027,-3.0,5.0
1.3,-0.0010266733807944425,-0.0016891866538131623,0.0829096392337189,-0.0357470792612889,-0.0016469522327171215,-0.0011061771249804807,0.000215915378455107,-0.0009215857126698649,0.0020342467438877803,0.39544845792418626,1.0000000000000002,5.0,-0.25255237009500536,0.3527018100603124,-0.0009974905304612274,0.002044340813849498,0.40023446543021096,3.0,5.0
1.31,-0.001043158318234543,-0.0017317002736811648,0.07613437012885513,-0.028461727757291836,-0.001711460023731922,-0.0012123118526237077,0.0007186044900803893,-0.0009650938980444009,0.0020581217660141614,0.39703941523604114,-0.9999999999999998,5.0,-0.2763872836253588,0.37434702451752444,-0.0010086020834189368,0.0020819967881405424,0.40181228717160566,-3.0,5.0
1.32,-0.0010669080259411807,-0.001764431014957288,0.06917623175699043,-0.021046135390901687,-0.0017770035939138566,-0.0013211177897840313,0.00022139194983952911,-0.0009975344650832538,0.0020933653540828176,0.3986259554884479,1.0000000000000002,5.0,-0.2926357148290705,0.38876660984721856,-0.0010299750321221067,0.0021286089421514733,0.40338557624566823,3.0,5.0
1.33,-0.0010970996597132769,-0.0017884769593667887,0.06219981123031318,-0.01365021804263699,-0.0018440394022409127,-0.0014319802600711471,0.0007241959156645838,-0.0009956566237278278,0.0021439287263322476,0.4002080402538073,-0.9999999999999998,5.0,-0.3009829550956958,0.39447800926566345,-0.0009937787823724015,0.0021944920985816773,0.4049542945498854,-3.0,5.0
1.34,-0.0011347463646708576,-0.0018026224504462166,0.05537312746884556,-0.006404733906155699,-0.0019129722068651346,-0.0015443535816043734,0.00022696826532396768,-0.0009817007813379087,0.0022067669677001303,0.40178563121384603,1.0000000000000002,5.0,-0.3010763700373332,0.3924631987963718,-0.0009677449389479897,0.002269605209068013,0.40651840409396217,3.0,5.0
1.35,-0.0011786924083755992,-0.0018083167072405044,0.04886079524535031,0.0005424272364310109,-0.0019842704237238882,-0.0016576156905547307,0.0007296264892101056,-0.000933414628434966,0.0022851741697521113,0.40335869016057824,-0.9999999999999998,5.0,-0.2929384109993341,0.3815829754419074,-0.0008851284755320233,0.0023635813718040927,0.40807786700077486,-3.0,5.0
1.36,-0.0012296182856927585,-0.0018046922837878074,0.04282379728697718,0.007068410720182785,-0.0020583298519437853,-0.0017712355802113398,0.00023212452701048452,-0.0008739997758360383,0.0023754374785009704,0.4049271789972643,1.0000000000000002,5.0,-0.27656295084081806,0.3631683689456894,-0.0008145849232371106,0.0024657007872498295,0.4096326455073226,3.0,5.0
1.37,-0.0012860429183042376,-0.0017935363359095546,0.03741274793482569,0.013038981687283211,-0.0021355890474048264,-0.0018846277406260991,0.0007343846805242666,-0.0007821851633605934,0.002480186344606654,0.4064910597393664,-0.9999999999999998,5.0,-0.2523210360344524,0.3364275922056034,-0.0006903705508851484,0.0025849352107123373,0.41118270196567264,-3.0,5.0
1.3800000000000001,-0.0013483357207152928,-0.001774301899571897,0.03276791277725655,0.01835044332963796,-0.002216393507091742,-0.0019973189521628955,0.00023636833448685514,-0.0006820946714928475,0.0025950607096089304,0.4080502945155019,1.0000000000000002,5.0,-0.2205498683097164,0.3030300988540152,-0.0005820041796251015,0.0027099350746112067,0.4127279988439084,3.0,5.0
1.3900000000000001,-0.001414725507695951,-0.0017490722953547226,0.029012863555887204,0.022892855085312552,-0.002301111938987179,-0.002108801628421805,0.000738007755490131,-0.0005533444435218751,0.0027220741243859994,0.4096048455683931,-0.9999999999999998,5.0,-0.18195126270551634,0.2625063182769632,-0.0004245942155509027,0.0028490875391630685,0.41426849872706667,-3.0,5.0
1.4000000000000001,-0.0014853188714893972,-0.0017175660104714451,0.026255025491342007,0.026591473281890494,-0.0023900017642236528,-0.002218699081895482,0.00023927660103934955,-0.0004208586365055228,0.0028562952381433774,0.411154675255815,1.0000000000000002,5.0,-0.13717354982529173,0.2168247901543135,-0.00028837282948917045,0.0029905163519007554,0.41580416431808076,3.0,5.0
1.41,-0.001558114867501903,-0.0016820953113560024,0.02457998612389605,0.02936938994822934,-0.0024833271013218403,-0.0023266169371065344,0.0007401214893102963,-0.00026497387007597784,0.0029992233691876484,0.4126997460515395,-0.9999999999999998,5.0,-0.0872033203107437,0.16578541709467826,-0.00010908910364643287,0.0031421515002319194,0.4173349584387128,-3.0,5.0
1.42,-0.0016330285109733157,-0.0016425660648338024,0.024052809873078746,0.0311883038251899,-0.0025812263457457006,-0.0024323061025624117,0.00024053220885922528,-0.00011122070707826512,0.0031454813264578455,0.41424002054627695,1.0000000000000002,5.0,-0.03294112376700726,0.1115906975841667,4.2532455919447586e-05,0.0032917392837280425,0.41886084403048934,3.0,5.0
1.43,-0.0017079098105003175,-0.0016014321329683029,0.024713211983212788,0.03201041282159371,-0.0026838325532092294,-0.002535511572208767,0.0007404729678206868,5.957164565748192e-05,0.0032962009458188278,0.4157754614486151,-0.9999999999999998,5.0,0.024412345160314573,0.05423378657207782,0.00023036399839322893,0.00344692056517981,0.4203817841556296,-3.0,5.0
1.44,-0.0017825707436365252,-0.0015586919145819456,0.026577818454759105,0.03183837718714554,-0.002791143691482464,-0.0026361325206918844,0.00023995223612379487,0.0002215154595869252,0.003445724289796087,0.41730603158595425,1.0000000000000002,5.0,0.08378533935052235,-0.003934639372789157,0.00038345927351636847,0.003595247633773346,0.42189774199797175,3.0,5.0
1.45,-0.0018548068208229806,-0.0015168404743989543,0.029636346204906953,0.030676359295079052,-0.002903145914536716,-0.0027340680220530934,0.0007389536119650345,0.0003935604779462551,0.0035949957866422914,0.4188316939054404,-0.9999999999999998,5.0,0.1438527910894211,-0.06282176697015508,0.000565605496305585,0.003744267283488495,0.4234086808638987,-3.0,5.0
1.46,-0.0019244255827733803,-0.0014758648877314503,0.03385490921247076,0.02856910701667589,-0.0030196868641792305,-0.0028293739198738815,0.00023750525585496986,0.0005497455076003744,0.003738268105396879,0.42035241147489444,1.0000000000000002,5.0,0.2034683601666375,-0.12002822499949387,0.0007059305372544936,0.0038815404241514663,0.42491456418325646,3.0,5.0
1.47,-0.001989268638350546,-0.0014381962743920888,0.03917326305500621,0.02556210498733143,-0.003140602089643653,-0.0029221052456536467,0.0007356103455745919,0.0007090926069045442,0.0038764969305842313,0.42186814748373946,-0.9999999999999998,5.0,0.2612840896837755,-0.17546485294769482,0.000868439706208714,0.004014725755771584,0.42641535551027465,-3.0,5.0
1.48,-0.002049239570730434,-0.0014037061594172652,0.0455091712217037,0.021739779465877178,-0.003265591524448826,-0.0030124697826546545,0.000233316093797923,0.0008458614547177344,0.004004047363230307,0.423378865243924,1.0000000000000002,5.0,0.3161832986228699,-0.22678856669019706,0.0009826303025309245,0.004131597795876382,0.42791101852447755,3.0,5.0
1.49,-0.002102324323945944,-0.0013746606205383269,0.05275668317154414,0.017184799725273498,-0.0033943490440658704,-0.003100667241819135,0.0007306437981609841,0.0009794374372446208,0.004122087086018508,0.4248845281908425,-0.9999999999999998,5.0,0.366899977299117,-0.27401830352101975,0.001113013419771507,0.0042401268088067086,0.429401517031598,-3.0,5.0
1.5,-0.002148616425113404,-0.0013507198229359282,0.06079148548879697,0.012015479839380396,-0.0035264419770973045,-0.003187039715952383,0.00022765746841465736,0.001084581180585577,0.004225289038360233,0.426385099884253,1.0000000000000002,5.0,0.41245031255526665,-0.31496896335692587,0.001189724923926533,0.004328490990701957,0.4308868149644845,3.0,5.0
1.51,-0.002186333703952931,-0.0013338963415003814,0.0694700949492853,0.00634434110410208,-0.003661443528627677,-0.0032719079454082553,0.0007243935131133758,0.001181305620004507,0.004315218803193452,0.4278805440091914,-0.9999999999999998,5.0,0.4517496300109454,-0.3498643614442934,0.001278030059423437,0.004405148568026672,0.4323668763840067,-3.0,5.0
1.52,-0.0022158389355535968,-0.001323559789844674,0.07863603502216229,0.0003148550234096364,-0.003798814926680363,-0.0033557191243504133,0.00022092903510801407,0.001245114191127994,0.004387029559083965,0.42937082437688273,1.0000000000000002,5.0,0.4840404245140766,-0.3767671652014506,0.0013089227622514808,0.004458840314974477,0.4338416654799567,3.0,5.0
1.53,-0.0022356511584180998,-0.0013214010550079518,0.08811974655033263,-0.005940558418316472,-0.003938040193109831,-0.003438880838597671,0.0007173112279550286,0.0012968622209263113,0.0044428399491130005,0.43085590492564907,-0.9999999999999998,5.0,0.508504832719607,-0.39618690811767165,0.0013486102507246289,0.004498650339142037,0.435311146571948,-3.0,5.0
1.54,-0.0022464602021689878,-0.0013264435378090196,0.09774535821522631,-0.012264244683714636,-0.004078510298215348,-0.0035219069155348467,0.00021362542711236973,0.0013129785928306364,0.004478417908766999,0.43233574972181454,1.0000000000000002,5.0,0.5246873066266547,-0.4065041512223335,0.0013290949647349617,0.004513995868420999,0.43677528411031086,3.0,5.0
1.55,-0.0022471313012191385,-0.0013400145628997373,0.10733105411272764,-0.018515655683790766,-0.004219659555569666,-0.003605249821010496,0.0007099243148844387,0.001315307716276943,0.00449654602823072,0.43381032296060695,-0.9999999999999998,5.0,0.532100949046913,-0.4085720012932266,0.0013176368397232498,0.004514674147694441,0.43823404267698424,-3.0,5.0
1.56,-0.00223871246638032,-0.001360764210727608,0.116696153433366,-0.024535277348926073,-0.004360850979320901,-0.003689445419140679,0.0002062958363768751,0.0012813110585907957,0.0044936917459901665,0.4352795889670562,1.0000000000000002,5.0,0.5306433941202632,-0.401133188598305,0.0012473144009046483,0.004490837463749612,0.43968738698640397,3.0,5.0
1.57,-0.0022204316388102266,-0.001389644577881226,0.1256616320085423,-0.030187053253132964,-0.004501513432078507,-0.0037749447560944745,0.0007027923294421588,0.0012338873451886833,0.004473358229453259,0.43674351219688945,-0.9999999999999998,5.0,0.5201958328645747,-0.38541405897298137,0.001186463631786571,0.004453024712916351,0.4411352818863893,-3.0,5.0
1.58,-0.0021936964538200785,-0.001424936553885723,0.13405719637957753,-0.03532226112855767,-0.0046410272665641985,-0.0038622587000339253,0.00019949842730528457,0.0011515521434309894,0.004432739539662252,0.43820205723742317,1.0000000000000002,5.0,0.5010312177840983,-0.3605338390247151,0.0010692169416732953,0.004392120849871246,0.44257769235902433,3.0,5.0
1.59,-0.0021580837987047502,-0.001467236953639167,0.14172163915788905,-0.039821751902141544,-0.004778861279834741,-0.003951790104224304,0.0006964602379940734,0.0010582356422626465,0.004376056249634634,0.4396551888084515,-0.9999999999999998,5.0,0.4734054062187526,-0.3280906924057614,0.0009649191410943038,0.004319372959607015,0.44401458352153644,-3.0,5.0
1.6,-0.0021153321527458916,-0.0015144929266465072,0.14850958872675418,-0.0435595110632327,-0.004914457683991581,-0.004043979320916869,0.00019375335833072876,0.0009334403809669731,0.004301195434353217,0.44110287176313173,1.0000000000000002,5.0,0.43795744162705147,-0.2875630928258376,0.0008086451196712998,0.004226334619071801,0.44544592062717236,3.0,5.0
1.61,-0.0020653240516552715,-0.0015669963192351574,0.15429138780677745,-0.04644445774618497,-0.005047367923010956,-0.004139137717962197,0.0006914122249294543,0.000802017779523231,0.004213031523276425,0.4425450710888662,-0.9999999999999998,5.0,0.39529289967299996,-0.24088819886671287,0.000670595178079489,0.004124867612199632,0.44687166906606957,-3.0,5.0
1.62,-0.0020100718168320993,-0.0016224247552775871,0.15895922295126136,-0.04838344976697129,-0.005177136060370207,-0.004237595000456425,0.00018949835656728792,0.0006443059964078621,0.004110052248319073,0.4439817519081811,1.0000000000000002,5.0,0.34637666399786776,-0.18785592010112667,0.0004865942132924932,0.0040070729733617215,0.4482917943661258,3.0,5.0
1.6300000000000001,-0.0019496940347839397,-0.0016808419666909048,0.1624262516034231,-0.04932242094666533,-0.005303432597429159,-0.004339534954300071,0.0006880299860782239,0.00048588815658038393,0.00399766648000048,0.4454128794796013,-0.9999999999999998,5.0,0.2921092192227066,-0.1306805166330552,0.0003274703167529058,0.003885280711681887,0.44970626219386184,-3.0,5.0
1.6400000000000001,-0.0018863960579387678,-0.0017397440081791114,0.16463186375115743,-0.04920863221433258,-0.005425935486557661,-0.004445145369788102,0.00018705063046369733,0.00030771405279729925,0.0038748184669597295,0.4468384191985225,1.0000000000000002,5.0,0.23371297829446103,-0.0693885684737552,0.00012953994901421457,0.003751970453918979,0.4511150383552862,3.0,5.0
1.6500000000000001,-0.001820442127971723,-0.0017990637731497459,0.16553984234397456,-0.04803097811631391,-0.005544461246505285,-0.00455445670969255,0.0006865590908453047,0.00013584458480116654,0.0037472855281069873,0.44825833659807945,-0.9999999999999998,5.0,0.1723028722332387,-0.006385290464078264,-3.6024883194966115e-05,0.0036197525892542447,0.45251808879675026,-3.0,5.0
1.6600000000000001,-0.0017541324910162164,-0.0018562203501867882,0.1651425792509538,-0.04578134725012878,-0.005658842998815711,-0.004667495220353885,0.0001865784233963262,-4.8437551545931916e-05,0.003614283937902561,0.4496725973500108,1.0000000000000002,5.0,0.10926784513350239,0.058161853484398326,-0.00023271968789303034,0.0034812823476981346,0.45391537960580486,3.0,5.0
1.67,-0.001687773184195846,-0.0019111255633262436,0.1634581324760243,-0.04249399665941592,-0.005769058393759706,-0.004784124984665699,0.00068708636467726,-0.00021889148426698047,0.003481760243064901,0.4510811672655209,-0.9999999999999998,5.0,0.04583759068415486,0.12176016258965427,-0.00038934541698802905,0.0033492365482272416,0.4553068770120512,-3.0,5.0
1.68,-0.0016236519195371422,-0.0019612341849359247,0.16053330432670052,-0.03820595812184097,-0.0058751043104876164,-0.004904204545262366,0.0001880847436592538,-0.00039421233462575876,0.00334899289972339,0.45248401229613744,1.0000000000000002,5.0,-0.016538738674082454,0.18421030658186072,-0.0005695331849845371,0.0032162255563818786,0.456692547387987,3.0,5.0
1.69,-0.0015620077784184712,-0.002006550138200599,0.1564395500605861,-0.032995456381008356,-0.005977121369335713,-0.005027432523409644,0.0006895303546710516,-0.0005482964125276373,0.0032218815739120084,0.4538810985345658,-0.9999999999999998,5.0,-0.07662744736976337,0.24304439936914138,-0.0007023804904295156,0.003094770248100627,0.45807235724985096,-3.0,5.0
1.7,-0.0015050081524898213,-0.002044675176828045,0.15127492090746894,-0.026941377450980866,-0.006075265212566305,-0.005153507786874256,0.00019140481411933667,-0.0007001335900595919,0.003099549052568176,0.4552723922155406,1.0000000000000002,5.0,-0.13303206316364202,0.2981444772094314,-0.0008519707675915466,0.0029772165312243436,0.45944627325846504,3.0,5.0
1.71,-0.0014527206298744798,-0.0020758123830501903,0.1451588750779007,-0.02016078699754551,-0.0061698276636754,-0.005281978517164263,0.0006936458658119205,-0.0008240673683008652,0.002987633118082509,0.45665785971667244,-0.9999999999999998,5.0,-0.1846275336207391,0.34717924692589175,-0.0009480011465421386,0.0028757171835968424,0.460814262220068,-3.0,5.0
1.72,-0.0014070932241584916,-0.002097811020533926,0.1382331841176305,-0.012767556210911983,-0.0062611047928460405,-0.005412405655820687,0.00019621764849842742,-0.0009396788567136272,0.0028848932951655725,0.45803746755929176,1.0000000000000002,5.0,-0.23018008553309904,0.39022006207166304,-0.0010552903451263892,0.002782153472248636,0.46217629108714975,3.0,5.0
1.73,-0.0013679305831100328,-0.002111165156338842,0.1306557905550404,-0.0049091133807521,-0.0063495150675646865,-0.005544215009635269,0.0006990423816319601,-0.0010220353484033653,0.0027965097366048357,0.45941118240928946,-0.9999999999999998,5.0,-0.2687783584950439,0.42517403727013814,-0.0011043918400931035,0.0027081261780440994,0.4635323269592825,-3.0,5.0
1.74,-0.0013368794904701363,-0.002114052684286861,0.12260086493195597,0.0032756046766310217,-0.0064354646809750725,-0.005676863428548646,0.00020207097470765383,-0.001091559921769499,0.002720699023623873,0.46077897107795285,1.0000000000000002,5.0,-0.2994491022613815,0.4523953275608137,-0.0011610844951356327,0.00264488831064291,0.4648823370839431,3.0,5.0
1.75,-0.0013134111929205118,-0.002107327280452865,0.11425193684136042,0.011619968228641721,-0.006519463296694989,-0.005809693276193794,0.0007052150086921857,-0.0011242630432146876,0.0026620239702693726,0.46214080052279927,-0.9999999999999998,5.0,-0.3215831294072239,0.47011257484868324,-0.0011569661646598762,0.0026033489169148723,0.46622628885733863,-3.0,5.0
1.76,-0.0012988137421335072,-0.0020895500582156883,0.10580136427506949,0.01997215038835999,-0.006601987355791423,-0.005942100554253395,0.00020841758832602236,-0.0011415929364198669,0.002618021989733936,0.4634966378484048,1.0000000000000002,5.0,-0.3345449153315967,0.47903366132449215,-0.0011589228296250463,0.0025740200091985002,0.46756414982522143,3.0,5.0
1.77,-0.001292181744453057,-0.002061973604429338,0.09744302929403503,0.028159259629323717,-0.006683594230004785,-0.006073390856497366,0.0007115855083122505,-0.0011206460878905524,0.002592528857900284,0.46484645030723004,-0.9999999999999998,5.0,-0.3380916596193237,0.47776590391473245,-0.001099699239361238,0.002567035726066632,0.46889588768370594,-3.0,5.0
1.78,-0.0012944165552717718,-0.0020235653277023103,0.08937153458725484,0.03603001456094668,-0.006764784403514317,-0.006202948479048791,0.00021466022786123084,-0.0010839950840227884,0.0025823221466575717,0.4661902053004422,1.0000000000000002,5.0,-0.3319753409340358,0.4674129778558319,-0.0010473440801550245,0.0025721154354148594,0.47022147028007855,3.0,5.0
1.79,-0.0013042241476681608,-0.0019759829732226356,0.08177479582995469,0.04341891282106843,-0.006846114994328853,-0.0063300928384001625,0.0007175500935869547,-0.0010098756180592552,0.0025904608515150366,0.4675278703787328,-0.9999999999999998,5.0,-0.31635373438318876,0.44698686492501494,-0.0009357561520957218,0.0025985995563725015,0.47154086561360464,-3.0,5.0
1.8,-0.0013221235226136584,-0.0019185894137344409,0.07483330777085329,0.05018879783060279,-0.006928061814347827,-0.006454247510246058,0.0002202013035681674,-0.0009219903503417456,0.002612945156291643,0.46885941324313246,1.0000000000000002,5.0,-0.29138409007847854,0.41799628582156767,-0.0008341050826242359,0.002635429461068249,0.47285404183633145,3.0,5.0
1.81,-0.0013464527173282824,-0.0018534197517262759,0.06871297869312538,0.05619477654379238,-0.007011133285263454,-0.0065747960383949235,0.0007225300523244342,-0.000799671965045647,0.0026520725174612354,0.4701848017458215,-0.9999999999999998,5.0,-0.257625616567815,0.37985009000222725,-0.0006773535797495483,0.002691199878630828,0.47416096725388857,-3.0,5.0
1.82,-0.001377385106513619,-0.001780188021260438,0.06356480726327618,0.061326396250097524,-0.007095733404566745,-0.006691249835915753,0.0002244933506968577,-0.0006676636122107484,0.002703113663955397,0.47150400389093683,1.0000000000000002,5.0,-0.21562464714590068,0.3344372428944804,-0.0005356552593758498,0.002754154810449559,0.47546161032628276,3.0,5.0
1.83,-0.0014129428845158288,-0.001701246697735527,0.0595182889047402,0.06547104083635087,-0.007182277063202488,-0.00680310234810776,0.0007260209629700173,-0.000506259577708986,0.0027676843502951985,0.47281698783537474,-0.9999999999999998,5.0,-0.16630881279379522,0.28152206308513117,-0.0003448555432072236,0.0028322550366349994,0.47675593966868857,-3.0,5.0
1.84,-0.001453020262266446,-0.0016165864679514234,0.056681814744080294,0.06855546467126654,-0.0072710548829212265,-0.006909994830658756,0.00022708595917435574,-0.0003410648497675058,0.0028404361237157724,0.4741237218895906,1.0000000000000002,5.0,-0.11056427681857188,0.2233165237675228,-0.00017587012182602562,0.0029131878971363464,0.4780439240522383,3.0,5.0
1.85,-0.0014954031172717268,-0.001528789619886927,0.05513693604942937,0.07050843726404121,-0.0073623508385502945,-0.007011567954090934,0.0007276363301455715,-0.00015311687688681434,0.0029224416247371717,0.4754241745183939,-0.9999999999999998,5.0,-0.04962252523379508,0.15986843675052398,3.483109599387705e-05,0.0030044471257585715,0.4793255324048038,-3.0,5.0
1.86,-0.0015397974950586257,-0.0014380246395718206,0.054939740018910416,0.07130143198830666,-0.007456309787497817,-0.0071076246388653555,0.00022766516970793764,3.137140112711038e-05,0.003007897386995024,0.47671831434173983,1.0000000000000002,5.0,0.015369072178047324,0.09362748680177711,0.00021585967914103507,0.0030933531492528766,0.48060073381177765,3.0,5.0
1.87,-0.0015838535822133763,-0.0013469954904047842,0.0561161900182051,0.070910349235244,-0.00755305811746766,-0.007197978391732554,0.0007271418790466619,0.00023090358787167988,0.0030975193908978084,0.4780061101355171,-0.9999999999999998,5.0,0.08296629008247211,0.024828072571398463,0.0004304357746162494,0.003187141394800593,0.4818694975168488,-3.0,5.0
1.8800000000000001,-0.0016271974512084473,-0.0012559332565852154,0.0586646540748234,0.06935522623279268,-0.007652574573032529,-0.007282612614474039,0.00022608190603417688,0.0004189675386177205,0.003185254107808989,0.47928753083233155,1.0000000000000002,5.0,0.15186232120485266,-0.04394895875831219,0.0006070314893637611,0.003272988824720169,0.48313179292277497,3.0,5.0
1.8900000000000001,-0.0016674571210786914,-0.0011675436964980234,0.06255245089889291,0.06666094418566111,-0.007754814404205659,-0.007361525228319784,0.0007244774837120982,0.0006139348325947893,0.0032716801010688715,0.480562545522286,-0.9999999999999998,5.0,0.2205105462541304,-0.1123966287004647,0.0008089021265718582,0.0033581060943287536,0.48438758959214934,-3.0,5.0
1.9000000000000001,-0.0017042951819666477,-0.0010819984327527466,0.06771961212078602,0.06289590618967604,-0.007859583825040796,-0.007434884162313049,0.00022236689038072845,0.000789332437005578,0.0033507227774295105,0.4818311234537561,1.0000000000000002,5.0,0.2875613695719745,-0.17792203471741122,0.0009647300414163666,0.00342976545379015,0.48563685724816646,3.0,5.0
1.9100000000000001,-0.001735434500590669,-0.001001883343165829,0.07407666413221697,0.05813171827548235,-0.007966667849505093,-0.007502868128863683,0.0007197647055345184,0.0009637425452805691,0.003423057260559242,0.4830932340341625,-0.9999999999999998,5.0,0.3514863090530007,-0.2402673435859894,0.0011381526535555603,0.003495391743688973,0.4868795657753815,-3.0,5.0
1.92,-0.0017606892535635141,-0.0009271918706784963,0.08150960211374488,0.052480868763827765,-0.008075708415061932,-0.007565818315876558,0.0002167305942718336,0.0011110709846016734,0.0034828219363368627,0.4843488468307382,1.0000000000000002,5.0,0.4110148731967989,-0.296949385914446,0.0012583994239227778,0.003542586612114483,0.4881156852204652,3.0,5.0
1.93,-0.0017779878306411903,-0.0008602767806263585,0.08987883385400504,0.046055459585454345,-0.008186335783546925,-0.007624075499264393,0.0007132991045197121,0.0012504402187612897,0.00353101764982457,0.4855979315712931,-0.9999999999999998,5.0,0.46475740405548305,-0.3478787518694331,0.0013898094529209057,0.0035792133633122773,0.4893451857929578,-3.0,5.0
1.94,-0.001787399905627192,-0.0008008480208856862,0.09902524103557751,0.039004005161978314,-0.008298050053685214,-0.007678128283545786,0.00020954801951589275,0.0013564474609661125,0.0035622151641468334,0.48684045814497384,1.0000000000000002,5.0,0.5116394363198049,-0.3907962343131293,0.0014624547031709353,0.0035934126784690967,0.4905680378660161,3.0,5.0
1.95,-0.0017871542926866286,-0.000750930125385322,0.10877011209063375,0.03146937159341524,-0.008410355701936123,-0.007728447048726914,0.0007055277592050178,0.00144904411612918,0.003577945973031272,0.4880763966030192,-0.9999999999999998,5.0,0.5505207956758454,-0.42588757728597715,0.0015416407712922475,0.00359367678191571,0.49178421197715527,-3.0,5.0
1.96,-0.0017776599849210505,-0.0007098667048034882,0.11892207271149179,0.023624889107089892,-0.008522645917870839,-0.00777562938003231,0.000201329381609355,0.0015037773311563814,0.003573399238458754,0.48930571715951254,1.0000000000000002,5.0,0.5806250572798031,-0.4512144595922705,0.0015585105461835827,0.003568852503886236,0.4929936788289925,3.0,5.0
1.97,-0.0017575171136032313,-0.0006792853316497103,0.12927774891150928,0.01563172575868449,-0.00863433958885501,-0.007820231620529083,0.0006970136855638709,0.00154165020192662,0.003550800152687938,0.4905283901921289,-0.9999999999999998,5.0,0.6011526830139459,-0.4673227790740902,0.0015795230726968587,0.003528201066917122,0.4941964092899779,-3.0,5.0
1.98,-0.0017275303646864034,-0.0006581102113462939,0.13962927231838596,0.007674568135044763,-0.008744767645908095,-0.007862912376681123,0.00019267897255415098,0.0015393418034388377,0.003506092745836094,0.49174438624287925,1.0000000000000002,5.0,0.611703576983278,-0.4726662969660944,0.001537033404951055,0.00346138533898425,0.49539237439513034,3.0,5.0
1.99,-0.0016867117470488224,-0.0006475357784740307,0.14976534936314648,-8.12928933511467e-05,-0.008853311579959137,-0.007904262660785482,0.0006883899745218864,0.0015190440307711454,0.003442302725256985,0.4929536760188498,-0.9999999999999998,5.0,0.6118825172626837,-0.4682068569502505,0.0014987462581034531,0.003378512704677876,0.49658154534676147,-3.0,5.0
2.0,-0.0016362854182625586,-0.000646048429371784,0.15947899428739365,-0.007454418532867758,-0.008959290804624181,-0.007944948533677294,0.0001842455095239251,0.0014586568983586206,0.00335620368630781,0.49415623039293716,1.0000000000000002,5.0,0.6017133606345288,-0.45282940371993224,0.0013982697659460956,0.003270104647358635,0.4977638935151991,3.0,5.0
2.0100000000000002,-0.0015756816411500788,-0.0006544093411679205,0.1685686415757738,-0.014290118544328182,-0.009062101649607976,-0.007985540953668846,0.0006803073748328292,0.001381599798457971,0.0032516626240794437,0.49535202040458,-0.9999999999999998,5.0,0.5812356503411505,-0.4279331940904418,0.0013045426985573217,0.003147121561851078,0.4989393904395085,-3.0,5.0
2.02,-0.0015065327616362177,-0.0006706853946209758,0.17684573553687613,-0.020424734297673722,-0.009161104646972644,-0.00802665870524192,0.00017666804059638449,0.0012669809011119173,0.0031262884468553362,0.49654101726048594,1.0000000000000002,5.0,0.5509097068078888,-0.39283761320374727,0.0011523620037658636,0.0030009142696312283,0.5001080078282039,3.0,5.0
2.0300000000000002,-0.001428658467930629,-0.0006952409563733739,0.18413551437045658,-0.025728208987813177,-0.009255762892099617,-0.008068799111414143,0.0006733796533472635,0.0011393827417041668,0.0029847597923767103,0.49772319233535434,-0.9999999999999998,5.0,0.5112040219831736,-0.3493641820199766,0.0010117845822964163,0.0028432311378980848,0.5012697175599596,-3.0,5.0
2.04,-0.0013440534064391753,-0.0007257773469655362,0.1902840920962647,-0.030067897302501298,-0.009345528151046412,-0.00811248238903449,0.00017052191065098081,0.000979006722615013,0.0028254562217323955,0.49889851717259526,1.0000000000000002,5.0,0.4629912313022502,-0.2972333631710744,0.000818630703525859,0.0026661526510880808,0.5024244916843181,3.0,5.0
2.05,-0.0012528645935284102,-0.0007623325666900128,0.19515856516337624,-0.0333505241077145,-0.009429977517200445,-0.008158084324661866,0.0006681313128494647,0.000811435106722838,0.0026537694606648394,0.5000669634850438,-0.9999999999999998,5.0,0.40712667732305774,-0.2386379431667422,0.0006438634908306632,0.0024820826995972834,0.5035723024223892,-3.0,5.0
2.06,-0.0011573718680030608,-0.0008023279335460678,0.1986532602515496,-0.0354852564051784,-0.009508697321259876,-0.008205983092483979,0.00016626934840991835,0.000617753737053865,0.0024687191186548154,0.5012285031556699,1.0000000000000002,5.0,0.34483602770147753,-0.17363178302258814,0.00042407236738489193,0.002283668776644792,0.5047131221675483,3.0,5.0
2.07,-0.0010579589796055188,-0.0008455740484417891,0.20068886662277977,-0.03642481284172072,-0.009581417140419674,-0.008256394843319944,0.0006649521127041818,0.0004242945333520837,0.0022762498903439485,0.5023831082382852,-0.9999999999999998,5.0,0.2772861414529961,-0.10469588953445502,0.0002308353296503026,0.0020837806620330815,0.5058469234861315,-3.0,5.0
2.08,-0.0009570886979117588,-0.0008893226035485627,0.20121758915098392,-0.03612759219784589,-0.009647890663582235,-0.008309523827692962,0.00016421890936269164,0.00021274142789526145,0.0020758349764278096,0.5035307509582443,1.0000000000000002,5.0,0.20596581344087705,-0.03212075898429949,1.1883224384392327e-06,0.0018754200625116712,0.5069736791181214,3.0,5.0
2.09,-0.0008552696567118082,-0.0009332763322301746,0.20022108768835958,-0.03459776442062893,-0.009708026320026103,-0.008365401614852552,0.0006640623255763077,9.859164986544177e-06,0.0018737630006724448,0.5046714037131417,-0.9999999999999998,5.0,0.13225074206153198,0.04143291277839486,-0.0001930230979221731,0.00167169102491708,0.5080933619778338,-3.0,5.0
2.1,-0.0007550284156236554,-0.0009746435239752314,0.19771436342800158,-0.03184632663351379,-0.009761764497433384,-0.008424041096234623,0.0001644973211228694,-0.0002024110625358242,0.0016697333916114092,0.5058050390735057,1.0000000000000002,5.0,0.05777948153622291,0.11555608149059673,-0.0004146812900581926,0.0014657037825503737,0.5092059451545977,3.0,5.0
2.11,-0.0006568745267842778,-0.001013149336651248,0.19374238418127399,-0.02793008998106146,-0.00980920433190888,-0.008485279754930412,0.0006654918124008499,-0.0003972294739770719,0.0014701376911562861,0.5069316297834864,-0.9999999999999998,5.0,-0.015985167220851706,0.18753357613002247,-0.0005920478854183196,0.0012705419907011633,0.5103114019134284,-3.0,5.0
2.12,-0.0005632721347939773,-0.001046090291358341,0.18838263667476812,-0.022911622859704654,-0.009850476975662397,-0.00854893780519067,0.00016703628064064784,-0.0005927649191846216,0.001274651894171623,0.5080511487615408,1.0000000000000002,5.0,-0.08738248167970462,0.25696754791392695,-0.0007883003643921712,0.0010791660971869598,0.5114097056957041,3.0,5.0
2.13,-0.00047460591669201463,-0.0010733441730043929,0.18174042584402275,-0.016897139853647415,-0.009885868407675209,-0.00861466559667713,0.0006690748746747392,-0.0007624717020224432,0.0010895173634420374,0.5091635691011127,-0.9999999999999998,5.0,-0.15499334755838007,0.32121991284199614,-0.0009321784848602649,0.000904382832712452,0.5125008301198283,-3.0,5.0
2.14,-0.000393154880989313,-0.0010924217420334788,0.17395013731215236,-0.00999538523717106,-0.009915688776899806,-0.008682105800050811,0.0001715755264696193,-0.0009249918642641132,0.0009141354508695272,0.5102688640713076,1.0000000000000002,5.0,-0.21726611908333712,0.38003463036686363,-0.0010875120265057831,0.000738753538297017,0.5135847489818919,3.0,5.0
2.15,-0.0003190617952988388,-0.001103472529712068,0.16516931054508566,-0.0023545230280435526,-0.009940391426616586,-0.008750744682438694,0.0006744615389980461,-0.0010544232544123296,0.0007543533397559007,0.511367007117565,-0.9999999999999998,5.0,-0.2729542986609691,0.43097759943794367,-0.001183854644560546,0.0005945712286422743,0.5146614362563374,-3.0,5.0
2.16,-0.0002543116968565121,-0.0011043311999774487,0.15557876523176165,0.005879896009364546,-0.009960438670459626,-0.008820077906294325,0.0001776821542461859,-0.0011702093952238256,0.0006090661533081219,0.5124579718623252,1.0000000000000002,5.0,-0.3207391910270922,0.47405505874104925,-0.0012859955360353219,0.00046377896686034296,0.5157308660966059,3.0,5.0
2.17,-0.00019870716442151146,-0.0010955168546729606,0.14537565302164734,0.01452885848052875,-0.009976417545630953,-0.008889465081993907,0.0006811445511429714,-0.0012473917113844724,0.00048351270381424984,0.5135417321056909,-0.9999999999999998,5.0,-0.3596630792110829,0.5071483450795775,-0.0013245740275451192,0.00035795925432037783,0.5167930128357877,-3.0,5.0
2.18,-0.00015385369021946987,-0.0010752718944218639,0.13477269955624113,0.023422615276142107,-0.0099889026849902,-0.008958298436044395,0.00018478477224345745,-0.0013064804420902685,0.0003758897351002162,0.5146182618260856,1.0000000000000002,5.0,-0.3887461635370939,0.5306259965425628,-0.0013655691727960646,0.00026826676638618257,0.5178478509872697,3.0,5.0
2.19,-0.00011914269248329661,-0.0010445529634801572,0.12399052857398543,0.032365163850551264,-0.009998569597448622,-0.00902585976172694,0.0006885000210142704,-0.0013236851789382835,0.0002906617917736206,0.5156875351809076,-0.9999999999999998,5.0,-0.40741292336093293,0.5427711794299416,-0.0013408899157862984,0.00020543384844702508,0.5188953552453737,-3.0,5.0
2.2,-9.57453497763388e-05,-0.0010020607615567852,0.11325634949668277,0.04117738479896234,-0.01000605555359731,-0.009091490960054035,0.00019221982181226514,-0.001320761793288439,0.00022519128326483636,0.5167495265071785,1.0000000000000002,5.0,-0.41510127914081363,0.5443855733395334,-0.0013178384076385943,0.00015972077475605211,0.5199355004859915,3.0,5.0
2.21,-8.260462382164724e-05,-0.0009492214374240656,0.1027959132023611,0.0496617756039802,-0.010012071411346765,-0.009154452294593184,0.0006958384790131803,-0.0012752171844847868,0.0001830655536246379,0.517804210322188,-0.9999999999999998,5.0,-0.4116803722149271,0.5342078609151255,-0.0012296725756811345,0.00014093982398443946,0.5209682617672164,-3.0,5.0
2.22,-8.0438465399242e-05,-0.0008852065457032218,0.09283202647439044,0.057645674069822045,-0.010017261612933778,-0.00921409363648201,0.0001992863234628288,-0.0012101291456424559,0.0001607451711479586,0.5188515613241338,1.0000000000000002,5.0,-0.3970505156726051,0.5135081405557063,-0.001145041106800125,0.00013842478867127933,0.5219936143299708,3.0,5.0
2.23,-8.774137447599501e-05,-0.0008119044878476995,0.0835765348509557,0.06494591133208405,-0.010022315710773064,-0.009269712804099828,0.0007024621803548432,-0.0011043233415281076,0.00016090987071111536,0.5198915543927568,-0.9999999999999998,5.0,-0.3715513240053313,0.4814966050742906,-0.0009985175374137593,0.00016107457027427212,0.5230115335986258,-3.0,5.0
2.24,-0.00010479710870581336,-0.0007289306284083223,0.07522906518690775,0.07141178750036715,-0.010027828663922458,-0.009320726267588605,0.00020530454598119093,-0.0009821652772831805,0.00017912596851220867,0.520924164589973,1.0000000000000002,5.0,-0.33555177584096196,0.43990800962350723,-0.0008600072130382535,0.000197342066313302,0.5240219951816216,3.0,5.0
2.25,-0.00012968951037792216,-0.0006385892163934274,0.06796943423076422,0.07688931389539566,-0.010034413260459011,-0.009366526329732288,0.0007077239083862866,-0.0008237098412938869,0.00021721127963648124,0.5219493671604991,-0.9999999999999998,5.0,-0.28984842479438466,0.3884004811475448,-0.0006652544053045934,0.0002552965907607538,0.5250249748720774,-3.0,5.0
2.2600000000000002,-0.0001623240484472419,-0.0005408745062702574,0.061957006906751266,0.08126362248499563,-0.01004256189272003,-0.009406650073549953,0.0002096737019427773,-0.0006544668840683481,0.00026992095603568507,0.5229671375324745,1.0000000000000002,5.0,-0.2352457221774421,0.32913040180909936,-0.00048522392684280933,0.00032263063243488893,0.5260204486484006,3.0,5.0
2.27,-0.00020044685600367561,-0.00043842440221703033,0.05732389891357553,0.08442249736560668,-0.010052761013482086,-0.009440634221058206,0.0007110823350538445,-0.0004555259815062776,0.00033832988210918345,0.5239774513180786,-0.9999999999999998,5.0,-0.17294487372098033,0.2621421232213345,-0.0002565850789442071,0.0004067388081826818,0.5270083926748911,-3.0,5.0
2.2800000000000002,-0.000243673681940351,-0.0003315142001387105,0.05417529178855359,0.08629794290988918,-0.010065355460887212,-0.009468181238681397,0.00021192378669920115,-0.0002532993794036785,0.0004165346694818932,0.5249802843141436,1.0000000000000002,5.0,-0.104115394457595,0.18993443958708373,-5.107277730107958e-05,0.0004947394568546029,0.5279887833023382,3.0,5.0
2.29,-0.0002895153749929443,-0.00022300391329281897,0.05258373595901708,0.08682876030000194,-0.010080665929868352,-0.009489010890195725,0.0007121492181439787,-2.9626760943139816e-05,0.0005050505374804042,0.525975612502762,-0.9999999999999998,5.0,-0.030275973327078792,0.11284275911443553,0.00019404585751739883,0.0005935664054789152,0.5289615970686175,-3.0,5.0
2.3000000000000003,-0.00033741217595207684,-0.00011332689699268214,0.05259068767012304,0.08600106645997888,-0.010098856717371934,-0.009503022639310176,0.00021175710391676996,0.00018849872495766825,0.0005975258031122596,0.526963412051891,1.0000000000000002,5.0,0.04714101401445598,0.033599067285932455,0.00040662421085847626,0.0006900010687441152,0.5299268106992779,3.0,5.0
2.31,-0.00038476331564510894,-5.4333747786958165e-06,0.0542021303301814,0.08380974862725868,-0.01012005694963599,-0.009510143178251102,0.0007107243378713991,0.0004188391536802355,0.0006941489891021273,0.5279436593159499,-0.9999999999999998,5.0,0.12641457715399962,-0.04729123385511601,0.0006491795824028028,0.0007907721750919949,0.5308844011081267,-3.0,5.0
2.32,-0.00043096409900028284,0.00010022332897434282,0.05739149896957526,0.08029781178483168,-0.01014423234175202,-0.00951048456725688,0.00020907582884735747,0.0006341954869058562,0.0007883710418372405,0.5289163308364152,1.0000000000000002,5.0,0.20597529598697228,-0.12699339591482017,0.0008495518201314769,0.0008825930945723538,0.5318343453978113,3.0,5.0
2.33,-0.0004734369045803547,0.00020074418724634548,0.0620967295084521,0.07551663661085829,-0.010171310614699626,-0.009504187349776398,0.0007068150528518018,0.0008523219547571722,0.000880317487041397,0.5298814033424097,-0.9999999999999998,5.0,0.2840337439334117,-0.20496912538998205,0.001070448422608488,0.0009722639322455534,0.5327766208603932,-3.0,5.0
2.34,-0.0005116682406010901,0.00029579766461533096,0.068224621628649,0.06956413028511176,-0.010201057532726984,-0.009491574220498318,0.00020399308785610355,0.0010462112634988712,0.0009635128896905375,0.5308388537512867,1.0000000000000002,5.0,0.3590225974266896,-0.27842183593799247,0.0012401005722405703,0.001046708292339678,0.5337112049779174,3.0,5.0
2.35,-0.0005432382774678163,0.00038267504645884856,0.07564930661439934,0.06254381310204521,-0.010233206596441936,-0.009472988705096228,0.000700638609936173,0.0012340063154168994,0.001038292379080091,0.5317886591692105,-0.9999999999999998,5.0,0.4292255061041442,-0.3469221380650356,0.0014218013673349275,0.0011130718684696445,0.534638075422982,-3.0,5.0
2.36,-0.0005678550188413789,0.0004613001016715591,0.08421797883473658,0.05460184816444166,-0.01026733926407477,-0.009448944522802883,0.00019682638863618962,0.0013892785732539878,0.001098522598899518,0.5327307968917318,1.0000000000000002,5.0,0.4932181520819051,-0.40785128241082597,0.0015445508310910762,0.0011587528187189452,0.5355572100592956,3.0,5.0
2.37,-0.0005833795823802054,0.0005292794822485258,0.09375065295582627,0.04588508115417551,-0.010303018647184692,-0.00941996018259265,0.0006926067718026483,0.0015309288713418545,0.0011450068973785678,0.5336652444043576,-0.9999999999999998,5.0,0.549494584512393,-0.46102337082478284,0.0016725791694297211,0.0011914911958576173,0.5364685869422352,-3.0,5.0
2.38,-0.0005898548325302777,0.0005869061527384689,0.10404707775076343,0.03657712009843643,-0.010339673467389891,-0.009386704571930094,0.0001880737087717637,0.0016334510080654376,0.0011721972316058717,0.5345919793831175,1.0000000000000002,5.0,0.5969043010550797,-0.5041241104741925,0.0017359731447890206,0.0011993875658331756,0.5373721843193972,3.0,5.0
2.39,-0.0005855239446222618,0.0006322023755756484,0.11488754285859341,0.02685554288159822,-0.010376735139561123,-0.009349828170774298,0.0006832938124101146,0.0017168142071227882,0.0011815877734242261,0.5355109796951244,-0.9999999999999998,5.0,0.6342732364916572,-0.5373270144680407,0.001800177406180139,0.0011909783152425808,0.538267980631145,-3.0,5.0
2.4,-0.0005708512764203808,0.0006659146937706362,0.12604068625092718,0.016927280832158803,-0.010413524694019648,-0.009310105724000489,0.0001783740181721589,0.0017567051451526845,0.0011684129181995981,0.5364222233991306,1.0000000000000002,5.0,0.6608342335828371,-0.5587249420755567,0.0017965960831825805,0.0011552380629749701,0.5391559545111492,3.0,5.0
2.41,-0.0005445322831664894,0.0006865476083030579,0.13726501878280914,0.006985281797959325,-0.01044939233754554,-0.009268265069803142,0.0006733903487797706,0.0017743860666130287,0.0011350249615010525,0.5373256887460797,-0.9999999999999998,5.0,0.6758402873166176,-0.5689380261194797,0.001792066988073373,0.0011016370048025066,0.540036084786927,-3.0,5.0
2.42,-0.0005075050289059268,0.0006953485824271408,0.1483172571892189,-0.0027564863961278274,-0.010483606309954306,-0.009225128011351452,0.00016845534943787477,0.001746910178714097,0.0010775744675409604,0.5382213541796526,1.0000000000000002,5.0,0.6789862934399672,-0.5665360481144208,0.0017194342908151655,0.0010201239735808684,0.5409083504803711,3.0,5.0
2.43,-0.000458950223043021,0.0006913312764635479,0.15895416945649302,-0.012106579515495717,-0.010515493791363722,-0.009181437971386708,0.0006636467074348239,0.0016969513942970964,0.000999368955379577,0.5391091983368097,-0.9999999999999998,5.0,0.6700127699748061,-0.5526364962393668,0.001646992609880096,0.0009211634432181935,0.5417727308082811,-3.0,5.0
2.44,-0.00040029254011552843,0.0006762498627674503,0.16894101572290557,-0.020861101037586566,-0.010544330484345228,-0.009138000346200013,0.00015907462465681026,0.0016029902030436,0.0008975333187626583,0.5399892000483277,1.0000000000000002,5.0,0.6491174783162598,-0.5263165704175298,0.0015090290117901035,0.0007956976821457397,0.5426292051828816,3.0,5.0
2.45,-0.00033119036498518723,0.0006496115486556747,0.17805328487379163,-0.02884709240530383,-0.010569481606411503,-0.009095510314182787,0.0006548104587641418,0.0014891133549247467,0.0007763480205981566,0.5408613383393316,-0.9999999999999998,5.0,0.6165486224648975,-0.489200585296343,0.0013752365068058934,0.0006551627224336549,0.5434777532123432,-3.0,5.0
2.46,-0.0002535269382781716,0.0006136403832302625,0.18608481077530017,-0.035887224922020004,-0.010590290910763047,-0.009054694016803911,0.00015095420168972397,0.001335169767908595,0.000633888907313429,0.541725592429822,1.0000000000000002,5.0,0.5730057726495148,-0.4408612586297833,0.0011812261808924434,0.0004914297940287013,0.5443183547012932,3.0,5.0
2.47,-0.0001673902601539386,0.0005682796993987156,0.19284897367078352,-0.0418426846412486,-0.010606220478098683,-0.009016137854405866,0.0006475633095554118,0.0011665409778396389,0.0004753451188670717,0.5425819417351978,-0.9999999999999998,5.0,0.5192224167839035,-0.38339656194405153,0.000997912187770683,0.0003168013304207144,0.545150989651325,-3.0,5.0
2.48,-7.505493758458734e-05,0.0005161464830722755,0.19818608052986905,-0.04657719523669044,-0.010616737918330326,-0.00898043178782956,0.00014472044925368957,0.0009642691655019061,0.00029963937066807857,0.5434303658667727,1.0000000000000002,5.0,0.4563565114219808,-0.3168208451773795,0.0007619973531641734,0.0001239336224690855,0.5459756382614974,3.0,5.0
2.49,2.3046466446095693e-05,0.0004575252247945233,0.20196364403066114,-0.04999908320676575,-0.010621453759140954,-0.00894800134784164,0.0006424626706766118,0.0007548016775157274,0.00011272750129444873,0.544270844632289,-0.9999999999999998,5.0,0.3855631568177819,-0.24363212971205267,0.0005453341895295487,-7.418436807918113e-05,0.5467922809288379,-3.0,5.0
2.5,0.00012434921063292332,0.00039531473324651804,0.20408267216284354,-0.05202434667544033,-0.01062000570694739,-0.00891925419014071,0.00014084956312112869,0.0005200956377342734,-8.579804143885142e-05,0.5451033580364243,1.0000000000000002,5.0,0.30837597996870303,-0.16419448773052814,0.0002853895979528195,-0.0002843235841721516,0.5476008982488301,3.0,5.0
2.5100000000000002,0.0002281915538641394,0.0003300156327812167,0.20447671001464532,-0.052617651373397516,-0.010612192615615308,-0.008894415832904248,0.0006398928966606191,0.0002873420782332817,-0.0002894235162225954,0.5459278862812947,-0.9999999999999998,5.0,0.2262715489655911,-0.08129759282092747,5.4588518732290087e-05,-0.0004930489910063394,0.5484014710159061,-3.0,5.0
2.52,0.0003318458177390328,0.00026467216709841673,0.20311677086188543,-0.05175423685926075,-0.010597854917430692,-0.008873680339153943,0.0001396252975087545,3.9053638617731986e-05,-0.0004981230056046997,0.5467444097669522,1.0000000000000002,5.0,0.14104358345393397,0.004467469599308195,-0.00020923480099781778,-0.0007068224949868039,0.5491939802239243,3.0,5.0
2.5300000000000002,0.00043455748664921823,0.00019985614645824103,0.2000089259918768,-0.049459680487918586,-0.010577004429768024,-0.008857050496438621,0.0006400304475433638,-0.00019722435556483912,-0.0007050837929464071,0.5475529090918778,-0.9999999999999998,5.0,0.054361443716234685,0.09015390009484339,-0.00043350234974741023,-0.0009120445802881144,0.5499784070666547,-3.0,5.0
2.54,0.0005335787362042323,0.00013860674574300649,0.19519772041959535,-0.045770527742905374,-0.010549700377615632,-0.008844493164408862,0.00014111234549183988,-0.00043883508380381355,-0.0009101227683864437,0.5483533650534694,1.0000000000000002,5.0,-0.03186020288921126,0.17508718255620598,-0.0006804458120427881,-0.0011151617438264804,0.5507547329382443,3.0,5.0
2.5500000000000003,0.0006282084812893724,8.14140439072787e-05,0.18876221551763298,-0.04077276310256766,-0.010516174636860214,-0.008835784245725578,0.00064282610775605,-0.0006583036633002043,-0.0011064161484139697,0.5491457586485246,-0.9999999999999998,5.0,-0.1159059499544389,0.2563130586092455,-0.000877772242796595,-0.0013027095284414958,0.55152293943369,-3.0,5.0
2.56,0.0007158253039142178,3.116003186436849e-05,0.18081785819872986,-0.03456115726921089,-0.010476703133865384,-0.008830668850480816,0.0001451478337764823,-0.0008732583459800811,-0.0012939171661199387,0.5499300710737182,1.0000000000000002,5.0,-0.19589148080173552,0.3332262116013547,-0.0010882130286599579,-0.0014814181838259074,0.5522830083492989,3.0,5.0
2.57,0.0007959253540360398,-1.1895034965771937e-05,0.1715110103661079,-0.027276492121405625,-0.010431726503544772,-0.008828711007937001,0.0006480060011631741,-0.0010567194206395625,-0.00146608396825556,0.5507062837260758,-0.9999999999999998,5.0,-0.27020802735408334,0.403017312108935,-0.001240180495299044,-0.001638250770391181,0.5530349216831487,-3.0,5.0
2.58,0.0008661516181177557,-4.516726070173851e-05,0.16101937048685003,-0.01906372581242957,-0.010381717038643863,-0.008829458395026255,0.00015135190286259446,-0.0012270114070248575,-0.0016232923930262096,0.5514743782034413,1.0000000000000002,5.0,-0.33715247651606595,0.46529916585770503,-0.0013973033934101527,-0.0017805008177968593,0.5537786616355376,3.0,5.0
2.59,0.0009263267154072488,-6.875691492040778e-05,0.14954515205846075,-0.010108124805872244,-0.01032729512743639,-0.008832296337714322,0.000655091579345136,-0.0013580386417800924,-0.001759555947037837,0.5522343363049395,-0.9999999999999998,5.0,-0.3953685185702588,0.5175496584097823,-0.0014890658765353273,-0.001895819501049464,0.5545142106094341,-3.0,5.0
2.6,0.0009744757145140387,-8.04958549242812e-05,0.13731428005273424,-0.0005924489936599397,-0.010269092303357442,-0.00883661646209027,0.00015915674648864166,-0.0014691800944840725,-0.001875927801758663,0.5529861400314343,1.0000000000000002,5.0,-0.44347191391971963,0.5597323132881395,-0.0015803215471880527,-0.001992299656479489,0.5552415512109189,3.0,5.0
2.61,0.001010851257248673,-8.09469123964555e-05,0.12456849687938387,0.009267761812074712,-0.010207864188441062,-0.008841674165819761,0.0006634371614475966,-0.0015355438527327454,-0.0019672073358454312,0.5537297715859812,-0.9999999999999998,5.0,-0.4804853643245037,0.5897322656716306,-0.001601907610981418,-0.002058486869932199,0.5559606662496221,-3.0,5.0
2.62,0.0010339476359608104,-6.84418484031066e-05,0.11156366268631843,0.019267695059437658,-0.010144350530768172,-0.008846760210326071,0.00016785191761943,-0.001577837534563262,-0.0020353263091603246,0.5544652133742757,1.0000000000000002,5.0,-0.5054561876289151,0.6079686060555081,-0.0016201312163937785,-0.0021034452824752184,0.5566715387391589,3.0,5.0
2.63,0.0010445162886207407,-4.4070417602331746e-05,0.09856116170940721,0.029178502317646588,-0.010079385684821552,-0.008851060538488897,0.0006722821027746503,-0.0015725955599873462,-0.002076037512611945,0.5551924480050945,-0.9999999999999998,5.0,-0.5178824334400265,0.6128210609775238,-0.0015673535854114303,-0.002116748716063565,0.557374151897551,-3.0,5.0
2.64,0.0010415695551964767,-6.707357857002571e-06,0.08582571564547958,0.03879114862566114,-0.010013756790843835,-0.008853829564492498,0.00017664230476357881,-0.0015420200955671716,-0.0020922813433988654,0.5559114582907345,1.0000000000000002,5.0,-0.5173208157145596,0.6052321541168824,-0.0015114446311469973,-0.002108525174185786,0.5580684891476544,3.0,5.0
2.65,0.0010263853728930356,4.2009926583617454e-05,0.07361652753526993,0.04788180184229051,-0.009948313045587675,-0.00885425100021587,0.0006808133938441533,-0.0014641772109583195,-0.0020808535521414755,0.5566222272474444,-0.9999999999999998,5.0,-0.5038022987610735,0.5841230238977112,-0.0013863343263494673,-0.0020694257608840855,0.5587545341175741,-3.0,5.0
2.66,0.000998499978736147,0.00010266593446137921,0.062185064241534777,0.05625564026077959,-0.00988382335064302,-0.00885161143868121,0.0001847140628155814,-0.0013628057075548055,-0.00204575004419722,0.5573247380958526,1.0000000000000002,5.0,-0.4774289296936268,0.5509842657769729,-0.0012614342041512914,-0.0020106465362529644,0.5594322706410774,3.0,5.0
2.67,0.0009597015289318772,0.00017310087818960413,0.051766403275353645,0.06371200553090112,-0.00982108574668688,-0.008845160747771653,0.0006882335526493242,-0.0012174808300208153,-0.0019848124357910624,0.5580189742613889,-0.9999999999999998,5.0,-0.43877798449279865,0.505280211419453,-0.001072155952486825,-0.0019238748273849048,0.5601016827579979,-3.0,5.0
2.68,0.000910011937431436,0.0002534064385560789,0.0425774493953063,0.07008778279282249,-0.009760785921228254,-0.008834284498826644,0.00019130304536584886,-0.0010533910043400714,-0.0019030507133819274,0.558704919374702,1.0000000000000002,5.0,-0.38848726014837615,0.4490282552972169,-0.0008893011786593276,-0.0018212889909727924,0.5607627547146414,3.0,5.0
2.69,0.0008516700742314313,0.00034097021361043875,0.03480893916708443,0.07522194277068103,-0.009703608184881982,-0.008818362502711842,0.0006938281543303797,-0.0008514704939333393,-0.0017992671652331082,0.5593825572720714,-0.9999999999999998,5.0,-0.3276478232671586,0.3821918844812319,-0.0006495499835266073,-0.0016954836170842893,0.5614154709641795,-3.0,5.0
2.7,0.0007851038491848003,0.00043548133577639127,0.028624526563600643,0.07899813936413014,-0.009650096175912228,-0.008796938712348412,0.0001957599980768308,-0.0006381467811024768,-0.0016793583942703015,0.5600518719958141,1.0000000000000002,5.0,-0.2573782895224762,0.307249261795394,-0.00042482306827161434,-0.0015594496233074947,0.562059816167042,3.0,5.0
2.71,0.0007129045326709762,0.0005339837934764016,0.024153850896982566,0.08130831283033411,-0.009600766646214147,-0.0087695766130434,0.0006970272939938043,-0.0003954461976941649,-0.0015429200243944252,0.5607128477946863,-0.9999999999999998,5.0,-0.17920717978360715,0.224576248708791,-0.00015274561428585306,-0.001406481654518549,0.5626957751913032,-3.0,5.0
2.72,0.0006357910326478282,0.0006358897368641506,0.021492859040231887,0.08209421085127891,-0.009555973533363146,-0.008736025421788971,0.00019760696582472057,-0.00015071719971581293,-0.0013965313255788342,0.5613654691242804,1.0000000000000002,5.0,-0.09463765128713188,0.1370059347826441,9.401179826253904e-05,-0.0012501426267632434,0.5633233331130625,3.0,5.0
2.73,0.000556577651896117,0.0007380391331815579,0.020698258298561825,0.08130979937485279,-0.009516025604615452,-0.00869607129127246,0.000697455710687026,0.00011328466032766582,-0.0012403447502248618,0.5620097206474153,-0.9999999999999998,5.0,-0.005521357390314563,0.04520375805553822,0.0003772865203711445,-0.0010841581748708895,0.5639424752168201,-3.0,5.0
2.74,0.0004761331923624749,0.0008397179080136534,0.021789343648166096,0.07896149992038375,-0.00948105479936847,-0.008649698924895161,0.00019658003027434815,0.0003686902079678529,-0.001081357942184077,0.562645587234524,1.0000000000000002,5.0,0.08638407881669768,-0.0477795417623847,0.0006240957556080401,-0.0009223711341432923,0.5645531869958498,3.0,5.0
2.75,0.0003973450494264767,0.0009377208253054607,0.024744044727613514,0.07506925173520754,-0.009451138468583345,-0.008596937892677091,0.0006949671837820173,0.0006324441331520567,-0.0009199934953601681,0.5632730539640327,-0.9999999999999998,5.0,0.17904706146778643,-0.14113790466197063,0.0008961980583362604,-0.0007586290485362589,0.5651554541525591,-3.0,5.0
2.7600000000000002,0.000321076250930767,0.0010313711630257289,0.029502403225671957,0.06970536354792836,-0.009426172542818976,-0.008538019155559136,0.000192654579936629,0.0008766063398334174,-0.0007633642497261497,0.5638921061227387,1.0000000000000002,5.0,0.27060887061906524,-0.23176050629665584,0.0011207685465147782,-0.0006067350040921313,0.5657492625988565,3.0,5.0
2.77,0.0002501291385757577,0.0011175833931271562,0.03596429156213602,0.06295418233462534,-0.00940599872699565,-0.008473216194181416,0.0006896600790055451,0.0011182825253623415,-0.0006118495648953801,0.5645027292061788,-0.9999999999999998,5.0,0.3590183450674906,-0.3188635706418415,0.0013599587108912656,-0.00046033488006461045,0.5663345984564996,-3.0,5.0
2.7800000000000002,0.0001852036667480276,0.0011958809148269267,0.04399454832130118,0.05494957324124053,-0.009390282649711684,-0.008402996358628971,0.00018605073584360252,0.00132992374235674,-0.0004723604552155493,0.5651049089189968,1.0000000000000002,5.0,0.4424797122919093,-0.3994410289784289,0.0015415649593511385,-0.0003328713455357185,0.5669114480574508,3.0,5.0
2.79,0.00012886400140008677,0.0012634550787691016,0.0534223061937973,0.045833267225057844,-0.009378645960134213,-0.0083278569446972,0.0006818724685839295,0.001529250313429693,-0.0003449190530661817,0.5656986311753014,-0.9999999999999998,5.0,0.5190865152810676,-0.4728946930924897,0.0017285768845026457,-0.0002174776509168141,0.5674797979442151,-3.0,5.0
2.8000000000000003,8.150134392418006e-05,0.0013201776164225385,0.06404765353193405,0.03579109883642804,-0.009370549196131998,-0.008248471720825165,0.0001772181975256981,0.001689539958350267,-0.00023593024023367152,0.5662838820990226,1.0000000000000002,5.0,0.5872669531286365,-0.5364815548324248,0.0018498296032708412,-0.00012694142740116133,0.5680396348701862,3.0,5.0
2.81,4.5306578183449065e-05,0.0013636528128965052,0.07564237243777883,0.02501021750907098,-0.0093654283156654,-0.00816552251480143,0.0006721569517989325,0.001829535712483196,-0.00014477079975203227,0.5668606480242607,-0.9999999999999998,5.0,0.6454136257026569,-0.5899389389422347,0.0019695314666161247,-5.361135927039303e-05,0.5685909457999752,-3.0,5.0
2.82,2.0240548406882195e-05,0.001394221671558084,0.08795786387526255,0.013714319536192747,-0.009362581619401792,-0.008079841681620577,0.00016680150053222955,0.0019237138024202436,-7.70737455206146e-05,0.5674289154956308,1.0000000000000002,5.0,0.6923230758756344,-0.6309252158572789,0.0020178918923572913,-9.376691289196933e-06,0.5691337179097409,3.0,5.0
2.83,8.015418342887008e-06,0.0014100045734734875,0.100726974996878,0.0021200062699477714,-0.009361309868238198,-0.007992240150403725,0.0006612370172134759,0.001992167456062822,-3.133293463705184e-05,0.5679886712686016,-0.9999999999999998,5.0,0.7268182309241717,-0.6596369296935765,0.0020606211097054005,1.440787624651092e-05,0.5696679385875141,-3.0,5.0
2.84,8.074743987877206e-06,0.0014118948724372814,0.11367281493900845,-0.009528665182810073,-0.009360806244650568,-0.00790364695021268,0.00015558834377407715,0.002010847295779385,-1.2205312197954564e-05,0.5685399023098295,1.0000000000000002,5.0,0.7481792804702586,-0.674240207719947,0.002029527135495948,6.922310241142713e-06,0.5701935954335131,3.0,5.0
2.85,2.1585510787921275e-05,0.0013985901446569944,0.12651125406721458,-0.021004317633778344,-0.00936029889352273,-0.007814934979034878,0.0006499483713698074,0.0020014148492889716,-1.7135531920204377e-05,0.569082595797487,-0.9999999999999998,5.0,0.7557562662290731,-0.6754774942819098,0.001991982402798558,-2.206575164245419e-05,0.5707106762604595,-3.0,5.0
2.86,4.742954807513571e-05,0.0013715737691662446,0.13896017719952117,-0.03206199783791103,-0.009358942635880423,-0.007727058968558128,0.00014444511096451003,0.0019414504477059543,-4.9679893989752096e-05,0.5696167391215858,1.0000000000000002,5.0,0.749389120898302,-0.6620876875672275,0.0018814860461229368,-8.222425605929981e-05,0.5712191690938826,3.0,5.0
2.87,8.620733652523225e-05,0.0013301338077672494,0.1507421749099059,-0.04248340011792149,-0.009355962549484505,-0.007640880447016745,0.0006391699754072696,0.0018542727169483066,-0.00010615389669040124,0.5701423198842952,-0.9999999999999998,5.0,0.7290086536802606,-0.6354009543318787,0.001767094986190659,-0.0001626278993910504,0.5717190621724232,-3.0,5.0
2.88,0.0001362413755905107,0.0012763321195553685,0.16159373767149166,-0.052042488271497586,-0.009350545982782241,-0.007557305675041284,0.0001342448488559489,0.0017191116403938132,-0.0001889798671404803,0.5706593259002536,1.0000000000000002,5.0,0.6950444597196973,-0.5947465484082113,0.0015839505638393196,-0.0002718058375905594,0.5722103439481288,3.0,5.0
2.89,0.000197591875312674,0.0012100109416425665,0.17126763644121729,-0.060549388127261114,-0.00934198568468884,-0.007477111362834568,0.0006297504659417344,0.0015608931296167841,-0.0002933584721911567,0.5711677451968771,-0.9999999999999998,5.0,0.6480135036695832,-0.5420351657044231,0.0014026746188397553,-0.00039773707724183305,0.5726930030867478,-3.0,5.0
2.9,0.00026807168778769945,0.0011337501322565694,0.17954155926045076,-0.06781547497444604,-0.009329570621011012,-0.0074010841331340164,0.00012579367515985328,0.0013603778186121434,-0.00042064007023389586,0.5716675660146608,1.0000000000000002,5.0,0.5889156149091443,-0.4771544238920757,0.0011598625076075027,-0.000547921668276635,0.5731670284680119,3.0,5.0
2.91,0.0003472729960227602,0.0010478625617336731,0.18621969753892353,-0.07369653811243791,-0.009312727180111228,-0.0073298485114039426,0.0006224361054561103,0.0011439127472130674,-0.0005650192019107747,0.5721587768074755,-0.9999999999999998,5.0,0.518809906939844,-0.4025392611378532,0.0009274476758139912,-0.0007093983335876535,0.5736324091859195,-3.0,5.0
2.92,0.00043259243905940936,0.0009553410888429955,0.19114036673651513,-0.07805696078469239,-0.009290907374249324,-0.0072640093648856565,0.000119761805070199,0.0008935393538674818,-0.0007269276895792068,0.5726413662428588,1.0000000000000002,5.0,0.439198617338958,-0.3185560974599681,0.0006431659605218962,-0.0008888361772476389,0.5740891345490086,3.0,5.0
2.93,0.0005232669700396068,0.0008568448313935194,0.19417637504012694,-0.08081181567437351,-0.009263726789678373,-0.007203983513958024,0.0006178063642827462,0.0006367171090583541,-0.0008997491752537217,0.5731153232023014,-0.9999999999999998,5.0,0.3515926306982937,-0.22806279674407162,0.0003798948642492263,-0.0010725706609282365,0.5745371940806294,-3.0,5.0
2.94,0.0006164069251394193,0.0007556383693205882,0.19524124908193807,-0.08188983569718108,-0.00923084895629952,-0.007150146365406579,0.0001166250820474258,0.00035640682159101595,-0.0010832301312855867,0.5735806367815278,1.0000000000000002,5.0,0.2578854165314757,-0.13178349974053194,7.60965341236778e-05,-0.0012667110873174515,0.5749765775192072,3.0,5.0
2.95,0.0007110384235991985,0.0006525717628861854,0.19428805854631412,-0.08127418485024011,-0.009192118966946723,-0.007102668206410016,0.0006162226774982296,8.077349425966035e-05,-0.0012702097800271516,0.5740372962907712,-0.9999999999999998,5.0,0.15990986080352854,-0.032860570971593485,-0.00019485983307169529,-0.0014571894287687163,0.5754072748185011,-3.0,5.0
2.96,0.000804141428729135,0.0005510151669370111,0.19131398031013602,-0.07896401604672429,-0.009147443105186738,-0.007061665913285549,0.00011662209429337544,-0.00020674677247727778,-0.0014600436139912084,0.574485291255043,1.0000000000000002,5.0,0.05980491520939381,0.06777709156688846,-0.0004942670392142159,-0.001649877447955265,0.5758292761478585,3.0,5.0
2.97,0.0008946954738019943,0.0004518360324336683,0.1863573782661677,-0.07501376994535719,-0.009096917409087885,-0.0070270446092762315,0.0006177948856476654,-0.00047775557512235144,-0.0016453426683250352,0.5749246114143985,-0.9999999999999998,5.0,-0.04043329331369762,0.16686699270629415,-0.000748764377767425,-0.001830641722658862,0.5762425718924651,-3.0,5.0
2.98,0.0009797193008034728,0.0003583327480725435,0.17950057577423714,-0.0694932324068633,-0.009040702034533957,-0.006998654914073816,0.00011973071402800054,-0.0007488319220790515,-0.0018254030174237271,0.5753552467241948,1.0000000000000002,5.0,-0.13858883685431947,0.2634478588832149,-0.0010199082690357515,-0.002005463366522419,0.5766471526535837,3.0,5.0
2.99,0.0010583163704230391,0.0002712127466149178,0.17086513443416287,-0.06252533610220219,-0.008979144455374271,-0.0069761402034961085,0.0006223684388183052,-0.0009918424402680346,-0.0019929474976527503,0.5757771873553453,-0.9999999999999998,5.0,-0.2326771052134071,0.3543138698419639,-0.0012348529584570178,-0.0021604919778817734,0.577043009248797,-3.0,5.0
3.0,0.0011277124833220453,0.00019352892269574614,0.16061285412891355,-0.05424475557315772,-0.008912648476684375,-0.006959099404049602,0.00012566631112779158,-0.0012238772293192775,-0.0021475540516444104,0.5761904236945674,1.0000000000000002,5.0,-0.3205825534198431,0.4386488995863048,-0.0014559120183705206,-0.00230216060563607,0.5774301327122338,3.0,5.0
3.0100000000000002,0.0011872975011531733,0.000125662341080176,0.14893934569496392,-0.0448343124231144,-0.008841792211625054,-0.00694693962321364,0.0006295337343038858,-0.00141755097957629,-0.002282392695394011,0.5765949463446263,-0.9999999999999998,5.0,-0.4005083179021266,0.5134782961925736,-0.0016112247298333022,-0.002417231339143611,0.5778085142948026,-3.0,5.0
3.02,0.001234657475112911,7.026499758544766e-05,0.13607342769223,-0.034482269914020744,-0.008767192109480086,-0.006939044025462232,0.00013390209494670738,-0.001590924665500276,-0.0023976455790344305,0.5769907461245715,1.0000000000000002,5.0,-0.4706106044186688,0.5782988355797875,-0.0017642983514242622,-0.00251289846267485,0.5781781454644069,3.0,5.0
3.0300000000000002,0.0012696092747301038,2.725048968932148e-05,0.12226923323536511,-0.02341756180343693,-0.008689616292409798,-0.0069346291454578535,0.000638657109283732,-0.0017177876946934513,-0.00248723229302367,0.5773778140699698,-0.9999999999999998,5.0,-0.529443145648756,0.6305244566823752,-0.0018446507238866264,-0.002576819007012909,0.5785390179061647,-3.0,5.0
3.04,0.001290224163436401,-1.2537979792705044e-06,0.10780431029973529,-0.011866060426562245,-0.008609844389001368,-0.006932916946693559,0.00014371017696751087,-0.001817556191581867,-0.0025522151135693423,0.5777561414331313,1.0000000000000002,5.0,-0.5755847280515235,0.6701085286440734,-0.0019173246884702827,-0.0026171979341150144,0.5788911235226157,3.0,5.0
3.0500000000000003,0.0012968525842284198,-1.590532526853724e-05,0.0929706300472163,-8.495159812842677e-05,-0.00852877721393465,-0.006932995725143974,0.0006489311756656445,-0.0018655277598527786,-0.0025875066301986674,0.5781257196833315,-0.9999999999999998,5.0,-0.6080752190574864,0.6949804085117984,-0.00191349932812369,-0.0026227981468279924,0.5792344544339322,-3.0,5.0
3.06,0.0012881368010325878,-1.5182457305688614e-05,0.07807181118336297,0.011681659409352564,-0.008447293562906633,-0.006933995086204306,0.00015422017851255028,-0.0018827489538528084,-0.002595254803021383,0.5784865405070264,1.0000000000000002,5.0,-0.6260332614608819,0.7056572236464345,-0.0018999701478528384,-0.002603002975844098,0.5795690029781111,3.0,5.0
3.0700000000000003,0.001265023882596612,-3.705275563883194e-07,0.06341349495650597,0.023168827905129738,-0.00836635754068778,-0.0069349490281310055,0.0006594405195166413,-0.0018462364304560846,-0.002571528301826124,0.5788385958080631,-0.9999999999999998,5.0,-0.6290812641388355,0.7006688498390918,-0.0018097239070593608,-0.0025478018006308647,0.579894761711173,-3.0,5.0
3.08,0.001226765917927524,2.9415224817920592e-05,0.04930019388722197,0.03413540052206694,-0.008286873745964157,-0.006934972309063987,0.0001644906826215191,-0.0017788087025404373,-0.002519677631034999,0.579181877707885,1.0000000000000002,5.0,-0.616951080855762,0.6811572564804598,-0.00171138097462479,-0.0024678269602438742,0.5802117234073508,3.0,5.0
3.09,0.0011749202083977824,7.225699669586101e-05,0.03602555857368132,0.04433010723145982,-0.008209793770055448,-0.006933124095980154,0.0006692374351964262,-0.0016592702058686804,-0.00243699538706006,0.5795163785457312,-0.9999999999999998,5.0,-0.5898962534312602,0.6462884466827261,-0.0015397317091969238,-0.0023543131430851212,0.58051988105927,-3.0,5.0
3.1,0.001109336593369549,0.00012842488840789846,0.023869389811342914,0.05353597749682172,-0.008135971356150315,-0.006928584054980351,0.0001735876794943332,-0.0015122053748532933,-0.0023280516742294408,0.5798420908788307,1.0000000000000002,5.0,-0.5482844753752832,0.5978384351003077,-0.001365140543837906,-0.0022191079613988218,0.5808192278781289,3.0,5.0
3.11,0.001032144926226702,0.00019541736687883463,0.01308833881097534,0.06153599409495886,-0.008066269682308553,-0.006920514881261144,0.000677421442911521,-0.0013181252312641563,-0.0021913285648665127,0.5801590074825906,-0.9999999999999998,5.0,-0.49299642833964485,0.5355917715995759,-0.0011240450876750195,-0.0020546054555035847,0.5811097572938706,-3.0,5.0
3.12,0.0009437301276537844,0.00027296429176343394,0.003913615473619703,0.0681568551749526,-0.008001418103955077,-0.0069082364459777355,0.0001806634828787029,-0.001103224974921551,-0.0020325301743501266,0.5804671213507799,1.0000000000000002,5.0,-0.42500492953227254,0.4619143367646444,-0.0008883247185789456,-0.0018737317838337405,0.5813914629553477,3.0,5.0
3.13,0.0008467080955424024,0.0003580791052574892,-0.0034573653776700805,0.07323377040513832,-0.007942121791234907,-0.006891085593703808,0.0006832159317093839,-0.000849495858534713,-0.0018511927755469294,0.5807664256957067,-0.9999999999999998,5.0,-0.3457608245377938,0.37713919765431053,-0.000595766742147875,-0.0016698553767437322,0.5816643387304871,-3.0,5.0
3.14,0.000741890147756589,0.0004500724991851342,-0.008862098105834375,0.0766531784893432,-0.007888921552581087,-0.0068685868199741896,0.0001850294638479021,-0.0005844505818112482,-0.0016539720449692736,0.5810569139483908,1.0000000000000002,5.0,-0.2567598398750367,0.2841275211415508,-0.0003194053050877834,-0.001456751314391618,0.5819283787064432,3.0,5.0
3.15,0.0006322495080687015,0.0005456139275650398,-0.012179954085420101,0.07831633267935278,-0.007842307219821832,-0.006840307930833733,0.0006860354194508055,-0.00029120618507020093,-0.0014412323581491542,0.5813385797587302,-0.9999999999999998,5.0,-0.15991709412998895,0.18364358987688043,2.03821167084632e-06,-0.0012284926713290348,0.5821835771897484,-3.0,5.0
3.16,0.0005188777189573756,0.0006437530720200335,-0.013331729385537493,0.07818066599715054,-0.007802581811626144,-0.0068060259967030416,0.00018621637717948036,1.815687543496483e-06,-0.001220315680634465,0.5816114169956625,1.0000000000000002,5.0,-0.05712372892991569,0.078906154588259,0.0002948375601571939,-0.0009993990031197761,0.5824299287064598,3.0,5.0
3.17,0.00040494467101949265,0.0007409874527819235,-0.012284897540037252,0.07622191039062275,-0.007769979763026386,-0.006765577798267362,0.0006855376221928326,0.0003108266169990226,-0.0009921153772348226,0.581875419747321,-0.9999999999999998,5.0,0.04938741726862208,-0.029044621242196186,0.0006198375464545487,-0.0007639150738351802,0.5826674280022968,-3.0,5.0
3.18,0.000291650280120447,0.0008362881519135634,-0.009051328760140101,0.07247391173616917,-0.007744536338954683,-0.0067190201835061235,0.00018401701564922657,0.0006069869916568102,-0.000764332833240026,0.5821305823211843,1.0000000000000002,5.0,0.1574924348752102,-0.1368022096320807,0.0009031473663145979,-0.0005365502892452293,0.582896070042774,3.0,5.0
3.19,0.00018218161412056127,0.0009261697386824336,-0.0036906386774439096,0.06698914709478168,-0.007726211411405806,-0.006666474649219407,0.0006816557262396111,0.0009063544357401833,-0.0005380424919911109,0.5823768992442218,-0.9999999999999998,5.0,0.26481618097707843,-0.24323135631646306,0.0012057218798235563,-0.00031175215074219595,0.583115850013334,-3.0,5.0
3.2,7.766357442558128e-05,0.0010097163012526924,0.0036940323086493863,0.059876919634440355,-0.007714764602995001,-0.006608281688278968,0.00017850734539648914,0.0011802044845995435,-0.00032094341230362545,0.5826143652630327,1.0000000000000002,5.0,0.3691865429096321,-0.34492578470677904,0.0014540545334589036,-0.00010384433261614005,0.5833267633194653,3.0,5.0
3.21,-1.8883031470706292e-05,0.0010836496541385791,0.012954605238162869,0.05126227174243331,-0.007709884856697663,-0.006544839341994462,0.0006746078625198811,0.0014449784536181203,-0.00011392308298804684,0.5828429753439802,-0.9999999999999998,5.0,0.4682759502728352,-0.44084649306593926,0.001709752422636697,9.309724632753177e-05,0.5835288055868229,-3.0,5.0
3.22,-0.00010658792766988675,0.0011473516477838648,0.023904172345389448,0.04132262575830117,-0.00771107131255658,-0.006476751626144324,0.00017004403783692863,0.0016725978738096237,7.568834942377745e-05,0.5830627246733197,1.0000000000000002,5.0,0.5600552999700777,-0.5277780928392778,0.0019002172940011269,0.0002652997818356017,0.5837219726613381,3.0,5.0
3.23,-0.00018276852902019834,0.0011979267144252806,0.03631738627137564,0.030245226049946464,-0.007717768429567162,-0.006404661395989085,0.0006648826650245155,0.0018804005332771609,0.00024754773181877255,0.5832736086573211,-0.9999999999999998,5.0,0.6424331100913012,-0.6049637303784391,0.002088203192744698,0.00041940711421376757,0.5839062606093257,-3.0,5.0
3.24,-0.00024696981059063106,0.001235216682765266,0.04993824801740327,0.018262423536197073,-0.007729252114928708,-0.006329393440677537,0.00015923827648101486,0.002041437708655827,0.0003950343895958027,0.5834756229223876,1.0000000000000002,5.0,0.7137051029923532,-0.6695560973442123,0.0022024748840344926,0.0005425210473728329,0.5840816657175869,3.0,5.0
3.25,-0.00029699322500123635,0.0012568541412630026,0.06448201320826984,0.005607905844512118,-0.007744769685780908,-0.006251782487554198,0.0006532017978008812,0.002174387951897872,0.000518665929077627,0.5836687633151654,-0.9999999999999998,5.0,0.7721871113489193,-0.7212451710406559,0.002307338195139917,0.0006422974685594512,0.5842481844934988,-3.0,5.0
3.2600000000000002,-0.0003329268190107664,0.0012632665649069728,0.07964430276052241,-0.007449059171367118,-0.007763430320457504,-0.006172812012817683,0.0001469077176066391,0.002253827451737193,0.0006128165802336842,0.5838530259026522,1.0000000000000002,5.0,0.8166566263208739,-0.757700328848034,0.0023332669515765143,0.0007069672313897413,0.5844058136651129,3.0,5.0
3.27,-0.00035316308251264204,0.001252717700704252,0.09510410821272122,-0.020648240170766906,-0.007784348729433249,-0.006093438633620936,0.0006404622911160248,0.0023001128709914534,0.0006791129024684951,0.5840284069722965,-0.9999999999999998,5.0,0.8459760389902474,-0.7791876540968428,0.0023463982902457133,0.0007454092247033058,0.5845545501812295,-3.0,5.0
3.2800000000000002,-0.00035841690612502676,0.001226298670941396,0.11053375302420644,-0.033704832344541996,-0.007806538620344066,-0.0060147280591098485,0.00013401035371848435,0.002289617304798645,0.0007131294806644814,0.5841949030320936,1.0000000000000002,5.0,0.8595230871367291,-0.7840002873860041,0.0022791217386058365,0.0007471460588604677,0.5846943912114848,3.0,5.0
3.29,-0.0003477304299296388,0.0011829555574480576,0.1256024803892702,-0.04635447945219191,-0.00782905861872816,-0.00593767744119512,0.0006276632711282712,0.002244575964067073,0.0007177598951464465,0.5843525108106753,-0.9999999999999998,5.0,0.8568017831548929,-0.7730628800684747,0.0021995346233355017,0.0007223903096284117,0.5848253341464205,-3.0,5.0
3.3000000000000003,-0.00032247742846755315,0.001124466212219599,0.13998671469352986,-0.058319830742970674,-0.007850907166010092,-0.005863350151419079,0.00012156560846112992,0.0021432829953939364,0.0006898861010374854,0.5845012272573941,1.0000000000000002,5.0,0.8378595870036607,-0.7453482679797485,0.0020419900267207997,0.0006620123069285242,0.5849473765975504,3.0,5.0
3.31,-0.0002823542974397104,0.001050453356312715,0.1533736588484645,-0.06935548631195736,-0.007871169020414535,-0.005792697855588698,0.000615823048614779,0.0020098968551724283,0.0006337220459095116,0.5846410495424017,-0.9999999999999998,5.0,0.8028843738709109,-0.7024677054866576,0.0018765107149509202,0.0005775579907815378,0.5850605163974245,-3.0,5.0
3.3200000000000003,-0.0002293705782019089,0.000963347017207685,0.16547127240525603,-0.07921423368032364,-0.007888909864145458,-0.005726695924646083,0.0001105691437570008,0.0018245964930017427,0.0005474552321218982,0.5847719750567228,1.0000000000000002,5.0,0.7526072507392475,-0.6440730747129312,0.001639296130831057,0.0004611884183342847,0.5851647515996862,3.0,5.0
3.33,-0.00016382637847784835,0.000863383671142618,0.1760112966329622,-0.08769143422436056,-0.007903321642614033,-0.005666167046403737,0.0006058934293550204,0.0016133466187726775,0.0004365626374742978,0.5848940014123223,-0.9999999999999998,5.0,0.6878850722265264,-0.5724327140472159,0.0014020967445436126,0.00032567004282669734,0.5852600804791204,-3.0,5.0
3.34,-8.82899141714589e-05,0.0007535554385188257,0.18475838154548918,-0.09459047239442397,-0.007913615157555837,-0.0056119190504339165,0.00010190848120336172,0.0013580151599716576,0.0003004252868260464,0.5850071264421676,1.0000000000000002,5.0,0.610089014689754,-0.4878195856898837,0.001102683701170638,0.0001642879361777951,0.5853465015317034,3.0,5.0
3.35,-3.5628091758359325e-06,0.0006345969837589663,0.19151199710957806,-0.09976614139940837,-0.00791916257647078,-0.005564571765839449,0.0005986784391911716,0.0010861020117469682,0.00014561846372213564,0.5851113482002852,-0.9999999999999998,5.0,0.5206733614665037,-0.39307372567718646,0.0008141888635222787,-9.18835938177512e-06,0.585424013474638,-3.0,5.0
3.36,8.735335974189162e-05,0.000509923733451966,0.19611420533167714,-0.10308889796407336,-0.007919386434373439,-0.005524698861396101,9.628657033142402e-05,0.0007808229735267794,-2.749759299094408e-05,0.5852066649618121,1.0000000000000002,5.0,0.42155115203101506,-0.2889779835391647,0.0004755439353065907,-0.0002006136497040238,0.5854926152463926,3.0,5.0
3.37,0.00018330139581544382,0.0003806093050096551,0.19845000241605018,-0.10448688373258098,-0.007913897860908809,-0.005492659408298025,0.0005947643847682311,0.00047080870413010125,-0.00021150900110699302,0.5852930752230409,-0.9999999999999998,5.0,0.3146511267451668,-0.17880926433929956,0.0001607944347334231,-0.00039552040922304196,0.5855523060067273,-3.0,5.0
3.38,0.0002810099927300734,0.00025031597035675326,0.19845333936555432,-0.10390867357925199,-0.007902380694539078,-0.0054687450203679,9.415986536725281e-05,0.00014016324488795215,-0.00040537623926186134,0.5853705777014602,1.0000000000000002,5.0,0.20228287780756601,-0.06370452565268683,-0.0001904822143541968,-0.0005992434774167296,0.585603085136718,3.0,5.0
3.39,0.0003791443642360764,0.00012026622274774598,0.1961055659677763,-0.1013636792511676,-0.007884724315964155,-0.00545301720409692,0.0005944673110340756,-0.00018185748959926456,-0.0006011809220097181,0.5854391713357889,-0.9999999999999998,5.0,0.08668486933125526,0.05279604163151956,-0.0005038782240864812,-0.000796985604757575,0.5856449522387754,-3.0,5.0
3.4,0.00047435214740142975,-5.830591678012158e-06,0.19143944563782164,-0.09688320202265073,-0.007860901972977475,-0.005445460654459734,9.56963394155878e-05,-0.0005108022365213777,-0.0007975656800877615,0.5854988552860055,1.0000000000000002,5.0,-0.029617563245235755,0.16938921402380808,-0.0008397469834434906,-0.0009939504381658048,0.5856779071366554,3.0,5.0
3.41,0.0005653164149819147,-0.0001268084143664183,0.18453552770670958,-0.09055909808454685,-0.007831097548547657,-0.005445827001339368,0.0005978025331070495,-0.0008173551703075715,-0.000986488948481634,0.5855496289333711,-0.9999999999999998,5.0,-0.144269407969753,0.2824697447967343,-0.0011239081040937654,-0.0011754122168755065,0.5857019498754681,-3.0,5.0
3.42,0.0006488018870235316,-0.00023911737433955583,0.17552406795679973,-0.08250308679289294,-0.007795577670622439,-0.005453794608999106,0.00010075725825669049,-0.001117295695640154,-0.0011666688003343782,0.5855914918804475,1.0000000000000002,5.0,-0.25473113148914506,0.3907726447848249,-0.001417236220972736,-0.0013468486521871225,0.5857170807216762,3.0,5.0
3.43,0.0007237061562124558,-0.0003418512792117191,0.16457932810306392,-0.0728837023283687,-0.007754812245784273,-0.005468818796730523,0.0006044791225354794,-0.0013818263816776032,-0.0013303375174752346,0.5856244439511094,-0.9999999999999998,5.0,-0.3587368869895202,0.49083410308912806,-0.0016463570677150525,-0.0014940062346160909,0.5857233001630953,-3.0,5.0
3.44,0.0007871020402680142,-0.0004318157255298975,0.15191948898430357,-0.06188395532774418,-0.007709340446909978,-0.005490297946078359,0.00010890458417686362,-0.0016275238023022351,-0.001476681011162331,0.5856484851905519,1.0000000000000002,5.0,-0.45393850471070424,0.5816314972417149,-0.0018732212229268669,-0.0016230245048494273,0.5857206089088793,3.0,5.0
3.45,0.0008382829430359265,-0.0005085487462681356,0.13779905104835255,-0.04973674031060715,-0.007659885367163347,-0.0055174297282989445,0.0006139201621981602,-0.001826651562768103,-0.001598584847879453,0.5856636158652908,-0.9999999999999998,5.0,-0.5383603670078875,0.6600398940919993,-0.002025779323233971,-0.0017204886845965748,0.5857090078895075,-3.0,5.0
3.46,0.0008747974475676521,-0.0005693801541140952,0.12250699778917529,-0.036681088816084104,-0.0076072144964539215,-0.00554938278840431,0.0001194337433420993,-0.0019970905511840775,-0.001696061145619953,0.5856698364631591,1.0000000000000002,5.0,-0.6100379530497922,0.7254655694204856,-0.0021675295396000518,-0.001793537443360453,0.5856884982567638,3.0,5.0
3.47,0.0008964851736554311,-0.0006144416702816443,0.10635763374405136,-0.022996334789592995,-0.0075522493517607685,-0.005585157998589604,0.0006253074207200809,-0.00211262609081631,-0.0017629783325141418,0.5856671476932968,-0.9999999999999998,5.0,-0.6674652555156686,0.7752940703075567,-0.0022281616304485425,-0.0018298955194083308,0.5856590813837099,-3.0,5.0
3.48,0.000901500311839838,-0.0006417142076136686,0.08968740703954411,-0.008957319546726393,-0.007495921527048607,-0.0056237645073379285,0.00013142934592872183,-0.0021928475417304556,-0.0018004683510100422,0.5856555504861358,1.0000000000000002,5.0,-0.7092239980082016,0.8095135130578969,-0.0022730689926446015,-0.0018379583695059428,0.5856207588646528,3.0,5.0
3.49,0.0008903350892839815,-0.0006520246418811003,0.07284465798049371,0.005132273640114491,-0.007439278591910908,-0.005664084600144795,0.0006376470175180132,-0.002213400642335925,-0.0018036336918470846,0.5856350459933791,-0.9999999999999998,5.0,-0.7344200396761795,0.8261508443419078,-0.0022339537429413936,-0.001806799032684127,0.585573532515109,-3.0,5.0
3.5,0.00086182983217553,-0.0006440787133369434,0.05618562844938063,0.018985308930506935,-0.007383337188396353,-0.005705052516642659,0.00014383947741052712,-0.0021958488461607606,-0.0017749293002481826,0.5856056355879742,1.0000000000000002,5.0,-0.7423001167894804,0.8258819967935634,-0.0021782970499855964,-0.0017462249086492806,0.5855174043717593,3.0,5.0
3.5100000000000002,0.0008171821572817597,-0.0006194426892745425,0.0400636927222256,0.032298207024765144,-0.007329186823008209,-0.005745521175725717,0.0006498508301374095,-0.0021178847291606134,-0.0017108422553767796,0.5855673208640809,-0.9999999999999998,5.0,-0.7326745612648603,0.8074539351726084,-0.002039920612160466,-0.0016467552105053765,0.5854523766924011,-3.0,5.0
3.52,0.0007559422534480225,-0.0005775607439304804,0.024825157470132177,0.04479641858015349,-0.007277841753768988,-0.005784441907764613,0.00015556255082198084,-0.0020031485695202952,-0.0016152448293602043,0.5855201036370349,1.0000000000000002,5.0,-0.7055194267368103,0.7722798173196733,-0.001888412409879977,-0.0015196474033436292,0.5853784519558969,3.0,5.0
3.5300000000000002,0.0006800070945645742,-0.0005207210116798393,0.010798598126852304,0.05620125409423221,-0.00723034450116958,-0.00582073111956729,0.0006608269935881735,-0.001831396066306036,-0.001486044426280005,0.5854639859433036,-0.9999999999999998,5.0,-0.661383964624901,0.719845577521989,-0.001659643563091777,-0.0013568440231998059,0.58529563286211,-3.0,5.0
3.54,0.0005896008600221867,-0.000449057599181924,-0.0017089206455826473,0.0662749167973322,-0.00718761839531612,-0.005853448985664555,0.00016553956570089967,-0.0016282732158815066,-0.0013285066298414343,0.5853989700404383,1.0000000000000002,5.0,-0.6009771986036038,0.6522894800933545,-0.0014251503654569774,-0.0011709688334028637,0.585203922331842,3.0,5.0
3.5500000000000003,0.00048725471912288543,-0.00036550183892905297,-0.012421779906398074,0.07478663820500979,-0.007150572680708202,-0.005881664106757127,0.0006695719810876808,-0.001375441236099147,-0.0011418754925951082,0.5853250584070196,-0.9999999999999998,5.0,-0.5255598664859102,0.5697932796710768,-0.0011226092563167871,-0.0009552443553487823,0.5851033235067636,-3.0,5.0
3.56,0.00037377356346010137,-0.0002707703866276359,-0.021098562323785347,0.08155677578053895,-0.007119957563787733,-0.005904629264598189,0.00017284406309296479,-0.0011003104680554858,-0.0009326679246584366,0.5852422537425985,1.0000000000000002,5.0,-0.43651580639330406,0.47514686331389433,-0.0008251797000118245,-0.000723460356721765,0.5849938397493353,3.0,5.0
3.5700000000000003,0.00025220313822245496,-0.00016830374513813996,-0.02754068809603622,0.08642179044813732,-0.0070964726781662865,-0.00592164226974697,0.0006752565171528876,-0.0007861270241777288,-0.0007012669274856444,0.5851505589676309,-0.9999999999999998,5.0,-0.33572937966712707,0.369125329650399,-0.00047194358029997165,-0.0004698659303128521,0.5848754746427278,-3.0,5.0
3.58,0.00012378543109868787,-5.92430947182468e-05,-0.031593621968267704,0.08927698633234556,-0.007080626287641247,-0.005932217105932922,0.00017676215264302519,-0.0004616719402681907,-0.00045519111368472637,0.5850499772234066,1.0000000000000002,5.0,-0.22514331894316136,0.255040683578421,-0.00013721685635865262,-0.00020911529988380836,0.5847482319907336,3.0,5.0
3.59,-8.083981367101823e-06,5.264073936954696e-05,-0.03315374143796676,0.09003995777424662,-0.007072848619622025,-0.005935939459355778,0.0006772979861684594,-0.00011131735934119362,-0.00019566579932553808,0.5849405118719739,-0.9999999999999998,5.0,-0.10712388683124659,0.13410738333091698,0.0002390372215858035,6.385951503365018e-05,0.5846121158176762,-3.0,5.0
3.6,-0.00014190855360614337,0.0001659780882382751,-0.03216759305113803,0.08869165714785678,-0.007073356551151518,-0.005932631944154119,0.00017685571908110354,0.00023529982134751725,6.912640324913908e-05,0.5848221664960574,1.0000000000000002,5.0,0.015991998276127677,0.00998417202076889,0.000581917002036228,0.00033391860582381624,0.5844671303683079,3.0,5.0
3.61,-0.00027413947553347757,0.00027687700397267936,-0.028636666839729343,0.08523806288157201,-0.00708227292854133,-0.0059222032333007945,0.0006754130367043992,0.0005932417386004084,0.0003374897832030737,0.5846949448989709,-0.9999999999999998,5.0,0.1415405464471735,-0.11586834941741694,0.0009511836558532994,0.0006058531631570083,0.584313280107711,-3.0,5.0
3.62,-0.00040323224382948455,0.0003839573622410556,-0.022614459061497158,0.0797493980646754,-0.007099497619789229,-0.005904806538068224,0.00017300323862969112,0.000932609894815086,0.0006009762430329256,0.5845588511045244,1.0000000000000002,5.0,0.2669909325612103,-0.23965179406866205,0.0012719780510297635,0.0008644627028627774,0.5841505697211851,3.0,5.0
3.63,-0.0005256971203345478,0.0004834284118376658,-0.01420899896292927,0.0723199176413348,-0.007124833448887334,-0.005880681785498059,0.0006696456651714219,0.0012685165940650358,0.00085783654881548,0.5844138893569266,-0.9999999999999998,5.0,0.38959390099030755,-0.3598761095399035,0.0016044232933149854,0.0011146968545980344,0.5839790041141331,-3.0,5.0
3.64,-0.0006401552072663808,0.0005741215090074813,-0.0035776568583619217,0.0631052541068063,-0.007157863973112461,-0.005850307082554743,0.00016541444761514852,0.0015714263848817568,0.0010997836636324994,0.5842600641206803,1.0000000000000002,5.0,0.5068441638587472,-0.472825039840973,0.0018743361756984778,0.0013417307784495188,0.5837985884119415,3.0,5.0
3.65,-0.0007433861544065448,0.0006525639580028746,0.009072543146125695,0.05228037935103184,-0.0071980861110385675,-0.0058142339642554275,0.0006603680658963379,0.0018571220020233378,0.0013254421022578272,0.5840973800804738,-0.9999999999999998,5.0,0.6161292392206913,-0.5772012870955417,0.0021428176191649185,0.001551100540883155,0.5836093279598544,-3.0,5.0
3.66,-0.0008343792704027902,0.0007180057578212816,0.023492241409917076,0.04007521147798141,-0.0072447944406678465,-0.005773232161526242,0.00015461725978572994,0.0020970337795060455,0.001527104860451905,0.5839258421410656,1.0000000000000002,5.0,0.715189733247564,-0.6695886697039477,0.002336945556988753,0.0017287676186459832,0.5834112283228408,3.0,5.0
3.67,-0.0009103741428363367,0.0007674852872659415,0.039391423112395615,0.026730961602843953,-0.007297220036391947,-0.005728118529246111,0.000648253795161415,0.0023081872359306454,0.0017041719608939993,0.5837454554271642,-0.9999999999999998,5.0,0.8017637411257883,-0.7490916889051256,0.0025193406923552453,0.0018812390613360936,0.5832042952854599,-3.0,5.0
3.68,-0.0009709026742048334,0.0008008458855652741,0.05644855327483102,0.012534284455158834,-0.007354420530775002,-0.0056798960064418525,0.0001414176485032883,0.0024635081483077117,0.001849892366867342,0.5835562252833028,1.0000000000000002,5.0,0.874040448377439,-0.8127899026620081,0.002618829060684778,0.0019956127728406846,0.5829885348517186,3.0,5.0
3.69,-0.0010138188164391419,0.0008157895615735908,0.07431385793679184,-0.002227640323647577,-0.007415424144947653,-0.005629577375426863,0.000634225127000849,0.002581740288194485,0.001964783593795248,0.5833581572737074,-0.9999999999999998,5.0,0.9302957328887751,-0.8603676681041814,0.002699972428081258,0.0020796748207231545,0.5827639532449214,-3.0,5.0
3.7,-0.0010393281285761996,0.0008128800293210122,0.09261980871636079,-0.01723400428291786,-0.00747912425986358,-0.005578319805556567,0.00012683550162887424,0.0026377157288859678,0.002043351142649043,0.5831512571821604,1.0000000000000002,5.0,0.9693350205864565,-0.8895568448946871,0.00269369116957745,0.002121918691502837,0.5825305569075194,3.0,5.0
3.71,-0.0010460036928586066,0.0007905815783114148,0.11098547196576976,-0.03217609312888857,-0.007544427172131664,-0.005527245046989272,0.0006193786828972205,0.0026522335980785536,0.002087482535778238,0.5829355310118581,-0.9999999999999998,5.0,0.9901164086152854,-0.900753254572024,0.0026667514672711395,0.0021316139289074333,0.5822883525009512,-3.0,5.0
3.72,-0.0010348007966214472,0.0007502462809783252,0.1290277552165689,-0.04672472596037893,-0.007610149522473912,-0.005477571341419541,0.00011202152676742245,0.0026022879793661377,0.002093138598201957,0.5827109849852632,1.0000000000000002,5.0,0.9921795606485552,-0.8924447577653275,0.002552342360653722,0.002098794660625676,0.5820373469054785,3.0,5.0
3.73,-0.0010050572222943485,0.0006911363733702103,0.14636619388976801,-0.060576246938140385,-0.007675167974085809,-0.005430431977325449,0.00060489530817387,0.0025109017094748277,0.0020637173420031286,0.5824776255439512,-0.9999999999999998,5.0,0.9752536729440957,-0.8658120441304127,0.0024195154395835177,0.0020342960858043,0.5817775472200151,-3.0,5.0
3.74,-0.0009584918779349189,0.0006153946554127107,0.16263429945720484,-0.07341995120275108,-0.007738317581805754,-0.005387006598261278,9.816195478697305e-05,0.0023573077070552766,0.0019967137202350892,0.5822354593484518,1.0000000000000002,5.0,0.9396703278157227,-0.8201403208408587,0.002203713704635725,0.0019297100984670495,0.5815089607619535,3.0,5.0
3.75,-0.0008951889469301531,0.0005230500998654162,0.1774841075401482,-0.08498377952212761,-0.007798541402650671,-0.005348340211691218,0.0005919415808872839,0.002166735553077616,0.0018970512647785251,0.5819844932780849,-0.9999999999999998,5.0,0.8859548660456747,-0.7574033358787396,0.001976163399099956,0.001797388809321961,0.5812315950669843,-3.0,5.0
3.7600000000000002,-0.000817580629813348,0.0004169718710765172,0.1905969498041723,-0.09500116778542878,-0.007854787783035682,-0.005315476004667286,8.637891363532573e-05,0.001920545952180711,0.0017637095511307515,0.5817247344307906,1.0000000000000002,5.0,0.8152224418027502,-0.6776582737223508,0.0016743563512838062,0.001630367837482978,0.5809454578889081,3.0,5.0
3.77,-0.0007264159944189604,0.00029785929163181433,0.20168709796470127,-0.10325589606199159,-0.00790615788904246,-0.005289276889328735,0.0005815711484576569,0.00164597178808913,0.0016030241867506824,0.5814561901229546,-0.9999999999999998,5.0,0.7287527452343541,-0.5836133144419733,0.0013713976239975486,0.001442338822370613,0.5806505571994462,-3.0,5.0
3.7800000000000002,-0.0006247293348071816,0.00016918129378681111,0.21051132058836466,-0.1095478393402765,-0.007951799952072795,-0.005270561838080856,7.763481993676945e-05,0.0013262093740600894,0.0014152839393597304,0.5811788678892266,1.0000000000000002,5.0,0.6283699092594914,-0.47600674409297655,0.0010064469600310486,0.0012275436919687783,0.5803469011880424,3.0,5.0
3.79,-0.000513795865570908,3.2153209180876276e-05,0.21687102452147325,-0.11373648612627306,-0.00799105285384704,-0.0052599318638871465,0.0005746342163849925,0.0009901195409399146,0.0012080023521780215,0.580892775482335,-0.9999999999999998,5.0,0.5160019305476501,-0.35815974579948145,0.0006540297078197401,0.0010007207649963125,0.5800344982616603,-3.0,5.0
3.8000000000000003,-0.000397088438573363,-0.00010933527806681229,0.220620051388005,-0.11570515352419974,-0.008023335600181487,-0.005257911618172107,7.264891346853521e-05,0.0006222830311745245,0.0009824890758827645,0.5805979208728953,1.0000000000000002,5.0,0.39404645053664294,-0.23134207865498044,0.00025444652140913437,0.0007569757995875075,0.5797133570445765,3.0,5.0
3.81,-0.00027622336534796784,-0.0002537529066424011,0.22166483640049087,-0.1154027960087133,-0.008048285402610439,-0.005264781356299165,0.0005717029417749491,0.00025267062788548344,0.0007470988274627164,0.5802943122492131,-0.9999999999999998,5.0,0.2649175332408307,-0.09931306704408194,-0.00011694177540355762,0.0005117085790426682,0.5793834863781665,-3.0,5.0
3.8200000000000003,-0.00015490925319697354,-0.0003970063009561014,0.2199700402839895,-0.1128063714387581,-0.008065641028516979,-0.005280725121645862,7.183314840288947e-05,-0.00013332682415019575,0.0005037837065042406,0.5799819580170812,1.0000000000000002,5.0,0.13140056326846392,0.036322631682319924,-0.000519324276185875,0.00026046858554576473,0.5790448953206853,3.0,5.0
3.83,-3.4887118658829324e-05,-0.0005374778417304698,0.21555640604147092,-0.1079606996359943,-0.008075374263953312,-0.0053056697632161125,0.0005730192504890267,-0.0005052475012851728,0.0002613272063663737,0.5796608667995722,-0.9999999999999998,5.0,-0.0038098569058796633,0.1715818359117718,-0.0008771681784201499,1.887070622850684e-05,0.578697593147045,-3.0,5.0
3.84,8.012417782707963e-05,-0.0006711077796404046,0.20850399906133218,-0.10093881759467305,-0.008077566286266982,-0.005339440491997067,7.525312242848202e-05,-0.0008775411817152216,2.1885995055479906e-05,0.5793310474368252,1.0000000000000002,5.0,-0.13776168533864178,0.30475257737559336,-0.0012498348621452703,-0.00021755521625541389,0.5783415893485842,3.0,5.0
3.85,0.00018848882442372168,-0.0007964322389786149,0.19894763222566036,-0.09187980872598978,-0.008072531935698252,-0.005381607437402772,0.0005784697954149648,-0.0012199240073822947,-0.00020578194333156907,0.5789925089858268,-0.9999999999999998,5.0,-0.267711859165718,0.43186399005207665,-0.0015623068330493676,-0.00043344988171861807,0.5779768936328316,-3.0,5.0
3.86,0.00028670719579442807,-0.0009096629263729824,0.18707768564017976,-0.08094715296867602,-0.008060688833576385,-0.005431648750823918,8.261769120312533e-05,-0.00154735965296912,-0.000419776575226412,0.5786452607201871,1.0000000000000002,5.0,-0.3907799205598959,0.5513366208891779,-0.0018747952985559457,-0.0006337712071212548,0.577603515923268,3.0,5.0
3.87,0.00037347289798676916,-0.001009720224677654,0.17313317388239577,-0.06836461771940333,-0.008042674489175602,-0.005488804558158645,0.0005875905487159687,-0.0018304055656916862,-0.0006118238456794673,0.57828931212991,-0.9999999999999998,5.0,-0.5044137583331315,0.6594503551657179,-0.0021134514784142524,-0.0008038711161325224,0.5772214663590789,-3.0,5.0
3.88,0.0004457197030020595,-0.0010933055733882509,0.15740032066226003,-0.054372777850071635,-0.008019208494923,-0.005552247150959212,9.329854566879825e-05,-0.0020851786323922935,-0.0007807262835470561,0.5779246729211586,1.0000000000000002,5.0,-0.6060400291646554,0.7549902508456561,-0.002339951699092901,-0.0009496287214146449,0.5768307552949044,3.0,5.0
3.89,0.0005026701493562491,-0.0011599249537486925,0.14020354203140187,-0.0392632242020521,-0.00799120310003277,-0.005620941566108918,0.0005996010547927333,-0.0022836792166815558,-0.0009191176866183848,0.5775513530160139,-0.9999999999999998,5.0,-0.6935242168206072,0.8347075518568887,-0.0024821798009708185,-0.0010575090896897134,0.57643139330058,-3.0,5.0
3.9,0.0005418719542133732,-0.0012069495671097996,0.12190214320712578,-0.023333585414646717,-0.007959619403064841,-0.0056938218003771655,0.00010637851888797378,-0.0024437283452511875,-0.0010268959517360267,0.5771693625522303,1.0000000000000002,5.0,-0.7648129961952778,0.8979563037822916,-0.002603777473820819,-0.0011346742168536687,0.5760233911608796,3.0,5.0
3.91,0.0005632342213382403,-0.0012346257574664995,0.10287967127527199,-0.006920455428486513,-0.00792557258405398,-0.005769656678242876,0.000613465867833934,-0.0025392575443695417,-0.0010979558975994265,0.5767787118829832,-0.9999999999999998,5.0,-0.8183840143012959,0.9421430206812087,-0.0026347867434878955,-0.001169015843462826,0.5756067598752419,-3.0,5.0
3.92,0.0005650498393686078,-0.0012411205404401653,0.08353926502487874,0.009646619889585196,-0.007890183534213847,-0.005847230502434665,0.00012072494717405046,-0.0025902067887346933,-0.0011335965789457442,0.5763794115766129,1.0000000000000002,5.0,-0.8528759568176261,0.9673500515363518,-0.0026411560330998445,-0.0011692372602920618,0.5751815106575018,3.0,5.0
3.93,0.0005480163395748176,-0.0012275150987862212,0.06429197462487077,0.02601298106617709,-0.007854680405728396,-0.00592521240587599,0.0006279783689552737,-0.002572770857970913,-0.0011292254536850836,0.5759714724163626,-0.9999999999999998,5.0,-0.8675242581881476,0.9717703618380561,-0.0025553349272071325,-0.0011248543284244229,0.5747476549356116,-3.0,5.0
3.94,0.0005112419227590732,-0.0011928329450061712,0.04555141641770269,0.04184534677529967,-0.007820247523599288,-0.006002339454206336,0.00013508224443637058,-0.0025092504524244124,-0.0010877344855157731,0.5755549054001113,1.0000000000000002,5.0,-0.8617756089420365,0.9563146820329523,-0.0024457300468779114,-0.0010462435173464626,0.5743052043513577,3.0,5.0
3.95,0.0004562492633941323,-0.0011390154716683692,0.02772175258553157,0.05679983097877805,-0.007788125246224347,-0.006077287358546161,0.0006418602020132669,-0.002378249330094802,-0.0010061711855187398,0.5751297217401008,-0.9999999999999998,5.0,-0.8357069367356718,0.9200290718639036,-0.0022472482077651916,-0.0009246078855217063,0.5738541707600693,-3.0,5.0
3.96,0.00038296415636693526,-0.001065931965286753,0.01119237062367218,0.07056830807636716,-0.0077594582595426525,-0.006148853811308531,0.00014817614548926275,-0.0022044748400851526,-0.0008890803621056458,0.5746959328626573,1.0000000000000002,5.0,-0.7896223602395552,0.864684209287431,-0.002030700350075503,-0.0007719895386925518,0.5733945662303269,3.0,5.0
3.97,0.0002937019795200246,-0.000976337186548485,-0.003673745604417064,0.08284599856612378,-0.007735395911938041,-0.0062158282919359585,0.0006538681545121904,-0.0019688841740703564,-0.0007351403003909268,0.5742535504079087,-0.9999999999999998,5.0,-0.7244541576534513,0.790174826017176,-0.00173329350805556,-0.0005812002386762076,0.5729264030436628,-3.0,5.0
3.98,0.0001891394041774793,-0.000870863973812823,-0.016544584014238667,0.09337710483462176,-0.007716942072313943,-0.0062771733665897035,0.00015882098379319345,-0.0016984347846185066,-0.0005504698737023299,0.5738025862294953,1.0000000000000002,5.0,-0.6413416265050966,0.6990909796912269,-0.0014279853951666569,-0.000365799447013733,0.5724496936942551,3.0,5.0
3.99,7.228468765610545e-05,-0.0007529643445692649,-0.027129633263652177,0.1019213829189171,-0.0077050580930605765,-0.0063318913638378315,0.0006628995674186223,-0.0013761823565118752,-0.00033523104201811573,0.5733430523942759,-0.9999999999999998,5.0,-0.5420142584013646,0.5920999663113371,-0.001053929928405244,-0.00011999221033390163,0.5719644508886174,-3.0,5.0
4.0,-5.556567292509027e-05,-0.0006238869065737048,-0.035183024145145333,0.10829849930841,-0.007700516312186427,-0.006379201508904108,0.00016602099228773886,-0.0010309858131795195,-9.69039586357347e-05,0.572874961182028,1.0000000000000002,5.0,-0.428353483585188,0.47250093677538263,-0.0006857892698471638,0.00014142312474664634,0.5714706875452844,3.0,5.0
4.01,-0.00019087026552418325,-0.00048760438342793723,-0.04051233290222616,0.11235308381573937,-0.007704007606383492,-0.006418401479351365,0.0006680873571979444,-0.0006475637242368968,0.0001631401719716593,0.5723983250851434,-0.9999999999999998,5.0,-0.30275977545768834,0.34159137924299326,-0.0002641416352942741,0.00042318430257905334,0.5709684167944897,-3.0,5.0
4.0200000000000005,-0.000331897989571188,-0.00034577936453040917,-0.04297973247545117,0.11399735801834847,-0.007716000338862682,-0.006449038566328073,0.00016905699441628304,-0.00025616250158171235,0.00043639062081754336,0.571913156808318,1.0000000000000002,5.0,-0.16769971687396035,0.20320786583743808,0.00013523872107347207,0.0007096410696634274,0.5704576519778415,3.0,5.0
4.03,-0.0004747812606493985,-0.0002026823439793565,-0.042508581396554355,0.11317428537288479,-0.007736854104578243,-0.006470764524555506,0.0006688764854082292,0.00015741843878823138,0.0007206473187235842,0.5714194692682363,-0.9999999999999998,5.0,-0.026060138322034278,0.05908052945804142,0.0005709993791581751,0.001004904016629625,0.5699384066479911,-3.0,5.0
4.04,-0.0006175788935228416,-6.0150374019513465e-05,-0.039082181580114804,0.10989816150761979,-0.007766685490988608,-0.006483499431812664,0.00016755096475116582,0.0005621834625839314,0.0010067913219426003,0.5709172755932506,1.0000000000000002,5.0,0.11931578421243519,-0.08663606404668546,0.0009669484863796315,0.0012929353251616164,0.5694106945682932,3.0,5.0
4.05,-0.0007563345629528893,7.749943574172219e-05,-0.03274784407451033,0.10421563293208104,-0.007805489117286677,-0.006487278791275272,0.0006650751627824568,0.0009719337018203719,0.001292249403321454,0.5704065891230552,-0.9999999999999998,5.0,0.26528311582965236,-0.23201595900901695,0.0013816839410568122,0.0015777074847003075,0.5688745297124691,-3.0,5.0
4.0600000000000005,-0.0008891424145398198,0.00020851313399509214,-0.023613046449827105,0.09624410707077455,-0.007853011019419254,-0.006482409358115601,0.00016150270119139163,0.0013556347203712497,0.0015677740565518596,0.5698874234083549,1.0000000000000002,5.0,0.4088653459005931,-0.372835927774441,0.0017393357389221275,0.0018432987097822652,0.568329926264254,3.0,5.0
4.07,-0.0010122056497592065,0.0003287855689343051,-0.011846875310971146,0.08613058760380378,-0.007908877484969523,-0.006469308091516882,0.0006568761131722478,0.0017274128310588424,0.0018309125222115846,0.5693597922105286,-0.9999999999999998,5.0,0.5469126622021745,-0.5072308508035497,0.002099190941746435,0.0020940509878713096,0.5677768986170496,-3.0,5.0
4.08,-0.0011238996366635425,0.00043690001481547404,0.002326407098073826,0.07408794414926675,-0.007972476241633634,-0.006448649884957474,0.00015129512386142705,0.002056918423439647,0.00207278599384512,0.5688237095012872,1.0000000000000002,5.0,0.6765731321460933,-0.6311674505654689,0.002386424015820452,0.0023146594654786558,0.5672154613735634,3.0,5.0
4.09,-0.0012208254049799992,0.0005292075513902169,0.018628423723167774,0.0603516958103036,-0.008043092938471923,-0.006421198647419523,0.0006448456841843062,0.002359310311117806,0.0022915525931975758,0.5682791894623268,-0.9999999999999998,5.0,0.7949492456195004,-0.7430965559514751,0.0026617021987959642,0.002510319192550032,0.5666456293454456,-3.0,5.0
4.1,-0.0013018651666170317,0.0006048578697630128,0.03673547847394992,0.045214361607130285,-0.008119799660943942,-0.006387947556306088,0.00013766731488320649,0.0026055996575871853,0.0024791753641506043,0.5677262464849759,1.0000000000000002,5.0,0.8995646531626752,-0.8394210355578517,0.0028518890040565652,0.002666798135103633,0.5660674175529234,3.0,5.0
4.11,-0.0013642258633246715,0.0006608674408120462,0.05628178755160471,0.028980498807227126,-0.008201598261812113,-0.006349943215503819,0.0006298812739925226,0.002812607847759722,0.0026348690755049285,0.5671648951698383,-0.9999999999999998,5.0,0.988013629024349,-0.919139680470851,0.003019616037932259,0.002790562786859252,0.5654808412244251,-3.0,5.0
4.12,-0.0014074825763563995,0.0006971369400426572,0.07687020662785113,0.011999520274795696,-0.008287315100813273,-0.006308419689562783,0.0001216571233327372,0.0029532773745220035,0.0027518473894354465,0.5665951503264297,1.0000000000000002,5.0,1.0584182240974318,-0.9793043340856658,0.0030939469012842844,0.002868825703365965,0.5648859157962041,3.0,5.0
4.13,-0.001429608040790796,0.0007115041327327697,0.0980771119943478,-0.00538055426503202,-0.00837574983925201,-0.006264617283775101,0.0006131402243428845,0.0030465907601061387,0.002830744593532137,0.5660170269728102,-0.9999999999999998,5.0,1.109065823425556,-1.0196507610741847,0.0031399041456902743,0.002909641797628828,0.5642826569119515,-3.0,5.0
4.14,-0.0014310003825881586,0.0007047444230325839,0.1194644591461151,-0.022781293007820728,-0.008465574761621235,-0.00621991216064726,0.00010451775375728732,0.003067837363729311,0.002866333953593956,0.5654305403352107,1.0000000000000002,5.0,1.1388523087668974,-1.03804081270863,0.0030890839673524827,0.002901923313655775,0.5636710804224119,3.0,5.0
4.15,-0.0014104956408897303,0.000675605616489093,0.14058564655815914,-0.039840814693354126,-0.008555487167405697,-0.0061756317626061085,0.0005959457819303838,0.003038483991254873,0.0028609174680719078,0.564835705847654,-0.9999999999999998,5.0,1.1469038220965533,-1.0350766833713034,0.003009130618780436,0.0028555009825498596,0.563051202384984,-3.0,5.0
4.16,-0.0013693775436007898,0.0006257894740312631,0.16099818491948883,-0.05618238186477188,-0.00864411122227249,-0.0061331822097763855,8.761501406892417e-05,0.0029363901500059028,0.0028110097352063487,0.5642325391515721,1.0000000000000002,5.0,1.133002651806849,-1.0095251551145938,0.0028342963087569324,0.0027611020023407895,0.5624230390633267,3.0,5.0
4.17,-0.0013073714716604892,0.0005549670023095992,0.1802697840851449,-0.07146143593973633,-0.008730151750891832,-0.006093862697490177,0.0005796777439728356,0.002785624931575705,0.0027206914252003874,0.5636210560954165,-0.9999999999999998,5.0,1.0971905923302767,-0.9629129947781383,0.0026348597131455077,0.002630373115194426,0.5617866069269497,-3.0,5.0
4.18,-0.0012266354681419887,0.0004657404666872965,0.19799085059394483,-0.08533393308500417,-0.008812296323109462,-0.006058993092341365,7.231362422127445e-05,0.002566627486243442,0.002588255822851126,0.5630012727342643,1.0000000000000002,5.0,1.0401756800919315,-0.8949317926188525,0.002347630040911179,0.002455820220501865,0.5611419226508076,3.0,5.0
4.19,-0.0011277356227977517,0.0003586394843362947,0.21378000889121565,-0.09750279521363261,-0.008889368102616414,-0.006029729755768879,0.0005656568028626984,0.0023059692223906317,0.00241952471464219,0.5623732053294188,-0.9999999999999998,5.0,0.9629160560946457,-0.808013813335714,0.0020453109585378214,0.002250793606433255,0.5604890031148824,-3.0,5.0
4.2,-0.0010136190822111605,0.000237064591902954,0.2272956483172247,-0.10768534516611812,-0.008960225821571872,-0.006007195772383316,5.98620277512086e-05,0.001986460851042142,0.002214457878333832,0.5617368703480059,1.0000000000000002,5.0,0.8670072677357132,-0.7027175606133821,0.0016669524796936522,0.0020093910420254735,0.5598278654037669,3.0,5.0
4.21,-0.000885572400655918,0.00010226604031410454,0.23824012641125988,-0.11565855722713507,-0.009023913386816133,-0.0059923005647763445,0.000555032262578329,0.00163686354700368,0.0019804332359444434,0.5610922844625634,-0.9999999999999998,5.0,0.7542471713747598,-0.5822850353566879,0.0012872662429652183,0.0017464085935550548,0.5591585268062359,-3.0,5.0
4.22,-0.0007471788485867117,-4.1728415186944765e-05,0.24636965588951934,-0.12122501532544652,-0.009079555541778583,-0.005985874999957094,5.128540662204613e-05,0.0012419484421722965,0.001718822692653684,0.5604394645506273,1.0000000000000002,5.0,0.6270051523111141,-0.44800978648079653,0.000847033337340913,0.0014572121493629246,0.5584810048148191,3.0,5.0
4.23,-0.000600262735024945,-0.00019314863311839005,0.2514965385512108,-0.12425643936152078,-0.009126502173411337,-0.005988496873609039,0.0005486826502021899,0.0008321647518701948,0.0014382414483033582,0.5597784276943114,-0.9999999999999998,5.0,0.4877702120023565,-0.30377811213289296,0.00042238106156809307,0.0011576602039530324,0.5577953171253638,-3.0,5.0
4.24,-0.0004488346689359165,-0.0003475660367952801,0.2534968129427917,-0.12465770673256435,-0.009164217793382898,-0.006000632760146151,4.729604309866955e-05,0.0003936616908637414,0.001141096475486523,0.5591091911798828,1.0000000000000002,5.0,0.33950500342975565,-0.15142285975402944,-4.484137014271205e-05,0.0008439515026696879,0.557101481636597,3.0,5.0
4.25,-0.00029502608430107474,-0.0005029380383657175,0.2523100244866732,-0.12240826895481598,-0.009192418907355008,-0.006022470978302819,0.0005471377907443671,-4.207468779621502e-05,0.0008368125534681604,0.5584317724973313,-0.9999999999999998,5.0,0.185180696758149,0.004747503343613901,-0.0004778110664561715,0.0005325286314497978,0.5563995164496771,-3.0,5.0
4.26,-0.000143027176737705,-0.0006546986470276455,0.2479442354173363,-0.11752393384030159,-0.00921095594293616,-0.006054071507233631,4.822883620622328e-05,-0.00048822386931444555,0.0005283620723856467,0.5577461893399347,1.0000000000000002,5.0,0.028120049333805526,0.16260482930219558,-0.0009343730508326761,0.00021991159130313297,0.555689439867745,3.0,5.0
4.2700000000000005,4.983251584815253e-06,-0.0008008067423048587,0.24047303777285775,-0.11009595955787525,-0.009219942605490217,-0.0060952074364299755,0.0005505292218499892,-0.0009130107737390172,0.0002254774237478509,0.5570524596038184,-0.9999999999999998,5.0,-0.12847619034134478,0.3176793447528361,-0.0013377976781635888,-7.740722488994498e-05,0.5549712703954697,-3.0,5.0
4.28,0.0001449017735345552,-0.0009368376226397973,0.23003774423034806,-0.10025047954802285,-0.009219629498558821,-0.0061455236080013775,5.400776654294903e-05,-0.0013297169044199219,-6.882748489900087e-05,0.5563506013875104,1.0000000000000002,5.0,-0.28119197432093074,0.46781993315639103,-0.0017464230351008265,-0.0003631323935458526,0.5542450267385863,3.0,5.0
4.29,0.00027476958857953267,-0.0010610292700411774,0.2168415791887343,-0.08818525420493102,-0.009210525051614255,-0.006204386851859212,0.0005585735293476795,-0.0017070608121209398,-0.00034504756261163774,0.5556406329914906,-0.9999999999999998,5.0,-0.42687247237964804,0.6086736390752502,-0.0020844047198219575,-0.0006212676403242746,0.5535107278034312,-3.0,5.0
4.3,0.00039083277856805565,-0.0011693689629568601,0.20114910451425394,-0.07412681790979204,-0.009193260769196028,-0.006271053287059314,6.414657231504156e-05,-0.0020592015374610705,-0.0006006620807959223,0.5549225729177353,1.0000000000000002,5.0,-0.5622867627636935,0.7383444551827489,-0.0024113422628012013,-0.0008562765989802068,0.5527683926964695,3.0,5.0
4.3100000000000005,0.0004916050702871401,-0.0012606317620453798,0.18327776119333922,-0.05836506592567296,-0.009168704021477398,-0.006344526905926538,0.0005705904702688915,-0.002356103200716487,-0.0008269164262211585,0.5541964398692572,-0.9999999999999998,5.0,-0.6846014059601209,0.8528683977300432,-0.002653004863971903,-0.0010531707716463948,0.5520180407238229,-3.0,5.0
4.32,0.0005739189569539808,-0.0013314566456323338,0.16359481811469054,-0.041208396282800194,-0.009137815563931766,-0.006423734735577013,7.778405780438727e-05,-0.002613514680293935,-0.0010222835691625607,0.5534622527496396,1.0000000000000002,5.0,-0.7910372913333523,0.9508650044539673,-0.0028709261598713833,-0.001217650712103963,0.5512596913907866,3.0,5.0
4.33,0.0006369768558453037,-0.0013813720221872421,0.14250666278194812,-0.02301649465941258,-0.009101755172353315,-0.00650739262390685,0.0005855548401581889,-0.002803302996245335,-0.0011792265000943117,0.5527200306625658,-0.9999999999999998,5.0,-0.879334569383351,1.0290023947903393,-0.0029930913121967357,-0.0013361694310260626,0.5504933644013444,-3.0,5.0
4.34,0.0006783883823024174,-0.0014078566534363494,0.12045377433112386,-0.004153916891208743,-0.009061732736136708,-0.006594186787842408,9.375153854722091e-05,-0.002943394947897363,-0.0012976355145896813,0.5519697929113442,1.0000000000000002,5.0,-0.9473982226423585,1.0866362190778216,-0.0030834868995493906,-0.0014160445290850511,0.5497190796576792,3.0,5.0
4.3500000000000005,0.0006982056943891521,-0.0014113480213920604,0.09789835733258972,0.014978408234730112,-0.00901910833697427,-0.006682645030237271,0.0006021781790441001,-0.003008066378423894,-0.0013715620771086233,0.5512115589984269,-0.9999999999999998,5.0,-0.9937493079495348,1.121259884210141,-0.0030727378089504256,-0.0014454886396275653,0.5489368572596749,-3.0,5.0
4.36,0.0006949433089871864,-0.0013902845218507767,0.07531801399483465,0.0339905722374538,-0.00897523877937052,-0.0067713226417505466,0.00011066718041668382,-0.003017834505635111,-0.0014026237166957244,0.550445348624925,1.0000000000000002,5.0,-1.0171546956673811,1.1331266800558786,-0.003027602632846328,-0.0014336853562828256,0.5481467175044192,3.0,5.0
4.37,0.0006695947011544146,-0.0013460939024913564,0.05319246322546842,0.052472830836589796,-0.00893157420348701,-0.006858676794555467,0.0006190138375891158,-0.0029496936978685743,-0.0013867023432940348,0.5496711816901175,-0.9999999999999998,5.0,-1.0170606582937334,1.120681535836001,-0.002881552890102037,-0.001370780969892345,0.5473486808856952,-3.0,5.0
4.38,0.0006216324747813704,-0.00127821474100833,0.03199670619077906,0.07004329885819406,-0.008889502327606422,-0.006943254368857644,0.00012704964678111668,-0.002826951235712997,-0.0013273111670625277,0.5488890782909568,1.0000000000000002,5.0,-0.9932034944859109,1.0851634096929839,-0.0027042087735574204,-0.001267919990831021,0.5465427680934746,3.0,5.0
4.39,0.0005530048253455432,-0.0011890638137934766,0.012187660380917412,0.0863170419579686,-0.008850444007286302,-0.007023566969658884,0.0006345768628714577,-0.0026294046126895034,-0.001222253395187794,0.5480990587215671,-0.9999999999999998,5.0,-0.9460229348066759,1.0260164489885335,-0.0024318579896660092,-0.0011171956233130603,0.5457290000133981,-3.0,5.0
4.4,0.0004641155050033127,-0.001079036593476909,-0.005802333444347153,0.10095336417429047,-0.008815697689352198,-0.007098278052500144,0.00014144173234207605,-0.002383118138330422,-0.0010769487145669094,0.5473011434727402,1.0000000000000002,5.0,-0.8762519343753998,0.9454713539165855,-0.00213683166397134,-0.0009316440339460249,0.5449073977262595,3.0,5.0
4.41,0.00035780043742262077,-0.0009514541699259567,-0.021578113668026644,0.1136241432529553,-0.008786536452133488,-0.007166075921200577,0.000647468793140463,-0.0020705416424527377,-0.0008910515838665543,0.5464953532314247,-0.9999999999999998,5.0,-0.7853090345282553,0.8439355233985499,-0.001757965146575054,-0.0007051544531661992,0.5440779825074786,-3.0,5.0
4.42,0.00023528861461151555,-0.0008075442689271702,-0.03478701840957117,0.12406002631252314,-0.008764055187620325,-0.007225857549809912,0.00015253368910806005,-0.0017202302865318901,-0.0006717381975899134,0.5456817088802115,1.0000000000000002,5.0,-0.6748673419968008,0.7245538601082094,-0.0013699189306110428,-0.0004524248113132724,0.5432407758265716,3.0,5.0
4.43,0.00010016083162114707,-0.0006513700816225881,-0.045129928472194096,0.1320173585342642,-0.008749271567957588,-0.0072765970526641145,0.0006564968980368141,-0.001316909493947797,-0.0004202869871313105,0.5448602314968127,-0.9999999999999998,5.0,-0.5472267492484871,0.588579251314151,-0.0009135887013637039,-0.0001688357766727077,0.5423957993466164,-3.0,5.0
4.44,-4.570572241438078e-05,-0.00048479497099038644,-0.052364671733531494,0.13732268498496888,-0.00874297827730162,-0.0073175238419279885,0.00015927583202004472,-0.0008911451626484904,-0.00014533033227004003,0.5440309423535377,1.0000000000000002,5.0,-0.404863874906641,0.43991502427058443,-0.00046538083134918377,0.00012962632259123043,0.5415430749237122,3.0,5.0
4.45,-0.00019819310540200084,-0.00031239712562678606,-0.05631483116979648,0.13983773205852945,-0.0087458500525369,-0.007347984408315202,0.0006607777232621356,-0.00042936424945364633,0.00015059688910346194,0.5431938629167631,-0.9999999999999998,5.0,-0.25078675799506817,0.28046878986275653,3.2416663741197756e-05,0.00044652411047696396,0.5406826246064395,-3.0,5.0
4.46,-0.0003550101598107379,-0.00013642254163321644,-0.05687064062244228,0.13950174803815577,-0.008758302892615361,-0.007367612898612636,0.0001609707709229072,3.6513136528271714e-05,0.0004578335412291366,0.5423490148463981,1.0000000000000002,5.0,-0.0880691659101264,0.1146803368260801,0.0005023905225101898,0.0007650701933548112,0.5398144706353032,3.0,5.0
4.47,-0.0005117577630762545,3.830933223746924e-05,-0.05399506161564305,0.1362941534567111,-0.008780608838815583,-0.007376184579704215,0.0006598159815403682,0.0005190841930475999,0.0007730670142195605,0.5414964199953451,-0.9999999999999998,5.0,0.07980810652130459,-0.05513668751465585,0.001001655249566928,0.0010883004872099845,0.5389386354421866,-3.0,5.0
4.48,-0.0006660032344629769,0.00020945869603651641,-0.04772178151255769,0.13027442884593587,-0.008812763527393542,-0.007373777533369792,0.00015733720006395609,0.0009858545934986094,0.001086127654135746,0.5406361004089553,1.0000000000000002,5.0,0.24943378827709992,-0.2242763738740029,0.0014526249939496188,0.0013991882940519317,0.5380551416497859,3.0,5.0
4.49,-0.0008133495505880282,0.00037226276256097513,-0.03815828640624167,0.12154224154897415,-0.008854609744766661,-0.007360616855355815,0.0006535517871362326,0.0014492638811247761,0.0013934761726235058,0.5397680783244797,-0.9999999999999998,5.0,0.41713290911398354,-0.3903054698351834,0.001912673168750943,0.0017008246911112655,0.5371640120710529,-3.0,5.0
4.5,-0.0009515107091409357,0.000524588708623232,-0.02548081178649275,0.11027479203426128,-0.00890571400422522,-0.007337226896154484,0.0001485394639106954,0.0018770828720289258,0.001685004833314194,0.5388923761705149,1.0000000000000002,5.0,0.579448453569444,-0.548548525132822,0.0023049018629330755,0.001976533494004882,0.5362652697086205,3.0,5.0
4.51,-0.0010763788518240265,0.0006620277106987459,-0.00993438848973649,0.0966844349786983,-0.008965499185298202,-0.007304266015491146,0.0006423718049559097,0.002282436390388725,0.0019575255645237905,0.5380090165664451,-0.9999999999999998,5.0,0.7328101388685014,-0.6967532119615458,0.002687789908748524,0.0022300462957333873,0.5353589377542356,-3.0,5.0
4.5200000000000005,-0.0011860945090372598,0.0007829414380037776,0.008175148903257393,0.0810536087702981,-0.009033130063165598,-0.007262669587643065,0.00013517992558054952,0.0026341891135153875,0.0022015657384291186,0.5371180223218778,1.0000000000000002,5.0,0.874014904123477,-0.8305726941541334,0.0029859418366420497,0.0024456059123344467,0.534445039588176,3.0,5.0
4.53,-0.0012771056644523531,0.0008835466147558717,0.02848391093424281,0.0636901804015728,-0.009107654579086692,-0.007213475926246591,0.0006270828687826915,0.0029469480324660524,0.00241484483798587,0.5362194164360765,-0.9999999999999998,5.0,0.999891360271783,-0.9482250303451597,0.0032597069514167173,0.0026281239375426212,0.5335235987786726,-3.0,5.0
4.54,-0.001348227151855331,0.0009629492039022157,0.05058053213304764,0.044960288495047414,-0.00918789749455272,-0.007157961055166168,0.00011825426189347277,0.0031914196736710235,0.002589052951634415,0.5353132220973869,1.0000000000000002,5.0,1.107772857585437,-1.0459665881538565,0.003435891314875994,0.0027632610652829604,0.5325946390813179,3.0,5.0
4.55,-0.0013966862922626926,0.0010182140644940019,0.07401124346149787,0.025241836855391806,-0.009272609104865501,-0.007097457172270981,0.0006088497704282654,0.0033843761341405985,0.0027233046417297242,0.5343994626826594,-0.9999999999999998,5.0,1.1951515555184529,-1.1227396226218533,0.003577332594610174,0.002857556331825033,0.5316581844384769,-3.0,5.0
4.5600000000000005,-0.001422166549537813,0.0010493819319537213,0.09829246011959548,0.004955762059141718,-0.009360365492768342,-0.007033480895775058,9.907293961808209e-05,0.003498968791286288,0.0028108895702243005,0.5334781617566671,1.0000000000000002,5.0,1.2601383505211248,-1.1756312258877095,0.0036135614484319773,0.0028984744987188772,0.5307142589786904,3.0,5.0
4.57,-0.0014228354291182053,0.0010545199210287232,0.12291750363896048,-0.015481737301711748,-0.009449722852452526,-0.006967546284410345,0.0005891019691852396,0.0035546446102641197,0.0028526939812884575,0.5325493430715186,-0.9999999999999998,5.0,1.301101305097089,-1.2045040886808067,0.0036103204292419508,0.002894498392352614,0.5297628870160731,-3.0,5.0
4.58,-0.0013993687591051355,0.0010347177919519078,0.14737044267599225,-0.035628857320430654,-0.009539122239080227,-0.006901288843670987,7.91550271372031e-05,0.0035274049176692314,0.002843915077473399,0.5316130305660656,1.0000000000000002,5.0,1.3171077469081856,-1.2074366196883861,0.0035001652250743432,0.00283513617365834,0.5288040930497067,3.0,5.0
4.59,-0.0013509579764489964,0.000989116606569345,0.17113364218224458,-0.055066521899085265,-0.009627047171345582,-0.006836275607396291,0.0005694166603516116,0.0034396626893906843,0.002787443128394489,0.530669248365307,-0.9999999999999998,5.0,1.3075430428065058,-1.1853332473684766,0.0033519204611121367,0.0027309711793155793,0.5278379017630317,-3.0,5.0
4.6000000000000005,-0.0012793129845459442,0.0009198824688385375,0.19370198491565538,-0.07336822548531063,-0.009711930364427995,-0.0067741275781014534,6.0102916563552406e-05,0.00327043944050284,0.0026805341590238688,0.5297180207797879,1.0000000000000002,5.0,1.272531619323805,-1.1373428713674982,0.003101216191614995,0.0025736251896532484,0.5268643380232305,3.0,5.0
4.61,-0.0011846476521592156,0.0008272124478501603,0.2145903438135313,-0.09014816934712591,-0.009792311969905827,-0.0067163296579760695,0.00055138774078311,0.003045159053084074,0.0025281489216088934,0.5287593723049933,-0.9999999999999998,5.0,1.212533670118532,-1.0654467376928107,0.002819878665665308,0.002375763684193918,0.5258834268806094,-3.0,5.0
4.62,-0.00106966097796474,0.0007142858568384004,0.2333472676270982,-0.10503052606984432,-0.009866745577128144,-0.006664354366993587,4.346826229114308e-05,0.0027457809602103836,0.0023295818999958156,0.5277933276207379,1.0000000000000002,5.0,1.1287435814486932,-0.9698541735446283,0.002446402867336693,0.0021310148783827377,0.5248951935679721,3.0,5.0
4.63,-0.0009355014498175612,0.0005822484629900157,0.24956146646733013,-0.11769662576545467,-0.009933954358532258,-0.006619474462985455,0.0005364915330016765,0.0024005313668500634,0.0020917569699128963,0.5268199115905515,-0.9999999999999998,5.0,1.0226639900794003,-0.8535679340970503,0.0020552817734897436,0.001853932039829977,0.5238996634999924,-3.0,5.0
4.64,-0.0007857280737233786,0.0004351432656785857,0.26287407737902224,-0.12785291616991,-0.009992733648175647,-0.006582890713107587,3.062032734372534e-05,0.001993976256881395,0.0018158143820656788,0.5258391492610588,1.0000000000000002,5.0,0.8964819830555835,-0.7177580746249355,0.0015874211469127267,0.0015398717942184616,0.5228968622725807,3.0,5.0
4.65,-0.0006222560342127214,0.0002748758597014894,0.2729833235906224,-0.13527651522149733,-0.01004210239905822,-0.006555549855373289,0.0005259605548008662,0.0015566961558438647,0.0015103665887920268,0.5248510658613554,-0.9999999999999998,5.0,0.7526218264845628,-0.5663065670142916,0.0011194160548063346,0.0012049187955183748,0.5218868156622454,-3.0,5.0
4.66,-0.0004493008663495297,0.00010612843102595466,0.27965458332923526,-0.13978124053232563,-0.010081199898772911,-0.006538278895743541,2.262788213487773e-05,0.0010753076179026283,0.001178048438333797,0.5238556868023796,1.0000000000000002,5.0,0.5941011898370128,-0.40116202011597063,0.0005939190799613922,0.0008457302878755668,0.5208695496254518,3.0,5.0
4.67,-0.0002693094702093497,-6.868922927168799e-05,0.28272252570040907,-0.14126097308482766,-0.010109430304792416,-0.006531610649758578,0.0005206761000820842,0.0005820925300117396,0.000828740056290375,0.5228530376762781,-0.9999999999999998,5.0,0.4240656845609345,-0.22686713878603199,8.88774421208509e-05,0.0004794316742469531,0.5198450902979734,-3.0,5.0
4.68,-8.689217303285528e-05,-0.0002445373251196893,0.2820983805832468,-0.13965328403262928,-0.010126351517855453,-0.006535926521319791,2.016481229898581e-05,6.498120483534962e-05,0.0004660886614507805,0.5218431442557689,1.0000000000000002,5.0,0.2461290804381103,-0.04589865762127164,-0.0004521301203410402,0.00010343726661118599,0.5188134639942413,3.0,5.0
4.69,9.525555647651884e-05,-0.00041880361965434247,0.2777690572815545,-0.1349802312335941,-0.010131811114104543,-0.006551291254602282,0.0005210889595826945,-0.00044284878384359726,0.00010070826721944305,0.5208260324934988,-0.9999999999999998,5.0,0.06389437203797278,0.13681728670756677,-0.000950678772522544,-0.0002646721270118944,0.5177746972066883,-3.0,5.0
4.7,0.0002724273203533094,-0.0005864063934247456,0.2698012411357893,-0.1273093075105779,-0.010125826030975739,-0.00657760546209834,2.3447733308764197e-05,-0.0009530113524444553,-0.00026331595799615796,0.5198017285213966,1.0000000000000002,5.0,-0.11871663887717376,0.31857433423290904,-0.0014631739210453133,-0.0006273401832117588,0.51672881660509,3.0,5.0
4.71,0.00044198717189950735,-0.0007448540109537292,0.25833724882292075,-0.11679150310804619,-0.010108708917610556,-0.006614450462450365,0.0005271753656964104,-0.001432325770111796,-0.0006152393113842341,0.5187702586500215,-0.9999999999999998,5.0,-0.29794982810057125,0.4943764543465282,-0.001911640187779137,-0.0009671626647723102,0.5156758490358961,-3.0,5.0
4.72,0.0005994436556192121,-0.0008893464598693435,0.24359583989879272,-0.1036195217432826,-0.010080938044566147,-0.006661251020226548,3.2211324372848874e-05,-0.0018928586295492444,-0.0009511581019027097,0.5177316493679076,1.0000000000000002,5.0,-0.46989345394549065,0.6616097146025095,-0.0023533914889866925,-0.0012870768924211854,0.514615821521566,3.0,5.0
4.73,0.0007425277292691366,-0.0010178300831256276,0.22586483459510592,-0.08806317048394054,-0.010043273888871461,-0.00671713030632298,0.0005384323718727123,-0.0023023313165594556,-0.001260819613572353,0.5166859273409032,-0.9999999999999998,5.0,-0.6309655521731621,0.8155320104593313,-0.002711804003569667,-0.001570481125241996,0.5135487612598901,-3.0,5.0
4.74,0.0008672601093089546,-0.0011260909469221962,0.20549880418783995,-0.07042501975623582,-0.009996619495684289,-0.006781082456557983,4.572399063370442e-05,-0.0026741460435673187,-0.0015411144197797534,0.515633119411507,1.0000000000000002,5.0,-0.77758613118281,0.9539405918483326,-0.003045960770575182,-0.0018214092259871539,0.5124746956233184,3.0,5.0
4.75,0.0009720193814187136,-0.0012127982143139114,0.1829087507316217,-0.0510734085542863,-0.009942127935921159,-0.006851836837480478,0.000553913607846597,-0.002977768107902388,-0.0017828716683274482,0.5145732525981979,-0.9999999999999998,5.0,-0.906658666436894,1.07265419720998,-0.0032813901722374573,-0.0020246289168751428,0.5113936521582706,-3.0,5.0
4.76,0.0010535966030373537,-0.001274583185005858,0.15855710585403873,-0.030395942753312307,-0.00988105415696492,-0.006928039196687987,6.284309563543754e-05,-0.0032287179084047714,-0.0019843305364649223,0.5135063540947621,1.0000000000000002,5.0,-1.0152331055191521,1.1701697680751304,-0.0034796677089071553,-0.0021857894046023963,0.5103056585844548,3.0,5.0
4.7700000000000005,0.001111247988513327,-0.0013110656534948224,0.13294502401305405,-0.008830608842077928,-0.009814854730005934,-0.007008123620096056,0.0005723029575718684,-0.003398911038804451,-0.002137908873477154,0.512432451269615,-0.9999999999999998,5.0,-1.1009750541344476,1.2431307609606566,-0.003569104169204131,-0.0022914872104893855,0.509210742794174,-3.0,5.0
4.78,0.0011427317111779986,-0.0013199135869902733,0.10660535247961507,0.013182307160320341,-0.009745032959665336,-0.007090500304603921,8.210565588200839e-05,-0.0035066008259170356,-0.0022436427529140294,0.5113515716651196,1.0000000000000002,5.0,-1.1618135928886282,1.290967300845901,-0.0036142906130296197,-0.0023493766323509045,0.5081089328516333,3.0,5.0
4.79,0.0011483407726327892,-0.0013018481681846563,0.08008829882294603,0.03517033773036297,-0.009673233008688118,-0.0071734329211691605,0.0005920204719311085,-0.0035266626259829025,-0.0022959185897164893,0.5102637429968986,-0.9999999999999998,5.0,-1.1963926961302764,1.3113455239710334,-0.003546724426048769,-0.002348194426518949,0.5070002569922354,-3.0,5.0
4.8,0.001126918378365698,-0.0012556806412425809,0.053953215332001564,0.056677770586349804,-0.009601080629985702,-0.007255230453994325,0.00010184733903258073,-0.003480475382556437,-0.0022968722841528507,0.5091689931531442,1.0000000000000002,5.0,-1.2036990602716215,1.3047867383986185,-0.003434288139129971,-0.002297825978589212,0.5058847436218812,3.0,5.0
4.8100000000000005,0.0010798682116559743,-0.001183293478114455,0.028753549276176023,0.07723622557603814,-0.009530274260012322,-0.007334127195549977,0.0006113520283068895,-0.003346141012103369,-0.0022430778748760323,0.5080673501939232,-0.9999999999999998,5.0,-1.1834917198919617,1.2700941797077687,-0.003211806641650301,-0.0021892834655992135,0.50476242131626,-3.0,5.0
4.82,0.0010071465143345185,-0.0010846528009461449,0.005028396861071097,0.09641364102026091,-0.009462424139200652,-0.0074084757175076794,0.00012034011850403507,-0.003148298465348546,-0.002138901060420928,0.5069588423504767,1.0000000000000002,5.0,-1.1359067072459506,1.2089484565795734,-0.0029504559185937235,-0.0020347242459658236,0.503633318820137,3.0,5.0
4.83,0.000911248853865618,-0.0009627650901216243,-0.01671228195552362,0.11378448703431965,-0.009399143257390214,-0.007476626462930639,0.0006285921263069664,-0.00286827443919025,-0.0019831410207310643,0.5058434980245164,-0.9999999999999998,5.0,-1.0618626136819742,1.1213099570486467,-0.002588250413031953,-0.0018273809810412005,0.5024974650466357,-3.0,5.0
4.84,0.0007931789807006949,-0.0008186656304444542,-0.0359953520752509,0.12897797994832505,-0.009341887803292287,-0.007537118777615815,0.00013593722786250668,-0.0025338290305754185,-0.0017823368794812789,0.504721345787517,1.0000000000000002,5.0,-0.9626408108645751,1.009989820432697,-0.0021993836219605877,-0.0015815327382314934,0.5013548890765189,3.0,5.0
4.8500000000000005,0.0006564131482130209,-0.0006563522351399698,-0.05239805070971956,0.1416471288197724,-0.009292050898117264,-0.00758855705622283,0.0006421879519626725,-0.0021292397549313087,-0.0015373632318814176,0.5035924143800032,-0.9999999999999998,5.0,-0.8402667041846704,0.8760282621480554,-0.0017246504792871992,-0.0012923895842815564,0.5002056201574618,-3.0,5.0
4.86,0.0005028477790327683,-0.00047775219291076854,-0.06555398077393135,0.1515154100715347,-0.009250807243634349,-0.00762979688342449,0.00014721328354701517,-0.0016849836421839951,-0.0012566920625621978,0.5024567327108334,1.0000000000000002,5.0,-0.6970662909560487,0.723242368163272,-0.0012407275294366816,-0.0009760208932429778,0.4990496877033236,3.0,5.0
4.87,0.0003367443067520637,-0.00028763644249989173,-0.0751645382788429,0.15834393119673096,-0.009219212385864683,-0.007659814939014188,0.0006508725697519236,-0.001187762198220846,-0.0009429464319413712,0.5013143298564786,-0.9999999999999998,5.0,-0.5360249004388538,0.5535826424967366,-0.0006905407542576967,-0.0006292008013205445,0.49788712129341445,-3.0,5.0
4.88,0.00016065950045806717,-8.856934679397576e-05,-0.08100240267918796,0.16197591697095004,-0.009198054117060074,-0.007677887669707435,0.00015308768263712607,-0.000670130224464254,-0.0006061241588948163,0.5001652350602981,1.0000000000000002,5.0,-0.36032287216105496,0.37166089456987794,-0.00015249825070766214,-0.00026930188584826155,0.4967179506717565,3.0,5.0
4.89,-2.062451750412439e-05,0.00011419154953815143,-0.08292012847167403,0.1623014232409971,-0.009187959582932705,-0.0076834526458918586,0.0006537758496301856,-0.00012047444978191676,-0.00025011771142146384,0.4990094777318094,-0.9999999999999998,5.0,-0.17367550229433,0.1800891836250706,0.0004291813249004205,0.00010588873605188868,0.49554220574634344,-3.0,5.0
4.9,-0.0002041819222114253,0.00031775708290820515,-0.08085052462180235,0.15929916169285135,-0.009189255459586201,-0.007676277779229237,0.0001529206276150234,0.00042739600494212714,0.00011409072161567695,0.4978470874459555,1.0000000000000002,5.0,0.020147573671827228,-0.016007204855138124,0.000975266459666171,0.00047829915465281774,0.49435991658839373,3.0,5.0
4.91,-0.00038502202192307355,0.0005167147090905164,-0.07481192395327729,0.1529983954493057,-0.009202084588122507,-0.007656312512883426,0.0006505034560420637,0.0009843005090924809,0.000481932125124644,0.4966780939423674,-0.9999999999999998,5.0,0.21699587036022197,-0.21366269959335588,0.0015412050132428343,0.0008497735286336111,0.493171113431603,-3.0,5.0
4.92,-0.0005601764317148544,0.0007081945286744743,-0.06490509782778034,0.14351784737603623,-0.009226276235233383,-0.007623846370201815,0.00014657329136713224,0.0015161164457146142,0.000842072023526523,0.495502527124622,1.0000000000000002,5.0,0.41282894188310887,-0.4075670536014153,0.0020479323823367475,0.0012022119219284018,0.4919758266713859,3.0,5.0
4.93,-0.00072477996168863,0.0008869783356639698,-0.051314990490328484,0.13102464190711652,-0.009261473158485174,-0.007579349195629891,0.0006411767860787251,0.0020338400666873617,0.0011899230734055053,0.4943204170594971,-0.9999999999999998,5.0,0.6033967404105154,-0.5947433683003558,0.0025515636876601087,0.0015377741232844877,0.4907740868641223,-3.0,5.0
4.94,-0.0008761563049956864,0.001050562758402842,-0.03430410263833725,0.11577028444254457,-0.009307012426547375,-0.007523618703165586,0.00013442654342484092,0.0025040156933659784,0.0015144691358701988,0.49313179397622087,1.0000000000000002,5.0,0.7847338028754605,-0.7700451525965764,0.002974191320044595,0.0018390151983348922,0.48956592472639227,3.0,5.0
4.95,-0.0010098939091334519,0.0011942617640321005,-0.01421077325389735,0.09804676121017808,-0.009362062950770793,-0.0074576098982869175,0.000626429940222685,0.002938785888471837,0.0018117734785216663,0.4919366882657189,-0.9999999999999998,5.0,0.9528392404837439,-0.9308321053649993,0.0033735560835776958,0.002109077821173134,0.48835137113421306,-3.0,5.0
4.96,-0.0011239231972002652,0.0013162597084855653,0.008560737219533265,0.07821982432073195,-0.009425516456487567,-0.007382572218599989,0.0001173560776924048,0.0033062997665600025,0.002071791403203213,0.49073513047985545,1.0000000000000002,5.0,1.1041668722349642,-1.072461263932076,0.003673813644648168,0.00233180932788476,0.4871304571222651,3.0,5.0
4.97,-0.0012145806775006641,0.0014127003918115496,0.0335450424966421,0.05668260288673123,-0.009496134633678037,-0.007299869181992099,0.0006073633806229772,0.0036207324392945744,0.00229186014219986,0.48952715133067193,-0.9999999999999998,5.0,1.2352975371309698,-1.1929533063835418,0.003935165112029146,0.002511928881196507,0.48590321388312124,-3.0,5.0
4.98,-0.0012806713338426444,0.0014827235617049543,0.06022833518386378,0.03388665897070071,-0.009572448988350602,-0.007211106598539328,9.666543123452033e-05,0.003852653343809603,0.0024634866582016954,0.48831278168962094,1.0000000000000002,5.0,1.3434180633077126,-1.288470825806115,0.004084574248324631,0.0026351131742035306,0.48466967276646794,3.0,5.0
4.99,-0.001319515127022941,0.0015235346532004553,0.08805561982286239,0.010293678158613567,-0.009652915941431863,-0.007117944329564192,0.0005854575823975957,0.004018997231011794,0.002585806670056187,0.48709205258679655,-0.9999999999999998,5.0,1.425979140456941,-1.3579686127672483,0.004185341118213985,0.002708126681910679,0.4834298652783233,-3.0,5.0
5.0,-0.001330989352680858,0.0015354195963918687,0.11644545060062354,-0.013595043732221666,-0.00973582352201898,-0.0070222178240845114,7.398195832639012e-05,0.004093376527299646,0.002652336150043306,0.4858649952101601,1.0000000000000002,5.0,1.4811568561704613,-1.3986530808402928,0.004167755823587499,0.0027188656300304245,0.48218382308025065,3.0,5.0
5.01,-0.0013135530925564162,0.0015167909221285587,0.1447987471336879,-0.03728809239868128,-0.009819452049466748,-0.006925744565600462,0.0005624534060812436,0.004095989977207082,0.0026643893441913183,0.4846316409047624,-0.9999999999999998,5.0,1.5074904902002246,-1.4106112501775285,0.004098603427114518,0.002676442538339331,0.4809315779885695,-3.0,5.0
5.0200000000000005,-0.0012682659563547645,0.001469177483600414,0.17251462809264578,-0.06027521605567587,-0.009901985024380255,-0.006830441781240646,5.1124021178417575e-05,0.0040038675538071255,0.002617785395343211,0.48339202117196217,1.0000000000000002,5.0,1.5043217332304544,-1.3922468570643003,0.003911745130407169,0.0025711814464951036,0.4796731619735615,3.0,5.0
5.03,-0.0011947878395182133,0.0013922445438882417,0.1989998095189505,-0.08207715117094619,-0.009981672524605899,-0.006738130637454674,0.0005402088219844691,0.003840707934532601,0.002516218542051108,0.4821461676686403,-0.9999999999999998,5.0,1.4714083802807858,-1.3448844832342886,0.003677548315258077,0.002414651688759006,0.4784086071586748,-3.0,5.0
5.04,-0.0010953724085496328,0.0012887570908401652,0.22368449171103658,-0.10221679365490992,-0.010056743258590475,-0.006650653332833079,2.995020342943665e-05,0.0035870500076166864,0.0023579149632827565,0.4808941122064102,1.0000000000000002,5.0,1.4093381623328902,-1.2681797875065577,0.003333392080700772,0.0021996113845144044,0.4771379458197199,3.0,5.0
5.05,-0.0009708415691151859,0.0011595736847986194,0.2460312767191572,-0.12026847020778089,-0.010125567536823366,-0.006569678336656175,0.0005205437476653791,0.0032700362427619807,0.002148952280553393,0.4796358867508244,-0.9999999999999998,5.0,1.3191162939460745,-1.1646972733737257,0.002953022477907275,0.0019399895978240295,0.475861210384067,-3.0,5.0
5.0600000000000005,-0.0008245541628884019,0.0010085842563280765,0.26555004676865573,-0.13582811916923143,-0.010186567311650003,-0.006496820173266987,1.2203020774310893e-05,0.0028735109527130284,0.0018898658526496166,0.4783715234205771,1.0000000000000002,5.0,1.2025529478117791,-1.0352942289380351,0.0024769856626640756,0.0016307794247458402,0.47457843342983524,3.0,5.0
5.07,-0.0006583566758102098,0.000837679703854136,0.2818053632914119,-0.14856115346874255,-0.010238375577662344,-0.006433448955462855,0.0005050859273422943,0.0024277128335064247,0.0015889189440586008,0.47710105448670365,-0.9999999999999998,5.0,1.0618247896486965,-0.8836728290386486,0.001981914714299821,0.0012879720354675849,0.47328964768508336,-3.0,5.0
5.08,-0.00047652971310549203,0.0006516672297605499,0.294429345428241,-0.15817084187893649,-0.010279741347585688,-0.006380815987389067,-6.397580933698499e-07,0.0019193063240310459,0.0012486619535108743,0.4758245123717748,1.0000000000000002,5.0,0.8998373366166613,-0.7117395828187123,0.0014108998145556672,0.000908404962963148,0.47199488602698836,3.0,5.0
5.09,-0.00028171850414867325,0.0004532197520807819,0.30312662660042017,-0.16444401648290735,-0.010309682592503876,-0.006339870527757048,0.0004951308748920414,0.0013810126141418203,0.0008791587943860116,0.4745419296490886,-0.9999999999999998,5.0,0.7197628097750883,-0.5241346424410196,0.0008427189042525948,0.0005096556352611489,0.47069418148102987,-3.0,5.0
5.1000000000000005,-7.886163361982618e-05,0.0002477737728496719,0.30768439655658375,-0.16721698563905907,-0.010327383488164152,-0.0063113938908850725,-7.493525990267202e-06,0.0008015861799672726,0.00048450656177518025,0.47325333904185735,1.0000000000000002,5.0,0.5253807543256271,-0.3235706498187173,0.00022215974579272498,8.985432916434888e-05,0.46938756722016367,3.0,5.0
5.11,0.00012889334576964373,3.8464428398904367e-05,0.30797418470264104,-0.16641851034753405,-0.010332338510740755,-0.0062958258055943375,0.0004915278972244415,0.00021539888119829066,7.602744360577044e-05,0.47195877342239223,-0.9999999999999998,5.0,0.32059657118705037,-0.11534408778196256,-0.0003707884175706912,-0.0003324516745636394,0.468075076563997,-3.0,5.0
5.12,0.00033627288789844464,-0.00016898757214593144,0.3039584568475853,-0.16203277919810924,-0.010324239902977424,-0.006293409014280687,-7.763866294689561e-06,-0.0003876214543255664,-0.0003412402253255519,0.47065826581128245,1.0000000000000002,5.0,0.1097656588652472,0.09734078947233779,-0.0009906417898494235,-0.0007585078942568743,0.46675674297795317,3.0,5.0
5.13,0.0005399700903020059,-0.0003713481399577722,0.2956887521008668,-0.15413930046295346,-0.01030311125429296,-0.006304026816584719,0.0004946021817582269,-0.0009724350593667653,-0.0007553721634147236,0.4693518493765719,-0.9999999999999998,5.0,-0.10280132273037251,0.30887214375690236,-0.0015572486644079642,-0.0011695041015038954,0.4654326000724401,-3.0,5.0
5.14,0.0007347322641488729,-0.0005629862461518137,0.2833085077276032,-0.14287271068740265,-0.01026918393291594,-0.00632735930835303,-1.403568946223982e-06,-0.001548969281124371,-0.0011610821849013337,0.46803955743293174,1.0000000000000002,5.0,-0.3125240647562734,0.5159145158307712,-0.0021255035028819765,-0.001566792206387944,0.4641026816020113,3.0,5.0
5.15,0.0009174543896341032,-0.000740945529445329,0.2670473775496435,-0.128459484697447,-0.010223019343247831,-0.006362732777452682,0.0005041200276537905,-0.002082569314908438,-0.0015465601141468489,0.4667214234408294,-0.9999999999999998,5.0,-0.5150533558874029,0.7129130687715068,-0.0026161693486925048,-0.0019320380433923638,0.4627670214645224,-3.0,5.0
5.16,0.0010832636836443858,-0.0009000561715619445,0.24722027208548822,-0.11117461352705893,-0.010165373983838266,-0.006409287758092995,1.1075737897865137e-05,-0.002584072811517252,-0.001906995945548546,0.46539748100569417,1.0000000000000002,5.0,-0.7059588078654399,0.8967776570547124,-0.003085576308126066,-0.002267431776950243,0.46142565370028854,3.0,5.0
5.17,0.0012296062690450606,-0.0010379980306053887,0.22421800624975302,-0.09137530171489014,-0.01009731051922951,-0.006465839955220938,0.0005193007582972226,-0.003020245029377886,-0.002231410222723828,0.4640677638770782,-0.9999999999999998,5.0,-0.8812277460283843,1.062383196458077,-0.0034564172472385203,-0.0025558244998991103,0.4600786124912303,-3.0,5.0
5.18,0.0013523212895212803,-0.0011504002840166988,0.19850286118684915,-0.0694548149745919,-0.010020052078796712,-0.00653105929496875,2.8638956700939816e-05,-0.003403826977092709,-0.0025161631169316944,0.4627323059478152,1.0000000000000002,5.0,-1.0369471215145394,1.2072459342133177,-0.0037874089248075317,-0.0028009160111395607,0.4587259321600264,3.0,5.0
5.19,0.0014497136547198114,-0.0012358888037195437,0.17059602092059006,-0.04587359078220744,-0.009935083226227649,-0.006603341076587839,0.0005388749622996293,-0.003703933701025416,-0.002751762444570277,0.4613911412531746,-0.9999999999999998,5.0,-1.169792726335679,1.327012232024208,-0.004004040424958124,-0.00298736177220886,0.4573676471692528,-3.0,5.0
5.2,0.001518611029754326,-0.001291166823590244,0.14107026012791613,-0.02111079925653289,-0.009843995030878117,-0.0066809942603162226,4.98075619970984e-05,-0.003936055870329326,-0.0029363435256569595,0.4600443039700128,1.0000000000000002,5.0,-1.276697745618711,1.4201196798987528,-0.004168178039633236,-0.003120924606743642,0.4560037921205273,3.0,5.0
5.21,0.0015584165934964414,-0.0013160405005318747,0.1105349068147903,0.004306482699159082,-0.009748577885783385,-0.0067621206644672225,0.0005611847954274971,-0.004072402730614429,-0.003062441692971575,0.45869182841591993,-0.9999999999999998,5.0,-1.355325184933288,1.4832674489075415,-0.004208749590899534,-0.0031885398602861906,0.4546344017536415,-3.0,5.0
5.22,0.0015671435822410072,-0.0013084753706005432,0.07962651128172554,0.0298532532471425,-0.00965065968335617,-0.006844809927833174,7.277818385933717e-05,-0.004131840687109967,-0.00313043106049821,0.4573337490483645,1.0000000000000002,5.0,-1.4037165379685195,1.516056067569654,-0.004191278643605506,-0.0031984204280248447,0.45325951094569816,3.0,5.0
5.23,0.0015454436004730806,-0.0012695957965198654,0.048992290999137614,0.05497852513743888,-0.009552193148054394,-0.006927023860066811,0.0005843184664652138,-0.0040901668667714,-0.0031352511904779654,0.455970100463833,-0.9999999999999998,5.0,-1.4207416312028507,1.5164339607353166,-0.0040484930464328335,-0.003140071320457721,0.4518791547102386,-3.0,5.0
5.24,0.0014926152181253746,-0.0011987139467439004,0.019279818351688873,0.07915596562703037,-0.009455090062818722,-0.007006794916614317,9.557026431205402e-05,-0.003969973342403814,-0.0030797962035632107,0.4546009173969677,1.0000000000000002,5.0,-1.4057224693638377,1.4853114217686103,-0.003849779818036229,-0.0030243412166484555,0.4504933681963717,3.0,5.0
5.25,0.0014106053740382512,-0.0010983009736896354,-0.008879954650335305,0.10185602139332789,-0.009361306282740742,-0.007082112335191242,0.000606268034918188,-0.0037508429053703268,-0.002961588994422634,0.45322623471969914,-0.9999999999999998,5.0,-1.3588565273870126,1.4219798884569792,-0.003531712468336839,-0.0028433817852820576,0.44910218668789353,-3.0,5.0
5.26,0.001299990667053767,-0.0009689875233089269,-0.0348828549441276,0.12259626395550849,-0.009272675333136885,-0.0071511206205987195,0.00011619073160793478,-0.003459133690291971,-0.0027861161864899697,0.4518460874403766,1.0000000000000002,5.0,-1.2808128618591847,1.3286977595451295,-0.0031674244752136153,-0.0026106433785573055,0.44770564560240894,3.0,5.0
5.2700000000000005,0.0011639516288443885,-0.0008145068439863089,-0.05816773542484242,0.14091274308290191,-0.009190994510549857,-0.007212003902291669,0.0006250975290551196,-0.003078095208187757,-0.0025534476210119254,0.4504605107028945,-0.9999999999999998,5.0,-1.1731270656387933,1.2060812112261705,-0.002697056726083543,-0.002320779055533881,0.4463037804904483,-3.0,5.0
5.28,0.0010042276345874155,-0.000636668223021878,-0.07822534203589672,0.15640909668852904,-0.009117861272823628,-0.007263180876638989,0.00013280203252385926,-0.002637574775935926,-0.00227151716685799,0.4490695397858161,1.0000000000000002,5.0,-1.0377690334006695,1.057661849916748,-0.0021970543436840954,-0.001989586712704055,0.4448966270345808,3.0,5.0
5.29,0.000825066108411325,-0.0004402745978696623,-0.09461272946669085,0.16872622756993347,-0.009054763789636594,-0.007303183920883381,0.0006391073401718942,-0.0021240585620712895,-0.0019426897947540413,0.44767321010149247,-0.9999999999999998,5.0,-0.8775101608838547,0.8852502580044445,-0.001610542348206653,-0.0016138624226500929,0.4434842210485216,-3.0,5.0
5.3,0.0006291542187177332,-0.00022807262030942723,-0.10695979204806456,0.17758932786211878,-0.009002923357138376,-0.007330847189727972,0.0001438793884590544,-0.001570307844149001,-0.0015769928223398023,0.4462715571951797,1.0000000000000002,5.0,-0.6954645363671501,0.6934678515351386,-0.0010165571262267124,-0.0012112958499255633,0.4420665984762413,3.0,5.0
5.3100000000000005,0.0004215472239062354,-5.649529548356838e-06,-0.11498088423608124,0.18277510279712164,-0.008963392431708402,-0.007345177415096953,0.0006469809668876036,-0.0009653362144561503,-0.0011786373412093825,0.4448646167441514,-0.9999999999999998,5.0,-0.4954313170745441,0.4850866620373389,-0.0003603645847632996,-0.0007802818600789627,0.44064379539106646,-3.0,5.0
5.32,0.00020558212092414152,0.00022363443087739662,-0.11847815315918546,0.18415602392333189,-0.008936905838473102,-0.00734553238550746,0.00014834385297947514,-0.0003439897227943678,-0.0007592087244632428,0.4434524245568094,1.0000000000000002,5.0,-0.2814133859131671,0.2655399778969618,0.0002773567688674146,-0.0003397801077171031,0.43921584799478336,3.0,5.0
5.33,-1.320884178476273e-05,0.00045376330186304876,-0.11734962241437577,0.18166451973761177,-0.008923988732857008,-0.007331481019804777,0.0006479014781674356,0.0003031230669789136,-0.0003241531211945431,0.4420350165717894,-0.9999999999999998,5.0,-0.0579399735002183,0.03824392367416275,0.000950235856752195,0.00011090248207415657,0.43778279261672937,-3.0,5.0
5.34,-0.00023119579860387813,0.0006811433446681769,-0.11158872198530495,0.17533399617007403,-0.008924818668863277,-0.007302970230692745,0.00014565960305153408,0.0009400880588853435,0.00011406038476054258,0.44061242885706486,1.0000000000000002,5.0,0.17043122220347012,-0.19090668148484413,0.0015770530507917735,0.0005522738907156283,0.43634466571289116,3.0,5.0
5.3500000000000005,-0.00044274522355335153,0.0008997266281218321,-0.10128838199132562,0.16525966181428992,-0.008939345129311972,-0.007260172732139723,0.000641627442779587,0.0015757818140161297,0.0005494744003195597,0.43918469760904666,-0.9999999999999998,5.0,0.39880436174158435,-0.4182277716622813,0.0022114755691469163,0.0009848884158785768,0.434901503864992,-3.0,5.0
5.36,-0.0006443210368086141,0.001106091047236532,-0.08663646817220473,0.15163612055298872,-0.008967163632146516,-0.007203641240836789,0.00013588675300197348,0.0021743432686758615,0.000969494458803489,0.43775185915168047,1.0000000000000002,5.0,0.6224524044936517,-0.6377571878138324,0.0027729047233355933,0.0013895145172874183,0.43345334377958195,3.0,5.0
5.37,-0.000830577934904374,0.0012945617039408792,-0.06791576263413814,0.13471477849145594,-0.009007647516862342,-0.007134143490672795,0.0006285213504126035,0.002745272758605969,0.001368428977320663,0.43631394993554,-0.9999999999999998,5.0,0.836512387994953,-0.8459469463831931,0.0033162022485360766,0.001767363495837837,0.43200022228711865,-3.0,5.0
5.38,-0.0009984577565410012,0.0014622844468262814,-0.04549535456870099,0.11483810016769508,-0.009059834267632929,-0.007052803779898408,0.00011968461213950293,0.003253894528158656,0.001734337592930769,0.43487100653691757,1.0000000000000002,5.0,1.0364930819396316,-1.037172933671141,0.003762516297711343,0.002100246208540875,0.43054217634105013,3.0,5.0
5.39,-0.0011432740295166089,0.001604336607798395,-0.01982673043964314,0.09239383204361448,-0.009122569218690308,-0.006960925738386247,0.0006095274616593101,0.003711434612299214,0.0020625599931198106,0.43342306565691135,-0.9999999999999998,5.0,1.2179666967533715,-1.2084214361279206,0.004168974696439772,0.002390782393308852,0.42907924301689276,-3.0,5.0
5.4,-0.001262795668194298,0.001718785928496214,0.0085684883421549,0.06784629660019334,-0.009194403244533696,-0.006860122296367355,9.826441829824265e-05,0.004085450634063099,0.00234254507551157,0.4319701641205099,1.0000000000000002,5.0,1.3770687280599267,-1.35478890883688,0.004459466655826984,0.0026225301579033285,0.4276114595113055,3.0,5.0
5.41,-0.001353315207735886,0.0018017829955997702,0.03910579189199874,0.041687939192746944,-0.00927374703641738,-0.006752127791446211,0.0005861002492303427,0.004389866016178955,0.0025713529016078525,0.43051233887567325,-0.9999999999999998,5.0,1.5101777524704607,-1.474154572990651,0.004694281398294812,0.0028001607277041356,0.42613886314116317,-3.0,5.0
5.42,-0.0014137128639269288,0.0018525985390321922,0.07115299172199,0.014468289553826775,-0.009358778338709668,-0.006638918426999426,7.329483003834243e-05,0.004595345996204923,0.0027404497939377513,0.4290496269924105,1.0000000000000002,5.0,1.6143994792368441,-1.5626625112128667,0.004800825976230892,0.0029095466862676506,0.42466149134262227,3.0,5.0
5.43,-0.0014415021967438355,0.0018686913461556124,0.10403996063275357,-0.013256428199616737,-0.009447604537661632,-0.006522516227793932,0.0005600887788884203,0.00471926901024411,0.0028491697113328844,0.4275820656618553,-0.9999999999999998,5.0,1.6872271799816303,-1.619373199028269,0.004843192024283297,0.0029578896287280176,0.4231793816701896,-3.0,5.0
5.44,-0.0014368691231325752,0.001850718644115277,0.13707582600867954,-0.040895831471444336,-0.009538176791890111,-0.006405102887695746,4.676749308986242e-05,0.0047360320995655375,0.002891463064026368,0.42610969219533745,1.0000000000000002,5.0,1.727003185494175,-1.641721562970783,0.004752795188886964,0.002933756416719851,0.42169257179578384,3.0,5.0
5.45,-0.0013986905693184795,0.0017975752556677043,0.16956013766442748,-0.0678767924354906,-0.009628457941518178,-0.0062888188057714615,0.0005335861718579274,0.004666945343445477,0.0028693070418248463,0.4246325440234523,-0.9999999999999998,5.0,1.732554026333425,-1.630141991008375,0.004597858587325417,0.0028471510196233247,0.4202010995077968,-3.0,5.0
5.46,-0.0013285450653704551,0.0017113739756755373,0.2008008995731657,-0.09361649811384146,-0.009716340261862503,-0.0061758738214218525,2.0833468455198293e-05,0.004490455554881352,0.002779399662839987,0.4231506586951263,1.0000000000000002,5.0,1.703624421714968,-1.583497929045859,0.004313965766317225,0.002689492283855128,0.4187050027101483,3.0,5.0
5.47,-0.0012267021632134483,0.0015924540991461694,0.23012596479585357,-0.11757387415975726,-0.009799815210209119,-0.006068345023231312,0.0005087563652363791,0.004231955936453967,0.0026265127477161413,0.42166407387668015,-0.9999999999999998,5.0,1.6404832594001497,-1.5036770772579813,0.003973456318026583,0.0024736258325922956,0.4172043194213418,-3.0,5.0
5.48,-0.0010961035930522603,0.001444331191041479,0.2569006738836205,-0.1392221380297235,-0.009876891180291001,-0.005968288181250181,-2.376080457026789e-06,0.0038739237035585686,0.0024101272211045854,0.42017282735088884,1.0000000000000002,5.0,1.5443273759199303,-1.390990440771393,0.0035158914706631705,0.0021937416944930294,0.415699087773515,3.0,5.0
5.49,-0.0009383236602137409,0.0012686756758138317,0.2805382400645732,-0.15809920553010515,-0.009945761400201128,-0.005877538176067651,0.0004876524736732211,0.003445644182565421,0.002137727177354504,0.4186769570160391,-0.9999999999999998,5.0,1.4168569110702098,-1.2487368889959578,0.0030173646615722733,0.0018653271336044233,0.41418934601148977,-3.0,5.0
5.5,-0.0007575224136946699,0.0010702339743580013,0.3005157785360806,-0.17377873436917776,-0.010004718014553467,-0.005797824932409155,-2.0930028525563697e-05,0.0029332652031448655,0.0018113773561957262,0.417176500884983,1.0000000000000002,5.0,1.2606486904356689,-1.0785721250614413,0.0024208862237243096,0.0014850275350369482,0.41267513249181476,3.0,5.0
5.51,-0.000556379687199108,0.0008517803806397193,0.3163825130104269,-0.1859185571788037,-0.010052314551549323,-0.005730580148579849,0.0004720419643626944,0.0023694420677730288,0.0014409616951877435,0.41567149708419004,-0.9999999999999998,5.0,1.0787020539795045,-0.885044359357007,0.0018056189324011922,0.0010705460341797605,0.4111564856818111,-3.0,5.0
5.5200000000000005,-0.00034002411240328457,0.0006190139836934484,0.32777309891742734,-0.19422932611923435,-0.01008727291830755,-0.005677061208854055,-3.326306593925412e-05,0.0017433186187672967,0.0010307087942008342,0.4141619838527952,1.0000000000000002,5.0,0.8747842146164653,-0.6709362075144074,0.0011171951697615647,0.0006204558932139249,0.4096334441586106,3.0,5.0
5.53,-0.00011194573112999535,0.0003754893564803263,0.3344126499362371,-0.19852016927421023,-0.01010863726337894,-0.005638167413181241,0.00046325349505578614,0.0010901062761663597,0.0005923830824580028,0.41264799954164516,-0.9999999999999998,5.0,0.6529501676098488,-0.44177569167869285,0.00043689393356542293,0.00015405737071517148,0.4081060466081951,-3.0,5.0
5.54,0.00012209322189609,0.00012749578623034286,0.33612647117444616,-0.1986642370083064,-0.010115671021109315,-0.005614574721104847,-3.831291989552356e-05,0.0004010080119010342,0.00013176855721048765,0.4111295826123409,1.0000000000000002,5.0,0.4178647972240903,-0.20115640361629486,-0.0002880902523642913,-0.0003288459680370275,0.406574331824428,3.0,5.0
5.55,0.00035816033141291485,-0.00012102583393941869,0.3328411586927646,-0.19464100174074417,-0.010107999677730078,-0.005606563924597149,0.0004620586441407559,-0.00028724959809014344,-0.000338175194042847,0.4096067716362777,-0.9999999999999998,5.0,0.17430271152828958,0.044769811625113905,-0.0009755072080813212,-0.0008081189452961815,0.40503833870808803,-3.0,5.0
5.5600000000000005,0.0005902529031964084,-0.00036361335874699114,0.32459014935096453,-0.18649825845647613,-0.010085495800410595,-0.0056141682020131225,-3.561704085616399e-05,-0.000982528214813226,-0.0008108570300215754,0.40807960529368287,1.0000000000000002,5.0,-0.07254610176897969,0.29198718197230766,-0.001677806831536309,-0.0012835388660003037,0.4034981062658984,3.0,5.0
5.57,0.000814406467265672,-0.0005963716380900662,0.3115104673107641,-0.17439076303895062,-0.010048409116721758,-0.005637014703144856,0.0004685990020566145,-0.0016477694937485792,-0.0012729180004856272,0.4065481223726507,-0.9999999999999998,5.0,-0.31758889459512846,0.5341336528551022,-0.0023130107726839324,-0.0017349789709496788,0.4019536736095542,-3.0,5.0
5.58,0.0010247968104005669,-0.0008131034250433324,0.29384384199890984,-0.15853853233177245,-0.009997238449229801,-0.005674485838285517,-2.5360026762945146e-05,-0.0022911181430779106,-0.001717786668042773,0.4050123617681738,1.0000000000000002,5.0,-0.5555326689366356,0.7672011331822978,-0.0029344667924072424,-0.002162655335599919,0.40040507995474295,3.0,5.0
5.59,0.0012178461749779192,-0.0010103935491383277,0.27192903699331583,-0.1392618209580918,-0.009932848566610268,-0.005725574633220014,0.00048236541137714633,-0.002876411981301315,-0.002132545358990724,0.4034723624811727,-0.9999999999999998,5.0,-0.7814004720727805,0.9850544952883723,-0.003461705819524719,-0.002547304049938675,0.3988523646201694,-3.0,5.0
5.6000000000000005,0.0013883185696198755,-0.0011827311758289404,0.24619865810986588,-0.1169358764693321,-0.009856329034680008,-0.005789059532244164,-8.3670941077213e-06,-0.003413290324314631,-0.0025114790976971174,0.4019281636175227,1.0000000000000002,5.0,-0.9902329836796236,1.184128551581278,-0.003950168667327947,-0.0028904128364035104,0.3972955670265728,3.0,5.0
5.61,0.001533414939968153,-0.0013275809077104325,0.2171673720009199,-0.09202256359291189,-0.009769098406296806,-0.00586337272370728,0.0005022318366806603,-0.0038676566203860673,-0.0028429266496254094,0.400379804387078,-0.9999999999999998,5.0,-1.177599275945035,1.358939197302617,-0.004322022916457504,-0.0031743742015537015,0.39573472669574383,-3.0,5.0
5.62,0.001648853348180418,-0.0014404877938845474,0.18542489181242877,-0.06502203135349591,-0.00967275110409063,-0.005946787092241464,1.3956607430122613e-05,-0.004251747153906913,-0.0031228056875140303,0.3988273241026925,1.0000000000000002,5.0,-1.3392883386242735,1.50676807624868,-0.00463583768742776,-0.003402684725402651,0.39416988324953595,3.0,5.0
5.63,0.0017329452007068722,-0.0015201273385490094,0.1516207440104382,-0.036501580951660215,-0.00956915059278082,-0.006037295609658533,0.00052654176950047,-0.004534542489732229,-0.003341431948572537,0.39727076217923935,-0.9999999999999998,5.0,-1.4718054313234912,1.6231571880544928,-0.004817337825557544,-0.003560058209631044,0.3926010764088798,-3.0,5.0
5.64,0.0017826530467872444,-0.0015633859942708415,0.1164542484658333,-0.007044968746006002,-0.009460266434548531,-0.006132808027244664,3.9736472349682494e-05,-0.0047317744808405325,-0.0034970050146240464,0.3957101581326269,1.0000000000000002,5.0,-1.5720451292056696,1.7065731139708085,-0.004929006471948836,-0.0036525780806755557,0.3910283459927894,3.0,5.0
5.65,0.001797641436343298,-0.001570383725369357,0.0806567925449749,0.022720645074497062,-0.009348259040234806,-0.006231038466331193,0.0005532406106426087,-0.0048162667420148155,-0.0035823813633120995,0.39414555157881237,-0.9999999999999998,5.0,-1.6377654866413416,1.7538776845758441,-0.004900759003189099,-0.0036677577120001526,0.38945173191736887,-3.0,5.0
5.66,0.0017763068751285556,-0.001539524686571892,0.044979887556341684,0.05217682411640235,-0.009235309897630712,-0.00632970858582994,6.678008103192803e-05,-0.004807862847770526,-0.0035985082500302207,0.3925769822328139,1.0000000000000002,5.0,-1.6672356281598202,1.7649652479829043,-0.004799458953526237,-0.0036146351367483415,0.3878712741948184,3.0,5.0
5.67,0.0017197989371037625,-0.0014724882160527058,0.010176132925016158,0.08068781547693381,-0.009123701245042214,-0.006426439774737028,0.0005800435001954251,-0.004683681768423225,-0.003541140125313834,0.3910044899077183,-0.9999999999999998,5.0,-1.6596817065073637,1.7382039107631397,-0.004559500689075922,-0.003483772000597447,0.3862870129324314,-3.0,5.0
5.68,0.0016280191873789002,-0.001369246843088235,-0.023013391592042562,0.1076530406588749,-0.00901564309091308,-0.006518958937978003,9.275778341170476e-05,-0.004467956556573752,-0.0034142123114309477,0.3894281145136879,1.0000000000000002,5.0,-1.6149041141858447,1.6750415149365563,-0.004252231344724279,-0.0032872844975480615,0.3846989883315968,3.0,5.0
5.69,0.0015036106226535427,-0.0012330241923369026,-0.05387816174042505,0.13248086200044623,-0.008913351628533624,-0.0066049912544419425,0.000604624926721177,-0.004142197658737524,-0.0032164948905895135,0.3878478960569646,-0.9999999999999998,5.0,-1.5336915152635886,1.5754143716637423,-0.0038164387609012957,-0.0030187774697480792,0.3831072406867947,-3.0,5.0
5.7,0.0013479249474882735,-0.0010652801814615644,-0.08175014771227956,0.15464032397880043,-0.008818876986813865,-0.006682464449328825,0.00011539738880413748,-0.0037349387934229703,-0.0029549028339864785,0.3862638746388713,1.0000000000000002,5.0,-1.4174052478800805,1.4423201936243073,-0.0033276799281084166,-0.002693310777383443,0.38151181038459125,3.0,5.0
5.71,0.0011649810624291992,-0.0008706370895479144,-0.10602152176841938,0.1736336256514317,-0.008734184364561474,-0.006749397977170714,0.0006248144179634913,-0.0032318087273073663,-0.002631086660224064,0.38467609045481066,-0.9999999999999998,5.0,-1.2683603515695046,1.2771939414332913,-0.002728678661191763,-0.00230727048646165,0.3799127379026287,-3.0,5.0
5.72,0.000957402741392873,-0.000651834572735429,-0.12615463307956887,0.18904604715302195,-0.008660986445615498,-0.006804101718860044,0.00013267672816445926,-0.002665188834462259,-0.0022546809910169822,0.38308458379326227,1.0000000000000002,5.0,-1.0893774660773101,1.08444872231408,-0.0020985689416171517,-0.0018782753218099,0.37831006380861704,3.0,5.0
5.73,0.0007303495093920253,-0.0004146278539896186,-0.14169715244077394,0.20051612124352924,-0.008600831057237766,-0.006845057692961273,0.0006387818826919965,-0.00202420165947406,-0.001829836605727937,0.38148939503477697,-0.9999999999999998,5.0,-0.8841325463119647,0.866821139419693,-0.0013832144844858616,-0.0014049922204388918,0.376703828759321,-3.0,5.0
5.74,0.00048742929546104576,-0.00016271776874610371,-0.15228893540076752,0.20778281807287377,-0.008554941844172588,-0.006871109529362623,0.00014299780766295254,-0.0013442921638485645,-0.0013684146220480794,0.37989056465096915,1.0000000000000002,5.0,-0.6566793102526127,0.6298838853403672,-0.0006643826682230691,-0.0009069926383682215,0.37509407349954565,3.0,5.0
5.75,0.0002346074188162465,9.737255859440654e-05,-0.15767356840941443,0.21065258903903994,-0.00852431575829729,-0.006881333388300649,0.000645196816999033,-0.0006171485376314504,-0.0008764695831405946,0.3782881332035064,-0.9999999999999998,5.0,-0.41177199992389235,0.3773655917429068,0.00010999508858566375,-0.0003845245442331098,0.37348083886111805,-3.0,5.0
5.76,-2.3899032345220004e-05,0.0003613852467860366,-0.1577012191962897,0.2090431013262301,-0.008509574939428674,-0.006875215290005821,0.00014532759844961072,0.00011977425266898785,-0.0003674011512554676,0.37668214134309697,1.0000000000000002,5.0,-0.15436395937685327,0.11564128720795971,0.0008566970429694262,0.00014166728062965926,0.37186416576186865,3.0,5.0
5.7700000000000005,-0.00028172645991408316,0.0006224642245392519,-0.15233583791558353,0.20294657968039484,-0.008511076559917547,-0.006852508785277446,0.0006433475733810146,0.0008733800083264008,0.00015159786867691692,0.37507262980847556,-0.9999999999999998,5.0,0.11008986419211458,-0.1509660334753093,0.0016269857639838133,0.0006705968886093015,0.3702440952046112,-3.0,5.0
5.78,-0.0005344802642351165,0.000876251361353865,-0.14165341979597895,0.1924696635051055,-0.008528777955453306,-0.006813398204578746,0.0001392931141590704,0.0016054417048885368,0.0006664166826159786,0.3734596394253863,1.0000000000000002,5.0,0.376150538866364,-0.4157089632443378,0.002337503401450673,0.0011812354965550402,0.36862066827611856,3.0,5.0
5.79,-0.0007758453929338664,0.0011160267743464227,-0.12584447111040836,0.17779277657086143,-0.008562360340885502,-0.006758341707788199,0.0006332100685044991,0.002322747785306051,0.0011695964899337968,0.37184321110556373,-0.9999999999999998,5.0,0.6381044091978482,-0.674123530767877,0.003040053865723565,0.0016727762972516148,0.366993926146096,-3.0,5.0
5.8,-0.0010017023977984321,0.0013378037275244903,-0.10520748826433024,0.15920600071902696,-0.008611108144620752,-0.0066882196774782745,0.00012522211297812775,0.0029876195792211844,0.0016472143598512167,0.3702233858457115,1.0000000000000002,5.0,0.8904877633348206,-0.9195573461496646,0.003652491373136318,0.0021248322297686365,0.3653639100661548,3.0,5.0
5.8100000000000005,-0.0012062337462575017,0.0015354627268710317,-0.08014669259021698,0.13706453497136184,-0.00867404696250089,-0.006604162990231555,0.0006154594241743392,0.003608050628891418,0.0020924524045332765,0.36860020472647936,-0.9999999999999998,5.0,1.1277982474853643,-1.1478770845004878,0.004228481678561651,0.002537690449215336,0.3637306613687829,-3.0,5.0
5.82,-0.001386030911274887,0.001705835324297722,-0.05116093101437243,0.11182081459156776,-0.008749836864015982,-0.006507687021779575,0.00010412522902468024,0.00414820321115277,0.0024924712645104353,0.36697370891143777,1.0000000000000002,5.0,1.3450167112768605,-1.3529912841863465,0.0046883557934141225,0.0028924901244875936,0.3620942214663129,3.0,5.0
5.83,-0.0015361871427892642,0.0018438224343336276,-0.018837083021653968,0.08397645195790351,-0.008836923754586173,-0.006400506227318622,0.0005914227612519624,0.004618513180566945,0.002841959462059609,0.3653439396460501,-0.9999999999999998,5.0,1.5373108503960529,-1.531547578239523,0.0050888231499811205,0.0031914476596087826,0.3604546318498871,-3.0,5.0
5.84,-0.0016543866988579386,0.0019474579774939466,0.016165022693106268,0.05411114980488796,-0.00893344523943269,-0.00628465544703409,7.762022223720968e-05,0.00498613905738202,0.0031299779914582583,0.3637109382566435,1.0000000000000002,5.0,1.7005444598605723,-1.6784405182736912,0.005353764934197095,0.0034179965208569075,0.35881193408842377,3.0,5.0
5.8500000000000005,-0.0017369757870279831,0.002013003049803172,0.053122754856530126,0.022831818630689414,-0.009037393421419265,-0.006162293053528694,0.0005629763078084741,0.005265007397843198,0.0033534722492802823,0.362074746149377,-0.9999999999999998,5.0,1.8309638968871405,-1.7914893930071214,0.005543875738304375,0.0035769665071023063,0.35716616982757754,-3.0,5.0
5.86,-0.001783026427849639,0.002039981915045266,0.09126880803176332,-0.0092008888288612,-0.009146530828859075,-0.006035812341670384,4.780393054558754e-05,0.00542619154369549,0.0035040714052498876,0.36043540480920866,1.0000000000000002,5.0,1.92568589787763,-1.8669225801454965,0.005587375689547782,0.003654670561219493,0.35551738078870354,3.0,5.0
5.87,-0.0017903790026061416,0.0020262455792679455,0.12980381788097017,-0.04132534088538645,-0.009258561683396853,-0.005907636497715139,0.0005323947266205059,0.005487877199465645,0.0035815482183116257,0.35879295579885906,-0.9999999999999998,5.0,1.9823587719351132,-1.904028301579652,0.0055495628552358,0.0036590250313733638,0.35386560876781026,-3.0,5.0
5.88,-0.001759675276249707,0.0019729748702928115,0.1679163255813343,-0.07285373181958528,-0.00937105451383143,-0.0057803237331912,1.7081999848757887e-05,0.005425653555085985,0.0035805604519374475,0.3571474407577746,1.0000000000000002,5.0,1.9996216228470536,-1.9006088676690294,0.005363429910706324,0.003579572685563269,0.35221089563452135,3.0,5.0
5.89,-0.0016903682924472216,0.0018797094612890614,0.20479655324405635,-0.10312561118371279,-0.009481618172242825,-0.005656358066026617,0.0005021647101051873,0.005262385200041807,0.0035040480776399054,0.35549890140108803,-0.9999999999999998,5.0,1.9767342031924435,-1.8575988957425507,0.005099116844997629,0.0034275357033423633,0.35055328333102825,-3.0,5.0
5.9,-0.0015847216092793126,0.0017493154800531019,0.23965682341239442,-0.1314828611768801,-0.00958782714443109,-0.005538252437337238,-1.2029828452633524e-05,0.004978405484309352,0.0033499087117080783,0.3538473795185767,1.0000000000000002,5.0,1.914002695812015,-1.7744852593931264,0.004694425768576897,0.0031957693457762507,0.3488928138710427,3.0,5.0
5.91,-0.001443784978751042,0.0015829788863813761,0.27174506995770675,-0.1573227970576234,-0.009687398139745028,-0.0054283397041183234,0.0004747780748948143,0.004601288610099022,0.003124326845271262,0.35219291697362026,-0.9999999999999998,5.0,1.8123747184924255,-1.653889966340628,0.0042241717358886925,0.002898744978834446,0.3472295293387509,-3.0,5.0
5.92,-0.0012713596588852293,0.0013851380114057864,0.3003642740280427,-0.18007211916217672,-0.00977811382539718,-0.005328878207313454,-3.711649956005832e-05,0.004115943205256779,0.00282838073555979,0.3505355557021549,1.0000000000000002,5.0,1.6738295738994846,-1.496954461148721,0.003630597800414535,0.0025324346258483177,0.34556347188775866,3.0,5.0
5.93,-0.0010699411806305184,0.001158443186565784,0.32488428814879394,-0.19923840901083217,-0.009857995708685664,-0.005241847419296646,0.0004525215313421126,0.0035542867717849548,0.0024713039633231255,0.3488753377116268,-0.9999999999999998,5.0,1.5009377868879,-1.307887301899012,0.002992630338313131,0.0021142271910864615,0.3438946837400427,-3.0,5.0
5.94,-0.0008446534610685621,0.0009086575786315348,0.3447589128849003,-0.21438192794800323,-0.009925222095742503,-0.005169060287206322,-5.606887668732212e-05,0.00290524583915204,0.0020570269607455144,0.34721230507994383,1.0000000000000002,5.0,1.2972167013415004,-1.0893144542560425,0.002256204906519125,0.0016427499581679037,0.3422232071848949,3.0,5.0
5.95,-0.0005991627565381197,0.0006395878428247111,0.3595347343477134,-0.22516445248938438,-0.009978293237904947,-0.005111967647733171,0.0004372808239854645,0.0022043432198862126,0.0015973769124850267,0.3455464999544249,-0.9999999999999998,5.0,1.0666569168041824,-0.8467948791727675,0.0015034406006203852,0.001137726864224539,0.34054908457786814,-3.0,5.0
5.96,-0.00033958597280916124,0.0003579593419197847,0.3688646457137105,-0.23131795752773548,-0.010015939744189841,-0.005071781158366302,-6.726602356117657e-05,0.0014436190834924178,0.0010985626632240425,0.3438779645507478,1.0000000000000002,5.0,0.814047047516809,-0.5841413493052553,0.0006828949470986229,0.0005997484139630584,0.3388723583397167,3.0,5.0
5.97,-7.038239229364214e-05,6.832510822100409e-05,0.3725126322225667,-0.23268994425418577,-0.01003727656013863,-0.005049289909589121,0.0004303759735570432,0.0006611489742030516,0.0005743242662168925,0.34220674115189575,-0.9999999999999998,5.0,0.5444722517003356,-0.3079098116440363,-0.00012132113508631461,5.0085869209742545e-05,0.33719307095533957,-3.0,5.0
5.98,0.00020175616986920246,-0.00022207621787653044,0.37036282501483037,-0.2292082953522432,-0.010041698816270065,-0.005044996916428264,-6.971883334655845e-05,-0.00014909297936567317,3.237491417988224e-05,0.3405328721071015,1.0000000000000002,5.0,0.2636146239898773,-0.02269780840609637,-0.000959334932934398,-0.000509574437857128,0.33551126497271855,3.0,5.0
5.99,0.0004720273087814841,-0.0005084238998634066,0.3624194948177899,-0.220922533000678,-0.010029022102248515,-0.005058950376720623,0.0004324419601872903,-0.0009477612348400774,-0.0005124841532179767,0.33885639983079047,-0.9999999999999998,5.0,-0.022768561439810237,0.26438422625564534,-0.0017464294903144816,-0.0010573432206158356,0.3338269830018575,-3.0,5.0
6.0,0.0007336367397920616,-0.0007834645367766737,0.3488110898590986,-0.20796444658298346,-0.009999363751737282,-0.00509089559249503,-6.316234196043503e-05,-0.0017403070954821686,-0.001051947233649216,0.33717736680152205,1.0000000000000002,5.0,-0.30856020694114494,0.5484278696631781,-0.00253285295612426,-0.0015914103140804554,0.33214026771371674,3.0,5.0
6.01,0.0009819240826012868,-0.00104261765032898,0.32978509347343843,-0.1905850538980806,-0.009953267995894596,-0.005140122121156745,0.00044336555290138254,-0.0024875228698102115,-0.00157110504106785,0.33549581556092883,-0.9999999999999998,5.0,-0.587815994628069,0.8222636819227627,-0.003234738644138255,-0.002090262848486484,0.3304511618391492,-3.0,5.0
6.0200000000000005,0.0012104802712557428,-0.001279121815903834,0.30570691350583584,-0.16911095310822286,-0.009891571886208934,-0.0052056317201722765,-4.808821752395762e-05,-0.0031957121799680082,-0.0020620339462362547,0.3338117887126548,1.0000000000000002,5.0,-0.8544854232546647,1.0811791110881201,-0.003903901490125805,-0.002552962851404659,0.3287597081678329,3.0,5.0
6.03,0.001415266888762098,-0.0014891316055181255,0.2770496877141104,-0.14397711974179142,-0.009815515167659087,-0.005286001314170075,0.0004622844016710943,-0.003827221082922936,-0.0025106921915802934,0.33212532892129243,-0.9999999999999998,5.0,-1.1029447706553202,1.318453099823202,-0.0044587299858778635,-0.0029593504369243317,0.3270659495472052,-3.0,5.0
6.04,0.0015907220785635278,-0.001666849876637068,0.2443883247331109,-0.11567929478263736,-0.009726591326447008,-0.005379566212412557,-2.5713847618001303e-05,-0.004390580423508357,-0.002910494174010172,0.33043647891131656,1.0000000000000002,5.0,-1.3277131235606237,1.530066272119162,-0.004953939764093777,-0.0033102961564400505,0.3253699288813888,3.0,5.0
6.05,0.001733863539481406,-0.0018096059313136704,0.20838476870384082,-0.08480310334313448,-0.009626643310528643,-0.005484297478954158,0.0004876493391143338,-0.0048509945703702215,-0.003249181652906276,0.32874528146601856,-0.9999999999999998,5.0,-1.523975035159122,1.7102225935613418,-0.005311408717232086,-0.0035878691318023807,0.32367168913012445,-3.0,5.0
6.0600000000000005,0.0018403735680145473,-0.0019129644421459677,0.16977790525140227,-0.051973129690223926,-0.009517701451369404,-0.005597998372948309,2.1102531597968284e-06,-0.005220427749210024,-0.003522363435476946,0.32705177942643804,1.0000000000000002,5.0,-1.6872811331284585,1.8560416209304804,-0.0055898609280498265,-0.0037955452180476155,0.3219712733076965,3.0,5.0
6.07,0.0019086770641583782,-0.0019757761314448835,0.12936518714254172,-0.01787916069407007,-0.009402067369746697,-0.005718193473708794,0.0005173455175659619,-0.00546802421349377,-0.0037203430611671318,0.32535601569029393,-0.9999999999999998,5.0,-1.8140505288313338,1.963057579004672,-0.005715620677777516,-0.003918322686857318,0.32026872448186156,-3.0,5.0
6.08,0.0019359979641320273,-0.001995255652267638,0.087989477678694,0.01677711270797442,-0.009282141652889991,-0.005842335149302501,3.3047763268505986e-05,-0.005610114828887826,-0.0038416068951041627,0.32365803321091274,1.0000000000000002,5.0,-1.9012467447666765,2.029884825325481,-0.005752205444281883,-0.003962870729041193,0.31856408577276923,3.0,5.0
6.09,0.0019224055956761472,-0.0019719982890697833,0.046518258904087915,0.05125767029807563,-0.00916049931326035,-0.005967700759286451,0.0005488629806489965,-0.005620547919333293,-0.0038795931865540276,0.3219578749961569,-0.9999999999999998,5.0,-1.9468515017689698,2.053686477677765,-0.00563098100977876,-0.003917579478003893,0.3168574003518895,-3.0,5.0
6.1000000000000005,0.001866837067123045,-0.0019050216243961739,0.005828758276296288,0.08484268172228662,-0.009039711007328428,-0.006091605066043116,6.446693390152854e-05,-0.005520598772364856,-0.0038361156925518607,0.32025558410735083,1.0000000000000002,5.0,-1.9495086605719705,2.0348063831256193,-0.00542064962539642,-0.003792638198549694,0.3151487114409326,3.0,5.0
6.11,0.0017711078888117413,-0.001796744539248493,-0.03321381795369968,0.1168066742955916,-0.00892241417501797,-0.006211301104845771,0.0005795029649979437,-0.0052891976495244054,-0.0037080637446696477,0.31855120365820633,-0.9999999999999998,5.0,-1.9089633118810412,1.972201890130246,-0.005057796526683955,-0.0035800117967874348,0.3134380623107727,-3.0,5.0
6.12,0.0016358976815819943,-0.0016479904800661015,-0.06977136523165522,0.1464730006682628,-0.008811132184373852,-0.006324193893743384,9.36585630813477e-05,-0.004952732833007282,-0.003500753785861941,0.3168447768137458,1.0000000000000002,5.0,-1.8256690240752416,1.8680383440278874,-0.004616268016490158,-0.003293443827054235,0.3117254962803641,3.0,5.0
6.13,0.001464723939641992,-0.0014629281667368468,-0.1030540770870629,0.17318930725510717,-0.008708345701604201,-0.006427740189450615,0.0006066030207293228,-0.004495170779364777,-0.0032145557574895004,0.315136346789225,-0.9999999999999998,5.0,-1.7011890043703992,1.7230835481978668,-0.004037608725722274,-0.0029283577291170596,0.3100110567156624,-3.0,5.0
6.140000000000001,0.0012598914803824861,-0.0012440374847044722,-0.1323341846344248,0.19638066489768644,-0.008616314382237873,-0.006519658677077616,0.0001180635539297228,-0.003947752181423515,-0.0028581709097326054,0.31342595684905383,1.0000000000000002,5.0,-1.5377649756623177,1.5412639151420728,-0.0034003335834822523,-0.00250178606197571,0.30829478702854046,3.0,5.0
6.15,0.0010264313190098255,-0.0009970145319696596,-0.15696506419079884,0.21552308647958535,-0.008537153065856073,-0.006597823857532374,0.0006277622146080233,-0.0032990082766497595,-0.002435185973523064,0.31171365030571724,-0.9999999999999998,5.0,-1.3386803328454762,1.3250213600563492,-0.0026502643718760038,-0.002012201037313523,0.3065767306757074,-3.0,5.0
6.16,0.0007680173475492107,-0.000725704329753452,-0.17639217916823413,0.23019412992329263,-0.008472660484031757,-0.006660468128115537,0.0001354909862192118,-0.0025843584199613935,-0.0019572818041437975,0.3099994705186926,1.0000000000000002,5.0,-1.1077921866823666,1.0798334605905084,-0.0018697085632730275,-0.0014793776347645313,0.3048569311576185,3.0,5.0
6.17,0.000490875263516718,-0.0004369758862455895,-0.19016873543826027,0.2400433606975756,-0.008424404530893955,-0.006706065475936172,0.0006410474109405501,-0.0017960353782856117,-0.0014307229178370775,0.30828346089336817,-0.9999999999999998,5.0,-0.8498596457185564,0.8095367071042139,-0.0010077123366098297,-0.0009041640315303576,0.3031354320173949,-3.0,5.0
6.18,0.0001996727804567038,-0.000135628778237918,-0.19796258473690792,0.2448394331654219,-0.008393561928460094,-0.0067335214806166725,0.00014430816432846924,-0.00097260134069156,-0.0008695074293325256,0.3065656648799593,1.0000000000000002,5.0,-0.5700436951003092,0.5208160945884248,-0.00014916730309750843,-0.0003082919408279737,0.3014122768397327,3.0,5.0
6.19,-9.859385066889796e-05,0.00017075348079978762,-0.1995673365850327,0.24443663608842806,-0.008381016117656001,-0.0067420432880832245,0.0006451629564826636,-0.0001088028912178845,-0.00028180509380862806,0.30484612597242344,-0.9999999999999998,5.0,-0.2742067215340127,0.2185015480939848,0.0007549955582557912,0.00030589724171526945,0.299687509249816,-3.0,5.0
6.2,-0.00039872747512987824,0.0004769136319400263,-0.19490430580944615,0.23881774165716682,-0.008387210951995011,-0.006731314530466114,0.00014358621063494147,0.0007549704970851274,0.00031693590012440195,0.303124887707375,1.0000000000000002,5.0,0.031612325180917264,-0.08996497409444917,0.0016187438853881393,0.0009156768940574319,0.29796117291222973,3.0,5.0
6.21,-0.0006934563851698555,0.000775078763938846,-0.18402835801883835,0.2280560906252096,-0.00841226373812806,-0.006701349163216122,0.0006395689370984958,0.001622874894860916,0.000917584712793595,0.30140199366299764,-0.9999999999999998,5.0,0.34091853421834584,-0.3992507021492254,0.002490779292636704,0.0015182335254627882,0.2962333115298655,-3.0,5.0
6.22,-0.0009775695470176566,0.0010600763747822999,-0.16712438927319564,0.21235384560633316,-0.00845583488783275,-0.006652649528201247,0.0001331882954307144,0.002454181701626067,0.0015042447847262402,0.29967748745795675,1.0000000000000002,5.0,0.6473009515598993,-0.7016773502843542,0.0032854885083912176,0.002090904856658885,0.29450396884283414,3.0,5.0
6.23,-0.0012440450689486689,0.0013244925812378747,-0.14450761647138904,0.19199944130941227,-0.008517257393978427,-0.0065860429651760435,0.0006245373068585309,0.003253478528280341,0.002067862671362582,0.29795141275031045,-0.9999999999999998,5.0,0.9441628598767815,-0.9919491902124038,0.004052775354934615,0.0026314805579989234,0.29277318862737145,-3.0,5.0
6.24,-0.0014881819866717576,0.0015637825003543206,-0.11661453150555243,0.16740126146530418,-0.008595423050965301,-0.006502822641917021,0.0001137922551932947,0.003981235229256103,0.0025931470045310267,0.2962238132364199,1.0000000000000002,5.0,1.225265730441468,-1.2626994680372665,0.004708991930231865,0.0031184313376994713,0.2910410146947483,3.0,5.0
6.25,-0.001703719764843166,0.0017714170621920438,-0.0839978127054457,0.13904066835841963,-0.008688928282895953,-0.006404567289618513,0.0006011402839682589,0.004643984795623118,0.003072168215546637,0.2944947326498581,-0.9999999999999998,5.0,1.4844577687663483,-1.5092138049420991,0.005306734361990133,0.003551189426562248,0.28930749089017277,-3.0,5.0
6.26,-0.0018869557420207056,0.0019439764788000626,-0.0473121613368675,0.10750150924181327,-0.008795976152836093,-0.00629326587303799,8.68447730565402e-05,0.005204853470870685,0.003491257358221256,0.292764214760318,1.0000000000000002,5.0,1.7162103604266015,-1.7249662056428892,0.005765722146118253,0.0039103465008958746,0.28757266109169777,3.0,5.0
6.2700000000000005,-0.002032845183537013,0.00207627494778,-0.007304466669046876,0.07341931544318328,-0.00891453707877172,-0.0061711222285469975,0.0005711710459239379,0.005673690448898907,0.00384457501549645,0.29103230337251995,-0.9999999999999998,5.0,1.9153334572137495,-1.9063264950151848,0.006142527426927129,0.004197892672771644,0.2858365692091259,-3.0,5.0
6.28,-0.0021390945451051544,0.0021664272465751313,0.03520462971469259,0.03750740177312631,-0.009042264508661425,-0.006040666026091434,5.445003165715915e-05,0.006017532491618351,0.004120969204968419,0.28929904232511844,1.0000000000000002,5.0,2.077493448847186,-2.0480751055957547,0.006361374534337796,0.00439736339444039,0.2840992591829139,3.0,5.0
6.29,-0.002202233089786035,0.0022109423306787136,0.07933427324388186,0.0005031570062610444,-0.009176667782826152,-0.00590454538764389,0.0005370024703841201,0.00625065511048695,0.004317494061520781,0.21697428174383881,-0.7585183495424748,5.0,2.198904915272053,-2.1480844482935875,0.006483777729355549,0.004514018918073143,0.0,-2.51703669908495,5.0
6.3,-0.0022216740325407083,0.0022097552199025067,0.12416488639636501,-0.03680820200229211,-0.009315038168753436,-0.005765627783972471,0.00013994214468183677,0.006344947218296658,0.004426209209084892,0.1627307113078791,1.1207408252287625,5.0,2.276820269072319,-2.202803306216069,0.006439239326106365,0.004534924356649003,0.0,3.0,5.0
6.3100000000000005,-0.0021958717490629925,0.0021614339204581033,0.16875404323539225,-0.07364906829801542,-0.009454630065139458,-0.005626784768670923,0.0006825062150886993,0.006319862717385542,0.004447632779080548,0.12204803348090934,-0.9396295873856186,5.0,2.3091892476969127,-2.2119040962272503,0.006294778216474428,0.004469056349076204,0.0,-3.0,5.0
6.32,-0.0021260435146434383,0.0020677941046939297,0.2121608256344342,-0.10922911605869703,-0.009592600756241092,-0.005490977870156304,0.00019526396821438556,0.006153367135763582,0.0043777711778873445,0.09153602511068201,1.0301852063071906,5.0,2.2951757282062295,-2.173868991211582,0.005986871554141621,0.004307909576694141,0.0,3.0,5.0
6.33,-0.002012377118165504,0.0019291755212130458,0.2534619728976968,-0.1427975512176779,-0.009726184009977414,-0.005361054534787449,0.0006936535234783557,0.0058695686965207355,0.00422066599213676,0.0686520188330115,-0.8688834350464594,5.0,2.234697318504696,-2.090250519922445,0.0055857702572778885,0.004063560806386175,0.0,-2.7679520764001095,5.0
6.34,-0.001857998897096753,0.0017493753266339318,0.29177288030814463,-0.1736206891356072,-0.009852625393391032,-0.005239840861888886,0.0002435999127670336,0.005451705076055822,0.003975776297379569,0.05148901412475863,1.0655582824767704,5.0,2.128759801056778,-1.9613190179540272,0.005033841455590908,0.003730886602622379,0.0,3.0,5.0
6.3500000000000005,-0.0016649832175836981,0.0015306859178629184,0.3262638142415357,-0.20103704576252313,-0.009969366907100975,-0.005129924368398398,0.0007621705695621424,0.0049296567522848465,0.0036510531683969904,0.03861676059356897,-0.9646193967228129,5.0,1.9791595990357622,-1.79061208152442,0.004407608428513871,0.0033263300394144116,0.0,-2.9947970759223965,5.0
6.36,-0.0014381495873376576,0.0012786203022141214,0.35618202064329063,-0.2244339260736949,-0.0100739808879952,-0.005033748535708168,0.0002673741311648367,0.004291930274402906,0.0032496947518599975,0.02896257044517673,1.0176903016385936,5.0,1.788874469977607,-1.5803588897470215,0.0036542037965209663,0.0028483363353230045,0.0,3.0,5.0
6.37,-0.0011810844211556616,0.000996973664445968,0.38086479547732094,-0.24329826019688378,-0.010164342491562063,-0.004953410452744836,0.0007657048163604793,0.0035729770180772677,0.0027829502803791446,0.02172192783388255,-0.8938648941700602,5.0,1.561557770598054,-1.3358360486296021,0.00285402376175163,0.0023162058088982917,0.0,-2.805420089978714,5.0
6.38,-0.0009000404629577766,0.0006926863748478122,0.3997565647198929,-0.2571893220332517,-0.010238552214377503,-0.004890768749943917,0.0003104749297269975,0.002765412450446123,0.0022569734827943676,0.01629144587541191,1.05306755291497,5.0,1.3018315691828057,-1.0608103917478224,0.0019578478828149786,0.001730996685209591,0.0,3.0,5.0
6.390000000000001,-0.0005998743407972444,0.00037080854379670247,0.4124183697185888,-0.26578784221999385,-0.010295103424504737,-0.004847245981414644,0.0008310937573688883,0.0019077577566793797,0.0016858577866958495,0.012218584406558933,-0.9734662235425151,5.0,1.014846005395531,-0.7620175512402169,0.0010501030629126362,0.0011147420905973314,0.0,-3.0,5.0
6.4,-0.0002878071653633866,3.919544860664999e-05,0.41854190035385924,-0.26886546387557264,-0.01033279464094725,-0.004823947393473043,0.000340978181633273,0.0009958888939753325,0.0010782214053191488,0.0091639383049192,1.0132668882287426,5.0,0.7065974146661665,-0.4445122048539735,8.402003127128512e-05,0.000470585023942448,0.0,3.0,5.0
6.41,3.062400254113005e-05,-0.00029650425339045673,0.4179535245657138,-0.26632799301885596,-0.010350878098474372,-0.004821484670805107,0.000846825350395483,7.058986444359204e-05,0.0004499625620786793,0.0068729537286894,-0.9349459435412333,5.0,0.38336696763931893,-0.11599008529486599,-0.0008547091650881482,-0.0001782962811617899,0.0,-2.883158775311209,5.0
6.42,0.00034770620255441544,-0.0006280221456909681,0.41062144945025736,-0.25817941667186994,-0.010348953935646237,-0.0048401145824892985,0.0003812058174841371,-0.0008707630381616611,-0.00018905064687249487,0.0051547152965170494,1.0325270282293837,5.0,0.05196224884371446,0.21784251974605773,-0.001812115940766914,-0.0008280638558236692,0.0,3.0,5.0
6.43,0.0006576682812251451,-0.000949563384345048,0.39665432624919883,-0.24456180403952796,-0.010327106910615187,-0.004879574377673187,0.0009019162880586047,-0.001786248591992213,-0.0008220028446679149,0.003866036472387787,-0.9837364858853079,5.0,-0.2807805865515801,0.5488289869375936,-0.0027017341458227644,-0.001454955042463335,0.0,-3.0,5.0
6.44,0.0009528945565613052,-0.0012530699852269967,0.37630365755497036,-0.2257147262464821,-0.010285784393799268,-0.004939237204720713,0.0004170212091013161,-0.0026783927199313232,-0.001438669991895884,0.0028995273542908404,1.008131757057346,5.0,-0.6077257428377218,0.871069849393704,-0.0035705368478704336,-0.0020553371391238535,0.0,3.0,5.0
6.45,0.0012280188772619252,-0.0015332824127903422,0.3499561327497663,-0.20200922123621134,-0.010225912263028495,-0.005017969913921173,0.000930431201662804,-0.003506116814522263,-0.002022568893429292,0.0021746455157181303,-0.9745401946346159,5.0,-0.9220146915740086,1.1765664546061305,-0.0043338409091132025,-0.0026064677949627,0.0,-2.9572121463265777,5.0
6.46,0.001476062163708219,-0.001782905957619139,0.31812924997271197,-0.17390185673892228,-0.010148753561362982,-0.0051143088891991845,0.0004547040795617585,-0.004273665614238972,-0.00256440496979749,0.0016309841367885976,1.0127299026826924,5.0,-1.2168276285577122,1.459900129996486,-0.005041214413955681,-0.0031062410461656876,0.0,3.0,5.0
6.47,0.0016925558598704028,-0.001997709129241018,0.2814581419629416,-0.1419649277830853,-0.01005600984036803,-0.00522633217436914,0.0009745567415500999,-0.004942171092639166,-0.003049054166821175,0.0012232381025914481,-0.9936350486586538,5.0,-1.4859049072416413,1.7137873852893895,-0.005610676571039361,-0.0035337033638448605,0.0,-3.0,5.0
6.48,0.001871685400403898,-0.0021716996702725406,0.2406864501469181,-0.1068362413311074,-0.009949663419264846,-0.0053518519408577965,0.0004929089903187911,-0.005519034153299178,-0.0034691261079707134,0.0009174285769435861,1.003182475670673,5.0,-1.7232753316408256,1.9337929132677323,-0.006095897213959189,-0.0038891980491202517,0.0,3.0,5.0
6.49,0.0020103815932401743,-0.0023021856735694697,0.1966480655081499,-0.06924497126810218,-0.009832061957190042,-0.005488303855456429,0.001011017642636015,-0.005969187061716713,-0.003811931974017067,0.0006880714327076895,-0.9984087621646636,5.0,-1.9237990737834152,2.1138927677248454,-0.006419339970134249,-0.00415473784006342,0.0,-3.0,5.0
6.5,0.002104410335831096,-0.002384888156718537,0.15025326954151813,-0.029957773122791076,-0.009705745956305332,-0.005632954447442139,0.000529347566096079,-0.006304527870736574,-0.004072970989596169,0.0005160535745307672,1.000795618917668,5.0,-2.082884100958634,2.2511519466734526,-0.006639868679756435,-0.004334010005175271,0.0,3.0,5.0
6.51,0.0021524507295378535,-0.0024189906894880975,0.10246679014261872,0.010197955017223814,-0.009573521955281624,-0.005782801389697744,0.001047907524468572,-0.006494850328321653,-0.004242783092178698,0.0003870401808980754,-0.9996021905411661,5.0,-2.19698249368683,2.341227704770606,-0.006685172785906731,-0.004412595194761226,0.0,-3.0,5.0
6.5200000000000005,0.0021521476515723734,-0.002402211996785308,0.05429110899788239,0.05039029539506935,-0.009438279487299021,-0.005934791057281703,0.0005665259346033586,-0.006557465801323638,-0.004320431050799959,0.00029028013567355656,1.000198904729417,5.0,-2.263268252503441,2.383034526656146,-0.006620081274325623,-0.004398079009421221,0.0,3.0,5.0
6.53,0.0021041505165143946,-0.0023358134816268334,0.006742256762524025,0.08976118167657757,-0.009303056062266616,-0.006085726488511023,0.001084889181250293,-0.006467799769901474,-0.004300261366230944,0.00021771010175516742,-0.9999005476352913,5.0,-2.2801085497385887,2.374208080336998,-0.00637813373847931,-0.004280091681661928,0.0,-3.0,5.0
6.54,0.0020081245636824566,-0.0022196281028877183,-0.03916827019655203,0.12748352253571216,-0.00917084838617204,-0.00623248997799172,0.0006026689114526154,-0.006249060167926963,-0.00418531094972825,0.00016328257631637556,1.0000497261823542,5.0,-2.2467010808609906,2.315728617518624,-0.006030320565952453,-0.004070360533225558,0.0,3.0,5.0
6.55,0.001866747124923506,-0.0020570232819630135,-0.0824582104186051,0.16273972373532297,-0.009044674198636879,-0.006371953324826389,0.001119485966408673,-0.0058825865404802165,-0.0039739836717740794,0.00012246193223728168,-0.9999751369088228,5.0,-2.1635027900255563,2.207341544866157,-0.005516112913033469,-0.0037626563938199077,0.0,-3.0,5.0
6.5600000000000005,0.0016816760308385535,-0.0018498851186436406,-0.12219221018631744,0.1947782074455451,-0.008927383017561488,-0.0065011999094439525,0.0006350003601313129,-0.005397486111856135,-0.003673371894365245,9.184644917796127e-05,1.000012431545589,5.0,-2.0318232563057523,2.052136373837243,-0.004912385683232055,-0.0033727601169564105,0.0,3.0,5.0
6.57,0.0014575034794674338,-0.0016035374881280709,-0.1575052125443065,0.2228905837478619,-0.008821720196277479,-0.006617431619418271,0.0011488560980569293,-0.004780788289813383,-0.0032858471035050727,6.888483688347096e-05,-0.9999937842272053,5.0,-1.8542088074689997,1.8519226236862534,-0.004164090467770631,-0.0028983223126449005,0.0,-3.0,5.0
6.58,0.0011976834080414964,-0.0013216842086465283,-0.18761794014057726,0.24646609713113718,-0.00873014255180395,-0.006718184851267451,0.0006607610909269087,-0.004067011201628725,-0.0028222969227923167,5.166362766260322e-05,1.0000031078863976,5.0,-1.6339915227684954,1.6117647869343297,-0.0033532341134440667,-0.0023587467420795602,0.0,3.0,5.0
6.59,0.000908446560083559,-0.0010112887411342208,-0.21185725669204641,0.2649660420687753,-0.008654889883883358,-0.006801228719272442,0.0011704261871794287,-0.003248160640498518,-0.0022886342894056617,3.874772074695241e-05,-0.9999984460568014,5.0,-1.375630099553206,1.3353158460510797,-0.0024293100793683115,-0.0017549716560190066,0.0,-3.0,5.0
6.6000000000000005,0.0005946921199562662,-0.0006774804559805013,-0.2296678432091308,0.27797482415529684,-0.008597810503096609,-0.006864769864868549,0.0006776413609021663,-0.002363217772670561,-0.001698957827857482,2.9060790560214307e-05,1.0000007769715993,5.0,-1.0842176513445945,1.0293123474019215,-0.0014782749048426042,-0.0011092813663093025,0.0,3.0,5.0
6.61,0.00026387088169026825,-0.0003284027085722745,-0.24062804898089096,0.2851704281530625,-0.008560444895192561,-0.006907337217337729,0.0011822118721541508,-0.0014080181103389984,-0.001061990842926295,2.179559292016073e-05,-0.9999996115142002,5.0,-0.765784289398013,0.6988713767255458,-0.00045281844800743563,-0.0004250238579951081,0.0,-3.0,5.0
6.62,-7.815047586812916e-05,2.9907544506390033e-05,-0.2444564439741088,0.2863710489945581,-0.008543865398724274,-0.006927971368071122,0.0006840319393536426,-0.00042467039290210824,-0.00039417949349409686,1.634669469012055e-05,1.0000001942428998,5.0,-0.42677038100797626,0.35195323530564515,0.0005586773245347821,0.00027363185593810125,0.0,3.0,5.0
6.63,-0.0004232284314008971,0.0003886927496862101,-0.2410220367190115,0.28150073739131065,-0.008548775737941511,-0.006926092221628958,0.0011830184498711493,0.0005886478456128791,0.0002939210630438472,1.2260021017590411e-05,-0.9999999028785502,5.0,-0.07429909073660818,-0.005369126488186778,0.0016019660841278666,0.000982021619581791,0.0,-3.0,5.0
6.640000000000001,-0.000765094903824659,0.0007416101651442904,-0.23034479987492806,0.2706309153046769,-0.0085753679645591,-0.006901669935890602,0.0006791821758405623,0.0015883170685081086,0.000984590812741281,9.195015763192808e-06,1.000000048560725,5.0,0.28437523685714233,-0.36446950381173426,0.002587986291403338,0.0016752605624387146,0.0,3.0,5.0
6.65,-0.001095506809952368,0.0010799134755591498,-0.2125995922051349,0.25394071902032583,-0.00862344029514219,-0.006855073194957706,0.0011725589745635522,0.002575524871041292,0.0016665895563763274,6.896261822394606e-06,-0.9999999757196376,5.0,0.6416136855382362,-0.7189150991140809,0.0035627326735744756,0.0023485883000113734,0.0,-3.0,5.0
6.66,-0.0014084025556841046,0.0013975901703927574,-0.18811025036139833,0.23175313586105822,-0.00869227301806427,-0.006787220230131121,0.0006632784710187369,0.003506907060497826,0.002322119635786838,5.172196366795954e-06,1.000000012140181,5.0,0.9899573637826465,-1.0600356549267838,0.00443828924995436,0.002977649715197349,0.0,3.0,5.0
6.67,-0.0016960493624719746,0.0016865383993661617,-0.15734707424016464,0.2044900054407847,-0.008780765560508955,-0.0066994070498904166,0.0011514927237922063,0.004384801519818786,0.002940476480263552,3.879147275096965e-06,-0.9999999939299096,5.0,1.3218805045866044,-1.3816732466290695,0.005262695979139745,0.003558833324740266,0.0,-3.0,5.0
6.68,-0.001953191089945954,0.001941692916372596,-0.12091461534294223,0.17270296466199808,-0.008887331484854306,-0.0065934387169815,0.0006374424250450524,0.005167868264731252,0.003505004286114048,2.909360456322724e-06,1.0000000030350453,5.0,1.6303548833715165,-1.6757478268965535,0.0059509350096437165,0.004069532091964544,0.0,3.0,5.0
6.69,-0.0021731805948419845,0.0021561840207004806,-0.07954312606644892,0.1370235181425625,-0.009010054100438931,-0.0064714385529494305,0.0011213831769928703,0.005861308817247936,0.004006726653336373,2.182020342242043e-06,-0.9999999984824772,5.0,1.908596026682804,-1.9369967398421744,0.00655474936976462,0.004508449020558697,0.0,-3.0,5.0
6.7,-0.0023521065596095528,0.0023264394403266367,-0.03407070880183012,0.0981894193142353,-0.009146599064272521,-0.006335961515365024,0.0006036494494141732,0.00642742992592021,0.004431269823770868,1.6365152566815322e-06,1.0000000007587613,5.0,2.150614125267651,-2.1585234672258613,0.006993551034592484,0.004855812994205363,0.0,3.0,5.0
6.71,-0.0024848992326131094,0.002447313531910831,0.014570355270420512,0.056990642901721095,-0.009294386278035116,-0.00618978701426999,0.001084578804019822,0.006875792555400316,0.0047724489430811656,1.2273864425111493e-06,-0.9999999996206193,5.0,2.3509403636185104,-2.33651413439139,0.0073241551848804215,0.005113628062391462,0.0,-3.0,5.0
6.72,-0.0025694255367606183,0.0025171543313196073,0.06537594696509524,0.014292223888569364,-0.00945051710151688,-0.006036017770012351,0.0005645740371982571,0.007173687494759615,0.005019135845762482,9.20539831883362e-07,1.0000000001896903,5.0,2.505151955351895,-2.4657574813768095,0.007471582434118913,0.005265822748443798,0.0,3.0,5.0
6.73,-0.002602558623403313,0.002532893530104082,0.11728754027453094,-0.029022677579625997,-0.009611958869321544,-0.005877860298907843,0.0010440258645068247,0.007336184049130853,0.005168779880460926,6.904048739125215e-07,-0.9999999999051548,5.0,2.6095671017016673,-2.5443273949020386,0.007498680603502091,0.005318423915159369,0.0,-3.0,5.0
6.74,-0.002584233062094566,0.002495070710238816,0.1692174886647751,-0.07203214437087088,-0.009775482450357956,-0.0057187139047778415,0.0005233738343667629,0.007336492346920347,0.005214201588393051,5.178036554343911e-07,1.0000000000474227,5.0,2.661733787318673,-2.5690643885726536,0.007336800644709841,0.005259623296325176,0.0,3.0,5.0
6.75,-0.002513471560814482,0.002402877792519167,0.22006851937105262,-0.11383389263938623,-0.009937854602418758,-0.005561943988508375,0.0010030281211781777,0.007195890170643194,0.005157032258138152,3.883527415757933e-07,-0.9999999999762885,5.0,2.66008436273676,-2.5402159091179697,0.007055287994366041,0.005099862927883254,0.0,-3.0,5.0
6.76,-0.002392395292315956,0.0022591359743548227,0.2687601506541293,-0.15352530721523577,-0.010095780678227992,-0.00541096672409933,0.00048342990738500823,0.006893955755351728,0.004994420837501666,2.91264556181845e-07,1.0000000000118556,5.0,2.6043806523085977,-2.456872722510052,0.006592021340060261,0.004831809416865181,0.0,3.0,5.0
6.7700000000000005,-0.002222204655335359,0.00206529209974886,0.31424835450456307,-0.19026169153733874,-0.010246099307724443,-0.005269021024489459,0.0009649730177429321,0.006458361350163151,0.004732383021414473,2.1844841713638374e-07,-0.9999999999940721,5.0,2.495322437329499,-2.321562190951737,0.006022766944974575,0.00447034520532728,0.0,-3.0,5.0
6.78,-0.002007143510124271,0.0018263477479871478,0.3555511694916782,-0.22323535249090315,-0.010385724544123936,-0.0051392548947276975,0.00044806452178085016,0.005874970875088184,0.00437241588298478,1.638363128522878e-07,1.000000000002964,5.0,2.3349450107536134,-2.1356366751552214,0.005291580400013218,0.004012448744555086,0.0,3.0,5.0
6.79,-0.001750434690346274,0.0015458089968092593,0.39176659647035317,-0.2517321040235373,-0.010511837090246072,-0.005024502081368164,0.0009330469653007132,0.005177499988962408,0.003924754804564482,1.2287723463921587e-07,-0.9999999999985179,5.0,2.1261796482229407,-1.9038188804811593,0.0044800291028366315,0.0034770937261441844,0.0,-3.0,5.0
6.8,-0.0014582007930889446,0.001230571140365053,0.4220955124860046,-0.2751078412696433,-0.010621820145521684,-0.004927376037603584,0.000420259937195419,0.004357484226167028,0.0033948980247245643,9.21579259794119e-08,1.000000000000741,5.0,1.8732037034459985,-1.6295433948409515,0.003537468463371647,0.002865041244884647,0.0,3.0,5.0
6.8100000000000005,-0.0011353589799056641,0.0008858272711665825,0.44585598614637,-0.29284181680142585,-0.010713441603502225,-0.004850056972517775,0.0009099636143846323,0.0034538166640097233,0.00279677747654122,6.911844448455893e-08,-0.9999999999996294,5.0,1.5809551796424988,-1.3194572349307547,0.0025501491018524187,0.002198656928357876,0.0,-3.0,5.0
6.82,-0.0007895046701897542,0.0005199158990027185,0.46250179933806485,-0.30450933396061586,-0.010784778312111401,-0.004794398803568846,0.0004024019659804836,0.002462603129673324,0.0021392030806288553,5.1838833363419196e-08,1.0000000000001854,5.0,1.2554394661329982,-0.9787196100141621,0.0014713895953369252,0.001481628684716491,0.0,3.0,5.0
6.83,-0.0004267736690815179,0.00013919732862304629,0.47163164573860533,-0.309830566365619,-0.01083438435354826,-0.004761731524193016,0.0008977282270081506,0.0014265990757261885,0.0014389609053171715,3.88791250225644e-08,-0.9999999999999074,5.0,0.9032040259612943,-0.6154646238767603,0.00039059502177905304,0.0007387187300054879,0.0,-3.0,5.0
6.84,-5.569833263465552e-05,-0.0002471253160449182,0.47300191410860776,-0.3086383087381102,-0.010861199334018901,-0.0047529854980929865,0.00039607028414643316,0.00034497818746676923,0.0007071939463745019,2.91593437669233e-08,1.0000000000000466,5.0,0.5316095908570952,-0.23606795145712098,-0.0007366427007926503,-2.4573012568167546e-05,0.0,3.0,5.0
6.8500000000000005,0.00031695206985591354,-0.0006321500981318225,0.4665296437778033,-0.30092146922947327,-0.010864698963471345,-0.0047685128396410415,0.0008974585393935092,-0.0007373010991257338,-3.755265500698663e-05,2.1869507825192476e-08,-0.9999999999999765,5.0,0.14827443091569298,0.15041805672338765,-0.0018195803857182365,-0.0007822992563884753,0.0,-3.0,5.0
6.86,0.0006823306934384387,-0.001006468942634024,0.4522986887530219,-0.2867872183118216,-0.010844784277587357,-0.004808232001726182,0.0004018938451099284,-0.0018197795956250396,-0.0007829920108880373,1.6402130868894357e-08,1.000000000000012,5.0,-0.2386790660641474,0.5370191842595176,-0.0029022580921243455,-0.0015284313667690878,0.0,3.0,5.0
6.87,0.0010336816237916,-0.0013633183206569503,0.43055581515079466,-0.2664987209078927,-0.010801912175710856,-0.004871470310451089,0.0009092780235309042,-0.002857164393462377,-0.0015100787308740876,1.2301598151670768e-08,-0.9999999999999942,5.0,-0.6211983774895738,0.9144191228417641,-0.003894549191299714,-0.0022371654508601376,0.0,-3.0,5.0
6.88,0.0013625012156198305,-0.0016937713911516635,0.4017099116770511,-0.240431487475092,-0.010736964043801766,-0.004957130126864694,0.00041948450883468936,-0.0038496265660245923,-0.0022066843767604783,9.226198613753075e-09,1.0000000000000029,5.0,-0.99106572606055,1.2757221919296393,-0.004842088738586808,-0.002903290022646869,0.0,3.0,5.0
6.890000000000001,0.0016627016418155512,-0.0019918809020444397,0.36632118416922843,-0.2091053930039315,-0.010651355567611797,-0.005063552922050746,0.0009322915679755709,-0.004753461592410291,-0.0028545819448594564,6.9196489603148064e-09,-0.9999999999999984,5.0,-1.3404764394016857,1.6120338385361117,-0.0056572966187959884,-0.003502479512958435,0.0,-3.0,5.0
6.9,0.0019267603731033516,-0.0022498564128245846,0.32509366018269864,-0.17313552099414975,-0.01054688494235101,-0.0051887064902245185,0.0004474555812471983,-0.00557136016534226,-0.003443108618324014,5.1897367202361044e-09,1.0000000000000007,5.0,-1.6618009823209494,1.917216833150262,-0.006389258738274228,-0.004031635291788571,0.0,3.0,5.0
6.91,0.0021498651694063205,-0.002463185406126285,0.2788580177511792,-0.13325899920736434,-0.010425823017683621,-0.005330069137787751,0.0009646467825651637,-0.006263021840813147,-0.003956123778177376,3.892302540177079e-09,-0.9999999999999998,5.0,-1.9481532539312059,2.1834580836077815,-0.0069546835162840335,-0.004469138938030737,0.0,-3.0,5.0
6.92,0.0023260386482394095,-0.002625782263075392,0.2285582012253903,-0.09028109607354967,-0.010290743005235312,-0.005484835641314069,0.0004835248863610034,-0.006835360058221654,-0.004385631978971457,2.919226905132809e-09,1.0000000000000002,5.0,-2.1931355051501384,2.4060042223234945,-0.00740769827563016,-0.004815140179765539,0.0,3.0,5.0
6.93,0.002452252493659847,-0.002735075222013418,0.1752289661127344,-0.045097847934228046,-0.010144593686649815,-0.00564981840666615,0.0010036769502694476,-0.007253032234620763,-0.004718688625855659,2.189420178849607e-09,-0.9999999999999998,5.0,-2.3913827814426174,2.5787012760765413,-0.007670704411019873,-0.005051745272739863,0.0,-3.0,5.0
6.94,0.0025245159808273843,-0.002787115976118601,0.11997793172137745,0.0013614212902160819,-0.009990514118273236,-0.005821668251156006,0.0005246948540852461,-0.007528545113217592,-0.004950959077685703,1.6420651341372052e-09,1.0000000000000002,5.0,-2.5382777035819153,2.698697101980205,-0.00780405799181442,-0.005183229529515747,0.0,3.0,5.0
6.95,0.002541949604910015,-0.002781622825465091,0.06395938500402273,0.048114337823972876,-0.009831894101088489,-0.005996787912661545,0.0010461147031373842,-0.007632671057451768,-0.005073550182647036,1.2315488506029038e-09,-0.9999999999999998,5.0,-2.630459084529811,2.761942557697726,-0.007736797001685945,-0.005196141287608368,0.0,-3.0,5.0
6.96,0.002502829315526972,-0.002717042934127555,0.008353499205355719,0.09418504604775281,-0.009672178696996873,-0.006171562429332322,0.0005674955018254769,-0.007584427782848938,-0.005086486466613278,9.236616379521779e-10,1.0000000000000002,5.0,-2.665495912831128,2.767850866043327,-0.007536184508246109,-0.00509942275057952,0.0,3.0,5.0
6.97,0.0024086130557780805,-0.0025955455838896887,-0.045661723071426255,0.13858570707239107,-0.0095149212931799,-0.006342279271759186,0.0010883593778032454,-0.007361359786999613,-0.004985451672164111,6.927462284641334e-10,-0.9999999999999998,5.0,-2.6423510283232035,2.7147520205800078,-0.007138291791150288,-0.004884416877714943,0.0,-3.0,5.0
6.98,0.0022599360828842287,-0.00241803301204507,-0.0969320726644958,0.18037646836168003,-0.009363583671552442,-0.0065053622105272916,0.0006082706826024352,-0.006989376758919714,-0.0047751697214041735,5.195596713481001e-10,1.0000000000000002,5.0,-2.5610069416093415,2.604502655087494,-0.006617393730839814,-0.004564887770644237,0.0,3.0,5.0
6.99,0.002060587790670823,-0.002189081801101166,-0.14435498801806768,0.21864649020331736,-0.00922158769964101,-0.006657291705462859,0.0011267762374108804,-0.006452890168133461,-0.004456047776859529,3.8966975351107506e-10,-0.9999999999999998,5.0,-2.4228791186854046,2.437889250667198,-0.005916403577347208,-0.004136925832314884,0.0,-3.0,5.0
7.0,0.0018134575561828078,-0.001911902501024017,-0.18689992800933164,0.2525725734080849,-0.009092117150336044,-0.00679483577155179,0.0006434840465179043,-0.0057845063533298775,-0.004037457532462175,2.922523151333063e-10,1.0000000000000002,5.0,-2.2303902317678497,2.2191861736717513,-0.005116122538526293,-0.0036188672880648216,0.0,3.0,5.0
7.01,0.001524463378082012,-0.0015932315388921116,-0.22363394806188105,0.28139799634116647,-0.008978174251614028,-0.00691496414858373,0.0011580027524763516,-0.004975020378019654,-0.0035242795073414756,2.191892363499797e-10,-0.9999999999999998,5.0,-1.987331779513146,1.9515075093765943,-0.00416553440270943,-0.003011101482220776,0.0,-3.0,5.0
7.0200000000000005,0.0011984518565651891,-0.0012382441545438043,-0.25373880783262764,0.3044881460400144,-0.008882389392629047,-0.007015069838544751,0.0006700191693958411,-0.004062972008920569,-0.002930088568369661,1.6439192726248477e-10,1.0000000000000002,5.0,-1.6983876690375694,1.6413152736497678,-0.0031509236398214835,-0.0023358976293978467,0.0,3.0,5.0
7.03,0.0008430842680779134,-0.0008554034233581797,-0.2765323572355292,0.32130560923872303,-0.008807088441663722,-0.007092871013330057,0.0011792361906474646,-0.003044511021082057,-0.0022636074993205575,1.2329394544686359e-10,-0.9999999999999998,5.0,-1.3694472408464033,1.2937240314898322,-0.002026050033243545,-0.0015971264302714542,0.0,-3.0,5.0
7.04,0.0004646982072372744,-0.00045133503772018865,-0.29148061121168123,0.3314613820119853,-0.008754115894804708,-0.007146617595543609,0.0006854484375447093,-0.00196283596277869,-0.0015418087953646441,9.247045908514769e-11,1.0000000000000002,5.0,-1.007083370681573,0.9169655208607256,-0.0008811609044753234,-0.0008200100914087307,0.0,3.0,5.0
7.05,7.216038902225862e-05,-3.5643747740841003e-05,-0.2982133605185106,0.33468495260975667,-0.008724918045324848,-0.0071749758123197975,0.001188477982766949,-0.0008179561403096401,-0.0007762933192520252,6.935284431386077e-11,-0.9999999999999998,5.0,-0.6188241124084044,0.5176542572747475,0.0003269236821594099,-1.0777843139406066e-05,0.0,-3.0,5.0
7.0600000000000005,-0.00032729917779023677,0.000384238139716022,-0.2965298458475065,0.330870017966487,-0.008720384074364198,-0.007177215375040778,0.0006882475591719984,0.00034395676332448096,1.367235725735971e-05,5.201463323539558e-11,1.0000000000000002,5.0,-0.21259441918786112,0.10521857404972251,0.001505869666958602,0.0008036380337667446,0.0,3.0,5.0
7.07,-0.0007242554318546831,0.0007982537037159153,-0.28640747347685197,0.3200387011860133,-0.008740948888213635,-0.007153072980701561,0.001184713637554914,0.0015208757212722866,0.000814829855161252,3.901097492654668e-11,-0.9999999999999998,5.0,0.20304278912941653,-0.3128611786264791,0.002697794679220092,0.0016159873530651443,0.0,-3.0,5.0
7.08,-0.0011112682146236063,0.0011988849368286952,-0.2680002420659773,0.3023811518687052,-0.008786455199094378,-0.007102917221275666,0.0006779368384873266,0.0026656160479722807,0.0016069311158463948,2.9258231194910006e-11,1.0000000000000002,5.0,0.6194689884297879,-0.7266421985930189,0.0038103563746722754,0.002399032376531538,0.0,3.0,5.0
7.09,-0.0014790573789563721,0.0015763600521587536,-0.24164000953137316,0.27821352411206296,-0.008856278240278966,-0.007027589059074856,0.0011680121198598841,0.003776170842651544,0.002376437757597417,2.1943673396182505e-11,-0.9999999999999998,5.0,1.0277860203717561,-1.1284943545405672,0.004886725637330808,0.003145944399348439,0.0,-3.0,5.0
7.1000000000000005,-0.0018206821547044401,0.0019238135673899787,-0.20782742565177095,0.2480113450760659,-0.008949210156198309,-0.0069285434358893686,0.0006551362657029583,0.004806415445799156,0.003103534007991576,1.6457755047136878e-11,1.0000000000000002,5.0,1.4194080368696098,-1.508695457213221,0.005836660048946768,0.0038306302583857353,0.0,3.0,5.0
7.11,-0.0021277081708981505,0.002232482378803876,-0.1672258174299709,0.21236140071866033,-0.00906360698983314,-0.006807666664485594,0.001139535179463343,0.00575642772088668,0.0037758218847632067,1.2343316285352658e-11,-0.9999999999999998,5.0,1.7858393423441432,-1.860204299290029,0.006706439995974203,0.004448109761534837,0.0,-3.0,5.0
7.12,-0.0023943713569708662,0.0024968470060003764,-0.12064500966698846,0.17198928133627342,-0.00919729483700667,-0.006667395659675215,0.0006215285686883537,0.006583155583590057,0.004375314956054575,9.257487214014494e-12,1.0000000000000002,5.0,2.119260407301187,-2.174246044163692,0.007409883446293434,0.004974808027345943,0.0,3.0,5.0
7.13,-0.0026137223981209665,0.0027098015654998284,-0.06902851997962872,0.12770583847120148,-0.00934773762630718,-0.006510514135451446,0.0011014545841937506,0.0072906792197355635,0.004892099653413522,6.94311541051087e-12,-0.9999999999999998,5.0,2.4122920475615808,-2.445067738472036,0.00799820285588107,0.005408884350772469,0.0,-3.0,5.0
7.140000000000001,-0.0027817613947662924,0.002867762155057885,-0.013431255068061608,0.08042981331554355,-0.009511962647996378,-0.006340252281634239,0.000579732057811753,0.007840800494250313,0.005311281081949036,5.207336557883153e-12,1.0000000000000002,5.0,2.6585602776363078,-2.665498845820277,0.008390921768765063,0.005730462510484551,0.0,3.0,5.0
7.15,-0.002893546972776353,0.0029657978543501393,0.044998719143355265,0.031129995671182603,-0.009686745871233127,-0.006160065471262785,0.0010567829549594618,0.00824320850387271,0.005626583216428472,3.905502418412364e-12,-0.9999999999999998,5.0,2.8524322276074563,-2.8316750508651873,0.008645616513495106,0.005941885350907908,0.0,-3.0,5.0
7.16,-0.0029472901990097358,0.003002694805046673,0.10504708714790391,-0.019155731245805566,-0.00986855278948295,-0.0059737188962376096,0.0005330927341554953,0.008465955689911698,0.005827221627833765,2.9291268138092733e-12,1.0000000000000002,5.0,2.9895461799152603,-2.938560853678505,0.008688702875950687,0.006027860039239057,0.0,3.0,5.0
7.17,-0.0029404183724367795,0.002976038475251433,0.1654551975979833,-0.06938102037436461,-0.010053736494227075,-0.005785054017427472,0.0010091312715732998,0.00852549574270725,0.005911420090565898,2.196845110356955e-12,-0.9999999999999998,5.0,3.066506805671678,-2.9846299620786017,0.008585035795502802,0.005995618553298032,0.0,-3.0,5.0
7.18,-0.00287361997141242,0.002887225570588286,0.22494965051330806,-0.1184739449835116,-0.01023848842937363,-0.005598064005214462,0.0004854120774961064,0.008397020312190093,0.005873190908450475,1.6476338327677164e-12,1.0000000000000002,5.0,3.081369475915486,-2.9673398813191616,0.008268544881672935,0.005834961726335051,0.0,3.0,5.0
7.19,-0.002746856836999478,0.002736491775688855,0.2822658186672955,-0.1653986509109763,-0.010419043297201594,-0.005416654272378127,0.0009624124896043928,0.008104348620859195,0.005715752201418432,1.2357253745757874e-12,-0.9999999999999998,5.0,3.0332856587844312,-2.8877606915019802,0.007811676929528298,0.005558313494386388,0.0,-3.0,5.0
7.2,-0.0025633559453521874,0.00252786792441449,0.33617793108497757,-0.2091383291682361,-0.010591633402393203,-0.005244715423195867,0.00044063258828610065,0.007630110066076437,0.005438204042144087,9.267940309318404e-13,1.0000000000000002,5.0,2.92293430281141,-2.745995477935543,0.007155871511293679,0.0051606558828697436,0.0,3.0,5.0
7.21,-0.0023255679620992143,0.0022641519522745863,0.3855219611321996,-0.24875601399269337,-0.010752693806522287,-0.00508588479718415,0.000920515528261949,0.007005477124859367,0.005048838852844447,6.950955231988803e-13,-0.9999999999999998,5.0,2.7521123145390356,-2.5457535318450404,0.006380844183642297,0.004659473663544807,0.0,-3.0,5.0
7.22,-0.0020391060621255974,0.0019518104082477381,0.42922395264675217,-0.2833757701384857,-0.01089881355102538,-0.0049436239343866135,0.0004025070318534712,0.006220191942289976,0.004551710192036924,5.213216423991602e-13,1.0000000000000002,5.0,2.5241101776178443,-2.289714951503839,0.005434906759720585,0.004054581531229401,0.0,3.0,5.0
7.23,-0.0017086533316609982,0.0015958980426551692,0.466320055906339,-0.3122408057365819,-0.011026934363518663,-0.0048209880695915894,0.0008869767290322267,0.005312147219215857,0.003959837607304763,3.9099123179937014e-13,-0.9999999999999998,5.0,2.2432469943835818,-1.9840489394922938,0.004404102496141737,0.0033679650225726006,0.0,-3.0,5.0
7.24,-0.0013418533298183626,0.001204910371097745,0.49598095954314164,-0.33469112500391457,-0.011134292218604222,-0.004720714838257914,0.00037427907126141955,0.004277268021378526,0.003281673927326305,2.932434238495276e-13,1.0000000000000002,5.0,1.9151921711132491,-1.6337255930940573,0.003242388823541196,0.002603510247347847,0.0,3.0,5.0
7.25,-0.0009451731666826276,0.0007856587895144437,0.5175270652525307,-0.35021732592566096,-0.01121860334986727,-0.004645008086856417,0.0008646764771128054,0.0031589582362563746,0.00253421484271433,2.199325678871457e-13,-0.9999999999999998,5.0,1.5464491784162266,-1.2469846143711347,0.002040648451134223,0.0017867557581023553,0.0,-3.0,5.0
7.26,-0.0005277546393738636,0.0003480841115655548,0.5304471874214741,-0.3584332429625124,-0.011277990331403677,-0.004595643689229081,0.0003584024011877878,0.001957861213300397,0.0017293792060279864,1.6494942591535927e-13,1.0000000000000002,5.0,1.1446297103660492,-0.8306018075045168,0.0007567641903444191,0.0009245435693416425,0.0,3.0,5.0
7.2700000000000005,-9.72436506420782e-05,-9.990103376161227e-05,0.5344072396196704,-0.3591241409630738,-0.011311150133362775,-0.004573772919474567,0.0008555869412084686,0.0007212009673732483,0.0008870417969276624,1.2371206943651944e-13,-0.9999999999999998,5.0,0.7178947045438133,-0.39431777721115097,-0.0005154592785539002,4.4704387827338506e-05,0.0,-3.0,5.0
7.28,0.0003363857969568974,-0.0005476243376259622,0.529261821954267,-0.352213274643657,-0.011317260132132082,-0.004580049886549597,0.0003563226249138433,-0.0005475441833287715,2.134867737327989e-05,9.278405207738958e-14,1.0000000000000002,5.0,0.2751914833366558,0.05392942166174929,-0.001816289334030791,-0.0008443444421811025,0.0,3.0,5.0
7.29,0.000765022187648685,-0.000986829450269562,0.5150553172157781,-0.3378036450565819,-0.011296124389162247,-0.004614458138469851,0.0008605929359639912,-0.0017993671989605703,-0.0008463016617355636,6.958803905804218e-14,-0.9999999999999998,5.0,-0.17433569903103419,0.5036025111788328,-0.003051190214592369,-0.001713952000844407,0.0,-3.0,5.0
7.3,0.0011786048941783802,-0.001406898082288781,0.49202556692254423,-0.31613790100970157,-0.011248056627471241,-0.00467646246149611,0.0003683411601916851,-0.0030301036955751896,-0.0017009800536878215,5.2191029293531635e-14,1.0000000000000002,5.0,-0.6211317536929433,0.9463517265519227,-0.0042608401921898085,-0.0025556584456400792,0.0,3.0,5.0
7.3100000000000005,0.00156931923602539,-0.0018000272717580935,0.46059690017644267,-0.2876333560525231,-0.011174002697930525,-0.00476486047508947,0.0008794020477178562,-0.004191179669486511,-0.0025212672220239953,3.914327197014872e-14,-0.9999999999999998,5.0,-1.0558356724989666,1.3716244271043863,-0.0053522556433978335,-0.0033415543903601687,0.0,-3.0,5.0
7.32,0.0019277812787652944,-0.002156444683583372,0.4213757558685083,-0.25283521087652755,-0.011075399462269835,-0.0048779595241538,0.0003935738065157898,-0.005279981517343825,-0.003292981284557476,2.935745397761154e-14,1.0000000000000002,5.0,-1.4690739304997682,1.7714549181590802,-0.006368783365201139,-0.004064695347090957,0.0,3.0,5.0
7.33,0.0022472212358042747,-0.002469570729651856,0.3751358414744205,-0.21244509334031084,-0.010954273392207895,-0.005013452939670165,0.0009105528564932464,-0.006250578767863797,-0.003996207875773867,2.2018090483208654e-14,-0.9999999999999998,5.0,-1.8520643382605764,2.136068726359141,-0.007221176018383769,-0.004699434466990259,0.0,-3.0,5.0
7.34,0.0025196487474335584,-0.0027312106381857694,0.3228062366077318,-0.1672681442778483,-0.010813076317700022,-0.005168620644906059,0.0004300087939371186,-0.007104045837742478,-0.0046190011205672205,1.651356786240649e-14,1.0000000000000002,5.0,-2.1963999771439298,2.458658718733012,-0.007957512907621159,-0.005241794365360573,0.0,3.0,5.0
7.3500000000000005,0.002740009256249406,-0.0029366856955726993,0.2654495459400246,-0.11823589338031062,-0.010654762117808742,-0.005340227670432672,0.0009515219317510015,-0.007799114085741463,-0.005144371588442091,1.238517589680487e-14,-0.9999999999999998,5.0,-2.494635321828955,2.73096753936344,-0.008494182333740448,-0.005669742056316962,0.0,-3.0,5.0
7.36,0.00290231527285268,-0.0030799873884758797,0.20424366131064906,-0.06634827632347888,-0.010482602258804718,-0.005524745074574941,0.0004746608051526906,-0.008342401815249166,-0.005563930243512993,9.288881922603651e-15,1.0000000000000002,5.0,-2.7400445004037657,2.948034158900431,-0.008885689544756869,-0.005983488898583894,0.0,3.0,5.0
7.37,0.0030037624211398943,-0.0031588644220617522,0.14045437630236723,-0.012692148715579873,-0.01030024441201281,-0.005718266389630642,0.0009989219528416821,-0.008698955291884525,-0.005864805621253452,6.9666614419527384e-15,-0.9999999999999998,5.0,-2.927174283646389,3.1037395819348474,-0.009055508768519883,-0.006165680998993912,0.0,-3.0,5.0
7.38,0.003040814865552508,-0.0031699272330403556,0.07541253576358667,0.04162025484128447,-0.010111512452905166,-0.005916743694871349,0.0005238093138452467,-0.008882350639090722,-0.006043204647536373,5.224996081464554e-15,1.0000000000000002,5.0,-3.051562402213863,3.1955102339432924,-0.009065745986296921,-0.006221603673819295,0.0,3.0,5.0
7.390000000000001,0.0030132709401098075,-0.003113680984709273,0.010483067498292795,0.09543548019494,-0.009920452420054238,-0.006115916097026025,0.0010487755076434872,-0.008865092267164115,-0.006091236001997177,3.918747061098415e-15,-0.9999999999999998,5.0,-3.1102445801900567,3.21981494033197,-0.00884783389523751,-0.00613926735645798,0.0,-3.0,5.0
7.4,0.002920294615348369,-0.002989572773973246,-0.052960338491528355,0.14762212062906976,-0.009731123023079746,-0.006311554443169723,0.0005733023033665872,-0.008668560611674616,-0.006010368349775225,2.9390602958238114e-15,1.0000000000000002,5.0,-3.101421813190568,3.176815010487377,-0.008472028956185117,-0.005929500697553273,0.0,3.0,5.0
7.41,0.0027644247388611955,-0.002800965225936981,-0.11356749602534127,0.1970557119275723,-0.009547635500881821,-0.006499394840451451,0.0010968425200267155,-0.008273248014548075,-0.005798144450927117,2.2042952218678586e-15,-0.9999999999999998,5.0,-3.0249123228752066,3.0658044341556487,-0.007877935417421534,-0.005585920552079009,0.0,-3.0,5.0
7.42,0.0025475488605247384,-0.002550123446998303,-0.17003713304291573,0.24268172210620625,-0.009373941571861657,-0.006675384675986733,0.0006189006473203175,-0.007708538901084383,-0.00546152573442121,1.653221416400894e-15,1.0000000000000002,5.0,-2.881760852126841,2.8898008790306187,-0.007143829787620692,-0.005124907017915303,0.0,3.0,5.0
7.43,0.0022748547877460825,-0.002243128779678522,-0.22114802868828065,0.28349915515249524,-0.009213874356163946,-0.006835613657723472,0.0011389744224952337,-0.0069627765929943155,-0.005003490717706544,1.2399160623006704e-15,-0.9999999999999998,5.0,-2.6746309381006674,2.650925729731573,-0.006217014284904247,-0.004545455700991878,0.0,-3.0,5.0
7.44,0.0019507479008051098,-0.0018848075978326454,-0.26578209157070504,0.31862125559344034,-0.009070941014380612,-0.00697655359562935,0.0006566346563447036,-0.006072876473815774,-0.00443626428993857,9.299370467255027e-16,1.0000000000000002,5.0,-2.4073540770545776,2.3549351211343454,-0.005182976354637233,-0.0038690378621705976,0.0,3.0,5.0
7.45,0.001582748576257416,-0.0014835898264728524,-0.3029520026198051,0.34725587461036184,-0.00894837190889711,-0.007094979549684975,0.0011714655573384638,-0.005034231391232557,-0.0037678036795281322,6.97452785044127e-16,-0.9999999999999998,5.0,-2.085262686009606,2.0065414750434085,-0.00399558630864934,-0.0030993430691176943,0.0,-3.0,5.0
7.46,0.0011773589092192666,-0.001046386612708445,-0.331819702688263,0.3687620463191238,-0.00884892488290411,-0.007188196247680728,0.0006831428702421113,-0.0038901724634012535,-0.003014920520761507,5.230895887830952e-16,1.0000000000000002,5.0,-1.7146820345175522,1.6138887399125124,-0.00274611353556995,-0.002262037361994882,0.0,3.0,5.0
7.47,0.000743914176533386,-0.0005834029412824407,-0.3517184377140728,0.38262541599013805,-0.008774949240907276,-0.00725394265758672,0.0011913721108732162,-0.002641734457268339,-0.0021896671428577896,3.923171915873214e-16,-0.9999999999999998,5.0,-1.3032092757943674,1.183822040776644,-0.0013932964511354244,-0.0013644137649540724,0.0,-3.0,5.0
7.48,0.00029040923536721334,-0.00010297562784723383,-0.3621647528989701,0.38850916755872994,-0.008728207734669305,-0.007290598945475031,0.0006959642547080441,-0.0013369919515883125,-0.0013123686556190178,2.9423789369049105e-16,1.0000000000000002,5.0,-0.8591559134282708,0.7263160630451311,-3.224944590828646e-05,-0.000435070168380246,0.0,3.0,5.0
7.49,-0.00017268380917475858,0.0003836466345008918,-0.3628732797264911,0.3862232066460809,-0.00870996078426202,-0.007297069094993905,0.0011967712102609745,1.928180565511652e-05,-0.000397930924513279,2.2067842026786828e-16,-0.9999999999999998,5.0,-0.3917829095676758,0.24970390275423315,0.0013755555628985456,0.0005165068065924598,0.0,-3.0,5.0
7.5,-0.000636615713064171,0.0008674900043575057,-0.35376085536430824,0.37576837429106524,-0.008720810827987965,-0.0072729638660234555,0.0006937584911485975,0.0013763647549477882,0.0005311922540652161,1.655088152009012e-16,1.0000000000000002,5.0,0.0892942621991574,-0.2349283885028433,0.00273344770424046,0.0014603154326437112,0.0,3.0,5.0
7.51,-0.0010905610343491766,0.0013370917440803708,-0.3349529804275679,0.3572985862578647,-0.008760810572934409,-0.007218457861528413,0.0011869374797435974,0.002727990727343351,0.0014587412191441234,1.241316114006759e-16,-0.9999999999999998,5.0,0.5739005772114273,-0.7185390676312474,0.004079616699738913,0.0023862901842230306,0.0,-3.0,5.0
7.5200000000000005,-0.0015258285034290089,0.0017836944205402907,-0.30677932753699816,0.3311578197039524,-0.008829332543610463,-0.007134445909520844,0.0006764347628284999,0.004023138900566355,0.0023617172810869104,9.309870855050692e-17,1.0000000000000002,5.0,1.0519184434139357,-1.1897539390715863,0.005318287073789358,0.0032646933430296975,0.0,3.0,5.0
7.53,-0.0019320636029260924,0.002196480582400659,-0.2697714866939116,0.2978349935541744,-0.008925203175950672,-0.007022373083764474,0.0011624210017934337,0.005256453134498483,0.0032241419383007945,6.982403141288019e-17,-0.9999999999999998,5.0,1.5130961445487505,-1.6396726385540832,0.006489767368430611,0.004086566595514679,0.0,-3.0,5.0
7.54,-0.0023014518597394566,0.0025677563099404184,-0.2246498433517895,0.25799381757519946,-0.009046598312375089,-0.006884364138536023,0.0006451768891179015,0.006379020612443017,0.004024123522740033,5.236802355966014e-17,1.0000000000000002,5.0,1.947669408353671,-2.0574918758659115,0.007501588090387552,0.00482410510717927,0.0,3.0,5.0
7.55,-0.0026249057184925726,0.002888166327172132,-0.1723129581992125,0.21242080820824022,-0.00919120279747805,-0.00672302725134567,0.0011250187252055894,0.007388754964867425,0.004747598768663633,3.92760176697451e-17,-0.9999999999999998,5.0,2.346165377082272,-2.4353026434833085,0.008398489317291832,0.005471074014587234,0.0,-3.0,5.0
7.5600000000000005,-0.0028962437708421967,0.003151849423720871,-0.11381652320212157,0.1620486931518221,-0.009356130487909693,-0.006541558409029882,0.0006023612375215843,0.008241113890511194,0.005375364604065523,2.9457013252308823e-17,1.0000000000000002,5.0,2.7000106772854826,-2.763695433942093,0.009093472816154961,0.006003130439467413,0.0,3.0,5.0
7.57,-0.003108345660265166,0.0033516174111058645,-0.050355433457504706,0.10789854189541907,-0.009538106850979354,-0.006343521869134228,0.001077640243501727,0.008939397568524275,0.005896768276089111,2.2092759939231617e-17,-0.9999999999999998,5.0,3.001313088611878,-3.0365307914528255,0.009637681246537355,0.006418171948112699,0.0,-3.0,5.0
7.58,-0.0032572920574379604,0.0034840670691920214,0.016763791848421458,0.05109797248828926,-0.009733409968801489,-0.006132933536406751,0.0005513728423312792,0.009445359502034371,0.0062966720816406375,1.6569569954423713e-17,1.0000000000000002,5.0,3.2434389186335,-3.2465097439546753,0.009951321435544468,0.006696575887192164,0.0,3.0,5.0
7.59,-0.00333847380478592,0.003544709175402456,0.08614655631013055,-0.007181113600770513,-0.009938071664766358,-0.0059140231462229955,0.0010240777945931803,0.009769378190049175,0.0065690621231847416,1.2427177465817784e-17,-0.9999999999999998,5.0,3.420756173785117,-3.3899021197482244,0.01009339687806398,0.006841452164728846,0.0,-3.0,5.0
7.6000000000000005,-0.003350680547226554,0.0035330250828224065,0.15634234256176738,-0.06570781974962756,-0.010147834160352706,-0.005691302500131862,0.000496333825541203,0.00988092380793406,0.006703918981168615,9.320383099363338e-18,1.0000000000000002,5.0,3.5291663927962533,-3.4620681357257537,0.009992469425818946,0.006838775839152489,0.0,3.0,5.0
7.61,-0.003292153994052547,0.003447536072199123,0.22587169085432196,-0.12325703357107914,-0.01035836362818657,-0.005469315987228995,0.0009686985536653703,0.009798571219171857,0.006700721622774231,6.990287324522503e-18,-0.9999999999999998,5.0,3.565796146244965,-3.462132247711564,0.009716218630409654,0.006697524264379848,0.0,-3.0,5.0
7.62,-0.003164617278556648,0.003290797175346132,0.2932605609965906,-0.17859618866441565,-0.010565215764230605,-0.005252700907280864,0.0004417658140234707,0.009500296751250283,0.006555204579437809,5.242715493391877e-18,1.0000000000000002,5.0,3.5294721180867024,-3.3884457620160826,0.00920202228332871,0.006409687536101387,0.0,3.0,5.0
7.63,-0.0029692667895512355,0.0030644019999608776,0.35706823542725075,-0.23055043833149996,-0.010764054532105343,-0.005045934022670435,0.000916084102000951,0.009013313571319237,0.006272742051532168,3.932036620043908e-18,-0.9999999999999998,5.0,3.4203519369584643,-3.243198413883935,0.008526330391388191,0.005990279523626527,0.0,-3.0,5.0
7.640000000000001,-0.002710739224794345,0.002773911604924048,0.4159212959979661,-0.2779887166463475,-0.01095061906675739,-0.004853391966455976,0.00039221392066942935,0.008324186795290855,0.005854981460995046,2.9490274650329306e-18,1.0000000000000002,5.0,3.240335928171996,-3.0278167052229783,0.007635060019262471,0.005437220870457926,0.0,3.0,5.0
7.65,-0.0023930415513372127,0.002423795325961411,0.4685398312529396,-0.3198871236619116,-0.011120939835445622,-0.0046791019600612395,0.0008706467604427551,0.00746848697782784,0.0053131026967371,2.211770598774698e-18,-0.9999999999999998,5.0,2.992633274250752,-2.7475105519014082,0.006612787160364827,0.0047712239324791544,0.0,-3.0,5.0
7.66,-0.002023457933603646,0.002022297960092868,0.5137684334988939,-0.35531214036892267,-0.011271299070593944,-0.004526810408264327,0.0003518634864393055,0.00644072695987568,0.004654328204158757,1.6588279490810236e-18,1.0000000000000002,5.0,2.6821091125239116,-2.406607400867196,0.00541296694192352,0.003995553711580412,0.0,3.0,5.0
7.67,-0.0016084225972443085,0.0015763225287846595,0.5505981964892108,-0.3834801629813665,-0.011398436682175089,-0.004399745679968379,0.0008362548437785354,0.005283844514334526,0.003895062782969426,1.2441209618107676e-18,-0.9999999999999998,5.0,2.3147874243426663,-2.013036729754068,0.004126962068793372,0.0031357973617800955,0.0,-3.0,5.0
7.68,-0.0011573739175210808,0.0010962442807677917,0.5781923534269038,-0.4037359365606936,-0.0114994968544825,-0.00430070241444602,0.00032418182735601214,0.003998979429321525,0.0030472907973684146,9.330907213580758e-19,1.0000000000000002,5.0,1.89813759142897,-1.5736054172804386,0.0027141143443085245,0.0021995188117674034,0.0,3.0,5.0
7.69,-0.0006785798467875161,0.000590746312535256,0.5959018713773049,-0.41560647213493185,-0.011572216802417313,-0.004231823354866022,0.0008158985876046595,0.0026348109237310374,0.0021316120944605984,6.998180410185569e-19,-0.9999999999999998,5.0,1.4405207725965345,-1.098428162522703,0.0012706424181405497,0.0012159333915527822,0.0,-3.0,5.0
7.7,-0.00018295101012038575,7.15935059994948e-05,0.6032837698668708,-0.41877314023216156,-0.011614853231648148,-0.004194705669354102,0.0003116155709600815,0.0011972072055086522,0.0011635465933536406,5.248635307639177e-19,1.0000000000000002,5.0,0.9514251989198509,-0.5961546169681515,-0.00024039651271373316,0.000195481092246683,0.0,3.0,5.0
7.71,0.00032016750498362143,-0.00045156394252125656,0.6001086280871054,-0.4131186539588115,-0.01162634838263537,-0.004190207316704247,0.0008114255105527371,-0.0002615441138317878,0.00016649087696255426,3.936476480729382e-19,-0.9999999999999998,5.0,0.4408676606761923,-0.07835846773516639,-0.0017202954331722278,-0.0008305648394285321,0.0,-3.0,5.0
7.72,0.0008192085735561872,-0.0009664399686462435,0.5863702140704105,-0.39869177696924,-0.011606231665003875,-0.004218579915993263,0.000315369902827807,-0.0017331705333883541,-0.0008420414816996923,2.952357360547037e-19,1.0000000000000002,5.0,-0.0804087226479687,0.4452689423351354,-0.0032047969529449202,-0.0018505738403619386,0.0,3.0,5.0
7.73,0.001304608050864925,-0.0014633232325145318,0.562283879729734,-0.3757466224200232,-0.011554759272275037,-0.004279303130105955,0.0008233685168494221,-0.0031642434554648114,-0.001837511063465545,2.2142680204102774e-19,-0.9999999999999998,5.0,-0.6015623314922854,0.9625544564854297,-0.004595316377541269,-0.002832980645231398,0.0,-3.0,5.0
7.74,0.0017650248756371177,-0.00193033106125692,0.5282868447873581,-0.3446995385945583,-0.01147278833090681,-0.004371246440447853,0.0003352894988883754,-0.004546645616850033,-0.002802142361295926,1.660701015307708e-19,1.0000000000000002,5.0,-1.1114757063717664,1.4636652353876383,-0.005929047778235254,-0.003766773659126307,0.0,3.0,5.0
7.75,0.0021915644110250777,-0.0023586147501825933,0.4850272093910346,-0.30616061166903213,-0.011361888547252714,-0.004492532718068672,0.0008508825431275981,-0.00582840562959757,-0.003712026598768813,1.245525761480781e-19,-0.9999999999999998,5.0,-1.5993944275160754,1.9367507799569006,-0.0071101656423451075,-0.0046219108362417,0.0,-3.0,5.0
7.76,0.002573987486344165,-0.0027375984699960186,0.43335501649962466,-0.2608829462751652,-0.01122418849418181,-0.004640728853505115,0.00036985261392658247,-0.007004143680820999,-0.004550904377870491,9.341443211105858e-20,1.0000000000000002,5.0,-2.0547511469589623,2.372761475960062,-0.008179881732044429,-0.005389782156972169,0.0,3.0,5.0
7.7700000000000005,0.0029049134602407876,-0.003060160038793821,0.3743023998723954,-0.20978691640992486,-0.011062460090631191,-0.004812737238341478,0.0008917966137078156,-0.00802585713023471,-0.00529724262139279,7.006082408329393e-20,-0.9999999999999998,5.0,-2.467796065134956,2.7610772701193165,-0.009047570579648417,-0.006043580864915089,0.0,-3.0,5.0
7.78,0.0031760001327312826,-0.0033178362584954492,0.30906632860153194,-0.15390270309011117,-0.01087993899491106,-0.005005012764275152,0.0004162804071473197,-0.008893290899910488,-0.0059379729952537715,5.2545618062470445e-20,1.0000000000000002,5.0,-2.829402894465962,3.094303322158196,-0.009760724669586269,-0.006578703369114753,0.0,3.0,5.0
7.79,0.003382109380819482,-0.003505961721058347,0.23898116364483463,-0.09438845737178647,-0.010680385021215284,-0.005213478564585215,0.0009427785245795951,-0.009564622803133964,-0.006455507083014764,3.940921354685283e-20,-0.9999999999999998,5.0,-3.131671916578708,3.3638666598734432,-0.01023595470635744,-0.0069730411707757565,0.0,-3.0,5.0
7.8,0.0035174420784350817,-0.003618824612681165,0.1654947028184131,-0.0324675383746695,-0.010467880821526892,-0.0054337646363180935,0.00047075388928169534,-0.0100467106523441,-0.006841396681295015,2.9556910160139623e-20,1.0000000000000002,5.0,-3.3676996900598506,3.5647712949182977,-0.010528798501554235,-0.007227286279575264,0.0,3.0,5.0
7.8100000000000005,0.003579652073701465,-0.0036547494155986333,0.09013507752721309,0.030557717559570173,-0.010246873417666107,-0.005661142092674675,0.000999599832095935,-0.010305633738532542,-0.0070832560257639504,2.2167682620104716e-20,-0.9999999999999998,5.0,-3.5321377201728863,3.691146623876812,-0.010564556824720983,-0.007325115370232886,0.0,-3.0,5.0
7.82,0.003565923829737621,-0.003611191175766502,0.014482304566887857,0.09337214775266142,-0.010021957244523146,-0.0058907767709698005,0.0005287216864740881,-0.01035677841935084,-0.007178316177812675,1.6625761965078537e-20,1.0000000000000002,5.0,-3.620910529015019,3.7409475384954667,-0.010407923100169136,-0.0072733763298614,0.0,3.0,5.0
7.83,0.0034770246735542445,-0.0034897524988948456,-0.05986804062625259,0.1546362993581555,-0.009797903642387857,-0.006117674604339727,0.0010574801848347347,-0.010175203699247178,-0.007120230529890884,1.2469321473808902e-20,-0.9999999999999998,5.0,-3.631716478495382,3.711442185270042,-0.009993628979143515,-0.007062144881969093,0.0,-3.0,5.0
7.84,0.003313317533004314,-0.003291209302904851,-0.1313351489644196,0.21305374571472757,-0.009579435738972087,-0.00633694222060722,0.0005852739167253353,-0.009785540156687342,-0.00691250405141289,9.351991105356677e-21,1.0000000000000002,5.0,-3.5636829640635184,3.6038470407701606,-0.009395876614127505,-0.006704777572934897,0.0,3.0,5.0
7.8500000000000005,0.0030787464560967657,-0.0030204579178997673,-0.19838978550930392,0.26735961554916304,-0.009371253858558155,-0.006543734999955865,0.001111483047824353,-0.009172161972257406,-0.006555167819657563,7.013993329017508e-21,-0.9999999999999998,5.0,-3.4178006255485482,3.4187465869343785,-0.00855878378782747,-0.006197831587902235,0.0,-3.0,5.0
7.86,0.00277678219037476,-0.0026814710294958957,-0.2595836798814018,0.3163867219109556,-0.00917781051358337,-0.006733515968062886,0.0006355515496903767,-0.008368889455798278,-0.006058074185327523,5.260494996763131e-21,1.0000000000000002,5.0,-3.196509574992264,3.1606586705703212,-0.007565616939339149,-0.005560980550997484,0.0,3.0,5.0
7.87,0.0024143415331913678,-0.0022821765327619052,-0.31358399374329915,0.3590517403787574,-0.009003340142985363,-0.006901997761804449,0.0011569301402828737,-0.0073689659578279314,-0.005427436929605019,3.945371247572348e-21,-0.9999999999999998,5.0,-2.9040637291687745,2.83338429350713,-0.006369042459857584,-0.004796799673882515,0.0,-3.0,5.0
7.88,0.0019976691360812327,-0.0018293482460137477,-0.359199004828354,0.39441786500807585,-0.00885164259050675,-0.007045391142394846,0.0006751571977844912,-0.006214570696512232,-0.004678994600577164,2.959028435679261e-21,1.0000000000000002,5.0,-2.5460477173322134,2.444504393613672,-0.005060175435196534,-0.00393055227154931,0.0,3.0,5.0
7.890000000000001,0.0015361968387462292,-0.0013334239514796568,-0.39540757080599165,0.4216764571530707,-0.008726125336862432,-0.007160332482605529,0.0011897998718203968,-0.004906615432853277,-0.003824424190058791,2.2192713267594456e-21,-0.9999999999999998,5.0,-2.129673920988612,2.0006638217715493,-0.0035986601691943214,-0.002969853779540418,0.0,-3.0,5.0
7.9,0.00103837051059742,-0.0008033410282531283,-0.42137860917974784,0.44020420401039523,-0.008629603242800972,-0.007244113980407312,0.0007005326896942746,-0.003494090400924758,-0.0028843860493508755,1.6644534950695842e-21,1.0000000000000002,5.0,-1.663235552718878,1.5120064853688673,-0.0020815653689962386,-0.0019443479086429598,0.0,3.0,5.0
7.91,0.0005154606723195,-0.00025130634872123166,-0.43649327928291737,0.4495384114730928,-0.008564360499445029,-0.007294589385861057,0.0012070759271800855,-0.0019837110464328025,-0.0018748297641558314,1.2483401213021881e-21,-0.9999999999999998,5.0,-1.1563447041262753,0.9874031953201989,-0.0004733316919408473,-0.0008652734789607873,0.0,-3.0,5.0
7.92,-2.2652051428453035e-05,0.0003124082301714209,-0.44035624897693293,0.4494270765075325,-0.00853197315021756,-0.007310379429439919,0.0007092710963983248,-0.00042913426777722733,-0.0008199442397597921,9.36255090976641e-22,1.0000000000000002,5.0,-0.6193325505373058,0.438837411959933,0.0011254425108783478,0.0002349412846362471,0.0,3.0,5.0
7.930000000000001,-0.0005636994498606415,0.0008747272054173916,-0.4328088992316707,0.43979650833479506,-0.008533396420584687,-0.007290750241423369,0.0012070158835958285,0.0011595014048326054,0.00026161618851108055,7.021913182324807e-22,-0.9999999999999998,5.0,-0.06344180274239203,-0.12340848217397143,0.002748137077442438,0.0013431766167819532,0.0,-3.0,5.0
7.94,-0.0010972644054160195,0.0014249975425842856,-0.41393103362444084,0.42079330170661916,-0.008568814701594983,-0.0072357895101746806,0.000700335959729396,0.0027264405845706294,0.0013438445775238337,5.266434886743605e-22,1.0000000000000002,5.0,0.4998103921326101,-0.6864002540690818,0.004293379764308653,0.002426072966536587,0.0,3.0,5.0
7.95,-0.001611017963475857,0.001950261467431814,-0.38404414390809777,0.39274359977013656,-0.008637757857496993,-0.007146254273951355,0.0011893160726973652,0.00426082443157279,0.0024071998691590902,3.9498261650577038e-22,-0.9999999999999998,5.0,1.0584681640843916,-1.2393888538009894,0.005795208278574952,0.0034705551607943468,0.0,-3.0,5.0
7.96,-0.0020949626090858717,0.0024404835680844955,-0.34370300610568283,0.35618662467511225,-0.008738981101474131,-0.007023715731978094,0.0006741679242304912,0.005707580253589585,0.00342574494139987,2.9623696237932777e-22,1.0000000000000002,5.0,1.6007923869431324,-1.7694707224524142,0.0071543360756063795,0.004444290013640649,0.0,3.0,5.0
7.97,-0.0025376638130285164,0.002883814014819579,-0.2936888708336861,0.31182559128256093,-0.00887061148431912,-0.006870375627004077,0.0011551573228185024,0.007057930252733729,0.0043809702873647115,2.221777217844958e-22,-0.9999999999999998,5.0,2.115104505312435,-2.2664276417886153,0.008408280251877873,0.005336195633329554,0.0,-3.0,5.0
7.98,-0.002930477710134598,0.003271795659809631,-0.23499123553704218,0.260553159255524,-0.009030057604164941,-0.006689180248538548,0.0006326681989094641,0.00826024688006994,0.005248916960730113,1.6663329133837185e-22,1.0000000000000002,5.0,2.59043961773794,-2.718379306102539,0.00946256350740615,0.006116863634095514,0.0,3.0,5.0
7.99,-0.0032637572317024423,0.003594597174010387,-0.16879167173545334,0.20339471153131033,-0.009214184949078292,-0.00648360726436045,0.0011071260559233382,0.009310498264808119,0.006013965035153967,1.249749685037789e-22,-0.9999999999999998,5.0,3.0163774003397075,-3.1166049736403423,0.010360749649546298,0.006779013109577821,0.0,-3.0,5.0
8.0,-0.003531045023708457,0.0038461805491736673,-0.09643689608077548,0.14152677892943374,-0.00941925286392263,-0.0062577520628707365,0.0005790585226770114,0.010163012315675984,0.0066559018204676145,9.373122637783417e-23,1.0000000000000002,5.0,3.383671966364391,-3.451167689797119,0.01101552636654385,0.007297838605781261,0.0,3.0,5.0
8.01,-0.003725236142292943,0.004019485892870985,-0.019414746852119857,0.07621405166766144,-0.009641114966042176,-0.0060160894117174575,0.00104901565562048,0.010820804695448324,0.0071636371041542395,7.029841978337563e-23,-0.9999999999999998,5.0,3.6840496648778362,-3.715697967990126,0.011478597075220663,0.0076713723878408645,0.0,-3.0,5.0
8.02,-0.003842719715886849,0.004111542805395608,0.060679573446680374,0.008822435302516668,-0.00987517845599247,-0.005763537664672432,0.0005176277252242849,0.011246201566323577,0.007522181079693798,5.272381483753172e-23,1.0000000000000002,5.0,3.910796545242033,-3.9029711559550893,0.011671598437198831,0.007880725055233356,0.0,3.0,5.0
8.03,-0.0038794835943926835,0.004118592398524214,0.142173176306584,-0.059248288398676574,-0.010116623656577166,-0.005505201811225415,0.0009855231960496193,0.011451005128463459,0.007726254019793673,3.9542861128148786e-23,-0.9999999999999998,5.0,4.058505322124126,-4.009636301882748,0.011655808690603339,0.007930326959893548,0.0,-3.0,5.0
8.040000000000001,-0.003835192354406635,0.004041130525572591,0.22335359788555478,-0.12655463908702785,-0.01036037879977449,-0.005246423018778727,0.00045338468701668576,0.01140693613594465,0.007767145481033291,2.965714584611159e-23,1.0000000000000002,5.0,4.12360458336727,-4.031731851323366,0.011362867143425845,0.00780803694227291,0.0,3.0,5.0
8.05,-0.0037092239873245717,0.003878957685731308,0.3025014279722064,-0.1916788173262256,-0.010601351042288642,-0.0049925112993520005,0.0009218656634567438,0.011135605097989578,0.007646194515758265,2.2242859384583694e-23,-0.9999999999999998,5.0,4.104041255130005,-3.9693472450297316,0.010864274060034505,0.00752524355048324,0.0,-3.0,5.0
8.06,-0.0035046770458259623,0.003636147668756399,0.37792989673696953,-0.25321967794549877,-0.0108344084588706,-0.004748789199970418,0.00039164567843657887,0.010618750359147515,0.007361511339371863,1.668214453843777e-23,1.0000000000000002,5.0,3.999740386463871,-3.822067131510914,0.010101895620305452,0.007076828162985462,0.0,3.0,5.0
8.07,-0.0032243350531307685,0.0033160219622952202,0.4480174636372799,-0.30986163512572956,-0.011054613812078033,-0.004520323303899763,0.0008633469341012527,0.009887999017095264,0.00692131477972194,1.2511608403828327e-23,-0.9999999999999998,5.0,3.8122147008359706,-3.593558746059243,0.009157247675043015,0.006481118220072017,0.0,-3.0,5.0
8.08,-0.002874601468385085,0.0029260435773481026,0.5112458382582644,-0.3603638923924739,-0.011257204758390586,-0.004311971499181981,0.00033758998738427646,0.008934893275743525,0.006330508937896436,9.383706302871245e-24,1.0000000000000002,5.0,3.5449494936238914,-3.2869407197336655,0.007981787534391783,0.005739703096070933,0.0,3.0,5.0
8.09,-0.002461393538939497,0.002472718900317224,0.5662294999249884,-0.40362636340006075,-0.011437821295492126,-0.0041281227590483725,0.0008149113651607743,0.007800442657525327,0.005603876436488604,7.037779727153434e-24,-0.9999999999999998,5.0,3.202936892226764,-2.9092954556101156,0.0066659920393071295,0.004877243935080771,0.0,-3.0,5.0
8.1,-0.0019940098355485177,0.001966422776510742,0.6117492002707408,-0.43867473111520333,-0.01159247521268264,-0.003972757248415788,0.00029582089502435056,0.006484949104997806,0.004752514738226591,5.2783347953650755e-24,1.0000000000000002,5.0,2.7929866464338176,-2.46696492390354,0.005169455552470285,0.003901153039964579,0.0,3.0,5.0
8.11,-0.0014809612483043624,0.0014162369131119439,0.6467756010063876,-0.4647210911773007,-0.01171776254569354,-0.0038492032614450325,0.0007807214863936255,0.005037369701399796,0.0037968959043146464,3.958751096523807e-24,-0.9999999999999998,5.0,2.323189040342115,-1.9699935704168723,0.003589790297801785,0.002841277070402702,0.0,-3.0,5.0
8.120000000000001,-0.0009337815997857248,0.000834718184471059,0.670495645900907,-0.48114273088384857,-0.011810814085252024,-0.003760218471805529,0.00026996912611530657,0.0034649681274909186,0.0027531791446822446,2.969063322392855e-24,1.0000000000000002,5.0,1.8031586207662726,-1.427359682960381,0.0018925665535820418,0.0017094623850498426,0.0,3.0,5.0
8.13,-0.00036280889773110446,0.00023268817431636244,0.6823279612382935,-0.4875356153370557,-0.011869485313530907,-0.0037077715814824875,0.0007637957704185982,0.0018225233650237707,0.001646159213293751,2.2267974917946414e-24,-0.9999999999999998,5.0,1.2434357807745167,-0.8513603071247393,0.00018007860255662284,0.0005391392819052574,0.0,-3.0,5.0
8.14,0.0002190455148549554,-0.0003760383743380398,0.6819400501631866,-0.48368527737246086,-0.011892281268886288,-0.0036931513523022976,0.0002623728347409634,0.00012185015635083913,0.0004954824410043233,1.670098118845981e-24,1.0000000000000002,5.0,0.6556762295283237,-0.252792326672304,-0.0015788230523220922,-0.0006551943312851043,0.0,3.0,5.0
8.15,0.0008005479557715171,-0.0009798939618390593,0.6692537626173487,-0.4696118444582145,-0.011878518233280885,-0.0037167785401880623,0.0007657378920934162,-0.0015790973402456175,-0.0006714843973884693,1.2525735891344859e-24,-0.9999999999999998,5.0,0.05200658316839017,0.35470408349291177,-0.003280044836842074,-0.001838451235781262,0.0,-3.0,5.0
8.16,0.0013683955421321553,-0.0015648492143396416,0.644452010935659,-0.44553207401653827,-0.011828218321746922,-0.003778347093624274,0.0002738622032041483,-0.0032667817888422275,-0.0018334987900816757,9.394301918508643e-25,1.0000000000000002,5.0,-0.5548228623517097,0.9594960786529361,-0.004954466237438838,-0.002995513182774882,0.0,3.0,5.0
8.17,0.0019114789744309043,-0.002119661523740177,0.6079734304735768,-0.4118953147613054,-0.011742239494099574,-0.0038766694695391776,0.0007865816053380776,-0.004883025549547821,-0.0029626141578099692,7.045726438881482e-25,-0.9999999999999998,5.0,-1.1521091013258098,1.5476358938679995,-0.006499269310253415,-0.004091729525538263,0.0,-3.0,5.0
8.18,0.0024171366401195982,-0.0026311628209709286,0.5605081815078635,-0.3693364556520277,-0.011622137728028304,-0.004009851730960759,0.00030366829550356226,-0.006415582083266838,-0.004038043896624768,5.284294829161112e-25,1.0000000000000002,5.0,-1.727059438323469,2.1077216474155143,-0.007948138616985855,-0.005113473635439568,0.0,3.0,5.0
8.19,0.0028754074440198625,-0.0030894937469929913,0.5029818217375558,-0.3187029719713013,-0.011470264553801854,-0.004175172566735976,0.000824765945483239,-0.007809062090276188,-0.005033330626142803,3.963221121870834e-25,-0.9999999999999998,5.0,-2.2674670742051335,2.626573960056022,-0.009202542097285538,-0.006028617355660839,0.0,-3.0,5.0
8.2,0.003275264173856719,-0.0034833658240598967,0.4365406745297316,-0.2609993197592778,-0.01128959737575765,-0.004369291183913272,0.0003494655948839829,-0.009055456409824993,-0.0059301859535139554,2.9724158414031257e-25,1.0000000000000002,5.0,-2.761567389773256,3.0940842607982217,-0.010301850729373799,-0.0068270412808851075,0.0,3.0,5.0
8.21,0.003608835171452481,-0.0038052593552133215,0.3625258452418978,-0.19740597144151584,-0.011083806458414568,-0.004588157513565918,0.0008772446719628037,-0.010104982687422794,-0.006705613946263308,2.229311881052344e-25,-0.9999999999999998,5.0,-3.1986955063848255,3.4988677261214813,-0.011154508965020597,-0.007481041939012662,0.0,-3.0,5.0
8.22,0.003867596703885254,-0.004046639346900648,0.28244952311772775,-0.12921651699016878,-0.010857056657161537,-0.004827249010272758,0.00040754650444570965,-0.01095649930109741,-0.0073456844420653755,1.671983910789258e-25,1.0000000000000002,5.0,-3.5691135575375528,3.833077145955895,-0.011808015914772027,-0.007985754937867443,0.0,3.0,5.0
8.23,0.004046544603135428,-0.004203098090742539,0.19796091822483824,-0.05785028260818757,-0.010614048389322056,-0.0050815068591517675,0.0009397225916213956,-0.011568215651141696,-0.00783257064919679,1.2539879330919435e-25,-0.9999999999999998,5.0,-3.8646287874490417,4.088011316378294,-0.01217993200118598,-0.008319456856328206,0.0,-3.0,5.0
8.24,0.004140328563086136,-0.004269507805411161,0.11081564858000645,0.015215966984458346,-0.010359796493369383,-0.005345595300835649,0.0004731149286518889,-0.011947944996338646,-0.008158218845539373,9.404909498189577e-26,1.0000000000000002,5.0,-4.078371671954042,4.258875123498687,-0.012327674341535595,-0.008483867041881954,0.0,3.0,5.0
8.25,0.004147358833887022,-0.004245093256738686,0.022836081200295358,0.08843966946533019,-0.010099651977424596,-0.005613856387954128,0.0010070005918638607,-0.012063632173989258,-0.008311266696330498,7.053682123642182e-26,-0.9999999999999998,5.0,-4.205356149143825,4.3403259909501894,-0.012179319351639873,-0.008464314547121621,0.0,-3.0,5.0
8.26,0.004065870027428344,-0.004128509189253363,-0.06412343030727119,0.16028378497479695,-0.009839065736537792,-0.005880583463737605,0.0005406758235837817,-0.011933406096072328,-0.008290580410634931,5.290261592731637e-26,1.0000000000000002,5.0,-4.242192317500291,4.331165107925516,-0.011803180018155396,-0.008269894124939366,0.0,3.0,5.0
8.27,0.003897953225275547,-0.003922834040417477,-0.1482188100952907,0.2292101496329541,-0.009583599588365396,-0.006139985346522331,0.0010734017842186248,-0.011535893469650022,-0.008092029965912129,3.967696194548728e-26,-0.9999999999999998,5.0,-4.18757501915968,4.229809517436173,-0.011138380843227717,-0.007893479521189326,0.0,-3.0,5.0
8.28,0.003645542650815817,-0.003630566412850541,-0.22765201792559048,0.2937511531353186,-0.00933868396403415,-0.006386464278574882,0.0006044891813470018,-0.010900048061995044,-0.007721875571710835,2.975772145911546e-26,1.0000000000000002,5.0,-4.041920137104768,4.038905015128143,-0.010264202654340065,-0.007351721177509542,0.0,3.0,5.0
8.290000000000001,0.003314369709588227,-0.003258537472740252,-0.3007126667412019,0.35250207773175474,-0.009109627763831125,-0.006614579493994504,0.0011332439276819887,-0.010015236612669613,-0.007183387734111833,2.2318291094336592e-26,-0.9999999999999998,5.0,-3.807773605689845,3.7607175663158783,-0.009130425163344181,-0.006644899896512831,0.0,-3.0,5.0
8.3,0.002909872303151672,-0.002812827466009123,-0.3658114937527607,0.40419040110224563,-0.008901379773212667,-0.00681931944171066,0.0006590510352130093,-0.008920840496318987,-0.006490077340442609,1.6738718320752443e-26,1.0000000000000002,5.0,-3.4893666231273777,3.4016648803973633,-0.00782644437996836,-0.0057967669467733855,0.0,3.0,5.0
8.31,0.002441073860521177,-0.0023036012199380397,-0.4215180881727923,0.44766444115333515,-0.008718547104203353,-0.006996054603771258,0.0011813189084586167,-0.007616119050662748,-0.005652161422768528,1.2554038740564332e-26,-0.9999999999999998,5.0,-3.0929437686913075,2.96762756471147,-0.006311397605006509,-0.004814245505094447,0.0,-3.0,5.0
8.32,0.0019164215943515092,-0.0017399524684883674,-0.46658894044228066,0.4819577141412821,-0.008565169910061685,-0.007140794137158415,0.0006995612685964568,-0.006149598413150981,-0.004689644295610811,9.415529055423249e-27,1.0000000000000002,5.0,-2.6262392244367883,2.4684032009111427,-0.004683077775639215,-0.0037271271684530946,0.0,3.0,5.0
8.33,0.0013475999553651508,-0.0011346734276989697,-0.4999983200125337,0.5062714799513127,-0.008444757590021773,-0.007250118575010385,0.0012133389088257833,-0.004528736347236455,-0.0036186429119760707,7.061646791567436e-27,-0.9999999999999998,5.0,-2.0987294870679016,1.9129444232473065,-0.0029078742813219293,-0.0025476415283413305,0.0,-3.0,5.0
8.34,0.0007453102164794992,-0.0004990408965176352,-0.5209581813657798,0.5200319668201457,-0.008360085387626712,-0.007321412209104037,0.0007223385624162464,-0.0028091311972329594,-0.0024643391604188595,5.296235093675577e-27,1.0000000000000002,5.0,-1.5210393885675344,1.3137459172381072,-0.0010895260472294646,-0.0013100354088616483,0.0,3.0,5.0
8.35,0.0001230334483781195,0.0001524634062191496,-0.528939768451257,0.5228648929074979,-0.008313256165611963,-0.007352767873390851,0.001226311144784848,-0.001004029384568116,-0.0012471907510940331,3.9721763202566824e-27,-0.9999999999999998,5.0,-0.9051313313100527,0.682022877716995,0.000801072428096727,-3.0042341769206666e-05,0.0,-3.0,5.0
8.36,-0.0005072310579766248,0.0008074058899525065,-0.523683305357924,0.5146439403985855,-0.008305525746060553,-0.007343188315052464,0.0007251467221300464,0.0008265969330286625,4.214066828209847e-06,2.9791322401925118e-27,1.0000000000000002,5.0,-0.2636559448170402,0.03204715687225764,0.0026572232506254408,0.0012556188847504522,0.0,3.0,5.0
8.370000000000001,-0.0011312337252102976,0.0014507089172272043,-0.5052086527598514,0.49545597944107417,-0.008337396013368793,-0.007292457506805666,0.0012188085476968614,0.0026666446700513314,0.0012670241282345097,2.234349180144384e-27,-0.9999999999999998,5.0,0.3899047033861708,-0.6237152228128553,0.004506692407074,0.0025298341896408095,0.0,-3.0,5.0
8.38,-0.0017367561995376775,0.0020699203546812876,-0.473813544258942,0.46563989031161335,-0.008408473524581066,-0.0072013067772685015,0.0007074036049656285,0.004454873103555256,0.002511328280967117,1.675761885108288e-27,1.0000000000000002,5.0,1.0419220977814105,-1.270298025650938,0.006243101537059181,0.0037556324336997238,0.0,3.0,5.0
8.39,-0.002309887742441955,0.0026505258116779947,-0.43007252074343894,0.42574198265980845,-0.008517597134931948,-0.007071249845672848,0.0011911120908486906,0.006175536557880971,0.0037140584286024145,1.256821413831216e-27,-0.9999999999999998,5.0,1.6785025075254594,-1.89511584312178,0.007896200012206686,0.004916788576237712,0.0,-3.0,5.0
8.4,-0.002839303465082289,0.0031812103385781784,-0.37482342279078784,0.37654506640193,-0.008662731662177403,-0.006904712397310493,0.0006702533735366179,0.007769381466889147,0.004846204748954285,9.42616060373412e-28,1.0000000000000002,5.0,2.286184622040277,-2.4836645798260535,0.009363226375897322,0.005978351069306154,0.0,3.0,5.0
8.41,-0.003312525698474548,0.0036491506266666113,-0.30915480731209344,0.31901437959646006,-0.008841130360321695,-0.006704831056726471,0.0011452109547735578,0.009224248408984309,0.0058867074754671515,7.06962045280059e-28,-0.9999999999999998,5.0,2.8518212818422857,-3.024396776509015,0.010679115351079472,0.006927210201980019,0.0,-3.0,5.0
8.42,-0.0037201756961826355,0.004045244820400654,-0.23438139349189513,0.2543176303027952,-0.009049262488304797,-0.0064755481607149026,0.0006164940672105228,0.010486004506114664,0.006809637377319582,5.302215339600442e-28,1.0000000000000002,5.0,3.3632653697283312,-3.5044041679967677,0.011747760603245021,0.007732567279172013,0.0,3.0,5.0
8.43,-0.004052197443184795,0.00435936157544021,-0.15202114099169106,0.18376255182201917,-0.00928300802104861,-0.006221377932520046,0.0010846585299012588,0.011549047911872223,0.007598029896126694,3.9766615047003315e-28,-0.9999999999999998,5.0,3.8092277175946556,-3.914263161417357,0.012612091317629782,0.008386422414933805,0.0,-3.0,5.0
8.44,-0.00430206148475184,0.0045855163066077405,-0.06376128892603618,0.10880940986544384,-0.009537615095416703,-0.005947471166525154,0.0005503645811616248,0.012367111612658344,0.008230986133930314,2.9824961285252486e-28,1.0000000000000002,5.0,4.179927513427357,-4.2436761803654575,0.013185175313444467,0.008863942371733933,0.0,3.0,5.0
8.45,-0.004462931489071236,0.0047170573188210635,0.028572836097262508,0.031002026147249923,-0.009807921590532462,-0.005659354679690053,0.0010142943938113737,0.01294361076890519,0.00869740717839702,2.2368720963939366e-28,-0.9999999999999998,5.0,4.4669037325438605,-4.4862653523204665,0.013520109925152035,0.009163828222863728,0.0,-3.0,5.0
8.46,-0.004531802602176527,0.0047517710300137165,0.12305873163914983,-0.04802509800684056,-0.010088335846123278,-0.005362973227302648,0.00047720706557726595,0.013242263943051853,0.008982976928078834,1.6776540722954525e-28,1.0000000000000002,5.0,4.663608983410204,-4.635152505997042,0.013540917117198514,0.009268546677760649,0.0,3.0,5.0
8.47,-0.004505595635521213,0.004686990423928372,0.21771338639500323,-0.12661987174898748,-0.010373077401373616,-0.0050644106481140105,0.0009398538532248811,0.013277236123186723,0.00908376227342161,1.2582405542215894e-28,-0.9999999999999998,5.0,4.765155417388289,-4.687683186055436,0.01331220830332159,0.009184547618764385,0.0,-3.0,5.0
8.48,-0.004385217626471018,0.004524617537331749,0.3105380652262107,-0.2031082391082366,-0.01065617232434561,-0.0047699183544488285,0.00040303149532406766,0.013023538056233921,0.008993048520447631,9.43680415666192e-29,1.0000000000000002,5.0,4.768835415244952,-4.640930066521081,0.012769839989281119,0.008902334767473652,0.0,3.0,5.0
8.49,-0.004171574418638954,0.00426614583308611,0.3995571548310086,-0.27586858381551965,-0.010931703673939886,-0.004485628250137129,0.0008674964317375766,0.012506934367331479,0.008714781936065636,7.07760311749644e-29,-0.9999999999999998,5.0,4.673788192936688,-4.496335040947912,0.011990330678429036,0.008436515351683643,0.0,-3.0,5.0
8.5,-0.003869547500704772,0.003917595059794161,0.4828633749606833,-0.3433271973925346,-0.011193811424889871,-0.004217578401969809,0.00033401779073300656,0.01171409985381405,0.008250240562580977,5.30820233812233e-29,1.0000000000000002,5.0,4.481436672941966,-4.255127065107037,0.010921265340296622,0.007785699189096318,0.0,3.0,5.0
8.51,-0.003483922505534258,0.003484446290849641,0.5586552765382895,-0.4040310496776033,-0.011436942264908488,-0.003971428644778029,0.0008032919636321017,0.010682281510886796,0.007611308611116686,3.981151753591747e-29,-0.9999999999999998,5.0,4.195067503826895,-3.92287681353995,0.009650463167959544,0.006972376659652394,0.0,-3.0,5.0
8.52,-0.003023283382955173,0.002976491591629971,0.6252793477133655,-0.4566401688748799,-0.01165584357188974,-0.0037524944273948,0.00027599663520269636,0.009409210857794649,0.006806979111056474,2.9858638151938106e-29,1.0000000000000002,5.0,3.8201803851814007,-3.504827060860606,0.008136140204702503,0.006002649610996262,0.0,3.0,5.0
8.53,-0.002495861405170646,0.002402687823289791,0.681262702600009,-0.49999592544504273,-0.011845802069201982,-0.00356547594504007,0.0007527070724490021,0.007942529293116875,0.005856463679623814,2.239397861395358e-29,-0.9999999999999998,5.0,3.363981424386438,-3.01036169761857,0.0064758477284391006,0.004905948248191154,0.0,-3.0,5.0
8.540000000000001,-0.0019133547205189495,0.001775930776522848,0.7253487635159042,-0.5331076120150532,-0.012002621666299229,-0.003414510616749733,0.0002339525084470097,0.0062894761013134355,0.004775537593020662,1.6795483960465185e-29,0.9906711966242359,5.0,2.8356485202913575,-2.4482541144730363,0.004636422909509996,0.003694611506417509,0.0,2.981342393248471,5.0
8.55,-0.0012867092257350774,0.001107840780016002,0.7565220360034303,-0.5552137270725347,-0.012122841288973103,-0.003302925595133569,0.0007154709769015633,0.004506106666619417,0.0035895024030422086,1.2596612970348889e-29,-1.004664401687882,5.0,2.2457452934818303,-1.831059623039579,0.002722737231925399,0.0024034672130637553,0.0,-3.0,5.0
8.56,-0.0006298732933279605,0.0004134716390189426,0.7740345443436675,-0.5657604942255791,-0.012203687613990613,-0.00323331790601666,0.00020459458519289826,0.0026067950144131355,0.0023193974635771415,9.447459727761668e-30,0.9894106518347505,5.0,1.606413268500588,-1.1702943037749391,0.0007074833622068544,0.0010492925241120741,0.0,2.983485705357383,5.0
8.57,4.446055506517651e-05,-0.0002939383911254365,0.7774201626120878,-0.5644540968242586,-0.012243263720210843,-0.0032073387167444673,0.0006962204762433961,0.0006532660700574061,0.000994833867425616,7.08559479582125e-30,-1.005294674082625,5.0,0.9307179918981267,-0.48076110392204796,-0.0013002628742983231,-0.00032972972872590954,0.0,-3.0,5.0
8.58,0.0007211489287569688,-0.0009983050558704395,0.7665097398137469,-0.5512296627809407,-0.012240470181147498,-0.003225807410547821,0.0001960706795288798,-0.0013359469180195872,-0.0003598598545193454,5.3141960968659375e-30,0.9803088383825491,5.0,0.2327882337963489,0.22430893151680967,-0.00332515990609658,-0.0017145535764643066,0.0,2.965912350847723,5.0
8.59,0.0013868856787481814,-0.00168597395280935,0.7414334818919073,-0.5262933001321007,-0.012195159057612957,-0.0032885327671391034,0.0006942601760183542,-0.003296674773053831,-0.0017129073582625857,3.985647072649453e-30,-1.0098455808087254,5.0,-0.472880177703099,0.9289792152555302,-0.005257402628088074,-0.003065954862005826,0.0,-3.0,5.0
8.6,0.002026515391921072,-0.0023410760320575425,0.7026235712586577,-0.4900805648372469,-0.012108018460418472,-0.0033944656348248955,0.0002027877958329262,-0.005209642999103455,-0.0030389873573048068,2.9892353044870895e-30,0.9792763197438137,5.0,-1.1713243361956065,1.619495234314182,-0.007122611225153079,-0.0043650673563470285,0.0,2.968398220296353,5.0
8.61,0.00262731496307036,-0.0029507895428232452,0.6508038068006604,-0.4432878337441155,-0.011980688743065555,-0.0035415597801010377,0.000711019685966413,-0.007011746310618946,-0.004306541640476479,2.241926478365317e-30,-1.0103618401280932,5.0,-1.847834343802787,2.280026084237715,-0.008813849622134436,-0.00557409592364815,0.0,-3.0,5.0
8.620000000000001,0.003175305898214598,-0.0035006909221602556,0.5869796365152047,-0.38682046613151944,-0.011815609675332588,-0.0037269633551014997,0.00022922768914886762,-0.008686451531769803,-0.00549165199755678,1.6814448587739877e-30,0.9704035458671261,5.0,-2.487858408210716,2.8975415903264747,-0.010361156752920661,-0.006676762354637082,0.0,2.9511689318623455,5.0
8.63,0.003659516062322082,-0.003979991692925788,0.5124156143628218,-0.3218140932474409,-0.011616099321677962,-0.0039469182527724425,0.0007421271932217038,-0.01017515340210978,-0.0065653517461473,1.2610836440804909e-30,-1.0147982270664369,5.0,-3.077715353139649,3.457550852158628,-0.011663855272449758,-0.007639051494737819,0.0,-3.0,5.0
8.64,0.004068261936641825,-0.004376854159839021,0.4286137537871949,-0.24957325340626058,-0.011386165146136263,-0.0041969885060493236,0.00026618824355247647,-0.01146740433653734,-0.007507452219268381,9.45812733060368e-31,0.9696010573249039,5.0,-3.6044870931720787,3.948956430136568,-0.012759655270964902,-0.00844955269238946,0.0,2.9540003417162444,5.0
8.65,0.004393354892636154,-0.004683564030362587,0.3372801141917972,-0.17158387859793317,-0.011130548709875605,-0.004471994363537008,0.0007855472506042117,-0.012512236988799112,-0.008293791786787467,7.093595497952761e-31,-1.015199471337548,5.0,-4.056702987249854,4.35975956853596,-0.013557069641060883,-0.009080131354306555,0.0,-3.0,5.0
8.66,0.004626334775663238,-0.004891792935012591,0.24029345279150519,-0.08944430986265553,-0.010854506080769235,-0.004766271370545098,0.0003149044860769817,-0.013308119565897517,-0.008909939284893517,5.320196623464571e-31,0.9609592810629073,5.0,-4.42418585797008,4.681853221032924,-0.01410400214299592,-0.00952608678299957,0.0,2.9371180334633626,5.0
8.67,0.004762612256148135,-0.004997701424681425,0.13966347209430963,-0.004871171839002278,-0.010563824893883822,-0.005073631785495458,0.0008339498030657211,-0.013814229602266434,-0.009338352117934715,3.990147467598428e-31,-1.0195203594685465,5.0,-4.698678886555007,4.9066752845963375,-0.01432033963863535,-0.009766764950975913,0.0,-3.0,5.0
8.68,0.00479763168863446,-0.0049971255381235785,0.03749252189803652,0.08037495902656758,-0.010264581140367589,-0.005387646627107746,0.00036356910328970253,-0.014040112000374073,-0.009571942610886659,2.992610600698821e-31,0.960388734553987,5.0,-4.873631792596383,5.029933457300286,-0.01426599439848171,-0.009805533103838603,0.0,2.9402978285765204,5.0
8.69,0.004730922536078299,-0.004890580611730868,-0.06407150378290759,0.16448767004134554,-0.009963137051014717,-0.005701625284700446,0.0008831047854521533,-0.013956809066614543,-0.009601093568864485,2.2444579505241155e-31,-1.0198056327230065,5.0,-4.94475612837648,5.047183611303267,-0.013873506132855012,-0.009630244526842312,0.0,-3.0,5.0
8.700000000000001,0.004562183189481077,-0.004678365240009173,-0.16287696642503965,0.24569132378571984,-0.009665884421333797,-0.006008909527132493,0.00041168235217959546,-0.013586151069562012,-0.009427032947979627,1.6833434628930866e-31,0.9519798215498894,5.0,-4.909726185167944,4.958457604916108,-0.013215493072509483,-0.00925297232709477,0.0,2.9237652758227854,5.0
8.71,0.004295244794152273,-0.004365473321441789,-0.25681717201746296,0.3222400186988323,-0.009379233997485706,-0.006302859884508946,0.0009244471008257001,-0.012911757771554115,-0.009048699736707785,1.262507597169815e-31,-1.0240100892250552,5.0,-4.768643582256583,4.7637591747323205,-0.01223736447354622,-0.008670366525435944,0.0,-3.0,5.0
8.72,0.003934066979198662,-0.003956606581705595,-0.34387195262948633,0.39249348169154186,-0.009109355807672134,-0.0065771506628306215,0.000446731212171606,-0.011967976960319569,-0.008475937051203735,9.468806978773612e-32,0.9516430362373407,5.0,-4.523651306735586,4.467600225118336,-0.01102419614908502,-0.007903174365699685,0.0,2.927296161699737,5.0
8.73,0.0034866010417736455,-0.0034609801331715343,-0.4221542724167274,0.4549137707667912,-0.00886217108926052,-0.0068257515862352475,0.000953588924236885,-0.01075070118202097,-0.007716183185195722,7.101605234080209e-32,-1.0241784818813298,5.0,-4.179306602407569,4.074405120899212,-0.009533425403722368,-0.006956429319187709,0.0,-3.0,5.0
8.74,0.002960703899599262,-0.002887252330907931,-0.48994776626451186,0.5081371572023116,-0.008643101484883828,-0.0070432113814470855,0.00046861329951765026,-0.00930592705084722,-0.006787456808135183,5.326203925560156e-32,0.9434687589921573,5.0,-3.7420969439704765,3.5929412747672713,-0.007861152919673474,-0.005858730431074644,0.0,2.9111159998656437,5.0
8.75,0.002367918956915553,-0.002248246958908373,-0.5457474355095824,0.5509654644736697,-0.008457074972475115,-0.007224622795683893,0.000962913113419146,-0.0076404452881325665,-0.00570489554696436,3.9946529441701173e-32,-1.0282656205039213,5.0,-3.220717150526052,3.031639556189268,-0.005974963525417912,-0.004622334285793537,0.0,-3.0,5.0
8.76,0.0017193142731270188,-0.00155580720909574,-0.5882896786326354,0.5824312452049515,-0.008308294236488276,-0.007365884318275136,0.0004662979621202931,-0.005810080823460389,-0.004493573505547793,2.9959897081275876e-32,0.9433674605376843,5.0,-2.6255012125239228,2.402940357008042,-0.003979716358788212,-0.0032822514641312256,0.0,2.91500054157929,5.0
8.77,0.0010291828451137615,-0.0008254349970266676,-0.6165839768575725,0.6017812171039345,-0.008200266534694918,-0.00746363856824508,0.0009500210236437889,-0.0038302430879616055,-0.003174892306430599,2.2469922810956907e-32,-1.0283162697311579,5.0,-1.9686183044169503,1.7185366437983993,-0.0018504053524628222,-0.001856211107313405,0.0,-3.0,5.0
8.78,0.0003108255009564543,-7.10923349955397e-05,-0.6299324656998854,0.6085322566505134,-0.008135601069386718,-0.007515502178698578,0.0004421403129299137,-0.0017638622893798687,-0.0017792340361767543,1.685244210821768e-32,0.9354294977012516,5.0,-1.2634247620709436,0.9936366299462358,0.0003025185092018676,-0.00038357576592290934,0.0,2.8991752651336613,5.0
8.790000000000001,-0.00041979776545712614,0.0006902056400856344,-0.6279499448897781,0.6024448741119737,-0.008116071327179654,-0.007519969041845548,0.0009101726516970981,0.0003681021271549163,-0.00033225524334694724,1.263933158116326e-32,-1.0322852511493743,5.0,-0.5245899151753934,0.24215182697820342,0.0025000665436897018,0.0011147235494828598,0.0,-3.0,5.0
8.8,-0.0011483220447862357,0.0014436229671951264,-0.6105709530378932,0.5835685907919892,-0.008142447998698725,-0.007476602142478363,0.00038834860968935776,0.002498931918490714,0.0011325582244795524,9.479498685872446e-33,0.9355653175749581,5.0,0.2326036923953228,-0.519088834845723,0.004629761709826511,0.0025973716923060517,0.0,2.9034158862992907,5.0
8.81,-0.0018583626887979893,0.00217194506560913,-0.5780566665898611,0.5522043640743424,-0.008214599200695838,-0.007385896636312489,0.0008445041000800292,0.004605663591085369,0.002587665555845701,7.109624014404335e-33,-1.032217341212521,5.0,0.992176928467987,-1.2751870447916953,0.006712395263680026,0.004042772887211849,0.0,-3.0,5.0
8.82,-0.002535777169336892,0.0028608127126283477,-0.5309883946854814,0.5089384797481373,-0.008331363572112501,-0.0072494293030701245,0.00031103591580333516,0.00662152169270377,0.003998990333033548,5.332218010803251e-33,0.9278652532745011,5.0,1.7381896748531653,-2.008997574448216,0.008637379794322171,0.005410315110221395,0.0,2.8879478477615232,5.0
8.83,-0.0031650479782027075,0.0034941561929065666,-0.4702607355168142,0.4545936050576955,-0.008490691150639091,-0.007069679139044335,0.000752178649276579,0.008525333435385272,0.005339695340083843,3.999163508102439e-33,-1.0360673733627497,5.0,2.454679020361142,-2.7059809982763188,0.010429145178066774,0.006680400347134139,0.0,-3.0,5.0
8.84,-0.003733528853986236,0.0040594074968232615,-0.397061611384515,0.3902515894203448,-0.008689556980170708,-0.006850134830521723,0.00020637763329804377,0.010254010351234232,0.006577696110485808,2.999372631076829e-33,0.9282397281023216,5.0,3.1263945115340896,-3.3500208340968416,0.011982687267083191,0.007815696880887773,0.0,2.892546829567393,5.0
8.85,-0.00422781001992086,0.004542913122206389,-0.3128524839829732,0.31719393550162195,-0.00892414151656368,-0.006595074735122778,0.000638280004588527,0.01179183311359807,0.007689398107344139,2.249529473307622e-33,-1.0358801359488392,5.0,3.7387241816128505,-3.9282571257538548,0.01332965587596191,0.008801100104202469,0.0,-3.0,5.0
8.86,-0.004637918535892485,0.00493509261432667,-0.21933611588810897,0.2369145321683257,-0.009189782654550815,-0.0063096350853103726,8.433132860311194e-05,0.013082933020119569,0.008647175522966117,1.6871471049807166e-33,0.9207790513088205,5.0,4.278409720361822,-4.42688365454085,0.014374032926641068,0.009604952938588094,0.0,2.87743823856648,5.0
8.870000000000001,-0.004953628648280483,0.005225789214506713,-0.11842546690716244,0.1510510872142849,-0.009481191670556971,-0.005999554071271294,0.0005056308765089474,0.014120328110458213,0.009433002458989686,1.2653603287355374e-33,-1.0396104743455898,5.0,4.733437962441368,-4.835930683244896,0.015157723200796856,0.010218829395013253,0.0,-3.0,5.0
8.88,-0.00516859684314553,0.005409356099253886,-0.012201492626705848,0.061389985242748996,-0.009792437337957968,-0.005671208051161233,-5.5531859905579516e-05,0.014858298574124329,0.010025821005953787,9.49020246551653e-34,0.9213936222578882,5.0,5.093700674150058,-5.145002403645761,0.015596269037790444,0.010618639552917888,0.0,2.882397718861366,5.0
8.89,-0.005276607926437814,0.00547993864037078,0.09712639590499912,-0.030208833354398487,-0.010117189855393836,-0.00533132818351989,0.00036237340626141213,0.015301158425405297,0.01041503685637538,7.117651849137397e-34,-1.0393031888710558,5.0,5.3508209970956315,-5.3479894329980375,0.015744018276686263,0.01080425270679697,0.0,-3.0,5.0
8.9,-0.005275622617597926,0.005436465634465192,0.20726938422040714,-0.12181231247205322,-0.01044872890934525,-0.004987013484025657,-0.00020060020853781733,0.015415497597967513,0.010587760602000689,5.338238886853048e-34,0.9141737261905145,5.0,5.498743653146643,-5.43873856216775,0.015529836770529727,0.010760484347625998,0.0,2.8676506412520846,5.0
8.91,-0.005163932135074902,0.00527783346977568,0.31590387958111404,-0.21149303332138097,-0.010780206054516406,-0.0046454302740510725,0.0002135212711816635,0.015218597431682163,0.010542116393494642,4.003679165139786e-34,-1.042913136904743,5.0,5.533481699903793,-5.415672113280275,0.015021697265396811,0.010496472184988595,0.0,-3.0,5.0
8.92,-0.00494411063105691,0.005007796517059434,0.4207236076303047,-0.2973315871354174,-0.011104665479700158,-0.004313814216940721,-0.0003496243223854616,0.014690465938364832,0.010274301239313596,3.0027593738548397e-34,0.915029738392718,5.0,5.453611639339148,-5.277360926647155,0.014162334445047501,0.010006486085132549,0.0,2.872972613690179,5.0
8.93,-0.004619082110599374,0.004630061231655488,0.5194852123368672,-0.3774955346944249,-0.01141531311244143,-0.003999165081967391,6.83431187920282e-05,0.013861918416517235,0.009791701267813875,2.2520695303911297e-34,-1.0424851308036411,5.0,5.259921630337293,-5.027043696402913,0.013033370894669636,0.009309101296314154,0.0,-3.0,5.0
8.94,-0.00419596997569282,0.004153068423300334,0.6100593525435688,-0.4502404468377643,-0.01170553860094117,-0.003708249754946595,-0.0004894453594085641,0.012726419543249226,0.009099779959544967,1.6890521477933473e-34,0.9080519199615615,5.0,4.95581058045996,-4.668109283588303,0.01159092066998122,0.00840785865127606,0.0,2.858588970726764,5.0
8.950000000000001,-0.003682064401809288,0.0035849838560776553,0.6904733096700822,-0.5139857305613461,-0.011969179169947568,-0.0034473047699766736,-6.819523915904674e-05,0.011327781340045966,0.008214979949345808,1.2667891108450105e-34,-1.0459740400192195,5.0,4.5468378093553845,-4.208508375479868,0.009929143136842705,0.00733017993914665,0.0,-3.0,5.0
8.96,-0.0030885772453785993,0.0029383833419889364,0.7589569953564858,-0.5673108340381637,-0.01220053009944294,-0.003222053591066842,-0.0006194598908340944,0.009671784639682884,0.007151416017186768,9.50091833133758e-35,0.9091506219755041,5.0,4.0410163059540745,-3.656132197473163,0.008015787939319802,0.006087852085027729,0.0,2.864275283970228,5.0
8.97,-0.0024265299283349764,0.0022251647933179517,0.8139785147410402,-0.6090246609145749,-0.01239459113112546,-0.0030374295206543806,-0.00018805973040781254,0.007813562988656677,0.005933589109149807,7.125688748503185e-35,-1.045424689012248,5.0,3.4482614196766366,-3.0231263131510073,0.005955341337630471,0.004715762201112845,0.0,-3.0,5.0
8.98,-0.0017104221299208602,0.0014611455821192407,0.8542814401592906,-0.6381541061157714,-0.012547054503056917,-0.002897618293300094,-0.0007283102481582884,0.005769064562639812,0.004582927543549989,5.344266561377388e-35,0.9024160812628297,5.0,2.7805941870868627,-2.3211887362932804,0.0037245661366229477,0.003232265977950172,0.0,2.8502568515379076,5.0
8.99,-0.0009540440418094744,0.0006608987728844444,0.8789100983889402,-0.6540044263682958,-0.012654523495014853,-0.0028058118087678744,-0.0002886181869948523,0.0036021208581203923,0.003130323438914653,4.008199921033041e-35,-1.0487919593685853,5.0,2.05150590904335,-1.5657949919533318,0.0014351771536009724,0.0016777193342793167,0.0,-3.0,5.0
9.0,-0.00017408209000009168,-0.00015771104392916385,0.8872350795842454,-0.6561375752356228,-0.012714467850073848,-0.002764286314174669,-0.0008182134841611065,0.001335766393144503,0.001602529244795023,3.006149940774781e-35,0.9037586245744278,5.0,1.276078277318012,-0.7714189780417603,-0.0009305880718313861,7.473505067539306e-05,0.0,2.856309208517441,5.0
9.01,0.000614110468740315,-0.0009787283549044733,0.8789655567170237,-0.6444214683494347,-0.012725405750375165,-0.0027741955913146254,-0.0003650876276818347,-0.0009608971796810574,3.4572913801473584e-05,2.2546124555810856e-35,-1.048120687712786,5.0,0.4702772944231581,0.044305461232793365,-0.0032575607525066183,-0.0015333834171920757,0.0,-3.0,5.0
9.02,0.0013929498247100282,-0.0017836104804766014,0.8541610209069147,-0.6189967218841798,-0.012686820051633421,-0.0028356909075071836,-0.0008814278971290446,-0.0032614241743511778,-0.001543919400301156,1.6909593416858142e-35,0.8972684643546553,5.0,-0.3489790244136198,0.8654036658873905,-0.005561951169021298,-0.0031224117144037855,0.0,2.8426576164220965,5.0
9.03,0.0021468779136543043,-0.002556451605912701,0.8132292807729027,-0.5803138107029678,-0.012599298432910857,-0.002947758459153805,-0.00041874283546280093,-0.005495332632203191,-0.0030963947116997813,1.2682195062643606e-35,-1.0513657678226727,5.0,-1.1645669892994863,1.6734401813009072,-0.007729241090055203,-0.004648870023098407,0.0,-3.0,5.0
9.040000000000001,0.0028588084349317464,-0.0032794912897790877,0.7569234777555187,-0.5290874680007038,-0.012464406115277046,-0.003108385050841668,-0.0009242879061247004,-0.007636824324765119,-0.004593096106210816,9.511646296982705e-36,0.8988559029165564,5.0,-1.9591233118232099,2.452363525738268,-0.009778316017327046,-0.0060897975007218495,0.0,2.8490775736557854,5.0
9.05,0.0035143691538454445,-0.003938316556961622,0.686325320487009,-0.466321586547443,-0.012284781883733003,-0.003314441565711302,-0.00044904304549151327,-0.009618131068203247,-0.005998747060776662,7.133734722737029e-36,-1.050572048541722,5.0,-2.7158082169713333,3.18439355855848,-0.011599437811641376,-0.007404398015342508,0.0,-3.0,5.0
9.06,0.004098332022054869,-0.004517349237826208,0.6028277342494814,-0.3932518782492813,-0.012063967557418535,-0.0035618932929685357,-0.0009433300637066791,-0.011418115975865232,-0.0072862361194194454,5.350301042052771e-36,0.8926111282151672,5.0,-3.4182666083124627,3.85484784643087,-0.013218100883527215,-0.008573725178062229,0.0,2.8357943049720564,5.0
9.07,0.004598824420750413,-0.005005011230324889,0.5081044080263569,-0.3113595525145676,-0.011806461761969348,-0.003845726716553621,-0.0004614871527086088,-0.012975616167803768,-0.008424271025282312,4.012725781539579e-36,-1.0536944358924163,5.0,-4.0513719364656495,4.448010078028321,-0.014533116359742304,-0.009562305931145178,0.0,-3.0,5.0
9.08,0.005003711256392878,-0.0053891568922748686,0.4040795777124054,-0.22230352779728277,-0.011517509101661771,-0.0041602008468000825,-0.0009489690825242605,-0.014277877001835432,-0.009390993295555455,3.009544336154684e-36,0.8944444180251836,5.0,-4.601160619256211,4.951921750837323,-0.015580137835867095,-0.0103577155658286,0.0,2.8425832719427833,5.0
9.09,0.005304736834182693,-0.005662159711870818,0.2928858514547032,-0.12792472712939273,-0.011203116651186402,-0.004498811560836353,-0.0004593836191032648,-0.015273762620292794,-0.010161529817093333,2.2571582521160128e-36,-1.052777790987408,5.0,-5.055532510044846,5.354198001999721,-0.016269648238750156,-0.010932066338631209,0.0,-3.0,5.0
9.1,0.005493838279789154,-0.005816269920630584,0.17682380454275762,-0.03017034339306965,-0.010869810205836493,-0.004854575547921663,-0.00094127669104127,-0.015961919399914183,-0.0107214596311834,1.6928686890870096e-36,0.8884459357167247,5.0,-5.404121757458921,5.646743741660059,-0.016650076179535574,-0.011281389445273468,0.0,2.8296696624208577,5.0
9.11,0.005567208290399121,-0.005848616142075013,0.05831134804627003,0.06890843863142528,-0.010524622166240572,-0.005220022565000629,-0.0004513755528905343,-0.016303830951113707,-0.011054230791677035,1.2696515168152572e-36,-1.0557770321416378,5.0,-5.638922254685839,5.821496259346536,-0.01664574250231323,-0.01138700195217067,0.0,-3.0,5.0
9.120000000000001,0.005521517247365962,-0.005756465120067011,-0.060163361275952176,0.16723722198167085,-0.01017482415291813,-0.00558750195511282,-0.0009333516567554829,-0.016311687867850054,-0.011154463028078545,9.522386376114429e-37,0.890525934435449,5.0,-5.754079952256858,5.875057581372959,-0.016319544784586405,-0.011254695264480055,0.0,2.836828901012536,5.0
9.13,0.005357870023948872,-0.005542109258900791,-0.17609726696583727,0.26272400094710685,-0.009827896992498246,-0.005949191325749789,-0.00044293537350309877,-0.015961190017694887,-0.011015177361395269,7.1417897820858215e-37,-1.0547370327822756,5.0,-5.746428300822888,5.804340517986758,-0.015610692167539724,-0.010875891694711993,0.0,-3.0,5.0
9.14,0.005077929396337379,-0.005208023054017523,-0.2870219999285556,0.3533413085056748,-0.00949125209037571,-0.0062974123204128825,-0.0009268601928204008,-0.015279055693852996,-0.010640880719523363,5.356342336564366e-37,0.8847745528807918,5.0,-5.615176514622776,5.611088706318769,-0.014596921370011104,-0.010266584077651459,0.0,2.824286138543859,5.0
9.15,0.0046877719130845735,-0.0047616459676906855,-0.39055946412270304,0.4371314192567392,-0.009172196376636087,-0.006624642059737437,-0.0004436935312194236,-0.014255589355497509,-0.010034603310962606,4.017256752423275e-37,-1.0576127235596045,5.0,-5.362336621709178,5.297419584705259,-0.01323212301714202,-0.00942832590240185,0.0,-3.0,5.0
9.16,0.0041939059249626225,-0.004210429458820134,-0.4844695351604408,0.5122863267438414,-0.008877654980559067,-0.006923825099559288,-0.0009352561549044982,-0.012931852685315017,-0.009210778954970782,3.012942564317456e-37,0.8871020194885415,5.0,-4.992307577747898,4.870239532999823,-0.011608116015132527,-0.00838695459897896,0.0,2.8318167625366875,5.0
9.17,0.003607016521217116,-0.0035665038874427898,-0.5667016102822674,0.577148956804345,-0.00861414409968488,-0.0071883741846850355,-0.00045883337000392644,-0.011311948945470628,-0.008182070073663861,2.259706923238092e-37,-1.0564489902557292,5.0,-4.51219517275252,4.336677259032931,-0.009692045205626238,-0.00715336119235694,0.0,-3.0,5.0
9.18,0.002937888131087879,-0.00284162891627649,-0.6354360596007501,0.6302872611862107,-0.008387508567596227,-0.00741246423292083,-0.0009592741278500653,-0.009449839312546792,-0.006972023784626825,1.694780192428569e-37,0.8815984482115509,5.0,-3.93128374578206,3.708383157517204,-0.007587729679622958,-0.005761977495589789,0.0,2.8196458866788303,5.0
9.19,0.0022010610351101086,-0.0020517720999227284,-0.6891274631426685,0.6704879866375001,-0.00820291561220234,-0.007591009043472881,-0.0004964263751487007,-0.0073614131340008285,-0.00560171438156299,1.2710851443214266e-37,-1.0592007758942248,5.0,-3.2612484740749133,2.9968647256031473,-0.005272986955454865,-0.004231404978499156,0.0,-3.0,5.0
9.200000000000001,0.0014106691495145009,-0.001211974405982376,-0.7265359939940009,0.6968219223422423,-0.008064618868642248,-0.007719925686592036,-0.0010102102356438851,-0.00511102298708147,-0.004102223992384524,9.5331385824107e-38,0.8841740427047882,5.0,-2.5155327850070903,2.2176957753232687,-0.002860632840162112,-0.0026027336032060583,0.0,2.8275488613038013,5.0
9.21,0.0005840148304365323,-0.00034084629464239784,-0.7467589892885349,0.7086275050235965,-0.007975983911907037,-0.0077960762843954975,-0.0005589408299011146,-0.0027233416484310894,-0.0025011168756901214,7.149853936808026e-38,-1.057912978647606,5.0,-1.7094723757304116,1.3857652927277755,-0.0003356603097807087,-0.0009000097589957189,0.0,-3.0,5.0
9.22,-0.0002626524298864508,0.0005446228626811941,-0.7492491692534304,0.7055646536448552,-0.0079392891778893,-0.007817492288700535,-0.0010855801677416685,-0.0002696465763740081,-0.0008347578571688001,5.362390452606019e-38,0.8789188921085236,5.0,-0.8595876909245828,0.5194028815848436,0.002184048495683073,0.0008316011613525206,0.0,2.8157507628646528,5.0
9.23,-0.0011106058970282305,0.0014246090038070695,-0.733831844099242,0.6875861582462014,-0.007955792116772874,-0.007783272625013009,-0.0006507900186082743,0.0022204231636996185,0.0008653205390083271,4.0217928394545143e-38,-1.0605405539457382,5.0,0.016364039858263443,-0.36443110447147464,0.004710492903773245,0.0025653989351854542,0.0,-3.0,5.0
9.24,-0.0019428984663912418,0.002281675528962278,-0.7007080124976327,0.6549787693402632,-0.008025573543315621,-0.007693761801401046,-0.001192656793626996,0.004672719879313536,0.002560184607818495,3.0163446295908855e-38,0.8817431752358633,5.0,0.9001476180406541,-1.2460634320491752,0.007125016594927454,0.004255048676628662,0.0,2.824026904417465,5.0
9.25,-0.0027408595033221344,0.0030963412846754905,-0.650455963209826,0.6083214752898038,-0.008147649454289333,-0.007550399899807775,-0.0007701364144044275,0.007056895078898648,0.00421720001402348,2.262258472193164e-38,-1.0591284123820686,5.0,1.7730364825648746,-2.1079520652239037,0.00944107027848376,0.005874215420228466,0.0,-3.0,5.0
9.26,-0.003488352642514898,0.00385229707432448,-0.5840184737214723,0.5485132618087855,-0.008319862735892506,-0.007355851039148909,-0.0013244564698111502,0.009300330660820075,0.0057978487547994655,1.696693854144873e-38,0.8767369563584231,5.0,2.6166013211414154,-2.930629873016491,0.011543766242741503,0.007378497495575452,0.0,2.812602325098915,5.0
9.27,-0.0041682559776525475,0.004531949246789583,-0.5026885825170404,0.4767183241902073,-0.008539042396589612,-0.007113804075386044,-0.0009167942019278931,0.011376376296483389,0.007271419417587379,1.2725203906086547e-38,-1.0616315218207886,5.0,3.412709033649826,-3.6975462421167093,0.013452421932146703,0.008744990080375293,0.0,-3.0,5.0
9.28,-0.004766693161185538,0.005121602716372294,-0.4080815113851073,0.39438133602087305,-0.008800941643743112,-0.006829053306182925,-0.0014836497050150137,0.013218230838742785,0.008602785089734524,9.54390292956491e-39,0.879810389396344,5.0,4.144299854526564,-4.390989778021215,0.015060085381002182,0.00993415076188167,0.0,2.8212523006134766,5.0
9.290000000000001,-0.005269477668336682,0.005606963021211198,-0.3021059993933479,0.30316090043146326,-0.009100441808085056,-0.006507253516815711,-0.0010844174920107892,0.014807066564837492,0.009766036630530214,7.157927197173682e-39,-1.060094805301828,5.0,4.7953602249791505,-4.996899155881757,0.0163959022909322,0.010929288171325905,0.0,-3.0,5.0
9.3,-0.00566628366810335,0.0059782507914866514,-0.1869227987685564,0.20493392420121365,-0.009431532854707096,-0.0061549576400879765,-0.0016589344298549016,0.01608580180024158,0.01073218501320915,5.368445397880262e-39,0.8750535137064575,5.0,5.351664478479495,-5.500746265044134,0.01736453703564567,0.01169833339588809,0.0,2.8102018327147427,5.0
9.31,-0.0059470145055075686,0.0062256189965604275,-0.06490391702780411,0.10171947027187395,-0.009787555957604482,-0.00577933306473094,-0.0012687845840061967,0.017046984798793817,0.011482662916956087,4.0263340484101965e-39,-1.0624732431467712,5.0,5.80069561490699,-5.892281298895381,0.018008167797346052,0.012233140820703023,0.0,-3.0,5.0
9.32,-0.00610589202634696,0.006344178532299132,0.06141923287970931,-0.004324917717307822,-0.010161217899230373,-0.005388165886658074,-0.0018493150733670592,0.01764634515607463,0.0119968705345299,3.0197505363076474e-39,0.8783764582747946,5.0,6.132313288237716,-6.1613339051340645,0.018245705513355442,0.012511078152103712,0.0,2.8192261596963606,5.0
9.33,-0.006137738764772806,0.006329323540461952,0.1894050001569948,-0.11098580472128373,-0.010544862409902055,-0.004989549393255413,-0.0014603333836182085,0.017890417529559256,0.012265512432234926,2.2648129022307355e-39,-1.0608117708626026,5.0,6.338589756217044,-6.302471281439076,0.018134489903043886,0.012534154329939953,0.0,-3.0,5.0
9.34,-0.006041963240220375,0.006181645378847804,0.31635976646205066,-0.21600233378424893,-0.010930507910163326,-0.004591866266517248,-0.00204079434108348,0.017749842615917454,0.012277968803873284,1.6986096766730517e-39,0.8738692375072434,5.0,6.414388540114332,-6.3107083718518036,0.017609267702275652,0.012290425175511644,0.0,2.8085502458770897,5.0
9.35,-0.005818729108825064,0.005902137117639935,0.4395913624162664,-0.31715166535493683,-0.011310135656738045,-0.0042034620323315374,-0.0016527285466878623,0.01724663958573236,0.012035415899582617,1.2739572575047888e-39,-1.0630653812463784,5.0,6.35710029936843,-6.1860559019639565,0.01674343655554726,0.011792862995291949,0.0,-3.0,5.0
9.36,-0.00547283003457505,0.00549699172100556,0.5564691645511068,-0.4122582278643914,-0.011675737189168324,-0.0038326198201463924,-0.0022308933186595535,0.016367185876863227,0.011537968797167007,9.554679431285916e-40,0.8774419554245467,5.0,6.167106886981789,-5.929111222039973,0.015487732167994098,0.011040521694751396,0.0,2.817949292095472,5.0
9.370000000000001,-0.005009751712677623,0.004972696203840615,0.6644769008009395,-0.499277970375626,-0.012019605241787655,-0.003487233643995293,-0.001835590683638331,0.015149164981304104,0.010797582887145874,7.166009573464437e-40,-1.0612790222877269,5.0,5.847399376351234,-5.545490911002377,0.01393114408574498,0.01005719697712474,0.0,-3.0,5.0
9.38,-0.004439431419822904,0.004340709969287214,0.7612698335229061,-0.5763045676908252,-0.012334377225324792,-0.0031747899267449025,-0.002405485370945915,0.013594246055317517,0.00982498355990759,5.374507180098328e-40,0.8731846014554692,5.0,5.403928502645718,-5.0413106700261245,0.012039327129330932,0.008852384232669305,0.0,2.8076482251986645,5.0
9.39,-0.003772204555793193,0.0036124391042445516,0.8447223601968169,-0.6416486465101362,-0.012613314928017419,-0.0029020550757273686,-0.002003150594733513,0.011754668931287154,0.008642332659580362,4.030880385073746e-40,-1.0634076992722654,5.0,4.845107538821989,-4.427497937340889,0.009915091807256794,0.0074596817592531344,0.0,-3.0,5.0
9.4,-0.003022461281357008,0.002803810363871189,0.9129776498385407,-0.6938370145363248,-0.012850329530423775,-0.0026750788326986652,-0.0025633460833855643,0.009645607451628995,0.007269928224587893,3.0231602888053094e-40,0.8770072546342786,5.0,4.18204275116714,-3.7151517024135394,0.0075365459719708375,0.005897523789595424,0.0,2.817422208540823,5.0
9.41,-0.002204502316409996,0.001930155626437196,0.964485537761801,-0.7316832368913818,-0.01304023637356919,-0.002498910231874732,-0.0021469500290832895,0.0073314735243487465,0.005738671147245548,2.267370216603982e-40,-1.0614963726828608,5.0,3.427922820374415,-2.9197493900178015,0.005017339597068499,0.004207414069903203,0.0,-3.0,5.0
9.42,-0.0013361062267659837,0.0010106964677068727,0.998040626469245,-0.7542768006892524,-0.013178749339210295,-0.00237763497714873,-0.0026929006276888885,0.004838039713856419,0.004076588004213603,1.7005276624529864e-40,0.8729998793964266,5.0,2.5981499268057955,-2.0564145747406246,0.0023446059033640923,0.0024145048611816586,0.0,2.8074961314757143,5.0
9.43,-0.00043430381468763694,6.334730753452579e-05,1.012807012062446,-0.761042251159604,-0.013262699369338767,-0.0023141310451895887,-0.0022643527229616956,0.002238476950789826,0.0023211185658615586,1.2753957468397398e-40,-1.0635000603017868,5.0,1.7096377815939778,-1.1440326854270384,-0.0003610858122767664,0.0005656491275095137,0.0,-3.0,5.0
9.44,0.0004811149931495209,-0.0008908572130396577,1.0083417067354215,-0.7517157016689,-0.013289987482811742,-0.0023101508164700855,-0.00279657647477791,-0.0004347299075369627,0.0005054798952537026,9.565468101298048e-41,0.8770725297785125,5.0,0.7808556694174724,-0.200435724796814,-0.0031079367658637513,-0.0013101587753541533,0.0,2.8176451198588115,5.0
9.450000000000001,0.0013918683843652006,-0.0018329953463545854,0.98460351493937,-0.7263905117465358,-0.013259758136251533,-0.002366125025987743,-0.0023509976912724595,-0.003103883084820224,-0.0013291574566872278,7.174101075973536e-41,-1.061463735110744,5.0,-0.16894558320416,0.7535419782643182,-0.005773036262103486,-0.003163794808628158,0.0,-3.0,5.0
9.46,0.0022777094022883512,-0.002741860113387197,0.9419599011036831,-0.6854798923152603,-0.013172304466429821,-0.00248129552027118,-0.002867257934580229,-0.005734247013184297,-0.003147381596741194,5.380575806980152e-41,0.8733151452164778,5.0,-1.1197398091576702,1.6989187285883185,-0.00836461094154837,-0.004965605736795161,0.0,2.8080940255436992,5.0
9.47,0.003120714393804784,-0.003599209458571937,0.8811789163617669,-0.6297483689706181,-0.013029191763924992,-0.002653571672058942,-0.002408977955124743,-0.008248238529300646,-0.004907428106535579,4.035431855235114e-41,-1.063342427391761,5.0,-2.051535147946359,2.6145417465490715,-0.010762230045416998,-0.006667474616329964,0.0,-3.0,5.0
9.48,0.003901805716606632,-0.004385357031588222,0.8034189343188638,-0.5602600802852169,-0.012833111495654411,-0.002879716671934552,-0.002912273822354471,-0.010613630733966317,-0.006574928957878065,3.0265738914263353e-41,0.8776377547480585,5.0,-2.9444058979072936,3.4819616008163057,-0.012979022938631986,-0.00824242980922055,0.0,2.818617936887878,5.0
9.49,0.004605015480174565,-0.005084388947562149,0.7102036617936792,-0.47839630523122817,-0.01258795381215389,-0.00315525678061067,-0.002438903538736746,-0.012757683820012397,-0.008110782052047065,2.2699304185697512e-41,-1.0611811226259709,5.0,-3.779308577608232,4.281400710448695,-0.014901736906058477,-0.009646635146216064,0.0,-3.0,5.0
9.5,0.005213974033122841,-0.005679713020958598,0.6033956749085074,-0.38579056203748147,-0.012298612156110215,-0.0034747183599237574,-0.0029294445297385788,-0.014655248204332484,-0.009484843187424645,1.7024478139273134e-41,0.874130272813497,5.0,-4.538095372861416,4.996598063232581,-0.01655281258865257,-0.010858904322802227,0.0,2.8094416682529646,5.0
9.51,0.005716127973334589,-0.006159223352019044,0.4851562578891162,-0.2843338124367605,-0.011971008505740881,-0.003831585253946594,-0.002447664047091419,-0.016242781481954238,-0.010663724285950941,1.276835860445485e-41,-1.0629348635932518,5.0,-5.204295695398596,5.61073900567044,-0.01783031475957599,-0.011842605384477237,0.0,-3.0,5.0
9.52,0.006099158992892129,-0.006510771071352838,0.357904980262052,-0.17609828988555137,-0.01161185359278074,-0.004218580670637028,-0.002930653595646822,-0.017506292201918402,-0.011624388861848738,9.576268953341138e-42,0.878702703460468,5.0,-5.763085063997405,6.111249967003481,-0.018769802921882565,-0.012585053437746532,0.0,2.820340270514188,5.0
9.53,0.006355115299555514,-0.006727232633249064,0.22426713012313962,-0.0633329025475728,-0.01122863213107782,-0.004627664481976369,-0.0024400844172683712,-0.018395106009173618,-0.012341800266768139,7.182201715005853e-42,-1.0606486482697661,5.0,-6.202004346825723,6.485652613251517,-0.01928391981642883,-0.01305921167168754,0.0,-3.0,5.0
9.540000000000001,0.0064767384218562775,-0.006801880730242711,0.08702285430479018,0.05162099456768626,-0.010829328460321825,-0.005050348974368464,-0.002917505051178643,-0.01890954032513123,-0.01280233818219675,5.3866512862543894e-42,0.8754449361473136,5.0,-6.510844354803221,6.726265202235986,-0.019423974641088845,-0.013262876097625362,0.0,2.811538520564393,5.0
9.55,0.006461497390474761,-0.006733349252525553,-0.050953679360157184,0.1663404595577019,-0.010422382983415296,-0.005477723745022953,-0.0024263236490511776,-0.01901439263639905,-0.012991261509091506,4.039988464690792e-42,-1.062277531926343,5.0,-6.682269060505452,6.825958802284741,-0.019119244947666866,-0.013180184835986262,0.0,-3.0,5.0
9.56,0.0063078008368512755,-0.006520881564730649,-0.1867511986494626,0.27840961650830487,-0.010016395128753193,-0.005900792555938726,-0.0029045648934463964,-0.0187263221302015,-0.012905928098914027,3.0299913485180945e-42,0.880266949950453,5.0,-6.7115996960159325,6.782756288553471,-0.01843825162400395,-0.012820594688736548,0.0,2.8228114318272493,5.0
9.57,0.006018907962425778,-0.0061691642584517535,-0.31748582780301404,0.3854328151543272,-0.009620064313366003,-0.006310511628312464,-0.00241324142151275,-0.018026964406303688,-0.012543020067399682,2.272493511388571e-42,-1.0598665250247736,5.0,-6.5973266395900065,6.595467430233954,-0.017327606682405877,-0.012180112035885338,0.0,-3.0,5.0
9.58,0.0055990202496743365,-0.005683449481494977,-0.44035903655734077,0.485123346120932,-0.009241885172618204,-0.006698131650575279,-0.002894776654827658,-0.016949957247466063,-0.011911514889214526,1.7043701335414282e-42,0.8772586093701229,5.0,-6.3407681062708345,6.268158045015386,-0.01587295008862844,-0.011280009711029371,0.0,2.8143837437650197,5.0
9.59,0.005057076773572084,-0.005074269888995665,-0.5527205402000414,0.5753145333884568,-0.008890088354944656,-0.007055233313337545,-0.00241160784735519,-0.015493706392323734,-0.01101967190188221,1.2782776001560712e-42,-1.0613706953149384,5.0,-5.946453813698883,5.805659390468503,-0.014037455537181404,-0.010127828914549893,0.0,-3.0,5.0
9.6,0.00440272217980054,-0.004352432678444167,-0.6521221709675842,0.6540443915180618,-0.008572342850134784,-0.0073740590934495585,-0.002902571062093989,-0.013708086862176571,-0.009887773958459658,9.587082001170534e-43,0.882329868540275,5.0,-5.421660543105738,5.217917702940821,-0.011922467332029407,-0.008755876015037104,0.0,2.8260304323954886,5.0
9.61,0.0036499804021512096,-0.0035336089161109576,-0.7363742573912135,0.7195605503514793,-0.00829571165701762,-0.0076475305040064456,-0.002427398620708594,-0.01160682199897934,-0.008534861959886435,7.1903115008779e-43,-1.0588350657298624,5.0,-4.77667204855304,4.5153749986679985,-0.009505557135782109,-0.007181949961313215,0.0,-3.0,5.0
9.620000000000001,0.0028131135590589835,-0.002633217166416869,-0.8035905089731374,0.7703967115421317,-0.00806637662467472,-0.007869553700236717,-0.0029292724137879762,-0.009253856796420913,-0.006991235515406416,5.3927336256584256e-43,0.8795705670368184,5.0,-4.024187228444382,3.713192479132856,-0.006900891593862486,-0.005447609070926396,0.0,2.817976199803499,5.0
9.63,0.0019102018316523865,-0.0016709204981942205,-0.8522331540132664,0.8053676137352622,-0.00788962348685765,-0.008035003614343153,-0.0024690584846121444,-0.006675434216373946,-0.0052849750187958545,4.0445502192438196e-43,-1.0602147164815912,5.0,-3.179460489798408,2.8265193684672885,-0.004097011636326978,-0.003578714522185294,0.0,-3.0,5.0
9.64,0.0009589095746584104,-0.0006654175185704394,-0.8811446899383216,0.8236340886562183,-0.007769601966033792,-0.008139990645580344,-0.00298632416037165,-0.003946230162336058,-0.003454260824432003,3.0334126644328647e-43,0.8848906340900038,5.0,-2.2596059136329814,1.8746213810215215,-0.0012170261082981707,-0.001623546630068151,0.0,2.8299959846615987,5.0
9.65,-2.0015918779266498e-05,0.00036114078175776077,-0.8895782240434202,0.8246852152620493,-0.0077093519005297165,-0.00818180006133856,-0.002538972490830887,-0.0011011451113200803,-0.0015337087305380252,2.2750594983246485e-43,-1.0575546829549982,5.0,-1.2836432037000816,0.8760550047089497,0.001743939939695897,0.00038684336335595264,0.0,-3.0,5.0
9.66,-0.0010070391575968327,0.0013884173018423064,-0.8772129206073027,0.8083893860799939,-0.007710609537797552,-0.008159108916800923,-0.003070928281437633,0.0017787505848326285,0.00043346697958267255,1.7062946237434865e-43,0.882379884395158,5.0,-0.27171337061312917,-0.14728628315314846,0.004658646280985337,0.00240064268970337,0.0,2.822314451745314,5.0
9.67,-0.0019803755185966204,0.002393503404625929,-0.8441669056638925,0.7749616855542569,-0.007773883674185222,-0.008071872084889228,-0.0026410148263591644,0.004654578209973377,0.0024092311490964136,1.2797209678076148e-43,-1.0588100578024213,5.0,0.7549470434112732,-1.1750579686347447,0.007530405835114126,0.004384995318610155,0.0,-3.0,5.0
9.68,-0.0029203171090192766,0.003356211551705597,-0.7909946452868403,0.7249998307511303,-0.007898314337796666,-0.00792148383064293,-0.0031896029171819646,0.007443763650576343,0.0043486310092174475,9.597907258557111e-44,0.8879482223275614,5.0,1.7748386028167864,-2.184453548159328,0.010232949091179309,0.006288030869338481,0.0,2.8347065024575437,5.0
9.69,-0.0038057858977017197,0.0042546985985023635,-0.7186814926581107,0.6594361811791463,-0.008081803273313617,-0.007710606839548299,-0.002772392123568558,0.010108498913879929,0.0062136350202438295,7.198430443917834e-44,-1.0560258888362193,5.0,2.7662566439692573,-3.1551197587406206,0.012773234177183514,0.008078639031270212,0.0,-3.0,5.0
9.700000000000001,-0.0046186503695181,0.00507074179889852,-0.6286226603960046,0.5795583718672879,-0.008320927853660724,-0.007443276242342423,-0.0033342262095771,0.012569837055100262,0.007961055989193342,5.398822832938375e-44,0.8856854377556558,5.0,3.7081444024931614,-4.065157199956321,0.015031175196320593,0.009708476958142854,0.0,2.8273967643475304,5.0
9.71,-0.0053402438834089135,0.005785317396446898,-0.5225997422084719,0.48694649588385364,-0.008611126215068281,-0.007124672138669017,-0.0029316208409620424,0.014796102629716356,0.009556361926496915,4.0491171247037816e-44,-1.057157281122172,5.0,4.580150241590266,-4.896022318356389,0.01702236820433245,0.011151667863800488,0.0,-3.0,5.0
9.72,-0.005955639809669696,0.00638382750817951,-0.40274256242236955,0.38347984630124426,-0.008946663634118187,-0.006761169926041761,-0.0035060376878686263,0.016716826227352263,0.010961519226898055,3.036837843527836e-44,0.8915014102584193,5.0,5.363454369428469,-5.628487400729559,0.018637549824988168,0.012366676527299194,0.0,2.840160101639011,5.0
9.73,-0.006450111822556462,0.006851612962999527,-0.27148981296323604,0.2712612238690322,-0.009320867519587892,-0.006360062214012137,-0.0031108202533943427,0.018311048624108817,0.012148719717449727,2.277628382645877e-44,-1.0542492948707902,5.0,6.040782114340909,-6.247496259500609,0.019905271020865367,0.013335920208001398,0.0,-3.0,5.0
9.74,-0.006813330725808258,0.0071790929029357,-0.13153645449952453,0.15261208996977357,-0.009726139997919414,-0.005929562675016139,-0.003692128252286909,0.01952102549580836,0.013088099627028723,1.7082212869844078e-44,0.889485904941042,5.0,6.597175873771209,-6.738061002678491,0.020731002367507904,0.01402747953660772,0.0,2.8332211047528744,5.0
9.75,-0.007035724387474849,0.007357166375566756,0.014218302369283536,0.029986910771050743,-0.010154234193012951,-0.00547848696455011,-0.0033041229830972343,0.020340289950003625,0.013761301907763465,1.281165965238306e-44,-1.055257047529479,5.0,7.019934774424713,-7.090033175506624,0.02115955440419889,0.01443450418849821,0.0,-3.0,5.0
9.76,-0.007112573382612488,0.007382243048129185,0.1627340415720145,-0.09403965711704601,-0.010596301793980422,-0.005016222567815743,-0.003889852471570547,0.020727009445101294,0.014148985491746258,9.608744739287294e-45,0.8955487766547818,5.0,7.299290774756335,-7.293892500505686,0.02111372894019896,0.01453666907572905,0.0,2.846354600839043,5.0
9.77,-0.007040259429862813,0.007251526137714269,0.31088919149251604,-0.21686444100693092,-0.011043197959719095,-0.0045523825572754036,-0.003500347823345597,0.02069178399302821,0.014244187083594657,7.206558554465471e-45,-1.0522256116726092,5.0,7.428240069944843,-7.345410801740073,0.020656558540955126,0.014339388675443055,0.0,-3.0,5.0
9.78,-0.006820237683003061,0.006967912184771495,0.45554964651606233,-0.33587249538172337,-0.011485550505803561,-0.004096755732444253,-0.0040836590765321685,0.020210625924171548,0.01403960180375837,5.404918915849103e-45,0.8937797658151141,5.0,7.4031067540725735,-7.241323285291051,0.019729467855314885,0.013835016523922081,0.0,2.8397851433028376,5.0
9.790000000000001,-0.0064551481872640645,0.006535128090490807,0.5936317633150844,-0.4485304418951551,-0.011914078677816735,-0.0036589488978335145,-0.003691703984479811,0.01931240522630773,0.013540693756568061,4.0536891868868274e-45,-1.053110117092443,5.0,7.223250732807103,-6.983862691231286,0.018414184528443914,0.013041785709377755,0.0,-3.0,5.0
9.8,-0.005952660601414689,0.005962498389039461,0.722171080638727,-0.552402405526308,-0.01231966760027558,-0.0032483346898464303,-0.004269743643513489,0.01799138677465638,0.012752697029018146,3.0402668901651204e-45,0.9000887026240549,5.0,6.891494665751935,-6.576286210316475,0.01667036832300503,0.011964700301468232,0.0,2.853287522340553,5.0
9.81,-0.005321457648651317,0.005259950391889515,0.8383825748759604,-0.645240314007857,-0.012693684296569935,-0.0028736998671254834,-0.0038666455219247805,0.016294357395143094,0.011693477246282186,2.2802001676238405e-45,-1.0499556486879729,5.0,6.413692580472102,-6.0272769401946125,0.01459732801562981,0.010634257463546229,0.0,-3.0,5.0
9.82,-0.00457495126213451,0.004442649248286412,0.9397239861611296,-0.7249945989429566,-0.013028041341677779,-0.002543207436937346,-0.004432997662694571,0.014232752054994758,0.010380274810057745,1.7101501257178804e-45,0.8985653028907734,5.0,5.799023986161398,-5.346338203843602,0.012171146714846422,0.009067072373833304,0.0,2.8470862544695197,5.0
9.83,-0.003727134317300978,0.003525866772125026,1.0239480802781955,-0.7898970946852639,-0.01331549400719084,-0.0022640675521194897,-0.0040186281819759835,0.011869437234806234,0.008842309452821839,1.2826125942884103e-45,-1.0507173485546133,5.0,5.0594296667717344,-4.548061955508815,0.00950612241461771,0.007304344095585932,0.0,-3.0,5.0
9.84,-0.0027961859013869656,0.0025295055184223355,1.089155396012963,-0.8384621466127278,-0.013549676762994343,-0.002042530809142603,-0.004571646274955855,0.009230424797460335,0.007107258430046985,9.619594457163077e-46,0.9051193722563804,5.0,4.209771180670549,-3.6473863419790935,0.006591412360114437,0.005372207407272132,0.0,2.860956093067374,5.0
9.85,-0.0018002219103779372,0.0014728675836045058,1.133833579056067,-0.8695581614077632,-0.013725366304711715,-0.001883597290064794,-0.0041388811822681655,0.006391409951428,0.005213650145955668,7.214695842872307e-46,-1.04744031387181,5.0,3.267140830140422,-2.663750946020095,0.003552395105395666,0.003320041861864351,0.0,-3.0,5.0
9.86,-0.0007608092726112997,0.00037908930433541146,1.1568952576639522,-0.8823958192990109,-0.01383847758328121,-0.0017910542904575448,-0.0046740482669948465,0.0033891662713851065,0.003197142239455926,5.411021882154231e-46,0.9038406020169958,5.0,2.250913071242773,-1.6162517535449545,0.0003869225913422135,0.0011806343329561842,0.0,2.8551215179058014,5.0
9.870000000000001,0.00030136868073773635,-0.0007301745055894732,1.1577008186303779,-0.876585385882651,-0.013886280639713583,-0.0017672354069864528,-0.004224951246959323,0.00030787173882794797,0.0011027376216642677,4.058266411615673e-46,-1.0480796989915022,5.0,1.181957120533008,-0.5277043854480515,-0.00277342279372921,-0.0009916669961273902,0.0,-3.0,5.0
9.88,0.0013630533556704832,-0.0018303659806826978,1.1360782418566742,-0.8521094573572433,-0.013867345087045029,-0.0018131136242384217,-0.004743061314350763,-0.002809761769938985,-0.0010291061072604077,3.0436998087117548e-46,0.910638773350982,5.0,0.08259935355994752,0.5802875335523768,-0.005927395278705918,-0.003160949836185083,0.0,2.8693572456934655,5.0
9.89,0.0024027842161569715,-0.002899372467293922,1.0923267525145217,-0.80936415379657,-0.013781701918872524,-0.0019281189106042905,-0.004273147554062086,-0.005876227013428713,-0.0031503568623611066,2.282774856533816e-46,-1.044680613324509,5.0,-1.024235158137539,1.6833229005922294,-0.008942692256918442,-0.005271607617461805,0.0,-3.0,5.0
9.9,0.0033974618888526296,-0.003913157299956506,1.027216995242084,-0.7491154015499565,-0.01363073053403972,-0.0021102918554697122,-0.0047724673338129615,-0.0088482214485557,-0.005219371324802153,1.712081142400362e-46,0.9096035531444657,5.0,-2.11510542678422,2.759171021523538,-0.011820215883682685,-0.007288385787243197,0.0,2.8638877196134405,5.0
9.91,0.004326733381917445,-0.004851114834098767,0.9419748570261836,-0.6725236177451667,-0.013417261707822304,-0.0023561627799874047,-0.004286670904110275,-0.011640381885606066,-0.007188811890931036,1.2840608568002716e-46,-1.0451982234277672,5.0,-3.1669406777758864,3.783781109938131,-0.01443254232265643,-0.00915825245705992,0.0,-3.0,5.0
9.92,0.0051695335231422045,-0.005691670190722002,0.8382619268185474,-0.581083599318405,-0.013145405031688833,-0.002660967314477908,-0.004770891124932476,-0.014214334125835977,-0.009019630482060854,9.630456426002036e-47,0.9166446982210126,5.0,-4.157136985717275,4.73625965051495,-0.01678828636606589,-0.01085044907319067,0.0,2.8784876198697926,5.0
9.93,0.005908430714267171,-0.006417585174811611,0.7181401646736578,-0.47663354504715694,-0.012820593660913038,-0.003018585499634473,-0.0042675895497072455,-0.016492258690283534,-0.010668926187340298,7.222842319501527e-47,-1.0416776508894936,5.0,-5.064435509963088,5.594852933904929,-0.018770183254731093,-0.012318221892619743,0.0,-3.0,5.0
9.94,0.006526111723919122,-0.007011491809736028,0.5840343274991898,-0.36128031071498595,-0.012449356010389316,-0.0034218142684139716,-0.004737743847246796,-0.018445845704984302,-0.012103845238832851,5.417131739626145e-47,0.9158518511695721,5.0,-5.868983079764398,6.341879152086117,-0.020399432719685074,-0.013538764290325406,0.0,2.8733813532286376,5.0
9.950000000000001,0.007009662905886423,-0.007461126449652866,0.4386800682168776,-0.237395104668974,-0.012039308317421905,-0.0038623592916174057,-0.004224483828108574,-0.020009624555399647,-0.013289318000089593,4.062848804719609e-47,-1.0420740744152142,5.0,-6.553156402138038,6.959648183089953,-0.021573403405814994,-0.014474790761346333,0.0,-3.0,5.0
9.96,0.0073469597276067,-0.00775475716801836,0.28507148232133606,-0.10752681787893179,-0.011598878207636432,-0.004331155692452084,-0.0046866646878838914,-0.02116975497229849,-0.01420182776469366,3.0471366035397065e-47,0.9231347445766023,5.0,-7.101555968442474,7.435324079539114,-0.022329885389197335,-0.015114337529297727,0.0,2.8883435635684185,5.0
9.97,0.007530840306833835,-0.00788629991941286,0.12639637273684612,0.025612264721145167,-0.011137255113507046,-0.004818401455440469,-0.004163962713486732,-0.021876976009838782,-0.014816942377843336,2.28535245265478e-47,-1.0384326277116989,5.0,-7.501744802351027,7.756742023437391,-0.022584197047379073,-0.015432056990993013,0.0,-3.0,5.0
9.98,0.007555375970038701,-0.007850617454493947,-0.03402655642781727,0.15924100088261306,-0.010664078461840905,-0.0053139122932571335,-0.004621032589119375,-0.02213511855823765,-0.015122865172623755,1.7140143394910848e-47,0.9225829968564143,5.0,-7.744133279359646,7.917155635698613,-0.022393261106636517,-0.015428787967404173,0.0,2.883598621424527,5.0
9.99,0.007419926145423972,-0.007648510549490774,-0.19282011598994742,0.2905292760864363,-0.010189360188989256,-0.005807181135680773,-0.004097913545085703,-0.021913644642653385,-0.015107723631940814,1.2855107546183136e-47,-1.0387085015717932,5.0,-7.822597015133551,7.910927633840104,-0.021692170727069117,-0.015092582091257873,0.0,-3.0,5.0
10.0,0.007125268002062771,-0.007281866771945909,-0.3466163988405705,0.4166959384283916,-0.009723152479616401,-0.006287751226744458,-0.004557058460526967,-0.02123585825529682,-0.014772884455574727,9.641330659637352e-48,0.9301063164857399,5.0,-7.734235735612623,7.738152847811901,-0.020558071867940262,-0.01443804527920864,0.0,2.898921134543273,5.0
10.01,0.006677508447281077,-0.006758501071867639,-0.4921312860656587,0.5350295094531364,-0.009275458687413625,-0.006745284409847755,-0.004034722276021047,-0.02009094324354908,-0.014119948891263244,7.230997994728013e-48,-1.0349468417571301,5.0,-7.479855400053726,7.400200331561948,-0.01894602823180134,-0.01346701332695176,0.0,-3.0,5.0
10.02,0.006084069876733615,-0.0060871542741903935,-0.6262312171458556,0.6429843943923375,-0.008855898457768385,-0.007169933556180918,-0.004499060388263801,-0.018521816365209977,-0.013163783895386881,5.42324849604601e-48,0.9297942978364655,5.0,-7.063577671129881,6.9041865886553175,-0.016952689486870877,-0.01220761889951052,0.0,2.8945354374300605,5.0
10.03,0.005357470464074636,-0.005282199558126837,-0.7460036583169727,0.7381973553833978,-0.008473625073194919,-0.007552400739162203,-0.003986351884088243,-0.016536698103402536,-0.011919228717987316,4.067436372034507e-48,-1.0351028510817673,5.0,-6.493171878167038,6.2583675854689105,-0.014551579841595094,-0.010674673540587752,0.0,-3.0,5.0
10.040000000000001,0.004511167181270492,-0.004358493329249807,-0.8488169902959376,0.818577258885928,-0.008137005276159695,-0.007884291125694333,-0.004462453806111531,-0.014196651477951783,-0.010413868980689762,3.05057727902588e-48,0.9375566254126158,5.0,-5.779520847983724,5.476476372605183,-0.01185660485250103,-0.008908509243392208,0.0,2.9102161019069985,5.0
10.05,0.0035632037110356492,-0.00333594651790463,-0.9323813488908954,0.8823126854159067,-0.0078535602826438,-0.00815814333817216,-0.003959532495100839,-0.011526662667836906,-0.008674450708003788,2.28793295926941e-48,-1.0312216872936921,5.0,-4.936811576418418,4.57296695741665,-0.00885667385772203,-0.0069350324353178155,0.0,-3.0,5.0
10.06,0.002531931331671026,-0.0022342521369209797,-0.9947961713881747,0.9279506502131013,-0.00762967759060713,-0.008367747039640513,-0.004449069632667797,-0.00860287857147302,-0.006739396600588176,1.7159497194520575e-48,0.9374828696854822,5.0,-3.981858399534143,3.5672154289611115,-0.005679094475109134,-0.004804342493172566,0.0,2.9061874266646566,5.0
10.07,0.0014395586848501823,-0.0010773616275414016,-1.0345962715641737,0.954391250368201,-0.0074705916531877,-0.008508129241632878,-0.003962955376492703,-0.00546329974287525,-0.004644979179030521,1.286962289589043e-48,-1.0312585651572588,5.0,-2.934162553554704,2.4786386253283514,-0.0023237209142774797,-0.0025505617574728655,0.0,-3.0,5.0
10.08,0.0003077737217146209,0.00011188577302921783,-1.0507826225673427,0.9609519725898935,-0.007380141513412966,-0.008575821869119751,-0.0044703307431116735,-0.002194825973822522,-0.0024376519173678257,9.652217171917823e-49,0.9454826913329952,5.0,-1.8151226480256257,1.3307967976290869,0.0010736477952302055,-0.00023032465570513002,0.0,2.922223947823249,5.0
10.09,-0.0008387847890869819,0.0013073619538430373,-1.0428499855031652,0.9473464657716815,-0.007360803520150833,-0.008568791878667955,-0.003998716634098663,0.0011563996086533836,-0.00016002132494459618,7.239162878938367e-49,-1.0272586543335025,5.0,-0.6479952949241795,0.14641173586563558,0.004507625191129289,0.0021176092674786338,0.0,-3.0,5.0
10.1,-0.001976965030124779,0.0024850758580669424,-1.0107977876618437,0.913731914004607,-0.007413505922777603,-0.008486647904472434,-0.004522886061405729,0.004498067150835011,0.002136967303953604,5.429372159203775e-49,0.9456456370772386,5.0,0.5429842107811753,-1.0486088489913032,0.007839734693016638,0.004433955932851804,0.0,2.9185499284879795,5.0
10.11,-0.0030816583597011176,0.0036187914326556185,-0.9551368469536969,0.8606701648445086,-0.007537722299078482,-0.008330505983286106,-0.0040698832985569195,0.0077815518573530465,0.004408170749323547,4.072029119402831e-49,-1.0271771814613808,5.0,1.732709947142996,-2.230211821872221,0.011065036563871082,0.00667937419469349,0.0,-3.0,5.0
10.120000000000001,-0.004130259996668497,0.0046854706442263205,-0.8768789117280431,0.7891573508473738,-0.007731348604352694,-0.008103130611692015,-0.004612207788798601,0.010914960587877056,0.006602103211921907,3.0540218395521236e-49,0.9538813439261904,5.0,2.8961267471349714,-3.3721980120610926,0.014048369318401066,0.008796035674520267,0.0,2.934939869313762,5.0
10.13,-0.005099222492610406,0.005660880918574785,-0.7775220359075119,0.7005672184499396,-0.007990860493611685,-0.007808733808601774,-0.004172397888240506,0.013853106161329252,0.008675124188690765,2.2905163796640927e-49,-1.023059328036905,5.0,4.0083596793651495,-4.451283062691059,0.016791251734781448,0.010748145165459624,0.0,-3.0,5.0
10.14,-0.005968492752635589,0.006525005953243512,-0.6590190555241181,0.5966633634806806,-0.00831125409204778,-0.007453050170468951,-0.004728717009688589,0.016510428906966038,0.010579275184353323,1.7178872847480694e-49,0.954279335013613,5.0,5.0456425334099695,-5.443089985008406,0.01916775165260282,0.012483426180015883,0.0,2.93161799806413,5.0
10.15,-0.00671800829694791,0.0072575836296348535,-0.5237426827492992,0.47952594857365666,-0.008686265551741457,-0.007043071955122161,-0.004303156481221857,0.018850925084473225,0.012276413085500641,1.2884154635610522e-49,-1.0228603324931935,5.0,5.985429728164109,-6.327181435688859,0.021191421261980408,0.01397355098664796,0.0,-3.0,5.0
10.16,-0.0073320734165784295,0.007843447338167059,-0.3744350471953417,0.3515487018856088,-0.009108370461990393,-0.0065870645268486724,-0.004871902698383857,0.020800786003101993,0.013725917470994616,9.663115976707892e-50,0.9627492238431434,5.0,6.8072789290096205,-7.082987514635055,0.02275064692173076,0.01517542185648859,0.0,2.94835878017948,5.0
10.17,-0.007795770902342124,0.008267969458895652,-0.2141555863373925,0.21535177960281449,-0.00956905822161247,-0.006094246196120591,-0.004452433888572546,0.022338212384537225,0.01489870417369742,7.247336982530919e-50,-1.0186253880784286,5.0,7.49289652737055,-7.694771477671378,0.023875638765972457,0.016071490876400224,0.0,-3.0,5.0
10.18,-0.008099237438069071,0.008522292175397198,-0.046215335470775665,0.07376668870300532,-0.010058880953529812,-0.005574754353877164,-0.005026955755195969,0.02340569161469152,0.015764751212430955,5.43550273689819e-50,0.9633805101305448,5.0,8.026941538946607,-8.147466163043406,0.024473170844845817,0.01663079825116449,0.0,2.945386408339518,5.0
10.19,-0.008233946427834196,0.008598629262884638,0.12588809524356254,-0.07026089826273646,-0.010567771050232155,-0.005039282944077692,-0.004612447144909396,0.023999555322647026,0.016306905792064938,4.076627052673642e-50,-1.0183097449347278,5.0,8.396971451484752,-8.431531854435146,0.024593419030602536,0.016849060371698924,0.0,-3.0,5.0
10.200000000000001,-0.008196858728303457,0.008495364123204336,0.2985463882151026,-0.21369376061809658,-0.011085125162386873,-0.00449901513361328,-0.00518933999956853,0.02408177273481181,0.016508139621569252,3.0574702895052313e-50,0.9720827840501249,5.0,8.59412381526388,-8.538654571378189,0.024163990146976594,0.01670937345107357,0.0,2.962475313034978,5.0
10.21,-0.007986565513106144,0.008212202962793649,0.46811273196501585,-0.3535055042082835,-0.011600148985653903,-0.003965235663232699,-0.004770189449349373,0.02366922757766063,0.01636511191536633,2.2931027171289237e-50,-1.0139586079749376,5.0,8.612926401144696,-8.466472550058043,0.023256682420509447,0.016222084209163407,0.0,-3.0,5.0
10.22,-0.007607293339281293,0.0077551196173884646,0.6309818955245564,-0.4867057877038199,-0.01210195969652166,-0.0034492477332786816,-0.0053417828139528355,0.022745000506504014,0.015875135803923777,1.7198270378466928e-50,0.9729455220793346,5.0,8.451839599679923,-8.214127266535767,0.0218207734353474,0.015385159692481226,0.0,2.959849652133607,5.0
10.23,-0.007064883826271359,0.007131335644671687,0.7836635050929969,-0.6104426798945309,-0.012579940033889434,-0.002961979196924728,-0.004916290203020515,0.021347282011796385,0.01504944939722229,1.2898702783850195e-50,-1.0135272389603327,5.0,8.112916507160955,-7.786837405268267,0.019949563517088757,0.014223762990520803,0.0,-3.0,5.0
10.24,-0.006370652123914324,0.006354114179449492,0.922859865332345,-0.7220249626234387,-0.013023839776431023,-0.002513904163493056,-0.005479075936605524,0.019480087168510324,0.013899847216372826,9.674027087887647e-51,0.9818782912474979,5.0,7.602183840534973,-7.191278273314254,0.01761289232522426,0.012750245035523362,0.0,2.9772838214553285,5.0
10.25,-0.005537216660946242,0.005437585752797556,1.0455337135201994,-0.8190190429047564,-0.013424119654652332,-0.0021146633949684704,-0.005038006680166598,0.017201850382026797,0.012451668505692605,7.255520315915734e-51,-1.0090608543762514,5.0,6.929139232246776,-6.4400039526313035,0.014923613595543266,0.011003489795012384,0.0,-3.0,5.0
10.26,-0.004582215167417119,0.004401397156844505,1.1489774995019455,-0.8992632736088669,-0.013772033238319607,-0.001773009805883404,-0.0055851479301276,0.014535618247839398,0.010730124525942455,5.441640236936801e-51,0.9829705449827353,5.0,6.1069786793885745,-5.546671513106626,0.011869386113652,0.009008580546192305,0.0,2.975001944341722,5.0
10.27,-0.003523986747851112,0.0032653850581193114,1.230869687885081,-0.9609545338379504,-0.014059942308462114,-0.00149646186641393,-0.005128087726555619,0.011557317124774508,0.008773006787057183,4.0812301777026006e-51,-1.0085147275086326,5.0,5.151942615310387,-4.530316532844363,0.008579016001709619,0.006815889048171913,0.0,-3.0,5.0
10.28,-0.002385169782841194,0.002054108222973295,1.2893297699680748,-1.002649799479255,-0.014281360926030051,-0.0012912916722193396,-0.0056577898495277,0.008305441671345178,0.006616715172863484,3.0609226332769504e-51,0.9921318273629887,5.0,4.083394057077739,-3.4104243113863135,0.005053566217915846,0.004460423558669785,0.0,2.9927783822346097,5.0
10.290000000000001,-0.0011882740871973186,0.0007914128645614717,1.3229577853389485,-1.0233381593856177,-0.014431225563376816,-0.0011622282461599138,-0.005177612559306549,0.00486911376102734,0.004308745663887115,2.295691974957713e-51,-1.0039340863185056,5.0,2.9230271428549295,-2.2110856622934523,0.0014327858507095018,0.0020007761549107445,0.0,-3.0,5.0
10.3,4.0811929970694175e-05,-0.0004951221898423154,1.3308705352014474,-1.022426181090621,-0.01450588702623262,-0.0011125023093346584,-0.0056854997825918595,0.001297382058626471,0.0018934988020215177,1.7217689812182847e-51,0.9934515689652503,5.0,1.6948297967199508,-0.9559568558528392,-0.0022743496437743977,-0.000521748059844079,0.0,2.9908372242490056,5.0
10.31,0.0012773353154107569,-0.001779704778470259,1.3127206185979854,-0.9997924581039341,-0.014503322737045125,-0.0011436117540194167,-0.005184555775097627,-0.002312871843502377,-0.0005754045254321148,1.2913267359137135e-51,-1.003274215517375,5.0,0.4241909436277662,0.32767524307311086,-0.005923125745631226,-0.0030443078528857473,0.0,-3.0,5.0
10.32,0.0024942186215315115,-0.0030339238779432697,1.2687107683673,-0.9557543232650717,-0.01442306539218382,-0.001255433903171433,-0.005671844886188166,-0.005907946352075756,-0.0030494871571688635,9.684950519352851e-52,0.9983628922413124,5.0,-0.8622251866280737,1.6140203557722845,-0.009503020860649136,-0.005523569788905612,0.0,3.0,5.0
10.33,0.0036666058598877746,-0.004232293423769658,1.1995900914934725,-0.8911033068163705,-0.014266349014226815,-0.0014460609625013777,-0.005148443009797448,-0.009389396484630136,-0.005473174764536563,7.263712889514638e-52,-1.000818553879344,5.0,-2.13743870289345,2.8747638816099097,-0.012870846617184514,-0.007896862371904262,0.0,-3.0,5.0
10.34,0.004768411109703134,-0.005347846780950627,1.106645324260216,-0.8070525934209167,-0.014035969373566161,-0.0017119838010604008,-0.005615192682125817,-0.012705200845670978,-0.007798220958585296,5.447784667135979e-52,0.999590723060328,5.0,-3.3743161529716015,4.084222802130539,-0.01602100520671182,-0.010123267152634029,0.0,3.0,5.0
10.35,0.005776856897757713,-0.006357665185950861,0.991674115744611,-0.7052534733905383,-0.013736361267335375,-0.0020479989242515673,-0.0050729689159372615,-0.01576174409238117,-0.00997147253461151,4.085838500351984e-52,-1.000204638469836,5.0,-4.546546879325969,5.215329059906574,-0.018818287339091362,-0.012144724110637726,0.0,-3.0,5.0
10.36,0.006668982496900055,-0.007238420865499761,0.8569538672760517,-0.5877243100145821,-0.013373390643518671,-0.0024474628090949036,-0.005522699833908349,-0.018514997139985556,-0.011949274110741405,3.064378875263988e-52,0.9998976807650821,5.0,-5.628801169728196,6.244773686191621,-0.02126825018758994,-0.013927075686871302,0.0,3.0,5.0
10.370000000000001,0.007426123878012496,-0.007971836404336687,0.7051936379868803,-0.45684960383684015,-0.012954366115135068,-0.002902266205387806,-0.004965470642340715,-0.020882260551010376,-0.013685137714564788,2.298284156447991e-52,-1.0000511596174593,5.0,-6.59767794724452,7.148943326801942,-0.023249523962035196,-0.01542100131838817,0.0,-3.0,5.0
10.38,0.008030342087539307,-0.008540136931480785,0.5394831787599388,-0.3152929667307592,-0.012487768990738833,-0.0034031514590574822,-0.005402459599161652,-0.022833205292615174,-0.015144025266390044,1.723713117335993e-52,0.9999744201912706,5.0,-7.431806845799942,7.908999240058629,-0.024784150034219972,-0.0166029128182153,0.0,3.0,5.0
10.39,0.008468803452228377,-0.00893139856034527,0.3632269826435445,-0.1659819378050891,-0.011983207716578305,-0.003939744087949301,-0.004834996483704972,-0.024301293578088842,-0.016289848902250756,1.2927848380019946e-52,-1.0000127899043647,5.0,-8.112719785308988,8.506726577905752,-0.025769381863562514,-0.017435672538111468,0.0,-3.0,5.0
10.4,0.008730090388593844,-0.009134871904825875,0.18007780777331225,-0.012008768787554802,-0.011451097102373974,-0.004500920410018564,-0.005264473071266717,-0.025274534847867486,-0.017099546405008253,9.69588628501496e-53,0.9999936050478178,5.0,-8.624855691823502,8.929505826281444,-0.02624777611764613,-0.01790924390776575,0.0,3.0,5.0
10.41,0.008808448597127547,-0.009146186726256472,-0.0061420935682202915,0.14339461636514694,-0.01090256934577435,-0.005074881339372259,-0.004692386759091538,-0.02570650459764868,-0.017550339370232544,7.27191471376122e-53,-1.0000031974760912,5.0,-8.956315451531438,9.166036389897336,-0.02613847434742987,-0.01800113233545684,0.0,-3.0,5.0
10.42,0.008699952131440716,-0.008962519479181865,-0.19151729328666142,0.29696313503496163,-0.010349118197729166,-0.005649553199923616,-0.005120242099914789,-0.025606709860223537,-0.017633536650260732,5.453936035320915e-53,0.9999984012619543,5.0,-9.098733107547726,9.211166748933925,-0.02550691512279839,-0.01771673393028892,0.0,3.0,5.0
10.43,0.008406595118548818,-0.008587633028598976,-0.37212459045724267,0.4454281556635152,-0.009802484083674826,-0.006212684906992679,-0.004549589138866142,-0.024951146631388796,-0.017341496166036606,4.090452026490686e-53,-1.0000007993690228,5.0,-9.047883109186909,9.061464061081262,-0.024295583402554055,-0.017049455681812483,0.0,-3.0,5.0
10.44,0.007932294841135602,-0.008026873733285991,-0.5441125897769912,0.5856257353419867,-0.00927428213435209,-0.006752261803680111,-0.0049819221417800865,-0.02377221039432789,-0.016681113754862892,3.0678390198680145e-53,0.9999996003154885,5.0,-8.803392654073692,8.719880807914222,-0.02259327415726698,-0.01602073134368918,0.0,3.0,5.0
10.450000000000001,0.007286818337627482,-0.007292038733835786,-0.7037869002557033,0.7145250519388847,-0.008775881350371694,-0.007256605154715794,-0.0044187170832860724,-0.02206876364030807,-0.01566045866412328,2.300879264901011e-53,-1.0000001998422559,5.0,-8.369182216889884,8.19115475142329,-0.020365316886288246,-0.01463980357338367,0.0,-3.0,5.0
10.46,0.006481620699784963,-0.006396202271690722,-0.847686025112241,0.8293325671361657,-0.008318037051221017,-0.007714777461034009,-0.004861331175808034,-0.01989556994842712,-0.014301931178037885,1.7256594486757582e-53,0.999999900078872,5.0,-7.753006776330037,7.486303344034366,-0.01772237625654617,-0.012943403691952491,0.0,3.0,5.0
10.47,0.005533610709288702,-0.005358417499184623,-0.9726594413163104,0.9275135529748814,-0.007910784811745017,-0.008116662702386366,-0.004311042660522482,-0.017272879967368874,-0.012628568954952936,1.2942445865068186e-53,-1.000000049960564,5.0,-6.966724421320014,6.617852481112056,-0.014650189986310626,-0.010955206731867988,0.0,-3.0,5.0
10.48,0.004460835422065483,-0.004198386141605092,-1.0759330663112385,1.0068866445170614,-0.0075630977967024735,-0.008453342003392475,-0.004768954011733954,-0.014275410545656658,-0.010676884534483521,9.70683439880114e-54,0.9999999750197179,5.0,-6.0256684768769455,5.6041643655187325,-0.011277941123944441,-0.008725200114014108,0.0,3.0,5.0
10.49,0.003286102641428326,-0.0029410158440641276,-1.155173807650888,1.0656332355146998,-0.007282815240885793,-0.00871713438458047,-0.004236036677247747,-0.010941495999933945,-0.008482867421542828,7.280125799100854e-54,-1.0000000124901411,5.0,-4.9487534248523986,4.464507926109675,-0.007607581454211233,-0.0062888503086021355,0.0,-3.0,5.0
10.5,0.002032535988341543,-0.0016109607026927404,-1.208538657423067,1.1023776185430438,-0.007076343322540728,-0.00890192385997653,-0.004713040383746817,-0.007361674213780676,-0.006094539748185109,5.46009434932564e-54,0.9999999937549295,5.0,-3.757694243431276,3.2232399637103217,-0.0037818524276274053,-0.003706212074827389,0.0,3.0,5.0
10.51,0.0007270843425115495,-0.0002370676492030896,-1.2347203534516327,1.1161799752313224,-0.006948635319958115,-0.009003143506152557,-0.004200545004116997,-0.0035874860672502006,-0.0035577050338075804,4.09507076199423e-54,-1.0000000031225353,5.0,-2.4769727390845215,1.904743648596679,0.00018670207928027371,-0.0010208703194300515,0.0,-3.0,5.0
10.52,-0.0006040171334099757,0.0011531733396862706,-1.2329754508655086,1.1065984509260611,-0.006902951263378625,-0.009018038905855362,-0.0046988778633906695,0.00028023457115105297,-0.0009282845978269786,3.0713030714956726e-54,0.9999999984387322,5.0,-1.1329335372951956,0.5374954345284024,0.004147955209552306,0.0017011358381536232,0.0,3.0,5.0
10.53,-0.001931810492705366,0.0025292504860074615,-1.2031472555171276,1.073662789705109,-0.006940902779157888,-0.008945582888009881,-0.004208174317678527,0.004182800254377327,0.0017421139829816835,2.3034773036217544e-54,-1.000000000780634,5.0,0.2463539738853457,-0.8510904488960827,0.0080853659376036,0.0044125125637903455,0.0,-3.0,5.0
10.540000000000001,-0.0032292041255106508,0.0038632233484449914,-1.1456699313578182,1.0179161642032641,-0.007062282012198105,-0.008786665393091293,-0.004728304300148451,0.008015552255999071,0.004393997736017994,1.7276079777163158e-54,0.9999999996096831,5.0,1.6320827425942326,-2.2306667326294574,0.011848304257620818,0.007045881489054304,0.0,3.0,5.0
10.55,-0.004467562389267913,0.005125362047056886,-1.0615667311696282,0.9403680978845543,-0.0072651788913510275,-0.008543931911278266,-0.004258942477820668,0.011719404492889801,0.006974510879772128,1.2957059832872368e-54,-1.0000000001951583,5.0,2.994905995541476,-3.5731562413442024,0.015423256729780533,0.009555024023526263,0.0,-3.0,5.0
10.56,-0.005621296128048306,0.006289732459012364,-0.9524291797560848,0.8425155487667203,-0.00754588411498259,-0.00822189591619783,-0.004799504511603328,0.015192757721144645,0.00942527825322675,9.717794874654275e-55,0.9999999999024209,5.0,4.305959591722183,-4.848779056432576,0.01866611094939949,0.011876045626681372,0.0,3.0,5.0
10.57,-0.006664428766390349,0.007329801565314872,-0.8203906842695411,0.7262754905097748,-0.007899080567373177,-0.00782670037047226,-0.004349226859730453,0.01838300317679319,0.011696920756814076,7.288346155990707e-55,-1.0000000000487899,5.0,5.537069672010132,-6.0312522273058145,0.021573248632441734,0.013968563260401403,0.0,-3.0,5.0
10.58,-0.007575138680787047,0.008223963368116448,-0.66808192329385,0.5939864926452958,-0.008317818976430465,-0.007366155355474976,-0.004907112411885848,0.02119832344666816,0.013736841726772354,5.46625961699303e-55,0.9999999999756048,5.0,6.661758789187209,-7.0937875563139245,0.024013643716543128,0.01577676269673063,0.0,3.0,5.0
10.59,-0.008332253380724382,0.00895106063461908,-0.4985819980507013,0.4483230539379338,-0.008793778977020154,-0.006849428497461652,-0.0044720191946179015,0.023599012537257616,0.015503636270274528,4.099694712744772e-55,-1.0000000000121978,5.0,7.655411565247841,-8.01423641590656,0.025999701627847076,0.017270430813776702,0.0,-3.0,5.0
10.6,-0.008919697556875886,0.009495804484834279,-0.31535318136502627,0.2922805851046136,-0.009317309897194804,-0.00628701677083053,-0.0050426142434703645,0.025509025635415447,0.016954724384242323,3.074771034558579e-55,0.9999999999939013,5.0,8.496213768618563,-8.771008105907375,0.027419038733573278,0.01840581249821012,0.0,3.0,5.0
10.61,-0.009322872365951942,0.00984416916836527,-0.12217369669791309,0.12907515719890386,-0.009877751023533287,-0.0056903777786409225,-0.004617469703965319,0.026906985877713823,0.018060562796129137,2.306078275918934e-55,-1.0000000000030493,5.0,9.165227100853116,-9.34811221748062,0.0283049461200122,0.019166401208015948,0.0,-3.0,5.0
10.620000000000001,-0.009532970295053128,0.009988666587419532,0.07694323298755568,-0.03788376581289607,-0.010463524370237886,-0.005071850387840293,-0.005195023094451159,0.02773736442750766,0.018792040215847572,1.7295587069392007e-55,0.9999999999984752,5.0,9.647215340256485,-9.730953516815246,0.028567742977301497,0.019523517635566007,0.0,3.0,5.0
10.63,-0.009543205662735078,0.0099235808513745,0.27782928375342447,-0.20510321878153517,-0.011062498559154458,-0.004444243956436392,-0.004773678651033889,0.0280010688855509,0.019134415683670927,1.2971690302044006e-55,-1.0000000000007623,5.0,9.930586365379934,-9.91123227853253,0.028264773343594143,0.019476791151494283,0.0,-3.0,5.0
10.64,-0.009352968135800431,0.009650070701125993,0.4762513478217849,-0.3690408109400064,-0.011662115855189358,-0.003820726982436743,-0.005351771568650616,0.027666164621110767,0.019074410235919964,9.728767726533004e-56,0.9999999999996187,5.0,10.008068373916746,-9.882581454667816,0.027331260356670637,0.019014404788168997,0.0,3.0,5.0
10.65,-0.008963882641901356,0.009171223643451404,0.6679972655065712,-0.5262184301710454,-0.012249780174883158,-0.0032143951580111524,-0.004927671965690945,0.026757973626482984,0.01861381778052109,7.296575794899753e-56,-1.000000000000191,5.0,9.876487869345095,-9.645296833584332,0.025849782631855202,0.018153225325122212,0.0,-3.0,5.0
10.66,-0.008383786598315573,0.008496973389181602,0.84896829524883,-0.6732570340538537,-0.012812997531991926,-0.0026381501815572334,-0.005499750321319731,0.025269285493519665,0.017756252159623117,5.472431846174815e-56,0.9999999999999045,5.0,9.53727109978148,-9.20179508484432,0.023780597360556342,0.016898686538725144,0.0,3.0,5.0
10.67,-0.007622611523466771,0.007638968313649805,1.0152632468005907,-0.806987935859893,-0.013339766379722581,-0.0021042695980132155,-0.005066481177758118,0.023249935848603194,0.016520403455883154,4.104323884631111e-56,-1.0000000000000477,5.0,8.996040140870551,-8.561159568189305,0.02123058620368672,0.01528455475214319,0.0,-3.0,5.0
10.68,-0.006696183706269649,0.0066153064529998855,1.1632656085227882,-0.9244820728599749,-0.013818709186988423,-0.0016242990633098667,-0.005626406852021824,0.020716497706339047,0.01492642794469614,3.078242913473333e-56,0.9999999999999762,5.0,8.262929102441129,-7.734412662846406,0.0181830595640749,0.013332452433509126,0.0,3.0,5.0
10.69,-0.005621934743929823,0.005445228633600265,1.2897186806910652,-1.0231527602207624,-0.014239442817762512,-0.0012086471002300749,-0.005178237975683516,0.01774135211841955,0.013008852279500088,2.3086821851049997e-56,-1.0000000000000118,5.0,7.3519955428112524,-6.7388784112592335,0.014766206530500052,0.011091276614304035,0.0,-3.0,5.0
10.700000000000001,-0.0044225402774679306,0.004153689003641907,1.3918002105293712,-1.1007735772323672,-0.014592679395572334,-0.0008665132947813672,-0.005720812663972641,0.014361894355010557,0.010802623789949537,1.7315116388287497e-56,0.999999999999994,5.0,6.281356477727768,-5.593278122779452,0.010982436591601566,0.008596395300398987,0.0,3.0,5.0
10.71,-0.003121481222052612,0.0027658981161423853,1.467181780585702,-1.1555671098747222,-0.014870555796490298,-0.0006055293175986048,-0.005253191219199683,0.010669152436516676,0.008355694746182443,1.2986337291215624e-56,-1.0000000000000029,5.0,5.0724279077965475,-4.321926511715394,0.006976410518022796,0.005908765702415347,0.0,-3.0,5.0
10.72,-0.0017465490652700684,0.0013117611043943227,1.5140847563117106,-1.1862064743058949,-0.015066684246000677,-0.00043174281355358945,-0.00577460828415633,0.006716584018099988,0.005714779368585919,9.739752968411718e-57,0.9999999999999984,5.0,3.7499009424450853,-2.949674605886802,0.0027640155996832986,0.0030738639909893965,0.0,3.0,5.0
10.73,-0.0003252924614219853,-0.00017969098008568485,1.531318418958749,-1.1918856747585411,-0.015176423160252408,-0.00034932243257698866,-0.005284559490562901,0.002608337410585986,0.0029376778210286913,7.304814726308789e-57,-1.0000000000000007,5.0,2.340836907358227,-1.5059703237943618,-0.0014999091969280154,0.0001605762734714633,0.0,-3.0,5.0
10.74,0.0011115707509964641,-0.0016759516205444684,1.5183125210392348,-1.1723010949387496,-0.015196861888393837,-0.0003606127498360594,-0.005782744681225599,-0.001592249354598738,7.88116982977905e-05,5.478611044731591e-57,0.9999999999999998,5.0,0.8745176737545981,-0.0196859412524149,-0.005792836119783463,-0.0027800544244331107,0.0,3.0,5.0
10.75,0.002534776760116127,-0.0031466709744963246,1.475130370020108,-1.1277005883548037,-0.015127019838288321,-0.0004659158958135476,-0.0052691449336553,-0.005774618912903277,-0.0027986298020656075,4.108958283548694e-57,-1.0000000000000002,5.0,-0.6185636148971815,1.4769140741692868,-0.009956988471207816,-0.005676071302429006,0.0,-3.0,5.0
10.76,0.003913148453661797,-0.00455934313626059,1.402475195417725,-1.058842907595242,-0.014967755117326901,-0.0006636270641483854,-0.005743955662414565,-0.009872655151853673,-0.005637284449773916,3.08171871266152e-57,0.9999999999999998,5.0,-2.1069328248967127,2.9534135216269592,-0.013970691390804067,-0.008475939097482224,0.0,3.0,5.0
10.77,0.0052182370859790075,-0.005884947454304367,1.3016764505676615,-0.9670243987747562,-0.014721884748638298,-0.0009500990421898117,-0.005207653238401342,-0.013776737610915713,-0.008373550021711014,2.31128903449614e-57,-1.0000000000000002,5.0,-3.5591990780122216,4.377318131453733,-0.017680820069977753,-0.011109815593648112,0.0,-3.0,5.0
10.78,0.006420946600116287,-0.007093616953434722,1.1746693661921317,-0.854016172222883,-0.014394013242758269,-0.0013198611959739028,-0.005660917620267714,-0.017425408142521654,-0.010952205209519766,1.733466775872105e-57,0.9999999999999998,5.0,-4.9443130264892465,5.719310035068768,-0.021074078674127597,-0.013530860397328516,0.0,3.0,5.0
10.790000000000001,0.007496140126648593,-0.008160232996666046,1.023954973574409,-0.7220691470689881,-0.013990573269397915,-0.0017655662941397136,-0.005104688657043383,-0.020717352776986282,-0.013314315197910776,1.3001000819040787e-57,-1.0000000000000002,5.0,-6.2326313326916845,6.9493074657558545,-0.02400929741145091,-0.015676425186301787,0.0,-3.0,5.0
10.8,0.008419202876778727,-0.009060020029202337,0.8525544736384952,-0.573830642650789,-0.013519576894354736,-0.0022782888548178552,-0.005540078776298305,-0.02360291822554688,-0.01541177151714379,9.750750614280591e-58,0.9999999999999998,5.0,-7.396147220688303,8.041677390076298,-0.026488483674107482,-0.017509227836376803,0.0,3.0,5.0
10.81,0.009170562066892098,-0.009774040908453343,0.6639457096880608,-0.4123303568406432,-0.012990582776219334,-0.0028475467021202242,-0.004968419929686255,-0.025995868595792497,-0.01719506431266087,7.313062960710443e-58,-1.0000000000000002,5.0,-8.409499666347656,8.971226185490721,-0.028388818966038117,-0.018978357108177947,0.0,-3.0,5.0
10.82,0.009732139746856331,-0.010284668583394245,0.46199612926989686,-0.2408798177589408,-0.012414379367846584,-0.0034616678043978867,-0.005391167712066415,-0.02786460599151923,-0.018627639089065028,5.484797220532832e-58,0.9999999999999998,5.0,-9.250122069882291,9.718317333526244,-0.029733343387245963,-0.02006021386546919,0.0,3.0,5.0
10.83,0.01009174133204081,-0.010580937063076685,0.25088046032861877,-0.06304352466997107,-0.011802890993197923,-0.004107872589721829,-0.004809940712658068,-0.029143566331987013,-0.01967343959487457,4.113597915399624e-58,-1.0000000000000002,5.0,-9.89914452285688,10.264743070244934,-0.0304225266724548,-0.020719240100684114,0.0,-3.0,5.0
10.84,0.010239358340016453,-0.01065385034060901,0.03499790260577035,0.11747380581498645,-0.011168808184584565,-0.004772692472630982,-0.005226418181736665,-0.029824021238803473,-0.020310993431383383,3.0851984365497182e-58,0.9999999999999998,5.0,-10.341412599172987,10.598701311418251,-0.030504476145619935,-0.020948547267892192,0.0,3.0,5.0
10.85,0.010171391174131947,-0.010501555524434263,-0.18112258613069027,0.29686539611094914,-0.010525450325815184,-0.00544209363188103,-0.004642374215666059,-0.029865005772461053,-0.020520647492195287,2.3138988274122886e-58,-1.0000000000000002,5.0,-10.56623936741693,10.710507618123001,-0.02990599030611863,-0.020730301553007188,0.0,-3.0,5.0
10.86,0.009886773849277617,-0.01012446249710017,-0.39291382263952634,0.4713413337096148,-0.009886362970026364,-0.00610192582561759,-0.005059571661931335,-0.029283612417069733,-0.020298316062281045,1.7354241205592165e-58,0.9999999999999998,5.0,-10.567256588089855,10.597396763639939,-0.028702219061678413,-0.020075984632366806,0.0,3.0,5.0
10.870000000000001,0.0093910101792206,-0.00953022027423133,-0.5958699600213109,0.6371696225591581,-0.009265158648174478,-0.006738064565666295,-0.004479794036260646,-0.02806538155314217,-0.01964235560762378,1.3015680904194125e-58,-1.0000000000000002,5.0,-10.342985214743196,10.259047264728613,-0.026847150689214613,-0.018986395152966518,0.0,-3.0,5.0
10.88,0.008692107205092173,-0.008728636490769198,-0.7856388629362314,0.7907946428534223,-0.00867510407639795,-0.007336865965678648,-0.004904738711842475,-0.026254039968773193,-0.01856693654614556,9.761760678145594e-59,0.9999999999999998,5.0,-9.896494902182926,9.702187315827308,-0.02444269838440422,-0.017491517484667332,0.0,3.0,5.0
10.89,0.007804419395103711,-0.007736454394540107,-0.9581184609913016,0.9288743613237358,-0.0081289628736033,-0.007885302371183773,-0.004336049698668804,-0.023861329263073532,-0.017088533876194044,7.321320508609196e-59,-1.0000000000000002,5.0,-9.235776621587895,8.935919567219923,-0.02146861855737387,-0.015610131206242533,0.0,-3.0,5.0
10.9,0.006744393448294995,-0.006572077993814916,-1.109541904034391,1.0483916327933251,-0.00763859674085947,-0.008371398136998167,-0.004775213265778319,-0.0209561875268044,-0.015238915018710768,5.490990381456897e-59,0.9999999999999998,5.0,-8.373202225243697,7.97612737918645,-0.018051045790535264,-0.013389296161227492,0.0,3.0,5.0
10.91,0.005534231242767747,-0.005260163881662441,-1.2365628087850087,1.1466810632836886,-0.0072148340026578165,-0.00878433397588193,-0.004223594683945625,-0.017574037960171478,-0.013051254866059795,4.118242786092672e-59,-1.0000000000000002,5.0,-7.32569927259937,6.840604214314097,-0.014191888393538556,-0.010863594713408824,0.0,-3.0,5.0
10.92,0.004197464643672469,-0.003826174361545892,-1.3363256282266636,1.2215269719267199,-0.006867107998346891,-0.009114839820028111,-0.004682339268477652,-0.013805459340946858,-0.010572764390404419,3.0886820895695042e-59,0.9999999999999998,5.0,-6.114019156012397,5.5532729597589645,-0.010036880721722239,-0.008094273914749043,0.0,3.0,5.0
10.93,0.002762463382999345,-0.0023008141245663503,-1.4065327200907796,1.2711741830859251,-0.006603373516581605,-0.009355245445339834,-0.004152415895240159,-0.009705003007335759,-0.007850470511580068,2.3165115671771284e-59,-1.0000000000000002,5.0,-4.762730928559017,4.139140851694296,-0.0056045466737246604,-0.005128176632755719,0.0,-3.0,5.0
10.94,0.0012578731080974059,-0.000714448499687857,-1.4454935064572638,1.2944075066056555,-0.006429802823184774,-0.0094998098603601,-0.004634526035831262,-0.005379441513412421,-0.004943540829603346,1.7373836753828463e-59,0.9999999999999998,5.0,-3.2993227707550083,2.628360568276685,-0.0010538800194890815,-0.0020366111476266243,0.0,3.0,5.0
10.950000000000001,-0.0002839921708105049,0.0008985714805865722,-1.4521677279936163,1.2905420114449315,-0.006350768324873834,-0.009544699983519853,-0.004129156324582245,-0.0008962228844038422,-0.0019087975628426781,1.3030377565371346e-59,-1.0000000000000002,5.0,-1.7540471211129351,1.0510466209672171,0.0035869957446047363,0.0011259457039179894,0.0,-3.0,5.0
10.96,-0.0018318035487428907,0.002505576656571349,-1.4261886700755693,1.259480370124503,-0.0063686120792237405,-0.009488241072277132,-0.004636497519366763,0.0036285762917955744,0.0011871798177369316,9.772783174028509e-60,0.9999999999999998,5.0,-0.15889467550747544,-0.5587793240913967,0.008153375467994991,0.004283157198316541,0.0,3.0,5.0
10.97,-0.003351890278460099,0.004071312723589127,-1.3678788977031966,1.2016798358608216,-0.006483707690654748,-0.00933081104793132,-0.00415650766519393,0.00812201829443892,0.004282713917422994,7.329587380521382e-60,-1.0000000000000002,5.0,1.452663877568211,-2.1684624591912396,0.012615460297082262,0.007378248017109056,0.0,-3.0,5.0
10.98,-0.004812931156275334,0.005563636657019624,-1.2782449470829902,1.118185614147049,-0.006694313168143734,-0.009075002925073435,-0.004688842103260659,0.012466493784293873,0.007309047216794499,5.497190535391037e-60,0.9999999999999998,5.0,3.046780827737926,-3.742832463388113,0.016810969274148827,0.010335380516166004,0.0,3.0,5.0
10.99,-0.006182636916330043,0.0069492485308352125,-1.1589641068508747,1.0105736926563973,-0.006996718551399494,-0.00872542932409472,-0.004232927904058823,0.016591549195016993,0.010205066086489712,4.1228929015432774e-60,-1.0000000000000002,5.0,4.5895384413972735,-5.2495114887797385,0.02071660460574011,0.013101084956184924,0.0,-3.0,5.0
11.0,-0.0074324219857437954,0.008199356582178446,-1.0123503458794685,0.8809604004119996,-0.007385185085722604,-0.008288795161445888,-0.004787905130550857,0.020386051721650394,0.012905325769202681,3.092169676157458e-60,0.9999999999999998,5.0,6.048071203392834,-6.6550358655141,0.024180554248283796,0.015605585451915649,0.0,3.0,5.0
11.01,-0.008534038488904118,0.009285347925125306,-0.8413131299458464,0.7319222657525729,-0.007852177931898444,-0.007773614393391189,-0.004352712272024383,0.02378990762856781,0.015354723522058817,2.3191272571180938e-60,-1.0000000000000002,5.0,7.390862011086761,-7.930137973838746,0.02719376353548523,0.017804121274914955,0.0,-3.0,5.0
11.02,-0.009464171675786816,0.010184363850560225,-0.6492967808557061,0.5664839354493547,-0.008388387384342319,-0.007190198776839211,-0.004926038020352276,0.026706035313647694,0.01749641534174559,1.7393454428385705e-60,0.9999999999999998,5.0,8.588823554783088,-9.045811985638515,0.02962216299872758,0.019638107161432362,0.0,3.0,5.0
11.03,-0.01020097108128154,0.010874853813014597,-0.44021469160456406,0.3880181911860331,-0.008983038828521608,-0.006550296323751102,-0.00450641650365722,0.02909181233063183,0.01928632535403064,1.3045090821289277e-60,-1.0000000000000002,5.0,9.615524248185656,-9.978510898740979,0.031477589347615964,0.021076235366315692,0.0,-3.0,5.0
11.040000000000001,-0.010728518579517421,0.011342009320827925,-0.21836658487582988,0.2002162576742793,-0.009623984744690329,-0.00586700910679451,-0.005092187937000502,0.03087070298776647,0.020680846364696193,9.783818115966958e-61,0.9999999999999998,5.0,10.448171223206513,-10.70610015851096,0.03264959364490111,0.02207536737536174,0.0,3.0,5.0
11.05,-0.011033210161592637,0.011573154647513592,0.011646386982886864,0.006972826396818926,-0.0102980774477566,-0.005154369643609311,-0.004681601611069618,0.03202329251003851,0.021651084857619504,7.337863586975218e-61,-1.0000000000000002,5.0,11.06771163646966,-11.212917469840095,0.03317588203231056,0.022621323350542816,0.0,-3.0,5.0
11.06,-0.011108055604869407,0.011562998879517325,0.245020088372338,-0.18765567560998894,-0.010991314487540035,-0.004427206891219565,-0.005272783006769209,0.032498442640236685,0.022170254189576716,5.5033976902314136e-61,0.9999999999999998,5.0,11.459667253223591,-11.485566819651435,0.032973592770434865,0.022689423521533927,0.0,3.0,5.0
11.07,-0.010948876289006404,0.01130882993250692,0.4768442393920753,-0.3795748728941386,-0.011689254205218528,-0.0037006822445523916,-0.00486384181106888,0.03230380423078932,0.02222757546477934,4.12754826767356e-61,-1.0000000000000002,5.0,11.614066527261814,-11.51779953058669,0.03210916582134195,0.02228489673998196,0.0,-3.0,5.0
11.08,-0.010558409106772054,0.010815559105451341,0.7022087566097728,-0.5646995465102128,-0.012377192391510647,-0.00299012750381919,-0.005452842505745339,0.03141641238069132,0.021815296856321175,3.09566120075517e-61,0.9999999999999998,5.0,11.526092574496818,-11.306114010938478,0.030529020530593327,0.02140301824786301,0.0,3.0,5.0
11.09,-0.009942300780371118,0.010090701115187761,0.9163042467615783,-0.7390792201590319,-0.01304059680117926,-0.0023105658832161475,-0.005037914220121265,0.029872611245039996,0.02094219855284984,2.3217459005663775e-61,-1.0000000000000002,5.0,11.195815082064604,-10.854431019752136,0.028328810109388668,0.02006910024937851,0.0,-3.0,5.0
11.1,-0.009113004778765121,0.009149202658459234,1.1145276558813615,-0.8989434264817909,-0.01366528998300714,-0.0016765484333552635,-0.005617221469207021,0.0276780463051172,0.019620202312715336,1.741309425424783e-61,0.9999999999999998,5.0,10.628628687143316,-10.169480381681568,0.025483481365194405,0.01829820607258083,0.0,3.0,5.0
11.11,-0.00808556949759154,0.00800820899552972,1.2925777093134228,-1.040821830465278,-0.014237876960309084,-0.0011016870761948688,-0.005189072453434776,0.02489698386422299,0.01787746136873397,1.3059820690685874e-61,-1.0000000000000002,5.0,9.83477023190912,-9.265260422955677,0.022115921423328782,0.016134720424752603,0.0,-3.0,5.0
11.120000000000001,-0.006881334260226609,0.006691686131761358,1.4465512215402394,-1.1615804991154168,-0.01474590827498355,-0.0005985164652195115,-0.005751886562358064,0.02156170833463591,0.01574455840179536,9.794865518014406e-62,0.9999999999999998,5.0,8.829541930702419,-8.15821060554513,0.018226432805048837,0.013611655434856745,0.0,3.0,5.0
11.13,-0.00552352608471583,0.005224992502765908,1.573025078830742,-1.2585296598999198,-0.015178275258160023,-0.00017806542538610778,-0.005304297815159763,0.017761269728992987,0.013267196050117683,7.346149138510805e-62,-1.0000000000000002,5.0,7.632617400860839,-6.87146316807742,0.013960831123350061,0.010789833698440004,0.0,-3.0,5.0
11.14,-0.004040777887202155,0.0036393219390564472,1.6691352294020465,-1.3294444750111256,-0.01552532863755312,0.00015023053584891467,-0.005845115971732546,0.013550344171959607,0.010492016199260153,5.509611853883103e-62,0.9999999999999998,5.0,6.2680620857016445,-5.429818686528007,0.009339418614926227,0.007716836348402624,0.0,3.0,5.0
11.15,-0.0024625649195186144,0.001966115713146436,1.7326378232803603,-1.3726544796688989,-0.015779218200057565,0.0003788958772046726,-0.005373422171613696,0.0090374914366768,0.007478940668190348,4.132208890412328e-62,-1.0000000000000002,5.0,4.763449365573696,-3.8638156034526197,0.004524638701393995,0.004465865137120545,0.0,-3.0,5.0
11.16,-0.0008225836221310253,0.00024136895566850554,1.7619642525649528,-1.387043579069529,-0.015933945717260516,0.0005024305708152386,-0.005888520989625044,0.004293583004155025,0.0042866771317489494,3.099156667809246e-62,0.9999999999999998,5.0,3.149707989119617,-2.2045425922963693,-0.0004503254283667489,0.0010944135953075505,0.0,3.0,5.0
11.17,0.0008459272183212576,-0.001500067709480564,1.7562557188646033,-1.3721166742528945,-0.01598563017054552,0.000517596229573895,-0.0053900259481698964,-0.0005603058086174418,0.000984789772390326,2.3243675008569346e-62,-1.0000000000000002,5.0,1.4600858951048616,-0.4875673867807587,-0.005414194621389909,-0.0023170975869682975,0.0,-3.0,5.0
11.18,0.002506896221359374,-0.003220263508558729,1.715389622001901,-1.327975279502466,-0.015932478995854524,0.0004233441956540668,-0.005877800581621994,-0.0054447579630414735,-0.0023610154889007256,1.743275625642701e-62,0.9999999999999998,5.0,-0.2701305799040886,1.2523659274211307,-0.010329210117465504,-0.005706820750191777,0.0,3.0,5.0
11.19,0.00412615812696581,-0.0048839570622167105,1.6399839878781028,-1.2553587059431712,-0.015774966060807832,0.0002210090720318389,-0.005352032319056982,-0.010234330852514153,-0.005676986681173253,1.3074567192320258e-62,-1.0000000000000002,5.0,-2.00475415976082,2.977494917918275,-0.015023903741986833,-0.008992957873445782,0.0,-3.0,5.0
11.200000000000001,0.005668193220661397,-0.006454351033349502,1.5313928562869759,-1.1555937043206823,-0.01551571189962332,-8.585900051032123e-05,-0.0058131615221284514,-0.014849539833570685,-0.008896148647121212,9.805925394240194e-63,0.9999999999999998,5.0,-3.70704942913893,4.652398078410693,-0.019464748814627217,-0.01211531061306917,0.0,3.0,5.0
11.21,0.007100864683893973,-0.007898848470740497,1.3916794958345455,-1.030609686942943,-0.015159568816000174,-0.000491397836311531,-0.005261943195777663,-0.01916920575984923,-0.01194644588987319,7.354444045680145e-63,-1.0000000000000002,5.0,-5.340911301921316,6.240177721810076,-0.023488871686127778,-0.01499674313262517,0.0,-3.0,5.0
11.22,0.008392125431177181,-0.009184801803884314,1.2235810250223218,-0.8828629706079124,-0.014713408329499043,-0.0009876971228614771,-0.005699363964844754,-0.02312237856669925,-0.014765550237266636,5.515833034260109e-63,0.9999999999999998,5.0,-6.871226751098759,7.70781171762705,-0.02707555137354927,-0.01758465458466008,0.0,3.0,5.0
11.23,0.009514692119819406,-0.01028517182007089,1.0304519600739321,-0.7153277012871117,-0.014186115537447237,-0.0015647952402967021,-0.005126692089980368,-0.026600534162629308,-0.01728892601862629,4.136874775695082e-63,-1.0000000000000002,5.0,-8.265029713773615,9.022296359777982,-0.030078689758559363,-0.01981230179998595,0.0,-3.0,5.0
11.24,0.010442659018287464,-0.011174168993494675,0.8162009032944724,-0.5313974236393715,-0.01358828980015137,-0.002211031644913572,-0.0055453833656705954,-0.029549259227753765,-0.019464498794891944,3.1026560817713114e-63,0.9999999999999998,5.0,-9.491807036502667,10.155926208456163,-0.03249798429287822,-0.021640071571157597,0.0,3.0,5.0
11.25,0.011156051177732976,-0.011832776562133296,0.5852084950364882,-0.33485544668269,-0.012932158183035468,-0.0029131253893122464,-0.004957120912234137,-0.03188012560864002,-0.021240522846995673,2.3269920613284835e-63,-1.0000000000000002,5.0,-10.524566329238986,11.082334489865602,-0.03421099198952628,-0.0230165468990994,0.0,-3.0,5.0
11.26,0.011637291952739512,-0.012244230397994552,0.34224140035867734,-0.12975841798212095,-0.012231202814574715,-0.0036566006676955953,-0.005363711926660506,-0.033561975143185666,-0.022579997232583523,1.7452440459963626e-63,0.9999999999999998,5.0,-11.340025215299393,11.78164185035732,-0.03524382467773131,-0.023919471618171373,0.0,3.0,5.0
11.27,0.011875587231462658,-0.012399358301182785,0.09235095345640351,0.07960834409367115,-0.011500010196446593,-0.004425928353039605,-0.004767119604992191,-0.034532324519445906,-0.023448230573702898,1.308933034497272e-63,-1.0000000000000002,5.0,-11.919535105700223,12.236339620197493,-0.03550267389570615,-0.024316463914822273,0.0,-3.0,5.0
11.28,0.011863204834738884,-0.012291857492483104,-0.15922833730398125,0.28885900929627356,-0.010753845044378036,-0.0052050030120040745,-0.00516935347635872,-0.03478812044202917,-0.02382691043523092,9.81699775872954e-64,0.9999999999999998,5.0,-12.249101839933582,12.436258523430892,-0.03504391636461244,-0.024205590296758946,0.0,3.0,5.0
11.290000000000001,0.011599655287043471,-0.011923417083029167,-0.4071914467825581,0.49356006505727645,-0.010008457901241104,-0.005977323195951226,-0.0045724965071173886,-0.0342965654865331,-0.023701284478039483,7.362748319047154e-64,-1.0000000000000002,5.0,-12.320119714538045,12.37425263507672,-0.03380501053103703,-0.023575658520848045,0.0,-3.0,5.0
11.3,0.011087756612538396,-0.01129876877812306,-0.6462711820606344,0.6893628685396657,-0.00927963006456211,-0.006726493586225856,-0.004978592328187026,-0.033085256810281766,-0.023073817098098807,5.522061239285365e-64,0.9999999999999998,5.0,-12.1291851049455,12.05095360067216,-0.03187394813403044,-0.022446349718158135,0.0,3.0,5.0
11.31,0.010337593817515917,-0.010430577317983324,-0.8713530702120731,0.8720569815265302,-0.008582965770187264,-0.0074364161659850785,-0.004389671021618202,-0.031152370868942313,-0.02195093725682129,4.141545929464024e-64,-1.0000000000000002,5.0,-11.678610457381797,11.470229347301565,-0.029219484927602863,-0.02082805741554377,0.0,-3.0,5.0
11.32,0.00936236034327145,-0.009334258780369453,-1.0775812346653366,1.037699302239513,-0.0079334355943292,-0.008091788667482613,-0.004807636859798674,-0.028556149687041364,-0.02035625022958447,3.106159447098018e-64,0.9999999999999998,5.0,-10.976009416524931,10.643706987217755,-0.025959928505140412,-0.018761563202347648,0.0,3.0,5.0
11.33,0.008182096857191293,-0.008032643157516894,-1.2604661268383985,1.1826600993806817,-0.0073451811448355595,-0.008678277443704908,-0.004234296435261872,-0.025324435543821227,-0.018316838300782505,2.3296195853235133e-64,-1.0000000000000002,5.0,-10.034578636452999,9.585998990223729,-0.022092721400601093,-0.016277426371980545,0.0,-3.0,5.0
11.34,0.006819319349302404,-0.006550574180282914,-1.4159786814945021,1.3037410897756814,-0.006831084837285313,-0.009182983298356175,-0.004671250537725533,-0.02154352337890455,-0.015876032567782607,1.747214688992635e-64,0.9999999999999998,5.0,-8.872451922499746,8.318997232560386,-0.017762611213987874,-0.013435226834782711,0.0,3.0,5.0
11.35,0.0053025564628661846,-0.004919367485282651,-1.540641978448525,1.3982068724178367,-0.0064026143658802905,-0.00959456801278761,-0.0041199281413681985,-0.017267091289784882,-0.013079290231310358,1.3104110167444762e-64,-1.0000000000000002,5.0,-7.512757142209603,6.866878861420468,-0.012990659200665215,-0.01028254789483811,0.0,-3.0,5.0
11.36,0.0036617923673887345,-0.0031712245165161222,-1.631605288446747,1.4638851441903933,-0.006069444917300581,-0.00990366098782906,-0.004581485747140572,-0.012604491403033425,-0.009986568599337872,9.828082625583572e-65,0.9999999999999998,5.0,-5.982756349102294,5.260193299006705,-0.007941891516281968,-0.006893846967365386,0.0,3.0,5.0
11.370000000000001,0.0019318391307952168,-0.0013435273158809756,-1.6867119827633736,1.4991773648906113,-0.005839367717293389,-0.010102914900708478,-0.004056850296526324,-0.007629173657487072,-0.006657838768637368,7.371061969187679e-65,-1.0000000000000002,5.0,-4.313704156930311,3.530678793939211,-0.0026538559119407192,-0.003329108937936865,0.0,-3.0,5.0
11.38,0.0001476385270237331,0.0005268847955919966,-1.7045466610092497,1.5031357155758225,-0.005717986684868918,-0.010187331211617856,-0.004546628723049426,-0.0024665358735751763,-0.0031651381348286995,5.52829647689076e-65,0.9999999999999998,5.0,-2.539809112441273,1.715181968949193,0.0026961019103367173,0.00032756249897996823,0.0,3.0,5.0
11.39,-0.0016524796160840864,0.002399528408762922,-1.6844735236079693,1.475448492111284,-0.005708710282631226,-0.010154226063555457,-0.004051162151086698,0.002798017576602041,0.0004221882161478418,4.146222357668069e-65,-1.0000000000000002,5.0,-0.6979370204047567,-0.14966753556701778,0.008062571026779259,0.0040095145671243835,0.0,-3.0,5.0
11.4,-0.0034315799938481025,0.004236075601753311,-1.6266519495151384,1.41649029807162,-0.005812538639073159,-0.010003459247134465,-0.004570447577245513,0.00803150687966599,0.004025651986173256,3.109666768251052e-65,0.9999999999999998,5.0,1.173555588711894,-2.023650695728344,0.013264996182729938,0.0076291157561986685,0.0,3.0,5.0
11.41,-0.005150916231790917,0.005996209829819307,-1.5320419584862632,1.3272797342085099,-0.006028151169050737,-0.009737298767324081,-0.004104204793361875,0.01314550882925404,0.007572536988076943,2.332250076188289e-65,-1.0000000000000002,5.0,3.0352160020516616,-3.868366324086936,0.01825951077884209,0.01111942198998063,0.0,-3.0,5.0
11.42,-0.006774733252498387,0.007643433505529695,-1.4023862046157591,1.2095015276775452,-0.006351792780911752,-0.009360545792309216,-0.0046518111215683965,0.01800868353208503,0.010984156332458058,1.7491875571412166e-65,0.9999999999999998,5.0,4.847727410403127,-5.643473300372267,0.02287185823491602,0.014395775676839173,0.0,3.0,5.0
11.43,-0.008267047859390579,0.009140896788530944,-1.2401818856246738,1.0654363889123446,-0.00677746182523334,-0.008880294701325732,-0.004212381446867565,0.02253890424600643,0.014190794048131453,1.3118906678559126e-65,-1.0000000000000002,5.0,6.572335079888545,-7.3121118621460095,0.02706912495992783,0.017397431763804847,0.0,-3.0,5.0
11.44,-0.009596403725280873,0.010457143288975693,-1.048629924044455,0.8979561292445543,-0.007296895761672074,-0.008305955217364306,-0.004784715840952731,0.026615683435298985,0.017119921136443585,9.839180008919343e-66,0.9999999999999998,5.0,8.172075236198452,-8.837124842538582,0.030692462624591545,0.020049048224755717,0.0,3.0,5.0
11.450000000000001,-0.010732571810504151,0.011561843269530097,-0.831575503486466,0.7104279038196225,-0.007899855590556556,-0.007648913526680669,-0.004367391988745131,0.030172104959167178,0.01971102902909129,7.379385006689507e-66,-1.0000000000000002,5.0,9.612163029349379,-10.186423103627739,0.03372852648303537,0.02230213692173899,0.0,-3.0,5.0
11.46,-0.01165119386455347,0.012431411835640472,-0.5934279893006917,0.5066856640437628,-0.00857420296563665,-0.006922461489130422,-0.004958724445972151,0.033106958980710234,0.021903672268987557,5.53453875501713e-66,0.9999999999999998,5.0,10.861148769592164,-11.329116990419474,0.036041813002253294,0.024096315508883824,0.0,3.0,5.0
11.47,-0.012330342174316547,0.013044585171822614,-0.3390749500069762,0.2909131978966002,-0.009306269066645284,-0.006141372847198476,-0.004556867688057498,0.03537629501495218,0.023652066594136784,4.1509040662628473e-66,-1.0000000000000002,5.0,11.891200098094016,-12.240759715415745,0.03764563104919412,0.02540046091928601,0.0,-3.0,5.0
11.48,-0.012754995982896013,0.013387855426264993,-0.07377888837123525,0.06759730765731248,-0.010081007314466909,-0.005321757388299991,-0.005159784747079004,0.03690509710413377,0.02491283878725717,3.1131780496971354e-66,0.9999999999999998,5.0,12.67912128829374,-12.8993268537115,0.03843389919331536,0.026173610980377557,0.0,3.0,5.0
11.49,-0.012913411089733852,0.013450840992548237,0.19692808816951485,-0.1586040899539791,-0.010882427347995577,-0.004480573623210464,-0.004765358190154798,0.03767830569480218,0.025659280260425743,2.3348835372728515e-66,-1.0000000000000002,5.0,13.206470019008348,-13.29028086219994,0.038451514285470605,0.026405721733594314,0.0,-3.0,5.0
11.5,-0.012801386914502395,0.013231496986251453,0.4673626131003762,-0.38292005265387086,-0.011693800896241434,-0.0036354323582745846,-0.005371365058308433,0.037651900934603584,0.025868707659228198,1.7511626529546386e-66,0.9999999999999998,5.0,13.460386112917906,-13.402348396066712,0.037625496174404985,0.02607813505803065,0.0,3.0,5.0
11.51,-0.012418411826812109,0.012731247280001697,0.7318058442866409,-0.6006058417591569,-0.012498135757968659,-0.0028040728837145233,-0.004975592374632938,0.03684328405093193,0.025536290371448937,1.313371989715979e-66,-1.0000000000000002,5.0,13.433496434123562,-13.232363447191004,0.03603466716726027,0.02520387308366968,0.0,-3.0,5.0
11.52,-0.011771695660689386,0.011959947834144457,0.9846273874985195,-0.8070042207242819,-0.01327840758525597,-0.002004145025196756,-0.005575814732714142,0.03524168472883557,0.02466195697416804,9.850289922869843e-67,0.9999999999999998,5.0,13.124514768344332,-12.780808623186628,0.033640085406739205,0.023787623576887143,0.0,3.0,5.0
11.53,-0.0108720751019296,0.0109307678485098,1.2204016299830605,-0.9976836777798856,-0.014018045037414302,-0.001252679340135448,-0.005169910505032151,0.032897845190457936,0.023263749908181454,7.387717442152381e-67,-1.0000000000000002,5.0,12.537905598511776,-12.056412478714194,0.030554005652080295,0.021865542842194868,0.0,-3.0,5.0
11.540000000000001,-0.009737805901359965,0.00966490374932408,1.4340271396338036,-1.1684944936657167,-0.014701157662804273,-0.0005658789407159701,-0.005755838153921588,0.029833723483255047,0.021364250277778638,5.540788081614286e-67,0.9999999999999998,5.0,11.684235610481625,-11.071440345353592,0.02676960177605216,0.019464750647375823,0.0,3.0,5.0
11.55,-0.008390232678851152,0.008186217817831541,1.6208334600212446,-1.3156975903221377,-0.015313002052440189,4.1384871614609476e-05,-0.005331749198034561,0.026131481514268827,0.01900345218395525,4.1555910612107145e-67,-1.0000000000000002,5.0,10.579587040978659,-9.846041833061793,0.02242923954528261,0.016642654090131864,0.0,-3.0,5.0
11.56,-0.006857355283488791,0.006525721648386266,1.7766861235217026,-1.436007250809175,-0.015840175919355944,0.0005557401067583182,-0.005895959371727213,0.021842515106005114,0.016224718651139065,3.116693295908036e-67,0.9999999999999998,5.0,9.24566198146712,-8.403297734459063,0.017553548697741405,0.013445985118322882,0.0,3.0,5.0
11.57,-0.00516928731636857,0.004716001198805703,1.8980744831171752,-1.5267029007675805,-0.016271036258989215,0.0009657632905571616,-0.005447054625899927,0.017075806000183807,0.013087208545937212,2.3375199719310266e-67,-1.0000000000000002,5.0,7.7089569976255525,-6.77333470193932,0.0123090968943625,0.00994969844073536,0.0,-3.0,5.0
11.58,-0.0033616303487724003,0.0027955082532151957,1.9821935540440592,-1.5856513765306992,-0.016595832160137183,0.0012620783849669347,-0.005983853642307443,0.011906366787797829,0.009651416154437122,1.75313997894827e-67,0.9999999999999998,5.0,6.000642283133996,-4.988155427373804,0.006736927575411852,0.006215623762937032,0.0,3.0,5.0
11.59,-0.001470763636807016,0.0008028192687140703,2.027004926323161,-1.6113952789135373,-0.01680704962429294,0.0014377253487939446,-0.005505503680900478,0.006463071414120619,0.00599122183332172,1.3148549842112026e-67,-1.0000000000000002,5.0,4.155529561023701,-3.0855573874495437,0.0010197760404434108,0.0023310275122063193,0.0,-3.0,5.0
11.6,0.0004629234041064914,-0.0012192098812062804,2.031288482233084,-1.603149312247513,-0.01689946042902414,0.0014881679711289937,-0.006011431636321447,0.0008366537032122512,0.0021791036336871092,9.86141238158402e-68,0.9999999999999998,5.0,2.211767449083166,-1.1037921706526475,-0.0047897640076961165,-0.001633014565947501,0.0,3.0,5.0
11.61,0.0023998529792526114,-0.0032292891999447164,1.9946705941672402,-1.5608607383240976,-0.016870374093713825,0.001411562755009359,-0.005501427356213281,-0.004832823490691119,-0.0017020844186880061,7.396059286188014e-68,-1.0000000000000002,5.0,0.2096525470230154,0.9146577650581086,-0.010502300684594488,-0.005583272471063121,0.0,-3.0,5.0
11.620000000000001,0.004298105118392663,-0.005183608956695167,1.9176412103795393,-1.4851764208050557,-0.016719586883927513,0.0012086605304720954,-0.005975581354827347,-0.01044823782997498,-0.005574111343459528,5.5470444646410106e-68,0.9999999999999998,5.0,-1.8088015356327514,2.9285296856192935,-0.01606365216925884,-0.009446138268231048,0.0,3.0,5.0
11.63,0.006118283426032316,-0.007041717399318739,1.8015462227138217,-1.3774731992453992,-0.016449528974641532,0.0008829647741233795,-0.005434354250948094,-0.015868106815238342,-0.009351734960116776,4.160283348480758e-68,-1.0000000000000002,5.0,-3.8011460705384854,4.894079129467214,-0.0212879758005017,-0.013129358576774023,0.0,-3.0,5.0
11.64,0.00782036937625626,-0.00876242990911494,1.6485682728135282,-1.2397946986140582,-0.016065105889365466,0.00044052062111627605,-0.005878500353265169,-0.02099892195194888,-0.012957774825051595,3.1202125113605687e-68,0.9999999999999998,5.0,-5.7249856037801985,6.770569360245956,-0.02612973708865942,-0.016563814689986415,0.0,3.0,5.0
11.65,0.009368559853922048,-0.01030966367417634,1.4616831546146787,-1.0748519514520845,-0.015573737589749361,-0.0001100390874851434,-0.005309123019111845,-0.025707806749466343,-0.01631147973437775,2.3401593835204265e-68,-1.0000000000000002,5.0,-7.539280249603822,8.516571252558524,-0.0304166915469838,-0.019665184643703905,0.0,-3.0,5.0
11.66,0.0107280572836727,-0.011648266645631887,1.2446057320032744,-0.8859315707816461,-0.014985093613513406,-0.0007578143606806223,-0.005727584507633175,-0.02991470375814621,-0.019343529701210685,1.7551195376403199e-68,0.9999999999999998,5.0,-9.204816778877094,10.095416269987396,-0.03412160076682608,-0.022375579668043617,0.0,3.0,5.0
11.67,0.01186980815435667,-0.01274973628976715,1.0017132743777393,-0.6768694639649168,-0.014311029894519874,-0.0014896965391000654,-0.005135548245976612,-0.03350478200465181,-0.021984260783879078,1.3163396532302399e-68,-1.0000000000000002,5.0,-10.685456003600033,11.471422571892,-0.037094860251157415,-0.024624991866547475,0.0,-3.0,5.0
11.68,0.012767161130456901,-0.013587899101704779,0.7379608406207375,-0.4519344064247069,-0.013565227852574932,-0.0022907860963628586,-0.005534876510760789,-0.03642027460682069,-0.024178455189921906,9.872547399226799e-69,0.9999999999999998,5.0,-11.948512250385216,12.615238207811402,-0.03933576720898958,-0.026372649595964737,0.0,3.0,5.0
11.69,0.013400443118684035,-0.014144449318884696,0.45877727725627787,-0.21578000146278492,-0.01276304346028212,-0.0031445389762755605,-0.004927661707102329,-0.03857244462528868,-0.02587328902866178,7.404410549420099e-69,-1.0000000000000002,5.0,-12.965874104993107,13.499923505663334,-0.04072461464375666,-0.02756812286740165,0.0,-3.0,5.0
11.700000000000001,0.013753427703152467,-0.01440442139236331,0.16995706139081024,0.026690175279139083,-0.011921068787152007,-0.004033260937661187,-0.005316114487942868,-0.03993289762495532,-0.027032785539544642,5.553307912065074e-69,0.9999999999999998,5.0,-13.714224653643424,14.1061194139505,-0.041293350624621965,-0.028192282050427505,0.0,3.0,5.0
11.71,0.013817698136868698,-0.014361498842307906,-0.12246292175494344,0.2703853077813076,-0.011056915438473964,-0.004938317426170392,-0.0047025871079972624,-0.04044494952007296,-0.027625372872995012,4.164980934048806e-69,-1.0000000000000002,5.0,-14.175973541833823,14.417927383131437,-0.0409570014151906,-0.02821796020644538,0.0,-3.0,5.0
11.72,0.013588883643712257,-0.014013238755268671,-0.4123259997636815,0.510172812911265,-0.010188723859347803,-0.005840677011321049,-0.005089455433980823,-0.04011428030788679,-0.027637902123922996,3.1237357005366044e-69,0.9999999999999998,5.0,-14.339262859454472,14.42785163410183,-0.039783611095700624,-0.02765043137485098,0.0,3.0,5.0
11.73,0.013070775992467585,-0.013366119664822389,-0.6934883037248067,0.7409473632522409,-0.009334909118836344,-0.006721154769852086,-0.004479138147214264,-0.03891959576653723,-0.027062733578299893,2.342801775402453e-69,-1.0000000000000002,5.0,-14.1986635249457,14.132434013285517,-0.037724911225187674,-0.02648756503267679,0.0,-3.0,5.0
11.74,0.01227131020609602,-0.01243049749881818,-0.9599454282518235,0.9577781612647492,-0.008513648042143263,-0.007560972836772248,-0.004873976661648571,-0.03690254231832202,-0.02591125658659399,1.7571013315518397e-69,0.9999999999999998,5.0,-13.754929010226292,13.536937329365587,-0.0348854888701068,-0.024759779594888086,0.0,3.0,5.0
11.75,0.011206421706340968,-0.011225382958378133,-1.2059636096531894,1.1559752036986244,-0.007742618882275409,-0.008342004029227319,-0.004276254351975111,-0.034077612523543986,-0.024200461368591553,1.3178259986638798e-69,-1.0000000000000002,5.0,-13.015428294198193,12.650712747316161,-0.031252682728765954,-0.022489666150589116,0.0,-3.0,5.0
11.76,0.00989576921367468,-0.009773130715866645,-1.4261995136659613,1.3312292645702184,-0.007038498640162009,-0.009047315641942775,-0.0046880786290759355,-0.03052130226913976,-0.021965938923704534,9.883694989979099e-70,0.9999999999999998,5.0,-11.993630376164964,11.491612728660215,-0.02696499201473553,-0.01973141647881751,0.0,3.0,5.0
11.77,0.008366341163266856,-0.008103959461384867,-1.6158191888183027,1.4796664581603047,-0.006416729122896001,-0.009661379555133564,-0.004111404426729075,-0.026281273121998495,-0.01924793830326057,7.412771242484324e-70,-1.0000000000000002,5.0,-10.709267887009533,10.081090788521538,-0.02204124397485723,-0.016529937682816603,0.0,-3.0,5.0
11.78,0.006647940305944669,-0.0062503986898238394,-1.7706004979398673,1.5979723269581143,-0.0058910564041771,-0.010170566345311088,-0.004547922561446722,-0.021464796720130436,-0.016103868332351997,5.559578431863243e-70,0.9999999999999998,5.0,-9.187557821631199,8.448355234646725,-0.016648320318262376,-0.012959798361443425,0.0,3.0,5.0
11.790000000000001,0.004776569378321492,-0.004251586485801952,-1.8870299149984815,1.6834266227669432,-0.005473353995643915,-0.010563290477430244,-0.003999091410639914,-0.01614724994932344,-0.012593883681773672,4.1696838238974327e-70,-1.0000000000000002,5.0,-7.459112544751684,6.625223696450672,-0.010829703178516451,-0.009083899031195348,0.0,-3.0,5.0
11.8,0.002789717299230993,-0.002147519036810046,-1.9623784346647368,1.7340041169498612,-0.00517323329027798,-0.010830425534828185,-0.004466035211129765,-0.010459952198316028,-0.00879295252536031,3.127262867923074e-70,0.9999999999999998,5.0,-5.558924510744818,4.650050889969199,-0.004772654447308617,-0.00499202136894695,0.0,3.0,5.0
11.81,0.0007295731259380012,1.6819524279779695e-05,-1.9947680119665245,1.7483830756987742,-0.004997950182820851,-0.010965358135417918,-0.003949587225296657,-0.004498126691365576,-0.004776055116737406,2.3454471509423056e-70,-1.0000000000000002,5.0,-3.526062953769501,2.562381337295674,0.001463698815584876,-0.0007591577081145001,0.0,-3.0,5.0
11.82,-0.0013618289573039772,0.002197342462906812,-1.9832138943771496,1.7260172712365272,-0.004952109751366784,-0.010964301333539633,-0.004450200844858986,0.0015917110143786276,-0.0006299190356606511,1.759085363206729e-70,0.9999999999999998,5.0,-1.402470669979018,0.40670392035242486,0.007681548720122832,0.0035162170454161026,0.0,3.0,5.0
11.83,-0.0034395031876704248,0.004346829290625628,-1.9276549509919183,1.6671137561915474,-0.005037675988321024,-0.010826238234761854,-0.003968006618084757,0.007704145289743002,0.0035620521521751054,1.3193140224050469e-70,-1.0000000000000002,5.0,0.7674966957383286,-1.7730361520557418,0.013816579565107377,0.007754023340010862,0.0,-3.0,5.0
11.84,-0.005460438529494122,0.006420871294640503,-1.8289581067572647,1.5726729077296324,-0.005253786347248705,-0.010553118895445086,-0.004502737984801728,0.013687722228432876,0.007708244931132285,9.894855168037852e-71,0.9999999999999998,5.0,2.93839719698735,-3.92978788287334,0.019671299167122753,0.011854437710089465,0.0,3.0,5.0
11.85,-0.00738052554744299,0.008373860526615071,-1.6889097750014646,1.4444336355484686,-0.005596875818641453,-0.010149683653667323,-0.004053803401114829,0.019437482889011905,0.011724035090952234,7.42114137602839e-71,-1.0000000000000002,5.0,5.064249710442854,-6.0189494824259535,0.025187243549590933,0.015739825250772183,0.0,-3.0,5.0
11.86,-0.009159477098605385,0.01016491472370682,-1.5101812114297728,1.2848809444985134,-0.006060607915431026,-0.009623538479415333,-0.004620227322329433,0.02480785301838622,0.015520305095869418,5.565856032021292e-71,0.9999999999999998,5.0,7.099907892634264,-7.994746059022996,0.03017822314776054,0.0193165751007866,0.0,3.0,5.0
11.870000000000001,-0.010757710501033944,0.01175380509111288,-1.2962815075909273,1.0971594330869343,-0.006636114834705079,-0.008984858051008052,-0.004200737404742649,0.029705089791990855,0.01901861647254611,4.174392024015969e-71,-1.0000000000000002,5.0,9.00161443854039,-9.815771104616926,0.03460232656559549,0.0225169278492228,0.0,-3.0,5.0
11.88,-0.012141185102819302,0.013106780429988118,-1.0514859639286036,0.8850505942478492,-0.007312041720294959,-0.008246344696488722,-0.004793720074927859,0.033999971636373916,0.022139622134448332,3.130794018011977e-71,0.9999999999999998,5.0,10.728341465504581,-11.44131001580037,0.03829485348075698,0.025260627796350556,0.0,3.0,5.0
11.89,-0.013278164398590723,0.014192356394720534,-0.7807543522461371,0.652858149362828,-0.008074894878792779,-0.007422821394267419,-0.0043973215154452855,0.037619935104738114,0.024818057223436173,2.3480955135089828e-71,-1.0000000000000002,5.0,12.242270918138338,-12.836787611973607,0.04123989857310231,0.027496492312424015,0.0,-3.0,5.0
11.9,-0.014143898897802543,0.014986966028585702,-0.48962755747836173,0.4053598918361988,-0.008909186553348183,-0.006531089342531776,-0.005009415918664094,0.04046135065472455,0.026990896690617765,1.761071635131737e-71,0.9999999999999998,5.0,13.510022098170817,-13.969959599919399,0.04330276620471099,0.029163736157799356,0.0,3.0,5.0
11.91,-0.014717201920243998,0.015470543786700462,-0.1841178001971177,0.14767082815528343,-0.009797873930757248,-0.0055894304950316834,-0.004627717781858186,0.04248114932492719,0.028612023071851914,1.3208037263488028e-71,-1.0000000000000002,5.0,14.502982328627787,-14.816192472561353,0.04450094799512984,0.030233149453086066,0.0,-3.0,5.0
11.92,-0.014984918241123062,0.015631943312907206,0.12941845186308748,-0.1148234154300089,-0.010722582999437971,-0.004617387560884935,-0.005249759846636106,0.04360850227366576,0.029639999032647017,9.906027947616021e-72,0.9999999999999998,5.0,15.19835076440826,-15.354455086375049,0.04473585522240432,0.03066797499344212,0.0,3.0,5.0
11.93,-0.01493826209482044,0.015464265907584379,0.4444091502265477,-0.37661771681389145,-0.011664113180657089,-0.003635203595421708,-0.004873013239831906,0.043835777179826355,0.0300522958446459,7.429520960712016e-72,-1.0000000000000002,5.0,15.579255005213637,-15.572370405456445,0.044063052085986945,0.030464592656644786,0.0,-3.0,5.0
11.94,-0.014577029321678205,0.014970005195871192,0.7542073687798655,-0.6321638138140127,-0.012602711869746824,-0.002663555112053184,-0.005494871240265186,0.04312948712114228,0.029832581275889627,5.572140720534011e-72,0.9999999999999998,5.0,15.635554835996029,-15.461955282299813,0.0424231970624582,0.029612866707133353,0.0,3.0,5.0
11.950000000000001,-0.013905665458200732,0.01415609058370799,1.052227986012609,-0.8760264503162228,-0.013518613634309768,-0.0017229619451021847,-0.005112773091264689,0.04152047095301679,0.028984427985223105,4.1791055404005085e-72,-1.0000000000000002,5.0,15.363697643983471,-15.02440192081268,0.039911454784891304,0.02813627469455658,0.0,-3.0,5.0
11.96,-0.012937200166730297,0.013038740952541959,1.3320905966990582,-1.1029598748961775,-0.014392332363244983,-0.0008335085414756114,-0.005724189190740075,0.03901403689000921,0.027518056649196057,3.1343291553003815e-72,0.9999999999999998,5.0,14.76724521117106,-14.26553447577418,0.036507602827001634,0.02605168531316901,0.0,3.0,5.0
11.97,-0.011689035620707115,0.011638217288861701,1.587752508340598,-1.3080592134017488,-0.015205200623281394,-1.4260285704287474e-05,-0.0053267440329501,0.035679325130673734,0.02546348625452673,2.3507468664752864e-72,-1.0000000000000002,5.0,13.856442175441437,-13.200300329989787,0.03234461337133825,0.023408915859857403,0.0,-3.0,5.0
11.98,-0.010186605139837001,0.009983391847618359,1.8136421095192687,-1.4868273442587177,-0.01593964439195265,0.0007169904730071054,-0.005918198236176576,0.03155863842591674,0.022856717488136107,1.7630601498564648e-72,0.9999999999999998,5.0,12.64845185486,-11.847935588198094,0.027437951721159745,0.02024994872174548,0.0,3.0,5.0
11.99,-0.008458895547969686,0.00810622860367117,2.00477662639557,-1.6353119676080714,-0.01657968766939929,0.0013442654827348268,-0.005496566081332291,0.026756013649200844,0.019752333477558476,1.3222951123923486e-72,-1.0000000000000002,5.0,11.166635850537606,-10.236170475658055,0.02195338887248495,0.01664794946698085,0.0,-3.0,5.0
12.0,-0.006541855239054407,0.006046098429380285,2.1568748369445467,-1.7501537667669658,-0.01711117575161899,0.0018535948473270827,-0.006060089994309533,0.021345800142201506,0.016209155500534596,9.917213342942614e-73,0.9999999999999998,5.0,9.440509242885,-8.396120259483,0.01593558663520217,0.01266597752351072,0.0,3.0,5.0
12.01,-0.004473686827924307,0.0038440292476956384,2.2664491580133284,-1.8287007179525538,-0.017522212638816214,0.0022334824154995204,-0.0056073485416603015,0.0154605340644356,0.01230234922250237,7.43791000720696e-73,-1.0000000000000002,5.0,7.504753785602539,-6.366233263032166,0.009575267986669696,0.008395542944470143,0.0,-3.0,5.0
12.02,-0.002298051371906979,0.001546819631674213,2.3308881824312144,-1.869029899643981,-0.017803302672277584,0.0024750098963944186,-0.006137219560207995,0.009198889640723164,0.008108629764185176,5.57843250540522e-73,0.9999999999999998,5.0,5.398926642349153,-4.186947151475054,0.002937245217010725,0.003914910305867984,0.0,3.0,5.0
12.030000000000001,-5.918752881803107e-05,-0.0007988794394166564,2.3485146877074063,-1.8700323894981477,-0.01794769349842868,0.0025721994402203422,-0.0056489752175367895,0.002713010278410607,0.0037179709887211537,4.183824379053915e-73,-1.0000000000000002,5.0,3.166252418802661,-1.9044301767872018,-0.00377286908390195,-0.0006726877867428683,0.0,-3.0,5.0
12.040000000000001,0.0021950234841299665,-0.003142582405941918,2.318630886684088,-1.831403200570698,-0.017951412360543057,0.0025220043646608362,-0.006142230886345617,-0.00388398748530452,-0.0007815239251352107,3.1378682842904365e-73,0.9999999999999998,5.0,0.8531408859651246,0.4349368751181711,-0.010480985249019645,-0.005281018838991575,0.0,3.0,5.0
12.05,0.004418040582913096,-0.005435978790056539,2.24153670745431,-1.7536925013201072,-0.017813494967499063,0.002324550088664683,-0.00561702492173003,-0.010431024111201323,-0.005292177729041113,2.3534012132178274e-73,-1.0000000000000002,5.0,-1.4921776051222115,2.7809574359696683,-0.016978060737098125,-0.009802831532947016,0.0,-3.0,5.0
12.06,0.006561659882822805,-0.007629000221720021,2.1185336956443095,-1.638260770408386,-0.017535901290728236,0.001982997468026452,-0.006073751540258547,-0.016811780349023094,-0.009722057025022462,1.7650509099133706e-73,0.9999999999999998,5.0,-3.820253071387464,5.085235692742264,-0.023192536586844864,-0.01415193632100381,0.0,3.0,5.0
12.07,0.008581018002101115,-0.009675835748906392,1.9519011890659668,-1.4872948582552892,-0.017123620041063617,0.0015036532470106417,-0.005513224223037811,-0.022867814999589745,-0.013973635450801398,1.323788182435028e-73,-1.0000000000000002,5.0,-6.081858435616376,7.29762995522991,-0.0289238496501564,-0.018225213876580333,0.0,-3.0,5.0
12.08,0.010431567600988439,-0.011530960536786782,1.7448582425432289,-1.3037283468754037,-0.016584458778749166,0.0008957025568885254,-0.00593659218509441,-0.028491273127826466,-0.01795913614255244,9.92841136826271e-74,0.9999999999999998,5.0,-8.228625777028913,9.371882452555338,-0.03411473125606319,-0.02194463683430348,0.0,3.0,5.0
12.09,0.012074017181635971,-0.01315506938000852,1.5014988410836905,-1.091223917946271,-0.015929024055935354,0.00017119093866446201,-0.005345387679871362,-0.0335378654985682,-0.021589134966832988,7.446308526197033e-74,-1.0000000000000002,5.0,-10.214480478413925,11.262042020283964,-0.03858445786930994,-0.025219133791113537,0.0,-3.0,5.0
12.1,0.013471202196654224,-0.014510981558988688,1.2267147520769661,-0.8540618404871191,-0.015170391182392464,-0.0006553664477695141,-0.005741427023608968,-0.03791931728018508,-0.02478775921238168,5.5847313946477746e-74,0.9999999999999998,5.0,-11.996225265619806,12.928019619522708,-0.04230076906180196,-0.027986383457930374,0.0,3.0,5.0
12.11,0.014592881413997475,-0.015569410789123236,0.9260943937246953,-0.5970929744637037,-0.014323970585271833,-0.0015671183090114305,-0.0051268434394209,-0.04151597142896847,-0.02748106568854014,4.188548545985831e-74,-1.0000000000000002,5.0,-13.534879121603497,14.331894415973988,-0.04511262557775186,-0.0301743721646986,0.0,-3.0,5.0
12.120000000000001,0.015412428346030394,-0.016304669974364378,0.6058128576029409,-0.3256010398423657,-0.013407072804373402,-0.0025453732401280547,-0.00550397491834286,-0.04426875193607543,-0.029611937112858654,3.1414114094893735e-74,0.9999999999999998,5.0,-14.796124784083073,15.443312530190605,-0.047021532443182384,-0.03174280853717717,0.0,3.0,5.0
12.13,0.015911415235874853,-0.016700208489094103,0.27250218096609297,-0.04523312350419373,-0.012438681371056038,-0.003569825868341439,-0.004875385484432784,-0.046091181848930365,-0.031128086586861323,2.3560585571170303e-74,-1.0000000000000002,5.0,-15.751472407318845,16.235599220858123,-0.047913611761785296,-0.03264423606086399,0.0,-3.0,5.0
12.14,0.016076063670136677,-0.016744056390779655,-0.06688235938179565,0.23815632501947548,-0.011438937666791216,-0.0046191309143965575,-0.005243743316980634,-0.0469606729257246,-0.0319965164429718,1.7670439178377725e-74,0.9999999999999998,5.0,-16.37849653171084,16.690930452090452,-0.04783016400251885,-0.03286494629908228,0.0,3.0,5.0
12.15,0.01590156420313575,-0.01643407860021191,-0.4052103005807755,0.5185886209173918,-0.010428848796296353,-0.005671191005367889,-0.004611834335574365,-0.046829795457997384,-0.03219103006459874,1.3252829383783294e-74,-1.0000000000000002,5.0,-16.661758145928054,16.79618917664198,-0.04669891799027017,-0.03238554368622568,0.0,-3.0,5.0
12.16,0.015388244485528042,-0.0157731192785594,-0.7353221977602706,0.7901255231109203,-0.009429724050673199,-0.006703774617346748,-0.004982434877754118,-0.04571676041487112,-0.0317061529916897,9.93962203783747e-75,0.9999999999999998,5.0,-16.59277387549282,16.547857494925708,-0.04460372537174486,-0.031221275918780655,0.0,3.0,5.0
12.17,0.014545594127057103,-0.014773945659079562,-1.0501840428038764,1.0469558589303734,-0.008462852134125627,-0.0076948289303411035,-0.004358322205654712,-0.04361583909906527,-0.03054407296589768,7.454716528378102e-75,-1.0000000000000002,5.0,-16.17064956023,15.947575763821153,-0.04151491778325942,-0.029381992940105666,0.0,-3.0,5.0
12.18,0.013388131931157236,-0.013454078049307198,-1.3430335237579931,1.2835584130033313,-0.007548925501092398,-0.008623103313283087,-0.004742146552919333,-0.040586970141042705,-0.028727967076168336,5.591037396283576e-75,0.9999999999999998,5.0,-15.40174620796856,15.006725972762572,-0.03755810118302014,-0.02691186118643899,0.0,3.0,5.0
12.19,0.011939130048407236,-0.011840421878438713,-1.6075281439275986,1.494781475382335,-0.006707724362688108,-0.00946844796849363,-0.004136443478666844,-0.03666529734537906,-0.026288338058851005,4.1932780472126825e-75,-1.0000000000000002,5.0,-14.300001893615127,13.74167690695464,-0.03274362454971541,-0.023848709041533675,0.0,-3.0,5.0
12.200000000000001,0.010226187043919577,-0.009963795113945885,-1.8378789154703847,1.6759934802117802,-0.005957566697681521,-0.01021240361626777,-0.004543510218010913,-0.03194990680808058,-0.023275740606305335,3.1449585354095117e-75,0.9999999999999998,5.0,-12.886284120098765,12.178055015094035,-0.027234516270782105,-0.02026314315375967,0.0,3.0,5.0
12.21,0.008284670689032068,-0.007863273381950484,-2.0289798684858256,1.8231453528541017,-0.005315036415853264,-0.010838447326904695,-0.003965424722058627,-0.02651252528860322,-0.01974653245822261,2.3587189015571335e-75,-1.0000000000000002,5.0,-11.188402825364033,10.345685116927939,-0.021075143769125858,-0.016217324310139888,0.0,-3.0,5.0
12.22,0.006153028508717076,-0.005580452289230736,-2.1765174416655446,1.9328993258648062,-0.004794495204371787,-0.011332511364702771,-0.004403930952160375,-0.02048546621100396,-0.015775043608024522,1.76903917616785e-75,0.9999999999999998,5.0,-9.240165113691134,8.282571359385159,-0.014458407133404703,-0.011803554757826431,0.0,3.0,5.0
12.23,0.0038759925751967175,-0.0031635550367645443,-2.2770704695348205,2.0026652708070127,-0.004407889021165504,-0.011683141523013883,-0.003860468948022564,-0.01396960233661656,-0.01143881036978656,1.3267793821258875e-75,-1.0000000000000002,5.0,-7.081108264954991,6.029568785769498,-0.007453738462229161,-0.0071025771315485955,0.0,-3.0,5.0
12.24,0.001499681780549762,-0.0006614900350244463,-2.328185419998637,2.0306998269736867,-0.004164353225173372,-0.011881913548268412,-0.0043360730158739915,-0.0071216672774407335,-0.006830278845545154,9.950845365944156e-76,0.9999999999999998,5.0,-4.755298141221725,3.634121760219211,-0.00027373221826490577,-0.002221747321303749,0.0,3.0,5.0
12.25,-0.0009253673118574412,0.0018722088337122223,-2.3284382868533036,2.0161099759274945,-0.0040701254398834204,-0.011923476192957526,-0.003831416296756553,-6.167908085497054e-05,-0.0020416347399881173,7.463134024458117e-76,-1.0000000000000002,5.0,-2.310835127120968,1.1447249236417778,0.0069983091157307924,0.0027470093655689205,0.0,-3.0,5.0
12.26,-0.0033492338885645024,0.004385450798312719,-2.2774685687260905,1.9589170139295586,-0.00412826798285949,-0.011805841842598001,-0.004346724765830763,0.007040199674565387,0.002823826964640632,5.597350518343588e-76,0.9999999999999998,5.0,0.20154027327020255,-1.3855124026092622,0.014142078429985744,0.007689288669269381,0.0,3.0,5.0
12.27,-0.005719676345413911,0.006823730027619277,-2.1759975891453993,1.8600232975522326,-0.004338706554448854,-0.011530295842384826,-0.0038818385976996787,0.014056561961269013,0.0076671279802510975,4.198012888757691e-76,-1.0000000000000002,5.0,2.729095732537179,-3.904538755937001,0.02107292424797264,0.012510428995861564,0.0,-3.0,5.0
12.280000000000001,-0.00798721635488528,0.009136230155031372,-2.025817494074155,1.7212384813467043,-0.004698084418202127,-0.01110154823988785,-0.004436143600471441,0.02081609446163121,0.012382408868472004,3.1485096665682685e-76,0.9999999999999998,5.0,5.21861363750854,-6.357885994337556,0.027575626961993407,0.01709768975669291,0.0,3.0,5.0
12.290000000000001,-0.010102207932275054,0.011271954818289753,-1.82976412256367,1.5452084141481248,-0.005199936022664924,-0.010527501969156808,-0.0040086502894888555,0.027196545428568218,0.016872438670095198,2.3613822499262013e-76,-1.0000000000000002,5.0,7.617106754352384,-8.69438586808756,0.03357699639550523,0.021362468471718393,0.0,-3.0,5.0
12.3,-0.012019881638203415,0.013185773573942471,-1.5916610442623553,1.3354042121098786,-0.005834676467166362,-0.009819264160182105,-0.004597942931050866,0.033037997804985855,0.021037410163163836,1.771036687444651e-76,0.9999999999999998,5.0,9.873345633856564,-10.862692431054008,0.038879450181403485,0.025202381656232474,0.0,3.0,5.0
12.31,-0.013697328834224157,0.014834447415145322,-1.3162489131631772,1.0960154653659169,-0.006589907904198336,-0.008990777572346183,-0.004202275754152075,0.03823563967662532,0.02479035155471758,1.3282775155834883e-76,-1.0000000000000002,5.0,11.938547877932482,-12.816948215344748,0.043433281548264785,0.028543292946271323,0.0,-3.0,5.0
12.32,-0.015098417608565803,0.01618252514881799,-1.0090883611913903,0.8319058610574996,-0.007450536456986381,-0.00805870175195649,-0.004819538295034513,0.04265271086595471,0.028045734196880997,9.962081366876162e-77,0.9999999999999998,5.0,13.767832108741684,-14.513209634496786,0.04706978205528409,0.031301116839044414,0.0,3.0,5.0
12.33,-0.016190607697375306,0.01719817771147865,-0.6764514672033471,0.5484759022554324,-0.008399198013784403,-0.0070419237094753164,-0.0044473667221963005,0.04621282374399345,0.03073461047219426,7.471561025157122e-77,-1.0000000000000002,5.0,15.320787986039452,-15.914971264685446,0.0497729366220322,0.033423486747507516,0.0,-3.0,5.0
12.34,-0.016949659311698558,0.01785886543096978,-0.3251908484690013,0.2515916705668381,-0.009416483897768975,-0.005961330334405056,-0.005083122778930561,0.048812345714139796,0.0327928666253897,5.603670768867841e-77,0.9999999999999998,5.0,16.562767315566436,-16.989407155676563,0.05141186768428615,0.03485112277858514,0.0,3.0,5.0
12.35,-0.01735620730993927,0.01814690989209482,0.03739784687835623,-0.05257509502749158,-0.010481462401258615,-0.004839224725617389,-0.004724016893063964,0.050412052571066,0.03417593162289897,4.202753076650881e-77,-1.0000000000000002,5.0,17.465250732664902,-17.712672418197428,0.052011759427992195,0.035558996620408234,0.0,-3.0,5.0
12.36,-0.0174002004803199,0.01805487072856552,0.4037303532621935,-0.357636147375246,-0.011571985068840348,-0.003699020749570168,-0.005367096829243984,0.05094875357678573,0.03484653536912344,3.1520648074881604e-77,0.9999999999999998,5.0,18.006899019871433,-18.06588767761924,0.05148545458250546,0.0355171391153479,0.0,3.0,5.0
12.370000000000001,-0.017077182869844207,0.017580804943740272,0.7660887935320679,-0.6571594243103422,-0.0126652719088396,-0.0025645997647226713,-0.005009378213755624,0.050426112839624254,0.034788867358518896,2.3640486056161203e-77,-0.9950690658541732,5.0,18.17364835714952,-18.04015483182397,0.04990347210246278,0.03473119934791435,0.0,-2.990138131708346,5.0
12.38,-0.01639242295180251,0.01673331553502344,1.1167871724166796,-0.9447655242716968,-0.01373826295379784,-0.0014599652116136803,-0.005645372667427122,0.048825384904243006,0.03399574033498079,1.7730364542120904e-77,1.0024654670729134,5.0,17.95946408036577,-17.63223254289177,0.04722465696886176,0.03320261331144269,0.0,3.0,5.0
12.39,-0.01535687646835696,0.015526476933872635,1.4483307652325286,-1.2143020875074217,-0.01476822926419623,-0.0004085799885130883,-0.005275849823739624,0.046195307538882624,0.03248212229576107,1.3297773406590678e-77,-0.9751085689607601,5.0,17.366118354173075,-16.849226269854814,0.043565230173522235,0.03096850425654136,0.0,-2.9526826049944335,5.0
12.4,-0.013990984352126005,0.013984537225658076,1.7535791843274136,-1.4599362944917762,-0.015733130270097755,0.0005669773289186247,-0.005885523076723273,0.04256190285141201,0.030271660596952132,9.97333005494301e-78,1.01244571551962,5.0,16.403614190609638,-15.70393087562672,0.0389284981639414,0.028061198898143194,0.0,3.0,5.0
12.41,-0.012320326857240167,0.012136527349318586,2.0258964722032715,-1.6763194808406618,-0.01661220974324033,0.0014456517171582326,-0.005489204908710974,0.0380173768059012,0.02740954573107698,7.479997541207257e-78,-0.9701556172349319,5.0,15.089623891077792,-14.219174879814382,0.03347285076039038,0.02454743086520183,0.0,-2.9527569499894835,5.0
12.42,-0.010379084918642393,0.010020612898863886,2.259298259453226,-1.858664634066025,-0.017386318710130945,0.00220821222037245,-0.0060695551959482836,0.032629102911970985,0.023948430710331172,5.609998155905443e-78,1.0149221913825341,5.0,13.449579297556193,-12.422844236773344,0.027240829018040768,0.020487315689585364,0.0,3.0,5.0
12.43,-0.008205413836058304,0.007678421972775198,2.4485794694882075,-2.0028903212518556,-0.018038455848758777,0.0028378258977232083,-0.005640643350450455,0.02652741735978746,0.019960604619023194,4.207498616929082e-78,-0.9501755940856194,5.0,11.515777062829468,-10.351876058834057,0.020425731807603934,0.015972778527715212,0.0,-2.9152733795537724,5.0
12.44,-0.0058446293921508,0.005159120042302943,2.589433002329783,-2.1056729923837856,-0.018554017205299273,0.0033202753789398683,-0.00617577063529162,0.01981402650224316,0.015523383435389962,3.1556239626968116e-78,1.0249122029571904,5.0,9.327147834845835,-8.046995837603239,0.01310063564469886,0.01108616225175673,0.0,3.0,5.0
12.450000000000001,-0.0033443449156720048,0.0025135050784815057,2.678543748089117,-2.164561366354236,-0.018921246100525993,0.0036444324514176042,-0.005703470941728555,0.012648853709451992,0.01073072762152951,2.3667179720226085e-78,-0.9452056093805983,5.0,6.928077702453462,-5.5564295099339445,0.005483680916660823,0.005938071807669058,0.0,-2.915323421718387,5.0
12.46,-0.0007574222207086213,-0.00020215366135174166,2.7136689281820643,-2.1779956336449264,-0.019131377488888903,0.003802360633203967,-0.006195350175177539,0.005157984703294783,0.005678180383797635,1.7750384790169564e-78,1.0273971953097008,5.0,4.367915854423035,-2.9304013225399603,-0.0023328843028624273,0.0006256331460657589,0.0,3.0,5.0
12.47,0.0018630479954251876,-0.002932164968257851,2.6936896655979026,-2.1453852240272933,-0.01917896773057378,0.0037896589440559888,-0.005679519806467888,-0.0024803171290788883,0.0004740104558221452,1.3312788592627174e-78,-0.9252110482320919,5.0,1.6995573545598022,-0.22460551516856825,-0.01011861896145256,-0.004730159472153345,0.0,-2.8778192917738843,5.0
12.48,0.004460926742433218,-0.005617697212460762,2.61864567895551,-2.0670894047039017,-0.01906190897265952,0.0036054255855881446,-0.00611847173706094,-0.010127794562398429,-0.004776122602518505,9.98459144447038e-79,1.0373944758839542,5.0,-1.0212487066132168,2.5054492958840795,-0.017775271995717972,-0.010026255660859157,0.0,3.0,5.0
12.49,0.006982122151731843,-0.008202887148647947,2.4897392534621208,-1.9444549155277202,-0.018781620679014913,0.0032524552597329726,-0.005554973793127189,-0.017600713965436127,-0.009958286205453418,7.488443583352786e-79,-0.9202290219616573,5.0,-3.737457060865282,5.201096790467614,-0.025073633368473826,-0.01514044980838833,0.0,-2.8778525198072686,5.0
12.5,0.009371830681265705,-0.010631171262256777,2.309321265916388,-1.7797559401137246,-0.018342921005847966,0.002737052659644602,-0.005949930717386384,-0.02476198777687238,-0.014965733827966253,5.616332687514589e-79,1.0398854890191713,5.0,-6.391517680789876,7.806237414933646,-0.03192326158830863,-0.019973181450479088,0.0,3.0,5.0
12.51,0.011579604413354467,-0.012851343533125626,2.080846210866602,-1.576190840660338,-0.017754071517468932,0.002069076468913386,-0.005345733600061473,-0.03143601402615192,-0.0196881432461727,4.212249515635942e-79,-0.900224916885664,5.0,-8.926994872947601,10.264051286893368,-0.03811004027543145,-0.024410552664379144,0.0,-2.8403353227904993,5.0
12.52,0.013556532674290448,-0.01481380648947636,1.8088100657425605,-1.3377826003469404,-0.017026503514339524,0.0012616027402648626,-0.005694133406222141,-0.0375003593465863,-0.024026975221842994,3.159187136726956e-79,1.049887541557168,5.0,-11.28936895706839,12.522682081613505,-0.04356470466702067,-0.02836580719751329,0.0,3.0,5.0
12.530000000000001,0.015260191647299798,-0.01647648687436715,1.498659274837638,-1.0693379018748492,-0.016174721445185506,0.00033082382748406787,-0.005052071646347614,-0.04280057839947729,-0.027884587880265373,2.3693903525452172e-79,-0.895235845280054,5.0,-13.427598826017759,14.531878404146912,-0.04810079745236829,-0.03174220053868775,0.0,-2.840359232117276,5.0
12.540000000000001,0.016651694840465945,-0.017800938293534983,1.1566855677381742,-0.7763127911797669,-0.015215895325754918,-0.000704424374945542,-0.005369525249444034,-0.04724126250455941,-0.031179332148183157,1.777042764408913e-79,1.0523820773599732,5.0,-15.294822247189554,16.248544949840213,-0.051681946609641524,-0.03447407641610094,0.0,3.0,5.0
12.55,0.017700428577581192,-0.01875801513349127,0.789895595613733,-0.4647399755638086,-0.01416963848214238,-0.0018228903143450365,-0.004702808622688301,-0.05070063595658278,-0.03383440406411907,1.3327820733066846e-79,-0.8752271941657306,5.0,-16.849779141674563,17.633241133081174,-0.054160009408606144,-0.03648947598005499,0.0,-2.8028364656914344,5.0
12.56,0.018380866638955547,-0.019323715846699212,0.4058709864181216,-0.14106718067336005,-0.013057487754447981,-0.0030014911651310835,-0.004992424337502404,-0.05312063231024406,-0.03579247042792322,9.995865549800135e-80,1.0623864029171346,5.0,-18.057326292615215,18.655499475727243,-0.05554062866390534,-0.03775053679172736,0.0,3.0,5.0
12.57,0.018677025356400007,-0.019484551172635253,0.012608878537994472,0.18793812068238425,-0.011902583842456852,-0.0042156360400120215,-0.004308861793807263,-0.05442098198145385,-0.03700404899040806,0.21691011039136116,-0.9688067985414326,5.0,-18.88961707480912,19.290071447124106,-0.055721331652663644,-0.03821562755289291,0.8676404415654446,-3.0,5.0
12.58,0.01857900147644669,-0.019233094478955316,-0.3816409217030483,0.5153674769919859,-0.010729071729445322,-0.005439886496460928,-0.004639705582976191,-0.054588204836497775,-0.037441551143398005,0.2724332465638474,1.015596600729284,5.0,-19.32634062638615,19.521946680496324,-0.054755427691541694,-0.03787905329638795,0.43900265508130604,3.0,5.0
12.59,0.01808713705914546,-0.01857304753340523,-0.7685517990963502,0.8342786455432842,-0.009561718638456545,-0.006648337462878616,-0.0039804195644911056,-0.05358908626113168,-0.03708711590526722,0.28754331753116547,-0.9922016996353578,5.0,-19.355604761839206,19.342308078406596,-0.052589967685765585,-0.03673268066713643,0.3328735304331197,-3.0,5.0
12.6,0.017208095969966284,-0.017514280072456655,-1.139893172468454,1.1378809581292173,-0.008425270300266883,-0.007815316456593014,-0.004330311494540515,-0.05145864678552796,-0.035946063671546846,0.29253428544510196,1.0038991501823213,5.0,-18.973877726518634,18.75324864016479,-0.04932820730992424,-0.034805011437826466,0.30750718918691144,3.0,5.0
12.61,0.015958766632216397,-0.016077638199081794,-1.4877081453482262,1.4196405877247595,-0.007344053742636599,-0.008915771128763893,-0.0036905836168036775,-0.048211955016911376,-0.034033724007029,0.29499225821300296,-0.9980504249088393,5.0,-18.186479897057733,17.76323025270244,-0.0449652632482948,-0.03212138434251115,0.30236617651670594,-3.0,5.0
12.620000000000001,0.014361982057179201,-0.014289613350972882,-1.8044801652594573,1.673459541182201,-0.006341334862394099,-0.009925958929830093,-0.004063222377944434,-0.04393204581556194,-0.031388485578783744,0.2968168974707374,1.0009747875455803,5.0,-17.007133808265454,16.39153558398594,-0.0396521366142125,-0.028743247150538487,0.30229081524394075,3.0,5.0
12.63,0.012450075528651945,-0.012186792137447717,-2.083298190003746,1.893768377417915,-0.005438944915957648,-0.010823801816351194,-0.0034505158350127763,-0.03867995415870875,-0.028057833748252065,0.29848387863456594,-0.9995126062272097,5.0,-15.458141761330305,14.663355901709469,-0.03342786250185557,-0.024727181917720387,0.3034848221260516,-3.0,5.0
12.64,0.01026026779406029,-0.00981018466931446,-2.3180036571126763,2.0756867648598445,-0.0046566835996086275,-0.011589520549347827,-0.003854681163504847,-0.03258220354621759,-0.024110730384566847,0.3001122858976758,1.0002436968863955,5.0,-13.569570034877213,12.613882949734514,-0.02648445293372643,-0.020163627020881626,0.30499750768700545,3.0,5.0
12.65,0.00783791060387587,-0.007209358106941056,-2.5033291731132126,2.2150922543970717,-0.004012011961094952,-0.012205912631097377,-0.003277757552682474,-0.025739478498773685,-0.019622986889009014,0.30173190671913536,-0.999878151556802,5.0,-11.379074101258292,10.283053182384444,-0.01889675345132978,-0.015135243393451181,0.3065907691835141,-3.0,5.0
12.66,0.005231588859832239,-0.004436479458015261,-2.6350127573621522,2.308751863391616,-0.0035195415136423528,-0.012658889960414657,-0.0037214284924856965,-0.01831356290296205,-0.01468902978743742,0.3033501670678461,1.000060924221599,5.0,-8.930750173482677,7.719319064358677,-0.010887647307150413,-0.009755072685865826,0.3082049481139785,3.0,5.0
12.67,0.0024961122598747064,-0.0015502003750010812,-2.7098982183897196,2.354357431407478,-0.0031908310910693295,-0.012937642185876713,-0.00318702062094559,-0.010434998617397212,-0.009406714702721242,0.30496889318619036,-0.9999695378892006,5.0,-6.274654031543865,4.974102273015085,-0.002556434331832374,-0.0041243996180050655,0.309825071541223,-3.0,5.0
12.68,-0.0003125958277019679,0.0013905066139039608,-2.7260062749591434,2.3506200221088864,-0.0030339957323061734,-0.013035044148070623,-0.0036753879846475146,-0.0022895326241415583,-0.0038886019740064556,0.30658850903139967,1.0000152310554,5.0,-3.465378801663423,2.1053096674919702,0.005855933369114095,0.0016295107547083308,0.3114473565670277,3.0,5.0
12.69,-0.0031346766380143027,0.004322623086618618,-2.6825878810363983,2.2972650934319603,-0.0030536367074232,-0.012947676040810449,-0.0031869518100507083,0.00597490557212099,0.0017536400627565334,0.3082090873895546,-0.9999923844723,5.0,-0.5613384953759217,-0.8284275926842287,0.014239343768383539,0.007395882099519522,0.31307082246401946,-3.0,5.0
12.700000000000001,-0.005911569825930239,0.007185357812673559,-2.5801453356715878,2.195084539835967,-0.003250594249370506,-0.012676077622147276,-0.0037216153802139868,0.014162070132491556,0.007398281579346623,0.30983061309385035,1.0000038077638502,5.0,2.3768458544438356,-3.7644061529417385,0.022349234692862124,0.013042923095936713,0.31469519020673764,3.0,5.0
12.71,-0.00858326429036087,0.009916477940703994,-2.4204336742704777,2.0458882093878943,-0.0036220291360970166,-0.01222460827579309,-0.0032788296618299607,0.02212076649714083,0.012929354169988944,0.311453048939908,-0.9999980961180748,5.0,5.287206337865313,-6.641729562045625,0.030079462861790106,0.01846042676063126,0.3163203564780809,-3.0,5.0
12.72,-0.011093552523537229,0.012458583627678283,-2.2064290069950787,1.8525119133877943,-0.004161331536865363,-0.011601537590833072,-0.0038575315385511607,0.029658780704806532,0.01822582218340494,0.3130763521929559,1.0000009519409627,5.0,8.108134403692247,-9.398025903566834,0.037196794912472235,0.023522290196820932,0.3179462619520995,3.0,5.0
12.73,-0.013387249156974926,0.014755385698408698,-1.9422774105682474,1.6187254594705756,-0.004858359999068505,-0.010818741694856108,-0.0034562314238999973,0.036636254849433884,0.023177425762991838,0.31470047872234475,-0.9999995240295185,5.0,10.779279763875738,-11.975337983602474,0.04361372899406124,0.028129029342578736,0.31957285831051124,-3.0,5.0
12.74,-0.015415360536793694,0.016757872424556335,-1.6332121508969655,1.3491986488863332,-0.005699505671135076,-0.009891633468636016,-0.0040729722910271635,0.04287939600138364,0.02767376645168936,0.3163253840377305,1.0000002379852406,5.0,13.243240589856345,-14.316797004409423,0.04912253715333341,0.03217010714038688,0.3212000999838876,3.0,5.0
12.75,-0.0171321674269702,0.01842042691382284,-1.2854539329104089,1.0493696671867938,-0.0066680813394316574,-0.008838705290660392,-0.0037054368956725174,0.04827353540233734,0.0316199597290619,0.3179510235493802,-0.9999998810073796,5.0,15.44639153769499,-16.372414294293133,0.05366767480329104,0.03556615300643443,0.3228279420843293,-3.0,5.0
12.76,-0.01850021018904336,0.01970678422140869,-0.906083000428191,0.7253746634617054,-0.007744527166004456,-0.007681315733291321,-0.004350924939931192,0.052676334300229596,0.03492542863516002,0.3195773526341854,1.0000000594963105,5.0,17.340449342661078,-18.09560372569734,0.05707913319812184,0.03823089754125815,0.32445633988860095,3.0,5.0
12.77,-0.019487142096380385,0.020585893762311826,-0.5028987607394617,0.3838837395868841,-0.00890692965439977,-0.006443101962574185,-0.0040064766954197705,0.056010235300957945,0.03751916831381839,0.32120432665302084,-0.9999999702518445,5.0,18.883124780227412,-19.448772221485036,0.059344136301686286,0.040112907992476764,0.3260852487095271,-3.0,5.0
12.780000000000001,-0.020070444666747324,0.021037581210443555,-0.08425664673790856,0.03200285747788012,-0.01013134290338875,-0.00514965211034901,-0.004668864490674608,0.05817491317101206,0.03933806316249636,0.3228319009559199,1.0000000148740777,5.0,20.039464097410587,-20.39959488675636,0.060339591041066176,0.04115695801117433,0.3277146238646171,3.0,5.0
12.790000000000001,-0.02023397609326116,0.021048081422815813,0.3411013263562255,-0.32291249634082075,-0.011392406133775427,-0.0038278218987484467,-0.004334728311097247,0.05913887981471816,0.040341595876244224,0.3244600308841986,-0.9999999925629612,5.0,20.782233114633847,-20.926317072277072,0.06010284645842426,0.04134512858999208,0.3293444206690348,-3.0,5.0
12.8,-0.019972352857719228,0.020615343300400248,0.7642319394556749,-0.6733718717317825,-0.012663744346725443,-0.0025053319393468876,-0.005000576641026629,0.058850983929153805,0.040499541264091846,0.32608867177181705,1.0000000037185195,5.0,21.092952459463476,-21.013705717033474,0.05856308804358945,0.04065748665193947,0.3309745944346723,3.0,5.0
12.81,-0.01928714245933635,0.019744185478721286,1.1761751085587446,-1.0119464133112754,-0.01391864428697972,-0.0012100317180715082,-0.004662928599299967,0.05733100244843334,0.03980599682827511,0.3277177789465484,-0.9999999981407404,5.0,20.961943337454777,-20.657998873694947,0.055811020967712864,0.03911245239245838,0.33260510047074254,-3.0,5.0
12.82,-0.018190874708210836,0.018451211592669506,1.5681464479496978,-1.3313871394809853,-0.015130491188159538,3.053204294979324e-05,-0.005318318333184318,0.05458006800881909,0.038266356941272096,0.3293473077311009,1.00000000092963,5.0,20.388999228919683,-19.86248301583433,0.051829133569204835,0.03672671705426908,0.33423589408475834,3.0,5.0
12.83,-0.016702857242161386,0.016759572157360042,1.9317208773808048,-1.624818590029373,-0.016273457555073288,0.0011898558587370202,-0.004963437635050481,0.05067016474558653,0.03591059753520907,0.3309772134442276,-0.9999999995351849,5.0,19.383050425340834,-18.642054786901536,0.046760261482353974,0.03355483812914604,0.3358669305836078,-3.0,5.0
12.84,-0.014852810641351803,0.014703490104102483,2.259016497312036,-1.8858475809458284,-0.017322929027191954,0.002242890834074427,-0.005595137710299879,0.045653449939613684,0.0327794937216012,0.33260745140183373,1.0000000002324076,5.0,17.962444729099133,-17.01840489049893,0.04063673513364084,0.02964838990799333,0.3374981652746521,3.0,5.0
12.85,-0.012676316757816386,0.012322645279415206,2.54286168015674,-2.108740869596038,-0.01825615864311258,0.0031667383639379988,-0.005210566099306787,0.03965066440892545,0.028937153172979204,0.33423797691808266,-0.9999999998837963,5.0,16.15421942672021,-15.024189058292759,0.03364787887823722,0.025094812624357206,0.3391295534668295,-3.0,5.0
12.86,-0.010218103458154087,0.009666343008856684,2.776954896176407,-2.2885117617338144,-0.019052635115131243,0.003940993001590074,-0.005807159777942672,0.03275940678638489,0.024456503601296163,0.33586874530650257,1.0000000000581017,5.0,13.993996145983758,-12.697832073391986,0.025868149163844334,0.019975854029613126,0.3407610504717624,3.0,5.0
12.870000000000001,-0.007527166919433214,0.006787569721082023,2.9560006778251697,-2.4210698886869553,-0.01969465749028639,0.004548347245264138,-0.005382770604372445,0.025141561077738257,0.019431132745061176,0.3374997118810926,-0.9999999999709492,5.0,11.524881909451473,-10.087337890780544,0.01752371536909162,0.01440576188882619,0.3423926116048629,-3.0,5.0
12.88,-0.004659761737468125,0.003746867881031646,3.075831849812829,-2.5032747356734215,-0.0201676033362151,0.0049748228286937346,-0.005935644357970989,0.0169306707929844,0.013960134112317741,0.33913083195742866,1.0000000000145257,5.0,8.797015938819474,-7.244759592337614,0.00871978050823054,0.008489135479574306,0.34402419218643665,3.0,5.0
12.89,-0.0016742664339073504,0.0006061396796262449,3.133502178285831,-2.533047812609766,-0.020460384801053274,0.005210245480874146,-0.005464529818591565,0.008318570951511128,0.008159370815590877,0.34076206085377014,-0.9999999999927369,5.0,5.866153038713574,-4.229709465757587,-0.0002935288899621417,0.002358607518864013,0.3456557475427945,-3.0,5.0
12.9,0.0013660396873441984,-0.002567682655548782,3.1273604421046244,-2.509384811712429,-0.02056558206363158,0.005248330360165408,-0.005968639460955181,-0.0005379129297993571,0.002145823380870657,0.342393353892166,1.0000000000036318,5.0,2.792930040547358,-1.1035695238955348,-0.009394396811109842,-0.0038677240538495636,0.34728723300735365,3.0,5.0
12.91,0.004398275937159904,-0.005708985826528019,3.0570910638060034,-2.4324234914821607,-0.02047975125870613,0.005086998100816968,-0.005447738587114398,-0.009430871159882934,-0.00395155506357816,0.34402466639956086,-0.9999999999981841,5.0,-0.35878767907954173,2.0672114796148944,-0.01832382938996651,-0.010048933508026976,0.3489186039217455,-3.0,5.0
12.92,0.007357296118803293,-0.008749902255059769,2.9237333758504684,-2.3034095471468867,-0.020203399431253283,0.004728291942175594,-0.005902084881661274,-0.018195001039307608,-0.010007801077005218,0.3456559537089009,1.000000000000908,5.0,-3.522827815227544,5.217069395409824,-0.026959130918732283,-0.016064047090432278,0.35054981563692106,3.0,5.0
12.93,0.01018104574264038,-0.011626698155058512,2.729665798741334,-2.124717171588168,-0.01974112688251094,0.004178519369293103,-0.0053324956515625735,-0.026621745155176946,-0.015891290027756928,0.3472871711602396,-0.9999999999995459,5.0,-6.63249955723018,8.27813455029528,-0.035048489271046285,-0.021774778978508637,0.35218082351425567,-3.0,5.0
12.94,0.012807899200439165,-0.014276180203683736,2.4785681883776745,-1.8997675598754222,-0.01910143291229213,0.003447992379104347,-0.005740265192475064,-0.03455305087786452,-0.021479791849661714,0.3489182741018437,1.0000000000002274,5.0,-9.621593804588857,11.186232360695653,-0.042484356600552095,-0.027068293671566504,0.3538115829266559,3.0,5.0
12.950000000000001,0.015181961334648962,-0.016642004282289465,2.175349829072892,-1.6330030623051695,-0.018296688871571765,0.0025509935221200097,-0.005127210010600345,-0.041795410351908854,-0.026649800038682486,0.35054921789129867,-0.9999999999998863,5.0,-12.426191792852672,13.87768341108081,-0.0490377698259532,-0.03181980822770326,0.35544204925966355,-3.0,5.0
12.96,0.017250292804664735,-0.0186709448678666,1.826057522293963,-1.3297612266639691,-0.017342778107651415,0.0015053455542350005,-0.005495564808339883,-0.04821335627841443,-0.03129245332695178,0.3521799578966134,1.0000000000000568,5.0,-14.985626283180572,16.295235007650216,-0.05463130220492,-0.035935106615221084,0.3570721779125574,3.0,5.0
12.97,0.018968045657523306,-0.020319011044230638,1.4377524078342956,-0.9962073879619577,-0.016258910244703263,0.0003322154895856054,-0.004848007419302974,-0.05364307697251751,-0.03530261867992389,0.3538104494973262,-0.9999999999999716,5.0,-17.24419234459611,18.384733977570853,-0.05907279766662058,-0.039312784032896,0.35870192429946457,-3.0,5.0
12.98,0.020295471636250884,-0.021547471401032456,1.018371070594019,-0.6391709450710172,-0.015067112786890643,-0.0009444656269096915,-0.005187536037250918,-0.05798533402499674,-0.038594459473827294,0.3554406480856091,1.0000000000000142,5.0,-19.15195354102907,20.100875008786783,-0.062327591077475965,-0.04188630026773069,0.3603312438504577,3.0,5.0
12.99,0.021202793865573152,-0.02232867859709163,0.5765605919222816,-0.2660448072188838,-0.013791910695018927,-0.0022983331840480863,-0.004517477331722713,-0.06111835707446079,-0.04109006422217039,0.35707050906737237,-0.9999999999999929,5.0,-20.666243430267834,21.40363778364047,-0.06425138012392484,-0.04358566897051348,0.36196009201266205,-3.0,5.0
13.0,0.0216669096997347,-0.02264176168935816,0.12150401788942206,0.11540611748063334,-0.01245969986614566,-0.0037012854369479005,-0.004841349163875647,-0.06298991335081637,-0.04273446860839029,0.35869998786336854,1.0000000000000038,5.0,-21.75221223240923,22.263751817198678,-0.06486146962717194,-0.044378872994610186,0.3635884242513572,3.0,5.0
13.01,0.021675921539028208,-0.022478083747061686,-0.3372733005567272,0.49716728385071784,-0.01109832777937206,-0.005123909280700269,-0.004162856818155905,-0.06352924345961988,-0.04348365709723917,0.3603290399102965,-0.999999999999998,5.0,-22.38402371042335,22.658807912655973,-0.06406857356842338,-0.04423284558608806,0.36521619605108047,-3.0,5.0
13.02,0.021225470358058416,-0.02183654036905554,-0.7900993680603874,0.8711813470315919,-0.009736389462036064,-0.0065362489360311716,-0.004485746732806334,-0.06273808062050984,-0.04331888957326073,0.3619576206619047,1.000000000000001,5.0,-22.545058244959172,22.57836173475017,-0.06194691778139978,-0.04315412204928229,0.36684336291672914,3.0,5.0
13.030000000000001,0.020322876360444386,-0.02072860476076687,-1.2273622515829798,1.2294789987078847,-0.008402753827118779,-0.007908279232096008,-0.0038137968549640726,-0.06060146635240252,-0.04223395350183086,0.3635856855900943,-0.9999999999999993,5.0,-22.228734137028844,22.019655801704275,-0.05846485208429519,-0.04114901743040099,0.3684698803746633,-3.0,5.0
13.040000000000001,0.018983069604628016,-0.019173203578094856,-1.639710373824793,1.5643872005367447,-0.007125829845643064,-0.00921069588080784,-0.004150667749205874,-0.05717760303872625,-0.040248702525653254,0.3652131901860213,1.0000000000000002,5.0,-21.43831083646475,20.992313432267217,-0.053753739725049994,-0.03826345154947564,0.37009570397380226,3.0,5.0
13.05,0.017232323442868725,-0.017201338058085075,-2.0182552824354416,1.8686542592513622,-0.005933088405393402,-0.010415383790942326,-0.00349989366339876,-0.05250748067776248,-0.037395498380156725,0.36684008996119927,-0.9999999999999998,5.0,-20.187294412264677,19.51363946616428,-0.047837358316798716,-0.034542294234660195,0.37172078928673324,-3.0,5.0
13.06,0.015103782195342388,-0.014850543595784775,-2.354759458979616,2.135645213709372,-0.004850349590745411,-0.011496175736446217,-0.003864737688896324,-0.04670354324406263,-0.03373193401213263,0.3684663404486009,1.0000000000000002,5.0,-18.498817640786793,17.61289011780259,-0.04089960581036278,-0.03006836964410854,0.37334509191080567,3.0,5.0
13.07,0.012640804448295394,-0.012169111139213921,-2.641818261096074,2.3594472005384812,-0.003901350967019252,-0.012429262909692866,-0.0032481901565787437,-0.03985815704477093,-0.02932647198532281,0.3700918972037586,-0.9999999999999998,5.0,-16.40562392089566,15.326155725923353,-0.033012770845479225,-0.024921009958512985,0.3749685674692319,-3.0,5.0
13.08,0.009892121733797263,-0.009210172126204928,-2.873018943922502,2.53503863743865,-0.003107105799214652,-0.01319387071280631,-0.0036528342736715886,-0.03213117118519509,-0.024270393124407784,0.3717167158058658,1.0000000000000002,5.0,-13.949036313451575,12.700227636321195,-0.02440418532561925,-0.01921431426349276,0.37659117161218736,3.0,5.0
13.09,0.006914841926761395,-0.006035578428606724,-3.0430864072524915,2.658362399421426,-0.002485565459868384,-0.013772562894605968,-0.0030808579433197715,-0.02365735626110916,-0.018662706053391213,0.37334075185887605,-0.9999999999999998,5.0,-11.178549675746035,9.787101602385937,-0.01518354133702323,-0.013055018982374642,0.3782128600179068,-3.0,5.0
13.1,0.0037693045039108135,-0.002709686476026908,-3.147999327949006,2.7264574657356526,-0.0020510931279114184,-0.014151789471635486,-0.0035339355086441244,-0.014633033692588424,-0.012621428303555685,0.3749639609926032,1.0000000000000002,5.0,-8.150435603542999,6.6474971234173035,-0.005608711124067689,-0.006580150553720156,0.3798335883937847,3.0,5.0
13.11,0.0005218236678673225,0.0006970163340423827,-3.1850871839931236,2.737489968917748,-0.0018142607411388357,-0.014322044094167841,-0.003013258041496052,-0.005222702180402987,-0.0062679041838881126,0.37658629886381967,-0.9999999999999998,5.0,-4.927006040076655,3.345052673044933,0.004187629331782452,8.561993577945858e-05,0.381453312477469,-3.0,5.0
13.120000000000001,-0.002760667717018599,0.0041143280792618996,-3.153092818910058,2.690838982176487,-0.0017814735931100105,-0.014278249266278648,-0.003519435543707109,0.004355008300739892,0.00026241687630372285,0.37820772115735496,1.0000000000000002,5.0,-1.5749324564825014,-0.05041697421322565,0.013932718781882769,0.006792737936495556,0.3830719880379608,3.0,5.0
13.13,-0.006008032566211336,0.007468848893463704,-3.052212151465661,2.587078919881696,-0.0019549314614857732,-0.014019738408913301,-0.0030525492624960977,0.013921233265146327,0.006836065073470568,0.37982818358719217,-0.9999999999999998,5.0,1.8357271989694186,-3.4689355062427834,0.02348745822955276,0.013409713270637412,0.3846895708767037,-3.0,5.0
13.14,-0.009152385742361532,0.010690479401732558,-2.8840968647287273,2.428014896220585,-0.0023324272809365286,-0.013550456792623745,-0.0036120770331861804,0.02325127870032786,0.013311065147160697,0.38144764189756586,1.0000000000000002,5.0,5.23339153405679,-6.837260917489542,0.03258132413550939,0.019786065220850826,0.3863060168286869,3.0,5.0
13.15,-0.012125548621463185,0.013708956136389857,-2.6518329271346968,2.216613970299841,-0.0029074886371569875,-0.012878754161587024,-0.003196969369521165,0.032168703834989335,0.01955319806911366,0.3830660518640574,-0.9999999999999998,5.0,8.546052300125575,-10.084992988596317,0.04108612896965082,0.02579533099106662,0.387921281763532,-3.0,5.0
13.16,-0.01486448414033119,0.016460304811899317,-2.3598820638386813,1.956989698963941,-0.0036693593265556793,-0.012017395043857682,-0.003805598716616475,0.040459734018390606,0.025425572036379546,0.3846833692946902,1.0000000000000002,5.0,11.703199265236806,-13.141499011671923,0.04875076420179188,0.03129794600364543,0.38953532158658866,3.0,5.0
13.17,-0.01730866901814099,0.018883267094295088,-2.014000324746223,1.6542840019229494,-0.004603322410049009,-0.010983163590399449,-0.00343585908238774,0.04796717186678332,0.030804817341733088,0.38629955003102423,-0.9999999999999998,5.0,14.636915207977605,-15.941987246505159,0.05547460971517603,0.03618406264708663,0.3911480922400262,-3.0,5.0
13.18,-0.019405386548590312,0.020925583597364707,-1.6211221435433485,1.31460481413457,-0.005690858158665189,-0.009796692926815223,-0.0040851379623337335,0.05450446138100272,0.03557046820991921,0.3879145499492494,1.0000000000000002,5.0,17.283735355034683,-18.424334991871092,0.06104175089522211,0.04033611907810533,0.39275954970392485,3.0,5.0
13.19,-0.021106899244932455,0.02254019191103297,-1.189225265333904,0.9448645386380015,-0.006910134555087619,-0.008481899732784022,-0.0037504372882481854,0.059949079329135506,0.03962084931899598,0.38952832496127854,-0.9999999999999998,5.0,19.58561403595707,-20.535002378101712,0.06539369727726829,0.04367123042807275,0.39436964999736585,-3.0,5.0
13.200000000000001,-0.022375488553582165,0.02369122682182025,-0.7271660972748666,0.5526787166858678,-0.008236320147246415,-0.007065657706419917,-0.004428364855719061,0.06415591839306192,0.042862035782582145,0.3911408310158392,1.0000000000000002,5.0,21.49159515271931,-22.225641707913493,0.06836275745698833,0.04610322224616831,0.39597834917952124,3.0,5.0
13.21,-0.023180325895158446,0.02434988713143339,-0.24450192372034035,0.1461707831969281,-0.00964221355645474,-0.005577094023660718,-0.0041152725361219425,0.06704984964370958,0.04522321243830987,0.39275202409956417,-0.9999999999999998,5.0,22.9585328093798,-23.458737663501385,0.06994378089435725,0.04758438909403761,0.39758560335073917,-3.0,5.0
13.22,-0.023502168285626537,0.024500062896736535,0.2487095151562853,-0.2661569265503299,-0.01109867638725568,-0.004047145493103682,-0.004807262347473158,0.0685381453336974,0.04664501162831865,0.3943618602380823,1.0000000000000002,5.0,23.952463502207774,-24.203893607535615,0.07002644102368522,0.04806681081832742,0.39919136865363675,3.0,5.0
13.23,-0.023329849773494275,0.024133795089855452,0.742115835293182,-0.6756394242077794,-0.012575361171846787,-0.002507761140926175,-0.00450033636208334,0.06860196895563464,0.04709416780698668,0.39597029549710694,-0.9999999999999998,5.0,24.44898215628859,-24.44310577964952,0.06866579257757188,0.047543323985654716,0.4007956012741809,-3.0,5.0
13.24,-0.022664569722020213,0.023256469869667038,1.2252900658968509,-1.0735919133794196,-0.014041218865002049,-0.000991390073775549,-0.005190411257632961,0.06720763544164833,0.04655108248198902,0.39757728598352426,1.0000000000000002,5.0,24.43423037000674,-24.166648053068492,0.06581330192766202,0.04600799715699136,0.4023982574427763,3.0,5.0
13.25,-0.021515957589088114,0.02188182843526735,1.6879472323622442,-1.4515323950027241,-0.015465275779711496,0.0004698570240440178,-0.0048734732879660075,0.06439687239798188,0.04502365368455328,0.3991827878464804,-0.9999999999999998,5.0,23.904856994726114,-23.377917292863017,0.06158610935431543,0.043496224887117546,0.4039992934353488,-3.0,5.0
13.26,-0.019905924117366632,0.02003670404291431,2.1201660302116565,-1.8013231902467228,-0.016817163265648073,0.0018447328532309806,-0.005545594349400763,0.06019681076240225,0.04253398055158197,0.40078675727846724,1.0000000000000002,5.0,22.8685679730511,-22.088870854678362,0.05599674912682262,0.040044307418610654,0.4055986655744277,3.0,5.0
13.27,-0.017864287753511683,0.017755576770120875,2.51259777264822,-2.115384518000374,-0.01806788936504877,0.0031036760976984306,-0.005203084862111892,0.05470896232890067,0.03913131515552109,0.40238915051640745,-0.9999999999999998,5.0,21.343634669692506,-20.324415590779154,0.049221113895399085,0.03572864975946021,0.4071963302302281,-3.0,5.0
13.280000000000001,-0.015432195465798541,0.015084867242676383,2.8566712739177307,-2.38681942125244,-0.0191903356684097,0.0042192918885236574,-0.0058425041614367885,0.04801793956240588,0.03487789059489894,0.40398992384273885,1.0000000000000002,5.0,19.35898708105353,-18.117389484802416,0.0413269167959111,0.030624466034276786,0.408792243821733,3.0,5.0
13.290000000000001,-0.012657335931346735,0.012077069360261025,3.144776142201398,-2.609603477513448,-0.020159969106491985,0.005167102050723046,-0.005460804213635571,0.04027920209938289,0.029861016015771617,0.4055890335864959,-0.9999999999999998,5.0,16.953270778785118,-15.512504921030084,0.03254046463635991,0.0248441414366443,0.4103863628177671,-3.0,5.0
13.3,-0.009596973116186623,0.008794652305071878,3.370433624747622,-2.778679041411526,-0.020955252978010725,0.005925926698304855,-0.00605532752037545,0.03162661165448223,0.024178085824423934,0.4071864361243928,1.0000000000000002,5.0,14.174503550885667,-12.560904201633978,0.02297402120958157,0.01849515563307625,0.4119786437380836,3.0,5.0
13.31,-0.006312806585425676,0.005303840360063795,3.5284381400300626,-2.8901080556892422,-0.021558248582780937,0.006478510999754662,-0.005623935267266827,0.02225910481228458,0.017947911334360574,0.408782087881903,-0.9999999999999998,5.0,11.078719926545917,-9.323705461193343,0.012891597970086932,0.011717736844297213,0.41356904315443366,-3.0,5.0
13.32,-0.002873694264860006,0.0016782085509630877,3.614979468539866,-2.9411239153764983,-0.021954893918627066,0.006811761117974451,-0.00616498688830746,0.01234728875451024,0.011295038629974045,0.41037594533433874,1.0000000000000002,5.0,7.729248433811721,-5.866198191163594,0.002435472696735901,0.004642165925587516,0.4151575176916459,3.0,5.0
13.33,0.0006497491459800555,-0.002007790561487753,3.6277297173829024,-2.9302372789505737,-0.02213545345445001,0.006917206071072395,-0.005677447469899185,0.0021192904736750534,0.004360476004656504,0.41196796500792887,-0.9999999999999998,5.0,4.195018025394489,-2.2610743930056114,-0.008108707807160135,-0.0025740866206610375,0.41674402402869937,-3.0,5.0
13.34,0.004182636511516073,-0.00567542520513167,3.5659061424902108,-2.8572372724988013,-0.02209462851157627,0.006791052869514058,-0.00616084458801981,-0.008233317123925811,-0.002714491866114264,0.41355810348089583,1.0000000000000002,5.0,0.5495459556679159,1.4176384591719577,-0.018585924721526675,-0.009789459736885033,0.4183285188997966,3.0,5.0
13.35,0.007651357389385091,-0.009248287998134423,3.4302951650392752,-2.7232440259962276,-0.02183182570883196,0.006434455386905257,-0.005615351468788006,-0.018470166448674996,-0.009777968312261617,0.41514631738453067,-0.9999999999999998,5.0,-3.1309899998262396,5.091550714373526,-0.028707015773424185,-0.01684144475840897,0.4199109590954352,-3.0,5.0
13.36,0.010981146819981646,-0.012648957895967792,3.223249971491197,-2.5306550955669342,-0.02135107674554232,0.005853368314240822,-0.006041718567874699,-0.02839648863229254,-0.016683901395397327,0.4167325634042678,1.0000000000000002,5.0,-6.768937364576938,8.684119191791217,-0.03832281081591008,-0.023589834478533033,0.42149130146347913,3.0,5.0
13.370000000000001,0.014101653592584733,-0.01580559883600334,2.9486483965983226,-2.283142858265593,-0.020661110941989413,0.005058610850210041,-0.005441330985805067,-0.03777789531565419,-0.023281891701104784,0.4183167982807574,-0.9999999999999998,5.0,-10.287205836752893,12.117695816178042,-0.04715930199901584,-0.029879882006812238,0.42306950291022627,-3.0,5.0
13.38,0.016944461997294793,-0.018648547773877085,2.611824870298072,-1.9855465962657863,-0.01977507791539077,0.004065515786434532,-0.005816114355384917,-0.04643470958472954,-0.02943366105618564,0.41989897881093663,1.0000000000000002,5.0,-13.610494846562506,15.319743280346756,-0.05509152385380489,-0.035585430411266494,0.4246455204014744,3.0,5.0
13.39,0.019448547412350414,-0.021116771545907936,2.2194645188999576,-1.6438175111291318,-0.018710425968796112,0.002893792972703921,-0.0051685671617167596,-0.05415649223938254,-0.035002739729190574,0.42147906184910044,-0.9999999999999998,5.0,-16.66730345966177,18.21982174755145,-0.06187827489403554,-0.04057181840219551,0.4262193109635918,-3.0,5.0
13.4,0.02155762166048221,-0.02315424777578235,1.7794745626699129,-1.2648615058420372,-0.017488437695323454,0.001566987085580754,-0.005501642665633634,-0.06079592821610897,-0.03987068359857839,0.4230570043079694,1.0000000000000002,5.0,-19.391062344355262,20.755674461362016,-0.0674353641928354,-0.04473862746796621,0.4277908316845762,3.0,5.0
13.41,0.02322535176848937,-0.024716153182669183,1.300822402563879,-0.8564390388347001,-0.016133932378574672,0.00011216279134484129,-0.004818758905422101,-0.06618272742857967,-0.043926383251560924,0.4246327631597575,-0.9999999999999998,5.0,-21.72198100942213,22.870018550185666,-0.07156952664105037,-0.04798208290454346,0.4293600397151218,-3.0,5.0
13.42,0.02441241264854388,-0.025764919757513834,0.7933567537787737,-0.42696787107118933,-0.014674640488716173,-0.0014407989139286286,-0.005123660430866867,-0.07021671680646163,-0.0470817836083332,0.4262062954372376,1.0000000000000002,5.0,-23.6079530013216,24.516372576053236,-0.07425070618434358,-0.05023718396510547,0.43092689226967784,3.0,5.0
13.43,0.025091363132634686,-0.0262760486371642,0.26760232135804973,0.014611107655692623,-0.013140763364054812,-0.0030596565665393484,-0.004420410686060314,-0.07278079341029806,-0.0492605857192764,0.42777755823480557,-0.9999999999999998,5.0,-25.006116614286544,25.655532136421506,-0.07534487001413448,-0.051439387830219604,0.43249134662750943,-3.0,5.0
13.44,0.025243312774172688,-0.02623374971123535,-0.2654546591643874,0.45905839104777496,-0.011564226522334034,-0.004710629393817011,-0.004713239085325208,-0.07383293436677367,-0.05041326140176762,0.4293465087095432,1.0000000000000002,5.0,-25.883419442111112,26.261031332986004,-0.07488507532324928,-0.05156593708425884,0.4340533601337561,3.0,5.0
13.450000000000001,0.024862376703874287,-0.025636305302857147,-0.7945987140580378,0.8969898977809649,-0.009978142403061828,-0.006358944501195618,-0.0040065220291465075,-0.07331795543843983,-0.05050496658498982,0.43091310408227945,-0.9999999999999998,5.0,-26.217791148363457,26.315208799659413,-0.072802976510106,-0.05059667176821201,0.43561289020048805,-3.0,5.0
13.46,0.023951894610482298,-0.02449123523970166,-1.3086173035432744,1.3191134885299334,-0.008415993202988359,-0.007969721069288439,-0.004304622167648261,-0.07125823843799872,-0.04952970011343827,0.4324773016386491,1.0000000000000002,5.0,-25.998280654242386,25.81422445787335,-0.06919852143755761,-0.04855443364188672,0.43716989430775816,3.0,5.0
13.47,0.022528420413418286,-0.02282017151710414,-1.7965411329036214,1.716386840559394,-0.006911051280031395,-0.009508550763416163,-0.003611865348402757,-0.06766414579696085,-0.04749731149784618,0.4340390587301522,-0.9999999999999998,5.0,-25.225770879350982,24.763654846462344,-0.06407005315592298,-0.04546492288225409,0.4387243300046615,-3.0,5.0
13.48,0.02061746840953233,-0.02065353010513366,-2.24787441245761,2.080249488327971,-0.005495548878675851,-0.010942384427252032,-0.00393237966817837,-0.06262337047858543,-0.04444672315908417,0.43559833277520943,1.0000000000000002,5.0,-23.912636702334694,23.18302296240036,-0.05758259516021002,-0.041396134820322165,0.44027615491038113,3.0,5.0
13.49,0.018257032402015275,-0.01803489849794064,-2.6528232967401455,2.4027679488600717,-0.004200115132855723,-0.012240083996231702,-0.0032700760967520255,-0.05620996842772591,-0.040431990234059786,0.43715508126021685,-0.9999999999999998,5.0,-22.08296925839372,21.100900638571854,-0.049796566376866386,-0.0364172573090354,0.4418253267152392,-3.0,5.0
13.5,0.01549287355545027,-0.015015236896176308,-3.0025044943453283,2.67684695218339,-0.003052991955445283,-0.01337325008881906,-0.0036284950417749917,-0.048572350929095356,-0.035534583446523244,0.4387092617405994,1.0000000000000002,5.0,-19.771742528958985,18.55894977229214,-0.040934733430464804,-0.030637176658986694,0.443371803181747,3.0,5.0
13.51,0.012381603257302356,-0.01165682168324109,-3.2891426682838056,2.896346079298653,-0.00207954600054932,-0.014316685247317818,-0.0030107981907427223,-0.03984101293224493,-0.029848538026994866,0.4402608318418615,-0.9999999999999998,5.0,-17.02455572016018,15.60655078876033,-0.0311096749353945,-0.024162492607466488,0.4449155421456479,-3.0,5.0
13.52,0.008985566104603451,-0.008027038657462557,-3.506239208971317,3.056255376636627,-0.0013015869238932293,-0.015049104954603347,-0.0034196297877490053,-0.030215302652174914,-0.023491873636507177,0.44180974926063704,1.0000000000000002,5.0,-13.896337637513323,12.30439477264525,-0.0205895923721049,-0.017135209246019485,0.44645650151696376,3.0,5.0
13.530000000000001,0.0053755580725362,-0.004201963555411813,-3.648721780444263,3.152769952624699,-0.000737007154641876,-0.01555345866813066,-0.0028571263944479203,-0.019870034916033834,-0.016590946852381834,0.4433559717657375,-0.9999999999999998,5.0,-10.450656460526556,8.718697317401531,-0.009524767179892755,-0.009690020068256495,0.4479946392810388,-3.0,5.0
13.540000000000001,0.0016253929720283552,-0.00025984531362416123,-3.713058177561299,3.1834179691856987,-0.00039925087964937534,-0.015817475824857336,-0.003324798936491637,-0.009041277882844657,-0.00929115846824504,0.44489945719919666,1.0000000000000002,5.0,-6.7580304748453335,4.924419529398095,0.0017874791503445179,-0.0019913700841082483,0.4495299134995743,3.0,5.0
13.55,-0.002185640720974075,0.0037155634751651753,-3.6973450063476685,3.1470830015142854,-0.0002971244272469601,-0.015833802387424364,-0.0028235656657176755,0.002067862698002205,-0.001740692813009627,0.44644016347731647,-0.9999999999999998,5.0,-2.894891757439205,0.9991623838829121,0.013177003278849062,0.005809772842225785,0.45106228231167583,-3.0,5.0
13.56,-0.005978413649079247,0.007641707761066324,-3.6013559703118694,3.04407625094001,-0.0004344522838949372,-0.015600346649073855,-0.003353659365888632,0.013202113466846474,0.005899275005687594,0.4479780485917082,1.0000000000000002,5.0,1.058393981022804,-2.973873017339596,0.024336364235690744,0.013539242824384816,0.45259170393488346,3.0,5.0
13.57,-0.009671633229105966,0.011434014079302775,-3.4265616280846616,2.876100738540006,-0.0008100870918963034,-0.015120203989812933,-0.0029146869141070788,0.024148718425229074,0.01347121537127622,0.4495130706103336,-0.9999999999999998,5.0,5.018792868066945,-6.912187168883177,0.03509532338361167,0.021043155736864844,0.4541181366662097,-3.0,5.0
13.58,-0.013187542863693237,0.015012633377995934,-3.1761068386768256,2.646264177134033,-0.001417773729911788,-0.014401783697161337,-0.0035055639735126773,0.03465257945210005,0.02081127922994586,0.4510451876785429,1.0000000000000002,5.0,8.90274517772502,-10.73114872054953,0.04515644047897102,0.0281513430886155,0.45564153888317094,3.0,5.0
13.59,-0.016449594104105597,0.01829919243189634,-2.8547592437061016,2.358983895426559,-0.0022463714855013714,-0.013458512122534358,-0.003124602354577783,0.04451100601514789,0.027766037351746625,0.4525743580201122,-0.9999999999999998,5.0,12.627522052585503,-14.35035059126647,0.05436943257819572,0.034720795473547394,0.45716186904482004,-3.0,5.0
13.6,-0.019388069070173836,0.021223429956750434,-2.4688165064085026,2.0199417652015037,-0.003279929965341214,-0.01230873995232093,-0.0037694722351838458,0.05348871182864394,0.034182475922327336,0.4541005399382774,1.0000000000000002,5.0,16.113385739091733,-17.69075683916642,0.06246641764213998,0.04059891449290805,0.45867908569277316,3.0,5.0
13.61,-0.021937605649091016,0.02371976896425699,-2.0259871481777614,1.6359337393379787,-0.0044981182725042064,-0.010975232519598836,-0.0034373161930519387,0.06141221369582772,0.03992455369485276,0.45562369181676765,-0.9999999999999998,5.0,19.284890023725076,-20.680964907301984,0.0693357155630115,0.04566663146737818,0.46019314745223844,-3.0,5.0
13.620000000000001,-0.024042605396556452,0.025733704753103357,-1.5352341501080193,1.2147731400697603,-0.005876498687394892,-0.009484875481139698,-0.0041247366709988575,0.06808427626149922,0.04486287569901435,0.4571437721208358,1.0000000000000002,5.0,22.072910642327525,-23.25418591332701,0.07475633882717073,0.04980119770317594,0.4617040130330402,3.0,5.0
13.63,-0.025654480725676228,0.027218064839504567,-1.0065975333062505,0.7650934228489175,-0.007387140137134493,-0.007867979125099733,-0.003827933285053004,0.0733775681780251,0.048890794566637544,0.4586607393982868,-0.9999999999999998,5.0,24.415744582049292,-25.354270617131153,0.07867086009455099,0.052918713434260745,0.4632116412306396,-3.0,5.0
13.64,-0.026736726741116885,0.028139026378514953,-0.4509863542936694,0.29621057778686033,-0.0089990587007234,-0.00615781767420537,-0.0045427110902052144,0.07714818777943316,0.051913503172531184,0.460174552280505,1.0000000000000002,5.0,26.260871802809273,-26.932388243442436,0.08091880738084124,0.05493621177842482,0.46471599092715976,3.0,5.0
13.65,-0.027261781002927456,0.028471954807209942,0.12004253361703754,-0.18210820073345202,-0.010678976786942011,-0.00438979050320713,-0.004264635756927775,0.07932824196450472,0.05386344105965942,0.4616851694834787,-0.9999999999999998,5.0,27.565723506419342,-27.952691711375643,0.08150829614957628,0.05581337894678766,0.46621702109239965,-3.0,5.0
13.66,-0.027215664408751148,0.028206957812438857,0.694527536205686,-0.6598086463358701,-0.012391885005393425,-0.0026008448220937027,-0.004989056375128519,0.07983815805196495,0.054688592242403786,0.46319254980882224,1.0000000000000002,5.0,28.29905704299091,-28.388583659963178,0.08034807413942517,0.05551374342514814,0.46771469078485284,3.0,5.0
13.67,-0.026594375284643333,0.027344227856511114,1.2603490386508134,-1.1267991107181692,-0.014101895632775382,-0.0008285493932201999,-0.004711271508182039,0.07867793701400129,0.054367012961276925,0.4646966521447967,-0.9999999999999998,5.0,28.441289370287038,-28.227925184274795,0.07751771597603763,0.054045433680150065,0.46920895915272026,-3.0,5.0
13.68,-0.025408039474256624,0.0258990776223896,1.805487768228852,-1.57312443656215,-0.015772869513196293,0.0008895391138218139,-0.005426558958287329,0.07583805509238516,0.0528941849712891,0.4661974354673282,1.0000000000000002,5.0,27.985398011859868,-27.46881101565284,0.07299817317076904,0.05142135698130128,0.4706997854349228,3.0,5.0
13.69,-0.02367679871549008,0.023896752415663865,2.318276252150347,-1.9892165032578502,-0.017369303716285173,0.002516826153686834,-0.005130344691371666,0.07138925142232669,0.05029655244281928,0.4676948588410238,-0.9999999999999998,5.0,26.936751174818458,-26.124263196345925,0.06694044775226823,0.047698919914349464,0.47218712896211046,-3.0,5.0
13.700000000000001,-0.02143445067967597,0.021376935009259714,2.78765117474189,-2.366059990517818,-0.01885696085438733,0.0040183033903609085,-0.005818231293614128,0.06539193926113984,0.04661785867802038,0.46918888142018544,1.0000000000000002,5.0,25.313486407417717,-24.217477700205304,0.05939462709995298,0.04293916491322148,0.47367094915767044,3.0,5.0
13.71,-0.018723833713096723,0.018388038180110006,3.203388138820609,-2.6954259588088902,-0.020203727110167387,0.005361455829988044,-0.005486161406357688,0.05798450977648432,0.04193166202968483,0.4706794624498213,-0.9999999999999998,5.0,23.14581036508432,-21.785987127834005,0.050577080291828794,0.03724546538134928,0.4751512055387287,-3.0,5.0
13.72,-0.015599980345899277,0.014991211486888322,3.5563269139094715,-2.970012088581437,-0.02138018027896942,0.006516810343199288,-0.00613043659839918,0.04929129740065358,0.0363266687753206,0.4721665612666557,1.0000000000000002,5.0,20.4758502190018,-18.876385134279936,0.040598085024822844,0.030721675520956365,0.47662785771715876,3.0,5.0
13.73,-0.012125043011114688,0.011254168217490777,3.8385691766079906,-3.1836426571088188,-0.022360355951985867,0.007458735940711674,-0.005747867296487219,0.03950950653147882,0.029918283670918044,0.473650137300136,-0.9999999999999998,5.0,17.35644044191743,-15.54798681643414,0.029727715662304054,0.02350989856651549,0.4781008654005769,-3.0,5.0
13.74,-0.008371025932801318,0.007254769122739467,4.043657539230746,-3.3313677489149427,-0.02312219487294943,0.008165856184598329,-0.00633577449115164,0.028815898172904548,0.022833036610057207,0.4751301500734373,1.0000000000000002,5.0,13.85048644752345,-11.867081473996395,0.018122289814330277,0.01574778954919637,0.47957018839334115,3.0,5.0
13.75,-0.004414335798333179,0.003074478103218767,4.166718784892147,-3.409615594102541,-0.023648161944419394,0.008621686772188096,-0.005892119176031433,0.01745256400917355,0.015219305679488992,0.476606559204465,-0.9999999999999998,5.0,10.029299303644787,-7.910162154207017,0.006089229845442556,0.007605574748920777,0.4810357865975481,-3.0,5.0
13.76,-0.0003381934256263333,-0.0011983653262455695,4.2045811995072535,-3.416238491449743,-0.023925522842709834,0.008814861928641992,-0.006415480647785717,0.005632611746999701,0.007231013075960701,0.478079324406855,1.0000000000000002,5.0,5.971552799680818,-3.7577977852831608,-0.006187340515174146,-0.0007572795275675916,0.4824976200140252,3.0,5.0
13.77,0.003773073809269208,-0.005475334630375454,4.155850172870907,-3.350607297569547,-0.023946772162338634,0.008739566414536996,-0.005905160099180342,-0.006374888561797867,-0.0009622697049243411,0.4795484054909714,-0.9999999999999998,5.0,1.76126599917739,0.5024592961420916,-0.018382388870595432,-0.009155552485809383,0.4839556487433205,-3.0,5.0
13.780000000000001,0.00783181068319188,-0.00966481545100219,4.02095334750184,-3.2135961299769273,-0.02370970294312559,0.00839554099352233,-0.0063611311617460765,-0.018339854677763254,-0.009192117096941935,0.48101376236490173,1.0000000000000002,5.0,-2.5135296193970644,4.782457403901623,-0.03030482079372864,-0.017421964488959527,0.4854098329866928,3.0,5.0
13.790000000000001,0.011752859713308913,-0.013678889110043155,3.8021409814562794,-3.0076135358813376,-0.023217615764993156,0.007788282729138938,-0.005784114403992482,-0.029986674327162732,-0.017281497433744214,0.48247535503544986,-0.9999999999999998,5.0,-6.763028741112359,8.990722468542424,-0.041633493976562214,-0.025370877770546495,0.4868601330470943,-3.0,5.0
13.8,0.015451382521398539,-0.017430247422651018,3.5034543728230494,-2.7365230983176105,-0.022479161810313102,0.006928812778391318,-0.006175498047232376,-0.04108936631300812,-0.02506177492483623,0.48393314360912676,1.0000000000000002,5.0,-10.897132255939047,13.038950492181588,-0.05219205829885351,-0.03284205241592825,0.4883065093301575,3.0,5.0
13.81,0.0188486512862517,-0.02083901163975659,3.130649623471061,-2.4056110808368976,-0.021508322813972476,0.0058336380333262605,-0.0055373825303503136,-0.0513870501253678,-0.03236301257228729,0.4853870882931384,-0.9999999999999998,5.0,-14.827755444348405,16.83931399176274,-0.06168473393772748,-0.03966425021973835,0.4897489223451735,-3.0,5.0
13.82,0.02186975937122411,-0.023829503330870923,2.6910912097041653,-2.021445429066432,-0.020324027125753194,0.0045242843158156305,-0.005872471817528936,-0.06067886972099487,-0.039030875072557425,0.486837149396371,1.0000000000000002,5.0,-18.470298039148698,20.310903839154918,-0.06997068931662194,-0.045698737572827566,0.49118733270606874,3.0,5.0
13.83,0.024449227245248825,-0.026336842515728643,2.1936042317329236,-1.5917850458635507,-0.01894990961822491,0.0030270324637564783,-0.005184089705523512,-0.06873900446449142,-0.044916679659920924,0.4882832873303742,-0.9999999999999998,5.0,-21.74586250143343,23.37690550981251,-0.07679913920798798,-0.05080248424728442,0.4926217011323836,-3.0,5.0
13.84,0.026528456184891074,-0.028303424987359792,1.6483013444748391,-1.1253849146615478,-0.017413719364232486,0.0013722398444331895,-0.005476044629790676,-0.0754109210540751,-0.04989389819814183,0.4897254626103414,1.0000000000000002,5.0,-24.582555586266327,25.970833346004973,-0.08208283764365876,-0.05487111673636274,0.494051988450243,3.0,5.0
13.85,0.02806101080904779,-0.029685159833363187,1.0663746841105262,-0.6318571578399794,-0.015746887303001837,-0.00040611679580119663,-0.004752621798455984,-0.08052151214007083,-0.05384766591269223,0.4911636358560877,-0.9999999999999998,5.0,-26.91746255004299,28.033425694834794,-0.08563210322606658,-0.057801433627242625,0.4954781555933265,-3.0,5.0
13.86,0.029009689306309535,-0.030447526253098697,0.45987011195300853,-0.12143466330975317,-0.01398376199480167,-0.0022712903968638487,-0.005018426680594915,-0.08397429250097432,-0.05669061054444642,0.49259776779302494,1.0000000000000002,5.0,-28.697633707584394,29.51852995663978,-0.08742707286187781,-0.05953355517620062,0.4969001636038367,3.0,5.0
13.870000000000001,0.02935137009349809,-0.030571339148551896,-0.15856474310971125,0.3952017099282771,-0.012161029458649183,-0.004184364892798193,-0.004278359148297114,-0.08566231952278985,-0.05835157062966224,0.4940278192531348,-0.9999999999999998,5.0,-29.88167885505679,30.38958731092248,-0.08735034654460537,-0.060012530714878054,0.4983179736334644,-3.0,5.0
13.88,0.029073602613461876,-0.0300482922035348,-0.7759403331455296,0.9071849452684767,-0.010316828485478609,-0.006105218782388047,-0.004537442702450731,-0.08556003346303256,-0.05879053257632967,0.4954537511759378,1.0000000000000002,5.0,-30.44031684303067,30.625054403963425,-0.08545774740327527,-0.0592294945229971,0.49973154694434685,3.0,5.0
13.89,0.028178940840928028,-0.028886178496598292,-1.379200660604632,1.4036510939425189,-0.008490080157801791,-0.007993208663178934,-0.003800788409161132,-0.08363471194521727,-0.05798637338957227,0.49687552460946166,-0.9999999999999998,5.0,-30.35748465383142,30.214381190454443,-0.08170939042740195,-0.05718221420281487,0.5011408449100332,-3.0,5.0
13.9,0.026680997816059815,-0.02710386866387292,-1.9554954875155657,1.8740081003777644,-0.006719545087165773,-0.009808180786282867,-0.004073418220716831,-0.07993676438490285,-0.055950758754927006,0.4982931007112052,1.0000000000000002,5.0,-29.630363189332748,29.162892624111674,-0.07623881682458845,-0.05391514412028174,0.5025458290164359,3.0,5.0
13.91,0.024608230948512118,-0.024735958458929754,-2.4924566754276167,2.308122406562333,-0.005043128552578197,-0.011511167079848582,-0.0033602274627860997,-0.07450959291115469,-0.05271480485141779,0.49970644074910064,-0.9999999999999998,5.0,-28.269934926796918,27.48720457282993,-0.06908242143740653,-0.04947885094790856,0.503946460862787,-3.0,5.0
13.92,0.021999447915788478,-0.021827177781789026,-2.9784596765337965,2.6965755116751375,-0.0034969478012644634,-0.013065373187330103,-0.003665811223426696,-0.06747827883523866,-0.04834187615842585,0.5011155061024725,1.0000000000000002,5.0,-26.30044211176636,25.21953337798772,-0.06044696475932261,-0.043968947465433915,0.505342702162588,3.0,5.0
13.93,0.018907054492145477,-0.018436485081219874,-3.402877712772833,3.0308288581471277,-0.002114681722159016,-0.014436815214687438,-0.002994434392210137,-0.058957855117514765,-0.04291315074986474,0.5025202582629936,-0.9999999999999998,5.0,-23.759372530169856,22.40254145548592,-0.05043743139979087,-0.037484425341303626,0.5067345147445572,-3.0,5.0
13.94,0.015392045570171136,-0.014630951005809854,-3.756310052047178,3.303449613624439,-0.0009267164522880934,-0.015595213736471002,-0.0033498699566528105,-0.0491404575952773,-0.03653934854289751,0.5039206588356397,1.0000000000000002,5.0,-20.696353586647195,19.093090425486277,-0.03932306007303984,-0.03016554633593028,0.5081218605535782,3.0,5.0
13.950000000000001,0.011526771751624473,-0.010489366506343585,-4.030792543414978,3.5082363074384646,4.039429345128575e-05,-0.01651450350036869,-0.002735385082908991,-0.038202148243494494,-0.029345276789703462,0.5053166695396394,-0.9999999999999998,5.0,-17.172593709033755,15.356556026373024,-0.027263838891711696,-0.022151205036509414,0.5095047016516381,-3.0,5.0
13.96,0.007389493175891104,-0.006095689816079504,-4.219972670244001,3.6403976616549847,0.0007646427225414816,-0.017173569835511486,-0.00315359927764656,-0.026388734462299272,-0.021480610181635315,0.5067082522094213,1.0000000000000002,5.0,-13.259263449833643,11.270087696328176,-0.014575320681104054,-0.01361594357356717,0.510883000218767,3.0,5.0
13.97,0.003066762510384037,-0.0015422770870647416,-4.3192583414305386,3.696624514059226,0.0012289382720441096,-0.017556573322406635,-0.002606493764802619,-0.013921406633202066,-0.013103580394318932,0.5080953687955609,-0.9999999999999998,5.0,-9.03646636605307,6.916477768852207,-0.00145407880410486,-0.004726550607002549,0.5122567185539801,-3.0,5.0
13.98,-0.0013523427472900062,0.0030769805000262357,-4.325923925394005,3.6752092613802287,0.0014216286435026512,-0.017653477449737085,-0.003095295905629725,-0.0010815440187203935,-0.004391011177380361,0.5094779813657219,1.0000000000000002,5.0,-4.5912022893962146,2.387032919926334,0.011758318595761274,0.004321558039558212,0.5136258190762046,3.0,5.0
13.99,-0.00577408950258055,0.007663661353806955,-4.239184155125838,3.5760539358614087,0.0013366584427022168,-0.017460145063054655,-0.002620517261346319,0.0118844661323309,0.004478609662570104,0.5108560521055946,-0.9999999999999998,5.0,-0.015982266931459863,-2.2248785817485435,0.024850476283382193,0.01334823050252057,0.5149902643252129,-3.0,5.0
14.0,-0.010106033868842977,0.012121831508034,-4.060220950998977,3.400722661940536,0.0009738616994526769,-0.016978623018880257,-0.0031818685373812996,0.024681027541720586,0.013315571340808848,0.5122295433198336,1.0000000000000002,5.0,4.593494261165622,-6.821203917730034,0.03747758895111027,0.022152533019047592,0.5163500169625506,3.0,5.0
14.01,-0.014254988124209498,0.016355120439341404,-3.792175433771151,3.1523810001629324,0.00033888086426694226,-0.016216985882606397,-0.0027783293761435585,0.037058892785902006,0.021936191836905233,0.5135984174329902,-0.9999999999999998,5.0,9.13993423301545,-11.30582774058715,0.04943675803008342,0.030556812333001615,0.5177050397724596,-3.0,5.0
14.02,-0.01813298123810514,0.02027372426733063,-3.440091886761188,2.835779365726171,-0.0005567864550935838,-0.015189363358190173,-0.0034080955750290087,0.048731101819450756,0.030153422351297438,0.5149626369904429,1.0000000000000002,5.0,13.5269021542428,-15.582035139013287,0.060403310852999506,0.03837065286568964,0.519055295662801,3.0,5.0
14.030000000000001,-0.021655158644300815,0.02379138041521881,-3.0108276843050823,2.4571244859074244,-0.001696115267999837,-0.013915527693807153,-0.0030686810182141825,0.05946843739900136,0.037794097507438486,0.5163221646593256,-0.9999999999999998,5.0,17.66045861128199,-19.559133835121347,0.07020577297855196,0.04543477266357954,0.5204007476659736,-3.0,5.0
14.040000000000001,-0.024745593520672245,0.026832184868363203,-2.5129176858937856,2.0239975267069887,-0.003056749014184976,-0.012420671175182923,-0.003756896218689563,0.06901501959954805,0.04468937223389242,0.5176769632294502,1.0000000000000002,5.0,21.451569063373743,-23.149830979475222,0.07856160180009474,0.05158464696034635,0.5217413589398242,3.0,5.0
14.05,-0.027334957835530804,0.029327299448496668,-1.9564088124545995,1.545164251104216,-0.004611560510450238,-0.010734755277938662,-0.003468980091310258,0.07718318127292759,0.050691640743207506,0.5190269956142297,-0.9999999999999998,5.0,24.81761411565207,-26.27668405156556,0.08535134294630711,0.0566939092525226,0.5230770927685684,-3.0,5.0
14.06,-0.02936602970162567,0.031221425325383242,-1.3526549262604122,1.0304371627497662,-0.006329066564896044,-0.008892066707998159,-0.00420060621223528,0.083768257255373,0.05566448440302514,0.5203722248515956,1.0000000000000002,5.0,27.684586340544147,-28.86922425898684,0.09035333323781841,0.06063732806284277,0.5244079125636933,3.0,5.0
14.07,-0.030790991197912544,0.0324690969175641,-0.7140892409139369,0.4904362178315006,-0.008174188628410581,-0.006930366699261633,-0.003947039584877105,0.08864244462599252,0.059498953153307894,0.5217126141049127,-0.9999999999999998,5.0,29.988308747030835,-30.870076727140038,0.09351663199661203,0.06333342190359065,0.525733781864864,-3.0,5.0
14.08,-0.031576500606283274,0.03304068065634012,-0.053965748082137055,-0.06359085038306578,-0.010108843663292781,-0.004890273172363346,-0.0047031646204804605,0.09166838681919723,0.062102739706454385,0.5230481266638916,1.0000000000000002,5.0,31.676265576717807,-32.23168232436146,0.09469432901240193,0.06470652625960088,0.5270546643408283,3.0,5.0
14.09,-0.0317005019892599,0.0329181423718473,0.613911922039994,-0.6200410745303779,-0.012092853709908244,-0.0028142659799720565,-0.00446365987154256,0.09279166304216055,0.06341556658909459,0.5243787259454973,-0.9999999999999998,5.0,32.708387745898754,-32.921953408720356,0.09391493926512388,0.0647283934717348,0.5283705237903144,-3.0,5.0
14.1,-0.031156766005756956,0.03210047854367657,1.2754817303689219,-1.1671598565931798,-0.014084654993199594,-0.0007459580950676891,-0.005223039820268434,0.0919528636211476,0.06339736332587612,0.5257043754948549,1.0000000000000002,5.0,33.0583922987012,-32.92047772034893,0.09111406420013464,0.06337916006265763,0.5296813241429279,3.0,5.0
14.11,-0.02995113582276316,0.030598886884798126,1.916715365559047,-1.6933275412692117,-0.01604229233706564,0.0012709744563229328,-0.0049758389394417,0.08917846365772313,0.06204257418292337,0.5270250389861524,-0.9999999999999998,5.0,32.71402816976004,-32.22361328045626,0.08640406369429865,0.06068778503997062,0.5309870294600447,-3.0,5.0
14.120000000000001,-0.02810548370960646,0.028441583911791912,2.5239182864164458,-2.187266786693254,-0.017924177702414897,0.00319355922122907,-0.0057166580995401855,0.08449120902561086,0.05936719601117706,0.5283406802235394,1.0000000000000002,5.0,31.67783869197372,-30.840100076554968,0.0798039543934986,0.05669181783943076,0.5322876039357006,3.0,5.0
14.13,-0.02565336437812279,0.025668357823900152,3.084018215833119,-2.6383224908590748,-0.019690097325368642,0.004980596642703932,-0.005440348409051196,0.07799926228428777,0.05542191027122188,0.5296512631420234,-0.9999999999999998,5.0,29.966805083057974,-28.79554369405383,0.0715073155429647,0.05147662453126671,0.5335830118974751,-3.0,5.0
14.14,-0.022643383122378125,0.022334777372263106,3.584849075273238,-3.036652169119421,-0.021301945746772095,0.006593387130089508,-0.006142052532767933,0.06980485879184152,0.050277933377501506,0.5309567518083625,1.0000000000000002,5.0,27.612493900276625,-26.127409461297436,0.06161045529939527,0.04513395648378113,0.53487321780738,3.0,5.0
14.15,-0.019134277288074215,0.018506157970654073,4.015411159184789,-3.373478828223764,-0.02272467146816574,0.007996722580334814,-0.005817378648671887,0.06009175714272194,0.04403897446156994,0.5322571104219556,-0.9999999999999998,5.0,24.66008560840321,-22.88889527742382,0.05037865549360237,0.03780001554563837,0.5361581862627345,-3.0,5.0
14.16,-0.015197741328410294,0.014261218284346542,4.36611505189092,-3.6412447340050704,-0.02392691356736502,0.009159498778870396,-0.006462427263689234,0.049032270289779266,0.03682594960479305,0.5335523033157271,1.0000000000000002,5.0,21.16792024872982,-19.14333464757168,0.03797278343683659,0.029612924748016172,0.5374378819970418,3.0,5.0
14.17,-0.010913005656192958,0.009685540462190702,4.628990850695898,-3.8338188254183283,-0.024881815817534857,0.010055557550737266,-0.006073946323288979,0.03687319631455765,0.028787865919827474,0.5348422949570116,-0.9999999999999998,5.0,17.20595016557162,-14.96751072625099,0.024714122339336026,0.020749782234861895,0.5387122698808651,-3.0,5.0
14.18,-0.006369210454648815,0.004874778264493716,4.797871198551241,-3.9465970712776484,-0.02556750018549645,0.010664118005978567,-0.006649335203319612,0.023841468060040914,0.02008554766052553,0.5361270499484321,1.0000000000000002,5.0,12.854748130339205,-10.445544929582486,0.010809739805524177,0.011383229401223582,0.5399813149226934,3.0,5.0
14.19,-0.0016595945525305347,-7.226386915504951e-05,4.868530907731212,-3.976649595953052,-0.025967689480966293,0.01097040935765082,-0.006186773473778898,0.01022887075282564,0.010901639221490657,0.5374065330287765,-0.9999999999999998,5.0,8.203472448456823,-5.67175209956995,-0.003383726554389635,0.0017177307824557848,0.5412449822698095,-3.0,5.0
14.200000000000001,0.0031164508043164812,-0.005050728034085789,4.8387930882728885,-3.922755096777545,-0.026071964882049645,0.01096586888484167,-0.0066851955552504685,-0.003703326356180517,0.001423576575953673,0.5386807090738707,1.0000000000000002,5.0,3.3484480437644315,-0.744135867329115,-0.017635523465186674,-0.008054486069583311,0.5425032372091532,3.0,5.0
14.21,0.007859435927501168,-0.009956846330463436,4.708586137265556,-3.785477733817091,-0.02587615250300735,0.010648522283098392,-0.006144387756937357,-0.017640452328870286,-0.00814702115477962,0.5399495430974472,-0.9999999999999998,5.0,-1.6092254460074316,4.233075032304331,-0.03157757830156006,-0.017717618885512914,0.5437560451681771,-3.0,5.0
14.22,0.012467878903781659,-0.0146851725303092,4.479963209467094,-3.5671284693971215,-0.025382329579583404,0.010022915177404263,-0.00656492947096032,-0.0313103663982588,-0.01761183453005801,0.5412130002520124,1.0000000000000002,5.0,-6.565371534107522,9.156168590093644,-0.04498028046764731,-0.027076647905336405,0.5450033717157075,3.0,5.0
14.23,0.01684443273959669,-0.019135768459797704,4.157070328986702,-3.271767562884437,-0.024598949644184052,0.009100218574645904,-0.005948255707042783,-0.04439985378653305,-0.026766738626939644,0.5424710458297073,-0.9999999999999998,5.0,-11.415323236476864,13.919563160878992,-0.05748934117480729,-0.03592164272382128,0.5462451825627923,-3.0,5.0
14.24,0.020893975778098758,-0.02321138549351978,3.746076625649821,-2.9050917614260072,-0.023540582721211966,0.00789788278236399,-0.006296563464292616,-0.056650612658586195,-0.03541939719225681,0.5437236452631684,1.0000000000000002,5.0,-16.05572618306542,18.42260822926457,-0.06890137153063934,-0.04407205575757398,0.5474814435635516,3.0,5.0
14.25,0.024529633786590392,-0.026824508090952447,3.255054739439697,-2.474364461137399,-0.022227775505036802,0.0064394684194423405,-0.0056128398580208815,-0.06777544368510671,-0.04338009014718269,0.5449707641263815,-0.9999999999999998,5.0,-20.387138169294406,22.56716408799417,-0.07890027471162722,-0.05134078310210857,0.5487121207160204,-3.0,5.0
14.26,0.027670677658858837,-0.029894302145594402,2.6938267411316725,-1.988233920998091,-0.020686533159052795,0.0047540348683484165,-0.00590073522847338,-0.07755377193002705,-0.05047906192968031,0.5462123681355344,1.0000000000000002,5.0,-24.31575250022971,26.26427581776584,-0.0873321001749474,-0.05757803371217792,0.5499371801629935,3.0,5.0
14.27,0.030248268593091897,-0.03235333937596381,2.0737654183167114,-1.4565992852891103,-0.018947933205994354,0.0028757204682525574,-0.005164559860469137,-0.08574712056361282,-0.056556928664727016,0.5474484231498661,-0.9999999999999998,5.0,-27.755825846439212,29.431535387211234,-0.09394046919719859,-0.06263479539977372,0.5511565881928611,-3.0,5.0
14.280000000000001,0.032202999956394605,-0.034144146675602824,1.4075679834561226,-0.8903708862294277,-0.017047378438076986,0.0008429002022000516,-0.005409128217601396,-0.09219367949992963,-0.06148143931654799,0.5486788951725103,1.0000000000000002,5.0,-30.631140952850885,31.999451228276424,-0.09864023843624645,-0.06640594996836896,0.5523703112404429,3.0,5.0
14.290000000000001,0.033490214668103216,-0.035225459528651554,0.7089936276230607,-0.30128585009404474,-0.015024004276345752,-0.0013024398049832722,-0.00463972994795694,-0.09672260695504634,-0.06513714006184951,0.5499037503513372,-0.9999999999999998,5.0,-32.877089809069076,33.90842493508391,-0.10125153441016305,-0.06879284080715103,0.5535783158878179,-3.0,5.0
14.3,0.034077055853939754,-0.035568237861734325,-0.007416617248153123,0.29837340367342435,-0.012919752028976588,-0.003515720702473998,-0.004861952130539673,-0.09924723027560217,-0.06744125165479567,0.5511229549797918,1.0000000000000002,5.0,-34.44171432257557,35.11466202349567,-0.10177185359615801,-0.06974536324774182,0.5547805688651556,3.0,5.0
14.31,0.03394723954413899,-0.03516133427971127,-0.7266450769447655,0.8959958034756386,-0.010778627462442465,-0.005750538997825176,-0.0040816325100648514,-0.09967781158248355,-0.06833232672115047,0.5523364754977274,-0.9999999999999998,5.0,-35.28729848499998,35.58662558601853,-0.10010839288936493,-0.06922340178750527,0.555977037051534,-3.0,5.0
14.32,0.03309751830806898,-0.03400688506493963,-1.433508250639155,1.4789450690158557,-0.008645659495212066,-0.007959790787096294,-0.004304668594307351,-0.09801307587276298,-0.06778501718005986,0.5535442784922358,1.0000000000000002,5.0,-35.39085897078146,35.31037038741328,-0.09634834016304242,-0.06723770763896923,0.557167687475761,3.0,5.0
14.33,0.031541836711377676,-0.03212532681871464,-2.1129798804259834,2.0347874547337153,-0.006566081087838402,-0.01009650639292603,-0.003536962671797217,-0.09425120152794927,-0.06579754147515748,0.5547463306984746,-0.9999999999999998,5.0,-34.7451393738192,34.28537805104839,-0.09048932718313557,-0.06381006577025511,0.5583524873171912,-3.0,5.0
14.34,0.029307160324254386,-0.029550122710966187,-2.7505063640316783,2.551595145351264,-0.004584249037974543,-0.012115000207482931,-0.0037842278320861632,-0.08847950767926883,-0.062405206409654815,0.5559425990004903,1.0000000000000002,5.0,-33.358467326483186,32.529243662687215,-0.0827078138305884,-0.059012871344152146,0.5595314039065374,3.0,5.0
14.35,0.02643699245979539,-0.026332115176017377,-3.3323209578561004,3.0181627244112295,-0.0027428258465294264,-0.013971689175911897,-0.00305193514722348,-0.0807835768285998,-0.05766659920822226,0.5571330504320369,-0.9999999999999998,5.0,-31.25509284876769,30.07284792557372,-0.07308764597793077,-0.05292799200678971,0.5607044047266768,-3.0,5.0
14.36,0.022986573843118675,-0.02253360305986435,-3.8457369532693875,3.424288228046548,-0.0010817406206353874,-0.015626184767721027,-0.0033451270874369,-0.07133508646808207,-0.05167583134743291,0.5583176521773923,1.0000000000000002,5.0,-28.47438087932455,26.96437909971408,-0.06188659610756434,-0.04568506348664356,0.5618714574134587,3.0,5.0
14.370000000000001,0.01902579275786223,-0.01823207388022311,-4.279426650199481,3.760956600008728,0.00036254840969943115,-0.017042012804356594,-0.0026683772097837247,-0.06029912740639601,-0.04454747677093846,0.5594963715721701,-0.9999999999999998,5.0,-25.07049032291167,23.263852896819497,-0.04926316834470996,-0.037419122194444016,0.563032529756504,-3.0,5.0
14.38,0.014633813850666245,-0.013513702518609179,-4.623666965067464,4.020577683660013,0.0015579742248358686,-0.0181875677915929,-0.0030256209640125552,-0.047920321040416346,-0.036427612701920964,0.5606691761041271,1.0000000000000002,5.0,-21.110926538441404,19.046508437002302,-0.03554151467443669,-0.028307748632903466,0.5641875896999984,3.0,5.0
14.39,0.009901465455482261,-0.008476559524905742,-4.87055941660384,4.19711740715562,0.0024774438665809413,-0.01903665876269811,-0.0024201373208404204,-0.034428550142876296,-0.027477631451185373,0.5618360334139683,-0.9999999999999998,5.0,-16.67561326487297,14.396741853098657,-0.020936779245336254,-0.01852765020044978,0.5653366053434918,-3.0,5.0
14.4,0.004925405003834875,-0.0032236518081467484,-5.0142064938771105,4.2862753382029135,0.003099571289275265,-0.01956925670532132,-0.002854405634840182,-0.020123649843812784,-0.01788425577590931,0.5629969112961472,1.0000000000000002,5.0,-11.854883971157701,9.410968317594762,-0.005818749544749275,-0.008290880100633247,0.5664795449426837,3.0,5.0
14.41,-0.00018988740841046313,0.0021342509658475077,-5.050853542172005,4.2855484851886585,0.003409043612795306,-0.019771804722085423,-0.0023301169250586947,-0.005279904647094467,-0.00784244856560986,0.5641517776996623,-0.9999999999999998,5.0,-6.748050808545128,4.191085728417252,0.009563840549623847,0.002199358644689592,0.5676163769102075,-3.0,5.0
14.42,-0.005338258923730682,0.007485872893840429,-4.978979760124296,4.194335896963056,0.0033971126350498754,-0.019637705778980954,-0.002848063383845495,0.009770274420965777,0.002435330662428622,0.5653006007288501,1.0000000000000002,5.0,-1.4609621879547443,-1.1530587928939162,0.02482045348902602,0.012713109890467105,0.5687470698164137,3.0,5.0
14.43,-0.010410120013332146,0.012716811078808872,-4.799349197580308,4.013925441310242,0.003061699934694826,-0.019167354513201035,-0.0024081846278302915,0.024732623728203437,0.012736814643719549,0.5664433486441744,-0.9999999999999998,5.0,3.8957831886004737,-6.510517475904366,0.0396949730354411,0.023038298625010473,0.5698715923901473,-3.0,5.0
14.44,-0.015298732930273957,0.017716901237198227,-4.515007230251097,3.7475189140823595,0.002407612803557379,-0.018368333707955528,-0.0030094937785542565,0.03926785993419997,0.02284109637240048,0.5675799898630106,1.0000000000000002,5.0,9.209546768613595,-11.766997215101785,0.05380309614019651,0.03294537810108141,0.5709899135195192,3.0,5.0
14.450000000000001,-0.01989849168040228,0.022377606498686135,-4.131235373228408,3.4001385220244584,0.0014463650638977608,-0.017255147972532373,-0.00265016112483278,0.05308819046803048,0.03253655823258477,0.5687104929604279,-0.9999999999999998,5.0,14.367610962277851,-16.81183418959654,0.066908521001861,0.042232020092769065,0.5721020022526795,-3.0,5.0
14.46,-0.024111158099161534,0.026599292142499648,-3.6554519308991216,2.9785725828644334,0.00019610595828437223,-0.01584912148890846,-0.003327477669440781,0.06587410259669818,0.04161208964285951,0.5698348266699649,1.0000000000000002,5.0,19.2599669096279,-21.53577612359807,0.07866001472536588,0.05068762105313425,0.5732078277985757,3.0,5.0
14.47,-0.027843993625911886,0.030288424320333077,-3.097073373272539,2.4912051703358697,-0.0013188427847929862,-0.014177838673197147,-0.0030379755206611362,0.07737054865662932,0.04987487283718896,0.5709529598844048,-0.9999999999999998,5.0,23.781252788446757,-25.83788349456939,0.08886699471656045,0.05813765603151841,0.5743073595277243,-3.0,5.0
14.48,-0.031015753828763034,0.03336455883649171,-2.4673259278655157,1.947889189735569,-0.003068332501228303,-0.01227476084652577,-0.0037774266498115418,0.08730313337314041,0.05714126585548248,0.5720648616565436,1.0000000000000002,5.0,27.833419024560378,-29.623138876556833,0.09723571808965152,0.064407658873776,0.57540056697296,3.0,5.0
14.49,-0.03355448972691573,0.035757163411657855,-1.7790241900794728,1.359709176093804,-0.005017109788708132,-0.010178403787906035,-0.0035409962204640396,0.09547343163328156,0.06325406810803696,0.5731705011999558,-0.9999999999999998,5.0,31.32744588486138,-32.809078687386446,0.10364372989342271,0.06936687036059146,0.5764874198301926,-3.0,5.0
14.5,-0.035403129328993206,0.03741214682766141,-1.0463080344639533,0.7387947537443631,-0.0071254005571287846,-0.007931714950160554,-0.004323271298435984,0.10167405912147279,0.06807270729028009,0.5742698478897557,1.0000000000000002,5.0,34.18569379615818,-35.32304155028613,0.10787468660966401,0.07289134647252321,0.5775678879591549,3.0,5.0
14.51,-0.03651679158869553,0.038288147515537704,-0.2843562646429769,0.09803235984213954,-0.009349844777409872,-0.005581040437584478,-0.004118440494368279,0.10578264605053195,0.07148964649991299,0.5753628712633541,-0.9999999999999998,5.0,36.343217870005,-37.10835453114646,0.10989123297959112,0.07490658570954589,0.5786419413841495,-3.0,5.0
14.52,-0.036867815979573185,0.038362465748767435,0.49093027492544505,-0.549162690324017,-0.01164426246116418,-0.0031753251784969673,-0.0049203447664358186,0.10767536322268412,0.07341956734676058,0.5764495410212128,1.0000000000000002,5.0,37.7496348820042,-38.121060289878656,0.1095680803948363,0.07534948819360816,0.5797095502947891,3.0,5.0
14.530000000000001,-0.03644247110709765,0.037626704180937005,1.263256472676596,-1.1891652512941344,-0.01396073565787073,-0.0007649403670986106,-0.004722674438632591,0.10731918190383846,0.07381464811224281,0.5775298270275929,-0.9999999999999998,5.0,38.36988384289153,-38.335516896550786,0.1069630005849928,0.07420972887772505,0.5807706850467331,-3.0,5.0
14.540000000000001,-0.03524533798309674,0.03609201423156749,2.016277924203719,-1.8083877064150813,-0.016250483648045055,0.0015992151815739505,-0.005519032262048541,0.10468355179220779,0.07265251573968343,0.5786036993112997,1.0000000000000002,5.0,38.18547962689079,-37.74048529165596,0.10204792168057711,0.07149038336712403,0.5818253161624201,3.0,5.0
14.55,-0.033295344756244495,0.03378402729221057,2.733942767817994,-2.3936066032904653,-0.018465013545664776,0.0038669433168369645,-0.005303137279826253,0.09983071669250472,0.06995021602282099,0.5796711280664247,-0.9999999999999998,5.0,37.19461334525553,-36.34404929123305,0.09497788159280166,0.06724791630595855,0.5828734143317997,-3.0,5.0
14.56,-0.03062946257534168,0.03074738308579397,3.4008363015383827,-2.9322055206110225,-0.02055702175536392,0.005989656355834681,-0.006068889140797828,0.09282539260175915,0.06575080788490599,0.5807320836530817,1.0000000000000002,5.0,35.41271255871254,-34.16899720584853,0.08582006851101356,0.061551399746991,0.5839149504130527,3.0,5.0
14.57,-0.027298053814602225,0.027039949267632674,4.0025079493781766,-3.412485142626427,-0.022481527647565856,0.00792157141222351,-0.005810567557049258,0.08382306970151976,0.0601359544671277,0.5817865365981398,-0.9999999999999998,5.0,32.871829442021244,-31.257024712162572,0.07482074680128036,0.05452110104934942,0.5849498954333141,-3.0,5.0
14.58,-0.023367896854615315,0.022736659686977242,4.5257867102639375,-3.8238777621446816,-0.02419671495399092,0.00962054153167622,-0.0065228866041459185,0.07297770542944743,0.05321114591972364,0.5828344575959523,1.0000000000000002,5.0,29.62048491737419,-27.663403125439576,0.06213234115737508,0.046286337372319575,0.5859782205893895,3.0,5.0
14.59,-0.01891689294026354,0.01792308013389336,4.95906517437286,-4.15721770562666,-0.025664963215756988,0.011049127992471798,-0.00620117873186815,0.060528112281895814,0.04511695565660738,0.5838758175090804,-0.9999999999999998,5.0,25.72235197861774,-23.460487816071776,0.0480785191343442,0.037022765393491114,0.5869998972484647,-3.0,5.0
14.6,-0.014036493072806598,0.012698643063294568,5.292559052051064,-4.404905660714104,-0.02685354665355452,0.012175268330038609,-0.006841428472840409,0.0467038484739704,0.036012993436507004,0.5849105873690145,1.0000000000000002,5.0,21.255421199477762,-18.731725728730993,0.03287958466604497,0.026909031216406625,0.5880148969488168,3.0,5.0
14.61,-0.008825863397824447,0.007169673228364682,5.518523391728085,-4.561119386990568,-0.027735485523948382,0.012973147605202713,-0.0064404311163081904,0.03180995398477511,0.026087984322889744,0.5859387383768891,-0.9999999999999998,5.0,16.310046174445993,-13.574550948289247,0.01691605949557983,0.016162975209272484,0.5890231914005133,-3.0,5.0
14.620000000000001,-0.0033938388842617937,0.0014521575733491762,5.631433782297108,-4.621909986044968,-0.028290030876192227,0.013423631460060112,-0.006995796836936146,0.01613137607689149,0.015542662413838679,0.5869602419041957,1.0000000000000002,5.0,10.987525652222788,-8.093840558600741,0.000452798169007871,0.004997340504787617,0.5900247524861155,3.0,5.0
14.63,0.002147305765979661,-0.004335608332523222,5.6281152986216,-4.5853375920462645,-0.028503272062317512,0.013514873211345882,-0.006506076141553234,1.645908635880891e-05,0.004598931607194816,0.5879750694934893,-0.9999999999999998,5.0,5.397632820836443,-2.404331824949168,-0.01609845790417387,-0.006344799199449048,0.59101955226137,-3.0,5.0
14.64,0.007680209296130031,-0.010070535358383904,5.507829267993481,-4.4514871960945115,-0.028368352861929257,0.013242458905619928,-0.006970727800630034,-0.01621962956102631,-0.0065179973167478564,0.5889831928590924,1.0000000000000002,5.0,-0.3432401174647314,3.376316431738515,-0.032455718208411435,-0.01763492624069053,0.5920075629559016,3.0,5.0
14.65,0.013088865124487238,-0.01563227841097465,5.272302562389722,-4.222520128139472,-0.027885791079874173,0.012609708507627626,-0.006390205871823959,-0.0322121394655151,-0.017571023911138118,0.5899845838877942,-0.9999999999999998,5.0,-6.1149018262718435,9.125408315473704,-0.0482046493700039,-0.028624050505528374,0.5929887569738993,-3.0,5.0
14.66,0.018257086800649195,-0.02090083001527642,4.92571156437411,-3.902603663433274,-0.02706339342949584,0.011627503487331861,-0.006765887779021207,-0.047643754239518395,-0.028329406833433567,0.5909792146395443,1.0000000000000002,5.0,-11.795470035901154,14.722351299656792,-0.06307536901352169,-0.03908778975572902,0.5939631068947948,3.0,5.0
14.67,0.02307495858336181,-0.025764028520524604,4.474607662456794,-3.497876085695019,-0.025916266834118427,0.010314265606733432,-0.00610012088661393,-0.06216197636017526,-0.0385603652932646,0.5919670573481447,-0.9999999999999998,5.0,-17.26434179547868,20.04663772061762,-0.07668019848083212,-0.048791323753095625,0.5949305854739458,-3.0,5.0
14.68,0.02743720639983853,-0.030115014246666055,3.9277986107672387,-3.016291499183122,-0.024466424426770862,0.008695463952194272,-0.0063961103832579245,-0.07547598548958459,-0.048047305135088376,0.592948084421934,1.0000000000000002,5.0,-22.40434575035374,24.984974648690415,-0.08878999461899392,-0.057534244976912154,0.5958911656433019,3.0,5.0
14.69,0.031249451355869155,-0.03385949436759653,3.2961747859295265,-2.4675035254627637,-0.02274249390555567,0.006803281801792712,-0.005657926766224059,-0.08727356249907303,-0.05658118971582422,0.5939222684444707,-0.9999999999999998,5.0,-27.10464850312159,29.429146696091692,-0.09907113950856146,-0.06511507429656008,0.5968448205120809,-3.0,5.0
14.700000000000001,0.03442628450748021,-0.03691285425171922,2.592496797053587,-1.8626339207804719,-0.020779032969389467,0.004675827026602587,-0.005890356574530244,-0.09731719243435942,-0.06397833096071684,0.5948895821752098,1.0000000000000002,5.0,-31.262735630750083,33.282920845593196,-0.10736082236964581,-0.07137547220560944,0.5977915233674271,3.0,5.0
14.71,0.03689713063350235,-0.03920698263737978,1.831135501547902,-1.2140868963821494,-0.01861596571940763,0.00235652399179795,-0.005098875460726966,-0.105359952572229,-0.07007112852852132,0.5958499985501757,-0.9999999999999998,5.0,-34.78704228808105,36.45958187509137,-0.11340271271009855,-0.0761639260963258,0.5987312476750735,-3.0,5.0
14.72,0.03860384730600418,-0.04068685699671633,1.027782757844538,-0.5352566915883671,-0.016297650628672552,-0.00010692338066234808,-0.0052894679959728874,-0.11124031874803356,-0.07472504445162553,0.5968034906826313,1.0000000000000002,5.0,-37.59855907095025,38.888413669046706,-0.11712068492383813,-0.07937896037472976,0.5996639670799978,3.0,5.0
14.73,0.03950603645399989,-0.04131676698207545,0.19912565763694134,0.15970946970540945,-0.013872099366735655,-0.002663354001433198,-0.004468573976271094,-0.11479652169577609,-0.07782835715210407,0.5977500318637414,-0.9999999999999998,5.0,-39.63299530641521,40.51172327409077,-0.11835272464351863,-0.0809316698525826,0.6005896554070717,-3.0,5.0
14.74,0.0395780258564499,-0.04107623449955919,-0.6374959636760517,0.8562443361818891,-0.011389861888808922,-0.005259363033852589,-0.004642886219240259,-0.11595961731835629,-0.0793080018469737,0.5986895955632334,1.0000000000000002,5.0,-40.84183467893271,41.29073318658099,-0.11712271294093649,-0.08078764654184334,0.6015082866617094,3.0,5.0
14.75,0.03881351035830793,-0.039965521923293876,-1.4644547829983336,1.5396264370891761,-0.008903101183324724,-0.007840258964671524,-0.003819280117618366,-0.11466593790125551,-0.07911806417938133,0.5996221554300516,-0.9999999999999998,5.0,-41.193876412661155,41.20195063862616,-0.11337225848415472,-0.07892812651178895,0.6024198350305063,-3.0,5.0
14.76,0.03722182404714056,-0.03800080176491572,-2.264203282832509,2.195329348187405,-0.006464376403290893,-0.01035136676609356,-0.004004600329584891,-0.11094812727806286,-0.07725425985092449,0.6005476852930087,1.0000000000000002,5.0,-40.675609567540945,40.2423527522102,-0.1072303166548702,-0.07539045552246765,0.6033242748818799,3.0,5.0
14.77,0.03483184790539993,-0.03521889492810792,-3.019648499955236,2.8092909213518165,-0.004125660223696719,-0.012739027559197187,-0.0032055851461872467,-0.10484546907159356,-0.07374099515512028,0.6014661591614316,-0.9999999999999998,5.0,-39.292027658026036,38.42501090981344,-0.09874281086512428,-0.07022773045931609,0.6042215807667004,-3.0,5.0
14.780000000000001,0.031687539512266556,-0.03167166700105676,-3.7145131930054895,3.368252922863575,-0.00193711067388549,-0.01495189599067108,-0.0034286540668162224,-0.09649275528007445,-0.06864437097471976,0.6023775512258039,1.0000000000000002,5.0,-37.06624619435992,35.7835086932076,-0.08814004148855532,-0.06354774679431922,0.6051117274189207,3.0,5.0
14.790000000000001,0.02785110494171807,-0.027430006039684623,-4.3336888677591565,3.8600076986839986,5.3876152955968214e-05,-0.016941885518220325,-0.0026798391465986844,-0.08602844982325245,-0.06205775603698645,0.603281835858402,-0.9999999999999998,5.0,-34.0395461404435,32.366792800072076,-0.07556414436643046,-0.05547114109925314,0.6059946897561961,-3.0,5.0
14.8,0.023397815029152138,-0.02257748745846823,-4.863559974137077,4.273702698568246,0.0018038126865411656,-0.018665363627464262,-0.002964585541573292,-0.07368144008606739,-0.054113323345048564,0.6041789876139294,1.0000000000000002,5.0,-30.270222087820844,28.24282759510391,-0.061334430348882335,-0.04616889065311068,0.6068704428805116,3.0,5.0
14.81,0.018418501388533313,-0.01721366514379411,-5.292305388953964,4.600040132098938,0.00327394076265391,-0.02008394900218505,-0.002287701583101828,-0.05967717615450038,-0.044966206736618206,0.6050689812301439,-0.9999999999999998,5.0,-25.83287441439838,23.492708911074285,-0.045672912222933376,-0.035819090128187854,0.6077389620787873,-3.0,5.0
14.82,0.013013748900051626,-0.011447109232362548,-5.610157486399386,4.831523499267057,0.004431209335700903,-0.021165515481327016,-0.0026531834516551438,-0.044322534214943275,-0.03480470178717873,0.6059517916284815,1.0000000000000002,5.0,-20.816540233454408,18.213623519885385,-0.028967892275386167,-0.02464319683773926,0.6086002228234944,3.0,5.0
14.83,0.007295833597983853,-0.005398143339706888,-5.809626192208581,4.962589417970679,0.0052488872945021916,-0.021884758566711616,-0.0020641943090484297,-0.02791024466982797,-0.02383319680333438,0.6068273939146754,-0.9999999999999998,5.0,-15.323317798858122,12.512324873766588,-0.011497955124712671,-0.01286169181949003,0.6094542007732575,-3.0,5.0
14.84,0.0013824349332059328,0.000808586101127321,-5.885669874422407,4.989777856236758,0.005707298039166985,-0.02222393391589257,-0.002522922379407843,-0.010802258841855872,-0.01228128479412604,0.6076957633793709,1.0000000000000002,5.0,-9.465893630940222,6.507525420500104,0.006305726986116228,-0.0007293727849176992,0.6103008717734576,3.0,5.0
14.85,-0.0046018179667836326,0.00704174510908524,-5.8358222556521735,4.911780745250353,0.005794158987771498,-0.022173128952790642,-0.0020305971621148704,0.006667072051195374,-0.000385766134483323,0.6085568754987349,-0.9999999999999998,5.0,-3.365640237246574,0.32288857467048904,0.02413640294424662,0.011509752525159393,0.6111402118568268,-3.0,5.0
14.86,-0.010531928170900264,0.013171010830947818,-5.660259190601652,4.72952379171891,0.005505018237419399,-0.02173068305872756,-0.00258738750882716,0.024108603651275654,0.011600986450579914,0.609410705935061,1.0000000000000002,5.0,2.8502946375382354,-5.9109685448908715,0.04155013525135593,0.023587739035643148,0.6119721972440392,3.0,5.0
14.870000000000001,-0.01628117443145637,0.019064863949025606,-5.361816645835854,4.44612329832118,0.004843277674022686,-0.020903124041390417,-0.002192459922735956,0.04117589476616347,0.023429573814605684,0.6102572305373707,-0.9999999999999998,5.0,9.051229484270207,-12.063769638849738,0.05824318588105128,0.035258161178631446,0.6127968043442997,-3.0,5.0
14.88,-0.021727773677824323,0.02459832952508101,-4.94594599447834,4.066874727488891,0.0038203013143091394,-0.019705243310911464,-0.0028439199371434196,0.05748317487658234,0.034845542624989505,0.6110964253420086,1.0000000000000002,5.0,15.10609243341077,-18.003753128431754,0.07379045498700121,0.046261511435373326,0.6136140097559224,3.0,5.0
14.89,-0.02675349353342326,0.029650694913804978,-4.420620301467508,3.599116778118488,0.002455105031006848,-0.018159684684379958,-0.002538914024722671,0.07270287684982657,0.045608048538313434,0.6119282665732344,-0.9999999999999998,5.0,20.88578318250676,-23.60502896233399,0.08792257882307081,0.056370554451637356,0.6144237902669121,-3.0,5.0
14.9,-0.03125017212603931,0.03411306021214415,-3.7961800714598373,3.052129674297065,0.000774133456157557,-0.01629667657807912,-0.0032736139749102383,0.08648331348070065,0.05548172169897979,0.6127527306438092,1.0000000000000002,5.0,26.26632132824758,-28.745698332546,0.10026375011157475,0.06535539485964614,0.6152261228555336,3.0,5.0
14.91,-0.0351180784458234,0.03788575309480818,-3.085134465455978,2.4369133609754154,-0.0011893727673340756,-0.014153289791000351,-0.003043360277672637,0.09854559573493316,0.06425499989035333,0.6135697941555773,-0.9999999999999998,5.0,31.13109678621236,-33.31504016160762,0.11060787798916567,0.07302827808172688,0.6160209846908817,-3.0,5.0
14.92,-0.03827207508824505,0.0408854691234487,-2.301908710262201,1.7660061515436303,-0.003395906712405853,-0.011772857719033029,-0.0038426855638341462,0.1086003820503791,0.07173144614197018,0.6143794339000437,1.0000000000000002,5.0,35.3737917253164,-37.21134715541476,0.11865516836582504,0.07920789239358703,0.6168083531334425,3.0,5.0
14.93,-0.040639523452872826,0.04304217730315957,-1.4625558323195316,1.0531912490795552,-0.005800612111103205,-0.009203947930297053,-0.003665493797737498,0.11644357399145006,0.07774732618512009,0.6151816268589458,-0.9999999999999998,5.0,38.90029368510636,-40.3487204903257,0.12428676593252103,0.08376320622826999,0.6175882057356525,-3.0,5.0
14.94,-0.04216590217263232,0.044305662047795784,-0.5844253930940129,0.3132532566997319,-0.008354068677601913,-0.006499528170094745,-0.004505115492866424,0.12187157139649346,0.08216197708590205,0.6159763502048226,1.0000000000000002,5.0,41.63117565989895,-42.65441345685929,0.12729956880153687,0.086576627986684,0.6183605202424525,3.0,5.0
14.950000000000001,-0.042812089728495366,0.044641753354500595,0.3141909042169848,-0.4383665213900908,-0.011003430447552465,-0.003715721322058998,-0.004354513946471264,0.12477523200370016,0.08487426116010531,0.616763581301576,-0.9999999999999998,5.0,43.50307142900322,-44.0750428359249,0.12767889261090687,0.08758654523430856,0.6191252745918365,-3.0,5.0
14.96,-0.042559294638549114,0.04403813008780608,1.214442574342168,-1.185852714029258,-0.013693393379069827,-0.0009107972344216662,-0.0052063621592698915,0.12505318370471477,0.0858116590312121,0.6175432977050299,1.0000000000000002,5.0,44.47053261590625,-44.573270026068116,0.12533113540572938,0.08674905690231888,0.6198824469153914,3.0,5.0
14.97,-0.041405598266336836,0.04249976334622164,2.0973116073256124,-1.9133867393105803,-0.016367472726638414,0.0018562000848119978,-0.005053264940323813,0.1227036740373519,0.08494532183856976,0.6183154771634836,-0.9999999999999998,5.0,44.50670833074341,-44.1332841495037,0.12035416436998903,0.08407898464592742,0.6206320155388445,-3.0,5.0
14.98,-0.03937010891545783,0.040053901107143505,2.9440165760352643,-2.6054419653942236,-0.018969063193258695,0.004526538970967891,-0.005887845487074905,0.11773564850338225,0.08227766520619964,0.61908009761826,1.0000000000000002,5.0,43.60444807748147,-42.756704090789626,0.11276762296941262,0.07961000857382954,0.6213739589825895,3.0,5.0
14.99,-0.03648870840680312,0.03674467820479634,3.736407974347663,-3.247153103090689,-0.02144276009205534,0.007043199800284174,-0.0057029706931946995,0.11025828867896663,0.07785585598709466,0.61983713720425,-0.9999999999999998,5.0,41.77618431334602,-40.46724780946783,0.102780928854551,0.07343404676798969,0.6221082559622202,-3.0,5.0
15.0,-0.03281740649503682,0.03263727034958609,4.4573595360387595,-3.8245958462251157,-0.023735413257451196,0.009351936022418357,-0.00649183436154895,0.10038975001977368,0.07175780702023414,0.6205865742504508,1.0000000000000002,5.0,39.05421189076643,-37.305802839879554,0.09052121136058075,0.06565975805337362,0.6228348853890532,3.0,5.0
15.01,-0.02842730119944048,0.027811693819709476,5.091134067738647,-4.32512691708222,-0.025797391720544748,0.01140259619768803,-0.00624817260033237,0.08834437959672703,0.06410406448253352,0.6213283872805004,-0.9999999999999998,5.0,35.48973799113242,-33.33426377205799,0.07629900917368038,0.05645032194483288,0.6235538263706494,-3.0,5.0
15.02,-0.02340717711814195,0.02236618680205911,5.623729053183394,-4.737621056936906,-0.02758353173273568,0.01315005645744579,-0.0069663307435900105,0.07433920285032963,0.05504223687796782,0.6220625550132071,1.0000000000000002,5.0,31.152337315987175,-28.629788207248026,0.06033402610393222,0.04598040927340213,0.6242650582113268,3.0,5.0
15.030000000000001,-0.01785775599252045,0.01641029060730617,6.043181415475649,-5.052755927791129,-0.029054248046248277,0.014555365420369108,-0.006641456374104776,0.058679007662755425,0.04475738357586292,0.622789056363073,-0.9999999999999998,5.0,26.12820362543332,-23.287854319357358,0.04301881247518121,0.03447253027375802,0.6249685604126709,-3.0,5.0
15.040000000000001,-0.01189364691587668,0.010067582300166411,6.339837878465605,-5.263182543859859,-0.030176283946962305,0.015586454388672842,-0.0072695382204110755,0.04166086075249999,0.0334550440873354,0.6235078704408147,1.0000000000000002,5.0,20.51884944512305,-17.415788242198033,0.02464271384224455,0.02215270459880788,0.6256643126740398,3.0,5.0
15.05,-0.005637024581657963,0.003468191167478386,6.506571805645715,-5.363733526262911,-0.030923583822468487,0.01621901924054511,-0.00684756605888601,0.02365742747573274,0.021370356267857854,0.6242189765538771,-0.9999999999999998,5.0,14.438661299153535,-11.135160171240333,0.005653994198965492,0.009285668448380307,0.6263522948930644,-3.0,5.0
15.06,0.0007809044097119647,-0.0032489369129872735,6.538954727770388,-5.351508349277363,-0.031277768522745324,0.016436932118405013,-0.00737353205724307,0.00501996876604132,0.008749972387180444,0.6249223542069436,1.0000000000000002,5.0,8.01297742024622,-4.574731848450364,-0.013617489943650099,-0.0038704114934969653,0.627032487166143,3.0,5.0
15.07,0.007226607946011827,-0.009943884210628421,6.435365450636584,-5.225989612686321,-0.031228702851611185,0.016232795391648663,-0.006846549453268317,-0.013839579881279086,-0.004139754121075022,0.6256179831024405,-0.9999999999999998,5.0,1.3751089592744068,2.1276328555773976,-0.03269912852859949,-0.01702948062933049,0.6277048697889311,-3.0,5.0
15.08,0.013563038659744871,-0.01647374254356595,6.1970471693646285,-4.989031405456154,-0.030774641682939897,0.015608002719963507,-0.007266809850895907,-0.0325465454806413,-0.017031581334760813,0.6263058431410373,1.0000000000000002,5.0,-5.336016454040956,8.83240067375365,-0.051253511080003526,-0.029923408548446603,0.6283694232568275,3.0,5.0
15.09,0.0196565022080326,-0.02270058235233825,5.8280978524155875,-4.644875808944859,-0.02992245083066372,0.014572926948923579,-0.006635655938818504,-0.05068204389779607,-0.029649701315671975,0.6269859144221414,-0.9999999999999998,5.0,-11.979157904892537,15.396724504524448,-0.06881754231495084,-0.04226782129658314,0.6290261282654536,-3.0,5.0
15.1,0.025375510514620583,-0.028489433528296467,5.335406801115987,-4.200040693580842,-0.028687396372023187,0.01314660729391726,-0.006955491871862279,-0.06788117847758007,-0.04172883019116351,0.627658177244388,1.0000000000000002,5.0,-18.413324668403813,21.682021795258773,-0.08508031305736408,-0.053807959066655045,0.6296749657111278,3.0,5.0
15.11,0.030597572399196735,-0.03371612814739301,4.728525183330856,-3.663236977336053,-0.027093006023746737,0.011356563392368641,-0.006229809105305961,-0.08375147624910757,-0.05300656873876058,0.6283226121061254,-0.9999999999999998,5.0,-24.50116387784817,27.55235134465377,-0.09962177402063507,-0.06428430728635764,0.6303159166913375,-3.0,5.0
15.120000000000001,0.03520784933371354,-0.0382650309862789,4.019485985232938,-3.045160606874119,-0.02517050385040677,0.009238116582461802,-0.0064630509135761545,-0.09797064417964368,-0.0632422888133017,0.6289791997058948,1.0000000000000002,5.0,-30.111483273581058,32.88188720002169,-0.11218981211017981,-0.07347800888784281,0.6309489625052029,3.0,5.0
15.13,0.03910563209039308,-0.042036512398653955,3.2225636671284876,-2.358319478832688,-0.022958329434096956,0.00683385377774421,-0.0056605943600118395,-0.11020421766524834,-0.07220905113095843,0.6296279209429052,-0.9999999999999998,5.0,-35.12247293331533,37.55306657983127,-0.12243779115085299,-0.08117581344861516,0.6315740846539366,-3.0,5.0
15.14,0.04220257184620927,-0.04494419641369635,2.3539913508207113,-1.6167425097347068,-0.02050125010431367,0.00419262180706126,-0.005828573890211781,-0.12020219797368134,-0.0797118174432431,0.6302687569175041,1.0000000000000002,5.0,-39.423939506452456,41.463714468667725,-0.13020017828211436,-0.08721458375552776,0.6321912648413008,3.0,5.0
15.15,0.044428629713443225,-0.046921848047262085,1.4316280531147352,-0.8357328762069534,-0.017849584310820742,0.0013686946615659567,-0.004973826201168977,-0.12771527216950304,-0.0855784752547124,0.6309016889316417,-0.9999999999999998,5.0,-42.920122097553914,44.52472835931135,-0.13522834636532471,-0.0914451330661817,0.6328004849740546,-3.0,5.0
15.16,0.04572968868898838,-0.047919944346219066,0.4745958185131288,-0.031514255690079374,-0.015058051176484453,-0.0015794920007967464,-0.005103681369542636,-0.132589740274636,-0.08967695546992996,0.6315266984893313,1.0000000000000002,5.0,-45.531411082696714,46.66663478604929,-0.13746420837976897,-0.09377543568514753,0.6334017271624003,3.0,5.0
15.17,0.04607280443791986,-0.0479118068301541,-0.49711895603055734,0.779066507070596,-0.012184770095758971,-0.004590390903167018,-0.004225880609775391,-0.13468177738204162,-0.09190498285498845,0.6321437672971043,-0.9999999999999998,5.0,-47.196549134891406,47.836612400410935,-0.13677381448944725,-0.09413301024004694,0.6339949737204235,-3.0,5.0
15.18,0.045443053118948744,-0.04688935526439415,-1.4630786596017664,1.5789303232241496,-0.009289930416710005,-0.007600778510323526,-0.00434834625574643,-0.1339501951336537,-0.09220576538105255,0.6327528772644601,1.0000000000000002,5.0,-47.87364804583262,48.004306567001336,-0.13321861288526576,-0.09250654790711663,0.6345802071665272,3.0,5.0
15.19,0.043847968363107566,-0.04486837726851121,-2.402826604681169,2.3510860684700803,-0.006434659180006403,-0.010546923590927178,-0.0034790848251908643,-0.13036837460811695,-0.09055619145210872,0.6333540105043106,-0.9999999999999998,5.0,-47.54161485119291,47.15804535374969,-0.12678655408258022,-0.0889066175231649,0.6351574102238622,-3.0,5.0
15.200000000000001,0.0413135424685611,-0.04188339161452802,-3.296315994290694,3.0790295095963662,-0.0036796100743188747,-0.01336608687903218,-0.003625949116106659,-0.12401458312295921,-0.08698087304474174,0.6339471493334206,1.0000000000000002,5.0,-46.20033671789527,45.309798499751054,-0.11766079163780148,-0.08340555463737476,0.6357265658207505,3.0,5.0
15.21,0.037887801589411664,-0.03799201834836135,-4.124339797148898,3.74705637190423,-0.0010838036440588448,-0.01599769798710469,-0.002796540408476782,-0.11498139786550339,-0.08153863791021732,0.6345322762728417,-0.9999999999999998,5.0,-43.87123528782965,42.49050698223575,-0.10594821260804757,-0.07609640277569289,0.636287657091105,-3.0,5.0
15.22,0.03363594809139971,-0.03326895253834975,-4.868939283555191,4.340639025392159,0.0012967571386204228,-0.018384806901869905,-0.0029979767876814225,-0.103463501445305,-0.07433484449597483,0.6351093740483424,1.0000000000000002,5.0,-40.59655808567532,38.75414328760617,-0.0919456050251066,-0.06713105108173234,0.6368406673748446,3.0,5.0
15.23,0.028643098026159084,-0.02780947365598851,-5.513795605512135,4.846702577617242,0.0034101660870298023,-0.020475156839612048,-0.002236808580694593,-0.08966462549039492,-0.06550615910450558,0.6356784255908328,-0.9999999999999998,5.0,-36.43903641957438,34.17214891828355,-0.07586574953548482,-0.05667747371303633,0.6373855802183037,-3.0,5.0
15.24,0.023008624750806717,-0.02172260578682984,-6.044582858807176,5.2539505299979075,0.005209865013730476,-0.022222477602369096,-0.0025188066905172833,-0.07388296008757281,-0.055231205289271314,0.6362394140367833,1.0000000000000002,5.0,-31.480296309741014,28.836628141961352,-0.058101294684750684,-0.04495625147403705,0.6379223793746349,3.0,5.0
15.25,0.016848153798889414,-0.015133878201185419,-6.449288063443277,5.553076766183262,0.00665553954345725,-0.02358734917750373,-0.0018489044441747367,-0.05641585627841179,-0.043713760554698965,0.6367923227286393,-0.9999999999999998,5.0,-25.819670595596126,22.853963008529867,-0.038948752469250766,-0.03219631582012662,0.6384510488042072,-3.0,5.0
15.26,0.0102872361168512,-0.008177817761035227,-6.718477901206412,5.737015293149133,0.007714140267480089,-0.024538238789047068,-0.0022310182260527403,-0.03764318779137825,-0.031191944358548794,0.6373371352152303,1.0000000000000002,5.0,-19.571816875622204,16.347246332916573,-0.018870519304344715,-0.018670128162398623,0.6389715726750034,3.0,5.0
15.27,0.00346275944497736,-0.0010001373724002113,-6.845519368823489,5.801066025988727,0.008360506375688956,-0.025052066233056357,-0.0016680268702096374,-0.017930243851182377,-0.0179201042024908,0.6378738352521737,-0.9999999999999998,5.0,-12.864806559723256,9.449214179348203,0.0017827000890134961,-0.004648264046432813,0.6394839353630037,-3.0,5.0
15.280000000000001,-0.003483862104531902,0.006250235281041887,-6.826736194397221,5.743049787469998,0.008578077968358747,-0.02511490671749062,-0.002161634326406112,0.002290440844942853,-0.004176872561820699,0.6384024068022733,1.0000000000000002,5.0,-5.83710545861055,2.3040895169065596,0.022511125541068086,0.009566359078849403,0.6399881214525724,3.0,5.0
15.290000000000001,-0.010405649574919093,0.013419313957780205,-6.661510430840521,5.5633327563993324,0.008359180456484401,-0.02472219285264804,-0.0017123947163125463,0.02261741283022733,0.009753873401784931,0.6389228340359141,-0.9999999999999998,5.0,1.3648747413471596,-4.939968312273264,0.04294438481551181,0.023684619365390562,0.6404841157368362,-3.0,5.0
15.3,-0.017157123091383366,0.02035624268168148,-6.352313529683177,5.264875631866479,0.00770537421127649,-0.023879032489728495,-0.00231962335473553,0.04259934920907775,0.0235756555868515,0.6394351013314491,1.0000000000000002,5.0,8.590221635528323,-12.129385692247359,0.06258128558792816,0.03739743777191807,0.6409719032180541,3.0,5.0
15.31,-0.0235933912992387,0.026911536919304264,-5.904678914567247,4.8531499531064854,0.006627360374063975,-0.022600012040459264,-0.0019814718489896553,0.061833902525853794,0.03699889383174554,0.6399391932755838,-0.9999999999999998,5.0,15.686274764285624,-19.112965210826214,0.08106845584262984,0.050422132076639585,0.6414514691079878,-3.0,5.0
15.32,-0.029577214028917567,0.032945222041841915,-5.327103059275316,4.3360791115855335,0.005144943878484822,-0.02090911030680933,-0.002694889805254861,0.07988689365196706,0.04973375479016037,0.6404350946637538,1.0000000000000002,5.0,22.502246024044545,-25.740515947441747,0.09793988477808034,0.06246861574857521,0.6419227988282639,3.0,5.0
15.33,-0.034977960427164494,0.03832488894427019,-4.630889830524025,3.723848780887894,0.0032865527123468142,-0.01883910095605863,-0.002455750188188533,0.0963909199379234,0.061509596374753825,0.6409227905004979,-0.9999999999999998,5.0,28.892014097710874,-31.87061717760334,0.11289494622387974,0.07328543795934728,0.6423858780107301,-3.0,5.0
15.34,-0.0396784121391586,0.04293351473258252,-3.829927823067776,3.0287465549597417,0.001088822642036125,-0.01643107716491935,-0.0032588597973249285,0.11096393347514417,0.07206750197422278,0.6414022659998253,1.0000000000000002,5.0,34.71765133374517,-37.36908655169293,0.12553694701236495,0.08262540757369173,0.6428406924978074,3.0,5.0
15.35,-0.04357333837271772,0.046667074147461386,-2.9404180941540528,2.264877694479539,-0.0014042455196136496,-0.013733484875385943,-0.0030981308653007735,0.12330686707299468,0.0811791548543408,0.6418735065855787,-0.9999999999999998,5.0,39.85199037983521,-42.116448838131085,0.1356498006708452,0.09029080773445883,0.643287228342839,-3.0,5.0
15.36,-0.046575799665308296,0.04944179814356329,-1.9805445393184815,1.4479188198355137,-0.004142039114095894,-0.010801306129262046,-0.003966634246462755,0.1331208809957018,0.0886385572182091,0.6423364978917907,1.0000000000000002,5.0,44.18179288017015,-46.005981597802595,0.14293489491840888,0.09609795958207741,0.6437254718104267,3.0,5.0
15.370000000000001,-0.048615116930648065,0.051191116352638094,-0.9701066445687836,0.5947583279705295,-0.007068482915367944,-0.007694786332700288,-0.003856809273525403,0.14020333377540262,0.09427985985871848,0.6427912257630365,-0.9999999999999998,5.0,47.609834204860256,-48.950641921766525,0.14728578655510347,0.09992116249922785,0.6441554093767738,-3.0,5.0
15.38,-0.0496424746723988,0.05187215324511263,0.06989105198775736,-0.2768129622403448,-0.010123060799422599,-0.004478353631450124,-0.00476054991114391,0.14436308287666344,0.09796782736194055,0.6432376762547799,1.0000000000000002,5.0,50.0574758446453,-50.88046122303972,0.1485228319779243,0.10165579486516263,0.6445770277300102,3.0,5.0
15.39,-0.049628109090761985,0.05146183018252252,1.1176712457481024,-1.1485107406303086,-0.013242189474159108,-0.0012191301202355283,-0.0046694415504176835,0.14551425763628098,0.09961422984051187,0.6436758356337154,-0.9999999999999998,5.0,51.466051246557036,-51.74872521371637,0.14666543239589852,0.10126063231908318,0.644990313770522,-3.0,5.0
15.4,-0.04856606591619086,0.04996246039584127,2.151142080099691,-2.0019010692446337,-0.01636041553278092,0.0020143120325984364,-0.005574867461820803,0.1435891549560005,0.099166715266777,0.6441056903781038,1.0000000000000002,5.0,51.798650781512286,-51.528541174569455,0.14166405227572004,0.09871920069304213,0.6453952546112691,3.0,5.0
15.41,-0.04647049611589639,0.04739690770701288,3.148358617795913,-2.8188281504812074,-0.019411911450702177,0.0051535460032953555,-0.005468258775265377,0.13862944956307993,0.0966234859737829,0.6445272271781036,-0.9999999999999998,5.0,51.04064764658698,-50.21812657710558,0.1336697441701594,0.09408025668078879,0.6457918375781031,-3.0,5.0
15.42,-0.04337949284243249,0.0438132156742719,4.087991005171098,-3.5817608493798208,-0.02233173883482964,0.008131581544399857,-0.006341206676537153,0.13069642238496323,0.09202036879629526,0.6449404329360963,1.0000000000000002,5.0,49.200568064237245,-47.836439561085804,0.12276339520684652,0.08741725161880762,0.6461800502100742,3.0,5.0
15.43,-0.03935045703631091,0.039278798236567894,4.949776312897627,-4.274206772934878,-0.02505735275543438,0.010884447074248613,-0.006185710515568228,0.11995945450303852,0.0854436399070074,0.6453452947670064,-0.9999999999999998,5.0,46.309666534648905,-44.427504811894906,0.10922248662111382,0.07886691101771956,0.6465598802597369,-3.0,5.0
15.44,-0.03446301464726867,0.033884118984238695,5.714957556401551,-4.88102893140685,-0.027529814890247882,0.013352406753885361,-0.006994280502302379,0.10660354730491814,0.07701523261402543,0.6457417999986172,1.0000000000000002,5.0,42.421829347367606,-40.0550755094681,0.09324764010679776,0.06858682532104346,0.64693131569345,3.0,5.0
15.450000000000001,-0.028813492398647,0.027735970335494985,6.366687359722342,-5.388814303022586,-0.029695189962976216,0.015481408739370296,-0.006760168833289176,0.09091517360007981,0.06690372846466532,0.6461299361718802,-0.9999999999999998,5.0,37.612187429495776,-34.806005324603184,0.07522679989524148,0.05679222431530521,0.6472943446916692,-3.0,5.0
15.46,-0.02251699407617245,0.02096029927904771,6.89040065166197,-5.786130180037224,-0.03150559508385331,0.017224111152293806,-0.00747744823159017,0.0731872766352951,0.055307798880451176,0.6465096910412187,1.0000000000000002,5.0,31.97608210873079,-28.783991398532986,0.05545937967051041,0.043711869296237035,0.6476489556492344,3.0,5.0
15.47,-0.015701102381017948,0.013694709407022762,7.274135133487606,-6.063818789327412,-0.03292037954726588,0.0185410855969358,-0.007141212203740825,0.05380277591157907,0.04246553547031833,0.6468810525748281,-0.9999999999999998,5.0,25.626784861420305,-22.112081948983704,0.034418275187863036,0.029623272060185484,0.647995137175656,-3.0,5.0
15.48,-0.008507265153421786,0.00609060285702592,7.508805548016996,-6.215167533503139,-0.03390690890513522,0.019401549566258797,-0.007747616602074067,0.033137447536417466,0.028636372084965285,0.6472440089549686,1.0000000000000002,5.0,18.69363381233672,-14.925628089358684,0.012472119161255867,0.014807208699612242,0.6483328780953901,3.0,5.0
15.49,-0.001083906176679977,-0.0016948930088197499,7.588412463700495,-6.236107080991676,-0.03444143613929783,0.01978423343009011,-0.00729403753519459,0.011641584373806163,0.014109069862313141,0.6475985485782544,-0.9999999999999998,5.0,11.319006029123521,-7.374090737102964,-0.00985427878880514,-0.0004182323603389975,0.6486621674481117,-3.0,5.0
15.5,0.006412667449497057,-0.009497237652343418,7.510193871834823,-6.1252766188170495,-0.0345095399729346,0.019677740161587534,-0.007779066072585622,-0.010258655360704059,-0.0008175020238783432,0.647944660055936,1.0000000000000002,5.0,3.6558047468832906,0.38660236134478776,-0.032158895095214274,-0.01574407391006983,0.648982994488981,3.0,5.0
15.51,0.013825510253444868,-0.017152872866096576,7.274702826887533,-5.884110656744371,-0.03410662019394951,0.019081011120827565,-0.007202615745141295,-0.03208077123407315,-0.015827293117773054,0.6482823322141787,-0.9999999999999998,5.0,-4.136105026539738,8.192725303106181,-0.05390288710744223,-0.030837084211667767,0.649295348688907,-3.0,5.0
15.52,0.020996355287874788,-0.02449771747473411,6.8858221410309115,-5.516789004888435,-0.03323793776506246,0.01800326433314579,-0.007565864328373867,-0.05338537937329875,-0.03060695235416891,0.6486115540943341,1.0000000000000002,5.0,-11.892821260874655,15.880742488754258,-0.07468998751252434,-0.04538661159056476,0.6495992197348004,3.0,5.0
15.530000000000001,0.027772946209003772,-0.03137560112909604,6.35070221645236,-5.030206722232063,-0.031918697854571486,0.01646402734817893,-0.006871307011190948,-0.07369614737654817,-0.04483915013114474,0.6489323149532075,-0.9999999999999998,5.0,-19.45024698213915,23.286184474898107,-0.0940069153797976,-0.059071347908120575,0.6498945975298275,-3.0,5.0
15.540000000000001,0.03400830137550012,-0.037636651114379874,5.679635961415874,-4.4338081171151895,-0.030173672178996472,0.014492640187996293,-0.007122643575574851,-0.09259925781283841,-0.058222577989723245,0.6492446042633194,1.0000000000000002,5.0,-26.647151611191838,30.251699966714824,-0.11150236824912865,-0.07160600584830175,0.6501814721936552,3.0,5.0
15.55,0.03956785333939117,-0.04314547333273965,4.885859828337352,-3.7394440546617957,-0.028036867583749694,0.012127859655063135,-0.006324777842317843,-0.10966293786507117,-0.0704651089413195,0.6495484117131617,-0.9999999999999998,5.0,-33.32900466500019,36.625849212258366,-0.12672661791730394,-0.08270763989291574,0.6504598340626886,-3.0,5.0
15.56,0.044328383662899325,-0.04777914571587046,3.98529783204864,-2.9610990563328743,-0.0255507460363627,0.009416949613907351,-0.006483653149819801,-0.12453611328152368,-0.08130335611314805,0.6498437272074485,1.0000000000000002,5.0,-39.35088291931045,42.270928271749646,-0.1394092886979762,-0.0921416032849766,0.6507296736903091,3.0,5.0
15.57,0.04818470244116747,-0.05143487256379348,2.996240394366895,-2.1146497461173883,-0.022765511547145213,0.006414897350391854,-0.005606203227987029,-0.1368667384857817,-0.0904951201289613,0.6501305408673618,-0.9999999999999998,5.0,-44.581006378780614,47.06139322514234,-0.14919736369003972,-0.09968688414477454,0.6509909818471016,-3.0,5.0
15.58,0.05104800127680942,-0.05402732826884093,1.9389775165752798,-1.2175032741780718,-0.019737977403053577,0.003183148994697038,-0.0057001432826957734,-0.14639888364806608,-0.09783797607067835,0.6504088430307906,1.0000000000000002,5.0,-48.90320944639051,50.8911806092209,-0.15593102881035042,-0.10518083201239538,0.6512437495210771,3.0,5.0
15.59,0.05285184053564595,-0.055495551796364444,0.8353805479204817,-0.28827921775233034,-0.01653053688722024,-0.0002114881569524581,-0.004773881620320045,-0.15288916112807632,-0.10316050917435396,0.6506786242525668,-0.9999999999999998,5.0,-52.219910890628434,53.67150285906496,-0.15937943860808657,-0.10848304227802959,0.6514879679178958,-3.0,5.0
15.6,0.053549713492758236,-0.05579943567480935,-0.2915458004561966,0.6536147074400324,-0.01320975780811055,-0.003698376513559866,-0.004836277493238664,-0.15620160998396873,-0.10633947404552638,0.6509398753046935,1.0000000000000002,5.0,-54.45390006020052,55.3374274650476,-0.15951405883986114,-0.10951843891669881,0.6517236284610737,3.0,5.0
15.610000000000001,0.05312016419900107,-0.054925688272241695,-1.4181451017241749,1.588348203576506,-0.0098451300778968,-0.007204358457368611,-0.0038965262402593896,-0.1562216654309424,-0.107289415220514,0.6511925871765691,-0.9999999999999998,5.0,-55.550516593999944,55.84483350483149,-0.15624172087791605,-0.10823935639550163,0.6519507227921958,-3.0,5.0
15.620000000000001,0.05156341949215795,-0.05288333227626511,-2.5206014062927617,2.4961237722800353,-0.006507491725795495,-0.010655441232757362,-0.003963898009722059,-0.1529483821049001,-0.10597805669237419,0.6514367510752054,1.0000000000000002,5.0,-55.478557046173506,55.17607131343239,-0.14967509877885782,-0.10466669816423438,0.6521692427711141,3.0,5.0
15.63,0.04890553124828119,-0.049708638684616425,-3.5754448188352743,3.3575562284267026,-0.0032676665283848513,-0.013978198996286611,-0.0030476115946890528,-0.14640559284238258,-0.10241403455730134,0.6516723584254407,-0.9999999999999998,5.0,-54.231503643575245,53.33593782465983,-0.13986280357986505,-0.0988500124222285,0.6523791804761468,-3.0,5.0
15.64,0.04519400961604198,-0.04545958069505621,-4.56004669892919,4.154124489211346,-0.00019484137459472618,-0.01710148487851742,-0.003156569961397143,-0.13673123020045713,-0.09666031948137764,0.6518994008701477,1.0000000000000002,5.0,-51.827428198565435,50.3563136565514,-0.12705686755853166,-0.09090660440545394,0.6525805282042692,3.0,5.0
15.65,0.04050096427938135,-0.04021972876771184,-5.453107113360283,4.868529899244443,0.002644781997325753,-0.01995779457345464,-0.0022992391244021147,-0.12408555312740263,-0.08881994416976055,0.6521178702704351,-0.9999999999999998,5.0,-48.30918722816299,46.291095800076285,-0.11143987605434814,-0.08097956885814345,0.6527732784712974,-3.0,5.0
15.66,0.034917755633721966,-0.03409169324769812,-6.235111015505555,5.485109559968835,0.005189532634193895,-0.02248487466197499,-0.0024833969004228592,-0.10873756777218102,-0.07904742465601325,0.652327758705844,1.0000000000000002,5.0,-43.74328293503623,41.21979388242456,-0.09338958241695942,-0.06927490514226593,0.6529574240120708,3.0,5.0
15.67,0.028557193810609855,-0.02720005738895894,-6.88875645906882,5.990139616780583,0.0073834799257687855,-0.024626918923083094,-0.0017160329717913006,-0.09097044637441443,-0.0675325329203016,0.6525290584745396,-0.9999999999999998,5.0,-38.21902808099436,35.24144587671053,-0.07320332497664783,-0.05601764118458996,0.653132957780626,-3.0,5.0
15.68,0.021547307629464336,-0.019683927844635372,-7.399332432873323,6.372178019993392,0.009177781331419822,-0.026335948932490576,-0.002003126399128065,-0.07116529321811119,-0.05450985129644924,0.6527217620934963,1.0000000000000002,5.0,-31.846411273081777,28.47724289132577,-0.05136014006180793,-0.04148716967259687,0.6532998729503665,3.0,5.0
15.69,0.01403274047688657,-0.011699064808817328,-7.755051146858935,6.622283096447868,0.01053163859848711,-0.027572726594700538,-0.0013495814590123324,-0.04970411877166588,-0.04024080624954853,0.6529058622986788,-0.9999999999999998,5.0,-24.75432197956463,21.06353976174779,-0.02824294432522058,-0.02597176120264782,0.653458162914226,-3.0,5.0
15.700000000000001,0.006167812719105138,-0.00340973646717134,-7.947314261124288,6.734259139984419,0.01141334168632549,-0.028307800515845565,-0.001759047238976912,-0.027051424135510333,-0.025021649629829293,0.6530813520452159,1.0000000000000002,5.0,-17.08755205058885,13.153660671699908,-0.004398729499354784,-0.00980249301011006,0.6536078212848272,3.0,5.0
15.71,-0.0018826767449554565,0.005009724602286032,-7.9709201379537555,6.70476732470764,0.011800876788866658,-0.02852204057656442,-0.0012339010200472153,-0.0036553048640584444,-0.009164119390305522,0.6532482245075708,-0.9999999999999998,5.0,-9.004251848215544,4.910194439902892,0.01974081440739344,0.006693410849218247,0.6537488418946354,-3.0,5.0
15.72,-0.009950856840493202,0.01338350544171795,-7.82419415796547,6.533455351771624,0.01168258472024593,-0.028207270296423424,-0.0017751199122537397,0.019972482016147552,0.006997721709965023,0.6534064730797042,1.0000000000000002,5.0,-0.6722746734386157,-3.4937954578167054,0.04360026889635355,0.023159562810235564,0.6538812187961043,3.0,5.0
15.73,-0.01786531519307402,0.02153304928792023,-7.509051977321617,6.222946526594132,0.011057353945305586,-0.02736635984892382,-0.0013823197046756428,0.043356544193417224,0.02312771167374175,0.6535560913752329,-0.9999999999999998,5.0,7.7338977374173385,-11.882938071810422,0.06674060637068689,0.039257701637518475,0.6540049462618187,-3.0,5.0
15.74,-0.025458692598536503,0.02928577986608314,-7.030980754449443,5.778844211425035,0.009934843086013037,-0.026013398459877476,-0.0020536842469036443,0.0659785030574227,0.03888136006424961,0.6536970732275826,1.0000000000000002,5.0,16.0372028624256,-20.07866359494498,0.08860046192142819,0.05463500845475748,0.6541200187846321,3.0,5.0
15.75,-0.03256725271466021,0.036473821522706465,-6.398951339020453,5.209594973007421,0.008335226253261776,-0.024173318642238782,-0.0017860631187783986,0.08737730386848208,0.053926391480278855,0.6538294126901361,-0.9999999999999998,5.0,24.061316165029343,-27.907537615774448,0.10877610467954146,0.0689714228963081,0.6542264310777961,-3.0,5.0
15.76,-0.03903836418839016,0.042942549610854225,-5.625249630972883,4.526369026900542,0.0062889654157422,-0.021881600847357185,-0.002574959669503565,0.10706970769205512,0.06793653391658082,0.6539531040363733,1.0000000000000002,5.0,31.63478900906485,-35.20038064904204,0.12676211151562816,0.08194667635288277,0.6543241780750852,3.0,5.0
15.77,-0.04472980816834282,0.04854898182658081,-4.725243278433085,3.7428039327421665,0.003836112652894012,-0.01918344087967969,-0.0024146859420173914,0.1246500037290696,0.0806117769918302,0.6540681417600103,-0.9999999999999998,5.0,38.594300712249215,-41.80045582882834,0.1422302997660841,0.09328702006707956,0.6544132549309212,-3.0,5.0
15.780000000000001,-0.04951685291429921,0.05316985078052609,-3.7170750280448868,2.8747726986141395,0.0010256559181310815,-0.016133018386766677,-0.0032984053437606553,0.13970947219050686,0.0916715761728995,0.6541745205751277,1.0000000000000002,5.0,44.78857307760999,-47.56228640571415,0.15476894065194413,0.10273137535396881,0.6544936570204802,3.0,5.0
15.790000000000001,-0.0532910160546689,0.05669937756498598,-2.6213018657665064,1.9400246728571449,-0.0020855797087578937,-0.012792258134675352,-0.003218338406706946,0.15193465509418308,0.10087423824252316,0.654272235416298,-0.9999999999999998,5.0,50.081246027588136,-52.35939123431713,0.16415983799785933,0.11007690031214681,0.654565379939809,-3.0,5.0
15.8,-0.055966466769184965,0.059056598683288414,-1.460474030617152,0.9578626208801432,-0.0054339529995515645,-0.009229731174249873,-0.004165851396839882,0.16102499272849988,0.10800898057604147,0.6543612814387045,1.0000000000000002,5.0,54.35426957060784,-56.08250840472318,0.17011533036281667,0.11514372290955976,0.6546284195059242,3.0,5.0
15.81,-0.05747800177498993,0.06018228097162384,-0.2586755482525953,-0.051293628614757725,-0.00895042981654054,-0.005519095642861483,-0.004131702110827362,0.1667889190848085,0.11291392177895204,0.654441654018256,-0.9999999999999998,5.0,57.51012075222698,-58.646606769881295,0.17255284544111715,0.11781886298186262,0.6546827717569104,-3.0,5.0
15.82,-0.057786563219711706,0.060045294242123785,0.958977439322755,-1.0662918417062373,-0.012561879178927128,-0.0017377314073268777,-0.0051061617327115985,0.16905901755292807,0.11546652399273682,0.6545133487516956,1.0000000000000002,5.0,59.474413795015124,-59.988269918557535,0.1713291160210476,0.1180191262065216,0.6547284329520144,3.0,5.0
15.83,-0.05687625036808047,0.05863849578180271,2.1668570707619406,-2.0657285442720807,-0.016192716028672095,0.002035025698146994,-0.005079286338325674,0.1677853804898927,0.11559977705109507,0.6545763614567045,-0.9999999999999998,5.0,60.19722774688778,-60.07176928778288,0.16651174342685732,0.11573303010945332,0.6547653995717311,-3.0,5.0
15.84,-0.05475881301068574,0.055984017685785176,3.339365187304228,-3.0283605026040776,-0.019766356235074004,0.005719391049460344,-0.006041056324352644,0.16294783000728846,0.11329068165742742,0.6546306881719994,1.0000000000000002,5.0,59.654737890514696,-58.88543011168305,0.1581102795246842,0.11098158626375976,0.654793668317884,3.0,5.0
15.85,-0.05146959971664861,0.05212803371722813,4.451471314721512,-3.9335940300100787,-0.023206953928547353,0.009236970623062418,-0.005981656921641122,0.15464620423571096,0.1085743621123575,0.6546763251574252,-0.9999999999999998,5.0,57.84949529795468,-56.44662786399159,0.14634457846413346,0.10385804256728759,0.6548132361137028,-3.0,5.0
15.860000000000001,-0.04707097106523214,0.0471449200706316,5.479248977382797,-4.7618856258365625,-0.026440884255607963,0.012512271578504916,-0.006891617819620039,0.14300943040790862,0.10153040876353217,0.654713268894042,1.0000000000000002,5.0,54.81096245345278,-52.797041240123455,0.13137265658010627,0.09448645541470682,0.6548241001038925,3.0,5.0
15.870000000000001,-0.04164717369317754,0.04113091048098191,6.400385829419379,-5.495201554224557,-0.029398440593525383,0.0154744742694644,-0.006762084995902588,0.12828265503372788,0.09229482547219732,0.6547415160842058,-0.9999999999999998,5.0,50.59467215790729,-48.006522607986106,0.11355587965954712,0.08305924218086247,0.6548262576546975,-3.0,5.0
15.88,-0.03530670803980771,0.03420718365766523,7.1946698053455655,-6.117370365827385,-0.032015209691870675,0.018058805593514644,-0.007584942899618028,0.11073321916010269,0.08104422786489451,0.6547610636516453,1.0000000000000002,5.0,45.28164115186514,-42.167235682698525,0.0931837832864775,0.06979363025759172,0.6548197063539637,3.0,5.0
15.89,-0.028176207925130682,0.026512506440141602,7.844427679990573,-6.614476858755848,-0.03423359558387667,0.020208106331093004,-0.007353060390209153,0.09073481487360532,0.06800571313329565,0.6547719087415311,-0.9999999999999998,5.0,38.97642937679975,-35.396445003012516,0.07073641058710795,0.054967198401696796,0.6548044440111886,-3.0,5.0
15.9,-0.020401886218409795,0.01820539247146387,8.334919603768071,-6.9751327470317,-0.03600395894034885,0.021873936240305022,-0.008060379068626281,0.06867067475797672,0.0534390915295028,0.6547740487205416,1.0000000000000002,5.0,31.80549971036285,-27.829630052264722,0.04660653464234811,0.038872469925709946,0.6547804686575729,3.0,5.0
15.91,-0.012142584726598368,0.009455919997308064,8.65466779998131,-7.190774149847603,-0.03728584725761147,0.02301781478518642,-0.007702118062728116,0.04501519065620162,0.03764494266364879,0.6547674811769212,-0.9999999999999998,5.0,23.914291690061827,-19.62233063644247,0.021359706554426525,0.021850793797794782,0.65474777854606,-3.0,5.0
15.92,-0.0035705007407730496,0.00044718675242317804,8.795725185240963,-7.255823107199923,-0.03804878835706493,0.023611947761115935,-0.008274814722817204,0.020234868817614868,0.020945226150583723,0.6547522039205348,1.0000000000000002,5.0,15.464685368432049,-10.942416871029875,-0.004545453020971882,0.004245509637518657,0.6547063721513757,3.0,5.0
15.93,0.00513635565978335,-0.008633438735076724,8.753864649329927,-7.167865454013561,-0.03827312953500192,0.023640045333439844,-0.007776476250837508,-0.005131932880220583,0.003689945314286694,0.6547282149829158,-0.9999999999999998,5.0,6.631288374873673,-1.971208927979407,-0.030498734578056033,-0.013565335522010336,0.6546562481700586,-3.0,5.0
15.94,0.01379388770083629,-0.01759327852933026,8.528697608392605,-6.927684713743751,-0.037950402790861926,0.023097590379333153,-0.008206562804265741,-0.03057553632698475,-0.013763375478030047,0.6546955126173085,1.0000000000000002,5.0,-2.401760284340539,7.1048439424138,-0.05601913977374891,-0.03121669627034679,0.6545974055204866,3.0,5.0
15.950000000000001,0.022219756761872492,-0.026243350186669786,8.123705665559795,-6.5393069853382375,-0.03708370726555413,0.021992172087727094,-0.0075660782846383185,-0.05553626333017782,-0.03104387538258321,0.6546540952987056,-0.9999999999999998,5.0,-11.44502177923117,16.093486534117808,-0.08049699033337088,-0.04832437528713637,0.6545298433428965,-3.0,5.0
15.96,0.03023325270030743,-0.034397417747238375,7.5461972718689845,-6.009899258113864,-0.035687598773401115,0.02034325376468657,-0.00785749061509894,-0.07950556987372234,-0.047788423059035426,0.6546039617238794,1.0000000000000002,5.0,-20.30731888374327,24.80526304513742,-0.10347487641726685,-0.06453297073548764,0.6544535609994009,3.0,5.0
15.97,0.03766312086063127,-0.041880916588183936,6.807176613733443,-5.349678976098371,-0.033787987481852924,0.018182000266742906,-0.007084759031033538,-0.10194749871357277,-0.0636360259860097,0.6545451108114082,-0.9999999999999998,5.0,-28.800170580901927,33.05295897885994,-0.12438942755342318,-0.079483628912984,0.6543685580739949,-3.0,5.0
15.98,0.04434725173670724,-0.04852975522593399,5.921140054210976,-4.571680148482232,-0.03142154380571245,0.015550544669161994,-0.007253191525651068,-0.12239946958685845,-0.07824879565507575,0.6544775417016969,1.0000000000000002,5.0,-36.7413889451773,40.660156015459066,-0.1428514404601441,-0.09286156532414179,0.6542748343725631,3.0,5.0
15.99,0.050140167181054504,-0.05419882592631466,4.905790758667287,-3.6915366438501964,-0.02863512380045372,0.012501330219195892,-0.006369411307291531,-0.14039291521645925,-0.09130593042799917,0.6544012537569915,-0.9999999999999998,5.0,-43.959379688239295,47.460454045824925,-0.15838636084606003,-0.10436306520092259,0.6541723899228753,-3.0,5.0
16.0,0.05491221521728424,-0.05876023481609442,3.781690134210201,-2.7271306751399162,-0.02548472418313842,0.009095917551929848,-0.006441156710072828,-0.15555279635607847,-0.10252393534563647,0.6543162465613891,1.0000000000000002,5.0,-50.29643712056592,53.305640263945556,-0.17071267749569768,-0.11374194026327376,0.6540612249745817,3.0,5.0
16.01,0.05855641673603069,-0.0621110943417388,2.571839842890005,-1.6982696594588644,-0.022034487944759186,0.005403903111500779,-0.005477194653746992,-0.16751652781638782,-0.11164955420680149,0.6542225199208413,-0.9999999999999998,5.0,-55.61258012745391,58.06436650866567,-0.1794802592766972,-0.12077517306796651,0.653941339999198,-3.0,5.0
16.02,0.060986888640185616,-0.06417090292824511,1.301215907368274,-0.6262417873618344,-0.018355279771990057,0.0015013479576921947,-0.005487073246189536,-0.17603138183213285,-0.11847865328837637,0.6541200738631536,1.0000000000000002,5.0,-59.78822859847593,61.62962515689511,-0.1845462358478779,-0.12530775236995123,0.6538127356900902,3.0,5.0
16.03,0.06214480210988793,-0.06488837173821087,-0.0037487444415331694,0.46658445615528565,-0.014523360545643939,-0.002530628786579777,-0.004480994663973722,-0.18087094254697714,-0.12284755827836995,0.6540089086379766,-0.9999999999999998,5.0,-62.727278910318375,63.91659837681345,-0.18571050326182142,-0.12721646326836353,0.6536754129624454,-3.0,5.0
16.04,0.06199581851842246,-0.06423774299314124,-1.315709550149719,1.5572647411290952,-0.01061868747029963,-0.006607685425703114,-0.004469534809048561,-0.1819297277100142,-0.12465011570512735,0.6538890247167949,1.0000000000000002,5.0,-64.35889298765306,64.86918760677248,-0.18298851287305123,-0.12645267313188474,0.6535293729532499,3.0,5.0
16.05,0.06053498184826705,-0.0622244815243739,-2.6069852348426923,2.6227206810500894,-0.00672337531008439,-0.010643861855111948,-0.0034634916265205524,-0.1791366079963986,-0.1238270173697743,0.6537604227929081,-0.9999999999999998,5.0,-64.63957741442994,64.45681724849848,-0.176343488282783,-0.12300391903442127,0.653374617021248,-3.0,5.0
16.06,0.05778303211957226,-0.058880407495879514,-3.850137271308852,3.6402658789323707,-0.0029198502248902448,-0.014553541335720083,-0.0034735891591360576,-0.1725462024343034,-0.12038070027822403,0.6536231037814073,1.0000000000000002,5.0,-63.55388742118533,62.67984084959698,-0.1659557968722082,-0.11693438318667378,0.6532111467469051,3.0,5.0
16.07,0.05379014201172688,-0.05426817667523011,-5.018554829490492,4.5880490057075285,0.0007107647592895804,-0.018253106448308652,-0.0025103196156661487,-0.1622489472129019,-0.11436240522937466,0.6534770688191456,-0.9999999999999998,5.0,-61.11535453799941,59.56516696550777,-0.15195169199150038,-0.10834411018052527,0.6530389639323604,-3.0,5.0
16.080000000000002,0.048631065388242675,-0.04847520161885565,-6.087019721996889,5.4455606609221325,0.004090499058881437,-0.02166287655164097,-0.0025836507260351346,-0.14845908630771606,-0.10588475372197355,0.6533223192647033,1.0000000000000002,5.0,-57.36599661457579,55.17045749178009,-0.13466922540253023,-0.09740710221457244,0.6528580706013766,3.0,5.0
16.09,0.04240772446466123,-0.041616945754289314,-7.032252432467886,6.194037053304615,0.007146079014080398,-0.02470866329738259,-0.0017028806571541648,-0.13142135278695874,-0.0951064750401133,0.653158856698348,-0.9999999999999998,5.0,-52.376033937781905,49.57854097796938,-0.11438361926620143,-0.08432819635825306,0.6526684689992821,-3.0,5.0
16.1,0.03524324873327876,-0.03382970897450641,-7.833414386282422,6.816907943131716,0.009810634926753195,-0.027323533118312995,-0.0018763675572478428,-0.11149566095715732,-0.08224269240162474,0.6529866829219879,1.0000000000000002,5.0,-46.24219563390148,42.9004193108621,-0.09156996912735589,-0.06937890976313618,0.6524701615929078,3.0,5.0
16.11,0.027283516115566966,-0.025272861082442005,-8.472568709687991,7.300122993334923,0.012025033552935322,-0.029449116422060797,-0.0011114155986975708,-0.08906064855159496,-0.06754744873279073,0.6528057999591214,-0.9999999999999998,5.0,-39.08626558189523,35.268535611732,-0.0666256361460326,-0.0528522050639567,0.6522631510705217,-3.0,5.0
16.12,0.018690232008585217,-0.016120664641553976,-8.935076281784895,7.6325054775345915,0.0137393074287906,-0.0310370571162967,-0.0014140439915200167,-0.0645954565813262,-0.051321928105719734,0.6526162100547791,1.0000000000000002,5.0,-31.05227699222186,26.838706267995985,-0.04013026461105747,-0.03509640747864874,0.6520474403417524,3.0,5.0
16.13,0.009641617585184975,-0.0065636646019033885,-9.209931424647518,7.805969366009595,0.014913649340231802,-0.032049948348474515,-0.0007889200613580841,-0.03858064918935333,-0.03389509799503311,0.6524179156754624,-0.9999999999999998,5.0,-22.304028784744375,17.78240815176993,-0.012565841797380455,-0.016468267884346487,0.6518230325375123,-3.0,5.0
16.14,0.0003247617865306668,0.0032001950782090498,-9.290016548283061,7.815750942617524,0.015519450039718588,-0.032462355558353855,-0.0012391819226278058,-0.011577718575705907,-0.015630269464204163,0.6522109195090744,1.0000000000000002,5.0,-13.021355254720962,8.287845328854845,0.015425212037941515,0.002634559066624787,0.6515899310099107,3.0,5.0
16.15,-0.009064275389258991,0.012964734559614685,-9.17228297081266,7.660493464961315,0.015539855424573217,-0.03226128137139874,-0.0007664307526431588,0.015871872160975388,0.003095662899724374,0.6519952244648473,-0.9999999999999998,5.0,-3.3968424390323517,-1.4484945955037254,0.04332146289765668,0.02182159526365291,0.6513481393321661,-3.0,5.0
16.16,-0.0183285405090076,0.022524808025995956,-8.85784041027077,7.342338747903336,0.014970330205113,-0.0314466830744342,-0.0013706169847035447,0.043168620751452655,0.021886772748216387,0.6517708336732628,1.0000000000000002,5.0,6.368559548496699,-11.221353805563558,0.07046536934192991,0.040677882596708397,0.6510976612985098,3.0,5.0
16.17,-0.027270347469886463,0.031675677780615,-8.351965787608577,6.866867089607023,0.013818714040830576,-0.030031407646074412,-0.0010500991134678613,0.06975690577391938,0.04034965808546491,0.6515377504859681,-0.9999999999999998,5.0,16.06931991265867,-20.825563821459518,0.09634519079638612,0.05881254342271342,0.650838500924084,-3.0,5.0
16.18,-0.03569944688040566,0.04022231388122875,-7.664017425400549,6.243042446699358,0.01210526757538585,-0.02804116611381326,-0.0018015980453091748,0.09504738379581412,0.05808845415334993,0.651295978475685,1.0000000000000002,5.0,25.500045373395093,-30.055800640363,0.12033786181770888,0.07582725022123495,0.6505706624448359,3.0,5.0
16.19,-0.04343310315025658,0.04797861483892993,-6.807268964180484,5.48300736069701,0.00986220517425182,-0.02551392359782024,-0.001620324257664268,0.11851886405722545,0.07472650366267668,0.6510455214361149,-0.9999999999999998,5.0,34.459416697994556,-38.71550569134192,0.14199034431863677,0.09136455317200343,0.6502941503174049,-3.0,5.0
16.2,-0.050304005307659196,0.05477637269278531,-5.798652780307218,4.601887616951516,0.007133222818662745,-0.02249933831967231,-0.002499999256648109,0.1396401469300472,0.08990113195997228,0.6507863833818378,1.0000000000000002,5.0,42.75487816647771,-46.61651942660972,0.16076142980286895,0.10507576025726788,0.6500089692190064,3.0,5.0
16.21,-0.05615991488446364,0.06046398379562452,-4.658430865672582,3.6174541395710342,0.003972528948249064,-0.019057637318833292,-0.0024330471698204843,0.15797083480357588,0.10328473027915491,0.650518568548205,-0.9999999999999998,5.0,50.20636284527141,-53.587699062792844,0.17630152267710453,0.11666832859833756,0.6497151240473067,-3.0,5.0
16.22,-0.06087098477105883,0.06491473817935596,-3.4097864531938296,2.549804967591789,0.0004438974277038831,-0.015258573172851167,-0.003410676582823389,0.17308162059753848,0.11457860464137037,0.650242081391228,1.0000000000000002,5.0,56.65059146057575,-59.474072438453696,0.1881924063915011,0.12587247900358584,0.6494126199202966,3.0,5.0
16.23,-0.064328663759853,0.06802470196266538,-2.078357635157131,1.4209174810845424,-0.003380739343766809,-0.011179859881371774,-0.003423127152305611,0.1846530919278831,0.12353281076730449,0.6499569265874592,-0.9999999999999998,5.0,61.944234753219945,-64.1448084119733,0.19622456325822774,0.1324870168932386,0.649101462176153,-3.0,5.0
16.240000000000002,-0.06645213533684993,0.06972004211537268,-0.6917092608625526,0.2542361311875587,-0.007422628493430851,-0.006905741802400879,-0.004459799903565453,0.19239359536038364,0.12993845670780635,0.649663109033871,1.0000000000000002,5.0,65.96748780437473,-67.49156828133184,0.20013409879288416,0.13634410264830824,0.6487816563731066,3.0,5.0
16.25,-0.06718622308953943,0.06995382748209787,0.7212329865442924,-0.9258520577395633,-0.0115979392972229,-0.002525102360048363,-0.004509544675319682,0.19613524711026875,0.13364572416517326,0.6493606338477255,-0.9999999999999998,5.0,68.62636040274269,-69.4355345305938,0.1998768988601539,0.13735299162254017,0.6484532082892887,-3.0,5.0
16.26,-0.0665067315798482,0.06871217742316191,2.1307878029830163,-2.094487216081033,-0.015819374194833744,0.0018702262501165664,-0.005560822703824837,0.1957486910963917,0.1345541266825553,0.6490495063664404,1.0000000000000002,5.0,69.8552493466897,-69.92470031851417,0.19536213508251465,0.1354625291999373,0.6481161239225852,3.0,5.0
16.27,-0.06441717756889748,0.06600981617507978,3.507137080071943,-3.2268979701623675,-0.019998115381744133,0.006187539686211845,-0.00560201706679485,0.19123575418523145,0.13262829727898168,0.6487297321474504,-0.9999999999999998,5.0,69.6181170258324,-68.9397376221905,0.1867228172740712,0.13070246787540807,0.6477704094904806,-3.0,5.0
16.28,-0.06095290472970362,0.06189493014784637,4.820958507712048,-4.2988864765635775,-0.024045566018052883,0.01033505875742071,-0.0066216084285142945,0.18264066872101958,0.1278858696024983,0.6484013169680614,1.0000000000000002,5.0,67.9098649106992,-66.49005129543369,0.1740455832568077,0.12314344192601488,0.647416071429894,3.0,5.0
16.29,-0.0561765622897793,0.05644341324518993,6.044045520009453,-5.2873830591062605,-0.02787534997232879,0.014224031914359262,-0.006608488459875922,0.1701390856531103,0.12041079442363448,0.6480642668252997,-0.9999999999999998,5.0,64.75625102798824,-62.618362546759016,0.157637502585201,0.11293571924477067,0.6470531163970149,-3.0,5.0
16.3,-0.050180967031478146,0.04976242497083142,7.149914559965961,-6.170902516779983,-0.03140502748019879,0.01777047616225169,-0.007552128240888394,0.1539456245975903,0.11033870711853963,0.6477185879357564,1.0000000000000002,5.0,60.21396627203928,-57.39545590760658,0.13775216354207032,0.10026661981344477,0.6466815512671265,3.0,5.0
16.31,-0.04308335556964611,0.04198337393646315,8.114373571522266,-6.930048465948829,-0.03455799062772126,0.020897141536515236,-0.007442874102703391,0.13439926155758117,0.09786774079906045,0.6473642867354255,-0.9999999999999998,5.0,54.36924579715173,-50.92346066737745,0.11485289851757202,0.08539677447958127,0.6463013831344325,-3.0,5.0
16.32,-0.035027072439565425,0.03326427846572021,8.916052600038471,-7.547898697937127,-0.037264997694713205,0.02353503471914935,-0.008272088516954105,0.11186737759708727,0.08324145372435016,0.6470013698795368,1.0000000000000002,5.0,47.33665788593958,-43.32932840226329,0.08933549363659338,0.06861516664963987,0.6459126193118709,3.0,5.0
16.330000000000002,-0.026174726093058348,0.02378164266937867,9.53687185462981,-8.010419271123064,-0.03946581356377113,0.025625090976246788,-0.008032409001790823,0.0868278440653986,0.06675731766782603,0.6466298442423841,-0.9999999999999998,5.0,39.256473880814106,-34.76690463364186,0.06178831053370994,0.0502731816113019,0.6455152673309258,-3.0,5.0
16.34,-0.016708882048552302,0.01373182372121955,9.962450070670126,-8.306742091809614,-0.04111042010784467,0.02711933565425514,-0.008717843367480707,0.059770038857043586,0.04874748581568937,0.6462497169171462,1.0000000000000002,5.0,30.29228813478442,-25.40928222960598,0.032712233648688575,0.030737653963552707,0.6451093349414325,3.0,5.0
16.35,-0.006824347028875853,0.003322050500561809,10.18243095770307,-8.429455858982525,-0.04216027012971328,0.02798213158471461,-0.00832397517506892,0.03127423528164694,0.029585333667458413,0.6458609952157041,-0.9999999999999998,5.0,20.627316781346337,-15.449858942644752,0.0027784317062502957,0.010423181519227456,0.6446948301113777,-3.0,5.0
16.36,0.0032718673816253888,-0.007228911598948316,10.190733429394491,-8.37474762311228,-0.04258905649954255,0.028190862173662994,-0.00884799880632271,0.00191031736235895,0.00966453415532503,0.645463686668452,1.0000000000000002,5.0,10.461067601696557,-5.093808898758838,-0.02745360055692904,-0.010256265356808356,0.6442717610266959,3.0,5.0
16.37,0.013368831315920903,-0.01770027360079775,9.985706628140564,-8.142547619516014,-0.04238347900894986,0.02773665626220887,-0.008288859243516224,-0.027684685473203473,-0.01059580199289473,0.6450577990241024,-0.9999999999999998,5.0,0.004830714330605328,5.441590007080511,-0.0572796883087659,-0.030856138141114486,0.643840136091054,-3.0,5.0
16.38,0.023252131738252246,-0.027868906391446267,9.570198971747354,-7.736517644503085,-0.0415434905639663,0.02662451527199296,-0.008647217307193311,-0.056909248186894024,-0.030773127791578574,0.6446433402494877,1.0000000000000002,5.0,-10.522299565201518,15.93604650364695,-0.08613381090058457,-0.05095045359026242,0.6433999639256434,3.0,5.0
16.39,0.032712376221916195,-0.03751900994901874,8.951525996469785,-7.164038823375639,-0.04008251603898239,0.024873460240333975,-0.007925516897573348,-0.08512065918407576,-0.05043704739773597,0.6442203185293529,-0.9999999999999998,5.0,-20.898407157366023,26.166309120880484,-0.11333207018125749,-0.07010096700389337,0.6429512533689488,-3.0,5.0
16.4,0.04154565783430602,-0.046441756488167604,8.14135013848839,-6.436042331343048,-0.03802713682257765,0.022516071319817983,-0.008127876502125828,-0.11173797103928054,-0.0691716787053565,0.6437887422661471,1.0000000000000002,5.0,-30.90301937816163,35.915446539395575,-0.13835528289448532,-0.08790631001297702,0.6424940134765298,3.0,5.0
16.41,0.049561899323029096,-0.054444722271924886,7.1554612140855465,-5.566842244662508,-0.035416746153761426,0.019598049699757314,-0.007260083065107627,-0.13616505752672364,-0.08657122490942593,0.6433486200798056,-0.9999999999999998,5.0,-40.32218292496763,44.97289476567866,-0.16059214401416672,-0.10397077111349537,0.6420282535207811,-3.0,5.0
16.42,0.056584971100721325,-0.061351099869028494,6.013474714129723,-4.573817376609224,-0.03230268017753772,0.016177186909432997,-0.007329412034941852,-0.15789276084234222,-0.10226194208021627,0.6428999608075294,1.0000000000000002,5.0,-48.952625797245034,53.143534282183765,-0.1796204641579608,-0.1179526592510066,0.641553982990701,3.0,5.0
16.43,0.06246050725000541,-0.06700851336748104,4.738440550141052,-3.477104464579372,-0.028747341587265385,0.012322383616669125,-0.006344553208999057,-0.17642060679261787,-0.11589694223174925,0.6424427735035582,-0.9999999999999998,5.0,-56.60653406328939,60.247339747277415,-0.19494845274289352,-0.12953194238328222,0.6410712115916443,-3.0,5.0
16.44,0.06705532394755545,-0.07128744006217809,3.356383065419326,-2.2991525792327496,-0.024822832172943204,0.008112114550204087,-0.0063153676534263735,-0.1913570964492527,-0.12717703256707621,0.6419770674389368,1.0000000000000002,5.0,-63.115223540945124,66.12787244233827,-0.20629358610588755,-0.13845712290240317,0.6405799492450728,3.0,5.0
16.45,0.07026437812147016,-0.07408907662571586,1.895768387831649,-1.064303900635978,-0.020609621910988724,0.0036329925903528593,-0.005252756686022578,-0.20233908768739436,-0.13584405172711955,0.6415028521012797,-0.9999999999999998,5.0,-68.33324433501343,70.6511690955787,-0.21332107892553603,-0.14451107088716292,0.6400802060883082,-3.0,5.0
16.46,0.07200918776349065,-0.07534267223616443,0.3869230440182383,0.20174678706275495,-0.016194780828679402,-0.0010221613864191447,-0.005168369445337808,-0.2091293211024193,-0.14169993237189552,0.6410201371945251,1.0000000000000002,5.0,-72.14121124040948,73.71331213527654,-0.2159195545174442,-0.14755581301667148,0.6395719924742614,3.0,5.0
16.47,0.07224367182674343,-0.07501218870787697,-1.138597383132654,1.4724466093849289,-0.011670310123304398,-0.005756081098398302,-0.004074431129442107,-0.21153265917232322,-0.14459798631575274,0.6405289326386886,-0.9999999999999998,5.0,-74.44891455825656,75.23825337061456,-0.21393599724222717,-0.14749604025960997,0.639055318971179,-3.0,5.0
16.48,0.07095135393727883,-0.07309233477276125,-2.648663389726506,2.720979044065743,-0.007131106349719416,-0.010469235917885452,-0.003983419348700749,-0.20949015695730863,-0.1444596829879204,0.6400292485696075,1.0000000000000002,5.0,-75.1970242762904,75.18419767090772,-0.20744765474229404,-0.14432137966008807,0.6385301963623645,3.0,5.0
16.490000000000002,0.0681499128837512,-0.0696138613652456,-4.111249964360306,3.920789730538756,-0.0026731013038873274,-0.015061762757002103,-0.0029078714021883393,-0.20299160405711872,-0.14126346409621698,0.6395210953386832,-0.9999999999999998,5.0,-74.35896504267096,73.54014287608233,-0.19649305115692883,-0.13806724520451358,0.6379966356459102,-3.0,5.0
16.5,0.06388705086048609,-0.06463819344728898,-5.495110935084619,5.046188747512287,0.001608884009280216,-0.01943573066606358,-0.0028600504365884254,-0.19216573257965297,-0.13505891618532379,0.639004483512615,1.0000000000000002,5.0,-71.94130024290092,70.33090896710668,-0.1813398611021872,-0.12885436827443056,0.6374546480344105,3.0,5.0
16.51,0.058243690335149666,-0.058261314608316156,-6.770448135226006,6.072860467750592,0.005623025802136627,-0.023497068139569963,-0.001851753587690704,-0.17718881133469794,-0.12595289810488428,0.6384794238731302,-0.9999999999999998,5.0,-67.98422992494429,65.61228086665405,-0.1622118900897429,-0.11684688002444477,0.6369042449546758,-3.0,5.0
16.52,0.05132849900124323,-0.05060700973667817,-7.909548040498918,6.978426262726543,0.009282584795633929,-0.027157734498809358,-0.0018939901220835131,-0.15837090385764113,-0.1141210013116531,0.6379459274167092,1.0000000000000002,5.0,-62.560569592168605,59.4746271325746,-0.1395529963805843,-0.10228910451842194,0.6363454380474465,3.0,5.0
16.53,0.0432797821516654,-0.041829411509968835,-8.887385361608025,7.742891838186161,0.012507649503275865,-0.030337466698987264,-0.0009968125033194826,-0.13606059395157263,-0.0997909971751948,0.6374040053543042,-0.9999999999999998,5.0,-55.77484411592945,52.03664863451671,-0.11375028404550416,-0.0854609930387365,0.6357782391670891,-3.0,5.0
16.54,0.03425876977683936,-0.03210498463991657,-9.68216743669279,8.349125634914227,0.015226998416408639,-0.032965686137061315,-0.0011690279918151487,-0.11072753869040611,-0.0832517060853648,0.6368536691110533,1.0000000000000002,5.0,-47.76089347281298,43.44764905771059,-0.08539448342923958,-0.06671241499553479,0.635202660381301,3.0,5.0
16.55,0.024450364352316914,-0.021633920773543647,-10.275820671793714,8.783201705917017,0.01737954040544749,-0.03498290181482881,-0.00041807306893423466,-0.08286373202408526,-0.0648339979207572,0.6362949303259887,-0.9999999999999998,5.0,-38.679653796202146,33.88001014084303,-0.05499992535776439,-0.0464162897561496,0.6346187139707948,-3.0,5.0
16.56,0.01405540146211028,-0.010631103071613305,-10.654395176426103,9.034755571847214,0.01891580210598414,-0.03634220114623898,-0.0007497774470223798,-0.05306291379658746,-0.044917411400602986,0.63572780085174,1.0000000000000002,5.0,-28.715538616366818,23.53029092935212,-0.02326209556908966,-0.025000824880448778,0.6340264124289935,3.0,5.0
16.57,0.003290511741961509,0.0006733641623424998,-10.808391639010637,9.097188930128306,0.019798929025516557,-0.0370101730524257,-0.00016829891111017352,-0.021919075986868368,-0.023909150805124953,0.6351522927542314,-0.9999999999999998,5.0,-18.073110276410617,12.610659419566927,0.009224761822850727,-0.002900890209646921,0.6334257684617055,-3.0,5.0
16.580000000000002,-0.007620344007531588,0.01204388241668136,-10.732989823981251,8.967874531227121,0.020005677975818502,-0.03696786433431359,-0.0006759545327881182,0.009896438041103753,-0.0022489916536225334,0.6345684183123754,1.0000000000000002,5.0,-6.972490652702161,1.3490988226546625,0.041711952069075874,0.019411167497879883,0.6328167949868075,3.0,5.0
16.59,-0.018446561601774027,0.02323933126983051,-10.42818634289899,8.64820019952839,0.019526877640780736,-0.03621112488389468,-0.00027322812875897487,0.04173823752970456,0.019613107932234603,0.6339761900177591,-0.9999999999999998,5.0,4.354777349981189,-10.019883252029924,0.07358003701830537,0.041475207518091736,0.6321995051339101,-3.0,5.0
16.6,-0.028959717467262835,0.03402309573640149,-9.898824988160426,8.14360664108559,0.01836784599253824,-0.0347509546360619,-0.000958678007379515,0.07291105403173292,0.04121312702137642,0.6333756205743257,1.0000000000000002,5.0,15.670950161993707,-21.255584006722316,0.1040838705337613,0.06281314611051823,0.6315739122440259,3.0,5.0
16.61,-0.03893441600344207,0.0441631297075458,-9.154531407093073,7.463461502575499,0.01654825327963446,-0.03261322048370467,-0.0007290232853077526,0.10277374248536114,0.062096011912812984,0.6327667228980522,-0.9999999999999998,5.0,26.736659715861943,-32.120732137737456,0.13263643093898936,0.08297889680424955,0.6309400298692319,-3.0,5.0
16.62,-0.048157070854447086,0.05344186178573755,-8.209539663509553,6.62092789605118,0.014101931773870011,-0.02983836920672949,-0.0015791311669472753,0.13066355741344884,0.08181203703040194,0.6321495101166192,1.0000000000000002,5.0,37.31636745201405,-42.38194481356293,0.15855337234153652,0.10152806214799089,0.6302978717723204,3.0,5.0
16.63,-0.05642650573010613,0.06165592564733389,-7.082426766930819,5.632673436675606,0.011076133773575329,-0.026480517999124806,-0.0015021817924228324,0.15599966354037492,0.09993966787851723,0.6315239955690783,-0.9999999999999998,5.0,47.182963748338196,-51.8192698779114,0.18133576966730103,0.11806729872663252,0.6296474519264559,-3.0,5.0
16.64,-0.06356228911066045,0.06862552679958461,-5.795746972268847,4.518581525762483,0.007530751856186454,-0.02260656193784595,-0.0024897313798895055,0.17820633078831885,0.11608134735563602,0.630890192805512,1.0000000000000002,5.0,56.12303285156565,-60.22634640775446,0.20041299803626275,0.1322230268327548,0.6289887845148127,3.0,5.0
16.65,-0.06940469652026088,0.07419343782491332,-4.3755860489203116,3.3013143041075557,0.0035370154458784263,-0.01829469292099986,-0.002531948645812022,0.1968147916843735,0.12988538593774213,0.630248115586689,-0.9999999999999998,5.0,63.94105341294472,-67.41944334473979,0.21542325258042816,0.1436894245198482,0.6283218839302205,-3.0,5.0
16.66,-0.07382222686331917,0.07823344815168747,-2.851031215813672,2.005892173436255,-0.0008238102483751862,-0.013632981736693486,-0.003617743686308848,0.2113842420996554,0.14104039481621666,0.6295977778837151,1.0000000000000002,5.0,70.46406167600644,-73.23691853097186,0.22595369251493733,0.15219540369469123,0.6276467647747932,3.0,5.0
16.67,-0.07671058255395588,0.08064827855970425,-1.253580526254695,0.659142195760513,-0.0054621975600840375,-0.0087174292171267,-0.003735062873040979,0.22160100596277504,0.14929546845424377,0.6289391938776772,-0.9999999999999998,5.0,75.54505872486878,-77.54737131668125,0.2318177698258947,0.15755054209227087,0.6269634418595635,-3.0,5.0
16.68,-0.07799905955129437,0.08137680816243392,0.38350940277732937,-0.7108171903409077,-0.01028206561216606,-0.003650148428170099,-0.004871067660147652,0.22719639831206903,0.15445258927132877,0.628272377959284,1.0000000000000002,5.0,79.06670427426741,-80.24804851336947,0.23279179066136302,0.15960971008841376,0.6262719302041048,3.0,5.0
16.69,-0.07764827983321586,0.08039064893074986,2.025910792004103,-2.075200685264881,-0.015182891061631244,0.001462907225743667,-0.005012469740875401,0.228042370550269,0.15638450156040373,0.6275973447284995,-0.9999999999999998,5.0,80.94359767309012,-81.27179795518038,0.22888834278846892,0.1583164138494787,0.6255722450361461,-3.0,5.0
16.7,-0.0756552379476043,0.07769994300694558,3.638946114405073,-3.4051207430500816,-0.02006167637138955,0.006514000667706865,-0.006145739532088745,0.22406554399721257,0.15502457419293872,0.6269141089941732,1.0000000000000002,5.0,81.1247113153883,-80.58415376948491,0.22008871744415612,0.1536646468254737,0.6248644017911943,3.0,5.0
16.71,-0.07204962190330906,0.07334844746783505,5.188315344032646,-4.672236626922979,-0.02481523516622518,0.011396032070406181,-0.00625745972429383,0.21533879438846523,0.15038195132077609,0.6262226857736628,-0.9999999999999998,5.0,79.59430283683163,-78.18887468731278,0.2066120447797179,0.14573932844861343,0.6241484161121316,-3.0,5.0
16.72,-0.06689740940202947,0.06741781285612464,6.640826875266821,-5.849318081631362,-0.02934224642353234,0.01600465094474953,-0.0073345404079781,0.20199107763651136,0.14252856692807864,0.6255230902924547,1.0000000000000002,5.0,76.37289946767524,-74.12354874994058,0.18864336088455746,0.1346751825353812,0.6234243038488301,3.0,5.0
16.73,-0.06029573005883305,0.06002115203911232,7.965103521319126,-6.910867806730843,-0.03354553462196443,0.020240637056547384,-0.007364567291648528,0.18429474741800178,0.13161138177305404,0.6248153379837758,-0.9999999999999998,5.0,71.51671098984143,-68.4636165819022,0.1665984171994922,0.12069419661802941,0.6226920810577389,-3.0,5.0
16.740000000000002,-0.05237502538617521,0.0513058377755402,9.13226166309557,-7.833633289993319,-0.037334027073877694,0.02401187726266881,-0.008335999551664329,0.16257114468136205,0.11783647970381912,0.6240994444882035,1.0000000000000002,5.0,65.11709600896461,-61.316458369853635,0.14084754194472235,0.10406157763458421,0.6219517640014867,3.0,5.0
16.75,-0.043292527703219036,0.04144565709611149,10.116535838895043,-8.59715310488266,-0.040624846973573436,0.027235518123506948,-0.008238489111214315,0.13727379939326698,0.10147844353948324,0.6233754256532686,-0.9999999999999998,5.0,57.29846994534579,-52.82392877894509,0.11197645410517189,0.08512040737514735,0.621203369148464,-3.0,5.0
16.76,-0.033233119353050206,0.03064229123938602,10.89584836032659,-9.184169671860955,-0.04334499671332875,0.02983962556063386,-0.0090630384189774,0.10889011245337608,0.08286170837317679,0.6226432975330525,1.0000000000000002,5.0,48.21631135640806,-43.15501661004265,0.08050642551348519,0.06424497320687034,0.6204469131724039,3.0,5.0
16.77,-0.022401621458822196,0.019116277773891795,11.452298364202425,-9.581055522057747,-0.045433095185637054,0.03176493750157014,-0.008802269294252802,0.07802094214105852,0.06236737128933132,0.621903076387781,-0.9999999999999998,5.0,38.05368616705731,-32.50704402383826,0.04715177182874095,0.041873034205485854,0.6196824129519665,-3.0,5.0
16.78,-0.011022599528158457,0.0071074497222061665,11.772572569496704,-9.778087454195328,-0.04684063057370776,0.032966048657938944,-0.009450520902930035,0.045279041475991086,0.04041221082472266,0.621154778683412,1.0000000000000002,5.0,27.01797619973989,-21.09711100593027,0.01253714081092365,0.018457050360114,0.6189098855703048,3.0,5.0
16.79,0.0006682416418637045,-0.005134968627604139,11.848255344466004,-9.769718423614005,-0.04753320092773026,0.03341262289459978,-0.00900405062986853,0.011365842018918243,0.01745344611421548,0.6203984210912181,-0.9999999999999998,5.0,15.336259327398489,-9.162226423760686,-0.022547357438154596,-0.005505318596291707,0.6181293483146366,-3.0,5.0
16.8,0.012424966443646088,-0.017352594880702926,11.676043996017365,-9.55468470744393,-0.04749121406707222,0.033089983300261874,-0.009461057291881013,-0.02303240718785829,-0.0060339656332131335,0.6196340204873638,1.0000000000000002,5.0,3.2510527548713353,3.0501450485489032,-0.05743065639463482,-0.029521377380641742,0.6173408186758009,3.0,5.0
16.81,0.02400053152380042,-0.0292882554173819,11.257850903189082,-9.136101626572694,-0.04671053040106306,0.03199968760830315,-0.008821801989851169,-0.05716959791997882,-0.029553924700811935,0.6188615939524789,-0.9999999999999998,5.0,-8.985111316523865,15.282658626738876,-0.09130678865209935,-0.05307388376841074,0.6165443143478241,-3.0,5.0
16.82,0.03514800380376031,-0.040686460415740526,10.600802715074138,-8.52138902817405,-0.04520253253071462,0.03015945224718898,-0.009088547698941704,-0.09034476891297169,-0.05261284763429806,0.6180811587712244,1.0000000000000002,5.0,-21.11454787208213,27.278042190667822,-0.12351993990596455,-0.0756717705677842,0.6157398532274608,3.0,5.0
16.830000000000002,0.045629776663490385,-0.05130378511761406,9.71712274573759,-7.722183611241674,-0.04299411831994983,0.027603046544335735,-0.008265594637858396,-0.12182758386402333,-0.07471679760082628,0.617292732431856,-0.9999999999999998,5.0,-32.88023567567804,38.77995262111666,-0.15331039881507497,-0.09682074756735448,0.614927453413751,-3.0,5.0
16.84,0.055218661182535045,-0.060909129866706165,8.623911405654113,-6.754083163395504,-0.04012711489693054,0.02437953465579882,-0.0083591343100154,-0.15096321655474362,-0.09539524225851939,0.616496332625781,1.0000000000000002,5.0,-44.03084872516654,49.54298269764676,-0.1800988492454639,-0.11607368691621252,0.6141071332075558,3.0,5.0
16.85,0.06370675679355314,-0.06929365996773802,7.342815433043626,-5.636383637367227,-0.03665762409068822,0.020552501157283003,-0.007377201065351779,-0.17709706520704527,-0.11419784239170777,0.6156919772471094,-0.9999999999999998,5.0,-54.326514001219515,59.33334232043381,-0.20323091385934694,-0.13300044252489615,0.613278911111095,-3.0,5.0
16.86,0.07090598402222728,-0.07627040564831504,5.899605309287725,-4.391657881434472,-0.03265481050815506,0.016198652095383105,-0.007329445859209787,-0.19967824299794393,-0.13071743138595593,0.6148796843922028,1.0000000000000002,5.0,-63.54355561888035,67.93846315911425,-0.2222594207888426,-0.1472370203802041,0.6124428058274826,3.0,5.0
16.87,0.07665619399015644,-0.0816833356010778,4.323655983630725,-3.045340518376404,-0.02819965613815937,0.011406441173961904,-0.006227012778503275,-0.21818229192789784,-0.14458560220907923,0.614059472359214,-0.9999999999999998,5.0,-71.47974129311774,75.1670574116766,-0.23668634085785173,-0.1584537730322025,0.6115988362602476,-3.0,5.0
16.88,0.08082475203137354,-0.08540590126247022,2.647354376874092,-1.6251710969198434,-0.023383205420326778,0.0062741258330607915,-0.006082244634158946,-0.23221210503216222,-0.1554940844231213,0.6132313596476264,1.0000000000000002,5.0,-77.95830047439777,80.85789139939999,-0.24624191813642657,-0.16640256663716335,0.6107470215128635,3.0,5.0
16.89,0.08331352885125669,-0.08734888630049244,0.905432510214099,-0.16066299173820697,-0.01830483647612718,0.0009079147934729576,-0.00490849967873966,-0.24141755446048774,-0.16318835897265355,0.612395364957784,-0.9999999999999998,5.0,-82.83224391549808,84.87882079377881,-0.25062300388881326,-0.17088263352218577,0.6098873808882568,-3.0,5.0
16.9,0.08405721903806852,-0.08745758316767557,-0.8657469958917119,1.3175472360539244,-0.013070093072452195,-0.0045803775965445855,-0.004719807070623115,-0.245592872034007,-0.16748673238497835,0.6115515071904196,1.0000000000000002,5.0,-85.98727221805132,87.1343684949818,-0.24976818960752628,-0.17178510579730313,0.6090199338883265,3.0,5.0
16.91,0.08302894607401698,-0.08571815910038282,-2.6289514496041466,2.778300404833554,-0.007788622236228512,-0.010075499612150344,-0.0035306442706358166,-0.244592351488855,-0.1682713644989267,0.6106998054461759,-0.9999999999999998,5.0,-87.34482530075206,87.56341603214887,-0.243591830943703,-0.16905599661287507,0.6081447002134448,-3.0,5.0
16.92,0.08023710211182425,-0.08215326397069124,-4.346855720354032,4.190608855142033,-0.0025717596957998143,-0.01546133039033042,-0.0033555648989241926,-0.2384234993193582,-0.16550452406031077,0.6098402790251227,1.0000000000000002,5.0,-86.86358606561811,86.14531687773614,-0.2322546471498614,-0.16273768362169483,0.6072616997619635,3.0,5.0
16.93,0.07572941227467968,-0.07682677493592033,-5.982833825996357,5.524273455641382,0.002469686114997009,-0.020623172201505353,-0.0022089609030938413,-0.22715829071677013,-0.1592166242644829,0.6089729474262695,-0.9999999999999998,5.0,-84.54101896023379,82.89603266157192,-0.21589308211418204,-0.15292872446865508,0.6063709526297101,-3.0,5.0
16.94,0.06958820387976666,-0.06983776419569455,-7.501734672580975,6.750566586654455,0.007227905420253137,-0.02545034083625903,-0.0021046879735128416,-0.21102174998892237,-0.14951937462057846,0.6080978303470709,1.0000000000000002,5.0,-80.41328790973364,77.87263291745101,-0.19488520926107464,-0.13982212497667404,0.6054724791094749,3.0,5.0
16.95,0.06193290333205539,-0.06132361933762322,-8.870638606936906,7.842810431448071,0.011600261221956811,-0.029838376975065636,-0.0010558381974905002,-0.19029860769696122,-0.13659066604427206,0.6072149476829303,-0.9999999999999998,5.0,-74.55516731278217,71.1677930471403,-0.1695754654050001,-0.12366195746796563,0.6045662996905082,-3.0,5.0
16.96,0.05291377424065033,-0.051452437024305166,-10.059565489844724,8.776994315918781,0.015491620304426253,-0.03369145361511792,-0.001074388756637713,-0.16541735090147558,-0.12068459181907046,0.6063243195266957,1.0000000000000002,5.0,-67.0783246856867,62.91266559028866,-0.14053609410598994,-0.10477851759386886,0.6036524350579922,3.0,5.0
16.97,0.04271295212016972,-0.040424653123700145,-11.04213215294611,9.532261626763574,0.018816290792988973,-0.03692430557841489,-0.00017101025614518078,-0.13685251498628204,-0.1021132876468582,0.6054259661681533,-0.9999999999999998,5.0,-58.12962316010101,53.269793974217485,-0.1082876790710885,-0.08354198347464595,0.6027309060925258,-3.0,5.0
16.98,0.03153682061578362,-0.028464062118301697,-11.79613182281148,10.091411800914889,0.02150002472486613,-0.039464261443961535,-0.00035476282255237187,-0.10520462686996315,-0.08125405838870975,0.604519908093513,1.0000000000000002,5.0,-47.88785660381124,42.43447762586328,-0.07355673875364427,-0.060394829130561295,0.6018017338695922,3.0,5.0
16.990000000000002,0.019615814099302062,-0.015818218750803185,-12.304035888696092,10.44125018745058,0.02348154160414863,-0.04125271121280514,0.0003670373614784301,-0.07109873668274092,-0.058528536942281606,0.6036061659848921,-0.9999999999999998,5.0,-36.560598704726374,30.626289999163532,-0.03699284649551868,-0.03580301549585347,0.6008649396590295,-3.0,5.0
17.0,0.007195718521965048,-0.0027484017236934586,-12.55339369983895,10.572934020505848,0.024714039553519637,-0.04224659920921313,-1.0945896171237152e-05,-0.03526102961320743,-0.03440740101268475,0.6026847607197928,1.0000000000000002,5.0,-24.379610163852938,18.08918867075383,0.000576677456326051,-0.010286265083087904,0.5999205449244949,3.0,5.0
17.01,-0.005463420806795304,0.010470844071507793,-12.53713439884781,10.482150470034211,0.025166159882437745,-0.042419286382498506,0.0005079885295543945,0.001585471595759308,-0.009387446051741431,0.6017557133705733,-0.9999999999999998,5.0,-11.596514279842667,5.081946564628611,0.03843197280472604,0.015632508909201887,0.5989685713229147,-3.0,5.0
17.02,-0.018096692457527232,0.023562387445132053,-12.253750561564662,10.169278530482753,0.02482288302903579,-0.041761383846259846,-7.726774243659799e-05,0.03864655849893826,0.01600541352992362,0.6008190452039175,1.0000000000000002,5.0,1.5227890491736766,-8.122632397909157,0.07570764540211722,0.04139827311158867,0.5980090407039498,3.0,5.0
17.03,-0.030435888397383436,0.036247381337681676,-11.707372105853715,9.639374519713384,0.023685834307458964,-0.04028091538028658,0.0002343368305928473,0.07516278088244452,0.04124037776133718,0.5998747776802958,-0.9999999999999998,5.0,14.70323837483211,-21.247963916557257,0.11167900326595076,0.06647534199275074,0.5970419751094308,-3.0,5.0
17.04,-0.042219146129349835,0.048256114104356755,-10.907714975366488,8.902136959208125,0.021773491039564993,-0.038003425241840014,-0.0005539242085808129,0.11033608867582938,0.0657796265531243,0.5989229324534255,1.0000000000000002,5.0,27.66676665055991,-34.01492100919922,0.14550939646921424,0.09031887534491141,0.5960673967728148,3.0,5.0
17.05,-0.05319253186360426,0.059328804769738785,-9.869917977999107,7.971694741002686,0.019120783853149005,-0.03497140417061925,-0.0004366782881786843,0.14343608407739442,0.08910295868509352,0.597963531369722,-0.9999999999999998,5.0,40.137751970415586,-46.15229830744846,0.17653607947895947,0.11242629081706272,0.5950853281186113,-3.0,5.0
17.06,-0.06311945913782431,0.06922613244276596,-8.614257281311337,6.8663785211281185,0.0157785985065782,-0.031243665426401765,-0.0014064834887530095,0.1737262785253118,0.11070558998773726,0.5969965964677483,1.0000000000000002,5.0,51.84926621911728,-57.398017575155556,0.20401647297322917,0.132308221290381,0.594095791761827,3.0,5.0
17.07,-0.07178181436833664,0.07772946809081706,-7.165756914724454,5.608323361509568,0.0118126859240592,-0.02689405924402921,-0.0014540406843419145,0.20056927005749187,0.13012225034762648,0.5960221499776577,-0.9999999999999998,5.0,62.54837186527633,-67.50931293690071,0.2274122615896719,0.14953891070751568,0.5930988105073859,-3.0,5.0
17.080000000000002,-0.07898869179088208,0.08465060909024642,-5.553689619521801,4.2230665369953915,0.007302501510440948,-0.02201017272559815,-0.00256830790368681,0.22335125360476532,0.14692397333393498,0.5950402143206339,1.0000000000000002,5.0,72.00197155804146,-76.26341461988793,0.24613323715203875,0.1637256963202435,0.5920944073495628,3.0,5.0
17.09,-0.08457662214906748,0.08983099994138452,-3.8109910006843997,2.7389922817160057,0.0023394956335028765,-0.01669141809280176,-0.002736790839884195,0.24158481199924722,0.16074073614372147,0.5940508121083248,-0.9999999999999998,5.0,80.00146748653064,-83.4669790343238,0.2598183703937291,0.17455749895350797,0.5910826054713971,-3.0,5.0
17.1,-0.08841721506119275,0.09315025943004561,-1.9735855923088148,1.186790838176923,-0.0029746102626761273,-0.011047169903192183,-0.003945727568277911,0.25483044622669465,0.17125637133673835,0.5930539661422699,1.0000000000000002,5.0,86.36774697511349,-88.95579833156678,0.26807608045414205,0.18177200652975523,0.5900634282441052,3.0,5.0
17.11,-0.09041612115388434,0.09452402177644761,-0.07965163527792885,-0.40121335048415374,-0.008530027728418366,-0.00519436648908389,-0.004180439858028465,0.26279585155807494,0.1782289448187973,0.5920496994133279,-0.9999999999999998,5.0,90.95476795801164,-92.60305633060693,0.2707612568894552,0.18520151830085624,0.5890368992265018,-3.0,5.0
17.12,-0.09051925945238114,0.09391094001402138,1.8311734867469145,-1.9916943234032423,-0.014211040168080922,0.0007447529589290989,-0.0054255677854406995,0.26525346865727367,0.18148306668001152,0.591038035101094,1.0000000000000002,5.0,93.65328204288656,-94.3176873772063,0.2677110857564724,0.18473718854122576,0.5880030421643924,3.0,5.0
17.13,-0.08871024499028687,0.09130889034251975,3.7186176043697508,-3.5510612077853505,-0.019898532978160702,0.006645351343724325,-0.005665458903875319,0.262135397173051,0.18092738196094998,0.5900189965733169,-0.9999999999999998,5.0,94.39299417884109,-94.05113234610538,0.2590173256888284,0.18037169724188842,0.5869618809899859,-3.0,5.0
17.14,-0.08501499373102102,0.08676025950752289,5.542623863045155,-5.046127208662731,-0.025472362057353422,0.012382458125874246,-0.006884427794266065,0.2534462904522283,0.1765437669854797,0.5889926073853078,1.0000000000000002,5.0,93.14472563833422,-91.79407901494784,0.24475718373140554,0.1721601520100094,0.5859134398212805,3.0,5.0
17.150000000000002,-0.07949747344519678,0.08034638967000568,7.264195610645519,-6.444853064458223,-0.03081401165236058,0.017833766003721805,-0.0070671566339639,0.23935341525718862,0.16840154258118262,0.5879588912793471,-0.9999999999999998,5.0,89.92091136844289,-87.58151440427187,0.22526054006214893,0.16025931817688555,0.5848577429614649,-3.0,5.0
17.16,-0.07226261269916114,0.07219109970526169,8.846231344712756,-7.716993079447517,-0.03580898522344818,0.022882078554316856,-0.008198952272684565,0.2200945963451147,0.1566432979676963,0.5869178721840854,1.0000000000000002,5.0,84.77603284510336,-81.48771172909575,0.20083577743304076,0.14488505335420998,0.5837948148983003,3.0,5.0
17.17,-0.06345037231201636,0.06245339467844302,10.254318834558406,-8.834786092575,-0.04034937908714596,0.027417979124089224,-0.008266130408943554,0.19606333375222107,0.14149570725597876,0.5858695742139391,-0.9999999999999998,5.0,77.80535358301205,-73.62951627181228,0.17203207115932748,0.12634811654426123,0.5827246803035004,-3.0,5.0
17.18,-0.0532370270491994,0.05132931933069984,11.457484515868966,-9.773520397425791,-0.04433608355760532,0.031342041642360034,-0.009256242605289337,0.16771191716198264,0.12325200396604621,0.584814021668484,1.0000000000000002,5.0,69.14359545384612,-64.15959006876746,0.13936050057174423,0.10500830067611366,0.5816473640321183,3.0,5.0
17.19,-0.041827696669085784,0.03904310304641395,12.42886883897619,-10.512116487873362,-0.04768106461913984,0.03456715789282186,-0.009158417275897805,0.13563192807826113,0.10227956663148695,0.5837512390318398,-0.9999999999999998,5.0,58.961960130246126,-53.26801671498882,0.10355193899453961,0.08130712929692768,0.5805628911219073,-3.0,5.0
17.2,-0.029456207255498426,0.025847585924050162,13.146325947547963,-11.03355874286083,-0.05030917631058348,0.037020308406901126,-0.009963531206269017,0.10045305323005349,0.07899935001484273,0.5826812509720559,1.0000000000000002,5.0,47.46517033418313,-41.173962138378826,0.06527417838184585,0.055719133398198506,0.5794712867927043,3.0,5.0
17.21,-0.016376352810939795,0.012014104547301731,13.592921317855534,-11.325322566787724,-0.052159964396913325,0.03864436012794167,-0.009664483825867503,0.06291969302633135,0.05389068063503538,0.5816040823404866,-0.9999999999999998,5.0,34.88697031781658,-28.125826803689684,0.025386332822609214,0.028782011255228026,0.5783725764457783,-3.0,5.0
17.22,-0.0028606659270096393,-0.0021681451335809725,13.75732929659963,-11.37963123215135,-0.053188920990582186,0.03939922857964692,-0.010256292125443588,0.023786373625855305,0.02746821186859064,0.5805197581711662,1.0000000000000002,5.0,21.485793198841577,-14.391616815848455,-0.015346945774620743,0.0010457431021458977,0.5772667856632051,3.0,5.0
17.23,0.010809208194457043,-0.016403065375651685,13.634108269900434,-11.193692502540078,-0.05336866193179555,0.03926300000317543,-0.009736279990141919,-0.01610847823581981,0.00028461185037643305,0.5794283036801773,-0.9999999999999998,5.0,7.539064643099621,-0.2579977776122532,-0.056003330097494926,-0.026898988167837763,0.5761539402072103,-3.0,5.0
17.240000000000002,0.024344405377792054,-0.030388897905266853,13.223859962162312,-10.769753200390333,-0.05268949935069897,0.03823236500956542,-0.010104081577420645,-0.05594932524840696,-0.027094173448736714,0.578329744265015,1.0000000000000002,5.0,-6.6621229531165795,13.980216580434098,-0.09579017226099411,-0.05447295874784986,0.5750340660195283,3.0,5.0
17.25,0.037458893897229555,-0.04382953199758312,12.533255523218218,-10.11512599117564,-0.0511598952488813,0.03632297424136789,-0.00936173439977638,-0.09487126427134204,-0.05408747008229596,0.5772241055039478,-0.9999999999999998,5.0,-20.81947387748657,28.021656986006985,-0.13379320329427713,-0.08108076671585521,0.573907189220746,-3.0,5.0
17.26,0.049871544039729765,-0.056435833431055106,11.574940091762961,-9.242030931100853,-0.04880628353129858,0.03356908352669018,-0.009513583742920993,-0.1320676165335251,-0.0801253672224999,0.5761114131553704,1.0000000000000002,5.0,-34.633338171600045,41.56930510135026,-0.1692639687957082,-0.10616326436270383,0.5727733361096385,3.0,5.0
17.27,0.06131610048000386,-0.06793677376199989,10.367303838426476,-8.167410530402822,-0.04567276200373068,0.03002311553256578,-0.00856627615223874,-0.16671773127681833,-0.10464751829369945,0.5749916931571579,-0.9999999999999998,5.0,-47.80944169426671,54.33221977588406,-0.20136784602011154,-0.129169669364899,0.5716325331625203,-3.0,5.0
17.28,0.07154291771419857,-0.07808031589971146,8.934136565198845,-6.912565363513429,-0.041820157787435606,0.025754522145379967,-0.008528565718896639,-0.19809388714739562,-0.1271283716265848,0.5738649716260086,1.0000000000000002,5.0,-60.06473781335502,66.03631110276879,-0.22947004301797289,-0.14960922495947016,0.5704848070325604,3.0,5.0
17.29,0.08032834851094496,-0.08664384295586469,7.304159183421206,-5.502773371363061,-0.0373249836932895,0.02084859120896989,-0.007411212982848224,-0.22548766867422837,-0.14707520137885025,0.5727312748567889,-0.9999999999999998,5.0,-71.13387416939912,76.42566911111328,-0.2528814502010611,-0.1670220311311157,0.5693301845491298,-3.0,5.0
17.3,0.08747565622854026,-0.09343409936297173,5.510454283166698,-3.9667440957591937,-0.0322778047021498,0.015404597998791245,-0.00722670220802834,-0.2483147271613528,-0.16405207093264984,0.5715906293218684,1.0000000000000002,5.0,-80.77451885908528,85.27268167757514,-0.27114178564847724,-0.18102894048644944,0.5681686927171071,3.0,5.0
17.31,0.09282335668893216,-0.09829644949864741,3.5897939597526287,-2.336074925054826,-0.02678154712263923,0.009533960395721429,-0.0059890587672159525,-0.26603834360776535,-0.17767612283818818,0.570443061670455,-0.9999999999999998,5.0,-88.77304876296597,92.37846055669532,-0.2837619600541779,-0.19130017474372651,0.5670003587162146,-3.0,5.0
17.32,0.09624488102210085,-0.10111344597273898,1.581891556734234,-0.6445641651708631,-0.020949283613529344,0.0033578123233432133,-0.005713494167101409,-0.27827075776312493,-0.18763936101278333,0.569288598727921,1.0000000000000002,5.0,-94.94885905738847,97.58182747600458,-0.29050317191848446,-0.19760259918737852,0.5658252099003189,3.0,5.0
17.330000000000002,0.0976554901681845,-0.10181254042019211,-0.47142055610486544,1.07244884854316,-0.014902039390236231,-0.002995332857598892,-0.004416162042742656,-0.28469274916475595,-0.1937023623020563,0.5681272674951294,-0.9999999999999998,5.0,-99.15881646477872,100.75840152210668,-0.2911147405663869,-0.1997653635913293,0.5646432737967545,-3.0,5.0
17.34,0.09701036138198783,-0.10036296045409387,-2.527057138382584,2.7788591554774005,-0.008766163980334658,-0.00939240343814668,-0.00411375402520076,-0.28515051459737456,-0.19571313484494718,0.5669590951477534,1.0000000000000002,5.0,-101.3001398666271,101.82806661787453,-0.28560828002999317,-0.19772390738783807,0.5634545781056253,3.0,5.0
17.35,0.09430980970852486,-0.09678162037176777,-4.541585333882203,4.438514811710861,-0.002670823207539778,-0.015698394223248764,-0.0028232199357914886,-0.27957041864217336,-0.1935976197437328,0.56578410903559,-0.9999999999999998,5.0,-101.31325968572375,100.75239116221952,-0.2739903226869721,-0.1914821046425184,0.5622591506990996,-3.0,5.0
17.36,0.08959559974681162,-0.09112812655913069,-6.4721369951344645,6.016019877695003,0.003254836899295283,-0.021779362774498,-0.0025613420604960672,-0.26805076121910154,-0.18737511933537895,0.5646023366818738,1.0000000000000002,5.0,-99.18297220232478,97.54031284481111,-0.25653110379602967,-0.1811526189270251,0.5610570196207251,3.0,5.0
17.37,0.0829543476139402,-0.08350878424720853,-8.277322010669417,7.477448673261616,0.00888429445846638,-0.027505111833169317,-0.001344448513347783,-0.2507712448505296,-0.17714521953318432,0.563413805782581,-0.9999999999999998,5.0,-94.93947577694584,92.24369758674568,-0.23349172848195765,-0.1669153197309897,0.5598482130847029,-3.0,5.0
17.38,0.07451200657369297,-0.07406970658399509,-9.918110169616508,8.791112277930463,0.014096469839412151,-0.03275212349519423,-0.0011879956895550518,-0.22807939601497468,-0.1630995641515544,0.562218544205735,1.0000000000000002,5.0,-88.65764300574511,84.96112440543709,-0.20538754717941976,-0.14905390876992453,0.5586327594751967,3.0,5.0
17.39,0.06443547479450706,-0.06299897281128695,-11.35867587192007,9.928204745728097,0.018778197288535116,-0.037406060416350834,-0.00010630474886062628,-0.20039473588298914,-0.14550512539634383,0.561016579990701,-0.9999999999999998,5.0,-80.4561551533208,75.83154504044455,-0.1727100757510036,-0.12791068664113325,0.5574106873455987,-3.0,5.0
17.400000000000002,0.05292535684750025,-0.050517975915650215,-12.567174403403062,10.863471230859751,0.02282679757343499,-0.04136440261970368,-0.00011218174529203776,-0.1682900671022432,-0.12471240563718171,0.5598079413474828,1.0000000000000002,5.0,-70.49489295017949,65.03621028864673,-0.1361853983214973,-0.10391968587801959,0.556182025417828,3.0,5.0
17.41,0.04021595434036448,-0.03688194438135203,-13.516446058237783,11.575727361476693,0.02615219581864949,-0.044538540659920335,0.0007832943511648892,-0.13239078158119374,-0.1011352907094552,0.5585926566560114,-0.9999999999999998,5.0,-58.972250008189135,52.790551453225845,-0.09649149606014429,-0.07755817578172869,0.5549468025815972,-3.0,5.0
17.42,0.026566552224303236,-0.022369813874138188,-14.184619555856075,12.048374540617626,0.028679038752905325,-0.04685590157029159,0.0005710871176170505,-0.09345166061839599,-0.0752560631735474,0.5573707544654296,1.0000000000000002,5.0,-46.1208018523451,39.344446999831106,-0.05451253965559823,-0.04937683563763959,0.5537050478936841,3.0,5.0
17.43,0.0122601083395501,-0.007283465798860727,-14.55561446375693,12.269743560813424,0.03034826445888694,-0.04826143842887486,0.0012443386522351606,-0.052252169782306575,-0.047602364767371244,0.5561422634933747,-0.9999999999999998,5.0,-32.20303390641275,24.97259873037925,-0.011052678946217136,-0.01994866636119509,0.5524567905772101,-3.0,5.0
17.44,-0.0024065585495307053,0.008063462974495067,-14.619518135650157,12.233414766685401,0.03111858978472185,-0.04871907208180233,0.0007985989615071932,-0.009669808009297128,-0.018749679657032437,0.5549072126252537,1.0000000000000002,5.0,-17.505595891627284,9.973480460350261,0.03291255376371231,0.010103005453306361,0.5512020600208907,3.0,5.0
17.45,-0.017124950037302744,0.023347158285707395,-14.372841490853279,11.938351141660444,0.03096738125152906,-0.04821242976093899,0.0012318675361919558,0.03342740981703727,0.01070381628808487,0.5536656309135182,-0.9999999999999998,5.0,-2.333817066796856,-5.341387327220145,0.07652462764337167,0.04015731223320218,0.5499408857783116,-3.0,5.0
17.46,-0.03158532343566237,0.03824537149413177,-13.818634217202591,11.38899689584681,0.02989138890692341,-0.04674548454188746,0.0005447219556485879,0.0761097134447474,0.040136421021235644,0.5524175475769305,1.0000000000000002,5.0,12.995023190935065,-20.649349074586254,0.11879201707245753,0.06956902575438642,0.5486732975671674,3.0,5.0
17.47,-0.04547923411607208,0.052439272473453945,-12.96646915054991,10.595182537654955,0.02790682450558872,-0.04434245697949193,0.0007402543817259574,0.11749445224092481,0.06892920333384703,0.5511629919998307,-0.9999999999999998,5.0,28.157912646718223,-35.627938651758434,0.1588791910371022,0.0977219856464584,0.5473993252685311,-3.0,5.0
17.48,-0.058510060133710864,0.06562518178196716,-11.832282082347126,9.571993780886412,0.025049279949789872,-0.041047600316248004,-0.0001759070269460347,0.15667542729312145,0.09646578445671845,0.5499019937313945,1.0000000000000002,5.0,42.83329957726786,-49.957114508882306,0.19585640234531812,0.12400236557958988,0.5461189989260862,3.0,5.0
17.490000000000002,-0.07039535826092408,0.07751612579478678,-10.438082541574037,8.339450113022144,0.02137298444824661,-0.03692424853671355,-0.0001957686680933583,0.192831534319354,0.12215870422009756,0.5486345824848917,-0.9999999999999998,5.0,56.70749375363315,-63.330623382458214,0.22898764134558652,0.14785162398347665,0.5448323487453832,-3.0,5.0
17.5,-0.08087692874722129,0.08785298808371021,-8.811527598051459,6.9221551861558686,0.0169499136410598,-0.03205376671008066,-0.0013090547218776282,0.22515505939976166,0.1454487195972858,0.547360788136937,1.0000000000000002,5.0,69.48175746933643,-75.45798748623778,0.25747858448016936,0.16873873497447406,0.543539405093073,3.0,5.0
17.51,-0.08972244574755309,0.09640521113640853,-6.985379908807316,5.34876953070605,0.011868266337116289,-0.026533800670886745,-0.0015034777092064432,0.2529584975275075,0.16583014196873175,0.5460806407267378,-0.9999999999999998,5.0,80.87831828921128,-86.07533633149389,0.2807619356552533,0.18621156434017772,0.5422401984961399,-3.0,5.0
17.52,-0.09673454422205316,0.10298083784012613,-4.996847489024582,3.651472192688895,0.006230838808663857,-0.020476482609408465,-0.0027649149416965266,0.2756002690642734,0.18284857887669978,0.5447941704553394,1.0000000000000002,5.0,90.64679216537829,-94.94658737214067,0.2982420406010393,0.1998670157846678,0.5409347596411441,3.0,5.0
17.53,-0.1017512391607584,0.10742586849473998,-2.886831506253577,1.8652659034859216,0.00015282813913667422,-0.014006005737027226,-0.00307776350487113,0.2925882533572432,0.19612421583595796,0.5435014076848634,-0.9999999999999998,5.0,98.5692607650846,-101.87321175404749,0.309576237650213,0.2093998527952161,0.5396231193734353,-3.0,5.0
17.54,-0.1046535919121785,0.10963274956765971,-0.6990841891575172,0.027296072001457006,-0.006240390769685258,-0.00725623935165566,-0.004425190488236353,0.30350157912081355,0.20534704394290654,0.5422023829377456,1.0000000000000002,5.0,104.46550956533426,-106.69411008966611,0.3144149048843839,0.2145698720498551,0.5383053086963923,3.0,5.0
17.55,-0.10536452803731804,0.10953800132628762,1.5206928087517673,-1.8239586033303685,-0.012815969880146941,-0.00036781053896347334,-0.004789549470180658,0.3080896693589854,0.21029721879471963,0.5408971268959658,-0.9999999999999998,5.0,108.19669386806314,-109.2938604548255,0.3126777595971572,0.21524739364653273,0.5369813587706265,-3.0,5.0
17.56,-0.10385475405666623,0.10712883588379486,3.725804114697449,-3.6494509957375323,-0.019436218424766824,0.006514665066148011,-0.006152678585853323,0.3061890713897751,0.2108370153946152,0.5395856704002778,1.0000000000000002,5.0,109.66896754528949,-109.60089412653959,0.30428847342056475,0.21137681199451072,0.5356513009132138,3.0,5.0
17.57,-0.1001397134601376,0.10243881135052137,5.869537420130378,-5.4104261007523,-0.02596160507246277,0.013245768342151142,-0.006496350079639061,0.29781717130882146,0.20692763129301178,0.5382680444494312,-0.9999999999999998,5.0,108.83537430521058,-107.59389592248287,0.2894452712278678,0.2030182471914084,0.5343151665968913,-3.0,5.0
17.580000000000002,-0.09428356791915947,0.0955524146242121,7.9061540100975165,-7.069203060208141,-0.03225356883524187,0.019682188685776515,-0.00780258586854833,0.2830834335450313,0.19861737582709105,0.5369442801993936,1.0000000000000002,5.0,105.69757264928458,-103.29802268649442,0.2683496957812412,0.19030712036117034,0.5329729874492806,3.0,5.0
17.59,-0.08639418446885808,0.086598661100164,9.791859030116289,-8.59001827623222,-0.038177580121823186,0.02568592396210033,-0.008054108539864675,0.2622773811996555,0.18605457584112592,0.5356144089625656,-0.9999999999999998,5.0,100.30573365265293,-96.78927738766554,0.2414713288542797,0.1734917758551608,0.5316247952520821,-3.0,5.0
17.6,-0.07662515598262684,0.0757536471254612,11.485744008287716,-9.939755526677327,-0.0436058868266281,0.031127078312560078,-0.009234642167016189,0.23577407802281353,0.16947181721186372,0.5342784622069928,1.0000000000000002,5.0,92.7582242493105,-88.18867472533609,0.20927077484597156,0.15288905858260152,0.5302706219402743,3.0,5.0
17.61,-0.06516887720738601,0.06323218656138963,12.950668349983466,-11.088703555692888,-0.04842038736893195,0.035886820338399725,-0.009329332565932455,0.20411644925310996,0.14919493565360117,0.5329364715555752,-0.9999999999999998,5.0,83.1994579734227,-77.66457891360359,0.1724588204834064,0.12891805409533863,0.5289104996013223,-3.0,5.0
17.62,-0.052256744423070704,0.04928850924118454,14.154073915246,-12.011168624423323,-0.052515068686480336,0.03985981579383334,-0.010325001914219171,0.1679153224821066,0.12562345910506473,0.5315884687852701,1.0000000000000002,5.0,71.81756906896246,-65.42489269453675,0.1317141957111033,0.10205198255652831,0.5275444604743548,3.0,5.0
17.63,-0.03815054011037203,0.03420619263536628,15.068701827723409,-12.686084757294518,-0.0557984567740811,0.0429567041646033,-0.010210508224207255,0.12792664229905815,0.09923599628141058,0.5302344858262947,-0.9999999999999998,5.0,58.840334650655045,-51.717520448836076,0.08793796211600965,0.07284853345775645,0.5261725369493687,-3.0,5.0
17.64,-0.023141107342336112,0.018297341586753085,15.67320885029555,-13.097452075841812,-0.05819552590490565,0.045105942634414184,-0.010976925775372471,0.08494685014005217,0.07056735120557742,0.528874554761321,1.0000000000000002,5.0,44.53104215412303,-36.82082478796624,0.04196705798104619,0.041898706129744265,0.5247947615663996,3.0,5.0
17.650000000000002,-0.007538408680391318,0.0018912208254465088,15.952656432122106,-13.234749450759555,-0.05964952456135797,0.046255598512597515,-0.010617818471895956,0.03988598471768387,0.040210930554445926,0.5275087078246701,-0.9999999999999998,5.0,29.182765794776614,-21.04253710551831,-0.0051748807046844356,0.009854509903314441,0.5234111670147175,-3.0,5.0
17.66,0.008330896297147,-0.014667615884521434,15.89887437054537,-13.093155877818607,-0.060123176747959466,0.04637442742162829,-0.011129323967985088,-0.006340414773668347,0.008793289062366816,0.5261369774015014,1.0000000000000002,5.0,13.112785179677456,-4.708875541095504,-0.052566814265020544,-0.0226243524297123,0.5220217861319955,3.0,5.0
17.67,0.02413423527462264,-0.031031471318884587,15.510677360361198,-12.67373125927285,-0.05959973109586076,0.0454528339354585,-0.010510322491368664,-0.05274096937391983,-0.023025563008459204,0.5247593960269968,-0.9999999999999998,5.0,-3.344358212720276,11.83763938077446,-0.09914152397417131,-0.054844415079285225,0.5206266519034831,-3.0,5.0
17.68,0.039536115569255514,-0.04685186289085612,14.793941995846733,-11.983395793556767,-0.05808333237108552,0.043503069088948694,-0.010762410359807968,-0.09835853945332818,-0.0545791974344418,0.5233759963855446,1.0000000000000002,5.0,-19.8434061598696,28.24989314258997,-0.14397610953273654,-0.08613283186042439,0.5192257974611877,3.0,5.0
17.69,0.054209191083006654,-0.061791852299999624,13.761528458519889,-11.034863699279994,-0.055599204966608515,0.0405592797236505,-0.009889954416653688,-0.14220104156028296,-0.08519548956452833,0.5219868113099145,-0.9999999999999998,5.0,-36.036012559110354,44.17890005679593,-0.18604354366723774,-0.11581178169461487,0.5178192560830246,-3.0,5.0
17.7,0.06783724214307679,-0.07552827853328294,12.433060631358586,-9.846375663034168,-0.052193141037340136,0.03667678313890281,-0.009899949771776587,-0.18335182728730348,-0.11422410531638456,0.5205918737804355,1.0000000000000002,5.0,-51.577679077885136,59.28574883866952,-0.224502613014324,-0.1432527210682408,0.5164070611919984,3.0,5.0
17.71,0.0801259329304927,-0.08776365373594042,10.834555133640944,-8.441390957419891,-0.0479308014062105,0.0319312014393339,-0.00880195951137773,-0.22089993122542168,-0.14103707902859583,0.5191912169241629,-0.9999999999999998,5.0,-66.13546941166197,73.24425421728995,-0.25844803516353987,-0.1678500527408071,0.5149892463553454,-3.0,5.0
17.72,0.09080518927730062,-0.09822766077165157,8.99791923242314,-6.848088762790961,-0.042896340561081214,0.026416848442753327,-0.00860786119527109,-0.25404901824701653,-0.16505556256908277,0.5177848740140486,1.0000000000000002,5.0,-79.39472126863934,85.75252226054087,-0.28719810526861134,-0.1890740461095697,0.5135658452837056,3.0,5.0
17.73,0.0996390722194972,-0.10668802543326625,6.960314162515427,-5.098844597425112,-0.03719088225025325,0.02024502249356271,-0.007331681180751317,-0.2820453614371181,-0.18574908255098085,0.5163728784681014,-0.9999999999999998,5.0,-91.06623047741647,96.53491858681352,-0.3100417046272197,-0.20644260253287894,0.5121368918302598,-3.0,5.0
17.740000000000002,0.10642700680541778,-0.11295072175291115,4.763409542227243,-3.2295360561425857,-0.030930374704347743,0.013541616155019705,-0.006989243859980874,-0.30428372305407003,-0.20266040991099776,0.5149552638485492,1.0000000000000002,5.0,-100.89213540750384,105.35265947259418,-0.32652208467102195,-0.2195717372710147,0.5107024199898923,3.0,5.0
17.75,0.11101226398606066,-0.11686930881594233,2.4525307182752445,-1.2788480361601107,-0.024243368649878715,0.0064447130014874945,-0.005597918962392051,-0.3202315291052698,-0.215402414535795,0.5135320638609937,-0.9999999999999998,5.0,-108.65199151926431,112.00453359475932,-0.3361793351564696,-0.22814441916059225,0.5092624638983275,-3.0,5.0
17.76,0.11328158281210945,-0.11834338828742752,0.07572948388596146,0.7125645612405249,-0.017268262389939136,-0.0008984022386381305,-0.005176195919726404,-0.3295302851760551,-0.22368005633120291,0.512103312353563,1.0000000000000002,5.0,-114.1672857214677,116.33599886682295,-0.33882904124684043,-0.23195769812661082,0.5078170578312706,3.0,5.0
17.77,0.11317186322566546,-0.11732601651895316,-2.3172158888631595,2.7028832548650756,-0.0101505706229482,-0.008334136623532265,-0.0037433701124099826,-0.3319147138668011,-0.22728394294747292,0.5106690433160614,-0.9999999999999998,5.0,-117.3059074973279,118.23819196611473,-0.3342991425575471,-0.23088782956374293,0.5063662362035567,-3.0,5.0
17.78,0.11066785321633417,-0.11382009989442851,-4.675837491238308,4.650040966421457,-0.00303977274089181,-0.015705947654950224,-0.003319071381668612,-0.32730866396144565,-0.22610867232729542,0.5092292908791135,1.0000000000000002,5.0,-117.98485874310725,117.65512968394471,-0.32270261405609024,-0.22493340170711792,0.5049100335682696,3.0,5.0
17.79,0.10580680051390447,-0.10788364991324755,-6.950043003127221,6.512570285017311,0.00391369355216797,-0.022857475448134084,-0.0019229207011764004,-0.3157383848058225,-0.22014246495901157,0.5077840893133079,-0.9999999999999998,5.0,-116.17275602135727,114.58067848386186,-0.30416810565019936,-0.21417625759072773,0.5034484846158909,-3.0,5.0
17.8,0.0986740349910673,-0.09962397160169997,-9.091173816149347,8.250523312115769,0.01056173089605443,-0.029636005088332317,-0.0015740461311542445,-0.29742233746351315,-0.2094813850450083,0.5063334730283333,1.0000000000000002,5.0,-111.8904476439554,109.06361351231277,-0.2791062901212038,-0.19882030513100502,0.5019816241734099,3.0,5.0
17.81,0.08940549599305626,-0.0892007080511673,-11.05304680699289,9.826287449611153,0.016761603364614415,-0.03589556383443909,-0.00029074433268717567,-0.27267826338428336,-0.19431474121641618,0.5048774765721167,-0.9999999999999998,5.0,-105.21134265850517,101.20238801621159,-0.2479341893050535,-0.17914809738782406,0.5005094872034668,-3.0,5.0
17.82,0.07818121553360162,-0.07681786137301165,-12.792944459823133,11.205435856153622,0.02237911635266116,-0.0415002096166102,-9.00187840304404e-05,-0.24200681257234638,-0.17493505467853662,0.503416134629951,1.0000000000000002,5.0,-96.25981952864392,91.14798051334068,-0.2113353617604094,-0.15555536814065707,0.49903210880345394,3.0,5.0
17.830000000000002,0.06522581612013563,-0.06272475898225502,-14.272545217159264,12.357438143919538,0.027291387000042824,-0.046326818195688846,0.0010127193725382557,-0.2059925828372734,-0.1517192751643699,0.5019494820236264,-0.9999999999999998,5.0,-85.20935801595763,79.09648734014033,-0.16997835310220039,-0.12850349565020316,0.4975495242046527,-3.0,5.0
17.84,0.05080007753070772,-0.04720613004928489,-15.45876081072067,13.256372013562585,0.03138964589499116,-0.0502679310360257,0.0010040574240090115,-0.1653820006280216,-0.1251347215092466,0.5004775537105541,1.0000000000000002,5.0,-72.27880857282692,65.2898741787863,-0.12477141841876982,-0.0985501678541233,0.49606176877133723,3.0,5.0
17.85,0.035199672600538474,-0.0305813030642462,-16.324475393011657,13.88146409884021,0.03458150890243642,-0.053233979663370457,0.0018728092546919498,-0.1209790184789653,-0.09571651344945765,0.499000384782886,-0.9999999999999998,5.0,-57.72848837465579,50.00659904943159,-0.07657603632990902,-0.06629830538966872,0.4945688779998817,-3.0,5.0
17.86,0.018745164660191695,-0.013192727963180294,-16.849156995251498,14.217604092646999,0.03679316955944877,-0.05515545960424723,0.001610336553586061,-0.07371817530273772,-0.06407005313898179,0.49751801046663535,1.0000000000000002,5.0,-41.85456205299296,33.5605628782196,-0.026457332126510122,-0.032423592828505904,0.4930708875178834,3.0,5.0
17.87,0.0017794011966584533,0.004596131892279014,-17.019340665286794,14.25566440802894,0.037970962991184555,-0.05598438314924595,0.0022106798930807007,-0.02455610008137668,-0.030845398365733787,0.4960304661207887,-0.9999999999999998,5.0,-24.983437203812485,16.29013936815253,0.02460597513998436,0.002379256407514206,0.4915678330832489,-3.0,5.0
17.88,-0.01534357366947875,0.022413305103802725,-16.8289590121975,13.992773956139338,0.038082766065728774,-0.055695599665491674,0.001670772610708192,0.025458901800083915,0.00326284659978731,0.49453778723641983,1.0000000000000002,5.0,-7.464669986888941,-1.4442245950707153,0.07547390368154451,0.037371091565308406,0.4900597505833131,3.0,5.0
17.89,-0.032261928595351375,0.039881146046498506,-16.27952527529401,13.432383241435693,0.03711870089933181,-0.05428733017235621,0.001990456523193892,0.07529802058314075,0.03754322252375005,0.49304000943579496,-0.9999999999999998,5.0,10.335856359587497,-19.27205604441851,0.12513713936619758,0.07182359844771279,0.4885466760339203,-3.0,5.0
17.900000000000002,-0.048617634784292305,0.0566292468796448,-15.38015085331996,12.584274637781917,0.03509162414201592,-0.05178152386362778,0.0011725747869789512,0.12388417116726914,0.07126901585744091,0.4915371684714799,1.0000000000000002,5.0,28.043957251501432,-36.816034641046855,0.17247032175139754,0.1049948091911318,0.48702864557853476,3.0,5.0
17.91,-0.06406006410457181,0.07229734799261632,-14.14740893756292,11.464360553131439,0.032036888056551034,-0.04822340334411949,0.0012228634530777633,0.17020407578439092,0.10372683299637053,0.4900293002254408,-0.9999999999999998,5.0,45.28459223884615,-53.70450249117247,0.21652398040151272,0.13618465013530015,0.4855056954873235,-3.0,5.0
17.92,-0.07825744785430415,0.08654799274685528,-12.60503289186164,10.0944289646673,0.028011875520962754,-0.043680826997566924,0.00014991963293247887,0.2132404734046771,0.1342184520123369,0.4885164407081407,1.0000000000000002,5.0,61.69019206540963,-69.57477718683502,0.2562768710249633,0.16471007102830323,0.4839778621562406,3.0,5.0
17.93,-0.09090002470751528,0.09906884986039036,-10.783467771048114,8.501684643142283,0.02309481505560739,-0.038242856233637657,-3.502954493916281e-05,0.25208324644939073,0.16208900663267617,0.4869986260576378,-0.9999999999999998,5.0,76.90807419172855,-84.08546244288397,0.29092601949410435,0.1899595612530154,0.48244518210612897,-3.0,5.0
17.94,-0.10171073742925243,0.10958445942129409,-8.719270266965946,6.718251033567836,0.017383398058962177,-0.032018176815217805,-0.0013182766648848578,0.28585975158272103,0.18672781011061915,0.48547589253867374,1.0000000000000002,5.0,90.60840693890995,-96.91923033355832,0.3196362567160513,0.21136661358856212,0.4809076919817815,3.0,5.0
17.95,-0.11044732082961009,0.11785734285057382,-6.4543818768850345,4.780486353654439,0.01099272394898338,-0.02513278216190688,-0.0016839757361376154,0.3138431784393256,0.2075948910454763,0.48394827654176564,-0.9999999999999998,5.0,102.49093448849459,-107.79427841049527,0.3418266052959301,0.22846197198033347,0.47936542855104125,-3.0,5.0
17.96,-0.1169116608740953,0.1236982563122648,-4.035276606827208,2.7282837646949827,0.004053114114443821,-0.017727586912487353,-0.003114392974755292,0.3353792753709657,0.22421957931265615,0.48241581458228877,1.0000000000000002,5.0,112.2919352094141,-116.46595149830375,0.3569153723026057,0.240844267579836,0.47781842870385816,3.0,5.0
17.97,-0.12095029375924847,0.12696555748856378,-1.512013518125206,0.6042136029382403,-0.0032926621839769604,-0.009955396246637785,-0.0035903377480499886,0.34999033643767596,0.23622425735707422,0.4808785432995617,-0.9999999999999998,5.0,119.78964461079097,-122.7367538397133,0.3646013975043863,0.2482289354014923,0.4762667294513805,-3.0,5.0
17.98,-0.12246195670461822,0.12757350031787687,1.0627996867291079,-1.5473186048862009,-0.01089219327044861,-0.001977914993337694,-0.005091488800912889,0.3572968757912736,0.24331967005885263,0.47933649945592294,1.0000000000000002,5.0,124.8096408494055,-126.45626994671119,0.36460341514487127,0.250415082760631,0.47471036792500654,3.0,5.0
17.990000000000002,-0.12139609596372451,0.12548946751291037,3.635097584656182,-3.681037128212224,-0.018586704940997806,0.006037764434489848,-0.0055968851658942135,0.35711598571278247,0.24532497424683242,0.47778971993580943,-0.9999999999999998,5.0,127.22845544899047,-127.52925399936154,0.3569350956342914,0.2473302784348122,0.4731493813754689,-3.0,5.0
18.0,-0.11775828461713146,0.1207399993452357,6.150492947298778,-5.751707788156162,-0.026214246606080176,0.013922500219318932,-0.007085295501129091,0.34937691940700033,0.24215899634760318,0.4762382417448292,1.0000000000000002,5.0,126.97694379751145,-125.91344524464193,0.3416378531012182,0.23899301844837392,0.47158380717188864,3.0,5.0
18.01,-0.11160649974663785,0.1134056754914007,8.555420787364069,-7.715133532630626,-0.0336132178431305,0.02150881811806751,-0.007535734229316991,0.3342130203506677,0.23385596245592788,0.47468210200883043,-0.9999999999999998,5.0,124.04171925822068,-121.62541246710022,0.319049121294335,0.22555292856425255,0.470013682800834,-3.0,5.0
18.02,-0.10305425802524715,0.10362475752289795,10.79827957835158,-9.529056678267958,-0.04062566103706867,0.02863430685805096,-0.008927837564013634,0.3118706728320956,0.22055225875261267,0.4731213379729705,1.0000000000000002,5.0,118.46623034180693,-114.73603146300816,0.28952832531352346,0.20724855504929746,0.46843904586539087,3.0,5.0
18.03,-0.09226460720291135,0.09158569902589472,12.830532338720108,-11.15410479161278,-0.04710075103573394,0.035145242397330155,-0.00924236752591893,0.2827945342462911,0.20249758037496474,0.47155598700077844,-0.9999999999999998,5.0,110.34983243627303,-105.37394735859091,0.2537183956604866,0.18444290199731678,0.46685993408420223,-3.0,5.0
18.04,-0.079451020810903,0.07752848116556722,14.60775719471373,-12.554603827281904,-0.05289790727923423,0.04089974158200289,-0.010461557160619632,0.2475298648872969,0.18003712291353718,0.4699860865732183,1.0000000000000002,5.0,99.84648299434305,-93.71867574734593,0.21226519552830267,0.15757666545210966,0.4652763852905377,3.0,5.0
18.05,-0.06486924124237992,0.06173492989370281,16.0906116968709,-13.699397104405396,-0.05788996214522908,0.0457709997194773,-0.010569565581504098,0.20680135627570284,0.1536182712988732,0.4684116742877449,-0.9999999999999998,5.0,87.1614618863541,-80.00174475604238,0.1660728476641088,0.12719941968420923,0.4636884374313247,-3.0,5.0
18.06,-0.04881616458693361,0.04452801976008877,17.24570307408191,-14.562496158105986,-0.06196581677984918,0.04964991976395605,-0.011552756957920046,0.16140941063342967,0.1237685352812315,0.46683278785736226,1.0000000000000002,5.0,72.5477957325737,-64.49758144814162,0.11601746499115648,0.09391879926358979,0.4620961285662145,3.0,5.0
18.07,-0.03161985582422423,0.026260364594028786,18.046332208090007,-15.123705231106474,-0.065033026860704,0.05244769775909997,-0.011400073351977888,0.1123034028924837,0.09109827764702615,0.46524946510967347,-0.9999999999999998,5.0,56.30083648274807,-47.522592221973795,0.06319739515153772,0.0584280200128208,0.46049949686660696,-3.0,5.0
18.080000000000002,-0.01363682765812287,0.00731194005328744,18.473107890788796,-15.369049328746804,-0.06701976099600303,0.05409768512888378,-0.012103217150364883,0.06047299887626978,0.05627507014880405,0.4636617439859322,1.0000000000000002,5.0,38.752719226545,-29.424185256021875,0.008642594860055856,0.021451862650581945,0.45889858061470834,3.0,5.0
18.09,0.00475929291194279,-0.011922726561643972,18.51440430983137,-15.291152114519646,-0.0678765881477836,0.054557107871981717,-0.0116569149355158,0.0070171701213234405,0.020023301608106156,0.4620696625400896,-0.9999999999999998,5.0,20.26519228975512,-10.578225434264725,-0.0464386586336229,-0.01622846693259173,0.45729341820256175,-3.0,5.0
18.1,0.023181546702380124,-0.031037824781081077,18.166664167997112,-14.88939861590684,-0.06757755295481478,0.05380798086844531,-0.012058980759263429,-0.046967926274959486,-0.016904057681883515,0.46047325893783647,1.0000000000000002,5.0,1.2225830763572574,8.623294177262379,-0.10095302267124241,-0.053831416971873186,0.4556840481310772,3.0,5.0
18.11,0.041241724613774594,-0.04962972922403499,17.434526786632937,-14.17003449566337,-0.06612101341843386,0.05185781682213227,-0.011310453110953524,-0.1003224840024334,-0.053727852335479435,0.4588725714556473,-0.9999999999999998,5.0,-17.97657396616401,27.77584340220408,-0.15367704172990732,-0.09055164698907535,0.45407050900907975,-3.0,5.0
18.12,0.058554568473827465,-0.06730057696462585,16.330790433659285,-13.146042655123248,-0.06352971943707371,0.048739488967534696,-0.011415526171539896,-0.15193677159269892,-0.08967234845056662,0.45726763847981616,1.0000000000000002,5.0,-36.92745636977423,46.4754002691594,-0.20355105918296446,-0.12561684456565383,0.45245283955232274,3.0,5.0
18.13,0.07474993077887923,-0.08367168654215913,14.876195350269995,-11.836954919914106,-0.05985062739404377,0.04451086900404624,-0.010381552400493023,-0.20068528490160914,-0.12396833407192699,0.4556584985054951,-0.9999999999999998,5.0,-55.22787236632862,64.32241222599126,-0.24943379821051936,-0.15826431969328736,0.4508310785825319,-3.0,5.0
18.14,0.08947670773692662,-0.09838672648519245,13.099043980832768,-10.26844564300451,-0.05515395072621832,0.039253621888959936,-0.010218839870994973,-0.2455400796263891,-0.15588274342921632,0.4540451901357245,1.0000000000000002,5.0,-72.48637450601383,80.93485470998709,-0.29039487435116906,-0.18779715278650566,0.44920526502641256,3.0,5.0
18.150000000000002,0.10241438919144084,-0.11112437202149099,11.03465213177726,-8.471870989172753,-0.04953196337234373,0.03307180154622735,-0.008940524234110812,-0.28550352583550587,-0.18472108348501248,0.45242775208046576,-0.9999999999999998,5.0,-88.33101431720405,95.95184596313776,-0.3254669720446226,-0.21355942354080862,0.4475754379146897,-3.0,5.0
18.16,0.11327605033609907,-0.12160037149472538,8.724654649912951,-6.483606567383541,-0.0430970775182294,0.02608965133067745,-0.00856224151133584,-0.31971925865570017,-0.209855702107349,0.45080622315562857,1.0000000000000002,5.0,-102.41693417760936,109.04600436583613,-0.35393499147589447,-0.2349903207296855,0.44594163638111706,3.0,5.0
18.17,0.12181864638725448,-0.1295787820879124,6.2161661152473755,-4.344352700053907,-0.03597973336695827,0.01844927465544507,-0.007101884271013547,-0.34740161058528607,-0.23072620031341043,0.4491806422820942,-0.9999999999999998,5.0,-114.43425107664385,119.92601952847885,-0.3750839625148719,-0.25159669851947186,0.4443038996614912,-3.0,5.0
18.18,0.12784445946966308,-0.13487232418846964,3.560826446090719,-2.098265095001999,-0.02832564207574924,0.010307599658075105,-0.006579169896409174,-0.3679423632489527,-0.24686506588978357,0.44755104848474087,1.0000000000000002,5.0,-124.11444441484036,128.34764308965393,-0.38848311591261925,-0.26300393146615675,0.44266226709268086,3.0,5.0
18.19,0.1312095895180745,-0.13735164815488063,0.8137376203857856,0.2079152279664891,-0.02029293778230821,0.0018333216012135622,-0.005015305788721303,-0.38083518670861727,-0.2578948822017118,0.4459174808914607,-0.9999999999999998,5.0,-131.2367256497627,134.11459709609176,-0.3937280101682819,-0.26892469851364004,0.4410167781116202,-3.0,5.0
18.2,0.13182337477263453,-0.1369435026479842,-1.9676736033947835,2.525871063584325,-0.012048796132097906,-0.006796736974822899,-0.004432482230112314,-0.3857767041509249,-0.2635502532447582,0.4442799787321797,1.0000000000000002,5.0,-135.63263177828117,137.08763899455855,-0.39071822159323255,-0.2692056242878047,0.4393674722543368,3.0,5.0
18.21,0.12965467495165175,-0.13363764298081243,-4.72485661001957,4.806680146294506,-0.003766089216955452,-0.015401151012338129,-0.0028534794523208673,-0.3825846654383531,-0.26367087362039676,0.44263858133787015,-0.9999999999999998,5.0,-137.19035643918141,137.18331998382746,-0.37939262672578133,-0.26379149399603535,0.43771438915494154,-3.0,5.0
18.22,0.12472894808112318,-0.12748251729890628,-7.399363388065497,7.001884175984692,0.004380354269678182,-0.023797851760969647,-0.00230112098502729,-0.3712922957523957,-0.2582189689740302,0.4409933281395652,1.0000000000000002,5.0,-135.8571020132829,134.38071964001264,-0.35999992606643827,-0.25276706432766366,0.4360575685446504,3.0,5.0
18.23,0.11713210265557782,-0.11858962064819542,-9.934087948897481,9.064477137064667,0.012217305209310969,-0.0318078145571172,-0.0007978607944585246,-0.35205944163577696,-0.2472676279593004,0.4393442586673661,-0.9999999999999998,5.0,-131.64101246804222,128.7177415640007,-0.33282658751915817,-0.23631628694457063,0.4343970502507688,-3.0,5.0
18.240000000000002,0.10700510688535034,-0.10712660822962844,-12.2744794294393,10.949948151894056,0.019576932273356745,-0.039259020177524626,-0.0003652368440887373,-0.3252597270326003,-0.23101334964911946,0.4376914125494517,1.0000000000000002,5.0,-124.61101992287688,120.29530409645687,-0.2984600124294237,-0.2147590713389385,0.4327328741957086,3.0,5.0
18.25,0.09454538860724684,-0.09331911215155765,-14.369716221489666,12.617200512456343,0.02630026142710889,-0.04598998348588848,0.0009765212762552971,-0.2913844925129967,-0.209759429801096,0.43603482951108274,-0.9999999999999998,5.0,-114.89621689425061,109.27106405395718,-0.2575092579933931,-0.18850550995307253,0.4310650803959759,-3.0,5.0
18.26,0.07999905955359513,-0.0774414068582214,-16.17380287123135,14.029483295472776,0.032240723392695264,-0.05185339622938559,0.001208998312877785,-0.2511228825122638,-0.18392361406784313,0.43437454937360254,1.0000000000000002,5.0,-102.68314093642883,95.86106169901747,-0.2108612725115308,-0.15808779833459025,0.429393708961162,3.0,5.0
18.27,0.06366004843640802,-0.05981591990827383,-17.646579193207657,15.155159263862384,0.0372672125484486,-0.056719183326774524,0.0023159259723099217,-0.20525900414534348,-0.15401674536702703,0.43271061205344,-0.9999999999999998,5.0,-88.21263777897495,80.33097888911767,-0.15939512577842319,-0.12410987666621093,0.4277188000929525,-3.0,5.0
18.28,0.045860225278478925,-0.040801783011083656,-18.75460649031177,15.968448376287647,0.0412670913583484,-0.060477528417805494,0.0022836109956430946,-0.15474566775269702,-0.12064593474926329,0.4310430575611042,1.0000000000000002,5.0,-71.77474307968517,62.99545129084577,-0.10423233136005058,-0.08727512413149954,0.4260403940840969,3.0,5.0
18.29,0.02696664699694873,-0.020792466021092075,-19.47192445909017,16.449974326100623,0.044148574294885244,-0.0630411800530252,0.003101173273068514,-0.10059576990938368,-0.08448907950888149,0.42937192600018276,-0.9999999999999998,5.0,-53.70330042366228,44.20717683688885,-0.04644587206607036,-0.0483322242684997,0.4243585313174184,-3.0,5.0
18.3,0.007370048046987928,-0.0002027301226012329,-19.78064871353652,16.58725787869012,0.04584293869683651,-0.06434760922306276,0.0027608646691074526,-0.04395095511306425,-0.04629434761515146,0.4276972575663317,1.0000000000000002,5.0,-34.368804241468666,24.35430802513296,0.012693859683255183,-0.008099615721421424,0.4226732522647786,3.0,5.0
18.31,-0.012519257569655294,0.020535021377985727,-19.671408354662557,16.37498951573385,0.046306012472856935,-0.06436034713233928,0.0032581853550186493,0.014031270910825289,-0.006851533213681954,0.42601909254626924,-0.9999999999999998,5.0,-14.171229808898442,3.8479124193524434,0.07201349693471483,0.03259128118778754,0.42098459748608186,-3.0,5.0
18.32,-0.03228390870361715,0.04098472910529658,-19.143600055370644,15.815230779403556,0.045519404320672384,-0.06307009368629149,0.002592070805664831,0.07211224418598358,0.03301102722755873,0.4243374713167612,1.0000000000000002,5.0,6.468621458539906,-16.88197432203605,0.13019321746114187,0.07287358766879941,0.41929260762823706,3.0,5.0
18.330000000000002,-0.05150427370283057,0.06071089984781465,-18.20546517926261,14.917382870797102,0.04349094651242344,-0.06049494720896014,0.002764868973792235,0.12908741138279667,0.0724570149521532,0.4226524343436098,-0.9999999999999998,5.0,27.11746557595868,-37.39988807129896,0.18606257857960973,0.11190300267674766,0.41759732342415545,-3.0,5.0
18.34,-0.06977130033210471,0.07929278476019948,-16.873973903233733,13.698078238286998,0.04025483755455763,-0.05668036886986574,0.0017823836893240152,0.18372237533951558,0.11064643051903812,0.42096402218063667,1.0000000000000002,5.0,47.339013148124586,-57.269520682244064,0.23835733929623446,0.14883584608592304,0.41589878569171723,3.0,5.0
18.35,-0.0866912395787621,0.09632840615481465,-15.174530616102155,12.180840217576048,0.03587097746346268,-0.05169825626815935,0.0016537068009104732,0.23486843122612375,0.14676664320050226,0.41927227546866336,-0.9999999999999998,5.0,66.70276444670303,-76.06751844820685,0.2860144871127319,0.1828868558819664,0.41419703533274344,-3.0,5.0
18.36,-0.10189807091000215,0.11144815410336169,-13.140492407906187,10.395672995140986,0.030424006235638047,-0.045645764005999755,0.0003911181628886036,0.2813977909143491,0.18003643814677966,0.41757723493449345,1.0000000000000002,5.0,84.793555002121,-93.38793863005067,0.32792715060257444,0.2133062330930571,0.41249211333198366,3.0,5.0
18.37,-0.11505743597934323,0.12431785507162525,-10.812522692891573,8.37843338336851,0.024021561615921356,-0.03864326996225447,9.779027480119758e-06,0.3223172193476478,0.20973606773831047,0.41587894138988724,-0.9999999999999998,5.0,101.22003192462444,-108.85553324555381,0.3632366477809465,0.23943569732984127,0.41078406075606855,-3.0,5.0
18.38,-0.1258779225024788,0.13465105143766465,-8.237779312815395,6.170152859500936,0.016792289703649703,-0.030832148758193303,-0.0014724990894000108,0.3567003131166854,0.23520957301378048,0.4141774357305399,1.0000000000000002,5.0,115.62349759133053,-122.12931236753987,0.391083406885723,0.26068307828925047,0.40907291875249796,3.0,5.0
18.39,-0.13411352697820283,0.1422104194553117,-5.468966295938516,3.8161671587052903,0.008883146571991048,-0.02237177367829913,-0.0020356816842571073,0.3837972000128446,0.2558924130027519,0.4124727589350521,-0.9999999999999998,5.0,127.68531308097897,-132.91457236523516,0.41089408690900386,0.27657525299172336,0.4073587285485887,-3.0,5.0
18.400000000000002,-0.13957316677087453,0.14681809707970078,-2.563255197498799,1.3652271716926339,0.00045654514995627747,-0.013436429497804525,-0.0036578499923069167,0.4029619660741529,0.2713107141948191,0.4107649520639032,1.0000000000000002,5.0,137.1343180864833,-140.9648653507691,0.42212673213546115,0.28672901538688633,0.40564153145045656,3.0,5.0
18.41,-0.14212110558496432,0.14835488837261152,0.4188889198987109,-1.1315468836876472,-0.008313095557356572,-0.004211576393812104,-0.0043157204142183995,0.41375668507082364,0.28110523837848156,0.40905405625842006,-0.9999999999999998,5.0,143.7524873369592,-146.09212659784902,0.4245514040674944,0.290899762562144,0.4039213688419706,-3.0,5.0
18.42,-0.14168420406018342,0.146768160868065,3.414965882418352,-3.621690309754967,-0.01724282798187224,0.005109836154898498,-0.0059850578962163635,0.41587247109082187,0.2850264543677904,0.40734011273974247,1.0000000000000002,5.0,147.38031493418148,-148.16647423376503,0.4179882571108201,0.2889476703570993,0.40219828218370957,3.0,5.0
18.43,-0.13824990575662072,0.14206845247752445,6.361743999411825,-6.0525326801634005,-0.026145109073976026,0.014331551674178456,-0.006641250813984496,0.4092265590025047,0.282953896558511,0.4056231628077909,-0.9999999999999998,5.0,147.9201876508883,-147.12394196037195,0.4025806469141875,0.28088133874923155,0.4004723130119363,-3.0,5.0
18.44,-0.13187092058178962,0.1343346580547655,9.19659478432104,-8.372270525402246,-0.034831606839665644,0.023257975806383682,-0.008259759307358082,0.3938759763334845,0.274886290251924,0.40390324784022735,1.0000000000000002,5.0,145.33928512974015,-142.96370815485372,0.3785253936644642,0.2668186839453371,0.3987435029375366,3.0,5.0
18.45,-0.12266056930169579,0.12370786870856687,11.858817639610905,-10.531107512378448,-0.04311730114610311,0.031698471303730644,-0.008816703734593824,0.3701069643412745,0.26095572889149304,0.4021804092914187,-0.9999999999999998,5.0,139.67031913717852,-135.7531352150981,0.3463379523490645,0.2470251675310621,0.3970118936449927,-3.0,5.0
18.46,-0.11079480650290893,0.11039379208612843,14.29093960338736,-12.482281795076245,-0.050824292014170096,0.039471265934252334,-0.01028930475740848,0.33834087176970074,0.24141249103136622,0.4004546886913937,1.0000000000000002,5.0,131.0117044423997,-125.62223857490925,0.30657477919812703,0.2218692531712394,0.3952775268913189,3.0,5.0
18.47,-0.09650494174956184,0.09465388519523947,16.439949343950577,-14.183114728530683,-0.057785735017478926,0.046407512458646334,-0.010656441747949033,0.29921584264531786,0.21663389349943077,0.3987261276448033,-0.9999999999999998,5.0,119.52553050149007,-112.76595712896449,0.260090813520935,0.19185529596749532,0.3935404445050321,-3.0,5.0
18.48,-0.08007713201046367,0.07680518561154653,18.25845202874065,-15.595902235069198,-0.06384931933818962,0.052354791465908254,-0.011899041512152882,0.25348518537801484,0.1871038809990469,0.3969947678298732,1.0000000000000002,5.0,105.43498474846304,-97.4359029577178,0.20775452811071182,0.15757386849866306,0.39180068838508286,3.0,5.0
18.490000000000002,-0.061842719234602495,0.05720902818200685,19.705706938731034,-16.68878557923727,-0.06888071393108187,0.057180603603404954,-0.012000564957814822,0.20209190502151442,0.15341685977639744,0.3952606509973599,-0.9999999999999998,5.0,89.01965488805055,-79.94001991536862,0.15069862466501396,0.11972983855374798,0.39005830049982004,-3.0,5.0
18.5,-0.042175537555525965,0.03626868534505824,20.74853824683987,-17.4364263091963,-0.07276640657959074,0.06077515285651704,-0.012947305076213828,0.14606043977538755,0.11625258314240688,0.39352381896950234,1.0000000000000002,5.0,70.6104179594809,-60.631884925866885,0.09002897452926067,0.07908830650841633,0.38831332288592957,3.0,5.0
18.51,-0.021480311573565457,0.014416166056204407,21.362085658394605,-17.8206264274796,-0.07541637375850356,0.06305398156522493,-0.012728765651246624,0.08656522741991983,0.0763756981032132,0.39178431363897026,-0.9999999999999998,5.0,50.58239807346596,-39.908134440673244,0.027070015064452127,0.036498813064019496,0.386565797647374,-3.0,5.0
18.52,-0.00018831290026075434,-0.00789174612202238,21.530391099248497,-17.830723607809684,-0.07676602153923022,0.06395977599272698,-0.01333783622690895,0.02481727350948479,0.034606854408110344,0.39004217696781535,1.0000000000000002,5.0,29.34775146961789,-18.19579859038553,-0.03693068040095025,-0.007161989286992507,0.3848157669543506,3.0,5.0
18.53,0.02125556668553486,-0.030187944712680846,21.24679474131246,-17.463908230534496,-0.07677785358771093,0.06346392295990816,-0.012771035242340864,-0.03787153818651766,-0.008180931351375702,0.3882974509864153,-0.9999999999999998,5.0,7.346806944441339,4.051931090749208,-0.1005603498825201,-0.05096871711086175,0.3830632730422153,-3.0,5.0
18.54,0.04239812800874124,-0.05199983235710012,20.514143833944026,-16.72529829766229,-0.07544232694476764,0.061567158453181496,-0.013028539643407106,-0.10020512485565103,-0.05109368387599323,0.3865501777924215,1.0000000000000002,5.0,-14.960639293398478,26.369680626394846,-0.16253871152478438,-0.09400643640061075,0.38130835821043996,3.0,5.0
18.55,0.06279138187992167,-0.0728642410923305,19.344795455792564,-15.627925650673264,-0.07277837399520322,0.058299912626762165,-0.012114275884268921,-0.16084105727286513,-0.0932218990528548,0.3848003995496994,-0.9999999999999998,5.0,-37.10531251345424,48.28506320396573,-0.22147698969007923,-0.13535011422971635,0.3795510648215331,-3.0,5.0
18.56,0.08199805850609457,-0.09233231872929855,17.760424860753098,-14.192476471308785,-0.06883307511474895,0.053721717336260945,-0.012035793796343012,-0.2185082644759816,-0.1336729799365905,0.3830481584872733,1.0000000000000002,5.0,-58.617906658582264,69.33319725371823,-0.27617547167909806,-0.17412406082032617,0.3777914352999949,3.0,5.0
18.57,0.09960492071383913,-0.1099840852021095,15.791628947429796,-12.446946531957947,-0.0636809851505215,0.04792030665208343,-0.010804201504886101,-0.27194474473149666,-0.1715769012810888,0.3812934968982633,-0.9999999999999998,5.0,-79.03940963529011,89.06200279007271,-0.32538122498701166,-0.2094808226255871,0.37602951213123337,-3.0,5.0
18.580000000000002,0.11522766992620274,-0.12543254152308567,13.4773449737517,-10.426061195493013,-0.057422623407001674,0.04100980277042861,-0.010433886167375677,-0.3200139562412491,-0.20611807646432562,0.3795364571388264,1.0000000000000002,5.0,-97.93047132219822,107.04642829270435,-0.3680831677510016,-0.24065925164756247,0.37426533786051563,3.0,5.0
18.59,0.12852326665018085,-0.13833704876594768,10.864082348986633,-8.17062747849342,-0.05018265538039311,0.033128643751028156,-0.008942301971218303,-0.3616400614422841,-0.23653965569942545,0.3777770816270924,-0.9999999999999998,5.0,-114.88123286597758,122.89304116011311,-0.40326616664331916,-0.2669612349345253,0.37249895509189035,-3.0,5.0
18.6,0.13919347268781856,-0.1484058818116668,8.004995605987634,-5.726674706767384,-0.042107300373921706,0.024436670628580272,-0.008349553313642687,-0.39592074245860825,-0.26217325270059577,0.37601541284209794,1.0000000000000002,5.0,-129.5197894679597,136.25314604481358,-0.4302014234749324,-0.28780684970176607,0.37073040648711464,3.0,5.0
18.61,0.1469954630689696,-0.15540770551972996,4.9588038745178205,-3.144557147684297,-0.03336151654944766,0.015112054067599322,-0.0066780575740791005,-0.4220578294047572,-0.28244036854439747,0.3742514933227231,-0.9999999999999998,5.0,-141.52072151374668,146.82588472923112,-0.44819491635090625,-0.30270748438819917,0.36895973476459853,-3.0,5.0
18.62,0.15174334863060632,-0.15917191585759324,1.788591792778751,-0.4778806288094697,-0.02412551921167757,0.005347499948158731,-0.005952018134675445,-0.4394645494181809,-0.29687856553632463,0.37248536566662055,1.0000000000000002,5.0,-150.61189095105624,154.36951069648964,-0.4568712694316046,-0.3113167625282518,0.36718698269831285,3.0,5.0
18.63,0.15331649776261524,-0.15959763826093362,-1.4394967910442888,2.217568702006752,-0.014591203425897018,-0.004653566482161822,-0.004196994492632939,-0.4476897491568632,-0.30513873019243465,0.37071707252914965,-0.9999999999999998,5.0,-156.5809704257611,158.70232856644233,-0.4559149488955455,-0.31339889484854466,0.3654121931167369,-3.0,5.0
18.64,0.1516585447678535,-0.15665137628349743,-4.657632295522818,4.8850275106809455,-0.004958043764994058,-0.014681381839978429,-0.00343930220046146,-0.4465180281912248,-0.30700656185842945,0.3689466566223028,1.0000000000000002,5.0,-159.27994205971842,159.71153501028346,-0.44534630722558644,-0.30887439352442425,0.36363540890176227,3.0,5.0
18.650000000000002,0.14678302493871687,-0.1503731582245779,-7.797724665227781,7.46790910002751,0.0045709436369420885,-0.024524078098117748,-0.001705531158922822,-0.4358862814849586,-0.30239472145502644,0.367174160713636,-0.9999999999999998,5.0,-158.62907988541386,157.35150085093886,-0.42525453477869246,-0.29778288105162337,0.3618566729876357,-3.0,5.0
18.66,0.13876957938469703,-0.1408712339604895,-10.792857480204228,9.911039883426765,0.013793593093325295,-0.033972302281626336,-0.0010219162421678243,-0.4159757467945179,-0.2913588819830356,0.36539962762519473,1.0000000000000002,5.0,-154.61870491527577,151.64978557238956,-0.3960652121040771,-0.28032304251104473,0.360076028359871,3.0,5.0
18.67,0.1277667281572272,-0.1283252313633032,-13.578713831993177,12.161796256241932,0.02251274291605949,-0.04282350295587439,0.0005861504437689247,-0.38712022326707796,-0.27408422796598364,0.36362310023243777,-0.9999999999999998,5.0,-147.3102834819577,142.70248250896884,-0.358264699739638,-0.2568095739489317,0.3582935180541668,-3.0,5.0
18.68,0.11398521479226448,-0.11297788746966236,-16.094950602825577,14.17127383442375,0.030540563207098474,-0.05088641503829767,0.0010947313998887378,-0.34988973135101764,-0.2508957634015721,0.36184462146316376,1.0000000000000002,5.0,-136.83521781046855,130.67724724533826,-0.31265923943495727,-0.22770729883716057,0.3565091851553417,3.0,5.0
18.69,0.09769798128620519,-0.09513532663897944,-18.286504907861584,15.895307878386918,0.03770246547528313,-0.05798502506415338,0.002481790575865222,-0.3049904571415539,-0.22223909613026815,0.3600642342964312,-0.9999999999999998,5.0,-123.39296155878057,115.80567027269915,-0.2600911829320901,-0.19358242885896423,0.35472307279623355,-3.0,5.0
18.7,0.07923083620273877,-0.07515606231030711,-20.10479144637029,17.29547899013061,0.043841010680869034,-0.06396255392947105,0.0027277416469159246,-0.25334042695679615,-0.18868517918294594,0.35828198176148257,1.0000000000000002,5.0,-107.24687220757264,98.38340935678494,-0.20169039677203848,-0.15513126223562373,0.3529352241566367,3.0,5.0
18.71,0.05895993234575937,-0.0534487533254861,-21.508777860938807,18.339926030400576,0.04881923093991504,-0.068684748594007,0.0038158098168552287,-0.19596192606501758,-0.15090579571111043,0.3564979069366617,-0.9999999999999998,5.0,-88.71949545074138,78.75980440936364,-0.13858342517323902,-0.11312641223927493,0.3511456824621991,-3.0,5.0
18.72,0.0373001707291271,-0.030458946177723135,-22.465901357753996,19.004104423663414,0.05252379274618682,-0.0720430328098246,0.0037324752276984992,-0.1340502696293505,-0.10967338193662082,0.3547120529483354,1.0000000000000002,5.0,-68.18575405478303,57.335449572962965,-0.07213861319368339,-0.06844096816213122,0.3493544909833566,3.0,5.0
18.73,0.014700696759562103,-0.006664883739659306,-22.952819274994656,19.271316748964747,0.05486743159299223,-0.07395682484078504,0.004467712145211483,-0.06886009004511273,-0.06583208133866254,0.3529244629698085,-0.9999999999999998,5.0,-46.06579380520446,34.54950080289981,-0.0036699104608749894,-0.02199078074070427,0.3475616930342279,-3.0,5.0
18.740000000000002,-0.008368350784985417,0.01743734483093526,-22.955963410543898,19.133159508607914,0.055791103611842065,-0.07437559183665592,0.004015294468887127,-0.0017688837142189745,-0.02029372156423962,0.3511351802202428,1.0000000000000002,5.0,-22.816012117265547,10.875244187720135,0.06532232261667478,0.02524463821018329,0.34576733197154574,3.0,5.0
18.75,-0.031421634809370214,0.04133919632184646,-22.471898192582305,18.589719354175,0.05526530462486661,-0.07327997114827635,0.004372884544066141,0.06584090182546591,0.02599430735352344,0.3493442479635716,-0.9999999999999998,5.0,1.0799304718360057,-13.19425224007199,0.1334506873651508,0.07228233627128652,0.343971451193558,-3.0,5.0
18.76,-0.05397276857864909,0.06453530502438322,-21.50746058865073,17.64966957025558,0.053291025083248636,-0.07068255283887596,0.0035421789162264758,0.13252140145894226,0.07205551018504468,0.3475517095074127,1.0000000000000002,5.0,25.12154930780907,-37.151840539840705,0.1992019010924186,0.11811671301656591,0.342174094138936,3.0,5.0
18.77,-0.07554059313135313,0.08652921749269554,-20.079690442891433,16.33010738846001,0.04989981601803692,-0.06662768003564039,0.0035288313165488918,0.19687913291337408,0.11691804390036156,0.3457576082019843,-0.9999999999999998,5.0,48.80159132774104,-60.4914964570884,0.2612368643678059,0.16178057761567846,0.3403753042856992,-3.0,5.0
18.78,-0.09566337993105603,0.10684891739773696,-18.215538086700324,14.656290458290373,0.04515346056945143,-0.061190888955721875,0.0023424299815612004,0.2575151768750911,0.1596219718532924,0.3439619874390143,1.0000000000000002,5.0,71.61711550403692,-82.71444094183511,0.3181512208368082,0.20232589980622329,0.33857512515010413,3.0,5.0
18.79,-0.11390472974379307,0.12505200347600443,-15.951367018863369,12.661120649349447,0.03914275313727193,-0.054477373476906815,0.0019962531379943698,0.3131443606656642,0.199252956864317,0.3421648906506541,-0.9999999999999998,5.0,93.07974770652626,-103.34431539980142,0.3687735444562372,0.23888394187534157,0.33677360028557346,-3.0,5.0
18.8,-0.1298669692319994,0.1407402161002032,-13.332247572105796,10.384541028906431,0.03198590789382731,-0.0466201243681688,0.0005070833026121376,0.3625335625502456,0.23494858514340342,0.34036636130838616,1.0000000000000002,5.0,112.72651072413943,-121.93282452161547,0.41192276443482695,0.27064421342248984,0.3349707732815824,3.0,5.0
18.81,-0.1431958303120222,0.15356319349735179,-10.411068207165048,7.8727014628033425,0.023826125564162894,-0.03777715578886803,-0.00010519229489812116,0.4046177914178224,0.2659302767941476,0.338566442921936,-0.9999999999999998,5.0,130.12938129029166,-138.07398947967565,0.4467020202853991,0.2969119684448918,0.33316668776258557,-3.0,5.0
18.82,-0.15359223666264274,0.1632311802428028,-7.247468781160032,5.177065557843303,0.014828866193504101,-0.02812849577780667,-0.001817911183241387,0.43843421596006826,0.2915070065815186,0.33676517903817726,1.0000000000000002,5.0,144.9049864868453,-151.4084417388414,0.47225064050231413,0.31708373636888965,0.33136138738690113,3.0,5.0
18.830000000000002,-0.1608150137432894,0.16951660472335472,-3.9066302649442686,2.35332072030613,0.005178381346548435,-0.017872378244055055,-0.002606164589415997,0.46323288029356274,0.31110384001122715,0.33496261324004173,-0.9999999999999998,5.0,156.7226122963753,-161.63592581050221,0.4880315446270572,0.33070067344093573,0.3295549158456352,-3.0,5.0
18.84,-0.16469038583264964,0.17226429173768684,-0.4579323237933237,-0.5397303096070103,-0.004925923968708756,-0.007221335842847535,-0.004443239029765645,0.47840438594643836,0.32426157435541675,0.3331587891454248,1.0000000000000002,5.0,165.31196651773718,-168.51747539890857,0.4935758915993139,0.33741930869960635,0.327747316861574,3.0,5.0
18.85,-0.16511212260874708,0.171390277473686,3.026480617029649,-3.4414298401139827,-0.015273726093683168,0.003602348825131784,-0.00530123763657754,0.48358340446601245,0.3306605709927699,0.24986909185906858,-0.7505550980719922,5.0,170.4689070007023,-171.88547347222237,0.4887624229855865,0.33705956763012307,0.0,-2.5011101961439843,5.0
18.86,-0.16204825105599385,0.1668890495643399,6.47320831768482,-6.290495251337793,-0.02564802672180831,0.014371117557292748,-0.007026869861596784,0.4785684468565733,0.3301151637736752,0.18740181889430144,1.124722450964004,5.0,172.06062319761327,-171.6431100739636,0.4735534892471341,0.32956975655458054,0.0,3.0,5.0
18.87,-0.15553837726760264,0.15882939673208077,9.809134140811473,-9.026349142773133,-0.0358298186227,0.024857065798811008,-0.007778648477639028,0.46341691640840443,0.3225918366965658,0.14055136417072608,-0.9376387745179982,5.0,170.0285344528976,-167.77150394442873,0.44826538596023563,0.3150685096194564,0.0,-3.0,5.0
18.88,-0.14569703377649945,0.1473580539216937,12.96297712877832,-11.59036792587799,-0.04560258309020357,0.03483661111776308,-0.009497355316787897,0.4383567476929052,0.30819798399486514,0.10541352312804456,1.0311806127410008,5.0,164.39051599380178,-160.32620578135126,0.41329657897740596,0.29380413129316446,0.0,3.0,5.0
18.89,-0.13270800166538316,0.13269244450953832,15.866807689507501,-13.927170074466266,-0.05475699770944506,0.04409539071071671,-0.010140558490679644,0.403870158475804,0.28719308844253233,0.07906014234603342,-0.8629128780389574,5.0,155.24056448970742,-149.44076797842746,0.36938356925870275,0.26618819289019957,0.0,-2.7570063688189155,5.0
18.900000000000002,-0.11682488701605268,0.1151215272182689,18.45750806390915,-15.985770757046328,-0.06309528737153605,0.05243270288787745,-0.01161457720287664,0.36059849658045073,0.2599717320528248,0.05929510675952507,1.0685435609805216,5.0,142.74766637628218,-135.32013191711732,0.3173268346850974,0.23275037566311732,0.0,3.0,5.0
18.91,-0.0983623044653278,0.09499528383233685,20.678137228258468,-17.720729600504303,-0.07043561150765783,0.05966600177145647,-0.011983814883382982,0.3094171631504659,0.22706928452692549,0.0444713300696438,-0.9626307189153476,5.0,127.15246854105395,-118.24135692903242,0.2582358297204811,0.1941668370010262,0.0,-2.9938049988112168,5.0
18.92,-0.07769349357861369,0.07272252236879087,22.479181707969264,-19.093111944332165,-0.07661589736962655,0.0656347314877234,-0.013209511935912462,0.2513310983813122,0.18913844003158814,0.03335349755223285,1.0186846405423262,5.0,108.7631151244917,-98.5437456888587,0.19324503361215842,0.1512075955362508,0.0,3.0,5.0
18.93,-0.05523894756384562,0.048757807710790885,23.819650499488997,-20.071394586061903,-0.08149752354279252,0.07020402232820966,-0.013268605804173342,0.18754171608252726,0.14694912393863718,0.02501512316417464,-0.8878972681395629,5.0,87.9487514123836,-76.62651009021579,0.12375233378374234,0.10475980784568625,0.0,-2.794479176821452,5.0
18.94,-0.03146183730050137,0.02359712618728365,24.66800326928416,-20.632144912228767,-0.08496828897996471,0.07326756573839695,-0.014091795038407365,0.11933560112469582,0.10136008792495477,0.018761342373130978,1.0560513659302186,5.0,65.13251003797023,-52.93628923270115,0.05112948616686437,0.055771051911272344,0.0,3.0,5.0
18.95,-0.006854572766338402,-0.002237216463761016,25.00287986237766,-20.760611843451272,-0.08694509451859855,0.07475021690391298,-0.013744505105325988,0.04814570787594069,0.053314571270014745,0.014071006779848233,-0.9719743170348907,5.0,40.78259617794917,-27.962606766582624,-0.02304418537281444,0.0052690546150747225,0.0,-3.0,5.0
18.96,0.018067535259357653,-0.028202645030935034,24.813626681191575,-20.45106002105528,-0.08737578002752307,0.07460964844777214,-0.01420751114781654,-0.024565890150512054,0.0038077890983423193,0.010553255084886175,1.0140128414825549,5.0,15.40312934774662,-2.2232979631118948,-0.0972774881769648,-0.0456989930733301,0.0,3.0,5.0
18.97,0.04278091542348956,-0.0537525014705291,24.100593049166065,-19.706991549919096,-0.08624056330673761,0.07283762399895241,-0.013472898134643679,-0.09725103311284768,-0.04612078542297971,0.00791494131366463,-0.9284897946635082,5.0,-10.47670421489678,23.741805926620938,-0.1699361760751833,-0.09604935994430173,0.0,-2.8709924308095713,5.0
18.98,0.06676075663845148,-0.07834261046644193,22.87520298525513,-18.541097429120217,-0.08355255911457199,0.06946025472431464,-0.013508286943015878,-0.1683952674004109,-0.09542209220297898,0.005936205985248473,1.035755102668246,5.0,-36.31329183791089,49.38661567448522,-0.2395395016879741,-0.14472339898297823,0.0,3.0,5.0
18.990000000000002,0.08949605930533885,-0.10144773217474623,21.15978784008421,-16.975092620333722,-0.07935785706250288,0.06453784333422621,-0.012367991308360497,-0.23646196721192536,-0.14304636854538397,0.004452154488936355,-0.9821224486658771,5.0,-61.560339140521705,74.16570933060645,-0.30452866702343984,-0.19067064488778895,0.0,-3.0,5.0
19.0,0.11049661828928715,-0.12256792924060224,18.987194025259843,-15.03928144329919,-0.0737346538137251,0.05816369433175566,-0.012054870836338896,-0.3000130032912687,-0.18797855612700115,0.003339115866702266,1.0089387756670618,5.0,-85.67998171502734,97.55041428694223,-0.363564039370612,-0.23291074370861833,0.0,3.0,5.0
19.01,0.1293074698907519,-0.14124421071287596,16.40015863707782,-12.77201512952418,-0.0667919465284423,0.05046252421039587,-0.010580212667758736,-0.35765161635627196,-0.2292469066914676,0.0025043369000266992,-0.968217604037497,5.0,-108.15464301805551,119.03561051535178,-0.41529022942127525,-0.27051525725593406,0.0,-2.945373983742056,5.0
19.02,0.14551476276458486,-0.1570635551535639,13.450477830542457,-10.218898254011494,-0.05866731857918091,0.041587888715642674,-0.009947466426843984,-0.40814048924186574,-0.2659569480540129,0.0018782526750200244,1.0158911979812515,5.0,-128.4977322918752,138.15509002983094,-0.45862936212745953,-0.3026669894165581,0.0,3.0,5.0
19.03,0.1587587762513425,-0.16967291580456406,10.197971980169463,-7.431914579497304,-0.04952435638537928,0.03171929449530004,-0.008198609484441313,-0.4503404278639726,-0.2972976698979589,0.0014086895062650183,-0.9920544010093744,5.0,-146.26451943281555,154.4871053343829,-0.49254036648607946,-0.328638391741905,0.0,-3.0,5.0
19.04,0.16873793981999533,-0.1787821752605111,6.709280675855676,-4.46833385155459,-0.03954924828209681,0.02105843077920448,-0.007355024391105282,-0.4833239092417869,-0.32257252315386653,0.0010565171296987638,1.003972799495313,5.0,-161.06141771049303,167.66816244419246,-0.5163073906196013,-0.34784737640977414,0.0,3.0,5.0
19.05,0.17521958516838612,-0.18417565640827516,3.0564983644806514,-1.3895769074142197,-0.028947130839689333,0.009825215411379989,-0.005442377273410652,-0.5063073557699258,-0.3412017187615217,0.0007923878472740728,-0.9980136002523434,5.0,-172.55507609649567,177.3965679926994,-0.5292908022980647,-0.35983091436917686,0.0,-3.0,5.0
19.06,0.17804135024200549,-0.18571223290067537,-0.684308414628596,1.7400927507178925,-0.017937759609088277,-0.0017468823714663143,-0.0044889873627139455,-0.5187575871142087,-0.35274853323058486,0.0005942908854555546,1.0009931998738282,5.0,-180.47944888761398,183.44379207798013,-0.5312078184584917,-0.36429534769964805,0.0,3.0,5.0
19.07,0.177119097734546,-0.18333380193446813,-4.434684395203724,4.854868276435601,-0.006751091649978442,-0.013415526102716683,-0.0025247913217636294,-0.5203157675210456,-0.3569162422973675,0.00044571816409166593,-0.9995034000630858,5.0,-184.64228043854484,185.65522856736965,-0.5218739479278824,-0.3610839513641501,0.0,-3.0,5.0
19.080000000000002,0.17244524285247642,-0.17706212205089955,-8.115423921470123,7.888818838211735,0.004377629475087604,-0.02493472860895691,-0.0015803904861200905,-0.5108954235317513,-0.35356868376202316,0.00033428862306874945,1.0002482999684572,5.0,-184.9292787538328,183.95856115205214,-0.501475079542457,-0.3502211252266788,0.0,3.0,5.0
19.09,0.16409344312721044,-0.16700387910393527,-11.648243160586443,10.777243149245136,0.01521268363692456,-0.03605986984623942,0.000313653379055786,-0.49059684460962644,-0.3427209361906853,0.0002507164673015621,-0.9998758500157714,5.0,-181.3074810202366,178.36128354740137,-0.47029826568750155,-0.3318731886193474,0.0,-3.0,5.0
19.1,0.1522136115587432,-0.1533440537366631,-14.957437904336182,13.458084788511139,0.025522978745538535,-0.04655303304051784,0.001127599015598018,-0.4597956721206445,-0.32455337377035476,0.00018803735047617158,1.0000620749921143,5.0,-173.82611148552922,168.95567943954234,-0.4289944996316626,-0.3063858113500243,0.0,3.0,5.0
19.11,0.1370332751661444,-0.13634752619180093,-17.97150498173166,15.873223132245109,0.0350868420225249,-0.05618792409433342,0.002833123656833395,-0.4190474091480324,-0.2993956854542693,0.00014102801285712868,-0.999968962503943,5.0,-162.61651954293512,155.91288055276272,-0.37829914617542026,-0.27423799713818386,0.0,-3.0,5.0
19.12,0.118849310440623,-0.11634906490495772,-20.624679587752155,17.96976843508117,0.043696896633711055,-0.0647548918267195,0.0034040171338341934,-0.36916644653383907,-0.2677342665517937,0.00010577100964284651,1.0000155187480289,5.0,-147.88956977943357,139.48438088334015,-0.31928548391964573,-0.23607284764931813,0.0,3.0,5.0
19.13,0.09802614738738451,-0.09375170664167089,-22.858368614304982,19.701177021843037,0.051164419045000534,-0.07206531917786864,0.004816689592307783,-0.31112110346357247,-0.23018970946360906,7.932825723213488e-05,-0.9999922406259856,5.0,-129.93214470658108,119.99269860231382,-0.2530757603933059,-0.1926451523754244,0.0,-3.0,5.0
19.14,0.0749845411655773,-0.06901374383240483,-24.622435794813278,21.028318458094038,0.057323583534838886,-0.07795591263480821,0.00505076167298957,-0.24610380747495914,-0.187517941102559,5.949619292410116e-05,1.0000038796870072,5.0,-109.10120469197197,97.8296358906363,-0.1810865114863458,-0.14484617274150896,0.0,3.0,5.0
19.150000000000002,0.05019706697615857,-0.04264439184588459,-25.876323633221116,21.92031511480524,0.06203500120801047,-0.08229217404722043,0.0060894504585971175,-0.17541785688873596,-0.14058186763830352,4.4622144693075874e-05,-0.9999980601564964,5.0,-85.81713689189357,73.4438979594477,-0.10473190630251275,-0.09364579417404803,0.0,-3.0,5.0
19.16,0.024174496238897926,-0.015188411198478167,-26.589974098814988,22.355291488996087,0.06518897594489156,-0.08497160021001714,0.005920019522210268,-0.10054025438855593,-0.09034720053082054,3.3466608519806906e-05,1.000000969921752,5.0,-60.55490557339156,47.33658729672175,-0.025662651888375895,-0.04011253342333758,0.0,3.0,5.0
19.17,-0.002540737476430393,0.012780190149767993,-26.744540391686936,22.320860120072947,0.06670790434065868,-0.08592591623083394,0.0065340075983162885,-0.02300207780202329,-0.037849440464539676,2.509995638985518e-05,-0.9999995150391239,5.0,-33.8347988176345,20.046394774432013,0.05453609878450935,0.014648319601741188,0.0,-3.0,5.0
19.18,-0.029389779285734503,0.04067505509543858,-26.332860111507138,21.81448868945088,0.0665482650968456,-0.0851229132011141,0.005927506707431922,0.05555387741701344,0.0158142038072109,1.8824967292391386e-05,1.0000002424804384,5.0,-6.211341132225589,-7.856942674854817,0.13410983263605017,0.06947784807896148,0.0,3.0,5.0
19.19,-0.055805055080520485,0.0679048159036541,-25.359691333551446,20.843583023160956,0.06470165080295182,-0.0825672241156703,0.006101207358711762,0.1334966778901726,0.06952089726253352,1.4118725469293538e-05,-0.9999998787597808,5.0,21.73778320056282,-35.789050406417516,0.21143947836333182,0.12322759071785616,0.0,-3.0,5.0
19.2,-0.08122620357736623,0.09389052827391207,-23.84169178311453,19.42543895726318,0.06119531578146908,-0.07830063869994455,0.005060485300358292,0.209152169042807,0.12213241338566783,1.0589044101970153e-05,1.0000000606201096,5.0,49.424185086683835,-63.15858387624721,0.2848076601954414,0.17474392950880213,0.0,3.0,5.0
19.21,-0.10510797488291923,0.11807302573280834,-21.80715292628757,17.586906476733358,0.056091722892716224,-0.07240132282260481,0.004815251311121687,0.2809277028460905,0.17253240559699862,7.941783076477615e-06,-0.9999999696899453,5.0,76.26072698668614,-89.38426142214354,0.352703236649374,0.22293239780832944,0.0,-3.0,5.0
19.22,-0.12693585668061158,0.13992984573891454,-19.295479723008164,15.363927915863785,0.049487594058198636,-0.06498257581801863,0.0033798425757670895,0.3472567244047511,0.21963683580804844,5.956337307358211e-06,1.0000000151550275,5.0,101.67434774002449,-113.90263876371606,0.4135857459634117,0.26674126601909826,0.0,3.0,5.0
19.23,-0.14623316756085103,0.1589815593605077,-16.35643843446651,12.800802410676525,0.04151197896169991,-0.056190524310192086,0.002772681229562937,0.406721712745252,0.26243043274951683,4.467252980518658e-06,-0.9999999924224863,5.0,125.11786757046221,-136.18472486354915,0.4661867010857529,0.3052240296909853,0.0,-3.0,5.0
19.240000000000002,-0.16257539214249841,0.17480717397110973,-13.049173600840756,9.949346936914827,0.03232387806329322,-0.046201418331327675,0.0010159826843755407,0.4579955327444579,0.29997531071474837,3.350439735388994e-06,1.0000000037887569,5.0,146.0821398956042,-155.74282106525723,0.5092693527436638,0.33752018867997996,0.0,3.0,5.0
19.25,-0.17559552141230955,0.18704846954989124,-9.441026526858666,6.867814253074622,0.022108964911106165,-0.03521795966047905,0.00013524323369521233,0.49995976572567696,0.33144465267755896,2.5128298015417452e-06,-0.9999999981056216,5.0,164.1066722554138,-172.1456993099597,0.541923998706896,0.36291399464036955,0.0,-3.0,5.0
19.26,-0.18499620676527206,0.195422976892033,-5.606165698746471,3.6197456197190876,0.011075972909662547,-0.023465357704416004,-0.001841206750375916,0.5316401531112442,0.35612764036138417,1.884622351156309e-06,1.0000000009471892,5.0,178.79010445050486,-185.02352823545917,0.5633205404968116,0.3808106280452094,0.0,3.0,5.0
19.27,-0.19055253429185595,0.19972550655924035,-1.6240699386478488,0.27262539748790227,-0.000547681572652595,-0.011186569933482828,-0.00288285114772339,0.5523178443098296,0.37345860682283416,1.4134667633672317e-06,-0.9999999995264053,5.0,189.7986981708792,-194.08070008387952,0.5729955355084149,0.3907895732842841,0.0,-3.0,5.0
19.28,-0.19212127935192258,0.19983799354728643,2.4221178351869233,-3.103478725362239,-0.01252045040973683,0.001362553749337362,-0.004957548625815238,0.5614567188953685,0.38301668402393135,1.0601000725254237e-06,1.0000000002367977,5.0,196.87426806725364,-199.09801386857274,0.5705955934809076,0.39257476122502855,0.0,3.0,5.0
19.29,-0.1896405069446283,0.19572763046206065,6.447319179956965,-6.437417927805964,-0.024591786405942277,0.013918745198062953,-0.00603226994410216,0.5588056430764962,0.3845490273738236,7.950750543940678e-07,-0.9999999998816009,5.0,199.83975948665054,-199.9424229752291,0.5561545672576238,0.3860813707237159,0.0,-3.0,5.0
19.3,-0.18313544308917154,0.18745312413060325,10.366308235766876,-9.658419420331882,-0.03650725087474804,0.026216674917345903,-0.00807372064983292,0.5443161112093502,0.3779640105181149,5.963062907955509e-07,1.0000000000591995,5.0,198.60396183155999,-196.56586539196803,0.5298265793422043,0.3713789936624061,0.0,3.0,5.0
19.31,-0.1727145527782835,0.17515912293972918,14.095508821219909,-12.697624158229345,-0.048013990127165104,0.03799470207056908,-0.009049112229941743,0.5182343346424243,0.36334760509340014,4.4722971809666313e-07,-0.9999999999704003,5.0,193.163628646635,-189.01145370809007,0.49215255807549846,0.3487311996686854,0.0,-3.0,5.0
19.32,-0.158571823202611,0.15907872733834788,17.554775762006305,-15.489516469166514,-0.05886596553069114,0.049000274347302766,-0.010926789427947687,0.4810084383132134,0.3409494806723587,3.3542228857249735e-07,1.0000000000148,5.0,183.60456480497407,-177.40861684742381,0.44378254198400247,0.31855135625131725,0.0,3.0,5.0
19.330000000000002,-0.14097926319261467,0.13952420969684917,20.669109523452022,-17.97337131743224,-0.06882932702748439,0.05899548557027412,-0.0116769764900753,0.43337004761748726,0.31119218783843783,2.51566716429373e-07,-0.9999999999925999,5.0,170.10002737023993,-161.9755477276965,0.38573165692176115,0.281434895004517,0.0,-3.0,5.0
19.34,-0.12028569328211848,0.11688593459353733,23.370280607690468,-20.094532043701193,-0.07768731537857279,0.06776205021390498,-0.013272350369701692,0.37623114651054423,0.2746501110219272,1.8867503732202974e-07,1.0000000000037,5.0,152.90807847152203,-143.0106275384198,0.31909224540360115,0.23810803420541662,0.0,3.0,5.0
19.35,-0.09690591176943261,0.09161968242453097,25.59831558473014,-21.80564708515965,-0.08524508838551396,0.07510621008244565,-0.013688704595111621,0.31075570980623135,0.2320517054498144,1.415062779915223e-07,-0.9999999999981501,5.0,132.36631559403173,-120.89125957771185,0.24528027310191852,0.1894532998777016,0.0,-3.0,5.0
19.36,-0.07131638275069181,0.06424244054460992,27.302825550767597,-23.067682556513805,-0.09133386639559937,0.08086284450702838,-0.014905413373661566,0.23824720313023545,0.18425185306112793,1.0612970849364173e-07,1.0000000000009248,5.0,108.88569565121432,-96.06186044761661,0.16573869645423955,0.13645200067244145,0.0,3.0,5.0
19.37,-0.04404159868035,0.03531693283663791,28.444134669193144,-23.850844420921238,-0.09581480687820279,0.08489931609230089,-0.014905961757490262,0.16021165589057773,0.13222799361144755,7.959728137023131e-08,-0.9999999999995375,5.0,82.94195381703115,-69.02951537224605,0.08217610865091998,0.0802041341617672,0.0,-3.0,5.0
19.38,-0.015647324770455082,0.005445013308848275,28.99419671512382,-24.135233435925002,-0.09858202213553353,0.08711834442723901,-0.015678254098367036,0.07823758687453647,0.07704699829801312,5.969796102767348e-08,1.0000000000002311,5.0,55.06640499212004,-40.349114395760964,-0.0037364821415047933,0.0218660029845787,0.0,3.0,5.0
19.39,0.013275068058583469,-0.024749751943653392,28.937265606397034,-23.91137386260979,-0.09956517254647744,0.08746046470343453,-0.015214969754024588,-0.005947344957643971,0.019856562351634424,4.4773470770755113e-08,-0.9999999999998843,5.0,25.834694783375433,-10.616538824070574,-0.09013227678982438,-0.03733387359474427,0.0,-3.0,5.0
19.400000000000002,0.04211692858028766,-0.05463014451317155,28.270317201687803,-23.18044719007254,-0.09873107542070243,0.0859053919257475,-0.015513681829969983,-0.09060154128735919,-0.03815181073436728,3.358010307806633e-08,1.000000000000058,5.0,-4.144653267892913,19.548230458526586,-0.1752557376170744,-0.09616018382036898,0.0,3.0,5.0
19.41,0.0702690659209412,-0.08356363669047237,27.003198550206786,-21.95438057338924,-0.09608479075231048,0.08247287871240494,-0.01457701182289796,-0.17391652676812863,-0.09575436876712735,2.518507730854975e-08,-0.9999999999999709,5.0,-34.24327680075726,49.5094674987147,-0.2572315122488981,-0.1533569267998874,0.0,-3.0,5.0
19.42,0.09713062623023413,-0.11093082458071077,25.158512707095518,-20.255630410458764,-0.09166965512687357,0.07722242056972425,-0.014412540120433871,-0.25414436145243746,-0.1517340726105712,1.888880798141231e-08,1.0000000000000144,5.0,-63.82571228693772,78.63361101539179,-0.3343721961367463,-0.207713776454015,0.0,3.0,5.0
19.43,0.12212584697646589,-0.13614358109128147,22.771226539774947,-18.116820201852388,-0.08556675789080398,0.07025243129853588,-0.01303274957496665,-0.32954535593803413,-0.20489304742294254,1.4166605986059235e-08,-0.9999999999999927,5.0,-92.2631831343284,106.29808891263232,-0.40494635042363086,-0.25805202223531387,0.0,-3.0,5.0
19.44,0.14471240558823464,-0.15865273575183797,19.888021052749515,-15.580082639896041,-0.07789336461731004,0.061698277814740354,-0.012454726547935458,-0.3985145532158427,-0.2540913555854291,1.0624954489544425e-08,1.000000000000004,5.0,-118.94653087196727,131.9091362180679,-0.4674837504936513,-0.30328966374791566,0.0,3.0,5.0
19.45,0.16439711144306152,-0.17796492313217213,16.566383002053797,-12.696274466139377,-0.06880081601172396,0.051729832432542415,-0.010699901080847903,-0.45952693843829956,-0.29825817507422936,7.96871586715832e-09,-0.9999999999999978,5.0,-143.29963337027175,154.90996401347442,-0.5205393236607564,-0.34242499456302955,0.0,-3.0,5.0
19.46,0.18074267665704172,-0.19364843055267372,12.873468365031531,-9.52392311318515,-0.05847144086010586,0.04054796653036833,-0.009793554930851177,-0.5112598826093594,-0.33642823483909645,5.97653690036874e-09,1.000000000000001,5.0,-164.79140662019825,174.7973679409994,-0.5629928267804192,-0.37459829460396354,0.0,3.0,5.0
19.47,0.19338134443567848,-0.20534772190344697,8.884746931621283,-6.128082220527526,-0.04711504355658751,0.02838067679429887,-0.007764383279167586,-0.5525328560672691,-0.36774963293283014,4.482402675276555e-09,-0.9999999999999993,5.0,-182.94774977234002,191.1281555574295,-0.5938058295251789,-0.3990710310265639,0.0,-3.0,5.0
19.48,0.20201915067503037,-0.21278651397106396,4.6824683090094155,-2.5789628872670893,-0.03496453533617861,0.015478298903033493,-0.0066438427236866215,-0.5824230237973618,-0.39151595285598867,3.3618020064574164e-09,1.0000000000000002,5.0,-197.36155731025852,203.5335142246435,-0.6123131915274543,-0.4152822727791472,0.0,3.0,5.0
19.490000000000002,0.20644664750622346,-0.21577913755533498,0.3539673522419662,1.049475276115305,-0.022271297743276113,0.002108527921543965,-0.004465574875162769,-0.6001968937672146,-0.4071688884735788,2.5213515048430625e-09,-0.9999999999999998,5.0,-207.70219651586243,211.72274269213952,-0.6179707637370674,-0.42282182409116886,0.0,-3.0,5.0
19.5,0.20653992311533562,-0.21423012389903506,-4.01014311237733,4.681100489354252,-0.00929987232000025,-0.011449275145291671,-0.0032646412403444895,-0.6054167923284851,-0.414324396647164,1.891013628632297e-09,1.0000000000000002,5.0,-213.72262292859835,215.4945218695668,-0.6106366908897556,-0.42147990482074915,0.0,3.0,5.0
19.51,0.20226781270570637,-0.20814182019950628,-8.3178680232676,8.239163691121485,0.0036774137826425333,-0.024909750813668467,-0.0010768612764446538,-0.5978625232895629,-0.4127687086265481,1.4182602214742226e-09,-0.9999999999999998,5.0,-215.2655901945842,214.73721061300367,-0.5903082542506408,-0.4112130206059322,0.0,-3.0,5.0
19.52,0.19368920729355066,-0.19761005211447552,-12.477761657708298,11.647955653088209,0.016386275271721,-0.03798768707854,6.200869959919271e-05,-0.5776271897958595,-0.40247735460762896,1.063695166105667e-09,1.0000000000000002,5.0,-212.26719349118835,209.43641228593282,-0.557391856302156,-0.3921860005887098,0.0,3.0,5.0
19.53,0.18095643226130792,-0.18282771872861198,-16.400867633561987,14.834375311843985,0.028556127085981986,-0.05040389283850665,0.002116962473577076,-0.5450277561731709,-0.3836036795819694,7.977713745792502e-10,-0.9999999999999998,5.0,-204.75927630452182,199.67137434460315,-0.5124283225504822,-0.3647300045563099,0.0,-3.0,5.0
19.54,0.16430868251946332,-0.16407642220214533,-20.00261322422066,17.729532243726318,0.03992595505022087,-0.06189129719911442,0.003054558340298969,-0.5006895603449215,-0.3564901607577775,5.983285309344376e-10,1.0000000000000002,5.0,-192.86901852126957,185.61854772512618,-0.45635136451667224,-0.32937664193358557,0.0,3.0,5.0
19.55,0.14407156779088678,-0.14172610272458463,-23.20463079585077,20.270192955724415,0.05024977404870414,-0.07220052285146555,0.0048435676006868145,-0.4454455915453305,-0.3216491661092139,4.487463982008282e-10,-0.9999999999999998,5.0,-176.8173181553368,167.5439522083778,-0.39020162274573944,-0.2868081714606503,0.0,-3.0,5.0
19.56,0.12064683617320261,-0.11622286520486311,-25.936454192297337,22.400196027567976,0.059302057627964415,-0.0811054365142949,0.005455719313450804,-0.38040998262968073,-0.27976662794991347,3.3655979865062116e-10,1.0000000000000002,5.0,-156.91436926236142,145.80275962274473,-0.31537437371403104,-0.2378840897906131,0.0,3.0,5.0
19.57,0.09450840879265326,-0.08808504979790585,-28.13706650750217,24.07164928298737,0.0668825219119761,-0.08840793450442999,0.006866249203331582,-0.3068667664729038,-0.23167543344552818,2.5241984898796587e-10,-0.9999999999999998,5.0,-133.554133229075,120.82782550945375,-0.23332355031612684,-0.1835842389411429,0.0,-3.0,5.0
19.580000000000002,0.06618886930891363,-0.057887809701644824,-29.75625232767011,25.24603886047973,0.07282066036728532,-0.09394248141115383,0.007054516786177226,-0.22633357162171996,-0.17835216362025114,1.8931488674097441e-10,1.0000000000000002,5.0,-107.20618934004615,93.12566313576237,-0.14580037677053612,-0.1250288937949741,0.0,3.0,5.0
19.59,0.03627261136901021,-0.026256319194148094,-30.755737666218778,25.89506943425743,0.07697942967869129,-0.09757967976497565,0.00800440111516305,-0.14044151881010616,-0.12088413236722129,1.419861650557308e-10,-0.9999999999999998,5.0,-78.40674186892511,63.26166833191535,-0.05454946599849235,-0.06341610111419146,0.0,-3.0,5.0
19.6,0.005379851212581055,0.006152061459161064,-31.110078850489572,26.001372646132083,0.07925850506675929,-0.09922941295478854,0.007704742267922157,-0.050991187300316154,-0.060460495330720204,1.064896237917981e-10,1.0000000000000002,5.0,-47.74734465237829,31.85316103963037,0.03845914420947387,-3.685829421912895e-05,0.0,3.0,5.0
19.61,-0.025842236261146508,0.038656487125519515,-30.807292990438622,25.558911162960115,0.0795965310876963,-0.09884286753309787,0.00814954253477798,0.040173916091687134,0.0016654958012274138,7.986721784384857e-11,-0.9999999999999998,5.0,-15.863188823690455,-0.4478833608393185,0.13133901948369042,0.06379148693317503,0.0,-3.0,5.0
19.62,-0.056737005005110995,0.07057182445937192,-29.849201735640133,24.57322439210427,0.07797281549588932,-0.09641400881375546,0.007338198408412338,0.13111637139789972,0.06418921670255942,5.990041338288643e-11,1.0000000000000002,5.0,16.58042502426285,-32.963791294382375,0.2220588267041123,0.12671293760389143,0.0,3.0,5.0
19.63,-0.08664815533515546,0.10121813439499598,-28.251492224767695,23.061352864982386,0.07440792433367444,-0.09197985030831564,0.0072754816592288055,0.2199347951127825,0.12579520833713764,4.4925310037164825e-11,-0.9999999999999998,5.0,48.90153370787952,-65.0099180438587,0.30875321882766527,0.18740119997171584,0.0,-3.0,5.0
19.64,-0.11493760451731427,0.12994004942710363,-26.0434788018862,21.051597341873723,0.0689636601687138,-0.08562012735980797,0.005971545175312263,0.3047146279907918,0.18517158625360425,3.369398252787362e-11,1.0000000000000002,5.0,80.41621581260402,-95.90448837121743,0.3894944608688011,0.24454796417007085,0.0,3.0,5.0
19.650000000000002,-0.14099510478076194,0.15611582798030943,-23.267581619058287,18.582959885195688,0.06174191748925773,-0.0774557532660623,0.005441676589305978,0.38365816386795093,0.24105111472988464,2.5270486895905214e-11,-0.9999999999999998,5.0,110.45262824916308,-124.98760926797478,0.46260169974511,0.296930643206165,0.0,-3.0,5.0
19.66,-0.16425533199258494,0.17917569962606283,-19.978518006499208,15.704433193114252,0.052882933781830434,-0.06764670650022174,0.0037060801696260897,0.4550337090017152,0.2922249832694337,1.895286517192891e-11,1.0000000000000002,5.0,138.3656969132804,-151.6307883920055,0.5264092541354795,0.3433988518089828,0.0,3.0,5.0
19.67,-0.1842061518136597,0.19860930105558836,-16.242234868755514,12.473995464541472,0.042562466895813285,-0.05638876526728073,0.002789414756306175,0.517302297295333,0.3375820841641039,1.4214648878946683e-11,-0.9999999999999998,5.0,163.55053224083375,-175.2550193272355,0.5795708855889508,0.3829391850587741,0.0,-3.0,5.0
19.68,-0.2004038111757206,0.21398184669102305,-12.134589701432802,8.957486683001381,0.030988453030136497,-0.043909774844663935,0.0007203728354641058,0.5690619092016205,0.3761198584931233,1.0660986659210013e-11,1.0000000000000002,5.0,185.45590046110684,-195.3387826109745,0.620821521107908,0.4146576328221427,0.0,3.0,5.0
19.69,-0.21247879820104829,0.2249388759332917,-7.739819524010551,5.227232552008184,0.018396710211315698,-0.030464898893342026,-0.00046896709070802663,0.6091677127656437,0.4069795633160207,7.995739994407509e-12,-0.9999999999999998,5.0,203.5958429461653,-211.43405162953405,0.649273516329667,0.43783926813891805,0.0,-3.0,5.0
19.7,-0.2201481657194073,0.23121927417901358,-3.1488154461028195,1.3606001031637684,0.00504627358187567,-0.01633157249056652,-0.0027437257019745356,0.6366684007616171,0.42945210467361555,5.996804995805631e-12,1.0000000000000002,5.0,217.56080840735504,-223.17169236372405,0.6641690887575904,0.4519246460312104,0.0,3.0,5.0
19.71,-0.22321811890723262,0.23265647296738945,1.5427488490268653,-2.561641662209546,-0.008786043620631496,-0.0018036370279834561,-0.004067009848659312,0.6509172991748393,0.4430073881301144,4.4976037468542235e-12,-0.9999999999999998,5.0,227.02643599599327,-230.2743974323709,0.6651661975880616,0.45656267158661323,0.0,-3.0,5.0
19.72,-0.2215927285532313,0.2291875985952284,6.236409330518602,-6.4569661117482084,-0.022811251670773393,0.012814600297705805,-0.006400609075201163,0.6514985053054257,0.44729345023555295,3.3732028101406674e-12,1.0000000000000002,5.0,231.76141054546906,-232.55860506705102,0.6520797114360122,0.4515795123409915,0.0,3.0,5.0
19.73,-0.2152726444307949,0.2208505541457795,10.832970119463392,-10.242860272686716,-0.036734333433008366,0.027214881818518923,-0.007705863352854843,0.63832693889208,0.44215845882419,2.5299021076055008e-12,-0.9999999999999998,5.0,231.63259420669343,-229.94361419053502,0.6251553724787342,0.43702346741282716,0.0,-3.0,5.0
19.740000000000002,-0.20435975033243403,0.20778888960231603,15.234598380568704,-13.838529825873252,-0.050260312598261025,0.041091331387431235,-0.009944407846205094,0.6115627922723761,0.4276419963709398,1.8974265807041256e-12,1.0000000000000002,5.0,226.6089302861131,-222.4494245975464,0.5847986456526721,0.4131255339176895,0.0,3.0,5.0
19.75,-0.18905171974375318,0.1902445343093641,19.34689841247987,-17.16665799622963,-0.0631006144049374,0.05414709236887557,-0.011079055141577107,0.5716995056325931,0.4039888767383501,1.4230699355280942e-12,-0.9999999999999998,5.0,216.76240496947833,-210.20159781361892,0.53183621899281,0.3803357571057604,0.0,-3.0,5.0
19.76,-0.16964250090033672,0.16855833789405206,23.08093411928099,-20.155024844272578,-0.07497908428284723,0.06610050899631376,-0.013074520220534003,0.5194660059083485,0.37163208017479543,1.0673024516460707e-12,1.0000000000000002,5.0,202.26764935766087,-193.4247563298566,0.4672325061841037,0.3392752836112407,0.0,3.0,5.0
19.77,-0.14651277826011494,0.14315858555830485,26.355143587374034,-22.738108452632865,-0.08563803697414919,0.07669134171689895,-0.013898248786055074,0.4559025925547106,0.33119823220714295,8.004768387345531e-13,-0.9999999999999998,5.0,183.39855750592653,-172.44310793958485,0.39233917920107275,0.29076438423949047,0.0,-3.0,5.0
19.78,-0.12012652620134676,0.11455752377277811,29.09711771519917,-24.858477344010282,-0.09484370633092934,0.08568626093066448,-0.01552105512631075,0.3822514651300165,0.2834823875985016,6.003576290509148e-13,1.0000000000000002,5.0,160.52359441342838,-147.66970456634505,0.30860033770532247,0.23576654298986027,0.0,3.0,5.0
19.79,-0.0910177862100602,0.083336148559613,31.245191186638202,-26.468099938082876,-0.10239147857523759,0.09288412243262444,-0.015917831733539715,0.30002152608779975,0.2294457186037415,4.502682217881861e-13,-0.9999999999999998,5.0,134.09826076312393,-119.60291260800136,0.21779158704558307,0.1754090496089814,0.0,-3.0,5.0
19.8,-0.059783862962720404,0.050137373180212906,32.749824019937044,-27.529386098297095,-0.10811029474530821,0.09812028707449139,-0.017068039151946636,0.2108686923583332,0.17018303587421513,3.3770116634113957e-13,1.0000000000000002,5.0,104.656477127379,-88.81189117398213,0.12171585862886664,0.11092035314468875,0.0,3.0,5.0
19.81,-0.02706914381326124,0.015647900963573866,33.5747298642246,-28.016093580424663,-0.11186662563904624,0.10127051113955632,-0.01695624119656729,0.11665157108858336,0.10691389843824722,2.532758747558547e-13,-0.9999999999999998,5.0,72.79943897506037,-55.92963705506768,0.022434449818833566,0.04364476100227933,0.0,-3.0,5.0
19.82,0.0064441976072105375,-0.01941101520203669,33.69773859810078,-27.913922588993135,-0.11356743010590038,0.10225369775378161,-0.017572397519512457,0.019303933625650235,0.0409443849235913,1.8995690606689103e-13,1.0000000000000002,5.0,39.183783681768176,-21.63546767911586,-0.07804370383728287,-0.025025128591064615,0.0,3.0,5.0
19.830000000000002,0.04005435324474506,-0.05430354654307521,33.11135997939766,-27.220940395110098,-0.11316252922867852,0.10103406769863285,-0.016912182676076408,-0.07911598224235575,-0.026346590248924162,1.4246767955016827e-13,-0.9999999999999998,5.0,4.50769161508918,13.35443280075648,-0.17753589811036172,-0.09363756542143963,0.0,-3.0,5.0
19.84,0.07305058192422301,-0.08828977077544697,31.82304751717496,-25.947669163521386,-0.11064583999071889,0.09762207524096092,-0.016977048104475142,-0.1765577627877839,-0.0935492355496316,1.0685075966262621e-13,1.0000000000000002,5.0,-30.503176066842588,48.30647675552344,-0.273999543333212,-0.16075188085033904,0.0,3.0,5.0
19.85,0.10473216602396307,-0.12064625254785692,29.85514173290644,-24.116989479691476,-0.10605593656044693,0.0920746653358555,-0.015774300945049724,-0.270932559658337,-0.15923914592314964,8.013806974696965e-14,-0.9999999999999998,5.0,-65.1112300577666,82.48047553386597,-0.3653073565288901,-0.22492905629666765,0.0,-3.0,5.0
19.86,0.13441929632499539,-0.15067648023953623,27.244504944141383,-21.76370363897229,-0.09947542049293835,0.08449423772210578,-0.015316921123491641,-0.3602466266857972,-0.22202062857912028,6.010355231022725e-14,1.0000000000000002,5.0,-98.58205438486705,115.14982092269396,-0.44956069371325746,-0.2848021112350909,0.0,3.0,5.0
19.87,0.16147158275320025,-0.17773074489938648,24.04183997400127,-18.93392225176444,-0.09102960701623206,0.07502695525431989,-0.013623395767900741,-0.4425544713969811,-0.2805430836677084,4.5077664232670434e-14,-0.9999999999999998,5.0,-130.20035763636426,145.61235590966626,-0.524862316108165,-0.3390655387562965,0.0,-3.0,5.0
19.88,0.18529786885676686,-0.2012152298707901,20.3107181525125,-15.684129205939861,-0.08088404825341265,0.0638598032044608,-0.012717297553591125,-0.516089965583731,-0.3335431859660736,3.3808248174502826e-14,1.0000000000000002,5.0,-159.28481944537313,173.20996857932008,-0.5896254597704809,-0.3865432882644387,0.0,3.0,5.0
19.89,0.20537306601174754,-0.2206099208665523,16.126321962440656,-12.080099203068052,-0.06924143978288738,0.051217077445411686,-0.010626891131109671,-0.5792152726310942,-0.3798588756503988,2.535618613087712e-14,-0.9999999999999998,5.0,-185.2031339739444,197.33822728843606,-0.6423405796784574,-0.426174565334724,0.0,-3.0,5.0
19.900000000000002,0.2212457164125099,-0.23547514232332636,11.573940085837858,-8.19553302820761,-0.05633746947433303,0.03735574731134396,-0.00938449912525403,-0.6305460127224289,-0.4184679461167692,1.901713959815784e-14,1.0000000000000002,5.0,-207.38531054746434,217.46411255469368,-0.6818767528137637,-0.45707701658313954,0.0,3.0,5.0
19.91,0.232552044424343,-0.2454663796973787,6.747231769299075,-4.11059412648827,-0.04243619112793799,0.022560407766824497,-0.007025916457866151,-0.6688926372977688,-0.44849730450208247,1.426285469861838e-14,-0.9999999999999998,5.0,-225.33656141285107,233.13319879777953,-0.7072392618731088,-0.47852666288739576,0.0,-3.0,5.0
19.92,0.23902026047456046,-0.2503372550739018,1.746308754387127,0.08977996196013383,-0.02782451524112193,0.007137300263613144,-0.0055896086837005365,-0.6933765823309777,-0.4692557849353369,1.0697141023963785e-14,1.0000000000000002,5.0,-238.6478780878115,243.98438910525792,-0.7178605273641864,-0.4900142653685913,0.0,3.0,5.0
19.93,0.24048094262925163,-0.24995038772034814,-3.324339122832564,4.317600492698481,-0.01280642935380197,-0.008591853365586936,-0.003115986806292394,-0.7033613521229225,-0.48023670495256693,8.022855767972838e-15,-0.9999999999999998,5.0,-247.00567989710618,249.75361572507856,-0.7133461219148673,-0.49121762496979704,0.0,-3.0,5.0
19.94,0.23686733473912194,-0.2442760879017975,-8.358018738293978,8.483705249005506,0.002303433900046139,-0.024296699402070257,-0.0016464974080099973,-0.6985573117818075,-0.4811431803349874,6.017141825979628e-15,1.0000000000000002,5.0,-250.19870104331824,250.28467966759442,-0.6937532714406924,-0.4820496557174078,0.0,3.0,5.0
19.95,0.22822146863044468,-0.2333987038634111,-13.248076790485301,12.499595811087824,0.01718624747388254,-0.039645018666069086,0.0007771769336012066,-0.678940572765943,-0.471882541764058,4.512856369484721e-15,-0.9999999999999998,5.0,-248.1235746530777,245.5287215675158,-0.6593238337500786,-0.4626219031931286,0.0,-3.0,5.0
19.96,0.21469003748812143,-0.217510664086538,-17.89015111099649,16.279351939604318,0.03152582525870011,-0.05430989173436253,0.002114066300926778,-0.6448450016601822,-0.45258303613509726,3.3846422771135407e-15,1.0000000000000002,5.0,-240.78736344343594,235.55058426026284,-0.6107494305544214,-0.43328353050613655,0.0,3.0,5.0
19.97,0.19652602028083352,-0.19691413208205907,-22.184395813711003,19.741426453208106,0.0450151981501321,-0.06797648982179663,0.00432471512284849,-0.5968680026915119,-0.4235793346865293,2.5384817078351557e-15,-0.9999999999999998,5.0,-228.30858549695958,220.5236521304469,-0.5488910037228414,-0.3945756332379613,0.0,-3.0,5.0
19.98,0.17408007893577498,-0.17201041472305306,-26.03761990018856,22.81043852265709,0.0573632921812022,-0.08034896963653677,0.005372095950534743,-0.5359493788885976,-0.3854202170304515,1.9038612808763668e-15,1.0000000000000002,5.0,-210.91507973197218,200.73152450683412,-0.4750307550856833,-0.34726109937437366,0.0,3.0,5.0
19.990000000000002,0.14779782287648727,-0.1432971397332301,-29.365306682152557,25.41877077245194,0.06830106612362144,-0.09115670274123432,0.007222339762086759,-0.4632641999806219,-0.3388451430818246,1.427895960657275e-15,-0.9999999999999998,5.0,-188.940357419673,176.5582068747792,-0.3905790210726462,-0.29227006913319775,0.0,-3.0,5.0
20.0,0.11820705559627143,-0.11135343906076269,-32.09345733907952,27.50809175873658,0.0775874772149282,-0.10016032757056123,0.007845543108329096,-0.38028925653882695,-0.284783271420762,1.0709219704929563e-15,1.0000000000000002,5.0,-162.8168830709711,148.48527571379873,-0.29731431309703193,-0.2307213997596994,0.0,3.0,5.0
20.01,0.08591118706960656,-0.07683324481451319,-34.16023158600684,29.030614429852186,0.08501464556420274,-0.10715687049266624,0.009216358547671106,-0.28868429423846503,-0.2243218211354881,8.031914778697173e-16,-0.9999999999999998,5.0,-133.06802857351997,117.07779700070066,-0.19707933193810312,-0.1638603708502142,0.0,-3.0,5.0
20.02,0.05157301017539636,-0.04044701892859704,-35.51733619217499,29.95021882365298,0.09041260464738382,-0.11198444564188105,0.009314631407201093,-0.19034785903145057,-0.15869751239014437,6.023936084022879e-16,1.0000000000000002,5.0,-100.2972381530223,82.97754614086747,-0.09201142382443614,-0.09307320364480065,0.0,3.0,5.0
20.03,0.015905100943673853,-0.0029520992134771454,-36.131143412361254,30.24325763222033,0.09365303244519456,-0.11452580679239481,0.010125792706786407,-0.08728917848639556,-0.0892581473409548,4.51795206301716e-16,-0.9999999999999998,5.0,-65.17623699798044,46.88539503483662,0.01576950205865943,-0.019818782291765244,0.0,-3.0,5.0
20.04,-0.02034889234214913,0.03486795117929692,-35.98350064191009,29.8991820909197,0.09465237941077956,-0.11471129265642938,0.009641275269156485,0.01832388347191917,-0.01744821552394593,3.38846404726287e-16,1.0000000000000002,5.0,-28.430902870929685,9.551491566766975,0.1239369454302339,0.054361716293062926,0.0,3.0,5.0
20.05,-0.05642575514545466,0.07221475394195628,-35.072225198263645,28.920817017553986,0.09337382079696385,-0.11252047467101724,0.009858667355436524,0.12429919619967573,0.0552342847363593,2.5413480354471524e-16,-0.9999999999999998,5.0,9.173293693569338,-28.244835092154457,0.23027450892743231,0.12791678499666453,0.0,-3.0,5.0
20.06,-0.09156269840695738,0.10829685694990836,-33.41125841007082,27.32443343737441,0.08982848604019951,-0.10798308786172035,0.00878187577710981,0.22837687556877062,0.12725581667954683,1.9060110265853642e-16,1.0000000000000002,5.0,46.84759910846848,-65.7067617301494,0.33245455493786547,0.19927734862273436,0.0,3.0,5.0
20.07,-0.12500948853407975,0.14234154212727912,-31.03048655101317,25.13945915561912,0.0840754320270364,-0.10117859565770641,0.008421018075983663,0.3283662317155863,0.19709279184750675,1.429508269939023e-16,-0.9999999999999998,5.0,83.79608057467257,-102.04127375674442,0.4283555878624021,0.26692976701546667,0.0,-3.0,5.0
20.080000000000002,-0.15604838851234165,0.17361625810950482,-27.97521691515789,22.40798756640391,0.07622085421088276,-0.09223501279675236,0.006792321190594843,0.42210290286670754,0.2632505233733227,1.0721312024542673e-16,1.0000000000000002,5.0,119.23280547106907,-136.47137152325706,0.5158395740178288,0.32940825489913866,0.0,3.0,5.0
20.09,-0.18400555903788027,0.20143941467862475,-24.305330873095244,19.183936981516897,0.06641604479178478,-0.08132638157634096,0.005917751769372487,0.5075844394045855,0.32430834043752343,8.040984018407004e-17,-0.9999999999999998,5.0,152.39811741772763,-168.2571873970648,0.5930659759424635,0.3853661575017242,0.0,-3.0,5.0
20.1,-0.20826960321551458,0.22520011375371912,-20.09411639317206,15.532032507128905,0.054854634541923034,-0.06866956987038506,0.003824661102022121,0.5829241047378233,0.37893681248531985,6.030738013805252e-17,1.0000000000000002,5.0,182.57528194230625,-196.7073008469046,0.6582637700710612,0.4335652845331162,0.0,3.0,5.0
20.11,-0.22830092858721626,0.24436658508603484,-15.426815639283546,11.526474059061123,0.0417686694333646,-0.05451982941125966,0.0025451752492776205,0.6464812138697168,0.4259398049174565,4.523053510353939e-17,-0.9999999999999998,5.0,209.10552923694343,-221.19827255687846,0.7100383230016103,0.4729427973495931,0.0,-3.0,5.0
20.12,-0.2436476486588793,0.25850294672070107,-10.398903192448145,7.249473177606608,0.02742409903221807,-0.039165824041477414,0.0001156185136281184,0.6968078737808401,0.4642673702386766,3.392290132765454e-17,1.0000000000000002,5.0,231.40278813074218,-241.18371346683324,0.7471345336919635,0.5025949355598966,0.0,3.0,5.0
20.13,-0.25395174935091397,0.26727411690079056,-5.114142580198042,2.7895319619825836,0.012115265770394824,-0.02292360487449605,-0.001424294357409755,0.7327705831133209,0.49305227908752913,0.09881941089462908,-0.9999999999999998,5.0,248.96617444687942,-256.21095261230363,0.7687332924458018,0.5218371879363817,0.3952776435785162,-3.0,5.0
20.14,-0.25896130623727387,0.27045856810380864,0.3175525188382178,-1.7603446006486267,-0.0038409932321473335,-0.006130276831491584,-0.004032204745368225,0.7534867282942707,0.5116163036054027,0.12233679648881057,1.0000000000000002,5.0,261.3915773845966,-265.9266759254774,0.7742028734752204,0.5301803281232762,0.19288895327135508,3.0,5.0
20.150000000000002,-0.25853255246870044,0.2679488312079494,5.782395380824679,-6.304622282908833,-0.02011201197692806,0.010863136181615215,-0.005664056332232855,0.7584346396320032,0.519499189691834,0.12700054555623924,-0.9999999999999998,5.0,268.3804694934158,-270.08966844660006,0.7633825509697358,0.5273820757782653,0.1409917927585252,-3.0,5.0
20.16,-0.2526376669895686,0.2597595308487891,11.165107652838458,-10.747200127052713,-0.0363560913279178,0.02769885777483252,-0.008274945233638593,0.747377479467622,0.5164565837487927,0.12694635671533433,1.0000000000000002,5.0,269.7473579321396,-268.5721116322144,0.7363203193032408,0.5134139778057513,0.12678379019261954,3.0,5.0
20.17,-0.24136217425790482,0.24602295753622627,16.35134230262187,-14.993476951139128,-0.05222978410060766,0.044020030451122266,-0.00982013248239002,0.7204598849951778,0.5024800215367233,0.1257140863898994,-0.9999999999999998,5.0,265.4240868022177,-261.367657078657,0.6935422905227334,0.4885034593246539,0.12201727541359464,-3.0,5.0
20.18,-0.22490792208339425,0.22699206035447111,21.23011034488968,-18.95232220307894,-0.06739501677066953,0.05947810877132711,-0.012255921565672859,0.6781179157389445,0.47778543026058123,0.09428556479242454,1.0000000000000002,5.0,255.46250093085428,-248.5878247469481,0.6357759464827112,0.45309083898443914,0.0,3.0,5.0
20.19,-0.20358562947927217,0.20303097163076655,25.69614690955998,-22.53806553166939,-0.08152639828569627,0.07374044055598346,-0.01354065855422028,0.6211615192904549,0.44282344764334025,0.0707141735943184,-0.9999999999999998,5.0,240.03378013673682,-230.4650489528343,0.5642051228419653,0.4078614650260993,0.0,-3.0,5.0
20.2,-0.17781307340757455,0.17461305404990243,29.652179385271303,-25.672306458291057,-0.09431806064466697,0.08649725273451174,-0.015635557510979538,0.5506703633072556,0.3982582117873454,0.0530356301957388,1.0000000000000002,5.0,219.4260581055407,-207.3440255828772,0.4801792073240563,0.3536929759313505,0.0,3.0,5.0
20.21,-0.1481030080060662,0.14230668684434375,33.01103584706413,-28.285661338417974,-0.10549038554725615,0.09746851449099275,-0.01650560954231553,0.4680625461632507,0.3449681305721,0.0397767226468041,-0.9999999999999998,5.0,194.03874100676106,-179.67979040110754,0.3854547290192459,0.29167804935685465,0.0,-3.0,5.0
20.22,-0.11505698414305492,0.1067688831366935,35.69756125729199,-30.31925355742334,-0.11479597198578431,0.10640990732993062,-0.018120279833087012,0.37497732750358687,0.28401548737214055,0.029832541985103073,1.0000000000000002,5.0,164.37524619833584,-148.02428748923052,0.281892108843923,0.22306284417218103,0.0,3.0,5.0
20.23,-0.0793492570186154,0.06872705084659418,37.65028643072838,-31.726070367128493,-0.12202521550834468,0.11311839410781509,-0.018454253482258053,0.27333167257168084,0.21663858851460216,0.022374406488827304,-0.9999999999999998,5.0,131.0326802462504,-113.01996000954544,0.17168601763977484,0.1492616896570638,0.0,-3.0,5.0
20.240000000000002,-0.041717036928789863,0.02896907713862832,38.82282593217112,-32.47200006148944,-0.12701087636669448,0.11743664206866614,-0.019487937687551766,0.16519201523426336,0.14421349541788794,0.01678080486662048,1.0000000000000002,5.0,94.6902763624931,-75.38221921523964,0.057052357896845846,0.07178840232117373,0.0,3.0,5.0
20.25,-0.00294134942938816,-0.011677873072123875,39.18496030365823,-32.53668203520536,-0.12963203510159488,0.11925682286706595,-0.01920798499398493,0.052821273742847924,0.06823921846750267,0.01258560364996536,-0.9999999999999998,5.0,56.0952037679506,-35.889413250226596,-0.05954946774856751,-0.007735058482882598,0.0,-3.0,5.0
20.26,0.03616517193880756,-0.05235959799016692,38.72339071473156,-31.91399376090661,-0.129816845536775,0.11852308046200717,-0.01960754966638917,-0.06145726441397523,-0.009706431043405267,0.00943920273747402,1.0000000000000002,5.0,16.047653868736937,4.637768453565693,-0.17573580257079838,-0.0876520805543132,0.0,3.0,5.0
20.27,0.07477923806565447,-0.09221769508064423,37.44213463550392,-30.61231855575652,-0.1275445207671996,0.1152332298941907,-0.018686546934690237,-0.17521897651195478,-0.08798632208616759,0.007079402053105515,-0.9999999999999998,5.0,-24.61610980787427,45.34876498025621,-0.28898068860993437,-0.16626621312892992,0.0,-3.0,5.0
20.28,0.11208023585764056,-0.1304027065520425,35.36256483595015,-28.654430257436893,-0.12284600266823756,0.10943902122626399,-0.018451632625554864,-0.28607810048178073,-0.16495151464259428,0.005309551539829136,1.0000000000000002,5.0,-65.04077058087128,85.38549622213087,-0.3969372244516066,-0.24191670719902095,0.0,3.0,5.0
20.29,0.14727158813753016,-0.16609710586974952,32.52307523516613,-26.0771512717759,-0.11580379375657807,0.10124557752802155,-0.01691617868990387,-0.39164878066287206,-0.23896271098345284,0.003982163654871852,-0.9999999999999998,5.0,-104.3703104860981,123.89586557738987,-0.4972194608439634,-0.3129739073243114,0.0,-3.0,5.0
20.3,0.17959376228087617,-0.1985278309387283,28.97839123153466,-22.93063294791289,-0.10655044696907073,0.09080938857636292,-0.016099968088227067,-0.48968514952104514,-0.3084382925979622,0.0029866227411538895,1.0000000000000002,5.0,-141.76569318365694,160.05639446608876,-0.5877215183792183,-0.3779138742124716,0.0,3.0,5.0
20.31,0.20834457847067436,-0.22698790327392362,24.798523447424962,-19.27742755407464,-0.09526623808482769,0.07833551707215841,-0.014028890554701268,-0.5780401209082273,-0.37187483255269993,0.002239967055865417,-0.9999999999999998,5.0,-176.4231227283326,193.08524538736233,-0.6663950922954096,-0.4353113725074376,0.0,-3.0,5.0
20.32,0.23289045514587747,-0.25084686243852716,20.067397686467725,-15.19121332460829,-0.08217556214205303,0.06407344648457623,-0.012734368650101436,-0.6548011136803245,-0.4278927380385109,0.0016799752918990629,1.0000000000000002,5.0,-207.59087303102342,222.26361976152364,-0.7315621064524216,-0.4839106435243219,0.0,3.0,5.0
20.330000000000002,0.2526842748368786,-0.26956959433485683,14.881174639077997,-10.755353803444919,-0.06754262328250359,0.0483122732803177,-0.010252801382946755,-0.7182424587007683,-0.475252953355066,0.0012599814689242973,-0.9999999999999998,5.0,-234.5859455801011,246.94680814617757,-0.781683803721212,-0.5226131686716211,0.0,-3.0,5.0
20.34,0.26727355485747006,-0.28272333679726497,9.346305858677624,-6.061164087537056,-0.051666002052399546,0.031374716136446365,-0.008624760254661565,-0.7669528289037624,-0.51289744875343,0.0779688917267356,1.0000000000000002,5.0,-256.80857888420314,266.58291564166916,-0.8156631991067564,-0.550541944151794,0.30809562250016953,3.0,5.0
20.35,0.27631466663251636,-0.2899925091031077,3.577352094857482,-1.2060752681187488,-0.03487270932361841,0.013610684978832756,-0.005894230024047021,-0.7997776074590159,-0.5399595249553177,0.09601848373263505,-0.9999999999999998,5.0,-273.75591123518006,280.7205916888051,-0.8326023860142695,-0.5670216011572053,0.1501672597503334,-3.0,5.0
20.36,0.27957686122409187,-0.2911812294030452,-2.3053783908001773,3.7084215345084015,-0.01751134678818189,-0.004610081745055131,-0.0041076335237468856,-0.8159347337447982,-0.5557967853424615,0.09938266471561234,1.0000000000000002,5.0,-285.0328788553752,289.0238527438605,-0.8320918600305804,-0.5716340457296053,0.10947520766454422,3.0,5.0
20.37,0.27695192897783616,-0.28622325814373595,-8.178336028800612,8.578852927928267,5.4985478524113146e-05,-0.022905537968172154,-0.0013129366635737869,-0.8149441762592439,-0.5599929567246144,0.09907330176397086,-0.9999999999999998,5.0,-290.36172306634006,291.27540546925155,-0.8139536187736895,-0.5641891281067672,0.09814521290904643,-3.0,5.0
20.38,0.26845334434251683,-0.2751793319892434,-13.917315531579149,13.301975723919728,0.017456388388009957,-0.04088947566959007,0.0004414239299795372,-0.7967298356094974,-0.5523815832634369,0.09784798704663242,1.0000000000000002,5.0,-289.58827258817075,287.38664855711613,-0.7785154949597508,-0.5447702098022593,0.09417204289461711,3.0,5.0
20.39,0.2542208247115337,-0.25824173380594334,-19.400079937992373,17.776921614329027,0.034323809476371196,-0.05817950302553315,0.0031074921803781338,-0.7615343141222777,-0.5330379650404329,0.09639729696127305,-0.9999999999999998,5.0,-282.6864689653899,277.39585983664966,-0.7263387926350579,-0.5136943468174289,0.09204522670519494,-3.0,5.0
20.400000000000002,0.2345142606215917,-0.2357261754722749,-24.508954748688677,21.907384935566142,0.05029697498243705,-0.07440530970103401,0.004638878810176106,-0.7100056607019842,-0.502292570518726,0.09489419069023819,1.0000000000000002,5.0,-269.75940397857687,261.47285314766094,-0.6584770072816909,-0.4715471759970191,0.09038487187713362,3.0,5.0
20.41,0.20971305558559555,-0.20807095375689819,-29.13335027927394,25.60365088596852,0.06503194054905374,-0.08921642212348435,0.006991683526185694,-0.6430968447081782,-0.46071250892429777,0.07117064301767864,-0.9999999999999998,5.0,-251.0384460655201,239.91172315215246,-0.5761880287143722,-0.41913244732986954,0.0,-3.0,5.0
20.42,0.18030494317832696,-0.1758235707220533,-33.172145249042515,28.78457690756743,0.07820860044484525,-0.1022899057184462,0.008125509532394107,-0.5621373898251006,-0.4091045117329144,0.05337798226325898,1.0000000000000002,5.0,-226.87883765599054,213.13007692179278,-0.4811779349420231,-0.3574965145415311,0.0,3.0,5.0
20.43,0.14688042846520938,-0.1396348911836162,-36.53589342422113,31.379328332392987,0.0895374941427444,-0.11333722648061277,0.01000427254332608,-0.4687182423821251,-0.3484862300125888,0.040033486697444234,-0.9999999999999998,5.0,-197.7534551444068,181.6564852655479,-0.37529909493914965,-0.28786794829226325,0.0,-3.0,5.0
20.44,0.11011702642567275,-0.10024113617486423,-39.148792274077024,33.328986588527826,0.09876626364319285,-0.12211074544715794,0.010597062793030056,-0.3647496173354701,-0.28007951365987627,0.030025115023083176,1.0000000000000002,5.0,-164.24322734771187,146.12466544154552,-0.2607809922888152,-0.21167279730716365,0.0,3.0,5.0
20.45,0.07076954346766215,-0.058453885332516435,-40.95038353806541,34.58783839235193,0.10568512046827379,-0.12840908178704688,0.011878765161867512,-0.2523331934997398,-0.2052726876492128,0.02251883626731238,-0.9999999999999998,5.0,-127.02601494498266,107.256236639176,-0.13991676966400954,-0.13046586163854934,0.0,-3.0,5.0
20.46,0.02965066552966073,-0.01513847826462511,-41.89693472436916,35.12447314841011,0.110131702025392,-0.13208184772173515,0.011830699655328746,-0.13380867687564163,-0.1256056867568522,0.016889127200484286,1.0000000000000002,5.0,-86.86255198389972,65.85066159052282,-0.015284160251543416,-0.04593868586449154,0.0,3.0,5.0
20.47,-0.012381820426787489,0.028798932333504397,-41.962483283913734,34.92250733195327,0.1119947082854326,-0.13303302636378864,0.012440991812131963,-0.011616351828983379,-0.04272524213493879,0.012666845400363214,-0.9999999999999998,5.0,-44.58134939100452,22.764308508765623,0.11057597321767487,0.0401552024869746,0.0,-3.0,5.0
20.48,-0.05444683924617193,0.07243521893933595,-41.13950587206409,33.98107463775066,0.11121673556361533,-0.13122353607878529,0.011704940357759389,0.11166414577246726,0.041635861600703414,0.009500134050272412,1.0000000000000002,5.0,-1.0612490999675044,-21.102671402867173,0.23494464337391788,0.12599696533634563,0.0,3.0,5.0
20.490000000000002,-0.09565449258719685,0.11484470379066472,-39.43920910759315,32.31491321001215,0.10779573975987616,-0.12667229704516555,0.011625097286420838,0.23345703613441926,0.125708132715254,0.007125100537704309,-0.9999999999999998,5.0,42.78639556655969,-64.82964752353044,0.35524992649637127,0.20978040382980453,0.0,-3.0,5.0
20.5,-0.1351288031980067,0.15512367638302343,-36.89141987917565,29.95420199618486,0.10178559073598023,-0.1194563914905166,0.010211333702295912,0.3511552138438395,0.20770919828917864,0.005343825403278232,1.0000000000000002,5.0,86.03716246153799,-107.49024435897455,0.4688533915532597,0.2897102638631033,0.0,3.0,5.0
20.51,-0.17202233136832623,0.19240467890945148,-33.54408789581883,26.943991242762255,0.09329519762767545,-0.10970968344806166,0.009480612902423137,0.46226478856969566,0.2858947084227221,0.0040078690524586735,-0.9999999999999998,5.0,127.77260322470497,-148.176464387043,0.5733743632955518,0.3640802185562655,0.0,-3.0,5.0
20.52,-0.20553828201195284,0.22588006346525918,-29.462395127346177,23.34339303674947,0.082486715778073,-0.09762054093249695,0.007456750484978944,0.5643689342671725,0.35858215131513504,0.003005901789344005,1.0000000000000002,5.0,167.10010390044755,-186.01342625545354,0.6664730799646492,0.43126959420754807,0.0,3.0,5.0
20.53,-0.23494370326417444,0.25481451062790383,-24.727501387615114,19.224390637503284,0.06957236464206863,-0.08342807797299985,0.006169889436395311,0.6552691629926507,0.4242001672010984,0.002254426342008004,-0.9999999999999998,5.0,203.17152621896793,-220.18266990257757,0.7461693917181289,0.4898181830870617,0.0,-3.0,5.0
20.54,-0.2595894195786146,0.27856604496212206,-19.434936873037408,14.670445803798515,0.054810416398430414,-0.06741761008066582,0.0036559763336761345,0.7329436624857077,0.48130921636016155,0.001690819756506003,1.0000000000000002,5.0,235.20185027598677,-249.9352672147363,0.8106181619787647,0.5384182655192247,0.0,3.0,5.0
20.55,-0.27892034089232276,0.29659528538670493,-13.69268634129305,9.774775452564862,0.038499932128474135,-0.049914789272814494,0.001955972714414827,0.795680914487561,0.5286462448564961,0.058170255739898785,-0.9999999999999998,5.0,262.48580132260815,-274.6127185508266,0.8584181664894142,0.5759832733528307,0.22760856369007715,-3.0,5.0
20.56,-0.29249184693361635,0.308482529972244,-7.618990109469632,4.638488465296281,0.020974850250792494,-0.03127915787960969,-0.0008849065343183131,0.8420283798318986,0.5651392910166828,0.07123578528463784,1.0000000000000002,5.0,284.4137184320315,-293.65691921736266,0.8883758451762364,0.6016323371768696,0.11043237391885496,3.0,5.0
20.57,-0.2999759586590048,0.31393249157447767,-1.3399195465446923,-0.6315356431028807,0.0025970454995613047,-0.011896628881177793,-0.0028181885086233536,0.8709146573907272,0.5899447945798701,0.07343417902226607,-0.9999999999999998,5.0,300.484701098105,-306.62723755909747,0.8998009349495556,0.6147502981430576,0.08002936023515073,-3.0,5.0
20.580000000000002,-0.30117307925011366,0.312786375231942,5.01323643132608,-5.9248264594966304,-0.016250999859972394,0.007828331303892579,-0.005793074905005106,0.8815851325406606,0.6024536980025443,0.07291574581645902,1.0000000000000002,5.0,310.3183601738138,-313.20606476153625,0.8922556076905941,0.6149626014252186,0.07136044619903786,3.0,5.0
20.59,-0.29601311128048247,0.30502121614180405,11.306706770396453,-11.129671838869681,-0.035174262524595865,0.02748127887532557,-0.0077575687993916495,0.8737097867996437,0.6023192736246481,0.071721491135221,-0.9999999999999998,5.0,313.66329179984245,-313.21096721816855,0.865834441058627,0.6021848492467519,0.06813872709150692,-3.0,5.0
20.6,-0.28456183645226224,0.29075628051405816,17.40705179213224,-16.13543133465056,-0.053773314839896294,0.04664632711172789,-0.010659496097043468,0.8473034784559834,0.5894529597950442,0.07036254327237218,1.0000000000000002,5.0,310.4036956315761,-306.59490212745345,0.820897170112323,0.5765866459654402,0.06628569968382575,3.0,5.0
20.61,-0.26701647569487114,0.27024656616004533,23.183982716868396,-20.83492143847226,-0.07165286233770524,0.06491508300868906,-0.01244767635605393,0.8028176835738134,0.5640413511818945,0.06896692224858669,-0.9999999999999998,5.0,300.56236129989475,-293.45273707572784,0.7583318886916435,0.5386297425687449,0.06478005917723023,-3.0,5.0
20.62,-0.24370643212109078,0.24388332737957988,28.513140811433267,-25.126666019657712,-0.08843000230631413,0.08189517554681439,-0.015072942250589413,0.741044341956931,0.5265308514417042,0.06756671092118884,1.0000000000000002,5.0,284.3015579312146,-274.01565125103866,0.6792710003400487,0.48902035170151403,0.06336607693899526,3.0,5.0
20.63,-0.21508325322171004,0.21218178493389248,33.27876396943373,-28.91712015125394,-0.1037425290419981,0.09721881693938884,-0.016489262097911135,0.6631911422839782,0.47763336744230095,0.05067503319089163,-0.9999999999999998,5.0,261.9201700690346,-248.65178067735812,0.5853379426110256,0.4287358834428977,0.0,-3.0,5.0
20.64,-0.18171593338760103,0.17577606865915202,37.376196744059584,-32.122663439086296,-0.11725660840662845,0.11055059167486657,-0.018654665413575192,0.5707692386760226,0.41829979119369987,0.03800627489316872,1.0000000000000002,5.0,233.84873763629227,-217.85480886225275,0.478347335068067,0.35896621494509884,0.0,3.0,5.0
20.650000000000002,-0.14427570923141778,0.13540167295128563,40.71417652112149,-34.67147580856709,-0.12867415723404244,0.1215949277943963,-0.019532227586053975,0.4656530761098656,0.3497148856705776,0.02850470616987654,-0.9999999999999998,5.0,200.64086692940262,-182.23898850938753,0.36053691354370865,0.2811299801474554,0.0,-3.0,5.0
20.66,-0.1035265799153251,0.09188558602402401,43.21685911757026,-36.50509858881047,-0.13773926739830003,0.13010246581494683,-0.021090816242839844,0.3499536483743594,0.2732605516609,0.021378529627407404,1.0000000000000002,5.0,162.96279215893156,-142.5224158559494,0.23425422063885315,0.19680621765122247,0.0,3.0,5.0
20.67,-0.06030580871757974,0.04612447798343034,44.82552600802544,-37.579802398552516,-0.14424403425656526,0.13587580745542416,-0.021305858898834937,0.22606517856760328,0.19050131187308778,0.01603389722055555,-0.9999999999999998,5.0,121.57967204202298,-99.51715779694872,0.10217670876084717,0.1077420720852755,0.0,-3.0,5.0
20.68,-0.015510732203681404,-0.0009287973761152105,45.49994804335403,-37.8675748818859,-0.14803315996928407,0.13877389387909234,-0.02215983878278784,0.09652683282682276,0.1031391938256774,0.012025422915416663,1.0000000000000002,5.0,77.3405116001033,-54.108159750820505,-0.03301151291395778,0.015777075778267043,0.0,3.0,5.0
20.69,0.029923784264218357,-0.04828992087990295,45.21936127623689,-37.356861461237365,-0.14900772801614176,0.1387155358188228,-0.02164278349477125,-0.03594028755120157,0.012992032052784153,0.009019067186562497,-0.9999999999999998,5.0,31.160395043423378,-7.23963040099169,-0.16840740792922593,-0.07715512972010909,0.0,-3.0,5.0
20.7,0.07504084929653865,-0.09495872502482823,43.98304473306577,-36.05288503661125,-0.14712756119990028,0.1356813906052481,-0.02175245908928699,-0.16857904719690206,-0.07805746867374194,0.006764300389921873,1.0000000000000002,5.0,-15.997990197034891,40.10908528225095,-0.3012178068426026,-0.16910696940026804,0.0,3.0,5.0
20.71,0.11888561380925647,-0.13994519332880098,41.810471979657464,-33.97769163384581,-0.1424126055825174,0.129714957946603,-0.020494540456432443,-0.29856465040574065,-0.16808775607291115,0.005073225292441404,-0.9999999999999998,5.0,-63.14477595141864,86.93937952891788,-0.42855025361457916,-0.25811804347208034,0.0,-3.0,5.0
20.72,0.16052147183832297,-0.18228548770418387,38.74104347557558,-31.169762434739923,-0.13494280216330393,0.12092194212126373,-0.01988247720793577,-0.4231535300408381,-0.2551920955049134,0.003804918969331053,1.0000000000000002,5.0,-109.28324094825142,132.25893721924655,-0.5477424096759356,-0.34229643493691564,0.0,3.0,5.0
20.73,0.19905398061363583,-0.2210674726704515,34.83338928670766,-27.683354062237274,-0.12485694062989,0.1094686071407138,-0.017937332808469944,-0.5396522513256385,-0.3375056557195791,0.0028536892269982895,-0.9999999999999998,5.0,-153.43123653105428,175.09817211215207,-0.6561509726104389,-0.41981921593424476,0.0,-3.0,5.0
20.740000000000002,0.23364606404866106,-0.25544538600750444,30.164267069118246,-23.587422478809884,-0.11235001016661793,0.09557852817893074,-0.016687323139397307,-0.6455644447159894,-0.41325853760419484,0.002140266920248717,1.0000000000000002,5.0,-194.6416419804903,214.53546138067904,-0.7514766381063404,-0.48901141948881055,0.0,3.0,5.0
20.75,0.2635401015896798,-0.2846631472006826,24.82706263075416,-18.964307036263534,-0.09766959499950906,0.07952842121743904,-0.014167339181307194,-0.7385552916034217,-0.48080052572060394,0.0016052001901865377,-0.9999999999999998,5.0,-232.02303356811288,249.71237789785096,-0.831546138490854,-0.548342513837013,0.0,-3.0,5.0
20.76,0.2880704994783435,-0.30806599412938784,18.929935163481495,-13.90804412810671,-0.08111088205790014,0.061642508177570755,-0.012418186767003141,-0.8165916532733395,-0.5386501225440485,0.039929900433504986,1.0000000000000002,5.0,-264.75850870108553,279.8568570979351,-0.8946280149432573,-0.596499719367493,0.15490400116346031,3.0,5.0
20.77,0.30668239642900935,-0.32511999777958445,12.593630707015823,-8.522500201801694,-0.06301087876035802,0.042286150898016336,-0.009485834530114343,-0.8778974940643238,-0.5855137180598466,0.048542358832106336,-0.9999999999999998,5.0,-292.12387767023523,304.29553554412394,-0.939203334855308,-0.6323773135756449,0.07437973402791037,-3.0,5.0
20.78,0.3189401670534121,-0.33541922032749716,5.949020917716021,-2.9192056417332903,-0.04374145548822425,0.021858258966826888,-0.007420408975741831,-0.9210828649732414,-0.6203275615575617,0.04971932665582003,1.0000000000000002,5.0,-313.50321082939405,322.47325343782916,-0.9642682358821592,-0.6551414050552768,0.05325023012696112,3.0,5.0
20.79,0.32454145624646114,-0.33870015626801503,-0.8655959157203954,2.784910082476265,-0.023701853773230235,0.0007832477977532636,-0.004275233179489116,-0.945086319722342,-0.6422685272441399,0.04903931678447934,-0.9999999999999998,5.0,-328.40301741303654,333.96103028560003,-0.9690897744714427,-0.664209492930718,0.04699928717045726,-3.0,5.0
20.8,0.32332050239892307,-0.33484332503059255,-7.707363050195816,8.469991511293102,-0.0033103126786459235,-0.020497910656272957,-0.0021056527110075622,-0.949289291494434,-0.6507865088051179,0.04789930927516386,1.0000000000000002,5.0,-336.4631235145622,338.4705933111982,-0.953492263266526,-0.659304490366096,0.044479286747217406,3.0,5.0
20.81,0.3152565885995191,-0.3238817689667055,-14.43185638121802,14.015731017921304,0.017004513623182435,-0.041536737256666734,0.001032050856988865,-0.9334425999529636,-0.6456046287960282,0.0466491546692752,-0.9999999999999998,5.0,-337.46561955332754,335.8568687084957,-0.9175959084114932,-0.6404227487869385,0.042898690851609245,-3.0,5.0
20.82,0.3004714948965645,-0.3059964481406451,-20.89612291726627,19.30394776754117,0.03681266927798302,-0.06188682897701611,0.003081912305771826,-0.8977639439508388,-0.6267403142997907,0.04537648373043536,1.0000000000000002,5.0,-331.34005141164005,326.1266276916459,-0.862085287948714,-0.6078759998035532,0.041558470913915846,3.0,5.0
20.830000000000002,0.2792319128710752,-0.2815184150366782,-26.96171590886649,24.221061340940757,0.055691850097586815,-0.08111315284708052,0.005989398651373779,-0.8428468996298948,-0.5944936586664635,0.04410326265292415,-0.9999999999999998,5.0,-318.1663425993461,309.434819001266,-0.7879298553089507,-0.5622470030331363,0.0402835994203905,-3.0,5.0
20.84,0.25194082203326046,-0.25091789339527176,-32.49764928835774,28.660563697183054,0.07323650862005872,-0.09880147653766994,0.00770264103884114,-0.7697406450469624,-0.5494563675110721,0.04283501394374045,1.0000000000000002,5.0,-298.1737466260075,286.08690807489177,-0.6966343904640299,-0.5044190763556806,0.039030267816189346,3.0,5.0
20.85,0.21913391744623728,-0.21480027784242472,-37.383221577799084,32.5252805207475,0.08906641733284001,-0.11456711274856618,0.010173480392879679,-0.6798413047861087,-0.49248796320538313,0.04157314219696927,-0.9999999999999998,5.0,-271.7374473197597,256.5288868167254,-0.5899419645252552,-0.4355195588996942,0.037787526956655715,-3.0,5.0
20.86,0.18146521525408832,-0.1738893100284265,-41.51063549959389,35.7295293812899,0.10283500743686903,-0.12806341224574233,0.011358580452416778,-0.5749545096320735,-0.42471280281424745,0.03117985664772695,1.0000000000000002,5.0,-239.37123931861464,221.3434077078126,-0.47006771447803825,-0.35693764242311177,0.0,3.0,5.0
20.87,0.13969804900183874,-0.12901757460246663,-44.787369663498765,38.200971677066214,0.11423680317935572,-0.13898919982420438,0.01322030810557441,-0.4571704309822319,-0.3474848374316589,0.023384892485795214,-0.9999999999999998,5.0,-201.71803938975597,181.23383816741392,-0.33938635233239034,-0.27025687204907045,0.0,-3.0,5.0
20.88,0.09468570059103293,-0.08110468984957411,-47.138237305417164,39.882273777757604,0.1230142904686558,-0.14709561311530603,0.013727637823235642,-0.3289112357740894,-0.2623739131466821,0.01753866936434641,1.0000000000000002,5.0,-159.5367907793818,137.01481652491012,-0.2006520405659469,-0.17726298886170533,0.0,3.0,5.0
20.89,0.0473579870873197,-0.03114344530401729,-48.507099549904844,40.732384232852446,0.12896356849619162,-0.15219157107136805,0.01485678421536286,-0.19279254927095052,-0.1711207731909118,0.013154002023259809,-0.9999999999999998,5.0,-113.68763551798054,89.59122604585481,-0.05667386276781164,-0.07986763323514147,0.0,-3.0,5.0
20.900000000000002,-0.001301855636470367,0.01982564234328449,-48.8581814093227,40.727554068085176,0.1319391585826381,-0.15414837145085958,0.014591824472624698,-0.05165916902512957,-0.0756147744205713,0.009865501517444857,1.0000000000000002,5.0,-65.11403277905096,39.944279221951994,0.08947421122069137,0.019891224349769185,0.0,3.0,5.0
20.91,-0.05027358738575652,0.07073102086134556,-48.17697310347593,39.861920121094194,0.1318573605805667,-0.15290268960409234,0.014925020439609905,0.09156312171823433,0.022158332696318755,0.007399126138083642,-0.9999999999999998,5.0,-14.823803229713606,-10.89327247388133,0.2347854124615982,0.11993143981320878,0.0,-3.0,5.0
20.92,-0.09852526663976346,0.1204975048897938,-46.47068159260062,38.14779273576941,0.12869857792455278,-0.14845852849371416,0.013857108446381432,0.23383917932907944,0.12014438529031161,0.005549344603562732,1.0000000000000002,5.0,36.13213069257458,-61.85402666461128,0.37611523693992455,0.21813043788430447,0.0,3.0,5.0
20.93,-0.14503098512749865,0.16806400750206252,-43.768232813835816,35.61548298163501,0.12250805284718365,-0.14088744697096062,0.013397273520874425,0.3721775443270836,0.21627707027683074,0.004162008452672049,-0.9999999999999998,5.0,86.68125201284441,-111.86283243405784,0.5105159093250877,0.3124097552633499,0.0,-3.0,5.0
20.94,-0.18879659042675334,0.21241103581256754,-40.119808276773334,32.31282653592754,0.11339548729879484,-0.13032767394493383,0.0115630833553704,0.5036043233285903,0.30850819524953893,0.003121506339504037,1.0000000000000002,5.0,135.75237433673837,-159.8548796407801,0.635031102330097,0.4007393202222471,0.0,3.0,5.0
20.95,-0.22887692451454064,0.252577560421382,-35.59593573676577,28.304255485762944,0.10153304766864504,-0.11698149495193062,0.010380106115694692,0.6253158231018595,0.39486442725449866,0.0023411297546280276,-0.9999999999999998,5.0,182.2978869150701,-204.8028599009472,0.7470273228751287,0.48122065925945834,0.0,-3.0,5.0
20.96,-0.2644001388178105,0.2876867051557563,-30.28613689275039,23.66959121374443,0.08715228637602292,-0.1011115787863017,0.007881494995895773,0.7346493450134122,0.473476204472727,0.0017558473159710207,1.0000000000000002,5.0,225.3164679737124,-245.73435986860576,0.8439828669249647,0.5520879816909553,0.0,3.0,5.0
20.97,-0.29458263709450255,0.31695989849838146,-24.29717077473827,18.50242524555077,0.07053953570165981,-0.08303568999724616,0.0061072710412532465,0.8292301011738579,0.5426312959263445,0.0233500964127467,-0.9999999999999998,5.0,263.87416623149926,-281.75737959538293,0.9238108573343035,0.611786387379962,0.08813284370307373,-3.0,5.0
20.98,-0.31875024903060645,0.33973898425831084,-17.750893966626624,12.908276106455776,0.05203036273023587,-0.06312051222514452,0.0031035943234458863,0.9069337631018168,0.6007987687546703,0.027877041786678828,1.0000000000000002,5.0,297.125016888954,-312.0751647241748,0.9846374250297757,0.658966241582996,0.041457877908475216,3.0,5.0
20.990000000000002,-0.33634924639233205,0.35549600252699426,-10.781793390938907,7.002402891638704,0.03200269391654646,-0.04177408228346516,0.0009217617651231034,0.9660227608959306,0.6466759303878485,0.028135464012613635,-0.9999999999999998,5.0,324.3291298371471,-336.00829303443555,1.0251117586900445,0.6925530920210268,0.02891073069041805,-3.0,5.0
21.0,-0.3469628821479222,0.36385022534090616,-3.5342283566104795,0.9074760666668498,0.010869247486414189,-0.019437609685078284,-0.0023827720805912945,1.0050960516263676,0.6792041333838681,0.027330422662333435,1.0000000000000002,5.0,344.86947339763583,-353.0052705662406,1.0441693423568048,0.7117323363798875,0.02491529861149283,3.0,5.0
21.01,-0.35031715742673375,0.36457226045563046,3.8405486933970705,-5.249002957466983,-0.01093107334607088,0.003423774213681348,-0.004751607464779041,1.0232107300022952,0.6976061720238385,0.02626454063263323,-0.9999999999999998,5.0,358.26536650080857,-362.65966177590855,1.041325408378223,0.7160082106638089,0.023066894543532612,-3.0,5.0
21.02,-0.34629160339993054,0.35759492345645316,11.187544471283099,-11.337323989223645,-0.0329421495100366,0.026330524916682013,-0.00812454406223563,1.0198154972041888,0.7013913505608748,0.02513882827246861,1.0000000000000002,5.0,364.1839944391638,-364.71510869557665,1.0164202644060827,0.7051765290979111,0.02176169119197474,3.0,5.0
21.03,-0.33491890110186523,0.3430108185009573,18.35127157864095,-17.228333520768544,-0.05470029265485764,0.048798876606517966,-0.010440910136398732,0.9948546942378175,0.6903811708596077,0.024003641429711235,-0.9999999999999998,5.0,362.44806777117714,-359.0763771066142,0.9698938912714461,0.6793709911583405,0.02059808090143911,-3.0,5.0
21.04,-0.31638925349220637,0.32107646329151257,25.17903488495135,-22.796129343092716,-0.07574386783985737,0.07035088195660655,-0.013640772413996298,0.9486832783286934,0.6647019600397612,0.022871609280253936,1.0000000000000002,5.0,353.0410588721236,-345.80790976420354,0.9025118624195692,0.6390227492199146,0.019475512831882036,3.0,5.0
21.05,-0.29104346643204726,0.29220303962592625,31.52417519513623,-27.920783555792617,-0.09562319092877486,0.09052471112295073,-0.015666277292138875,0.8821518332127775,0.6247976437205756,0.02174591344291623,-0.9999999999999998,5.0,336.1082653243513,-325.13815869242273,0.8156203880968615,0.58489332740139,0.01836882593090311,-3.0,5.0
21.06,-0.25937079018647324,0.2569537489149911,37.24921451478581,-32.49087991994427,-0.1139099912491394,0.10888436957585906,-0.018462818916942052,0.7965023902353505,0.5714092551499743,0.020627369566911816,1.0000000000000002,5.0,311.9552718489743,-297.451316770877,0.7108529472579237,0.518020866579373,0.01727173793889858,3.0,5.0
21.07,-0.2219956162206213,0.21602799752388524,42.22882257893658,-36.405967322158354,-0.13020673862925147,0.12502924977393293,-0.01998028526480968,0.693434555077148,0.5055746616786896,0.019516200685471604,-0.9999999999999998,5.0,281.0422019185948,-263.28486407014947,0.5903667199189455,0.43974006820740474,0.01618269404115097,-3.0,5.0
21.080000000000002,-0.17966921686344342,0.17025253151739192,46.352553863333,-39.5787202134639,-0.14415513457020834,0.13860268917374796,-0.022174079404640095,0.5749831180534053,0.4285953751318809,0.014637150514103702,1.0000000000000002,5.0,243.9754744743453,-223.31469284010907,0.4565316810296627,0.3516160885850722,0.0,3.0,5.0
21.09,-0.13325075354721502,0.12055987955334918,49.52728245995027,-41.93691500999538,-0.15544408440569685,0.14929997121915003,-0.023006169815262243,0.4435670324120344,0.34202419837563836,0.010977862885577776,-0.9999999999999998,5.0,201.49559935692776,-178.3463675010744,0.31215094677066346,0.25545302161939576,0.0,-3.0,5.0
21.1,-0.0836938643146117,0.06797434821408836,51.67929441364312,-43.42502270515734,-0.16381647617428155,0.15687497185759947,-0.024445870733248283,0.30185130844238467,0.24762083427412795,0.008233397164183332,0.9940917251029402,5.0,154.46286507364832,-129.29441864685919,0.16013558447273493,0.15321747017261758,0.0,2.98818345020588,5.0
21.11,-0.032023168938783646,0.013586041352484271,52.755977740848614,-44.0055380501105,-0.16907511675990805,0.16114592611723816,-0.024473565320535844,0.15278204998996164,0.14732945221799726,0.006175047873137499,-1.0029541374485302,5.0,103.83958348762546,-77.16835383092182,0.00371279153753859,0.047038070161866605,0.0,-3.0,5.0
21.12,0.02068290090253653,-0.04146675746332608,52.727084773341346,-43.659858679460264,-0.171087191805563,0.16199956227132478,-0.025070830535357556,-0.0005635117643014442,0.0432255592924598,0.0046312859048531245,0.989338569862066,5.0,50.67086598670941,-23.047399149456403,-0.15390907351856453,-0.060878333633077666,0.0,2.981631277172662,5.0
21.13,0.0733185101856912,-0.09602626924867436,51.5855239665129,-42.388849100700085,-0.1697876468149563,0.15939412905902528,-0.024238009124096873,-0.15495151209143046,-0.06251364207945627,0.003473464428639843,-1.005330715068967,5.0,-3.9372975500301286,31.93724792673722,-0.30933951241855945,-0.16825284345137234,0.0,-3.0,5.0
21.14,0.12476961735317965,-0.14893459858304983,49.34767440039396,-40.21291893974696,-0.165180908955526,0.15336062061855987,-0.023972696945805495,-0.30714831451734104,-0.16766786494436392,0.0026050983214798823,0.9836569500467054,5.0,-58.840584135720206,86.63054024850825,-0.4593451169432516,-0.2728220878092716,0.0,2.9726446151623778,5.0
21.150000000000002,0.1739414487566369,-0.19906316170550986,46.05319977694263,-37.17176676308947,-0.15734140269016683,0.1440027838030828,-0.022296328808447032,-0.453899303952568,-0.2700070771468581,0.0019538237411099117,-1.0081715249766472,5.0,-112.88066442510925,139.87325808237372,-0.600650293387795,-0.3723462893493524,0.0,-3.0,5.0
21.16,0.21977779170338266,-0.24533179451346357,41.76437554605853,-33.323636291410324,-0.1464123391387945,0.13149527647479506,-0.021221438747869224,-0.5920870481909408,-0.3673518526048777,0.0014653678058324337,0.9791314933563429,5.0,-164.90918279212946,190.5310509503713,-0.7302747924293136,-0.4646966280628973,0.0,2.966434511689333,5.0
21.17,0.26128756645482637,-0.28673686840733364,36.56492680622267,-28.74425350327586,-0.1326032932220438,0.1160806252080851,-0.018789112804500182,-0.7187086793989099,-0.45760651610723724,0.0010990258543743252,-1.010434253321829,5.0,-213.8125056116668,237.51402228444212,-0.845330310606879,-0.5478611796095968,0.0,-3.0,5.0
21.18,0.29756225232068967,-0.32236809270047584,30.558411322700636,-23.52530881422319,-0.11618611123706707,0.09806441642204865,-0.017026305440561235,-0.8310295776062175,-0.5388172871102566,0.008601301086427232,0.9947828733390858,5.0,-258.5350960407827,279.80463794536695,-0.9433504758135253,-0.620028058113276,0.031108126782585954,3.0,5.0
21.19,0.3277996401469743,-0.3514333474957675,23.86616550102336,-17.772669197952535,-0.09748972351954086,0.07780943178645727,-0.013981323201132557,-0.9265536793482506,-0.60920130902416,0.009712785396353556,-1.0026085633304571,5.0,-298.1026347147493,316.4751786788085,-1.0220777810902837,-0.6795853309380635,0.013047238326132526,-3.0,5.0
21.2,0.35131754725908126,-0.37327129813127685,16.624866838134547,-11.604200288204918,-0.07689346469283861,0.055728223332073834,-0.011707361379493093,-1.0031672095956667,-0.6671987731113957,0.00922972645489937,0.9986957183347716,5.0,-331.6427748404777,346.7125318269722,-1.0797807398430828,-0.7251962371986316,0.007780549630536815,3.0,5.0
21.21,0.36757306742078805,-0.3873712524828597,8.983748666940787,-5.147397762838745,-0.05481953218191232,0.03227489597197094,-0.008262171522543922,-1.0590967062791454,-0.7114941748698542,0.008353205890985649,-1.0006521408326143,5.0,-358.40469077637187,369.8316104636651,-1.115026202962624,-0.7557895766283128,0.005723644199244482,-3.0,5.0
21.22,0.37617101980531475,-0.3933800347417681,1.1015365279922174,1.4632796412765625,-0.03172423521658005,0.00793564235173036,-0.005707147755764494,-1.0930382700497603,-0.7410591248345066,0.0073840123567828625,0.9996739295836929,5.0,-377.77539693207194,385.2953064443539,-1.1269798338203751,-0.770624074799159,0.0044764317541745036,3.0,5.0
21.23,0.3768773266652185,-0.3911155165857826,-6.856843996515387,8.089164510090374,-0.0080887129703049,-0.016781154192542364,-0.002106295813740806,-1.1040989338303868,-0.7551627683046602,0.0063974851595384775,-1.0001630352081536,5.0,-389.2940693012817,392.7222912142369,-1.1151595976110134,-0.7692664117748138,0.0034379035678053227,-3.0,5.0
21.240000000000002,0.3696210871031847,-0.3805666888617778,-14.723706836376579,14.590321620029417,0.015591187844815325,-0.04135566686475979,0.000475084730542686,-1.0919079077547125,-0.7534026245868812,0.005412506980558745,0.9999184823959231,5.0,-392.6624394562706,391.9007428410604,-1.0797168816790381,-0.7516424808691022,0.002457572443619549,3.0,5.0
21.25,0.354501208312395,-0.36190005545585835,-22.332133872892797,20.828457739457278,0.03881516568192009,-0.06526737714334287,0.003971659442994982,-1.056538509096372,-0.7357020616112415,0.004433822625081267,-1.0000407588020388,5.0,-387.7526369201238,382.78942176391274,-1.0211691104380312,-0.7180014986356018,0.0014977695586488315,-3.0,5.0
21.26,0.3317815018134093,-0.33545238114484516,-29.519505138575916,26.669895338035694,0.06108913351637859,-0.08800622825442013,0.006319487442034571,-0.9985992775983543,-0.7023275053781772,0.0034626363814361295,0.9999796205989804,5.0,-374.6106729908009,365.5243127668685,-0.9406600461003367,-0.6689529491451128,0.0005490776505007178,3.0,5.0
21.27,0.30189025198594066,-0.30172972868421005,-36.130969340482565,31.98839110156564,0.0819355800902585,-0.1090833229790971,0.009457302636858194,-0.9191352491968705,-0.653871878188979,0.0024992657858345134,-1.0000101897005098,5.0,-353.45708519764,340.412403051515,-0.8396712207953866,-0.6054162509997808,-0.00039084600097033517,-3.0,5.0
21.28,0.2654083131412325,-0.26139297223418717,-42.02276776858765,36.66789529008184,0.10090390404684656,-0.1280415609591762,0.01132789118746339,-0.819698514777724,-0.591257660417607,0.0015438061713586684,0.9999949051497452,5.0,-324.683085706018,307.93096675359016,-0.7202617803585776,-0.5286434426462349,-0.0013225726720688669,3.0,5.0
21.29,0.22306189083094438,-0.2152498761638371,-47.06535347833926,40.6050365096603,0.11758000018216966,-0.14446536578459468,0.013879257130556575,-0.702229327355256,-0.5157063677486795,0.0005962970823218538,-1.0000025474251275,5.0,-288.8438869933436,268.71408090904276,-0.5847601399327879,-0.440155075079752,-0.002246230184788589,-3.0,5.0
21.3,0.1757042085828098,-0.1642340753446642,-51.146225224118886,43.71143415804937,0.13159539213277652,-0.15798991437744314,0.015065825659610314,-0.5691074219705117,-0.4287281351401911,0.0004472228117413904,0.8978024066379853,5.0,-246.64770295070167,223.54489739438324,-0.43598551658576734,-0.3417499025317027,0.0,2.7956073607010983,5.0
21.31,0.12430235416616506,-0.10939118703026521,-54.17242742332924,45.915631772468764,0.1426352131505478,-0.16830904566888133,0.01679828308836353,-0.42301514334080126,-0.3320784876719768,0.0003354171088060428,-1.0510987966810073,5.0,-198.94225101298042,173.33554581769837,-0.2769228647110908,-0.23542884020376242,0.0,-3.0,5.0
21.32,0.06991368657641453,-0.051852584375409745,-56.072647815779185,47.164764467010045,0.15044536040399462,-0.1751822966597163,0.017123348346202768,-0.26697249548547475,-0.22773626349741843,0.0002515628316045321,0.9744506016594963,5.0,-146.69739996250303,119.11333445246137,-0.11092984763014818,-0.12339403932286011,0.0,3.0,5.0
21.330000000000002,0.013667984463027999,0.007183109551207899,-56.79887939726502,47.42576766600367,0.15483816688667149,-0.17844029062258493,0.018007227328234482,-0.10418630576545462,-0.1178501505666817,0.00018867212370339906,-1.012774699170252,5.0,-90.9859531585425,61.995315056621074,0.05859988395456553,-0.007964037635945012,0.0,-3.0,5.0
21.34,-0.043259836549135684,0.06647974716962768,-56.32759399934835,46.686251591344686,0.15569695167824005,-0.1779889625386648,0.01743199624115332,0.06192754204454071,-0.004707423515899561,0.0001415040927775493,0.9068814106168228,5.0,-32.96124981217129,3.1697329392837883,0.22804138985453606,0.10843530353488257,0.0,2.826537520403898,5.0
21.35,-0.09967025467548589,0.12478456193854415,-54.66041259628449,44.9548682470687,0.15297885598427485,-0.1738119168322526,0.017349283757239015,0.22790330276350287,0.1093264472518141,0.00010612806958316197,-1.0465592946915885,5.0,26.166279422862225,-56.13307311050043,0.39387906348246504,0.22336031801952777,0.0,-3.0,5.0
21.36,-0.15436828035178723,0.18085945121989572,-51.824243167303095,42.26131441451787,0.14671638918687624,-0.16597147157090159,0.01583062866211026,0.3902095644624479,0.22184402487576116,7.959605218737148e-05,0.9665728434133516,5.0,85.1546537592754,-114.66180871496472,0.552515826161393,0.33436160249970825,0.0,2.979704981518292,5.0
21.37,-0.20618485952347101,0.2335024156412483,-47.87089196703446,38.65581228372407,0.13701714407686694,-0.15460773710520748,0.01487713351121371,0.5454121555823714,0.3304596946605278,5.969703914052861e-05,-1.0167135782933243,5.0,142.75595123909298,-171.17506221359184,0.700614746702295,0.43907536444529444,0.0,-3.0,5.0
21.38,-0.2540056807363979,0.281578087195196,-42.87613854127028,34.208228821328326,0.12406216727765934,-0.13993634763372714,0.012517893228001698,0.6901590712250196,0.43284722514354557,4.477277935539646e-05,0.8992413049648273,5.0,197.74308213070503,-224.4631568097606,0.8349059868676678,0.5352347556265633,0.0,2.8151961882229792,5.0
21.39,-0.2967911326263071,0.3240372452402968,-36.938303657647864,29.006696999294658,0.1081025196662285,-0.12224427463084125,0.010738741416481944,0.8213401164102201,0.5268023955551083,-0.004060741870718176,-1.0503793475175864,5.0,248.93549202512236,-273.3784311055686,0.9525211615954204,0.6207575659666711,-0.01637728582093889,-3.0,5.0
21.400000000000002,-0.3336027421192704,0.3599444980152904,-30.17632502356568,23.155919309634026,0.08945458282804049,-0.10188441404811344,0.007651377199760378,0.9360658573588448,0.6102772326769906,-0.00573454105428679,0.9748103262412069,5.0,295.22480539393524,-316.8553684564984,1.0507915983074696,0.6937520697988729,-0.010755938604992632,3.0,5.0
21.41,-0.36361983632634043,0.3884940238135654,-22.727390737202615,16.775031905050113,0.06849370435085429,-0.07926843423481539,0.00529501576150647,1.0318187073172684,0.6814375471289282,-0.006793242967371071,-1.0125948368793967,5.0,335.59833445220227,-353.9382129971559,1.127571557275692,0.752597861580866,-0.009969348706623915,-3.0,5.0
21.42,-0.38616162621024347,0.4090323766877897,-14.744163290027272,9.995224827727471,0.04564679622080721,-0.054858634811290684,0.0017215165126215535,1.106420619861813,0.7386902040336191,-0.007691747032607238,0.9937025815603018,5.0,369.1615848950377,-383.7974883532914,1.1810225324063577,0.7959428609383099,-0.010387259228315737,3.0,5.0
21.43,-0.4006985817158152,0.421068398194316,-6.391663132656946,2.9570140978163497,0.021383545660799436,-0.02915837261763602,-0.0010090188925307633,1.158169542348723,0.7807315145172039,-0.008543954482510134,-1.0031487092198494,5.0,395.1576120542842,-405.7529009399351,1.2099184648356331,0.8227728250007887,-0.011100576832218823,-3.0,5.0
21.44,-0.4068686769642069,0.4242897025950022,2.1561363345885027,-4.1926241073225805,-0.003793088751645652,-0.002701864889114322,-0.004831053745302181,1.185790293013786,0.8065635756602371,-0.009378374753624455,0.9984256453900753,5.0,412.98433859529916,-419.2841838394104,1.2134110436788488,0.8323956368032701,-0.011881635566967419,3.0,5.0
21.45,-0.40448221463430173,0.418565557728248,10.719920257352015,-11.303354192177359,-0.029357401682176675,0.023957043364210822,-0.007675863798191048,1.1885532291376832,0.8155307984954581,-0.010202133825399896,-1.0007871773049624,5.0,422.20795893348003,-424.0477939570892,1.1913161652615805,0.8244980213306791,-0.012673411040726223,-3.0,5.0
21.46,-0.3935310327414441,0.40395588390583426,19.1187885225523,-18.224596173202656,-0.05477176876223372,0.05025629298830639,-0.011473314517081742,1.1662045090531121,0.8073228369618899,-0.011017003034823029,0.9996064113475189,5.0,422.57368922468027,-419.88082413004315,1.1438557889685408,0.7991148754283216,-0.013461610663092427,3.0,5.0
21.47,-0.37418594607818156,0.38070634667679054,27.174065071238232,-24.808745935460703,-0.07949805279063622,0.0756375897333652,-0.014153610498082538,1.1190639098283617,0.7819968726131378,-0.011823412973964087,-1.0001967943262404,5.0,414.01199530201984,-406.8102877661921,1.0719233106036112,0.7566709082643857,-0.014242642791387261,-3.0,5.0
21.48,-0.3467983786395827,0.34924942760433064,34.71309333501176,-30.914276681576467,-0.10300884917615145,0.09955807497126147,-0.017648807980931894,1.0479327995161591,0.7399656470421695,-0.012621458640879792,0.9999016028368797,5.0,396.64175933835094,-385.0492891555778,0.9768016892039566,0.6979344214712012,-0.015015595641626911,3.0,5.0
21.490000000000002,-0.3118901977936783,0.31019161513632904,41.57292430101037,-36.40881187971789,-0.12479883394837074,0.12150206369190558,-0.019894384924026624,0.9541699159726638,0.6820045348384143,-0.013411151147411472,-1.00004919858156,5.0,370.76867406215024,-354.99839772839215,0.8604070324291685,0.6240434226346592,-0.015780228667006513,-3.0,5.0
21.5,-0.270147866949509,0.2643067667384983,47.603831666909386,-41.171947864184745,-0.14439547303067649,0.14099197767825444,-0.02283058548781328,0.8395770953455207,0.6092243607745923,-0.014192480751569765,0.9999754007092199,5.0,336.8804886400879,-317.23390510554776,0.7249842747183777,0.5364441867107703,-0.016536469564044642,3.0,5.0
21.51,-0.22240508640355217,0.21251594856382677,52.672565412700635,-45.09792137585441,-0.16136936411450709,0.1575988616118492,-0.02440379844571279,0.7064537627108776,0.5230635771801244,-0.014965432642272713,-1.00001229964539,5.0,295.6375616174817,-272.5014502965488,0.5733304300762345,0.4369027935856565,-0.017284288314381557,-3.0,5.0
21.52,-0.16963019312328298,0.1558739616538173,56.665286362980076,-48.09790788496008,-0.17534348782583514,0.17095163246742487,-0.026567670473396823,0.5574622653852892,0.4252468217138493,-0.011224074481704534,0.8190734439448903,5.0,247.86051119860176,-221.69685674517328,0.4084707680597008,0.3274300662475742,0.0,2.6381591875351704,5.0
21.53,-0.11290263493533087,0.09554300900266491,59.49010432205854,-50.102056237744094,-0.1860016671966976,0.18074548232377627,-0.027374669129574286,0.3956636879037837,0.3177637773797451,-0.0084180558612784,-1.090463278027555,5.0,194.51358045443789,-165.85282566553988,0.2338651104222783,0.2102807330456409,0.0,-3.0,5.0
21.54,-0.053394833836194484,0.03277373448394483,61.07917653911859,-51.06105809064537,-0.19309554896637293,0.186748626627469,-0.028660265840146356,0.22436634391715166,0.2028156429933909,-0.0063135418959588,0.9547683609862223,5.0,136.6856624763544,-106.11347926777803,0.05306899993051964,0.08786750860703671,0.0,3.0,5.0
21.55,0.007655718835833214,-0.031125283912956506,61.390304940754575,-50.94737064747375,-0.19645044532076167,0.18880786109717826,-0.028428134013080853,0.047146662862484534,0.0827831738421385,-0.0047351564219691,-1.0226158195068888,5.0,75.56769994419396,-43.715431748604956,-0.13007301819218262,-0.037249295309113896,0.0,-3.0,5.0
21.56,0.06896832733553221,-0.09481001644541297,60.40801034249946,-49.755913926525515,-0.19596942231970962,0.18685220183154144,-0.02868093879499091,-0.13231250401883773,-0.03983509055011765,-0.0035513673164768254,0.8530973631832308,5.0,12.428689404715564,20.042028066813003,-0.31177167090015995,-0.16245335494237378,0.0,2.7288105458733503,5.0
21.57,0.12924984395495823,-0.1569340987585625,58.14404390826999,-47.50437333050861,-0.19163601450995593,0.1808951128085087,-0.02749411064381198,-0.3102114814382347,-0.16246204570130113,-0.002663525487357619,-1.0734513184083847,5.0,-51.41094482226309,83.81956157136185,-0.4881104588576316,-0.28508900085248456,0.0,-3.0,5.0
21.580000000000002,0.18721798209870807,-0.21617238219889967,54.63733133860072,-44.232945023083296,-0.18351500730502546,0.171034652573356,-0.02678134529666572,-0.48280124570512595,-0.2825090984620703,-0.001997644115518214,0.9495428443484879,5.0,-114.60658769609475,146.27037953487334,-0.6553910099720172,-0.4025561512228394,0.0,2.9725370071053603,5.0
21.59,0.2416323203969265,-0.27125384622940085,49.95333516970747,-40.00368085618314,-0.17175175456140132,0.15745214121685464,-0.02459089763477464,-0.6463749764651749,-0.39741768063125266,-0.0014982330866386605,-1.0252285778257564,5.0,-175.81811746408744,206.0641468757436,-0.809948707225224,-0.512326262800435,0.0,-3.0,5.0
21.6,0.2913169406079512,-0.3209840253446652,44.18285939641517,-34.89929178915425,-0.15656954810882454,0.14040875940540942,-0.02295465729203921,-0.7974341842169372,-0.504726380834503,-0.014524314339961448,0.9873857110871218,5.0,-233.73780708696924,261.91960162588,-0.9484933919686994,-0.6120350810377535,-0.05360255809992981,3.0,5.0
21.61,0.33518970110917207,-0.3642757263742103,37.44030434762712,-29.02158221443848,-0.13826556489922065,0.12024073828655982,-0.019921358356270825,-0.9326767767188381,-0.6021107563112522,-0.01830370997064054,-1.006307144456439,5.0,-287.1185542308284,312.62753828827715,-1.067919369220739,-0.6994951317880015,-0.02964189686267782,-3.0,5.0
21.62,0.3722817750542681,-0.40016779564803273,29.86141597254594,-22.489391979176318,-0.11720497484794998,0.09735261936939373,-0.01754510212543345,-1.0491559861693274,-0.6874465636951171,-0.019761157389110835,0.9968464277717806,5.0,-334.8003203842483,357.081420279304,-1.1656351956198165,-0.7727823710789821,-0.024133499644521716,3.0,5.0
21.63,0.4017629107088961,-0.4278512782295559,21.60056193186918,-15.436242192711262,-0.09381382105643285,0.0722093352291721,-0.013885984737389345,-1.1442569371287568,-0.758842796711891,-0.020630722183836665,-1.0015767861141098,5.0,-375.7356505602068,394.2969104783584,-1.2393578880881861,-0.8302390297286649,-0.02323941656801415,-3.0,5.0
21.64,0.42295594829693556,-0.44668260576335844,12.827601633737503,-8.007576033278717,-0.06857031288107446,0.04532664657887259,-0.011009632737860592,-1.2158427694995624,-0.8146965775942674,-0.021346634545148048,0.9992116069429451,5.0,-409.0121947605368,423.43810692156853,-1.287428601870368,-0.8705503584766439,-0.02349437162908219,3.0,5.0
21.650000000000002,0.4353561948047734,-0.4562033199143954,3.7244004911221307,-0.3578067151095281,-0.04199520688183932,0.017260750723822334,-0.006986339584260079,-1.2622143080260633,-0.853715726343772,-0.02201762316597365,-1.0003941965285275,5.0,-433.8733365310923,443.8316613646589,-1.308585846552564,-0.8927348750932768,-0.024030589028450455,-3.0,5.0
21.66,0.43863929667963597,-0.45614608249785893,-5.518927260619774,7.352923038821786,-0.014640970415969661,-0.011403349243904438,-0.0038897516353309353,-1.2822380557783748,-0.8749615554259904,-0.022670905594418967,0.9998029017357364,5.0,-449.7348631998776,454.986725402139,-1.302261803530686,-0.8962073845082088,-0.024630752879754914,3.0,5.0
21.67,0.43267334773330784,-0.44644662654606576,-14.707982842992786,14.962046847509768,0.012919549424521101,-0.04006385287868519,0.00020449207627590586,-1.275284906109956,-0.8778578528425923,-0.023313287711361298,-1.0000985491321321,5.0,-456.19892044567763,456.60201424013496,-1.2683317564415375,-0.8807541502591942,-0.02524043406218829,-3.0,5.0
21.68,0.4175190217200521,-0.42724155991671886,-23.64815879999357,22.30803312259357,0.04010521763738234,-0.06811492172222651,0.0032203617554224704,-1.241336256115967,-0.8622189061226215,-0.023946464114948496,0.9999507254339339,5.0,-453.0633137383659,448.578077327801,-1.207387606121978,-0.8465799594026507,-0.02584599332571008,3.0,5.0
21.69,0.3934336273409271,-0.3988718463063763,-32.14875424697394,29.233767389554004,0.0663387114647766,-0.09495930064107866,0.007082946031943873,-1.180899262004952,-0.8282428277694749,-0.024570849606339568,-1.000024637283033,5.0,-440.32755071461105,431.01622418155205,-1.1204622678939369,-0.7942667494163282,-0.026444006080512783,-3.0,5.0
21.7,0.36086304324604845,-0.36187205255979915,-40.02702962769638,35.58994315138322,0.09105887533136542,-0.12002115788267684,0.009720099282675209,-1.0950892376145445,-0.7765233614099489,-0.025186538661394774,0.9999876813584836,5.0,-418.1938507362774,404.22236355840454,-1.0092792132241368,-0.7248038950504231,-0.027033605826560392,3.0,5.0
21.71,0.32043760308447256,-0.316965367437337,-47.11212802126401,41.23823298895291,0.11373256904364225,-0.14275824951990332,0.013063910157881775,-0.9855208113037106,-0.708026767762634,-0.025793545699510367,-1.000006159320758,5.0,-387.0646884411573,368.69738056460784,-0.8759523849928769,-0.639530174115319,-0.027614566813857155,-3.0,5.0
21.72,0.27295606107058307,-0.2650446602750815,-53.2487660179516,46.05432803333715,0.13386625743932426,-0.16267377091557386,0.015052232456261548,-0.8543668178267411,-0.6240873157705229,-0.026391865251399388,0.9999969203396211,5.0,-347.5352757939541,325.13248977301015,-0.7232128243497715,-0.5401478637784118,-0.02818682390706645,3.0,5.0
21.73,0.21937387797131874,-0.20715975970003025,-58.300627712505346,49.930623954880446,0.15101659256356728,-0.17932701806744183,0.01762996802993849,-0.7042266899941056,-0.5263683237338269,-0.02698148702639603,-1.0000015398301896,5.0,-300.38272952422716,274.39136876153344,-0.5540865621614701,-0.428649331697131,-0.028750352351385955,-3.0,5.0
21.740000000000002,0.1607801211884064,-0.14449138756672975,-62.15337484094419,52.778650926372784,0.16480025983205127,-0.19234324965130267,0.01875034889533814,-0.5381640766827933,-0.4168426139948401,-0.02023611526979702,0.7696883184907983,5.0,-246.55050657502122,217.49768608922037,-0.37210146337148087,-0.30731690425585334,0.0,2.5393781768117862,5.0
21.75,0.09837937190161615,-0.07833208316163202,-64.71721992925424,54.53103772164643,0.17490237278342674,-0.20142191128503534,0.02026075870061624,-0.35955571437574535,-0.29773964947230597,-0.015177086452347766,-1.115155840754601,5.0,-187.13002683267885,155.60999644172358,-0.18094735206869744,-0.17863668494977183,0.0,-3.0,5.0
21.76,0.03346318771614,-0.010054836467641382,-65.92899185410509,55.14312188262758,0.18108373102404465,-0.2063436612250547,0.020306702495957896,-0.17211185187631142,-0.1715135173859639,-0.011382814839260826,0.9424220796226994,5.0,-123.33822873376467,90.00277404992967,0.015332010623122505,-0.04528738529962183,0.0,3.0,5.0
21.77,-0.032612881390633966,0.05891076095478914,-65.75366103162303,54.59401500774294,0.18318628511793908,-0.2069754252326505,0.02084297491569454,0.0202888284477801,-0.040779589943859024,-0.00853711112944562,-1.0287889601886502,5.0,-56.4931869756791,22.03583200606676,0.21268950877187165,0.08995433749824586,0.0,-3.0,5.0
21.78,-0.09846129509206018,0.1271130588270383,-64.18527214142611,52.88724567497766,0.18113715734615485,-0.2032739529559915,0.01985006541326544,0.2135924845277227,0.09172710096254968,-0.006402833347084214,0.8214973971193125,5.0,12.013525850410339,-46.86957278289693,0.4068961406076653,0.22423379186895837,0.0,2.671783754427275,5.0
21.79,-0.1626876482628259,0.19310392631134654,-61.24727398469687,50.05081635004205,0.17495065171967178,-0.19528720392026447,0.019245026367493732,0.4037415214019542,0.22322146248951305,-0.004802125010313161,-1.0892513014403438,5.0,80.7454097931947,-115.26470487992658,0.5938905582761856,0.3547158240164764,0.0,-3.0,5.0
21.8,-0.22392401715528,0.2554742611147582,-56.99222589977771,46.136821433645665,0.1647286853074259,-0.18315412639468304,0.017165078156746276,0.5866727953839654,0.35091375503468647,-0.0036015937577348707,0.939911969614744,5.0,148.25137729600456,-181.69921581275943,0.7696040693659767,0.47860604757985986,0.0,2.9690752406698318,5.0
21.81,-0.2808542689194902,0.3128793357107571,-51.500894037311966,41.22047653336176,0.15065912436227905,-0.16710220515669494,0.015608986320365906,0.7584910991371213,0.4720816041295284,-0.0027011953183011528,-1.030044015192628,5.0,213.0958868804036,-244.75628440555244,0.9303094028902772,0.5932494532243703,0.0,-3.0,5.0
21.82,-0.332246088527987,0.3640724533576852,-44.880737224976734,35.398726533433944,0.13301253020294299,-0.14744341670611555,0.012616607266671865,0.9154656872227771,0.5841152712663434,-0.022579023916173932,0.9849779924036859,5.0,273.8898612010597,-303.07845409093517,1.072440275308433,0.6961489384031585,-0.08221250970979227,3.0,5.0
21.830000000000002,-0.376973645489408,0.40792705077353353,-37.26382368414519,28.788309264572128,0.11213689278487363,-0.12456806980925722,0.010229625896819573,1.0541970892970975,0.6845864035033816,-0.027934452915880013,-1.0075110037981574,5.0,329.3200180460409,-355.4011503445521,1.1929284913714178,0.7850575357404198,-0.044000739914998255,-3.0,5.0
21.84,-0.41404611988305845,0.44346630645449947,-28.804208017709115,21.523465060580307,0.08845094007954388,-0.09893725729104355,0.00650235868958456,1.1716039236845304,0.7712875128476746,-0.029646601754074794,0.9962444981009213,5.0,378.17748672787025,-400.5755101625606,1.2890107580719634,0.8579886221919675,-0.034783048268659134,3.0,5.0
21.85,-0.44262559336355073,0.46987986613382554,-19.674831490715416,13.753182222002728,0.06243565511010438,-0.07107344748160244,0.0034986421387798597,1.2650781230804973,0.8422934214957275,-0.03043978637242024,-1.0018777509495393,5.0,419.38369593431463,-437.59804435080247,1.358552322476464,0.9132993301437804,-0.032819340227456584,-3.0,5.0
21.86,-0.4620498230217141,0.48654710236460186,-10.063994986714981,5.638189837686124,0.034624668862069295,-0.0415500247712868,-0.0007103733678751143,1.3324550564330677,0.895990628034945,-0.030996216594002306,0.9990611245252303,5.0,452.0144818420353,-465.6282829788522,1.3998319897856382,0.9496878345741624,-0.032665507258748505,3.0,5.0
21.87,-0.4718434677766438,0.4930465862048395,-0.17148925586557873,-2.652396888635977,0.0055932222701196715,-0.010979368723006117,-0.004048240992534854,1.372151021140989,0.931126900545549,-0.03148672310053039,-1.0004694377373848,5.0,475.32029509532083,-484.0122601038062,1.4118469858489107,0.9662631730561531,-0.03295824262011465,-3.0,5.0
21.88,-0.47173343401729556,0.4891713523833234,9.795551271489488,-10.944553608511338,-0.02405357717010906,0.01999966193896689,-0.008434975484461642,1.3831118690979665,0.9468269443052224,-0.03195407840100667,0.9997652811313076,5.0,488.7436677563549,-492.2930547018802,1.3940727170549438,0.9625269880648957,-0.0333561443024355,3.0,5.0
21.89,-0.4616520610231078,0.4749297988818974,19.62697220949012,-19.063030139316552,-0.05369346298533748,0.050735204478847544,-0.011788912060681396,1.3649280641780726,0.9426268489669333,-0.032408987147048596,-1.0001173594343462,5.0,491.93192949117514,-490.22640381869087,1.3467442592581786,0.9384267536286441,-0.033773713385174375,-3.0,5.0
21.900000000000002,-0.4417439782527385,0.45055197904393374,29.114023485012908,-26.835007000836903,-0.08269991745383314,0.08057592382161248,-0.016028413812702775,1.3177586016289586,0.9184734403160362,-0.03285412379697655,0.9999413202828271,5.0,484.74649476516737,-477.7827650484272,1.2705891390798447,0.8943200316651392,-0.034189533746760425,3.0,5.0
21.91,-0.41236053117131066,0.4164813137991973,38.05377816280847,-34.09380439436233,-0.11045551019075979,0.10888493957010778,-0.019073697518199265,1.2424209420199617,0.8747415855528372,-0.03329015207000903,-1.0000293398585864,5.0,467.26687780973646,-455.1540189476597,1.1670832824109645,0.8310097307896382,-0.03459823688910646,-3.0,5.0
21.92,-0.37405779088604696,0.37337167470632254,46.25346555439758,-40.68240889873955,-0.13636488649792328,0.13505323228588745,-0.022848479301197863,1.1402889059112986,0.8122159315400674,-0.03371723232366297,0.9999853300707067,5.0,439.7909371188377,-422.7463736362085,1.0381568698026356,0.7496902775272976,-0.03499847308462478,3.0,5.0
21.93,-0.3275822306196393,0.322070059849727,53.53461325653504,-46.45689876271634,-0.15986763065523593,0.15851286649220547,-0.025281688317729624,1.0133569845474497,0.7320904943301005,-0.034135399027729885,-1.0000073349646466,5.0,402.8296948435497,-381.1778539420458,0.8864250631836007,0.6519650571201336,-0.035389899139930625,-3.0,5.0
21.94,-0.27386026989029083,0.26360500546860344,59.73692240504745,-51.28953799345197,-0.18045022923846027,0.178749125171508,-0.028308939983722543,0.8641129877628283,0.6359329529665732,-0.03454465529054991,0.9999963325176766,5.0,357.09842606976304,-331.2621316492583,0.7148689909782069,0.5397754116030458,-0.03577242407900999,3.0,5.0
21.95,-0.2139759503293474,0.19916114117065664,64.72177920698687,-55.07162822757799,-0.1976573774784094,0.19531191614410126,-0.02987401458040685,0.6955784475751143,0.5256674364840839,-0.034944996530198016,-1.000001833741162,5.0,303.50255710421214,-273.99727195351545,0.5270439073874003,0.4154019200015945,-0.03614602024914232,-3.0,5.0
21.96,-0.14915311634751666,0.13006020708414168,68.37533916159751,-57.715899724368526,-0.21110188295040083,0.20782557970374715,-0.03193003419837734,0.5111588930686743,0.4035230167023476,-0.026208747397648512,0.7503068593951885,5.0,243.12025793093196,-210.54133977627973,0.3267393385622344,0.2813785969206113,0.0,2.5006155525315386,5.0
21.97,-0.08072652465864275,0.05772910215296338,70.6111026350334,-59.15854442549355,-0.22047344964194848,0.2159975035257453,-0.03256543448831361,0.31466413877764005,0.2720020366932048,-0.019656560548236383,-1.1248465703024058,5.0,177.18045050644193,-142.1936184785239,0.1181693844866058,0.14048105668406197,0.0,-3.0,5.0
21.98,-0.010118275369394109,-0.016324730411936036,71.37193697316589,-59.36068892206567,-0.22554564677829703,0.21962472999018698,-0.033567776800810425,0.11014096294578524,0.13381580247330568,-0.014742420411177288,0.9375767148487972,5.0,107.03828904848493,-70.36354858537305,-0.09438221288606954,-0.004370431746593406,0.0,3.0,5.0
21.990000000000002,0.06119532400086812,-0.0905491859638057,70.63148403959292,-58.309426552018806,-0.22618139676964677,0.21859901692750752,-0.03295502230045839,-0.09812185981569374,-0.008158262194841143,-0.011056815308382966,-1.0312116425756015,5.0,34.14692478712978,3.4538575941552208,-0.3063846825771727,-0.15013232686298797,0.0,-3.0,5.0
22.0,0.13171080680356081,-0.1633752950974955,68.39493548346923,-56.01823557758396,-0.22233638116334328,0.21290964377925897,-0.03274174240225441,-0.30576988004991423,-0.15094874445346,-0.008292611481287224,0.8124477687744442,5.0,-39.97203728657408,77.71324493865114,-0.5134179002841347,-0.29373922671207886,0.0,2.6561071801244895,5.0
22.01,0.19993311538398945,-0.23325521954049358,64.69914148219688,-52.52691663947864,-0.21406074710229425,0.20264447124213184,-0.03103306914255634,-0.5083878447152052,-0.29153983089553703,-0.006219458610965418,-1.093776115612778,5.0,-113.76054844407706,150.846895987175,-0.7110058093804961,-0.4321309173376141,0.0,-3.0,5.0
22.02,0.2644033434430217,-0.29869024455428705,59.6120551056633,-47.90089538013354,-0.20149857897230103,0.18798861355973406,-0.029727468619739503,-0.7016799537748037,-0.4269478307360894,-0.004664593958224063,0.9378123531886331,5.0,-185.65651503680215,221.30227540857962,-0.8949720628344024,-0.5623558305766417,0.0,2.9694008219900443,5.0
22.03,0.3237336033425503,-0.3582674965901051,53.23150815669726,-42.23005539482533,-0.1848856269453975,0.16922135199992033,-0.026891382342334656,-0.8814740046621689,-0.5542714009235319,-0.027787275026383545,-1.0310938234056835,5.0,-254.12722547377848,287.5704598254905,-1.061268055549534,-0.6815949711109743,-0.09715531823086199,-3.0,5.0
22.04,0.37663301599891585,-0.4106856291279008,45.68335491622254,-35.62697201227871,-0.16454484474577535,0.1467107412937707,-0.024571497264066693,-1.0438972463350118,-0.6707661581254928,-0.033818119850475045,0.9844530882971583,5.0,-317.7014818001877,348.22266761252973,-1.2063204880078546,-0.7872609153274537,-0.05191065432274955,3.0,5.0
22.05,0.4219396359996033,-0.4547880371820604,37.11900510143275,-28.22472942125676,-0.14088029442254413,0.1209066021857084,-0.020832281350311975,-1.1853736780657826,-0.7738910004659165,-0.03556213480226997,-1.0077734558514209,5.0,-375.0014755032886,401.9366133829921,-1.3268501097965535,-0.8770158428063402,-0.04079417965765475,-3.0,5.0
22.06,0.4586419216735867,-0.4895833527684894,27.712404445525884,-20.174211366791674,-0.11436904520825003,0.09233142705467474,-0.0177433759374634,-1.3027889244048225,-0.8613763398825293,-0.03622591523517248,0.9961132720742896,5.0,-424.7722349739183,447.5297452517354,-1.4202041707438622,-0.948861679299142,-0.03821725653388003,3.0,5.0
22.07,0.48590515595771117,-0.5142725149250362,17.656511621378577,-11.641074941942064,-0.08555172337308913,0.061569997767127814,-0.013380280480121763,-1.3934714928015732,-0.9312607192133344,-0.03661244566247852,-1.0019433639628554,5.0,-465.9093983283678,483.9806404798891,-1.484154061198324,-1.0011450985441397,-0.037772036944396625,-3.0,5.0
22.080000000000002,0.5030863237348037,-0.5282620273737733,7.159355280368622,-2.8023127653438653,-0.055021402007126165,0.029257302670494992,-0.00982375534859379,-1.4553405576056888,-0.9819477100909444,-0.03692280431585642,0.9990283180185722,5.0,-497.48320230996484,510.45629541514916,-1.5172096224098042,-1.0326347009685544,-0.037853880275990126,3.0,5.0
22.09,0.509753033711533,-0.5311829032438433,-3.5602614226144382,6.1573700033409775,-0.023411556031791056,-0.003934379416862935,-0.005158733233648447,-1.4868654595671753,-1.012228881814273,-0.037207341668180356,-1.000485840990714,5.0,-518.7597533940883,526.3264609177663,-1.518390361528662,-1.0425100535376017,-0.03806095372515217,-3.0,5.0
22.1,0.505690128595183,-0.5228950583900598,-14.277307347799233,15.049445233024887,0.008617171685274191,-0.037309585547730055,-0.0014727407573041774,-1.4871907477130595,-1.0213253638252642,-0.037478663474294814,0.9997570795046429,5.0,-529.2174970076236,531.182957332474,-1.4875160358589434,-1.0304218458362555,-0.03829262889263818,3.0,5.0
22.11,0.4909097418852649,-0.5034968358340365,-24.76523976682586,23.685480935316665,0.04039061954502429,-0.0701640510284624,0.0031457363038046595,-1.4560699066783127,-1.0088939805316417,-0.037739923712456686,-1.0001214602476785,5.0,-528.5601257272269,524.8452664362906,-1.424949065643566,-0.996462597238019,-0.03852370442694231,-3.0,5.0
22.12,0.46564862858862704,-0.47331961855419763,-34.800778971200984,31.88116398880028,0.07123538831867249,-0.1017996902397007,0.006609121515572701,-1.3939640142895189,-0.975050859580252,-0.037991909634765945,0.9999392698761607,5.0,-516.7240051478767,507.37051477098913,-1.3318581219007253,-0.9412077386288622,-0.038747867401693725,3.0,5.0
22.13,0.43036872159303957,-0.43292741759542935,-44.168653749495704,39.46018547618718,0.10049295453323634,-0.13153923896869651,0.010832504083149657,-1.3019476071399225,-0.9203588565765046,-0.038234815988526745,-1.0000303650619198,5.0,-493.8815453141643,479.04933933514707,-1.2099311999903262,-0.8656668535727574,-0.03896353504980915,-3.0,5.0
22.14,0.38574494036218626,-0.3831016017752966,-52.66620406028595,46.25806224757608,0.1275338188150668,-0.15874087086180455,0.01373550525205593,-1.1817796426162304,-0.8458320898384728,-0.038468689312559916,0.9999848174690402,5.0,-460.4387948571472,440.40595307799435,-1.0616116780925382,-0.771305323100441,-0.03917030928465942,3.0,5.0
22.150000000000002,0.3326564048443585,-0.32483086528226424,-60.107755788070556,52.12565679672958,0.15177088823109236,-0.18281185441611963,0.017243931672823502,-1.0357816233815342,-0.7529043284458474,-0.038693539196879186,-1.00000759126548,5.0,-417.02889164227264,392.1841095683812,-0.8897836041468382,-0.659976567053222,-0.039368088849837,-3.0,5.0
22.16,0.2721652800007396,-0.25928680464831866,-66.32866035871788,56.93247564294566,0.17267230658366495,-0.2032215796167192,0.019291451875999323,-0.8668819577804063,-0.6434149299994344,-0.03890936614412976,0.9999962043672601,5.0,-364.4998562235497,335.3374937251781,-0.6979822921792783,-0.5339255315530214,-0.039556846985881466,3.0,5.0
22.17,0.20549959596614512,-0.1878053981245622,-71.18892466236973,60.56951826478023,0.1897729554679156,-0.2195130500298378,0.021820981881739913,-0.6784687432873409,-0.5195594675019903,-0.039116168546636264,-1.0000018978163703,5.0,-303.89856994129536,271.0064440786465,-0.4900555287942754,-0.3957040050045464,-0.03973657575415579,-3.0,5.0
22.18,0.13402445064512072,-0.11185494299334461,-74.57633853720073,62.95176993035757,0.20268487588797382,-0.2313132112108904,0.02278602440733874,-0.4744109277612626,-0.3838591230398652,-0.029337126409977196,0.7611407859201229,5.0,-236.44962648459696,200.4997318294276,-0.2703531122351843,-0.24815877857774005,0.0,2.5222834696566157,5.0
22.19,0.059218106522996555,-0.03301091123902096,-76.40904337604056,64.0201265596357,0.2111058804789362,-0.23834126455440233,0.024032226567867177,-0.25889028827521643,-0.23909634585283554,-0.022002844807482897,-1.1194296070399385,5.0,-163.5310914662902,125.2634885991519,-0.04336964878917021,-0.09433356866580589,0.0,-3.0,5.0
22.2,-0.017362343564830268,0.047081424518877396,-76.6374705029266,63.74286366975192,0.21482666384717908,-0.24041540127913857,0.023716269622874986,-0.036404828198631445,-0.08827117984428251,-0.016502133605612174,0.9402851964800307,5.0,-86.64603758988278,46.856178586784715,0.18608063187795348,0.0625539861642705,0.0,3.0,5.0
22.21,-0.09410964046252789,0.12673668284051215,-75.24561841576394,62.11646081426058,0.21373575562733163,-0.23745718813135763,0.023798788856860164,0.18841304135824274,0.0654736538731463,-0.01237660020420913,-1.0298574017599846,5.0,-7.392113016090236,-33.08800486742665,0.41323091091511693,0.2192184875905751,0.0,-3.0,5.0
22.22,-0.16940376995477868,0.20426942857621339,-72.25162109340664,59.16590813439875,0.20782267252515055,-0.22949408749631578,0.022268660735336846,0.410806027238918,0.21890568768803315,-0.009282450153156848,0.8260635082877146,5.0,72.57205489285043,-112.88891305200113,0.6331990131195933,0.37233772150292,0.0,2.6819844183354133,5.0
22.23,-0.2416421366929568,0.27802484646298276,-67.70760386741537,54.94433817266486,0.19717871974154358,-0.21665946077295545,0.021055979584725715,0.6260784758982917,0.3687830029649385,-0.006961837614867636,-1.0869682458561427,5.0,151.5611648070611,-190.85997871241545,0.8413509245576654,0.5186603182418438,0.0,-3.0,5.0
22.240000000000002,-0.3092774828306025,0.3464188112010239,-61.69881567698213,49.53213831198734,0.1819958965128969,-0.1991906444696847,0.018306388879496066,0.8296086009661301,0.5119095909911575,-0.0304944817693562,0.9565158770719289,5.0,227.89896292038767,-265.3392559245786,1.0331387260339684,0.6550361790173764,-0.10109241423282189,3.0,5.0
22.25,-0.3708471829101997,0.40796714591450634,-54.34206232265781,43.03540400841966,0.16256341915326963,-0.17742450862299577,0.016040710616525795,1.0170342843544686,0.6452163093287169,-0.03648856599598683,-1.0217420614640358,5.0,299.9533023826217,-334.72921892285694,1.204459967742807,0.7785230276662763,-0.05447081867587872,-3.0,5.0
22.26,-0.42500860819714587,0.4613224887741477,-45.78345391369308,35.58391225259768,0.13926240344456656,-0.1517911768527756,0.012302335778053598,1.1842601087959137,0.7658138799433201,-0.0380839088495876,0.9891289692679819,5.0,366.17141446737463,-397.5266270062673,1.3514859332373585,0.8864114505579233,-0.04286993741038991,3.0,5.0
22.27,-0.47056435756005927,0.5052987692097465,-36.19552276682467,27.32850470616679,0.11255832502007504,-0.12280543001940315,0.009150655892989952,1.327632660831299,0.8710680505070346,-0.038570952022292965,-1.005435515366009,5.0,425.11293126578437,-452.35938071286927,1.471005212866684,0.9763222210707492,-0.04003208154040905,-3.0,5.0
22.28,-0.5064925794967289,0.5389023772969602,-25.77375775370261,18.43808548755529,0.08299189444503738,-0.09105657199505707,0.004657116755242804,1.44393332130104,0.9586438812733895,-0.03877368010395232,0.9972822423169954,5.0,475.48144073807714,-498.0118681031672,1.560233981770781,1.0462197120397445,-0.03938186434893037,3.0,5.0
22.29,-0.5319658003035893,0.5613495403778893,-14.732635664329825,9.096137808209958,0.051168027108144026,-0.05719633700469296,0.0009022886831767359,1.5305374010084427,1.026570478423475,-0.03889843359389044,-1.0013588788415024,5.0,516.1524951250021,-533.4563372364132,1.6171414807158457,1.0944970755735604,-0.039272694063704816,-3.0,5.0
22.3,-0.5463737656163594,0.5720893222660806,-3.301216897466235,-0.5030135191933347,0.017743630104248606,-0.021925705161749284,-0.004026421961949632,1.5853853009473644,1.0732718811531043,-0.03899688420923649,0.9993205605792488,5.0,546.1989866727779,-557.8713491899414,1.6402332008862863,1.1199732838827339,-0.039292236055274654,3.0,5.0
22.31,-0.5493338570793707,0.5708119218520871,8.281591247148244,-10.158273138802999,-0.01658604605924232,0.014019727078816366,-0.00803700020967194,1.6071187439955765,1.0976164437526226,-0.039081972048256294,-1.0003397197103756,5.0,564.9117150209305,-570.6651615395159,1.6288521870437889,1.1219610063521408,-0.03933723556531571,-3.0,5.0
22.32,-0.5407047617463493,0.5574618707662377,19.772019013692116,-19.66593934346183,-0.051101710254616246,0.049884897884256124,-0.013034845820707998,1.595025389331962,1.0989305317602711,-0.0391569382959763,0.999830140144812,5.0,571.8163024327546,-571.4852546686994,1.5829320346683473,1.1002446197679194,-0.039381837039136336,3.0,5.0
22.330000000000002,-0.5205871440774394,0.5322360084250225,30.926549562528127,-28.824030717597648,-0.08507519239988326,0.08491126024136883,-0.01692491350849723,1.549147539282496,1.0770292714258054,-0.039222595524495106,-1.000084929927594,5.0,566.6844512205656,-560.232031859351,1.50326968923303,1.05512801109134,-0.03941956721005152,-3.0,5.0
22.34,-0.4893271998861409,0.49558604837666165,41.507071219797936,-37.43652821422326,-0.11778464734762276,0.11835263492224896,-0.02161369461531695,1.4701972267942827,1.0322105423371473,-0.03927914830408673,0.9999575350362029,5.0,549.54088954447,-537.0581043803337,1.391246914306069,0.9873918132484891,-0.0394488066428616,3.0,5.0
22.35,-0.4475070532118187,0.4482058366861897,51.28594478801002,-45.31759910404057,-0.14852998207490203,0.14949122469828327,-0.025011295824036838,1.3596352005612942,0.9652653641310653,-0.03932664911623364,-1.000021232481899,5.0,520.6642056326795,-502.3714048292349,1.2490731743283057,0.8983201859249834,-0.039469151552674386,-3.0,5.0
22.36,-0.3959380914854152,0.391023342120087,60.050891384310916,-52.29555669491826,-0.17664767949089935,0.17765282797487128,-0.02903330648966064,1.2195558243240505,0.8774512919967805,-0.03936511252224771,0.9999893837590506,5.0,480.58313353881846,-456.82376116972335,1.0794764480868069,0.7896372198624957,-0.03948050274028991,3.0,5.0
22.37,-0.3356414163214263,0.325177703358442,67.60958307415511,-58.21662697760623,-0.20152520348063824,0.20222154915460316,-0.03160269578660705,1.0527367157707177,0.7704824057143429,-0.03939454375307172,-1.0000053081204747,5.0,430.06671404681254,-401.3034001822751,0.8859176072173847,0.6635135194319053,-0.03948283744554376,-3.0,5.0
22.38,-0.26783171741842743,0.25200159135042266,73.79385036506713,-62.948284543902254,-0.22261417563575556,0.22265306683424482,-0.034651425927151855,0.8624952623716324,0.64648293937498,-0.03941494586863625,0.9999973459397626,5.0,370.1101192933273,-336.91323770163257,0.6722538089725472,0.5224834730356172,-0.03947615221532985,3.0,5.0
22.39,-0.1938889502534984,0.17298941959786668,78.4634017904483,-66.38224095887648,-0.23944253875255694,0.23848679379583332,-0.036122023524600574,0.6527118251434008,0.5079585587023236,-0.03942632155065007,-1.0000013270301187,5.0,301.9147872857573,-264.95364398074946,0.4429283879151691,0.36943417802966716,-0.03946044859669151,-3.0,5.0
22.400000000000002,-0.11533431527932268,0.08977185277281771,81.50898673129603,-68.43686330780172,-0.2516249407871295,0.2493560395909817,-0.03796879947866217,0.42766205577086214,0.3577327359581651,-0.02956974116298755,0.8020583311819449,5.0,226.86486982776512,-186.89175118082477,0.20261228639832346,0.20750691321400658,0.0,2.6041179893940085,5.0
22.41,-0.03379509229632452,0.004077319304347821,82.85491757766289,-69.05912452094795,-0.2588716095388961,0.25499657145438626,-0.0382579368731845,0.19201887830220435,0.19890260420876543,-0.022177305872240663,-1.0989708344090274,5.0,146.49884274405207,-104.33618645221017,-0.04362429916645344,0.04007247245936575,0.0,-3.0,5.0
22.42,0.04902511929204863,-0.08229899575214598,82.46090662359363,-68.22588429745511,-0.26099501781260653,0.25525275698184385,-0.03882180805531048,-0.04933312972497242,0.03476207968861994,-0.016632979404180497,0.9505145827954864,5.0,62.478468028273255,-18.999474002508347,-0.29068513775214916,-0.12937844483152552,0.0,3.0,5.0
22.43,0.13138562762826395,-0.16753729201381284,80.32315985901224,-65.94462365369117,-0.2579146787204213,0.2500817585727887,-0.03768016746664685,-0.29131044031675724,-0.13125331815227656,-0.012474734553135372,-1.0247427086022571,5.0,-23.44592921963501,67.33297039634702,-0.533287750908542,-0.29726871599317306,0.0,-3.0,5.0
22.44,0.21154135915264022,-0.24982669233674457,76.4747150425989,-62.25346383236932,-0.24965947626953652,0.23955508005693024,-0.036854719349215415,-0.528824468867624,-0.2956507395325907,-0.009356050914851529,0.8621802333929776,5.0,-109.47136840908911,152.84436895339857,-0.7663384974184908,-0.4600481609129049,0.0,2.7491031753882123,5.0
22.45,0.28778369582726626,-0.3274085354975139,70.98499824316535,-57.2206126513709,-0.23636794067264982,0.22385800603061515,-0.0344379978207694,-0.7568017770727439,-0.4549407129984529,-0.007017038186138647,-1.0689098833035113,5.0,-193.78029774602595,235.72037995014796,-0.9847790852778637,-0.6142306864643151,0.0,-3.0,5.0
22.46,0.3584729051115906,-0.3986090142065688,63.95861271239123,-50.94309296939879,-0.21828595777997264,0.2032863210337835,-0.03237645687877385,-0.9703792455073925,-0.6057240613185525,-0.029730325829819,0.9655450583482446,5.0,-274.57860437899546,314.19203169899515,-1.1839567139420413,-0.756507409638652,-0.09787018876086007,3.0,5.0
22.47,0.42207711595677133,-0.46187991584843335,55.53336874287574,-43.54493047459231,-0.19576244087578137,0.17824097802006297,-0.028737967134823152,-1.164920364164854,-0.7447512474493383,-0.03537276242229923,-1.0172274708258777,5.0,-350.13412766115164,386.5689124916848,-1.3594614828223155,-0.8837784335801242,-0.05230007219973992,-3.0,5.0
22.48,0.4772015609740165,-0.5158273864952628,45.87760551612505,-35.17468286698914,-0.16924255354101816,0.14922020701066077,-0.025593935411062578,-1.3362023063893713,-0.8690049780295938,-0.03673361284044674,0.9913862645870612,5.0,-418.81325027552305,451.2798473280231,-1.5074842486138884,-0.9932587086098492,-0.04081616409488925,3.0,5.0
22.490000000000002,0.5226229991767734,-0.559247426688456,35.18684324472399,-26.002509520505562,-0.1392590951762671,0.11680981645198196,-0.021022436821450847,-1.4804206388811698,-0.9757526579276428,-0.037015537612281754,-1.0043068677064693,5.0,-479.1164768344479,506.9024797381012,-1.624638971372968,-1.0825003378256919,-0.0378613119277868,-3.0,5.0
22.5,0.5573127664589774,-0.5911476882800902,23.67984279724215,-16.21668597095617,-0.10642172368005079,0.08167126430751297,-0.01710881707321975,-1.5943605855021956,-1.062619333460023,-0.03702054302365339,0.9978465661467653,5.0,-529.7107191458325,552.1989446254424,-1.7083005321232214,-1.1494860089924028,-0.0370355592577683,3.0,5.0
22.51,0.5804638678601256,-0.6107748906158119,11.594140208771126,-6.019789633256234,-0.07140472982286424,0.044528359613766555,-0.011945144897320644,-1.6753806977210228,-1.1276270827824377,-0.03694946946289862,-1.0010767169266175,5.0,-569.4590312971294,586.1387312785586,-1.7564008099398498,-1.1926348321048528,-0.036736248780634306,-3.0,5.0
22.52,0.591505582119506,-0.6176274373365611,-0.8188401036975357,4.3755216547665725,-0.034933109363990494,0.006152241426651668,-0.0076288127198111165,-1.7215613728990764,-1.1692528989547046,-0.03685261496456273,0.999461641536691,5.0,-597.4455980574595,607.926489398259,-1.76774204807713,-1.2108787151269715,-0.036562051469555046,3.0,5.0
22.53,0.5901211663628326,-0.6114727404169991,-13.299006270041366,14.750895197039917,0.0022322824628893886,-0.03265443496918895,-0.0022608683159062812,-1.7316615189658602,-1.1864507305600889,-0.03674257927345026,-1.0002691792316545,5.0,-612.9970367784989,617.0158951937822,-1.741761665032644,-1.2036485621654731,-0.036412472200112844,-3.0,5.0
22.54,0.5762523240280168,-0.5923490406731249,-25.58303286500984,24.886898261735187,0.03931068888235569,-0.07107440035247821,0.002056022367462114,-1.7052386277251839,-1.1786902332670595,-0.03662252198367516,0.9998654103841729,5.0,-615.6979126912086,613.1275152320841,-1.6788157364845073,-1.1709297359740298,-0.03626235011434986,3.0,5.0
22.55,0.5501062332814172,-0.5605714551472393,-37.409907580001764,34.56760952723894,0.07551769023796495,-0.10829278824327122,0.007219593882550239,-1.6425744409589664,-1.1459582517532774,-0.03649323887378142,-1.0000672948079135,5.0,-605.4017221340456,596.2519895411906,-1.579910254192749,-1.1132262702394953,-0.0361053895441002,-3.0,5.0
22.56,0.5121490211209078,-0.5167222758587968,-48.526461051962265,43.58524663547095,0.11008188426138202,-0.14351453154932536,0.011130179196123493,-1.5447633903524163,-1.0887760202652235,-0.03635493394545983,0.9999663525960434,5.0,-582.2354565123984,566.6566927388035,-1.4469523397458661,-1.0315937887771698,-0.03594001916049505,3.0,5.0
22.57,0.46310171067285266,-0.4616454922801218,-58.69277601815509,51.74457559976722,0.14226115630731498,-0.17598114966500927,0.01569274755060849,-1.413605699684949,-1.0081785477359637,-0.03620766317310895,-1.0000168237019786,5.0,-546.5992289391853,524.8774280795062,-1.2824480090174817,-0.9275810752067037,-0.035765850856056325,-3.0,5.0
22.580000000000002,0.40392276053860865,-0.3964258056671594,-67.68734745703989,58.86716404022728,0.17135869494960898,-0.20498719140721075,0.01881900569516626,-1.251663732618724,-0.9057096397481407,-0.036051445626418294,0.9999915881490105,5.0,-499.15931374893836,471.7135541508892,-1.0897217655524993,-0.8032407317603176,-0.03558279298634631,3.0,5.0
22.59,0.3357934558674427,-0.3223723478283808,-75.31189607898345,64.79523056530228,0.19673791049212502,-0.229895359382758,0.02242923744244348,-1.062123616050377,-0.7833794914094865,-0.03588629129729753,-1.0000042059254948,5.0,-440.8363233434456,408.20834265405244,-0.8725834994820303,-0.6610493430708322,-0.03539082830993523,-3.0,5.0
22.6,0.2600904957863228,-0.24098760418364298,-81.39571784251072,69.39516281564642,0.21783643557365875,-0.2501506113759207,0.024454115353572593,-0.8488217972017761,-0.6436387668162351,-0.03571220806810479,0.9999978970372527,5.0,-372.7871151379982,335.6332080206968,-0.6355199783531751,-0.5038980422229838,-0.035189958380526576,3.0,5.0
22.61,0.1783622514318295,-0.15394197196518639,-85.7994874960954,72.56047080827716,0.23417840339027554,-0.26529230911411145,0.026836168149725757,-0.6160789020235824,-0.48931654776174827,-0.03552920345648622,-1.0000010514813737,5.0,-296.38239060601813,255.45784070655264,-0.38333600684538865,-0.3349943287072614,-0.03498018962163052,-3.0,5.0
22.62,0.09229323796643889,-0.06303465352619193,-88.41841877972146,74.21426591599351,0.24538523416579497,-0.27496476847821055,0.027531146739475224,-0.36870138197485286,-0.32357649163913665,-0.026646902592364664,0.8725667383086533,5.0,-213.1788066487623,169.32510571981518,-0.12132386192612338,-0.15783643551652501,0.0,2.7451345280986796,5.0
22.63,0.003673453449604791,0.029838506787441266,-89.18472317512823,74.31105308636651,0.25118418933322256,-0.2789253525669998,0.028445265735289535,-0.1117936922504374,-0.14983897200631305,-0.0199851769442735,-1.0637166308456734,5.0,-124.88777379073116,79.01294168195474,0.14511399747397805,0.023898547626510502,0.0,-3.0,5.0
22.64,-0.08564265375401842,0.12272931140743265,-88.0692971806548,72.83795032759043,0.2514149992206342,-0.2770505438926495,0.02765901418692505,0.14925790253241927,0.028276109377566278,-0.014988882708205125,0.9681416845771635,5.0,-33.33995438246488,-13.597696331598977,0.4103094973152759,0.2063911907614456,0.0,3.0,5.0
22.650000000000002,-0.17377109582585692,0.213673252609321,-85.08261092854751,69.815150244633,0.24603391258328303,-0.269339233830695,0.027156715721616143,0.40898648600431325,0.20703760704065446,-0.011241662031153843,-1.0159291577114182,5.0,59.55216234962909,-106.56638566733677,0.6687150694762072,0.3857991047037427,0.0,-3.0,5.0
22.66,-0.2588418465934654,0.3007357539005788,-80.27475901376893,65.29576093053339,0.23511555262222783,-0.25591374741737344,0.024946165929793027,0.66187100658471,0.38266833780447873,-0.008431246523365382,0.9203609105932007,5.0,151.8345628938645,-197.9294365595947,0.9147555271651066,0.5582990685683029,0.0,2.85665097889782,5.0
22.67,-0.33903447829588934,0.3820483100480196,-73.73467994260093,59.36487385737911,0.2188520397482349,-0.2370179627148565,0.023018519468981796,0.9025407462965779,0.5514375320325438,-0.026584621111838673,-1.0398195447033995,5.0,241.55235761276188,-285.7456913963144,1.1432104860084458,0.7202067262606088,-0.08104474487725855,-3.0,5.0
22.68,-0.41262094917532255,0.4558533711702757,-65.58854382265996,52.13802742356755,0.1975498752216746,-0.21301315943159144,0.01947124924645237,1.125801411137339,0.7097268127315874,-0.030946400435060827,0.9800902276483001,5.0,326.7914364885303,-368.13313921054595,1.3490620759781,0.8680160934306311,-0.044031738404727294,3.0,5.0
22.69,-0.4779988674878887,0.5205374094687266,-55.997348687588996,43.75893851889211,0.1716241363687458,-0.18437104739193785,0.016353910725530347,1.3268347425109914,0.8541206697554096,-0.031847883270776284,-1.0099548861758498,5.0,405.7187939473814,-443.3136529182347,1.527868073884644,0.9985145267792316,-0.03455233177792266,-3.0,5.0
22.7,-0.533730170992213,0.5746709204200964,-45.15375674423591,34.3966992394171,0.14159058175826195,-0.15166471736182557,0.011733745315539858,1.5012146355082945,0.9814670012808694,-0.03187621562851408,0.995022556912075,5.0,476.6222711303074,-509.6468196981085,1.6755945285055978,1.1088133328063292,-0.03196121270172747,3.0,5.0
22.71,-0.5785686773449706,0.6170349568655396,-33.27824540787258,24.242340585066984,0.10805532607449474,-0.11555707852535638,0.007691685281307104,1.6450917518995527,1.088958677160315,-0.031679271566974185,-1.0024887215439626,5.0,537.9472066540862,-565.6700852948685,1.7889688682908111,1.1964503530397608,-0.031088439382354505,-3.0,5.0
22.72,-0.6114917594962486,0.6466533328770012,-20.614637729085345,13.504986742172024,0.07170278394761227,-0.07678762877541889,0.002319492865987395,1.7551902716016108,1.174182024072348,-0.03141929748841071,0.9987556392280188,5.0,588.3307649845899,-610.1263306787819,1.8652887913036686,1.2594053709843809,-0.030639375252720313,3.0,5.0
22.73,-0.6317195233106029,0.6628099806713121,-7.425114724975094,2.4075217477843367,0.03328162356033005,-0.03615720157570405,-0.0022828297962311957,1.8289700272319163,1.2351838927225345,-0.03113693024688992,-1.000622180385991,5.0,626.6316772865023,-641.9964595950571,1.902749782862222,1.296185761372721,-0.030289828522327533,-3.0,5.0
22.740000000000002,-0.6387369795871333,0.6650708680905421,6.015201693124327,-8.817986550303555,-0.006410484710906675,0.005488377744355691,-0.008009356655893713,1.8645962395308506,1.2705028350958736,-0.03084235368737918,0.9996889098070043,5.0,651.956315713784,-660.5180164467481,1.900222451829785,1.3058217774692127,-0.029958624008846968,3.0,5.0
22.75,-0.6323027789536834,0.6532901684802409,19.42397049658706,-19.9351668863012,-0.046543512763848105,0.047276012810552354,-0.012750668731302692,1.8610724395460503,1.2792167401938648,-0.030538125846864328,-1.000155545096498,5.0,663.6789022745184,-665.2076728207135,1.8575486395612502,1.287930645291856,-0.029625442325319773,-3.0,5.0
22.76,-0.612460215565202,0.62762032009691,32.51755235897503,-30.708271586199864,-0.08627226806795416,0.08832344468975162,-0.01839615562781978,1.8181780389252729,1.2609527623357422,-0.03022489528696791,0.999922227451751,5.0,661.4570080369122,-655.8688061845372,1.7752836383044956,1.2426887844776195,-0.029285203607278654,3.0,5.0
22.77,-0.579534298878147,0.5885059125595165,45.016992583604974,-40.907203067653555,-0.12475427834466735,0.12775799242695415,-0.022836455394527142,1.7365678099613255,1.2159123483290695,-0.029902832564024696,-1.0000388862741245,5.0,645.2403592791683,-632.6022353518708,1.6549575809973782,1.170871934322397,-0.028936644395195055,-3.0,5.0
22.78,-0.534130842400045,0.5366812940040769,56.65395327560394,-50.31237758340245,-0.1611674922618453,0.16473490945677682,-0.027965726180038144,1.6176746711231642,1.1448576601131002,-0.029571988694176383,0.9999805568629376,5.0,615.2743412059905,-595.8015794116349,1.4987815322850029,1.073802971897131,-0.028579457084631443,3.0,5.0
22.79,-0.477121618724341,0.47315209841134426,67.17645584814485,-58.71947896231477,-0.19472792287263946,0.19845558966802226,-0.031683987373885975,1.4637743376679315,1.0491126909718376,-0.02923238491913887,-1.0000097215685315,5.0,572.0964650546488,-546.1515596140762,1.3098740042126988,0.9533677218305749,-0.02821357359402632,-3.0,5.0
22.8,-0.4096317815938428,0.39918084861352066,76.35432432928184,-65.9438444085849,-0.22470635831770466,0.22818461279601573,-0.0358992096553918,1.2778535395882642,0.9305258740678931,-0.0288840351849226,0.9999951392157342,5.0,516.5274475305068,-484.6109721639406,1.091932741508597,0.8119390571639487,-0.0278389859822738,3.0,5.0
22.81,-0.33301385262963046,0.3162570906360301,83.98419916259209,-71.82454378669254,-0.250444282232347,0.25326588522517524,-0.0385293873808258,1.0636414208272105,0.7914479854676337,-0.028526951770691665,-1.000002430392133,5.0,449.655430362918,-412.3989135172272,0.849429302066157,0.6523700968673742,-0.027455701527998866,-3.0,5.0
22.82,-0.24882471299755382,0.22607245994147282,89.89402570046049,-76.22790733999106,-0.27136815969164463,0.2731369042769319,-0.041504273815992504,0.8254462925437434,0.6346726352071677,-0.02816114669811426,0.9999987848039333,5.0,372.815249003419,-330.9662435344271,0.5872511642602762,0.4778972849467017,-0.027063731480382047,3.0,5.0
22.830000000000002,-0.15879012325287928,0.13048136390677983,93.94690569025963,-79.0505801287524,-0.2870022774993387,0.287341455863554,-0.04276701772356449,0.5681582129397591,0.4633936236920927,-0.021120860023585694,-1.0000006075980334,5.0,287.5615309304662,-241.97111530660786,0.31087013333577496,0.2921146121770177,0.0,-3.0,5.0
22.84,-0.06477341844629377,0.03146788843928976,96.04423907472797,-80.22187863605436,-0.296979355192816,0.29553984174915227,-0.04427538941944389,0.29706005819432846,0.281126902209175,-0.01584064501768927,0.9718127816826778,5.0,195.6377724486191,-147.24078874436103,0.025961903448897816,0.09886018072625735,0.0,2.943626170963389,5.0
22.85,0.0312669147526107,-0.06890020546704669,96.12807158746705,-79.70555156223679,-0.30104918910359146,0.2975170274920494,-0.04401693809293465,0.017808223568212433,0.09165182056344062,-0.011880483763266954,-1.014093609158661,5.0,98.94039634275605,-48.73876799197203,-0.26144361105790354,-0.09782326108229371,0.0,-3.0,5.0
22.86,0.12731398974636862,-0.1685096533613084,94.18260615751551,-77.50074674645967,-0.29908463090984705,0.29318789990552735,-0.043960265868748634,-0.2637739682253028,-0.10108024202238691,-0.008910362822450215,0.9929531954206696,5.0,-0.519861615057682,51.480334096918035,-0.545356160018818,-0.29381230460821445,0.0,3.0,5.0
22.87,0.2213387049779558,-0.26525096376668744,90.23482703202993,-73.64231466593006,-0.29108525701211907,0.28260012612435037,-0.04211532438432676,-0.5417286316002154,-0.29301491386032485,-0.006682772116837661,-1.0035234022896653,5.0,-100.6600703218359,151.3090236315361,-0.8196832949751283,-0.48494958569826274,0.0,-3.0,5.0
22.88,0.3113385763703877,-0.35705809392034293,84.35423076940384,-68.20028174599537,-0.2771781360218426,0.26593391654180965,-0.0405069010224135,-0.8101776981614466,-0.4800930339798083,-0.005012079087628246,0.9982382988551672,5.0,-199.3682119997154,248.63564510988454,-1.0786267647226777,-0.6671711540992917,0.0,3.0,5.0
22.89,0.39538424317971765,-0.4419573893734548,76.6516503664878,-61.27865435202483,-0.2576161563357563,0.24349929484651117,-0.03717519771806288,-1.0633584021057416,-0.6583231824310172,-0.018863857049234524,-1.0008808505724165,5.0,-294.54801784899024,341.3844323895114,-1.3165391060500369,-0.836553330882226,-0.060419190934053346,-3.0,5.0
22.900000000000002,0.4716567613493797,-0.5181049742475883,67.27720376395573,-53.01341790800761,-0.23277343166138506,0.21573029309340377,-0.03417548464804004,-1.2958352798036248,-0.8238798123415398,-0.022006419662159854,0.9995595747137918,5.0,-384.1629948965214,427.5642140590332,-1.528312157501508,-0.9894364422520625,-0.03143410750093584,3.0,5.0
22.91,0.538490815188904,-0.5838315978923793,56.41739114522292,-43.56992450105824,-0.20313836333196175,0.18317679747571272,-0.029577338681483288,-1.5025278791397014,-0.9731719502880644,-0.02246075581714118,-1.0002202126431041,5.0,-466.28029194569683,505.30650692099334,-1.709220478475778,-1.1224640882345889,-0.023823764282085158,-3.0,5.0
22.92,0.5944069910206572,-0.637674164644425,44.29140960529281,-33.139563228392845,-0.16930398755150095,0.14649357629826695,-0.025463319515651547,-1.678910123348432,-1.1029340504002438,-0.02223547280234702,0.9998898936784477,5.0,-539.1118695475045,572.9104462925874,-1.8552923675571624,-1.2326961505124234,-0.021559623757964552,3.0,5.0
22.93,0.6381483383526492,-0.6784130643940856,31.146744459157944,-21.935935358110243,-0.13195629482684273,0.10642732687764828,-0.019927442393786056,-1.8210202966513813,-1.210283964951582,-0.021833571921059947,-1.0000550531607764,5.0,-601.0537078810373,628.8753223542526,-1.9631304699543306,-1.31763387950292,-0.02062786927719873,-3.0,5.0
22.94,0.6687044915835187,-0.7050946781972722,17.254138500544975,-10.190455004381976,-0.09186025219345842,0.06380137689365231,-0.01507323057204812,-1.9105101483256908,-1.2927998546437274,-0.021381024403577684,0.999972473419612,5.0,-650.7205867044376,671.9382768352804,-2.0,-1.375315744335873,-0.020023381851130895,3.0,5.0
22.95,0.6853387397213689,-0.7170583569779928,2.90202804300551,1.852379004305245,-0.04984430982983281,0.019498971671456124,-0.008996549008358693,-1.9552550741628454,-1.3485612652978651,-0.02090938667277802,-1.000013763290194,5.0,-686.9772945447579,701.0980706656949,-2.0,-1.4043226759520029,-0.019494473480379026,-3.0,5.0
22.96,0.6876014933216057,-0.7139474382572715,-11.609427199549915,13.94009910982839,-0.006783206831250013,-0.025555133658088466,-0.0038087467871551145,-1.9776275370814227,-1.3762065329789561,-0.0204265721790099,0.9999931183549029,5.0,-708.9639592903383,715.6426516240459,-2.0,-1.4038518006600471,-0.018978128697705543,3.0,5.0
22.97,0.6753457936741857,-0.6957238844354305,-25.974610036489363,25.817510439506133,0.03642006916908054,-0.0704137741996544,0.0023520639120457945,-1.9888137685407115,-1.374952100059275,-0.01993457391252148,-1.0000034408225487,5.0,-716.1165391800902,715.1616198783765,-2.0,-1.3736976671395942,-0.018458579113056206,-3.0,5.0
22.98,0.648728554938845,-0.662666366936168,-39.888864066712344,37.232104929454835,0.07885329684987234,-0.11412739508504045,0.007335578168791218,-1.9360638688685072,-1.3446264591706454,-0.019433902432124228,0.9999982795887257,5.0,-708.1803956741546,699.5615976854615,-1.883313969196303,-1.314300818282016,-0.017931887990932482,3.0,5.0
22.990000000000002,0.6082133724500127,-0.6153715666388353,-53.054943318452786,47.939378491489805,0.1196141140972683,-0.15576395088799452,0.013046615763935895,-1.826439403036152,-1.2856647725544512,-0.018924697225378984,-1.0000008602056372,5.0,-685.2182555549578,669.0658567805741,-1.7168149372037966,-1.2267030859382568,-0.01739708160514325,-3.0,5.0
23.0,0.554558811817836,-0.5547387422422995,-65.18934402730847,57.70809461807504,0.15782928735134896,-0.19442888674760667,0.017388713848831148,-1.6891327954450062,-1.199117237986419,-0.018407005012455555,0.9999995698971815,5.0,-647.6107113122363,624.2164010203826,-1.5518261878538602,-1.1125697034183868,-0.016853928373685267,3.0,5.0
23.01,0.48880843202722435,-0.48195780699237206,-76.02839621316691,66.32522483910807,0.19267324513515693,-0.22928414989340767,0.02224525250796247,-1.5063942885665838,-1.0866177200479852,-0.017880849438026914,-1.0000002150514093,5.0,-596.050777083874,565.8600880041805,-1.3236557816881611,-0.9741182021095512,-0.016302382714740993,-3.0,5.0
23.02,0.4122667438159277,-0.3984812668449856,-85.33397128836337,73.60061720121934,0.22338598471654642,-0.25956645200915734,0.025529534114526985,-1.297119881124053,-0.9503666500560646,-0.01734624852305449,0.9999998924742954,5.0,-531.5309813324451,495.1374416539055,-1.0878454736815224,-0.814115580064144,-0.015742445778137215,3.0,5.0
23.03,0.3264774295983971,-0.3060002920006176,-92.89869651262191,79.37113591196137,0.24928946819037648,-0.2846037684194246,0.029150990837742058,-1.0540301158092436,-0.7930751970258031,-0.016803219034724336,-1.0000000537628524,5.0,-455.32489762497175,413.456039576222,-0.810940350494434,-0.6357837439955416,-0.015174130569733879,-3.0,5.0
23.04,0.23318840015125872,-0.20640568304361803,-98.5505492220231,83.50433672664329,0.26980265007816057,-0.303830333806334,0.03104396427776602,-0.7906717171406041,-0.617924774739542,-0.016251777580457413,0.9999999731185736,5.0,-368.96178339071326,322.46718012086586,-0.5273133184719647,-0.44277435245328095,-0.014597453217656653,3.0,5.0
23.05,0.13432025624483684,-0.10175425078654264,-102.15674236319609,85.90144116661479,0.2844543093745116,-0.3167991853565143,0.03314908030059678,-0.5059814201317387,-0.4284898066932613,-0.01218883318534306,-1.0000000134407134,5.0,-274.1964382776475,224.02811219623533,-0.2212911231228734,-0.23905483864698068,0.0,-3.0,5.0
23.06,0.03192290859634429,0.005778460554236461,-103.62680125607908,86.49969798518518,0.29289389997945314,-0.32319259349136503,0.0334297049370657,-0.21070020247964472,-0.22867818893877678,-0.009141624889007296,0.9999999932796433,5.0,-172.97328188244853,120.16878226825354,0.08458101517244937,-0.028866571184292256,0.0,3.0,5.0
23.07,-0.07186286069154893,0.11393836939876577,-102.91477396856116,85.2739214005005,0.294899675482003,-0.32282952210684007,0.033861491973055366,0.09266403175446397,-0.02263772425616653,-0.006856218666755472,-1.0000000033601784,5.0,-67.38697870825668,13.045558272972013,0.39602826598857266,0.18340274042644372,0.0,-3.0,5.0
23.080000000000002,-0.17485400586352992,0.2204449173487841,-100.02050946747603,82.2373242441213,0.29038439877771266,-0.3156705632215368,0.032441539299137526,0.39500505140993875,0.18531658279291402,-0.005142164000066604,0.9999999983199106,5.0,40.36119387186481,-95.09889407187127,0.6973460710654135,0.3932708898419945,0.0,3.0,5.0
23.09,-0.27486707366561425,0.32303412404604226,-94.98998313756405,77.44146703252346,0.2793979975722804,-0.30181960056425383,0.03118216521820031,0.6919935194733311,0.3908058689605963,-0.003856623000049953,-1.0000000008400447,5.0,148.00872691085252,-201.98698977416834,0.9889819875367233,0.5962951551282786,0.0,-3.0,5.0
23.1,-0.369768345309464,0.41951152215366755,-87.91464303386235,70.97547440610478,0.26212758998544805,-0.2815227679450166,0.02811559720972509,0.975757854674143,0.5894662169238867,-0.009377004060769849,0.9999999995799775,5.0,253.27968057420892,-305.34954456786085,1.259522189874955,0.7881265648871769,-0.025938147242929532,3.0,5.0
23.11,-0.4575152892642885,0.5077940591953878,-78.92979699462346,62.964373826076724,0.23889435964236272,-0.255164081623132,0.025289779786515157,1.2413812776522217,0.7770543090426884,-0.010301880042209702,-1.0000000002100113,5.0,353.9322920218925,-402.9783760411198,1.5070047006303007,0.96464240116149,-0.013076507986529262,-3.0,5.0
23.12,-0.5362043638072871,0.585959870386122,-68.21205488531255,53.56674212928646,0.21014782620920874,-0.22325843990503658,0.020770225114957137,1.4822374129100244,0.9495246459000493,-0.010069761369024391,0.9999999998949944,5.0,447.807002685636,-492.76882303421274,1.7230935481678271,1.1219949827574103,-0.009373405349468455,3.0,5.0
23.13,-0.6041082254266688,0.6522850559749394,-55.97588660148783,42.97154824125856,0.1764571124060135,-0.18644149542296723,0.016636667451460578,1.6937325258010043,1.1031297480432054,-0.009541725339697184,-1.0000000000525027,5.0,532.8722720297778,-572.7695332262094,1.9052276386919842,1.2567348501863616,-0.007957617251715565,-3.0,5.0
23.14,-0.6597174621152667,0.7052864664228551,-42.46934927252278,31.394409823841013,0.13849987314654172,-0.1454572166250217,0.010983056593596566,1.8468662629005022,1.2344881265558705,-0.008933414798514953,0.9999999999737488,5.0,607.2688153382314,-641.2201959081951,2.0,1.3658465050685356,-0.007108483174968261,3.0,5.0
23.150000000000002,-0.7017700204746908,0.7437497602486727,-27.969081348387434,19.07318224429304,0.09704860249801722,-0.10114276099321479,0.005890651445951179,1.923433131450251,1.3406716236491991,-0.008298844596541097,-1.000000000013126,5.0,669.349697691939,-696.5946614862717,2.0,1.4468551207425278,-0.006395133990619528,-3.0,5.0
23.16,-0.7292835764581445,0.7667618828880667,-12.77465111375765,6.263125114099111,0.052955091681360277,-0.05441158533508679,-0.000563998227547464,1.9617165657251254,1.4192571452744274,-0.007651555241754297,0.9999999999934368,5.0,717.7170299736079,-737.6302494033638,2.0,1.4978426668996556,-0.005709687177393896,3.0,5.0
23.17,-0.741574236712508,0.7737274771646571,2.7976119943238515,-6.768410587053719,0.007132853157668338,-0.006234515368410236,-0.006255729415262471,1.9808582828625627,1.4683946548267544,-0.006994951904412336,-1.0000000000032816,5.0,751.2528327611545,-763.3608268288615,2.0,1.5175321643790811,-0.005025141892386453,-3.0,5.0
23.18,-0.7382771095993989,0.7643887008572606,18.421189446800085,-19.74750934831274,-0.03946163032528113,0.042380215794410786,-0.013033265473032098,1.9904291414312814,1.4868369280745815,-0.00632990183746324,0.9999999999983593,5.0,769.1449998838854,-773.1346966279605,2.0,1.5052792013224083,-0.004334751636615952,3.0,5.0
23.19,-0.7193522651994462,0.738828085301564,33.766200518700856,-32.399474374566324,-0.0858489492019007,0.0904081743364151,-0.01873236499859043,1.9952145707156408,1.4739835419798517,-0.0056566369039347695,-1.0000000000008205,5.0,770.9062008498508,-766.6351917098115,2.0,1.4611301558851222,-0.003636842103349358,-3.0,5.0
23.2,-0.6850918505035871,0.6974741452811436,48.50635514082753,-44.45458970081886,-0.13104718503577584,0.13683011203739923,-0.025184233338105703,1.9976072853578204,1.4298847775036525,-0.00497523000290878,0.9999999999995899,5.0,756.3868863210457,-743.8851445848933,2.0,1.3857860130274533,-0.0029310092998308113,3.0,5.0
23.21,-0.6361122376490186,0.6410897694500061,62.32587309130024,-55.653895725968525,-0.17409277552730196,0.18065370505508044,-0.03022161072977487,1.9582095254434615,1.3552584318830547,-0.004285714374601344,-1.000000000000205,5.0,725.780415654391,-705.2533648853007,1.9188117655291026,1.2806320862624567,-0.0022171674896790394,-3.0,5.0
23.22,-0.5733472531568693,0.570763396788502,74.92623601609941,-65.75469937792548,-0.2140608861804364,0.22093456325499472,-0.035724152143021194,1.7243478736649656,1.251465986151783,-0.0035881134760873666,0.9999999999998976,5.0,679.6217745782787,-651.4446785321851,1.4904862218864694,1.147673540420511,-0.0014953107805454335,3.0,5.0
23.23,-0.49802661518610136,0.4878832585545293,86.03261512151084,-74.53585722295124,-0.25008535654990655,0.256796685140769,-0.03973520731155855,1.5670157196147039,1.1205016363542275,-0.0028824484623331042,-1.0000000000000513,5.0,618.7782462235336,-583.4919557308547,1.4096835655644424,0.9895372865566721,-0.0007654534210703168,-3.0,5.0
23.240000000000002,-0.4116558435651301,0.394114899350827,95.3998490809883,-81.80256074139123,-0.28137729166112346,0.2874512943584562,-0.04404140040383031,1.2895128946405487,0.9649411288766965,-0.002168740059204523,0.9999999999999745,5.0,544.433780791662,-502.73193619247854,1.0120100696663936,0.8093806213991656,-2.761484981878004e-05,3.0,5.0
23.25,-0.3159826284088858,0.2913632674118135,102.81782773577004,-87.39067362564869,-0.3072423911401539,0.312214263807873,-0.04664333805808174,1.047292186309481,0.7879043266936511,-0.0014470090321208118,-1.0000000000000129,5.0,458.0656649487726,-410.7834954072249,0.8050714779784135,0.6108675245106057,0.0007181840491303215,-3.0,5.0
23.26,-0.21296537123233056,0.18173883753134173,108.11617997264791,-91.17037785900797,-0.32709616522158086,0.3305211578164104,-0.04940608100399508,0.7328955998196375,0.5929804893488018,-0.0007172763030293178,0.9999999999999933,5.0,361.41578701148603,-309.51111534861633,0.4184990133297939,0.39805665200395246,0.0014719218842451642,3.0,5.0
23.27,-0.10472941288169278,0.06750965141410402,111.16814887630659,-93.04919421662875,-0.34047717413623113,0.34194014575361864,-0.05032432334193746,0.43708882204445265,0.384168305743626,-0.0005379572272719883,-1.0000000000000033,5.0,256.4553177309347,-200.99153791575318,0.14128204426926777,0.17535612213845017,0.0,-3.0,5.0
23.28,0.006472843848261106,-0.04894069511870021,111.89357771520189,-92.97415918684831,-0.3470575172187091,0.3461819022521978,-0.051325937420305105,0.10278104420615253,0.16578145576832545,-0.0004034679204539912,0.9999999999999984,5.0,145.34500256343725,-87.46693800717715,-0.23152673363214762,-0.05260539420697506,0.0,3.0,5.0
23.29,0.1183125692258047,-0.16516749324202745,110.26092581348234,-90.93325794628399,-0.34665081644507845,0.34310686768726806,-0.050421152588729014,-0.21561963057201766,-0.05762747356273415,-0.0003026009403404934,-1.0000000000000007,5.0,30.39043950618989,28.696864125112057,-0.5340203053501879,-0.2810364028937937,0.0,-3.0,5.0
23.3,0.22842926613649517,-0.27871127868572104,106.28827696289525,-86.95592510193443,-0.339217018478936,0.3327290880196482,-0.04959180587885135,-0.546985433240567,-0.2813745546738282,-0.00022695070525537004,0.9999999999999998,5.0,-86.00526533135631,145.06403282281724,-0.8783512359091166,-0.5051216357849222,0.0,3.0,5.0
23.31,0.3344843914923601,-0.3871546246319662,100.04329973435959,-81.11274990739611,-0.3248643843917496,0.3152171419078146,-0.04687487534281084,-0.8576122871251152,-0.5007295266727809,0.003173559732060756,-1.0000000000000002,5.0,-201.39199914115787,259.175206111393,-1.1682391410096633,-0.7200844986717336,0.013375091044009135,-3.0,5.0
23.32,0.4342069785888686,-0.4881686066576789,91.64216574966315,-73.51423213023763,-0.3038481102506926,0.2908914994168726,-0.04429955499205838,-1.1608883249669792,-0.711028597062705,0.0046084714660429155,0.9999999999999998,5.0,-313.32371167061575,368.6038427280008,-1.4641643628088432,-0.9213276674526292,0.008913206667989393,3.0,5.0
23.330000000000002,0.5254460783106527,-0.5795675815817262,81.24742883514006,-64.30876331203763,-0.27656608116924836,0.260218961249094,-0.039933496377431675,-1.4352727193911343,-0.9077602972064952,0.005557043357923775,-1.0000000000000002,5.0,-419.41054040471414,471.00319925523945,-1.7096571138152894,-1.1044919973502854,0.008402759033566354,-3.0,5.0
23.34,0.6062130837795217,-0.6593514390629656,69.06491545176841,-53.6797152287937,-0.24355133037968207,0.22380365611797493,-0.03584644465040934,-1.6860796101875968,-1.0866751214750079,0.006389690970214987,0.9999999999999998,5.0,-517.3693187672287,564.1610403772903,-1.936886500984059,-1.2655899457435207,0.008887633807088624,3.0,5.0
23.35,0.6747288752089169,-0.7257541207858249,55.33967234575116,-41.84184664667991,-0.2054618389694469,0.18237538337609352,-0.030135197611105384,-1.8430398050937984,-1.2438639290800522,0.007199155850135975,-1.0000000000000002,5.0,-605.0729781735038,646.042776673026,-2.0,-1.4010527366850964,0.00962755048989894,-3.0,5.0
23.36,0.7294588996521121,-0.7772776247053046,40.35106346985981,-29.036943571480265,-0.16306737341902214,0.13677490709262818,-0.024845605088027838,-1.9215199025468992,-1.3758562057522792,0.008008644943169718,0.9999999999999998,5.0,-680.5961939446382,714.8402719327258,-2.0,-1.5078484824245062,0.01043711222227095,3.0,5.0
23.37,0.7691512416073383,-0.8127304238482215,24.407100871155716,-15.52893597974312,-0.11723411901416675,0.08793711358115,-0.018055410932826817,-1.9607599512734497,-1.4796831976922102,0.00882395236489146,-1.0000000000000002,5.0,-742.2578884723026,769.0070699374636,-2.0,-1.5835101896321415,0.011269874630056687,-3.0,5.0
23.38,0.7928610768961409,-0.8312498413597371,7.838137697646857,-1.598435395290517,-0.0689069212115051,0.03687175500294017,-0.011894915807367465,-1.9803799756367249,-1.5529573045952931,0.009646511610150902,0.9999999999999998,5.0,-788.6580329721404,807.2974123058415,-2.0,-1.626231411498376,0.012114189345929227,3.0,5.0
23.39,0.7999768206480783,-0.8323275981770798,-9.009960947552255,12.463040232478983,-0.019089990521620935,-0.015357212895328452,-0.004523891278509655,-1.9901899878183624,-1.5939133660915292,0.01047666405633996,-1.0000000000000002,5.0,-818.709573024386,828.7901048091237,-2.0,-1.634869427587765,0.012967121394907133,-3.0,5.0
23.400000000000002,0.7902314021352861,-0.81581808420263,-25.78301673540062,26.359191594545162,0.031174035534181514,-0.06765389825159149,0.001881977816269094,-1.995094993909181,-1.6014637100973135,0.011314477454552541,0.9999999999999998,5.0,-831.6632139270089,832.9148803856165,-2.0,-1.6090140541030977,0.01382791764919028,3.0,5.0
23.41,0.763714318300361,-0.7819489468924503,-42.125970070943126,39.79512891040545,0.08082573888586503,-0.11891326025152513,0.009139852522901558,-1.9975474969545906,-1.575212577813887,0.012159950894611242,-1.0000000000000002,5.0,-827.1260554698199,819.4623411989201,-2.0,-1.5489614455304603,0.01469637121478734,-3.0,5.0
23.42,0.7208682369222547,-0.7313139183735359,-57.690376279549476,52.48365472783472,0.12881132472214005,-0.16804456159231707,0.01506616982124779,-1.9987737484772952,-1.5154826512974306,0.01301306613235779,0.9999999999999998,5.0,-805.0719941352535,788.5954948058823,-2.0,-1.4557527247809743,0.015572411845597434,3.0,5.0
23.43,0.6624860998833462,-0.6648677890932957,-72.14182098915848,64.15134966765848,0.1741048118685637,-0.21399437026092238,0.02148178881913255,-1.9993868742386476,-1.423299929481279,0.013873800443352569,-1.0000000000000002,5.0,-765.8452470215543,740.844328423284,-2.0,-1.3311172076651272,0.016456003376336903,-3.0,5.0
23.44,0.5896928082254619,-0.5839037735099687,-85.16708412809197,74.54448773388816,0.21573004115854116,-0.2557692454974021,0.026216480639816603,-1.818844566762619,-1.3003902673380456,0.014742129842117063,0.9999999999999998,5.0,-710.1552559381666,677.1017490159468,-1.6383022592865903,-1.1774806051948126,0.017347118038410547,3.0,5.0
23.45,0.5039277533701497,-0.49003350149661,-96.48091246161579,83.4344982325382,0.2527815330424581,-0.29245700160264765,0.03129373744351208,-1.5698580292666122,-1.1491344537291432,0.015618029888738193,-1.0000000000000002,5.0,-639.0646446397732,598.6026572767315,-1.3208714917706055,-0.9978786401202411,0.01824573002860158,-3.0,5.0
23.46,0.4069124049683943,-0.3851499738449492,-105.83224157611792,90.62301235492423,0.2844442476010115,-0.32324671456894033,0.03464096825326931,-1.3075096152169403,-0.9725357699930886,0.016501475891313525,0.9999999999999998,5.0,-553.9688131193194,506.90480955175417,-1.0451612011672684,-0.7959370862570339,0.019151813899039527,3.0,5.0
23.47,0.3006199925000484,-0.2713946134704018,-113.00974314107135,95.94622461679728,0.31001130804307675,-0.3474464011361722,0.03815019860258509,-0.9995237356206536,-0.7741470699227138,0.017392442957102985,-1.0000000000000002,5.0,-456.56907172442163,403.85334848578816,-0.6915378560243668,-0.5757583698523389,0.020065344154471365,-3.0,5.0
23.48,0.1872316031663744,-0.15110882601099773,-117.8465632236256,99.2786345997935,0.3288998192422842,-0.3644986276142213,0.03976815446950339,-0.6803937132106352,-0.5580132137694426,0.018290906005802635,0.9999999999999998,5.0,-348.8383474187824,291.54850978104463,-0.361263690800617,-0.34187935761617133,0.02098629515190159,3.0,5.0
23.490000000000002,0.06909548650574622,-0.0267908251389066,-120.22416204393838,100.53592772806465,0.3406639278228306,-0.3739930751679959,0.041431716095309434,-0.335555788035454,-0.32857570447357537,0.013718179504351977,-1.0000000000000002,5.0,-232.98187217593733,172.29848107988644,0.009282137139727253,-0.09913819517770817,0.0,-3.0,5.0
23.5,-0.05132538364349208,0.09896101384457462,-120.07515289995806,99.67708317536415,0.3450053252788839,-0.37567639235679584,0.04111874070573734,0.011951061914958483,-0.09059479014597172,0.010288634628263984,0.9999999999999998,5.0,-111.3917951148076,48.5766013638116,0.3594579118653709,0.14738612418163197,0.0,3.0,5.0
23.51,-0.17150059497724107,0.22349743509908682,-117.38508606768953,96.70550356694523,0.3417804563149424,-0.36945848847507756,0.040811630901342336,0.36675269728394794,0.1509621566452231,0.007716475971197988,-1.0000000000000002,5.0,13.401681040598337,-77.03431710825801,0.7215543326529373,0.39251910343641794,0.0,-3.0,5.0
23.52,-0.28888929219985016,0.3441788944819085,-112.19311974150254,91.66929150487799,0.33100475612960684,-0.3554157304710085,0.0385256443347103,0.7124305522278589,0.39101094828179683,0.005787356978398491,0.9999999999999998,5.0,138.78321834211494,-201.89126119550318,1.0581084071717697,0.6310597399183706,0.0,3.0,5.0
23.53,-0.4009898261519275,0.45842646466213227,-104.5915690318616,84.66050516449599,0.31285330656809074,-0.3337903327425081,0.03628785326952257,1.0483475525335026,0.6244704934291763,0.019537656083637094,-1.0000000000000002,5.0,262.1066298965479,-323.35102660633146,1.3842645528391462,0.8579300385765556,0.06078855339935291,-3.0,5.0
23.54,-0.5053968911761371,0.5637817261615943,-94.72432173217614,75.81355773111467,0.28765837272802786,-0.30498654847063417,0.03215238203711945,1.3622800626350224,0.8463569420225248,0.023688439205720835,0.9999999999999998,5.0,380.75099942937305,-438.8215174037885,1.6762125727365422,1.0682433906158733,0.03614078857197206,3.0,5.0
23.55,-0.5998490477774094,0.6579546093611022,-82.78415949271462,65.30263226090949,0.2559033495187064,-0.2695630978878854,0.028187638635263832,1.6512364963680617,1.0519029924347114,0.025440813391697237,-1.0000000000000002,5.0,492.1758524173767,-545.8214628626106,1.9401929301011007,1.2574490428468983,0.030697935949626443,-3.0,5.0
23.56,-0.6822815156705374,0.7388779353000019,-69.00902032246752,53.33831613507624,0.21821372228349956,-0.2282225905445978,0.022483845200227004,1.8256182481840308,1.2366468713348457,0.02659804261979623,0.9999999999999998,5.0,593.9758180640924,-642.0290615393076,2.0,1.42139075023498,0.030069730304093212,3.0,5.0
23.57,-0.7508671946256688,0.804747697598135,-53.677287142759255,40.16336434577788,0.17534471033728616,-0.18179752067583618,0.017064144440621595,1.9128091240920155,1.396542071342632,0.027611675854878746,-1.0000000000000002,5.0,683.932008349535,-725.3367442580255,2.0,1.5564372713504184,0.030652575560126294,-3.0,5.0
23.580000000000002,-0.8040608521571682,0.8540678920511102,-37.10218207750344,26.04783161680183,0.12816633308813458,-0.13123373158048415,0.009998852402093878,1.9564045620460078,1.5280324687285138,0.028594768706337093,0.9999999999999998,5.0,760.0606222275181,-793.8926362312147,2.0,1.659522866114396,0.03154404726071214,3.0,5.0
23.59,-0.840629784405348,0.8856793537590576,-19.62539273661298,11.283516859966664,0.07764569976461241,-0.07757106327379039,0.003418455308204768,1.978202281023004,1.628144013210792,0.0295756119595436,-1.0000000000000002,5.0,820.6560679238763,-846.1459675204903,2.0,1.7282555576930703,0.03251814171916312,-3.0,5.0
23.6,-0.8596860917697449,0.8987916336301722,-1.6100465221608182,-3.822012976144922,0.024827372663080154,-0.02192218824967817,-0.004511727213768241,1.989101140511502,1.6945384577106721,0.03056126966502618,0.9999999999999998,5.0,864.3293222978881,-880.8774036465835,2.0,1.760932902210552,0.03351824278147392,3.0,5.0
23.61,-0.8607038776912761,0.8929973371631399,16.566811531569304,-18.95185326167945,-0.029188297542862868,0.03455055561673219,-0.011606329676686289,1.9945505702557509,1.7255806149966941,0.031553490194464844,-1.0000000000000002,5.0,890.0391343289504,-897.2317639701337,2.0,1.7566227722827161,0.03453015178278085,-3.0,5.0
23.62,-0.8435368967278771,0.8682883906696361,34.522094959864745,-33.78635635489391,-0.08326791712428608,0.09065923309887156,-0.019669450727387107,1.9972752851278754,1.7203645404790167,0.032552690649582626,0.9999999999999998,5.0,897.1169053925161,-894.7340814599369,2.0,1.7151484659613392,0.03555029201493598,3.0,5.0
23.63,-0.8084203027999027,0.8250540339731062,51.87472851875751,-48.009908804830985,-0.1362689034801307,0.14521540168537223,-0.02650162325857568,1.9986376425639376,1.6787511066999388,0.033558954628747806,-1.0000000000000002,5.0,885.2830349699454,-873.3068891004039,2.0,1.6371376729208609,0.03657774656624335,-3.0,5.0
23.64,-0.7559723364156468,0.7640803351497745,68.25372125476378,-61.31759229048423,-0.18706344916591092,0.1970550755242629,-0.03390542075142464,1.9993188212819688,1.6013629803247722,0.034572282085805026,0.9999999999999998,5.0,854.6559592630729,-833.2700534004557,2.0,1.5239748539496056,0.037612264456976685,3.0,5.0
23.650000000000002,-0.687179931870999,0.6865313726336864,83.30607620534443,-73.42174331534846,-0.23456259193392107,0.24506365887744208,-0.03969038899017422,1.9996594106409844,1.489590095957924,0.035592651899639505,-1.0000000000000002,5.0,805.7520220554834,-775.3413684199421,2.0,1.3778172115910756,0.038653761341142956,-3.0,5.0
23.66,-0.6033844213311677,0.5939322327090502,96.70438149798484,-84.05811555825173,-0.27773938044712637,0.2881996972119402,-0.045677456189083775,1.9345337032809753,1.3455523056880168,0.036620037543219554,0.9999999999999998,5.0,739.4777421999449,-700.619575927405,1.869407995920966,1.2015145154181093,0.0397021944739597,3.0,5.0
23.67,-0.5062516548399287,0.48813431767920146,108.15390695797618,-92.99166851865252,-0.3156511417540169,0.32551755999211895,-0.04976829825032199,1.5423913576398132,1.1720729769059148,0.03765441100792695,-1.0000000000000002,5.0,657.112966070928,-610.568377458954,1.1502490119986508,0.9985936481238131,0.04075753140204913,-3.0,5.0
23.68,-0.3977429782598303,0.37128337055068383,117.39906590910446,-100.02170077689578,-0.3474598713482728,0.35618794371983986,-0.05414531044291143,1.3291714130679655,0.9726108928733431,0.03869574378680404,0.9999999999999998,5.0,560.2868214175919,-506.98345493038113,1.115951468496118,0.7731488088407714,0.04181974212343534,3.0,5.0
23.69,-0.280071572657675,0.24577086914964094,124.22908725848896,-104.98637019962705,-0.37245079971863293,0.37951636590628157,-0.05650733263086077,0.9256873122253111,0.7512047224312399,0.03974400712131071,-1.0000000000000002,5.0,450.9452738131325,-391.9613322119609,0.5222032113826569,0.5297985519891368,0.04288879712483071,-3.0,5.0
23.7,-0.15566192080842906,0.11419078000652522,128.48278268190575,-107.76634073710049,-0.39004821562144676,0.3949586050460194,-0.05894748662648533,0.6203406203493067,0.5123777510363776,0.04079917206364857,0.9999999999999998,5.0,331.3124269761743,-267.8522685416393,0.3149939284733022,0.2735507796415153,0.04396466689066214,3.0,5.0
23.71,-0.02709566110325004,-0.020719294900640867,130.05229450707853,-108.28764430005782,-0.3998287425585555,0.40213342335754315,-0.059297843225577525,0.20937628677540565,0.26106036426197826,0.030599379047736425,-1.0000000000000002,5.0,203.84513552437673,-137.21750203443577,-0.2015880467984954,0.00974297748757888,0.0,-3.0,5.0
23.72,0.10293760777593669,-0.1561296633729819,128.88575121902517,-106.52351792039867,-0.4015312131558781,0.40083159166459487,-0.05962321813460634,-0.1410912995750313,0.002474061692630536,0.02294953428580232,0.9999999999999998,5.0,71.1832168823451,-2.7715702389191486,-0.49155888592546826,-0.2561122408767172,0.0,3.0,5.0
23.73,0.23170063212687572,-0.2891829439248539,124.98874987051448,-102.49533980786906,-0.3950634525085383,0.39102167559539475,-0.05785239280641977,-0.541849703191023,-0.25796253486299936,0.01721215071435174,-1.0000000000000002,5.0,-63.90556405099008,132.66909421741096,-0.9426081068070147,-0.5183991314186293,0.0,-3.0,5.0
23.740000000000002,0.35646187388449513,-0.41704910336378276,118.42464191738544,-96.27247188032105,-0.3805052724341002,0.37285177535183894,-0.05605542702012886,-0.8958216627360568,-0.5147609466014395,0.03885984407679098,0.9999999999999998,5.0,-198.58263514339964,266.24980874221353,-1.2497936222810906,-0.7715593583398795,0.10380292416410869,3.0,5.0
23.75,0.4745574017297931,-0.536990582256675,109.31359279109815,-87.97116842183266,-0.3581081123484926,0.34664780736556156,-0.052235613856861804,-1.2619111960686522,-0.762464448060878,0.045098166138166126,-1.0000000000000002,5.0,-329.9985769192897,395.1329499751621,-1.6280007294012475,-1.0101679495203166,0.06381313232229155,-3.0,5.0
23.76,0.5834435842133643,-0.646415722896248,97.83044131902462,-77.75240530023,-0.328290791408873,0.312907694000272,-0.0484845885402042,-1.582436562914681,-0.9957773923092633,0.04748274481009854,0.9999999999999998,5.0,-455.35283277798226,516.5627695582203,-1.9029619297607097,-1.2290903365576487,0.054636480825895783,3.0,5.0
23.77,0.6807557552535585,-0.7429396175689525,84.20138150463325,-65.81882887978182,-0.29163194984989693,0.27229219627595624,-0.0428642918793715,-1.7912182814573405,-1.2096646124560948,0.048907290027987646,-1.0000000000000002,5.0,-571.9536777162766,627.9195283603204,-2.0,-1.4235518326029264,0.05318092568165497,-3.0,5.0
23.78,0.7643553964458683,-0.824430926963764,68.69954267277045,-52.41072323572229,-0.24885880425802592,0.2256119233836476,-0.03739637037894615,-1.8956091407286704,-1.3994732350198724,0.05009641493618204,0.9999999999999998,5.0,-677.2754449834357,726.7804758826869,-2.0,-1.58928185758365,0.05366378966076524,3.0,5.0
23.79,0.832380851171861,-0.8890635916785563,51.6395398828254,-37.80123306009912,-0.20083293829390486,0.1738114005128159,-0.030133094057092323,-1.9478045703643352,-1.5610201823597025,0.05123155255561759,-1.0000000000000002,5.0,-769.0134888955645,810.9677924702474,-2.0,-1.7225671296995326,0.054636965413924266,-3.0,5.0
23.8,0.883284619467806,-0.9353526028306132,33.37111734399359,-22.29078151743257,-0.14853290695329813,0.11794988754898575,-0.023199026413921884,-1.9739022851821675,-1.690697082339727,0.05235811392624787,0.9999999999999998,5.0,-845.133970035328,878.6008420330371,-2.0,-1.8203739823197513,0.05573779803813869,3.0,5.0
23.81,0.9158723081426393,-0.9621928068322368,14.27199902708313,-6.200950705107999,-0.09303449752231982,0.05917995023761083,-0.014761355837577667,-1.9869511425910837,-1.7855372780845835,0.05348744767049229,-1.0000000000000002,5.0,-903.9191061121734,928.1334255767517,-2.0,-1.8803774738294399,0.056875448903225545,-3.0,5.0
23.82,0.9293263706790459,-0.9688799800007325,-5.25989615151914,10.132207223378241,-0.03548854322457497,-0.0012764068280111326,-0.007012852103555676,-1.9934755712955419,-1.8432964508354523,0.054622372462494566,0.9999999999999998,5.0,-944.0053137401776,958.3934400947506,-2.0,-1.9010556235863212,0.05802714683850141,3.0,5.0
23.830000000000002,0.923230026283087,-0.9551334970591383,-24.81472787621418,26.36513363319607,0.02290275475367614,-0.062152931375621674,0.0018388969363535759,-1.9967377856477708,-1.8624918139887519,0.055763570808245615,-1.0000000000000002,5.0,-964.4149549726902,968.6057121324361,-2.0,-1.8816871771420511,0.05918716584549877,-3.0,5.0
23.84,0.89757487548891,-0.9211002562122812,-43.979311578809046,42.154012830174956,0.08091100811656529,-0.12216573892679201,0.009579240352920933,-1.9983688928238854,-1.8424521122105297,0.05691119016120468,0.9999999999999998,5.0,-964.5793124802958,958.4157494989829,-2.0,-1.8224124104323076,0.06035404822008189,3.0,5.0
23.85,0.8527679247693569,-0.8673595283358826,-62.34583291487267,57.161999250289874,0.13730730081421996,-0.1800401748895156,0.017992650927868538,-1.9991844464119426,-1.7833241606696426,0.05806524387040482,-1.0000000000000002,5.0,-944.3538808722125,927.8955939376733,-2.0,-1.7241962091287555,0.06152740499800524,-3.0,5.0
23.86,0.7896218848637409,-0.7949087589899826,-79.52050301864952,71.06642611038933,0.19088828976766847,-0.23453798133433792,0.02486816110088015,-1.9995922232059713,-1.6860887717559816,0.05922571158549439,0.9999999999999998,5.0,-904.0239796083279,877.5498584028828,-2.0,-1.5888533828423208,0.0627071147307631,3.0,5.0
23.87,0.7093448161760995,-0.7051503687967561,-95.13198426003231,83.56568627369737,0.24050169601970156,-0.2844835716846801,0.032004260886676975,-1.9997961116029856,-1.552532519220357,0.060392564400515686,-1.0000000000000002,5.0,-844.3021273905138,808.3034957650319,-2.0,-1.4189762666847323,0.06389312284557958,-3.0,5.0
23.88,0.6135133518022395,-0.5998599614636296,-108.83939358553066,94.38579426133585,0.2850711452869183,-0.3287894760504405,0.037213463533176054,-1.9998980558014927,-1.3852289106351594,0.061565771150936255,0.9999999999999998,5.0,-766.3155542114275,721.4897596312577,-2.0,-1.217925302049962,0.06508539140219796,3.0,5.0
23.89,0.5040459340717339,-0.48115635935089673,-120.3397244592811,103.28633176258779,0.3236193260649416,-0.36647978901277645,0.04232645003467355,-1.5335097413135532,-1.187476151846809,0.06274529999113174,-1.0000000000000002,5.0,-671.5856702370081,618.8202849530342,-1.0671214268256135,-0.9897233930584587,0.06628388651171818,-3.0,5.0
23.900000000000002,0.3831606464151608,-0.3514542356808489,-129.37451327462625,110.06580334694183,0.3552894661359729,-0.3967117346880722,0.04566229279251333,-1.3128734275714118,-0.9632457972176325,0.06393111879000815,0.9999999999999998,5.0,-561.9982465451037,502.3561250742162,-1.0922371138292704,-0.739015442588456,0.06748857518663737,3.0,5.0
23.91,0.2533339423306099,-0.21341951761603997,-135.73561720299443,114.56612834826366,0.3793641595744246,-0.4187942555858316,0.04885307047236517,-0.8518821345614653,-0.7170901667334939,0.06512319523067214,-1.0000000000000002,5.0,-439.76649676473204,374.4620356553579,-0.3908908415515189,-0.4709345362493553,0.06869942455266415,-3.0,5.0
23.92,0.11724680490327863,-0.06991069388530191,-139.26995693080823,116.6763155360642,0.39528160061704026,-0.43220379935933617,0.05004499469451295,-0.5279720489455256,-0.4540623141431513,0.04884239642300411,0.9999999999999998,5.0,-307.3859247470716,237.7626473344389,-0.20406196332958593,-0.19103446155280868,0.0,3.0,5.0
23.93,-0.022266994466146744,0.07607590630876745,-139.88313690835162,116.3351035131423,0.4026484346358606,-0.43659641780568476,0.05103703101396519,-0.07191471026230711,-0.17960143372240872,0.03663179731725308,-1.0000000000000002,5.0,-167.58401970991235,95.08502305858585,0.3841426284209114,0.0948594466983338,0.0,-3.0,5.0
23.94,-0.1622833548099394,0.22147299659436542,-137.54184730509357,113.53263703775073,0.40124935811121315,-0.43181642763818856,0.049929147494479596,0.29979328463401583,0.10056784459596907,0.02747384798793981,0.9999999999999998,5.0,-23.26399663477186,-50.59567050941141,0.6715012795303388,0.3807371229143468,0.0,3.0,5.0
23.95,-0.29984530457867953,0.36320204720475324,-132.274995970453,108.31099736206014,0.3910527942057969,-0.41790086885680106,0.04863746866396015,0.7345459150352502,0.38056642587585626,0.020605385990954857,-1.0000000000000002,5.0,122.55505233073525,-196.22217555817556,1.1692985454364848,0.6605650071557434,0.0,-3.0,5.0
23.96,-0.4320290617741335,0.498242988440053,-124.17352821291496,100.76371139162998,0.37221295808424143,-0.39508021119145653,0.045258406511775685,1.1067089431821442,0.6544716549777347,0.05939486231009461,0.9999999999999998,5.0,266.80148581487595,-338.7149281084725,1.4788719713290384,0.9283768840796134,0.17576329126751386,3.0,5.0
23.97,-0.556002225144141,0.6236936773257351,-113.38893941865462,91.03409575595398,0.3450677715521033,-0.3637746809477386,0.04179513278129051,1.4956484181488583,0.9164547406909002,0.07003017454487334,-1.0000000000000002,5.0,406.41533026461985,-475.04133893388854,1.8845878931155724,1.1784378264040656,0.10193611124920951,-3.0,5.0
23.98,-0.6690881579154616,0.7368368855496628,-100.13049178658358,79.3126122272365,0.31013312143425503,-0.3245868514522,0.03636143853097854,1.7478242090744291,1.1608918776876274,0.07361969979847288,0.9999999999999998,5.0,538.4133976820144,-602.2758171298833,2.0,1.4053290146843547,0.08438827555927148,3.0,5.0
23.990000000000002,-0.7688197406142439,0.8351941611356287,-84.66119656644452,65.83313216167744,0.2680930726040322,-0.27829002452146395,0.030946971253168042,1.8739121045372147,1.3824974253667472,0.07544932193707865,-1.0000000000000002,5.0,659.95250606206,-717.6668015375128,2.0,1.604102973045867,0.08093818835289596,-3.0,5.0
24.0,-0.8529968283594501,0.9165846666205144,-67.29262614390186,50.86833399808481,0.21978670362306182,-0.22581322770256834,0.02357900759316845,1.9369560522686073,1.5764249951939229,0.07684269401203124,0.9999999999999998,5.0,768.3909297484037,-818.6916510757105,2.0,1.7703525650210985,0.08102281023688901,3.0,5.0
24.01,-0.9197306360482576,0.9791684001276638,-48.37867061563327,34.724172930882816,0.16619133223287297,-0.1682225146016072,0.01637174449779625,1.9684780261343038,1.7383858221001445,0.07813125665432863,-1.0000000000000002,5.0,861.3452137023386,-903.1159753681065,2.0,1.9003466490063663,0.08199694458122078,-3.0,5.0
24.02,-0.96748989389955,1.0214925165217459,-28.30835143616436,17.733686672183328,0.1084029520430595,-0.1066995495522404,0.007491222776771779,1.984239013067152,1.8647301345956078,0.07939798293922334,0.9999999999999998,5.0,936.7426756368469,-969.0383081890438,2.0,1.9910744470910713,0.08319816179390752,3.0,5.0
24.03,-0.9951317446433715,1.042519809809359,-7.497848034444292,0.25010592050552205,0.04761376918111561,-0.04251728184020705,-0.0008644923469571329,1.992119506533576,1.9323650672978039,0.08066362518727166,-1.0000000000000002,5.0,992.867020771848,-1014.9372781641371,2.0,2.0,0.08446055193141658,-3.0,5.0
24.04,-1.001932622789754,1.0416585268085217,13.618113008127953,-17.360432355096066,-0.014912202385396589,0.022986169674171164,-0.010477573812190942,1.9960597532667879,1.9661825336489018,0.08193335444099234,0.9999999999999998,5.0,1028.3975692013005,-1039.70187365864,2.0,2.0,0.08574254220215438,3.0,5.0
24.05,-0.9876024861095821,1.0187730235547268,34.595314897957735,-34.72657393553006,-0.07786548572836148,0.08843550518158753,-0.019119085824234758,1.998029876633394,1.983091266824451,0.08320843981109183,-1.0000000000000002,5.0,1042.439555043822,-1042.6623907521994,2.0,2.0,0.08703369592139029,-3.0,5.0
24.060000000000002,-0.9522979701369125,0.9741947876265348,54.9893782196739,-51.47952209001297,-0.13991838002893905,0.15244690211108736,-0.028555802475271848,1.999014938316697,1.9732333985678427,0.08448917319089605,0.9999999999999998,5.0,1034.5464312615743,-1023.603094827629,2.0,1.9633755303112344,0.08833137333030869,3.0,5.0
24.07,-0.8966181977386538,0.9087137211248446,74.3651505696993,-67.26089089058203,-0.199753026169151,0.21365736587054718,-0.03655617306676594,1.9995074691583485,1.8874365757003209,0.08577560165694856,-1.0000000000000002,5.0,1004.7320363182051,-982.7745335221324,2.0,1.8016397528327988,0.08963488705510606,-3.0,5.0
24.080000000000002,-0.8215991964376969,0.8235696093590181,92.3059732651815,-81.73031489881899,-0.2560892090309645,0.2707535328805883,-0.04489572455541366,1.9997537345791743,1.7696863504215543,0.08706771087565301,0.9999999999999998,5.0,953.4739213890368,-920.8869118468015,2.0,1.6519361251427878,0.09094403853176636,3.0,5.0
24.09,-0.7286910480908098,0.7204240802692712,108.42261516958808,-94.5728093323457,-0.30771180902544343,0.32249993757023043,-0.051362140812426585,1.9998768672895872,1.6115764034888536,0.08836547103216853,-1.0000000000000002,5.0,881.7060845567569,-839.1028671606774,2.0,1.4534664565561528,0.09225875150171509,-3.0,5.0
24.1,-0.6197341179419366,0.6013333888375206,122.36169560185682,-105.50556667266176,-0.35349681789381815,0.36776551753109293,-0.05775994139469944,1.9999384336447936,1.418833519354811,0.0896688483324663,0.9999999999999998,5.0,790.8028158212086,-739.0114644670012,2.0,1.2260906352207686,0.09357898023335959,3.0,5.0
24.11,-0.49691887510433147,0.4687027305075079,133.81340152912557,-114.2841987935113,-0.3924358609359249,0.40554840866569714,-0.06191482087300269,1.5527149417150476,1.1946269150161388,0.09097780788429657,-1.0000000000000002,5.0,682.5523096064557,-622.6021597022334,1.105491449785302,0.9704203106774665,0.0949046865397874,-3.0,5.0
24.12,-0.3627460236542494,0.32524279791770655,142.51834414283036,-120.70813208713652,-0.42365819468508237,0.4349978697632944,-0.06612474368187217,1.2495178077433127,0.943640459006794,0.09229231441929187,0.9999999999999998,5.0,559.1221547122791,-492.22095272290494,0.9463206737715779,0.6926540029974493,0.09623583402427774,3.0,5.0
24.13,-0.21997135794881376,0.17390907873152614,148.27339069847264,-124.62519232189597,-0.44645019954570436,0.4554334774547195,-0.06812476495169602,0.7828336981224053,0.670954944383925,0.09361233247444897,-1.0000000000000002,5.0,423.0157514518594,-350.52786140601984,0.3161495885014981,0.3982694297610559,0.0975723866399203,-3.0,5.0
24.14,-0.07155386539903036,0.0178467846593936,150.93634952172548,-125.93511123953685,-0.46027140758834767,0.46636050713743016,-0.06998857963348147,0.3975758181090457,0.38218965877605315,0.07020924935583672,0.9999999999999998,5.0,277.02190470213844,-200.43778212064475,0.012317938095686154,0.09342437316818136,0.0,3.0,5.0
24.150000000000002,0.07940971579464784,-0.13967966774731114,150.42939363626047,-124.59205021998868,-0.4647672695458186,0.4674818536889532,-0.06957823735819084,-0.07468023843572441,0.08333724880356264,0.05265693701687754,-1.0000000000000002,5.0,124.15747794049435,-45.06590151209623,-0.5469362949804945,-0.21551516116892794,0.0,-3.0,5.0
24.16,0.2297451598956308,-0.295349563692779,146.7411582248899,-120.60590649947925,-0.45977780995053624,0.45870552132793685,-0.06895888045632288,-0.49171328002810416,-0.21935860168751026,0.039492702762658156,0.9999999999999998,5.0,-32.394182616375375,112.34169832661986,-0.9087463216204839,-0.5220544521785832,0.0,3.0,5.0
24.17,0.3762714808730605,-0.44586087715854406,139.92743993942045,-114.04253338834462,-0.4453424958200177,0.4401481609371731,-0.06608882749279416,-0.9439518489499465,-0.5195232493171995,0.08479455358213896,-1.0000000000000002,5.0,-189.34985285066855,268.47088714951406,-1.3961904178717888,-0.8196878969468886,0.22070010604058132,-3.0,5.0
24.18,0.5158639924552753,-0.5879950614415375,130.11048910598078,-105.02269745596854,-0.42170066141869456,0.41213389581308546,-0.06305215799047185,-1.3473670083665514,-0.8107978898533514,0.09714931873497924,0.9999999999999998,5.0,-343.39467211510197,420.01384851968385,-1.7507821677831563,-1.1020725303895034,0.1342136141935001,3.0,5.0
24.19,0.6455248425252823,-0.7186907540148645,117.47688501700314,-93.71994870945556,-0.38928797083971467,0.3751890765056492,-0.057883493155100774,-1.6736835041832756,-1.0869605086748502,0.10125751563852345,-1.0000000000000002,5.0,-491.25243549379553,563.734306351745,-2.0,-1.363123127496349,0.11358210634915605,-3.0,5.0
24.2,0.7624431911614203,-0.8351045171698611,102.27404386709472,-80.35727995144106,-0.34872844877997194,0.33003240464532907,-0.05262220165814025,-1.8368417520916378,-1.3420719791444933,0.10330456114640503,0.9999999999999998,5.0,-629.7546756279127,696.5411247071766,-2.0,-1.5971834496141364,0.10944569767004977,3.0,5.0
24.21,0.8640599026772441,-0.934677402279419,84.80540943943231,-65.20279761215431,-0.3008227302173264,0.27756124032291934,-0.0452524083998264,-1.9184208760458188,-1.5705899831174275,0.10483936505961673,-1.0000000000000002,5.0,-755.9088136927971,815.5499881310453,-2.0,-1.7991079870903617,0.10944377679925182,-3.0,5.0
24.22,0.9481193166029345,-1.0151859527275473,65.42443376286025,-48.5643308839131,-0.24653224536707957,0.21883372711337107,-0.03786771096385841,-1.9592104380229094,-1.7675022609137534,0.1062497741386121,0.9999999999999998,5.0,-866.9621763356255,918.150367645848,-2.0,-1.9644145387100793,0.11048100137559819,3.0,5.0
24.23,1.0127231226234763,-1.074796616774325,44.5274533106693,-30.783243545638125,-0.1869601517717525,0.1550477124910427,-0.028626907684030194,-1.9796052190114546,-1.8837511304568766,0.10763288443565944,-1.0000000000000002,5.0,-960.4622025146281,1002.0579341689447,-2.0,-2.0,0.11178221532680144,-3.0,5.0
24.240000000000002,1.056369024343731,-1.1121023086471067,22.545615709339465,-12.227413769031504,-0.12332888132866392,0.08751624938381504,-0.01972953032332363,-1.9898026095057273,-1.9418755652284383,0.10901298281684106,0.9999999999999998,5.0,-1034.309964303353,1065.3697971823701,-2.0,-2.0,0.11315327796038593,3.0,5.0
24.25,1.0779892743639188,-1.1261601226740723,-0.06399380864058202,6.716317983978332,-0.056955258001502265,0.017640800526095055,-0.00940116416802929,-1.9949013047528636,-1.9709377826142191,0.11039612335456873,-1.0000000000000002,5.0,-1086.8074797027882,1106.6028544732048,-2.0,-2.0,0.11454554496775174,-3.0,5.0
24.26,1.076972290299955,-1.116509546511301,-22.82783030306974,25.650233332741493,0.010776805698303318,-0.05311792683707786,0.00011654874107489867,-1.9974506523764317,-1.9854688913071095,0.11178379421724115,0.9999999999999998,5.0,-1116.69603304282,1124.7326769469828,-2.0,-2.0,0.11594680680525837,3.0,5.0
24.27,1.0531827656159043,-1.0831905359196226,-45.26578802865967,44.17402853562552,0.07844497040482556,-0.12327029061673336,0.010573574099319812,-1.9987253261882159,-1.9927344456535547,0.11317634009957411,-1.0000000000000002,5.0,-1123.186270776567,1119.213792761602,-2.0,-2.0,0.11735397774657302,-3.0,5.0
24.28,1.0069638578006526,-1.026741193929557,-66.90130066439876,61.893297977376406,0.14461839519175168,-0.1913291592183949,0.019718083266500222,-1.999362663094108,-1.9963672228267773,0.11457381926007053,0.9999999999999998,5.0,-1105.977764503296,1089.9991464659647,-2.0,-2.0,0.11876625674155977,3.0,5.0
24.29,0.9391372679667468,-0.9481948400105826,-87.27144383038909,78.42787383264685,0.20788780035369103,-0.2558412110581371,0.029302413135335756,-1.999681331547054,-1.9981836114133886,0.11597621813897548,-1.0000000000000002,5.0,-1065.269181807902,1037.5399901907306,-2.0,-2.0,0.12018341477569033,-3.0,5.0
24.3,0.850985211908849,-0.849056650508343,-105.93681312724893,93.42000127194422,0.2668955351888255,-0.31541804992911704,0.03708869179226515,-1.999840665773527,-1.8482972670635198,0.11738350510308998,0.9999999999999998,5.0,-1001.7571633140458,962.7844027503196,-2.0,-1.6984109227136512,0.12160536599543348,3.0,5.0
24.310000000000002,0.7442305219202807,-0.7312800993218506,-122.49098045504411,106.5420185320128,0.3203645129897533,-0.3687658526434884,0.04485407927666532,-1.9999203328867634,-1.6653887130062426,0.11879564390511577,-1.0000000000000002,5.0,-916.6254752788312,867.1561304679261,-2.0,-1.4824801589489656,0.12303206031119313,-3.0,5.0
24.32,0.6209993029684238,-0.5972238184460017,-136.56931258487012,117.50353272916752,0.36712589579459437,-0.4147135363984072,0.05039569182954817,-1.9999601664433817,-1.4442291265491412,0.12021259705481603,0.9999999999999998,5.0,-811.5229765079383,752.5323887721462,-2.0,-1.22306954009204,0.12446345650391683,3.0,5.0
24.330000000000002,0.4837827952493493,-0.4496095311240036,-147.8569742723692,126.05777950433152,0.406144432756394,-0.45223821560998323,0.05553504767481341,-1.5455876787035274,-1.191440975783774,0.12163432666391953,-1.0000000000000002,5.0,-688.5324109004556,621.2027581438717,-1.091215190963673,-0.938652825018407,0.12589951549123002,-3.0,5.0
24.34,0.3353832596931058,-0.2914620772114812,-156.09592786990103,132.00718305796025,0.43654140226616384,-0.48048801560924564,0.058576448174844656,-1.1742900569057366,-0.9115967441774298,0.1230607946584038,0.9999999999999998,5.0,-550.1289982439733,475.8282402240705,-0.8029924351079459,-0.6317525125710854,0.12734019864185664,3.0,5.0
24.35,0.17886044876727542,-0.12605198299194945,-161.09078763316907,135.20783676383297,0.457614153961941,-0.49880111802059784,0.06131846520406892,-0.686395799582165,-0.610558963188407,0.1244919628323673,-1.0000000000000002,5.0,-399.1312508394414,319.3830121749408,-0.1985015422585934,-0.3095211821993843,0.12878546735425775,-3.0,5.0
24.36,0.01746525430988846,0.04317626952521281,-162.7133788975338,135.57294994697884,0.4688522873992419,-0.5067211976953565,0.061793842157574524,-0.24748422971143846,-0.2945113811210868,0.09336897212427547,0.9999999999999998,5.0,-238.64314187605962,155.09779602471403,0.19142734015928808,0.02153620094623332,0.0,3.0,5.0
24.37,-0.14542389063325084,0.21267112595841745,-160.9059149473614,133.07504342902794,0.46994966169190233,-0.5040083526723601,0.061906232894939565,0.2498907103218897,0.02996470950555058,0.0700267290932066,-1.0000000000000002,5.0,-71.99087630271609,-13.610620817670846,0.7472656503552179,0.3544408001321879,0.0,-3.0,5.0
24.38,-0.30637537270100057,0.37885305801911784,-155.68270599515049,127.74698093692903,0.460812409162505,-0.49064583173352744,0.059704505764836865,0.7078195087377536,0.3560685492067394,0.05252004681990495,0.9999999999999998,5.0,97.34605485051908,-183.20596808157197,1.1657483071536174,0.6821723889079283,0.0,3.0,5.0
24.39,-0.46197268290375515,0.5381852051322137,-147.1303618343331,119.68165695044054,0.44156227676013904,-0.4668417920562697,0.057177830326149974,1.182206445246981,0.6769212944508165,0.11151751724524049,-1.0000000000000002,5.0,265.8069945916998,-350.1108093240746,1.6565933817562082,0.9977740396948936,0.2885099285212471,-3.0,5.0
24.400000000000002,-0.6088906444220914,0.6872532902523983,-135.40646180743573,109.03048955608615,0.41253567702474697,-0.43302661832198813,0.052409176281600925,1.5911032226234905,0.9857013836466838,0.1273820123818694,0.9999999999999998,5.0,429.8251858524593,-510.7774234287075,2.0,1.294481472842551,0.17497549779175603,3.0,5.0
24.41,-0.743962402890271,0.8228337537163241,-120.73672150379018,96.00058916975846,0.37427794951762705,-0.38984522056574117,0.04743629506024845,1.7955516113117453,1.2758012651435575,0.13244859239739143,-1.0000000000000002,5.0,585.9027404864001,-661.7674809795376,2.0,1.5659011466404313,0.14764833244395753,-3.0,5.0
24.42,-0.8642513907668092,0.9419680975744166,-103.4106933271088,80.8508074245209,0.3275334131282853,-0.3381450510497228,0.04019280761805425,1.8977758056558727,1.5409556909397883,0.13481449604806447,0.9999999999999998,5.0,730.6854392724733,-799.820975485034,2.0,1.8061101167360192,0.1419122070000836,3.0,5.0
24.43,-0.9671108757889226,1.042022133754819,-83.77609433970699,63.88658794857782,0.27323089672652995,-0.278959449944608,0.03274668721225044,1.9488879028279364,1.7704778454698942,0.13650738506047314,-1.0000000000000002,5.0,861.034228227646,-921.9308715708728,2.0,2.0,0.1415860520976991,-3.0,5.0
24.44,-1.0502460281152106,1.1207490271490825,-62.23186088412059,45.453877327978034,0.21246552827482454,-0.21348726833896597,0.023245800213064986,1.9744439514139682,1.885238922734947,0.13803499219883159,0.9999999999999998,5.0,974.0933609238342,-1025.403695147332,2.0,2.0,0.14261781361390696,3.0,5.0
24.45,-1.111760937977052,1.1763345884037788,-39.220079195140556,25.93205702401698,0.14647662414705243,-0.14306853013477666,0.013888321113288556,1.987221975706984,1.9426194613674737,0.13952443319360733,-1.0000000000000002,5.0,1067.3523030025772,-1107.9233564752997,2.0,2.0,0.14399275617793456,-3.0,5.0
24.46,-1.1502054967429243,1.2074436436732374,-15.216939131846278,5.726196550229897,0.07662262424111634,-0.06915724811291897,0.0029054224702200118,1.993610987853492,1.9713097306837368,0.1410075104955742,0.9999999999999998,5.0,1138.7017052100323,-1167.5982179887476,2.0,2.0,0.14545674240147477,3.0,5.0
24.47,-1.1646051768998464,1.21324664703998,9.277090461033847,-14.741369259606607,0.0043530814673929386,0.006708673498831724,-0.007450154357194578,1.996805493926746,1.9856548653418684,0.14249215835652657,-1.0000000000000002,5.0,1186.4804305773016,-1203.0086537411885,2.0,2.0,0.14694610193938368,-3.0,5.0
24.48,-1.1544889521429356,1.1934457202946054,33.74767520657863,-35.039808608896884,-0.06882121989423104,0.08293920856549673,-0.01891264130373989,1.998402746963373,1.9928274326709343,0.143980333935318,0.9999999999999998,5.0,1209.5142242002757,-1213.2357838643836,2.0,2.0,0.14844486067169235,3.0,5.0
24.490000000000002,-1.1198987731333387,1.1482796922965233,57.677388032725716,-54.738880339693225,-0.14135990010828753,0.15792561471221095,-0.029210482521561113,1.9992013734816865,1.9964137163354672,0.14547249754634506,-1.0000000000000002,5.0,1207.143537471074,-1197.8889809319637,2.0,2.0,0.14994898837942627,-3.0,5.0
24.5,-1.0613962555995848,1.0785277641149211,80.55662921380383,-73.41799413617733,-0.21172521527708593,0.23007415562391306,-0.04007285378467217,1.9996006867408433,1.9982068581677335,0.14696873459333928,0.9999999999999998,5.0,1179.2414716239643,-1157.1132330519952,2.0,2.0,0.151457445734322,3.0,5.0
24.51,-0.9800504365275167,0.9854918366428393,101.89445056816822,-90.67520826987817,-0.27841470885987335,0.29784005363263427,-0.049235839005375384,1.9998003433704217,1.9991034290838667,0.14846903652207194,-1.0000000000000002,5.0,1126.2197718200316,-1091.5943979323886,2.0,2.0,0.15296994230826993,-3.0,5.0
24.52,-0.877422709771121,0.8709776031905118,121.22906745834062,-106.1358175283332,-0.3399930938907197,0.3597603319160314,-0.0584482440507834,1.9999001716852107,1.950350234047825,0.14997337117659518,0.9999999999999998,5.0,1049.0242863462377,-1002.5438943908949,2.0,1.9015970390117831,0.1544863751401649,3.0,5.0
24.53,-0.7555332559009127,0.7372549211714424,138.1378210105122,-119.46050360698129,-0.39512318867291574,0.41448546870852254,-0.06547712558473909,1.9999500858426054,1.7059692159158464,0.15148170041843112,-1.0000000000000002,5.0,949.1182908714968,-891.6813405961705,2.0,1.4615881977838678,0.15600668814393898,-3.0,5.0
24.54,-0.616825531160095,0.587018033469417,152.24638927792967,-130.35271591491406,-0.4425947431985374,0.46080856159202505,-0.07211287106394082,1.9999750429213026,1.46234083577332,0.1529939845394705,0.9999999999999998,5.0,828.4555692633667,-761.1971633442043,2.0,1.2187124556307938,0.15753083690258862,3.0,5.0
24.55,-0.46411356858617325,0.4233266021992914,163.2370342150472,-138.56527808974408,-0.48135103434332094,0.49769199242147,-0.07617384344825036,1.509627629382803,1.1764786189569074,0.15451018336779213,-1.0000000000000002,5.0,689.4421255106046,-613.7141578692042,1.0192802158443037,0.8906164021404948,0.15905877985275702,-3.0,5.0
24.560000000000002,-0.30052906967280885,0.2495485448553268,170.85571656274425,-143.90591846430985,-0.5105121498933543,0.5242903872922384,-0.08000076474964835,1.0863797049265593,0.8661642667262063,0.15603025654532718,0.9999999999999998,5.0,534.8888802281759,-452.23047492850066,0.6631317804703157,0.5558499144955051,0.1605904760779323,3.0,5.0
24.57,-0.12945292908957667,0.06928540370604017,174.91790717239166,-146.24175676099932,-0.5293949482428397,0.5399699847968688,-0.08141230804390012,0.5604092576254196,0.5347816075004705,0.15755416359814473,-1.0000000000000002,5.0,367.9546656516584,-280.06343954799337,0.03443881032427987,0.20339894827473476,0.16212588475659734,-3.0,5.0
24.580000000000002,0.04554995273413057,-0.11369650370943318,175.3129706956445,-145.50247862853215,-0.5375287156631097,0.5443233151025467,-0.08243502270001081,0.07653888876997739,0.18993692084882408,0.11816562269860854,0.9999999999999998,5.0,192.08202475324217,-100.77650235367153,-0.4073314800854648,-0.15490776580282237,0.0,3.0,5.0
24.59,0.22080891849028778,-0.2955497372068003,172.00701107181763,-141.68229892166036,-0.5346667277254915,0.5371795530866987,-0.0809905906236234,-0.4555203076863924,-0.1613591120475324,0.08862421702395641,-1.0000000000000002,5.0,10.925988558983043,81.88915972442328,-0.9875795041427622,-0.5126551449438889,0.0,-3.0,5.0
24.6,0.3926202730179368,-0.47242135564279764,165.04412628648694,-134.8404928066296,-0.5207928942019676,0.5186096154231132,-0.07913195625776066,-0.9492564084779258,-0.5116825182138365,0.14435006197467565,0.9999999999999998,5.0,-171.72104982491152,264.09727218487603,-1.4429925092694593,-0.8620059243801403,0.3115275968268334,3.0,5.0
24.61,0.5573294350422672,-0.6405394125713086,154.54601595084733,-125.10063637748198,-0.49612383489469625,0.48892650621738637,-0.07486673579003758,-1.4506617652933917,-0.853630052991383,0.1594588159439964,-1.0000000000000002,5.0,-352.0089850351348,441.99215125194416,-1.9520671221088577,-1.1955775877689292,0.20478507785195865,-3.0,5.0
24.62,0.7114044541808707,-0.796288184623756,140.70995305538017,-112.64840253013091,-0.46110579371953353,0.4486802279600115,-0.07028901233583698,-1.7253308826466958,-1.1799160743578223,0.16439904712343492,0.9999999999999998,5.0,-526.1105401216652,611.7847638624409,-2.0,-1.5062020957242614,0.17921974066175048,3.0,5.0
24.63,0.851515572685242,-0.9362907248441377,123.8051371816739,-97.72810877797733,-0.41640693357981995,0.3986479657409246,-0.06329741833699846,-1.8626654413233479,-1.4835321168627211,0.1667955819677563,-1.0000000000000002,5.0,-690.3027515463162,769.8286116451038,-2.0,-1.7871481593676202,0.17398518650072042,-3.0,5.0
24.64,0.9746027948271048,-1.0574766555240809,104.16750891551781,-80.63792199101394,-0.3629046322285147,0.3398190844850325,-0.05591653945678669,-1.931332720661674,-1.7417660584313606,0.16855778034923,0.9999999999999998,5.0,-841.0459646724254,912.7024468423198,-2.0,-2.0,0.17384437549365112,3.0,5.0
24.650000000000002,1.0779465380462177,-1.1571542924497047,82.19311256506899,-61.72397423904127,-0.30166853262057647,0.2733758666382894,-0.04627303917303441,-1.9656663603308369,-1.8708830292156802,0.170163748680078,-1.0000000000000002,5.0,-975.0602527103815,1037.279316638961,-2.0,-2.0,0.17498165367262197,-3.0,5.0
24.66,1.1592235664200228,-1.2330653029684666,58.33015052853319,-41.373343507058614,-0.23393915412280553,0.20066971815369164,-0.036557406007162466,-1.9828331801654184,-1.93544151460784,0.171733182260575,0.9999999999999998,5.0,-1089.3960585007965,1140.7994010007226,-2.0,-2.0,0.17644148300206597,3.0,5.0
24.67,1.2165628955014272,-1.2834404806439592,33.0698711799389,-20.00619688440453,-0.16110298932013944,0.1231939402096475,-0.025002264849160617,-1.9914165900827092,-1.96772075730392,0.17329602388062953,-1.0000000000000002,5.0,-1181.4993455727808,1220.9264090046909,-2.0,-2.0,0.17798454874079317,-3.0,5.0
24.68,1.2485845186298141,-1.3070356090398019,6.936488568679579,1.932899549401899,-0.08466408821739523,0.042552996503431195,-0.013868663039250969,-1.9957082950413545,-1.98386037865196,0.17485974066148174,0.9999999999999998,5.0,-1249.2680014729985,1275.804541453678,-2.0,-2.0,0.17955089100403832,3.0,5.0
24.69,1.254436008246629,-1.3031664053716787,-19.523672273048007,23.98416921935234,-0.006213209195127786,-0.03957047284336285,-0.0014362416384929178,-1.9978541475206772,-1.99193018932598,0.17642617136138744,-1.0000000000000002,5.0,-1291.0998631451034,1304.0965100017916,-2.0,-2.0,0.18112546346110453,-3.0,5.0
24.7,1.2338102234086221,-1.2717219269434932,-45.7535668713579,45.682277690165584,0.07260532976299451,-0.12145083295377654,0.010004837368206185,-1.9989270737603386,-1.9959650946629899,0.17799574523816275,0.9999999999999998,5.0,-1305.92968202361,1305.0200149821999,-2.0,-2.0,0.18270446686848874,3.0,5.0
24.71,1.1869596035211691,-1.2131758866162645,-71.19713564004203,66.56609184453521,0.15012791243868467,-0.2013554782156712,0.022161060513864878,-1.9994635368801692,-1.997982547331495,0.17956853852737514,-1.0000000000000002,5.0,-1293.2558008373921,1278.363576121247,-2.0,-2.0,0.18428691839501238,-3.0,5.0
24.72,1.1146907391377963,-1.1285757476125098,-95.31106250499245,86.18849669129031,0.22470678384928383,-0.27758156727379,0.03274233539823372,-1.9997317684400846,-1.9989912736657476,0.1811445390038443,0.9999999999999998,5.0,-1253.1542868171393,1224.4995684639805,-2.0,-2.0,0.18587254043325185,3.0,5.0
24.73,1.0183551817060954,-1.019529551113085,-117.57635275344123,104.12590596233275,0.29474486859128135,-0.3484920728281714,0.04346840598258281,-1.9998658842200423,-1.9994956368328738,0.18272371223327832,-1.0000000000000002,5.0,-1186.2817601446754,1144.3758409920367,-2.0,-2.0,0.18746123192158043,-3.0,5.0
24.740000000000002,0.8998206764013067,-0.8881708624076887,-137.5094709043575,119.98741999276348,0.35873001174314073,-0.41255100378606274,0.052075011892227296,-1.9999329421100212,-1.999747818416437,0.1843060181636252,0.9999999999999998,5.0,-1093.8651566651326,1039.5042749703669,-2.0,-2.0,0.18905293595466588,3.0,5.0
24.75,0.761439273943936,-0.7371223014316605,-154.67281323447062,133.4232781266656,0.4152674122737516,-0.4683564249155129,0.0603196328366263,-1.9999664710550107,-1.7496147363991574,0.18589141528062125,-1.0000000000000002,5.0,-977.6801738819876,911.9281742283677,-2.0,-1.4994816543818779,0.19064760663160943,-3.0,5.0
24.76,0.6059969896574735,-0.5694385416431721,-168.68427575803406,144.1325787365637,0.4631100528572919,-0.514671185055011,0.06598682695136829,-1.9999832355275053,-1.4661945007600505,0.1874798616491969,0.9999999999999998,5.0,-840.0171539337637,764.187357897645,-2.0,-1.1827742651209439,0.1922452007549238,3.0,5.0
24.77,0.4366619294807621,-0.3885497163294297,-179.22572224982505,151.86994185163908,0.5011859666734009,-0.5504500638369525,0.0708929673614293,-1.4386014016059847,-1.1484438489536712,0.1890713151750433,-1.0000000000000002,5.0,-683.6366605544341,599.263348974797,-0.8772195676844641,-0.8306931971472917,0.19384567575258252,-3.0,5.0
24.78,0.256915984719991,-0.19818655437480845,-186.05015245753822,156.45112286647736,0.528622244868583,-0.5748633625244511,0.07345176942948886,-0.9840780633209909,-0.8045438614634874,0.1906657336709017,0.9999999999999998,5.0,-511.71399404586765,420.52400728066505,-0.5295547250359972,-0.46064387397330375,0.19544898915847692,3.0,5.0
24.79,0.0704868477052473,-0.002307876206253223,-188.9874230696169,157.75729464649947,0.5447647522723053,-0.5873157909897346,0.07544800020423453,-0.39969780024625545,-0.4411539964341057,0.14299930025317625,-1.0000000000000002,5.0,-327.7753633670736,231.65044479780738,0.1846824628284799,-0.07776413140472394,0.0,-3.0,5.0
24.8,-0.11873241284273803,0.19498564846285843,-187.94837117132192,155.73804396685426,0.5491935715308154,-0.5874607991284339,0.07494503364930595,0.11778654040594028,-0.06592862015459183,0.10724947518988219,0.9999999999999998,5.0,-135.6250912007624,36.565327848487,0.635270881058136,0.309296756124922,0.0,3.0,5.0
24.810000000000002,-0.30676074311743506,0.3895325258589672,-182.92726135423285,150.41287729614046,0.5417333940122206,-0.5752094895131067,0.07385305675559639,0.6959552479595358,0.313313187145493,0.08043710639241164,-1.0000000000000002,5.0,60.73247142627738,-160.65218590056773,1.2741239555131314,0.6925549944455779,0.0,-3.0,5.0
24.82,-0.4896164489339295,0.5772027147084959,-174.0024854194491,141.87133264030172,0.522459048072471,-0.5507344390816505,0.07025421368763453,1.2187667364713541,0.6885735610072145,0.16855268058596012,0.9999999999999998,5.0,257.1763205226066,-355.8472816404411,1.7415782249831722,1.0638339348689358,0.43289940316660547,3.0,5.0
24.830000000000002,-0.6633974954079191,0.7539803452219356,-161.33549427088948,130.27153720564777,0.49169553929151993,-0.5144677229184447,0.06615881598225466,1.609383368235677,1.05189773208302,0.19182436780633338,-1.0000000000000002,5.0,449.55474302985306,-544.8811500035982,2.0,1.4152219031588258,0.2616394294674531,-3.0,5.0
24.84,-0.8243684304984645,0.9160542373605984,-145.1679609757639,115.8373808655354,0.4500130453318522,-0.4670937406484381,0.05954349011905763,1.8046916841178384,1.3955193054990427,0.1988600265618656,0.9999999999999998,5.0,633.773220577232,-723.7141576775444,2.0,1.7391408789150655,0.21996700282846227,3.0,5.0
24.85,-0.9690364402199487,1.0598948317881358,-125.8172343900874,98.85420361620874,0.39821644922974575,-0.40953635540080097,0.05236287826334358,1.9023458420589192,1.6977596527495213,0.20183188788984668,-1.0000000000000002,5.0,805.8809996980906,-888.4963862962943,2.0,2.0,0.21074747187378995,-3.0,5.0
24.86,-1.0942308083361234,1.1823356582204643,-103.67015698093437,79.66323373516727,0.33733009399662983,-0.34294119905833303,0.04270754867295844,1.9511729210294597,1.8488798263747608,0.20378806057090065,0.9999999999999998,5.0,962.1559072631657,-1035.6456719376692,2.0,2.0,0.2096565786140626,3.0,5.0
24.87,-1.1971682882190617,1.2806379572097666,-79.17537865612813,58.654728552213285,0.2685775446206221,-0.26865285869947975,0.032751434351254494,1.9755864605147297,1.9244399131873804,0.20549181258612292,-1.0000000000000002,5.0,1099.1841430926547,-1161.9297067105445,2.0,2.0,0.2106030686317897,-3.0,5.0
24.88,-1.2755186836789658,1.3525565894911113,-52.83430352023901,36.2601073534163,0.19335724263302867,-0.1881880027339109,0.020722976774182104,1.9877932302573649,1.9622199565936902,0.20713424753308093,0.9999999999999998,5.0,1213.9350123739466,-1264.5323360602492,2.0,2.0,0.212061552373955,3.0,5.0
24.89,-1.3274532952290359,1.396386001240672,-25.190863103301805,12.943079971034017,0.11321404010978142,-0.10320436583171606,0.008887759765662548,1.9938966151286825,1.981109978296845,0.20876318893602058,-1.0000000000000002,5.0,1303.827343653042,-1341.1206301576628,2.0,2.0,0.21365001314483947,-3.0,5.0
24.900000000000002,-1.3516910834559202,1.4110050266527758,3.1796882196738068,-10.809891238541919,0.029807689704279383,-0.015466845770249607,-0.00446326778496868,1.9969483075643413,1.9905549891484227,0.2103905804242316,0.9999999999999998,5.0,1366.7876371408981,-1389.8930165836714,2.0,2.0,0.21527275488886458,3.0,5.0
24.91,-1.3475255791016967,1.3958997028648827,31.68271196686473,-34.49975550334108,-0.05512156584987957,0.07318921474796301,-0.01702301327749673,1.9984741537821706,1.9952774945742113,0.21201938062723721,-1.0000000000000002,5.0,1401.2970539101016,-1409.625666700047,2.0,2.0,0.21690578123625412,-3.0,5.0
24.92,-1.314847823658273,1.3511833425533866,59.71662412841705,-57.625296515349085,-0.139789095046484,0.16089617978133283,-0.030476206910432416,1.9992370768910854,1.9976387472871058,0.2136502981305728,0.9999999999999998,5.0,1406.427808462447,-1399.6978209779834,2.0,2.0,0.21854305064057952,3.0,5.0
24.93,-1.254148845064019,1.2775935453901897,86.6855608425536,-79.69375218140871,-0.22240342031435117,0.2457935330337052,-0.04250683968939488,1.9996185384455427,1.9988193736435529,0.21528347802801517,-1.0000000000000002,5.0,1381.8665033620787,-1360.1137029980728,2.0,2.0,0.22018301772034238,-3.0,5.0
24.94,-1.1665174583057247,1.1764859288752532,112.01201811248455,-100.2312513924251,-0.3012039162775761,0.32606710296313635,-0.054805217178924774,1.9998092692227714,1.9994096868217763,0.21691892426474338,0.9999999999999998,5.0,1327.9254474378206,-1291.5022081161487,2.0,2.0,0.22182526297492802,3.0,5.0
24.95,-1.0536174210094167,1.0498048114432634,135.149184984047,-118.79300258097389,-0.37449836982352613,0.39998789398726153,-0.06507477636983833,1.9999046346113856,1.9997048434108882,0.21855660540029864,-1.0000000000000002,5.0,1245.5400125244923,-1195.1125478433485,2.0,2.0,0.2234696488069644,-3.0,5.0
24.96,-0.9176602673121923,0.9000511843337101,155.59272047619726,-134.97286024781997,-0.44069910481427427,0.465949075653929,-0.07503852290209405,1.9999523173056928,1.999852421705444,0.22019648109429962,0.9999999999999998,5.0,1136.253611171371,-1072.7875856086466,2.0,2.0,0.22511610817630262,3.0,5.0
24.97,-0.7613583800992432,0.7302287532879321,172.89170824607805,-148.4122195736198,-0.49835739989985883,0.5225009594250806,-0.08244509799625853,1.9999761586528464,1.7941875628541197,0.22183850873973496,-1.0000000000000002,5.0,1002.188903623993,-926.9336008464709,2.0,1.5885227040027954,0.22676459167604096,-3.0,5.0
24.98,-0.5878751400510894,0.5437889151009632,186.65856483634892,-158.80788970111675,-0.546194957773235,0.5683825851604686,-0.08907427171456579,1.9999880793264233,1.454849059534578,0.22348264512486754,0.9999999999999998,5.0,846.0073701576358,-760.4687671708293,2.0,1.1155105562150363,0.22841505428026523,3.0,5.0
24.990000000000002,-0.4007572008309851,0.3445559476054354,196.57767157738357,-165.91892881753404,-0.5831322421974865,0.6025498503761636,-0.09274185273581806,1.3291690783853136,1.1059755852440791,0.22512884685021012,-1.0000000000000002,5.0,670.8563990870596,-576.7696140445387,0.6583500774442042,0.7571021109535803,0.2300674520262379,-3.0,5.0
