Date,Voltage,Frequency
2023-01-01 00:00:00,229.64199148631263,50.00123274947532
2023-01-01 01:00:00,228.77570154079666,50.014223034535966
2023-01-01 02:00:00,230.14181769613396,50.0046706701372
2023-01-01 03:00:00,230.2812835027657,50.01010279664985
2023-01-01 04:00:00,230.87084875667347,49.997492037510696
2023-01-01 05:00:00,231.14665971191278,49.99120156746154
2023-01-01 06:00:00,230.34590731728247,49.99537965572709
2023-01-01 07:00:00,230.50580009763414,49.996451995585964
2023-01-01 08:00:00,230.0642974429049,50.00269357408398
2023-01-01 09:00:00,230.665049470341,50.007131264338696
2023-01-01 10:00:00,229.3896276240779,49.98449910478615
2023-01-01 11:00:00,229.60809289562502,50.00161074900034
2023-01-01 12:00:00,228.43284766838994,50.00315555362823
2023-01-01 13:00:00,231.65116752282557,50.0005242307603
2023-01-01 14:00:00,229.36871286952527,49.989565552136646
2023-01-01 15:00:00,231.07550749298304,50.004126783572694
2023-01-01 16:00:00,231.2587569016457,50.00373997307321
2023-01-01 17:00:00,228.45441160078332,50.008270799178
2023-01-01 18:00:00,230.1365116474919,49.99779563396242
2023-01-01 19:00:00,230.65644413983736,50.003017428445176
2023-01-01 20:00:00,229.44860349363003,50.0056251460827
2023-01-01 21:00:00,228.63267522625125,50.00047493023897
2023-01-01 22:00:00,231.4835616512514,49.98663493217137
2023-01-01 23:00:00,230.6482100555844,49.977333877428734
2023-01-02 00:00:00,230.04133194656754,49.99188119565695
2023-01-02 01:00:00,228.95395036029058,49.98294571082437
2023-01-02 02:00:00,228.98516745668553,50.002523459657624
2023-01-02 03:00:00,230.16739510736687,49.989791211071925
2023-01-02 04:00:00,229.5347948362793,49.993444631522614
2023-01-02 05:00:00,230.21911481999854,50.017712746856816
2023-01-02 06:00:00,230.3729520103286,49.99605575787879
2023-01-02 07:00:00,229.54875027678003,50.01186923319829
2023-01-02 08:00:00,231.6935540401815,50.00039361952457
2023-01-02 09:00:00,229.2447862909773,49.98562656823992
2023-01-02 10:00:00,229.05107039814547,49.99958637836736
2023-01-02 11:00:00,230.41981683898442,49.97681641501417
2023-01-02 12:00:00,230.48164041315397,50.00220069510364
2023-01-02 13:00:00,228.99847929670818,49.99065095191024
2023-01-02 14:00:00,229.65678272062127,49.99980759667708
2023-01-02 15:00:00,228.4595898676645,49.993442336467815
2023-01-02 16:00:00,229.4349628063397,50.01184170157807
2023-01-02 17:00:00,230.80288680769988,50.00043003004181
2023-01-02 18:00:00,228.7060776238811,49.9968628520873
2023-01-02 19:00:00,228.90860906069497,49.99506551833726
2023-01-02 20:00:00,229.17104451444533,50.00212243906305
2023-01-02 21:00:00,231.14076191001732,49.99623332144925
2023-01-02 22:00:00,230.99955492309002,49.97686862754279
2023-01-02 23:00:00,227.9024912613714,49.994557203688444
2023-01-03 00:00:00,228.21315070808586,50.00003185382036
2023-01-03 01:00:00,230.08838241356275,49.99245299382716
2023-01-03 02:00:00,228.39218489420847,50.00246867648649
2023-01-03 03:00:00,231.20710099310548,50.00107450195386
2023-01-03 04:00:00,227.80060641537145,49.97805911498951
2023-01-03 05:00:00,229.24810449418564,49.992898390385804
2023-01-03 06:00:00,230.20786762012975,50.01322744657677
2023-01-03 07:00:00,231.47349365073953,50.00534971222946
2023-01-03 08:00:00,229.99577347361742,50.00629319351332
2023-01-03 09:00:00,230.3164659550614,50.00974233449143
2023-01-03 10:00:00,230.17748132327915,49.997549297028606
2023-01-03 11:00:00,230.94064455915995,49.994373791151794
2023-01-03 12:00:00,230.30785269168604,50.00844928623622
2023-01-03 13:00:00,230.73773697247432,50.01114243566967
2023-01-03 14:00:00,230.75751545035584,50.01234484830493
2023-01-03 15:00:00,231.08958150612136,49.99361261181727
2023-01-03 16:00:00,227.8266458266978,50.0065698282294
2023-01-03 17:00:00,228.47876901934168,49.998850777777605
2023-01-03 18:00:00,230.67664375536967,50.00706731897213
2023-01-03 19:00:00,231.96365973504393,49.99908358049583
2023-01-03 20:00:00,230.32521932156388,49.99973778847861
2023-01-03 21:00:00,229.74221786936624,50.00798605007605
2023-01-03 22:00:00,230.9853668326952,49.99671019029832
2023-01-03 23:00:00,231.32144607290627,49.99626918579226
2023-01-04 00:00:00,230.6735353959967,50.010617331398684
2023-01-04 01:00:00,229.9643624121287,50.004111083648446
2023-01-04 02:00:00,230.04948136051553,49.99014224037491
2023-01-04 03:00:00,230.26305391970868,50.01161783102965
2023-01-04 04:00:00,231.32531550047491,50.01457884204448
2023-01-04 05:00:00,230.4207755004576,50.002972920625496
2023-01-04 06:00:00,230.43387623583658,49.99679794737731
2023-01-04 07:00:00,230.95581199017548,50.016127897362544
2023-01-04 08:00:00,229.95053391367574,50.01546496496911
2023-01-04 09:00:00,230.2577049448752,49.99114830909417
2023-01-04 10:00:00,231.9646751071578,49.997359733505185
2023-01-04 11:00:00,229.36422499510337,49.99946066545147
2023-01-04 12:00:00,229.42975047805805,50.0164046871812
2023-01-04 13:00:00,229.14082187733578,50.00891774979097
2023-01-04 14:00:00,230.31572277546852,49.9967787795397
2023-01-04 15:00:00,230.37554943229136,49.999953020107725
2023-01-04 16:00:00,228.08313045216917,49.99891215201318
2023-01-04 17:00:00,230.9641946472074,49.9923766845907
2023-01-04 18:00:00,228.91797788014335,50.00519519125177
2023-01-04 19:00:00,230.45015576431467,50.0045335183002
2023-01-04 20:00:00,230.12725541225245,50.00592098398966
2023-01-04 21:00:00,227.16652714753425,50.00223071510261
2023-01-04 22:00:00,227.63293939075027,49.98914173417795
2023-01-04 23:00:00,228.87840676578728,49.99365178577786
2023-01-05 00:00:00,231.17792071647932,50.00063462569045
2023-01-05 01:00:00,228.12615892390235,50.00899665800803
2023-01-05 02:00:00,231.11190379454757,50.00281465336316
2023-01-05 03:00:00,228.23378821933784,49.98769538884013
2023-01-05 04:00:00,227.81415513092927,49.97977528493809
2023-01-05 05:00:00,230.29667685487874,49.99962254315501
2023-01-05 06:00:00,229.96527054141905,50.00409645436353
2023-01-05 07:00:00,228.24031103127916,50.007919064647204
2023-01-05 08:00:00,228.79798690327618,50.01752772796593
2023-01-05 09:00:00,230.30504180916947,50.011237290287134
2023-01-05 10:00:00,229.62892483433146,50.00616582736363
2023-01-05 11:00:00,230.62067970737448,49.99462067302166
2023-01-05 12:00:00,229.66373256096023,50.01443438216023
2023-01-05 13:00:00,230.98702973027295,49.98917012193954
2023-01-05 14:00:00,228.8533413898012,50.01095003041635
2023-01-05 15:00:00,230.58758985584615,50.01884673223896
2023-01-05 16:00:00,228.7320967419052,50.01399858811905
2023-01-05 17:00:00,230.30758061786815,49.99610862258533
2023-01-05 18:00:00,230.63957271646947,49.98355484628349
2023-01-05 19:00:00,228.93709575038,49.99251295712894
2023-01-05 20:00:00,230.37800530626913,50.00045943727083
2023-01-05 21:00:00,230.5637171828382,49.99721116108513
2023-01-05 22:00:00,230.4997619812733,50.002410413556866
2023-01-05 23:00:00,229.25358747921408,49.98187129206778
2023-01-06 00:00:00,229.6363629996103,50.00793703612201
2023-01-06 01:00:00,231.70917999769748,49.99377143011665
2023-01-06 02:00:00,229.11514575859897,49.99999176792681
2023-01-06 03:00:00,230.14023320901882,49.995222997921054
2023-01-06 04:00:00,229.7933885305141,50.007492782904144
2023-01-06 05:00:00,230.3375797305352,49.99433650864834
2023-01-06 06:00:00,231.40443115009705,49.98286045554493
2023-01-06 07:00:00,229.4083815856327,50.00560206541614
2023-01-06 08:00:00,230.36528588804185,49.98408741628193
2023-01-06 09:00:00,230.7087696314468,49.99825443651846
2023-01-06 10:00:00,229.66837707976174,50.010897404177726
2023-01-06 11:00:00,229.15126120502504,50.00575107419653
2023-01-06 12:00:00,230.1008370730852,50.000281977027804
2023-01-06 13:00:00,230.02282276917938,50.00068517019974
2023-01-06 14:00:00,228.36209290529274,49.98949931037595
2023-01-06 15:00:00,229.2134673249216,50.004094315252935
2023-01-06 16:00:00,230.72607560234647,50.00493263072235
2023-01-06 17:00:00,229.54951610755953,50.002115325598474
2023-01-06 18:00:00,230.46145735095592,50.0000993245956
2023-01-06 19:00:00,228.949498368015,49.998572495679625
2023-01-06 20:00:00,230.1253738573897,50.00790641268173
2023-01-06 21:00:00,230.12359406453763,49.99386324052262
2023-01-06 22:00:00,230.29914680868612,49.98657559659799
2023-01-06 23:00:00,229.62280803218457,50.0090479717897
2023-01-07 00:00:00,230.1588119757492,49.986799679759166
2023-01-07 01:00:00,231.8951964951084,49.992584898483045
2023-01-07 02:00:00,230.41945619073906,50.004244757802255
2023-01-07 03:00:00,231.47230512315838,50.0033210445171
2023-01-07 04:00:00,229.82700505332917,49.998375592825234
2023-01-07 05:00:00,227.40944424638246,50.01407630419651
2023-01-07 06:00:00,230.75138692507994,50.00975253928496
2023-01-07 07:00:00,231.96527135301008,49.998936406813215
2023-01-07 08:00:00,230.13803121297167,49.9943830329069
2023-01-07 09:00:00,229.42929247242176,50.002659109002
2023-01-07 10:00:00,230.08893051509082,50.00188645239381
2023-01-07 11:00:00,231.16643001645693,50.01187614056297
2023-01-07 12:00:00,230.13642840536332,49.998021253415104
2023-01-07 13:00:00,229.32508588119128,50.01025852659674
2023-01-07 14:00:00,229.0129224878806,49.986677523101136
2023-01-07 15:00:00,230.7145529202254,50.00351780750276
2023-01-07 16:00:00,233.13156875808042,49.99291332333864
2023-01-07 17:00:00,228.83020864306218,50.00006159075645
2023-01-07 18:00:00,230.6263312649957,49.9978045765869
2023-01-07 19:00:00,230.68774702777588,49.98889908459259
2023-01-07 20:00:00,228.8787035335908,49.99264927473912
2023-01-07 21:00:00,230.80556018140243,49.99536954327113
2023-01-07 22:00:00,232.0359593555607,50.0174512483941
2023-01-07 23:00:00,230.95516233176468,49.99466399352119
2023-01-08 00:00:00,229.63349417683582,49.981037489874446
2023-01-08 01:00:00,228.63851808751164,49.99259386976881
2023-01-08 02:00:00,230.44781028722525,49.98237471501898
2023-01-08 03:00:00,229.85463002277893,49.989557790526334
2023-01-08 04:00:00,230.6575353295106,49.97562465884101
2023-01-08 05:00:00,229.70056965326657,49.99378526224685
2023-01-08 06:00:00,229.08537297920788,50.00373224825907
2023-01-08 07:00:00,230.07265771486493,49.99586994968343
2023-01-08 08:00:00,231.1646845894655,49.99640117876597
2023-01-08 09:00:00,230.81366112500774,50.02552787653419
2023-01-08 10:00:00,229.718373285333,49.99397510305162
2023-01-08 11:00:00,228.82084206089152,50.00218498750743
2023-01-08 12:00:00,229.70980192560742,50.00105752504734
2023-01-08 13:00:00,229.6839239061396,50.00254017049176
2023-01-08 14:00:00,229.94950640306715,49.99391626874668
2023-01-08 15:00:00,231.97960046742017,50.00766389322901
2023-01-08 16:00:00,229.68983133863202,50.01187702847276
2023-01-08 17:00:00,230.13224763896054,50.00066417697493
2023-01-08 18:00:00,230.77725383237137,50.011657460689925
2023-01-08 19:00:00,230.50709807392374,50.00540158365831
2023-01-08 20:00:00,231.46566778300803,50.00167507677468
2023-01-08 21:00:00,229.4563268171668,49.98964436000879
2023-01-08 22:00:00,229.33716381465,49.998767233698985
2023-01-08 23:00:00,229.63224039271657,50.00995322175912
2023-01-09 00:00:00,229.07022139913116,49.996127172367046
2023-01-09 01:00:00,230.054336263936,50.00078694640857
2023-01-09 02:00:00,230.15626261432828,49.989242658123736
2023-01-09 03:00:00,229.66709957656607,50.003715238589564
2023-01-09 04:00:00,230.54698718008376,50.00463633916662
2023-01-09 05:00:00,230.5757836098522,50.02343774145677
2023-01-09 06:00:00,229.26989564473672,50.00232902845809
2023-01-09 07:00:00,230.5745650590349,50.00301913889444
2023-01-09 08:00:00,228.84636381432858,49.99846450506414
2023-01-09 09:00:00,229.07234121416684,49.99913571783642
2023-01-09 10:00:00,231.43081430433304,49.99698593441985
2023-01-09 11:00:00,229.77272730176585,50.0135946587386
2023-01-09 12:00:00,229.7976008754934,49.994843032292415
2023-01-09 13:00:00,231.66696254773709,50.01148725777897
2023-01-09 14:00:00,230.17538728003498,49.999130886120355
2023-01-09 15:00:00,229.7411927805412,49.991631263504345
2023-01-09 16:00:00,229.10038809054188,49.99439963788402
2023-01-09 17:00:00,230.46533980398382,49.99309155417638
2023-01-09 18:00:00,231.44948076642945,49.99465569008994
2023-01-09 19:00:00,229.932880406719,49.98792452020211
2023-01-09 20:00:00,231.2886958608444,49.992531486306454
2023-01-09 21:00:00,229.8549565742823,49.975207215358566
2023-01-09 22:00:00,229.2447268692115,50.00105824161905
2023-01-09 23:00:00,229.5140312521062,49.994400079179194
2023-01-10 00:00:00,229.25512141881657,49.997787200751986
2023-01-10 01:00:00,231.37737331782762,49.991764153595746
2023-01-10 02:00:00,231.13115194466633,50.013588052992084
2023-01-10 03:00:00,230.38985250263835,49.98117165996077
2023-01-10 04:00:00,227.62917329651424,50.00935100955806
2023-01-10 05:00:00,231.4778108055114,49.984285931765335
2023-01-10 06:00:00,229.61861130121886,49.992569464676016
2023-01-10 07:00:00,229.37809797291024,50.0036522736899
2023-01-10 08:00:00,229.66698023822244,50.0194993773476
2023-01-10 09:00:00,230.0398767878588,50.007789478687194
2023-01-10 10:00:00,230.43041076341152,49.97418169873395
2023-01-10 11:00:00,231.08770944795617,50.00347717015572
2023-01-10 12:00:00,230.5283058262928,49.991917857965575
2023-01-10 13:00:00,230.0288249960249,50.02397906989248
2023-01-10 14:00:00,229.62831371616076,50.00310544793336
2023-01-10 15:00:00,229.12199193973382,50.00952984830038
2023-01-10 16:00:00,230.38003038812954,49.99127887846826
2023-01-10 17:00:00,230.52960786548562,49.990664723296
2023-01-10 18:00:00,229.23639889528255,49.99950373260865
2023-01-10 19:00:00,228.94586366496438,49.992485113602896
2023-01-10 20:00:00,230.78364961008276,50.00328901101196
2023-01-10 21:00:00,229.57804112618388,49.99552513388388
2023-01-10 22:00:00,228.83224625977053,49.9997289315683
2023-01-10 23:00:00,229.05327709879037,50.00968250754088
2023-01-11 00:00:00,230.51621216457258,50.000314196198545
2023-01-11 01:00:00,231.5716114842016,49.99732101762375
2023-01-11 02:00:00,231.0155948554825,49.992909531086354
2023-01-11 03:00:00,228.1218688638503,49.994737394074065
2023-01-11 04:00:00,229.90377983410895,50.00707092000687
2023-01-11 05:00:00,230.81600495863563,49.99861687048686
2023-01-11 06:00:00,228.52423941528843,49.99041580901168
2023-01-11 07:00:00,231.61882560782922,49.996014316690456
2023-01-11 08:00:00,228.19848876668297,50.008300265432425
2023-01-11 09:00:00,230.60483271902646,49.996802166862
2023-01-11 10:00:00,229.64948416053244,49.97430272813892
2023-01-11 11:00:00,230.21826323818112,50.0090500601534
2023-01-11 12:00:00,230.08584010243436,49.99754729628983
2023-01-11 13:00:00,229.12465284165978,50.007942923872385
2023-01-11 14:00:00,230.53578659255453,49.99591256290012
2023-01-11 15:00:00,229.77329378170157,50.00479277173094
2023-01-11 16:00:00,230.58312763369418,50.005722687676815
2023-01-11 17:00:00,229.3495952543256,49.992624285600996
2023-01-11 18:00:00,229.75593438621866,49.98667794324998
2023-01-11 19:00:00,230.5566052731578,49.988550098724204
2023-01-11 20:00:00,229.27683836665648,50.002033307077724
2023-01-11 21:00:00,231.1713768129,49.99847911403595
2023-01-11 22:00:00,230.2953121293352,49.99980205952772
2023-01-11 23:00:00,231.9828780498675,50.00426978446923
2023-01-12 00:00:00,229.83593765179765,49.99675956383159
2023-01-12 01:00:00,230.27316648524788,49.995466568411295
2023-01-12 02:00:00,229.7744738450367,49.991754421183394
2023-01-12 03:00:00,230.00568176912333,50.003740628862325
2023-01-12 04:00:00,230.555565477293,50.016996227432934
2023-01-12 05:00:00,231.61840776837397,49.99497406364417
2023-01-12 06:00:00,231.43099484103112,50.00446877663369
2023-01-12 07:00:00,230.78104023233635,50.01320152088518
2023-01-12 08:00:00,228.93259417890977,49.99323858838071
2023-01-12 09:00:00,229.6315047873367,50.017550110196694
2023-01-12 10:00:00,230.58446803138014,49.990686907417924
2023-01-12 11:00:00,229.20408878918116,50.00554512271594
2023-01-12 12:00:00,229.9835234042293,49.988892081239534
2023-01-12 13:00:00,230.16049807535072,50.005256132567
2023-01-12 14:00:00,231.8203662983883,49.993437751547056
2023-01-12 15:00:00,229.8427981223865,49.97694495995677
2023-01-12 16:00:00,228.4267769744296,50.01394864436372
2023-01-12 17:00:00,230.77064602690515,50.002068912587774
2023-01-12 18:00:00,231.04488245695637,49.994616779102415
2023-01-12 19:00:00,232.27862509067924,49.99766099944195
2023-01-12 20:00:00,229.55981226570054,49.998083348547205
2023-01-12 21:00:00,228.6271827281691,49.99642945855039
2023-01-12 22:00:00,230.35260727175887,49.99610514593896
2023-01-12 23:00:00,230.52435166793433,49.998607645777696
2023-01-13 00:00:00,230.57840171805313,50.01988697288329
2023-01-13 01:00:00,229.59653297827992,49.97720527392306
2023-01-13 02:00:00,230.4282646657859,49.97986681084572
2023-01-13 03:00:00,230.10664826092002,50.00448899930278
2023-01-13 04:00:00,229.43680804881274,49.97416218641969
2023-01-13 05:00:00,228.90309750406655,49.99499656746292
2023-01-13 06:00:00,229.67643816284573,49.99215366013932
2023-01-13 07:00:00,229.93249020548578,49.99961161174268
2023-01-13 08:00:00,230.6868357365869,49.993735864739186
2023-01-13 09:00:00,229.96850288094356,49.998518250470816
2023-01-13 10:00:00,229.4879515471592,49.99220318884733
2023-01-13 11:00:00,230.53682544184534,49.987424259201205
2023-01-13 12:00:00,229.9274463480058,49.997339227761216
2023-01-13 13:00:00,229.3051100218229,50.00510904573104
2023-01-13 14:00:00,230.34074301016378,50.00630045911871
2023-01-13 15:00:00,230.6681221235672,50.00180327201427
2023-01-13 16:00:00,229.91094934559837,50.0127517987341
2023-01-13 17:00:00,231.64995670099026,50.00085764156938
2023-01-13 18:00:00,231.23557396478242,50.0082269835729
2023-01-13 19:00:00,230.52135048073566,49.997359709011135
2023-01-13 20:00:00,229.63502878730094,50.00457162458547
2023-01-13 21:00:00,228.17989605604834,50.01959245398875
2023-01-13 22:00:00,228.78347756176788,50.001778107451365
2023-01-13 23:00:00,230.8902095739867,50.011972420810395
2023-01-14 00:00:00,229.076217884989,50.00010054059803
2023-01-14 01:00:00,230.4101078980658,49.987458970179226
2023-01-14 02:00:00,229.10609834616892,50.001581248664095
2023-01-14 03:00:00,229.81917654081067,50.00534332943347
2023-01-14 04:00:00,229.51960113279262,50.008492652843174
2023-01-14 05:00:00,230.83639789536164,49.993186864461244
2023-01-14 06:00:00,230.90652676699955,50.037661800763395
2023-01-14 07:00:00,228.38278717753812,50.010797462145604
2023-01-14 08:00:00,231.34946614612718,50.01256573536586
2023-01-14 09:00:00,229.73825975603,50.00879615111756
2023-01-14 10:00:00,231.08585048416938,49.99159418759681
2023-01-14 11:00:00,231.31538425346866,49.99581490748054
2023-01-14 12:00:00,229.43624919531436,50.00562739368236
2023-01-14 13:00:00,231.62004185757024,49.981547544105325
2023-01-14 14:00:00,228.21155416488912,49.995253789659294
2023-01-14 15:00:00,228.96428835155396,49.99495724493617
2023-01-14 16:00:00,229.58167742615834,50.00606203576907
2023-01-14 17:00:00,228.96700280030203,49.990066915397506
2023-01-14 18:00:00,228.55354352071342,50.02010598157342
2023-01-14 19:00:00,231.02612700911874,50.03225312119313
2023-01-14 20:00:00,229.55260171746394,50.004332178307514
2023-01-14 21:00:00,230.07837035248224,50.01243986299316
2023-01-14 22:00:00,230.67652898253147,50.00496349283258
2023-01-14 23:00:00,231.09045415481282,49.994595342819075
2023-01-15 00:00:00,231.55154142505003,49.99062324969822
2023-01-15 01:00:00,229.12709469155195,50.003427670096855
2023-01-15 02:00:00,231.54723606516072,49.993252772285246
2023-01-15 03:00:00,230.16168494496694,50.010134142771655
2023-01-15 04:00:00,230.1682719032449,49.99356852240803
2023-01-15 05:00:00,229.72145118726058,50.002205073380246
2023-01-15 06:00:00,230.3088144337782,49.9914266632037
2023-01-15 07:00:00,231.54370277028366,49.99074524487261
2023-01-15 08:00:00,230.6574899349412,50.01444204200387
2023-01-15 09:00:00,231.09882685487148,49.99538675271229
2023-01-15 10:00:00,229.12995972715086,49.99594104068369
2023-01-15 11:00:00,229.56792054996765,49.993534434646456
2023-01-15 12:00:00,230.08258575352014,49.994975160834564
2023-01-15 13:00:00,230.50432603589286,49.99892853676368
2023-01-15 14:00:00,230.34573035666682,49.97975815688894
2023-01-15 15:00:00,231.7978538122581,50.00813106463002
2023-01-15 16:00:00,229.3341388357441,50.00394493611649
2023-01-15 17:00:00,230.46637001642813,50.008770848097015
2023-01-15 18:00:00,230.50931136494708,50.01295062683495
2023-01-15 19:00:00,229.5991605407037,50.0014594295881
2023-01-15 20:00:00,229.93501613941694,50.001037778392245
2023-01-15 21:00:00,229.33692869932275,50.00596863662279
2023-01-15 22:00:00,230.29549881087868,49.98683759443938
2023-01-15 23:00:00,228.68148093967542,49.996418218303305
2023-01-16 00:00:00,231.69155353560473,50.00978928072617
2023-01-16 01:00:00,229.75600474639637,50.00863731127478
2023-01-16 02:00:00,229.2865809123764,50.021990378111205
2023-01-16 03:00:00,228.26258288390088,49.99923653414184
2023-01-16 04:00:00,229.6456088713084,50.01216669298602
2023-01-16 05:00:00,229.76302501072848,49.99941013712829
2023-01-16 06:00:00,230.30573846576397,49.988995139101746
2023-01-16 07:00:00,229.79035009935825,50.001767436496834
2023-01-16 08:00:00,232.89641396500585,49.99780718711255
2023-01-16 09:00:00,228.72975843319293,49.99578844980998
2023-01-16 10:00:00,230.6140038435206,49.98925645973584
2023-01-16 11:00:00,230.40597420054348,49.997413459210385
2023-01-16 12:00:00,228.65223826005774,49.9916063191883
2023-01-16 13:00:00,229.6743726970453,50.01984385488617
2023-01-16 14:00:00,232.34909864577682,50.009070729689775
2023-01-16 15:00:00,229.47673854993167,49.98831501322833
2023-01-16 16:00:00,232.02060802374692,49.994031362020955
2023-01-16 17:00:00,229.8893369853781,49.996050247161925
2023-01-16 18:00:00,230.0324805915717,49.997916712019226
2023-01-16 19:00:00,229.62541288309748,49.9916235972568
2023-01-16 20:00:00,229.00724164057328,49.99889354318074
2023-01-16 21:00:00,228.78627749181942,50.01015072057105
2023-01-16 22:00:00,229.39335968578388,49.9963106402147
2023-01-16 23:00:00,230.75261798053825,49.98808039517975
2023-01-17 00:00:00,230.54122648552675,49.979829091518276
2023-01-17 01:00:00,229.62930317831572,49.98040261943739
2023-01-17 02:00:00,231.87928014648338,50.00284587298463
2023-01-17 03:00:00,229.15701901711836,50.00126559053657
2023-01-17 04:00:00,230.45774084223325,49.99797837235169
2023-01-17 05:00:00,228.6917803472222,49.994180211250146
2023-01-17 06:00:00,230.3020236946239,49.995752672589084
2023-01-17 07:00:00,230.51503625852976,50.00259189590282
2023-01-17 08:00:00,229.80340554634836,49.99406759178584
2023-01-17 09:00:00,230.0447182016367,50.00048914772543
2023-01-17 10:00:00,229.52324562263362,49.99747189938853
2023-01-17 11:00:00,230.9305336079293,50.000984435502545
2023-01-17 12:00:00,230.87499623987884,49.97818270418345
2023-01-17 13:00:00,230.43831969258122,50.00809703218337
2023-01-17 14:00:00,230.70032198362586,50.0027803579922
2023-01-17 15:00:00,230.55282542913397,49.995254758868484
2023-01-17 16:00:00,229.5895154206044,49.99683824830175
2023-01-17 17:00:00,230.35593901935846,50.005271487834854
2023-01-17 18:00:00,230.75385185879006,49.998709131167516
2023-01-17 19:00:00,229.79559778836406,50.00605298701885
2023-01-17 20:00:00,230.57004596596838,50.001131986985904
2023-01-17 21:00:00,228.67841754910395,50.009304447847306
2023-01-17 22:00:00,228.81482178896078,49.99034260324903
2023-01-17 23:00:00,230.08303514654452,50.00126574081324
2023-01-18 00:00:00,229.68754482260184,49.98219074127053
2023-01-18 01:00:00,231.10055423522377,49.99034927172315
2023-01-18 02:00:00,229.8156797547148,49.98645955096127
2023-01-18 03:00:00,231.1486281076147,49.99841531896693
2023-01-18 04:00:00,229.97383427388655,49.99663220160897
2023-01-18 05:00:00,230.35108295307361,49.99388990186821
2023-01-18 06:00:00,229.5788078320232,49.98663841582901
2023-01-18 07:00:00,229.87972310534863,49.983320308866986
2023-01-18 08:00:00,229.26961030911366,49.98862673968685
2023-01-18 09:00:00,228.93978505221543,50.00871202749503
2023-01-18 10:00:00,230.93006137309288,50.00028689219123
2023-01-18 11:00:00,231.075062545386,49.99072350506578
2023-01-18 12:00:00,230.9309038886414,49.99902463314333
2023-01-18 13:00:00,231.10851637618774,50.00258378412458
2023-01-18 14:00:00,230.21602681111335,50.001030785462326
2023-01-18 15:00:00,229.56043628424737,49.994573535465086
2023-01-18 16:00:00,229.30102831724878,49.99460725178499
2023-01-18 17:00:00,228.24467585034958,49.99530132434507
2023-01-18 18:00:00,230.5356306400756,50.01208669228162
2023-01-18 19:00:00,230.12814842789416,50.005924696807426
2023-01-18 20:00:00,230.37731005774768,50.01289658297933
2023-01-18 21:00:00,230.60219985181624,50.00116576336325
2023-01-18 22:00:00,231.3874044449167,49.99012452637921
2023-01-18 23:00:00,229.67157536798098,50.01294784788098
2023-01-19 00:00:00,230.47759240196922,49.99670232661113
2023-01-19 01:00:00,229.50294733539158,49.98886027841671
2023-01-19 02:00:00,228.29433364217343,49.99033320684943
2023-01-19 03:00:00,229.8229712264443,50.00689507670996
2023-01-19 04:00:00,231.4600938992781,50.00137763262311
2023-01-19 05:00:00,229.81626647739338,49.992732284160304
2023-01-19 06:00:00,229.11239661568618,49.99265589605831
2023-01-19 07:00:00,230.38484276506634,50.027010850226766
2023-01-19 08:00:00,230.88999989705258,50.004482892699954
2023-01-19 09:00:00,230.51163051527988,49.99817529777207
2023-01-19 10:00:00,231.35536253234338,50.00450562166076
2023-01-19 11:00:00,229.06455627303183,49.98096378147093
2023-01-19 12:00:00,231.38904917518346,49.99038031756848
2023-01-19 13:00:00,227.94701629291282,49.991868432751644
2023-01-19 14:00:00,227.96946809483387,50.013176776128475
2023-01-19 15:00:00,228.53698712295463,49.98019928787223
2023-01-19 16:00:00,230.48019739308918,49.99053807975621
2023-01-19 17:00:00,228.4911766840517,50.00040990023849
2023-01-19 18:00:00,229.36167902850707,49.99539172072166
2023-01-19 19:00:00,229.5765723962606,49.99018540087344
2023-01-19 20:00:00,230.74633777772155,49.99719825765455
2023-01-19 21:00:00,231.2781431154464,50.01624885173138
2023-01-19 22:00:00,230.90207580518273,50.00863757649779
2023-01-19 23:00:00,228.5692164497646,49.98345103262671
2023-01-20 00:00:00,230.17867870974607,50.00077649812409
2023-01-20 01:00:00,229.62951525826142,49.982324835367706
2023-01-20 02:00:00,229.83628867627172,50.002690980646584
2023-01-20 03:00:00,229.9342898940226,50.00919915898522
2023-01-20 04:00:00,229.5358507911346,49.98630376879955
2023-01-20 05:00:00,229.27424924499704,50.00376203234108
2023-01-20 06:00:00,229.55169542261046,50.01515684639903
2023-01-20 07:00:00,229.3086645344396,49.97815922552541
2023-01-20 08:00:00,231.01626311545627,50.00100055162636
2023-01-20 09:00:00,229.93603383530095,50.001443631316995
2023-01-20 10:00:00,231.0102985758979,49.9989321106512
2023-01-20 11:00:00,231.09296917116217,49.98943738556642
2023-01-20 12:00:00,231.38568341480124,50.00293614111862
2023-01-20 13:00:00,228.74215632810748,49.99596799994293
2023-01-20 14:00:00,230.2627589909525,50.00244020126633
2023-01-20 15:00:00,228.75885873245178,49.99279344597451
2023-01-20 16:00:00,231.8369189046259,50.0003227751075
2023-01-20 17:00:00,230.58886617924907,50.02652931667476
2023-01-20 18:00:00,229.53054923610858,49.984543186699455
2023-01-20 19:00:00,229.68478496298073,49.971013249331676
2023-01-20 20:00:00,230.83934450885917,50.001318649300856
2023-01-20 21:00:00,229.63163914857813,49.996762768568054
2023-01-20 22:00:00,228.64281912855805,49.99797036649863
2023-01-20 23:00:00,230.44969096679728,49.98959767277248
2023-01-21 00:00:00,231.232913954704,50.00380581727511
2023-01-21 01:00:00,229.9268690272882,50.014248240622614
2023-01-21 02:00:00,230.75013593570307,49.99279509348392
2023-01-21 03:00:00,229.4084742299376,50.00969304772345
2023-01-21 04:00:00,230.1258822841347,50.002769284195594
2023-01-21 05:00:00,230.09985467394688,50.004149585119244
2023-01-21 06:00:00,229.64970609163893,50.00170712046333
2023-01-21 07:00:00,229.05544670229554,49.99551293816181
2023-01-21 08:00:00,229.27034889194962,50.006667332199456
2023-01-21 09:00:00,229.31481109796925,49.994413305859055
2023-01-21 10:00:00,229.54042289505904,50.00979303091653
2023-01-21 11:00:00,229.86324348040466,50.01138011957042
2023-01-21 12:00:00,230.1444728816959,49.997988334808525
2023-01-21 13:00:00,230.14291240277103,49.989381980440584
2023-01-21 14:00:00,229.89746084221053,49.99979229402808
2023-01-21 15:00:00,230.0148175573803,50.01118022794199
2023-01-21 16:00:00,229.1433789538378,49.99500668634054
2023-01-21 17:00:00,230.19100359175056,50.00130961292999
2023-01-21 18:00:00,228.43396839748476,49.99764385416899
2023-01-21 19:00:00,228.9885495507374,49.996133797395025
2023-01-21 20:00:00,228.95951259527817,50.01650698070339
2023-01-21 21:00:00,229.42895310136453,50.009192959056435
2023-01-21 22:00:00,230.28924658057886,49.99209774113862
2023-01-21 23:00:00,230.17443436086674,49.979681026576785
2023-01-22 00:00:00,230.27323219934144,50.004656165412925
2023-01-22 01:00:00,230.8089451212543,49.99154338275549
2023-01-22 02:00:00,230.18053573764107,50.002482769801105
2023-01-22 03:00:00,228.99304960393033,49.99769718051846
2023-01-22 04:00:00,230.0297863719034,50.01275537687128
2023-01-22 05:00:00,229.06695692964837,49.99833415014665
2023-01-22 06:00:00,229.6652700972463,50.00214414108501
2023-01-22 07:00:00,230.39794067690462,50.02185641402773
2023-01-22 08:00:00,229.83107721046545,50.011785541997
2023-01-22 09:00:00,230.64279047237065,49.98221833659047
2023-01-22 10:00:00,230.0083455212373,49.99716246579038
2023-01-22 11:00:00,228.48574175674742,49.99453870115047
2023-01-22 12:00:00,229.60525542500704,50.005777812541794
2023-01-22 13:00:00,230.6353301477841,49.994337798445855
2023-01-22 14:00:00,230.45651854722357,49.9845502974089
2023-01-22 15:00:00,228.92838496580214,50.001077088528255
2023-01-22 16:00:00,229.5396724026264,50.009561196720654
2023-01-22 17:00:00,230.20676940160072,49.99849020529248
2023-01-22 18:00:00,229.47782246700828,49.99779364088736
2023-01-22 19:00:00,229.6608733717851,49.99909525793344
2023-01-22 20:00:00,230.24885496124432,49.99237761926149
2023-01-22 21:00:00,231.83265880283383,49.99769275874099
2023-01-22 22:00:00,230.30998222058525,49.99702184543872
2023-01-22 23:00:00,230.69317065308041,50.00601940969488
2023-01-23 00:00:00,229.1129894501019,50.01190140685621
2023-01-23 01:00:00,228.75508172104483,50.00744020447355
2023-01-23 02:00:00,229.1245736427723,49.99572119533792
2023-01-23 03:00:00,229.82452401147387,49.98133248269299
2023-01-23 04:00:00,230.22684376770766,49.99771091135005
2023-01-23 05:00:00,230.48045517375434,50.00639794252504
2023-01-23 06:00:00,230.89135229253995,50.00972464547597
2023-01-23 07:00:00,231.25761890932904,49.99764449374853
2023-01-23 08:00:00,227.92015923606203,49.99419511475105
2023-01-23 09:00:00,229.0190252141528,49.98794414204613
2023-01-23 10:00:00,231.6633674806085,50.00814703684429
2023-01-23 11:00:00,230.34908725747707,49.984711493813634
2023-01-23 12:00:00,229.8932185306507,50.00889808189435
2023-01-23 13:00:00,227.77171051910142,49.9941919223424
2023-01-23 14:00:00,228.70466444943943,49.988320685548956
2023-01-23 15:00:00,230.8847368798418,50.013940768554534
2023-01-23 16:00:00,229.53156080703837,49.98757036765146
2023-01-23 17:00:00,230.54476558801812,49.98562647849843
2023-01-23 18:00:00,229.59951953762473,50.01975759595819
2023-01-23 19:00:00,232.18193505634474,50.00594612205246
2023-01-23 20:00:00,229.9559333659228,50.00404714797676
2023-01-23 21:00:00,228.5100632331413,50.00224263043241
2023-01-23 22:00:00,230.58040108340265,49.9931988751693
2023-01-23 23:00:00,230.07483832097617,49.99497581378715
2023-01-24 00:00:00,229.37742739278278,50.017340313231294
2023-01-24 01:00:00,230.20053825798215,49.99908999726534
2023-01-24 02:00:00,231.04604370103874,49.99339522428661
2023-01-24 03:00:00,229.76048330679245,50.01337416971388
2023-01-24 04:00:00,229.04500086427225,49.99253575863791
2023-01-24 05:00:00,230.20688798700192,50.00469303587973
2023-01-24 06:00:00,229.35798172717267,50.013820519481264
2023-01-24 07:00:00,230.32763560135282,49.99816675264792
2023-01-24 08:00:00,231.26699931738955,49.97819783922329
2023-01-24 09:00:00,228.8577809029697,50.00882732048754
2023-01-24 10:00:00,228.15397511415838,50.01278398198294
2023-01-24 11:00:00,232.2925875417679,50.00020988211526
2023-01-24 12:00:00,230.1329186574635,49.997816017993294
2023-01-24 13:00:00,228.7535333004376,49.99982981275863
2023-01-24 14:00:00,228.99866828989562,50.0009228833594
2023-01-24 15:00:00,229.52515894596849,49.99654796239002
2023-01-24 16:00:00,230.30207764333153,50.017591737581895
2023-01-24 17:00:00,227.58330461561974,50.0020092134084
2023-01-24 18:00:00,230.6987289860952,50.000191328804796
2023-01-24 19:00:00,229.31292775379737,50.007796137826254
2023-01-24 20:00:00,231.48322586201323,49.995805877351025
2023-01-24 21:00:00,230.38610579501452,49.99756228148082
2023-01-24 22:00:00,230.89441120309615,50.005011686540875
2023-01-24 23:00:00,229.76591436159111,49.999611889989616
2023-01-25 00:00:00,230.2452652214513,50.00751274749983
2023-01-25 01:00:00,231.38427581471376,49.99689690615901
2023-01-25 02:00:00,229.14784439031834,50.004164948734605
2023-01-25 03:00:00,230.44210618354435,50.00807045631891
2023-01-25 04:00:00,230.53595242307304,50.01019360314966
2023-01-25 05:00:00,231.3624598516134,49.980175837194395
2023-01-25 06:00:00,229.35914807808376,50.00300593703616
2023-01-25 07:00:00,229.15159638161813,50.00844725268871
2023-01-25 08:00:00,231.18920128851758,49.99036956350582
2023-01-25 09:00:00,229.77493073791567,50.010764221120674
2023-01-25 10:00:00,229.10114759205788,50.002104546526006
2023-01-25 11:00:00,229.50455610802945,49.99567534726698
2023-01-25 12:00:00,228.61437312970955,50.00427446151304
2023-01-25 13:00:00,229.97211607660643,50.00823381200635
2023-01-25 14:00:00,227.11896709205348,49.97846089143546
2023-01-25 15:00:00,230.26585520804966,50.016192428974975
2023-01-25 16:00:00,228.45815650607366,49.98050932635037
2023-01-25 17:00:00,231.26865484891022,49.98896037075954
2023-01-25 18:00:00,229.29429317283387,50.014259963348756
2023-01-25 19:00:00,229.1719323036041,50.009243617196155
2023-01-25 20:00:00,230.04207833087145,49.99549357133334
2023-01-25 21:00:00,230.39339694361047,50.01028994656674
2023-01-25 22:00:00,230.03537977807298,50.0034262339047
2023-01-25 23:00:00,228.3788388332736,50.00234940969207
2023-01-26 00:00:00,230.11753686340685,49.97112303110337
2023-01-26 01:00:00,229.9211042405705,49.98970682125741
2023-01-26 02:00:00,229.8829571438701,49.99632679604812
2023-01-26 03:00:00,230.57891695498327,49.97645810730827
2023-01-26 04:00:00,229.22655918209588,50.00774608459122
2023-01-26 05:00:00,228.86733047287666,49.999408198397944
2023-01-26 06:00:00,230.61480594470478,50.01320056288603
2023-01-26 07:00:00,228.05093762049398,49.99485501758571
2023-01-26 08:00:00,230.28306605984247,49.98588797242913
2023-01-26 09:00:00,228.78779526950947,49.99010779663183
2023-01-26 10:00:00,231.40239907101545,50.003061629929554
2023-01-26 11:00:00,228.54494780094413,50.01103827839683
2023-01-26 12:00:00,228.56634386754845,50.00025454445822
2023-01-26 13:00:00,232.32979080195705,50.009918462974944
2023-01-26 14:00:00,231.26263618592344,49.999922092695904
2023-01-26 15:00:00,229.19309313622963,50.00631095518389
2023-01-26 16:00:00,228.76374881023534,50.01719020670086
2023-01-26 17:00:00,229.07359610439792,50.005469170179076
2023-01-26 18:00:00,230.36023876772217,49.99267763387312
2023-01-26 19:00:00,230.2843468584096,50.002657268163986
2023-01-26 20:00:00,229.60110419347063,50.00101181761946
2023-01-26 21:00:00,231.71570370146608,49.99639841189005
2023-01-26 22:00:00,229.21393049524283,49.992018565984836
2023-01-26 23:00:00,228.10964240442544,50.0223251747271
2023-01-27 00:00:00,232.66970132171937,49.99736389669862
2023-01-27 01:00:00,230.91478934609395,49.97660127775323
2023-01-27 02:00:00,229.79497838170792,49.99364717110617
2023-01-27 03:00:00,230.20857244258153,49.99230763934095
2023-01-27 04:00:00,230.12075769156976,49.99751773153529
2023-01-27 05:00:00,228.3771984706041,49.985014732894996
2023-01-27 06:00:00,229.98324313928242,49.99451656673347
2023-01-27 07:00:00,230.43214776488838,50.00251529928569
2023-01-27 08:00:00,230.38339941032254,49.98660443887304
2023-01-27 09:00:00,227.61604691348043,50.0117278205789
2023-01-27 10:00:00,230.18818231286883,50.00042598486138
2023-01-27 11:00:00,230.46490590263852,50.001705882718895
2023-01-27 12:00:00,229.94936093055853,49.99600498066857
2023-01-27 13:00:00,228.78543306645267,50.002230953078474
2023-01-27 14:00:00,231.3113247352519,50.00767173301466
2023-01-27 15:00:00,229.96653282086663,50.00238649658428
2023-01-27 16:00:00,229.78613531166212,50.011322594593885
2023-01-27 17:00:00,229.8440956733363,50.00140598954467
2023-01-27 18:00:00,228.534635337803,50.00837788806045
2023-01-27 19:00:00,231.95510058841697,50.00425154797211
2023-01-27 20:00:00,231.12963752148303,49.97916214973641
2023-01-27 21:00:00,229.30988436539823,49.99117699693428
2023-01-27 22:00:00,228.07619769756838,49.99174561767836
2023-01-27 23:00:00,230.5269516524002,49.99200603300326
2023-01-28 00:00:00,230.74826474554536,49.98922389234587
2023-01-28 01:00:00,230.06537431657688,50.01131671653336
2023-01-28 02:00:00,229.66394663145905,50.015132331988234
2023-01-28 03:00:00,228.33394623124386,49.983585569290355
2023-01-28 04:00:00,230.59853175588498,50.00791517242517
2023-01-28 05:00:00,228.31727325927406,50.00596698914015
2023-01-28 06:00:00,230.2757759007023,50.02223800121998
2023-01-28 07:00:00,230.72665423691254,49.999227385073645
2023-01-28 08:00:00,229.69226734882943,49.984537852749604
2023-01-28 09:00:00,229.74641766064926,49.984496703303094
2023-01-28 10:00:00,227.4787645071245,50.011175352323754
2023-01-28 11:00:00,229.07286062291388,49.99150997037082
2023-01-28 12:00:00,229.52144313643927,50.00720096581235
2023-01-28 13:00:00,228.38522435870897,49.999725373801205
2023-01-28 14:00:00,231.28292374937487,50.00887971909503
2023-01-28 15:00:00,229.22315766094596,49.98451875448432
2023-01-28 16:00:00,229.53481525832774,50.00068200362425
2023-01-28 17:00:00,231.7834661332425,50.00787646163824
2023-01-28 18:00:00,231.02155241400015,50.00690931272699
2023-01-28 19:00:00,231.75824894007846,50.00962812038042
2023-01-28 20:00:00,231.27532380647406,49.98318129203243
2023-01-28 21:00:00,230.6934971573134,49.99884362197535
2023-01-28 22:00:00,229.19770696628257,49.99972425983414
2023-01-28 23:00:00,228.5269827947227,50.014668974934374
2023-01-29 00:00:00,230.7976730819417,50.02744845703746
2023-01-29 01:00:00,229.45463221211577,50.01437502866059
2023-01-29 02:00:00,227.65283113323892,50.0089624715286
2023-01-29 03:00:00,230.43700269473473,50.004478899134206
2023-01-29 04:00:00,230.23178715660657,50.00032869646129
2023-01-29 05:00:00,228.6984279251009,50.012639815494396
2023-01-29 06:00:00,231.39652562933293,50.00200465197509
2023-01-29 07:00:00,229.12936431183218,49.99526895899449
2023-01-29 08:00:00,232.22791211079914,49.999382755129965
2023-01-29 09:00:00,231.314182534706,49.99302467905456
2023-01-29 10:00:00,231.01067734207183,49.98141707236346
2023-01-29 11:00:00,229.39278881933362,49.982886279658516
2023-01-29 12:00:00,230.17318428079545,50.00043335648385
2023-01-29 13:00:00,230.26845969988145,49.97951396185001
2023-01-29 14:00:00,229.70999914909197,49.9884495043602
2023-01-29 15:00:00,230.01624937697895,50.004680610971235
2023-01-29 16:00:00,231.7327664589772,49.992499408626905
2023-01-29 17:00:00,229.3013725034945,49.98769602383721
2023-01-29 18:00:00,230.4569222149011,49.98883423329806
2023-01-29 19:00:00,229.4357393791149,50.011939098192684
2023-01-29 20:00:00,228.42593969102748,50.008276524786616
2023-01-29 21:00:00,231.0613588555321,49.9916593081929
2023-01-29 22:00:00,230.40415259441693,50.00491315692792
2023-01-29 23:00:00,230.98420152938212,50.00105825109689
2023-01-30 00:00:00,229.04226185094407,50.00821896465399
2023-01-30 01:00:00,229.3781815999163,50.01277963469162
2023-01-30 02:00:00,230.3943538382531,49.982738332934936
2023-01-30 03:00:00,230.77329419917388,50.00420576673656
2023-01-30 04:00:00,231.1932080029406,50.00037998675118
2023-01-30 05:00:00,229.89916736766287,50.0109618837881
2023-01-30 06:00:00,230.50358145342392,49.982807406831476
2023-01-30 07:00:00,231.78753781297087,49.98715685516537
2023-01-30 08:00:00,229.61715191660278,50.000956660388844
2023-01-30 09:00:00,230.28141167804807,49.99724936964758
2023-01-30 10:00:00,229.85441143731003,50.003520580199456
2023-01-30 11:00:00,230.21009999326802,49.98359689686567
2023-01-30 12:00:00,231.38596387190256,50.011941293449794
2023-01-30 13:00:00,229.40491038413444,50.001815049939566
2023-01-30 14:00:00,229.15752942392857,50.001807728096914
2023-01-30 15:00:00,230.87634447361395,49.998527472755185
2023-01-30 16:00:00,231.50971646856146,49.988511815991984
2023-01-30 17:00:00,228.5422325347825,49.992232501580176
2023-01-30 18:00:00,229.66167191847538,50.01640439142263
2023-01-30 19:00:00,230.3148248312341,50.000749974988
2023-01-30 20:00:00,230.04458283538997,50.00008254099372
2023-01-30 21:00:00,230.13935542955295,50.00853976974428
2023-01-30 22:00:00,230.06808051584576,49.99212105569231
2023-01-30 23:00:00,229.2657767800575,50.00429965049738
2023-01-31 00:00:00,227.43852544420048,50.001527946325076
2023-01-31 01:00:00,229.97416827296587,49.99717851501053
2023-01-31 02:00:00,229.77253381169564,49.99513641585635
2023-01-31 03:00:00,228.50522451322223,50.00663116885248
2023-01-31 04:00:00,229.3202405207135,50.00554751301913
2023-01-31 05:00:00,230.89092947357955,49.992416455814634
2023-01-31 06:00:00,229.80363121626004,50.004704836905795
2023-01-31 07:00:00,230.18678820221677,49.98875562360994
2023-01-31 08:00:00,228.9299902360749,49.99307488784247
2023-01-31 09:00:00,230.59350863857293,50.003792256371824
2023-01-31 10:00:00,232.2243404246385,50.00255198207382
2023-01-31 11:00:00,230.5234694419017,49.98919057749947
2023-01-31 12:00:00,230.43809423424727,50.00354789138155
2023-01-31 13:00:00,230.25160354313027,49.998150444503864
2023-01-31 14:00:00,229.33989889858236,50.010620560278824
2023-01-31 15:00:00,230.95984456908013,50.00419869091836
2023-01-31 16:00:00,229.87821204288008,49.9886632272527
2023-01-31 17:00:00,231.72361700801815,50.00183008392325
2023-01-31 18:00:00,231.7866390401958,49.99232200209773
2023-01-31 19:00:00,229.46203450804066,50.000771370974654
2023-01-31 20:00:00,230.76620394676664,50.00388840577859
2023-01-31 21:00:00,229.41222932637837,50.004900467844074
2023-01-31 22:00:00,231.1633666403359,49.99040646960761
2023-01-31 23:00:00,229.11881723897204,49.99390003669627
2023-02-01 00:00:00,230.23683737863098,50.000457699474765
2023-02-01 01:00:00,230.5191855443549,49.99560083032187
2023-02-01 02:00:00,230.77020935823506,49.99580404415923
2023-02-01 03:00:00,228.97841742177616,49.98931059286433
2023-02-01 04:00:00,230.4563230977499,50.00374726306266
2023-02-01 05:00:00,230.2150863008242,49.99349181186864
2023-02-01 06:00:00,228.865339231004,49.99675186658719
2023-02-01 07:00:00,231.15647137124665,50.00041252787417
2023-02-01 08:00:00,231.6067974637575,49.97493295774542
2023-02-01 09:00:00,230.0599257923377,49.98399640500898
2023-02-01 10:00:00,229.86707394531933,50.01586835887041
2023-02-01 11:00:00,229.6326793434381,49.98442216253349
2023-02-01 12:00:00,232.53361177419436,50.00920252082263
2023-02-01 13:00:00,230.93898560175865,50.00887361227209
2023-02-01 14:00:00,229.28500985903528,49.99981762491844
2023-02-01 15:00:00,228.4080650042479,50.01491796091389
2023-02-01 16:00:00,229.5731770888551,50.00821926410338
2023-02-01 17:00:00,229.57978370060113,50.00197158512616
2023-02-01 18:00:00,230.25530906362906,50.00389042643949
2023-02-01 19:00:00,230.04451741569622,50.0095357217784
2023-02-01 20:00:00,231.14462638801774,50.00397195100357
2023-02-01 21:00:00,227.29159539577526,50.008529436861835
2023-02-01 22:00:00,230.53772729885853,50.016088376856914
2023-02-01 23:00:00,230.8938647514712,50.012547875449705
2023-02-02 00:00:00,228.203069711653,49.99689102396762
2023-02-02 01:00:00,229.1325140208853,49.99147831286635
2023-02-02 02:00:00,229.51607708470345,50.000472600692824
2023-02-02 03:00:00,230.5063474687152,50.020753443525734
2023-02-02 04:00:00,229.58645985499376,49.9882243236884
2023-02-02 05:00:00,229.96567411455266,49.99786021949805
2023-02-02 06:00:00,229.21158074945401,49.99864775116335
2023-02-02 07:00:00,230.06366947574017,49.99151686205407
2023-02-02 08:00:00,229.36860591429186,50.001191647156624
2023-02-02 09:00:00,229.12233170959783,49.99427512231092
2023-02-02 10:00:00,230.14060915286396,49.99947949480134
2023-02-02 11:00:00,230.86417075354962,49.99832179623313
2023-02-02 12:00:00,230.2622501605358,50.00033478937971
2023-02-02 13:00:00,229.77483531846948,49.99037159566279
2023-02-02 14:00:00,231.00892215236053,49.99491691834056
2023-02-02 15:00:00,229.54149079451471,49.99841772746229
2023-02-02 16:00:00,229.92022100063355,49.99965929139875
2023-02-02 17:00:00,231.17002923209455,50.0000798399986
2023-02-02 18:00:00,229.56937877705016,50.00591271896889
2023-02-02 19:00:00,229.459048486593,49.98902187680402
2023-02-02 20:00:00,230.74361672736524,49.99732797785547
2023-02-02 21:00:00,229.00186164563047,49.99070750017162
2023-02-02 22:00:00,231.20148319495627,49.98967737394881
2023-02-02 23:00:00,228.06243939230703,50.00349345010973
2023-02-03 00:00:00,230.0746758450803,50.00080327352998
2023-02-03 01:00:00,229.34895946825625,49.994578392209405
2023-02-03 02:00:00,230.33958363221498,49.99407268016576
2023-02-03 03:00:00,231.4642059063189,49.986912729605095
2023-02-03 04:00:00,228.8428164032482,50.01051728906204
2023-02-03 05:00:00,228.59511136989528,49.99862654240206
2023-02-03 06:00:00,231.15028212144034,49.9838290359225
2023-02-03 07:00:00,229.76963949854914,50.00069853387514
2023-02-03 08:00:00,229.91730708224765,49.9923848047112
2023-02-03 09:00:00,229.73406341967933,49.99396086140232
2023-02-03 10:00:00,229.63739871480763,50.00988247603025
2023-02-03 11:00:00,229.08763004842626,49.99759891647851
2023-02-03 12:00:00,229.75745337611974,50.016618084562005
2023-02-03 13:00:00,229.1571132331611,50.0300253495273
2023-02-03 14:00:00,231.0012176264276,50.013738346191424
2023-02-03 15:00:00,229.44697406013887,49.98942019203631
2023-02-03 16:00:00,231.3108985959919,50.014049424276955
2023-02-03 17:00:00,230.66901595544897,49.99426578020999
2023-02-03 18:00:00,228.99799642415317,50.00499389327781
2023-02-03 19:00:00,228.93664904206588,50.01382731966068
2023-02-03 20:00:00,229.77942314988482,49.98879250509024
2023-02-03 21:00:00,229.26760813526369,50.00121032856643
2023-02-03 22:00:00,229.2607093148558,50.00117500637412
2023-02-03 23:00:00,230.83980440753854,49.9912840501604
2023-02-04 00:00:00,230.27442197452729,49.981859491797486
2023-02-04 01:00:00,231.23027349303123,50.00716634894443
2023-02-04 02:00:00,228.92808599997565,49.98585421085129
2023-02-04 03:00:00,228.1670133216514,50.00651119827824
2023-02-04 04:00:00,229.26939785746623,49.998083575378395
2023-02-04 05:00:00,231.0768465888382,50.01339815541542
2023-02-04 06:00:00,229.37292840880653,49.988691937930696
2023-02-04 07:00:00,231.63673427973313,49.99924499249072
2023-02-04 08:00:00,229.4667928144452,50.020952707711864
2023-02-04 09:00:00,230.5841739629316,49.99290823061118
2023-02-04 10:00:00,229.97412680549303,50.01639359999888
2023-02-04 11:00:00,228.0398606653537,49.99216247529795
2023-02-04 12:00:00,229.33994421405242,50.00160611544616
2023-02-04 13:00:00,230.47992214354113,49.99147208491786
2023-02-04 14:00:00,229.95282139195277,50.00519804785299
2023-02-04 15:00:00,229.56222826091354,49.98736928415134
2023-02-04 16:00:00,229.83127819291448,49.99462976730285
2023-02-04 17:00:00,230.15057970810352,49.99493622949392
2023-02-04 18:00:00,227.27820809565515,49.992863381311224
2023-02-04 19:00:00,229.44196124622007,50.01469214317848
2023-02-04 20:00:00,229.1910614912041,49.99229021385707
2023-02-04 21:00:00,230.69196308253123,50.001221997304974
2023-02-04 22:00:00,230.75787502828717,50.018565201624405
2023-02-04 23:00:00,230.16981514748534,50.002494521665746
2023-02-05 00:00:00,230.1133484082828,49.97514260366049
2023-02-05 01:00:00,227.98779126525298,50.02027999502478
2023-02-05 02:00:00,229.09127127925865,50.01115879165598
2023-02-05 03:00:00,229.64655995426554,50.01288425482467
2023-02-05 04:00:00,229.89069949241315,50.01344574736857
2023-02-05 05:00:00,229.99487589650195,49.9990530168613
2023-02-05 06:00:00,228.05173818345202,49.985282407408846
2023-02-05 07:00:00,230.97511965550908,50.00986212787962
2023-02-05 08:00:00,228.97666467016595,49.982966855172485
2023-02-05 09:00:00,227.73309714751767,49.98569924355069
2023-02-05 10:00:00,230.7834963851746,49.99992152870565
2023-02-05 11:00:00,229.08754709290008,50.010374809672754
2023-02-05 12:00:00,230.69214119555738,49.99320042770094
2023-02-05 13:00:00,228.25632490363458,49.99391893985773
2023-02-05 14:00:00,229.5949296628634,50.02553294388117
2023-02-05 15:00:00,229.03603923993097,50.009286959555304
2023-02-05 16:00:00,230.3928382791836,50.00449112944185
2023-02-05 17:00:00,229.10957143815816,50.01481247687014
2023-02-05 18:00:00,230.39306873812185,50.00604801517097
2023-02-05 19:00:00,229.57668517935255,49.988815309417845
2023-02-05 20:00:00,229.34242319331221,49.987947409520615
2023-02-05 21:00:00,230.8993080606782,49.998490460907774
2023-02-05 22:00:00,231.95362460337623,49.99718950103002
2023-02-05 23:00:00,229.6350705385568,50.021067108255
2023-02-06 00:00:00,229.22645608803495,49.99885596728526
2023-02-06 01:00:00,229.86122795248951,50.01748367077856
2023-02-06 02:00:00,230.10775397585448,50.003788933946815
2023-02-06 03:00:00,228.20594217544547,50.00828788058283
2023-02-06 04:00:00,228.98572590846283,49.970532732441434
2023-02-06 05:00:00,228.49388728076084,50.02368541511425
2023-02-06 06:00:00,228.8477743091049,49.992447094219
2023-02-06 07:00:00,231.45228598245924,50.01111940646189
2023-02-06 08:00:00,227.71332995002228,49.98420886807434
2023-02-06 09:00:00,230.3725746807888,50.01660648725698
2023-02-06 10:00:00,229.62967377794158,49.98436441501442
2023-02-06 11:00:00,230.24346236242243,49.99014965934686
2023-02-06 12:00:00,228.83149418724756,49.99540605102817
2023-02-06 13:00:00,229.53982580550314,49.99611455595276
2023-02-06 14:00:00,231.22372280929596,49.99666316107146
2023-02-06 15:00:00,229.5456076929026,50.003765482658395
2023-02-06 16:00:00,231.40990877171683,49.98925175423093
2023-02-06 17:00:00,227.27482507519136,50.00327098487595
2023-02-06 18:00:00,230.53910152961433,50.01716881725473
2023-02-06 19:00:00,230.0418153899259,49.98931880316462
2023-02-06 20:00:00,228.56176286604884,49.998933034657966
2023-02-06 21:00:00,230.9159635344575,50.00848840405036
2023-02-06 22:00:00,229.2512519300175,49.982851296770384
2023-02-06 23:00:00,230.2313606299826,49.98704249386184
2023-02-07 00:00:00,229.01310860174948,50.00535784193904
2023-02-07 01:00:00,229.48982330994139,49.99658312437464
2023-02-07 02:00:00,230.70549627675467,50.00219382032515
2023-02-07 03:00:00,232.3523747885436,50.0041430262152
2023-02-07 04:00:00,229.1021660310327,49.98327853559462
2023-02-07 05:00:00,231.24943480067935,50.01742315592537
2023-02-07 06:00:00,231.340004507362,49.99894220048775
2023-02-07 07:00:00,230.63771174019038,49.99930210480509
2023-02-07 08:00:00,230.76732841509178,49.99809164983641
2023-02-07 09:00:00,229.29275049544339,50.005541454673434
2023-02-07 10:00:00,229.03055795971432,50.007551923941705
2023-02-07 11:00:00,229.52700686234087,49.970773366348595
2023-02-07 12:00:00,230.2666952020233,50.00802101570702
2023-02-07 13:00:00,229.69864547864026,49.987292843944395
2023-02-07 14:00:00,229.2530130589632,49.99468606742021
2023-02-07 15:00:00,229.29729766146528,49.98921226181924
2023-02-07 16:00:00,229.69591972863378,49.99441454950604
2023-02-07 17:00:00,230.860179576975,49.99639150961235
2023-02-07 18:00:00,228.92118616253512,49.997703865444215
2023-02-07 19:00:00,230.5660953239522,49.98332927474017
2023-02-07 20:00:00,230.52505021089988,50.00006216503916
2023-02-07 21:00:00,229.47751525400173,50.00458580987301
2023-02-07 22:00:00,230.29592609694174,49.99904669045708
2023-02-07 23:00:00,231.18634712919967,49.99418819075886
2023-02-08 00:00:00,229.6757825330726,49.990509086260296
2023-02-08 01:00:00,229.22769202376452,49.97298541973416
2023-02-08 02:00:00,229.0377528182518,50.00492090490206
2023-02-08 03:00:00,229.15500052782656,50.00258644084278
2023-02-08 04:00:00,230.79080745358596,49.99576060245278
2023-02-08 05:00:00,229.94287578436422,49.983137006743384
2023-02-08 06:00:00,228.39791393487752,49.99792994809171
2023-02-08 07:00:00,231.2547663504142,49.99419198823294
2023-02-08 08:00:00,229.81938976091342,50.01333867844589
2023-02-08 09:00:00,230.48009658619176,50.01117518089062
2023-02-08 10:00:00,230.60154552025293,49.99197532499204
2023-02-08 11:00:00,229.16583833272693,50.00731380281363
2023-02-08 12:00:00,228.7695126317235,49.98883192441134
2023-02-08 13:00:00,229.03309918002222,50.012680369357284
2023-02-08 14:00:00,229.80491342553958,50.00181342747392
2023-02-08 15:00:00,230.4375545191409,50.02076607417383
2023-02-08 16:00:00,231.86340955049693,49.99296236800134
2023-02-08 17:00:00,230.89775985403531,50.01245164457489
2023-02-08 18:00:00,228.0352212761986,50.014626432988315
2023-02-08 19:00:00,229.8474957965881,49.99532146599315
2023-02-08 20:00:00,227.72532662548485,49.98626739929483
2023-02-08 21:00:00,230.96049394729218,50.00750148883652
2023-02-08 22:00:00,229.8008115841863,49.99005966423048
2023-02-08 23:00:00,230.0353069899943,49.9964579108859
2023-02-09 00:00:00,229.76374156230102,49.99180677691728
2023-02-09 01:00:00,230.07554470375675,50.01901493888974
2023-02-09 02:00:00,229.31436196027445,50.00046833590049
2023-02-09 03:00:00,230.09819807772806,50.00343514747841
2023-02-09 04:00:00,229.04986170370714,49.99997262049248
2023-02-09 05:00:00,230.29096419385834,49.99229848179239
2023-02-09 06:00:00,230.27053939011515,50.00591521908279
2023-02-09 07:00:00,230.4783991650197,50.00921228590341
2023-02-09 08:00:00,229.9009799840363,49.99372841910031
2023-02-09 09:00:00,231.039075347392,50.00086268855251
2023-02-09 10:00:00,231.8185465382082,50.01046822239476
2023-02-09 11:00:00,228.46595375914666,49.98821237812799
2023-02-09 12:00:00,228.73316341936933,49.99832216973291
2023-02-09 13:00:00,229.82906924147744,50.00820805740317
2023-02-09 14:00:00,229.54804009033745,49.989781506347285
2023-02-09 15:00:00,230.47498549098543,50.00125985144819
2023-02-09 16:00:00,230.4754323215921,49.994609871869606
2023-02-09 17:00:00,230.29976543052825,49.992889676145396
2023-02-09 18:00:00,228.34016132805004,49.99300706850967
2023-02-09 19:00:00,230.19623838187047,49.9865706426657
2023-02-09 20:00:00,231.85191099374913,49.97773628431103
2023-02-09 21:00:00,230.5163672624282,49.990393375113875
2023-02-09 22:00:00,229.93352942911258,50.004087207365096
2023-02-09 23:00:00,230.61810986424553,49.99016154209762
2023-02-10 00:00:00,229.1351663472068,49.99545952867259
2023-02-10 01:00:00,230.41751489506132,49.986199646442145
2023-02-10 02:00:00,229.97887228927942,50.001360589699964
2023-02-10 03:00:00,228.8562925876963,50.017347741974675
2023-02-10 04:00:00,230.2456664289685,50.005619625576614
2023-02-10 05:00:00,230.04398785538777,49.99738417412125
2023-02-10 06:00:00,230.8073559394609,50.00408610351532
2023-02-10 07:00:00,230.13305905754316,50.011789540086596
2023-02-10 08:00:00,230.2063844968553,50.01000627572915
2023-02-10 09:00:00,230.14864167378184,50.011248242160725
2023-02-10 10:00:00,230.13369368985022,50.00240832572906
2023-02-10 11:00:00,231.13935638996102,50.01782663073982
2023-02-10 12:00:00,230.71615591080956,49.99644499102716
2023-02-10 13:00:00,229.06200188484823,50.01445577021482
2023-02-10 14:00:00,229.87440784839757,50.00709086245818
2023-02-10 15:00:00,228.59177152235821,49.99347771056829
2023-02-10 16:00:00,231.49118529624423,49.982703944033105
2023-02-10 17:00:00,229.30337171327542,50.002035449476566
2023-02-10 18:00:00,229.23939304763698,49.983801074428804
2023-02-10 19:00:00,231.82545750693473,50.00216003292822
2023-02-10 20:00:00,229.403920009547,49.99026719110388
2023-02-10 21:00:00,229.05010581255632,50.00801345558395
2023-02-10 22:00:00,230.65855983961774,49.986692281649084
2023-02-10 23:00:00,229.99112967905782,50.01911489608709
2023-02-11 00:00:00,229.10585015435976,50.002701277829786
2023-02-11 01:00:00,230.33669380432767,49.98276482514587
2023-02-11 02:00:00,230.62718203816996,50.00771431713265
2023-02-11 03:00:00,230.86315102678836,49.98390793144664
2023-02-11 04:00:00,230.2540110891921,50.00585704776172
2023-02-11 05:00:00,230.8872545668963,49.99181146372229
2023-02-11 06:00:00,230.84671287699453,50.02264805268689
2023-02-11 07:00:00,229.5370001732886,49.99929389242359
2023-02-11 08:00:00,231.70758166290705,49.978402862948236
2023-02-11 09:00:00,230.65106497701066,49.998161510244884
2023-02-11 10:00:00,231.39470782397427,49.99005533044298
2023-02-11 11:00:00,229.8614842322531,50.014538516016245
2023-02-11 12:00:00,230.84683500170686,50.003162532788174
2023-02-11 13:00:00,230.27236103518942,49.9957228649251
2023-02-11 14:00:00,230.97002648222195,50.00418212517121
2023-02-11 15:00:00,229.58106094929624,50.00862750496703
2023-02-11 16:00:00,229.44412050166656,50.00789686332254
2023-02-11 17:00:00,231.23261916145364,49.97762545915466
2023-02-11 18:00:00,230.2429587145941,50.01364548149101
2023-02-11 19:00:00,230.98259116260783,49.981742402818966
2023-02-11 20:00:00,228.58861559228308,50.0108892321494
2023-02-11 21:00:00,229.19427530429428,49.99400448519668
2023-02-11 22:00:00,229.47711924476428,49.99658494292912
2023-02-11 23:00:00,231.29798657744533,49.99714010545755
2023-02-12 00:00:00,231.25976058499543,50.00100246669722
2023-02-12 01:00:00,230.08757866957765,50.01263435585268
2023-02-12 02:00:00,230.480988387366,50.01299008669141
2023-02-12 03:00:00,230.16826513403132,50.001895054148974
2023-02-12 04:00:00,229.00261478771236,50.00833659900078
2023-02-12 05:00:00,230.0596433453137,49.997722336784925
2023-02-12 06:00:00,229.09667596677912,49.9964882833077
2023-02-12 07:00:00,229.61899228995316,50.00864534732567
2023-02-12 08:00:00,229.77548522487277,50.01039882092656
2023-02-12 09:00:00,231.65076465020243,49.994089481550084
2023-02-12 10:00:00,230.157804970128,50.016297501094066
2023-02-12 11:00:00,229.5926669383948,50.01322081222468
2023-02-12 12:00:00,230.61371684472732,49.98232758989853
2023-02-12 13:00:00,229.3392821339461,49.99156013367096
2023-02-12 14:00:00,232.65745808667597,49.99364871702463
2023-02-12 15:00:00,230.43012066723537,49.99633876552789
2023-02-12 16:00:00,227.52754386390197,49.989126788381206
2023-02-12 17:00:00,229.19581819690268,49.99842291787254
2023-02-12 18:00:00,231.8012626228167,50.0020917412145
2023-02-12 19:00:00,230.14812309690268,50.01727231646379
2023-02-12 20:00:00,229.5270261066674,50.01076011943837
2023-02-12 21:00:00,230.40560278965708,50.023733795260064
2023-02-12 22:00:00,228.4105608028946,49.98703439204066
2023-02-12 23:00:00,229.0282842046681,50.00130283340019
2023-02-13 00:00:00,228.59262788808206,49.99857840894357
2023-02-13 01:00:00,229.6321754519571,49.99874124411781
2023-02-13 02:00:00,231.60925763909967,49.99424760961558
2023-02-13 03:00:00,230.5974880872663,49.995555209772405
2023-02-13 04:00:00,230.47880355413076,49.996023589949985
2023-02-13 05:00:00,229.3400624929192,50.00733040643762
2023-02-13 06:00:00,230.77972031480755,50.003286718680506
2023-02-13 07:00:00,229.22386079185196,49.99323501314558
2023-02-13 08:00:00,229.79555862916845,50.00939274840915
2023-02-13 09:00:00,230.7546093542669,49.984463538967354
2023-02-13 10:00:00,229.91889827261747,50.00812936502603
2023-02-13 11:00:00,230.9146745477364,50.004971372095184
2023-02-13 12:00:00,229.79948676145008,49.9898979181646
2023-02-13 13:00:00,231.35791652147546,50.00218721298277
2023-02-13 14:00:00,230.41748397086334,49.98943373650477
2023-02-13 15:00:00,229.11819934207767,50.004557877238824
2023-02-13 16:00:00,229.45660226899452,49.98405440962847
2023-02-13 17:00:00,229.77687335727308,50.004686023487906
2023-02-13 18:00:00,230.95720397812525,49.97898091931191
2023-02-13 19:00:00,231.837371453165,50.00470089075512
2023-02-13 20:00:00,228.51308174018519,49.98791712588258
2023-02-13 21:00:00,229.61376741923812,50.00200933769504
2023-02-13 22:00:00,231.2262820722586,50.00975659751142
2023-02-13 23:00:00,229.94426414266636,49.98807851769046
2023-02-14 00:00:00,229.84443459691985,49.973869236179794
2023-02-14 01:00:00,230.57450050203337,49.985728972890996
2023-02-14 02:00:00,228.6534023261473,49.99484570112233
2023-02-14 03:00:00,230.60675622598885,49.987782075447164
2023-02-14 04:00:00,230.30631346649943,49.98128116254532
2023-02-14 05:00:00,230.1973766006148,49.988855441722
2023-02-14 06:00:00,231.0805460414754,50.01158978328503
2023-02-14 07:00:00,229.93107217578873,50.01450600748621
2023-02-14 08:00:00,230.04034027038915,49.9854588413143
2023-02-14 09:00:00,230.18056925706577,50.005056555577184
2023-02-14 10:00:00,227.95217427625076,50.00428454459623
2023-02-14 11:00:00,231.04785981022667,49.99023282908843
2023-02-14 12:00:00,230.59367101258744,50.02285857548857
2023-02-14 13:00:00,230.54010401414703,49.99831191293136
2023-02-14 14:00:00,230.34044821674112,50.000580011908106
2023-02-14 15:00:00,231.35853446766038,49.98182419324132
2023-02-14 16:00:00,230.2130749800408,50.005751527289405
2023-02-14 17:00:00,229.78572013866744,49.98148547203662
2023-02-14 18:00:00,228.2657797014427,50.00167605612177
2023-02-14 19:00:00,228.72997443659835,49.994396492329386
2023-02-14 20:00:00,229.69528219662106,49.993054298409454
2023-02-14 21:00:00,230.09989236929025,49.99290671737871
2023-02-14 22:00:00,229.4096299846821,50.01383092575705
2023-02-14 23:00:00,229.77024630607218,50.00935050414099
2023-02-15 00:00:00,229.09553452780142,50.008359048521136
2023-02-15 01:00:00,230.94420900217233,49.99933259604901
2023-02-15 02:00:00,229.71511881595853,49.990624742710544
2023-02-15 03:00:00,231.17883006471567,49.99406194179144
2023-02-15 04:00:00,229.7378098489445,49.993125137578176
2023-02-15 05:00:00,230.3621209626743,50.003262344130654
2023-02-15 06:00:00,230.46822173125423,50.003157543078814
2023-02-15 07:00:00,230.16055027076857,50.00012286909539
2023-02-15 08:00:00,228.8958548413351,50.009414340594155
2023-02-15 09:00:00,229.65818936573152,49.99726758634736
2023-02-15 10:00:00,227.92319052714316,50.004761920519556
2023-02-15 11:00:00,231.64260908587468,49.987395833869584
2023-02-15 12:00:00,226.63955192970917,50.01937770648091
2023-02-15 13:00:00,230.84199341502742,50.009750700636644
2023-02-15 14:00:00,230.10850430203027,49.992120839616476
2023-02-15 15:00:00,228.26342140074797,50.008928589277986
2023-02-15 16:00:00,230.26054631140875,50.008446983019056
2023-02-15 17:00:00,228.89338615575664,49.98317650753386
2023-02-15 18:00:00,230.43243461308427,50.01016353007615
2023-02-15 19:00:00,229.94248765018273,49.98942795925088
2023-02-15 20:00:00,230.22947390869294,50.00607921529383
2023-02-15 21:00:00,229.63095345931924,50.01773117234801
2023-02-15 22:00:00,231.32984951756762,50.003612247241854
2023-02-15 23:00:00,228.98417961293976,50.030576510912
2023-02-16 00:00:00,229.32558057208362,50.00814036553745
2023-02-16 01:00:00,229.82874272159512,49.998890638923626
2023-02-16 02:00:00,229.89771336442675,49.998448765825735
2023-02-16 03:00:00,228.86831258174803,50.00399051385348
2023-02-16 04:00:00,228.00465474982738,49.99957431012909
2023-02-16 05:00:00,230.35554315999335,49.982913099694834
2023-02-16 06:00:00,230.32754609220302,49.99623403066896
2023-02-16 07:00:00,231.70283483511562,49.991972903150135
2023-02-16 08:00:00,231.25183407904458,50.00814967443715
2023-02-16 09:00:00,230.0661768567011,49.992610620782834
2023-02-16 10:00:00,229.32478270246136,50.00425539786889
2023-02-16 11:00:00,231.12835728320664,50.00122467118609
2023-02-16 12:00:00,229.15147183713216,49.99693412889055
2023-02-16 13:00:00,230.89285052572305,49.99355185240593
2023-02-16 14:00:00,228.5652134774595,50.00088903658816
2023-02-16 15:00:00,231.96584830817275,50.0006990713106
2023-02-16 16:00:00,228.9317890556148,49.992327396200174
2023-02-16 17:00:00,229.0100093522761,49.997417665586546
2023-02-16 18:00:00,228.0934785624147,49.9970982035495
2023-02-16 19:00:00,229.6026676348422,50.004844402504546
2023-02-16 20:00:00,230.4359609485184,50.000250083390696
2023-02-16 21:00:00,229.4022340349449,50.00222003537006
2023-02-16 22:00:00,229.1113177538821,50.000956343863905
2023-02-16 23:00:00,228.55088958349864,49.99632481882619
2023-02-17 00:00:00,230.279843205832,49.9947548960027
2023-02-17 01:00:00,230.69536372386412,50.012634893380685
2023-02-17 02:00:00,230.16357867668202,49.99205660990077
2023-02-17 03:00:00,230.692260016681,50.01672216344697
2023-02-17 04:00:00,228.7847942662967,50.01698629172898
2023-02-17 05:00:00,229.36709092846388,49.9933707837107
2023-02-17 06:00:00,229.79963037756082,50.005751656328606
2023-02-17 07:00:00,231.2775373053367,50.005571193924716
2023-02-17 08:00:00,231.2717374107024,50.00754030813973
2023-02-17 09:00:00,230.79325233402128,50.00428902296947
2023-02-17 10:00:00,230.76862714079704,49.99033575774481
2023-02-17 11:00:00,229.2109578046269,50.01463428350679
2023-02-17 12:00:00,230.10330380146078,50.01681479989527
2023-02-17 13:00:00,228.33324007881907,49.994684532060575
2023-02-17 14:00:00,230.76856359390302,49.99259493430661
2023-02-17 15:00:00,229.75053980163992,49.97973747077426
2023-02-17 16:00:00,232.04171488201067,50.00484295629111
2023-02-17 17:00:00,230.26109224616087,49.99758247695208
2023-02-17 18:00:00,229.24473615271341,49.98825375489345
2023-02-17 19:00:00,229.72640183675696,50.0016252265899
2023-02-17 20:00:00,229.36891633752606,49.9916985212863
2023-02-17 21:00:00,229.4184731801007,50.00442924332333
2023-02-17 22:00:00,229.97767679445843,49.993116777734166
2023-02-17 23:00:00,229.01322503247337,49.99192676542147
2023-02-18 00:00:00,229.94173086132616,50.00090233290396
2023-02-18 01:00:00,228.025893334537,49.99630243276088
2023-02-18 02:00:00,230.16060733003556,49.98552156353234
2023-02-18 03:00:00,229.2404970741314,50.011713090702855
2023-02-18 04:00:00,228.65151933757573,49.996203783984626
2023-02-18 05:00:00,230.72409664393584,50.00859960342321
2023-02-18 06:00:00,228.23102634475774,50.002840749500216
2023-02-18 07:00:00,230.62483322993955,49.98116018303494
2023-02-18 08:00:00,230.46893940383347,50.00521705549636
2023-02-18 09:00:00,229.1080737864172,49.99614280653297
2023-02-18 10:00:00,229.72547819458882,49.99771091937763
2023-02-18 11:00:00,230.26567929363136,50.02198087863722
2023-02-18 12:00:00,230.23196574567987,50.004789881964854
2023-02-18 13:00:00,230.9138234152134,49.99853988538376
2023-02-18 14:00:00,230.73198898565053,49.995759126261
2023-02-18 15:00:00,231.03499764361086,50.01956401595845
2023-02-18 16:00:00,231.15019798244978,49.99991337192126
2023-02-18 17:00:00,230.11395780587992,50.01023290852088
2023-02-18 18:00:00,229.70928831691887,50.00343813747511
2023-02-18 19:00:00,229.87880739469142,50.00160835323685
2023-02-18 20:00:00,229.65847841350308,50.01022442804745
2023-02-18 21:00:00,231.44781384386104,50.00244290553559
2023-02-18 22:00:00,229.24184701176145,49.999811839456314
2023-02-18 23:00:00,231.13430820296693,50.00519081231932
2023-02-19 00:00:00,229.51827105393505,49.98856884984507
2023-02-19 01:00:00,231.10478754127882,50.004608583577095
2023-02-19 02:00:00,230.72700777906186,50.00121065895089
2023-02-19 03:00:00,229.960798828897,49.99501666759596
2023-02-19 04:00:00,230.25914650409604,50.003548746850626
2023-02-19 05:00:00,228.89037373630833,49.99374005935279
2023-02-19 06:00:00,230.577490539849,49.99150624087364
2023-02-19 07:00:00,230.94729905818355,50.01144481956479
2023-02-19 08:00:00,231.33785200045907,50.00815609918925
2023-02-19 09:00:00,229.67513723077064,50.008191725055745
2023-02-19 10:00:00,232.2001307057386,50.012731318590546
2023-02-19 11:00:00,229.68236192716114,50.00696583211749
2023-02-19 12:00:00,229.5500446811552,49.984577071385786
2023-02-19 13:00:00,229.8330289033227,50.00968888295093
2023-02-19 14:00:00,229.84223187773773,49.9959328347974
2023-02-19 15:00:00,228.56623030029976,49.994772368633264
2023-02-19 16:00:00,228.86864402750047,50.005951357855196
2023-02-19 17:00:00,228.77823968168627,50.01003759960653
2023-02-19 18:00:00,230.2351028952074,50.00483454232314
2023-02-19 19:00:00,231.49641707784394,49.99837668675739
2023-02-19 20:00:00,229.33167176220385,50.008951096281294
2023-02-19 21:00:00,229.87155538704582,50.00239084056209
2023-02-19 22:00:00,229.1922421449052,50.00404490077181
2023-02-19 23:00:00,230.66022091874345,49.989996402352524
2023-02-20 00:00:00,230.26723602041403,49.98716528480024
2023-02-20 01:00:00,230.92291875817605,49.99668713097025
2023-02-20 02:00:00,228.9942663473831,49.990101730771585
2023-02-20 03:00:00,229.9627054209926,50.01349189592649
2023-02-20 04:00:00,229.76615877424658,49.98525267823653
2023-02-20 05:00:00,229.82973155366,49.9929182642244
2023-02-20 06:00:00,230.9949786326303,49.982700361893926
2023-02-20 07:00:00,229.42926497629193,50.00396640135862
2023-02-20 08:00:00,229.5506928355996,49.99368161803416
2023-02-20 09:00:00,229.20848230221418,50.01669986011432
2023-02-20 10:00:00,232.15756449722485,50.00382120842405
2023-02-20 11:00:00,229.04718306726383,49.997127846934745
2023-02-20 12:00:00,230.5943775010096,50.002487249449665
2023-02-20 13:00:00,228.63008751111497,50.00441258549026
2023-02-20 14:00:00,230.46270232453065,50.007889618694456
2023-02-20 15:00:00,228.85178019950828,50.00998494022854
2023-02-20 16:00:00,230.15188744454986,49.99613673158954
2023-02-20 17:00:00,230.31134064034907,49.99146746980537
2023-02-20 18:00:00,229.92519803574095,50.00379127325683
2023-02-20 19:00:00,230.70613036098186,50.01719411234461
2023-02-20 20:00:00,230.46513531626633,50.01271679982401
2023-02-20 21:00:00,229.31702138590555,50.019062623629075
2023-02-20 22:00:00,230.49212313528426,50.016226585067564
2023-02-20 23:00:00,230.22713472943065,49.98853785341181
2023-02-21 00:00:00,230.95713880902494,49.99960481348601
2023-02-21 01:00:00,228.54824253187843,49.998841060763354
2023-02-21 02:00:00,230.11229015852933,50.00114795031969
2023-02-21 03:00:00,230.09558903937577,50.00181654637976
2023-02-21 04:00:00,229.62817961377687,50.010949471671836
2023-02-21 05:00:00,231.05921675657697,49.98289725255791
2023-02-21 06:00:00,229.2895138030406,50.007968079050656
2023-02-21 07:00:00,230.71230418047352,50.00594252510127
2023-02-21 08:00:00,229.2758421881394,50.006001453846046
2023-02-21 09:00:00,231.32607601921583,49.99402949890651
2023-02-21 10:00:00,230.4055468281934,50.00607180009999
2023-02-21 11:00:00,228.4427186268315,49.99487052775091
2023-02-21 12:00:00,231.13677255950893,50.00265060097863
2023-02-21 13:00:00,230.56221848052385,49.99840487237653
2023-02-21 14:00:00,230.0913340537668,49.99258869762832
2023-02-21 15:00:00,229.3602125270989,49.98350671398933
2023-02-21 16:00:00,229.14604283240487,50.008584847017936
2023-02-21 17:00:00,230.50540385276096,49.9952956882285
2023-02-21 18:00:00,228.4586991632976,49.99784581805521
2023-02-21 19:00:00,229.32338100298,50.00449782994934
2023-02-21 20:00:00,230.69781558485838,49.98758537453524
2023-02-21 21:00:00,228.5933877327467,50.00617982019721
2023-02-21 22:00:00,228.63878558167636,50.002746740778115
2023-02-21 23:00:00,230.52131561979664,49.98674298571339
2023-02-22 00:00:00,229.73363178946778,49.99370043417508
2023-02-22 01:00:00,231.66478026955267,50.0094613855618
2023-02-22 02:00:00,229.6948212570993,50.011961666028036
2023-02-22 03:00:00,228.44895176198568,50.00915173218048
2023-02-22 04:00:00,231.1332621885779,49.9923517710379
2023-02-22 05:00:00,228.67034029750607,49.99427399207873
2023-02-22 06:00:00,228.9900765219144,49.988743239267706
2023-02-22 07:00:00,229.66420852022975,50.00733986378499
2023-02-22 08:00:00,230.16262289488753,49.987482078946215
2023-02-22 09:00:00,230.38090902427822,50.01741114593954
2023-02-22 10:00:00,230.96064790906868,49.99938241613929
2023-02-22 11:00:00,227.42452094712968,49.99702671808164
2023-02-22 12:00:00,229.0585568069471,49.995203152175286
2023-02-22 13:00:00,231.05832363297966,49.99307864308313
2023-02-22 14:00:00,229.10546053208128,49.99976742961974
2023-02-22 15:00:00,229.94897081097434,49.9907656282699
2023-02-22 16:00:00,231.34710319083584,50.00979849512481
2023-02-22 17:00:00,229.82886010956045,50.00838150226294
2023-02-22 18:00:00,229.73791273740878,50.002167376669064
2023-02-22 19:00:00,229.839905616615,50.00848031486317
2023-02-22 20:00:00,231.287873549935,49.991519775470614
2023-02-22 21:00:00,228.39725196869932,49.9888430578579
2023-02-22 22:00:00,231.78745989851873,50.00464926232831
2023-02-22 23:00:00,229.77368000859505,49.99863650641973
2023-02-23 00:00:00,229.65881297364342,50.00072581860375
2023-02-23 01:00:00,229.18863192411254,49.989615506008455
2023-02-23 02:00:00,228.86500719272553,50.0005136007615
2023-02-23 03:00:00,227.66133967599558,49.988645604269514
2023-02-23 04:00:00,231.21764371557242,50.01081187967527
2023-02-23 05:00:00,227.7841481701091,49.99951927874989
2023-02-23 06:00:00,229.94855530223847,50.014003443247084
2023-02-23 07:00:00,229.55783401758805,50.00175661218424
2023-02-23 08:00:00,230.29276383529225,49.992481352034986
2023-02-23 09:00:00,228.0041554048403,50.00782055446575
2023-02-23 10:00:00,229.17415930015633,49.98866395815171
2023-02-23 11:00:00,230.47472076535098,49.99704097019037
2023-02-23 12:00:00,230.1844183692347,49.99829111013677
2023-02-23 13:00:00,229.3364225075451,49.977264855034434
2023-02-23 14:00:00,230.10325444325542,50.014582147548374
2023-02-23 15:00:00,231.72279671031959,50.00540037129484
2023-02-23 16:00:00,231.08905900000278,49.985732507945634
2023-02-23 17:00:00,230.97186480237178,50.00320397528619
2023-02-23 18:00:00,230.5497426387422,49.98877482064854
2023-02-23 19:00:00,230.18140218916696,50.00312499581962
2023-02-23 20:00:00,229.31633048286136,49.990816466780004
2023-02-23 21:00:00,230.05561878697387,50.0006952835418
2023-02-23 22:00:00,231.96683050162613,50.004021705229555
2023-02-23 23:00:00,230.91954434148207,50.00255164495781
2023-02-24 00:00:00,229.64169197462292,49.996813967677745
2023-02-24 01:00:00,227.90443772443734,49.99335368174268
2023-02-24 02:00:00,230.7574858110051,49.997252779686384
2023-02-24 03:00:00,230.93626958867523,50.010131662420974
2023-02-24 04:00:00,229.45708639036698,50.00477292298234
2023-02-24 05:00:00,229.3320806012634,50.00764216621629
2023-02-24 06:00:00,228.05112111956856,49.999694795718746
2023-02-24 07:00:00,231.25583960645915,50.010219745422084
2023-02-24 08:00:00,229.58503064179706,50.01489201126849
2023-02-24 09:00:00,230.260707593931,49.98641068994828
2023-02-24 10:00:00,228.90128442066424,49.98941964808204
2023-02-24 11:00:00,228.55221536725438,50.01079767731395
2023-02-24 12:00:00,231.4955670116981,50.01725331022628
2023-02-24 13:00:00,229.61060873267036,49.98892613439647
2023-02-24 14:00:00,229.24958367486911,49.986393841943006
2023-02-24 15:00:00,232.90239811848835,49.99242778065739
2023-02-24 16:00:00,230.9851988465217,49.99512742837376
2023-02-24 17:00:00,229.27852177947503,50.00151836894054
2023-02-24 18:00:00,230.73709873389404,50.00774075332262
2023-02-24 19:00:00,228.39487398533035,49.998158224306
2023-02-24 20:00:00,229.68086685102318,50.017303004396254
2023-02-24 21:00:00,229.16209646945245,49.99953341166703
2023-02-24 22:00:00,230.41849518112184,49.99312693259535
2023-02-24 23:00:00,231.65671679881657,49.990461564719126
2023-02-25 00:00:00,228.30598375884617,49.995667936548664
2023-02-25 01:00:00,231.85711758949537,50.001892360383984
2023-02-25 02:00:00,230.74963280227198,49.99874374788024
2023-02-25 03:00:00,229.00078071074577,49.996075294166054
2023-02-25 04:00:00,229.01982440627407,49.99686880568277
2023-02-25 05:00:00,229.2853738516617,49.992111459791815
2023-02-25 06:00:00,229.1336172743004,50.002280396822876
2023-02-25 07:00:00,229.1649571063592,50.0199374271217
2023-02-25 08:00:00,228.18583599617523,49.99687552425367
2023-02-25 09:00:00,229.80477513401797,50.00375385581903
2023-02-25 10:00:00,230.74664170375453,49.99516082080994
2023-02-25 11:00:00,229.42582658631636,50.017016935940156
2023-02-25 12:00:00,230.29735808381383,49.99427272963176
2023-02-25 13:00:00,231.1252817986612,49.995922256956426
2023-02-25 14:00:00,228.5048463018566,49.98407813002304
2023-02-25 15:00:00,229.33237986235557,49.98127244000197
2023-02-25 16:00:00,228.49433464797409,49.99783721411118
2023-02-25 17:00:00,228.59851206367773,49.99443298113286
2023-02-25 18:00:00,231.3613659428749,50.00502765617303
2023-02-25 19:00:00,229.49560961902387,50.00524933303702
2023-02-25 20:00:00,230.46285942552302,50.00198099663201
2023-02-25 21:00:00,230.16539117337004,50.0048313155382
2023-02-25 22:00:00,230.70831797793457,50.00617813690898
2023-02-25 23:00:00,230.14763674971377,50.004153347089876
2023-02-26 00:00:00,230.10680754628856,49.994268996098945
2023-02-26 01:00:00,228.51723321873806,49.991821335218894
2023-02-26 02:00:00,230.03499258643436,49.997414337923416
2023-02-26 03:00:00,230.0236716360064,49.996047808167646
2023-02-26 04:00:00,229.05817730314135,50.00180130547734
2023-02-26 05:00:00,227.9313200984576,50.01000427776737
2023-02-26 06:00:00,230.2448611759816,49.996700200442135
2023-02-26 07:00:00,231.22426952386263,50.00182606524691
2023-02-26 08:00:00,228.23049416809465,50.01973068393815
2023-02-26 09:00:00,229.83166317591395,50.003290635236176
2023-02-26 10:00:00,227.7665279915413,50.005045521123165
2023-02-26 11:00:00,230.6498676866886,50.01657821927906
2023-02-26 12:00:00,231.18417549629447,49.99797189378714
2023-02-26 13:00:00,229.9023424107322,50.006445523984745
2023-02-26 14:00:00,230.62474957613696,49.991448088027084
2023-02-26 15:00:00,230.0635620810747,49.99640041229039
2023-02-26 16:00:00,229.02946099879094,49.996440897578495
2023-02-26 17:00:00,229.86555445454727,50.004724759946164
2023-02-26 18:00:00,229.97268986445528,50.02080582518982
2023-02-26 19:00:00,229.85467581182712,49.9921440142886
2023-02-26 20:00:00,230.37139356835627,50.01113712749196
2023-02-26 21:00:00,230.13255309730505,50.008527936679336
2023-02-26 22:00:00,229.80583300098368,50.00233152827483
2023-02-26 23:00:00,229.35869578748753,50.00272316421336
2023-02-27 00:00:00,230.49969908033475,50.007175001867445
2023-02-27 01:00:00,230.43023829383293,50.00025554653166
2023-02-27 02:00:00,230.1769704503985,49.995717665620056
2023-02-27 03:00:00,229.170505768187,50.011195218369394
2023-02-27 04:00:00,228.86883441259403,49.99864118485243
2023-02-27 05:00:00,230.67572488597852,50.00136248773826
2023-02-27 06:00:00,229.1081455848006,49.98999324963815
2023-02-27 07:00:00,229.66244342842887,49.99932036954324
2023-02-27 08:00:00,228.44443423958555,49.98575275041137
2023-02-27 09:00:00,230.4430787437654,50.001450897393035
2023-02-27 10:00:00,228.7603475247285,49.98574356229321
2023-02-27 11:00:00,228.7086646291893,49.982572832249986
2023-02-27 12:00:00,229.01076328262386,49.98548057538327
2023-02-27 13:00:00,230.42902750253594,50.00455931954237
2023-02-27 14:00:00,229.78383459607548,49.99030949008261
2023-02-27 15:00:00,229.36625001107794,49.99871965113506
2023-02-27 16:00:00,231.6526402301907,49.99361885623968
2023-02-27 17:00:00,230.52218494828747,50.004277231544066
2023-02-27 18:00:00,228.00842626215376,49.98235940407976
2023-02-27 19:00:00,229.12663161587665,49.999472383770204
2023-02-27 20:00:00,228.02202663974936,49.995890475965474
2023-02-27 21:00:00,229.52199072677575,50.007348762810835
2023-02-27 22:00:00,231.03634500871166,50.00606902894528
2023-02-27 23:00:00,230.24878593668885,49.978577815059
2023-02-28 00:00:00,229.76637501960593,50.01174263221705
2023-02-28 01:00:00,229.528170375885,50.01033669721511
2023-02-28 02:00:00,230.31999381871123,50.004589867697995
2023-02-28 03:00:00,228.3058100501923,49.98608504798039
2023-02-28 04:00:00,229.87959304626992,50.0051091568837
2023-02-28 05:00:00,230.1686088070611,50.006996813545456
2023-02-28 06:00:00,228.72605582487807,49.99681497217865
2023-02-28 07:00:00,229.11228759380973,50.00944015212992
2023-02-28 08:00:00,231.9673012116122,50.016860971556575
2023-02-28 09:00:00,230.5277019715739,49.996074104727406
2023-02-28 10:00:00,228.2952948150134,49.99107167678918
2023-02-28 11:00:00,229.24971157322952,49.99792573329103
2023-02-28 12:00:00,229.9709783659103,50.00529000794783
2023-02-28 13:00:00,232.30828916201065,49.999854511679516
2023-02-28 14:00:00,230.89000556399958,49.99041448227589
2023-02-28 15:00:00,231.08996851506177,50.01163857315763
2023-02-28 16:00:00,230.3978938096509,49.99829435529007
2023-02-28 17:00:00,229.01547565462133,50.00604924813186
2023-02-28 18:00:00,231.59500300551542,50.00643987237552
2023-02-28 19:00:00,230.85441305508192,49.998192912040636
2023-02-28 20:00:00,231.27538195777635,50.00622688826715
2023-02-28 21:00:00,231.70094489627567,50.017317953052874
2023-02-28 22:00:00,231.5556979658344,50.00913975629119
2023-02-28 23:00:00,229.9838072599376,49.98380993766046
2023-03-01 00:00:00,230.27321567605915,49.99824137011252
2023-03-01 01:00:00,230.19287997974376,49.993081078904346
2023-03-01 02:00:00,230.92852965729608,50.01203736665679
2023-03-01 03:00:00,230.33198309575351,49.999973619489374
2023-03-01 04:00:00,230.14512139757315,49.998509840288726
2023-03-01 05:00:00,229.8943832152363,49.9850059641871
2023-03-01 06:00:00,229.85139868436056,50.03061080145029
2023-03-01 07:00:00,230.30100425136956,50.00108196211681
2023-03-01 08:00:00,231.29847239116975,49.99848350821746
2023-03-01 09:00:00,229.04799118939175,49.984873990293536
2023-03-01 10:00:00,230.07276395711858,50.00174737308965
2023-03-01 11:00:00,230.34524221686402,49.99944351842496
2023-03-01 12:00:00,231.65618041217863,50.00128350570438
2023-03-01 13:00:00,229.56777776696734,49.986082613793236
2023-03-01 14:00:00,229.2202342508484,49.98333224412247
2023-03-01 15:00:00,231.50976464099304,50.01693235230645
2023-03-01 16:00:00,230.50961657597108,49.988305160864584
2023-03-01 17:00:00,229.57734225922417,50.00524556217699
2023-03-01 18:00:00,231.05558617071645,49.99718969278492
2023-03-01 19:00:00,228.1234176296077,50.00995115091837
2023-03-01 20:00:00,229.94648039757448,50.001907075905876
2023-03-01 21:00:00,230.29413528165423,50.00092042797331
2023-03-01 22:00:00,230.58974864764795,50.001429705592756
2023-03-01 23:00:00,229.1739565374239,49.99229091750083
2023-03-02 00:00:00,229.1570678045796,49.988393032304224
2023-03-02 01:00:00,231.54037878774218,49.99756183033304
2023-03-02 02:00:00,230.01614562575483,49.984691740435096
2023-03-02 03:00:00,230.1593692632989,49.978804924200986
2023-03-02 04:00:00,229.2714992684541,50.001444179776094
2023-03-02 05:00:00,229.08273757929874,49.997263490584054
2023-03-02 06:00:00,229.43248949448903,50.00975721294166
2023-03-02 07:00:00,231.19553046304364,50.00844252149467
2023-03-02 08:00:00,229.3778368627514,50.00516512646281
2023-03-02 09:00:00,229.76350447395893,50.005018492443476
2023-03-02 10:00:00,231.6125769798693,49.99208344434161
2023-03-02 11:00:00,232.1365939554355,50.00473546681354
2023-03-02 12:00:00,228.5333594620876,49.99389122023095
2023-03-02 13:00:00,227.8743993007868,50.00581860011081
2023-03-02 14:00:00,229.28744075528255,50.02755440379641
2023-03-02 15:00:00,229.02198367130123,49.97596188713196
2023-03-02 16:00:00,230.47711330839792,50.00735788971937
2023-03-02 17:00:00,229.98641926484638,50.00072648590159
2023-03-02 18:00:00,229.87072653603974,49.99378906489863
2023-03-02 19:00:00,230.8773306743437,50.00749021104649
2023-03-02 20:00:00,227.87211226271623,49.98737792943261
2023-03-02 21:00:00,229.3819073226459,50.02054330594646
2023-03-02 22:00:00,229.88351827742716,50.01060886987387
2023-03-02 23:00:00,231.0321082917735,49.99445430975876
2023-03-03 00:00:00,229.94137319250314,49.98072104395271
2023-03-03 01:00:00,230.4112130648065,49.9937465821657
2023-03-03 02:00:00,229.67443505199162,50.01431038452142
2023-03-03 03:00:00,229.9568995467032,50.01920550713813
2023-03-03 04:00:00,229.70697317607306,49.997627679230746
2023-03-03 05:00:00,229.7699681245736,50.00711658218845
2023-03-03 06:00:00,230.07553493564714,49.99588949278643
2023-03-03 07:00:00,231.44632225328863,49.99711658045262
2023-03-03 08:00:00,230.41424226906796,49.99125569674525
2023-03-03 09:00:00,229.7944783162842,50.0139870762928
2023-03-03 10:00:00,230.5444383251908,49.992919748524734
2023-03-03 11:00:00,230.18218830638585,50.00395674424185
2023-03-03 12:00:00,230.58728202529267,50.001739481738284
2023-03-03 13:00:00,229.60616310958247,50.02618785333158
2023-03-03 14:00:00,230.49190690471724,50.00032311244992
2023-03-03 15:00:00,230.51003621198103,49.99495445726571
2023-03-03 16:00:00,228.58059615354006,49.99269716895267
2023-03-03 17:00:00,229.61486725547135,50.009140464528095
2023-03-03 18:00:00,229.82886360700294,50.02022805424813
2023-03-03 19:00:00,229.67436017399325,50.01808973741995
2023-03-03 20:00:00,228.97130051966704,49.99509677026082
2023-03-03 21:00:00,227.5283461734042,50.00811951141614
2023-03-03 22:00:00,231.02815603754166,49.98960486293275
2023-03-03 23:00:00,227.83371603036272,49.999768049592
2023-03-04 00:00:00,231.97857834679505,49.98627498526642
2023-03-04 01:00:00,229.76359131927282,50.000450592404846
2023-03-04 02:00:00,229.33265378021966,49.9898815854326
2023-03-04 03:00:00,228.4498988904783,49.99932702710553
2023-03-04 04:00:00,228.340126097352,50.013261708679
2023-03-04 05:00:00,229.10830194745708,49.991508085002664
2023-03-04 06:00:00,230.19069855225953,49.99596413910086
2023-03-04 07:00:00,231.41223959661778,50.00956693639122
2023-03-04 08:00:00,228.45082777044303,49.99621521989733
2023-03-04 09:00:00,230.359053692549,49.98796570572043
2023-03-04 10:00:00,228.14915792028287,49.995841354309846
2023-03-04 11:00:00,229.09411766494588,50.000255313433776
2023-03-04 12:00:00,230.5024324055411,50.00618211832715
2023-03-04 13:00:00,228.98297479169568,49.98204950971399
2023-03-04 14:00:00,231.54358553658227,50.00568372328956
2023-03-04 15:00:00,230.7548062500799,50.00196625529576
2023-03-04 16:00:00,230.49561123570606,49.97896630038638
2023-03-04 17:00:00,229.44200444016363,49.99732024589578
2023-03-04 18:00:00,229.13349618502082,50.00109388023733
2023-03-04 19:00:00,229.5432081684171,49.991298222842374
2023-03-04 20:00:00,230.24991261325346,49.98947406487056
2023-03-04 21:00:00,230.24936591276798,49.99946888410696
2023-03-04 22:00:00,229.1811085500932,49.99973905327777
2023-03-04 23:00:00,229.27374454217363,49.97869358536842
2023-03-05 00:00:00,228.45237166532212,49.993041581985565
2023-03-05 01:00:00,232.2795072900961,49.991865017229316
2023-03-05 02:00:00,229.10239081939076,49.986594121048135
2023-03-05 03:00:00,228.3155042082695,50.008569308645605
2023-03-05 04:00:00,227.51230723493927,50.009421498788086
2023-03-05 05:00:00,229.32845958113606,49.98544143324003
2023-03-05 06:00:00,230.40601217018732,49.99820751874243
2023-03-05 07:00:00,229.89517213926146,50.004322843108866
2023-03-05 08:00:00,229.8109836046116,50.009910263327825
2023-03-05 09:00:00,230.72961827677813,50.008723443977885
2023-03-05 10:00:00,230.58355877442915,49.99644427483531
2023-03-05 11:00:00,229.10158669090774,50.000871759450845
2023-03-05 12:00:00,230.26060596115758,50.010935458986744
2023-03-05 13:00:00,230.06935111351007,49.99586809794826
2023-03-05 14:00:00,229.40754778625296,49.99079948725184
2023-03-05 15:00:00,231.42918252733145,50.01127234080486
2023-03-05 16:00:00,229.22284673353943,49.98953992690599
2023-03-05 17:00:00,229.42321588894725,49.98275077306552
2023-03-05 18:00:00,229.52408170116553,50.00289517922599
2023-03-05 19:00:00,230.92668704892503,50.00716640394638
2023-03-05 20:00:00,231.0872912658015,50.01217908552717
2023-03-05 21:00:00,231.35045503239317,50.006642084398536
2023-03-05 22:00:00,230.77426645642373,50.00788228496808
2023-03-05 23:00:00,229.90008788696565,49.98881648269249
2023-03-06 00:00:00,230.96147936859765,50.00380364764885
2023-03-06 01:00:00,230.37523061081174,50.00574942934543
2023-03-06 02:00:00,229.87617752112783,49.99388898680483
2023-03-06 03:00:00,229.5358371740209,50.00007255179716
2023-03-06 04:00:00,229.82818290357685,50.0116498266262
2023-03-06 05:00:00,229.52329947920978,50.00880020108326
2023-03-06 06:00:00,230.41525746177817,50.01201383766713
2023-03-06 07:00:00,229.787361631805,49.99478450444585
2023-03-06 08:00:00,230.48843002958776,50.01528770736031
2023-03-06 09:00:00,230.5072073096554,49.99457120623278
2023-03-06 10:00:00,230.00745610049083,49.985410194397964
2023-03-06 11:00:00,229.54875269715257,49.998782430815254
2023-03-06 12:00:00,229.09186815007797,49.999026685507665
2023-03-06 13:00:00,229.89208666864317,49.99149585065187
2023-03-06 14:00:00,230.29344575464123,50.003882782660796
2023-03-06 15:00:00,228.63512838211358,50.02437442542916
2023-03-06 16:00:00,228.22222589303382,50.005017797321685
2023-03-06 17:00:00,229.87759375455045,50.00861905021326
2023-03-06 18:00:00,229.10486655512395,50.00737471346462
2023-03-06 19:00:00,231.00916704024672,49.994032866680726
2023-03-06 20:00:00,231.30490499060377,49.98955139228848
2023-03-06 21:00:00,228.98881359191878,49.99852753829978
2023-03-06 22:00:00,228.29735037586636,50.000128889125044
2023-03-06 23:00:00,230.57565217460373,50.01300262655544
2023-03-07 00:00:00,230.20375964126498,49.99244322978846
2023-03-07 01:00:00,230.3936542251105,50.000303234547594
2023-03-07 02:00:00,230.76732813498137,49.99998317126434
2023-03-07 03:00:00,229.58153792542745,49.99710569087969
2023-03-07 04:00:00,229.80294703586003,50.005445705474735
2023-03-07 05:00:00,230.8124652704186,50.00237581486239
2023-03-07 06:00:00,230.44609251497715,50.01375872479669
2023-03-07 07:00:00,232.04692940890925,50.001522903412265
2023-03-07 08:00:00,230.2935996605339,49.98065464240738
2023-03-07 09:00:00,230.25665021756947,49.989841308018114
2023-03-07 10:00:00,230.8813692121902,49.994698506122404
2023-03-07 11:00:00,232.06592137119654,49.975287786931
2023-03-07 12:00:00,230.71480692146324,49.989344978569434
2023-03-07 13:00:00,229.71301292933654,50.00978696898538
2023-03-07 14:00:00,229.33890287479142,49.98475513579267
2023-03-07 15:00:00,230.16224783697214,50.00505321537289
2023-03-07 16:00:00,228.90008264175523,49.987086561213715
2023-03-07 17:00:00,230.64569814383194,49.999782692818265
2023-03-07 18:00:00,230.2976222221998,49.99995646503776
2023-03-07 19:00:00,230.51823930976352,50.00257108695561
2023-03-07 20:00:00,228.2223872656126,49.98555800151622
2023-03-07 21:00:00,231.34701834032595,50.0100739293574
2023-03-07 22:00:00,228.8791641585992,49.99548080919294
2023-03-07 23:00:00,228.7414611160047,49.99084425397773
2023-03-08 00:00:00,227.98248604457524,50.0046120970704
2023-03-08 01:00:00,229.39496457634675,49.9997725667335
2023-03-08 02:00:00,230.15343880365202,49.992820399873985
2023-03-08 03:00:00,229.8975669500187,49.99589733478596
2023-03-08 04:00:00,230.6960585343384,49.97148822193817
2023-03-08 05:00:00,231.27602586832347,49.99799910483742
2023-03-08 06:00:00,231.36039647300507,49.99578815725308
2023-03-08 07:00:00,229.74393863019435,49.99543784279139
2023-03-08 08:00:00,229.85386017146536,49.99241403924107
2023-03-08 09:00:00,229.86266487726343,50.00614489179256
2023-03-08 10:00:00,229.58697919706606,50.00424197727984
2023-03-08 11:00:00,232.0245975312823,50.002815449614246
2023-03-08 12:00:00,230.3123455356039,49.98951765065876
2023-03-08 13:00:00,230.50755647651135,49.99345551273163
2023-03-08 14:00:00,230.6803084330361,49.97192442801523
2023-03-08 15:00:00,231.213939688106,50.004229247484055
2023-03-08 16:00:00,229.7705114966267,50.01329242058818
2023-03-08 17:00:00,230.5120966390239,49.97921034146656
2023-03-08 18:00:00,230.58813328028353,50.009912578862554
2023-03-08 19:00:00,228.44033363436353,50.01169159728971
2023-03-08 20:00:00,229.51239365606602,49.9909745827375
2023-03-08 21:00:00,229.83573660285808,50.02631176268683
2023-03-08 22:00:00,230.9896154005086,49.99061847913348
2023-03-08 23:00:00,233.49166698555908,49.99524485890543
2023-03-09 00:00:00,229.56325120252586,49.99750253870413
2023-03-09 01:00:00,229.5210446415531,50.005255200500066
2023-03-09 02:00:00,230.4422949277687,49.99158743383111
2023-03-09 03:00:00,228.2743777573067,49.99510187274872
2023-03-09 04:00:00,228.21521922347435,49.98654424814366
2023-03-09 05:00:00,229.86260938714642,50.00112468715673
2023-03-09 06:00:00,229.45834430072645,50.01343269666236
2023-03-09 07:00:00,231.1171331630968,49.997912754550484
2023-03-09 08:00:00,229.62728217016945,50.00684094508727
2023-03-09 09:00:00,228.69366811679205,49.996418444849546
2023-03-09 10:00:00,228.98211095117992,50.015086150597675
2023-03-09 11:00:00,231.1884857530324,50.00071260630699
2023-03-09 12:00:00,229.27034115726778,49.98939358436409
2023-03-09 13:00:00,229.65545433553243,50.00095335612234
2023-03-09 14:00:00,229.69733298647358,49.997851906582184
2023-03-09 15:00:00,229.41765578181915,49.99762735196319
2023-03-09 16:00:00,230.30535425061768,50.00394453227399
2023-03-09 17:00:00,231.77188919358036,49.984436094207595
2023-03-09 18:00:00,230.5517326499522,49.998121535870226
2023-03-09 19:00:00,230.8213077248204,50.01076891888033
2023-03-09 20:00:00,229.03584116233068,50.0130543675869
2023-03-09 21:00:00,230.37160871091314,49.992704451074175
2023-03-09 22:00:00,231.36817372369285,49.9835625716196
2023-03-09 23:00:00,229.76787425681673,50.01503742174368
2023-03-10 00:00:00,229.9958351285728,49.99089701330731
2023-03-10 01:00:00,230.76369576635602,49.99576259978409
2023-03-10 02:00:00,231.529971593637,49.99177512097343
2023-03-10 03:00:00,231.1868747411246,49.99920252016383
2023-03-10 04:00:00,228.73234446831466,49.99406130659067
2023-03-10 05:00:00,230.3365551290161,50.008405134143686
2023-03-10 06:00:00,229.39362133766696,50.00701840547918
2023-03-10 07:00:00,229.67874224055225,49.9869328182432
2023-03-10 08:00:00,228.69662073705067,49.98470177791906
2023-03-10 09:00:00,229.73361754197796,49.988519038482295
2023-03-10 10:00:00,229.14932259514134,49.993431930108194
2023-03-10 11:00:00,229.83968558177057,50.00580427407865
2023-03-10 12:00:00,230.4925782985007,50.00316394622203
2023-03-10 13:00:00,230.28257406648612,50.01580517435972
2023-03-10 14:00:00,230.88518424532074,49.99330362832078
2023-03-10 15:00:00,229.5130255653678,49.98912364139355
2023-03-10 16:00:00,228.31058813067122,49.999679179794036
2023-03-10 17:00:00,231.59669839975808,49.98255532445689
2023-03-10 18:00:00,230.5478723889239,50.00088401726754
2023-03-10 19:00:00,230.5943614552105,49.99413445168284
2023-03-10 20:00:00,230.539293652624,50.01953715836407
2023-03-10 21:00:00,230.2578162829911,49.99786286873707
2023-03-10 22:00:00,230.99151129980615,50.020203545483476
2023-03-10 23:00:00,229.34367132476572,50.004287617447126
2023-03-11 00:00:00,230.78909750458058,50.007454781517666
2023-03-11 01:00:00,230.35606592178743,50.00421935499377
2023-03-11 02:00:00,230.13151506012204,49.98458440419833
2023-03-11 03:00:00,229.5096660889673,50.01369772954902
2023-03-11 04:00:00,230.25090895227032,50.00786147205856
2023-03-11 05:00:00,229.79184233459728,50.00077022819347
2023-03-11 06:00:00,230.8561312155902,49.98604448076543
2023-03-11 07:00:00,229.5377772449774,49.983087878070215
2023-03-11 08:00:00,228.96948826695868,49.997324057182254
2023-03-11 09:00:00,230.56496437833107,50.00881982484854
2023-03-11 10:00:00,232.10723591883652,50.000840278529886
2023-03-11 11:00:00,230.25627121595707,50.00325027312983
2023-03-11 12:00:00,229.85513892820617,50.01510830637012
2023-03-11 13:00:00,231.78851848181662,50.00862546524298
2023-03-11 14:00:00,230.4595137680967,50.00685852587474
2023-03-11 15:00:00,229.8516521063217,50.006907992150516
2023-03-11 16:00:00,231.71577116487182,50.00427075558783
2023-03-11 17:00:00,229.2624557779616,50.00597255928589
2023-03-11 18:00:00,229.66676079812336,50.00504747487783
2023-03-11 19:00:00,230.3391739967997,50.00564860783551
2023-03-11 20:00:00,232.82558847619418,50.03561787035575
2023-03-11 21:00:00,229.0743730241146,49.998932427247595
2023-03-11 22:00:00,228.86588805992042,49.977585314387234
2023-03-11 23:00:00,230.22640727963653,49.98923666024658
2023-03-12 00:00:00,231.4895566814962,50.011230394979826
2023-03-12 01:00:00,230.90336829876208,50.003958551604086
2023-03-12 02:00:00,229.32691999306596,49.99712455216284
2023-03-12 03:00:00,228.8512543409008,50.00422213669197
2023-03-12 04:00:00,229.34468991802973,50.00932556955038
2023-03-12 05:00:00,230.104315528392,50.005490946298465
2023-03-12 06:00:00,230.31362804624501,50.01429535788752
2023-03-12 07:00:00,229.75826775394154,50.01887019203227
2023-03-12 08:00:00,229.73342709296736,50.00925175448125
2023-03-12 09:00:00,229.72549313291992,49.99941711292264
2023-03-12 10:00:00,230.6047691569634,50.01350972176035
2023-03-12 11:00:00,230.34868867320196,49.99265256430654
2023-03-12 12:00:00,230.62233990633445,49.988335147979555
2023-03-12 13:00:00,230.34215355956002,49.98825818971293
2023-03-12 14:00:00,228.13020140585624,49.99749022246895
2023-03-12 15:00:00,230.0107350703508,49.989263716721254
2023-03-12 16:00:00,229.33011262958127,50.003332075607766
2023-03-12 17:00:00,231.5818122112477,50.00640028596417
2023-03-12 18:00:00,228.8531366039714,50.01837233429122
2023-03-12 19:00:00,228.08784944127888,49.99654472796419
2023-03-12 20:00:00,230.79040884764615,50.01138701692626
2023-03-12 21:00:00,230.24574136427503,50.002659796497106
2023-03-12 22:00:00,230.1382274443314,50.00705745110929
2023-03-12 23:00:00,230.40494190558886,50.01863488975172
2023-03-13 00:00:00,229.90813870523624,50.00822895569174
2023-03-13 01:00:00,229.53940089677076,49.99244946397154
2023-03-13 02:00:00,230.1668894368121,49.988875147053626
2023-03-13 03:00:00,228.93895726171877,49.98544242873361
2023-03-13 04:00:00,231.48244850679404,49.982392554370406
2023-03-13 05:00:00,229.34774087394598,49.99566243475395
2023-03-13 06:00:00,228.78459877798048,50.00211709648994
2023-03-13 07:00:00,230.38759366018192,50.0002789886442
2023-03-13 08:00:00,229.17336914991188,49.993842819302195
2023-03-13 09:00:00,231.1947463816096,49.98135036695568
2023-03-13 10:00:00,228.00534614633915,50.01301370475235
2023-03-13 11:00:00,228.35001582536233,49.9930057051964
2023-03-13 12:00:00,229.62787978932374,50.005208265366306
2023-03-13 13:00:00,230.1303378552868,49.989737001487974
2023-03-13 14:00:00,229.26067932143295,49.98379787886333
2023-03-13 15:00:00,229.73386722842264,49.99533769155469
2023-03-13 16:00:00,231.72928433984805,50.005612736669846
2023-03-13 17:00:00,229.2989169029281,49.9830676406425
2023-03-13 18:00:00,228.38998328295682,49.99683579268423
2023-03-13 19:00:00,229.76684511770023,49.998775945391266
2023-03-13 20:00:00,228.86760585063504,49.995781582724966
2023-03-13 21:00:00,230.5747442881994,49.9875066003111
2023-03-13 22:00:00,230.49697799737953,49.998507985944
2023-03-13 23:00:00,229.8665210427641,49.992976392700584
2023-03-14 00:00:00,230.37786714620407,49.98543570054925
2023-03-14 01:00:00,228.93060226767,50.01174805371741
2023-03-14 02:00:00,230.94447512037604,50.00981176696418
2023-03-14 03:00:00,229.43274201538725,49.99362188648804
2023-03-14 04:00:00,231.67891254087527,49.99405935371935
2023-03-14 05:00:00,229.67695853113955,49.99901340706183
2023-03-14 06:00:00,229.54953573244885,50.00851696564564
2023-03-14 07:00:00,229.80340711516848,50.01314547152654
2023-03-14 08:00:00,230.58550100014557,49.985303977188934
2023-03-14 09:00:00,231.446153014076,50.009508719720834
2023-03-14 10:00:00,230.35753254624638,50.00117882459232
2023-03-14 11:00:00,232.13678869378202,49.99828597239074
2023-03-14 12:00:00,229.17812078754042,49.98793583557692
2023-03-14 13:00:00,229.795612948697,49.99841283786474
2023-03-14 14:00:00,228.8919594888871,49.99878771497692
2023-03-14 15:00:00,229.4960634083822,49.99650467256635
2023-03-14 16:00:00,229.33984427125552,49.998288489983416
2023-03-14 17:00:00,228.53313082744785,50.01071445967293
2023-03-14 18:00:00,230.93521160454188,50.00312588174058
2023-03-14 19:00:00,230.59155734757022,50.00960096701485
2023-03-14 20:00:00,229.6001559448844,49.98570801727941
2023-03-14 21:00:00,230.32101582876527,49.99643973740419
2023-03-14 22:00:00,229.58665516678968,49.99502997080984
2023-03-14 23:00:00,229.77578762337635,50.00567654456613
2023-03-15 00:00:00,230.50582918189738,50.00237990915196
2023-03-15 01:00:00,229.9831174109874,50.00765246614279
2023-03-15 02:00:00,230.01695098235734,50.01606098084936
2023-03-15 03:00:00,228.08812240452647,50.002281533670406
2023-03-15 04:00:00,230.82085044098787,49.99966116392921
2023-03-15 05:00:00,231.30339003643005,49.997421498714324
2023-03-15 06:00:00,231.02629724795554,49.98255080134371
2023-03-15 07:00:00,229.4665390110827,49.98749898143446
2023-03-15 08:00:00,230.97695028803517,49.98378374450561
2023-03-15 09:00:00,230.43235524563144,49.994614057393214
2023-03-15 10:00:00,229.13467891690746,49.996068807589594
2023-03-15 11:00:00,229.69775325882577,50.017278807068756
2023-03-15 12:00:00,229.90004904945155,50.001001392709924
2023-03-15 13:00:00,227.6688190061353,50.0015272908281
2023-03-15 14:00:00,230.19457536463727,49.9924872800316
2023-03-15 15:00:00,228.8767963032659,49.998582469822594
2023-03-15 16:00:00,228.94421266859902,49.97793397405391
2023-03-15 17:00:00,230.15602621244898,50.00640499340959
2023-03-15 18:00:00,229.6554779085381,49.995879002572494
2023-03-15 19:00:00,229.0000714790851,49.98783232696867
2023-03-15 20:00:00,230.15201632996676,49.99829276863117
2023-03-15 21:00:00,229.14158107532216,50.006665182326806
2023-03-15 22:00:00,229.1389504412463,50.00772348879861
2023-03-15 23:00:00,231.17650233994334,50.01797084213641
2023-03-16 00:00:00,230.16018566446192,49.99877662028143
2023-03-16 01:00:00,230.33055540373763,49.98859044072782
2023-03-16 02:00:00,231.56752219427963,50.003474981663956
2023-03-16 03:00:00,229.7674048883762,50.00977844908083
2023-03-16 04:00:00,229.3659740066834,50.00491524928261
2023-03-16 05:00:00,229.38152858923831,50.00133290846441
2023-03-16 06:00:00,231.85059194395305,50.00733572835972
2023-03-16 07:00:00,229.90470214150494,49.99652787481749
2023-03-16 08:00:00,229.06941199352065,50.00064433139095
2023-03-16 09:00:00,230.1333714222736,50.00270828842829
2023-03-16 10:00:00,229.37783043701634,49.97356371454207
2023-03-16 11:00:00,229.58998532228293,49.99333505090022
2023-03-16 12:00:00,231.62902181739884,49.98738710706807
2023-03-16 13:00:00,230.12622922107644,49.986094230422104
2023-03-16 14:00:00,228.72097955441805,49.98593241020354
2023-03-16 15:00:00,229.5596455696347,50.00102933365584
2023-03-16 16:00:00,228.14861117823315,50.005360317569775
2023-03-16 17:00:00,229.24130122968913,49.988627076459586
2023-03-16 18:00:00,231.0026943817608,49.989161685130824
2023-03-16 19:00:00,229.27699479928822,50.00406282381728
2023-03-16 20:00:00,232.64241152471197,50.0099434222815
2023-03-16 21:00:00,227.38701050900852,50.00398133801444
2023-03-16 22:00:00,229.55661135697449,50.00972912242149
2023-03-16 23:00:00,230.11289006635891,49.99816502080193
2023-03-17 00:00:00,230.0607626926019,50.007785343086034
2023-03-17 01:00:00,230.563129175237,49.99667022291617
2023-03-17 02:00:00,229.72541678827122,50.00351873867088
2023-03-17 03:00:00,231.2531273716983,49.9885645177681
2023-03-17 04:00:00,228.77030676369364,50.01422419772899
2023-03-17 05:00:00,229.762064521805,50.017143409825714
2023-03-17 06:00:00,228.8856178998439,50.001810202309784
2023-03-17 07:00:00,229.5049992074018,50.01655211080746
2023-03-17 08:00:00,229.74290965202493,50.004638584329264
2023-03-17 09:00:00,230.61853068000806,49.99902561916682
2023-03-17 10:00:00,228.98664806629893,49.99549766315347
2023-03-17 11:00:00,229.72165711264674,50.018603846270445
2023-03-17 12:00:00,230.02092500922637,49.99849247492424
2023-03-17 13:00:00,230.14416714397981,49.99991687495271
2023-03-17 14:00:00,228.88877036520245,50.009283560842384
2023-03-17 15:00:00,230.23355809081426,50.00382645291398
2023-03-17 16:00:00,231.16705915943402,49.99703891143045
2023-03-17 17:00:00,231.1551081639136,50.00939569605324
2023-03-17 18:00:00,229.72193633111453,49.98419755650244
2023-03-17 19:00:00,230.51951710371645,49.99910519421263
2023-03-17 20:00:00,229.83773917403926,50.00030498417318
2023-03-17 21:00:00,231.06522007063887,49.99853117507202
2023-03-17 22:00:00,230.67834915465832,50.00830849353629
2023-03-17 23:00:00,228.84015580640718,49.99165363922392
2023-03-18 00:00:00,229.84693922063465,49.99881617768261
2023-03-18 01:00:00,229.3432219343746,50.02508860991897
2023-03-18 02:00:00,229.9048431403476,50.00719350321932
2023-03-18 03:00:00,228.84736425257805,50.00990663023605
2023-03-18 04:00:00,229.88128282660892,49.99890253580361
2023-03-18 05:00:00,229.84575925119486,50.01383420974966
2023-03-18 06:00:00,229.87338060927698,49.984185475533465
2023-03-18 07:00:00,230.25370189503386,50.01124859509257
2023-03-18 08:00:00,228.45801772368765,49.99756355537407
2023-03-18 09:00:00,230.78056998082766,49.99322755680339
2023-03-18 10:00:00,230.83960573925953,49.99251997986882
2023-03-18 11:00:00,231.40573612113045,49.999204153941726
2023-03-18 12:00:00,229.90310127372422,50.00978491300098
2023-03-18 13:00:00,230.26021818988468,49.98776467682703
2023-03-18 14:00:00,231.0458798751995,50.0149691117405
2023-03-18 15:00:00,229.29780262216997,49.989945617493255
2023-03-18 16:00:00,230.4917095858106,49.99647002219911
2023-03-18 17:00:00,229.26320415031395,49.99443502190434
2023-03-18 18:00:00,230.5171418329615,50.00043272112661
2023-03-18 19:00:00,230.39264707418934,49.993486161505174
2023-03-18 20:00:00,229.104166344172,49.99419531539591
2023-03-18 21:00:00,230.51072528872234,49.98785030612984
2023-03-18 22:00:00,229.56191184236124,50.0013096259576
2023-03-18 23:00:00,229.83818652878432,49.986616120344806
2023-03-19 00:00:00,230.8145475843444,49.99704935362485
2023-03-19 01:00:00,231.077216028674,49.990010124127785
2023-03-19 02:00:00,230.4149639749419,49.98924636477652
2023-03-19 03:00:00,230.01288754115478,49.99251872146626
2023-03-19 04:00:00,230.70512017323273,49.991390510687474
2023-03-19 05:00:00,229.6745739620121,50.004405877547605
2023-03-19 06:00:00,230.89532413597226,49.99442442078423
2023-03-19 07:00:00,229.3825779074617,50.013130947877094
2023-03-19 08:00:00,229.78237262539693,49.993160773914674
2023-03-19 09:00:00,229.07096246140136,49.99818931440892
2023-03-19 10:00:00,229.91592087620532,49.99459182623363
2023-03-19 11:00:00,231.51602645009535,49.99877185643252
2023-03-19 12:00:00,231.52354475335,49.99974001242941
2023-03-19 13:00:00,231.62832435471876,49.9994975945914
2023-03-19 14:00:00,229.35899822609682,50.006367879876876
2023-03-19 15:00:00,232.7076195826956,50.00057960701461
2023-03-19 16:00:00,231.18318666728612,50.00245260623501
2023-03-19 17:00:00,231.01883724320035,50.01191201154107
2023-03-19 18:00:00,230.24938892343968,49.9969984270545
2023-03-19 19:00:00,228.43793268110602,50.01281564508696
2023-03-19 20:00:00,229.3735422009411,50.001636524611946
2023-03-19 21:00:00,229.58252613969464,49.97314481959538
2023-03-19 22:00:00,229.85106532529875,50.00190947432434
2023-03-19 23:00:00,229.57278768431553,50.014106790977195
2023-03-20 00:00:00,229.9721519834844,50.0059526967972
2023-03-20 01:00:00,230.4781973609178,49.998841522625824
2023-03-20 02:00:00,230.07561132073693,49.994590221372675
2023-03-20 03:00:00,229.79980737441568,50.016330639843275
2023-03-20 04:00:00,229.73947616860133,50.00083004573109
2023-03-20 05:00:00,231.41745504645283,49.98825536982283
2023-03-20 06:00:00,229.6137007692985,50.00119433139502
2023-03-20 07:00:00,230.77873467612014,49.99148329664541
2023-03-20 08:00:00,230.02162249722645,49.97651054449345
2023-03-20 09:00:00,228.13468051487501,50.00011576848636
2023-03-20 10:00:00,232.32013643159578,50.00055855820728
2023-03-20 11:00:00,231.23232565000052,49.99655323805366
2023-03-20 12:00:00,232.26401956161774,49.996613436657206
2023-03-20 13:00:00,230.88363442608699,50.001365762656356
2023-03-20 14:00:00,230.05481868794868,49.99323178427624
2023-03-20 15:00:00,230.57478032187507,49.98879046585524
2023-03-20 16:00:00,229.52260843427302,49.98707277740986
2023-03-20 17:00:00,229.1486753538197,49.996052842859044
2023-03-20 18:00:00,232.09529184903943,50.002611041238026
2023-03-20 19:00:00,229.71486650331704,49.977519874842955
2023-03-20 20:00:00,230.13932212971497,50.004897193446844
2023-03-20 21:00:00,230.47094471896386,49.99698860485706
2023-03-20 22:00:00,229.76567076220513,49.99406794802375
2023-03-20 23:00:00,230.9636458527175,50.01470129830227
2023-03-21 00:00:00,229.90045120283693,50.0116126740385
2023-03-21 01:00:00,233.5206487737373,50.00533591639087
2023-03-21 02:00:00,228.09420048556666,49.989646470839375
2023-03-21 03:00:00,229.3321129585199,50.011985826764764
2023-03-21 04:00:00,231.07690404601473,49.989679863175816
2023-03-21 05:00:00,228.42963104158088,49.996942814210875
2023-03-21 06:00:00,230.19654506323357,50.002395907181196
2023-03-21 07:00:00,229.66788118971863,49.978974952367594
2023-03-21 08:00:00,229.88306823809057,50.002457960028806
2023-03-21 09:00:00,231.21123004657733,49.99163302659726
2023-03-21 10:00:00,230.1458014938632,49.995359080508685
2023-03-21 11:00:00,229.2491849106416,49.98812012140158
2023-03-21 12:00:00,231.01880791926195,50.010634802066306
2023-03-21 13:00:00,230.23356063893988,49.996497627324096
2023-03-21 14:00:00,228.6194691936981,50.00003973499719
2023-03-21 15:00:00,229.3310883110145,50.0162484299313
2023-03-21 16:00:00,229.91594473030204,50.009560124350145
2023-03-21 17:00:00,230.76870125566052,50.00053521079841
2023-03-21 18:00:00,229.8716622607408,49.99279740912848
2023-03-21 19:00:00,230.95602236256443,49.99271409149587
2023-03-21 20:00:00,230.0709841315148,50.00435528752308
2023-03-21 21:00:00,229.32228811436556,49.99067108201811
2023-03-21 22:00:00,230.05706004483426,49.981154118334864
2023-03-21 23:00:00,230.72952496074265,49.99220071949408
2023-03-22 00:00:00,229.81565562775245,50.00403352674574
2023-03-22 01:00:00,228.89813356540327,49.993757328147915
2023-03-22 02:00:00,230.19673923091153,50.01031062977393
2023-03-22 03:00:00,229.09166824592413,49.9934707632474
2023-03-22 04:00:00,231.49915316239912,49.99809319625902
2023-03-22 05:00:00,231.13892607917467,49.99231189310979
2023-03-22 06:00:00,229.76624669162686,49.998595824079956
2023-03-22 07:00:00,230.45688199439692,49.98872347324068
2023-03-22 08:00:00,229.91168416955298,50.0129777629568
2023-03-22 09:00:00,231.50360507834284,50.00974607454638
2023-03-22 10:00:00,228.3899857501806,49.98661727883522
2023-03-22 11:00:00,230.1949287272485,50.010352438574984
2023-03-22 12:00:00,229.0474245602742,50.01403445737466
2023-03-22 13:00:00,230.42291432436969,50.005769767261256
2023-03-22 14:00:00,228.116810387901,50.012044990799325
2023-03-22 15:00:00,230.32892824008889,50.00095537772747
2023-03-22 16:00:00,231.9389021701296,50.00642139015608
2023-03-22 17:00:00,229.45417703489784,50.004876450554384
2023-03-22 18:00:00,228.49238731229903,49.99072339990693
2023-03-22 19:00:00,230.65987165194264,50.008647138105545
2023-03-22 20:00:00,229.6838186313354,50.00365427802384
2023-03-22 21:00:00,230.94352489865952,49.98940082233767
2023-03-22 22:00:00,231.0992090533784,49.983707427400645
2023-03-22 23:00:00,231.03174661971198,50.0026772774025
2023-03-23 00:00:00,229.9743138628284,49.998541150156385
2023-03-23 01:00:00,231.82390539045696,49.98750423999082
2023-03-23 02:00:00,230.79449814448463,50.012172192845206
2023-03-23 03:00:00,229.27652293799926,50.00460682752134
2023-03-23 04:00:00,229.34977539424875,50.00462164319036
2023-03-23 05:00:00,231.30434948293572,50.001518483576135
2023-03-23 06:00:00,230.66889440013537,49.98772150120443
2023-03-23 07:00:00,229.27876979950915,49.98929964376439
2023-03-23 08:00:00,229.64247661060529,50.012242577475085
2023-03-23 09:00:00,229.93615109580443,50.002226160280905
2023-03-23 10:00:00,230.82030522584245,49.98946123552952
2023-03-23 11:00:00,229.77699521106652,49.999072123305346
2023-03-23 12:00:00,231.31474628022713,50.004918855924416
2023-03-23 13:00:00,230.3619346082882,49.994728535885116
2023-03-23 14:00:00,231.36311816297527,50.00206755381766
2023-03-23 15:00:00,228.85347466819482,50.010330606310646
2023-03-23 16:00:00,231.50024543303482,50.017455558313976
2023-03-23 17:00:00,231.16978142739546,49.9819910392075
2023-03-23 18:00:00,230.0750065036981,50.00907261857973
2023-03-23 19:00:00,229.4749047286434,50.00497981510328
2023-03-23 20:00:00,231.3023394565447,50.00325811620911
2023-03-23 21:00:00,229.54152499036488,49.99121226220957
2023-03-23 22:00:00,229.99467042889336,50.00436287625119
2023-03-23 23:00:00,230.50527117667053,49.99479922365817
2023-03-24 00:00:00,228.86441700705427,50.00430914903381
2023-03-24 01:00:00,229.8172816076288,50.004540779858154
2023-03-24 02:00:00,229.07837379230517,50.01263360338421
2023-03-24 03:00:00,228.44376169916183,50.00808097267111
2023-03-24 04:00:00,232.0840287946069,49.980910503809255
2023-03-24 05:00:00,229.3449577902835,50.000476343252664
2023-03-24 06:00:00,230.62390397052602,50.01318580168407
2023-03-24 07:00:00,232.09441282855678,49.98522660195227
2023-03-24 08:00:00,229.36667251519575,49.99879424586296
2023-03-24 09:00:00,228.7397206596098,50.003337569394986
2023-03-24 10:00:00,231.7620490839427,49.97739773557554
2023-03-24 11:00:00,229.0684426819552,50.00343898582624
2023-03-24 12:00:00,229.58914562370256,49.99375707931801
2023-03-24 13:00:00,229.42984874995778,50.001669554092686
2023-03-24 14:00:00,230.15477726017303,50.00227057428509
2023-03-24 15:00:00,228.17888228510998,49.99745135416469
2023-03-24 16:00:00,230.62215113170595,49.99992936962682
2023-03-24 17:00:00,230.4652404511171,49.98953181217125
2023-03-24 18:00:00,230.8652574313877,49.99878097831007
2023-03-24 19:00:00,230.84495748059618,49.99425377487567
2023-03-24 20:00:00,230.4538985522386,50.003728264375475
2023-03-24 21:00:00,229.69432069532806,50.00036684592372
2023-03-24 22:00:00,230.05861471738783,49.98938061604154
2023-03-24 23:00:00,229.34826870187678,49.99210537016599
2023-03-25 00:00:00,230.19366513338957,49.99209154644648
2023-03-25 01:00:00,229.2098539944374,49.99921229899226
2023-03-25 02:00:00,230.13699413176195,50.00123509476551
2023-03-25 03:00:00,229.5598435351272,49.999022157622804
2023-03-25 04:00:00,229.1824477257458,50.00131378712809
2023-03-25 05:00:00,231.05024376899934,49.994490324772464
2023-03-25 06:00:00,230.79315153270693,49.99194161609764
2023-03-25 07:00:00,230.0569077603956,49.98627132147504
2023-03-25 08:00:00,228.25714814593147,49.99630942315803
2023-03-25 09:00:00,229.12101958917913,49.99371410625332
2023-03-25 10:00:00,229.923066389695,50.023006264928554
2023-03-25 11:00:00,230.47297832553352,50.020261986460525
2023-03-25 12:00:00,230.48957200398166,50.00478409331857
2023-03-25 13:00:00,230.2318089210084,49.99098618599725
2023-03-25 14:00:00,230.0305351426555,49.999154716649564
2023-03-25 15:00:00,229.78460922717272,50.00266512276045
2023-03-25 16:00:00,229.37166733646112,49.97807193266019
2023-03-25 17:00:00,231.65558234752308,49.99970006178128
2023-03-25 18:00:00,231.0325013214351,49.986696165974074
2023-03-25 19:00:00,230.58272347087436,49.99664324291875
2023-03-25 20:00:00,228.86572590419826,49.99143462077325
2023-03-25 21:00:00,228.81737218451406,49.99902491909956
2023-03-25 22:00:00,229.96781457592198,49.99551616755944
2023-03-25 23:00:00,229.486503997989,50.002066020278114
2023-03-26 00:00:00,228.86057768550543,50.007482052071474
2023-03-26 01:00:00,230.10430388433767,50.00560684184398
2023-03-26 02:00:00,228.11633580943482,50.018550633573255
2023-03-26 03:00:00,229.90871792962093,49.99530571448067
2023-03-26 04:00:00,230.50948730680244,50.0139829101856
2023-03-26 05:00:00,230.47704875466133,49.989876509850156
2023-03-26 06:00:00,228.1946451494851,49.98243242796548
2023-03-26 07:00:00,228.14744076077992,50.00530680893406
2023-03-26 08:00:00,229.78739627527332,50.015038124181636
2023-03-26 09:00:00,229.3688303950004,49.99189941248794
2023-03-26 10:00:00,228.78285639199314,50.00526863925913
2023-03-26 11:00:00,227.84763330037748,49.99209756251422
2023-03-26 12:00:00,229.11780657781506,50.010923757875695
2023-03-26 13:00:00,229.89812415553794,50.01048635682296
2023-03-26 14:00:00,229.7638281139982,50.0036167540781
2023-03-26 15:00:00,228.7967340680015,49.988655238862165
2023-03-26 16:00:00,228.99718975675282,50.00398338021266
2023-03-26 17:00:00,229.65892740617008,49.983199989200195
2023-03-26 18:00:00,229.17083313242313,50.0000047033415
2023-03-26 19:00:00,230.32237315810403,49.99195787252879
2023-03-26 20:00:00,230.55928178246364,50.00100934235825
2023-03-26 21:00:00,230.4533656507964,50.000362006042984
2023-03-26 22:00:00,228.906228598754,50.00145139498432
2023-03-26 23:00:00,230.33360830846763,49.984576417299614
2023-03-27 00:00:00,230.35914953436685,49.9882309277703
2023-03-27 01:00:00,231.48622094970776,50.01779283344731
2023-03-27 02:00:00,231.97439303175892,50.00836740177852
2023-03-27 03:00:00,231.24016759716454,50.00295429415279
2023-03-27 04:00:00,229.54230886445248,49.984601682534205
2023-03-27 05:00:00,229.22818364429762,50.00309996930198
2023-03-27 06:00:00,229.7991463069515,50.00356429990319
2023-03-27 07:00:00,229.42820335921914,49.99562991077828
2023-03-27 08:00:00,232.09402375846804,49.98819284530152
2023-03-27 09:00:00,230.95549717264208,49.99338892228935
2023-03-27 10:00:00,230.62294911271272,50.010072287912145
2023-03-27 11:00:00,230.8032447304837,50.00761072728265
2023-03-27 12:00:00,231.37105597935965,50.009775099650206
2023-03-27 13:00:00,230.61819997763095,50.005698545334816
2023-03-27 14:00:00,229.808915803707,49.99081620888804
2023-03-27 15:00:00,230.74206238183675,49.98329825347529
2023-03-27 16:00:00,230.73366975540702,49.9993474133341
2023-03-27 17:00:00,228.88282593863036,50.00965495292372
2023-03-27 18:00:00,232.40077906703982,50.01006063590706
2023-03-27 19:00:00,229.38647313584403,49.989697858450924
2023-03-27 20:00:00,231.54230892103521,50.003312611497456
2023-03-27 21:00:00,229.83942747256484,49.9927097981423
2023-03-27 22:00:00,231.15881562840434,49.997265576811245
2023-03-27 23:00:00,230.05381559550912,49.987245629817565
2023-03-28 00:00:00,228.55671592223126,50.00705445917054
2023-03-28 01:00:00,231.06917767885173,50.00505567428067
2023-03-28 02:00:00,231.4733874223207,49.98816135701535
2023-03-28 03:00:00,229.99288127222522,49.99684830562277
2023-03-28 04:00:00,230.857965277167,49.984475022153894
2023-03-28 05:00:00,229.3070535408445,49.9830452093979
2023-03-28 06:00:00,230.06302411850382,49.98685526508946
2023-03-28 07:00:00,231.10881727984832,50.000154788298595
2023-03-28 08:00:00,230.38225006311436,49.994851245500506
2023-03-28 09:00:00,230.51193415573206,50.00042598173213
2023-03-28 10:00:00,231.02683031962883,49.994594710584416
2023-03-28 11:00:00,231.68711905713218,50.00780927435367
2023-03-28 12:00:00,231.13164149077733,49.996410480909155
2023-03-28 13:00:00,230.33174063156653,50.010947880078845
2023-03-28 14:00:00,229.98528306353123,49.99517262168733
2023-03-28 15:00:00,230.19205765583277,50.00585166828724
2023-03-28 16:00:00,228.71607983148257,49.9992601094941
2023-03-28 17:00:00,230.26795412903647,49.987640473304474
2023-03-28 18:00:00,228.8551462456578,50.01545704328703
2023-03-28 19:00:00,229.62593881083325,50.01758198287301
2023-03-28 20:00:00,230.75022003325316,49.999229570905655
2023-03-28 21:00:00,229.60644586378837,49.99771072970945
2023-03-28 22:00:00,231.40895917891316,50.009364224715625
2023-03-28 23:00:00,229.95964167181694,49.9996616370739
2023-03-29 00:00:00,231.20415034281953,50.00691967355719
2023-03-29 01:00:00,229.72374323199168,50.00246915375356
2023-03-29 02:00:00,229.89255189784473,50.00163778686196
2023-03-29 03:00:00,231.15334499851207,49.993488079869635
2023-03-29 04:00:00,229.82287133395226,49.99390091636314
2023-03-29 05:00:00,230.37462908489917,50.01050888952289
2023-03-29 06:00:00,229.5750419992647,50.01446568293566
2023-03-29 07:00:00,227.70608225688784,50.001608684847355
2023-03-29 08:00:00,229.40301619982515,50.01274365086446
2023-03-29 09:00:00,231.46215047251115,49.99222453640646
2023-03-29 10:00:00,230.33549698215023,50.005339916118515
2023-03-29 11:00:00,230.8936736832575,49.99745053434461
2023-03-29 12:00:00,230.929749680395,50.000235939826226
2023-03-29 13:00:00,230.7791464647355,49.99759793013462
2023-03-29 14:00:00,231.5952139761258,49.99785435613889
2023-03-29 15:00:00,229.6815365977018,49.97385571412891
2023-03-29 16:00:00,231.48520669079693,49.98711016242886
2023-03-29 17:00:00,230.6707981475401,49.982383200094986
2023-03-29 18:00:00,230.44546937793965,49.99519284358361
2023-03-29 19:00:00,227.94403172166017,49.98936737017607
2023-03-29 20:00:00,230.4017771669685,49.982647007452584
2023-03-29 21:00:00,230.91760581437612,49.989767232181876
2023-03-29 22:00:00,230.2328589617021,49.9978393329718
2023-03-29 23:00:00,231.25050156663826,50.02975907044341
2023-03-30 00:00:00,231.29551165944025,49.99853279723527
2023-03-30 01:00:00,229.7213150881464,49.99624892165441
2023-03-30 02:00:00,230.10940887292307,49.986044785709225
2023-03-30 03:00:00,229.73456456897003,49.989070376080335
2023-03-30 04:00:00,229.57827516558055,50.00867339833671
2023-03-30 05:00:00,230.0993954906847,50.01422004073128
2023-03-30 06:00:00,230.23449207767425,49.99074790621529
2023-03-30 07:00:00,227.90957559823792,50.00163128770646
2023-03-30 08:00:00,229.96067022864793,50.02556066996165
2023-03-30 09:00:00,230.40498005507095,50.01890912702582
2023-03-30 10:00:00,230.12973282054566,50.00246837665276
2023-03-30 11:00:00,229.92936304180228,49.99043672367944
2023-03-30 12:00:00,228.9890837712019,49.98991894845314
2023-03-30 13:00:00,228.6937061066978,49.97859824496152
2023-03-30 14:00:00,229.4679292560486,49.99980739891921
2023-03-30 15:00:00,228.18768456708378,50.01751246839341
2023-03-30 16:00:00,229.95686863147458,49.993019889351714
2023-03-30 17:00:00,229.15817010515707,49.997160541165265
2023-03-30 18:00:00,230.20167161701625,49.999236150602414
2023-03-30 19:00:00,229.43905253063923,50.000128128751825
2023-03-30 20:00:00,228.05518257698492,49.990919770880836
2023-03-30 21:00:00,229.01868987855966,49.998465364961774
2023-03-30 22:00:00,230.18634161949387,50.003111079873506
2023-03-30 23:00:00,230.77965696832774,50.00465927620043
2023-03-31 00:00:00,229.72665129482718,50.00341346945961
2023-03-31 01:00:00,230.25168287552972,49.99200128190083
2023-03-31 02:00:00,229.81659997278416,49.99936259029163
2023-03-31 03:00:00,229.78390093973513,50.00312689081651
2023-03-31 04:00:00,229.18877304032745,50.010432878974854
2023-03-31 05:00:00,229.96833233557996,50.00525599475707
2023-03-31 06:00:00,229.3869504692732,49.989509747771734
2023-03-31 07:00:00,231.37751017430517,50.000678797472716
2023-03-31 08:00:00,229.3248032057381,50.004043855099496
2023-03-31 09:00:00,230.17616846594925,50.00479981412202
2023-03-31 10:00:00,228.93370573243365,50.00610129444262
2023-03-31 11:00:00,229.80054234779152,50.005455279835004
2023-03-31 12:00:00,228.98987151273357,49.98436823105457
2023-03-31 13:00:00,229.4302148557336,49.989878623838784
2023-03-31 14:00:00,230.9752336770957,50.01180719050439
2023-03-31 15:00:00,229.9547254307227,49.9902910029144
2023-03-31 16:00:00,230.82858138734545,50.002901198556344
2023-03-31 17:00:00,229.78918830363597,49.993776290734615
2023-03-31 18:00:00,230.73478658937063,50.00989381524616
2023-03-31 19:00:00,230.81819375078024,50.010838700444005
2023-03-31 20:00:00,230.71269534500766,49.99077786367892
2023-03-31 21:00:00,230.95088829158044,50.00702942760267
2023-03-31 22:00:00,230.487925905465,50.00869203523269
2023-03-31 23:00:00,229.57210574279293,50.00586586200371
2023-04-01 00:00:00,228.5839026875104,49.99766520802942
2023-04-01 01:00:00,229.23872992451953,49.982782160204785
2023-04-01 02:00:00,230.39163022384025,50.01165432715779
2023-04-01 03:00:00,231.11261368997594,49.99378324465583
2023-04-01 04:00:00,230.48922220099908,49.99773564950005
2023-04-01 05:00:00,229.68838001161456,50.00466902465018
2023-04-01 06:00:00,229.57383706802875,49.98987899619685
2023-04-01 07:00:00,230.0347680127515,49.988834929067316
2023-04-01 08:00:00,230.60695700484234,49.99144763080818
2023-04-01 09:00:00,230.03575592585895,49.99073665922406
2023-04-01 10:00:00,229.5000238636532,49.98903847135497
2023-04-01 11:00:00,229.15088896362437,49.99990846686077
2023-04-01 12:00:00,229.2839556513004,50.00211601765972
2023-04-01 13:00:00,229.30488618939182,49.99303967695797
2023-04-01 14:00:00,229.93576368715802,50.00058218287799
2023-04-01 15:00:00,229.19086337685778,49.97256983408451
2023-04-01 16:00:00,229.44027987625083,50.002930497891384
2023-04-01 17:00:00,230.68568392843986,50.000674529182135
2023-04-01 18:00:00,230.5869224637657,50.01091180851564
2023-04-01 19:00:00,231.696368172044,50.003742216807
2023-04-01 20:00:00,230.34060914272416,50.00542198170734
2023-04-01 21:00:00,228.59271901594707,49.99299041141544
2023-04-01 22:00:00,228.45929783392683,49.98243323389882
2023-04-01 23:00:00,230.1268276446252,49.99984402614851
2023-04-02 00:00:00,229.95179874743707,49.984617537757906
2023-04-02 01:00:00,229.74992294505503,50.00057323036934
2023-04-02 02:00:00,228.81928032188588,50.00483690896215
2023-04-02 03:00:00,229.03859846420895,49.99893252228235
2023-04-02 04:00:00,231.07554144788537,49.99020744406705
2023-04-02 05:00:00,231.02003495921466,50.017313754023725
2023-04-02 06:00:00,230.2647493230488,49.99709640010839
2023-04-02 07:00:00,230.62343400174694,50.01001722753983
2023-04-02 08:00:00,228.8528753273448,50.015454621573035
2023-04-02 09:00:00,230.31654943651859,50.01290374909898
2023-04-02 10:00:00,229.35035131598772,50.00676396388423
2023-04-02 11:00:00,231.24457535707828,50.017447978819575
2023-04-02 12:00:00,230.4836950638952,50.00359433910971
2023-04-02 13:00:00,228.4522993699973,50.01007491775916
2023-04-02 14:00:00,228.77816943533367,50.002117155115975
2023-04-02 15:00:00,229.91801423788024,49.991488996741445
2023-04-02 16:00:00,229.09150320003596,50.00183619636737
2023-04-02 17:00:00,231.1160509299497,49.98569424923224
2023-04-02 18:00:00,228.14562440978546,50.00103700024867
2023-04-02 19:00:00,229.92985985119202,49.99627044235112
2023-04-02 20:00:00,228.41472282670046,50.00884958677517
2023-04-02 21:00:00,229.6218396985852,50.01355478426495
2023-04-02 22:00:00,228.75936385164178,49.98924243444633
2023-04-02 23:00:00,229.92990364648026,50.003977451169035
2023-04-03 00:00:00,229.08527051719412,50.004130710551046
2023-04-03 01:00:00,229.30706875112753,50.01326157000725
2023-04-03 02:00:00,231.06379756461516,50.00899439014983
2023-04-03 03:00:00,229.55183402753195,50.01121021849737
2023-04-03 04:00:00,227.26136128329966,50.00391313458233
2023-04-03 05:00:00,229.83363156010526,49.98788901065827
2023-04-03 06:00:00,231.41398382574397,49.99281676270533
2023-04-03 07:00:00,230.3596410118084,50.00430970629004
2023-04-03 08:00:00,230.92360367720156,49.98738033233237
2023-04-03 09:00:00,229.38910206990198,49.99493108718593
2023-04-03 10:00:00,230.63682827398202,49.99639828805028
2023-04-03 11:00:00,229.54168085289908,49.99898008606627
2023-04-03 12:00:00,230.31937770210843,50.00388451512519
2023-04-03 13:00:00,231.17231214186123,50.00317518919121
2023-04-03 14:00:00,228.92510542250773,50.006121387454236
2023-04-03 15:00:00,228.2027901149814,49.990756532863536
2023-04-03 16:00:00,229.5790785736631,49.99608575081228
2023-04-03 17:00:00,230.32918152572964,50.00462104966985
2023-04-03 18:00:00,231.64719454511777,49.98858864333708
2023-04-03 19:00:00,230.08762013567903,50.00750974698276
2023-04-03 20:00:00,230.62652396673062,50.001102405444826
2023-04-03 21:00:00,229.31383044728616,49.986908834244744
2023-04-03 22:00:00,229.3418266879645,50.00842970073806
2023-04-03 23:00:00,230.3465950179123,50.0023491332836
2023-04-04 00:00:00,231.58787351489812,50.01809627113153
2023-04-04 01:00:00,230.0240981353152,50.01143406062431
2023-04-04 02:00:00,230.26580398637384,49.983783157182316
2023-04-04 03:00:00,229.31817795373564,49.99730664002373
2023-04-04 04:00:00,229.43566600657593,50.00154121057502
2023-04-04 05:00:00,231.12095687366582,50.00275129827177
2023-04-04 06:00:00,228.54453013477692,49.990711465787285
2023-04-04 07:00:00,229.2376377328392,50.000848118764566
2023-04-04 08:00:00,229.76078258820226,49.99721437477014
2023-04-04 09:00:00,230.10887137966446,49.9915108711382
2023-04-04 10:00:00,229.91009395888295,49.99504075168192
2023-04-04 11:00:00,230.7906727673074,49.995251371180444
2023-04-04 12:00:00,232.9562128889385,50.01842201930296
2023-04-04 13:00:00,228.94297974621276,50.01171110042901
2023-04-04 14:00:00,230.2726071779745,50.002905115527525
2023-04-04 15:00:00,229.32822838606083,49.983155347801585
2023-04-04 16:00:00,230.92877408590135,50.01408793921718
2023-04-04 17:00:00,231.84131079922747,49.979744051388344
2023-04-04 18:00:00,229.94417705859658,49.98713537544662
2023-04-04 19:00:00,231.00367081954712,49.98480679576998
2023-04-04 20:00:00,229.03268616391574,49.99061962607584
2023-04-04 21:00:00,231.26719451410386,50.01681256526808
2023-04-04 22:00:00,231.724891625098,50.00780652068708
2023-04-04 23:00:00,229.86910165723097,50.002575383473385
2023-04-05 00:00:00,230.6707027045193,50.00009113882248
2023-04-05 01:00:00,228.75315012570329,49.99062787387313
2023-04-05 02:00:00,229.3799504749985,50.00820689452276
2023-04-05 03:00:00,230.5442192646743,50.014575564948075
2023-04-05 04:00:00,232.37341280919762,50.00899472623831
2023-04-05 05:00:00,228.18054065193144,50.00621263635221
2023-04-05 06:00:00,230.19386469554644,50.01009594326133
2023-04-05 07:00:00,231.26354947356347,50.0006775970937
2023-04-05 08:00:00,231.8301259588395,49.98012442566193
2023-04-05 09:00:00,229.7997514856871,50.01140201066592
2023-04-05 10:00:00,231.29565813976185,49.9895503809287
2023-04-05 11:00:00,230.74043450270827,50.00028516989825
2023-04-05 12:00:00,231.77679483251185,50.01815528433783
2023-04-05 13:00:00,229.80226305271185,49.99976388548129
2023-04-05 14:00:00,230.0977889467518,50.01637408167641
2023-04-05 15:00:00,229.38102177892856,50.00152985458182
2023-04-05 16:00:00,229.70556507057148,49.99163347446082
2023-04-05 17:00:00,229.69975927085213,49.99922349277117
2023-04-05 18:00:00,229.18549306599547,49.99465337451959
2023-04-05 19:00:00,231.79668140164108,50.0108950247633
2023-04-05 20:00:00,230.06331298878527,49.99819656856392
2023-04-05 21:00:00,229.51972363749383,50.00718246539908
2023-04-05 22:00:00,229.59924297669298,50.00390476973373
2023-04-05 23:00:00,228.4529778672405,49.98160279547336
2023-04-06 00:00:00,230.61138504734615,49.99258288645189
2023-04-06 01:00:00,229.1361198230592,50.00047018181291
2023-04-06 02:00:00,229.38715114401137,49.99644347051688
2023-04-06 03:00:00,231.1374622128988,50.00159298900118
2023-04-06 04:00:00,229.46347929275825,50.00561678599073
2023-04-06 05:00:00,230.459806438945,50.01082341058215
2023-04-06 06:00:00,229.44875406582392,50.00331010430902
2023-04-06 07:00:00,229.4908894115333,50.00119945932489
2023-04-06 08:00:00,229.37053083327848,50.005993114198716
2023-04-06 09:00:00,229.81735895686282,49.99385127281571
2023-04-06 10:00:00,228.61107503328375,50.00234556197863
2023-04-06 11:00:00,230.7624570467807,50.00420547550402
2023-04-06 12:00:00,232.80906772850483,50.0010124911077
2023-04-06 13:00:00,230.59532231581935,49.99982832110727
2023-04-06 14:00:00,229.07741533942018,50.00684586114938
2023-04-06 15:00:00,230.67571568774906,49.9901506631313
2023-04-06 16:00:00,228.4562345601988,49.991641241625274
2023-04-06 17:00:00,229.23147039818247,49.99792082833819
2023-04-06 18:00:00,229.56193980492193,50.010742387041766
2023-04-06 19:00:00,231.04516733768125,49.98579638437886
2023-04-06 20:00:00,230.6982090189741,50.01013860181173
2023-04-06 21:00:00,228.5723394948464,50.01415850266883
2023-04-06 22:00:00,230.81431321289844,50.00215286931912
2023-04-06 23:00:00,229.44466958309837,49.98950971371976
2023-04-07 00:00:00,230.608149212923,49.98342296820151
2023-04-07 01:00:00,229.24083836277327,50.02109677677007
2023-04-07 02:00:00,229.89411291829214,49.987908193284326
2023-04-07 03:00:00,229.17504088158674,49.9949279057883
2023-04-07 04:00:00,229.89730801496617,49.98170902768131
2023-04-07 05:00:00,228.81357769611083,49.97933149320553
2023-04-07 06:00:00,229.146589705568,50.00680431386657
2023-04-07 07:00:00,229.36428980926976,49.994162917768406
2023-04-07 08:00:00,229.02959719605337,50.008516602039954
2023-04-07 09:00:00,229.62108059658914,49.99656068346105
2023-04-07 10:00:00,230.08378500266636,50.01218329803103
2023-04-07 11:00:00,231.326715075137,49.996738240929254
2023-04-07 12:00:00,228.88053666260927,50.00958945593778
2023-04-07 13:00:00,228.9623646803519,49.99005937074789
2023-04-07 14:00:00,230.03345163028976,49.99213484016723
2023-04-07 15:00:00,228.36434090681797,49.99042634181868
2023-04-07 16:00:00,230.2443396934824,49.99373803963479
2023-04-07 17:00:00,230.0155147909614,49.98351850457671
2023-04-07 18:00:00,230.54487432866176,49.98984280083571
2023-04-07 19:00:00,232.23754988604642,49.990212636463035
2023-04-07 20:00:00,230.05854002502048,50.019361555887066
2023-04-07 21:00:00,229.45967789433993,49.99861755719879
2023-04-07 22:00:00,230.96224703014008,49.995986020574016
2023-04-07 23:00:00,229.98772039689135,50.00743936708207
2023-04-08 00:00:00,229.836040016948,49.99540957899405
2023-04-08 01:00:00,231.78722603286525,50.00300099182711
2023-04-08 02:00:00,230.75067171860132,50.006587634741415
2023-04-08 03:00:00,229.04841907103773,50.006042867894415
2023-04-08 04:00:00,229.0782327598381,49.999660259228065
2023-04-08 05:00:00,228.66467449744013,50.001045560898156
2023-04-08 06:00:00,228.8995932747452,50.00355797583018
2023-04-08 07:00:00,231.1283426849615,50.0052822854595
2023-04-08 08:00:00,229.4917760358289,50.003406905159295
2023-04-08 09:00:00,228.21428046883366,50.00156204355422
2023-04-08 10:00:00,230.45760402461354,49.99058675334638
2023-04-08 11:00:00,230.16930049635056,50.005595087084124
2023-04-08 12:00:00,229.5516180899482,49.98788534928893
2023-04-08 13:00:00,229.36339899598383,50.000259442716064
2023-04-08 14:00:00,230.01768264695335,50.001449972508006
2023-04-08 15:00:00,230.07327014385393,49.98534969330733
2023-04-08 16:00:00,230.40161424421785,49.992673440538326
2023-04-08 17:00:00,228.2511892402936,50.0128235378404
2023-04-08 18:00:00,228.9015968971772,49.99179940394806
2023-04-08 19:00:00,229.55225690669974,50.00580319434198
2023-04-08 20:00:00,228.6661365781599,49.98807032914579
2023-04-08 21:00:00,230.47728962592095,49.98608635524018
2023-04-08 22:00:00,230.67515225940744,50.007484627277975
2023-04-08 23:00:00,229.39335934072403,50.011146981647386
2023-04-09 00:00:00,230.66321226470717,50.000129931709324
2023-04-09 01:00:00,230.22687124837756,50.00390410975491
2023-04-09 02:00:00,230.23297481983593,50.01338198032118
2023-04-09 03:00:00,227.1222569762734,49.99795355843621
2023-04-09 04:00:00,229.80511875621596,50.000736074833824
2023-04-09 05:00:00,229.4014247020175,49.997724578527674
2023-04-09 06:00:00,229.858632292606,49.99253592990667
2023-04-09 07:00:00,229.5744457935236,49.98486172184356
2023-04-09 08:00:00,228.8012068003001,49.991287738937885
2023-04-09 09:00:00,229.66531261697128,50.01155785867376
2023-04-09 10:00:00,229.58531246669753,50.01626987423994
2023-04-09 11:00:00,230.90192572296297,49.9892224562649
2023-04-09 12:00:00,229.8593553742269,50.00739413703316
2023-04-09 13:00:00,229.42873945725364,49.99759710172317
2023-04-09 14:00:00,228.75322214157157,50.015231104298735
2023-04-09 15:00:00,232.72697502292343,49.99966112170901
2023-04-09 16:00:00,230.99490293626633,49.99335552268669
2023-04-09 17:00:00,230.16483810739115,50.002022911692485
2023-04-09 18:00:00,228.58102463359083,49.985163447233155
2023-04-09 19:00:00,228.48201549201096,50.00145790090096
2023-04-09 20:00:00,231.67103702960546,49.99697140436705
2023-04-09 21:00:00,231.6112812984121,49.99698765214349
2023-04-09 22:00:00,230.27496446649752,49.99368750092511
2023-04-09 23:00:00,229.19012861598782,49.99208313374086
2023-04-10 00:00:00,229.4511135170499,50.00292925610092
2023-04-10 01:00:00,229.13104984709895,50.00077744868718
2023-04-10 02:00:00,232.07790215694936,49.99786033744656
2023-04-10 03:00:00,229.79589171937712,50.003698822819985
2023-04-10 04:00:00,230.81198085455375,49.99906244059087
2023-04-10 05:00:00,230.95324571629567,49.99757636984187
2023-04-10 06:00:00,228.71524978972266,49.993099949082655
2023-04-10 07:00:00,230.0789321411434,50.01076681646962
2023-04-10 08:00:00,229.71895773961162,50.02268897624137
2023-04-10 09:00:00,231.28795702008722,49.9760038534146
2023-04-10 10:00:00,230.6032392756169,49.997538377338785
2023-04-10 11:00:00,229.94590422392196,49.99825249551418
2023-04-10 12:00:00,230.14744912688406,50.001616108225846
2023-04-10 13:00:00,229.3141201961317,50.02779059867085
2023-04-10 14:00:00,229.05083768825713,50.000551898410684
2023-04-10 15:00:00,229.2435385994195,49.996543361755236
2023-04-10 16:00:00,230.49527040656557,50.00611378188501
2023-04-10 17:00:00,230.91850953792218,50.008312913808034
2023-04-10 18:00:00,230.63182938254485,49.993931331525
2023-04-10 19:00:00,228.43356279748593,49.99912733871441
2023-04-10 20:00:00,230.32365735906492,49.99956352255048
2023-04-10 21:00:00,230.61341974103084,50.01611347450029
2023-04-10 22:00:00,231.70429532404438,50.00138859350346
2023-04-10 23:00:00,228.6639141271595,50.00452242554573
2023-04-11 00:00:00,231.07352023055955,49.994019266101695
2023-04-11 01:00:00,231.59381216638778,50.00460818593599
2023-04-11 02:00:00,228.90462003408658,49.9985052125881
2023-04-11 03:00:00,230.6500301782557,49.99741736648475
2023-04-11 04:00:00,228.30554495531106,49.994225497429646
2023-04-11 05:00:00,229.97439293374143,50.00211939669117
2023-04-11 06:00:00,228.96128856598034,49.99845213186377
2023-04-11 07:00:00,230.68215556428507,49.99034157803932
2023-04-11 08:00:00,229.95027521377884,49.99090206182099
2023-04-11 09:00:00,229.65065588956796,50.0020751200448
2023-04-11 10:00:00,230.61033569155765,50.00094582672355
2023-04-11 11:00:00,229.1472737617851,50.00629134508465
2023-04-11 12:00:00,230.0198748396345,50.001284591449014
2023-04-11 13:00:00,230.69558840777125,49.98905629316062
2023-04-11 14:00:00,229.66793871874222,50.00571022216198
2023-04-11 15:00:00,230.13119281699372,49.99139814700134
2023-04-11 16:00:00,229.7451828171668,50.01033432075099
2023-04-11 17:00:00,231.4306078049904,50.009614185161475
2023-04-11 18:00:00,231.4121195991186,49.99404754938866
2023-04-11 19:00:00,229.9177540550054,49.99169326901215
2023-04-11 20:00:00,229.88318853612108,49.98798231714928
2023-04-11 21:00:00,228.98949482036326,49.98701089559388
2023-04-11 22:00:00,232.2568971530798,50.016283356082035
2023-04-11 23:00:00,230.78270305544189,49.991947584450685
2023-04-12 00:00:00,230.90109149008472,49.99604429441289
2023-04-12 01:00:00,231.4264044326886,50.02479282796025
2023-04-12 02:00:00,229.9518760467249,50.01153778130328
2023-04-12 03:00:00,229.73203742831524,50.01024784635686
2023-04-12 04:00:00,231.4913793829623,50.006687011723386
2023-04-12 05:00:00,229.45856669647804,50.010410921779005
2023-04-12 06:00:00,229.81862676620577,49.97646226330358
2023-04-12 07:00:00,230.3112800726531,49.99869407439784
2023-04-12 08:00:00,228.9173733730163,49.99314074939126
2023-04-12 09:00:00,230.80153080284248,49.984293641951446
2023-04-12 10:00:00,230.54982031402892,49.98537189969112
2023-04-12 11:00:00,229.459007705279,49.99837425930963
2023-04-12 12:00:00,231.1649297358529,49.985940049998824
2023-04-12 13:00:00,228.82727079632207,49.99776186831574
2023-04-12 14:00:00,229.6301045580353,49.99547901965647
2023-04-12 15:00:00,231.4941281157056,50.01617471790241
2023-04-12 16:00:00,229.86793636727805,50.00647896326331
2023-04-12 17:00:00,228.5167413776909,50.008659597993
2023-04-12 18:00:00,230.24259388563166,49.98915414031335
2023-04-12 19:00:00,229.71867402975937,50.01280846615403
2023-04-12 20:00:00,230.5239695803571,50.00594412561914
2023-04-12 21:00:00,231.0966401257117,49.99905641295809
2023-04-12 22:00:00,229.932990420507,49.98551233885031
2023-04-12 23:00:00,227.6277470848583,50.003917385629386
2023-04-13 00:00:00,230.5590133168221,49.9969444515345
2023-04-13 01:00:00,228.99012992759975,49.99322270987642
2023-04-13 02:00:00,230.50988382806793,50.00237690949552
2023-04-13 03:00:00,230.86564542617162,49.996193757961045
2023-04-13 04:00:00,231.06267306914586,49.998894002929646
2023-04-13 05:00:00,230.8485285489261,49.98774069488802
2023-04-13 06:00:00,229.6913190979055,49.984415194867
2023-04-13 07:00:00,229.88283273088703,50.01455778385327
2023-04-13 08:00:00,230.42732783644385,49.987937258794936
2023-04-13 09:00:00,230.81478922695794,49.98840119112609
2023-04-13 10:00:00,229.0106723760965,49.99387636351903
2023-04-13 11:00:00,230.9211993071759,50.008409137980415
2023-04-13 12:00:00,228.18430972859866,49.99340060455996
2023-04-13 13:00:00,227.9133714854558,49.998391453801084
2023-04-13 14:00:00,228.3483424213443,49.99086303007957
2023-04-13 15:00:00,230.52056499223823,50.01149889102964
2023-04-13 16:00:00,230.62202999743903,49.97895788301701
2023-04-13 17:00:00,230.20185962872839,50.00228413742297
2023-04-13 18:00:00,229.4362234283197,50.01921931715598
2023-04-13 19:00:00,230.47335748444527,49.99719326458167
2023-04-13 20:00:00,229.32936369377768,49.99074715713987
2023-04-13 21:00:00,229.67424963780195,49.9782643559256
2023-04-13 22:00:00,229.1634539777569,50.003548025884925
2023-04-13 23:00:00,230.64699045622754,50.00917827484017
2023-04-14 00:00:00,229.41931866902996,50.011251097867365
2023-04-14 01:00:00,230.3872873828261,50.0147536091018
2023-04-14 02:00:00,230.08816122314957,50.00768742439985
2023-04-14 03:00:00,231.60082220717234,49.98375870399996
2023-04-14 04:00:00,230.06946915699055,50.01206512804125
2023-04-14 05:00:00,231.24375477937937,49.991547286788425
2023-04-14 06:00:00,230.80859989660283,49.995935177043386
2023-04-14 07:00:00,228.8769327729807,50.007211598756456
2023-04-14 08:00:00,229.44336714725515,50.003413880663494
2023-04-14 09:00:00,229.72756332306912,49.991455469900565
2023-04-14 10:00:00,230.5449581405759,50.00369503514724
2023-04-14 11:00:00,230.7759018401757,49.97280211388154
2023-04-14 12:00:00,230.65353097549232,50.008814372196824
2023-04-14 13:00:00,229.2049017102919,49.995211324792656
2023-04-14 14:00:00,229.98151410247624,50.01983069112918
2023-04-14 15:00:00,229.5817474960736,49.99665311480215
2023-04-14 16:00:00,230.3689192156944,50.01225638291109
2023-04-14 17:00:00,228.37325347004062,50.009141916178045
2023-04-14 18:00:00,229.97588761302623,50.00789142907579
2023-04-14 19:00:00,228.23704063680836,50.00800807693765
2023-04-14 20:00:00,228.9154401371387,50.004960101819734
2023-04-14 21:00:00,231.63218286325744,50.0064674425668
2023-04-14 22:00:00,231.69404879745053,50.00741836568436
2023-04-14 23:00:00,229.34936171613256,49.9973822424001
2023-04-15 00:00:00,230.492744382511,49.993561143435194
2023-04-15 01:00:00,230.48182904501553,49.995111760605965
2023-04-15 02:00:00,231.36572095000597,49.99689393358577
2023-04-15 03:00:00,230.24607939950764,50.00202092141394
2023-04-15 04:00:00,228.9519037904082,50.00759994557608
2023-04-15 05:00:00,229.1800511934085,50.00077541993199
2023-04-15 06:00:00,230.3962784575172,50.00950777466274
2023-04-15 07:00:00,228.17254373096458,50.00014073835063
2023-04-15 08:00:00,228.2845660846848,50.021797525863036
2023-04-15 09:00:00,230.84548174722687,50.00075698035183
2023-04-15 10:00:00,232.64222655329257,49.99949113014591
2023-04-15 11:00:00,229.37615786991535,49.99333244793421
2023-04-15 12:00:00,229.8389806783787,50.01133633060753
2023-04-15 13:00:00,229.91913677322972,50.010564419893036
2023-04-15 14:00:00,230.24443012292352,50.01591188963144
2023-04-15 15:00:00,229.1446127103986,50.01307477700084
2023-04-15 16:00:00,229.8971749267537,50.00045878014254
2023-04-15 17:00:00,230.79797608194676,49.98826287045985
2023-04-15 18:00:00,229.42180097150938,50.00188472589172
2023-04-15 19:00:00,230.01071506321702,50.01046540941158
2023-04-15 20:00:00,231.03525041159304,49.99927321204974
2023-04-15 21:00:00,229.96778017712248,49.995714499959114
2023-04-15 22:00:00,228.46347831809257,49.99695214367044
2023-04-15 23:00:00,227.7261070498659,50.012768008891584
2023-04-16 00:00:00,228.8581209403618,49.99648922686472
2023-04-16 01:00:00,231.18301503424868,50.00688568036888
2023-04-16 02:00:00,229.73946883264492,50.00908959612587
2023-04-16 03:00:00,230.34722073643206,50.00588730347959
2023-04-16 04:00:00,231.2966058363985,49.99360417537677
2023-04-16 05:00:00,228.7539304754252,49.99725484793023
2023-04-16 06:00:00,232.6638357146085,49.984119893447065
2023-04-16 07:00:00,229.8954035338054,49.99620702816243
2023-04-16 08:00:00,230.53581587995086,49.98268168306116
2023-04-16 09:00:00,229.29466560820677,50.01030817688253
2023-04-16 10:00:00,229.0342874653209,49.98717175294932
2023-04-16 11:00:00,230.02520089031663,49.989308223104324
2023-04-16 12:00:00,229.38991907477248,49.99706209929725
2023-04-16 13:00:00,230.0914485574539,49.994650488011224
2023-04-16 14:00:00,227.87056227913655,50.019485035046955
2023-04-16 15:00:00,228.62601359600123,50.01181055411687
2023-04-16 16:00:00,229.4827312960843,49.997609417788794
2023-04-16 17:00:00,228.86189987210082,50.015609430262614
2023-04-16 18:00:00,233.039735203498,50.004434610125365
2023-04-16 19:00:00,230.18257723800855,49.9996828284239
2023-04-16 20:00:00,230.26701753288427,49.99083870013341
2023-04-16 21:00:00,228.9079065397952,49.993981372229285
2023-04-16 22:00:00,229.30281208631166,50.021849019352004
2023-04-16 23:00:00,229.49643430405467,50.00471701706856
2023-04-17 00:00:00,231.1470602237609,49.997623425859864
2023-04-17 01:00:00,228.5816495623211,50.00077452065904
2023-04-17 02:00:00,229.65747465562077,50.00138115091633
2023-04-17 03:00:00,230.4414411885155,49.99948350413267
2023-04-17 04:00:00,227.68890402933954,49.97541148470945
2023-04-17 05:00:00,228.3379617195664,50.0084838542316
2023-04-17 06:00:00,228.5961647712274,50.01782199065498
2023-04-17 07:00:00,229.8149980082878,50.00286753864848
2023-04-17 08:00:00,229.54420901376065,50.00450493405357
2023-04-17 09:00:00,230.930042053909,49.99176110701633
2023-04-17 10:00:00,227.78019576106064,49.99617813442829
2023-04-17 11:00:00,229.58531120395565,50.003794222937515
2023-04-17 12:00:00,231.1754375711095,50.00176829138624
2023-04-17 13:00:00,228.4257696110437,49.99825119656517
2023-04-17 14:00:00,229.8842102301224,50.01052479972054
2023-04-17 15:00:00,230.7506614926266,50.00178438521159
2023-04-17 16:00:00,231.4074350573162,50.00568101918256
2023-04-17 17:00:00,228.74606465407822,49.99472973783115
2023-04-17 18:00:00,230.37232357453453,50.00866558962829
2023-04-17 19:00:00,230.0409127534123,49.989649568735594
2023-04-17 20:00:00,228.96169118364233,50.000000482673094
2023-04-17 21:00:00,228.76779405688194,50.00370470471929
2023-04-17 22:00:00,228.73525253692208,49.99583033240637
2023-04-17 23:00:00,233.71279534511487,50.00042552694741
2023-04-18 00:00:00,231.1795324356718,50.006827678597986
2023-04-18 01:00:00,230.06856924774675,50.006991565727404
2023-04-18 02:00:00,229.15581307063582,49.999775407362954
2023-04-18 03:00:00,230.5616974670611,49.995936357738024
2023-04-18 04:00:00,228.78303131769624,50.004241712499976
2023-04-18 05:00:00,230.32532895250128,50.02104821744428
2023-04-18 06:00:00,230.8366218222758,50.00580350206725
2023-04-18 07:00:00,229.83902544277575,50.0169627691929
2023-04-18 08:00:00,229.39991456263107,50.00219640490456
2023-04-18 09:00:00,229.48484240192425,50.00321351345408
2023-04-18 10:00:00,230.96933920678916,49.9775198749149
2023-04-18 11:00:00,229.95221288895593,49.99834127952286
2023-04-18 12:00:00,231.65483091249996,50.00988927992678
2023-04-18 13:00:00,228.1728411576514,50.00276550640995
2023-04-18 14:00:00,228.73183905700859,49.99916842328671
2023-04-18 15:00:00,230.0835925419654,50.000528317766886
2023-04-18 16:00:00,230.4518456027033,50.01751644384332
2023-04-18 17:00:00,229.9326826809092,49.99368970035294
2023-04-18 18:00:00,231.40224062678038,50.01031637309852
2023-04-18 19:00:00,229.05534366555398,50.0162823674063
2023-04-18 20:00:00,230.01650599314024,50.00689325158581
2023-04-18 21:00:00,231.08397151688192,49.99117443158747
2023-04-18 22:00:00,231.78185143401268,50.006265304387185
2023-04-18 23:00:00,229.7955464582759,50.00542513318929
2023-04-19 00:00:00,232.68463406940546,50.015349997312285
2023-04-19 01:00:00,230.09227372832044,49.998451301335706
2023-04-19 02:00:00,231.69740936764435,49.97856556326607
2023-04-19 03:00:00,229.6555119230607,49.99033787845843
2023-04-19 04:00:00,229.84590366793265,49.99814127594954
2023-04-19 05:00:00,231.1711345478684,50.00014529207954
2023-04-19 06:00:00,230.81868373548483,50.00807114817925
2023-04-19 07:00:00,229.9827015017961,49.99904999532874
2023-04-19 08:00:00,228.95669359542146,49.99461007967453
2023-04-19 09:00:00,232.62584239307216,49.991851343453135
2023-04-19 10:00:00,229.72671119624144,49.998434519611905
2023-04-19 11:00:00,230.0708553743494,50.0017696660973
2023-04-19 12:00:00,228.07438701215096,50.002579933027214
2023-04-19 13:00:00,229.44042693545555,50.00682459181279
2023-04-19 14:00:00,230.8886928594131,50.0028759785543
2023-04-19 15:00:00,229.85579329956875,49.98496199645665
2023-04-19 16:00:00,232.65199737102046,49.98668564034939
2023-04-19 17:00:00,230.29110208185347,49.99607985261063
2023-04-19 18:00:00,229.40808016282477,49.99645104742449
2023-04-19 19:00:00,231.71150837999423,50.01430311504733
2023-04-19 20:00:00,232.4538892421175,49.99128832399953
2023-04-19 21:00:00,231.34776930152168,50.00539119407306
2023-04-19 22:00:00,230.13505235967517,50.01609838580793
2023-04-19 23:00:00,229.81652668248154,50.00690214475837
2023-04-20 00:00:00,228.35950432567498,50.0096823609863
2023-04-20 01:00:00,230.355368205539,50.0146805604677
2023-04-20 02:00:00,230.39588514948076,50.004379646234156
2023-04-20 03:00:00,228.85988008275044,50.00822679327601
2023-04-20 04:00:00,230.07740225510668,50.000888337050796
2023-04-20 05:00:00,231.12027875461786,50.018922159364784
2023-04-20 06:00:00,229.7180484636714,50.00382055414002
2023-04-20 07:00:00,230.32523067921232,49.99292820810749
2023-04-20 08:00:00,227.99083621927633,49.991740813595676
2023-04-20 09:00:00,231.8220306965449,49.99510434635971
2023-04-20 10:00:00,229.3304846521145,49.98461351092074
2023-04-20 11:00:00,229.70361091593946,50.014831940319965
2023-04-20 12:00:00,230.25959623265828,50.014842511178664
2023-04-20 13:00:00,229.8035780739833,50.00926823511712
2023-04-20 14:00:00,230.96089456549763,50.000637653282865
2023-04-20 15:00:00,229.63003526324954,49.9896200761912
2023-04-20 16:00:00,229.42041910854695,49.9943686449925
2023-04-20 17:00:00,230.93331215811494,50.00514769252167
2023-04-20 18:00:00,227.26846026823293,49.99612294907344
2023-04-20 19:00:00,228.72458767539754,49.99998192045377
2023-04-20 20:00:00,230.24265290526546,49.98712315485408
2023-04-20 21:00:00,230.83803196803552,49.9901554915383
2023-04-20 22:00:00,230.84677598602983,49.99445736656805
2023-04-20 23:00:00,227.27693543022457,50.01111821896797
2023-04-21 00:00:00,229.51589568498073,50.00225944256215
2023-04-21 01:00:00,230.8603990803007,49.992499489029264
2023-04-21 02:00:00,228.9730193282617,49.996441946529565
2023-04-21 03:00:00,229.76664741397215,50.01399120668606
2023-04-21 04:00:00,230.45100361593092,50.007177067209014
2023-04-21 05:00:00,230.06528623328737,49.98999840183466
2023-04-21 06:00:00,230.48908949636663,50.00154425739823
2023-04-21 07:00:00,229.82715734203194,50.0014042716224
2023-04-21 08:00:00,230.56958538486143,50.00765459133777
2023-04-21 09:00:00,230.59315767939827,49.98853878697873
2023-04-21 10:00:00,230.85401650886345,49.9954012944674
2023-04-21 11:00:00,230.79709449205313,50.010268916008556
2023-04-21 12:00:00,230.98514961322604,50.00773109635
2023-04-21 13:00:00,229.5169398259035,49.99411864681225
2023-04-21 14:00:00,229.57277608640229,50.00466742449796
2023-04-21 15:00:00,230.2020215186573,49.99548544358865
2023-04-21 16:00:00,231.95898789347183,50.003838288015075
2023-04-21 17:00:00,230.22815940754137,50.00782113145906
2023-04-21 18:00:00,231.67774550777187,49.992820232352294
2023-04-21 19:00:00,231.48029844390572,49.996390802193986
2023-04-21 20:00:00,231.48720165406866,50.00100179125071
2023-04-21 21:00:00,231.41239179349685,49.99509577699126
2023-04-21 22:00:00,229.05138977846454,49.993905993453325
2023-04-21 23:00:00,228.9212299973289,50.003587812652654
2023-04-22 00:00:00,229.13927627942599,50.01080040624982
2023-04-22 01:00:00,231.11863744381662,49.99419217698343
2023-04-22 02:00:00,229.72359856867587,49.992509447292214
2023-04-22 03:00:00,229.39872997525993,49.99162342840677
2023-04-22 04:00:00,229.5827764980668,49.99909254082606
2023-04-22 05:00:00,230.47834375946042,50.013440478057596
2023-04-22 06:00:00,229.30346611271924,49.99601375926921
2023-04-22 07:00:00,229.4992614336905,50.013236192509154
2023-04-22 08:00:00,229.69568744257205,49.99515884375882
2023-04-22 09:00:00,230.91759076300426,49.98689545720721
2023-04-22 10:00:00,228.34116018769217,50.017071716862226
2023-04-22 11:00:00,230.00887472880626,49.99859205513594
2023-04-22 12:00:00,229.64287101682442,50.0094657698767
2023-04-22 13:00:00,230.60786723578698,50.00822219133592
2023-04-22 14:00:00,229.88581923421586,50.00644729379392
2023-04-22 15:00:00,229.08211850644435,49.99772187387306
2023-04-22 16:00:00,232.14929651697776,50.004260231932484
2023-04-22 17:00:00,231.5446960900972,49.99758127764297
2023-04-22 18:00:00,230.24581126201227,49.98607002637575
2023-04-22 19:00:00,230.59210863318987,49.996362317199385
2023-04-22 20:00:00,229.25502055955607,50.008004352182574
2023-04-22 21:00:00,230.20882410755053,50.010648038354255
2023-04-22 22:00:00,232.65536163535634,50.01068657022315
2023-04-22 23:00:00,231.23995585840555,49.999842302156495
2023-04-23 00:00:00,228.9439768205969,50.012682497446
2023-04-23 01:00:00,230.4044448277694,49.99023036311885
2023-04-23 02:00:00,230.08174222331263,50.026597247655715
2023-04-23 03:00:00,230.52062559982312,49.99970954811595
2023-04-23 04:00:00,231.7819691377152,50.00093651826565
2023-04-23 05:00:00,229.0903578430624,49.9879948025749
2023-04-23 06:00:00,229.79810676529306,49.99530018989327
2023-04-23 07:00:00,228.87632790652765,50.00710116497784
2023-04-23 08:00:00,230.21482780104353,50.00517297944722
2023-04-23 09:00:00,230.10775943140524,49.98567987424331
2023-04-23 10:00:00,232.0831226755709,50.00311189857983
2023-04-23 11:00:00,229.1487514055683,49.983303206870694
2023-04-23 12:00:00,230.9060332440918,50.012297539210415
2023-04-23 13:00:00,227.37897063082463,50.01243557203534
2023-04-23 14:00:00,231.93293953609788,49.98968621238157
2023-04-23 15:00:00,230.028910244981,50.002138184615575
2023-04-23 16:00:00,230.13929039941624,49.98588130409738
2023-04-23 17:00:00,229.7772441213223,49.99554031877449
2023-04-23 18:00:00,230.4735402460355,50.002515112026536
2023-04-23 19:00:00,229.4053419830327,50.00104443289444
2023-04-23 20:00:00,230.1438844402478,50.003109929536166
2023-04-23 21:00:00,231.34856463318118,50.00180817590322
2023-04-23 22:00:00,229.6099548987452,50.00364096631189
2023-04-23 23:00:00,229.6967002244524,49.99376889995646
2023-04-24 00:00:00,229.71909367622544,49.99820814983046
2023-04-24 01:00:00,230.95796702338305,50.00040108385351
2023-04-24 02:00:00,229.84820634143216,49.99823293600273
2023-04-24 03:00:00,229.55463207213157,50.02706455525876
2023-04-24 04:00:00,230.17939788111312,50.00092763700235
2023-04-24 05:00:00,231.0631120145781,49.9862042680743
2023-04-24 06:00:00,228.69629171262113,49.989123944369815
2023-04-24 07:00:00,230.74785597001147,50.00246323445933
2023-04-24 08:00:00,230.3527945408536,49.99879273676495
2023-04-24 09:00:00,230.39666866745017,49.99824519833747
2023-04-24 10:00:00,230.01882614677953,49.98439550788097
2023-04-24 11:00:00,230.03145937212406,49.98631611423584
2023-04-24 12:00:00,230.70396670490825,49.988804402293255
2023-04-24 13:00:00,228.4504245090372,49.9901982534204
2023-04-24 14:00:00,229.19172904473243,49.98663346786804
2023-04-24 15:00:00,228.31174750473008,50.00699369144438
2023-04-24 16:00:00,231.81183178568753,50.001738579758346
2023-04-24 17:00:00,231.25938373183092,50.00854537518939
2023-04-24 18:00:00,227.8280426008898,50.0134032290706
2023-04-24 19:00:00,230.36200088351467,50.002395794027706
2023-04-24 20:00:00,229.7806914200818,49.99216724190798
2023-04-24 21:00:00,230.5943882641785,50.007991155840564
2023-04-24 22:00:00,230.3345309771659,49.9866053768257
2023-04-24 23:00:00,229.8577445332179,49.994458899007164
2023-04-25 00:00:00,229.9386137409257,49.99774091992618
2023-04-25 01:00:00,231.0176873956152,50.00188140619048
2023-04-25 02:00:00,229.40506710607096,50.0118474330462
2023-04-25 03:00:00,229.6157527635687,49.991199240617284
2023-04-25 04:00:00,230.64720452156627,49.98650260494615
2023-04-25 05:00:00,230.85582568445935,50.01536572728254
2023-04-25 06:00:00,230.29315981103423,50.010097328515975
2023-04-25 07:00:00,229.51910439371645,50.0300556899352
2023-04-25 08:00:00,228.3289543156916,49.984636832712994
2023-04-25 09:00:00,228.36983003355869,50.00152814202261
2023-04-25 10:00:00,229.79611895056573,49.985388032858694
2023-04-25 11:00:00,230.1660306105662,50.01645297524521
2023-04-25 12:00:00,229.6472674707804,49.981402798155834
2023-04-25 13:00:00,228.94879949556972,49.99044549909859
2023-04-25 14:00:00,228.79394324966526,50.002959027530665
2023-04-25 15:00:00,230.16259062301782,50.001387954798226
2023-04-25 16:00:00,231.35689633231186,49.999625003599355
2023-04-25 17:00:00,229.25483808637324,50.00451753453107
2023-04-25 18:00:00,229.97538866855487,50.01053256588945
2023-04-25 19:00:00,229.2891702032378,50.00427787854877
2023-04-25 20:00:00,230.60182643502293,49.99595733866919
2023-04-25 21:00:00,229.8746765936142,49.9916816242307
2023-04-25 22:00:00,230.98800027636662,50.0030038086768
2023-04-25 23:00:00,230.11766400787542,50.00449987531519
2023-04-26 00:00:00,230.11983864478452,50.00604138622627
2023-04-26 01:00:00,229.14684818924417,49.99698064378095
2023-04-26 02:00:00,229.16398436653648,49.98284326943715
2023-04-26 03:00:00,230.45985034961632,50.00625389065892
2023-04-26 04:00:00,230.22991295230054,49.99485435525502
2023-04-26 05:00:00,232.0138631491504,50.00152447757816
2023-04-26 06:00:00,228.90306059732794,50.00069913433546
2023-04-26 07:00:00,230.9911054435994,49.98654648898822
2023-04-26 08:00:00,230.1302333900991,49.999743698504815
2023-04-26 09:00:00,229.02597068046708,50.00339164811829
2023-04-26 10:00:00,227.32515185406044,50.00809261641786
2023-04-26 11:00:00,229.36449816129635,49.98116848331127
2023-04-26 12:00:00,229.49057732989544,49.98456563711939
2023-04-26 13:00:00,229.48849509224627,49.994320194413646
2023-04-26 14:00:00,230.9018011109655,49.99685683343858
2023-04-26 15:00:00,229.54191198760242,49.98326775557116
2023-04-26 16:00:00,230.27289121387543,49.99348721372807
2023-04-26 17:00:00,228.60609889692043,49.98705632461053
2023-04-26 18:00:00,230.38872741922137,49.98851323285652
2023-04-26 19:00:00,228.70052406581422,50.00044574969947
2023-04-26 20:00:00,230.67594760085987,49.99431221385275
2023-04-26 21:00:00,230.96690360363627,49.987996678204205
2023-04-26 22:00:00,228.500548482645,50.007644226565034
2023-04-26 23:00:00,231.92325354281115,49.99233446177329
2023-04-27 00:00:00,229.5452941020327,50.01351681568757
2023-04-27 01:00:00,230.3622168010612,49.981644898244255
2023-04-27 02:00:00,230.764687235797,50.00642363826189
2023-04-27 03:00:00,229.32604414353656,49.99962847371887
2023-04-27 04:00:00,229.29915624074883,49.996934179218755
2023-04-27 05:00:00,229.57612911682793,49.997641618159925
2023-04-27 06:00:00,230.45762913756252,49.99952941013725
2023-04-27 07:00:00,230.58403462305424,50.00147855621062
2023-04-27 08:00:00,231.39560060550136,50.01274558015085
2023-04-27 09:00:00,231.24325579369133,49.9984868129543
2023-04-27 10:00:00,231.2308399395614,50.01217386401544
2023-04-27 11:00:00,230.8741043237538,49.99685969917771
2023-04-27 12:00:00,230.79736994201093,50.00079566154763
2023-04-27 13:00:00,229.59652497050018,49.99765195443232
2023-04-27 14:00:00,229.4460817993652,49.982499405538235
2023-04-27 15:00:00,228.457011990658,49.99195851882336
2023-04-27 16:00:00,231.39875719293414,50.015673651348436
2023-04-27 17:00:00,230.04765667513462,49.99136066768027
2023-04-27 18:00:00,230.33392753440754,50.00794169965428
2023-04-27 19:00:00,227.1872421328716,49.97829850138412
2023-04-27 20:00:00,229.34150130815146,49.99595198702345
2023-04-27 21:00:00,230.97360639240344,50.00427246819492
2023-04-27 22:00:00,230.33056768022874,49.99941416496494
2023-04-27 23:00:00,229.3384531312718,50.0036990666144
2023-04-28 00:00:00,229.8827164256656,49.97504576208033
2023-04-28 01:00:00,231.97885819314797,49.98969943639754
2023-04-28 02:00:00,229.76445177487696,49.99368941130944
2023-04-28 03:00:00,230.12108158719644,49.989812269233646
2023-04-28 04:00:00,229.99335127369167,49.99871803900496
2023-04-28 05:00:00,230.20793588567446,49.98182387432897
2023-04-28 06:00:00,231.20405736850367,49.99655883618075
2023-04-28 07:00:00,232.4822091633713,50.019370753017704
2023-04-28 08:00:00,231.47666219813672,49.99629946593133
2023-04-28 09:00:00,230.23336268617294,49.983558815265106
2023-04-28 10:00:00,231.19275333451995,50.010035843698255
2023-04-28 11:00:00,228.50576130183674,49.994021284169584
2023-04-28 12:00:00,229.98204370824007,49.9844570873659
2023-04-28 13:00:00,229.29999717647976,49.997958743690354
2023-04-28 14:00:00,229.43058789571134,49.994462510416355
2023-04-28 15:00:00,230.96069631320177,50.00114453324698
2023-04-28 16:00:00,231.36653780083313,50.00022837476872
2023-04-28 17:00:00,228.66921053546108,50.00510317891682
2023-04-28 18:00:00,229.82385217591005,50.001509917932175
2023-04-28 19:00:00,229.3484272046546,50.02261582737693
2023-04-28 20:00:00,230.66783738751766,49.99310661485509
2023-04-28 21:00:00,231.11161654711992,49.98628043088254
2023-04-28 22:00:00,232.2662752101693,49.99056267210091
2023-04-28 23:00:00,231.19727437115793,50.01122477980242
2023-04-29 00:00:00,231.1456150500659,49.98307130653114
2023-04-29 01:00:00,228.9986175156698,50.009438736296126
2023-04-29 02:00:00,229.32446841868165,50.02130734165945
2023-04-29 03:00:00,230.05583757096082,50.013672422891425
2023-04-29 04:00:00,232.56805523332633,49.99550720445633
2023-04-29 05:00:00,230.07639133027533,50.0065531104885
2023-04-29 06:00:00,231.43137244162165,50.00877647393592
2023-04-29 07:00:00,229.58111290607138,49.995605729054006
2023-04-29 08:00:00,229.97640771209606,49.98903816432233
2023-04-29 09:00:00,229.978727036278,49.9992873655961
2023-04-29 10:00:00,229.50690237789922,50.00879176050359
2023-04-29 11:00:00,230.68726700957262,50.01325971380832
2023-04-29 12:00:00,228.705955034422,50.000916500610025
2023-04-29 13:00:00,228.17228169192114,49.99784888968573
2023-04-29 14:00:00,229.73776938038188,49.99876672803912
2023-04-29 15:00:00,230.55044779079435,50.01915024242476
2023-04-29 16:00:00,229.2399034005456,50.00186533684989
2023-04-29 17:00:00,232.32591410201204,50.00714250661563
2023-04-29 18:00:00,229.99771845770456,50.01154913779127
2023-04-29 19:00:00,230.07714087350524,49.99740986670616
2023-04-29 20:00:00,228.99807459642042,49.9935676479883
2023-04-29 21:00:00,230.62894894462124,50.001886479178516
2023-04-29 22:00:00,231.02546699908734,49.9922631417778
2023-04-29 23:00:00,230.19862257939118,49.9949105720479
2023-04-30 00:00:00,230.31367333912647,49.97933017915017
2023-04-30 01:00:00,230.24300393835168,50.01020909564191
2023-04-30 02:00:00,229.09748229042137,49.991131753770475
2023-04-30 03:00:00,231.44136941304797,50.0122214727338
2023-04-30 04:00:00,229.68824135552086,49.99043370307875
2023-04-30 05:00:00,231.72705171822327,49.98636619458018
2023-04-30 06:00:00,228.79335114164292,49.98266174437851
2023-04-30 07:00:00,230.906774876177,49.97773968689795
2023-04-30 08:00:00,230.1862837066063,50.01554814782132
2023-04-30 09:00:00,230.09187470342457,50.00772546325675
2023-04-30 10:00:00,229.4089028188598,50.00168339975498
2023-04-30 11:00:00,230.6701153687902,50.013852881593145
2023-04-30 12:00:00,230.53601688133497,49.990886151809875
2023-04-30 13:00:00,231.78662184831333,49.98992842940221
2023-04-30 14:00:00,230.66945895435788,50.001532920944705
2023-04-30 15:00:00,229.59169281131125,49.994443167673985
2023-04-30 16:00:00,229.56949581315033,50.01239039972245
2023-04-30 17:00:00,230.3239106583547,50.030801154044376
2023-04-30 18:00:00,231.48580984195868,50.01100063778807
2023-04-30 19:00:00,230.38743886518347,50.0032241505286
2023-04-30 20:00:00,231.02280518719297,50.000560922396495
2023-04-30 21:00:00,230.2960002188666,50.01661664021466
2023-04-30 22:00:00,228.1220729469052,50.00078123874124
2023-04-30 23:00:00,230.4544717783963,50.005734323957554
2023-05-01 00:00:00,229.80730498551287,49.990018962862926
2023-05-01 01:00:00,231.22894371280384,49.994939247391784
2023-05-01 02:00:00,231.65202255977925,50.004993977783386
2023-05-01 03:00:00,231.80355719548868,50.011880534424016
2023-05-01 04:00:00,229.82792346902124,49.99811542181227
2023-05-01 05:00:00,229.52773343752924,50.00483039076349
2023-05-01 06:00:00,229.6802219275515,49.989783787312305
2023-05-01 07:00:00,229.88331540486166,50.00423760087898
2023-05-01 08:00:00,230.165571363761,50.0110135577561
2023-05-01 09:00:00,229.0785254126151,50.00049270449322
2023-05-01 10:00:00,230.02101534946704,49.99850103470778
2023-05-01 11:00:00,227.9670927703819,49.99541899748523
2023-05-01 12:00:00,232.1513522556049,49.995461014649635
2023-05-01 13:00:00,229.76970318773326,50.01356092171633
2023-05-01 14:00:00,229.57419160875546,49.99459992099519
2023-05-01 15:00:00,230.54509298686835,49.99969106288068
2023-05-01 16:00:00,230.83861525442123,49.99070594261906
2023-05-01 17:00:00,227.9705434695944,49.99954899291882
2023-05-01 18:00:00,229.31373256459685,50.00998064330836
2023-05-01 19:00:00,231.42173908452187,49.988788473386215
2023-05-01 20:00:00,230.87438066921882,49.99046242738499
2023-05-01 21:00:00,228.82876627194975,50.015036603852046
2023-05-01 22:00:00,231.18665172134678,49.99468239476015
2023-05-01 23:00:00,230.75701105924875,50.00848554655352
2023-05-02 00:00:00,229.19128532621508,49.995246058145646
2023-05-02 01:00:00,229.99528529771865,49.99239936936172
2023-05-02 02:00:00,228.29919730982846,50.022492800686194
2023-05-02 03:00:00,230.81126035498332,49.99803520403416
2023-05-02 04:00:00,231.54085319272824,50.00666617992829
2023-05-02 05:00:00,229.65973634660818,49.99880288349698
2023-05-02 06:00:00,229.9942380862433,49.99814576455153
2023-05-02 07:00:00,230.4224729665781,50.01258852139186
2023-05-02 08:00:00,229.77316980952898,49.99625618757839
2023-05-02 09:00:00,227.93314405399985,49.990389204944485
2023-05-02 10:00:00,231.07801705863744,49.99718395840951
2023-05-02 11:00:00,231.20594222894468,50.000580378078475
2023-05-02 12:00:00,230.68565237323963,49.99528187910504
2023-05-02 13:00:00,231.3968346919083,49.99348638663437
2023-05-02 14:00:00,229.86823999049722,49.98740941548367
2023-05-02 15:00:00,230.44308617096885,49.99467869784398
2023-05-02 16:00:00,229.29956781281092,49.985470860673395
2023-05-02 17:00:00,229.12477425336238,49.99029895000593
2023-05-02 18:00:00,228.6975913156229,50.00784227377628
2023-05-02 19:00:00,230.34465954458966,50.0106076550903
2023-05-02 20:00:00,230.0879026384585,50.00041341674125
2023-05-02 21:00:00,231.09862746235862,49.984931424850146
2023-05-02 22:00:00,228.2591028403395,49.99519054468787
2023-05-02 23:00:00,230.26362356186885,50.011441663223756
2023-05-03 00:00:00,231.7262358795587,50.004532803206565
2023-05-03 01:00:00,230.11806739904887,49.98819357104851
2023-05-03 02:00:00,230.9008413546759,50.00808257436577
2023-05-03 03:00:00,232.34357969250874,49.99622361757401
2023-05-03 04:00:00,231.36485166563432,49.993746362887684
2023-05-03 05:00:00,228.57444335658928,50.00326702769027
2023-05-03 06:00:00,229.68813266684444,49.99907780036784
2023-05-03 07:00:00,230.36003036638837,50.01751719755657
2023-05-03 08:00:00,229.9355019078719,50.007024847573646
2023-05-03 09:00:00,231.31315078674828,49.99926352137924
2023-05-03 10:00:00,229.98028415371033,50.006303514101845
2023-05-03 11:00:00,229.92959723789167,49.99098883358144
2023-05-03 12:00:00,231.08465241670882,50.01556525291295
2023-05-03 13:00:00,228.59129088931522,50.00387761495371
2023-05-03 14:00:00,230.48854473408687,50.02274255204983
2023-05-03 15:00:00,229.36825130927605,49.99271329977729
2023-05-03 16:00:00,230.77564522693694,49.97944245124779
2023-05-03 17:00:00,229.6342785944617,49.99768433177029
2023-05-03 18:00:00,230.5128819528346,49.97854784470273
2023-05-03 19:00:00,229.4538205029033,50.023041026793024
2023-05-03 20:00:00,228.02033855858397,49.999370582926524
2023-05-03 21:00:00,230.360869899452,49.986953919900536
2023-05-03 22:00:00,228.70123412428924,49.99403798416716
2023-05-03 23:00:00,231.49671039559757,49.983699423208606
2023-05-04 00:00:00,230.56361846505953,49.99057882267758
2023-05-04 01:00:00,230.72547704890695,50.01657137985832
2023-05-04 02:00:00,229.71712258998915,50.004991321654245
2023-05-04 03:00:00,229.98093751411503,50.00581604701011
2023-05-04 04:00:00,227.63392578954014,50.00322173305156
2023-05-04 05:00:00,230.39294216281465,50.00016321615204
2023-05-04 06:00:00,228.85825997603004,49.98545420979369
2023-05-04 07:00:00,230.31597968252302,50.002908657120074
2023-05-04 08:00:00,228.9039250927143,50.02334917321238
2023-05-04 09:00:00,230.61505844383177,50.00956172447228
2023-05-04 10:00:00,230.1819509615129,50.003764887028595
2023-05-04 11:00:00,228.685234224535,49.997641907580146
2023-05-04 12:00:00,231.35104372515963,49.992437329149006
2023-05-04 13:00:00,229.80376210543363,50.03399382189241
2023-05-04 14:00:00,229.11830389583238,50.00784868123954
2023-05-04 15:00:00,231.0360088996334,50.00034843853435
2023-05-04 16:00:00,229.44999662756007,49.99779146381645
2023-05-04 17:00:00,229.8303544171679,49.9912224249297
2023-05-04 18:00:00,231.53062911373175,50.015578478198016
2023-05-04 19:00:00,230.39783838635972,50.0025704162626
2023-05-04 20:00:00,230.61812678075944,50.005888394503486
2023-05-04 21:00:00,229.88761286052704,49.98787707669107
2023-05-04 22:00:00,229.3373765232353,50.00535750683776
2023-05-04 23:00:00,229.66984115477794,49.99972564538167
2023-05-05 00:00:00,227.63625750817434,50.003779098245545
2023-05-05 01:00:00,230.6716200810499,49.99696374637277
2023-05-05 02:00:00,230.59185934894256,49.99891433212071
2023-05-05 03:00:00,228.5132646600826,50.00504391906533
2023-05-05 04:00:00,230.37894332348526,49.99059913510564
2023-05-05 05:00:00,227.00859557228978,49.990134706080575
2023-05-05 06:00:00,232.1355671125606,49.98238047063089
2023-05-05 07:00:00,229.42825387927675,50.00137032212032
2023-05-05 08:00:00,229.48517248038075,50.00426072967652
2023-05-05 09:00:00,230.7450319237959,49.99023539734712
2023-05-05 10:00:00,230.46669283962314,49.98723285353607
2023-05-05 11:00:00,228.46950629454497,49.99920774404654
2023-05-05 12:00:00,230.04664226409128,50.00652683122012
2023-05-05 13:00:00,230.42712687395544,49.983197507495355
2023-05-05 14:00:00,229.16436396972253,49.99532306400933
2023-05-05 15:00:00,230.7894794615057,50.01119166074903
2023-05-05 16:00:00,228.72615021983628,49.99223459976456
2023-05-05 17:00:00,230.60093290958352,49.99416225502979
2023-05-05 18:00:00,228.5060499799326,50.00712192387047
2023-05-05 19:00:00,229.57563199111152,49.9982665166824
2023-05-05 20:00:00,228.37076611366612,50.00417723433468
2023-05-05 21:00:00,230.80104054875179,50.00839927199745
2023-05-05 22:00:00,231.25014324557912,50.01486348302917
2023-05-05 23:00:00,231.70611354530425,50.01124984952347
2023-05-06 00:00:00,229.58667737457006,50.01860488863272
2023-05-06 01:00:00,229.2272601912495,50.01963783372304
2023-05-06 02:00:00,231.01407313663452,50.00620547247423
2023-05-06 03:00:00,230.0608399550111,50.00145044669099
2023-05-06 04:00:00,229.36065081513314,49.997648133821635
2023-05-06 05:00:00,229.34896454916648,49.99303589330388
2023-05-06 06:00:00,230.02922220134394,49.98271072688363
2023-05-06 07:00:00,231.22142813730613,49.99494993889587
2023-05-06 08:00:00,228.94480635728854,50.01162156675909
2023-05-06 09:00:00,231.31784713567606,49.99212789659088
2023-05-06 10:00:00,229.81971785811558,50.014109887526004
2023-05-06 11:00:00,231.21650096871747,49.99970980655442
2023-05-06 12:00:00,229.79304668019208,50.01104868908294
2023-05-06 13:00:00,230.8379404707542,50.010595221287836
2023-05-06 14:00:00,229.16973659812086,49.99348018205502
2023-05-06 15:00:00,230.4234376037559,50.017589695182345
2023-05-06 16:00:00,230.65192963548066,50.01896435551881
2023-05-06 17:00:00,228.14047055889455,50.0057797074977
2023-05-06 18:00:00,231.63662511530669,49.9777109686816
2023-05-06 19:00:00,228.5470821614431,49.99157106790079
2023-05-06 20:00:00,231.08337686629375,49.9846690292168
2023-05-06 21:00:00,229.50591016791975,49.998523827779415
2023-05-06 22:00:00,230.76855108611562,49.99362430841851
2023-05-06 23:00:00,230.42524760982457,50.00443050969668
2023-05-07 00:00:00,229.65406055059583,49.98758014903387
2023-05-07 01:00:00,229.11440521148188,49.976389162242405
2023-05-07 02:00:00,229.7544588413219,50.0097337251725
2023-05-07 03:00:00,229.51939390106207,50.0104895654249
2023-05-07 04:00:00,230.36814366522842,49.976914531045914
2023-05-07 05:00:00,230.08566663440243,49.994598748272665
2023-05-07 06:00:00,229.20432577664624,49.995922344911484
2023-05-07 07:00:00,228.7726035859861,49.99400172299726
2023-05-07 08:00:00,229.58667062456402,50.012814476556244
2023-05-07 09:00:00,229.9188710786555,50.001513358771135
2023-05-07 10:00:00,229.24697636926527,49.982213832400916
2023-05-07 11:00:00,230.37974809490407,50.00717513576825
2023-05-07 12:00:00,229.77863943656152,50.00127040767343
2023-05-07 13:00:00,230.98313934507942,50.00067060066189
2023-05-07 14:00:00,230.3741942891423,50.00659940136438
2023-05-07 15:00:00,230.59653221416403,49.98071003423755
2023-05-07 16:00:00,229.42849569525995,49.999769287765275
2023-05-07 17:00:00,231.28317461907022,50.00511039672384
2023-05-07 18:00:00,230.2563826774476,49.994174415959456
2023-05-07 19:00:00,231.31715892583955,49.995451528967884
2023-05-07 20:00:00,230.8752859002579,49.995509698452274
2023-05-07 21:00:00,229.7953910484768,50.00883414113393
2023-05-07 22:00:00,229.3944791779153,49.989069189640695
2023-05-07 23:00:00,230.1023518663716,49.99795112645923
2023-05-08 00:00:00,229.7136308646671,49.995112384329275
2023-05-08 01:00:00,229.29554615482104,50.01434928166969
2023-05-08 02:00:00,228.94140087240902,50.00120474506249
2023-05-08 03:00:00,231.92460283498278,49.99975655306505
2023-05-08 04:00:00,228.64585186070292,49.97902697972196
2023-05-08 05:00:00,228.07510359147867,49.986372722084475
2023-05-08 06:00:00,230.38558844795378,50.00722825302159
2023-05-08 07:00:00,229.27794934877707,49.998046191699615
2023-05-08 08:00:00,229.7020930845937,50.00607692363628
2023-05-08 09:00:00,228.62993498207774,50.00803934036048
2023-05-08 10:00:00,230.4070846239099,50.01189829527384
2023-05-08 11:00:00,230.28318578381223,49.988686395410966
2023-05-08 12:00:00,230.95092913926078,50.017505292091556
2023-05-08 13:00:00,230.5516750085731,50.00341038273496
2023-05-08 14:00:00,229.71046708120986,50.004392340191195
2023-05-08 15:00:00,228.38823298048177,49.981763542680625
2023-05-08 16:00:00,229.20269995296715,50.00623533279061
2023-05-08 17:00:00,229.15013271651492,49.99158940171551
2023-05-08 18:00:00,228.8973179198143,50.001202593534416
2023-05-08 19:00:00,231.29472921442596,50.018548140073555
2023-05-08 20:00:00,231.39052765204084,50.00388522861666
2023-05-08 21:00:00,229.48712488286324,50.00211219254162
2023-05-08 22:00:00,230.8090230098312,50.00407881907596
2023-05-08 23:00:00,230.2591460113033,49.99253923142977
2023-05-09 00:00:00,229.4164711915062,49.98446744550318
2023-05-09 01:00:00,230.09528533742505,50.00615655905144
2023-05-09 02:00:00,228.03685069080345,50.00118076744309
2023-05-09 03:00:00,228.42792553463934,50.01301990309881
2023-05-09 04:00:00,230.4228195022876,49.99087594700909
2023-05-09 05:00:00,230.94234572087692,49.98718396264007
2023-05-09 06:00:00,230.90514132638216,50.00711103214935
2023-05-09 07:00:00,228.94692147134617,49.9934205377823
2023-05-09 08:00:00,230.88194665339293,49.984491110862415
2023-05-09 09:00:00,230.6620075084319,49.99418094672201
2023-05-09 10:00:00,230.45828155308914,49.98956268294931
2023-05-09 11:00:00,229.8592224527508,49.984686621098156
2023-05-09 12:00:00,229.47637079300222,50.00425174915302
2023-05-09 13:00:00,230.73423672577226,50.00573811358713
2023-05-09 14:00:00,230.79736694139672,49.99691550562694
2023-05-09 15:00:00,229.7916536172857,50.018445108310274
2023-05-09 16:00:00,230.42839439482876,49.99749975756023
2023-05-09 17:00:00,230.46384244937565,50.00640185907306
2023-05-09 18:00:00,229.89693483188015,49.98461327226608
2023-05-09 19:00:00,229.30640789462424,49.98848199864209
2023-05-09 20:00:00,230.0703328662555,50.010743353324635
2023-05-09 21:00:00,230.86571435584017,50.01182678025657
2023-05-09 22:00:00,229.1331985332905,49.99784720216603
2023-05-09 23:00:00,231.15837969351054,50.00614481523173
2023-05-10 00:00:00,229.26424628070603,50.00317887797531
2023-05-10 01:00:00,231.8179015766951,50.005537064154254
2023-05-10 02:00:00,230.79937720821005,49.98992804386008
2023-05-10 03:00:00,229.55870375781475,50.02573797754106
2023-05-10 04:00:00,228.64649583722237,50.032597668726225
2023-05-10 05:00:00,229.4504672254673,49.993822086424004
2023-05-10 06:00:00,229.69455310655445,49.998693194241305
2023-05-10 07:00:00,229.66990600089454,50.00791097399087
2023-05-10 08:00:00,229.32799885406277,50.009558898919934
2023-05-10 09:00:00,230.0337372000326,49.99497200236156
2023-05-10 10:00:00,229.90995279965367,50.00729715065074
2023-05-10 11:00:00,229.2116002723889,49.998374377138624
2023-05-10 12:00:00,231.0572342917327,49.98855151926768
2023-05-10 13:00:00,231.12281252381138,49.996893137547936
2023-05-10 14:00:00,230.01461675096755,50.00302638994529
2023-05-10 15:00:00,230.94694976299647,50.004146830958106
2023-05-10 16:00:00,230.6413254989966,49.991815259178196
2023-05-10 17:00:00,229.3981730143623,49.99725205521846
2023-05-10 18:00:00,230.43384841584702,50.008361484072324
2023-05-10 19:00:00,229.1191061203362,50.00595206032732
2023-05-10 20:00:00,229.06055217339286,49.99990167365915
2023-05-10 21:00:00,230.60912001526543,49.99926242322438
2023-05-10 22:00:00,230.51321428921517,50.01206969472792
2023-05-10 23:00:00,230.4504346007262,50.01182058269482
2023-05-11 00:00:00,230.14182921970624,49.99570047074605
2023-05-11 01:00:00,228.2868988810594,49.97088742445888
2023-05-11 02:00:00,228.501863454983,49.983307351220574
2023-05-11 03:00:00,230.37455842325897,49.98527513972703
2023-05-11 04:00:00,230.73535055836618,49.998773365359604
2023-05-11 05:00:00,229.28878364438995,50.00591312246855
2023-05-11 06:00:00,231.6960319459801,50.007272844532935
2023-05-11 07:00:00,229.36045654383176,49.99093266837476
2023-05-11 08:00:00,231.18617637223898,49.994238686877424
2023-05-11 09:00:00,228.34005342144093,49.9988489114686
2023-05-11 10:00:00,229.16552860552565,49.99877964407022
2023-05-11 11:00:00,230.3471414005664,49.995101679899946
2023-05-11 12:00:00,229.6833913660808,50.025563577432386
2023-05-11 13:00:00,230.82632312801894,50.00313857012829
2023-05-11 14:00:00,230.26333250320374,49.989080585017284
2023-05-11 15:00:00,231.44285637816193,49.99993796295638
2023-05-11 16:00:00,229.50061484062968,49.995674209393094
2023-05-11 17:00:00,228.90646266527932,49.99722131086621
2023-05-11 18:00:00,229.774852815904,49.99110075999418
2023-05-11 19:00:00,229.59143312864975,49.991567747451136
2023-05-11 20:00:00,229.32933019972134,49.98067471254848
2023-05-11 21:00:00,229.13162433085012,49.9975973389454
2023-05-11 22:00:00,228.56721542251847,50.00025624105024
2023-05-11 23:00:00,231.29289826461877,49.99422871514969
2023-05-12 00:00:00,228.5152485370948,50.00900006291504
2023-05-12 01:00:00,229.9160822268024,49.99956570647659
2023-05-12 02:00:00,230.129399939886,50.000419195310386
2023-05-12 03:00:00,230.35864105508182,50.00238458068973
2023-05-12 04:00:00,229.95386851433335,49.99966170467041
2023-05-12 05:00:00,228.56329369019224,50.00054125055313
2023-05-12 06:00:00,229.20767451725544,49.986063993211935
2023-05-12 07:00:00,229.9459499931702,50.01118443375101
2023-05-12 08:00:00,229.99267191639987,49.986470515011796
2023-05-12 09:00:00,228.8015058522573,50.009180814884466
2023-05-12 10:00:00,230.6277606760118,50.00342794090752
2023-05-12 11:00:00,229.0976555654312,49.99455918117735
2023-05-12 12:00:00,231.67275096704836,50.00390185333105
2023-05-12 13:00:00,228.0731225127282,49.997098483044994
2023-05-12 14:00:00,230.53344193579247,50.00984171475647
2023-05-12 15:00:00,230.14069373068028,49.99282709980348
2023-05-12 16:00:00,229.8231862180286,49.99984406029163
2023-05-12 17:00:00,230.61759168463456,49.99256497561079
2023-05-12 18:00:00,229.27297528610057,49.990291104021686
2023-05-12 19:00:00,229.678047569446,49.99885876766667
2023-05-12 20:00:00,228.9080949087302,50.01395727262023
2023-05-12 21:00:00,231.3352525553912,50.004858482271054
2023-05-12 22:00:00,229.45767269430746,49.998526724315205
2023-05-12 23:00:00,229.42306328341874,49.998891343453124
2023-05-13 00:00:00,231.30735171740537,49.98402880023109
2023-05-13 01:00:00,228.2916764466685,49.99147542931118
2023-05-13 02:00:00,231.65393756531418,49.99226456297513
2023-05-13 03:00:00,229.89517173339567,50.00158992254056
2023-05-13 04:00:00,231.0139539089515,50.009773189578205
2023-05-13 05:00:00,230.51841579393027,49.9984241823013
2023-05-13 06:00:00,228.04988522945783,50.0021051285741
2023-05-13 07:00:00,230.66892118859212,50.00037370747969
2023-05-13 08:00:00,228.92990066153683,50.001458139263356
2023-05-13 09:00:00,229.7552317788653,50.000131543327896
2023-05-13 10:00:00,231.69696417961612,50.003911482702954
2023-05-13 11:00:00,229.43790214004753,49.992922435275126
2023-05-13 12:00:00,231.118912121795,50.008869974004085
2023-05-13 13:00:00,229.0357775079591,49.989335240577944
2023-05-13 14:00:00,231.47247163690452,49.9842976309807
2023-05-13 15:00:00,229.88182954588868,50.00190159424602
2023-05-13 16:00:00,230.44068226143446,49.9992574350751
2023-05-13 17:00:00,229.9043816117484,49.99673297227733
2023-05-13 18:00:00,230.02346947482576,49.99605211486577
2023-05-13 19:00:00,228.6447100865958,50.00658137726928
2023-05-13 20:00:00,229.48900701873296,49.991602965049324
2023-05-13 21:00:00,229.2756297763702,49.989974962601615
2023-05-13 22:00:00,228.69132140284395,50.005191447653125
2023-05-13 23:00:00,230.07766358532612,50.00800757694609
2023-05-14 00:00:00,231.40262711886524,49.991962159173454
2023-05-14 01:00:00,229.10827518992036,50.012673430689894
2023-05-14 02:00:00,231.67376549617856,49.997332292009474
2023-05-14 03:00:00,229.86069140895518,49.99644005412129
2023-05-14 04:00:00,229.5465585383907,50.00181700869095
2023-05-14 05:00:00,229.7306933019039,50.000818946990016
2023-05-14 06:00:00,232.2469006485892,50.008107127604305
2023-05-14 07:00:00,230.37412435517246,50.023734913768536
2023-05-14 08:00:00,230.3759616113094,49.9897822651668
2023-05-14 09:00:00,230.61238564583965,49.996328092820505
2023-05-14 10:00:00,228.68169042669686,49.99651680888438
2023-05-14 11:00:00,231.1027876854714,50.01928652550511
2023-05-14 12:00:00,229.1705305825236,49.983274142574345
2023-05-14 13:00:00,229.04986323135807,49.998282379018626
2023-05-14 14:00:00,229.53349273987095,50.005282128991354
2023-05-14 15:00:00,229.75844253440533,50.010851126906
2023-05-14 16:00:00,230.00173141195745,49.9967459195094
2023-05-14 17:00:00,229.6937495232178,50.012693064543726
2023-05-14 18:00:00,229.44956741588993,49.99166043610292
2023-05-14 19:00:00,229.34363355891367,49.99538193270388
2023-05-14 20:00:00,230.03582213133345,49.982251078455036
2023-05-14 21:00:00,228.2349368556492,50.008252004595896
2023-05-14 22:00:00,230.02576111952285,49.991022083782845
2023-05-14 23:00:00,231.27200661744894,49.997953781477186
2023-05-15 00:00:00,230.30859060321222,50.014638819100185
2023-05-15 01:00:00,230.74044005695427,49.99030833455087
2023-05-15 02:00:00,231.37941271969285,50.01168333901814
2023-05-15 03:00:00,230.6257387395482,50.01051714244831
2023-05-15 04:00:00,229.41981525232785,49.99886762411965
2023-05-15 05:00:00,229.50296153095258,49.99942160259852
2023-05-15 06:00:00,230.11309040258192,49.993915800055014
2023-05-15 07:00:00,228.76733730391666,49.999021935906974
2023-05-15 08:00:00,232.52639899590784,49.99357285695235
2023-05-15 09:00:00,230.00527468891997,50.01628221297001
2023-05-15 10:00:00,231.498898587028,50.0013460948239
2023-05-15 11:00:00,229.83549935649845,50.010138689933015
2023-05-15 12:00:00,230.07044350909516,49.993026166025935
2023-05-15 13:00:00,229.95492473112353,50.01358260674421
2023-05-15 14:00:00,231.27603723676611,50.00874510835657
2023-05-15 15:00:00,232.48581909957056,50.00467476723259
2023-05-15 16:00:00,228.5385557226206,50.00608085723531
2023-05-15 17:00:00,229.75655379827754,50.0005212708041
2023-05-15 18:00:00,230.42437444753776,50.007429766242645
2023-05-15 19:00:00,228.25429262247798,50.00765665677219
2023-05-15 20:00:00,229.37112491014653,50.005967942271766
2023-05-15 21:00:00,230.42350312178417,50.00613629734156
2023-05-15 22:00:00,229.50625118456185,50.00191779850584
2023-05-15 23:00:00,230.0237673695755,49.98466318057955
2023-05-16 00:00:00,230.5003311750026,49.99850242018268
2023-05-16 01:00:00,229.47816432066378,49.99201954953568
2023-05-16 02:00:00,229.04258575218498,49.98671153814808
2023-05-16 03:00:00,229.01350718896163,50.00395173177112
2023-05-16 04:00:00,227.75898321535922,50.016510434654386
2023-05-16 05:00:00,230.53969683834745,49.97738363819684
2023-05-16 06:00:00,229.83676420549818,49.99075984117623
2023-05-16 07:00:00,231.21037898906218,49.99980549336972
2023-05-16 08:00:00,230.6448867638081,50.004899951590495
2023-05-16 09:00:00,230.07717847426866,49.99682332988374
2023-05-16 10:00:00,230.3576637487961,50.005379007312825
2023-05-16 11:00:00,228.2687221481099,50.01229570222545
2023-05-16 12:00:00,230.3597380405637,50.00274850850643
2023-05-16 13:00:00,229.79227203344738,50.004023499519775
2023-05-16 14:00:00,229.28127685055927,49.9843029308213
2023-05-16 15:00:00,229.5747469855442,49.977573206023756
2023-05-16 16:00:00,230.66366312119598,49.9940617313966
2023-05-16 17:00:00,229.43089526827515,50.000620940786895
2023-05-16 18:00:00,229.75827468987487,50.00240926167474
2023-05-16 19:00:00,230.5723389602429,50.00224802501116
2023-05-16 20:00:00,229.74469910735792,49.9942528378846
2023-05-16 21:00:00,230.17793912565506,50.00348033798278
2023-05-16 22:00:00,229.89470128336197,49.9994423798817
2023-05-16 23:00:00,231.10507418307688,50.00106201572988
2023-05-17 00:00:00,230.1712448209344,50.00157557201436
2023-05-17 01:00:00,228.3609393101615,49.99427492425679
2023-05-17 02:00:00,230.7964629483445,49.99599217427182
2023-05-17 03:00:00,229.35096690176053,50.0191098036636
2023-05-17 04:00:00,229.4853486846205,50.00767175191854
2023-05-17 05:00:00,229.78515363536815,49.9975535096424
2023-05-17 06:00:00,232.20279350229197,50.00107218730857
2023-05-17 07:00:00,230.52388800760087,49.99670848069192
2023-05-17 08:00:00,231.92037528797667,50.001696099380304
2023-05-17 09:00:00,230.05953614416228,50.00177439823308
2023-05-17 10:00:00,230.73373930881,49.993710868615615
2023-05-17 11:00:00,231.79268200626984,50.00366504160533
2023-05-17 12:00:00,230.82046044422583,50.00192390904308
2023-05-17 13:00:00,230.41244703084735,49.99451132575018
2023-05-17 14:00:00,228.63068749676904,50.00818605912996
2023-05-17 15:00:00,228.98595094725667,49.99369578173813
2023-05-17 16:00:00,230.29791672165535,49.99027906101148
2023-05-17 17:00:00,231.01216144125075,50.008067339720675
2023-05-17 18:00:00,229.86446971758335,49.99052249865032
2023-05-17 19:00:00,230.67452107438396,50.0054169850726
2023-05-17 20:00:00,229.1546020256231,50.01795478332
2023-05-17 21:00:00,229.36425916488932,50.01084321514423
2023-05-17 22:00:00,230.48048109461362,49.99482247324156
2023-05-17 23:00:00,230.0581496278201,49.99353189390006
2023-05-18 00:00:00,229.61994784089572,50.009460453545394
2023-05-18 01:00:00,229.46685486271676,50.00227730360565
2023-05-18 02:00:00,228.49955164524354,49.98370811132289
2023-05-18 03:00:00,229.97653912413523,50.00657026766549
2023-05-18 04:00:00,228.54228870898314,49.99777428853538
2023-05-18 05:00:00,229.69139794383844,50.001204146868
2023-05-18 06:00:00,229.83169857634508,50.001828291890476
2023-05-18 07:00:00,231.4295299423852,50.003284930454186
2023-05-18 08:00:00,228.94811619354536,50.02123119397123
2023-05-18 09:00:00,230.47919320656163,50.015547841137796
2023-05-18 10:00:00,230.1731478940449,49.98536616810208
2023-05-18 11:00:00,228.94453901414883,50.00486945244201
2023-05-18 12:00:00,230.06264649046753,49.9843480917543
2023-05-18 13:00:00,228.67651414418953,50.01330887598426
2023-05-18 14:00:00,230.0614789239208,50.01138255520753
2023-05-18 15:00:00,229.78254311937582,49.992800871672486
2023-05-18 16:00:00,230.88770183998477,49.99867513284605
2023-05-18 17:00:00,229.28589652529843,50.008747384358315
2023-05-18 18:00:00,227.77780056449572,49.99821770638771
2023-05-18 19:00:00,229.4221629419876,49.99442403500378
2023-05-18 20:00:00,230.6221911799411,50.00044827389585
2023-05-18 21:00:00,230.14731624607916,50.01400782087234
2023-05-18 22:00:00,229.42697199198855,49.98474805594239
2023-05-18 23:00:00,231.21028569620066,49.991509209666354
2023-05-19 00:00:00,229.72025125686176,49.994024206342665
2023-05-19 01:00:00,230.78416999540846,50.01864222743941
2023-05-19 02:00:00,230.02400965116578,50.01351693227868
2023-05-19 03:00:00,230.67263340267573,49.99111076238302
2023-05-19 04:00:00,230.76909701919914,49.99910703798314
2023-05-19 05:00:00,231.3401218110611,50.00873891908901
2023-05-19 06:00:00,229.21919862575527,50.008152916076504
2023-05-19 07:00:00,230.57086325670838,50.00139045628164
2023-05-19 08:00:00,228.76877611108463,50.00039987707906
2023-05-19 09:00:00,230.5595516816943,50.01972600288593
2023-05-19 10:00:00,228.31319605904864,49.99862063529865
2023-05-19 11:00:00,231.9268072711806,49.984095490864895
2023-05-19 12:00:00,230.33326181738354,50.001659256451255
2023-05-19 13:00:00,230.22559913173396,50.003011083312
2023-05-19 14:00:00,228.35517604130115,49.998955949692736
2023-05-19 15:00:00,231.01189534683442,49.98750247235834
2023-05-19 16:00:00,231.24596140478317,50.00381289606508
2023-05-19 17:00:00,229.77142587543088,49.990288354074124
2023-05-19 18:00:00,229.5641710071101,50.00001485408585
2023-05-19 19:00:00,229.6240674126565,49.99526089474073
2023-05-19 20:00:00,231.72717668624185,50.01000192794466
2023-05-19 21:00:00,229.9020495519518,49.98439936591088
2023-05-19 22:00:00,230.16527378808095,49.98838395391249
2023-05-19 23:00:00,230.9501854670856,50.00067889232518
2023-05-20 00:00:00,227.5613063938509,50.000047714066014
2023-05-20 01:00:00,229.91818167005707,49.997668942998764
2023-05-20 02:00:00,229.7179888147434,50.0034475603408
2023-05-20 03:00:00,230.15170816269398,50.001850672905874
2023-05-20 04:00:00,230.80699756432978,50.00894113823887
2023-05-20 05:00:00,230.9743404439587,50.00155488818098
2023-05-20 06:00:00,229.7644605191652,50.017448725655875
2023-05-20 07:00:00,229.85500185248188,49.98913781696614
2023-05-20 08:00:00,230.02447798123373,50.01615118567684
2023-05-20 09:00:00,230.75761478181943,50.00027967069762
2023-05-20 10:00:00,231.14794986498148,49.981777240354965
2023-05-20 11:00:00,228.594870343804,49.97585976137353
2023-05-20 12:00:00,230.3753342287214,49.99432423450245
2023-05-20 13:00:00,229.8001752345113,50.0068445563174
2023-05-20 14:00:00,232.04887913723294,50.00910081815283
2023-05-20 15:00:00,228.8979272154273,49.99102513045801
2023-05-20 16:00:00,228.84010274916972,49.993687375001656
2023-05-20 17:00:00,229.40636489595178,50.012010539642084
2023-05-20 18:00:00,230.59323119496833,49.98414539354268
2023-05-20 19:00:00,230.60386489496457,49.992158021306444
2023-05-20 20:00:00,229.4523871649721,50.006602308864004
2023-05-20 21:00:00,231.0166468365502,49.992365855096764
2023-05-20 22:00:00,229.5649060451822,50.00331353688891
2023-05-20 23:00:00,230.85170075479783,49.997113629385844
2023-05-21 00:00:00,228.60696832399833,49.99409128062252
2023-05-21 01:00:00,229.03554497263877,49.990306450858434
2023-05-21 02:00:00,229.5850862251835,49.994559361068156
2023-05-21 03:00:00,229.9392484980547,50.02289317267647
2023-05-21 04:00:00,229.16134453236396,49.9936544937497
2023-05-21 05:00:00,229.14548508272932,50.00205612865689
2023-05-21 06:00:00,230.45123037612754,50.00434038585701
2023-05-21 07:00:00,230.8180547630041,50.0268151689183
2023-05-21 08:00:00,229.22309056306892,50.015487326031845
2023-05-21 09:00:00,228.65810095349872,49.98312785135536
2023-05-21 10:00:00,230.09703349292093,50.00592101836603
2023-05-21 11:00:00,230.46426634100666,50.00786016845796
2023-05-21 12:00:00,228.95029821570168,50.012542039900666
2023-05-21 13:00:00,231.6743596845459,49.98508524897645
2023-05-21 14:00:00,229.1221507805164,49.99940477633562
2023-05-21 15:00:00,229.73529319979778,49.99634857331256
2023-05-21 16:00:00,229.75112687393695,50.00423184057618
2023-05-21 17:00:00,229.18680698967125,49.995926855748394
2023-05-21 18:00:00,231.81479201114487,49.996514128310714
2023-05-21 19:00:00,229.06623565570754,49.98591478155249
2023-05-21 20:00:00,231.7366237850062,50.00748370170133
2023-05-21 21:00:00,229.6992375817381,49.998477472072295
2023-05-21 22:00:00,229.70098705994883,49.997090564948216
2023-05-21 23:00:00,229.35127185113768,49.99694398902001
2023-05-22 00:00:00,230.68159891392273,49.99590137647206
2023-05-22 01:00:00,231.98319286822766,50.009041323319515
2023-05-22 02:00:00,229.43565863006663,50.00508263367081
2023-05-22 03:00:00,229.6980840594347,49.97985708542557
2023-05-22 04:00:00,231.46264704474396,49.98500148271368
2023-05-22 05:00:00,228.88232877516938,49.98144041240132
2023-05-22 06:00:00,229.21863044598172,49.97561974818992
2023-05-22 07:00:00,231.36948933741493,50.011329795339705
2023-05-22 08:00:00,230.42172637673255,50.00696557094684
2023-05-22 09:00:00,229.1350351961804,50.015461295888265
2023-05-22 10:00:00,230.62179481184208,49.996580782065855
2023-05-22 11:00:00,228.45916280434034,50.00935659243513
2023-05-22 12:00:00,231.0851689348828,50.005245408387495
2023-05-22 13:00:00,228.03256930804775,49.98037954999803
2023-05-22 14:00:00,228.9781361644122,50.011206743243086
2023-05-22 15:00:00,230.37468384170452,49.99523264935635
2023-05-22 16:00:00,228.73782982949453,50.00431624398125
2023-05-22 17:00:00,230.01058571254796,49.9951169757869
2023-05-22 18:00:00,230.56629086571596,49.984670199082885
2023-05-22 19:00:00,229.26129295007132,50.003232495213226
2023-05-22 20:00:00,229.88098894664913,50.01608487669238
2023-05-22 21:00:00,230.83833890552228,49.98780005836856
2023-05-22 22:00:00,230.44844169341917,50.00211881746169
2023-05-22 23:00:00,231.51806295886172,50.01256411931439
2023-05-23 00:00:00,229.16044405875803,49.97469862019266
2023-05-23 01:00:00,229.0039444917844,49.98994852992214
2023-05-23 02:00:00,231.31613655313987,49.99995801808344
2023-05-23 03:00:00,230.3798747770222,49.99541053727859
2023-05-23 04:00:00,229.74789125527448,49.993558486828604
2023-05-23 05:00:00,229.41587982661295,49.98760729598392
2023-05-23 06:00:00,230.81410500107202,50.000786790357154
2023-05-23 07:00:00,229.6136586453427,49.99092558362122
2023-05-23 08:00:00,230.77912939657259,49.98729306945535
2023-05-23 09:00:00,231.2666842837945,49.987901522920474
2023-05-23 10:00:00,230.10388615728675,50.01229545007307
2023-05-23 11:00:00,228.6424806102423,49.991828275617856
2023-05-23 12:00:00,230.56850142209748,50.00462742756775
2023-05-23 13:00:00,231.10731325777542,49.99409047928746
2023-05-23 14:00:00,231.19998761134775,49.98337496024106
2023-05-23 15:00:00,230.16481282038484,49.99213836155274
2023-05-23 16:00:00,228.28404476705413,49.99416826770661
2023-05-23 17:00:00,229.54576065481547,50.00044231253997
2023-05-23 18:00:00,229.5033031190064,50.00133579338739
2023-05-23 19:00:00,230.85355930519262,49.9876862553783
2023-05-23 20:00:00,230.41234983248484,50.013538030425806
2023-05-23 21:00:00,230.8991599386866,50.01429495435528
2023-05-23 22:00:00,229.31952500538404,50.00044682651512
2023-05-23 23:00:00,230.21281726084962,50.00308519145035
2023-05-24 00:00:00,227.7059095900624,49.99160310393045
2023-05-24 01:00:00,229.5907750169617,49.98451968363958
2023-05-24 02:00:00,228.51641606250806,49.99942419893694
2023-05-24 03:00:00,231.73896935721976,49.99599985930895
2023-05-24 04:00:00,230.46724398770277,50.015966771130145
2023-05-24 05:00:00,230.42612648790268,50.02416744357324
2023-05-24 06:00:00,228.77501810375642,49.99162126491227
2023-05-24 07:00:00,229.87096633722098,50.001247788096975
2023-05-24 08:00:00,230.6603287039777,50.00847337729498
2023-05-24 09:00:00,229.12851794942375,50.00450291497905
2023-05-24 10:00:00,229.54306206022594,50.00398834832877
2023-05-24 11:00:00,231.10625339148393,50.012886078936965
2023-05-24 12:00:00,228.9278468288744,50.0138918916846
2023-05-24 13:00:00,229.56824126693522,50.00347323944481
2023-05-24 14:00:00,229.1822247767958,50.022388145232725
2023-05-24 15:00:00,230.3389948353166,50.0085796628019
2023-05-24 16:00:00,230.77520055118964,49.99286709727771
2023-05-24 17:00:00,231.60618999089345,50.009847733820024
2023-05-24 18:00:00,230.39569955432364,49.99284328822278
2023-05-24 19:00:00,231.2474333544338,50.00145229022006
2023-05-24 20:00:00,230.36692313730308,50.00829578177442
2023-05-24 21:00:00,228.63320704392157,49.99372348289026
2023-05-24 22:00:00,230.03980471480165,50.00796382344778
2023-05-24 23:00:00,230.05512451320357,50.00229631948707
2023-05-25 00:00:00,231.06591071871577,49.98828379240077
2023-05-25 01:00:00,229.90576423476253,49.982157209852716
2023-05-25 02:00:00,229.62866143775568,49.98260897740365
2023-05-25 03:00:00,229.14843782976772,49.99675954815504
2023-05-25 04:00:00,229.73875039450675,49.99391111681892
2023-05-25 05:00:00,229.91077923854618,50.016800962795315
2023-05-25 06:00:00,230.5963048286148,49.99808623192717
2023-05-25 07:00:00,229.18456302818697,49.99356932433455
2023-05-25 08:00:00,232.3403507787837,50.00192287552428
2023-05-25 09:00:00,229.0957374256563,50.00088996133415
2023-05-25 10:00:00,228.7210368564082,49.994305569539094
2023-05-25 11:00:00,230.50999402198278,50.000328045500936
2023-05-25 12:00:00,228.7216180501562,49.99747449414384
2023-05-25 13:00:00,230.02558458345297,49.99518670621635
2023-05-25 14:00:00,229.30740397254505,49.995063805388696
2023-05-25 15:00:00,230.65238986416372,50.00534408600627
2023-05-25 16:00:00,230.15497866416214,49.99375660931471
2023-05-25 17:00:00,231.14229423948447,49.98519125704903
2023-05-25 18:00:00,230.4237492341667,49.99865342936678
2023-05-25 19:00:00,230.04765953671884,49.99909739591749
2023-05-25 20:00:00,230.2045843757132,49.9929409904279
2023-05-25 21:00:00,229.03124608922568,50.024417956210726
2023-05-25 22:00:00,229.30061433009539,50.00755002972633
2023-05-25 23:00:00,230.21923315090274,49.99776623536093
2023-05-26 00:00:00,230.59463591971956,49.99266278299755
2023-05-26 01:00:00,229.67464040013473,49.98699096648536
2023-05-26 02:00:00,229.78730604668834,49.98815041776421
2023-05-26 03:00:00,229.60590547967146,49.99706906275416
2023-05-26 04:00:00,230.37637686711818,50.00828912778056
2023-05-26 05:00:00,230.00385234536913,50.00857792943351
2023-05-26 06:00:00,230.61902351611053,50.00308191955419
2023-05-26 07:00:00,229.3823897104835,50.0068934857142
2023-05-26 08:00:00,229.94565255202124,50.00253375009152
2023-05-26 09:00:00,231.51088843690826,50.005801575960675
2023-05-26 10:00:00,232.0366543963852,49.99942350572728
2023-05-26 11:00:00,229.76438414269782,49.992618305912
2023-05-26 12:00:00,231.31574498258072,49.999408075027766
2023-05-26 13:00:00,231.2678161922014,49.99397364237865
2023-05-26 14:00:00,230.81980790180475,50.00311555870343
2023-05-26 15:00:00,228.22366957155225,49.98945498768302
2023-05-26 16:00:00,228.58006237595325,50.00009413866408
2023-05-26 17:00:00,229.4935138087762,50.0160530808109
2023-05-26 18:00:00,229.50058110587617,50.02025178678609
2023-05-26 19:00:00,229.08682684108777,50.0095983284903
2023-05-26 20:00:00,230.55607584900818,50.01238023210073
2023-05-26 21:00:00,230.61180584704465,49.991289808565604
2023-05-26 22:00:00,231.79140182963252,49.994241193627325
2023-05-26 23:00:00,229.39324122081354,50.00415579043811
2023-05-27 00:00:00,229.34904372730406,50.019792689406195
2023-05-27 01:00:00,230.18691368998444,50.01505857743944
2023-05-27 02:00:00,228.71201471415816,49.99017251340416
2023-05-27 03:00:00,231.8697044547704,50.00205891322982
2023-05-27 04:00:00,229.6423478552722,50.008854166179006
2023-05-27 05:00:00,229.92058376520382,50.014169769781645
2023-05-27 06:00:00,230.13607541241078,49.99763897025582
2023-05-27 07:00:00,229.8521342536928,49.99881666261329
2023-05-27 08:00:00,229.72441825058272,50.002785507886216
2023-05-27 09:00:00,232.355082981284,49.98864627100497
2023-05-27 10:00:00,230.08640785213953,49.99906660902585
2023-05-27 11:00:00,230.48223329042048,50.00647434834831
2023-05-27 12:00:00,229.50606545348975,49.99649954523854
2023-05-27 13:00:00,230.61557459901655,50.01779896123484
2023-05-27 14:00:00,230.03129669969658,50.00512950885959
2023-05-27 15:00:00,230.2492162531093,49.986160329403255
2023-05-27 16:00:00,230.4775287372874,49.994424144751875
2023-05-27 17:00:00,230.88258504961937,49.980704349834895
2023-05-27 18:00:00,230.6996464077667,49.998248371933066
2023-05-27 19:00:00,229.97686633958241,49.99056467905857
2023-05-27 20:00:00,230.00581626304282,50.00047442520541
2023-05-27 21:00:00,228.8875718682119,49.99783150319044
2023-05-27 22:00:00,229.82508138626466,50.004008286215445
2023-05-27 23:00:00,230.1079295826309,50.01417917355072
2023-05-28 00:00:00,230.91673249105548,50.01288442000262
2023-05-28 01:00:00,227.63200587136535,50.01636132444847
2023-05-28 02:00:00,230.3092327236409,49.99894967942093
2023-05-28 03:00:00,229.22702768880316,49.997050451115676
2023-05-28 04:00:00,230.77646552550092,49.99235848773209
2023-05-28 05:00:00,231.32907260533085,49.993779205037484
2023-05-28 06:00:00,229.95177190451128,50.00422765476495
2023-05-28 07:00:00,231.43470234076722,49.986974990966665
2023-05-28 08:00:00,230.86800053576812,49.996287512918556
2023-05-28 09:00:00,230.13903176325098,49.987300513135715
2023-05-28 10:00:00,228.39687779162367,50.00030320215287
2023-05-28 11:00:00,230.38489688550496,49.98975722791664
2023-05-28 12:00:00,229.1714603685803,49.98618754749079
2023-05-28 13:00:00,227.14067072085464,49.99875561430205
2023-05-28 14:00:00,228.90000734305187,49.98450553842787
2023-05-28 15:00:00,231.34844840341978,50.00256903514081
2023-05-28 16:00:00,230.12927081078826,49.9948931578542
2023-05-28 17:00:00,231.22740713911531,50.001017742242205
2023-05-28 18:00:00,231.57487288103945,49.981330687361954
2023-05-28 19:00:00,230.27706576051497,50.01332637206793
2023-05-28 20:00:00,229.422712469259,49.9883911654603
2023-05-28 21:00:00,228.9450799099552,50.01789035665203
2023-05-28 22:00:00,229.936838062747,49.99566608708739
2023-05-28 23:00:00,229.10775222812939,50.01301472154109
2023-05-29 00:00:00,228.8667983231842,50.00953911493493
2023-05-29 01:00:00,229.3541653546846,49.995491660229014
2023-05-29 02:00:00,229.73216161753191,50.006908064489444
2023-05-29 03:00:00,229.7595266032704,49.99680062922633
2023-05-29 04:00:00,229.910541165004,49.99768832447138
2023-05-29 05:00:00,230.4254960119427,50.007426758049604
2023-05-29 06:00:00,229.81903842906567,49.98444944361355
2023-05-29 07:00:00,230.75391376048896,49.99409026812238
2023-05-29 08:00:00,230.71371078500982,50.00457913098554
2023-05-29 09:00:00,230.99936565965268,50.009085292893936
2023-05-29 10:00:00,229.882631340583,50.001719526302296
2023-05-29 11:00:00,228.7601874929147,49.99325672640641
2023-05-29 12:00:00,229.75948410083683,50.00475069327466
2023-05-29 13:00:00,229.0317753229503,49.99668766943552
2023-05-29 14:00:00,230.79698064650398,50.02202996043195
2023-05-29 15:00:00,228.52217169799619,50.00182885713291
2023-05-29 16:00:00,230.34074494481385,49.98349193764759
2023-05-29 17:00:00,230.20158615873962,49.99512908255717
2023-05-29 18:00:00,230.73315158541737,49.99101893383452
2023-05-29 19:00:00,230.27265852580436,49.98612108194536
2023-05-29 20:00:00,229.95300199785964,49.98808833324875
2023-05-29 21:00:00,228.90690549620436,49.99827026502731
2023-05-29 22:00:00,231.70605958148624,49.99166514615359
2023-05-29 23:00:00,229.9484937500947,50.00271476072199
2023-05-30 00:00:00,229.64819208964624,50.00274665959585
2023-05-30 01:00:00,230.11518612038884,49.99779227039506
2023-05-30 02:00:00,231.12889373229956,49.99964112601683
2023-05-30 03:00:00,229.74851526993461,50.018115791843215
2023-05-30 04:00:00,231.15081963817602,50.015079825405294
2023-05-30 05:00:00,230.2054999551227,50.00182199497044
2023-05-30 06:00:00,230.7345639731102,50.00192041704263
2023-05-30 07:00:00,230.2573611363159,50.0051224524032
2023-05-30 08:00:00,230.67346592034386,50.003946618796974
2023-05-30 09:00:00,230.87721263663852,50.004178110115944
2023-05-30 10:00:00,230.43272476234145,49.9843771054396
2023-05-30 11:00:00,231.5952702353869,50.00052683739933
2023-05-30 12:00:00,229.88391351403095,50.007444906167784
2023-05-30 13:00:00,231.18399272444194,49.997885297775746
2023-05-30 14:00:00,229.37846134214445,49.991381817303086
2023-05-30 15:00:00,230.40594646782597,49.99884979112762
2023-05-30 16:00:00,229.17171631428928,50.00067493228736
2023-05-30 17:00:00,229.1874296155313,49.98606155098752
2023-05-30 18:00:00,231.31452130637217,49.99450453793545
2023-05-30 19:00:00,232.08818773538346,50.00716999680306
2023-05-30 20:00:00,229.83864692898499,50.00399730834923
2023-05-30 21:00:00,228.9936407648771,50.00284134650226
2023-05-30 22:00:00,229.98896814251805,50.015342089267854
2023-05-30 23:00:00,229.229223185435,50.001507123528434
2023-05-31 00:00:00,231.29779838462196,50.00145437402039
2023-05-31 01:00:00,230.60289472428474,50.011706553058026
2023-05-31 02:00:00,230.58226867917838,49.99985934401328
2023-05-31 03:00:00,229.88578955625843,50.00489762957396
2023-05-31 04:00:00,229.28153212974726,49.98191641792986
2023-05-31 05:00:00,231.0561420501501,50.00510794008247
2023-05-31 06:00:00,229.89013824933434,49.99652455660107
2023-05-31 07:00:00,228.9638187413509,49.999190286723255
2023-05-31 08:00:00,231.5516753838441,50.01480000947558
2023-05-31 09:00:00,232.4710362401537,50.003789097174625
2023-05-31 10:00:00,230.15729418734085,50.00402458858856
2023-05-31 11:00:00,230.3563198904578,49.99518227028197
2023-05-31 12:00:00,231.81217437712016,49.998112103034416
2023-05-31 13:00:00,229.70248819564583,50.01360339653067
2023-05-31 14:00:00,231.12506070131855,50.0043953290913
2023-05-31 15:00:00,229.42791040793202,50.01664407694638
2023-05-31 16:00:00,230.4808683041876,49.99130953402855
2023-05-31 17:00:00,229.03506154883715,49.98489987749878
2023-05-31 18:00:00,229.7442512865957,49.99769416971983
2023-05-31 19:00:00,228.34196258951235,50.009699200397115
2023-05-31 20:00:00,230.4914866517611,50.002430917560204
2023-05-31 21:00:00,230.39980106733407,49.9874928638782
2023-05-31 22:00:00,228.9794496559017,49.995141873359856
2023-05-31 23:00:00,232.19544964117875,50.006009220797495
2023-06-01 00:00:00,230.07641320694793,50.00978786596683
2023-06-01 01:00:00,229.85948288886817,49.99296656517273
2023-06-01 02:00:00,229.02225527542237,50.01309899457441
2023-06-01 03:00:00,230.78111771875416,50.006973981479646
2023-06-01 04:00:00,229.10280839153083,49.99307038579
2023-06-01 05:00:00,230.76483458356492,50.01856760757881
2023-06-01 06:00:00,229.12421864564246,49.99460208845367
2023-06-01 07:00:00,230.4346677012485,49.9964292879851
2023-06-01 08:00:00,229.80605779219124,50.00854530779167
2023-06-01 09:00:00,230.78430827665872,49.99730016571755
2023-06-01 10:00:00,228.69903382180706,50.01537640324988
2023-06-01 11:00:00,230.45668524181542,50.01129159834774
2023-06-01 12:00:00,229.01915287424907,50.004061633072034
2023-06-01 13:00:00,229.35325134245238,50.00839686406495
2023-06-01 14:00:00,230.57985559010356,49.995005424848685
2023-06-01 15:00:00,230.04657284486052,49.996422075282396
2023-06-01 16:00:00,230.37337828556133,49.986381008291836
2023-06-01 17:00:00,230.7518570915796,50.003746142574435
2023-06-01 18:00:00,230.1657742907184,50.02172765086845
2023-06-01 19:00:00,229.86261139298975,49.994189926335764
2023-06-01 20:00:00,228.99922329034456,49.98119401374386
2023-06-01 21:00:00,232.19614314333603,50.007235927939945
2023-06-01 22:00:00,230.54737535386855,50.003267159107466
2023-06-01 23:00:00,230.00061463927085,50.005480376502724
2023-06-02 00:00:00,229.67977313014583,49.996527467527486
2023-06-02 01:00:00,230.20740593102838,49.98259555487018
2023-06-02 02:00:00,229.99494461801186,49.99058786529584
2023-06-02 03:00:00,230.52869101819104,49.98070054703391
2023-06-02 04:00:00,229.42626672648726,50.009194697616145
2023-06-02 05:00:00,231.67973924201962,50.00567103969613
2023-06-02 06:00:00,230.68986389906547,49.99703361901713
2023-06-02 07:00:00,228.19289513184455,49.9889938885088
2023-06-02 08:00:00,230.28791084990476,49.99700621155459
2023-06-02 09:00:00,230.80545932103476,49.982811683448624
2023-06-02 10:00:00,228.68021750657923,49.99448502519501
2023-06-02 11:00:00,231.1014516195208,50.02227896477936
2023-06-02 12:00:00,230.63026439004247,50.001942188794445
2023-06-02 13:00:00,228.69136943241867,50.02381017124834
2023-06-02 14:00:00,229.82722812142578,49.98177259380391
2023-06-02 15:00:00,228.85734040021302,49.998109238149276
2023-06-02 16:00:00,230.83679268206623,49.98908773075524
2023-06-02 17:00:00,228.98225803785056,49.9941521982387
2023-06-02 18:00:00,229.06551315549396,49.99990072876702
2023-06-02 19:00:00,230.0821891139224,49.99546428304272
2023-06-02 20:00:00,232.07069819180512,49.988938043798846
2023-06-02 21:00:00,231.2210637631207,49.99457733031039
2023-06-02 22:00:00,229.0107720645817,49.99031930298115
2023-06-02 23:00:00,228.7753403530059,50.00297878676458
2023-06-03 00:00:00,229.40857103188668,50.00904802379489
2023-06-03 01:00:00,228.59799268592434,50.01190911503757
2023-06-03 02:00:00,230.78700129702102,50.00171151639599
2023-06-03 03:00:00,230.6586572739566,49.99958618962332
2023-06-03 04:00:00,230.91374388567766,49.98480863742995
2023-06-03 05:00:00,230.04895032479462,49.99917959318503
2023-06-03 06:00:00,230.12016353529708,50.002286439737034
2023-06-03 07:00:00,228.93422814084755,49.99673852953303
2023-06-03 08:00:00,230.2749674221395,49.988292420580194
2023-06-03 09:00:00,231.26418634238905,50.007648984788496
2023-06-03 10:00:00,229.56969844279683,49.99177549998685
2023-06-03 11:00:00,230.40663858537275,50.00883963602577
2023-06-03 12:00:00,230.06781096024574,50.008066825375124
2023-06-03 13:00:00,229.46667718112397,49.978771367220254
2023-06-03 14:00:00,230.51494793330028,50.00837364788801
2023-06-03 15:00:00,231.81735309392437,49.99803554898371
2023-06-03 16:00:00,231.37514572785864,49.98344775024488
2023-06-03 17:00:00,229.15859848073467,49.993929615908435
2023-06-03 18:00:00,230.11884804214105,50.00979526003398
2023-06-03 19:00:00,230.7313149783918,50.00004064213088
2023-06-03 20:00:00,230.08302697471657,49.993531429015256
2023-06-03 21:00:00,228.71504702083357,50.00100546084476
2023-06-03 22:00:00,229.2433885966786,49.99858469294651
2023-06-03 23:00:00,230.62742580379418,49.98793112022189
2023-06-04 00:00:00,231.92854992903088,49.987697433805955
2023-06-04 01:00:00,229.3527726031685,50.00208568264698
2023-06-04 02:00:00,229.0474641160438,50.00630479961224
2023-06-04 03:00:00,231.12830852915158,49.99593471124247
2023-06-04 04:00:00,230.2344288344481,50.002420245315705
2023-06-04 05:00:00,229.61108478420311,49.99219355305313
2023-06-04 06:00:00,229.80682385280303,50.018714170942374
2023-06-04 07:00:00,229.85836165283104,49.999818455979494
2023-06-04 08:00:00,230.75122495297833,49.98165093414524
2023-06-04 09:00:00,230.2276632822421,49.989715547851006
2023-06-04 10:00:00,228.4696346530308,49.996911902838065
2023-06-04 11:00:00,229.87280128484312,50.01034462600224
2023-06-04 12:00:00,231.83581061517,50.00652045056871
2023-06-04 13:00:00,231.10934830101007,49.9933951432187
2023-06-04 14:00:00,231.25410377225978,49.98422970042138
2023-06-04 15:00:00,229.1646150987239,49.99769431752321
2023-06-04 16:00:00,230.3613747367354,49.99317088168174
2023-06-04 17:00:00,230.94945035007848,49.99794737414653
2023-06-04 18:00:00,230.07420643566766,49.9993345334784
2023-06-04 19:00:00,231.1831310641524,50.002681208343446
2023-06-04 20:00:00,229.14348826252805,49.9985203850658
2023-06-04 21:00:00,230.21318571539348,49.97837253212859
2023-06-04 22:00:00,229.40652751778424,50.00255745758345
2023-06-04 23:00:00,231.47684409769937,50.0043065665121
2023-06-05 00:00:00,229.94494109174178,49.994150159246104
2023-06-05 01:00:00,229.78942500995524,49.98602126960216
2023-06-05 02:00:00,228.86370986643556,50.00532392994021
2023-06-05 03:00:00,230.82827230073818,49.99719324532766
2023-06-05 04:00:00,230.44189995103216,49.991777242180305
2023-06-05 05:00:00,229.98178359623563,50.00108521258274
2023-06-05 06:00:00,230.603145511115,50.010488524050004
2023-06-05 07:00:00,231.0714544542767,49.99490182989585
2023-06-05 08:00:00,230.2019506245343,49.99741588242286
2023-06-05 09:00:00,230.44453467756568,49.99674841426655
2023-06-05 10:00:00,230.54168086626953,49.98750620247181
2023-06-05 11:00:00,228.23883051097016,49.99905947631856
2023-06-05 12:00:00,230.47142595206782,50.01624803939428
2023-06-05 13:00:00,228.36279537767962,49.982213818067834
2023-06-05 14:00:00,230.00749094809962,49.99767637363532
2023-06-05 15:00:00,230.56337200817032,50.00801271045852
2023-06-05 16:00:00,228.17343859376373,49.98834620459088
2023-06-05 17:00:00,230.05173283874353,50.00188293647641
2023-06-05 18:00:00,229.64634952480503,50.008785117059865
2023-06-05 19:00:00,229.75138367936984,49.98488979517945
2023-06-05 20:00:00,230.77672271584302,50.01546929435655
2023-06-05 21:00:00,231.90034699412985,49.99878655065963
2023-06-05 22:00:00,230.73525482027117,49.995657030376016
2023-06-05 23:00:00,230.0252051268059,49.98474320940943
2023-06-06 00:00:00,228.6535587524086,49.99346207967122
2023-06-06 01:00:00,231.36767543213583,49.982516590418136
2023-06-06 02:00:00,229.83674614410384,49.9789656624199
2023-06-06 03:00:00,228.31374713656217,50.00166201434963
2023-06-06 04:00:00,228.84401783420566,50.00112166326089
2023-06-06 05:00:00,228.73077303904532,49.983192529323986
2023-06-06 06:00:00,228.88588421707573,50.001920550224234
2023-06-06 07:00:00,231.01398364480275,49.98690991382838
2023-06-06 08:00:00,230.19828762290044,50.001457182764064
2023-06-06 09:00:00,230.54092736361187,50.004989885349424
2023-06-06 10:00:00,227.1988696991695,49.978813818939344
2023-06-06 11:00:00,230.76764540861583,49.999567505455566
2023-06-06 12:00:00,230.62974916209063,50.0062821381174
2023-06-06 13:00:00,228.20869379788275,49.98840161038151
2023-06-06 14:00:00,228.755082859167,49.996453570506894
2023-06-06 15:00:00,231.13802019383317,50.00798978592245
2023-06-06 16:00:00,229.40379568508823,49.996194705024784
2023-06-06 17:00:00,231.00941274350802,50.010242592086
2023-06-06 18:00:00,230.0101376836122,50.014198897387054
2023-06-06 19:00:00,229.48714807538704,50.0136680840173
2023-06-06 20:00:00,229.86008654651008,49.99462137525654
2023-06-06 21:00:00,228.00875407377418,49.98926297815669
2023-06-06 22:00:00,230.3807738741232,50.00604452510296
2023-06-06 23:00:00,228.8007008292231,49.99849066547136
2023-06-07 00:00:00,228.17030686012876,49.9988746933057
2023-06-07 01:00:00,228.51843805077567,50.01921960776296
2023-06-07 02:00:00,229.0911178749505,49.99832129504139
2023-06-07 03:00:00,230.58512250157307,49.99276503002208
2023-06-07 04:00:00,229.2009642878356,49.96750235599886
2023-06-07 05:00:00,230.75241449012591,49.989001998747455
2023-06-07 06:00:00,230.8852607299064,49.996877132459055
2023-06-07 07:00:00,230.96470044529144,50.00895373576111
2023-06-07 08:00:00,231.8375639777795,50.01385348613755
2023-06-07 09:00:00,230.47106816621366,50.000908476425586
2023-06-07 10:00:00,230.58144980724677,49.99587442945684
2023-06-07 11:00:00,229.3569177546829,49.99470202869055
2023-06-07 12:00:00,227.68740552107212,50.00358079362641
2023-06-07 13:00:00,230.32306945670354,49.99213293807737
2023-06-07 14:00:00,228.63183743708572,50.0086062723562
2023-06-07 15:00:00,228.6018368462203,50.01163402009924
2023-06-07 16:00:00,228.83539312225392,50.01222265332766
2023-06-07 17:00:00,230.64841502030947,49.98540617438039
2023-06-07 18:00:00,230.9662754813151,50.003457703230104
2023-06-07 19:00:00,230.1609245459664,49.99788327644439
2023-06-07 20:00:00,228.89176753837305,49.98237997063702
2023-06-07 21:00:00,229.71688855133425,49.99931292216184
2023-06-07 22:00:00,231.410674551704,49.99610070644362
2023-06-07 23:00:00,229.73472115627587,49.9953641864482
2023-06-08 00:00:00,229.49813504037795,50.0160595920142
2023-06-08 01:00:00,231.35236645549278,49.98470768071501
2023-06-08 02:00:00,232.2807604848877,49.99927903073873
2023-06-08 03:00:00,229.6716557784053,50.001825552313
2023-06-08 04:00:00,228.37079661402237,49.9735401015775
2023-06-08 05:00:00,230.07742028788667,50.00055551896057
2023-06-08 06:00:00,229.6626646027335,50.002225757713816
2023-06-08 07:00:00,231.4800689825502,50.00832891229528
2023-06-08 08:00:00,228.71855951698282,49.97214638241079
2023-06-08 09:00:00,229.0820729089856,49.99945056703734
2023-06-08 10:00:00,229.62989516413774,49.995060389703404
2023-06-08 11:00:00,230.69347573363314,50.00348241890981
2023-06-08 12:00:00,228.94175570624446,50.00337497598351
2023-06-08 13:00:00,231.0727791336289,50.002564420223294
2023-06-08 14:00:00,229.50873544488113,50.001255934384176
2023-06-08 15:00:00,228.48607466247034,49.99928341074886
2023-06-08 16:00:00,229.15344246921754,50.00122172886896
2023-06-08 17:00:00,228.6330752996651,49.98148557859791
2023-06-08 18:00:00,228.70828767559252,50.03054343576252
2023-06-08 19:00:00,231.92682679750732,50.006523248928126
2023-06-08 20:00:00,230.13819128740644,50.01666084528131
2023-06-08 21:00:00,231.06207959791107,50.00005449089876
2023-06-08 22:00:00,229.58872164090155,50.00546562402835
2023-06-08 23:00:00,230.60921600132792,49.98389556229047
2023-06-09 00:00:00,229.19420993225464,50.01667974507803
2023-06-09 01:00:00,231.7120165803248,50.01345937502058
2023-06-09 02:00:00,229.7469006105771,49.99052069207534
2023-06-09 03:00:00,229.1547893652109,49.99395306701456
2023-06-09 04:00:00,228.72380233100498,49.998226178951796
2023-06-09 05:00:00,228.85406189964831,50.00400849414338
2023-06-09 06:00:00,228.72628868677262,49.99783178345832
2023-06-09 07:00:00,231.72635263670475,50.00693076076052
2023-06-09 08:00:00,229.7827214204132,50.0024399304751
2023-06-09 09:00:00,229.70880557222551,50.002748839724
2023-06-09 10:00:00,233.29227209175093,50.000322922372355
2023-06-09 11:00:00,231.5255792666475,50.01380894143574
2023-06-09 12:00:00,228.74701007153917,50.00847101176645
2023-06-09 13:00:00,231.34628431965444,49.99631737460991
2023-06-09 14:00:00,229.64328286021384,50.009197680556014
2023-06-09 15:00:00,229.87009744952778,49.99133279754175
2023-06-09 16:00:00,229.40740777463787,49.99460122023237
2023-06-09 17:00:00,229.84917100345817,50.00881100898899
2023-06-09 18:00:00,229.39673283154957,50.005708637471656
2023-06-09 19:00:00,229.66069910258545,50.00258514023193
2023-06-09 20:00:00,229.58104442188616,50.00471950215813
2023-06-09 21:00:00,230.46925488134676,50.0164071597788
2023-06-09 22:00:00,230.50272041549175,49.99945392953099
2023-06-09 23:00:00,230.1358448209871,50.000015610200315
2023-06-10 00:00:00,231.48164054563426,50.01374468620097
2023-06-10 01:00:00,231.06746365433474,49.989462401699285
2023-06-10 02:00:00,231.31784737030486,49.99536739392055
2023-06-10 03:00:00,229.2562507287374,50.006775050564656
2023-06-10 04:00:00,228.84288745887736,49.99370374615609
2023-06-10 05:00:00,230.27917608003034,50.00051051821804
2023-06-10 06:00:00,230.4155043500535,49.98824931597526
2023-06-10 07:00:00,229.00168286750176,50.00263150190317
2023-06-10 08:00:00,230.33183064891634,49.98410499665318
2023-06-10 09:00:00,228.27951433905383,49.98680796776825
2023-06-10 10:00:00,229.6585292452614,50.00303599580347
2023-06-10 11:00:00,228.69846419475545,50.008787803500354
2023-06-10 12:00:00,230.4159844015587,50.00040771538521
2023-06-10 13:00:00,230.79086072273165,50.013832488789646
2023-06-10 14:00:00,227.91556654453325,50.004073717832355
2023-06-10 15:00:00,226.8996447756519,49.9944471101116
2023-06-10 16:00:00,231.58410113573584,50.01331586673121
2023-06-10 17:00:00,228.82781239618635,50.005523316809295
2023-06-10 18:00:00,229.45046673679556,50.00483994001685
2023-06-10 19:00:00,228.9482631749909,50.01398952432209
2023-06-10 20:00:00,231.1634235347447,49.99629674453697
2023-06-10 21:00:00,230.94171560701443,50.006644943230484
2023-06-10 22:00:00,229.6563513463407,49.99506718667418
2023-06-10 23:00:00,230.67999874776862,50.00001128242937
2023-06-11 00:00:00,230.2803386197243,49.989524307988546
2023-06-11 01:00:00,230.3051490595415,50.00282284533107
2023-06-11 02:00:00,230.6289880419925,50.00758321894454
2023-06-11 03:00:00,229.9914342440895,49.99920436304569
2023-06-11 04:00:00,229.48291154970386,50.003502199496175
2023-06-11 05:00:00,230.8911402683753,49.977783222011944
2023-06-11 06:00:00,230.16022403615045,50.00452383287346
2023-06-11 07:00:00,229.987403922359,49.98687326756293
2023-06-11 08:00:00,230.11114602078044,50.010313084809006
2023-06-11 09:00:00,229.37819579800635,50.00928168541689
2023-06-11 10:00:00,228.68094606150507,49.99112650453056
2023-06-11 11:00:00,229.36682438154025,49.9945942027681
2023-06-11 12:00:00,230.22199561306573,50.013761399990855
2023-06-11 13:00:00,229.91299073310387,50.013408710961976
2023-06-11 14:00:00,228.90785752154406,50.00444651207769
2023-06-11 15:00:00,228.58956611687833,49.994847165231896
2023-06-11 16:00:00,228.7828210665113,49.981714540100356
2023-06-11 17:00:00,229.82526974639265,50.00739980888897
2023-06-11 18:00:00,231.59735092116497,49.994092055884536
2023-06-11 19:00:00,228.79381073736425,50.006439145054856
2023-06-11 20:00:00,230.71310766043848,50.00825925429359
2023-06-11 21:00:00,228.6031491781668,49.99786630216166
2023-06-11 22:00:00,230.7679470786067,50.00214208055365
2023-06-11 23:00:00,229.31622355693136,50.01315422386773
2023-06-12 00:00:00,229.9106544794446,49.99774775065479
2023-06-12 01:00:00,230.70321356354677,49.99430222454878
2023-06-12 02:00:00,230.0858961342485,50.004091850783276
2023-06-12 03:00:00,230.24221219658185,49.9978890832923
2023-06-12 04:00:00,230.09915366014957,50.00120062940824
2023-06-12 05:00:00,231.85023160393774,50.01030594587991
2023-06-12 06:00:00,228.7224018667132,49.98844645232955
2023-06-12 07:00:00,229.85820945974567,50.00575437190224
2023-06-12 08:00:00,230.00986280760984,49.99380761541838
2023-06-12 09:00:00,229.11090375630346,49.99672597193629
2023-06-12 10:00:00,230.79869979568315,50.000476042668666
2023-06-12 11:00:00,229.56400337475714,49.99880508948274
2023-06-12 12:00:00,230.81362251361062,49.98323894358507
2023-06-12 13:00:00,230.08466494186092,50.01381812021163
2023-06-12 14:00:00,229.63468631943272,50.01134409218759
2023-06-12 15:00:00,231.72254041410386,49.99853683506874
2023-06-12 16:00:00,228.16783813654447,50.00934398626729
2023-06-12 17:00:00,230.61972926376632,49.99602304838662
2023-06-12 18:00:00,231.3994039179273,49.99017802556256
2023-06-12 19:00:00,228.50937962666038,50.000544130142
2023-06-12 20:00:00,229.97194085852402,49.98831097141515
2023-06-12 21:00:00,230.47387738265923,50.006090506234834
2023-06-12 22:00:00,229.1341891673736,49.9929743725056
2023-06-12 23:00:00,230.5639104059792,49.98399969120767
2023-06-13 00:00:00,231.42486896646287,49.96372792304162
2023-06-13 01:00:00,230.73374815582852,49.99872943681135
2023-06-13 02:00:00,231.87930251485295,50.00320702489739
2023-06-13 03:00:00,228.94333392528372,50.01337736378143
2023-06-13 04:00:00,229.77321020030504,49.98264989435749
2023-06-13 05:00:00,228.4748097614995,50.010091988130426
2023-06-13 06:00:00,229.5280214582663,49.99512840810825
2023-06-13 07:00:00,230.51161536556836,49.99938356745262
2023-06-13 08:00:00,230.26346197840053,50.000057795777415
2023-06-13 09:00:00,229.4488256143052,49.99989598359464
2023-06-13 10:00:00,229.87362932898884,49.97966998338415
2023-06-13 11:00:00,228.0197870751173,50.00715841007322
2023-06-13 12:00:00,230.03811153321854,50.00834520758949
2023-06-13 13:00:00,231.5548562348022,50.00956677313624
2023-06-13 14:00:00,228.45583313974197,50.00487476120346
2023-06-13 15:00:00,229.97490753838616,49.997928791926185
2023-06-13 16:00:00,231.36677087656446,49.985319854851376
2023-06-13 17:00:00,228.97752273905266,50.00448534994441
2023-06-13 18:00:00,229.8014463571082,50.00038540953485
2023-06-13 19:00:00,231.16537369491405,49.9999754921688
2023-06-13 20:00:00,232.59801296362295,50.004406554779585
2023-06-13 21:00:00,230.26235726707856,49.99954888000548
2023-06-13 22:00:00,230.34585131361294,49.99555981802701
2023-06-13 23:00:00,228.82835992079083,49.98820028623423
2023-06-14 00:00:00,230.36429409342497,49.999941457141915
2023-06-14 01:00:00,229.68441963860852,50.01473369007232
2023-06-14 02:00:00,230.3378571016486,49.988973550767184
2023-06-14 03:00:00,230.48266340910857,50.01003129252205
2023-06-14 04:00:00,229.7706953748946,50.007145256121866
2023-06-14 05:00:00,231.29686654410614,49.98287893502093
2023-06-14 06:00:00,230.54739459058018,50.006085204367444
2023-06-14 07:00:00,229.2772184569166,50.00018132226905
2023-06-14 08:00:00,228.7685386636628,49.99916547653832
2023-06-14 09:00:00,231.44985652675444,50.01996214524295
2023-06-14 10:00:00,231.11341110717015,50.009413227767645
2023-06-14 11:00:00,230.27982167249766,49.99071874976669
2023-06-14 12:00:00,228.7015444306357,50.00639736740229
2023-06-14 13:00:00,229.70068880298555,49.990831549954606
2023-06-14 14:00:00,230.5218798897939,49.99125252435951
2023-06-14 15:00:00,229.073783702079,50.00160406389642
2023-06-14 16:00:00,231.8837583388233,50.011737173964455
2023-06-14 17:00:00,228.79494093556303,49.9851273620217
2023-06-14 18:00:00,228.82208781541618,49.99496210634844
2023-06-14 19:00:00,230.223353612081,50.01175834061637
2023-06-14 20:00:00,231.26057087819672,49.990591696890576
2023-06-14 21:00:00,227.46812433872395,50.00031401642294
2023-06-14 22:00:00,229.15473733404076,49.99689340676261
2023-06-14 23:00:00,227.26528150666314,50.01276537338471
2023-06-15 00:00:00,231.30970547671075,50.00318844409189
2023-06-15 01:00:00,229.15832779564775,49.99701282525803
2023-06-15 02:00:00,231.66413627741875,49.99163398291147
2023-06-15 03:00:00,228.2884121832999,50.02105071576645
2023-06-15 04:00:00,228.93205941108442,49.999242412222706
2023-06-15 05:00:00,229.63060800040174,49.99773711817356
2023-06-15 06:00:00,230.45466803869564,50.00499362895042
2023-06-15 07:00:00,230.0506573308453,50.00718866525842
2023-06-15 08:00:00,229.34715057631817,49.98599913883383
2023-06-15 09:00:00,227.55251796088254,49.998099987093916
2023-06-15 10:00:00,229.71927769985209,49.989276587789725
2023-06-15 11:00:00,229.7998871637372,49.994354577144016
2023-06-15 12:00:00,229.50884738036643,50.01273489984701
2023-06-15 13:00:00,231.3356750488142,50.011534225557924
2023-06-15 14:00:00,229.73589229156568,50.00588810159029
2023-06-15 15:00:00,231.4459002081719,49.985947653579075
2023-06-15 16:00:00,230.503582516741,50.001867022060544
2023-06-15 17:00:00,230.55157058684824,49.99424399803202
2023-06-15 18:00:00,230.85427329784736,50.009919132072575
2023-06-15 19:00:00,230.36380560624937,49.99436626040012
2023-06-15 20:00:00,229.60626537139157,49.99171970257957
2023-06-15 21:00:00,230.48204269051777,50.003606705139916
2023-06-15 22:00:00,230.86752652941274,50.01213503950189
2023-06-15 23:00:00,230.51071269529135,50.01067937894928
2023-06-16 00:00:00,228.5179626767765,50.01299268099023
2023-06-16 01:00:00,230.80971564526266,50.01308459022246
2023-06-16 02:00:00,230.7422548560341,50.01632670707958
2023-06-16 03:00:00,230.8450063585892,50.001806252408926
2023-06-16 04:00:00,229.68485877137476,49.99555370611919
2023-06-16 05:00:00,229.25808912378542,49.991744983875485
2023-06-16 06:00:00,229.96065287141525,50.01194690186424
2023-06-16 07:00:00,230.93912078496385,49.998274839159606
2023-06-16 08:00:00,228.55334186141792,49.99090112558473
2023-06-16 09:00:00,230.0335200727755,50.005226184687004
2023-06-16 10:00:00,228.00858212162308,49.98552608817703
2023-06-16 11:00:00,228.58574719315502,49.98919933729253
2023-06-16 12:00:00,231.08692690155988,50.002173224544045
2023-06-16 13:00:00,230.26508472356272,50.00882026994836
2023-06-16 14:00:00,228.87805284802062,49.99669073926733
2023-06-16 15:00:00,230.64054181252453,49.997674935345685
2023-06-16 16:00:00,229.38527565399045,50.00786642673705
2023-06-16 17:00:00,230.41834108610445,50.008290341095346
2023-06-16 18:00:00,230.43833181583165,49.97925232354285
2023-06-16 19:00:00,230.67072840973978,50.014831300809604
2023-06-16 20:00:00,230.9031813314422,49.99672898460108
2023-06-16 21:00:00,229.80051171056513,49.99253449504124
2023-06-16 22:00:00,229.77125216535816,49.99531606282456
2023-06-16 23:00:00,231.3435687083389,49.98635361385134
2023-06-17 00:00:00,229.1227034716257,50.02547140880198
2023-06-17 01:00:00,230.5128006298198,49.986948062480536
2023-06-17 02:00:00,229.3371519654656,49.98501330256183
2023-06-17 03:00:00,230.05097488528486,49.99738398863949
2023-06-17 04:00:00,231.77179268459045,49.98620139128283
2023-06-17 05:00:00,228.76771242788158,50.00122016916056
2023-06-17 06:00:00,228.56580608422337,50.01641720197096
2023-06-17 07:00:00,231.41056537616205,50.00165209655856
2023-06-17 08:00:00,230.24112455063675,50.00338831832507
2023-06-17 09:00:00,229.29561766862471,49.997090424582176
2023-06-17 10:00:00,229.8719455179839,49.98959004768844
2023-06-17 11:00:00,229.79983707703533,49.99707694391871
2023-06-17 12:00:00,229.71709744786074,50.01054612405161
2023-06-17 13:00:00,231.3543800130793,50.01357517191096
2023-06-17 14:00:00,229.08988680964103,50.00041611163857
2023-06-17 15:00:00,229.77880353596927,50.00877497952006
2023-06-17 16:00:00,228.9238143434031,49.992252070142506
2023-06-17 17:00:00,229.7902133737891,49.993847973058955
2023-06-17 18:00:00,229.3457113318597,49.98399995418245
2023-06-17 19:00:00,230.31463036101616,50.011091284342974
2023-06-17 20:00:00,229.85493177389188,49.994240167369455
2023-06-17 21:00:00,230.58334488126147,49.98672022651907
2023-06-17 22:00:00,231.34260053250472,50.00501454397613
2023-06-17 23:00:00,228.82605918771822,50.013433620353894
2023-06-18 00:00:00,230.14452150974975,49.99628831969017
2023-06-18 01:00:00,228.41557847610264,49.98228917989961
2023-06-18 02:00:00,230.05382823553308,49.996760954329254
2023-06-18 03:00:00,230.5507067396765,50.00239068480368
2023-06-18 04:00:00,229.67186480581032,50.005953941843
2023-06-18 05:00:00,230.39248176235756,50.007767539497976
2023-06-18 06:00:00,230.31805597409578,50.00075932630039
2023-06-18 07:00:00,230.58257173374847,49.997413258306324
2023-06-18 08:00:00,228.79764895438643,50.00685664468654
2023-06-18 09:00:00,231.08634436005823,49.98676863095761
2023-06-18 10:00:00,229.67960040673415,49.9903119976189
2023-06-18 11:00:00,228.34682751040916,49.99272830476517
2023-06-18 12:00:00,229.08154364591107,49.995581764716725
2023-06-18 13:00:00,228.74139804049565,49.986170936110625
2023-06-18 14:00:00,229.4638312950476,50.00972153648526
2023-06-18 15:00:00,229.14003244410608,49.987878743973184
2023-06-18 16:00:00,228.46918405067217,49.973116238568
2023-06-18 17:00:00,228.32776017715227,50.00986550296715
2023-06-18 18:00:00,229.97637224092745,50.00515542085449
2023-06-18 19:00:00,231.4218097911352,49.99939354896922
2023-06-18 20:00:00,230.134618330391,50.00468349657112
2023-06-18 21:00:00,229.4050370121767,50.00108635127856
2023-06-18 22:00:00,228.9402321265114,50.01163616284797
2023-06-18 23:00:00,228.72147593826958,49.992316213611474
2023-06-19 00:00:00,229.73719455738336,50.017351127274665
2023-06-19 01:00:00,229.8014579370755,50.00947637036439
2023-06-19 02:00:00,230.5516949984171,49.99393524524673
2023-06-19 03:00:00,229.64305890384492,49.992340432471735
2023-06-19 04:00:00,231.3886313191935,50.001464506512384
2023-06-19 05:00:00,228.7056793219296,49.98876339852717
2023-06-19 06:00:00,228.87563197540334,49.99794537515161
2023-06-19 07:00:00,230.41037172891816,50.013459480904565
2023-06-19 08:00:00,229.51086375457288,50.00182492898458
2023-06-19 09:00:00,229.4404089800857,50.0209430743263
2023-06-19 10:00:00,229.21765169756551,49.992300718016644
2023-06-19 11:00:00,228.61458983540277,50.00452363717985
2023-06-19 12:00:00,227.8972462048891,49.99467614538476
2023-06-19 13:00:00,229.32853384468123,49.99792951118979
2023-06-19 14:00:00,228.8639754902475,50.0050029870115
2023-06-19 15:00:00,230.29586807677123,49.99266335960034
2023-06-19 16:00:00,229.94445175103047,49.99137902497126
2023-06-19 17:00:00,229.35195633211552,49.9953411808036
2023-06-19 18:00:00,229.48799111543838,49.99461987836722
2023-06-19 19:00:00,231.09203913186843,49.989902146415396
2023-06-19 20:00:00,229.18060896120923,50.01444643627833
2023-06-19 21:00:00,230.93873233834273,49.996961725900455
2023-06-19 22:00:00,231.35332287992992,50.008301339757985
2023-06-19 23:00:00,230.29169350439642,50.007584478353685
2023-06-20 00:00:00,229.61834170094696,50.010249058442874
2023-06-20 01:00:00,229.80215524405628,49.98664133348429
2023-06-20 02:00:00,230.76973965059926,49.99650512027523
2023-06-20 03:00:00,229.65761128499952,50.006868333329066
2023-06-20 04:00:00,232.39118606068934,49.993846459638505
2023-06-20 05:00:00,229.2101303641954,50.01487877279775
2023-06-20 06:00:00,230.69863173171956,49.98771815671067
2023-06-20 07:00:00,230.9413967838502,50.008204563471395
2023-06-20 08:00:00,228.35819398455078,49.995535392046484
2023-06-20 09:00:00,230.208959266759,50.01050646465186
2023-06-20 10:00:00,229.69415661998755,50.00269576274363
2023-06-20 11:00:00,229.67931552016745,49.991545504655136
2023-06-20 12:00:00,230.99935754358617,50.00819913658115
2023-06-20 13:00:00,229.7820997015542,49.9827166555237
2023-06-20 14:00:00,231.43759178365804,49.99652122363272
2023-06-20 15:00:00,228.7417976183942,49.99544219767667
2023-06-20 16:00:00,228.83203485658933,50.004322330676764
2023-06-20 17:00:00,229.69069606363158,49.97312406498048
2023-06-20 18:00:00,229.3764562434229,50.00233228550759
2023-06-20 19:00:00,229.1735706091613,50.00372715890748
2023-06-20 20:00:00,227.7026247000353,49.992057312035335
2023-06-20 21:00:00,231.04031484823378,49.99696122149586
2023-06-20 22:00:00,230.36436831702594,50.00035107088641
2023-06-20 23:00:00,230.51391754069363,50.00946216342257
2023-06-21 00:00:00,229.2261797733871,49.978350754861424
2023-06-21 01:00:00,230.54923059043253,49.99942733914267
2023-06-21 02:00:00,232.17512152584607,50.00479756006359
2023-06-21 03:00:00,230.57952573244103,50.00625527634916
2023-06-21 04:00:00,230.00457721251334,49.99781428213194
2023-06-21 05:00:00,230.10196670455818,50.00573736373171
2023-06-21 06:00:00,231.23266749798157,49.99926432007554
2023-06-21 07:00:00,228.8506147399231,50.01126829375097
2023-06-21 08:00:00,229.88948957483032,49.991648491597374
2023-06-21 09:00:00,230.03334143310389,49.99337174017927
2023-06-21 10:00:00,230.37334490191725,50.00461553202704
2023-06-21 11:00:00,229.26965049813006,50.00646319716889
2023-06-21 12:00:00,228.00951102416488,50.0050230418898
2023-06-21 13:00:00,230.05884864591792,49.99574315156609
2023-06-21 14:00:00,232.3661927721088,49.995900300176494
2023-06-21 15:00:00,230.42717999480297,49.999878872637595
2023-06-21 16:00:00,228.8339107293141,49.98898238277446
2023-06-21 17:00:00,229.50511278426333,49.991834291665164
2023-06-21 18:00:00,229.73191547548606,50.014614190819294
2023-06-21 19:00:00,231.5796701704471,49.99833572264802
2023-06-21 20:00:00,229.8684685690058,49.99475907168664
2023-06-21 21:00:00,231.0970049606527,49.99420616364645
2023-06-21 22:00:00,230.1983548567695,50.00290847093294
2023-06-21 23:00:00,230.0815271005036,50.02107976774234
2023-06-22 00:00:00,228.99670240199183,50.011503047543904
2023-06-22 01:00:00,230.79622217417693,49.98690195853786
2023-06-22 02:00:00,229.4567071663915,50.012831933600964
2023-06-22 03:00:00,231.1259176723718,49.991659560168124
2023-06-22 04:00:00,230.02799123128528,49.99352141253444
2023-06-22 05:00:00,229.90631758769933,49.995335488542366
2023-06-22 06:00:00,229.25935405144818,49.9882549266774
2023-06-22 07:00:00,229.5315770431534,50.01285817652282
2023-06-22 08:00:00,229.54079092143624,49.99420197946446
2023-06-22 09:00:00,230.04540003066649,49.97901761926439
2023-06-22 10:00:00,231.58616114590694,49.99152722078687
2023-06-22 11:00:00,228.55696591282634,50.00197523523162
2023-06-22 12:00:00,230.1316884863651,49.98279821365873
2023-06-22 13:00:00,231.7755322239045,50.002697744268666
2023-06-22 14:00:00,228.82153070549336,49.991116622021394
2023-06-22 15:00:00,229.58518179424283,50.011161490271945
2023-06-22 16:00:00,230.85948615370546,50.004552330449414
2023-06-22 17:00:00,228.79274169357728,50.00080277251023
2023-06-22 18:00:00,231.51576459115037,49.98450945464773
2023-06-22 19:00:00,231.25762959095204,49.98710336238795
2023-06-22 20:00:00,230.2690184717653,49.99421624730007
2023-06-22 21:00:00,227.0434461601114,49.99771205721379
2023-06-22 22:00:00,229.5177435346041,50.01528763264669
2023-06-22 23:00:00,230.9912712079804,50.00296255960119
2023-06-23 00:00:00,229.6330934574181,49.996168641037855
2023-06-23 01:00:00,230.0091277916707,50.014750593517356
2023-06-23 02:00:00,232.02760317523362,49.999097992356816
2023-06-23 03:00:00,230.3202161971025,50.004344854018505
2023-06-23 04:00:00,230.2332563802635,50.015537013986844
2023-06-23 05:00:00,229.6225844554829,50.00716573456406
2023-06-23 06:00:00,231.57377795339144,50.00442432385059
2023-06-23 07:00:00,231.02881137580977,50.00581238270284
2023-06-23 08:00:00,229.52357772197615,49.99934727742369
2023-06-23 09:00:00,229.2771531724614,50.00041591159339
2023-06-23 10:00:00,229.184212933548,49.98415485487173
2023-06-23 11:00:00,229.539340198112,49.99291195899501
2023-06-23 12:00:00,229.2237301842727,49.99951448084134
2023-06-23 13:00:00,230.12102848910726,50.004634846265944
2023-06-23 14:00:00,230.84908552988472,49.99565886229017
2023-06-23 15:00:00,229.20883429113817,50.023893748492746
2023-06-23 16:00:00,229.2961787812737,50.007861101844
2023-06-23 17:00:00,229.39427186254568,50.002470507909
2023-06-23 18:00:00,230.32984919037355,49.98554916797069
2023-06-23 19:00:00,228.9901062326641,49.999425071165916
2023-06-23 20:00:00,228.5147903511447,50.005109449585085
2023-06-23 21:00:00,229.7562292796113,49.99906618173785
2023-06-23 22:00:00,230.07547752415124,49.9986655031074
2023-06-23 23:00:00,229.86579793243766,49.998426386632005
2023-06-24 00:00:00,229.8900223436589,49.992969597596435
2023-06-24 01:00:00,230.83557676655167,49.98749784965074
2023-06-24 02:00:00,231.1760998483025,50.02184383567852
2023-06-24 03:00:00,229.93877288473777,49.98997178053935
2023-06-24 04:00:00,230.12251428725492,49.99532528646373
2023-06-24 05:00:00,231.8368709786247,50.00253603885906
2023-06-24 06:00:00,229.7475655331015,49.979440680479996
2023-06-24 07:00:00,229.58074240432626,50.01553414943167
2023-06-24 08:00:00,228.65142516986708,50.011696730070774
2023-06-24 09:00:00,230.6813926532004,49.984965878264326
2023-06-24 10:00:00,228.5594440488377,49.9967682651118
2023-06-24 11:00:00,229.36644312325907,50.0095627351391
2023-06-24 12:00:00,228.9862443218667,49.999773673444054
2023-06-24 13:00:00,228.71704739571976,50.009996344566915
2023-06-24 14:00:00,231.51268023877913,50.01527283546951
2023-06-24 15:00:00,230.13627718327433,49.99170696138136
2023-06-24 16:00:00,228.40922503707722,50.004673018547145
2023-06-24 17:00:00,230.31628589192383,49.987961778976214
2023-06-24 18:00:00,231.0074117216154,49.99535429804422
2023-06-24 19:00:00,230.47197780067677,50.000691500135964
2023-06-24 20:00:00,231.13267987257504,50.00146387438545
2023-06-24 21:00:00,230.56321893533428,49.99150489428717
2023-06-24 22:00:00,230.78677271134887,50.00596277712347
2023-06-24 23:00:00,229.90587634883178,49.985316852933686
2023-06-25 00:00:00,231.50702001476682,49.9911883203637
2023-06-25 01:00:00,230.81389014299535,50.01072295196069
2023-06-25 02:00:00,230.28035805561186,49.99201235067712
2023-06-25 03:00:00,229.1549842018629,50.0027162518846
2023-06-25 04:00:00,231.05524576657209,50.016346822087854
2023-06-25 05:00:00,231.19193296472147,49.99981848185757
2023-06-25 06:00:00,232.14717887070205,50.01343807969589
2023-06-25 07:00:00,229.9492104036173,49.9864554475047
2023-06-25 08:00:00,230.4045738192919,49.99410086287489
2023-06-25 09:00:00,230.38703350317658,50.00221023582148
2023-06-25 10:00:00,228.05275342717928,49.989685238657536
2023-06-25 11:00:00,230.8630432508313,49.995370764239375
2023-06-25 12:00:00,230.48087025464918,50.00144499358419
2023-06-25 13:00:00,229.56287366108032,50.00167616783813
2023-06-25 14:00:00,229.18613227343337,49.9968673645704
2023-06-25 15:00:00,228.86140576908903,49.98168165053516
2023-06-25 16:00:00,230.63677454189352,49.993532832195385
2023-06-25 17:00:00,229.32213587856572,49.98598052779403
2023-06-25 18:00:00,230.52259442678533,49.999245247073766
2023-06-25 19:00:00,229.92695546762107,49.99959357160827
2023-06-25 20:00:00,230.28351122530134,49.9987326346241
2023-06-25 21:00:00,231.32106048390312,49.99056681597484
2023-06-25 22:00:00,230.52989092435385,49.98326701151339
2023-06-25 23:00:00,230.43815442682703,50.014288312768635
2023-06-26 00:00:00,229.46680106580786,50.00019416385091
2023-06-26 01:00:00,230.50802930723466,49.99687064748243
2023-06-26 02:00:00,229.9758246895609,49.99932730662485
2023-06-26 03:00:00,228.70141796418613,49.986587347742585
2023-06-26 04:00:00,229.84503527663117,50.01288330979802
2023-06-26 05:00:00,231.22126053280743,49.99285138385663
2023-06-26 06:00:00,229.1166160247633,49.998870660027265
2023-06-26 07:00:00,230.35106998059229,50.00485830767112
2023-06-26 08:00:00,229.89705913458198,50.00717386441171
2023-06-26 09:00:00,230.0203084158255,49.99976342824929
2023-06-26 10:00:00,229.8030028212381,49.989691409080486
2023-06-26 11:00:00,230.27700427332002,50.00598547220203
2023-06-26 12:00:00,228.9860647692972,50.00850030867655
2023-06-26 13:00:00,230.55994069372008,50.01172737627457
2023-06-26 14:00:00,229.56238607379157,50.00542820522959
2023-06-26 15:00:00,230.18231890016577,50.02095262294201
2023-06-26 16:00:00,230.2377567340109,50.001488311548755
2023-06-26 17:00:00,230.26289039545637,50.00199726906723
2023-06-26 18:00:00,229.77091601962923,50.01229460196812
2023-06-26 19:00:00,228.7484591675483,50.01610972887757
2023-06-26 20:00:00,229.45516233714096,50.013885900667624
2023-06-26 21:00:00,229.64461373852947,49.999197645311725
2023-06-26 22:00:00,228.27598895151027,50.00763383964884
2023-06-26 23:00:00,229.46503847442708,50.01062773201675
2023-06-27 00:00:00,231.1068524514919,50.0006156677433
2023-06-27 01:00:00,228.9682747141851,49.99151642220165
2023-06-27 02:00:00,230.76210370535014,49.989969114519155
2023-06-27 03:00:00,229.45278532921998,50.003768370663124
2023-06-27 04:00:00,229.41553126243605,50.00876569487513
2023-06-27 05:00:00,229.80941887804187,49.99541845682761
2023-06-27 06:00:00,230.31240294286005,49.99234729634775
2023-06-27 07:00:00,229.56368272985188,49.99484481972582
2023-06-27 08:00:00,229.4753409743419,50.00149907696497
2023-06-27 09:00:00,231.3814729990185,50.00779340132915
2023-06-27 10:00:00,230.12519544762878,50.00372831791569
2023-06-27 11:00:00,228.5992466977029,50.00006601922199
2023-06-27 12:00:00,227.89263632270084,50.01389875511087
2023-06-27 13:00:00,231.44398122256172,50.02723184822142
2023-06-27 14:00:00,230.9237055482721,50.00011827228418
2023-06-27 15:00:00,230.17900756930203,50.01607386712294
2023-06-27 16:00:00,230.14472407580743,49.993127623390855
2023-06-27 17:00:00,229.98982511034868,50.01143122101115
2023-06-27 18:00:00,230.09712592929586,49.99177486348592
2023-06-27 19:00:00,230.2116392920383,49.99645942195762
2023-06-27 20:00:00,231.0435283276517,49.99959645650876
2023-06-27 21:00:00,230.9466363857954,49.980773271672746
2023-06-27 22:00:00,230.19673420001143,49.98177461835714
2023-06-27 23:00:00,230.21540858749077,49.991492911212525
2023-06-28 00:00:00,230.84114348741707,50.01323815027881
2023-06-28 01:00:00,230.58427203685304,49.99760582928299
2023-06-28 02:00:00,229.91372398761607,50.009152907453036
2023-06-28 03:00:00,227.1959402953932,49.98355075488513
2023-06-28 04:00:00,230.69339540620365,50.00359881043638
2023-06-28 05:00:00,231.11560096715633,50.00439983752347
2023-06-28 06:00:00,229.73836271171874,49.99040111309156
2023-06-28 07:00:00,228.88914480047458,50.018618963552626
2023-06-28 08:00:00,230.93661642885831,49.98743308245474
2023-06-28 09:00:00,230.95248303561004,49.99757146709061
2023-06-28 10:00:00,229.14439712143397,50.02455175133829
2023-06-28 11:00:00,230.4749961716725,49.99048538960256
2023-06-28 12:00:00,229.54429197213233,49.99378714871215
2023-06-28 13:00:00,230.3437718896612,50.001555011745616
2023-06-28 14:00:00,231.3953730418928,49.98672432222779
2023-06-28 15:00:00,230.47191770619818,50.005166696568786
2023-06-28 16:00:00,229.37661729444872,49.98219290604551
2023-06-28 17:00:00,229.4611984648532,50.000009648713714
2023-06-28 18:00:00,231.98060610595618,50.014465534979294
2023-06-28 19:00:00,231.27801506908483,50.00640578076237
2023-06-28 20:00:00,229.56400716902348,49.99959002184201
2023-06-28 21:00:00,229.8956700392208,49.996783343314135
2023-06-28 22:00:00,229.6570123880799,49.99915143773822
2023-06-28 23:00:00,230.18848667231492,49.99712732086173
2023-06-29 00:00:00,230.79154391166477,50.00397921389076
2023-06-29 01:00:00,230.5184654578385,50.00644800502061
2023-06-29 02:00:00,230.7028329962976,50.00143534025674
2023-06-29 03:00:00,229.2957575252928,50.007009203346904
2023-06-29 04:00:00,230.1185265398728,50.00513887527705
2023-06-29 05:00:00,230.84897416724314,49.98753877646241
2023-06-29 06:00:00,231.51822279299083,49.976646038211854
2023-06-29 07:00:00,227.85652520171027,50.00172404584239
2023-06-29 08:00:00,230.46454083525794,49.99549734306312
2023-06-29 09:00:00,231.21785493215745,50.00202826392474
2023-06-29 10:00:00,227.99008669649217,50.01671852038952
2023-06-29 11:00:00,231.36620947685796,49.997318903967205
2023-06-29 12:00:00,232.20919088595633,50.0031073266799
2023-06-29 13:00:00,230.1841334670169,49.99154562293792
2023-06-29 14:00:00,230.5414338025769,50.0049175477277
2023-06-29 15:00:00,229.03070802569977,49.9921870584737
2023-06-29 16:00:00,232.0472677918998,50.01000824275124
2023-06-29 17:00:00,230.28318524302705,50.001228334625736
2023-06-29 18:00:00,227.44148136881583,49.99854265513801
2023-06-29 19:00:00,230.96623199794504,49.98362309635891
2023-06-29 20:00:00,229.09323126585784,49.986270138774756
2023-06-29 21:00:00,229.49588655976933,50.00580017257872
2023-06-29 22:00:00,230.28933741094716,50.01163089446729
2023-06-29 23:00:00,230.02575263680447,50.00241492299389
2023-06-30 00:00:00,230.33250070864761,49.99772188539572
2023-06-30 01:00:00,230.44689224609468,50.00048328919355
2023-06-30 02:00:00,231.34569501574046,49.998567643994896
2023-06-30 03:00:00,228.64717029233844,49.99296680749354
2023-06-30 04:00:00,230.53595010692234,49.98648879873759
2023-06-30 05:00:00,230.16679690177273,49.98658565792412
2023-06-30 06:00:00,229.77377182071783,49.99312830416514
2023-06-30 07:00:00,228.741490044522,50.0009249955301
2023-06-30 08:00:00,230.39656679331935,49.986712966384964
2023-06-30 09:00:00,229.04763951342454,49.99926763425461
2023-06-30 10:00:00,228.31264299794907,49.992489247272154
2023-06-30 11:00:00,229.80633216389913,49.9832864756932
2023-06-30 12:00:00,230.59264776470187,49.99357688732837
2023-06-30 13:00:00,229.27878129317338,50.00236719881779
2023-06-30 14:00:00,228.14526422120025,49.99369077639705
2023-06-30 15:00:00,229.97443648190608,50.014774155931434
2023-06-30 16:00:00,231.19930022319332,50.00623632113504
2023-06-30 17:00:00,229.27844673755087,50.010544922283735
2023-06-30 18:00:00,228.63194781358865,50.031064696214706
2023-06-30 19:00:00,228.39840287954047,49.99427858356234
2023-06-30 20:00:00,229.2869844225056,49.9856666576854
2023-06-30 21:00:00,230.02580174726725,49.9921511036421
2023-06-30 22:00:00,229.52924333613154,50.00066391941015
2023-06-30 23:00:00,230.2533455427241,50.003922589481164
2023-07-01 00:00:00,230.10769836180646,50.00185360354252
2023-07-01 01:00:00,230.99862253171173,49.99552700581544
2023-07-01 02:00:00,229.8632025893432,50.0041328162281
2023-07-01 03:00:00,230.61908749492554,50.01141851043526
2023-07-01 04:00:00,230.0411271319341,49.99247327478311
2023-07-01 05:00:00,230.18106577991284,49.99069893278358
2023-07-01 06:00:00,230.17065353807982,50.01964224796906
2023-07-01 07:00:00,228.97530856757106,49.98874423975598
2023-07-01 08:00:00,229.91539406805992,50.00846936141715
2023-07-01 09:00:00,229.3678995644243,49.99803319399033
2023-07-01 10:00:00,229.16628172993603,50.014859216971175
2023-07-01 11:00:00,230.39521786832088,49.99710536190526
2023-07-01 12:00:00,230.49246192972072,50.00397501573862
2023-07-01 13:00:00,229.3695651320097,49.98686601731603
2023-07-01 14:00:00,230.69676177102906,49.99321878155984
2023-07-01 15:00:00,229.55192224427793,50.00246288141929
2023-07-01 16:00:00,230.8954374356903,49.99333642931104
2023-07-01 17:00:00,232.18937162148643,49.987140753130724
2023-07-01 18:00:00,230.47856618643235,50.0212435964454
2023-07-01 19:00:00,229.8904902781781,49.999798156278956
2023-07-01 20:00:00,229.31288180261177,50.01145966125377
2023-07-01 21:00:00,230.2027445243433,50.01906806412209
2023-07-01 22:00:00,229.02222461565185,49.99477283912388
2023-07-01 23:00:00,229.76225486871047,49.999146827128904
2023-07-02 00:00:00,229.10420819323696,50.00076908598603
2023-07-02 01:00:00,230.84068296195636,50.00471284267642
2023-07-02 02:00:00,229.4697558440961,50.01117015947952
2023-07-02 03:00:00,229.9681663262892,50.009760467409905
2023-07-02 04:00:00,228.27812503168124,50.00719587894973
2023-07-02 05:00:00,229.65768688084125,49.99678671336083
2023-07-02 06:00:00,229.63032524345132,49.99991978713162
2023-07-02 07:00:00,229.0816655790181,49.987467301163925
2023-07-02 08:00:00,229.70600083587917,50.00712555107271
2023-07-02 09:00:00,227.5110787021007,50.023111314897896
2023-07-02 10:00:00,228.84648238332358,50.00262242280198
2023-07-02 11:00:00,228.3287943982329,50.01396996746746
2023-07-02 12:00:00,230.7605047775953,50.0083818218117
2023-07-02 13:00:00,229.97322423064455,49.9945514958003
2023-07-02 14:00:00,227.42699747936572,49.99115090009947
2023-07-02 15:00:00,230.9920458633916,49.98861957829224
2023-07-02 16:00:00,230.42604242035867,50.00120860786987
2023-07-02 17:00:00,229.892598190823,50.00556495747995
2023-07-02 18:00:00,230.34086606247746,50.006087845120106
2023-07-02 19:00:00,229.87048263824153,49.98863846038124
2023-07-02 20:00:00,229.64597777984062,50.01233222385559
2023-07-02 21:00:00,230.0821493852775,49.99445717655652
2023-07-02 22:00:00,230.05775191916183,50.00123104034824
2023-07-02 23:00:00,229.18347170380574,49.99357479098871
2023-07-03 00:00:00,230.74375885951017,49.988169674712736
2023-07-03 01:00:00,229.20544967054,49.98739486006288
2023-07-03 02:00:00,229.69682791391827,50.0071088262841
2023-07-03 03:00:00,230.8483218780666,49.99989355345043
2023-07-03 04:00:00,231.08482075552632,49.988999617685955
2023-07-03 05:00:00,230.9437794198207,49.99379228241047
2023-07-03 06:00:00,228.30598784877847,50.01423245700071
2023-07-03 07:00:00,229.81238322463398,50.008817560497164
2023-07-03 08:00:00,228.84007715851945,50.00613732110421
2023-07-03 09:00:00,228.95386023553746,50.021101717862244
2023-07-03 10:00:00,229.35983999902476,50.01502869237602
2023-07-03 11:00:00,229.7102630253816,50.00036121221414
2023-07-03 12:00:00,229.4439135679723,49.99457231154027
2023-07-03 13:00:00,227.3585599334414,50.025851243361615
2023-07-03 14:00:00,230.2561406088717,50.012058028696956
2023-07-03 15:00:00,229.90727458248267,49.99454955341357
2023-07-03 16:00:00,231.23218167781178,49.98668668460272
2023-07-03 17:00:00,229.91139679739413,49.97753403563699
2023-07-03 18:00:00,228.11045864868046,49.98720439055148
2023-07-03 19:00:00,228.63764582339732,49.995187973445276
2023-07-03 20:00:00,228.3000868387449,50.013390049322936
2023-07-03 21:00:00,229.7300882603989,50.0098966614239
2023-07-03 22:00:00,231.58487163137553,50.002684559785926
2023-07-03 23:00:00,230.49917601954223,50.00615370148095
2023-07-04 00:00:00,230.14043330898028,49.9921870589318
2023-07-04 01:00:00,228.90242595418624,49.986923628576285
2023-07-04 02:00:00,230.42776241756246,49.99768818545074
2023-07-04 03:00:00,229.70853981197624,50.00987581135609
2023-07-04 04:00:00,230.2655120638982,50.0004532735057
2023-07-04 05:00:00,230.51326224614107,50.00709275168469
2023-07-04 06:00:00,229.53203317228412,50.00036726703675
2023-07-04 07:00:00,230.28209549846295,49.98701988066527
2023-07-04 08:00:00,231.8465650368658,50.00287868336231
2023-07-04 09:00:00,231.26119312482675,49.99615825922008
2023-07-04 10:00:00,230.9087644128691,50.010845048559545
2023-07-04 11:00:00,232.38079363779272,49.98419430198405
2023-07-04 12:00:00,231.95766497878665,50.015323040578195
2023-07-04 13:00:00,231.52142796503702,49.987674762908334
2023-07-04 14:00:00,228.95672343070834,49.99716880961507
2023-07-04 15:00:00,228.8126441280239,49.98515521072788
2023-07-04 16:00:00,228.7336838744575,50.01014467847861
2023-07-04 17:00:00,230.85486890077743,49.98885507081299
2023-07-04 18:00:00,230.754522346142,49.99456027173488
2023-07-04 19:00:00,230.45526464838582,50.01038939790941
2023-07-04 20:00:00,228.93786429321025,49.99491128350079
2023-07-04 21:00:00,230.96487246841363,49.99922414212426
2023-07-04 22:00:00,229.70354493447397,50.00584231487259
2023-07-04 23:00:00,229.78723821198034,50.003520887793975
2023-07-05 00:00:00,230.7157385329987,50.002139617907304
2023-07-05 01:00:00,229.83534481539112,49.99415783100245
2023-07-05 02:00:00,229.9076479424333,49.99606771691177
2023-07-05 03:00:00,228.578962566096,50.00435321824869
2023-07-05 04:00:00,228.48484102401682,49.997137399398795
2023-07-05 05:00:00,231.02442029296319,50.00254904871811
2023-07-05 06:00:00,230.32214562570084,49.98079662728235
2023-07-05 07:00:00,229.07925846973515,49.99972681467027
2023-07-05 08:00:00,230.34811198577324,50.00533337833429
2023-07-05 09:00:00,230.0262837302303,50.006628427297294
2023-07-05 10:00:00,228.77817322764375,49.99790114638435
2023-07-05 11:00:00,229.89031922806709,50.00319173957979
2023-07-05 12:00:00,230.27013341923472,49.99396235879474
2023-07-05 13:00:00,228.3164073338482,50.014139194659855
2023-07-05 14:00:00,230.88917125405882,49.99659250253574
2023-07-05 15:00:00,230.20959901183582,50.01275257559623
2023-07-05 16:00:00,231.7024848055001,49.998899687178096
2023-07-05 17:00:00,231.27061454040228,49.98836852881148
2023-07-05 18:00:00,231.61323883981723,49.99766610180821
2023-07-05 19:00:00,229.29545202924524,49.990024329727305
2023-07-05 20:00:00,230.59202823745227,49.99726532617186
2023-07-05 21:00:00,230.0730374893367,49.98971496250178
2023-07-05 22:00:00,231.54576338812421,49.99771839249331
2023-07-05 23:00:00,231.369561068102,50.00983644067448
2023-07-06 00:00:00,231.68334863939538,50.014315540325036
2023-07-06 01:00:00,229.75864026806184,49.99385766998545
2023-07-06 02:00:00,228.77131741030786,50.00724336714803
2023-07-06 03:00:00,229.10111387897123,50.01519462970099
2023-07-06 04:00:00,230.41668598424084,49.98836434539286
2023-07-06 05:00:00,228.77940052169208,49.98287166475423
2023-07-06 06:00:00,230.21035954279992,49.98618002253925
2023-07-06 07:00:00,229.7975855654973,49.99952324095548
2023-07-06 08:00:00,227.71865840662775,49.978248377539714
2023-07-06 09:00:00,230.2586821560833,50.01147743206182
2023-07-06 10:00:00,230.68003778173284,49.97766304226023
2023-07-06 11:00:00,231.2047982042659,49.999904047861
2023-07-06 12:00:00,229.45512371228133,50.0032052868297
2023-07-06 13:00:00,228.9482516592634,50.006917817235674
2023-07-06 14:00:00,229.610154257514,50.0112920101253
2023-07-06 15:00:00,228.7940869632668,50.01640781080289
2023-07-06 16:00:00,230.54818540208933,50.00392602523143
2023-07-06 17:00:00,230.11067510462922,49.99406197828316
2023-07-06 18:00:00,228.8020824963367,50.00188565850227
2023-07-06 19:00:00,229.57674377791224,50.00396718133647
2023-07-06 20:00:00,231.5609610838253,50.002406045096684
2023-07-06 21:00:00,229.9384460276549,49.995224414657635
2023-07-06 22:00:00,229.27491252530535,50.01207957587963
2023-07-06 23:00:00,229.47304318245315,49.99611492369725
2023-07-07 00:00:00,230.1748463158414,49.998810447501725
2023-07-07 01:00:00,231.8221404720987,49.99159322799223
2023-07-07 02:00:00,228.94989062748533,50.009274363517
2023-07-07 03:00:00,231.42844456665907,50.0219454441175
2023-07-07 04:00:00,229.69137833634926,50.0120046870558
2023-07-07 05:00:00,231.28680948132265,49.98926470275762
2023-07-07 06:00:00,228.84429162286793,49.991919534500354
2023-07-07 07:00:00,231.55188008232872,49.98439121511881
2023-07-07 08:00:00,231.78083234777432,50.00305228194572
2023-07-07 09:00:00,231.86453893144508,50.00481345901567
2023-07-07 10:00:00,229.9961346649021,49.993248957182836
2023-07-07 11:00:00,230.00286573324377,49.99446956854389
2023-07-07 12:00:00,229.26117914001156,49.98097525230828
2023-07-07 13:00:00,229.02368051030763,49.998876829391925
2023-07-07 14:00:00,230.89966185425624,49.99303445244904
2023-07-07 15:00:00,230.01577965906165,49.993125085851865
2023-07-07 16:00:00,230.48028459774415,50.02288741082202
2023-07-07 17:00:00,230.42516258797903,50.00667618825468
2023-07-07 18:00:00,228.7067484079674,49.99971590290693
2023-07-07 19:00:00,228.783114864421,50.00223799894844
2023-07-07 20:00:00,230.78605742555,49.99496256823951
2023-07-07 21:00:00,230.43164347246457,50.00968884845377
2023-07-07 22:00:00,229.88064539382194,49.99726650822888
2023-07-07 23:00:00,230.39896515071953,49.989141381302154
2023-07-08 00:00:00,231.4496123101829,50.0163070417097
2023-07-08 01:00:00,230.92341777622178,49.992129020834476
2023-07-08 02:00:00,230.26320630569535,50.02051639791644
2023-07-08 03:00:00,230.44755417485234,50.00907367778954
2023-07-08 04:00:00,231.4741951890005,50.00679844080609
2023-07-08 05:00:00,229.58870440831242,49.99039319469576
2023-07-08 06:00:00,230.23036904456143,50.014706181048055
2023-07-08 07:00:00,229.97615032520153,50.02391405942654
2023-07-08 08:00:00,229.3646269383033,49.98985924145776
2023-07-08 09:00:00,229.7993456686541,49.999183189612786
2023-07-08 10:00:00,228.98278397400048,49.991032165199705
2023-07-08 11:00:00,231.06253767462815,49.99655357023846
2023-07-08 12:00:00,229.56387016097722,49.99829299530547
2023-07-08 13:00:00,230.21173026658695,50.01295106440592
2023-07-08 14:00:00,231.0463110890274,49.98575833805725
2023-07-08 15:00:00,231.3801452926931,50.007196902604754
2023-07-08 16:00:00,230.0592780788844,50.00759234888925
2023-07-08 17:00:00,229.90494272705624,49.990834440857014
2023-07-08 18:00:00,230.70489154537557,50.00023916892043
2023-07-08 19:00:00,230.41239564413377,49.99426449941738
2023-07-08 20:00:00,228.85503592961138,50.001222483515456
2023-07-08 21:00:00,231.64682950581468,50.018498000890624
2023-07-08 22:00:00,230.237937931057,49.99127873933973
2023-07-08 23:00:00,230.8171269323674,50.002970510788714
2023-07-09 00:00:00,230.3546665161662,49.99079373367365
2023-07-09 01:00:00,230.51352634687672,50.007259620854846
2023-07-09 02:00:00,229.83518851083826,50.003215786446326
2023-07-09 03:00:00,230.69674701980398,50.00595150332309
2023-07-09 04:00:00,230.67780043268618,49.99472091978684
2023-07-09 05:00:00,230.85270787639857,49.98858928554543
2023-07-09 06:00:00,228.63181311970706,49.984107340695964
2023-07-09 07:00:00,228.78225848219103,50.00009425920236
2023-07-09 08:00:00,230.12296015152634,50.005371283889694
2023-07-09 09:00:00,229.5996108232634,50.003951522106476
2023-07-09 10:00:00,231.23742782786763,50.007360467519824
2023-07-09 11:00:00,229.12435055317962,49.99461062403208
2023-07-09 12:00:00,230.8922751169858,49.999044597364396
2023-07-09 13:00:00,228.33192725713178,49.976542275705
2023-07-09 14:00:00,228.4818232790153,49.9986350399054
2023-07-09 15:00:00,229.97689435987954,50.01740718981987
2023-07-09 16:00:00,230.35358721429148,50.00185656458383
2023-07-09 17:00:00,230.64471108981172,50.0200177950952
2023-07-09 18:00:00,230.97596476072215,50.00434865522507
2023-07-09 19:00:00,230.32068782367475,50.009980952490785
2023-07-09 20:00:00,229.9151112367247,50.007123946030376
2023-07-09 21:00:00,229.2044032666862,50.008336059816244
2023-07-09 22:00:00,228.22935169300666,50.003279163530614
2023-07-09 23:00:00,230.68564026052866,50.008528320508
2023-07-10 00:00:00,229.1173100378077,49.994920149711284
2023-07-10 01:00:00,230.1442339096848,50.01341229831073
2023-07-10 02:00:00,230.86734713805578,50.01558699138534
2023-07-10 03:00:00,233.01217383336103,50.003949060907956
2023-07-10 04:00:00,229.9250719058153,49.99640028025395
2023-07-10 05:00:00,228.88844415573794,49.98793670250779
2023-07-10 06:00:00,230.1532363124824,50.003839359839276
2023-07-10 07:00:00,228.1804652674167,49.99980717130421
2023-07-10 08:00:00,229.83406116867042,49.99353999741673
2023-07-10 09:00:00,230.02145847984505,49.990159931306906
2023-07-10 10:00:00,230.15458031085046,49.98948085692122
2023-07-10 11:00:00,231.20846311061757,50.000618556990325
2023-07-10 12:00:00,230.71540505204138,50.004832846033956
2023-07-10 13:00:00,229.30797232997364,50.00523202108224
2023-07-10 14:00:00,231.34644366840425,50.03208728197384
2023-07-10 15:00:00,231.27687744245728,50.0072822035367
2023-07-10 16:00:00,229.15458627243447,50.01112539313921
2023-07-10 17:00:00,228.35575912108965,50.000057191457095
2023-07-10 18:00:00,227.79337467632163,49.98609273298685
2023-07-10 19:00:00,230.61261887168268,49.9957810313474
2023-07-10 20:00:00,231.02044390254028,50.01790107056245
2023-07-10 21:00:00,229.59563546119261,49.99174063307765
2023-07-10 22:00:00,229.9774020745364,50.00082889386715
2023-07-10 23:00:00,230.54929899799575,50.00048828410904
2023-07-11 00:00:00,230.30546163961898,50.015447525119804
2023-07-11 01:00:00,230.37175429277585,50.00545575815385
2023-07-11 02:00:00,232.1141102051544,50.00610398526558
2023-07-11 03:00:00,229.84096420400002,49.99854270501176
2023-07-11 04:00:00,230.18622103940436,49.977643058267674
2023-07-11 05:00:00,229.43349869062644,49.996084168637424
2023-07-11 06:00:00,231.0974929205478,49.99979077845792
2023-07-11 07:00:00,231.5270826202503,50.00172653586997
2023-07-11 08:00:00,230.23703655239117,49.993193852904156
2023-07-11 09:00:00,230.38908568992215,49.98592817024028
2023-07-11 10:00:00,231.38042820184435,50.00767319309282
2023-07-11 11:00:00,229.6092166932204,49.9968050912704
2023-07-11 12:00:00,230.31376114412785,49.999917157150186
2023-07-11 13:00:00,228.38864451407565,49.982668052291224
2023-07-11 14:00:00,230.13538171444205,49.997606202118234
2023-07-11 15:00:00,229.79483763863465,50.007164968030956
2023-07-11 16:00:00,231.20197347511427,50.003158211260015
2023-07-11 17:00:00,229.82929779307648,49.995894482916945
2023-07-11 18:00:00,229.685416353074,49.99462112465013
2023-07-11 19:00:00,231.6069493203023,49.99814431511862
2023-07-11 20:00:00,229.80051419986015,50.0036172180857
2023-07-11 21:00:00,230.64182388473418,50.00352162793785
2023-07-11 22:00:00,231.42131509462234,50.005585015343414
2023-07-11 23:00:00,229.41740554186467,50.00821440682103
2023-07-12 00:00:00,230.86422115458143,50.00113603896011
2023-07-12 01:00:00,229.2581536506632,50.01726091751139
2023-07-12 02:00:00,230.65032386285273,50.00661708574136
2023-07-12 03:00:00,230.8666904582918,49.992565163080464
2023-07-12 04:00:00,229.45032617090044,50.0033477837692
2023-07-12 05:00:00,227.73167062709823,50.00535185876672
2023-07-12 06:00:00,228.94271989967078,50.007598398055315
2023-07-12 07:00:00,230.1554272585804,49.99572769760013
2023-07-12 08:00:00,228.93425602113683,49.98047338264977
2023-07-12 09:00:00,229.58878237291967,50.01449651256181
2023-07-12 10:00:00,230.51120295111522,49.99901203489561
2023-07-12 11:00:00,229.7150063869654,49.97902463222216
2023-07-12 12:00:00,230.0807908208303,49.99724077547841
2023-07-12 13:00:00,229.33505357946183,50.007418629503356
2023-07-12 14:00:00,231.88179180198193,49.98929895881896
2023-07-12 15:00:00,229.27812994219795,49.98916606406094
2023-07-12 16:00:00,229.95139509615814,49.99750374767531
2023-07-12 17:00:00,230.54040459740744,50.00105957512193
2023-07-12 18:00:00,228.95464915657453,49.99418888369769
2023-07-12 19:00:00,230.01483714998338,49.99632141107347
2023-07-12 20:00:00,229.7909740597095,50.00811541692597
2023-07-12 21:00:00,230.77206540990676,50.000144055199804
2023-07-12 22:00:00,230.03816185802862,49.98517320983132
2023-07-12 23:00:00,229.41492077760003,50.011869951344316
2023-07-13 00:00:00,230.29672862232601,49.998152231541596
2023-07-13 01:00:00,231.12468989744525,49.9909151315603
2023-07-13 02:00:00,229.701809740974,49.99812119356015
2023-07-13 03:00:00,230.06146518422838,49.98675490005649
2023-07-13 04:00:00,229.92052766667533,50.0000964060054
2023-07-13 05:00:00,230.39719351327506,50.00548424602095
2023-07-13 06:00:00,229.24135315635039,49.99426843027305
2023-07-13 07:00:00,231.86440392808674,49.99692654062592
2023-07-13 08:00:00,231.36581450305258,49.99407957240622
2023-07-13 09:00:00,229.6594800461584,50.007258381172555
2023-07-13 10:00:00,232.11547423253123,49.997557442389436
2023-07-13 11:00:00,227.5688741986114,49.99416847912372
2023-07-13 12:00:00,230.8678785214388,50.00144702825184
2023-07-13 13:00:00,233.6945403119164,49.997215351356566
2023-07-13 14:00:00,229.75488376225474,49.99860226929511
2023-07-13 15:00:00,230.88804243812706,49.99195282486124
2023-07-13 16:00:00,230.89026222965913,50.00621024234172
2023-07-13 17:00:00,229.78124315864844,49.99595797345575
2023-07-13 18:00:00,230.566008148865,49.997047912404575
2023-07-13 19:00:00,231.70552677245053,50.00187148497461
2023-07-13 20:00:00,229.1436544492787,50.019615312753515
2023-07-13 21:00:00,230.51956296035067,50.00834624114418
2023-07-13 22:00:00,230.96954447802023,49.99329082259038
2023-07-13 23:00:00,229.33057337851218,49.987462147351465
2023-07-14 00:00:00,230.1291758716291,50.00323373778023
2023-07-14 01:00:00,230.52551356934063,49.99413865803805
2023-07-14 02:00:00,229.32353564001343,49.997699437239156
2023-07-14 03:00:00,231.50108774812273,49.99816797452952
2023-07-14 04:00:00,230.3077054313293,49.99888909200714
2023-07-14 05:00:00,229.33045630836895,49.99784456934079
2023-07-14 06:00:00,228.89834800769628,49.99521790785329
2023-07-14 07:00:00,229.76578077148318,49.978566966109675
2023-07-14 08:00:00,229.7265310173536,50.00185753888427
2023-07-14 09:00:00,230.43677915964693,50.006190534495026
2023-07-14 10:00:00,228.8481669117812,49.9905744354712
2023-07-14 11:00:00,229.4000543625984,50.00720383450128
2023-07-14 12:00:00,231.55243373507042,50.00307360892248
2023-07-14 13:00:00,228.49233556677734,50.00121150083582
2023-07-14 14:00:00,229.43075976473133,50.001837110623065
2023-07-14 15:00:00,228.81757776766452,50.007397011400485
2023-07-14 16:00:00,230.24736259608437,50.00543589094824
2023-07-14 17:00:00,230.74367022530308,49.9842102629165
2023-07-14 18:00:00,233.59437383727354,50.012952437568025
2023-07-14 19:00:00,231.00241836185577,50.0055470679419
2023-07-14 20:00:00,228.81072979279145,49.99007001651123
2023-07-14 21:00:00,230.58389633614644,49.982117154232995
2023-07-14 22:00:00,229.91349477493318,49.987900171909864
2023-07-14 23:00:00,229.55120324365043,50.012479566326746
2023-07-15 00:00:00,230.02334710807216,49.9988830883344
2023-07-15 01:00:00,230.89471535687096,50.00787036765154
2023-07-15 02:00:00,230.8353282731011,50.020288009272114
2023-07-15 03:00:00,228.6507181831314,49.98845611983103
2023-07-15 04:00:00,230.04385677915403,49.98805959880763
2023-07-15 05:00:00,229.00437398607627,49.9998273671327
2023-07-15 06:00:00,230.16217306440086,50.00298198323587
2023-07-15 07:00:00,229.5602390200245,50.007664985704054
2023-07-15 08:00:00,230.81990789512716,49.990714659182544
2023-07-15 09:00:00,229.7258633628367,49.99336483912969
2023-07-15 10:00:00,229.30030101259828,50.01381017394992
2023-07-15 11:00:00,230.06015884250706,50.00405159996279
2023-07-15 12:00:00,229.98043834394272,50.00314301143141
2023-07-15 13:00:00,229.8415561391489,49.995552253364274
2023-07-15 14:00:00,229.55383484663554,50.01316262076445
2023-07-15 15:00:00,227.53809012955912,50.010614570644485
2023-07-15 16:00:00,231.94390002509388,49.9996994160485
2023-07-15 17:00:00,228.65691842530325,49.98335361313609
2023-07-15 18:00:00,230.24104358697252,50.00939908180889
2023-07-15 19:00:00,230.37732367331432,50.00534485359791
2023-07-15 20:00:00,232.17812469551927,50.00090975982328
2023-07-15 21:00:00,232.31295743907188,50.01170623035379
2023-07-15 22:00:00,230.40754791527743,50.004551982762344
2023-07-15 23:00:00,228.97533805305164,49.99701782688191
2023-07-16 00:00:00,229.00636415386197,50.01001023820529
2023-07-16 01:00:00,229.37795053813164,50.00220104721218
2023-07-16 02:00:00,229.97102493929458,50.00921646038842
2023-07-16 03:00:00,229.5353192370766,50.00141098462366
2023-07-16 04:00:00,229.0302660017262,50.005607510301225
2023-07-16 05:00:00,230.08896803298884,50.01478360907523
2023-07-16 06:00:00,229.15769614571872,50.013970135120886
2023-07-16 07:00:00,231.3831092447441,49.9946573465012
2023-07-16 08:00:00,229.16590886248161,50.009284040287774
2023-07-16 09:00:00,229.31564847280157,49.99390804244107
2023-07-16 10:00:00,230.11234042714332,50.00794868850627
2023-07-16 11:00:00,228.69370051220068,49.99867435542481
2023-07-16 12:00:00,229.62873217543452,49.98491612155427
2023-07-16 13:00:00,228.49669531671657,50.00289557300227
2023-07-16 14:00:00,229.9403878716275,50.01050590631399
2023-07-16 15:00:00,229.17182926218513,50.00603106282223
2023-07-16 16:00:00,229.5053428970498,49.991368234101905
2023-07-16 17:00:00,230.13900126001977,50.00269366500015
2023-07-16 18:00:00,229.59887723138493,49.99867151140047
2023-07-16 19:00:00,230.73362395565482,50.00811747308473
2023-07-16 20:00:00,229.01080805445423,50.01034163827795
2023-07-16 21:00:00,229.52747381397185,49.98705111772356
2023-07-16 22:00:00,229.6751623462327,50.00097994899642
2023-07-16 23:00:00,230.8077739758818,49.99098071678769
2023-07-17 00:00:00,231.05558794215807,50.001985825934504
2023-07-17 01:00:00,229.02752462915436,49.98613331179311
2023-07-17 02:00:00,229.59648621204965,49.99938772506915
2023-07-17 03:00:00,228.0657673679642,50.002833820419966
2023-07-17 04:00:00,229.99912046200922,49.97712155546337
2023-07-17 05:00:00,230.0452249981046,49.99731947245728
2023-07-17 06:00:00,231.4165295532286,49.98502949495083
2023-07-17 07:00:00,229.82529225754905,50.00830071521079
2023-07-17 08:00:00,229.87862466612467,49.98057637631246
2023-07-17 09:00:00,229.55389217648496,49.99646560909044
2023-07-17 10:00:00,230.52877616734085,50.013139728424434
2023-07-17 11:00:00,230.2570962556441,49.98953418701658
2023-07-17 12:00:00,230.4301069125273,49.99265968777046
2023-07-17 13:00:00,232.141338097783,49.99924898291064
2023-07-17 14:00:00,228.51157613277314,50.000530724150224
2023-07-17 15:00:00,227.26347093538098,49.97676484468628
2023-07-17 16:00:00,230.71256390571324,49.99738153743151
2023-07-17 17:00:00,229.95346698317698,50.006936357546024
2023-07-17 18:00:00,229.42652636773488,50.02151314344007
2023-07-17 19:00:00,231.01256833570736,49.99238130594253
2023-07-17 20:00:00,230.17016994350456,49.997037806510605
2023-07-17 21:00:00,229.59334355021775,50.00406358795043
2023-07-17 22:00:00,230.8931933643718,49.991848510386596
2023-07-17 23:00:00,230.75167915613474,50.01481797103199
2023-07-18 00:00:00,230.65116494806094,49.99964252639666
2023-07-18 01:00:00,228.7277110544521,50.002202990792355
2023-07-18 02:00:00,229.17784638472205,50.00536401393269
2023-07-18 03:00:00,230.2942349992742,49.98288846344459
2023-07-18 04:00:00,230.47226062407356,50.00274891606948
2023-07-18 05:00:00,231.40425094778573,49.9936919279601
2023-07-18 06:00:00,229.42464574373633,49.9912916723109
2023-07-18 07:00:00,229.99701734797515,50.00459139644414
2023-07-18 08:00:00,231.17112102440908,50.01129150931339
2023-07-18 09:00:00,229.86103784697752,49.99999055256022
2023-07-18 10:00:00,230.1655294801347,50.01536413039762
2023-07-18 11:00:00,229.9558506973162,49.99764596903935
2023-07-18 12:00:00,230.56982969178392,49.98277897027381
2023-07-18 13:00:00,230.50510168322268,49.98834796028818
2023-07-18 14:00:00,228.39318224007314,50.01525613093681
2023-07-18 15:00:00,230.64620088510614,50.017821970021146
2023-07-18 16:00:00,231.67705155122843,50.00362947239225
2023-07-18 17:00:00,228.61307109255486,49.99383261595483
2023-07-18 18:00:00,230.33997000856056,49.9969343645998
2023-07-18 19:00:00,230.57769594871593,49.9995686775434
2023-07-18 20:00:00,228.6797309407865,50.000142725240295
2023-07-18 21:00:00,229.23765366426161,50.00557968177271
2023-07-18 22:00:00,229.3183835576539,50.003431435596006
2023-07-18 23:00:00,230.21732897032666,49.98808108330911
2023-07-19 00:00:00,228.63571318175505,49.9887200283718
2023-07-19 01:00:00,229.31389230283858,50.005436330035984
2023-07-19 02:00:00,230.3635791923862,49.99600190676865
2023-07-19 03:00:00,230.86127810515046,49.99919397455264
2023-07-19 04:00:00,230.03093464155666,50.00016814030213
2023-07-19 05:00:00,228.94870970347188,49.99458132361788
2023-07-19 06:00:00,229.72664366862233,50.00131972229077
2023-07-19 07:00:00,230.2026264365428,50.00689781093747
2023-07-19 08:00:00,231.52219446112338,49.99870588548798
2023-07-19 09:00:00,230.42483603518883,50.01371721201157
2023-07-19 10:00:00,232.0860729975107,50.01562692050775
2023-07-19 11:00:00,230.82749934457973,49.99154749567924
2023-07-19 12:00:00,231.21497552365486,50.004086922469504
2023-07-19 13:00:00,229.34858630405776,49.997606896283635
2023-07-19 14:00:00,230.76098940872987,49.99237234245327
2023-07-19 15:00:00,230.17975765436867,49.99962896009017
2023-07-19 16:00:00,232.44922362941375,49.97864489365762
2023-07-19 17:00:00,229.6527398827265,50.00777740360274
2023-07-19 18:00:00,231.7806559140214,50.008675774395805
2023-07-19 19:00:00,231.7176450243927,50.00229545689683
2023-07-19 20:00:00,229.42621517580534,50.009663460570586
2023-07-19 21:00:00,230.31128048546273,49.993013634228085
2023-07-19 22:00:00,228.56784639844696,49.97215813400159
2023-07-19 23:00:00,231.81268172961109,49.99518508076849
2023-07-20 00:00:00,227.852473829254,49.98782742754728
2023-07-20 01:00:00,228.38790902353995,50.00010619446253
2023-07-20 02:00:00,229.84551162247269,50.01440197971949
2023-07-20 03:00:00,229.0591896478987,50.00295386245322
2023-07-20 04:00:00,229.00224505672793,49.99741939431313
2023-07-20 05:00:00,229.65916008004805,50.011109886925446
2023-07-20 06:00:00,230.9574555247003,50.016920925680935
2023-07-20 07:00:00,230.99757649910808,50.004439854124826
2023-07-20 08:00:00,230.4589236888948,49.99352458981824
2023-07-20 09:00:00,230.49848736333038,50.00123199378576
2023-07-20 10:00:00,230.0389188420308,50.00156473389135
2023-07-20 11:00:00,231.03690712341614,49.99811315779282
2023-07-20 12:00:00,230.12398239736734,50.01289136247091
2023-07-20 13:00:00,229.21531629375025,50.00845047129569
2023-07-20 14:00:00,229.72729455513584,49.988464891586055
2023-07-20 15:00:00,230.24103583928505,49.98736570691624
2023-07-20 16:00:00,230.85725222440135,49.99466046581935
2023-07-20 17:00:00,230.32883455633996,49.99005953308997
2023-07-20 18:00:00,228.7728333597418,49.99532361739654
2023-07-20 19:00:00,230.84443154435695,49.9999867987515
2023-07-20 20:00:00,229.63259646786244,49.99821561135198
2023-07-20 21:00:00,230.52432911521095,50.001712506699825
2023-07-20 22:00:00,228.42562551186842,49.99666178270121
2023-07-20 23:00:00,230.57832274392715,49.986040493793574
2023-07-21 00:00:00,230.97012193156027,49.99033614898132
2023-07-21 01:00:00,229.48859930057748,49.98945484200898
2023-07-21 02:00:00,230.40297794459644,49.992056988524254
2023-07-21 03:00:00,230.19901629701133,50.00405938533576
2023-07-21 04:00:00,229.29286297106677,49.99602286884557
2023-07-21 05:00:00,230.95317110780783,49.99070315187253
2023-07-21 06:00:00,229.7881986875891,49.99910084385061
2023-07-21 07:00:00,229.60930781270739,50.0029074137245
2023-07-21 08:00:00,230.5993695511593,50.00256928403424
2023-07-21 09:00:00,230.203800328489,50.02406181356049
2023-07-21 10:00:00,230.67337372117532,49.994057019611866
2023-07-21 11:00:00,230.15621144606794,50.003744376991754
2023-07-21 12:00:00,230.41644085290966,50.01067444048763
2023-07-21 13:00:00,229.933348288971,50.01564639112258
2023-07-21 14:00:00,229.338410970853,49.99749289838556
2023-07-21 15:00:00,229.2859276961819,49.98201535740081
2023-07-21 16:00:00,229.3328246756016,49.996921743312484
2023-07-21 17:00:00,229.486914084727,50.003549835229045
2023-07-21 18:00:00,233.07557595505912,50.02643308179091
2023-07-21 19:00:00,230.54915239949185,49.98611627482846
2023-07-21 20:00:00,229.28822010488457,49.999453016267765
2023-07-21 21:00:00,231.01782188020044,49.99321356277145
2023-07-21 22:00:00,231.88001354564622,50.00915192569087
2023-07-21 23:00:00,229.4822388545208,49.99382587381321
2023-07-22 00:00:00,229.5421651679818,49.98467666906097
2023-07-22 01:00:00,228.20215637846087,49.97942250512917
2023-07-22 02:00:00,229.71952796146994,50.0025876271705
2023-07-22 03:00:00,230.80210291490795,50.00078444402165
2023-07-22 04:00:00,229.66373530796795,50.00520975238386
2023-07-22 05:00:00,228.96386886712276,50.00134764052834
2023-07-22 06:00:00,228.51192466546556,50.0030649774187
2023-07-22 07:00:00,230.3111077712451,50.00462583936927
2023-07-22 08:00:00,229.37686729521002,49.991670005576374
2023-07-22 09:00:00,232.02716996724533,49.99999980473529
2023-07-22 10:00:00,230.0533448064402,50.005084164251656
2023-07-22 11:00:00,229.222013027544,49.99046565028155
2023-07-22 12:00:00,230.8814236278499,49.982401868012914
2023-07-22 13:00:00,232.04063048499685,50.003474917941986
2023-07-22 14:00:00,231.80693337313122,49.99816020687093
2023-07-22 15:00:00,229.0801891242102,50.01338794490102
2023-07-22 16:00:00,228.73505110339585,50.0065819744439
2023-07-22 17:00:00,228.70547354911886,49.996826264899326
2023-07-22 18:00:00,230.69925439771248,49.98649078650755
2023-07-22 19:00:00,229.70837214845696,50.0134629007424
2023-07-22 20:00:00,229.31492346678812,50.007818508568675
2023-07-22 21:00:00,230.82490222418485,50.012878687545026
2023-07-22 22:00:00,229.12026807808587,50.009638542585066
2023-07-22 23:00:00,231.01622407850172,49.98781165201568
2023-07-23 00:00:00,228.99608146377437,50.00461335656326
2023-07-23 01:00:00,229.65242962378264,50.00953148062094
2023-07-23 02:00:00,231.38712478305487,50.001106933519516
2023-07-23 03:00:00,230.12463490873787,49.9967631198885
2023-07-23 04:00:00,228.96752842173333,49.9953472233438
2023-07-23 05:00:00,231.51485155086075,49.99235716400488
2023-07-23 06:00:00,231.1348832582182,49.99893390580554
2023-07-23 07:00:00,231.43864016532538,49.98747726536193
2023-07-23 08:00:00,228.2914457910906,49.9817372797939
2023-07-23 09:00:00,230.29930729999148,49.994497843074605
2023-07-23 10:00:00,229.29632644611206,49.9941485280713
2023-07-23 11:00:00,229.3947143974746,50.022379749243925
2023-07-23 12:00:00,230.64259880918357,50.013642650352125
2023-07-23 13:00:00,228.2498838041092,49.99796036598376
2023-07-23 14:00:00,230.15837281075127,49.999697065389284
2023-07-23 15:00:00,231.53324988605948,50.01051748022382
2023-07-23 16:00:00,230.14507489145038,49.999860705799776
2023-07-23 17:00:00,231.09362568916524,49.99811591402827
2023-07-23 18:00:00,230.12043212579783,49.99746838665502
2023-07-23 19:00:00,229.14745034455922,49.99855413371276
2023-07-23 20:00:00,231.9298707833963,49.98883036610743
2023-07-23 21:00:00,229.80773092159654,50.011470343745216
2023-07-23 22:00:00,228.74048467802385,49.997370517537846
2023-07-23 23:00:00,228.61257156870397,50.01258574945757
2023-07-24 00:00:00,229.81422257089284,50.01080190391984
2023-07-24 01:00:00,230.8740732290968,50.004702756702905
2023-07-24 02:00:00,229.98910292031778,50.01233637728973
2023-07-24 03:00:00,228.50269212278727,49.99793015040326
2023-07-24 04:00:00,230.08368817293774,49.99444065635783
2023-07-24 05:00:00,231.09092371684895,49.993523002913975
2023-07-24 06:00:00,229.87255259682968,50.00071652965841
2023-07-24 07:00:00,231.45666389349466,50.006973309579585
2023-07-24 08:00:00,229.16402234259832,50.00383534570764
2023-07-24 09:00:00,230.89761172805433,50.0191734834938
2023-07-24 10:00:00,230.48409157356159,50.0050620851024
2023-07-24 11:00:00,230.52820907394562,49.99449465158776
2023-07-24 12:00:00,230.4452915585797,50.001613435958085
2023-07-24 13:00:00,229.67113556621035,50.009010254124505
2023-07-24 14:00:00,230.30019569521224,49.99526758370614
2023-07-24 15:00:00,229.57306502636334,49.993671233667385
2023-07-24 16:00:00,230.27424424649948,50.01147996132276
2023-07-24 17:00:00,230.2919878973234,50.00775143572762
2023-07-24 18:00:00,229.76689545026326,50.000375199094776
2023-07-24 19:00:00,229.85764782068577,49.99483766306547
2023-07-24 20:00:00,228.57139182458548,49.99711976139253
2023-07-24 21:00:00,230.05238401966682,50.00297186870325
2023-07-24 22:00:00,230.59073091928857,50.00732465048644
2023-07-24 23:00:00,230.24150790973428,50.0103687401131
2023-07-25 00:00:00,230.14277728001952,50.00174831758334
2023-07-25 01:00:00,228.56381411455598,49.9879378718477
2023-07-25 02:00:00,230.38228117413735,50.01447284762597
2023-07-25 03:00:00,228.77037198527506,50.0118244547952
2023-07-25 04:00:00,229.2486718351838,50.009756413027574
2023-07-25 05:00:00,228.8464050386932,50.0136825328944
2023-07-25 06:00:00,228.96931099621068,50.008220819926215
2023-07-25 07:00:00,230.14266463824973,50.0011605739671
2023-07-25 08:00:00,228.64623868513976,49.98903205162443
2023-07-25 09:00:00,228.7677180186708,49.99222353900523
2023-07-25 10:00:00,231.5822620261633,49.99613740983488
2023-07-25 11:00:00,231.86651879280421,50.007792096563115
2023-07-25 12:00:00,230.99481830571222,50.01588494675922
2023-07-25 13:00:00,229.70066215494924,50.01384483666545
2023-07-25 14:00:00,231.13988410808753,49.995464769299986
2023-07-25 15:00:00,230.53479771389604,49.99872390291701
2023-07-25 16:00:00,228.05158082610797,49.98648328930171
2023-07-25 17:00:00,231.1600089637604,50.01668020588951
2023-07-25 18:00:00,228.74853960587868,49.98544804801004
2023-07-25 19:00:00,229.486878729336,49.99825813687585
2023-07-25 20:00:00,230.30256107083937,50.01385231853083
2023-07-25 21:00:00,230.2942611003759,50.003929241824736
2023-07-25 22:00:00,230.38332753820683,50.005662770245266
2023-07-25 23:00:00,231.19725782014325,50.00247772368563
2023-07-26 00:00:00,230.2704780967738,49.982658092785385
2023-07-26 01:00:00,230.15821513151417,50.00446215013065
2023-07-26 02:00:00,231.53347724760715,50.00617257432391
2023-07-26 03:00:00,229.92047250356455,49.994371384675965
2023-07-26 04:00:00,229.88450465724225,50.00746686156185
2023-07-26 05:00:00,230.44818908130327,49.99536980312862
2023-07-26 06:00:00,232.00035097729778,50.01374963679147
2023-07-26 07:00:00,229.311830284529,49.99957990867598
2023-07-26 08:00:00,228.2837963005533,50.005663081893836
2023-07-26 09:00:00,229.98984046182275,50.00297126236488
2023-07-26 10:00:00,231.3970356686014,50.007230735100144
2023-07-26 11:00:00,230.58473410103468,50.00108966656896
2023-07-26 12:00:00,229.48513839839399,50.007174866761034
2023-07-26 13:00:00,230.00666878821306,50.00708633339528
2023-07-26 14:00:00,229.01692036127326,49.98777475466704
2023-07-26 15:00:00,228.2174611351113,50.00653682751654
2023-07-26 16:00:00,229.71566334852776,49.99546545243647
2023-07-26 17:00:00,229.00441575708575,49.99842962941656
2023-07-26 18:00:00,229.68701468435034,49.99749930479978
2023-07-26 19:00:00,228.51222420352033,49.99594799715335
2023-07-26 20:00:00,231.72200848608554,50.01393777300246
2023-07-26 21:00:00,230.94816153419944,49.986264568882476
2023-07-26 22:00:00,229.4672545958391,49.972746091587666
2023-07-26 23:00:00,230.04620845562366,49.99440641908884
2023-07-27 00:00:00,231.0617930793968,49.998102704544166
2023-07-27 01:00:00,230.3077129214989,49.99191599996601
2023-07-27 02:00:00,229.65274781486818,49.99050585201877
2023-07-27 03:00:00,230.47131251613496,50.006932961170854
2023-07-27 04:00:00,229.73653423987048,50.001130487336525
2023-07-27 05:00:00,229.8565873937578,50.025246404635695
2023-07-27 06:00:00,231.74749537677198,49.99211161635182
2023-07-27 07:00:00,230.42728376115176,50.0038357594425
2023-07-27 08:00:00,229.92136954121702,50.00555937879614
2023-07-27 09:00:00,229.00450403420007,49.997114895498946
2023-07-27 10:00:00,230.541123894531,49.989276168381856
2023-07-27 11:00:00,231.03603968044047,49.999052732596176
2023-07-27 12:00:00,231.15415000395964,50.0055361867481
2023-07-27 13:00:00,232.56511776803654,49.99335172854326
2023-07-27 14:00:00,229.01979021173716,49.9975725714019
2023-07-27 15:00:00,227.99749329604637,49.99872988932479
2023-07-27 16:00:00,230.9987024827989,49.99207843184649
2023-07-27 17:00:00,228.80048242833283,50.01291913936313
2023-07-27 18:00:00,228.84268410240517,50.00160724682585
2023-07-27 19:00:00,230.55708431566947,49.99799407105217
2023-07-27 20:00:00,230.31340338903084,50.008147537063905
2023-07-27 21:00:00,229.35942193910535,50.00152987018614
2023-07-27 22:00:00,229.17795696042896,50.012028039989765
2023-07-27 23:00:00,230.03199734423566,49.99122936588567
2023-07-28 00:00:00,229.52023188661838,50.00601526271303
2023-07-28 01:00:00,230.1237512458985,49.99975880509384
2023-07-28 02:00:00,229.00042953338559,50.01343323938517
2023-07-28 03:00:00,229.1216813181709,50.009662764218426
2023-07-28 04:00:00,228.45308262397293,50.00290121743035
2023-07-28 05:00:00,230.36622175692943,50.00299390099212
2023-07-28 06:00:00,229.3523604298428,49.999172823070396
2023-07-28 07:00:00,230.72872173092327,50.01132980894778
2023-07-28 08:00:00,227.79880035158396,49.99465711610924
2023-07-28 09:00:00,228.61389576995398,49.99939884557225
2023-07-28 10:00:00,229.8255325029946,50.006336130506284
2023-07-28 11:00:00,229.3229202815857,49.99258894205992
2023-07-28 12:00:00,228.91925317927982,49.98985982419624
2023-07-28 13:00:00,229.71976030337865,50.0090811537535
2023-07-28 14:00:00,229.71376509627618,49.98564288611598
2023-07-28 15:00:00,230.8706797608476,50.00930683775887
2023-07-28 16:00:00,230.26598902187638,49.99663695643928
2023-07-28 17:00:00,231.12623321896052,49.98788867032303
2023-07-28 18:00:00,231.5351229257467,50.0136554992807
2023-07-28 19:00:00,229.36610767261956,49.98200900069719
2023-07-28 20:00:00,231.10233386621888,50.01117891715535
2023-07-28 21:00:00,230.87395113069675,50.02887915877567
2023-07-28 22:00:00,229.9588282182828,50.01703510986659
2023-07-28 23:00:00,230.5254032424763,49.99691807167462
2023-07-29 00:00:00,230.19303528143007,50.0153668367689
2023-07-29 01:00:00,229.94181113750187,50.01138384053345
2023-07-29 02:00:00,230.25879435608044,49.99174941624238
2023-07-29 03:00:00,230.32626513913434,49.99025054215199
2023-07-29 04:00:00,231.02089741515417,50.00249643700169
2023-07-29 05:00:00,228.9564786361216,50.00544459026717
2023-07-29 06:00:00,230.7621649695344,50.010410478839304
2023-07-29 07:00:00,228.84861520843072,50.009961553364064
2023-07-29 08:00:00,229.91605675488756,50.00222371233903
2023-07-29 09:00:00,230.2612395960207,49.99498784803087
2023-07-29 10:00:00,227.48799511976065,50.00911108044899
2023-07-29 11:00:00,229.70854461649483,50.01127633955929
2023-07-29 12:00:00,230.44569694162428,50.00140620195734
2023-07-29 13:00:00,229.8906523158447,49.99810751108651
2023-07-29 14:00:00,229.0823165764946,49.99519545387129
2023-07-29 15:00:00,230.72476061930854,49.98519318321254
2023-07-29 16:00:00,229.20850848525265,49.99275332095391
2023-07-29 17:00:00,230.20793689612626,50.01446047121428
2023-07-29 18:00:00,229.88960047756848,50.000410430429085
2023-07-29 19:00:00,229.91463602717053,49.994065254244475
2023-07-29 20:00:00,230.1688892596157,49.99973504706125
2023-07-29 21:00:00,229.38071223844275,49.99633359246406
2023-07-29 22:00:00,230.9062675851394,50.00439854630963
2023-07-29 23:00:00,229.1876117567155,49.99646204103019
2023-07-30 00:00:00,230.83780296278792,49.99949420429925
2023-07-30 01:00:00,229.62861534373448,49.97963075708707
2023-07-30 02:00:00,228.0115370866861,49.99016625851112
2023-07-30 03:00:00,229.2185159771508,50.00309495447073
2023-07-30 04:00:00,231.30867355179512,49.998507419955985
2023-07-30 05:00:00,231.15774010089626,50.0058328701774
2023-07-30 06:00:00,228.04561971912267,50.002503110400134
2023-07-30 07:00:00,229.26000491610097,50.01403802970171
2023-07-30 08:00:00,228.05790946971393,49.97094725016759
2023-07-30 09:00:00,230.10000385137073,49.99939722280791
2023-07-30 10:00:00,229.32230916406206,50.00640579216374
2023-07-30 11:00:00,230.35455369849208,50.00080327431041
2023-07-30 12:00:00,230.67424780274843,49.99740539437197
2023-07-30 13:00:00,231.5122186997762,49.99561189935624
2023-07-30 14:00:00,231.72481454685072,49.99356452830888
2023-07-30 15:00:00,231.92338158374062,49.99559935431129
2023-07-30 16:00:00,230.92949410916833,49.990820110674804
2023-07-30 17:00:00,229.85288118630032,49.99733711428103
2023-07-30 18:00:00,228.18069451189976,49.99166404359032
2023-07-30 19:00:00,229.20593567498972,50.01097038714681
2023-07-30 20:00:00,228.64262564441918,49.99139297806204
2023-07-30 21:00:00,230.4593427190367,50.015730365909484
2023-07-30 22:00:00,232.08391125859848,50.00954081161468
2023-07-30 23:00:00,229.10678230528958,50.0117878745735
2023-07-31 00:00:00,228.51671986691622,49.999687065226865
2023-07-31 01:00:00,228.9709655430065,49.98864995280999
2023-07-31 02:00:00,231.76434803418982,49.98299731933045
2023-07-31 03:00:00,231.26176784920935,50.0083858550491
2023-07-31 04:00:00,231.0693927159185,49.999034394772195
2023-07-31 05:00:00,228.65417134911084,49.99552050254365
2023-07-31 06:00:00,230.92464520737937,50.006564816739456
2023-07-31 07:00:00,230.05585362386398,50.026344159908525
2023-07-31 08:00:00,230.85684124518357,50.00038615842104
2023-07-31 09:00:00,228.93613108935372,50.011072908014725
2023-07-31 10:00:00,229.97497217689116,49.99843597831663
2023-07-31 11:00:00,229.41153576527057,50.00965727057909
2023-07-31 12:00:00,230.69008286385343,50.001008222802035
2023-07-31 13:00:00,232.20232638644353,50.009067235565865
2023-07-31 14:00:00,228.69784735513193,50.00621282093295
2023-07-31 15:00:00,229.7893202606788,49.99357936567993
2023-07-31 16:00:00,231.0379787756923,49.98615495241506
2023-07-31 17:00:00,229.5899736906718,49.97746632810626
2023-07-31 18:00:00,229.1768762599916,50.00414630673932
2023-07-31 19:00:00,230.09615395035425,50.01350624759544
2023-07-31 20:00:00,229.59720284999352,50.00588704722123
2023-07-31 21:00:00,231.75127162654965,50.01381390661687
2023-07-31 22:00:00,230.31972169011817,50.01671011988457
2023-07-31 23:00:00,230.50019618786277,50.00510528668412
2023-08-01 00:00:00,229.13477194104823,49.97769848565147
2023-08-01 01:00:00,230.1370530448117,49.98833010190402
2023-08-01 02:00:00,229.93481521678723,49.993222717700085
2023-08-01 03:00:00,230.6862904021611,49.986146802852495
2023-08-01 04:00:00,230.66493546381508,49.983489455146284
2023-08-01 05:00:00,229.4374859371536,49.99962472788544
2023-08-01 06:00:00,230.12902034186723,49.988344556155326
2023-08-01 07:00:00,230.97385944699576,49.99205065010499
2023-08-01 08:00:00,229.38012243476624,50.002749927381075
2023-08-01 09:00:00,231.90536717151036,49.99129762214997
2023-08-01 10:00:00,228.82711674252684,50.00065701981356
2023-08-01 11:00:00,229.74273325827377,49.997247306134376
2023-08-01 12:00:00,229.10172329079705,50.010743464371146
2023-08-01 13:00:00,230.5095814321613,49.993535077964395
2023-08-01 14:00:00,230.01156439665075,49.986449259512746
2023-08-01 15:00:00,228.65501235373685,49.996836564951586
2023-08-01 16:00:00,232.08308377924948,50.02150339206178
2023-08-01 17:00:00,229.41678219032963,50.01536210041572
2023-08-01 18:00:00,228.02578391076037,50.01646814798012
2023-08-01 19:00:00,230.2369449395446,50.00419711115006
2023-08-01 20:00:00,230.12650335550487,50.00189858876098
2023-08-01 21:00:00,229.37001601966597,49.98994157125725
2023-08-01 22:00:00,229.16097180866936,50.004589313423374
2023-08-01 23:00:00,229.97777828293653,49.98642394182547
2023-08-02 00:00:00,228.94750270876042,49.99808306108696
2023-08-02 01:00:00,230.85464874695074,50.00406055287226
2023-08-02 02:00:00,230.772251116813,49.99396470121419
2023-08-02 03:00:00,230.07150959907867,50.0043264754602
2023-08-02 04:00:00,228.84285595426087,49.99468972642824
2023-08-02 05:00:00,228.87483632632936,49.97396770338018
2023-08-02 06:00:00,230.3591608349041,50.007669417794645
2023-08-02 07:00:00,230.42191427463365,50.0063226609518
2023-08-02 08:00:00,230.02346191988354,49.99400312109784
2023-08-02 09:00:00,230.52964274729945,49.999123628958515
2023-08-02 10:00:00,230.52954116921524,50.024893261978704
2023-08-02 11:00:00,230.02133049581218,50.007126259027636
2023-08-02 12:00:00,230.08007973606098,49.99382550089802
2023-08-02 13:00:00,228.37324639347338,50.003514136611784
2023-08-02 14:00:00,230.0325196762925,50.005830509522006
2023-08-02 15:00:00,229.84314744032298,49.99680074238697
2023-08-02 16:00:00,229.18962171472808,49.99832910257703
2023-08-02 17:00:00,230.58877337676114,49.982576659842934
2023-08-02 18:00:00,229.93666736596757,49.99841974844974
2023-08-02 19:00:00,230.292000468422,49.98715066637196
2023-08-02 20:00:00,228.01939162491848,49.98807120066554
2023-08-02 21:00:00,229.82292475065302,49.99567380065034
2023-08-02 22:00:00,230.64271567673987,50.00471238192729
2023-08-02 23:00:00,229.61950968591566,49.980287178141346
2023-08-03 00:00:00,229.82495405202806,49.99661886731474
2023-08-03 01:00:00,230.23626631847168,49.98539690926987
2023-08-03 02:00:00,229.99171457943064,50.02126081265379
2023-08-03 03:00:00,231.31358057081806,49.98529599511279
2023-08-03 04:00:00,230.53632784647064,49.99906679783476
2023-08-03 05:00:00,230.46491368930822,49.987685169997185
2023-08-03 06:00:00,230.32338012904145,50.00371335684005
2023-08-03 07:00:00,231.24856961222935,49.97719431055386
2023-08-03 08:00:00,230.43464037515312,50.014162768230165
2023-08-03 09:00:00,228.91205616604853,50.0243942822202
2023-08-03 10:00:00,231.0370206021277,50.01143948130765
2023-08-03 11:00:00,229.22876969572522,50.001200294956625
2023-08-03 12:00:00,230.5730911550708,49.99599214833162
2023-08-03 13:00:00,228.842658523666,49.98979525253552
2023-08-03 14:00:00,228.33839017764436,49.987255305418245
2023-08-03 15:00:00,229.7266590983489,49.9936664034502
2023-08-03 16:00:00,231.6646452883738,50.00544085809507
2023-08-03 17:00:00,229.0012808501332,49.99468134600962
2023-08-03 18:00:00,228.91013381127348,49.998008599257055
2023-08-03 19:00:00,229.28839935690283,50.002616400841674
2023-08-03 20:00:00,228.06443801860559,50.009605724682864
2023-08-03 21:00:00,231.3248257781633,50.01874834163391
2023-08-03 22:00:00,231.87387507358844,49.9837487970068
2023-08-03 23:00:00,229.8271396586254,50.01971782666893
2023-08-04 00:00:00,229.23894454417996,50.013723828046274
2023-08-04 01:00:00,229.52126761459456,50.00783154121096
2023-08-04 02:00:00,228.9862195539249,49.9967210680002
2023-08-04 03:00:00,230.09909497319532,49.99566488494675
2023-08-04 04:00:00,230.8860476075068,50.01054981206007
2023-08-04 05:00:00,231.70798520187367,49.99641082501282
2023-08-04 06:00:00,229.22260965451093,49.98038584031631
2023-08-04 07:00:00,229.10453193832564,49.99851968240659
2023-08-04 08:00:00,230.59949856328288,49.993891073718096
2023-08-04 09:00:00,229.7348690376571,50.010610113563736
2023-08-04 10:00:00,229.93601236408603,49.98623890915531
2023-08-04 11:00:00,229.71534898007346,50.02443724751321
2023-08-04 12:00:00,230.27509378066446,49.999333551170935
2023-08-04 13:00:00,230.51447592636904,49.9828883978289
2023-08-04 14:00:00,229.99173804895526,50.000353257407106
2023-08-04 15:00:00,229.28153529527685,50.00435035812724
2023-08-04 16:00:00,231.03879988805593,50.01245141658675
2023-08-04 17:00:00,229.84447934787988,50.00068818215941
2023-08-04 18:00:00,231.42324947953787,50.0015878130074
2023-08-04 19:00:00,228.9535073585793,50.00078475309769
2023-08-04 20:00:00,229.50558269545854,49.98794100047246
2023-08-04 21:00:00,228.6060168699613,50.000298415729546
2023-08-04 22:00:00,230.70867066569085,49.999714086475294
2023-08-04 23:00:00,230.41587827843918,49.993001195899765
2023-08-05 00:00:00,230.55550972474614,49.981068357468494
2023-08-05 01:00:00,229.63445496103367,49.99615090822266
2023-08-05 02:00:00,230.77403776508413,50.0060677589108
2023-08-05 03:00:00,230.555685939168,50.014719111286624
2023-08-05 04:00:00,229.45670336124275,49.99792673512334
2023-08-05 05:00:00,231.91588152801828,49.99855042825792
2023-08-05 06:00:00,230.0324625385641,49.99717268376068
2023-08-05 07:00:00,230.19733540034858,50.00307183027507
2023-08-05 08:00:00,230.88303250954792,49.9951187596077
2023-08-05 09:00:00,229.24365252399127,50.00561290748147
2023-08-05 10:00:00,229.98722866817857,49.97699159777865
2023-08-05 11:00:00,229.31502010849582,50.00548728250462
2023-08-05 12:00:00,228.78047452762505,49.995567727360424
2023-08-05 13:00:00,230.53923955778734,49.998774817066916
2023-08-05 14:00:00,227.3880277233286,49.98396012165569
2023-08-05 15:00:00,228.46379191197374,49.999691974003916
2023-08-05 16:00:00,230.75155824845396,50.005246330833174
2023-08-05 17:00:00,228.481885898094,50.01129867565391
2023-08-05 18:00:00,229.39589888702918,50.00011174342361
2023-08-05 19:00:00,230.25930988874828,50.003240068405375
2023-08-05 20:00:00,230.50484049769148,50.006193557220236
2023-08-05 21:00:00,230.51073939633903,49.992429901829496
2023-08-05 22:00:00,230.67678743574433,50.01289277320251
2023-08-05 23:00:00,228.93697455162751,49.986428359041454
2023-08-06 00:00:00,230.5079923991011,50.008118581273
2023-08-06 01:00:00,229.52684004354057,49.98867954535705
2023-08-06 02:00:00,227.32243899485272,49.98613772673119
2023-08-06 03:00:00,231.64221551931985,49.9916098024661
2023-08-06 04:00:00,229.55328825004295,50.00594927939213
2023-08-06 05:00:00,230.0007615105749,49.98957828955287
2023-08-06 06:00:00,229.1939355171922,50.00860052956638
2023-08-06 07:00:00,230.52389256112048,50.00033959420397
2023-08-06 08:00:00,229.5822200786922,49.98842180389808
2023-08-06 09:00:00,229.23776515972386,49.997486909808465
2023-08-06 10:00:00,232.5204776992075,50.007764555389414
2023-08-06 11:00:00,227.17617564524048,50.01291396780774
2023-08-06 12:00:00,229.4701288883224,50.00736231624746
2023-08-06 13:00:00,230.19162384162445,50.00957780383834
2023-08-06 14:00:00,228.80032996557597,50.00010805629472
2023-08-06 15:00:00,229.24170265217293,49.9957718380011
2023-08-06 16:00:00,230.2397621747722,49.99794770160458
2023-08-06 17:00:00,227.45388227624284,50.014267423388006
2023-08-06 18:00:00,231.4742073121898,49.99149247617283
2023-08-06 19:00:00,230.17970020202054,50.000518079287644
2023-08-06 20:00:00,230.14324635314722,50.00390212756131
2023-08-06 21:00:00,229.97176673032823,49.99769766186213
2023-08-06 22:00:00,229.4042500455545,50.01317454007756
2023-08-06 23:00:00,229.68882228060318,50.003697809610934
2023-08-07 00:00:00,230.10170850765994,50.00203258762741
2023-08-07 01:00:00,229.43991181488255,50.002077349382766
2023-08-07 02:00:00,229.61316171203168,50.011413926542964
2023-08-07 03:00:00,230.40830053606732,49.99607247511935
2023-08-07 04:00:00,228.56941627520615,49.993310379354895
2023-08-07 05:00:00,230.55921399218008,50.00469774313371
2023-08-07 06:00:00,232.35215291843593,50.006045965760514
2023-08-07 07:00:00,232.01430267461075,50.00554075514754
2023-08-07 08:00:00,230.2947817022068,49.97674033973716
2023-08-07 09:00:00,228.7506745958526,49.999835189611225
2023-08-07 10:00:00,231.38308930440968,50.000686954735656
2023-08-07 11:00:00,229.80956580424512,50.00696052180749
2023-08-07 12:00:00,231.42271100732611,49.9891666459947
2023-08-07 13:00:00,229.23640408207947,50.006147997515946
2023-08-07 14:00:00,229.4124886869418,49.99384143094342
2023-08-07 15:00:00,230.4813580430316,49.99931537378164
2023-08-07 16:00:00,229.31329361331348,50.0139366533298
2023-08-07 17:00:00,231.8771696621773,50.00207973938796
2023-08-07 18:00:00,230.56367224319428,50.00198409854714
2023-08-07 19:00:00,231.77328673303833,50.00577001830086
2023-08-07 20:00:00,228.86428772139303,50.00705474949329
2023-08-07 21:00:00,229.12707430790513,49.97273275947258
2023-08-07 22:00:00,232.72408433130587,50.00866977926188
2023-08-07 23:00:00,228.39254992822163,50.01260212261571
2023-08-08 00:00:00,231.35930381570756,50.00127365652084
2023-08-08 01:00:00,230.200200002237,49.9819041710071
2023-08-08 02:00:00,229.57536084666802,49.99291501727367
2023-08-08 03:00:00,230.99569891312694,49.9883216417467
2023-08-08 04:00:00,231.62694310692822,50.00054678250252
2023-08-08 05:00:00,230.07183091921442,50.001374357698104
2023-08-08 06:00:00,230.28381599271276,50.0113313631548
2023-08-08 07:00:00,230.16719846146663,50.01404809105771
2023-08-08 08:00:00,229.92580393252547,50.02540102595405
2023-08-08 09:00:00,228.33330572105788,49.99308414820006
2023-08-08 10:00:00,229.12980009324025,50.000042980233474
2023-08-08 11:00:00,231.24416447318785,49.999841329986346
2023-08-08 12:00:00,229.4765862045034,49.993257052182436
2023-08-08 13:00:00,228.96860830453463,50.00279252318502
2023-08-08 14:00:00,229.64489240851924,50.00745501005304
2023-08-08 15:00:00,229.75297538799765,50.02308834867337
2023-08-08 16:00:00,228.56900888237888,50.006300895251506
2023-08-08 17:00:00,229.83550129617927,49.9892344545207
2023-08-08 18:00:00,230.09276844877272,49.98665412723959
2023-08-08 19:00:00,229.28144170732156,49.99182416984379
2023-08-08 20:00:00,230.31992771064733,50.00674402734333
2023-08-08 21:00:00,232.78753190063753,50.000741604747475
2023-08-08 22:00:00,229.68908434287968,49.98710352008366
2023-08-08 23:00:00,228.77043555997645,49.99132535963807
2023-08-09 00:00:00,231.05308715549566,50.01081720188389
2023-08-09 01:00:00,230.97011218816158,50.01286148014083
2023-08-09 02:00:00,231.15167144956084,49.97797062336213
2023-08-09 03:00:00,230.35055422891793,50.00277911806576
2023-08-09 04:00:00,229.4146619781897,50.00857315170187
2023-08-09 05:00:00,230.15568429806848,49.9966840828113
2023-08-09 06:00:00,229.42894753980084,50.01035930693762
2023-08-09 07:00:00,231.3447658926382,50.017742741300744
2023-08-09 08:00:00,231.00073338188054,50.01032362632851
2023-08-09 09:00:00,228.4181418921398,50.00428647810906
2023-08-09 10:00:00,229.556530705585,49.99120084560636
2023-08-09 11:00:00,230.83651978180862,50.017243440367
2023-08-09 12:00:00,228.77407268903318,49.990674709855135
2023-08-09 13:00:00,230.02674314431982,50.00556877311825
2023-08-09 14:00:00,228.2411822735718,49.99382906516516
2023-08-09 15:00:00,229.5979917161842,49.989742958224994
2023-08-09 16:00:00,229.96732007118027,50.01335897612169
2023-08-09 17:00:00,228.82620745324695,50.0139845697576
2023-08-09 18:00:00,230.1291850778273,49.989190205405905
2023-08-09 19:00:00,230.52540271897917,50.00488533445238
2023-08-09 20:00:00,229.07439259620844,49.99856829133443
2023-08-09 21:00:00,230.72208271318075,49.988262254875636
2023-08-09 22:00:00,231.02753733824895,49.99117271412529
2023-08-09 23:00:00,229.80169255483892,49.996138547895896
2023-08-10 00:00:00,228.2173140983479,50.002545443115
2023-08-10 01:00:00,229.35848855859354,50.02019099167625
2023-08-10 02:00:00,230.27671831381144,50.01028256092963
2023-08-10 03:00:00,228.84515286060665,50.00258985183529
2023-08-10 04:00:00,229.83935384576156,49.998897410906906
2023-08-10 05:00:00,229.14257520306728,49.98378188211282
2023-08-10 06:00:00,229.98306414498336,49.99380976830164
2023-08-10 07:00:00,229.7759311231909,50.01141189316523
2023-08-10 08:00:00,229.95377833059806,50.009510663199066
2023-08-10 09:00:00,230.48451458429955,49.98729363723596
2023-08-10 10:00:00,229.72459004829815,49.99708614584618
2023-08-10 11:00:00,231.65846400147115,49.98666951273375
2023-08-10 12:00:00,231.4085514383171,50.00699313197665
2023-08-10 13:00:00,230.44425310467088,50.00401302134115
2023-08-10 14:00:00,230.480603807601,49.98570637156254
2023-08-10 15:00:00,229.4467871340937,50.006035183950324
2023-08-10 16:00:00,230.37089247315566,50.00878726487059
2023-08-10 17:00:00,230.54004392505644,50.007618797615436
2023-08-10 18:00:00,230.55882686228566,49.997612030919264
2023-08-10 19:00:00,231.04718442925721,50.00595569535624
2023-08-10 20:00:00,230.4037773793885,50.009626528774916
2023-08-10 21:00:00,230.31964658262672,49.97863905674702
2023-08-10 22:00:00,231.27264765867773,50.006388151724664
2023-08-10 23:00:00,230.0996327748693,49.981300538106424
2023-08-11 00:00:00,229.39891890197777,49.995025724516964
2023-08-11 01:00:00,230.57074178717798,49.99764655764507
2023-08-11 02:00:00,230.66017110171606,50.00577062429293
2023-08-11 03:00:00,229.62775104468116,49.999088636161474
2023-08-11 04:00:00,229.627158851758,50.007011885168716
2023-08-11 05:00:00,230.13148318343275,49.99501751084963
2023-08-11 06:00:00,231.27629111825695,50.006764874613665
2023-08-11 07:00:00,229.50436987132935,50.00491799228919
2023-08-11 08:00:00,228.61216130328526,50.002337761211116
2023-08-11 09:00:00,228.53021984682994,49.99654462315312
2023-08-11 10:00:00,228.70264094143215,49.997907788056374
2023-08-11 11:00:00,228.81523526154737,49.999497690215016
2023-08-11 12:00:00,229.47274660889428,49.992572500039365
2023-08-11 13:00:00,229.48039985679463,49.99934249981134
2023-08-11 14:00:00,230.4955146761694,50.00295539895313
2023-08-11 15:00:00,231.26116332846263,50.00045239541867
2023-08-11 16:00:00,230.88534672459502,49.98954704539482
2023-08-11 17:00:00,229.29003781614975,49.99737038473392
2023-08-11 18:00:00,229.40328962970844,50.00068512053971
2023-08-11 19:00:00,232.47964825213384,49.99569070300871
2023-08-11 20:00:00,228.4866625880619,50.00205817774172
2023-08-11 21:00:00,230.91436475837938,49.9949142704143
2023-08-11 22:00:00,229.14474844292116,50.00173487252256
2023-08-11 23:00:00,230.7819063943037,50.00670670984742
2023-08-12 00:00:00,231.18443007095019,49.99649364709632
2023-08-12 01:00:00,230.19527130317562,50.0037153256967
2023-08-12 02:00:00,231.07578161143593,50.011923098276526
2023-08-12 03:00:00,233.31768974804302,49.99835580809403
2023-08-12 04:00:00,228.6497591793298,50.00637327744454
2023-08-12 05:00:00,231.0730848946507,49.99438890141282
2023-08-12 06:00:00,231.17305186385545,50.0025055759227
2023-08-12 07:00:00,228.5670093568516,49.99660825025028
2023-08-12 08:00:00,230.36875976951234,49.9811739638415
2023-08-12 09:00:00,229.84936408543695,50.01462373682377
2023-08-12 10:00:00,230.65278919422582,49.9964189096332
2023-08-12 11:00:00,230.23753456703977,50.00479908402404
2023-08-12 12:00:00,230.8575964084821,49.99764013793633
2023-08-12 13:00:00,229.13132921837288,49.98948769905469
2023-08-12 14:00:00,232.17440556391142,50.01257614461772
2023-08-12 15:00:00,230.2180848175731,50.00664665298236
2023-08-12 16:00:00,231.64443548102167,49.991397039861674
2023-08-12 17:00:00,230.47114563080643,50.00826992068831
2023-08-12 18:00:00,231.3339988232804,50.01612399658917
2023-08-12 19:00:00,230.04297055961646,50.00288165021216
2023-08-12 20:00:00,231.23609218343069,50.00954742079958
2023-08-12 21:00:00,229.01562803674915,50.01345179153834
2023-08-12 22:00:00,231.03627007941927,49.992162054333825
2023-08-12 23:00:00,229.28384486993053,50.005990448225454
2023-08-13 00:00:00,229.8370497153792,49.98635712272291
2023-08-13 01:00:00,228.92840177837547,49.99920005852213
2023-08-13 02:00:00,229.35105895020854,49.994926852317334
2023-08-13 03:00:00,229.70780336564692,49.99541454208181
2023-08-13 04:00:00,230.61413513052426,49.99182263762701
2023-08-13 05:00:00,230.36613491127272,49.99119449955015
2023-08-13 06:00:00,229.6278431085454,49.988776149311214
2023-08-13 07:00:00,230.59657417111623,49.98342126294914
2023-08-13 08:00:00,230.48507670929223,49.99602208770218
2023-08-13 09:00:00,229.66409527824234,49.98586651815205
2023-08-13 10:00:00,229.61387164438176,49.992524885339954
2023-08-13 11:00:00,229.66109463745602,49.99047212320101
2023-08-13 12:00:00,232.0366138863568,49.98551713176588
2023-08-13 13:00:00,229.3687915733959,50.00305491256862
2023-08-13 14:00:00,231.10489529550088,50.00084099042727
2023-08-13 15:00:00,229.25091916215743,50.00244073309208
2023-08-13 16:00:00,229.57297441289495,50.00044442867073
2023-08-13 17:00:00,230.48120936423967,50.0062474107043
2023-08-13 18:00:00,230.68280539609054,49.99771374790933
2023-08-13 19:00:00,230.34073121807026,50.01574058195834
2023-08-13 20:00:00,230.709890633011,49.98643499427294
2023-08-13 21:00:00,230.6483978104952,49.9851277823911
2023-08-13 22:00:00,230.62936730132188,49.978759440410634
2023-08-13 23:00:00,229.47909022942656,49.98130324294363
2023-08-14 00:00:00,229.689863002696,49.99539816144153
2023-08-14 01:00:00,230.00508893694771,49.99740022986181
2023-08-14 02:00:00,231.12981911854823,50.00956786999188
2023-08-14 03:00:00,230.68718889142679,49.997028795461794
2023-08-14 04:00:00,230.10717688111163,50.01539051937777
2023-08-14 05:00:00,230.1822564381229,50.00254475526692
2023-08-14 06:00:00,228.93493568244824,50.005198558684434
2023-08-14 07:00:00,229.75580017654863,50.00884446165147
2023-08-14 08:00:00,229.50394486413842,49.99612475591245
2023-08-14 09:00:00,230.88413531977415,50.01678014349499
2023-08-14 10:00:00,230.21074399101798,50.00397879636389
2023-08-14 11:00:00,231.22957437730065,50.016649679529564
2023-08-14 12:00:00,232.32221701708022,50.010333782182585
2023-08-14 13:00:00,230.83546355757204,50.00563521018886
2023-08-14 14:00:00,229.06523896410872,49.99643069423772
2023-08-14 15:00:00,229.80760813525112,49.9991900805736
2023-08-14 16:00:00,228.37069212861417,50.00342193489724
2023-08-14 17:00:00,231.7837962980251,49.98859342253471
2023-08-14 18:00:00,232.2910948803349,49.977524251499766
2023-08-14 19:00:00,229.0671038360708,49.99603563826408
2023-08-14 20:00:00,229.5896642064264,49.99668771227543
2023-08-14 21:00:00,229.43622517194692,50.0051801327095
2023-08-14 22:00:00,229.15650720594695,50.01349108339112
2023-08-14 23:00:00,228.53974444730758,49.99986298504235
2023-08-15 00:00:00,230.85193133751315,49.9880424999688
2023-08-15 01:00:00,228.92830741485812,50.00008623625226
2023-08-15 02:00:00,229.99821517375312,50.00160883018508
2023-08-15 03:00:00,229.21939003810792,49.997764379052526
2023-08-15 04:00:00,228.29226941726753,49.99087367300627
2023-08-15 05:00:00,229.3780162075178,50.0197784170748
2023-08-15 06:00:00,228.57079316122906,50.0079115335504
2023-08-15 07:00:00,230.00328371557086,50.00628673977212
2023-08-15 08:00:00,230.60260714101068,49.982008092337054
2023-08-15 09:00:00,230.57960037457383,49.98776718297795
2023-08-15 10:00:00,230.2536466197956,49.98467285992148
2023-08-15 11:00:00,230.6488319940651,49.99710181507398
2023-08-15 12:00:00,229.06245757960318,50.01174582048692
2023-08-15 13:00:00,229.68665901766576,49.9980230739396
2023-08-15 14:00:00,229.68727657770538,49.996749534972814
2023-08-15 15:00:00,228.54449038897525,49.98338549161306
2023-08-15 16:00:00,229.1836708157595,50.00301559125254
2023-08-15 17:00:00,228.89302497585854,49.99511485016957
2023-08-15 18:00:00,229.85361664970094,50.01100203727057
2023-08-15 19:00:00,230.57000395664366,49.99210309768125
2023-08-15 20:00:00,229.57407677701642,49.9981618247079
2023-08-15 21:00:00,229.0403117409573,49.994073278957885
2023-08-15 22:00:00,230.1080520527659,49.996416817042814
2023-08-15 23:00:00,229.57246971234022,50.00703315034812
2023-08-16 00:00:00,229.31461516504308,49.9881402518662
2023-08-16 01:00:00,231.56596462313703,49.998093822111976
2023-08-16 02:00:00,231.05111229636668,49.99953118860529
2023-08-16 03:00:00,230.14405329332837,50.00615252571327
2023-08-16 04:00:00,229.4928429763674,49.99614765729856
2023-08-16 05:00:00,229.55490315275688,50.01040377977593
2023-08-16 06:00:00,229.16844121977064,49.97978500926292
2023-08-16 07:00:00,229.28492987250016,50.004605099145756
2023-08-16 08:00:00,229.89595779764772,49.999793388244946
2023-08-16 09:00:00,227.5243644477138,50.00967254279948
2023-08-16 10:00:00,231.40423262363765,49.98966659886448
2023-08-16 11:00:00,230.3982318387439,50.01691564261806
2023-08-16 12:00:00,229.13544724576383,50.01364251326394
2023-08-16 13:00:00,231.43752966496717,49.99535803437374
2023-08-16 14:00:00,230.63193876694606,50.00426989429703
2023-08-16 15:00:00,230.77329860234005,49.9890081480754
2023-08-16 16:00:00,229.6554714508326,50.00618224516566
2023-08-16 17:00:00,230.52616365350207,49.99164534158741
2023-08-16 18:00:00,228.32645691039494,50.00308741803202
2023-08-16 19:00:00,230.31458533116012,49.98998731236041
2023-08-16 20:00:00,229.6493468556095,50.01178198306021
2023-08-16 21:00:00,230.9544182856546,50.005704642494464
2023-08-16 22:00:00,229.6199919205496,50.01986778584391
2023-08-16 23:00:00,229.44256815309322,50.0017553383776
2023-08-17 00:00:00,231.18011157540604,49.98473777443739
2023-08-17 01:00:00,231.1164826961306,50.002815321759684
2023-08-17 02:00:00,230.78180342074486,50.025461485784746
2023-08-17 03:00:00,230.4443195681134,49.99763762049832
2023-08-17 04:00:00,230.68580905801488,50.00494960015868
2023-08-17 05:00:00,229.7560662987408,50.0063290504749
2023-08-17 06:00:00,229.13281620815783,49.987399949597
2023-08-17 07:00:00,230.32604751484016,50.002592834906125
2023-08-17 08:00:00,228.2745616613611,50.0070507652004
2023-08-17 09:00:00,231.32923698856118,50.00726615062904
2023-08-17 10:00:00,229.90362636059837,49.996011421381425
2023-08-17 11:00:00,229.83758781914756,49.99071411327458
2023-08-17 12:00:00,229.06498029859992,49.99257096950393
2023-08-17 13:00:00,231.30996367707635,49.99753105172455
2023-08-17 14:00:00,230.70962399732895,50.001131517139406
2023-08-17 15:00:00,230.2524969039482,49.986642624397945
2023-08-17 16:00:00,230.5506713885048,50.01051501522808
2023-08-17 17:00:00,230.10980054316752,50.00876963533217
2023-08-17 18:00:00,230.83450690026365,50.02496599089525
2023-08-17 19:00:00,229.65248381589376,50.002998104897564
2023-08-17 20:00:00,230.02133326381815,49.998182781920114
2023-08-17 21:00:00,230.54802822118654,49.98481775998503
2023-08-17 22:00:00,228.59501765416752,49.98477993773731
2023-08-17 23:00:00,228.71495606186255,49.98956898920127
2023-08-18 00:00:00,231.83960995671603,49.987150551863955
2023-08-18 01:00:00,229.13280056211534,49.99516848917184
2023-08-18 02:00:00,231.52888243473024,49.992465488732876
2023-08-18 03:00:00,229.64327492915334,50.01105361738195
2023-08-18 04:00:00,228.90128413862706,50.00530500223712
2023-08-18 05:00:00,231.19651412191152,50.00642846720184
2023-08-18 06:00:00,230.60893174319818,49.983916764304425
2023-08-18 07:00:00,230.7220398983571,50.000343819880506
2023-08-18 08:00:00,228.81404832908342,49.98355645843658
2023-08-18 09:00:00,230.44699445520808,50.005928216594164
2023-08-18 10:00:00,226.9597672889903,49.99266020677414
2023-08-18 11:00:00,230.39755916519005,49.986718289583784
2023-08-18 12:00:00,229.10607644558195,49.99565700612387
2023-08-18 13:00:00,231.4303147716367,49.99360439364819
2023-08-18 14:00:00,230.93630046195346,50.00732027551868
2023-08-18 15:00:00,230.18466881384896,49.99452798827147
2023-08-18 16:00:00,231.07969889592061,50.00022986417943
2023-08-18 17:00:00,232.39590598592392,49.99084375691705
2023-08-18 18:00:00,229.94972067418337,49.994689874992815
2023-08-18 19:00:00,230.3447010864358,49.98990309372591
2023-08-18 20:00:00,228.7543007730436,49.996263037992854
2023-08-18 21:00:00,229.13406019621283,50.005214334967214
2023-08-18 22:00:00,229.0844669382196,50.00327310130203
2023-08-18 23:00:00,230.0525754342552,50.01316995212169
2023-08-19 00:00:00,230.3762718781365,49.986606866820445
2023-08-19 01:00:00,229.32324389404346,49.99865294128607
2023-08-19 02:00:00,230.2851267100703,49.994345967892855
2023-08-19 03:00:00,230.99939759902568,50.00087399320495
2023-08-19 04:00:00,230.18066671226063,50.00114774032168
2023-08-19 05:00:00,231.09163061972654,49.99089377892641
2023-08-19 06:00:00,228.24650016505217,50.00284446596198
2023-08-19 07:00:00,228.4192753556849,49.998556444924624
2023-08-19 08:00:00,230.63499303277877,50.013452397798815
2023-08-19 09:00:00,230.2462162540629,49.98557991173585
2023-08-19 10:00:00,230.08125184822666,49.99414589577134
2023-08-19 11:00:00,230.11621408233088,50.01303033266476
2023-08-19 12:00:00,228.8672171498187,50.00200519464601
2023-08-19 13:00:00,228.29456264752386,49.990780547436614
2023-08-19 14:00:00,230.93172494600302,49.99935224232767
2023-08-19 15:00:00,231.09800602821966,49.98092732185979
2023-08-19 16:00:00,229.3166042356559,50.00629697119878
2023-08-19 17:00:00,227.88422711981127,49.991335431164245
2023-08-19 18:00:00,229.86363671058012,50.00034384220729
2023-08-19 19:00:00,229.3227578113505,50.00161414426517
2023-08-19 20:00:00,230.83100691376796,49.99707883209539
2023-08-19 21:00:00,229.0429506729473,49.97427579798688
2023-08-19 22:00:00,230.71434326140695,49.99683649729282
2023-08-19 23:00:00,230.10684649208625,49.97499788993958
2023-08-20 00:00:00,231.30423026413607,50.015641975590015
2023-08-20 01:00:00,230.55847954475811,49.99687532405936
2023-08-20 02:00:00,229.60829984660668,49.990917769074606
2023-08-20 03:00:00,230.37378127862888,49.97902746998423
2023-08-20 04:00:00,230.00948388806688,50.00588667828153
2023-08-20 05:00:00,228.47615600551882,50.0042202375804
2023-08-20 06:00:00,230.61209536936556,49.99805559091979
2023-08-20 07:00:00,229.95418967828545,49.999319439181534
2023-08-20 08:00:00,227.87119050431656,49.99165809952508
2023-08-20 09:00:00,228.55933074027672,49.99208774255991
2023-08-20 10:00:00,229.4363648111796,50.012123476802955
2023-08-20 11:00:00,230.87617355466548,49.99612170452993
2023-08-20 12:00:00,229.36300984119154,50.0034166521709
2023-08-20 13:00:00,230.74840929720895,49.99605576865604
2023-08-20 14:00:00,230.79159425760707,49.9981080031519
2023-08-20 15:00:00,229.81839898583297,50.02096038654419
2023-08-20 16:00:00,230.76444437376213,50.01355689879118
2023-08-20 17:00:00,229.95180293429044,50.00696793310949
2023-08-20 18:00:00,229.255910136468,49.99907937357146
2023-08-20 19:00:00,229.77993988600414,50.00793300857845
2023-08-20 20:00:00,229.2209276592569,49.98227289312204
2023-08-20 21:00:00,230.81355172013141,49.9992577216165
2023-08-20 22:00:00,230.47392254880987,49.99249490462477
2023-08-20 23:00:00,231.54641632137668,50.00695009714006
2023-08-21 00:00:00,229.93821177526306,50.00800761290198
2023-08-21 01:00:00,230.39559453936266,50.011552295719184
2023-08-21 02:00:00,230.30711442661752,49.999283593713415
2023-08-21 03:00:00,230.54183048036785,49.999106359175364
2023-08-21 04:00:00,230.44766687669517,50.006100692515545
2023-08-21 05:00:00,229.25161698894556,50.01272711302389
2023-08-21 06:00:00,230.1416492315829,49.98573687482557
2023-08-21 07:00:00,230.04077743888195,49.99838380880953
2023-08-21 08:00:00,232.2170461788668,49.97709714930282
2023-08-21 09:00:00,228.28457745688902,50.009782863215065
2023-08-21 10:00:00,230.7947286184154,49.99298592038223
2023-08-21 11:00:00,231.5411408280727,50.00414887306301
2023-08-21 12:00:00,229.09264001623518,49.98657775877563
2023-08-21 13:00:00,232.172124616331,49.99914167914231
2023-08-21 14:00:00,230.19180042177754,49.99477861034434
2023-08-21 15:00:00,229.81323866315967,49.99227900956733
2023-08-21 16:00:00,230.1178642650997,50.00964779655083
2023-08-21 17:00:00,230.21280828382186,49.9910115509998
2023-08-21 18:00:00,230.26856189260587,50.01191183998652
2023-08-21 19:00:00,228.845442856958,50.01568722031232
2023-08-21 20:00:00,230.4780452154502,49.99477995220832
2023-08-21 21:00:00,228.29712410969057,50.01694203041956
2023-08-21 22:00:00,229.5987214712787,50.00915312021618
2023-08-21 23:00:00,229.67357099274557,50.022680364071235
2023-08-22 00:00:00,230.0748990804147,50.01800782522885
2023-08-22 01:00:00,229.94140138044838,50.0019211335393
2023-08-22 02:00:00,230.28663792195889,50.010641751702735
2023-08-22 03:00:00,228.67860334398125,49.99768828438482
2023-08-22 04:00:00,230.04169872246115,50.01347122928859
2023-08-22 05:00:00,229.1171744799701,49.988535543044755
2023-08-22 06:00:00,230.32127908553176,49.99568026238581
2023-08-22 07:00:00,231.7649948087063,49.99311506382921
2023-08-22 08:00:00,230.11682911251577,49.99630620344668
2023-08-22 09:00:00,231.5767897908744,49.99671167819552
2023-08-22 10:00:00,230.266585030567,49.999994015530156
2023-08-22 11:00:00,229.3558578882928,50.00657337870987
2023-08-22 12:00:00,230.23657099733774,50.00126595124965
2023-08-22 13:00:00,227.9569910849693,50.00458063806251
2023-08-22 14:00:00,230.25540142059862,49.990195720728885
2023-08-22 15:00:00,231.27563921103538,49.9935004757751
2023-08-22 16:00:00,229.0057672962063,49.99558737398962
2023-08-22 17:00:00,231.090302304601,49.99899857276937
2023-08-22 18:00:00,229.10027455431862,50.012439493445385
2023-08-22 19:00:00,229.866254528159,50.00072003151062
2023-08-22 20:00:00,228.94496769538716,49.99259054645136
2023-08-22 21:00:00,230.01620843174038,50.006140308805996
2023-08-22 22:00:00,232.9807787487005,50.00076663089098
2023-08-22 23:00:00,229.41974146799993,49.997610049383375
2023-08-23 00:00:00,229.84519710689116,50.01377502704624
2023-08-23 01:00:00,230.02426285840386,50.007856619904075
2023-08-23 02:00:00,229.8662475360792,49.99945209264382
2023-08-23 03:00:00,231.14439753378414,49.99881330578584
2023-08-23 04:00:00,229.3797344399076,49.99685552483708
2023-08-23 05:00:00,230.33019961349146,49.98620378577867
2023-08-23 06:00:00,229.6147598608026,49.99717162534966
2023-08-23 07:00:00,231.61011773302056,50.00006158339252
2023-08-23 08:00:00,230.25968075965656,49.98675342410725
2023-08-23 09:00:00,230.14687851917836,49.98898418455094
2023-08-23 10:00:00,230.72485025396176,50.023268920056665
2023-08-23 11:00:00,231.45697625917396,50.01624525836415
2023-08-23 12:00:00,231.02441083203666,49.99265193373035
2023-08-23 13:00:00,230.88109945346253,49.99263585146065
2023-08-23 14:00:00,231.2617445542308,50.00544504794799
2023-08-23 15:00:00,230.0075312626291,49.995845696736396
2023-08-23 16:00:00,232.06688572087086,50.00086086082052
2023-08-23 17:00:00,230.84961831182991,49.99954108693801
2023-08-23 18:00:00,230.57416168465807,49.99505796907874
2023-08-23 19:00:00,229.90298409141397,49.98503620962951
2023-08-23 20:00:00,228.51276367410443,49.99171845638214
2023-08-23 21:00:00,230.07815565769295,49.996095055382256
2023-08-23 22:00:00,229.14248556548696,49.99363569964318
2023-08-23 23:00:00,229.55812553429723,49.9874596507601
2023-08-24 00:00:00,230.13362612901463,50.016641974429945
2023-08-24 01:00:00,231.35765456227588,50.004968187843595
2023-08-24 02:00:00,229.88363271678946,49.99780249679834
2023-08-24 03:00:00,229.0270646926679,50.00639505128823
2023-08-24 04:00:00,228.5654325902141,49.9973845128919
2023-08-24 05:00:00,228.92830707342242,50.02368023971242
2023-08-24 06:00:00,232.15066482380143,50.02900862545732
2023-08-24 07:00:00,229.436586583393,50.0169454599133
2023-08-24 08:00:00,228.21891882384537,50.01001237676318
2023-08-24 09:00:00,230.30010104681375,49.99621349684055
2023-08-24 10:00:00,229.39925446490068,49.980726616635486
2023-08-24 11:00:00,229.98323283996393,50.01333464446839
2023-08-24 12:00:00,230.8838704504415,49.99504216111918
2023-08-24 13:00:00,231.2343336444167,50.00024237613005
2023-08-24 14:00:00,229.90547538774703,50.00424735311873
2023-08-24 15:00:00,230.34216219772733,50.005895474936956
2023-08-24 16:00:00,231.31931641755952,50.00352945195564
2023-08-24 17:00:00,229.22524057027857,49.99224908094259
2023-08-24 18:00:00,228.73834622545778,49.99841487578081
2023-08-24 19:00:00,230.49410180046783,49.9968544926917
2023-08-24 20:00:00,228.97405935190477,50.0107558717012
2023-08-24 21:00:00,229.56637275875008,49.99670761806215
2023-08-24 22:00:00,230.00599986310468,49.9972982088263
2023-08-24 23:00:00,230.20622248912292,50.00093808080791
2023-08-25 00:00:00,229.71237107896502,49.99703814488135
2023-08-25 01:00:00,230.99560036235786,49.99993636335633
2023-08-25 02:00:00,229.92304691435137,49.989354549283085
2023-08-25 03:00:00,228.3663390156215,49.988723975854185
2023-08-25 04:00:00,230.2291512470573,49.99419555565624
2023-08-25 05:00:00,230.1505532778475,50.00328069218736
2023-08-25 06:00:00,229.7084936997591,49.991141728268516
2023-08-25 07:00:00,229.75939808293015,50.00261285251099
2023-08-25 08:00:00,229.50441735888924,50.0096789992544
2023-08-25 09:00:00,229.14553850150318,49.985153386402054
2023-08-25 10:00:00,231.50526708905136,49.99048439330108
2023-08-25 11:00:00,230.62531030478826,49.986329025576445
2023-08-25 12:00:00,230.67870575694977,49.98596679609205
2023-08-25 13:00:00,229.78080968452988,49.977033968806765
2023-08-25 14:00:00,229.10859475348778,50.001839966857794
2023-08-25 15:00:00,226.96911007377528,49.991023455027936
2023-08-25 16:00:00,231.14338997572222,50.00196074731968
2023-08-25 17:00:00,232.06432530796647,50.00951416880225
2023-08-25 18:00:00,228.64642916607914,49.99034279718708
2023-08-25 19:00:00,228.03278432094618,50.00773001549851
2023-08-25 20:00:00,230.6548105135214,50.01133002395442
2023-08-25 21:00:00,231.79214419346474,49.993306433902
2023-08-25 22:00:00,229.2472085051355,49.980207059551255
2023-08-25 23:00:00,231.95683297815881,49.98791996087751
2023-08-26 00:00:00,230.4924154037079,50.02449033308737
2023-08-26 01:00:00,227.50575441397353,49.99747332291557
2023-08-26 02:00:00,231.15342361630306,50.01016356469124
2023-08-26 03:00:00,229.75246576317846,50.0001849440229
2023-08-26 04:00:00,229.87027193418547,49.98246716223234
2023-08-26 05:00:00,229.7290931619434,50.005050853373476
2023-08-26 06:00:00,230.08228637570582,49.99379935029527
2023-08-26 07:00:00,229.14502768809672,50.01966568071307
2023-08-26 08:00:00,228.83173586285483,49.992566731639336
2023-08-26 09:00:00,230.60409352136082,50.01700996371159
2023-08-26 10:00:00,228.77882321758233,50.01682641806191
2023-08-26 11:00:00,228.92916490001372,49.98555447166157
2023-08-26 12:00:00,228.01864298876163,50.006913778209395
2023-08-26 13:00:00,230.93734739737408,49.996432240776016
2023-08-26 14:00:00,232.3759476152865,50.011637038474476
2023-08-26 15:00:00,228.66192717528116,50.00405014524632
2023-08-26 16:00:00,229.26938838729546,50.00186388727325
2023-08-26 17:00:00,229.98757611405904,49.9957410544597
2023-08-26 18:00:00,230.8218569480308,50.00585991090493
2023-08-26 19:00:00,229.92720105934671,49.9858904789928
2023-08-26 20:00:00,231.6455394462552,50.00945518108432
2023-08-26 21:00:00,229.251603947695,50.00838609316837
2023-08-26 22:00:00,230.00397251636522,50.005126701493
2023-08-26 23:00:00,230.03762925213564,49.99057642705183
2023-08-27 00:00:00,228.24630001489942,49.990320046158075
2023-08-27 01:00:00,229.87395565021623,49.993413100458014
2023-08-27 02:00:00,230.31038871885008,49.990950902021524
2023-08-27 03:00:00,228.49187492163938,50.00302971795373
2023-08-27 04:00:00,229.25513206544335,49.99486545230385
2023-08-27 05:00:00,231.81878674617764,49.99617355672859
2023-08-27 06:00:00,229.25097189690882,49.99532328100337
2023-08-27 07:00:00,230.12564928192018,49.98836048510973
2023-08-27 08:00:00,229.6957738172099,49.99459306039389
2023-08-27 09:00:00,229.3797593822583,50.01104959757613
2023-08-27 10:00:00,228.80194664700036,50.00833955908083
2023-08-27 11:00:00,230.3632266864732,50.00486900922455
2023-08-27 12:00:00,229.0675752524779,50.0149432822309
2023-08-27 13:00:00,229.5884071466081,49.99467821027596
2023-08-27 14:00:00,231.2308110016196,49.99654341511897
2023-08-27 15:00:00,229.11423833945673,50.010005362748544
2023-08-27 16:00:00,231.1462721754843,49.99969184044887
2023-08-27 17:00:00,229.54339228197418,49.990842062394584
2023-08-27 18:00:00,229.79162188091587,49.98810601711464
2023-08-27 19:00:00,230.4620153281033,49.99075628843782
2023-08-27 20:00:00,228.58931028822582,50.012773126457084
2023-08-27 21:00:00,230.72231414868642,50.002111331341126
2023-08-27 22:00:00,229.0034092954109,50.00312510653126
2023-08-27 23:00:00,230.18028667527372,50.000486928120054
2023-08-28 00:00:00,228.82802380773222,49.99299417840075
2023-08-28 01:00:00,230.3663974500201,49.97366150978743
2023-08-28 02:00:00,228.60516746462994,49.98354424503777
2023-08-28 03:00:00,229.43645775058192,50.01233983633271
2023-08-28 04:00:00,229.45010327795396,50.00759317492611
2023-08-28 05:00:00,230.51058263894146,50.01608814933632
2023-08-28 06:00:00,231.44226180547196,50.002620720253034
2023-08-28 07:00:00,229.5367085482179,50.007015039853776
2023-08-28 08:00:00,229.64959731429033,49.987170918391875
2023-08-28 09:00:00,229.27705093141986,49.984114107885915
2023-08-28 10:00:00,231.5613057093661,50.010728340848544
2023-08-28 11:00:00,229.71906743480488,50.002892926257815
2023-08-28 12:00:00,230.46550163758633,50.00002319109543
2023-08-28 13:00:00,230.37627650926672,49.99498599172251
2023-08-28 14:00:00,229.18860503673807,50.018086064321196
2023-08-28 15:00:00,230.54474344175318,49.99156298247229
2023-08-28 16:00:00,231.2388728023214,50.01499081733772
2023-08-28 17:00:00,229.55320465818883,50.0002495003798
2023-08-28 18:00:00,230.95857943553673,49.97992953687768
2023-08-28 19:00:00,230.28348893475416,50.00622153197011
2023-08-28 20:00:00,228.8111371656754,49.99929338457715
2023-08-28 21:00:00,231.5481703971442,49.99567652823126
2023-08-28 22:00:00,230.75458769076897,50.0011044179664
2023-08-28 23:00:00,228.72243228299436,49.97416029452078
2023-08-29 00:00:00,229.0618719878614,50.00193455007533
2023-08-29 01:00:00,231.28925198502984,50.000984584353205
2023-08-29 02:00:00,229.01561794260772,50.01855718081814
2023-08-29 03:00:00,228.6590208976783,50.02335104426582
2023-08-29 04:00:00,228.43006737610344,49.997204024639885
2023-08-29 05:00:00,229.33116260184912,50.009866694265106
2023-08-29 06:00:00,230.7055863146229,50.01344027397407
2023-08-29 07:00:00,230.25294174951162,50.000961136711524
2023-08-29 08:00:00,228.73378503065464,50.00248137667046
2023-08-29 09:00:00,229.7130221748772,49.99624877281952
2023-08-29 10:00:00,230.6256154103339,49.986902154394826
2023-08-29 11:00:00,229.14050767972907,50.011115554085116
2023-08-29 12:00:00,229.8226724352063,49.990215138606736
2023-08-29 13:00:00,231.72664699033933,49.9974369839181
2023-08-29 14:00:00,230.06667686553735,50.01054271975285
2023-08-29 15:00:00,231.6115370476692,49.98617591915903
2023-08-29 16:00:00,229.21574426850444,49.997010558672685
2023-08-29 17:00:00,229.57563536820575,50.014242854075576
2023-08-29 18:00:00,231.25767833270024,49.98581031823826
2023-08-29 19:00:00,230.06049608953984,49.99564292594263
2023-08-29 20:00:00,228.772921338256,49.9872046436361
2023-08-29 21:00:00,232.0326602160639,50.00978412456697
2023-08-29 22:00:00,230.27897049483587,50.019398649389906
2023-08-29 23:00:00,231.8776134686714,50.012052949043884
2023-08-30 00:00:00,229.3244418506678,50.00366860430105
2023-08-30 01:00:00,229.82626490246693,49.99813856408334
2023-08-30 02:00:00,230.67396457413284,50.007740164059605
2023-08-30 03:00:00,231.40437714535653,50.00654096460705
2023-08-30 04:00:00,231.03886813720177,49.98744842161149
2023-08-30 05:00:00,227.59018156176356,49.98895337554947
2023-08-30 06:00:00,229.29433138466862,49.98437417638483
2023-08-30 07:00:00,230.14922189441904,50.002422573636736
2023-08-30 08:00:00,230.76324332557985,49.997255835084445
2023-08-30 09:00:00,229.64335967330226,50.00605499969065
2023-08-30 10:00:00,229.60504660152867,50.01232156868357
2023-08-30 11:00:00,230.2228915201659,50.003430866023926
2023-08-30 12:00:00,229.13326749399192,49.99912832351717
2023-08-30 13:00:00,229.3482839383601,50.01287407623292
2023-08-30 14:00:00,230.16039300786923,49.98472775653318
2023-08-30 15:00:00,229.96070645751868,50.000626063103994
2023-08-30 16:00:00,228.83741366408117,49.9978581875384
2023-08-30 17:00:00,230.26200540272671,49.99845050728352
2023-08-30 18:00:00,230.41581797082506,49.99477573766461
2023-08-30 19:00:00,231.37725188079733,50.01303366921036
2023-08-30 20:00:00,229.95709493698402,49.982587577977796
2023-08-30 21:00:00,231.13527027607094,50.00675235875863
2023-08-30 22:00:00,227.97279434204827,49.98993210517569
2023-08-30 23:00:00,229.94359603960245,49.979625943322034
2023-08-31 00:00:00,229.50034660363,50.004421120470674
2023-08-31 01:00:00,229.5058150771778,50.005178212099494
2023-08-31 02:00:00,230.42752859951503,50.013709719638996
2023-08-31 03:00:00,228.17373864712405,50.000471876624474
2023-08-31 04:00:00,228.3105062896296,50.009517982113636
2023-08-31 05:00:00,230.59135777092288,50.00884478555013
2023-08-31 06:00:00,230.18905346550548,50.001554907089385
2023-08-31 07:00:00,229.26930329031435,49.98720953333069
2023-08-31 08:00:00,231.29901247585238,50.007199483748394
2023-08-31 09:00:00,231.02368808378642,50.008954850459695
2023-08-31 10:00:00,230.34619476645196,49.99100467553318
2023-08-31 11:00:00,228.60531257060956,49.996389172564726
2023-08-31 12:00:00,231.33920575214844,49.98242451215834
2023-08-31 13:00:00,228.103322707131,50.0092776126791
2023-08-31 14:00:00,228.88446962078623,49.99030878186703
2023-08-31 15:00:00,230.81067680004176,50.00630236461367
2023-08-31 16:00:00,228.50501200827043,50.00826268991884
2023-08-31 17:00:00,231.37776300036325,50.00622582066225
2023-08-31 18:00:00,231.9269182612655,50.001089421147725
2023-08-31 19:00:00,230.6370426598071,50.00992518529205
2023-08-31 20:00:00,229.26187204035074,49.99907280372484
2023-08-31 21:00:00,228.70234391658278,50.010394240793126
2023-08-31 22:00:00,228.47696178404092,49.99570554109623
2023-08-31 23:00:00,230.30105811832982,50.012409002669095
2023-09-01 00:00:00,230.1027231965539,50.00239950759985
2023-09-01 01:00:00,230.2020959833514,49.99974861753617
2023-09-01 02:00:00,231.3995979118462,50.000244656345906
2023-09-01 03:00:00,230.78385078649538,50.0120907367284
2023-09-01 04:00:00,230.30390804781715,49.99565481707627
2023-09-01 05:00:00,230.0963776607085,50.002685740452485
2023-09-01 06:00:00,228.98027674538014,49.99012156395924
2023-09-01 07:00:00,230.496513872404,49.99528848397765
2023-09-01 08:00:00,230.2389478783083,50.0053031933968
2023-09-01 09:00:00,231.08535150764396,49.993796997103225
2023-09-01 10:00:00,230.27026124226347,50.00968474581851
2023-09-01 11:00:00,232.38582942886106,50.01464923731103
2023-09-01 12:00:00,231.19300143214065,49.99429250519586
2023-09-01 13:00:00,228.1515107150913,49.994503786944016
2023-09-01 14:00:00,230.23955124670252,50.00898706707809
2023-09-01 15:00:00,231.27275069482516,50.003099013879776
2023-09-01 16:00:00,229.38541980971073,49.985368055199814
2023-09-01 17:00:00,229.35521638746604,49.99171649443644
2023-09-01 18:00:00,231.6824339202401,50.001529780833785
2023-09-01 19:00:00,229.01869980284883,50.01955979901512
2023-09-01 20:00:00,230.59227122634047,50.00968641641984
2023-09-01 21:00:00,229.89571519537714,50.02529099785268
2023-09-01 22:00:00,230.69750494719267,50.00027150818479
2023-09-01 23:00:00,229.4245449246866,49.976289629585345
2023-09-02 00:00:00,229.33439705039896,50.02492100345195
2023-09-02 01:00:00,231.11064821555163,49.9905411792667
2023-09-02 02:00:00,231.59198065496122,49.98581875190184
2023-09-02 03:00:00,229.82152478412172,50.00880805628536
2023-09-02 04:00:00,230.43640095599793,50.01417547997472
2023-09-02 05:00:00,230.84711595060529,50.01253961782333
2023-09-02 06:00:00,230.19739735748163,50.00440805691949
2023-09-02 07:00:00,230.69400782720805,49.981294540379835
2023-09-02 08:00:00,231.71955551987733,50.00352101818587
2023-09-02 09:00:00,228.68448996269169,50.013807756118126
2023-09-02 10:00:00,231.0022641548978,50.00465944783754
2023-09-02 11:00:00,232.1410156874273,49.999822653257716
2023-09-02 12:00:00,231.06991879570492,50.01036562580581
2023-09-02 13:00:00,228.7611237070225,50.00982132167821
2023-09-02 14:00:00,231.653882546659,49.995994279683075
2023-09-02 15:00:00,229.98368032765836,50.00481472212347
2023-09-02 16:00:00,230.6000162106491,49.99919433888486
2023-09-02 17:00:00,231.04095850906702,50.00264608166841
2023-09-02 18:00:00,231.46251050132162,49.9996297859836
2023-09-02 19:00:00,229.1811015696604,49.99721701069974
2023-09-02 20:00:00,230.06406698274336,49.99278784779038
2023-09-02 21:00:00,230.28729441467658,50.00427854551832
2023-09-02 22:00:00,229.1317214990938,50.00644176922221
2023-09-02 23:00:00,230.78586426709097,49.9942267776107
2023-09-03 00:00:00,229.74252021883365,49.9890384217783
2023-09-03 01:00:00,230.0856077648267,49.99892945157337
2023-09-03 02:00:00,229.50953587503594,49.997473894838905
2023-09-03 03:00:00,230.58127147169887,50.010032358720046
2023-09-03 04:00:00,229.41392620753825,50.01006781911525
2023-09-03 05:00:00,229.96143468101693,49.987554257600046
2023-09-03 06:00:00,230.01175789320249,49.99792416886176
2023-09-03 07:00:00,229.46336907258768,50.00320452441529
2023-09-03 08:00:00,228.17820091183367,49.9963707608769
2023-09-03 09:00:00,230.68582676456887,50.01402551082934
2023-09-03 10:00:00,229.97077941612196,49.98501636114072
2023-09-03 11:00:00,229.65056284244602,49.993222162151866
2023-09-03 12:00:00,229.9685849789949,50.000573815416026
2023-09-03 13:00:00,230.84038113972076,49.9926116483684
2023-09-03 14:00:00,232.1556825824583,49.995929330394205
2023-09-03 15:00:00,228.2823701011005,49.98177090814601
2023-09-03 16:00:00,230.4261926496755,50.0121300222195
2023-09-03 17:00:00,229.5283551920592,50.005881035683714
2023-09-03 18:00:00,231.4300889788965,49.979824489100494
2023-09-03 19:00:00,228.6849774378061,50.009945943045814
2023-09-03 20:00:00,230.09763880443086,49.99775290588562
2023-09-03 21:00:00,229.84371125890843,49.996130816948664
2023-09-03 22:00:00,228.88097862643858,50.00141236599663
2023-09-03 23:00:00,229.35009239647763,49.995960554264315
2023-09-04 00:00:00,229.69335230101333,49.99971801237668
2023-09-04 01:00:00,230.1512133304901,49.98983113381173
2023-09-04 02:00:00,227.6111424888398,49.99631893856322
2023-09-04 03:00:00,229.71769565099473,49.99280917745515
2023-09-04 04:00:00,230.76388869564727,50.00472616765584
2023-09-04 05:00:00,231.32599762270618,49.99885678784852
2023-09-04 06:00:00,230.3165891305782,49.99922874854764
2023-09-04 07:00:00,230.54675837316495,49.990276919068314
2023-09-04 08:00:00,228.73610875207643,50.006819855222695
2023-09-04 09:00:00,229.66139121415586,50.004450789374054
2023-09-04 10:00:00,228.75632785242325,50.011705016653444
2023-09-04 11:00:00,229.81364809251147,50.00341966277187
2023-09-04 12:00:00,232.29566774189843,49.99919926620657
2023-09-04 13:00:00,231.46166537308017,50.00617657682392
2023-09-04 14:00:00,230.79175760685806,49.992855263588154
2023-09-04 15:00:00,230.3179262547644,49.99569306831799
2023-09-04 16:00:00,229.7487274436161,49.994608201950456
2023-09-04 17:00:00,230.6516411029987,50.01245547733162
2023-09-04 18:00:00,229.39778356494148,49.9990643051065
2023-09-04 19:00:00,232.16574226327847,50.00118652106592
2023-09-04 20:00:00,230.83033360072685,49.99373546072939
2023-09-04 21:00:00,230.96934986397252,50.002847807682535
2023-09-04 22:00:00,229.50678984625824,49.999711095892515
2023-09-04 23:00:00,229.53920271211985,50.01369576491392
2023-09-05 00:00:00,229.26059954093722,49.998872136462374
2023-09-05 01:00:00,228.7504480194627,50.00665182980011
2023-09-05 02:00:00,231.39136350791392,49.9903676181173
2023-09-05 03:00:00,230.6841224946227,50.00084672138498
2023-09-05 04:00:00,229.58643844815043,50.00359969078754
2023-09-05 05:00:00,229.3970580175352,49.99062656496465
2023-09-05 06:00:00,231.46181666715697,50.002347532557735
2023-09-05 07:00:00,230.51915962372564,49.98899537438289
2023-09-05 08:00:00,229.57753136034364,49.97797031984817
2023-09-05 09:00:00,231.1621738061763,50.00185699467603
2023-09-05 10:00:00,231.9035374008369,50.01000456543196
2023-09-05 11:00:00,229.42215947591848,49.97889587673661
2023-09-05 12:00:00,229.58203648411637,50.0074582278429
2023-09-05 13:00:00,229.77788189479665,50.01105758253341
2023-09-05 14:00:00,230.29704728605734,49.97975487019649
2023-09-05 15:00:00,229.96526476905157,49.99883741095705
2023-09-05 16:00:00,228.54027235618804,49.98753706139568
2023-09-05 17:00:00,229.08467876224438,50.01982508037726
2023-09-05 18:00:00,230.12737893208256,50.00078448937858
2023-09-05 19:00:00,231.509510991511,49.983086556389864
2023-09-05 20:00:00,230.21463637143327,50.00927611746453
2023-09-05 21:00:00,230.92748372843147,49.99611832587721
2023-09-05 22:00:00,230.34192742764353,50.00024803038026
2023-09-05 23:00:00,229.8397645178106,49.989310656869414
2023-09-06 00:00:00,229.12455490678818,50.00747902910605
2023-09-06 01:00:00,230.3747837395127,50.005243254729955
2023-09-06 02:00:00,231.2317702380745,50.007809743412444
2023-09-06 03:00:00,228.73323040557565,49.99523602000168
2023-09-06 04:00:00,230.57193360260115,49.99089386339756
2023-09-06 05:00:00,229.4427501744646,50.00847722090773
2023-09-06 06:00:00,230.35233653503045,50.010245465498876
2023-09-06 07:00:00,229.25910854549213,49.981630785720085
2023-09-06 08:00:00,230.14521536253565,50.00343613114184
2023-09-06 09:00:00,229.05340213401624,50.00253832194244
2023-09-06 10:00:00,230.96997703661773,50.00011563195137
2023-09-06 11:00:00,230.05535427352171,50.00633296666107
2023-09-06 12:00:00,231.78882183514645,49.97543961430157
2023-09-06 13:00:00,230.30515172109068,50.01703507820191
2023-09-06 14:00:00,229.001145846815,50.02355424484054
2023-09-06 15:00:00,228.41071700667763,50.00253945250148
2023-09-06 16:00:00,231.4206347766115,50.00510438811721
2023-09-06 17:00:00,229.40216676740366,49.99249151075035
2023-09-06 18:00:00,229.01386264384118,50.007380057859166
2023-09-06 19:00:00,231.34443615687636,49.999727917135665
2023-09-06 20:00:00,229.56504380696,49.99780012933395
2023-09-06 21:00:00,230.9127361511464,49.998008987155515
2023-09-06 22:00:00,230.3527178407335,49.99080578738403
2023-09-06 23:00:00,228.08491314134596,50.01303142985417
2023-09-07 00:00:00,230.64024824247852,50.016293126067126
2023-09-07 01:00:00,229.02722472325755,49.991907668708656
2023-09-07 02:00:00,228.76670668333944,50.00427992134205
2023-09-07 03:00:00,227.78333777318113,50.0080431339243
2023-09-07 04:00:00,228.84461644334547,49.98952092637691
2023-09-07 05:00:00,229.64265696820834,49.99461100719743
2023-09-07 06:00:00,230.079334774722,49.99401365886098
2023-09-07 07:00:00,230.15069439233207,50.01181582256243
2023-09-07 08:00:00,230.8830505713004,50.00909929155427
2023-09-07 09:00:00,228.2988941585951,50.00698167779599
2023-09-07 10:00:00,227.9189122934255,49.99609339777066
2023-09-07 11:00:00,232.4819067128081,50.00341866416321
2023-09-07 12:00:00,229.94293967618603,50.0114835688025
2023-09-07 13:00:00,230.53439041134612,50.0145043379729
2023-09-07 14:00:00,228.5608865020259,49.992188784119506
2023-09-07 15:00:00,230.681855549892,49.979205565116295
2023-09-07 16:00:00,231.04841537775516,49.98856788245585
2023-09-07 17:00:00,228.0905915418288,49.99481583973605
2023-09-07 18:00:00,230.48814638656353,50.002633594815904
2023-09-07 19:00:00,230.47010614300035,50.00525341735668
2023-09-07 20:00:00,227.50616854421892,49.99934386992454
2023-09-07 21:00:00,230.18242636696257,50.00371185099779
2023-09-07 22:00:00,229.34751802907934,50.00652812627605
2023-09-07 23:00:00,230.46070760629314,49.99397595033566
2023-09-08 00:00:00,230.6986015537149,49.99582770367193
2023-09-08 01:00:00,230.46872148584887,50.00551861029389
2023-09-08 02:00:00,229.6933572479587,50.00406488637995
2023-09-08 03:00:00,229.5670055995728,49.98685186100482
2023-09-08 04:00:00,230.21165943738262,50.00767314368105
2023-09-08 05:00:00,229.74140239334142,50.0012313878581
2023-09-08 06:00:00,228.52126288349814,49.98958702401405
2023-09-08 07:00:00,230.1940800107672,49.997832458173065
2023-09-08 08:00:00,229.81750433255675,49.99774484472404
2023-09-08 09:00:00,229.8159011319058,49.99101681827735
2023-09-08 10:00:00,229.64298547780797,50.0012849767841
2023-09-08 11:00:00,229.80196612314077,50.0028164202873
2023-09-08 12:00:00,229.34915151013467,50.01233972593459
2023-09-08 13:00:00,230.85681176937916,49.98364686545349
2023-09-08 14:00:00,229.5639449127897,50.00126152210939
2023-09-08 15:00:00,230.08001466808844,49.99535943650127
2023-09-08 16:00:00,229.292814627893,49.99657799571303
2023-09-08 17:00:00,228.9053414493477,50.02043671525057
2023-09-08 18:00:00,229.88618221966325,50.01034860922885
2023-09-08 19:00:00,230.67650545131573,50.011580739349405
2023-09-08 20:00:00,231.0367646217509,50.00272393040895
2023-09-08 21:00:00,230.7152691884932,50.00124126454499
2023-09-08 22:00:00,229.05550309758232,49.98848311498877
2023-09-08 23:00:00,230.0554945511666,50.01712086820407
2023-09-09 00:00:00,229.91609818271277,49.99041261763038
2023-09-09 01:00:00,230.72742707946523,50.00425053601903
2023-09-09 02:00:00,230.50903740086514,49.99613378722156
2023-09-09 03:00:00,229.37460188294875,49.996546963078394
2023-09-09 04:00:00,230.34769793896706,49.98569701328979
2023-09-09 05:00:00,230.57130037513184,50.00285144297728
2023-09-09 06:00:00,230.32876183949833,49.9816942769924
2023-09-09 07:00:00,229.9634319393296,49.975364095774175
2023-09-09 08:00:00,229.34307121603246,49.994306585548415
2023-09-09 09:00:00,229.5980445842283,50.004337765844696
2023-09-09 10:00:00,232.16433387267503,49.9883971499683
2023-09-09 11:00:00,228.81581003564824,49.98027720746704
2023-09-09 12:00:00,231.88198712944958,50.018316309403716
2023-09-09 13:00:00,231.87453504818637,50.02037987119829
2023-09-09 14:00:00,228.69957565209785,50.00669163972886
2023-09-09 15:00:00,229.37767970035114,49.99613079788996
2023-09-09 16:00:00,229.6922456421662,50.00515437795823
2023-09-09 17:00:00,229.38444122511643,50.006513645651815
2023-09-09 18:00:00,229.39418577309485,50.00558722632934
2023-09-09 19:00:00,230.69683508261812,50.00743700967263
2023-09-09 20:00:00,230.25576531206588,50.00571611175003
2023-09-09 21:00:00,230.55002334093402,49.99648701034505
2023-09-09 22:00:00,229.84623904337582,50.00057448090399
2023-09-09 23:00:00,229.7766437227333,50.007761606150055
2023-09-10 00:00:00,229.25105167916038,50.00419474454321
2023-09-10 01:00:00,230.47926879539122,50.00893086942938
2023-09-10 02:00:00,231.01903262762542,49.99136306403073
2023-09-10 03:00:00,228.8525332131359,50.00304715550015
2023-09-10 04:00:00,230.78551990766482,49.99190870096376
2023-09-10 05:00:00,230.2745106312459,50.00072448234654
2023-09-10 06:00:00,228.8433299299774,49.993237214525
2023-09-10 07:00:00,228.5571423842964,49.99704399424744
2023-09-10 08:00:00,229.72339951942197,50.00919677978853
2023-09-10 09:00:00,229.48314987711237,50.00566656553474
2023-09-10 10:00:00,231.04269134739437,49.99005643458821
2023-09-10 11:00:00,229.60851799434954,49.995258903256634
2023-09-10 12:00:00,229.45804962032994,50.00829576231726
2023-09-10 13:00:00,229.55785921190628,50.0186229309574
2023-09-10 14:00:00,229.7649117290529,50.00846074689331
2023-09-10 15:00:00,230.27928766937202,49.99346128972147
2023-09-10 16:00:00,231.06574360185252,49.99834249010081
2023-09-10 17:00:00,228.76683026834948,50.003413225842216
2023-09-10 18:00:00,230.39639521126173,50.00333597952935
2023-09-10 19:00:00,228.66186136919058,50.00195527092595
2023-09-10 20:00:00,231.0457062343072,49.99116776171595
2023-09-10 21:00:00,228.44506249739766,49.995581369068844
2023-09-10 22:00:00,231.2240326044553,50.0025190086862
2023-09-10 23:00:00,230.94350102272145,49.99585509926167
2023-09-11 00:00:00,229.2153837770854,50.00985346494544
2023-09-11 01:00:00,229.46583996587592,49.982252044288984
2023-09-11 02:00:00,228.10409903167985,50.012712818897896
2023-09-11 03:00:00,228.2389835861081,50.02098242330622
2023-09-11 04:00:00,229.70052450458385,50.003763528756124
2023-09-11 05:00:00,230.1914584763251,49.99251855692535
2023-09-11 06:00:00,231.04003931649638,50.01596092776916
2023-09-11 07:00:00,229.71810960325124,49.996856890454005
2023-09-11 08:00:00,229.86508483951326,49.992207304834984
2023-09-11 09:00:00,228.74291637761038,50.00313992137902
2023-09-11 10:00:00,229.85303289469053,50.01169554029285
2023-09-11 11:00:00,230.09698776210882,50.01942820749207
2023-09-11 12:00:00,230.58741064098152,49.99401996947781
2023-09-11 13:00:00,229.95300464301374,50.00129006968061
2023-09-11 14:00:00,230.93911283268937,50.00107322036572
2023-09-11 15:00:00,230.02136247019186,49.99533697923511
2023-09-11 16:00:00,229.8647841938501,50.00252215103844
2023-09-11 17:00:00,230.7996012807564,50.0055812257346
2023-09-11 18:00:00,230.8067801460822,50.00318321671511
2023-09-11 19:00:00,229.67784930726197,49.99062667188198
2023-09-11 20:00:00,231.80128998184696,50.00071641670994
2023-09-11 21:00:00,230.2620628850254,49.988723877589955
2023-09-11 22:00:00,230.11339859730316,49.98414741368059
2023-09-11 23:00:00,229.68607362353836,49.999774287035855
2023-09-12 00:00:00,230.4476766422332,50.00453839377366
2023-09-12 01:00:00,230.87147346077157,50.000289722974486
2023-09-12 02:00:00,230.0933850777416,49.99694496210184
2023-09-12 03:00:00,230.2177207022896,50.003093793818934
2023-09-12 04:00:00,228.88207205480424,50.017148015906855
2023-09-12 05:00:00,229.16261810686441,50.00229545743499
2023-09-12 06:00:00,229.22843468672508,50.021921604599825
2023-09-12 07:00:00,230.24712566991272,49.99831228534068
2023-09-12 08:00:00,228.86817629611522,49.99887384117335
2023-09-12 09:00:00,227.98887684643282,50.0025501814657
2023-09-12 10:00:00,228.60259393211896,49.97573769263051
2023-09-12 11:00:00,230.53274910860245,50.0014356364728
2023-09-12 12:00:00,231.67598132661607,49.98995952862611
2023-09-12 13:00:00,230.94895144418385,50.00721660215692
2023-09-12 14:00:00,228.91815047404333,49.99422589340898
2023-09-12 15:00:00,229.1430300155933,49.993526300221056
2023-09-12 16:00:00,229.37014496227607,50.001439571749145
2023-09-12 17:00:00,228.4519637038307,49.993192649296255
2023-09-12 18:00:00,229.7968667993614,49.99269577253024
2023-09-12 19:00:00,230.45542500488557,49.99947738000966
2023-09-12 20:00:00,229.0149129125505,50.014120913622804
2023-09-12 21:00:00,228.80252137073495,49.99801789145491
2023-09-12 22:00:00,230.77851366541066,50.022210569000435
2023-09-12 23:00:00,229.09324600217374,50.012075939249286
2023-09-13 00:00:00,229.20822127189368,49.9964995484193
2023-09-13 01:00:00,227.6044651849416,50.003627316698044
2023-09-13 02:00:00,230.91902804086848,50.00342732025972
2023-09-13 03:00:00,231.31589116495732,49.998884743832726
2023-09-13 04:00:00,229.67303088993071,50.00301271675234
2023-09-13 05:00:00,229.93451657463044,49.990090073154356
2023-09-13 06:00:00,230.4792136790878,50.01263004356356
2023-09-13 07:00:00,230.65995205748578,50.000714942041476
2023-09-13 08:00:00,229.91947801149408,50.009750135658095
2023-09-13 09:00:00,229.41302375920142,49.994961399772606
2023-09-13 10:00:00,229.8398314299602,50.01956081298813
2023-09-13 11:00:00,229.61247299717706,49.997672532017944
2023-09-13 12:00:00,230.23674176457686,49.99206452790036
2023-09-13 13:00:00,228.91690828622106,49.97922969399909
2023-09-13 14:00:00,231.16693405286384,50.001623058589324
2023-09-13 15:00:00,231.9710138588922,50.00759136043042
2023-09-13 16:00:00,229.27639022781347,50.00869321889623
2023-09-13 17:00:00,229.21541554816596,50.0003670495949
2023-09-13 18:00:00,229.14856558014375,49.98972485397042
2023-09-13 19:00:00,229.5248619613767,50.01615159575571
2023-09-13 20:00:00,231.74315211737806,49.99742249084365
2023-09-13 21:00:00,229.42422454267108,49.979991957633324
2023-09-13 22:00:00,230.12794345587827,49.99850478801421
2023-09-13 23:00:00,229.53082630069008,49.980135028764906
2023-09-14 00:00:00,227.94839378700195,49.97508535043947
2023-09-14 01:00:00,229.44409971547626,49.99508833257269
2023-09-14 02:00:00,229.95260794399104,49.98903471272343
2023-09-14 03:00:00,231.5211897052461,49.993828392363696
2023-09-14 04:00:00,228.24997417166267,49.998805075932175
2023-09-14 05:00:00,230.9440871340509,49.987667579379625
2023-09-14 06:00:00,230.22545496231518,50.005530850383984
2023-09-14 07:00:00,229.89811492117747,49.98968084490576
2023-09-14 08:00:00,228.95411335448597,49.99483078800353
2023-09-14 09:00:00,231.22560543715124,50.00355664521649
2023-09-14 10:00:00,230.3311604564371,50.01633194784625
2023-09-14 11:00:00,229.951691314494,49.994385589325674
2023-09-14 12:00:00,229.89262653488436,49.99440695094526
2023-09-14 13:00:00,230.9255611632817,50.00774512170154
2023-09-14 14:00:00,229.137054702102,49.99953827249161
2023-09-14 15:00:00,231.42293755776032,50.000052770512525
2023-09-14 16:00:00,232.18966143892294,50.00260891516561
2023-09-14 17:00:00,229.68920011397077,49.993110152701846
2023-09-14 18:00:00,231.28878515600755,50.001784724437144
2023-09-14 19:00:00,229.40898707712395,50.02114035260003
2023-09-14 20:00:00,228.86063521169802,49.99861468220396
2023-09-14 21:00:00,229.4113939416982,50.02071241380954
2023-09-14 22:00:00,230.4047685974474,49.98472074652058
2023-09-14 23:00:00,229.75351087055364,49.99743731225924
2023-09-15 00:00:00,230.39719023352464,49.99991847979726
2023-09-15 01:00:00,230.2533393994734,49.98601330350926
2023-09-15 02:00:00,229.56485797749667,49.99698487993666
2023-09-15 03:00:00,228.7659640641091,49.99275743257201
2023-09-15 04:00:00,229.960658601579,49.99265055388651
2023-09-15 05:00:00,228.61670107998918,50.000502155603606
2023-09-15 06:00:00,230.06211393248535,50.01618879862282
2023-09-15 07:00:00,230.32720759358327,50.00614365103277
2023-09-15 08:00:00,227.66338330491482,50.008318860195274
2023-09-15 09:00:00,231.26138312573815,50.00289805089572
2023-09-15 10:00:00,229.65437896804627,49.99087702373384
2023-09-15 11:00:00,230.5031889688455,49.99824593501821
2023-09-15 12:00:00,229.34077154113484,50.00025296204192
2023-09-15 13:00:00,229.58582428379995,49.99758121807244
2023-09-15 14:00:00,231.59974558426708,49.99708646833151
2023-09-15 15:00:00,228.64054807083014,50.005370409981836
2023-09-15 16:00:00,229.48336197744098,50.009673705774986
2023-09-15 17:00:00,230.04498840898097,50.01374845287067
2023-09-15 18:00:00,227.52536265359421,49.999253172032525
2023-09-15 19:00:00,229.06631386225257,50.01345546737796
2023-09-15 20:00:00,230.80814004963543,49.99889255110255
2023-09-15 21:00:00,228.71257346492013,50.00123664576329
2023-09-15 22:00:00,230.15269036311392,50.00410142454826
2023-09-15 23:00:00,230.3349728305638,50.009642740052136
2023-09-16 00:00:00,230.50200473617286,50.01978426040363
2023-09-16 01:00:00,228.93897335029024,49.9872996313576
2023-09-16 02:00:00,230.15690749300572,49.99734220098928
2023-09-16 03:00:00,228.82452974949547,50.00545618017931
2023-09-16 04:00:00,229.70043087614457,49.989002065932596
2023-09-16 05:00:00,230.86491042905698,49.984704113612366
2023-09-16 06:00:00,229.14722616434608,49.99817035825671
2023-09-16 07:00:00,230.52939638354033,49.99030087190035
2023-09-16 08:00:00,229.92103016740685,50.00591017400656
2023-09-16 09:00:00,230.7571476795467,49.993082296292
2023-09-16 10:00:00,228.02947769994387,50.00521871153135
2023-09-16 11:00:00,231.1760291761846,50.01473657208511
2023-09-16 12:00:00,228.19515333706363,50.01955220548442
2023-09-16 13:00:00,228.77075884293708,50.003120703071254
2023-09-16 14:00:00,231.1426583611221,49.99254076722699
2023-09-16 15:00:00,229.92385697437953,50.01370397739566
2023-09-16 16:00:00,229.556185928302,50.0025989380625
2023-09-16 17:00:00,230.94110757809042,50.00268874387356
2023-09-16 18:00:00,229.87061856699927,50.00529497552447
2023-09-16 19:00:00,229.00763278353116,49.98937778157291
2023-09-16 20:00:00,231.24683330773402,49.98790973362082
2023-09-16 21:00:00,230.26252466200674,50.00794394759828
2023-09-16 22:00:00,228.71999084350216,49.99589128266151
2023-09-16 23:00:00,229.22914664487945,50.00585610663478
2023-09-17 00:00:00,228.99561968954234,49.99978529440538
2023-09-17 01:00:00,228.8162032902178,50.010999604982416
2023-09-17 02:00:00,229.86418806282057,50.0165678157242
2023-09-17 03:00:00,229.92362989432172,50.001967059360396
2023-09-17 04:00:00,230.4239511175649,50.008754971143325
2023-09-17 05:00:00,230.55952805518274,49.999951679853226
2023-09-17 06:00:00,230.84553199660394,50.01322773805958
2023-09-17 07:00:00,231.01903693300008,49.985043034778236
2023-09-17 08:00:00,230.4865254789519,50.006127241339456
2023-09-17 09:00:00,230.35629598056425,49.996268356054074
2023-09-17 10:00:00,230.967829239258,50.006325707241295
2023-09-17 11:00:00,230.41294872520265,49.99896726008614
2023-09-17 12:00:00,229.04723475469075,50.00418626908797
2023-09-17 13:00:00,228.60702170823737,49.99649021249656
2023-09-17 14:00:00,228.97431478705633,49.97167394305675
2023-09-17 15:00:00,230.31525124985865,50.012267915373556
2023-09-17 16:00:00,229.69419207864038,49.980956355348
2023-09-17 17:00:00,230.22704182149477,49.989596590002556
2023-09-17 18:00:00,229.74220771575713,50.00475969910322
2023-09-17 19:00:00,229.0806495063943,50.00485645748752
2023-09-17 20:00:00,227.40695559526625,50.009966134245175
2023-09-17 21:00:00,228.78005290628082,50.00454528827742
2023-09-17 22:00:00,231.74732050694573,50.01202068286981
2023-09-17 23:00:00,230.96285417552986,50.008040692908374
2023-09-18 00:00:00,229.25114149983105,49.98370513899706
2023-09-18 01:00:00,229.465021445572,50.001595895500316
2023-09-18 02:00:00,229.49780922641503,49.99418479283694
2023-09-18 03:00:00,231.09031047889627,50.017797489299014
2023-09-18 04:00:00,230.9090247841314,49.993761280526684
2023-09-18 05:00:00,230.96371331691685,50.00804318853619
2023-09-18 06:00:00,228.98706740224318,49.98531945372448
2023-09-18 07:00:00,231.785725631803,49.99844691155263
2023-09-18 08:00:00,229.70937481683814,50.001163972483816
2023-09-18 09:00:00,230.83765187886834,49.98444783719793
2023-09-18 10:00:00,230.29218402881605,49.996848961791244
2023-09-18 11:00:00,228.28950359975144,50.004760872703436
2023-09-18 12:00:00,229.4849935892018,50.01012929428628
2023-09-18 13:00:00,229.9597398274643,50.009013148849306
2023-09-18 14:00:00,229.17555909623113,50.00131611033596
2023-09-18 15:00:00,228.51945899332713,50.00448775868596
2023-09-18 16:00:00,229.54066987992763,49.98892273461765
2023-09-18 17:00:00,231.30758344118746,49.98300787283863
2023-09-18 18:00:00,230.5518521981259,49.9999594505053
2023-09-18 19:00:00,229.4448725131505,49.98665887285844
2023-09-18 20:00:00,230.21950785779447,49.97767479532821
2023-09-18 21:00:00,228.63835480147475,49.99705996550834
2023-09-18 22:00:00,229.97667245250437,49.996836985396165
2023-09-18 23:00:00,228.05386701618045,49.99190869895528
2023-09-19 00:00:00,228.80818043178243,50.003714562212224
2023-09-19 01:00:00,230.7936553746327,50.00523511221268
2023-09-19 02:00:00,229.39315674479076,50.004227146704466
2023-09-19 03:00:00,229.53285130118553,49.99756634790153
2023-09-19 04:00:00,229.88759426049785,49.99568481697332
2023-09-19 05:00:00,231.52874121197118,49.98773943669452
2023-09-19 06:00:00,226.3119762115768,49.9990809105168
2023-09-19 07:00:00,229.05303118929746,50.00728688394308
2023-09-19 08:00:00,232.35778814014685,49.99855773961981
2023-09-19 09:00:00,231.13705693957073,50.00110935390401
2023-09-19 10:00:00,230.49555328151916,50.00233674213728
2023-09-19 11:00:00,230.23560601284342,49.99866910802988
2023-09-19 12:00:00,229.72296171046582,49.99317871638861
2023-09-19 13:00:00,228.59848283337158,49.99975480574616
2023-09-19 14:00:00,229.55008154437493,50.002700049916854
2023-09-19 15:00:00,229.84868973055495,50.00552369411933
2023-09-19 16:00:00,231.11580403837456,50.02124693217857
2023-09-19 17:00:00,230.31993571257618,50.001060056879126
2023-09-19 18:00:00,230.03559761551028,50.004449114780236
2023-09-19 19:00:00,229.3159157477389,49.99296825749307
2023-09-19 20:00:00,229.4993380702585,50.00098827471637
2023-09-19 21:00:00,228.22486296317928,49.989801735201596
2023-09-19 22:00:00,230.19930820334577,49.98607314682747
2023-09-19 23:00:00,228.7290568889562,49.98937365254278
2023-09-20 00:00:00,229.62141510943488,50.00010957255317
2023-09-20 01:00:00,230.99506525041562,49.98301825115791
2023-09-20 02:00:00,230.2337666837862,50.00258420160129
2023-09-20 03:00:00,230.30452799435463,50.00057504096609
2023-09-20 04:00:00,231.19666721935903,49.98694528274623
2023-09-20 05:00:00,230.654594643349,49.9966398951015
2023-09-20 06:00:00,229.83777187982918,49.996773817291064
2023-09-20 07:00:00,227.97433081257813,50.00752832969087
2023-09-20 08:00:00,229.5539748304517,49.991915295963985
2023-09-20 09:00:00,229.88821375747932,50.012968719400114
2023-09-20 10:00:00,229.97967528379348,49.99686543059634
2023-09-20 11:00:00,228.35714849396754,49.99638246882153
2023-09-20 12:00:00,230.16212755380874,49.979801588746575
2023-09-20 13:00:00,230.71082202564412,49.96763100200181
2023-09-20 14:00:00,229.602421736317,49.995616430173214
2023-09-20 15:00:00,230.42145936330328,49.98332857215088
2023-09-20 16:00:00,229.30338345135078,49.98867891814618
2023-09-20 17:00:00,230.2120317839282,49.997025335820204
2023-09-20 18:00:00,231.84714751756448,50.01113221776519
2023-09-20 19:00:00,229.55712825948743,49.997348645041015
2023-09-20 20:00:00,228.822585027142,49.996809668271815
2023-09-20 21:00:00,230.71253786565498,49.994148806648816
2023-09-20 22:00:00,229.69917323857908,50.00252831944345
2023-09-20 23:00:00,229.19040887750978,50.023885784533306
2023-09-21 00:00:00,229.22131157011802,50.005052863263884
2023-09-21 01:00:00,230.20950993072086,49.9880942319882
2023-09-21 02:00:00,230.0144838136862,50.00254179408387
2023-09-21 03:00:00,231.25540414355527,49.99191815600498
2023-09-21 04:00:00,230.38832565199488,50.00883599981213
2023-09-21 05:00:00,230.93174583260787,49.99895774646967
2023-09-21 06:00:00,229.9917786515984,50.003973920509566
2023-09-21 07:00:00,230.46029655934876,50.00944436314994
2023-09-21 08:00:00,229.9218638446007,50.019872284282265
2023-09-21 09:00:00,231.78106463927125,49.99330597948862
2023-09-21 10:00:00,230.43911014705043,49.97922630982075
2023-09-21 11:00:00,228.51967804418342,49.98312339343879
2023-09-21 12:00:00,229.7836626549658,49.996018654981555
2023-09-21 13:00:00,230.2011318018757,50.0050385145566
2023-09-21 14:00:00,229.9592869363163,49.998212696214246
2023-09-21 15:00:00,230.80686185887092,49.99974468981605
2023-09-21 16:00:00,229.49219850886368,49.98707010457744
2023-09-21 17:00:00,230.00456196846017,50.001886581113276
2023-09-21 18:00:00,230.8921295162835,50.00284631977872
2023-09-21 19:00:00,228.5827353141753,49.98019218716193
2023-09-21 20:00:00,229.0272272932203,50.01982829930547
2023-09-21 21:00:00,231.90767701297403,50.00804111071024
2023-09-21 22:00:00,229.62128842728654,50.00249650879473
2023-09-21 23:00:00,230.83561170258722,50.02172419889948
2023-09-22 00:00:00,231.07165961374892,49.99495126839005
2023-09-22 01:00:00,228.70229740660716,50.00287764647127
2023-09-22 02:00:00,229.1397750319158,49.98481622723312
2023-09-22 03:00:00,230.00910994769143,50.01733478351839
2023-09-22 04:00:00,229.3241938329718,50.006656385258864
2023-09-22 05:00:00,230.40214496357552,49.99299655268745
2023-09-22 06:00:00,230.52712532481416,49.993747250643786
2023-09-22 07:00:00,230.20459028545054,50.00967958994704
2023-09-22 08:00:00,229.9502259543768,50.01550796956557
2023-09-22 09:00:00,230.5757231018369,49.9943625721747
2023-09-22 10:00:00,231.1932122609188,50.00789457455572
2023-09-22 11:00:00,231.30174239056151,49.990800704609484
2023-09-22 12:00:00,230.269560481144,50.0059917301928
2023-09-22 13:00:00,229.12327841246423,50.00036669774792
2023-09-22 14:00:00,229.82453945063807,49.983445704107105
2023-09-22 15:00:00,230.67693459665725,49.99481552924434
2023-09-22 16:00:00,231.09877848031576,50.008337801836774
2023-09-22 17:00:00,231.0664293808046,50.00475895843004
2023-09-22 18:00:00,229.8236533038401,49.987841138470095
2023-09-22 19:00:00,230.2253619889581,49.98944403360063
2023-09-22 20:00:00,230.5198790649436,49.98303260283321
2023-09-22 21:00:00,231.46095987027596,49.99179198211059
2023-09-22 22:00:00,229.24450683514914,50.00181713311534
2023-09-22 23:00:00,230.45984094377152,50.00747939669129
2023-09-23 00:00:00,229.48550101323778,49.982783398696206
2023-09-23 01:00:00,231.16844116379994,50.00135839891372
2023-09-23 02:00:00,229.96733366435814,49.98884789254718
2023-09-23 03:00:00,230.23836396104332,50.00003712718242
2023-09-23 04:00:00,229.16220201171853,50.01823521560063
2023-09-23 05:00:00,229.57215281577368,49.98785612693347
2023-09-23 06:00:00,231.9846158882523,50.00015252271251
2023-09-23 07:00:00,230.6152567066993,49.970414255323625
2023-09-23 08:00:00,230.18683847165806,50.00545125977126
2023-09-23 09:00:00,231.37132871019043,49.99540044652129
2023-09-23 10:00:00,231.50890127049448,50.01173903243559
2023-09-23 11:00:00,229.96003326112637,49.99801472653216
2023-09-23 12:00:00,229.23647470467378,50.005246348532445
2023-09-23 13:00:00,229.84768216792196,50.019160355615696
2023-09-23 14:00:00,229.63912881524146,50.00625359268342
2023-09-23 15:00:00,230.1014076002422,50.006873129919555
2023-09-23 16:00:00,230.27223702506762,50.012026887168666
2023-09-23 17:00:00,232.52255199276135,50.00377422125614
2023-09-23 18:00:00,228.96112301658837,49.99244877168612
2023-09-23 19:00:00,228.69172597701308,49.97458599237491
2023-09-23 20:00:00,229.4117935915361,49.99378422524329
2023-09-23 21:00:00,226.96517677621003,50.00649011458067
2023-09-23 22:00:00,228.10783835609433,49.99571963654477
2023-09-23 23:00:00,228.67419692813394,49.99813427002953
2023-09-24 00:00:00,231.13328297264738,49.99776271173907
2023-09-24 01:00:00,228.6482913613654,49.99451602373108
2023-09-24 02:00:00,228.30285385663743,50.006626325536985
2023-09-24 03:00:00,229.15589229795674,50.00562703939397
2023-09-24 04:00:00,230.39965647339912,49.9987998315963
2023-09-24 05:00:00,229.48749599919637,50.00706558328256
2023-09-24 06:00:00,229.6584021498539,50.00049852550228
2023-09-24 07:00:00,229.42595337109512,50.00135999724761
2023-09-24 08:00:00,228.6759171997474,49.99648162964514
2023-09-24 09:00:00,229.0758714875025,49.99583080272653
2023-09-24 10:00:00,229.18238735554482,49.9952626830952
2023-09-24 11:00:00,230.63386735980274,49.99866259434663
2023-09-24 12:00:00,228.87992152306913,50.00518021063272
2023-09-24 13:00:00,231.02024853158576,49.99491481051519
2023-09-24 14:00:00,230.68358870219726,50.000466521380766
2023-09-24 15:00:00,228.43579139910315,50.01132285046627
2023-09-24 16:00:00,230.38592067477492,50.01091199696516
2023-09-24 17:00:00,230.05552737307906,49.98975726014057
2023-09-24 18:00:00,231.36065372642835,50.02383237542223
2023-09-24 19:00:00,229.18243398746247,50.006355289718684
2023-09-24 20:00:00,230.65413714822293,49.99510494567323
2023-09-24 21:00:00,230.79606590754872,49.98132227182856
2023-09-24 22:00:00,228.25488226360994,50.00874400013624
2023-09-24 23:00:00,231.30919784416136,50.00419167719641
2023-09-25 00:00:00,229.26550582564684,49.990745665606916
2023-09-25 01:00:00,230.46907667577554,50.00109028458612
2023-09-25 02:00:00,229.77933715376147,49.986001539393186
2023-09-25 03:00:00,229.80857995302418,49.98632589144722
2023-09-25 04:00:00,229.19450152375174,49.99703165875014
2023-09-25 05:00:00,229.4066312248055,49.99777077176849
2023-09-25 06:00:00,230.44959925783155,50.014927043033275
2023-09-25 07:00:00,231.41739952658116,50.000033151425335
2023-09-25 08:00:00,228.78231013447316,49.995438183100156
2023-09-25 09:00:00,229.46853544315024,49.99266636759055
2023-09-25 10:00:00,230.26144600473688,50.002681898656206
2023-09-25 11:00:00,230.20841040504237,49.97502425814273
2023-09-25 12:00:00,230.50097564000455,50.001111853309354
2023-09-25 13:00:00,231.16139173499315,50.01727536773503
2023-09-25 14:00:00,228.28525569912807,50.01001563549041
2023-09-25 15:00:00,229.42898583317665,50.02102647803208
2023-09-25 16:00:00,231.04436509722947,49.9930203347441
2023-09-25 17:00:00,229.82099782676215,50.00460143371253
2023-09-25 18:00:00,228.84991912617485,49.998352208251106
2023-09-25 19:00:00,228.73465505611654,50.012188696369755
2023-09-25 20:00:00,229.9874244796267,49.99902429463635
2023-09-25 21:00:00,229.58649547605512,50.010695739682795
2023-09-25 22:00:00,232.1571640785859,49.99025182341888
2023-09-25 23:00:00,229.84305947715038,49.99851811939278
2023-09-26 00:00:00,229.23625949881202,49.99692229489174
2023-09-26 01:00:00,231.24854618359976,50.012216943229724
2023-09-26 02:00:00,229.92088387774018,49.99007515657199
2023-09-26 03:00:00,230.77486510379606,49.99531832895738
2023-09-26 04:00:00,231.88207847886073,49.99807372508304
2023-09-26 05:00:00,231.47786019882432,49.98123518358756
2023-09-26 06:00:00,230.37270087188583,49.99696966063656
2023-09-26 07:00:00,230.72733324743322,50.00085690700194
2023-09-26 08:00:00,231.346742390244,50.01559296025199
2023-09-26 09:00:00,229.04363974038202,49.99678780856534
2023-09-26 10:00:00,228.69439016398044,49.998614810601616
2023-09-26 11:00:00,232.01377436899975,49.99430220967062
2023-09-26 12:00:00,228.74868139041038,49.99512463384643
2023-09-26 13:00:00,232.26833207201017,49.996947221496825
2023-09-26 14:00:00,229.30523187430452,49.99900250069824
2023-09-26 15:00:00,229.09707275727038,50.003233956581184
2023-09-26 16:00:00,230.79366732135173,50.00603846168314
2023-09-26 17:00:00,228.3942423735931,49.99607541148102
2023-09-26 18:00:00,232.57165362976696,50.00205743328093
2023-09-26 19:00:00,231.92405089150904,49.995424334568696
2023-09-26 20:00:00,231.5399898728209,49.992671152379216
2023-09-26 21:00:00,228.47454181408216,50.012044545945436
2023-09-26 22:00:00,231.29489005502427,50.00001012792843
2023-09-26 23:00:00,231.1893768703724,49.99436471464728
2023-09-27 00:00:00,230.16622226596013,50.00263391434333
2023-09-27 01:00:00,230.84122619405264,50.010868290720026
2023-09-27 02:00:00,230.61746692111788,49.994289574054925
2023-09-27 03:00:00,228.78867041674275,50.00369361532082
2023-09-27 04:00:00,229.56303683929926,50.00553599731259
2023-09-27 05:00:00,229.69846801178332,50.00170064437662
2023-09-27 06:00:00,228.48301368814714,49.99993641952539
2023-09-27 07:00:00,230.75363828414584,50.01816814131451
2023-09-27 08:00:00,231.12944954326824,49.99659905107656
2023-09-27 09:00:00,230.45291671532942,49.99936919350765
2023-09-27 10:00:00,231.87365315301295,49.995833449486675
2023-09-27 11:00:00,230.34832318522479,50.00385159919331
2023-09-27 12:00:00,230.02084004897372,49.98409667972658
2023-09-27 13:00:00,229.44785782822998,50.0108706675035
2023-09-27 14:00:00,230.27629469469954,49.98683886166381
2023-09-27 15:00:00,227.30484571765902,50.004297390900135
2023-09-27 16:00:00,231.76340281157073,49.994165059081666
2023-09-27 17:00:00,230.39225929317223,50.01611607861875
2023-09-27 18:00:00,231.1336394685171,50.002926990309525
2023-09-27 19:00:00,231.14625100939224,49.97626368103926
2023-09-27 20:00:00,230.73644294645004,49.99773287065624
2023-09-27 21:00:00,228.97887142036114,50.00434499211547
2023-09-27 22:00:00,226.63947563680645,49.997039833820715
2023-09-27 23:00:00,232.18292204046855,49.98980086027479
2023-09-28 00:00:00,230.01819504247183,49.97363819751012
2023-09-28 01:00:00,229.66196764936512,50.019352622390386
2023-09-28 02:00:00,229.73623342513397,50.026588312317415
2023-09-28 03:00:00,229.53836496473238,49.98958831290515
2023-09-28 04:00:00,229.98478556561793,50.00248223232311
2023-09-28 05:00:00,229.92485693243847,49.995322591432775
2023-09-28 06:00:00,230.11684929942575,50.010027015973264
2023-09-28 07:00:00,229.75701899635567,49.99710071670302
2023-09-28 08:00:00,230.88868734577392,49.996931732190866
2023-09-28 09:00:00,230.7265393610002,49.98674377427785
2023-09-28 10:00:00,229.46549016859507,49.992402463131405
2023-09-28 11:00:00,230.1940377776257,50.008790336376904
2023-09-28 12:00:00,228.83574522709364,50.005973794386456
2023-09-28 13:00:00,230.62368441683262,49.99867732073204
2023-09-28 14:00:00,231.68963363587557,50.013695761113645
2023-09-28 15:00:00,230.88348824195864,49.987342930195105
2023-09-28 16:00:00,229.91843198285022,49.98856651382266
2023-09-28 17:00:00,229.03360176327516,49.998309302529286
2023-09-28 18:00:00,230.6846796484833,50.00992657379592
2023-09-28 19:00:00,229.40567239721565,50.01631647428206
2023-09-28 20:00:00,230.02866199408368,49.97609996992871
2023-09-28 21:00:00,230.76671072451694,49.993450765635394
2023-09-28 22:00:00,229.19714841183855,50.0126982612837
2023-09-28 23:00:00,230.10471657276986,49.98652361941536
2023-09-29 00:00:00,228.9620890050297,49.97818787568897
2023-09-29 01:00:00,229.67640314451387,49.99713378314667
2023-09-29 02:00:00,229.55301114379745,50.01168628912342
2023-09-29 03:00:00,231.22576008883945,50.002004705595425
2023-09-29 04:00:00,230.21703644552713,50.01240212436814
2023-09-29 05:00:00,229.3383248263858,50.016798841477076
2023-09-29 06:00:00,229.59036108026206,50.0121377289811
2023-09-29 07:00:00,231.02737895311472,50.01448282896108
2023-09-29 08:00:00,228.43999950035482,49.984188698244004
2023-09-29 09:00:00,229.19717181469014,49.99458355552787
2023-09-29 10:00:00,228.96145044716982,49.99049045848575
2023-09-29 11:00:00,230.17633723186387,49.9961783916514
2023-09-29 12:00:00,230.1351144104122,50.00988500706334
2023-09-29 13:00:00,229.85980438762186,50.00832372375234
2023-09-29 14:00:00,229.93014314896777,49.997687024578454
2023-09-29 15:00:00,228.66716535673393,50.01243934990356
2023-09-29 16:00:00,229.07407729033352,49.986646007405504
2023-09-29 17:00:00,230.59247675670903,50.0229345142002
2023-09-29 18:00:00,228.54790906278004,50.00766112838437
2023-09-29 19:00:00,229.74169805924907,50.01572089710303
2023-09-29 20:00:00,230.96681299974057,49.99587854527168
2023-09-29 21:00:00,230.22044693050162,49.99203431537367
2023-09-29 22:00:00,229.3240772421911,50.01463117188693
2023-09-29 23:00:00,230.72521971675505,50.00154919451253
2023-09-30 00:00:00,229.28451278372592,49.994548782605484
2023-09-30 01:00:00,230.06108690831383,50.00094688108273
2023-09-30 02:00:00,229.22887877908968,49.99681173233899
2023-09-30 03:00:00,228.51983448300962,50.003119651326394
2023-09-30 04:00:00,229.88543339513384,50.01282419328053
2023-09-30 05:00:00,231.21353420531116,50.000438892321185
2023-09-30 06:00:00,231.14516492339553,49.97906203614477
2023-09-30 07:00:00,230.73898080679328,49.99182428390802
2023-09-30 08:00:00,230.72087109158156,49.9970394708589
2023-09-30 09:00:00,230.76293542608508,49.99861815400277
2023-09-30 10:00:00,229.80058479790614,49.98000458860652
2023-09-30 11:00:00,228.75770231142357,49.99535358521083
2023-09-30 12:00:00,230.16902073599869,49.999149899327776
2023-09-30 13:00:00,230.94176833362746,49.9927639789329
2023-09-30 14:00:00,230.86457399016018,49.99964582513002
2023-09-30 15:00:00,230.2362949366758,50.01287786181381
2023-09-30 16:00:00,230.34007984173908,49.994511902336676
2023-09-30 17:00:00,228.60180439313797,49.98251731964607
2023-09-30 18:00:00,231.56022312484816,50.02140921250215
2023-09-30 19:00:00,229.88639480236165,49.99393546569521
2023-09-30 20:00:00,227.89248144065846,49.99742755788289
2023-09-30 21:00:00,229.86319068768452,50.000323367071275
2023-09-30 22:00:00,230.0798801886021,49.98630726079904
2023-09-30 23:00:00,230.53684301160163,50.00240898027919
2023-10-01 00:00:00,229.9276937946992,49.99511134664222
2023-10-01 01:00:00,229.4228461603082,50.00235804278559
2023-10-01 02:00:00,229.4705025497205,50.00554412221609
2023-10-01 03:00:00,230.00176914244517,50.0118748111294
2023-10-01 04:00:00,229.8172939834337,50.017530564328375
2023-10-01 05:00:00,231.99320996176624,49.99787013354998
2023-10-01 06:00:00,229.67278040730173,49.99435732880187
2023-10-01 07:00:00,229.23111522122727,49.987737363460255
2023-10-01 08:00:00,231.08554880891242,50.00559079507929
2023-10-01 09:00:00,230.00201534715586,50.00010479821887
2023-10-01 10:00:00,230.9107111522501,49.99830883789274
2023-10-01 11:00:00,229.91280362714687,49.9876521155157
2023-10-01 12:00:00,230.71680614170086,49.99328139943499
2023-10-01 13:00:00,231.2625291336445,50.00608322889207
2023-10-01 14:00:00,231.42674611374846,50.00924171500093
2023-10-01 15:00:00,230.76147610765548,50.00244455144716
2023-10-01 16:00:00,227.9247111151687,50.00076970177511
2023-10-01 17:00:00,228.4864538871817,50.012752701631506
2023-10-01 18:00:00,230.30155077394886,50.008575766357204
2023-10-01 19:00:00,228.54154847662284,50.00852366907144
2023-10-01 20:00:00,228.91537185712963,49.99215206813951
2023-10-01 21:00:00,230.89914707239174,50.02209736490313
2023-10-01 22:00:00,229.33608758760423,50.01551316959645
2023-10-01 23:00:00,229.4315866794485,50.0042454055926
2023-10-02 00:00:00,229.60464605818618,49.99349854939448
2023-10-02 01:00:00,231.2133826481462,49.990865182793755
2023-10-02 02:00:00,231.2626338458648,50.00434616592807
2023-10-02 03:00:00,232.33689601610058,50.00266708934611
2023-10-02 04:00:00,230.85612724072627,49.9976473995214
2023-10-02 05:00:00,231.57782999948944,49.989490307816546
2023-10-02 06:00:00,229.29530697824507,50.00358859952593
2023-10-02 07:00:00,228.59147239681545,49.99835866096205
2023-10-02 08:00:00,230.6055476006515,49.9851447095777
2023-10-02 09:00:00,229.80797404946998,50.00011139571499
2023-10-02 10:00:00,231.6683960593931,50.00938109585689
2023-10-02 11:00:00,229.61663957210942,50.00353969729251
2023-10-02 12:00:00,229.38735568393315,49.996753795423125
2023-10-02 13:00:00,229.70398539058274,50.0170691862984
2023-10-02 14:00:00,229.95776470006743,49.99276730321213
2023-10-02 15:00:00,230.0325073372156,50.00374577154419
2023-10-02 16:00:00,230.15035015536563,49.994840091487134
2023-10-02 17:00:00,231.34671945987978,50.00078864736563
2023-10-02 18:00:00,228.8486383621764,49.99576446574194
2023-10-02 19:00:00,230.88507353089938,50.01272172236966
2023-10-02 20:00:00,230.69924277661266,50.00313191783141
2023-10-02 21:00:00,230.31876706244321,50.00246364055135
2023-10-02 22:00:00,230.44858997276745,49.99624419970469
2023-10-02 23:00:00,229.55185163919478,49.99846229761923
2023-10-03 00:00:00,228.6076572893596,50.00711867169184
2023-10-03 01:00:00,230.38225405129617,50.007289921336714
2023-10-03 02:00:00,229.52386136581472,50.002508531076494
2023-10-03 03:00:00,230.58075122001594,50.00729662198725
2023-10-03 04:00:00,229.6802251616757,50.013841455609644
2023-10-03 05:00:00,230.85392393875108,50.00574835722938
2023-10-03 06:00:00,231.06063328641264,49.98153745017997
2023-10-03 07:00:00,230.92333772536287,50.0023318576824
2023-10-03 08:00:00,231.25300589653156,50.01998807809278
2023-10-03 09:00:00,229.98638761336753,50.00972523594358
2023-10-03 10:00:00,231.00113682231816,50.000032826686414
2023-10-03 11:00:00,229.6304363664658,50.007429657225636
2023-10-03 12:00:00,229.45510442041692,49.997054145863615
2023-10-03 13:00:00,230.0829869471154,50.005566274686906
2023-10-03 14:00:00,231.31219790402014,50.00745359229524
2023-10-03 15:00:00,229.7973647321545,50.014917101312214
2023-10-03 16:00:00,230.90347389905293,49.983969083138035
2023-10-03 17:00:00,228.99910674353,49.98852649631168
2023-10-03 18:00:00,228.12506333825527,49.99602870835144
2023-10-03 19:00:00,229.51598775211787,50.007225699697955
2023-10-03 20:00:00,229.9486949611806,50.01001981834855
2023-10-03 21:00:00,230.99587293190808,50.001023660985496
2023-10-03 22:00:00,229.76894272676407,49.9807938449809
2023-10-03 23:00:00,231.61484722045086,50.01271588858202
2023-10-04 00:00:00,230.50152099399247,50.00401087366324
2023-10-04 01:00:00,229.7672290430403,50.00441717338335
2023-10-04 02:00:00,230.233035461654,49.97657880152543
2023-10-04 03:00:00,228.9453842511903,50.01460722089966
2023-10-04 04:00:00,229.77360961618234,49.998240308326274
2023-10-04 05:00:00,229.82153536776693,50.0121528046698
2023-10-04 06:00:00,230.1932574443269,50.00800844074649
2023-10-04 07:00:00,229.70757457862206,49.99364321555149
2023-10-04 08:00:00,230.4662368003631,50.00410689988917
2023-10-04 09:00:00,228.39242375249938,50.011026236080944
2023-10-04 10:00:00,231.10470374276673,49.98273995837225
2023-10-04 11:00:00,229.97806421951367,50.009860956094585
2023-10-04 12:00:00,230.7636645365816,49.986922749719724
2023-10-04 13:00:00,231.0412466851121,49.991272497108326
2023-10-04 14:00:00,230.18458402797071,49.98863323076723
2023-10-04 15:00:00,230.86712815218448,50.0228110803647
2023-10-04 16:00:00,230.3594739440157,50.00197314861443
2023-10-04 17:00:00,230.3177200467762,49.9804958405497
2023-10-04 18:00:00,229.5112506651884,49.99283781426794
2023-10-04 19:00:00,231.20806842708464,49.99305120123183
2023-10-04 20:00:00,230.1092944378995,50.00103262934819
2023-10-04 21:00:00,231.39495169943487,49.992607390094285
2023-10-04 22:00:00,228.88399885030836,49.985287661052695
2023-10-04 23:00:00,229.4064777556446,50.01389257766749
2023-10-05 00:00:00,228.8976042866465,49.999092020870314
2023-10-05 01:00:00,231.0874127029437,49.99822273421269
2023-10-05 02:00:00,230.59703130298053,50.016318592203326
2023-10-05 03:00:00,228.46245325702677,50.01899951931556
2023-10-05 04:00:00,229.15608064789276,49.99926758048163
2023-10-05 05:00:00,228.86616791597305,49.9889134671608
2023-10-05 06:00:00,231.02761387470156,50.00005590717613
2023-10-05 07:00:00,231.20781940959168,50.023063019409456
2023-10-05 08:00:00,229.5315043819459,49.99130277648255
2023-10-05 09:00:00,227.9311111426636,49.989885206988646
2023-10-05 10:00:00,228.0191620164426,50.002336075730916
2023-10-05 11:00:00,231.3106219704158,49.99918048857096
2023-10-05 12:00:00,231.23540340953704,50.0029091907277
2023-10-05 13:00:00,231.55783087874542,50.00214447535469
2023-10-05 14:00:00,229.87527718415714,49.99867046900223
2023-10-05 15:00:00,227.94335132599588,49.9948412746374
2023-10-05 16:00:00,230.49071928826896,49.99617724872325
2023-10-05 17:00:00,229.5118962997859,49.98911901351178
2023-10-05 18:00:00,231.77111938593148,49.99767620954564
2023-10-05 19:00:00,230.68593929710084,49.99873048559392
2023-10-05 20:00:00,230.19952897871562,49.996721311612326
2023-10-05 21:00:00,229.603959762936,50.004471189002
2023-10-05 22:00:00,231.34265145936632,49.997848754314184
2023-10-05 23:00:00,229.28418465095717,50.001627288039494
2023-10-06 00:00:00,228.6134909867901,49.99974622752751
2023-10-06 01:00:00,230.08102488254207,50.00087824546403
2023-10-06 02:00:00,231.08864860709193,49.98947360956126
2023-10-06 03:00:00,231.641579822966,49.99035489226329
2023-10-06 04:00:00,228.42500814425327,50.01111939888517
2023-10-06 05:00:00,231.27167503804233,50.00334507251915
2023-10-06 06:00:00,229.9377177748614,49.98966770874805
2023-10-06 07:00:00,230.80856788604757,49.98209872049276
2023-10-06 08:00:00,228.57214245554712,50.008933709766524
2023-10-06 09:00:00,229.61592484908655,50.00660564817267
2023-10-06 10:00:00,230.6478292183225,49.995477210354224
2023-10-06 11:00:00,230.00060536283925,50.00086406486289
2023-10-06 12:00:00,229.8788865699242,50.001955016564075
2023-10-06 13:00:00,229.66122965854885,49.99100286849782
2023-10-06 14:00:00,230.00561524521518,50.000018466716845
2023-10-06 15:00:00,230.02251601626182,49.99904944213289
2023-10-06 16:00:00,228.86877941677596,49.990429540646566
2023-10-06 17:00:00,229.44296061007637,50.00203398404256
2023-10-06 18:00:00,230.59411294682909,50.0030059238474
2023-10-06 19:00:00,229.8682263004939,49.989144824731746
2023-10-06 20:00:00,230.4942053369175,50.00868588626983
2023-10-06 21:00:00,229.83413422261086,49.994255183533056
2023-10-06 22:00:00,229.42864471450181,49.99326359282077
2023-10-06 23:00:00,231.02321283295072,50.00742299031582
2023-10-07 00:00:00,230.64329760404712,50.00704088617445
2023-10-07 01:00:00,229.89175917031443,49.99168105920038
2023-10-07 02:00:00,230.7755679801366,50.00436745236975
2023-10-07 03:00:00,230.6209483913153,50.00427960553281
2023-10-07 04:00:00,229.428112402949,49.99601195399462
2023-10-07 05:00:00,230.1654494056294,50.00580983727884
2023-10-07 06:00:00,230.3771277476349,49.981048857703875
2023-10-07 07:00:00,230.48834107474315,49.99384478289461
2023-10-07 08:00:00,231.7596597054864,50.00862138297453
2023-10-07 09:00:00,230.64480233914372,49.99522124091927
2023-10-07 10:00:00,230.65744215598184,49.98933387195684
2023-10-07 11:00:00,228.9141100791357,49.97324258662988
2023-10-07 12:00:00,232.65378858322984,50.01024673968188
2023-10-07 13:00:00,228.7121742922608,49.99307006522028
2023-10-07 14:00:00,229.44760152739542,49.98458974545844
2023-10-07 15:00:00,229.49037459270062,50.00366042896957
2023-10-07 16:00:00,229.68529451240695,50.015950897727265
2023-10-07 17:00:00,229.12301082714757,50.00077028389815
2023-10-07 18:00:00,228.3796842673617,49.98025902421905
2023-10-07 19:00:00,231.17962927905438,49.99225507506309
2023-10-07 20:00:00,229.48456958069167,50.009919001741
2023-10-07 21:00:00,227.88043598448195,50.00214033731929
2023-10-07 22:00:00,229.71438774729182,49.986730613075544
2023-10-07 23:00:00,230.4446880669526,50.025418675196
2023-10-08 00:00:00,228.4043790162389,49.99427441679435
2023-10-08 01:00:00,230.61859005021333,49.99764272456751
2023-10-08 02:00:00,230.31541192939633,49.996738081126175
2023-10-08 03:00:00,229.12962802987482,50.008798503165146
2023-10-08 04:00:00,230.28573288899338,49.99769328758152
2023-10-08 05:00:00,231.62558320783396,49.98133020008927
2023-10-08 06:00:00,230.0561881805175,49.9814078920427
2023-10-08 07:00:00,229.5014509621123,49.994107215283094
2023-10-08 08:00:00,229.17710223828277,50.00203692248295
2023-10-08 09:00:00,231.8144315660468,49.99483412930003
2023-10-08 10:00:00,229.79129262221045,50.00605888807864
2023-10-08 11:00:00,229.76212526036412,50.01438544056875
2023-10-08 12:00:00,230.88028838085253,49.987467722898906
2023-10-08 13:00:00,230.5716421097085,50.00204239357717
2023-10-08 14:00:00,228.6216582495898,49.99496995711176
2023-10-08 15:00:00,230.20376293195426,49.99229132545479
2023-10-08 16:00:00,229.51137839023474,49.99461039006241
2023-10-08 17:00:00,231.1784061812178,50.007057851775464
2023-10-08 18:00:00,228.8488344606881,50.00084116381901
2023-10-08 19:00:00,230.79389010547663,49.994807227715775
2023-10-08 20:00:00,228.0387586487439,50.01908555600292
2023-10-08 21:00:00,230.64834738753854,49.99640724186654
2023-10-08 22:00:00,230.77448675681995,50.00346653405197
2023-10-08 23:00:00,229.09974991494653,49.99904902883645
2023-10-09 00:00:00,230.8659955563711,49.98464067118794
2023-10-09 01:00:00,229.8743926759837,49.996951209605825
2023-10-09 02:00:00,227.81247189685013,49.99421590907462
2023-10-09 03:00:00,230.2976453048767,49.995629113234834
2023-10-09 04:00:00,229.19503272567337,50.020062379996915
2023-10-09 05:00:00,230.93061539648963,49.99378705112678
2023-10-09 06:00:00,231.31044783143943,50.000881298205556
2023-10-09 07:00:00,229.5874689142702,50.00819027420596
2023-10-09 08:00:00,228.91089155314575,49.99233683210585
2023-10-09 09:00:00,229.97420785917825,49.98993879517216
2023-10-09 10:00:00,230.73268465694576,50.00278931446895
2023-10-09 11:00:00,229.39125320776083,50.000294236947106
2023-10-09 12:00:00,230.45781965983582,50.005048269518234
2023-10-09 13:00:00,230.89608141269926,49.983469990824034
2023-10-09 14:00:00,231.1242689799565,50.01625269639553
2023-10-09 15:00:00,230.3818738660111,50.00060527322901
2023-10-09 16:00:00,228.27645317106507,50.01025736841941
2023-10-09 17:00:00,229.70435762735977,50.02421879973996
2023-10-09 18:00:00,229.7900443813916,49.99861334231818
2023-10-09 19:00:00,230.08796360213532,49.99125718352871
2023-10-09 20:00:00,227.42520120903467,49.996247816529326
2023-10-09 21:00:00,229.20162649720777,49.99822643092237
2023-10-09 22:00:00,229.81770239701643,50.00170156630671
2023-10-09 23:00:00,230.44145555088988,50.012842993249265
2023-10-10 00:00:00,232.25834922908962,50.00008721614273
2023-10-10 01:00:00,230.6590340405118,50.01272653260699
2023-10-10 02:00:00,229.00310863615448,50.011689552776
2023-10-10 03:00:00,229.16910995618545,50.001487206997865
2023-10-10 04:00:00,229.31925784056514,49.984404619204355
2023-10-10 05:00:00,229.6085080290595,50.00893555098777
2023-10-10 06:00:00,230.2260606553381,50.00696344138996
2023-10-10 07:00:00,229.05625048084045,49.99775983236114
2023-10-10 08:00:00,229.78118552228088,49.98965703906134
2023-10-10 09:00:00,229.8005703934066,49.99934973944762
2023-10-10 10:00:00,230.3381459515142,50.00494436255857
2023-10-10 11:00:00,229.59256138031455,49.98785911154836
2023-10-10 12:00:00,229.23387857760113,49.988019702351686
2023-10-10 13:00:00,229.2959063070021,50.031111676542714
2023-10-10 14:00:00,230.39206427787397,49.98858285077577
2023-10-10 15:00:00,229.274559012405,49.99292630384468
2023-10-10 16:00:00,230.6993674756878,50.016147676685115
2023-10-10 17:00:00,230.36647833302104,49.99029861835907
2023-10-10 18:00:00,228.91075303225293,49.989671628095756
2023-10-10 19:00:00,231.23867400780213,50.00936895521875
2023-10-10 20:00:00,230.07980451896614,49.98145999434737
2023-10-10 21:00:00,229.33386387631347,49.99483714815998
2023-10-10 22:00:00,231.82976947567545,50.00663593329023
2023-10-10 23:00:00,229.9879801454414,50.01514186644544
2023-10-11 00:00:00,230.3581575107077,50.00507410860691
2023-10-11 01:00:00,230.01556423007523,50.00468003000439
2023-10-11 02:00:00,231.44165415291414,50.001542083306845
2023-10-11 03:00:00,231.7804972998817,50.013060276259225
2023-10-11 04:00:00,230.25878839011332,50.01302142559758
2023-10-11 05:00:00,230.07137415367325,50.00439092986622
2023-10-11 06:00:00,230.93460906257147,50.0017683811333
2023-10-11 07:00:00,229.51675384068335,49.990291970027265
2023-10-11 08:00:00,230.24721496356204,49.99216494205162
2023-10-11 09:00:00,229.34825223571795,49.98081795498724
2023-10-11 10:00:00,231.89250621252037,49.99800718430289
2023-10-11 11:00:00,231.08599121477576,49.98876019617287
2023-10-11 12:00:00,231.78273815585743,49.991949672462916
2023-10-11 13:00:00,229.50921091434475,50.011912841714306
2023-10-11 14:00:00,230.90838836850895,50.0087060016129
2023-10-11 15:00:00,230.42334053352715,49.993682529124236
2023-10-11 16:00:00,230.3056429589633,49.996016587372864
2023-10-11 17:00:00,231.65553935117103,50.0222321103112
2023-10-11 18:00:00,229.0876180765225,49.991568591585555
2023-10-11 19:00:00,229.39449151065182,50.007007693666466
2023-10-11 20:00:00,229.46608637034933,50.01546169161148
2023-10-11 21:00:00,228.5563909457724,50.00232388982971
2023-10-11 22:00:00,228.00776963156224,50.004097254867865
2023-10-11 23:00:00,229.83022634971545,49.98302261887188
2023-10-12 00:00:00,230.7444065633386,49.995932505489506
2023-10-12 01:00:00,229.77720506311925,50.00182335196938
2023-10-12 02:00:00,229.1824298184274,50.01443200796581
2023-10-12 03:00:00,231.2141586171031,49.99450731905299
2023-10-12 04:00:00,228.86529461960544,50.00148114737142
2023-10-12 05:00:00,228.15139573570275,50.01248619468617
2023-10-12 06:00:00,228.47641763294172,50.01078357110894
2023-10-12 07:00:00,231.56334264128535,50.004088140600636
2023-10-12 08:00:00,229.79688061415072,49.993938613282936
2023-10-12 09:00:00,231.27212922187437,50.00535541775027
2023-10-12 10:00:00,231.21998109129464,50.00152492358734
2023-10-12 11:00:00,228.06746375494484,49.98792549734111
2023-10-12 12:00:00,230.06196418806957,49.99793336522011
2023-10-12 13:00:00,230.77273870239526,50.00552509685253
2023-10-12 14:00:00,228.92479601936603,50.01512799205867
2023-10-12 15:00:00,228.71146062640423,49.99234946701381
2023-10-12 16:00:00,230.50330047517647,50.00859392397029
2023-10-12 17:00:00,228.8039858747661,49.99405036866217
2023-10-12 18:00:00,230.28719919630507,49.99943043866666
2023-10-12 19:00:00,230.7531128576997,49.995984948442704
2023-10-12 20:00:00,230.8884585833863,50.01937108607583
2023-10-12 21:00:00,230.80704700145014,50.00648672148613
2023-10-12 22:00:00,231.28176532117254,50.008034595095594
2023-10-12 23:00:00,228.99286410934494,49.9929708007555
2023-10-13 00:00:00,231.6883240212505,50.005311384941805
2023-10-13 01:00:00,229.48715617741877,49.98806405161591
2023-10-13 02:00:00,228.91969133607302,49.97465500767318
2023-10-13 03:00:00,231.0747758915477,49.99550613857246
2023-10-13 04:00:00,230.62090514360273,50.01356660363282
2023-10-13 05:00:00,228.29578868296184,49.99589848906389
2023-10-13 06:00:00,230.87388546828348,50.00666267467046
2023-10-13 07:00:00,230.28398559327385,50.02627098194002
2023-10-13 08:00:00,230.03320173454296,49.99913043425061
2023-10-13 09:00:00,229.52472986033865,50.017724893423804
2023-10-13 10:00:00,231.30925981458319,49.978928905269775
2023-10-13 11:00:00,231.58318884596554,49.99414175612861
2023-10-13 12:00:00,230.64806927274276,50.004949227370616
2023-10-13 13:00:00,228.75201936027443,49.99866005671395
2023-10-13 14:00:00,228.7769127024567,50.00557948562996
2023-10-13 15:00:00,229.1739739830486,49.99013368498108
2023-10-13 16:00:00,230.9630160725265,50.0205997899279
2023-10-13 17:00:00,229.6764526140705,50.015408697421876
2023-10-13 18:00:00,230.62089474735131,50.00681133262512
2023-10-13 19:00:00,229.4055127120587,49.989957069396766
2023-10-13 20:00:00,231.40091585433106,50.00018522205526
2023-10-13 21:00:00,228.84618605736944,50.01058333890591
2023-10-13 22:00:00,229.77836680124105,49.994209276577095
2023-10-13 23:00:00,229.7632758345204,50.015261069824355
2023-10-14 00:00:00,230.68553448625033,50.00411629815268
2023-10-14 01:00:00,230.36040544778731,49.99846784059825
2023-10-14 02:00:00,231.48174218723753,50.00969534321939
2023-10-14 03:00:00,231.29716448288488,49.99194878132215
2023-10-14 04:00:00,229.3000414465121,49.99695290161989
2023-10-14 05:00:00,230.04370701298743,49.994492414251035
2023-10-14 06:00:00,229.99232721064993,49.98389342022329
2023-10-14 07:00:00,229.4592274541351,49.979197316768825
2023-10-14 08:00:00,228.45927775731167,49.99107331945463
2023-10-14 09:00:00,229.98002713966548,49.99270554128769
2023-10-14 10:00:00,230.87365974469026,50.0065846949234
2023-10-14 11:00:00,230.19286505947352,49.99636136188059
2023-10-14 12:00:00,230.33785613971753,50.00637770446565
2023-10-14 13:00:00,231.43430144426475,49.98375540056466
2023-10-14 14:00:00,229.12683084075624,50.003339270665776
2023-10-14 15:00:00,229.20505334691393,49.98539673542838
2023-10-14 16:00:00,229.57116259862073,49.995088343800184
2023-10-14 17:00:00,231.07822635729644,50.00959482930714
2023-10-14 18:00:00,230.89582884067727,49.99666265020408
2023-10-14 19:00:00,230.26474637203506,49.9893903736975
2023-10-14 20:00:00,231.42925057984834,50.012498216400914
2023-10-14 21:00:00,229.07317145315787,50.00896442123937
2023-10-14 22:00:00,229.57742372813055,50.01454467989875
2023-10-14 23:00:00,230.36330996477727,49.98755517229765
2023-10-15 00:00:00,229.79597793958308,49.98214020666003
2023-10-15 01:00:00,230.84749641589062,50.01510758329383
2023-10-15 02:00:00,231.72825446381637,49.98704588746437
2023-10-15 03:00:00,229.90801115438666,49.99991926111654
2023-10-15 04:00:00,230.40987373133666,49.99882380995887
2023-10-15 05:00:00,230.9278435149453,49.99339237049505
2023-10-15 06:00:00,230.76494797391737,49.987710522397045
2023-10-15 07:00:00,231.77050639894264,49.996354980760984
2023-10-15 08:00:00,230.41667469039717,50.00926983966315
2023-10-15 09:00:00,230.05354497220134,49.99426986863324
2023-10-15 10:00:00,229.02907772868963,49.98769349394827
2023-10-15 11:00:00,230.35047575701498,50.00088658830824
2023-10-15 12:00:00,229.08196954254464,49.97981604666672
2023-10-15 13:00:00,229.04155160944703,50.00299506499844
2023-10-15 14:00:00,230.41388623125764,50.006101520255356
2023-10-15 15:00:00,229.66924219472537,49.995404477963575
2023-10-15 16:00:00,227.5797021629658,50.008092863799874
2023-10-15 17:00:00,232.32148503768715,49.99921013237571
2023-10-15 18:00:00,228.54671866570305,49.997310190514206
2023-10-15 19:00:00,229.7454016723531,49.98967499895475
2023-10-15 20:00:00,228.81255605825422,50.009539934211254
2023-10-15 21:00:00,229.74474227461428,49.99523236348997
2023-10-15 22:00:00,229.56015382286162,49.997382842912494
2023-10-15 23:00:00,229.32704332277623,50.006737891792014
2023-10-16 00:00:00,229.90343839485686,49.99155686708666
2023-10-16 01:00:00,228.93769348528176,49.99241104953879
2023-10-16 02:00:00,230.53676393655115,50.000135313261495
2023-10-16 03:00:00,230.43508011788273,49.983962559676115
2023-10-16 04:00:00,230.06584407456504,50.003742942877125
2023-10-16 05:00:00,230.5408608610335,49.99967361587646
2023-10-16 06:00:00,231.03395688016275,49.98331508722836
2023-10-16 07:00:00,228.59371962081096,49.97841796019036
2023-10-16 08:00:00,231.60811457548564,49.99449668328574
2023-10-16 09:00:00,231.67231419450707,49.99595665010276
2023-10-16 10:00:00,230.85872880719967,50.012495267686646
2023-10-16 11:00:00,229.67352894986104,50.02103703153069
2023-10-16 12:00:00,232.12717779819715,49.991527535422904
2023-10-16 13:00:00,231.11933482058268,49.99146651924302
2023-10-16 14:00:00,228.50427044997494,50.01428545719289
2023-10-16 15:00:00,229.62396750189424,50.0037599661254
2023-10-16 16:00:00,230.6047488562884,50.035486823975965
2023-10-16 17:00:00,228.73215593364836,49.99785354786715
2023-10-16 18:00:00,231.1028719462371,50.00984550496974
2023-10-16 19:00:00,229.80396411246647,50.02357016837027
2023-10-16 20:00:00,229.01338770628226,49.98770431893807
2023-10-16 21:00:00,229.82401901582963,49.990372452999914
2023-10-16 22:00:00,229.44562696247985,50.00420177079686
2023-10-16 23:00:00,228.2793966449086,49.99953281247566
2023-10-17 00:00:00,229.95942228827042,50.001565008427896
2023-10-17 01:00:00,229.5814404291258,49.99236586609619
2023-10-17 02:00:00,230.11583249546328,49.99967841079847
2023-10-17 03:00:00,228.92043943893935,49.996344122398355
2023-10-17 04:00:00,230.16124356944965,50.00538986963283
2023-10-17 05:00:00,232.41462018839155,50.00938121223061
2023-10-17 06:00:00,228.75054936053965,49.984968742138285
2023-10-17 07:00:00,230.06512381737014,50.01267361217497
2023-10-17 08:00:00,230.31956341279547,50.00028119438712
2023-10-17 09:00:00,230.06606975145425,50.00948275594378
2023-10-17 10:00:00,229.97522885022113,49.99825310730191
2023-10-17 11:00:00,230.07813151027432,50.01087859571922
2023-10-17 12:00:00,229.57036644640436,50.00875513088476
2023-10-17 13:00:00,231.67983749369577,50.00412538041019
2023-10-17 14:00:00,230.41355975051766,50.000446014466824
2023-10-17 15:00:00,229.376785941475,50.005186369619025
2023-10-17 16:00:00,231.21102752425398,50.019310126995
2023-10-17 17:00:00,229.2761644850594,50.01105831802387
2023-10-17 18:00:00,228.86519892644495,50.00657681600473
2023-10-17 19:00:00,229.5788012255092,49.99448827240462
2023-10-17 20:00:00,231.43455441933617,49.99378922461159
2023-10-17 21:00:00,228.882311513335,49.9925759048572
2023-10-17 22:00:00,229.7138327458377,49.987654581090815
2023-10-17 23:00:00,229.4157760225632,50.00845413258513
2023-10-18 00:00:00,230.85663076141446,50.00135708443638
2023-10-18 01:00:00,228.92477613373336,50.003518799782675
2023-10-18 02:00:00,230.6304005387672,49.98380238796465
2023-10-18 03:00:00,228.66606181345284,49.99243254766816
2023-10-18 04:00:00,231.0931080177428,49.99873555848445
2023-10-18 05:00:00,230.5580522673619,49.988183407696475
2023-10-18 06:00:00,230.73373227932353,49.98832999832525
2023-10-18 07:00:00,230.18025648132115,49.99038426853188
2023-10-18 08:00:00,228.93388369613132,50.00508230566439
2023-10-18 09:00:00,230.7951538876575,49.97473525665435
2023-10-18 10:00:00,230.58804160813247,49.998311302292755
2023-10-18 11:00:00,229.23789588822993,50.01520034441513
2023-10-18 12:00:00,228.76226897037037,50.01061946518384
2023-10-18 13:00:00,230.06919616051752,50.01124475809068
2023-10-18 14:00:00,230.148149904573,49.99651246856961
2023-10-18 15:00:00,230.73058317976935,50.01947658671617
2023-10-18 16:00:00,229.3745914047207,49.99429949032847
2023-10-18 17:00:00,230.38528535753878,50.004511079626106
2023-10-18 18:00:00,230.98078877391447,50.0052758435072
2023-10-18 19:00:00,227.9212340251565,49.98903086256442
2023-10-18 20:00:00,227.67082244799303,49.980337737005385
2023-10-18 21:00:00,230.17826003968764,50.008815441156536
2023-10-18 22:00:00,230.28499813673696,49.99077835224238
2023-10-18 23:00:00,229.370038892635,49.9990750581853
2023-10-19 00:00:00,228.52059986015954,50.00399087392588
2023-10-19 01:00:00,231.82213081932105,49.999777742193494
2023-10-19 02:00:00,230.06677611070242,50.00676882418639
2023-10-19 03:00:00,230.11136649316512,50.00466165846988
2023-10-19 04:00:00,229.5012259304599,50.00539758812906
2023-10-19 05:00:00,229.84923995780233,50.003732579630565
2023-10-19 06:00:00,229.72632029408842,49.98545161842772
2023-10-19 07:00:00,231.37305709132303,50.00027107450611
2023-10-19 08:00:00,232.4826162630592,50.00479558989267
2023-10-19 09:00:00,229.21086413240147,50.02292722163303
2023-10-19 10:00:00,231.09164279312137,50.00405281047787
2023-10-19 11:00:00,231.6123910994136,49.99824486974022
2023-10-19 12:00:00,229.17215697823517,50.006712861218354
2023-10-19 13:00:00,229.43806645923488,49.9932353917567
2023-10-19 14:00:00,228.8045252691053,50.014162204665155
2023-10-19 15:00:00,229.4069817056022,49.99914981914479
2023-10-19 16:00:00,229.13278234121708,49.99767637697387
2023-10-19 17:00:00,229.78000831851338,49.98561123871972
2023-10-19 18:00:00,228.7242512091699,49.995325517553105
2023-10-19 19:00:00,230.60179525405565,49.99917663168517
2023-10-19 20:00:00,230.84227583747557,50.01727134015578
2023-10-19 21:00:00,229.56736465947182,49.99600200269267
2023-10-19 22:00:00,228.92972285938995,49.99925010604188
2023-10-19 23:00:00,230.2025132461204,50.006956882681344
2023-10-20 00:00:00,230.2704980079206,49.99169161510754
2023-10-20 01:00:00,229.29039924746974,49.99519883813046
2023-10-20 02:00:00,229.5826370082905,50.01293537954195
2023-10-20 03:00:00,229.53563740374176,49.98490403868791
2023-10-20 04:00:00,230.79382862935682,49.9930896753093
2023-10-20 05:00:00,230.19679938600396,50.00367330580317
2023-10-20 06:00:00,228.17312202624817,50.00393583152689
2023-10-20 07:00:00,232.38840359995052,50.02631961343468
2023-10-20 08:00:00,229.56611959173438,50.00167527528012
2023-10-20 09:00:00,230.75365633239684,49.994043416521464
2023-10-20 10:00:00,230.06225905967392,49.99574363107768
2023-10-20 11:00:00,229.49769902911166,50.01128454619198
2023-10-20 12:00:00,230.95571637778878,49.993155031197865
2023-10-20 13:00:00,231.8056539550799,49.99806185893572
2023-10-20 14:00:00,228.88071610272652,50.0091671252777
2023-10-20 15:00:00,229.216769778014,49.99693063233338
2023-10-20 16:00:00,231.54675251595427,50.00593007190059
2023-10-20 17:00:00,232.06901232410965,49.98474279251175
2023-10-20 18:00:00,230.37397189006893,49.99000114999317
2023-10-20 19:00:00,231.34951565870037,49.99449853064767
2023-10-20 20:00:00,229.52720446581918,49.98562886936322
2023-10-20 21:00:00,228.33312286930243,49.98871409369384
2023-10-20 22:00:00,229.93176180145838,49.993551513075644
2023-10-20 23:00:00,231.4291396036003,50.02118000486711
2023-10-21 00:00:00,229.27906990607138,50.003955714970424
2023-10-21 01:00:00,231.62057788353792,50.008262907397246
2023-10-21 02:00:00,231.2486937258943,50.00676736741215
2023-10-21 03:00:00,230.17392914520127,49.97725605303677
2023-10-21 04:00:00,232.8721828360264,50.00127309462091
2023-10-21 05:00:00,229.84772695974317,49.994773176060704
2023-10-21 06:00:00,228.69965271887008,49.98417943598973
2023-10-21 07:00:00,229.67280615690942,50.00455551546855
2023-10-21 08:00:00,230.377212391978,49.98161837290882
2023-10-21 09:00:00,229.33359834367417,49.999836487683055
2023-10-21 10:00:00,229.31368762514484,49.9969711295923
2023-10-21 11:00:00,230.48077542142488,49.99113972911256
2023-10-21 12:00:00,230.85447093633445,50.00963320436413
2023-10-21 13:00:00,230.2970836413714,49.99807887994313
2023-10-21 14:00:00,229.95843195907642,50.00224113573461
2023-10-21 15:00:00,229.4304751553534,50.006783567018196
2023-10-21 16:00:00,229.2858338755783,50.00815574208557
2023-10-21 17:00:00,229.74032136668723,50.00113147458341
2023-10-21 18:00:00,228.74378136815383,49.99101732818876
2023-10-21 19:00:00,229.40462218192042,49.99901056266582
2023-10-21 20:00:00,230.30829676773175,50.007584626171074
2023-10-21 21:00:00,228.84540838432338,49.99389396222005
2023-10-21 22:00:00,227.9324056293422,50.00466663677075
2023-10-21 23:00:00,229.53768728137294,49.99355317483386
2023-10-22 00:00:00,228.802791501575,50.008157936050466
2023-10-22 01:00:00,229.46993122144917,49.99916846421042
2023-10-22 02:00:00,230.8482074744463,49.98940597044279
2023-10-22 03:00:00,230.8404654995168,50.026057688128546
2023-10-22 04:00:00,229.9431984617845,50.00138903833274
2023-10-22 05:00:00,230.57796905152372,49.974863336615314
2023-10-22 06:00:00,231.96843429778406,49.990745690568325
2023-10-22 07:00:00,229.74585249286483,50.01362480222403
2023-10-22 08:00:00,229.03048898374902,50.00829583854435
2023-10-22 09:00:00,230.66965143799254,50.0121684611436
2023-10-22 10:00:00,229.49627940102198,49.99659885641247
2023-10-22 11:00:00,228.91585691438152,50.007965013729866
2023-10-22 12:00:00,229.7512524865052,49.99727658668221
2023-10-22 13:00:00,230.39382988060072,50.0035053788832
2023-10-22 14:00:00,230.36282175395533,49.987116217263875
2023-10-22 15:00:00,228.61583609760706,49.99731747530373
2023-10-22 16:00:00,230.4318361456525,49.97441186626571
2023-10-22 17:00:00,228.5395815119817,49.99889589475726
2023-10-22 18:00:00,228.70851936452698,49.99131350006712
2023-10-22 19:00:00,231.33993384241444,50.00195942518966
2023-10-22 20:00:00,228.27897173706245,49.988867337824665
2023-10-22 21:00:00,227.59494145656683,49.99907208030857
2023-10-22 22:00:00,230.43893036149413,50.03125031265049
2023-10-22 23:00:00,229.39978782806412,49.998104422654706
2023-10-23 00:00:00,229.60835257333417,49.99391232533816
2023-10-23 01:00:00,231.48617094786206,50.00111435090845
2023-10-23 02:00:00,231.0662668865886,49.969709289932034
2023-10-23 03:00:00,230.93481097701212,49.996041423724535
2023-10-23 04:00:00,230.02825615299597,49.999346177302
2023-10-23 05:00:00,230.51302950325072,50.001959000923044
2023-10-23 06:00:00,229.5158063072577,50.01060307198077
2023-10-23 07:00:00,229.3917409384562,50.003945845148266
2023-10-23 08:00:00,229.99445371236365,49.9885271144567
2023-10-23 09:00:00,230.6070664717638,49.981177377403796
2023-10-23 10:00:00,231.55178306295338,50.01004464578558
2023-10-23 11:00:00,231.0725380686041,49.99386942129456
2023-10-23 12:00:00,230.67159085654683,50.002896928527946
2023-10-23 13:00:00,229.8840947295704,50.01502260029231
2023-10-23 14:00:00,229.73821845760267,50.002751966073006
2023-10-23 15:00:00,230.22847310482908,49.98450103657587
2023-10-23 16:00:00,230.17687075664057,50.00326697753919
2023-10-23 17:00:00,228.92966685674511,49.99754549355441
2023-10-23 18:00:00,229.6237866276434,49.98597884010053
2023-10-23 19:00:00,230.02808271496414,50.00967282107035
2023-10-23 20:00:00,230.6433195170541,50.00345697518915
2023-10-23 21:00:00,229.9360741207942,50.01908263723412
2023-10-23 22:00:00,231.92450106044555,50.00032728945919
2023-10-23 23:00:00,229.38934765112137,49.99285712961931
2023-10-24 00:00:00,230.24408398710398,50.003556350640096
2023-10-24 01:00:00,229.876757682438,49.99713848444699
2023-10-24 02:00:00,230.41455607387104,50.01291614946093
2023-10-24 03:00:00,230.00885219270702,50.001019767189334
2023-10-24 04:00:00,229.69097356381138,49.99348575007368
2023-10-24 05:00:00,230.55626216386491,50.0020141301934
2023-10-24 06:00:00,229.1818507534368,50.003162023292596
2023-10-24 07:00:00,228.6857777013445,50.00223817887528
2023-10-24 08:00:00,230.9598692464323,49.997163188353774
2023-10-24 09:00:00,230.02182397581257,50.0009335191134
2023-10-24 10:00:00,231.50674496025445,49.994350753902516
2023-10-24 11:00:00,230.00739347420492,50.002448749012665
2023-10-24 12:00:00,228.548122804325,49.99078383593139
2023-10-24 13:00:00,230.42261973685117,49.99218324857969
2023-10-24 14:00:00,228.20726265122963,50.01963681095862
2023-10-24 15:00:00,228.39257585018092,49.994788079606444
2023-10-24 16:00:00,230.02054564640446,50.00397119367187
2023-10-24 17:00:00,230.20276138914204,49.983755920997076
2023-10-24 18:00:00,230.13373997902042,49.996542721684044
2023-10-24 19:00:00,229.23980362527084,50.00889740746001
2023-10-24 20:00:00,229.20613953716625,50.00390318170958
2023-10-24 21:00:00,232.69736823893507,49.98360968424263
2023-10-24 22:00:00,228.87096430746342,49.99354138567439
2023-10-24 23:00:00,229.19660984160325,50.009381738940505
2023-10-25 00:00:00,231.4520596408255,49.988512331744644
2023-10-25 01:00:00,229.1956712018234,50.00500868236642
2023-10-25 02:00:00,229.74013267233542,50.002507156802636
2023-10-25 03:00:00,230.0426979652588,49.983603032649604
2023-10-25 04:00:00,229.65585890406112,50.00711915244966
2023-10-25 05:00:00,231.1492040201247,50.00771294296932
2023-10-25 06:00:00,231.0126651972231,49.99909745083656
2023-10-25 07:00:00,230.7781566047611,50.002684560430964
2023-10-25 08:00:00,231.45600396299992,49.99269716131648
2023-10-25 09:00:00,229.8832444846541,49.997404070372156
2023-10-25 10:00:00,231.27027461234005,50.00208035719195
2023-10-25 11:00:00,230.47014991212174,50.01036940718748
2023-10-25 12:00:00,229.09273192666222,50.00458396182893
2023-10-25 13:00:00,230.49395551917843,49.99600934406127
2023-10-25 14:00:00,229.56196211406862,49.99679451147466
2023-10-25 15:00:00,228.49183768843525,50.00122539265907
2023-10-25 16:00:00,228.4924701756907,49.9976712762815
2023-10-25 17:00:00,229.03648035705584,49.999811957497315
2023-10-25 18:00:00,231.5622943056243,49.97346962185108
2023-10-25 19:00:00,227.27828501390408,49.99126840060753
2023-10-25 20:00:00,229.73457622360368,50.01734366575137
2023-10-25 21:00:00,230.54428582651002,50.004390215149215
2023-10-25 22:00:00,229.85455433631506,50.00520505754135
2023-10-25 23:00:00,229.65342911019658,50.00452298659368
2023-10-26 00:00:00,229.1926717627781,50.00358196646501
2023-10-26 01:00:00,231.47599745409647,50.001468993759325
2023-10-26 02:00:00,229.5480815733641,50.01185100541765
2023-10-26 03:00:00,228.7723443611956,50.005117777565495
2023-10-26 04:00:00,229.5063233295867,49.98270675708773
2023-10-26 05:00:00,230.2672187616737,49.99303534109008
2023-10-26 06:00:00,229.23228449620282,49.99404739724285
2023-10-26 07:00:00,230.4121884089754,50.02365120858518
2023-10-26 08:00:00,229.95722553258608,50.00118291845933
2023-10-26 09:00:00,230.3679454555889,50.01364408401258
2023-10-26 10:00:00,231.40350925052667,49.99781688303737
2023-10-26 11:00:00,228.215739301778,50.003404617807725
2023-10-26 12:00:00,229.58212026254697,50.000599685929856
2023-10-26 13:00:00,229.11215180922548,49.994808378892415
2023-10-26 14:00:00,229.27536560922732,49.990878245351695
2023-10-26 15:00:00,230.12084389193416,49.99998612832085
2023-10-26 16:00:00,229.98156529327932,49.99219255401461
2023-10-26 17:00:00,228.30300434279349,50.00144951749947
2023-10-26 18:00:00,228.7968325863661,49.99568500845735
2023-10-26 19:00:00,231.1090481747143,50.00827063936921
2023-10-26 20:00:00,228.63295118717775,49.99188882142733
2023-10-26 21:00:00,230.6881820870692,49.99897098034851
2023-10-26 22:00:00,228.06964454522694,49.997098509139406
2023-10-26 23:00:00,228.37188894775156,49.99637802973104
2023-10-27 00:00:00,230.51304524910114,50.00802728682268
2023-10-27 01:00:00,231.4933851537965,49.98259756487205
2023-10-27 02:00:00,230.9637731218861,49.98116301474803
2023-10-27 03:00:00,229.47712638754436,49.99678137677261
2023-10-27 04:00:00,229.24847448843838,50.01932816975129
2023-10-27 05:00:00,230.42581449477586,50.00354877614912
2023-10-27 06:00:00,228.3685343131626,50.01456866377418
2023-10-27 07:00:00,230.44275567078137,50.010720217583234
2023-10-27 08:00:00,229.44292303270828,49.985943442658446
2023-10-27 09:00:00,231.62474715181315,49.99983314364393
2023-10-27 10:00:00,230.296525372707,49.9912306131367
2023-10-27 11:00:00,229.8254071761583,49.98963023123078
2023-10-27 12:00:00,230.2269784520227,49.98307953731038
2023-10-27 13:00:00,229.6402811074185,49.99070419064703
2023-10-27 14:00:00,230.49530355329242,50.004796731711814
2023-10-27 15:00:00,229.116340061383,50.00642245253609
2023-10-27 16:00:00,231.07407123112108,50.003501747066345
2023-10-27 17:00:00,229.63751137625658,49.99120962886319
2023-10-27 18:00:00,230.83160450630896,49.99555880007829
2023-10-27 19:00:00,230.76472072378166,49.98978844227643
2023-10-27 20:00:00,230.15164636773608,50.013491850523174
2023-10-27 21:00:00,230.69149250053454,50.006363509074525
2023-10-27 22:00:00,229.55593636251209,49.98434643022343
2023-10-27 23:00:00,230.64385036411045,50.00280961176679
2023-10-28 00:00:00,228.39739814624204,49.98924379863721
2023-10-28 01:00:00,228.94474443269806,50.00380156245804
2023-10-28 02:00:00,229.81984149778444,50.007537164410216
2023-10-28 03:00:00,228.10761224895532,49.97077284135505
2023-10-28 04:00:00,230.0877318786655,50.02237060771228
2023-10-28 05:00:00,232.1206893750909,50.01107668385545
2023-10-28 06:00:00,229.2882681109797,49.99223980597603
2023-10-28 07:00:00,230.04465448576062,49.99956391325269
2023-10-28 08:00:00,229.0412764075694,50.00740716160837
2023-10-28 09:00:00,231.07986639297016,49.9798491287564
2023-10-28 10:00:00,229.7770890411848,50.00413063603735
2023-10-28 11:00:00,229.986439084892,50.00473615715748
2023-10-28 12:00:00,229.78866028322938,50.00890302765969
2023-10-28 13:00:00,229.7412145038337,49.9906511441734
2023-10-28 14:00:00,228.7700840523985,50.00297451802278
2023-10-28 15:00:00,230.18022697196776,50.009638895411875
2023-10-28 16:00:00,229.74033225658675,49.99050870450817
2023-10-28 17:00:00,228.5124468245543,50.00640633852549
2023-10-28 18:00:00,228.16122662687772,49.99041785886819
2023-10-28 19:00:00,229.83261595549646,49.994594103339466
2023-10-28 20:00:00,229.69745778267105,49.98262171045295
2023-10-28 21:00:00,228.68207753889624,49.975582371965565
2023-10-28 22:00:00,230.82758080311098,50.00835820447945
2023-10-28 23:00:00,229.47824728511517,50.0107513837894
2023-10-29 00:00:00,230.55736612171273,50.00413878360087
2023-10-29 01:00:00,229.16022990935093,49.989556410866236
2023-10-29 02:00:00,229.6239385086848,50.00783591459931
2023-10-29 03:00:00,229.3937445581468,50.00237289974272
2023-10-29 04:00:00,229.61703166596575,50.00511030101026
2023-10-29 05:00:00,230.22351734479892,50.00414695332853
2023-10-29 06:00:00,229.72621912409235,49.993441273303304
2023-10-29 07:00:00,230.6249427300869,50.000981357237265
2023-10-29 08:00:00,228.84017908673786,49.99633653042404
2023-10-29 09:00:00,229.27482683264432,50.00133615572325
2023-10-29 10:00:00,230.33879639678966,50.007577469036114
2023-10-29 11:00:00,230.89932564596393,49.993970159894886
2023-10-29 12:00:00,230.08673523714424,50.007379195925495
2023-10-29 13:00:00,230.74439859809073,50.000540530925065
2023-10-29 14:00:00,229.10864636555422,49.99857656080516
2023-10-29 15:00:00,229.51379908709364,49.99862100008489
2023-10-29 16:00:00,230.57240945577996,50.007447039650785
2023-10-29 17:00:00,229.6369255903089,49.99823641665021
2023-10-29 18:00:00,229.54215154314886,49.998884816199485
2023-10-29 19:00:00,229.6166240419353,50.01609203901569
2023-10-29 20:00:00,228.7906381513703,50.00832676391789
2023-10-29 21:00:00,228.94821060805063,50.01185982696261
2023-10-29 22:00:00,229.31010816885504,50.0164076545373
2023-10-29 23:00:00,231.42859842971413,50.00252405037387
2023-10-30 00:00:00,229.57565089430716,50.02362851126673
2023-10-30 01:00:00,229.64656539680277,50.0048739672163
2023-10-30 02:00:00,230.66497558543003,49.98680144751342
2023-10-30 03:00:00,229.99368107728068,49.99478232330596
2023-10-30 04:00:00,229.51923951704552,49.98395169810228
2023-10-30 05:00:00,229.91147124665144,50.01165788418326
2023-10-30 06:00:00,229.09159126887383,50.002195160782385
2023-10-30 07:00:00,228.80158681020953,49.995067635083316
2023-10-30 08:00:00,230.9649401966229,50.00180159806328
2023-10-30 09:00:00,230.313463215389,49.99816614281718
2023-10-30 10:00:00,228.0628963662234,49.99129157417016
2023-10-30 11:00:00,230.79902928368523,50.021937662783046
2023-10-30 12:00:00,229.78880013226168,50.001507263827506
2023-10-30 13:00:00,229.73841638227623,50.000876305911156
2023-10-30 14:00:00,230.92323257115228,49.999023292725674
2023-10-30 15:00:00,229.01648669615307,49.988319217206396
2023-10-30 16:00:00,230.054339545783,49.98262450963881
2023-10-30 17:00:00,231.43186916658078,50.01263302230183
2023-10-30 18:00:00,229.70583860652994,49.99537056354876
2023-10-30 19:00:00,229.57823005183593,49.97773767894322
2023-10-30 20:00:00,231.64417718037083,49.98528407787135
2023-10-30 21:00:00,229.4562749956398,50.00596000703127
2023-10-30 22:00:00,230.69041918527296,50.00693754756023
2023-10-30 23:00:00,228.71839474639503,49.995415905836715
2023-10-31 00:00:00,230.79338972873464,50.01129564343454
2023-10-31 01:00:00,229.446516083685,49.98600339862177
2023-10-31 02:00:00,230.91253721943008,50.01601458206775
2023-10-31 03:00:00,229.45029519080802,49.98337632757403
2023-10-31 04:00:00,230.52415412714814,50.00537279980182
2023-10-31 05:00:00,228.0747466734782,50.00245124700872
2023-10-31 06:00:00,229.88963946161124,50.00824242842296
2023-10-31 07:00:00,230.07950268195998,49.98236926002101
2023-10-31 08:00:00,229.01247375461034,49.99725701672433
2023-10-31 09:00:00,230.03521177816526,50.01048814214399
2023-10-31 10:00:00,232.67219347376277,49.98911647717892
2023-10-31 11:00:00,228.98208485769052,50.01433708093633
2023-10-31 12:00:00,230.45293009114243,49.98007602784449
2023-10-31 13:00:00,229.40881017448567,49.982927156457805
2023-10-31 14:00:00,231.20524169907375,49.99134052944127
2023-10-31 15:00:00,230.26458619808633,50.006385905162155
2023-10-31 16:00:00,229.50003303680674,50.014094387951275
2023-10-31 17:00:00,230.1263830677291,49.99325360570147
2023-10-31 18:00:00,231.6928507071889,50.002216768092374
2023-10-31 19:00:00,229.52201549405834,50.012523297758335
2023-10-31 20:00:00,230.89165846823084,50.006106625835685
2023-10-31 21:00:00,228.9272448101341,50.021324385618726
2023-10-31 22:00:00,230.4144644490442,49.99356132049101
2023-10-31 23:00:00,229.90574844507316,50.01281514569433
2023-11-01 00:00:00,231.19290761482304,49.99242938594285
2023-11-01 01:00:00,229.9457096821076,50.00350676577447
2023-11-01 02:00:00,231.2731131336677,50.00081215833953
2023-11-01 03:00:00,229.19611051816344,50.00354775778367
2023-11-01 04:00:00,228.80219691922636,49.98890952419841
2023-11-01 05:00:00,229.03413309339575,49.99457398111358
2023-11-01 06:00:00,230.46766154926587,49.99060054896761
2023-11-01 07:00:00,228.91977396008602,49.99364813995024
2023-11-01 08:00:00,227.774974184555,49.99905580703539
2023-11-01 09:00:00,229.6609831911834,49.99007176686504
2023-11-01 10:00:00,230.16131649850632,49.9926419100952
2023-11-01 11:00:00,229.54975155146465,50.005841310070196
2023-11-01 12:00:00,228.86932427757685,50.00322438015421
2023-11-01 13:00:00,231.16640343852015,50.017041167198464
2023-11-01 14:00:00,230.81032140690235,50.00143829866245
2023-11-01 15:00:00,230.3397241007372,50.01756042486462
2023-11-01 16:00:00,231.30082263295353,49.984877393290944
2023-11-01 17:00:00,229.09856124111624,49.98128832253052
2023-11-01 18:00:00,229.7890762725443,49.996341627024066
2023-11-01 19:00:00,231.17026706890385,49.99546925902759
2023-11-01 20:00:00,230.16139283642076,49.99232222945958
2023-11-01 21:00:00,231.70140691071475,49.99574541482276
2023-11-01 22:00:00,228.24984859045472,50.0073954862762
2023-11-01 23:00:00,228.1821154671946,49.99564684637368
2023-11-02 00:00:00,229.50382791988324,50.006920264106526
2023-11-02 01:00:00,230.58339780566442,50.01240825110267
2023-11-02 02:00:00,230.71098372770325,50.007553554716
2023-11-02 03:00:00,229.76132259760885,49.99786598201728
2023-11-02 04:00:00,231.03138037478325,49.995722689026714
2023-11-02 05:00:00,230.41571225167488,50.01304701413509
2023-11-02 06:00:00,230.06575048198752,50.01667186306977
2023-11-02 07:00:00,231.33045837555844,50.00311386315052
2023-11-02 08:00:00,230.06529144699422,50.00806886438047
2023-11-02 09:00:00,229.27302203017598,50.00620187480952
2023-11-02 10:00:00,229.78214232313425,49.993493153621834
2023-11-02 11:00:00,228.97951352491037,50.00118383845261
2023-11-02 12:00:00,229.80244385423336,50.003602867241995
2023-11-02 13:00:00,229.18174769529102,50.013713397767866
2023-11-02 14:00:00,228.6671817539462,49.99848412917402
2023-11-02 15:00:00,229.52157662844417,49.98820875402273
2023-11-02 16:00:00,228.49528702003076,49.9985338079582
2023-11-02 17:00:00,230.7488707160063,49.99815783116187
2023-11-02 18:00:00,230.63663930850973,49.99249100228517
2023-11-02 19:00:00,231.01646666702229,50.010138742572984
2023-11-02 20:00:00,229.46842570313328,50.010921455059915
2023-11-02 21:00:00,230.453128620425,49.97501727588988
2023-11-02 22:00:00,228.85869257389797,50.01274725353652
2023-11-02 23:00:00,229.42922035862566,50.00300921210863
2023-11-03 00:00:00,231.02514494317836,50.001055777593976
2023-11-03 01:00:00,231.1745527579945,50.00502123038757
2023-11-03 02:00:00,230.12345659549658,49.9825662938338
2023-11-03 03:00:00,230.6785135497261,49.995241617991894
2023-11-03 04:00:00,229.76748414482003,50.006831428943975
2023-11-03 05:00:00,231.00581796611993,50.00539736798496
2023-11-03 06:00:00,229.08953133116682,49.996600192613606
2023-11-03 07:00:00,230.12025944170074,50.0005487222481
2023-11-03 08:00:00,231.18401402288083,50.00137163727766
2023-11-03 09:00:00,229.49406172618785,50.0039923507942
2023-11-03 10:00:00,229.98620340505246,50.021768855870924
2023-11-03 11:00:00,230.4325974785495,49.984995395655346
2023-11-03 12:00:00,230.93948819958308,49.99156911810952
2023-11-03 13:00:00,229.25878741695584,50.00006180940079
2023-11-03 14:00:00,230.37577785532153,50.00467621078124
2023-11-03 15:00:00,230.97926961603332,50.0004424975344
2023-11-03 16:00:00,230.9759816161918,49.990339220209684
2023-11-03 17:00:00,229.9568260799386,50.00482680218768
2023-11-03 18:00:00,229.65169498780838,50.003292986616096
2023-11-03 19:00:00,229.9875184680024,50.0024276173557
2023-11-03 20:00:00,229.2927577331424,49.99430799113993
2023-11-03 21:00:00,230.53603943570533,50.00477023478553
2023-11-03 22:00:00,230.13449497012434,50.01188591987409
2023-11-03 23:00:00,227.558084914076,50.0084083920721
2023-11-04 00:00:00,230.36357009388723,49.98864497969271
2023-11-04 01:00:00,229.51124076517638,49.990391096038834
2023-11-04 02:00:00,230.16402199171554,50.00745004470167
2023-11-04 03:00:00,231.51750624037373,49.99396343719779
2023-11-04 04:00:00,229.08938066752657,49.987588133964934
2023-11-04 05:00:00,229.6049139169318,49.99416151958287
2023-11-04 06:00:00,229.7678958577555,49.993147344765724
2023-11-04 07:00:00,228.69738360885012,49.99728806292033
2023-11-04 08:00:00,230.10028394091225,49.99810710757542
2023-11-04 09:00:00,230.43365311599243,49.9822270706328
2023-11-04 10:00:00,229.61524247136654,50.00232177175966
2023-11-04 11:00:00,230.55126796947138,50.004763499213006
2023-11-04 12:00:00,231.48878402261684,50.00143813494785
2023-11-04 13:00:00,229.30983892800896,50.00561951242944
2023-11-04 14:00:00,229.84728518765718,50.00529385117212
2023-11-04 15:00:00,229.7062945052065,49.98758058612105
2023-11-04 16:00:00,231.77409268359168,49.99977707134719
2023-11-04 17:00:00,230.57268256220007,50.00315842096952
2023-11-04 18:00:00,231.070716960059,50.003060731227684
2023-11-04 19:00:00,229.8125558129458,50.01412370121137
2023-11-04 20:00:00,231.7982765081127,50.004083579025504
2023-11-04 21:00:00,231.00343456676367,50.00068773137795
2023-11-04 22:00:00,229.1050697096485,50.00862429110367
2023-11-04 23:00:00,228.807484702029,50.00909896494883
2023-11-05 00:00:00,230.05709581179963,50.00064325220647
2023-11-05 01:00:00,230.5238715418847,50.01315864835413
2023-11-05 02:00:00,229.63434049325178,50.001829358663926
2023-11-05 03:00:00,229.26660010590356,49.9949020716943
2023-11-05 04:00:00,230.9682856622325,50.00931245331835
2023-11-05 05:00:00,230.3628391770312,49.99292197068801
2023-11-05 06:00:00,229.92228606225189,50.014534969561204
2023-11-05 07:00:00,229.267855874089,49.99526141399835
2023-11-05 08:00:00,229.9337680489868,49.990071768401094
2023-11-05 09:00:00,229.24486917673548,49.992354587115095
2023-11-05 10:00:00,230.9187399321808,50.00779178597476
2023-11-05 11:00:00,230.7456241088128,49.993526455938465
2023-11-05 12:00:00,229.05423107132466,49.99231921955502
2023-11-05 13:00:00,229.0833837541003,49.99638364852756
2023-11-05 14:00:00,231.3071243122371,49.97348004217346
2023-11-05 15:00:00,230.80360347360607,50.01254860150869
2023-11-05 16:00:00,230.69375275387546,49.98551014196335
2023-11-05 17:00:00,231.14229967017684,50.011410617496765
2023-11-05 18:00:00,229.03153915195603,50.01172976006123
2023-11-05 19:00:00,229.7850663055623,50.00592120601136
2023-11-05 20:00:00,231.89648683041293,50.00028148775402
2023-11-05 21:00:00,231.51888451172655,49.99917837595458
2023-11-05 22:00:00,230.5861872154775,50.016279843465
2023-11-05 23:00:00,230.20904258518567,50.02282777150446
2023-11-06 00:00:00,230.5526625282241,49.98054876129953
2023-11-06 01:00:00,229.9265134706956,50.00727921507206
2023-11-06 02:00:00,229.3040700028008,49.99711332847883
2023-11-06 03:00:00,229.1915199214481,50.02193829002892
2023-11-06 04:00:00,232.18411318831784,50.002683437228185
2023-11-06 05:00:00,229.41474244791704,49.99288376748984
2023-11-06 06:00:00,231.04595674304363,49.991393482619756
2023-11-06 07:00:00,227.84497198194748,49.999420812989584
2023-11-06 08:00:00,229.47862568276395,49.978601180598716
2023-11-06 09:00:00,229.88705613018826,49.98847987046614
2023-11-06 10:00:00,229.4519734339367,49.98553756192197
2023-11-06 11:00:00,229.2303945692477,49.9736270232224
2023-11-06 12:00:00,230.93918009821112,50.006421808703124
2023-11-06 13:00:00,230.3469852478644,50.00731372203669
2023-11-06 14:00:00,229.4541864189006,50.009104054848635
2023-11-06 15:00:00,229.36581180797228,49.989334276264096
2023-11-06 16:00:00,228.64410080110926,50.00473116451553
2023-11-06 17:00:00,228.89152403865975,49.99976159992871
2023-11-06 18:00:00,228.93399623477794,49.989590993090744
2023-11-06 19:00:00,229.55186471385673,49.995978888704734
2023-11-06 20:00:00,233.06689050995718,49.9866249162855
2023-11-06 21:00:00,229.45202256395842,49.98239636332724
2023-11-06 22:00:00,229.55191805449323,49.99149727614663
2023-11-06 23:00:00,229.44383369808773,49.99378191430396
2023-11-07 00:00:00,230.45300888024184,50.00836381056569
2023-11-07 01:00:00,228.72400081393886,49.992979512358474
2023-11-07 02:00:00,228.99273273056943,50.01013383336561
2023-11-07 03:00:00,231.09625261657524,50.011424754143036
2023-11-07 04:00:00,230.26480258541147,50.00170733227555
2023-11-07 05:00:00,230.171753569073,49.995480451642784
2023-11-07 06:00:00,230.88957154131066,49.989913487845335
2023-11-07 07:00:00,230.03974275030416,49.99122056495594
2023-11-07 08:00:00,228.8076506124456,50.006801102366595
2023-11-07 09:00:00,230.49476562370742,50.00832268915112
2023-11-07 10:00:00,230.56368761211016,49.996619089551366
2023-11-07 11:00:00,228.4807079530714,50.001620805393586
2023-11-07 12:00:00,230.3056506540346,49.98490642391098
2023-11-07 13:00:00,230.65107290399712,49.99446646974815
2023-11-07 14:00:00,230.69580138350224,50.00382374176683
2023-11-07 15:00:00,230.83686682963747,49.99345866737606
2023-11-07 16:00:00,230.41227238979545,49.98770957679184
2023-11-07 17:00:00,230.99674125080685,49.990980765158774
2023-11-07 18:00:00,229.00224264390573,49.985445194713115
2023-11-07 19:00:00,231.54735139296506,49.98945467764203
2023-11-07 20:00:00,228.11191540879994,50.008039299168416
2023-11-07 21:00:00,230.8588380647451,50.01419340246838
2023-11-07 22:00:00,229.04549767701323,50.016918026570494
2023-11-07 23:00:00,231.2463838074825,49.99797415755531
2023-11-08 00:00:00,230.72138701471178,49.99875803326365
2023-11-08 01:00:00,229.44927570297307,50.007594422619896
2023-11-08 02:00:00,229.72836419027053,49.98738011268557
2023-11-08 03:00:00,229.55488953684332,49.991950460864125
2023-11-08 04:00:00,230.73159261047076,49.993117777551355
2023-11-08 05:00:00,228.5918808758626,50.0136615884867
2023-11-08 06:00:00,229.76521067210157,49.995044908718995
2023-11-08 07:00:00,230.48352718439256,50.012068594212316
2023-11-08 08:00:00,228.09646247432087,49.99300623624187
2023-11-08 09:00:00,228.70610694651384,49.989417129991374
2023-11-08 10:00:00,231.20654967462553,50.01699690674685
2023-11-08 11:00:00,228.10740679336405,50.00190283526142
2023-11-08 12:00:00,229.03122533776363,49.993028434520404
2023-11-08 13:00:00,231.64466177150328,49.98288204684692
2023-11-08 14:00:00,230.37001635025936,49.99417062239911
2023-11-08 15:00:00,231.2891296924152,50.01833209905054
2023-11-08 16:00:00,229.21143882944057,49.996334710289936
2023-11-08 17:00:00,228.59831452467708,49.9746895483166
2023-11-08 18:00:00,230.09798271650902,49.99587198932087
2023-11-08 19:00:00,230.44295734489404,50.007987488888624
2023-11-08 20:00:00,228.34889481201677,49.997222524269766
2023-11-08 21:00:00,230.00478737825946,50.00561477216409
2023-11-08 22:00:00,229.1659646740178,50.004074219427544
2023-11-08 23:00:00,230.06591008736274,49.9974195943311
2023-11-09 00:00:00,231.01171938460277,49.992446272759736
2023-11-09 01:00:00,229.72417350405829,49.99461535209392
2023-11-09 02:00:00,231.17803250577734,49.995227674584626
2023-11-09 03:00:00,229.76537401138899,49.9841008591216
2023-11-09 04:00:00,230.90466871426685,50.004749953460355
2023-11-09 05:00:00,230.86449756743917,49.99310435213505
2023-11-09 06:00:00,230.63966200145592,50.01115295243277
2023-11-09 07:00:00,230.2215693954097,50.0128843031537
2023-11-09 08:00:00,231.75715517466995,49.9958329539065
2023-11-09 09:00:00,230.21615313753236,49.9996356691486
2023-11-09 10:00:00,230.73352871955638,49.99461188732885
2023-11-09 11:00:00,228.5337163207402,49.98461567787241
2023-11-09 12:00:00,230.73457465996958,49.99417129240173
2023-11-09 13:00:00,231.016839959526,49.99996906024265
2023-11-09 14:00:00,229.60523950160368,50.0055134206981
2023-11-09 15:00:00,231.25822074899622,50.01807919113293
2023-11-09 16:00:00,229.01471140500175,49.99376007192291
2023-11-09 17:00:00,229.0459682372595,49.99133308860101
2023-11-09 18:00:00,230.39852983860894,50.00888767992374
2023-11-09 19:00:00,230.342145462268,49.972489103450705
2023-11-09 20:00:00,229.46024783256237,49.98998897871731
2023-11-09 21:00:00,228.77077086006994,50.01120703992331
2023-11-09 22:00:00,231.17645764716863,49.990494455455796
2023-11-09 23:00:00,228.4244111540849,49.99458319629068
2023-11-10 00:00:00,230.4426791625622,49.999907320788544
2023-11-10 01:00:00,229.15717844728272,50.006760125331205
2023-11-10 02:00:00,230.2697970322404,49.999539243008826
2023-11-10 03:00:00,229.87356464747023,49.99941187018372
2023-11-10 04:00:00,231.64719131507528,49.996518501889504
2023-11-10 05:00:00,231.3936051940809,49.997186502433806
2023-11-10 06:00:00,229.82830973961143,49.991568627664954
2023-11-10 07:00:00,231.16659630352666,49.98960047959061
2023-11-10 08:00:00,228.1426821685613,50.012545826083816
2023-11-10 09:00:00,229.86463805076113,49.99328096711548
2023-11-10 10:00:00,229.7282440752511,49.997842141505096
2023-11-10 11:00:00,227.95423298724873,50.00959821283702
2023-11-10 12:00:00,229.5512027529839,49.97927927178371
2023-11-10 13:00:00,231.16140513119183,49.98497034712151
2023-11-10 14:00:00,230.18256894584442,49.99963668774658
2023-11-10 15:00:00,230.5310858250482,49.99996701107333
2023-11-10 16:00:00,228.9048359792298,49.984276707485485
2023-11-10 17:00:00,229.1002148626248,49.981524451270175
2023-11-10 18:00:00,229.87630607775864,49.98498937665494
2023-11-10 19:00:00,230.34993157523866,50.0028948954817
2023-11-10 20:00:00,230.60849768474316,50.00773351652609
2023-11-10 21:00:00,230.03516014692366,50.001813525001616
2023-11-10 22:00:00,229.43888206064062,49.981823578339245
2023-11-10 23:00:00,229.48213217098566,49.987161605757386
2023-11-11 00:00:00,229.315174960443,49.99786040992808
2023-11-11 01:00:00,229.2629724896834,49.99985239579558
2023-11-11 02:00:00,229.13930518389444,49.99410513073615
2023-11-11 03:00:00,230.53866997512034,49.996251829180544
2023-11-11 04:00:00,230.05208214915905,50.00291686767815
2023-11-11 05:00:00,230.53058604891967,50.02012231211147
2023-11-11 06:00:00,229.70747113931589,50.0102215106337
2023-11-11 07:00:00,229.91488117536346,49.99631639265355
2023-11-11 08:00:00,228.16012049515132,49.99826771019269
2023-11-11 09:00:00,230.7547025638382,49.99884063397003
2023-11-11 10:00:00,230.38736407278105,49.994244128500476
2023-11-11 11:00:00,230.1273996856087,50.012703675577974
2023-11-11 12:00:00,230.91620078412294,50.01243856837219
2023-11-11 13:00:00,231.70154058506253,50.00216952105567
2023-11-11 14:00:00,229.21618129759364,50.015093980732715
2023-11-11 15:00:00,231.41582065589523,49.99444698868901
2023-11-11 16:00:00,231.26340326496802,50.00509612653197
2023-11-11 17:00:00,229.58624067812408,50.01250110648628
2023-11-11 18:00:00,228.90845592588988,50.00602603903579
2023-11-11 19:00:00,230.28122073148484,50.016575060900536
2023-11-11 20:00:00,231.13130790774818,50.0052566034571
2023-11-11 21:00:00,228.74071650625976,49.9982220645544
2023-11-11 22:00:00,228.75285140434733,49.98881746698249
2023-11-11 23:00:00,230.5856150009174,49.995548805857325
2023-11-12 00:00:00,230.13818861582143,50.00858754728805
2023-11-12 01:00:00,230.85461604096093,50.01014034617721
2023-11-12 02:00:00,230.2915128143256,49.97984854752579
2023-11-12 03:00:00,230.369173008855,49.99445661857849
2023-11-12 04:00:00,230.16160098958045,50.0046390214272
2023-11-12 05:00:00,230.03988524200986,50.001903440734054
2023-11-12 06:00:00,230.65652709953702,49.99231581712108
2023-11-12 07:00:00,228.64785683044323,50.015126128666694
2023-11-12 08:00:00,229.95430273746376,50.00895284612137
2023-11-12 09:00:00,229.55963143849988,50.02192964795339
2023-11-12 10:00:00,229.5023879176287,49.9964893497671
2023-11-12 11:00:00,230.62665123531144,49.98433905685298
2023-11-12 12:00:00,230.81587573792976,50.00142225095539
2023-11-12 13:00:00,230.78561475239258,50.02013182019282
2023-11-12 14:00:00,230.81219164376026,50.00189171787163
2023-11-12 15:00:00,230.27796223727992,50.00602310480379
2023-11-12 16:00:00,228.57149265229629,50.004834188606004
2023-11-12 17:00:00,229.75138154319183,49.986896363270255
2023-11-12 18:00:00,230.44159861721218,49.99045631881365
2023-11-12 19:00:00,230.1491658342604,49.99437679295832
2023-11-12 20:00:00,230.89156545051046,49.99726987683677
2023-11-12 21:00:00,230.30635439144388,50.009874844053726
2023-11-12 22:00:00,230.09836271192847,49.99232726099981
2023-11-12 23:00:00,229.20456642430833,49.975497682727855
2023-11-13 00:00:00,229.66493217420617,49.9913281084361
2023-11-13 01:00:00,231.02352509757063,49.995418897430135
2023-11-13 02:00:00,229.69533702369787,50.01342604788665
2023-11-13 03:00:00,230.8015646087017,49.99183190427041
2023-11-13 04:00:00,228.24466418732126,49.96685825567118
2023-11-13 05:00:00,229.17200253936372,49.990474132905824
2023-11-13 06:00:00,228.38675458050585,50.000145455123324
2023-11-13 07:00:00,227.72255398973854,49.97657152758361
2023-11-13 08:00:00,228.17083224364958,50.00583105990349
2023-11-13 09:00:00,229.8355298134969,50.00454598214754
2023-11-13 10:00:00,231.45370423190352,50.00015727909293
2023-11-13 11:00:00,228.3971132284544,50.0049978750778
2023-11-13 12:00:00,230.0217796548054,49.99533400071416
2023-11-13 13:00:00,229.77418840804884,49.99337291177575
2023-11-13 14:00:00,230.04973379444502,49.99372118462148
2023-11-13 15:00:00,229.77672805135686,49.9967718763203
2023-11-13 16:00:00,229.32389929062902,50.02013179297935
2023-11-13 17:00:00,227.75770866992397,49.99242282664969
2023-11-13 18:00:00,230.56807816179892,50.00762029691834
2023-11-13 19:00:00,231.0235907066454,49.99027144367137
2023-11-13 20:00:00,229.96949380812578,49.99977478194411
2023-11-13 21:00:00,230.0517120867297,49.99927080164129
2023-11-13 22:00:00,228.64208610233908,49.96602689852453
2023-11-13 23:00:00,229.49870775293007,50.001176439443725
2023-11-14 00:00:00,230.52998716280734,49.99290332879521
2023-11-14 01:00:00,228.98673522661053,49.98256838132389
2023-11-14 02:00:00,229.88900009672378,50.00224618272277
2023-11-14 03:00:00,232.14720573956313,50.01066502356413
2023-11-14 04:00:00,230.21429721309514,50.000148517868844
2023-11-14 05:00:00,228.8730074854186,50.01031688074455
2023-11-14 06:00:00,232.78657037954162,50.02138474591609
2023-11-14 07:00:00,230.37245424423247,49.99948375219867
2023-11-14 08:00:00,229.17821212347016,50.00225706209834
2023-11-14 09:00:00,229.8993240546653,50.003211601173696
2023-11-14 10:00:00,228.29908423797687,50.00835888475898
2023-11-14 11:00:00,229.17945639797705,49.99281436100282
2023-11-14 12:00:00,230.87282526119625,50.01051891266403
2023-11-14 13:00:00,228.7637414802932,50.01066460953697
2023-11-14 14:00:00,228.58589148398767,50.003386126450884
2023-11-14 15:00:00,230.94107360282456,50.01490401533906
2023-11-14 16:00:00,232.19643797350054,50.01063948403453
2023-11-14 17:00:00,230.55073018881416,49.98918296032945
2023-11-14 18:00:00,231.76869264948888,50.00032061363362
2023-11-14 19:00:00,228.85224303511197,50.00832693104366
2023-11-14 20:00:00,230.4636538290075,50.010656923947444
2023-11-14 21:00:00,231.12949121486656,49.97440414716653
2023-11-14 22:00:00,229.49118109378105,49.99892615689712
2023-11-14 23:00:00,229.04873351940012,50.01240006320199
2023-11-15 00:00:00,229.89497787002733,50.01034148444431
2023-11-15 01:00:00,230.35203249078037,49.984766510534094
2023-11-15 02:00:00,229.77289992240722,49.99075844924482
2023-11-15 03:00:00,230.20846446204308,50.004120624473366
2023-11-15 04:00:00,228.7475728204646,49.998874015832676
2023-11-15 05:00:00,230.29879720551838,49.997704130363715
2023-11-15 06:00:00,230.75808901540628,50.0004001169209
2023-11-15 07:00:00,230.2761479781377,49.997600773743635
2023-11-15 08:00:00,229.22037616119567,49.99666286556754
2023-11-15 09:00:00,228.38704152477715,50.005912211179776
2023-11-15 10:00:00,230.09542265438694,50.00795062355194
2023-11-15 11:00:00,229.42830079247955,50.000803540378506
2023-11-15 12:00:00,231.61996111562678,50.01303059189972
2023-11-15 13:00:00,231.4188156852102,49.99418776233164
2023-11-15 14:00:00,228.13285963923536,50.00078977473596
2023-11-15 15:00:00,229.7355897361962,49.997976510502
2023-11-15 16:00:00,229.24158373829326,49.9853287263988
2023-11-15 17:00:00,228.81269264441536,50.00560083860884
2023-11-15 18:00:00,229.83083934259938,50.011480117416156
2023-11-15 19:00:00,229.20978659448653,50.00841894365715
2023-11-15 20:00:00,229.08659098365,50.00259452780143
2023-11-15 21:00:00,228.9824970491443,49.98472524166012
2023-11-15 22:00:00,231.32688528143095,50.00687674686935
2023-11-15 23:00:00,229.80175515067668,50.018348103353894
2023-11-16 00:00:00,229.93753605254446,49.998896455060994
2023-11-16 01:00:00,231.2611388048664,50.00118923388023
2023-11-16 02:00:00,229.68367320080236,50.01269981162903
2023-11-16 03:00:00,230.3199972816806,50.000934807019746
2023-11-16 04:00:00,229.27642081253802,49.99822430783893
2023-11-16 05:00:00,229.50347904070202,50.00000387669089
2023-11-16 06:00:00,230.12198772586194,50.00793874028232
2023-11-16 07:00:00,230.20011141528363,50.00923944758223
2023-11-16 08:00:00,230.7455222231466,49.978688922765535
2023-11-16 09:00:00,231.07110385943102,50.00676121624894
2023-11-16 10:00:00,229.94660728225804,50.00156864636657
2023-11-16 11:00:00,231.08023621790886,49.992100280009595
2023-11-16 12:00:00,229.17722900118864,50.014309798069604
2023-11-16 13:00:00,230.70635755815752,50.006542974033934
2023-11-16 14:00:00,229.26487028969487,49.986921211684106
2023-11-16 15:00:00,229.29955347463388,50.007394640351144
2023-11-16 16:00:00,231.03120774640655,50.01170018254896
2023-11-16 17:00:00,227.76722210264964,49.99226865971066
2023-11-16 18:00:00,230.66252430052745,50.00215998970441
2023-11-16 19:00:00,230.1983739557097,49.99917305453562
2023-11-16 20:00:00,230.16825212974948,50.000165217913995
2023-11-16 21:00:00,231.61826226078622,49.9968109540764
2023-11-16 22:00:00,228.92684261392654,49.99557931057281
2023-11-16 23:00:00,228.82308277796264,50.00620149618734
2023-11-17 00:00:00,231.1097550538001,50.00113659985652
2023-11-17 01:00:00,229.78912358951035,50.0077360025677
2023-11-17 02:00:00,231.21308024383902,50.01074411756124
2023-11-17 03:00:00,230.65873000678656,50.01609358477727
2023-11-17 04:00:00,230.33045185778153,49.99239884859484
2023-11-17 05:00:00,229.79173603165114,50.013081053422184
2023-11-17 06:00:00,229.7474143666143,50.00461052695259
2023-11-17 07:00:00,231.98638330394274,50.00186353865298
2023-11-17 08:00:00,229.38810934180506,50.00327785966946
2023-11-17 09:00:00,231.04040622660077,49.99867741859201
2023-11-17 10:00:00,229.07724490555287,49.98402135464041
2023-11-17 11:00:00,229.10782751160917,50.00828988960838
2023-11-17 12:00:00,230.1826261582415,50.00582521361498
2023-11-17 13:00:00,229.84734940027977,50.0031096936899
2023-11-17 14:00:00,230.96085263948072,49.98531515924336
2023-11-17 15:00:00,229.7225038546613,50.001756846326835
2023-11-17 16:00:00,229.48124753107646,50.00450387681181
2023-11-17 17:00:00,228.72826763307293,50.01860082510176
2023-11-17 18:00:00,232.336959102282,50.00384150228009
2023-11-17 19:00:00,228.51862746896006,49.9825541210673
2023-11-17 20:00:00,233.11618529282947,50.00517580387573
2023-11-17 21:00:00,230.6704284202591,50.01175949034125
2023-11-17 22:00:00,230.45011808875174,49.996708217293516
2023-11-17 23:00:00,228.49309876925415,49.984581417584856
2023-11-18 00:00:00,230.54634596436532,50.018746942754696
2023-11-18 01:00:00,228.44805430845562,50.00121482961941
2023-11-18 02:00:00,229.83515820151098,49.99463307382488
2023-11-18 03:00:00,231.09868256566267,50.00798234588922
2023-11-18 04:00:00,228.55745907584102,49.990675457357355
2023-11-18 05:00:00,230.65429345435936,49.99062188354944
2023-11-18 06:00:00,229.63778724572697,49.996194311312514
2023-11-18 07:00:00,230.5640116224998,50.002393547884004
2023-11-18 08:00:00,228.65733014626778,49.993918682410786
2023-11-18 09:00:00,231.32638563477877,50.00559654848895
2023-11-18 10:00:00,230.69400582370733,50.0069109512912
2023-11-18 11:00:00,229.15878259345214,49.99973637641181
2023-11-18 12:00:00,229.22283571412189,49.99801801779305
2023-11-18 13:00:00,231.27015283784,50.00846798860365
2023-11-18 14:00:00,229.57294760156032,50.00595570977095
2023-11-18 15:00:00,229.1577847980651,49.98928873355992
2023-11-18 16:00:00,230.5216155897649,50.01222161927235
2023-11-18 17:00:00,230.6439106122078,50.00770965225609
2023-11-18 18:00:00,229.44439899209962,49.99462992415016
2023-11-18 19:00:00,231.43212719720876,49.983577639765194
2023-11-18 20:00:00,229.9982570525844,50.002897192808526
2023-11-18 21:00:00,230.9127006933941,50.00227935128182
2023-11-18 22:00:00,230.90932648502368,50.002643452831386
2023-11-18 23:00:00,228.67633954757602,50.013804418547274
2023-11-19 00:00:00,231.15805490645158,49.999709413290034
2023-11-19 01:00:00,231.0227985903741,50.00386511328579
2023-11-19 02:00:00,230.3350170737983,50.005626339739884
2023-11-19 03:00:00,227.5884585108296,49.995550733911216
2023-11-19 04:00:00,230.23438496895503,50.0077757186122
2023-11-19 05:00:00,229.09086902706477,50.01360720251324
2023-11-19 06:00:00,228.63499526548958,49.99585736001262
2023-11-19 07:00:00,229.84316855746462,49.98174045221748
2023-11-19 08:00:00,227.8201558207779,49.992072121832955
2023-11-19 09:00:00,229.89611434344494,50.000655680805444
2023-11-19 10:00:00,231.09235956235884,49.98425172562033
2023-11-19 11:00:00,230.54916149347642,49.99478289569134
2023-11-19 12:00:00,231.17220630123256,50.000318349241496
2023-11-19 13:00:00,229.68203132099563,50.006416931175586
2023-11-19 14:00:00,230.4531458287312,50.00983746368755
2023-11-19 15:00:00,228.911505945659,50.003517379324784
2023-11-19 16:00:00,228.0541732135627,49.998290466360004
2023-11-19 17:00:00,228.88883587334527,49.99596605914445
2023-11-19 18:00:00,229.2604287090247,49.99945160370743
2023-11-19 19:00:00,229.22007441852736,50.00801770071181
2023-11-19 20:00:00,231.22803114698152,50.00530952649418
2023-11-19 21:00:00,229.8485466578546,50.00028959043512
2023-11-19 22:00:00,232.14254422364402,50.013197356564426
2023-11-19 23:00:00,231.52494896170535,49.99672027970124
2023-11-20 00:00:00,228.99125269877328,50.010896187697725
2023-11-20 01:00:00,231.0261501584898,49.99560118199499
2023-11-20 02:00:00,231.0467257166872,49.98890608016559
2023-11-20 03:00:00,229.64034167139508,50.000751404716574
2023-11-20 04:00:00,230.0198285492026,49.98194092027284
2023-11-20 05:00:00,229.34081741301532,49.997061499276406
2023-11-20 06:00:00,232.3835493169529,50.00806034733256
2023-11-20 07:00:00,231.61637809297636,50.007909757577224
2023-11-20 08:00:00,229.70899442137434,50.01338794603729
2023-11-20 09:00:00,231.56237139639614,49.992959581981566
2023-11-20 10:00:00,229.5548495277458,49.98931618042699
2023-11-20 11:00:00,230.95092683507454,50.00655280204439
2023-11-20 12:00:00,230.25595584320303,49.99255279373989
2023-11-20 13:00:00,229.91146858637057,50.00216603168521
2023-11-20 14:00:00,228.9808487351576,49.989746540609545
2023-11-20 15:00:00,229.41886203250974,49.9954566916132
2023-11-20 16:00:00,230.6091367197961,49.99506431421995
2023-11-20 17:00:00,230.06975595013787,49.99986332520992
2023-11-20 18:00:00,229.66736285291807,49.998857571057236
2023-11-20 19:00:00,231.4551917534963,50.00221809925633
2023-11-20 20:00:00,230.12935993688842,50.002236021059275
2023-11-20 21:00:00,230.00151583735772,50.00472936746427
2023-11-20 22:00:00,229.4619341543588,49.99660619200422
2023-11-20 23:00:00,230.29519839564597,50.00487476965767
2023-11-21 00:00:00,230.59298977550498,50.010310993019075
2023-11-21 01:00:00,230.14728661830978,49.98836682832178
2023-11-21 02:00:00,230.5884793059278,49.99004210856394
2023-11-21 03:00:00,229.33984867113352,50.00705809256751
2023-11-21 04:00:00,228.91656204735375,50.0078963558169
2023-11-21 05:00:00,229.74150053538017,49.99673705399715
2023-11-21 06:00:00,230.42594300693668,50.006031745452376
2023-11-21 07:00:00,231.03276908405724,49.99617089902794
2023-11-21 08:00:00,232.2356352238169,49.99979174959603
2023-11-21 09:00:00,230.64480063371883,49.99978319825538
2023-11-21 10:00:00,227.97032318838288,50.00119448964772
2023-11-21 11:00:00,231.17190543753216,50.01388802797232
2023-11-21 12:00:00,230.41635478266286,50.02479530165648
2023-11-21 13:00:00,229.3076863293592,49.986326410621224
2023-11-21 14:00:00,230.82386862905057,49.99432978730185
2023-11-21 15:00:00,230.42186017286915,49.993058595163774
2023-11-21 16:00:00,229.51692710837352,50.01378785413129
2023-11-21 17:00:00,230.12151501533177,50.01189730363205
2023-11-21 18:00:00,229.1045464290826,50.00890934398604
2023-11-21 19:00:00,229.80098837041413,49.996062182239385
2023-11-21 20:00:00,228.69435146262353,50.00212643039077
2023-11-21 21:00:00,230.42563724414038,49.98411718803759
2023-11-21 22:00:00,230.37043396067907,50.007304954484106
2023-11-21 23:00:00,231.1341277345464,50.00391115526452
2023-11-22 00:00:00,231.00324183695312,49.99536831432073
2023-11-22 01:00:00,229.34047038303873,50.00780373634504
2023-11-22 02:00:00,230.38662330121232,49.99799831755262
2023-11-22 03:00:00,230.42109204280538,49.98150515654366
2023-11-22 04:00:00,229.20032622207415,50.01277915041305
2023-11-22 05:00:00,230.90713050749704,50.017334801073545
2023-11-22 06:00:00,229.6836817882538,49.98633956539627
2023-11-22 07:00:00,229.3537175810899,50.00267048183549
2023-11-22 08:00:00,229.83184694019712,50.014909665241305
2023-11-22 09:00:00,228.31435845879898,49.98677550391437
2023-11-22 10:00:00,228.2296556796983,49.97878722902669
2023-11-22 11:00:00,230.58276699915993,49.997634920942915
2023-11-22 12:00:00,229.3373295001709,50.00089028399822
2023-11-22 13:00:00,228.77708672628088,50.01287513932405
2023-11-22 14:00:00,228.37392764046865,50.02283024600795
2023-11-22 15:00:00,228.72912165069818,50.006744573280784
2023-11-22 16:00:00,229.2310634399157,49.98252714545458
2023-11-22 17:00:00,228.0070519449414,50.004527303337234
2023-11-22 18:00:00,230.6573585529855,49.99859036343286
2023-11-22 19:00:00,230.41496619325125,50.00957173313703
2023-11-22 20:00:00,229.203476127911,49.981095513955616
2023-11-22 21:00:00,231.30601937551137,50.009262284199984
2023-11-22 22:00:00,229.2872751102124,50.015826714215315
2023-11-22 23:00:00,229.96194702495217,50.00220992813631
2023-11-23 00:00:00,231.33142250287344,50.0116802729404
2023-11-23 01:00:00,229.65336453529176,50.007844151563106
2023-11-23 02:00:00,230.79989355623226,49.978391159310156
2023-11-23 03:00:00,230.69649897597355,50.00163115733199
2023-11-23 04:00:00,229.51284870393127,50.003371984836136
2023-11-23 05:00:00,229.72154919725136,49.9893700958661
2023-11-23 06:00:00,228.63383433649562,50.003148336749206
2023-11-23 07:00:00,227.20312230680827,49.98355469355231
2023-11-23 08:00:00,229.2257338174371,50.00023186087833
2023-11-23 09:00:00,230.2373566551432,50.0044562282624
2023-11-23 10:00:00,228.77902290493984,50.0244273174953
2023-11-23 11:00:00,230.61377749538542,49.99096276455025
2023-11-23 12:00:00,229.55432134094136,50.0073982268259
2023-11-23 13:00:00,230.99210553441378,49.98782482879125
2023-11-23 14:00:00,228.92598144077937,50.01148610400962
2023-11-23 15:00:00,229.94200543845952,49.999485785553475
2023-11-23 16:00:00,228.792336869469,50.00572512934004
2023-11-23 17:00:00,228.09108289693077,49.99094663351721
2023-11-23 18:00:00,229.73731836733796,50.00538357377228
2023-11-23 19:00:00,228.80046924412798,49.994090087618986
2023-11-23 20:00:00,229.9406417599139,49.99873601338929
2023-11-23 21:00:00,230.42020926354664,49.98889461534056
2023-11-23 22:00:00,228.54516428200427,49.9964528639155
2023-11-23 23:00:00,230.83012001033347,50.00274820892559
2023-11-24 00:00:00,228.79585222257955,49.99981870907668
2023-11-24 01:00:00,229.28543695246202,50.01237098705707
2023-11-24 02:00:00,229.33428985044247,49.99423061022505
2023-11-24 03:00:00,230.21528920329035,50.015969991344626
2023-11-24 04:00:00,230.5670896403707,49.996588332660714
2023-11-24 05:00:00,230.52085916570192,50.016317246089415
2023-11-24 06:00:00,229.3042685574198,50.003321060627975
2023-11-24 07:00:00,230.5307988631422,50.02064767427992
2023-11-24 08:00:00,230.85600414029074,50.00158772076686
2023-11-24 09:00:00,229.40370358719903,49.984361797646265
2023-11-24 10:00:00,228.43828169002225,49.99762407031215
2023-11-24 11:00:00,229.6584091791674,49.999930496581555
2023-11-24 12:00:00,231.1421262190011,50.016303365999136
2023-11-24 13:00:00,231.73433050488083,49.9823933848452
2023-11-24 14:00:00,227.86533119479452,49.99096177128829
2023-11-24 15:00:00,230.2654366704005,50.00219379329456
2023-11-24 16:00:00,230.36770620471785,50.00314240321775
2023-11-24 17:00:00,231.46207307613378,50.01250533575247
2023-11-24 18:00:00,230.16686573301106,49.980355885954445
2023-11-24 19:00:00,230.1849549730665,49.99286263915051
2023-11-24 20:00:00,229.64497519272857,50.008432724210344
2023-11-24 21:00:00,229.04589091690923,49.99937799883846
2023-11-24 22:00:00,229.43342162969813,50.007089028470446
2023-11-24 23:00:00,230.3921459899453,49.9986939112239
2023-11-25 00:00:00,228.82808791840935,50.01037246809336
2023-11-25 01:00:00,231.20764368663012,49.99338258259102
2023-11-25 02:00:00,230.26519965366919,49.99749476718725
2023-11-25 03:00:00,228.44242437009365,49.999456757184916
2023-11-25 04:00:00,230.2670326394509,49.99275142262108
2023-11-25 05:00:00,229.43535894392832,50.00115796898209
2023-11-25 06:00:00,231.65933376051663,49.995636621432524
2023-11-25 07:00:00,228.4202573971689,50.00315721847612
2023-11-25 08:00:00,229.87471849231287,50.00265073825649
2023-11-25 09:00:00,229.15911080630644,49.99256169413697
2023-11-25 10:00:00,230.6981307889163,50.005498263512
2023-11-25 11:00:00,230.94770440920584,50.00243434264971
2023-11-25 12:00:00,228.62837989682643,49.99410563788168
2023-11-25 13:00:00,230.1707007262621,50.00875815057909
2023-11-25 14:00:00,231.7154231274204,50.001141224136425
2023-11-25 15:00:00,230.87041623482335,50.01073174118718
2023-11-25 16:00:00,231.56393546861867,50.0141886037882
2023-11-25 17:00:00,230.36381622207165,49.98904722367405
2023-11-25 18:00:00,228.6317183115666,50.01685981103758
2023-11-25 19:00:00,228.3824282926484,50.00551854101029
2023-11-25 20:00:00,229.43679382547305,50.00310363162259
2023-11-25 21:00:00,229.29478401832887,49.99313984088149
2023-11-25 22:00:00,231.71302608457202,50.003396196059086
2023-11-25 23:00:00,231.99254150977512,49.97779339001306
2023-11-26 00:00:00,230.67886454093468,49.988971718769605
2023-11-26 01:00:00,230.62648676361187,49.98137628934313
2023-11-26 02:00:00,229.11171783399644,49.99861043487298
2023-11-26 03:00:00,230.51052440892445,50.01358640663746
2023-11-26 04:00:00,228.57525643681163,50.002602695730786
2023-11-26 05:00:00,228.88457213718632,50.00592909614405
2023-11-26 06:00:00,231.50470009654794,49.997679374407205
2023-11-26 07:00:00,230.30372703959154,50.00011411350967
2023-11-26 08:00:00,230.71155031655513,49.982070487059715
2023-11-26 09:00:00,227.53821327252726,50.01053264197362
2023-11-26 10:00:00,229.545195299011,50.005103128776454
2023-11-26 11:00:00,229.47978937877485,50.00782851513668
2023-11-26 12:00:00,231.08718555943463,50.00344330872162
2023-11-26 13:00:00,230.94791860339603,49.99541461485905
2023-11-26 14:00:00,230.88451024371457,50.005128691113455
2023-11-26 15:00:00,230.1269332469201,49.997026521365925
2023-11-26 16:00:00,231.41063120878474,49.99918380176114
2023-11-26 17:00:00,229.20294596659426,50.011341236475424
2023-11-26 18:00:00,229.71306313914528,50.010087016087304
2023-11-26 19:00:00,231.74803024836467,49.995224122785956
2023-11-26 20:00:00,230.10057094472145,50.003769627252886
2023-11-26 21:00:00,231.28789448660942,50.01077164627466
2023-11-26 22:00:00,229.5477458123839,49.98527072727813
2023-11-26 23:00:00,230.12498211007795,50.001147631933044
2023-11-27 00:00:00,231.05643030612183,50.00116117009925
2023-11-27 01:00:00,231.33060483779744,49.98313790946124
2023-11-27 02:00:00,229.91579937431146,49.99039431954181
2023-11-27 03:00:00,228.62185777080376,49.98775310062414
2023-11-27 04:00:00,229.08783528989616,49.99871135401801
2023-11-27 05:00:00,229.61278045241903,50.0021376777885
2023-11-27 06:00:00,230.47465373337158,49.985822259443815
2023-11-27 07:00:00,229.2343343848649,49.99283886464461
2023-11-27 08:00:00,230.46182748676566,49.998085505460345
2023-11-27 09:00:00,230.29306558192144,50.01838384246183
2023-11-27 10:00:00,229.538565450193,49.99435641406516
2023-11-27 11:00:00,228.11595142192687,49.99942823997325
2023-11-27 12:00:00,230.5017191965397,50.0031684175126
2023-11-27 13:00:00,228.30871889237528,50.01737126056123
2023-11-27 14:00:00,230.8459563189867,50.00153979098082
2023-11-27 15:00:00,232.15956225930395,50.017811896957944
2023-11-27 16:00:00,230.02276659905883,49.9848845638157
2023-11-27 17:00:00,229.48691163045982,50.007230564888204
2023-11-27 18:00:00,231.51823115929395,49.99193074786257
2023-11-27 19:00:00,229.72699024726236,49.99751303245777
2023-11-27 20:00:00,230.26702629915422,49.99555406683679
2023-11-27 21:00:00,230.66581620432424,49.98928823513528
2023-11-27 22:00:00,229.19708581788868,50.01100374652138
2023-11-27 23:00:00,231.51792159523157,49.99006960660684
2023-11-28 00:00:00,231.13642679102517,49.99347473786897
2023-11-28 01:00:00,232.24386035680826,49.99764421537038
2023-11-28 02:00:00,230.57970246663663,49.99325251465347
2023-11-28 03:00:00,229.66572064712508,50.00291473135842
2023-11-28 04:00:00,228.78028890807008,49.98110376455377
2023-11-28 05:00:00,230.12955797520797,49.99094912081182
2023-11-28 06:00:00,230.10278542537557,49.992396749027996
2023-11-28 07:00:00,231.26267312719648,49.99133264462011
2023-11-28 08:00:00,229.8122460668911,50.013745747407754
2023-11-28 09:00:00,229.27571522227686,49.99563100001153
2023-11-28 10:00:00,228.20771973510912,49.99511916863408
2023-11-28 11:00:00,229.90066394521705,50.00176087456533
2023-11-28 12:00:00,229.28864319235907,50.0101795034358
2023-11-28 13:00:00,229.60263897358908,49.9935177249802
2023-11-28 14:00:00,229.79682587314284,50.00252777431232
2023-11-28 15:00:00,230.09579168208938,49.98719382481087
2023-11-28 16:00:00,229.0896788328702,50.00319977746644
2023-11-28 17:00:00,229.31366034774075,49.999590371904986
2023-11-28 18:00:00,231.45074501900046,49.989467896172194
2023-11-28 19:00:00,229.73918534794262,49.98278098821692
2023-11-28 20:00:00,230.71572776209848,50.011932008798624
2023-11-28 21:00:00,229.61403611852742,50.00913413348387
2023-11-28 22:00:00,229.74271456609694,50.00528074041715
2023-11-28 23:00:00,231.02311173612634,50.012933606568296
2023-11-29 00:00:00,229.46921751306695,50.00536906688731
2023-11-29 01:00:00,230.87166665509096,49.99061941469465
2023-11-29 02:00:00,230.59178020393233,50.00198868179765
2023-11-29 03:00:00,229.6133135818064,50.01524080388646
2023-11-29 04:00:00,228.85487316463033,49.99460256568441
2023-11-29 05:00:00,230.77856563698498,49.99700192528942
2023-11-29 06:00:00,229.37788427060465,50.00383395254944
2023-11-29 07:00:00,229.7087457122303,50.01513354789238
2023-11-29 08:00:00,229.45875756383262,50.00673111852903
2023-11-29 09:00:00,228.27996610954602,49.99145545581009
2023-11-29 10:00:00,230.01907515628233,50.001070347711334
2023-11-29 11:00:00,227.90372557532106,50.001028077177814
2023-11-29 12:00:00,230.6218745235267,50.00651159943595
2023-11-29 13:00:00,230.64968390517663,49.986232126685096
2023-11-29 14:00:00,229.8878651418978,49.986531099735025
2023-11-29 15:00:00,228.76705806143949,49.998923049941595
2023-11-29 16:00:00,230.5462180762848,49.999799525566914
2023-11-29 17:00:00,226.2948499920585,49.991512674099695
2023-11-29 18:00:00,229.9889548182889,50.00072958305869
2023-11-29 19:00:00,231.29164658537553,50.000237216774195
2023-11-29 20:00:00,230.30284841173756,50.018343899201305
2023-11-29 21:00:00,229.36402472744732,49.99603658625482
2023-11-29 22:00:00,228.80457395677718,49.98834983080645
2023-11-29 23:00:00,232.4732871673376,50.01456649500888
2023-11-30 00:00:00,229.58503933042402,49.99448943926461
2023-11-30 01:00:00,229.79154193938402,50.004184230611294
2023-11-30 02:00:00,229.47838169913481,50.01129368141772
2023-11-30 03:00:00,229.0460262614353,50.016898578646575
2023-11-30 04:00:00,227.50297488242643,50.001529845760615
2023-11-30 05:00:00,229.40224930401405,49.988338604340385
2023-11-30 06:00:00,229.90262249793946,50.00410392560801
2023-11-30 07:00:00,228.95945407553089,49.99881242621831
2023-11-30 08:00:00,227.40672453666454,49.98940346933828
2023-11-30 09:00:00,230.2486868128928,50.00955015774902
2023-11-30 10:00:00,229.96899261123448,50.008584531597144
2023-11-30 11:00:00,231.48514775582282,50.01367836565827
2023-11-30 12:00:00,229.86410197274293,50.00216236609509
2023-11-30 13:00:00,228.06279413850626,49.983442924310424
2023-11-30 14:00:00,231.27546639454008,50.018739422559726
2023-11-30 15:00:00,231.31213205663815,49.98593673851777
2023-11-30 16:00:00,228.61757324776735,49.99108534290437
2023-11-30 17:00:00,230.52299546573002,49.994758895073346
2023-11-30 18:00:00,231.4259073013144,50.00598891794511
2023-11-30 19:00:00,231.64336898865346,49.996993590346264
2023-11-30 20:00:00,231.3357604582775,50.006265143558004
2023-11-30 21:00:00,230.30122303562294,49.98872742727696
2023-11-30 22:00:00,229.94337116073504,49.99763986319808
2023-11-30 23:00:00,229.39974528909795,50.00904783444364
2023-12-01 00:00:00,229.35489715527206,50.01119352590742
2023-12-01 01:00:00,228.71866376605692,50.007992011380914
2023-12-01 02:00:00,230.46517538535056,50.004617800657705
2023-12-01 03:00:00,229.81690064513208,49.99343425971748
2023-12-01 04:00:00,229.5850269606172,49.991954538064775
2023-12-01 05:00:00,229.85096203715426,50.00769082230431
2023-12-01 06:00:00,231.10417721228788,50.000852595583844
2023-12-01 07:00:00,230.6987811832575,49.99113616187733
2023-12-01 08:00:00,228.0106313479911,50.00888239157879
2023-12-01 09:00:00,232.44181859606942,49.99415532068936
2023-12-01 10:00:00,231.1258202769188,50.01400832719221
2023-12-01 11:00:00,229.50430258742688,49.995140485145456
2023-12-01 12:00:00,230.00344784591655,49.99345564055129
2023-12-01 13:00:00,229.88928260762185,49.99411044163614
2023-12-01 14:00:00,228.96089611133038,49.99692980252409
2023-12-01 15:00:00,229.62067326856052,50.00613444556126
2023-12-01 16:00:00,228.99291134182087,49.998645500135275
2023-12-01 17:00:00,230.92005307666787,50.01620847055748
2023-12-01 18:00:00,228.33921229921327,49.99914830996708
2023-12-01 19:00:00,229.34961754296424,49.98966775310697
2023-12-01 20:00:00,229.01061641615328,50.00217828660514
2023-12-01 21:00:00,231.77369992781817,50.02027089601863
2023-12-01 22:00:00,230.79434515810192,49.99986251228194
2023-12-01 23:00:00,230.50216084237098,49.98267263179048
2023-12-02 00:00:00,231.0992005537185,49.991372350808575
2023-12-02 01:00:00,230.04239922598455,50.003286131732516
2023-12-02 02:00:00,229.84919769899014,49.981117140413595
2023-12-02 03:00:00,229.8730120792872,50.0161959857633
2023-12-02 04:00:00,229.53190556213588,49.995919270905446
2023-12-02 05:00:00,230.69457575894944,49.97099665548896
2023-12-02 06:00:00,230.96008677609703,50.02459907687658
2023-12-02 07:00:00,230.68135964493806,50.01471667341166
2023-12-02 08:00:00,229.55484383996787,49.994090601124334
2023-12-02 09:00:00,229.4348210702248,49.99104502450764
2023-12-02 10:00:00,232.2372698251378,49.999056475455404
2023-12-02 11:00:00,229.6365629663928,50.016440487677215
2023-12-02 12:00:00,231.40498582595944,50.000136954260334
2023-12-02 13:00:00,229.6063954049029,49.9858110594441
2023-12-02 14:00:00,229.6318690881729,50.012950739812446
2023-12-02 15:00:00,230.4337020958198,50.00500340389628
2023-12-02 16:00:00,231.52978833801177,49.986091147011436
2023-12-02 17:00:00,230.38697986176572,49.99307104759679
2023-12-02 18:00:00,229.40404956350403,49.998289107819595
2023-12-02 19:00:00,232.40438814260835,49.99843502159157
2023-12-02 20:00:00,230.23328771646513,50.009244947126504
2023-12-02 21:00:00,229.7665907137064,50.011000614570584
2023-12-02 22:00:00,230.62127615956342,50.00376670644507
2023-12-02 23:00:00,228.96105825470354,50.01085355247214
2023-12-03 00:00:00,230.81116330482945,50.004683548903614
2023-12-03 01:00:00,228.95728727983985,49.98988573290475
2023-12-03 02:00:00,230.66010060213912,50.00046260662509
2023-12-03 03:00:00,231.59393813185105,49.99481996542388
2023-12-03 04:00:00,229.11806056554695,50.01155810940446
2023-12-03 05:00:00,230.12169456287822,49.99312160574898
2023-12-03 06:00:00,230.35472666542086,50.003436166780304
2023-12-03 07:00:00,230.95434500342856,49.99364943783599
2023-12-03 08:00:00,230.51662357556071,49.98378975069647
2023-12-03 09:00:00,230.08742031262585,50.00087580044394
2023-12-03 10:00:00,231.3557629075935,50.00298068963911
2023-12-03 11:00:00,230.22612427205914,50.01026248531431
2023-12-03 12:00:00,229.34438286364716,50.00714097010887
2023-12-03 13:00:00,228.90290647875142,49.98780337495618
2023-12-03 14:00:00,231.18489985278208,49.99974562162029
2023-12-03 15:00:00,231.46135749104096,49.98932276694777
2023-12-03 16:00:00,230.17416005998163,49.99185206282261
2023-12-03 17:00:00,228.52667379562052,50.00296185687756
2023-12-03 18:00:00,229.45266967139938,50.005146288346126
2023-12-03 19:00:00,231.3460687979148,49.984238022890224
2023-12-03 20:00:00,230.54970844018808,50.00323335114087
2023-12-03 21:00:00,228.50099165817616,50.002989372677696
2023-12-03 22:00:00,230.50293940487026,49.98873279020201
2023-12-03 23:00:00,229.94916197858214,49.99864032694212
2023-12-04 00:00:00,230.88600169872936,49.98931972928149
2023-12-04 01:00:00,229.5618318217372,49.98168365575472
2023-12-04 02:00:00,231.3292028305561,50.0103411094848
2023-12-04 03:00:00,229.7516439279666,50.00904293845211
2023-12-04 04:00:00,227.0408827992167,49.998229424674584
2023-12-04 05:00:00,229.3788955054671,50.00444033718633
2023-12-04 06:00:00,230.2515347154774,49.988793554091714
2023-12-04 07:00:00,230.1357407588751,50.0085985285581
2023-12-04 08:00:00,229.51582489010084,50.00172617428987
2023-12-04 09:00:00,228.44294468760302,49.98755270416721
2023-12-04 10:00:00,231.15221766121482,50.00313132994664
2023-12-04 11:00:00,231.63091742617615,50.0037597190448
2023-12-04 12:00:00,229.05359787354806,49.99495020493928
2023-12-04 13:00:00,230.8712949842634,49.984809764537246
2023-12-04 14:00:00,230.62208193294072,49.99513604434923
2023-12-04 15:00:00,228.74910574540795,50.01131497196771
2023-12-04 16:00:00,230.373091095398,50.006912876845426
2023-12-04 17:00:00,232.84606492482453,50.00316115851269
2023-12-04 18:00:00,228.67597885795277,49.99307705212825
2023-12-04 19:00:00,231.3517286247306,49.99421751113786
2023-12-04 20:00:00,229.95977046343248,49.99091621875083
2023-12-04 21:00:00,229.72108404417855,50.00170700537534
2023-12-04 22:00:00,231.272153478975,50.0021757043346
2023-12-04 23:00:00,229.3766308271401,50.011354333257295
2023-12-05 00:00:00,230.08957520197535,49.98507643358401
2023-12-05 01:00:00,229.86944732341988,49.997763638642745
2023-12-05 02:00:00,229.0251855902887,49.99333412786497
2023-12-05 03:00:00,231.24051475356654,50.000480362830416
2023-12-05 04:00:00,230.47436276546134,50.0066656547436
2023-12-05 05:00:00,232.27066251022242,49.99317118035869
2023-12-05 06:00:00,230.15232847155653,50.0071725344761
2023-12-05 07:00:00,229.89172520764453,50.0057520001539
2023-12-05 08:00:00,229.66855570174835,49.996867956359715
2023-12-05 09:00:00,229.71586628094178,50.009438485505875
2023-12-05 10:00:00,231.52007720254466,50.004870665747625
2023-12-05 11:00:00,229.43621765620983,49.993160174626276
2023-12-05 12:00:00,230.4566684525054,49.99244249905758
2023-12-05 13:00:00,229.65296828359132,50.00859408782594
2023-12-05 14:00:00,228.70154405782975,49.994524462890176
2023-12-05 15:00:00,230.32558128590503,50.006650348126364
2023-12-05 16:00:00,228.45344413663798,49.98894914093368
2023-12-05 17:00:00,230.2471189517775,50.00995861763574
2023-12-05 18:00:00,229.54446495260623,49.984126305662855
2023-12-05 19:00:00,229.60876996810163,49.984111166245526
2023-12-05 20:00:00,229.87398443428276,49.99528331205393
2023-12-05 21:00:00,230.02271878784532,50.012645089827444
2023-12-05 22:00:00,229.79498036905832,50.010589607765645
2023-12-05 23:00:00,230.52460872395324,50.00687122523236
2023-12-06 00:00:00,230.0070781340474,50.00547680766684
2023-12-06 01:00:00,232.803920027936,49.99285670856958
2023-12-06 02:00:00,228.89883175981828,49.98528672811387
2023-12-06 03:00:00,228.8747207248015,50.01325436235842
2023-12-06 04:00:00,229.61455641422015,50.01142944500649
2023-12-06 05:00:00,229.1355175907831,49.99026804653453
2023-12-06 06:00:00,231.19943717459108,50.00204221706149
2023-12-06 07:00:00,231.74916177293642,49.998054305769486
2023-12-06 08:00:00,229.5988029179673,49.98976463893679
2023-12-06 09:00:00,230.51487581143738,49.98588857692764
2023-12-06 10:00:00,230.40978534815565,50.00276264005318
2023-12-06 11:00:00,229.54449516668285,49.998380404604816
2023-12-06 12:00:00,230.61770666119736,49.99547277986381
2023-12-06 13:00:00,230.82962709369113,49.9989526130744
2023-12-06 14:00:00,228.3315429739646,49.99928503249705
2023-12-06 15:00:00,228.81976554528742,50.00317902902779
2023-12-06 16:00:00,229.7079187037995,50.012192997912685
2023-12-06 17:00:00,229.67920652861258,50.009343326183725
2023-12-06 18:00:00,230.07800249219022,50.007941048359676
2023-12-06 19:00:00,229.0810881303226,49.99536286450992
2023-12-06 20:00:00,228.96005199662886,49.9929755517314
2023-12-06 21:00:00,229.6386955018472,49.99320791222608
2023-12-06 22:00:00,228.83263616723465,50.00883538928753
2023-12-06 23:00:00,231.19557974912766,50.007664647917046
2023-12-07 00:00:00,231.0404079227231,49.982911046060266
2023-12-07 01:00:00,230.61035632401556,50.010000928572765
2023-12-07 02:00:00,231.01964501231436,50.00260433523603
2023-12-07 03:00:00,229.57125928297074,50.00021191701716
2023-12-07 04:00:00,229.5613247027342,50.01103797924859
2023-12-07 05:00:00,230.40183675951985,50.00278137862958
2023-12-07 06:00:00,230.77562244999228,49.99112441401682
2023-12-07 07:00:00,230.3614324846582,49.9924301983756
2023-12-07 08:00:00,230.2927432154911,50.00221797779821
2023-12-07 09:00:00,230.35092410317017,50.001818913606435
2023-12-07 10:00:00,230.97300659773455,50.00616224903872
2023-12-07 11:00:00,231.09072441212408,50.02307654587378
2023-12-07 12:00:00,229.76622960640233,50.01254408429631
2023-12-07 13:00:00,230.62671866993387,49.991067398792225
2023-12-07 14:00:00,227.88183235980443,50.00062239692555
2023-12-07 15:00:00,228.34135459501545,49.99709531935247
2023-12-07 16:00:00,229.64900479063184,50.00265334616748
2023-12-07 17:00:00,229.3630662147008,49.990048103336626
2023-12-07 18:00:00,231.75293136781673,49.98559538623043
2023-12-07 19:00:00,229.70393831965256,49.986506569501564
2023-12-07 20:00:00,230.3716167565991,49.975250432554354
2023-12-07 21:00:00,230.21078702093055,49.992664484739095
2023-12-07 22:00:00,228.59444965111206,50.02119360783167
2023-12-07 23:00:00,230.29002598219594,49.99537126020616
2023-12-08 00:00:00,230.03317028636965,50.00303004893896
2023-12-08 01:00:00,231.5649463266408,49.98906522524276
2023-12-08 02:00:00,229.44637841971445,49.99193956320737
2023-12-08 03:00:00,230.62232057996349,49.99000430085024
2023-12-08 04:00:00,230.5797817872098,49.993761810203644
2023-12-08 05:00:00,229.15445072486213,49.99974556611955
2023-12-08 06:00:00,227.65356575525678,50.01092827594466
2023-12-08 07:00:00,230.0361062957737,50.01360614510815
2023-12-08 08:00:00,231.24754016911277,50.00663279762493
2023-12-08 09:00:00,230.31032430809302,50.00735495107404
2023-12-08 10:00:00,230.91412274269754,49.99616746357279
2023-12-08 11:00:00,229.3668184591161,50.02076365177565
2023-12-08 12:00:00,230.77023177175013,49.99238470977052
2023-12-08 13:00:00,228.1989809748166,49.99933933031179
2023-12-08 14:00:00,230.5782866171302,49.99598459436396
2023-12-08 15:00:00,228.3411114881003,50.01005022119191
2023-12-08 16:00:00,230.59741787132745,49.99557128254031
2023-12-08 17:00:00,229.4405868046874,50.00167459587867
2023-12-08 18:00:00,230.84717485159663,50.009370073685275
2023-12-08 19:00:00,229.9606457236761,49.98936001313012
2023-12-08 20:00:00,231.0982987616187,50.00603928545032
2023-12-08 21:00:00,230.43519058279406,50.00343595339952
2023-12-08 22:00:00,230.08904201343054,49.99186529468037
2023-12-08 23:00:00,231.18521262977814,49.994383150815935
2023-12-09 00:00:00,230.44769471913526,49.99884555845747
2023-12-09 01:00:00,231.73864393798158,50.00214187374184
2023-12-09 02:00:00,229.9668329206492,50.014389213235
2023-12-09 03:00:00,229.7900616942109,50.01796200575814
2023-12-09 04:00:00,229.10183131793903,49.99251772343899
2023-12-09 05:00:00,229.44335878305984,50.02553533868371
2023-12-09 06:00:00,229.76146266127645,49.995433104588166
2023-12-09 07:00:00,229.30907619205792,50.018345299366075
2023-12-09 08:00:00,230.63879907940378,50.01437225184964
2023-12-09 09:00:00,228.7439910168165,49.98993230125285
2023-12-09 10:00:00,229.13380693663808,49.98594526670067
2023-12-09 11:00:00,227.86725726864177,50.00120401800019
2023-12-09 12:00:00,229.30966811583716,50.00905089826856
2023-12-09 13:00:00,231.2174116759975,50.00027169489446
2023-12-09 14:00:00,229.48510524633528,50.00045172783725
2023-12-09 15:00:00,229.16069182505137,50.0044414262456
2023-12-09 16:00:00,229.25429655943742,49.984379669782385
2023-12-09 17:00:00,230.35038011489118,50.001132323475865
2023-12-09 18:00:00,231.27755917511993,49.9919164253432
2023-12-09 19:00:00,230.8739987899244,49.996335569991
2023-12-09 20:00:00,228.67653931874307,49.987228991594534
2023-12-09 21:00:00,231.3938111837469,49.986894864072326
2023-12-09 22:00:00,231.01739694515226,50.00325316785705
2023-12-09 23:00:00,230.47163140333603,49.9986497096199
2023-12-10 00:00:00,228.86775044301456,50.016443072432686
2023-12-10 01:00:00,229.09637210180406,49.99619302752277
2023-12-10 02:00:00,229.2328526390839,50.00748539480731
2023-12-10 03:00:00,229.4639784393223,50.01180717548017
2023-12-10 04:00:00,230.19244136816573,50.00179044980295
2023-12-10 05:00:00,227.27144227787176,50.00244857031586
2023-12-10 06:00:00,228.71688141337543,50.012298736820895
2023-12-10 07:00:00,229.77014441520228,50.013323927854664
2023-12-10 08:00:00,230.985486413411,50.00604691543401
2023-12-10 09:00:00,229.69366517346518,50.01394690134285
2023-12-10 10:00:00,230.18705490678167,50.00197437591306
2023-12-10 11:00:00,231.09878879382242,49.98915689305804
2023-12-10 12:00:00,229.20325578804605,50.003163052318996
2023-12-10 13:00:00,228.99107503634872,49.99334151485553
2023-12-10 14:00:00,228.89462719064625,50.012518825668444
2023-12-10 15:00:00,229.72231864346446,49.99730679650097
2023-12-10 16:00:00,229.34841943810275,50.00900187721237
2023-12-10 17:00:00,231.66135884271927,49.99197708463606
2023-12-10 18:00:00,230.24328195331861,49.98953935476099
2023-12-10 19:00:00,230.67398431939614,49.99787230584631
2023-12-10 20:00:00,229.14542893229225,49.98689108014653
2023-12-10 21:00:00,229.95083167216802,50.007868163802435
2023-12-10 22:00:00,229.69274354720704,50.012191211349354
2023-12-10 23:00:00,230.19105098907178,50.00584029492743
2023-12-11 00:00:00,230.38193359540838,50.013984994773274
2023-12-11 01:00:00,229.64618691746105,50.00690113113916
2023-12-11 02:00:00,229.7916425361965,49.99584380642549
2023-12-11 03:00:00,231.12870672551404,50.001120948313435
2023-12-11 04:00:00,229.08343960929182,50.00129609743173
2023-12-11 05:00:00,230.72038104335786,50.011894432193955
2023-12-11 06:00:00,230.29068272105368,50.00087329836281
2023-12-11 07:00:00,230.7487258239766,49.989104894425395
2023-12-11 08:00:00,229.6878084403224,49.986696611154095
2023-12-11 09:00:00,231.0331518629175,49.9981574357576
2023-12-11 10:00:00,229.36263467525436,50.00057747912461
2023-12-11 11:00:00,230.50090906179858,49.98668922234264
2023-12-11 12:00:00,230.49760158172708,50.011201233503
2023-12-11 13:00:00,230.1564360874479,49.99803383556298
2023-12-11 14:00:00,231.02609464177706,50.008954036708616
2023-12-11 15:00:00,231.10487426294193,49.99151791783825
2023-12-11 16:00:00,230.68391153312353,50.009273617044165
2023-12-11 17:00:00,231.77603841869032,49.98983537496995
2023-12-11 18:00:00,229.59937805064388,49.99448168407
2023-12-11 19:00:00,229.732623162864,49.99583327948813
2023-12-11 20:00:00,230.28575036282032,49.997247690498675
2023-12-11 21:00:00,229.82467789761887,50.01085103070721
2023-12-11 22:00:00,229.63539127629969,50.00373041391645
2023-12-11 23:00:00,228.53419901108418,49.99012672332628
2023-12-12 00:00:00,230.77845458683205,49.98922371986364
2023-12-12 01:00:00,229.89159795492085,50.001579766795835
2023-12-12 02:00:00,229.9432250429003,49.99761632137083
2023-12-12 03:00:00,228.9819783057641,50.00205194779928
2023-12-12 04:00:00,229.60874258243277,49.98353501645441
2023-12-12 05:00:00,230.23679091393893,50.022323496764116
2023-12-12 06:00:00,228.7949584969963,49.98291806003674
2023-12-12 07:00:00,229.83215571187648,49.99786285461904
2023-12-12 08:00:00,229.56525720510797,49.99263870557811
2023-12-12 09:00:00,229.89649013696916,49.98766267487938
2023-12-12 10:00:00,229.82007282489857,50.006267699462676
2023-12-12 11:00:00,228.65395838245357,49.99798899591814
2023-12-12 12:00:00,230.84864199778903,49.98847029876227
2023-12-12 13:00:00,227.53523234338866,49.99543289341866
2023-12-12 14:00:00,230.21409648757668,50.00659507482487
2023-12-12 15:00:00,231.03988131238415,50.009775840086505
2023-12-12 16:00:00,229.91596325560567,50.01578428752435
2023-12-12 17:00:00,228.621971496045,50.003295893117134
2023-12-12 18:00:00,230.78896398349912,49.994917714127226
2023-12-12 19:00:00,228.38650200956067,49.99369813931449
2023-12-12 20:00:00,229.6631662630395,50.00512847859396
2023-12-12 21:00:00,231.13761806816788,50.01320199854369
2023-12-12 22:00:00,229.8888633554932,49.98025900706235
2023-12-12 23:00:00,230.02094708886162,49.99980897342946
2023-12-13 00:00:00,231.23173397815683,49.98733456837776
2023-12-13 01:00:00,228.48075952730034,50.00074918260591
2023-12-13 02:00:00,230.0489428289957,50.0172244554501
2023-12-13 03:00:00,230.00618611090584,49.982245771348644
2023-12-13 04:00:00,229.2293073704281,49.983400552350176
2023-12-13 05:00:00,229.37729375515192,50.01520856816162
2023-12-13 06:00:00,231.00310140039815,50.003277907215484
2023-12-13 07:00:00,228.14151694976684,49.999812371233226
2023-12-13 08:00:00,229.81520568272987,50.00907212275655
2023-12-13 09:00:00,229.2956169483485,50.017575347998886
2023-12-13 10:00:00,230.1917166399439,50.00272331633797
2023-12-13 11:00:00,229.47234267525437,49.99989308172503
2023-12-13 12:00:00,230.17426937877278,49.981136236417576
2023-12-13 13:00:00,229.94227059855766,49.99108612452874
2023-12-13 14:00:00,230.03479985811686,49.98143278035003
2023-12-13 15:00:00,229.893594512522,50.00031585512062
2023-12-13 16:00:00,230.09546456566957,50.01419134917988
2023-12-13 17:00:00,230.2062579810682,49.99581807437193
2023-12-13 18:00:00,230.06363720254174,50.00455330999313
2023-12-13 19:00:00,229.80996016971696,50.00875120410841
2023-12-13 20:00:00,231.00962387430388,50.00395251841062
2023-12-13 21:00:00,229.06995861606572,49.99911204122699
2023-12-13 22:00:00,232.16539742932147,49.9863834433821
2023-12-13 23:00:00,229.12350082541863,50.00714257190691
2023-12-14 00:00:00,229.51720334339134,50.011940399974236
2023-12-14 01:00:00,228.17372450574595,50.00027641356478
2023-12-14 02:00:00,229.69719361338122,49.99663099994767
2023-12-14 03:00:00,230.88100059378112,50.0081335709701
2023-12-14 04:00:00,229.03910176795787,50.003467644897064
2023-12-14 05:00:00,231.36613820733012,50.016150498098035
2023-12-14 06:00:00,229.82469596115894,49.99544073658954
2023-12-14 07:00:00,228.58748910337602,50.00749136948827
2023-12-14 08:00:00,229.16604617182094,50.00423049831838
2023-12-14 09:00:00,230.4696051855855,50.00048870799944
2023-12-14 10:00:00,229.46728557217762,49.99407894202619
2023-12-14 11:00:00,231.6089647863093,50.00755739394326
2023-12-14 12:00:00,229.30609369896135,50.015976706480494
2023-12-14 13:00:00,229.88805666713316,49.9800352156355
2023-12-14 14:00:00,229.36542757574654,50.00161113085116
2023-12-14 15:00:00,230.91808888296663,50.00586548412352
2023-12-14 16:00:00,228.50617095367429,49.991540603103616
2023-12-14 17:00:00,227.9382035063735,50.004457642597
2023-12-14 18:00:00,229.46162425189257,50.003597780036706
2023-12-14 19:00:00,229.7836105244541,50.00724879197397
2023-12-14 20:00:00,228.3054267971661,49.99660288346254
2023-12-14 21:00:00,230.42928436811334,49.98681519111601
2023-12-14 22:00:00,230.70751061381054,50.00026663650285
2023-12-14 23:00:00,229.64635539664113,50.01302238096742
2023-12-15 00:00:00,229.31814353606038,50.00884509995705
2023-12-15 01:00:00,231.46240041411048,49.98688916438307
2023-12-15 02:00:00,228.88725015644843,49.99837570137347
2023-12-15 03:00:00,230.5310799991699,49.99890126547572
2023-12-15 04:00:00,229.52225203372646,50.00592329238846
2023-12-15 05:00:00,230.1829210241508,49.998986497802065
2023-12-15 06:00:00,230.78882279866417,49.998334820902365
2023-12-15 07:00:00,230.31952448180942,49.994183849254455
2023-12-15 08:00:00,228.1889464172091,50.0241877538202
2023-12-15 09:00:00,230.91353625958328,49.98226211368154
2023-12-15 10:00:00,228.08207518089742,50.00028895865125
2023-12-15 11:00:00,230.66304737972928,50.00130588806656
2023-12-15 12:00:00,230.4515159130405,50.006506731790665
2023-12-15 13:00:00,229.7154474407689,49.99597264405175
2023-12-15 14:00:00,230.46300412398006,49.9956862752984
2023-12-15 15:00:00,228.88574633581467,50.005325073695
2023-12-15 16:00:00,228.66607611699325,49.9963037191227
2023-12-15 17:00:00,230.5526000307407,49.993284375394985
2023-12-15 18:00:00,229.6663299436683,50.011066458867
2023-12-15 19:00:00,231.49349023133882,49.98979225003135
2023-12-15 20:00:00,229.63733949600362,49.99284730522832
2023-12-15 21:00:00,228.9769898112603,50.00354354105003
2023-12-15 22:00:00,232.64147530020858,50.00733063257969
2023-12-15 23:00:00,228.5761542596648,49.99760722291852
2023-12-16 00:00:00,230.14998028252876,50.00469870332477
2023-12-16 01:00:00,230.10745082452615,50.002060697095686
2023-12-16 02:00:00,230.7135551161862,49.99709960053602
2023-12-16 03:00:00,229.6629471869684,49.990237996441905
2023-12-16 04:00:00,229.72641378832694,50.009873975636204
2023-12-16 05:00:00,229.85079059570006,49.990096018172274
2023-12-16 06:00:00,231.80070807429937,50.02683111537648
2023-12-16 07:00:00,230.8654661027713,49.994805659006644
2023-12-16 08:00:00,229.14650666416097,50.01602236571622
2023-12-16 09:00:00,229.4714886108577,50.01093135750215
2023-12-16 10:00:00,229.86875032350332,49.997088142359665
2023-12-16 11:00:00,229.10428241407007,50.010335494966306
2023-12-16 12:00:00,228.39294268793037,50.009756077143265
2023-12-16 13:00:00,229.31932290967654,49.99665598613145
2023-12-16 14:00:00,229.08884735368815,49.98281739169492
2023-12-16 15:00:00,231.57639414143767,49.98488658196979
2023-12-16 16:00:00,230.0843659939064,50.005934260814236
2023-12-16 17:00:00,228.50081201813194,49.9998074193341
2023-12-16 18:00:00,229.6918065624153,50.00184310485782
2023-12-16 19:00:00,230.43859060241326,50.010054504071846
2023-12-16 20:00:00,230.73236251975104,49.996255216391965
2023-12-16 21:00:00,230.1985320082739,50.007500736341186
2023-12-16 22:00:00,230.52764497753444,49.993739217507446
2023-12-16 23:00:00,229.8600536296397,50.00091706209122
2023-12-17 00:00:00,229.86251691079983,50.00184280408025
2023-12-17 01:00:00,233.2933431607757,49.98932332888486
2023-12-17 02:00:00,229.39824554388176,49.99993551337247
2023-12-17 03:00:00,228.74079939392337,50.00853793304207
2023-12-17 04:00:00,229.56218388770174,50.005113777886436
2023-12-17 05:00:00,229.89142682947335,50.0145567417515
2023-12-17 06:00:00,228.43365563639307,49.99532056025754
2023-12-17 07:00:00,230.50141073508343,50.01511686491475
2023-12-17 08:00:00,229.3902232976236,50.002194354405674
2023-12-17 09:00:00,227.68694214960533,49.99523826797451
2023-12-17 10:00:00,229.97935496967762,50.001634848796456
2023-12-17 11:00:00,229.1877869899643,49.99282289984214
2023-12-17 12:00:00,231.01409790985952,50.00311002507363
2023-12-17 13:00:00,228.9896927348827,49.98358180491154
2023-12-17 14:00:00,229.45872104656084,50.01240927505617
2023-12-17 15:00:00,230.34495841571442,49.99356734362549
2023-12-17 16:00:00,229.63092916869343,50.0003624436825
2023-12-17 17:00:00,229.05534544367936,50.01199423191453
2023-12-17 18:00:00,229.05238369757205,49.99372419524226
2023-12-17 19:00:00,231.20009732614636,50.00676630730793
2023-12-17 20:00:00,229.4652963820566,50.01157490148791
2023-12-17 21:00:00,228.79801470570635,50.00141554964576
2023-12-17 22:00:00,229.74806214322047,50.003910291305935
2023-12-17 23:00:00,229.8540571908766,50.013067868057064
2023-12-18 00:00:00,230.57460909554732,49.98844373377556
2023-12-18 01:00:00,228.7158053129652,50.01195486225141
2023-12-18 02:00:00,231.69942465809086,49.98355373292619
2023-12-18 03:00:00,229.45835096998601,49.994796895144354
2023-12-18 04:00:00,231.7269440873702,50.01981801252423
2023-12-18 05:00:00,230.202990354258,50.00965988193024
2023-12-18 06:00:00,230.56724295439028,50.000167347184274
2023-12-18 07:00:00,230.82623951653255,50.02058448621711
2023-12-18 08:00:00,229.58560112890453,49.98900897221498
2023-12-18 09:00:00,228.64346214216783,50.00526366371492
2023-12-18 10:00:00,230.7172828664976,49.998968986654546
2023-12-18 11:00:00,232.1696489234564,50.0002325112934
2023-12-18 12:00:00,230.0107157399303,50.007533740668485
2023-12-18 13:00:00,230.0566943389397,50.00642022016257
2023-12-18 14:00:00,230.33314639669626,50.00107147301037
2023-12-18 15:00:00,228.5397797967949,50.00756107824916
2023-12-18 16:00:00,231.1765415272889,50.01377048212615
2023-12-18 17:00:00,228.7584167071752,50.003437322018385
2023-12-18 18:00:00,231.49567016334146,50.00822187723052
2023-12-18 19:00:00,230.26122999040268,50.002199264693125
2023-12-18 20:00:00,231.27974115942735,49.9952450470975
2023-12-18 21:00:00,228.2156262321687,50.00050232776381
2023-12-18 22:00:00,230.87874200463992,50.00689485266425
2023-12-18 23:00:00,230.1889371167469,49.98241675622093
2023-12-19 00:00:00,229.7500249777031,50.003065457912285
2023-12-19 01:00:00,231.14664469097448,50.00693701482248
2023-12-19 02:00:00,230.77783312415892,50.00099076308576
2023-12-19 03:00:00,230.17778440567264,49.99042350910627
2023-12-19 04:00:00,227.8351108123576,50.00710719684386
2023-12-19 05:00:00,229.6794267139442,49.99362316092523
2023-12-19 06:00:00,230.90626498540067,50.01705202623662
2023-12-19 07:00:00,229.3737095858327,50.01060475687254
2023-12-19 08:00:00,230.30363592242134,50.002543346467235
2023-12-19 09:00:00,230.65107475196655,49.997345417447654
2023-12-19 10:00:00,231.25798271229064,49.98545799480832
2023-12-19 11:00:00,230.2218997579212,50.018225601820774
2023-12-19 12:00:00,229.078389387193,49.99406407737406
2023-12-19 13:00:00,231.237373236432,50.016572896641854
2023-12-19 14:00:00,229.75946593652858,49.97791883771356
2023-12-19 15:00:00,230.51497513502167,49.99929049854056
2023-12-19 16:00:00,229.36052223203163,49.99427794781668
2023-12-19 17:00:00,228.7008415221843,49.990234752427334
2023-12-19 18:00:00,228.75082529002574,50.00323829406583
2023-12-19 19:00:00,231.42121652297018,50.016349920309466
2023-12-19 20:00:00,229.96030305670226,49.99601725093642
2023-12-19 21:00:00,230.7267731344364,50.002221097109235
2023-12-19 22:00:00,232.0621765009859,49.992404590660826
2023-12-19 23:00:00,230.93614039667702,49.990880457891365
2023-12-20 00:00:00,231.89918597788085,49.97841304198575
2023-12-20 01:00:00,228.94809507975333,49.99314223533529
2023-12-20 02:00:00,230.00448122404293,49.99769874205665
2023-12-20 03:00:00,229.11124218568762,49.985656710701996
2023-12-20 04:00:00,228.93294061102773,50.01879209721147
2023-12-20 05:00:00,229.39196377973724,50.00496811343476
2023-12-20 06:00:00,229.25331778940603,50.00727095632454
2023-12-20 07:00:00,229.4130356764997,49.985196959551615
2023-12-20 08:00:00,230.08763013022323,50.00448489778605
2023-12-20 09:00:00,230.32323491445112,50.01529700801211
2023-12-20 10:00:00,230.9751283774295,49.9991964785874
2023-12-20 11:00:00,230.56505558483366,50.00346075010981
2023-12-20 12:00:00,231.95474308613768,49.99748439683112
2023-12-20 13:00:00,232.11273472805277,50.0044214881879
2023-12-20 14:00:00,229.50655601527635,50.00008270697118
2023-12-20 15:00:00,230.25342700134084,49.99717632310374
2023-12-20 16:00:00,230.02031625229552,50.00404275146927
2023-12-20 17:00:00,228.98173576580623,49.99993274977317
2023-12-20 18:00:00,230.91678877108833,50.003370484866934
2023-12-20 19:00:00,230.82598162042197,49.99928784696521
2023-12-20 20:00:00,230.7042296491567,50.01089668040184
2023-12-20 21:00:00,230.93807267219174,50.018870489538706
2023-12-20 22:00:00,229.37780233857328,50.00262390190883
2023-12-20 23:00:00,231.3115402657124,50.005256902112755
2023-12-21 00:00:00,231.2608152194309,49.99595332276176
2023-12-21 01:00:00,227.850580583767,50.00643587252872
2023-12-21 02:00:00,229.56472275835782,49.984402895296135
2023-12-21 03:00:00,230.49951712079775,50.005273882268035
2023-12-21 04:00:00,232.86732702254614,49.990763910341556
2023-12-21 05:00:00,230.26365167663545,50.01369778172461
2023-12-21 06:00:00,230.33978215394703,50.00835757436227
2023-12-21 07:00:00,229.74691596114326,49.998612819533214
2023-12-21 08:00:00,229.92330504001475,50.00618014033419
2023-12-21 09:00:00,231.54206359570497,50.01908601753656
2023-12-21 10:00:00,230.11182520524912,49.99906464986962
2023-12-21 11:00:00,231.49530147336785,50.003318409751905
2023-12-21 12:00:00,229.7879787124401,50.004980624908704
2023-12-21 13:00:00,230.4165328371656,50.005742891156906
2023-12-21 14:00:00,228.19648756283885,49.99690176809393
2023-12-21 15:00:00,229.42779364758036,50.00843865045129
2023-12-21 16:00:00,229.69719157351142,50.00016494185643
2023-12-21 17:00:00,229.95610831316242,50.00188847862809
2023-12-21 18:00:00,229.89461816368788,49.99443100424112
2023-12-21 19:00:00,229.84966019712547,50.010676877695566
2023-12-21 20:00:00,231.25670258882224,49.99121407299078
2023-12-21 21:00:00,229.5511319329228,49.9853099533826
2023-12-21 22:00:00,230.65342606351044,49.97917606057919
2023-12-21 23:00:00,230.04539376683215,50.008130285905295
2023-12-22 00:00:00,229.69152148489184,49.99515552390737
2023-12-22 01:00:00,232.14376003468513,49.99396487512704
2023-12-22 02:00:00,230.62413575929085,50.00028877925778
2023-12-22 03:00:00,229.88172155996193,49.98783218949547
2023-12-22 04:00:00,230.6271928956665,50.00369181785408
2023-12-22 05:00:00,230.58827246001115,50.022690650729466
2023-12-22 06:00:00,229.91047096908878,50.00724519920721
2023-12-22 07:00:00,229.02167555688914,50.00404611604454
2023-12-22 08:00:00,229.62027387022238,50.00902221639716
2023-12-22 09:00:00,226.9123284100954,50.02473113607077
2023-12-22 10:00:00,229.3782110347384,49.99608894984975
2023-12-22 11:00:00,230.65888772448523,49.99614971655747
2023-12-22 12:00:00,230.29743086178937,49.994484908143775
2023-12-22 13:00:00,229.73359611128134,49.985208398341065
2023-12-22 14:00:00,230.47961120797086,50.00151869569794
2023-12-22 15:00:00,230.9661827744016,50.00031354601901
2023-12-22 16:00:00,230.12981574936393,50.00312495404662
2023-12-22 17:00:00,229.74193402488146,49.989685687488866
2023-12-22 18:00:00,229.76706149213769,49.981000185052636
2023-12-22 19:00:00,229.11442407100162,49.98037846059982
2023-12-22 20:00:00,230.81065320609096,50.00313216085067
2023-12-22 21:00:00,232.0780665501095,50.003624809879206
2023-12-22 22:00:00,228.7387454605441,50.017424692828364
2023-12-22 23:00:00,229.4587790591091,50.01173022534396
2023-12-23 00:00:00,230.31041927648363,49.986737464981616
2023-12-23 01:00:00,229.69478700108826,49.98905364180409
2023-12-23 02:00:00,230.62871594116763,50.00517824804885
2023-12-23 03:00:00,229.1368223070203,50.00035216387257
2023-12-23 04:00:00,227.935352396753,50.009810715810104
2023-12-23 05:00:00,230.94081778499736,50.01375753694056
2023-12-23 06:00:00,230.76957327109844,50.00382456088326
2023-12-23 07:00:00,230.85750609982276,50.00063287537812
2023-12-23 08:00:00,231.96285684815373,49.98983302775731
2023-12-23 09:00:00,229.52148311065469,49.99021090008218
2023-12-23 10:00:00,231.85474105881923,50.006470630959996
2023-12-23 11:00:00,231.52130568287342,49.98772633575205
2023-12-23 12:00:00,229.70490628388652,49.99622221495465
2023-12-23 13:00:00,228.83562279717444,49.98850218145374
2023-12-23 14:00:00,229.02070188977015,49.990090163654386
2023-12-23 15:00:00,230.68402112056916,49.998184836559005
2023-12-23 16:00:00,228.94776544670955,49.997124380820026
2023-12-23 17:00:00,230.23176447019813,50.005947741526164
2023-12-23 18:00:00,229.78300944550895,50.01249523227619
2023-12-23 19:00:00,230.25998193910277,49.99758549372747
2023-12-23 20:00:00,230.91689476472206,49.98790396555354
2023-12-23 21:00:00,230.4060943504258,49.996655203011386
2023-12-23 22:00:00,230.87025874773116,50.00956229826555
2023-12-23 23:00:00,231.9223088002122,49.99011060029483
2023-12-24 00:00:00,228.08395697922091,49.989334035439796
2023-12-24 01:00:00,230.2776141450608,49.98567586802392
2023-12-24 02:00:00,229.95686061130422,50.014036238486845
2023-12-24 03:00:00,230.01128523157254,49.97724777553084
2023-12-24 04:00:00,227.94946344126512,49.989151800823485
2023-12-24 05:00:00,230.21671631238348,49.98893245177147
2023-12-24 06:00:00,229.49470049729962,49.99618636813842
2023-12-24 07:00:00,230.70418063085236,49.99363546226376
2023-12-24 08:00:00,232.56888843001073,50.00132013820125
2023-12-24 09:00:00,228.89960585807796,49.99460031076087
2023-12-24 10:00:00,230.36467878375717,49.99002964691901
2023-12-24 11:00:00,228.21077969216682,49.99530600162572
2023-12-24 12:00:00,230.14805617775932,49.987744443164836
2023-12-24 13:00:00,230.94957590520076,50.0102841229394
2023-12-24 14:00:00,230.48379052295957,50.01349363700326
2023-12-24 15:00:00,231.36305754471655,49.981574733885594
2023-12-24 16:00:00,230.66946209517857,50.004643846218876
2023-12-24 17:00:00,228.253523953197,50.000956269038596
2023-12-24 18:00:00,231.87952752205504,50.00092002692781
2023-12-24 19:00:00,228.51858957304515,49.99491758154652
2023-12-24 20:00:00,231.8482914773393,49.9929282591899
2023-12-24 21:00:00,230.6791038033142,50.00940608835276
2023-12-24 22:00:00,230.3652288897487,50.009599856164755
2023-12-24 23:00:00,231.72379406200085,50.001141537684276
2023-12-25 00:00:00,230.58327638674763,49.98408215177012
2023-12-25 01:00:00,230.9753102262058,50.00064794215301
2023-12-25 02:00:00,230.19406256218664,49.99591935719964
2023-12-25 03:00:00,229.3741114099173,49.999362845670746
2023-12-25 04:00:00,228.95656851853653,50.00126199671798
2023-12-25 05:00:00,232.10862166303644,49.9988685970015
2023-12-25 06:00:00,231.5251988344941,50.00986060483338
2023-12-25 07:00:00,229.8749058120109,49.99334914348619
2023-12-25 08:00:00,229.38024517747914,50.00977159186079
2023-12-25 09:00:00,231.60693960373806,49.996491154951514
2023-12-25 10:00:00,230.94774821642739,50.0080468899741
2023-12-25 11:00:00,231.08248312949655,50.00902880218138
2023-12-25 12:00:00,231.32541942185236,50.00418567458493
2023-12-25 13:00:00,231.20507886370402,49.99413047882178
2023-12-25 14:00:00,231.96278419703634,49.98181482637829
2023-12-25 15:00:00,230.85059784206362,50.00473948593852
2023-12-25 16:00:00,228.68116003008564,49.99574678874744
2023-12-25 17:00:00,229.66500631710022,50.00094627244454
2023-12-25 18:00:00,230.50506361435652,50.009715863361095
2023-12-25 19:00:00,230.33748436348637,49.993036724947395
2023-12-25 20:00:00,230.81028420460882,50.001319891291665
2023-12-25 21:00:00,230.04350570875488,49.9837552574983
2023-12-25 22:00:00,228.55112412572996,50.003683794592824
2023-12-25 23:00:00,230.29821256265384,49.993887198237914
2023-12-26 00:00:00,228.1985104371058,49.977067876060204
2023-12-26 01:00:00,228.29886744043677,50.00426346755782
2023-12-26 02:00:00,230.53297882959953,50.026277020275955
2023-12-26 03:00:00,229.07473924307368,49.99966587475847
2023-12-26 04:00:00,229.5762981814799,49.989335450364315
2023-12-26 05:00:00,230.4982049810223,50.00633883484623
2023-12-26 06:00:00,229.45096033746043,49.99623974415818
2023-12-26 07:00:00,230.41520931271936,50.00450539179609
2023-12-26 08:00:00,231.19930635496593,49.99006396570773
2023-12-26 09:00:00,229.1592736629029,49.98464734767178
2023-12-26 10:00:00,229.44289503548723,50.00330469637927
2023-12-26 11:00:00,230.63543126832747,49.994289884347594
2023-12-26 12:00:00,229.56476755473423,49.99312424445418
2023-12-26 13:00:00,230.62923059926993,50.00964673332511
2023-12-26 14:00:00,230.51505800565292,49.99531887464352
2023-12-26 15:00:00,229.6709478327188,50.00436387028258
2023-12-26 16:00:00,231.32796587152083,49.99439175077566
2023-12-26 17:00:00,228.80060421378113,50.01203417558388
2023-12-26 18:00:00,230.61104782487183,50.01748435497918
2023-12-26 19:00:00,227.88473935261982,50.00679453677524
2023-12-26 20:00:00,230.09356002210652,49.99045928050864
2023-12-26 21:00:00,230.06054084925637,50.00821567294456
2023-12-26 22:00:00,228.7948295715168,49.99994217524239
2023-12-26 23:00:00,231.53430446981292,50.004358415837885
2023-12-27 00:00:00,228.90384809556576,49.99661980091848
2023-12-27 01:00:00,229.66238350947282,49.9959133771136
2023-12-27 02:00:00,231.180436150213,50.00244841270807
2023-12-27 03:00:00,230.22583561422482,50.0188921787587
2023-12-27 04:00:00,229.6130410208015,50.002946441203285
2023-12-27 05:00:00,229.40115269428858,49.99783406026472
2023-12-27 06:00:00,230.02113071867598,49.993182793404046
2023-12-27 07:00:00,229.61052309374534,49.996529704598764
2023-12-27 08:00:00,230.11585640948383,50.015539521282385
2023-12-27 09:00:00,229.35329717428772,49.995036386818725
2023-12-27 10:00:00,230.88674195037532,49.995816770380955
2023-12-27 11:00:00,229.36799508431884,49.98859441481397
2023-12-27 12:00:00,228.50922086984298,50.00738858564617
2023-12-27 13:00:00,232.8172261840509,50.00579483589326
2023-12-27 14:00:00,231.00175634713642,50.01351726273472
2023-12-27 15:00:00,229.32703587587707,50.00754556771562
2023-12-27 16:00:00,229.11570641655308,49.99869670327088
2023-12-27 17:00:00,230.68736923352435,50.01501566742446
2023-12-27 18:00:00,229.3540672734649,50.01313262176636
2023-12-27 19:00:00,231.0391588065091,50.0013308653842
2023-12-27 20:00:00,230.51884732209723,50.00399515934371
2023-12-27 21:00:00,230.29027249258104,49.983604880449114
2023-12-27 22:00:00,230.1896119014736,50.00290454486285
2023-12-27 23:00:00,231.46129075025263,50.00103608837264
2023-12-28 00:00:00,229.79964477793047,49.99931415996758
2023-12-28 01:00:00,230.1409672719314,50.00467588902977
2023-12-28 02:00:00,229.24311807590024,49.99075550007851
2023-12-28 03:00:00,230.60503727718776,50.02316338599528
2023-12-28 04:00:00,229.1364340193401,50.00755651320134
2023-12-28 05:00:00,231.22108630660102,50.00709725332301
2023-12-28 06:00:00,231.31832685421108,50.00708278250275
2023-12-28 07:00:00,228.33851240826553,50.009928334934706
2023-12-28 08:00:00,231.0262986620482,50.00128993915737
2023-12-28 09:00:00,228.758044423429,49.99425971935113
2023-12-28 10:00:00,229.56795444389456,49.98445785165522
2023-12-28 11:00:00,229.97751249333766,50.010677187862015
2023-12-28 12:00:00,229.5488322494775,50.00571470693268
2023-12-28 13:00:00,229.64382653272204,49.98768741578064
2023-12-28 14:00:00,230.80973484435268,49.98701882974231
2023-12-28 15:00:00,231.07038427640504,49.98186380540594
2023-12-28 16:00:00,229.88580980809596,49.99701286358362
2023-12-28 17:00:00,229.99744424030283,50.01158320535382
2023-12-28 18:00:00,230.63118553318336,49.985296412436625
2023-12-28 19:00:00,228.94725013530933,50.00081319354193
2023-12-28 20:00:00,230.03798304260206,49.984836582237655
2023-12-28 21:00:00,229.7764533136195,49.985468209684385
2023-12-28 22:00:00,230.28214398653944,49.99314329915167
2023-12-28 23:00:00,228.83356933075166,50.01808854474546
2023-12-29 00:00:00,230.3649011679278,49.99198114970007
2023-12-29 01:00:00,230.28364796363454,49.98597234281359
2023-12-29 02:00:00,231.97948573596165,49.99455289675161
2023-12-29 03:00:00,228.70654594055415,49.994708261582474
2023-12-29 04:00:00,232.3148079213411,49.99750606473817
2023-12-29 05:00:00,231.92360827471452,49.99331909761174
2023-12-29 06:00:00,231.2833181192252,49.994341797615895
2023-12-29 07:00:00,229.49492100578615,50.0040016770267
2023-12-29 08:00:00,230.98411031807194,49.99968437436869
2023-12-29 09:00:00,228.27303691701195,49.98998704465639
2023-12-29 10:00:00,227.96315321010258,50.00576214280298
2023-12-29 11:00:00,229.42373064579274,50.022111169293844
2023-12-29 12:00:00,229.02757173881375,50.00412644808343
2023-12-29 13:00:00,228.03509059800373,50.011785311652986
2023-12-29 14:00:00,231.62017910793438,49.9945230401119
2023-12-29 15:00:00,229.284389096362,50.00080090486673
2023-12-29 16:00:00,230.46518921661323,49.98888100868694
2023-12-29 17:00:00,232.8138672049643,49.97608035099811
2023-12-29 18:00:00,229.88786907360355,49.99270038699601
2023-12-29 19:00:00,228.71489289712915,49.99566752152118
2023-12-29 20:00:00,231.8667270380273,49.988447046413484
2023-12-29 21:00:00,229.85329677115845,49.99780727778793
2023-12-29 22:00:00,230.84870239340864,49.98764871711474
2023-12-29 23:00:00,227.27975812721027,50.01882422446912
2023-12-30 00:00:00,230.2968414955465,49.98727122374181
2023-12-30 01:00:00,229.93845609800326,49.991419887257024
2023-12-30 02:00:00,229.63288038987614,49.99362812232974
2023-12-30 03:00:00,230.96824929996185,50.00926679523628
2023-12-30 04:00:00,229.32636588136717,50.006954401402965
2023-12-30 05:00:00,229.7215176401656,50.000327641780615
2023-12-30 06:00:00,230.10427340475763,49.993464649129315
2023-12-30 07:00:00,230.86699566987397,49.972820699784926
2023-12-30 08:00:00,229.75213822916572,49.99123427499722
2023-12-30 09:00:00,229.84259999264302,50.00036751453957
2023-12-30 10:00:00,229.83437148414743,49.99588537938421
2023-12-30 11:00:00,229.82866646179968,50.01099110738328
2023-12-30 12:00:00,228.6822487439425,50.00474478168885
2023-12-30 13:00:00,230.75821229265685,49.99309875401812
2023-12-30 14:00:00,230.82605465617132,50.00671382879651
2023-12-30 15:00:00,228.37468387420836,49.98510921088557
2023-12-30 16:00:00,229.54788748126285,50.00271901591863
2023-12-30 17:00:00,231.3227929812906,50.00981336599046
2023-12-30 18:00:00,230.10606948992904,50.00569925686616
2023-12-30 19:00:00,229.67909170633789,49.9940766618479
2023-12-30 20:00:00,228.8853459472115,50.00797717532242
2023-12-30 21:00:00,231.25855580313612,49.98247401738138
2023-12-30 22:00:00,229.2987415935597,49.98841636973123
2023-12-30 23:00:00,230.68687412935614,49.990447532762744
2023-12-31 00:00:00,231.92122246568692,49.981750575442945
