Timestamp,Hour,Date,Load_Demand_MW,Solar_GHI_Wm2,Solar_Power_MW,Wind_Speed_ms,Wind_Power_MW,Voltage_pu,Frequency_Hz,THD_percent,Power_Factor,Renewable_Penetration_%
2023-01-01 00:00:00,0,2023-01-01,5877.28,0,0.0,5.27,5.27,1.0334,60.105,3.02,0.95,0.09
2023-01-01 01:00:00,1,2023-01-01,5468.67,0,0.0,9.28,28.77,1.0437,59.924,3.67,0.95,0.53
2023-01-01 02:00:00,2,2023-01-01,5302.35,0,0.0,6.05,7.97,0.9975,60.002,3.01,0.95,0.15
2023-01-01 03:00:00,3,2023-01-01,4966.13,0,0.0,9.55,31.36,1.0092,59.95,3.96,0.95,0.63
2023-01-01 04:00:00,4,2023-01-01,5171.93,0,0.0,7.54,15.43,1.0386,60.145,3.45,0.95,0.3
2023-01-01 05:00:00,5,2023-01-01,5186.89,0,0.0,6.38,9.35,0.9879,60.093,3.08,0.95,0.18
2023-01-01 06:00:00,6,2023-01-01,4973.91,0,0.0,9.39,29.81,1.0254,59.999,3.32,0.95,0.6
2023-01-01 07:00:00,7,2023-01-01,4813.58,0,0.0,7.4,14.59,0.9992,60.021,3.12,0.95,0.3
2023-01-01 08:00:00,8,2023-01-01,4660.42,241,28.92,9.84,34.3,1.0153,59.963,3.13,0.95,1.36
2023-01-01 09:00:00,9,2023-01-01,4698.71,371,44.52,7.11,12.94,0.9777,59.984,3.43,0.95,1.22
2023-01-01 10:00:00,10,2023-01-01,4978.7,551,66.12,7.56,15.55,1.0146,59.852,3.5,0.95,1.64
2023-01-01 11:00:00,11,2023-01-01,5311.93,617,74.04,6.09,8.13,0.9705,60.019,3.29,0.95,1.55
2023-01-01 12:00:00,12,2023-01-01,5482.43,715,85.8,7.29,13.95,0.993,59.976,3.72,0.949,1.82
2023-01-01 13:00:00,13,2023-01-01,5052.88,909,109.08,9.11,27.22,0.9806,59.879,3.76,0.949,2.7
2023-01-01 14:00:00,14,2023-01-01,5687.63,664,79.68,9.8,33.88,0.9838,59.797,3.15,0.949,2.0
2023-01-01 15:00:00,15,2023-01-01,5941.89,501,60.12,5.65,6.49,0.9957,59.981,3.22,0.95,1.12
2023-01-01 16:00:00,16,2023-01-01,6050.77,308,36.96,7.77,16.89,1.0047,59.953,3.71,0.95,0.89
2023-01-01 17:00:00,17,2023-01-01,5863.52,0,0.0,8.76,24.2,1.0197,59.997,3.94,0.95,0.41
2023-01-01 18:00:00,18,2023-01-01,6590.4,0,0.0,5.26,5.24,1.0353,59.91,3.63,0.95,0.08
2023-01-01 19:00:00,19,2023-01-01,7124.64,0,0.0,5.9,7.39,0.9922,59.909,3.59,0.95,0.1
2023-01-01 20:00:00,20,2023-01-01,7077.98,0,0.0,6.77,11.17,1.0186,60.131,3.06,0.95,0.16
2023-01-01 21:00:00,21,2023-01-01,6534.16,0,0.0,8.22,19.99,1.0364,59.97,3.44,0.95,0.31
2023-01-01 22:00:00,22,2023-01-01,5989.15,0,0.0,5.59,6.29,0.9867,60.072,3.23,0.95,0.11
2023-01-01 23:00:00,23,2023-01-01,6234.44,0,0.0,6.7,10.83,0.9925,60.007,3.54,0.95,0.17
2023-01-02 00:00:00,0,2023-01-02,7328.05,0,0.0,5.98,7.7,0.9793,60.188,3.51,0.95,0.11
2023-01-02 01:00:00,1,2023-01-02,7180.28,0,0.0,9.47,30.57,1.0355,59.81,3.93,0.95,0.43
2023-01-02 02:00:00,2,2023-01-02,6326.57,0,0.0,9.63,32.15,0.9647,60.067,3.87,0.95,0.51
2023-01-02 03:00:00,3,2023-01-02,6292.47,0,0.0,8.9,25.38,1.0022,59.889,3.12,0.95,0.4
2023-01-02 04:00:00,4,2023-01-02,6606.55,0,0.0,9.12,27.31,0.9956,60.094,3.58,0.95,0.41
2023-01-02 05:00:00,5,2023-01-02,6093.85,0,0.0,9.02,26.42,1.0564,60.017,3.84,0.95,0.43
2023-01-02 06:00:00,6,2023-01-02,5888.65,0,0.0,5.42,5.73,0.9998,60.249,3.11,0.95,0.1
2023-01-02 07:00:00,7,2023-01-02,5592.51,3,0.36,5.5,5.99,1.0071,60.04,3.13,0.95,0.11
2023-01-02 08:00:00,8,2023-01-02,5749.85,269,32.28,5.42,5.73,1.0179,59.943,3.94,0.95,0.66
2023-01-02 09:00:00,9,2023-01-02,5281.41,565,67.8,7.48,15.07,0.9961,59.949,3.11,0.95,1.57
2023-01-02 10:00:00,10,2023-01-02,6056.76,769,92.28,8.26,20.29,1.0274,60.079,3.16,0.949,1.86
2023-01-02 11:00:00,11,2023-01-02,5962.83,637,76.44,9.26,28.58,0.9814,60.125,3.68,0.949,1.76
2023-01-02 12:00:00,12,2023-01-02,6192.56,984,118.08,9.24,28.4,1.0057,59.89,3.07,0.949,2.37
2023-01-02 13:00:00,13,2023-01-02,6455.79,728,87.36,6.81,11.37,0.9891,60.083,3.28,0.95,1.53
2023-01-02 14:00:00,14,2023-01-02,7428.56,770,92.4,9.04,26.6,0.9997,59.85,3.18,0.95,1.6
2023-01-02 15:00:00,15,2023-01-02,7082.77,555,66.6,6.87,11.67,0.9993,60.042,3.42,0.95,1.11
2023-01-02 16:00:00,16,2023-01-02,6669.97,249,29.88,8.98,26.07,0.982,60.052,3.8,0.95,0.84
2023-01-02 17:00:00,17,2023-01-02,7311.9,6,0.72,8.97,25.98,0.9673,60.015,3.97,0.95,0.37
2023-01-02 18:00:00,18,2023-01-02,7004.99,0,0.0,7.27,13.83,1.0021,60.103,3.19,0.95,0.2
2023-01-02 19:00:00,19,2023-01-02,7610.43,0,0.0,5.88,7.32,0.9953,60.063,3.83,0.95,0.1
2023-01-02 20:00:00,20,2023-01-02,7518.3,0,0.0,6.18,8.5,1.0044,59.937,3.14,0.95,0.11
2023-01-02 21:00:00,21,2023-01-02,7695.98,0,0.0,7.86,17.48,1.006,60.008,3.06,0.95,0.23
2023-01-02 22:00:00,22,2023-01-02,7423.17,0,0.0,7.04,12.56,1.0042,59.871,3.35,0.95,0.17
2023-01-02 23:00:00,23,2023-01-02,7375.31,0,0.0,6.99,12.3,0.9799,59.982,3.91,0.95,0.17
2023-01-03 00:00:00,0,2023-01-03,7519.49,0,0.0,9.64,32.25,0.9619,60.076,3.91,0.95,0.43
2023-01-03 01:00:00,1,2023-01-03,6420.5,0,0.0,6.63,10.49,1.0245,60.102,3.65,0.95,0.16
2023-01-03 02:00:00,2,2023-01-03,6986.45,0,0.0,7.27,13.83,1.0092,60.141,3.87,0.95,0.2
2023-01-03 03:00:00,3,2023-01-03,6730.99,0,0.0,6.58,10.26,0.9873,60.044,3.1,0.95,0.15
2023-01-03 04:00:00,4,2023-01-03,6738.77,0,0.0,9.27,28.68,0.9999,59.946,3.24,0.95,0.43
2023-01-03 05:00:00,5,2023-01-03,6192.56,0,0.0,9.04,26.6,0.9911,59.906,3.1,0.95,0.43
2023-01-03 06:00:00,6,2023-01-03,5532.68,0,0.0,8.57,22.66,0.968,59.944,3.21,0.95,0.41
2023-01-03 07:00:00,7,2023-01-03,5462.09,4,0.48,7.59,15.74,1.0229,60.084,3.08,0.95,0.3
2023-01-03 08:00:00,8,2023-01-03,5865.31,219,26.28,7.12,12.99,0.9993,60.057,3.82,0.95,0.67
2023-01-03 09:00:00,9,2023-01-03,5927.53,523,62.76,8.72,23.87,0.987,59.939,3.22,0.95,1.46
2023-01-03 10:00:00,10,2023-01-03,5766.6,708,84.96,8.57,22.66,1.0032,60.042,3.17,0.949,1.87
2023-01-03 11:00:00,11,2023-01-03,5691.82,684,82.08,7.97,18.23,1.0243,60.28,3.96,0.949,1.76
2023-01-03 12:00:00,12,2023-01-03,6034.02,792,95.04,5.69,6.63,0.9759,60.072,3.16,0.949,1.68
2023-01-03 13:00:00,13,2023-01-03,6151.88,860,103.2,5.92,7.47,1.0184,60.094,3.28,0.949,1.8
2023-01-03 14:00:00,14,2023-01-03,6499.47,571,68.52,9.92,35.14,0.973,59.972,3.8,0.95,1.59
2023-01-03 15:00:00,15,2023-01-03,7150.97,437,52.44,8.6,22.9,0.9846,60.133,4.01,0.95,1.05
2023-01-03 16:00:00,16,2023-01-03,7641.54,208,24.96,6.66,10.63,0.9835,60.122,3.35,0.95,0.47
2023-01-03 17:00:00,17,2023-01-03,6515.02,8,0.96,8.95,25.81,1.0045,59.955,3.54,0.95,0.41
2023-01-03 18:00:00,18,2023-01-03,7177.29,0,0.0,7.76,16.82,0.9978,59.886,3.3,0.95,0.23
2023-01-03 19:00:00,19,2023-01-03,7966.39,0,0.0,5.19,5.03,0.9665,60.145,3.27,0.95,0.06
2023-01-03 20:00:00,20,2023-01-03,7141.99,0,0.0,6.77,11.17,0.9804,59.957,3.49,0.95,0.16
2023-01-03 21:00:00,21,2023-01-03,7373.52,0,0.0,5.83,7.13,0.9802,60.004,3.01,0.95,0.1
2023-01-03 22:00:00,22,2023-01-03,8002.29,0,0.0,9.68,32.65,1.0057,60.062,3.4,0.95,0.41
2023-01-03 23:00:00,23,2023-01-03,7857.51,0,0.0,6.58,10.26,0.9884,60.147,3.13,0.95,0.13
2023-01-04 00:00:00,0,2023-01-04,7381.89,0,0.0,9.75,33.37,0.9922,60.099,3.06,0.95,0.45
2023-01-04 01:00:00,1,2023-01-04,6857.22,0,0.0,6.66,10.63,1.0205,59.978,3.59,0.95,0.16
2023-01-04 02:00:00,2,2023-01-04,6142.31,0,0.0,6.02,7.85,0.9846,59.941,3.72,0.95,0.13
2023-01-04 03:00:00,3,2023-01-04,6808.76,0,0.0,9.71,32.96,1.0459,59.985,3.18,0.95,0.48
2023-01-04 04:00:00,4,2023-01-04,5940.1,0,0.0,7.71,16.5,0.9946,59.871,3.7,0.95,0.28
2023-01-04 05:00:00,5,2023-01-04,5892.83,0,0.0,6.01,7.81,1.0166,60.047,3.54,0.95,0.13
2023-01-04 06:00:00,6,2023-01-04,5761.81,0,0.0,9.27,28.68,0.987,60.079,3.46,0.95,0.5
2023-01-04 07:00:00,7,2023-01-04,5663.1,9,1.08,6.98,12.24,1.0411,60.04,3.9,0.95,0.24
2023-01-04 08:00:00,8,2023-01-04,5602.08,227,27.24,7.4,14.59,0.9605,60.052,3.11,0.95,0.75
2023-01-04 09:00:00,9,2023-01-04,5545.25,519,62.28,8.3,20.58,1.0183,60.109,3.4,0.95,1.49
2023-01-04 10:00:00,10,2023-01-04,5886.25,714,85.68,8.01,18.5,0.95,60.026,3.74,0.949,1.77
2023-01-04 11:00:00,11,2023-01-04,5790.53,583,69.96,5.36,5.54,0.9795,60.079,3.36,0.95,1.3
2023-01-04 12:00:00,12,2023-01-04,5743.27,626,75.12,6.23,8.7,0.9911,60.213,3.98,0.95,1.46
2023-01-04 13:00:00,13,2023-01-04,6552.71,806,96.72,9.44,30.28,1.0296,59.845,3.62,0.949,1.94
2023-01-04 14:00:00,14,2023-01-04,6224.27,797,95.64,9.26,28.58,1.0419,59.94,3.57,0.949,2.0
2023-01-04 15:00:00,15,2023-01-04,7283.78,451,54.12,5.52,6.06,0.9867,59.956,3.51,0.95,0.83
2023-01-04 16:00:00,16,2023-01-04,7068.41,212,25.44,8.98,26.07,0.9772,59.953,3.92,0.95,0.73
2023-01-04 17:00:00,17,2023-01-04,6847.65,19,2.28,5.73,6.77,0.9952,60.16,3.4,0.95,0.13
2023-01-04 18:00:00,18,2023-01-04,7674.44,0,0.0,8.23,20.07,1.0065,60.004,3.95,0.95,0.26
2023-01-04 19:00:00,19,2023-01-04,7351.98,0,0.0,8.22,19.99,0.9614,60.089,3.76,0.95,0.27
2023-01-04 20:00:00,20,2023-01-04,7472.83,0,0.0,7.05,12.61,0.9938,60.139,3.48,0.95,0.17
2023-01-04 21:00:00,21,2023-01-04,7157.55,0,0.0,6.72,10.92,1.0262,60.082,3.72,0.95,0.15
2023-01-04 22:00:00,22,2023-01-04,7737.26,0,0.0,9.94,35.36,1.0002,59.937,3.77,0.95,0.46
2023-01-04 23:00:00,23,2023-01-04,6753.72,0,0.0,5.2,5.06,1.0079,59.956,3.29,0.95,0.07
2023-01-05 00:00:00,0,2023-01-05,6634.07,0,0.0,9.91,35.04,1.0335,59.971,3.12,0.95,0.53
2023-01-05 01:00:00,1,2023-01-05,6504.85,0,0.0,6.47,9.75,0.9715,59.857,3.6,0.95,0.15
2023-01-05 02:00:00,2,2023-01-05,6833.89,0,0.0,7.1,12.88,1.0119,59.801,3.42,0.95,0.19
2023-01-05 03:00:00,3,2023-01-05,6010.09,0,0.0,5.68,6.6,0.9823,60.078,3.61,0.95,0.11
2023-01-05 04:00:00,4,2023-01-05,6306.83,0,0.0,9.26,28.58,0.9867,59.981,3.4,0.95,0.45
2023-01-05 05:00:00,5,2023-01-05,5531.49,0,0.0,7.57,15.62,1.0004,60.198,3.48,0.95,0.28
2023-01-05 06:00:00,6,2023-01-05,5627.21,0,0.0,5.57,6.22,1.0141,59.843,3.33,0.95,0.11
2023-01-05 07:00:00,7,2023-01-05,5830.02,13,1.56,9.95,35.46,0.9878,59.975,3.24,0.95,0.63
2023-01-05 08:00:00,8,2023-01-05,5724.12,299,35.88,7.86,17.48,0.9606,60.192,3.96,0.95,0.93
2023-01-05 09:00:00,9,2023-01-05,5470.46,528,63.36,6.04,7.93,0.9941,59.903,3.54,0.95,1.3
2023-01-05 10:00:00,10,2023-01-05,5831.21,784,94.08,7.97,18.23,1.0086,59.943,3.21,0.949,1.93
2023-01-05 11:00:00,11,2023-01-05,5745.06,914,109.68,7.89,17.68,0.9825,59.942,3.05,0.949,2.22
2023-01-05 12:00:00,12,2023-01-05,5564.99,907,108.84,8.53,22.34,1.0274,59.975,3.8,0.949,2.36
2023-01-05 13:00:00,13,2023-01-05,6081.88,907,108.84,6.23,8.7,1.0129,60.093,3.47,0.949,1.93
2023-01-05 14:00:00,14,2023-01-05,6852.44,790,94.8,8.79,24.45,0.9923,59.966,3.68,0.949,1.74
2023-01-05 15:00:00,15,2023-01-05,7286.17,470,56.4,6.47,9.75,0.9915,60.125,3.15,0.95,0.91
2023-01-05 16:00:00,16,2023-01-05,6913.46,285,34.2,9.16,27.67,0.9761,59.718,3.13,0.95,0.89
2023-01-05 17:00:00,17,2023-01-05,6869.79,26,3.12,8.27,20.36,0.9951,60.028,3.08,0.95,0.34
2023-01-05 18:00:00,18,2023-01-05,7134.81,0,0.0,8.5,22.11,0.9879,59.933,3.7,0.95,0.31
2023-01-05 19:00:00,19,2023-01-05,8310.39,0,0.0,7.39,14.53,0.9877,60.03,3.18,0.95,0.17
2023-01-05 20:00:00,20,2023-01-05,8223.04,0,0.0,9.08,26.95,1.0053,60.089,3.87,0.95,0.33
2023-01-05 21:00:00,21,2023-01-05,7493.17,0,0.0,8.44,21.64,1.0165,60.011,3.39,0.95,0.29
2023-01-05 22:00:00,22,2023-01-05,6584.42,0,0.0,8.35,20.96,1.026,60.072,3.06,0.95,0.32
2023-01-05 23:00:00,23,2023-01-05,7029.52,0,0.0,9.94,35.36,1.0073,59.92,3.15,0.95,0.5
2023-01-06 00:00:00,0,2023-01-06,7128.83,0,0.0,8.0,18.43,0.9818,60.097,3.34,0.95,0.26
2023-01-06 01:00:00,1,2023-01-06,6701.68,0,0.0,8.19,19.78,1.0022,59.994,3.49,0.95,0.3
2023-01-06 02:00:00,2,2023-01-06,6893.12,0,0.0,8.89,25.29,1.0093,59.891,3.26,0.95,0.37
2023-01-06 03:00:00,3,2023-01-06,6288.28,0,0.0,9.9,34.93,0.9847,59.984,3.99,0.95,0.56
2023-01-06 04:00:00,4,2023-01-06,5815.06,0,0.0,9.84,34.3,1.017,59.935,3.04,0.95,0.59
2023-01-06 05:00:00,5,2023-01-06,6077.69,0,0.0,8.12,19.27,0.9863,59.976,3.61,0.95,0.32
2023-01-06 06:00:00,6,2023-01-06,5564.39,0,0.0,9.25,28.49,1.0071,60.14,3.05,0.95,0.51
2023-01-06 07:00:00,7,2023-01-06,5448.33,14,1.68,7.12,12.99,0.9996,60.2,3.77,0.95,0.27
2023-01-06 08:00:00,8,2023-01-06,5752.84,277,33.24,7.23,13.61,0.9935,59.988,3.17,0.95,0.81
2023-01-06 09:00:00,9,2023-01-06,5825.83,548,65.76,7.46,14.95,0.9563,59.86,3.9,0.95,1.39
2023-01-06 10:00:00,10,2023-01-06,5922.15,530,63.6,9.42,30.09,1.0118,60.025,3.11,0.95,1.58
2023-01-06 11:00:00,11,2023-01-06,6128.55,886,106.32,7.96,18.16,0.9834,59.799,3.29,0.949,2.03
2023-01-06 12:00:00,12,2023-01-06,5940.69,642,77.04,6.62,10.44,1.0063,59.932,3.51,0.95,1.47
2023-01-06 13:00:00,13,2023-01-06,6579.03,749,89.88,5.54,6.12,1.0583,59.878,3.51,0.95,1.46
2023-01-06 14:00:00,14,2023-01-06,6271.53,559,67.08,7.43,14.77,0.9866,59.971,3.49,0.95,1.31
2023-01-06 15:00:00,15,2023-01-06,6930.21,468,56.16,5.69,6.63,0.9568,59.8,3.84,0.95,0.91
2023-01-06 16:00:00,16,2023-01-06,7603.25,259,31.08,9.4,29.9,0.9975,59.992,3.35,0.95,0.8
2023-01-06 17:00:00,17,2023-01-06,7229.94,26,3.12,8.74,24.03,0.9902,59.903,3.9,0.95,0.38
2023-01-06 18:00:00,18,2023-01-06,7387.88,0,0.0,8.35,20.96,0.9783,59.968,3.04,0.95,0.28
2023-01-06 19:00:00,19,2023-01-06,7470.44,0,0.0,8.35,20.96,1.0359,59.907,3.42,0.95,0.28
2023-01-06 20:00:00,20,2023-01-06,7878.45,0,0.0,7.74,16.69,0.9984,60.139,3.86,0.95,0.21
2023-01-06 21:00:00,21,2023-01-06,7360.96,0,0.0,8.26,20.29,0.997,59.785,3.48,0.95,0.28
2023-01-06 22:00:00,22,2023-01-06,6895.51,0,0.0,6.63,10.49,0.9851,60.127,3.09,0.95,0.15
2023-01-06 23:00:00,23,2023-01-06,7010.98,0,0.0,5.96,7.62,0.9668,60.07,3.3,0.95,0.11
2023-01-07 00:00:00,0,2023-01-07,5626.61,0,0.0,5.17,4.97,1.0102,59.944,3.68,0.95,0.09
2023-01-07 01:00:00,1,2023-01-07,5684.64,0,0.0,6.88,11.72,0.9852,60.021,3.99,0.95,0.21
2023-01-07 02:00:00,2,2023-01-07,5782.16,0,0.0,6.15,8.37,0.9831,59.997,3.15,0.95,0.14
2023-01-07 03:00:00,3,2023-01-07,5305.94,0,0.0,9.1,27.13,0.984,60.158,3.42,0.95,0.51
2023-01-07 04:00:00,4,2023-01-07,5113.9,0,0.0,9.63,32.15,1.0168,59.966,3.36,0.95,0.63
2023-01-07 05:00:00,5,2023-01-07,4879.98,0,0.0,8.49,22.03,0.9938,59.9,3.01,0.95,0.45
2023-01-07 06:00:00,6,2023-01-07,4451.63,0,0.0,8.95,25.81,0.9768,60.129,3.8,0.95,0.58
2023-01-07 07:00:00,7,2023-01-07,4208.74,18,2.16,5.01,4.53,0.9914,60.02,3.54,0.95,0.16
2023-01-07 08:00:00,8,2023-01-07,4534.19,204,24.48,7.41,14.65,1.0485,60.142,3.33,0.95,0.86
2023-01-07 09:00:00,9,2023-01-07,5044.5,384,46.08,8.59,22.82,0.9953,60.047,3.14,0.95,1.37
2023-01-07 10:00:00,10,2023-01-07,4598.2,658,78.96,5.74,6.81,0.9894,59.949,3.79,0.949,1.87
2023-01-07 11:00:00,11,2023-01-07,4713.67,897,107.64,9.09,27.04,0.9961,59.96,3.44,0.949,2.86
2023-01-07 12:00:00,12,2023-01-07,5545.84,851,102.12,7.55,15.49,0.997,59.96,3.98,0.949,2.12
2023-01-07 13:00:00,13,2023-01-07,5087.58,732,87.84,8.19,19.78,0.9854,59.966,3.66,0.949,2.12
2023-01-07 14:00:00,14,2023-01-07,5853.35,734,88.08,6.26,8.83,0.9731,60.005,3.47,0.95,1.66
2023-01-07 15:00:00,15,2023-01-07,5612.85,586,70.32,8.03,18.64,0.9937,60.033,3.61,0.95,1.58
2023-01-07 16:00:00,16,2023-01-07,5898.22,288,34.56,7.35,14.29,1.0048,60.035,3.5,0.95,0.83
2023-01-07 17:00:00,17,2023-01-07,6404.34,27,3.24,9.89,34.83,1.0053,60.041,3.67,0.95,0.59
2023-01-07 18:00:00,18,2023-01-07,6251.79,0,0.0,5.72,6.74,1.0211,60.145,3.81,0.95,0.11
2023-01-07 19:00:00,19,2023-01-07,6485.11,0,0.0,7.39,14.53,1.0057,59.977,3.6,0.95,0.22
2023-01-07 20:00:00,20,2023-01-07,6677.75,0,0.0,6.13,8.29,0.9964,60.001,3.85,0.95,0.12
2023-01-07 21:00:00,21,2023-01-07,5792.92,0,0.0,5.54,6.12,1.0326,60.119,3.01,0.95,0.11
2023-01-07 22:00:00,22,2023-01-07,6598.78,0,0.0,5.04,4.61,1.022,60.038,3.45,0.95,0.07
2023-01-07 23:00:00,23,2023-01-07,6165.04,0,0.0,6.38,9.35,1.0256,59.869,3.45,0.95,0.15
2023-01-08 00:00:00,0,2023-01-08,6278.11,0,0.0,8.1,19.13,0.996,60.08,3.58,0.95,0.3
2023-01-08 01:00:00,1,2023-01-08,5736.69,0,0.0,9.76,33.47,0.997,59.897,3.25,0.95,0.58
2023-01-08 02:00:00,2,2023-01-08,5244.32,0,0.0,5.97,7.66,1.0075,60.153,3.44,0.95,0.15
2023-01-08 03:00:00,3,2023-01-08,5466.28,0,0.0,7.41,14.65,0.9917,60.001,3.21,0.95,0.27
2023-01-08 04:00:00,4,2023-01-08,5264.66,0,0.0,5.24,5.18,1.0392,59.984,3.44,0.95,0.1
2023-01-08 05:00:00,5,2023-01-08,4631.11,0,0.0,6.11,8.21,0.9976,59.97,3.14,0.95,0.18
2023-01-08 06:00:00,6,2023-01-08,5060.66,0,0.0,7.67,16.24,0.9946,59.872,3.64,0.95,0.32
2023-01-08 07:00:00,7,2023-01-08,4860.84,21,2.52,6.29,8.96,1.0016,59.863,3.33,0.95,0.24
2023-01-08 08:00:00,8,2023-01-08,4401.38,258,30.96,9.48,30.67,1.0232,60.076,3.82,0.95,1.4
2023-01-08 09:00:00,9,2023-01-08,4512.65,488,58.56,9.09,27.04,0.9798,60.083,3.5,0.949,1.9
2023-01-08 10:00:00,10,2023-01-08,4651.45,515,61.8,8.17,19.63,0.9966,60.105,3.27,0.949,1.75
2023-01-08 11:00:00,11,2023-01-08,5011.6,626,75.12,9.1,27.13,1.0021,59.863,3.47,0.949,2.04
2023-01-08 12:00:00,12,2023-01-08,5173.13,628,75.36,9.59,31.75,0.9988,59.81,3.38,0.949,2.07
2023-01-08 13:00:00,13,2023-01-08,5066.64,781,93.72,5.41,5.7,0.9791,59.944,3.9,0.949,1.96
2023-01-08 14:00:00,14,2023-01-08,5585.33,553,66.36,6.67,10.68,1.0297,59.918,3.03,0.95,1.38
2023-01-08 15:00:00,15,2023-01-08,5053.48,449,53.88,8.06,18.85,0.9873,60.031,3.47,0.95,1.44
2023-01-08 16:00:00,16,2023-01-08,5650.54,297,35.64,7.85,17.41,0.9987,59.925,3.56,0.95,0.94
2023-01-08 17:00:00,17,2023-01-08,6211.11,38,4.56,7.54,15.43,1.0149,60.044,3.66,0.95,0.32
2023-01-08 18:00:00,18,2023-01-08,6132.73,0,0.0,5.54,6.12,1.0017,60.077,3.1,0.95,0.1
2023-01-08 19:00:00,19,2023-01-08,6768.08,0,0.0,9.61,31.95,0.9872,60.03,3.17,0.95,0.47
2023-01-08 20:00:00,20,2023-01-08,6626.89,0,0.0,8.05,18.78,1.0244,59.928,3.53,0.95,0.28
2023-01-08 21:00:00,21,2023-01-08,6109.4,0,0.0,8.59,22.82,1.0184,60.056,3.24,0.95,0.37
2023-01-08 22:00:00,22,2023-01-08,6238.63,0,0.0,8.67,23.46,0.9651,60.086,3.35,0.95,0.38
2023-01-08 23:00:00,23,2023-01-08,6873.97,0,0.0,8.26,20.29,1.0154,60.019,3.55,0.95,0.3
2023-01-09 00:00:00,0,2023-01-09,7051.66,0,0.0,5.47,5.89,0.9597,60.014,3.24,0.95,0.08
2023-01-09 01:00:00,1,2023-01-09,7440.52,0,0.0,7.5,15.19,1.0204,60.049,3.58,0.95,0.2
2023-01-09 02:00:00,2,2023-01-09,6422.89,0,0.0,6.81,11.37,0.9918,60.029,3.14,0.95,0.18
2023-01-09 03:00:00,3,2023-01-09,6255.38,0,0.0,6.22,8.66,1.0221,59.945,3.59,0.95,0.14
2023-01-09 04:00:00,4,2023-01-09,6346.91,0,0.0,5.98,7.7,0.9591,59.895,3.66,0.95,0.12
2023-01-09 05:00:00,5,2023-01-09,5439.35,0,0.0,6.26,8.83,0.9803,60.072,3.78,0.95,0.16
2023-01-09 06:00:00,6,2023-01-09,5833.01,0,0.0,6.76,11.12,0.9923,59.943,3.82,0.95,0.19
2023-01-09 07:00:00,7,2023-01-09,5937.7,22,2.64,7.18,13.33,0.9764,59.879,3.13,0.95,0.27
2023-01-09 08:00:00,8,2023-01-09,5313.72,197,23.64,7.49,15.13,0.9952,60.09,3.86,0.95,0.73
2023-01-09 09:00:00,9,2023-01-09,5394.48,416,49.92,7.21,13.49,1.0396,60.16,3.59,0.95,1.18
2023-01-09 10:00:00,10,2023-01-09,5950.27,701,84.12,8.28,20.44,0.9669,59.934,3.79,0.949,1.76
2023-01-09 11:00:00,11,2023-01-09,6019.66,927,111.24,8.72,23.87,0.964,60.119,3.88,0.949,2.24
2023-01-09 12:00:00,12,2023-01-09,5823.44,636,76.32,5.24,5.18,0.9868,60.054,3.09,0.95,1.4
2023-01-09 13:00:00,13,2023-01-09,5949.67,817,98.04,5.71,6.7,1.0118,59.925,3.33,0.949,1.76
2023-01-09 14:00:00,14,2023-01-09,6121.37,554,66.48,8.98,26.07,1.0121,60.069,3.22,0.95,1.51
2023-01-09 15:00:00,15,2023-01-09,6703.47,421,50.52,7.19,13.38,1.0309,59.902,3.53,0.95,0.95
2023-01-09 16:00:00,16,2023-01-09,6742.36,318,38.16,5.11,4.8,0.999,60.03,3.32,0.95,0.64
2023-01-09 17:00:00,17,2023-01-09,7885.03,42,5.04,7.34,14.24,1.0027,60.094,3.52,0.95,0.24
2023-01-09 18:00:00,18,2023-01-09,6649.63,0,0.0,5.52,6.06,1.0157,60.049,3.9,0.95,0.09
2023-01-09 19:00:00,19,2023-01-09,8209.88,0,0.0,6.73,10.97,0.9885,60.007,3.87,0.95,0.13
2023-01-09 20:00:00,20,2023-01-09,6806.37,0,0.0,6.38,9.35,1.0157,59.931,3.22,0.95,0.14
2023-01-09 21:00:00,21,2023-01-09,7891.01,0,0.0,8.31,20.66,1.036,59.932,3.43,0.95,0.26
2023-01-09 22:00:00,22,2023-01-09,7611.03,0,0.0,7.45,14.89,1.0009,59.899,3.7,0.95,0.2
2023-01-09 23:00:00,23,2023-01-09,7218.57,0,0.0,7.24,13.66,0.9781,60.065,3.77,0.95,0.19
2023-01-10 00:00:00,0,2023-01-10,7030.72,0,0.0,6.43,9.57,1.016,59.796,3.91,0.95,0.14
2023-01-10 01:00:00,1,2023-01-10,6549.12,0,0.0,8.88,25.21,0.9873,60.09,3.57,0.95,0.38
2023-01-10 02:00:00,2,2023-01-10,6964.31,0,0.0,7.3,14.0,0.9941,59.818,3.76,0.95,0.2
2023-01-10 03:00:00,3,2023-01-10,5666.69,0,0.0,7.9,17.75,0.9608,59.988,3.21,0.95,0.31
2023-01-10 04:00:00,4,2023-01-10,5443.54,0,0.0,8.88,25.21,0.9946,60.089,3.34,0.95,0.46
2023-01-10 05:00:00,5,2023-01-10,6347.51,0,0.0,5.84,7.17,0.9728,60.041,3.53,0.95,0.11
2023-01-10 06:00:00,6,2023-01-10,5576.35,0,0.0,9.0,26.24,0.9969,59.889,3.99,0.95,0.47
2023-01-10 07:00:00,7,2023-01-10,5507.56,22,2.64,7.92,17.88,1.0254,60.115,3.11,0.95,0.37
2023-01-10 08:00:00,8,2023-01-10,5559.6,327,39.24,5.37,5.57,0.9977,59.944,3.63,0.95,0.81
2023-01-10 09:00:00,9,2023-01-10,5527.9,593,71.16,7.77,16.89,1.0453,60.086,3.3,0.95,1.59
2023-01-10 10:00:00,10,2023-01-10,5123.47,764,91.68,8.27,20.36,1.0196,59.814,3.09,0.949,2.19
2023-01-10 11:00:00,11,2023-01-10,5554.22,879,105.48,7.17,13.27,0.9616,60.042,3.99,0.949,2.14
2023-01-10 12:00:00,12,2023-01-10,6048.38,791,94.92,5.53,6.09,0.9873,60.028,3.28,0.949,1.67
2023-01-10 13:00:00,13,2023-01-10,6042.4,782,93.84,7.07,12.72,1.07,60.202,3.27,0.949,1.76
2023-01-10 14:00:00,14,2023-01-10,6084.87,527,63.24,9.34,29.33,1.024,60.117,3.18,0.95,1.52
2023-01-10 15:00:00,15,2023-01-10,6680.14,377,45.24,9.75,33.37,0.9976,60.112,3.47,0.95,1.18
2023-01-10 16:00:00,16,2023-01-10,6848.85,299,35.88,7.71,16.5,0.9594,59.926,3.62,0.95,0.76
2023-01-10 17:00:00,17,2023-01-10,7157.55,46,5.52,5.23,5.15,1.007,60.163,3.72,0.95,0.15
2023-01-10 18:00:00,18,2023-01-10,7033.71,0,0.0,6.65,10.59,1.0014,59.937,3.83,0.95,0.15
2023-01-10 19:00:00,19,2023-01-10,7474.62,0,0.0,8.22,19.99,0.9579,60.073,3.63,0.95,0.27
2023-01-10 20:00:00,20,2023-01-10,7849.13,0,0.0,9.98,35.78,1.0304,59.915,3.22,0.95,0.46
2023-01-10 21:00:00,21,2023-01-10,7407.62,0,0.0,7.75,16.76,0.9876,60.001,3.48,0.95,0.23
2023-01-10 22:00:00,22,2023-01-10,7649.91,0,0.0,6.89,11.77,1.0212,59.908,3.39,0.95,0.15
2023-01-10 23:00:00,23,2023-01-10,7092.94,0,0.0,5.07,4.69,1.0245,60.014,3.19,0.95,0.07
2023-01-11 00:00:00,0,2023-01-11,6960.72,0,0.0,8.17,19.63,0.9779,60.004,3.26,0.95,0.28
2023-01-11 01:00:00,1,2023-01-11,6987.05,0,0.0,9.24,28.4,1.0026,59.897,3.97,0.95,0.41
2023-01-11 02:00:00,2,2023-01-11,6334.94,0,0.0,5.75,6.84,1.0165,60.131,3.16,0.95,0.11
2023-01-11 03:00:00,3,2023-01-11,6476.13,0,0.0,8.99,26.16,1.0155,59.852,3.47,0.95,0.4
2023-01-11 04:00:00,4,2023-01-11,6369.05,0,0.0,6.42,9.53,1.0361,60.132,3.83,0.95,0.15
2023-01-11 05:00:00,5,2023-01-11,6054.36,0,0.0,5.83,7.13,1.0123,60.0,3.37,0.95,0.12
2023-01-11 06:00:00,6,2023-01-11,5500.97,0,0.0,7.58,15.68,1.0091,59.853,3.46,0.95,0.29
2023-01-11 07:00:00,7,2023-01-11,5624.81,31,3.72,8.1,19.13,0.993,59.975,3.99,0.95,0.41
2023-01-11 08:00:00,8,2023-01-11,5702.59,252,30.24,5.36,5.54,1.0006,59.888,3.13,0.95,0.63
2023-01-11 09:00:00,9,2023-01-11,5509.35,587,70.44,9.02,26.42,1.0141,59.98,3.56,0.949,1.76
2023-01-11 10:00:00,10,2023-01-11,5631.39,510,61.2,8.3,20.58,0.9987,59.912,3.06,0.95,1.45
2023-01-11 11:00:00,11,2023-01-11,5757.03,817,98.04,9.46,30.48,1.0022,60.051,3.72,0.949,2.23
2023-01-11 12:00:00,12,2023-01-11,5748.05,918,110.16,8.12,19.27,0.9799,60.023,3.67,0.949,2.25
2023-01-11 13:00:00,13,2023-01-11,6159.06,899,107.88,9.76,33.47,0.9982,59.979,3.25,0.949,2.29
2023-01-11 14:00:00,14,2023-01-11,6871.58,610,73.2,5.64,6.46,1.0373,59.981,3.07,0.95,1.16
2023-01-11 15:00:00,15,2023-01-11,6208.11,475,57.0,5.56,6.19,0.9441,60.092,3.58,0.95,1.02
2023-01-11 16:00:00,16,2023-01-11,6550.92,341,40.92,7.43,14.77,1.009,59.959,3.45,0.95,0.85
2023-01-11 17:00:00,17,2023-01-11,7533.85,59,7.08,7.14,13.1,0.9861,59.969,3.02,0.95,0.27
2023-01-11 18:00:00,18,2023-01-11,7543.42,0,0.0,8.58,22.74,0.9715,59.966,3.41,0.95,0.3
2023-01-11 19:00:00,19,2023-01-11,7146.18,0,0.0,6.17,8.46,1.0064,59.965,3.26,0.95,0.12
2023-01-11 20:00:00,20,2023-01-11,7910.16,0,0.0,9.71,32.96,0.9845,60.034,3.7,0.95,0.42
2023-01-11 21:00:00,21,2023-01-11,7698.37,0,0.0,9.76,33.47,0.9971,60.051,3.23,0.95,0.43
2023-01-11 22:00:00,22,2023-01-11,7487.79,0,0.0,5.09,4.75,1.0017,59.969,3.34,0.95,0.06
2023-01-11 23:00:00,23,2023-01-11,7631.37,0,0.0,8.55,22.5,0.9658,60.057,3.6,0.95,0.29
2023-01-12 00:00:00,0,2023-01-12,7564.96,0,0.0,8.39,21.26,0.9808,60.13,3.36,0.95,0.28
2023-01-12 01:00:00,1,2023-01-12,6954.74,0,0.0,5.58,6.25,1.0295,60.224,3.49,0.95,0.09
2023-01-12 02:00:00,2,2023-01-12,6762.7,0,0.0,9.94,35.36,0.9701,60.025,3.37,0.95,0.52
2023-01-12 03:00:00,3,2023-01-12,5673.27,0,0.0,8.51,22.19,1.0199,59.927,3.36,0.95,0.39
2023-01-12 04:00:00,4,2023-01-12,6714.24,0,0.0,9.5,30.87,1.0087,59.849,3.64,0.95,0.46
2023-01-12 05:00:00,5,2023-01-12,5889.24,0,0.0,8.2,19.85,1.0113,60.069,3.79,0.95,0.34
2023-01-12 06:00:00,6,2023-01-12,5798.31,0,0.0,7.37,14.41,0.9977,60.011,3.17,0.95,0.25
2023-01-12 07:00:00,7,2023-01-12,5747.46,36,4.32,7.68,16.31,0.9643,60.0,3.89,0.95,0.36
2023-01-12 08:00:00,8,2023-01-12,5772.58,314,37.68,8.93,25.64,0.981,59.763,3.41,0.95,1.1
2023-01-12 09:00:00,9,2023-01-12,5561.4,392,47.04,9.05,26.68,0.9936,59.894,3.64,0.95,1.33
2023-01-12 10:00:00,10,2023-01-12,5278.42,718,86.16,8.57,22.66,0.9909,60.007,3.67,0.949,2.06
2023-01-12 11:00:00,11,2023-01-12,5884.46,782,93.84,9.41,30.0,0.9882,60.006,3.88,0.949,2.1
2023-01-12 12:00:00,12,2023-01-12,5855.14,974,116.88,7.32,14.12,1.0039,59.995,3.88,0.949,2.24
2023-01-12 13:00:00,13,2023-01-12,6991.83,770,92.4,6.84,11.52,1.0443,59.971,3.38,0.95,1.49
2023-01-12 14:00:00,14,2023-01-12,6394.17,534,64.08,7.8,17.08,1.0036,59.91,3.41,0.95,1.27
2023-01-12 15:00:00,15,2023-01-12,7000.81,442,53.04,8.87,25.12,1.0236,59.995,3.64,0.95,1.12
2023-01-12 16:00:00,16,2023-01-12,6969.1,351,42.12,7.73,16.63,1.0005,59.973,3.37,0.95,0.84
2023-01-12 17:00:00,17,2023-01-12,7454.28,54,6.48,9.55,31.36,1.0085,60.008,3.85,0.95,0.51
2023-01-12 18:00:00,18,2023-01-12,7216.78,0,0.0,8.57,22.66,0.9905,60.14,3.66,0.95,0.31
2023-01-12 19:00:00,19,2023-01-12,6806.37,0,0.0,7.92,17.88,0.9617,59.793,3.83,0.95,0.26
2023-01-12 20:00:00,20,2023-01-12,7203.61,0,0.0,9.49,30.77,0.9426,60.001,3.04,0.95,0.43
2023-01-12 21:00:00,21,2023-01-12,7504.54,0,0.0,8.45,21.72,0.9921,59.857,3.42,0.95,0.29
2023-01-12 22:00:00,22,2023-01-12,6586.81,0,0.0,7.74,16.69,0.9922,59.892,3.86,0.95,0.25
2023-01-12 23:00:00,23,2023-01-12,7411.81,0,0.0,5.9,7.39,1.0099,60.006,3.79,0.95,0.1
2023-01-13 00:00:00,0,2023-01-13,6656.81,0,0.0,9.9,34.93,1.0111,60.146,3.84,0.95,0.52
2023-01-13 01:00:00,1,2023-01-13,6897.9,0,0.0,6.95,12.09,1.0188,59.985,3.43,0.95,0.18
2023-01-13 02:00:00,2,2023-01-13,6721.42,0,0.0,7.92,17.88,1.0187,60.114,3.5,0.95,0.27
2023-01-13 03:00:00,3,2023-01-13,6451.61,0,0.0,6.91,11.88,0.9942,60.013,3.82,0.95,0.18
2023-01-13 04:00:00,4,2023-01-13,6089.66,0,0.0,8.88,25.21,1.0384,59.953,3.7,0.95,0.41
2023-01-13 05:00:00,5,2023-01-13,6096.24,0,0.0,8.88,25.21,0.9947,59.967,3.96,0.95,0.41
2023-01-13 06:00:00,6,2023-01-13,5197.06,0,0.0,6.85,11.57,0.9938,59.889,3.02,0.95,0.22
2023-01-13 07:00:00,7,2023-01-13,5237.74,33,3.96,8.68,23.54,1.0203,60.031,3.19,0.95,0.53
2023-01-13 08:00:00,8,2023-01-13,5651.74,218,26.16,5.35,5.51,0.9926,60.042,3.68,0.95,0.56
2023-01-13 09:00:00,9,2023-01-13,5360.38,371,44.52,5.65,6.49,0.9823,60.025,3.91,0.95,0.95
2023-01-13 10:00:00,10,2023-01-13,5967.62,728,87.36,7.2,13.44,0.9881,59.966,3.28,0.949,1.69
2023-01-13 11:00:00,11,2023-01-13,6248.8,626,75.12,5.64,6.46,0.9769,59.884,3.7,0.95,1.31
2023-01-13 12:00:00,12,2023-01-13,6339.13,718,86.16,8.77,24.28,0.9876,60.233,3.6,0.949,1.74
2023-01-13 13:00:00,13,2023-01-13,6156.66,851,102.12,5.43,5.76,1.0079,60.122,3.87,0.949,1.75
2023-01-13 14:00:00,14,2023-01-13,6918.25,627,75.24,6.5,9.89,0.9679,59.839,3.61,0.95,1.23
2023-01-13 15:00:00,15,2023-01-13,6226.06,533,63.96,7.96,18.16,1.0096,60.065,3.39,0.95,1.32
2023-01-13 16:00:00,16,2023-01-13,7361.55,347,41.64,8.66,23.38,1.0217,59.957,3.44,0.95,0.88
2023-01-13 17:00:00,17,2023-01-13,6350.5,61,7.32,9.07,26.86,0.998,60.25,3.28,0.95,0.54
2023-01-13 18:00:00,18,2023-01-13,7713.33,0,0.0,8.93,25.64,1.031,60.011,3.3,0.95,0.33
2023-01-13 19:00:00,19,2023-01-13,7629.57,0,0.0,9.11,27.22,0.9926,59.947,3.71,0.95,0.36
2023-01-13 20:00:00,20,2023-01-13,7653.5,0,0.0,8.04,18.71,1.0011,59.941,3.71,0.95,0.24
2023-01-13 21:00:00,21,2023-01-13,6768.68,0,0.0,6.03,7.89,0.9847,59.969,3.21,0.95,0.12
2023-01-13 22:00:00,22,2023-01-13,7399.24,0,0.0,7.75,16.76,1.0284,59.961,3.7,0.95,0.23
2023-01-13 23:00:00,23,2023-01-13,7149.77,0,0.0,6.76,11.12,0.9766,59.971,3.74,0.95,0.16
2023-01-14 00:00:00,0,2023-01-14,5787.54,0,0.0,5.41,5.7,1.0131,60.127,3.33,0.95,0.1
2023-01-14 01:00:00,1,2023-01-14,5795.92,0,0.0,7.82,17.22,0.9817,59.887,3.15,0.95,0.3
2023-01-14 02:00:00,2,2023-01-14,5737.88,0,0.0,6.53,10.02,1.003,59.947,3.13,0.95,0.17
2023-01-14 03:00:00,3,2023-01-14,4948.78,0,0.0,8.65,23.3,1.0022,59.904,3.15,0.95,0.47
2023-01-14 04:00:00,4,2023-01-14,5310.13,0,0.0,8.83,24.78,1.0228,60.107,3.64,0.95,0.47
2023-01-14 05:00:00,5,2023-01-14,4920.07,0,0.0,7.2,13.44,1.0179,60.017,3.56,0.95,0.27
2023-01-14 06:00:00,6,2023-01-14,4789.65,0,0.0,8.14,19.42,1.0048,59.997,3.1,0.95,0.41
2023-01-14 07:00:00,7,2023-01-14,4777.68,27,3.24,6.48,9.8,1.0058,60.016,3.14,0.95,0.27
2023-01-14 08:00:00,8,2023-01-14,4484.54,316,37.92,9.25,28.49,0.9755,60.016,3.76,0.95,1.48
2023-01-14 09:00:00,9,2023-01-14,4634.7,501,60.12,5.46,5.86,0.9979,59.978,3.73,0.95,1.42
2023-01-14 10:00:00,10,2023-01-14,4989.46,671,80.52,8.47,21.88,0.9717,60.01,3.73,0.949,2.05
2023-01-14 11:00:00,11,2023-01-14,4887.76,624,74.88,6.29,8.96,1.0037,60.035,3.67,0.949,1.72
2023-01-14 12:00:00,12,2023-01-14,4978.1,945,113.4,9.5,30.87,1.0038,60.034,3.93,0.949,2.9
2023-01-14 13:00:00,13,2023-01-14,5451.32,793,95.16,7.96,18.16,0.9964,60.106,3.96,0.949,2.08
2023-01-14 14:00:00,14,2023-01-14,5387.31,513,61.56,9.29,28.86,1.0263,59.995,4.01,0.949,1.68
2023-01-14 15:00:00,15,2023-01-14,5337.05,404,48.48,5.4,5.67,1.0024,60.152,3.74,0.95,1.01
2023-01-14 16:00:00,16,2023-01-14,5657.72,315,37.8,6.2,8.58,1.0321,59.936,3.1,0.95,0.82
2023-01-14 17:00:00,17,2023-01-14,6287.68,62,7.44,7.15,13.16,0.9918,60.056,3.65,0.95,0.33
2023-01-14 18:00:00,18,2023-01-14,5500.97,0,0.0,7.05,12.61,0.9999,60.033,3.12,0.95,0.23
2023-01-14 19:00:00,19,2023-01-14,6096.84,0,0.0,6.01,7.81,1.0225,59.881,3.96,0.95,0.13
2023-01-14 20:00:00,20,2023-01-14,6486.9,0,0.0,7.81,17.15,0.9869,60.033,3.27,0.95,0.26
2023-01-14 21:00:00,21,2023-01-14,7006.79,0,0.0,9.07,26.86,0.9679,59.958,3.45,0.95,0.38
2023-01-14 22:00:00,22,2023-01-14,6369.64,0,0.0,7.81,17.15,0.9572,59.935,3.14,0.95,0.27
2023-01-14 23:00:00,23,2023-01-14,6190.77,0,0.0,9.5,30.87,0.9987,60.186,3.22,0.95,0.5
2023-01-15 00:00:00,0,2023-01-15,6124.96,0,0.0,6.26,8.83,1.011,60.065,3.11,0.95,0.14
2023-01-15 01:00:00,1,2023-01-15,6111.2,0,0.0,8.93,25.64,1.015,60.119,3.23,0.95,0.42
2023-01-15 02:00:00,2,2023-01-15,5585.33,0,0.0,7.27,13.83,1.0276,60.049,3.95,0.95,0.25
2023-01-15 03:00:00,3,2023-01-15,5707.97,0,0.0,9.31,29.05,0.9897,59.933,3.31,0.95,0.51
2023-01-15 04:00:00,4,2023-01-15,5045.7,0,0.0,5.89,7.36,0.9962,59.973,3.46,0.95,0.15
2023-01-15 05:00:00,5,2023-01-15,4831.52,0,0.0,6.58,10.26,1.0084,60.039,3.66,0.95,0.21
2023-01-15 06:00:00,6,2023-01-15,4949.38,0,0.0,9.86,34.51,0.9939,59.938,3.51,0.95,0.7
2023-01-15 07:00:00,7,2023-01-15,4433.09,45,5.4,6.26,8.83,1.0064,60.036,3.6,0.95,0.32
2023-01-15 08:00:00,8,2023-01-15,4376.85,232,27.84,8.89,25.29,0.9991,59.852,3.32,0.95,1.21
2023-01-15 09:00:00,9,2023-01-15,4967.93,385,46.2,6.22,8.66,1.0281,60.034,3.98,0.95,1.1
2023-01-15 10:00:00,10,2023-01-15,4754.35,779,93.48,8.5,22.11,0.9908,60.124,3.24,0.949,2.43
2023-01-15 11:00:00,11,2023-01-15,4848.28,571,68.52,8.79,24.45,1.0029,60.053,3.55,0.949,1.92
2023-01-15 12:00:00,12,2023-01-15,5182.1,702,84.24,6.75,11.07,1.0078,59.998,3.5,0.949,1.84
2023-01-15 13:00:00,13,2023-01-15,5193.47,888,106.56,8.92,25.55,0.9911,60.223,3.9,0.949,2.54
2023-01-15 14:00:00,14,2023-01-15,5739.68,795,95.4,6.42,9.53,1.0298,60.082,3.34,0.949,1.83
2023-01-15 15:00:00,15,2023-01-15,5949.67,416,49.92,8.52,22.26,0.97,59.973,3.47,0.95,1.21
2023-01-15 16:00:00,16,2023-01-15,5560.8,275,33.0,5.43,5.76,0.9945,60.01,3.39,0.95,0.7
2023-01-15 17:00:00,17,2023-01-15,6479.12,68,8.16,7.08,12.78,0.9675,59.945,4.0,0.95,0.32
2023-01-15 18:00:00,18,2023-01-15,5935.91,0,0.0,5.17,4.97,1.0049,60.084,3.7,0.95,0.08
2023-01-15 19:00:00,19,2023-01-15,6756.72,0,0.0,5.88,7.32,0.9868,59.995,3.13,0.95,0.11
2023-01-15 20:00:00,20,2023-01-15,6028.04,0,0.0,7.17,13.27,1.0113,60.119,3.31,0.95,0.22
2023-01-15 21:00:00,21,2023-01-15,5865.91,0,0.0,5.37,5.57,1.005,60.081,3.52,0.95,0.09
2023-01-15 22:00:00,22,2023-01-15,6532.37,0,0.0,6.39,9.39,1.0146,59.8,3.09,0.95,0.14
2023-01-15 23:00:00,23,2023-01-15,6248.8,0,0.0,5.69,6.63,0.9659,60.084,3.01,0.95,0.11
2023-01-16 00:00:00,0,2023-01-16,6662.79,0,0.0,8.83,24.78,1.0012,59.918,3.87,0.95,0.37
2023-01-16 01:00:00,1,2023-01-16,6434.26,0,0.0,7.13,13.05,1.004,59.937,3.05,0.95,0.2
2023-01-16 02:00:00,2,2023-01-16,6542.54,0,0.0,5.05,4.64,0.9989,60.136,3.34,0.95,0.07
2023-01-16 03:00:00,3,2023-01-16,5637.38,0,0.0,5.91,7.43,0.9909,60.223,3.16,0.95,0.13
2023-01-16 04:00:00,4,2023-01-16,5973.0,0,0.0,9.64,32.25,0.9971,60.134,3.15,0.95,0.54
2023-01-16 05:00:00,5,2023-01-16,6292.47,0,0.0,8.17,19.63,1.0118,60.008,3.18,0.95,0.31
2023-01-16 06:00:00,6,2023-01-16,5270.05,0,0.0,9.95,35.46,1.0017,59.931,3.49,0.95,0.67
2023-01-16 07:00:00,7,2023-01-16,5359.79,35,4.2,5.41,5.7,0.9864,60.07,3.54,0.95,0.18
2023-01-16 08:00:00,8,2023-01-16,5568.58,206,24.72,9.21,28.12,0.9688,60.096,3.75,0.95,0.95
2023-01-16 09:00:00,9,2023-01-16,5542.25,498,59.76,6.69,10.78,1.0064,59.855,3.5,0.95,1.27
2023-01-16 10:00:00,10,2023-01-16,5568.58,709,85.08,8.15,19.49,1.011,59.978,3.44,0.949,1.88
2023-01-16 11:00:00,11,2023-01-16,5889.84,853,102.36,8.5,22.11,0.9929,59.963,3.48,0.949,2.11
2023-01-16 12:00:00,12,2023-01-16,5814.46,900,108.0,5.44,5.8,1.0056,60.053,3.71,0.949,1.96
2023-01-16 13:00:00,13,2023-01-16,6203.93,640,76.8,9.15,27.58,0.9767,60.22,3.27,0.949,1.68
2023-01-16 14:00:00,14,2023-01-16,6663.99,757,90.84,8.57,22.66,0.9939,60.24,3.79,0.949,1.7
2023-01-16 15:00:00,15,2023-01-16,6182.39,642,77.04,8.9,25.38,1.0008,59.914,3.38,0.95,1.66
2023-01-16 16:00:00,16,2023-01-16,6780.05,349,41.88,8.11,19.2,1.0173,59.937,3.3,0.95,0.9
2023-01-16 17:00:00,17,2023-01-16,7354.97,68,8.16,5.29,5.33,0.9685,60.109,3.01,0.95,0.18
2023-01-16 18:00:00,18,2023-01-16,6983.46,0,0.0,9.97,35.68,1.0062,60.142,3.04,0.95,0.51
2023-01-16 19:00:00,19,2023-01-16,7827.6,0,0.0,5.02,4.55,0.9994,60.225,3.44,0.95,0.06
2023-01-16 20:00:00,20,2023-01-16,7495.56,0,0.0,5.44,5.8,1.019,60.103,3.27,0.95,0.08
2023-01-16 21:00:00,21,2023-01-16,7766.57,0,0.0,7.76,16.82,0.9734,59.925,3.79,0.95,0.22
2023-01-16 22:00:00,22,2023-01-16,7358.56,0,0.0,8.96,25.9,0.9794,60.009,3.87,0.95,0.35
2023-01-16 23:00:00,23,2023-01-16,6494.08,0,0.0,6.56,10.16,1.0127,60.005,3.71,0.95,0.16
2023-01-17 00:00:00,0,2023-01-17,6741.76,0,0.0,7.92,17.88,0.9927,59.984,3.1,0.95,0.27
2023-01-17 01:00:00,1,2023-01-17,7180.28,0,0.0,5.91,7.43,0.9602,60.216,3.31,0.95,0.1
2023-01-17 02:00:00,2,2023-01-17,6644.24,0,0.0,9.55,31.36,1.0007,59.917,3.02,0.95,0.47
2023-01-17 03:00:00,3,2023-01-17,5965.22,0,0.0,9.19,27.94,1.0003,60.007,3.98,0.95,0.47
2023-01-17 04:00:00,4,2023-01-17,6017.27,0,0.0,6.22,8.66,1.0175,59.934,3.47,0.95,0.14
2023-01-17 05:00:00,5,2023-01-17,5819.25,0,0.0,8.4,21.34,1.017,60.007,3.33,0.95,0.37
2023-01-17 06:00:00,6,2023-01-17,5641.56,0,0.0,7.43,14.77,0.9932,59.783,3.59,0.95,0.26
2023-01-17 07:00:00,7,2023-01-17,5427.99,44,5.28,6.27,8.87,0.9989,59.875,3.14,0.95,0.26
2023-01-17 08:00:00,8,2023-01-17,6065.13,226,27.12,7.04,12.56,0.977,59.964,3.54,0.95,0.65
2023-01-17 09:00:00,9,2023-01-17,5838.99,438,52.56,8.24,20.14,0.9682,60.04,3.22,0.95,1.25
2023-01-17 10:00:00,10,2023-01-17,5315.51,681,81.72,9.6,31.85,0.9772,59.882,3.19,0.949,2.14
2023-01-17 11:00:00,11,2023-01-17,5639.17,718,86.16,7.04,12.56,1.0022,59.985,3.78,0.949,1.75
2023-01-17 12:00:00,12,2023-01-17,6051.37,822,98.64,6.33,9.13,1.0114,59.919,3.39,0.949,1.78
2023-01-17 13:00:00,13,2023-01-17,5952.66,678,81.36,8.23,20.07,0.9688,59.996,3.33,0.949,1.7
2023-01-17 14:00:00,14,2023-01-17,6686.12,564,67.68,9.15,27.58,1.0104,60.013,3.05,0.95,1.42
2023-01-17 15:00:00,15,2023-01-17,7001.4,477,57.24,8.13,19.35,1.0127,59.999,3.14,0.95,1.09
2023-01-17 16:00:00,16,2023-01-17,7318.48,307,36.84,7.86,17.48,0.9871,59.959,3.73,0.95,0.74
2023-01-17 17:00:00,17,2023-01-17,7816.83,70,8.4,5.64,6.46,1.0127,59.915,3.61,0.95,0.19
2023-01-17 18:00:00,18,2023-01-17,7754.01,0,0.0,9.69,32.75,0.9921,60.124,3.35,0.95,0.42
2023-01-17 19:00:00,19,2023-01-17,7517.7,0,0.0,5.48,5.92,0.9937,59.955,3.85,0.95,0.08
2023-01-17 20:00:00,20,2023-01-17,7722.9,0,0.0,9.3,28.96,0.9818,60.045,3.26,0.95,0.37
2023-01-17 21:00:00,21,2023-01-17,7894.6,0,0.0,7.33,14.18,1.0011,60.05,3.81,0.95,0.18
2023-01-17 22:00:00,22,2023-01-17,6801.59,0,0.0,7.82,17.22,0.9873,60.124,3.26,0.95,0.25
2023-01-17 23:00:00,23,2023-01-17,7655.9,0,0.0,8.96,25.9,1.0126,59.997,3.68,0.95,0.34
2023-01-18 00:00:00,0,2023-01-18,7133.02,0,0.0,7.74,16.69,1.0301,59.986,3.66,0.95,0.23
2023-01-18 01:00:00,1,2023-01-18,6161.45,0,0.0,9.39,29.81,0.9971,59.931,3.48,0.95,0.48
2023-01-18 02:00:00,2,2023-01-18,6610.74,0,0.0,8.03,18.64,1.012,59.94,3.4,0.95,0.28
2023-01-18 03:00:00,3,2023-01-18,6235.04,0,0.0,7.07,12.72,0.9987,60.094,3.14,0.95,0.2
2023-01-18 04:00:00,4,2023-01-18,5921.55,0,0.0,6.14,8.33,1.0337,59.963,3.97,0.95,0.14
2023-01-18 05:00:00,5,2023-01-18,5819.85,0,0.0,6.75,11.07,0.9865,59.905,3.53,0.95,0.19
2023-01-18 06:00:00,6,2023-01-18,5770.19,0,0.0,5.77,6.92,0.9792,60.067,3.65,0.95,0.12
2023-01-18 07:00:00,7,2023-01-18,5713.36,46,5.52,9.94,35.36,0.976,59.94,3.88,0.95,0.72
2023-01-18 08:00:00,8,2023-01-18,5203.04,266,31.92,8.27,20.36,1.0088,60.146,3.43,0.95,1.0
2023-01-18 09:00:00,9,2023-01-18,5431.58,420,50.4,8.45,21.72,1.0518,60.116,3.8,0.95,1.33
2023-01-18 10:00:00,10,2023-01-18,5594.9,652,78.24,5.06,4.66,0.9831,60.002,3.31,0.95,1.48
2023-01-18 11:00:00,11,2023-01-18,5599.09,650,78.0,7.17,13.27,1.0207,60.005,3.57,0.95,1.63
2023-01-18 12:00:00,12,2023-01-18,6142.31,976,117.12,5.24,5.18,1.0306,60.19,3.54,0.949,1.99
2023-01-18 13:00:00,13,2023-01-18,6068.12,916,109.92,8.38,21.19,0.9653,59.834,3.84,0.949,2.16
2023-01-18 14:00:00,14,2023-01-18,6430.07,722,86.64,8.22,19.99,0.9787,59.969,3.34,0.95,1.66
2023-01-18 15:00:00,15,2023-01-18,6766.29,601,72.12,7.55,15.49,0.9971,59.851,3.28,0.95,1.29
2023-01-18 16:00:00,16,2023-01-18,6168.03,393,47.16,8.0,18.43,1.024,60.054,3.76,0.95,1.06
2023-01-18 17:00:00,17,2023-01-18,7137.21,94,11.28,9.39,29.81,0.9602,59.968,3.57,0.95,0.58
2023-01-18 18:00:00,18,2023-01-18,7576.33,0,0.0,5.26,5.24,1.0181,60.003,3.79,0.95,0.07
2023-01-18 19:00:00,19,2023-01-18,7334.63,0,0.0,8.87,25.12,1.0167,59.748,3.33,0.95,0.34
2023-01-18 20:00:00,20,2023-01-18,7718.12,0,0.0,7.16,13.21,0.9981,59.942,3.72,0.95,0.17
2023-01-18 21:00:00,21,2023-01-18,7388.48,0,0.0,9.47,30.57,1.0055,60.04,3.32,0.95,0.41
2023-01-18 22:00:00,22,2023-01-18,7204.81,0,0.0,7.05,12.61,1.0008,59.997,3.32,0.95,0.18
2023-01-18 23:00:00,23,2023-01-18,6623.9,0,0.0,9.16,27.67,0.9965,60.06,3.3,0.95,0.42
2023-01-19 00:00:00,0,2023-01-19,6594.59,0,0.0,8.73,23.95,1.0356,59.962,3.67,0.95,0.36
2023-01-19 01:00:00,1,2023-01-19,6966.11,0,0.0,9.23,28.31,1.0069,60.051,3.31,0.95,0.41
2023-01-19 02:00:00,2,2023-01-19,6365.46,0,0.0,9.65,32.35,0.9687,60.105,3.4,0.95,0.51
2023-01-19 03:00:00,3,2023-01-19,5696.01,0,0.0,6.7,10.83,0.9868,59.888,3.81,0.95,0.19
2023-01-19 04:00:00,4,2023-01-19,6011.29,0,0.0,7.29,13.95,0.9802,59.883,3.48,0.95,0.23
2023-01-19 05:00:00,5,2023-01-19,6107.01,0,0.0,9.94,35.36,0.9604,59.846,3.08,0.95,0.58
2023-01-19 06:00:00,6,2023-01-19,5461.49,0,0.0,5.14,4.89,0.956,60.099,3.3,0.95,0.09
2023-01-19 07:00:00,7,2023-01-19,5884.46,37,4.44,7.68,16.31,1.0334,59.889,3.37,0.95,0.35
2023-01-19 08:00:00,8,2023-01-19,5528.49,310,37.2,6.16,8.41,1.0159,59.998,4.01,0.95,0.82
2023-01-19 09:00:00,9,2023-01-19,5771.39,502,60.24,9.06,26.77,0.9972,59.988,3.13,0.95,1.51
2023-01-19 10:00:00,10,2023-01-19,5636.18,659,79.08,5.46,5.86,1.0142,59.95,3.51,0.95,1.51
2023-01-19 11:00:00,11,2023-01-19,5707.37,665,79.8,5.34,5.48,1.0074,59.881,3.66,0.95,1.49
2023-01-19 12:00:00,12,2023-01-19,5804.89,630,75.6,8.88,25.21,1.0017,60.145,3.45,0.949,1.74
2023-01-19 13:00:00,13,2023-01-19,6217.09,893,107.16,8.11,19.2,1.0065,60.211,3.15,0.949,2.03
2023-01-19 14:00:00,14,2023-01-19,5837.2,838,100.56,6.59,10.3,0.9955,60.113,3.77,0.949,1.9
2023-01-19 15:00:00,15,2023-01-19,6732.79,544,65.28,6.57,10.21,0.9952,59.994,3.94,0.95,1.12
2023-01-19 16:00:00,16,2023-01-19,8186.55,252,30.24,7.04,12.56,1.0021,60.165,3.25,0.95,0.52
2023-01-19 17:00:00,17,2023-01-19,7666.07,79,9.48,8.64,23.22,0.999,60.001,3.78,0.95,0.43
2023-01-19 18:00:00,18,2023-01-19,7553.0,0,0.0,7.62,15.93,0.9813,59.913,3.95,0.95,0.21
2023-01-19 19:00:00,19,2023-01-19,7061.83,0,0.0,8.41,21.41,0.98,60.036,3.02,0.95,0.3
2023-01-19 20:00:00,20,2023-01-19,7236.52,0,0.0,9.22,28.22,1.0,60.007,3.51,0.95,0.39
2023-01-19 21:00:00,21,2023-01-19,7066.61,0,0.0,9.17,27.76,0.9869,60.03,3.91,0.95,0.39
2023-01-19 22:00:00,22,2023-01-19,7531.46,0,0.0,8.0,18.43,1.0269,59.985,3.95,0.95,0.24
2023-01-19 23:00:00,23,2023-01-19,7501.55,0,0.0,9.25,28.49,1.0161,59.938,3.98,0.95,0.38
2023-01-20 00:00:00,0,2023-01-20,7445.31,0,0.0,5.39,5.64,0.9918,60.072,3.22,0.95,0.08
2023-01-20 01:00:00,1,2023-01-20,7110.88,0,0.0,8.22,19.99,0.9891,59.942,3.11,0.95,0.28
2023-01-20 02:00:00,2,2023-01-20,6041.8,0,0.0,9.02,26.42,1.0063,60.102,3.83,0.95,0.44
2023-01-20 03:00:00,3,2023-01-20,6078.29,0,0.0,5.65,6.49,1.0005,59.795,3.68,0.95,0.11
2023-01-20 04:00:00,4,2023-01-20,5905.99,0,0.0,5.2,5.06,0.9938,59.986,3.33,0.95,0.09
2023-01-20 05:00:00,5,2023-01-20,5903.0,0,0.0,6.4,9.44,1.0116,59.922,3.33,0.95,0.16
2023-01-20 06:00:00,6,2023-01-20,5524.31,0,0.0,5.6,6.32,0.9875,59.872,3.47,0.95,0.11
2023-01-20 07:00:00,7,2023-01-20,5563.79,48,5.76,5.6,6.32,1.0116,59.993,3.82,0.95,0.22
2023-01-20 08:00:00,8,2023-01-20,5167.15,278,33.36,8.6,22.9,0.9693,59.967,3.86,0.95,1.09
2023-01-20 09:00:00,9,2023-01-20,5453.71,554,66.48,7.63,15.99,1.0122,59.865,3.08,0.95,1.51
2023-01-20 10:00:00,10,2023-01-20,5301.16,562,67.44,7.43,14.77,0.9978,59.942,3.67,0.95,1.55
2023-01-20 11:00:00,11,2023-01-20,5534.48,839,100.68,8.06,18.85,1.0113,59.919,3.92,0.949,2.16
2023-01-20 12:00:00,12,2023-01-20,6296.66,680,81.6,6.62,10.44,0.9809,59.951,3.28,0.95,1.46
2023-01-20 13:00:00,13,2023-01-20,6772.87,704,84.48,6.21,8.62,0.9852,59.954,3.72,0.95,1.37
2023-01-20 14:00:00,14,2023-01-20,6634.07,585,70.2,9.81,33.99,0.9846,59.884,3.53,0.95,1.57
2023-01-20 15:00:00,15,2023-01-20,6806.97,570,68.4,9.07,26.86,1.0286,59.968,3.14,0.95,1.4
2023-01-20 16:00:00,16,2023-01-20,6870.39,267,32.04,7.62,15.93,0.9894,59.887,3.58,0.95,0.7
2023-01-20 17:00:00,17,2023-01-20,7557.78,89,10.68,6.07,8.05,1.0127,60.264,3.57,0.95,0.25
2023-01-20 18:00:00,18,2023-01-20,7223.36,0,0.0,6.2,8.58,1.0006,59.959,3.29,0.95,0.12
2023-01-20 19:00:00,19,2023-01-20,6881.15,0,0.0,7.66,16.18,1.0043,60.195,3.99,0.95,0.24
2023-01-20 20:00:00,20,2023-01-20,7371.72,0,0.0,7.11,12.94,0.9947,59.883,3.63,0.95,0.18
2023-01-20 21:00:00,21,2023-01-20,7761.79,0,0.0,5.21,5.09,1.0215,60.06,3.37,0.95,0.07
2023-01-20 22:00:00,22,2023-01-20,7091.74,0,0.0,5.07,4.69,1.0231,60.083,3.6,0.95,0.07
2023-01-20 23:00:00,23,2023-01-20,7902.38,0,0.0,8.64,23.22,0.9994,59.939,3.01,0.95,0.29
2023-01-21 00:00:00,0,2023-01-21,6108.21,0,0.0,7.63,15.99,0.9866,59.993,3.11,0.95,0.26
2023-01-21 01:00:00,1,2023-01-21,5584.73,0,0.0,5.29,5.33,0.999,59.811,3.93,0.95,0.1
2023-01-21 02:00:00,2,2023-01-21,5525.5,0,0.0,9.28,28.77,1.011,59.8,3.64,0.95,0.52
2023-01-21 03:00:00,3,2023-01-21,5236.54,0,0.0,6.72,10.92,0.9732,59.727,3.42,0.95,0.21
2023-01-21 04:00:00,4,2023-01-21,5016.39,0,0.0,5.91,7.43,1.0276,59.875,3.56,0.95,0.15
2023-01-21 05:00:00,5,2023-01-21,4157.29,0,0.0,9.77,33.57,1.0142,60.164,3.15,0.95,0.81
2023-01-21 06:00:00,6,2023-01-21,4784.26,0,0.0,9.85,34.4,0.9843,60.05,3.1,0.95,0.72
2023-01-21 07:00:00,7,2023-01-21,4819.56,56,6.72,8.03,18.64,1.0162,59.921,3.48,0.95,0.53
2023-01-21 08:00:00,8,2023-01-21,4564.7,350,42.0,5.89,7.36,0.996,59.884,3.34,0.95,1.08
2023-01-21 09:00:00,9,2023-01-21,4325.4,497,59.64,8.62,23.06,1.0048,60.005,3.73,0.949,1.91
2023-01-21 10:00:00,10,2023-01-21,4458.21,598,71.76,6.6,10.35,1.0214,60.049,3.45,0.949,1.84
2023-01-21 11:00:00,11,2023-01-21,4941.01,748,89.76,9.73,33.16,0.9826,59.895,3.22,0.949,2.49
2023-01-21 12:00:00,12,2023-01-21,5323.29,681,81.72,8.02,18.57,0.9856,59.879,3.53,0.949,1.88
2023-01-21 13:00:00,13,2023-01-21,5222.19,591,70.92,7.83,17.28,1.0179,59.968,3.31,0.949,1.69
2023-01-21 14:00:00,14,2023-01-21,5855.14,672,80.64,9.82,34.09,0.9918,60.047,3.1,0.949,1.96
2023-01-21 15:00:00,15,2023-01-21,5691.82,452,54.24,5.66,6.53,1.0015,60.029,3.29,0.95,1.07
2023-01-21 16:00:00,16,2023-01-21,6020.26,328,39.36,5.32,5.42,0.9829,59.739,3.92,0.95,0.74
2023-01-21 17:00:00,17,2023-01-21,6051.97,98,11.76,6.23,8.7,1.0134,60.148,3.7,0.95,0.34
2023-01-21 18:00:00,18,2023-01-21,5888.05,0,0.0,7.12,12.99,0.9817,60.078,3.16,0.95,0.22
2023-01-21 19:00:00,19,2023-01-21,6080.69,0,0.0,9.91,35.04,1.0157,60.1,3.48,0.95,0.58
2023-01-21 20:00:00,20,2023-01-21,6854.83,0,0.0,9.21,28.12,1.0034,60.161,3.15,0.95,0.41
2023-01-21 21:00:00,21,2023-01-21,6447.42,0,0.0,9.87,34.61,0.9762,60.035,3.32,0.95,0.54
2023-01-21 22:00:00,22,2023-01-21,5783.95,0,0.0,7.46,14.95,0.9688,60.072,3.96,0.95,0.26
2023-01-21 23:00:00,23,2023-01-21,6011.29,0,0.0,6.85,11.57,0.9832,60.101,3.11,0.95,0.19
2023-01-22 00:00:00,0,2023-01-22,5992.74,0,0.0,7.5,15.19,1.0045,59.872,3.54,0.95,0.25
2023-01-22 01:00:00,1,2023-01-22,5122.28,0,0.0,8.76,24.2,0.9587,60.11,3.99,0.95,0.47
2023-01-22 02:00:00,2,2023-01-22,5479.44,0,0.0,8.88,25.21,0.9964,59.868,3.65,0.95,0.46
2023-01-22 03:00:00,3,2023-01-22,5378.93,0,0.0,8.05,18.78,1.0155,59.937,3.5,0.95,0.35
2023-01-22 04:00:00,4,2023-01-22,4854.26,0,0.0,6.62,10.44,1.0183,60.039,3.99,0.95,0.22
2023-01-22 05:00:00,5,2023-01-22,4943.4,0,0.0,8.06,18.85,1.0052,59.917,3.81,0.95,0.38
2023-01-22 06:00:00,6,2023-01-22,4662.82,0,0.0,7.59,15.74,1.017,60.244,3.93,0.95,0.34
2023-01-22 07:00:00,7,2023-01-22,4945.19,52,6.24,8.2,19.85,0.9761,60.178,3.04,0.95,0.53
2023-01-22 08:00:00,8,2023-01-22,5148.0,266,31.92,5.64,6.46,0.9965,60.134,3.62,0.95,0.75
2023-01-22 09:00:00,9,2023-01-22,5004.42,574,68.88,9.91,35.04,0.9994,60.01,3.4,0.949,2.08
2023-01-22 10:00:00,10,2023-01-22,5048.09,710,85.2,8.66,23.38,1.0224,60.028,3.5,0.949,2.15
2023-01-22 11:00:00,11,2023-01-22,4789.65,757,90.84,9.03,26.51,1.012,60.118,3.11,0.949,2.45
2023-01-22 12:00:00,12,2023-01-22,4827.34,897,107.64,5.82,7.1,0.9616,59.926,3.52,0.949,2.38
2023-01-22 13:00:00,13,2023-01-22,5171.33,792,95.04,5.15,4.92,1.0251,60.086,3.74,0.949,1.93
2023-01-22 14:00:00,14,2023-01-22,5451.32,594,71.28,5.21,5.09,1.0357,60.048,3.72,0.95,1.4
2023-01-22 15:00:00,15,2023-01-22,5867.11,426,51.12,8.68,23.54,1.0017,59.875,3.93,0.95,1.27
2023-01-22 16:00:00,16,2023-01-22,5971.8,302,36.24,8.27,20.36,1.0057,59.892,3.08,0.95,0.95
2023-01-22 17:00:00,17,2023-01-22,6112.99,116,13.92,5.0,4.5,0.9966,60.06,3.73,0.95,0.3
2023-01-22 18:00:00,18,2023-01-22,5761.81,0,0.0,8.67,23.46,1.0026,60.082,3.6,0.95,0.41
2023-01-22 19:00:00,19,2023-01-22,6202.13,0,0.0,8.66,23.38,1.0175,60.002,3.81,0.95,0.38
2023-01-22 20:00:00,20,2023-01-22,5843.18,0,0.0,5.91,7.43,1.0342,60.023,3.88,0.95,0.13
2023-01-22 21:00:00,21,2023-01-22,6023.85,0,0.0,7.53,15.37,1.0097,59.936,3.44,0.95,0.26
2023-01-22 22:00:00,22,2023-01-22,5518.32,0,0.0,8.05,18.78,0.987,60.141,3.07,0.95,0.34
2023-01-22 23:00:00,23,2023-01-22,5760.62,0,0.0,6.4,9.44,1.0131,59.958,3.87,0.95,0.16
2023-01-23 00:00:00,0,2023-01-23,6771.07,0,0.0,6.76,11.12,0.9887,59.888,3.34,0.95,0.16
2023-01-23 01:00:00,1,2023-01-23,6791.42,0,0.0,8.6,22.9,0.9441,60.075,3.59,0.95,0.34
2023-01-23 02:00:00,2,2023-01-23,6716.03,0,0.0,6.12,8.25,0.9797,60.052,3.03,0.95,0.12
2023-01-23 03:00:00,3,2023-01-23,6174.61,0,0.0,5.83,7.13,0.9939,60.144,3.22,0.95,0.12
2023-01-23 04:00:00,4,2023-01-23,6480.32,0,0.0,6.0,7.78,0.9638,59.786,3.59,0.95,0.12
2023-01-23 05:00:00,5,2023-01-23,5357.99,0,0.0,9.32,29.14,1.0142,60.043,3.83,0.95,0.54
2023-01-23 06:00:00,6,2023-01-23,5575.76,0,0.0,8.05,18.78,1.0051,59.971,3.86,0.95,0.34
2023-01-23 07:00:00,7,2023-01-23,5477.64,52,6.24,8.5,22.11,1.0194,59.877,3.79,0.95,0.52
2023-01-23 08:00:00,8,2023-01-23,5701.99,293,35.16,5.65,6.49,0.9522,59.995,3.64,0.95,0.73
2023-01-23 09:00:00,9,2023-01-23,5836.6,508,60.96,9.62,32.05,1.0142,59.904,3.15,0.95,1.59
2023-01-23 10:00:00,10,2023-01-23,5159.37,636,76.32,6.15,8.37,1.0082,60.157,3.8,0.95,1.64
2023-01-23 11:00:00,11,2023-01-23,5749.85,931,111.72,8.82,24.7,0.9763,60.088,3.21,0.949,2.37
2023-01-23 12:00:00,12,2023-01-23,6424.09,782,93.84,7.88,17.61,0.9832,59.963,3.34,0.949,1.73
2023-01-23 13:00:00,13,2023-01-23,6006.5,837,100.44,7.16,13.21,0.9904,59.939,3.65,0.949,1.89
2023-01-23 14:00:00,14,2023-01-23,6398.36,801,96.12,7.01,12.4,0.9793,60.071,3.42,0.949,1.7
2023-01-23 15:00:00,15,2023-01-23,6580.83,514,61.68,6.32,9.09,0.9805,60.081,3.28,0.95,1.08
2023-01-23 16:00:00,16,2023-01-23,7183.87,405,48.6,5.78,6.95,1.0104,60.072,3.62,0.95,0.77
2023-01-23 17:00:00,17,2023-01-23,6813.55,114,13.68,7.68,16.31,0.999,59.982,3.35,0.95,0.44
2023-01-23 18:00:00,18,2023-01-23,7563.17,0,0.0,9.42,30.09,1.0136,59.927,3.44,0.95,0.4
2023-01-23 19:00:00,19,2023-01-23,7656.5,0,0.0,5.5,5.99,1.0251,60.016,3.83,0.95,0.08
2023-01-23 20:00:00,20,2023-01-23,7497.36,0,0.0,9.27,28.68,1.0153,59.964,3.38,0.95,0.38
2023-01-23 21:00:00,21,2023-01-23,7363.95,0,0.0,8.3,20.58,0.9442,60.067,3.82,0.95,0.28
2023-01-23 22:00:00,22,2023-01-23,7098.92,0,0.0,7.65,16.12,0.9866,60.039,3.5,0.95,0.23
2023-01-23 23:00:00,23,2023-01-23,7132.42,0,0.0,7.32,14.12,1.0096,60.111,3.84,0.95,0.2
2023-01-24 00:00:00,0,2023-01-24,7044.48,0,0.0,7.77,16.89,1.006,60.069,3.05,0.95,0.24
2023-01-24 01:00:00,1,2023-01-24,6737.57,0,0.0,5.39,5.64,1.0346,60.236,3.74,0.95,0.08
2023-01-24 02:00:00,2,2023-01-24,7148.57,0,0.0,6.97,12.19,1.0129,60.033,3.76,0.95,0.17
2023-01-24 03:00:00,3,2023-01-24,6467.16,0,0.0,5.89,7.36,0.9942,60.036,3.06,0.95,0.11
2023-01-24 04:00:00,4,2023-01-24,6134.53,0,0.0,8.16,19.56,0.9439,60.048,3.88,0.95,0.32
2023-01-24 05:00:00,5,2023-01-24,6331.95,0,0.0,6.78,11.22,0.9917,60.036,3.68,0.95,0.18
2023-01-24 06:00:00,6,2023-01-24,5529.09,0,0.0,8.95,25.81,0.982,60.132,3.61,0.95,0.47
2023-01-24 07:00:00,7,2023-01-24,5897.62,50,6.0,7.3,14.0,1.0071,60.049,3.74,0.95,0.34
2023-01-24 08:00:00,8,2023-01-24,5828.22,216,25.92,9.89,34.83,0.9899,59.98,3.59,0.95,1.04
2023-01-24 09:00:00,9,2023-01-24,4687.34,367,44.04,8.41,21.41,1.0281,60.082,3.03,0.95,1.4
2023-01-24 10:00:00,10,2023-01-24,5637.38,548,65.76,7.92,17.88,1.0231,59.982,3.86,0.95,1.48
2023-01-24 11:00:00,11,2023-01-24,5422.0,728,87.36,8.61,22.98,1.0391,60.024,3.92,0.949,2.04
2023-01-24 12:00:00,12,2023-01-24,6249.99,865,103.8,6.21,8.62,0.9933,60.139,3.04,0.949,1.8
2023-01-24 13:00:00,13,2023-01-24,5502.17,779,93.48,5.92,7.47,0.9872,60.017,3.74,0.949,1.83
2023-01-24 14:00:00,14,2023-01-24,6140.51,637,76.44,5.81,7.06,0.9802,60.039,3.82,0.95,1.36
2023-01-24 15:00:00,15,2023-01-24,6859.62,499,59.88,9.22,28.22,0.9791,60.002,3.81,0.95,1.28
2023-01-24 16:00:00,16,2023-01-24,7023.54,389,46.68,6.76,11.12,0.9955,59.978,3.48,0.95,0.82
2023-01-24 17:00:00,17,2023-01-24,7501.55,103,12.36,7.63,15.99,1.029,59.86,3.58,0.95,0.38
2023-01-24 18:00:00,18,2023-01-24,7126.44,0,0.0,7.77,16.89,1.0044,59.773,3.93,0.95,0.24
2023-01-24 19:00:00,19,2023-01-24,7139.0,0,0.0,9.35,29.43,1.015,59.966,3.74,0.95,0.41
2023-01-24 20:00:00,20,2023-01-24,7091.74,0,0.0,7.74,16.69,1.0247,59.859,3.45,0.95,0.24
2023-01-24 21:00:00,21,2023-01-24,8029.81,0,0.0,5.05,4.64,1.0114,60.011,3.49,0.95,0.06
2023-01-24 22:00:00,22,2023-01-24,6962.52,0,0.0,8.69,23.62,0.9874,59.975,3.86,0.95,0.34
2023-01-24 23:00:00,23,2023-01-24,6626.3,0,0.0,9.67,32.55,1.0164,60.092,3.84,0.95,0.49
2023-01-25 00:00:00,0,2023-01-25,6873.97,0,0.0,6.37,9.31,1.0007,59.955,3.85,0.95,0.14
2023-01-25 01:00:00,1,2023-01-25,6736.97,0,0.0,7.96,18.16,1.0083,59.859,3.54,0.95,0.27
2023-01-25 02:00:00,2,2023-01-25,7002.0,0,0.0,8.27,20.36,0.9971,60.193,3.41,0.95,0.29
2023-01-25 03:00:00,3,2023-01-25,5933.51,0,0.0,5.8,7.02,0.9951,60.112,3.91,0.95,0.12
2023-01-25 04:00:00,4,2023-01-25,5632.59,0,0.0,5.71,6.7,1.0063,59.909,3.55,0.95,0.12
2023-01-25 05:00:00,5,2023-01-25,5850.95,0,0.0,7.95,18.09,1.0186,60.063,3.01,0.95,0.31
2023-01-25 06:00:00,6,2023-01-25,5739.68,0,0.0,6.07,8.05,0.9762,59.974,3.26,0.95,0.14
2023-01-25 07:00:00,7,2023-01-25,5559.01,56,6.72,5.01,4.53,1.0194,60.042,3.6,0.95,0.2
2023-01-25 08:00:00,8,2023-01-25,5835.4,259,31.08,7.62,15.93,1.0104,59.977,3.93,0.95,0.81
2023-01-25 09:00:00,9,2023-01-25,5150.4,393,47.16,7.82,17.22,0.9843,60.119,3.96,0.95,1.25
2023-01-25 10:00:00,10,2023-01-25,5468.07,685,82.2,7.63,15.99,0.9924,60.05,3.59,0.949,1.8
2023-01-25 11:00:00,11,2023-01-25,5664.9,575,69.0,7.15,13.16,1.0062,60.04,3.06,0.95,1.45
2023-01-25 12:00:00,12,2023-01-25,5827.62,623,74.76,6.87,11.67,0.9878,60.038,3.15,0.95,1.48
2023-01-25 13:00:00,13,2023-01-25,6742.96,611,73.32,6.12,8.25,1.0241,60.144,3.9,0.95,1.21
2023-01-25 14:00:00,14,2023-01-25,6410.33,644,77.28,6.6,10.35,1.0039,59.964,3.79,0.95,1.37
2023-01-25 15:00:00,15,2023-01-25,6522.8,474,56.88,9.16,27.67,1.005,60.121,3.57,0.95,1.3
2023-01-25 16:00:00,16,2023-01-25,7063.02,355,42.6,9.38,29.71,1.036,59.899,3.74,0.95,1.02
2023-01-25 17:00:00,17,2023-01-25,6503.65,153,18.36,6.71,10.88,1.003,60.027,3.45,0.95,0.45
2023-01-25 18:00:00,18,2023-01-25,6903.29,0,0.0,9.17,27.76,0.9932,59.877,3.63,0.95,0.4
2023-01-25 19:00:00,19,2023-01-25,7474.62,0,0.0,7.82,17.22,1.0044,59.951,3.29,0.95,0.23
2023-01-25 20:00:00,20,2023-01-25,7838.37,0,0.0,5.77,6.92,0.9878,60.047,3.56,0.95,0.09
2023-01-25 21:00:00,21,2023-01-25,7681.62,0,0.0,5.07,4.69,1.0103,60.046,3.4,0.95,0.06
2023-01-25 22:00:00,22,2023-01-25,7255.06,0,0.0,8.39,21.26,0.9759,60.076,3.69,0.95,0.29
2023-01-25 23:00:00,23,2023-01-25,7447.7,0,0.0,8.86,25.04,1.016,59.906,3.99,0.95,0.34
2023-01-26 00:00:00,0,2023-01-26,6957.73,0,0.0,6.73,10.97,0.9962,59.952,3.87,0.95,0.16
2023-01-26 01:00:00,1,2023-01-26,6479.72,0,0.0,5.67,6.56,0.99,59.748,3.27,0.95,0.1
2023-01-26 02:00:00,2,2023-01-26,6214.1,0,0.0,6.05,7.97,1.0138,59.882,3.19,0.95,0.13
2023-01-26 03:00:00,3,2023-01-26,6750.73,0,0.0,6.1,8.17,0.9955,59.934,3.23,0.95,0.12
2023-01-26 04:00:00,4,2023-01-26,6119.57,0,0.0,8.34,20.88,1.0269,60.056,3.03,0.95,0.34
2023-01-26 05:00:00,5,2023-01-26,5490.8,0,0.0,7.41,14.65,1.0015,60.169,3.04,0.95,0.27
2023-01-26 06:00:00,6,2023-01-26,5463.88,0,0.0,8.34,20.88,0.9779,59.915,3.85,0.95,0.38
2023-01-26 07:00:00,7,2023-01-26,5457.3,74,8.88,5.72,6.74,0.9734,59.97,3.59,0.95,0.29
2023-01-26 08:00:00,8,2023-01-26,5506.96,272,32.64,5.49,5.96,0.996,60.061,3.89,0.95,0.7
2023-01-26 09:00:00,9,2023-01-26,5332.27,609,73.08,5.12,4.83,1.0335,59.863,3.68,0.95,1.46
2023-01-26 10:00:00,10,2023-01-26,5252.1,498,59.76,5.23,5.15,0.9703,60.295,4.01,0.95,1.24
2023-01-26 11:00:00,11,2023-01-26,5861.13,943,113.16,8.07,18.92,0.9615,60.213,3.17,0.949,2.25
2023-01-26 12:00:00,12,2023-01-26,6308.62,712,85.44,6.45,9.66,0.991,60.009,3.93,0.95,1.51
2023-01-26 13:00:00,13,2023-01-26,6889.53,967,116.04,7.38,14.47,1.0022,60.109,3.77,0.949,1.89
2023-01-26 14:00:00,14,2023-01-26,7168.92,857,102.84,8.95,25.81,1.0274,59.757,3.23,0.949,1.79
2023-01-26 15:00:00,15,2023-01-26,6394.77,498,59.76,7.1,12.88,0.9833,59.962,3.4,0.95,1.14
2023-01-26 16:00:00,16,2023-01-26,6580.83,303,36.36,9.39,29.81,0.9719,59.907,3.9,0.95,1.01
2023-01-26 17:00:00,17,2023-01-26,7261.65,125,15.0,6.65,10.59,1.0101,60.057,3.83,0.95,0.35
2023-01-26 18:00:00,18,2023-01-26,7139.0,0,0.0,8.07,18.92,0.9908,60.064,3.05,0.95,0.27
2023-01-26 19:00:00,19,2023-01-26,7552.4,0,0.0,6.97,12.19,0.9682,59.978,3.42,0.95,0.16
2023-01-26 20:00:00,20,2023-01-26,7426.76,0,0.0,6.02,7.85,1.0286,59.805,3.28,0.95,0.11
2023-01-26 21:00:00,21,2023-01-26,7381.3,0,0.0,7.31,14.06,0.9942,59.988,3.91,0.95,0.19
2023-01-26 22:00:00,22,2023-01-26,6272.73,0,0.0,7.71,16.5,0.9862,60.196,3.24,0.95,0.26
2023-01-26 23:00:00,23,2023-01-26,7679.83,0,0.0,7.13,13.05,0.975,60.042,3.27,0.95,0.17
2023-01-27 00:00:00,0,2023-01-27,7282.58,0,0.0,7.39,14.53,0.9951,59.987,3.28,0.95,0.2
2023-01-27 01:00:00,1,2023-01-27,6496.47,0,0.0,7.59,15.74,1.0261,60.059,3.41,0.95,0.24
2023-01-27 02:00:00,2,2023-01-27,7109.69,0,0.0,9.89,34.83,1.0004,60.134,3.57,0.95,0.49
2023-01-27 03:00:00,3,2023-01-27,6161.45,0,0.0,9.59,31.75,0.9362,59.917,3.65,0.95,0.52
2023-01-27 04:00:00,4,2023-01-27,5889.84,0,0.0,7.64,16.05,0.974,60.166,3.31,0.95,0.27
2023-01-27 05:00:00,5,2023-01-27,5457.9,0,0.0,8.69,23.62,1.0205,60.171,3.69,0.95,0.43
2023-01-27 06:00:00,6,2023-01-27,5833.61,0,0.0,6.03,7.89,0.9636,59.934,3.32,0.95,0.14
2023-01-27 07:00:00,7,2023-01-27,4851.27,50,6.0,7.26,13.78,1.0278,60.095,3.74,0.95,0.41
2023-01-27 08:00:00,8,2023-01-27,5175.52,293,35.16,6.54,10.07,1.0101,60.087,3.17,0.95,0.87
2023-01-27 09:00:00,9,2023-01-27,5380.72,587,70.44,5.58,6.25,1.0205,59.949,3.73,0.95,1.43
2023-01-27 10:00:00,10,2023-01-27,6038.21,713,85.56,5.28,5.3,1.0003,59.923,3.93,0.95,1.5
2023-01-27 11:00:00,11,2023-01-27,5630.2,668,80.16,6.44,9.62,0.9737,60.066,3.2,0.95,1.59
2023-01-27 12:00:00,12,2023-01-27,5285.6,964,115.68,9.34,29.33,1.0125,59.983,3.76,0.949,2.74
2023-01-27 13:00:00,13,2023-01-27,6428.87,804,96.48,7.93,17.95,1.0091,60.204,3.95,0.949,1.78
2023-01-27 14:00:00,14,2023-01-27,6207.52,532,63.84,8.35,20.96,0.981,59.856,3.48,0.95,1.37
2023-01-27 15:00:00,15,2023-01-27,7085.76,646,77.52,7.44,14.83,0.9553,59.985,3.09,0.95,1.3
2023-01-27 16:00:00,16,2023-01-27,6762.7,370,44.4,7.41,14.65,1.0055,59.938,3.38,0.95,0.87
2023-01-27 17:00:00,17,2023-01-27,7025.93,136,16.32,9.49,30.77,0.9808,60.028,3.24,0.95,0.67
2023-01-27 18:00:00,18,2023-01-27,7132.42,0,0.0,9.59,31.75,1.0124,60.044,3.62,0.95,0.45
2023-01-27 19:00:00,19,2023-01-27,7229.34,0,0.0,8.49,22.03,0.9973,59.921,3.65,0.95,0.3
2023-01-27 20:00:00,20,2023-01-27,7179.68,0,0.0,7.83,17.28,1.027,59.877,3.2,0.95,0.24
2023-01-27 21:00:00,21,2023-01-27,7172.5,0,0.0,8.74,24.03,0.9809,59.982,3.02,0.95,0.34
2023-01-27 22:00:00,22,2023-01-27,7346.6,0,0.0,8.73,23.95,0.997,60.034,3.97,0.95,0.33
2023-01-27 23:00:00,23,2023-01-27,7326.86,0,0.0,6.99,12.3,0.9316,59.949,3.03,0.95,0.17
2023-01-28 00:00:00,0,2023-01-28,5716.95,0,0.0,7.22,13.55,1.0179,59.974,3.84,0.95,0.24
2023-01-28 01:00:00,1,2023-01-28,5509.35,0,0.0,9.01,26.33,1.0049,60.107,3.42,0.95,0.48
2023-01-28 02:00:00,2,2023-01-28,5939.5,0,0.0,7.25,13.72,0.9649,60.012,3.75,0.95,0.23
2023-01-28 03:00:00,3,2023-01-28,5256.89,0,0.0,6.2,8.58,1.0082,59.899,3.8,0.95,0.16
2023-01-28 04:00:00,4,2023-01-28,4703.5,0,0.0,7.48,15.07,0.9789,59.919,3.57,0.95,0.32
2023-01-28 05:00:00,5,2023-01-28,4711.28,0,0.0,5.86,7.24,1.0009,60.048,3.09,0.95,0.15
2023-01-28 06:00:00,6,2023-01-28,4631.11,0,0.0,7.13,13.05,0.9821,60.035,3.99,0.95,0.28
2023-01-28 07:00:00,7,2023-01-28,4680.17,58,6.96,5.53,6.09,1.0042,59.813,3.1,0.95,0.28
2023-01-28 08:00:00,8,2023-01-28,5160.57,289,34.68,5.95,7.58,1.0314,59.855,3.14,0.95,0.82
2023-01-28 09:00:00,9,2023-01-28,4640.68,569,68.28,8.62,23.06,0.9997,60.124,3.61,0.949,1.97
2023-01-28 10:00:00,10,2023-01-28,4488.72,517,62.04,9.33,29.24,1.0066,60.1,3.41,0.949,2.03
2023-01-28 11:00:00,11,2023-01-28,4774.69,834,100.08,7.76,16.82,0.9957,59.821,3.35,0.949,2.45
2023-01-28 12:00:00,12,2023-01-28,5156.98,753,90.36,5.12,4.83,1.0165,59.99,3.05,0.949,1.85
2023-01-28 13:00:00,13,2023-01-28,5494.99,901,108.12,6.61,10.4,1.0188,59.811,3.82,0.949,2.16
2023-01-28 14:00:00,14,2023-01-28,5420.21,774,92.88,6.67,10.68,0.9837,59.882,3.53,0.949,1.91
2023-01-28 15:00:00,15,2023-01-28,5322.1,484,58.08,7.78,16.95,1.0247,59.841,3.36,0.95,1.41
2023-01-28 16:00:00,16,2023-01-28,5796.51,422,50.64,7.91,17.82,0.9734,60.042,3.61,0.95,1.18
2023-01-28 17:00:00,17,2023-01-28,5913.77,165,19.8,8.77,24.28,1.0024,59.954,3.42,0.95,0.75
2023-01-28 18:00:00,18,2023-01-28,6321.19,0,0.0,5.78,6.95,1.0108,59.908,3.9,0.95,0.11
2023-01-28 19:00:00,19,2023-01-28,6421.09,0,0.0,7.82,17.22,1.0286,60.007,3.72,0.95,0.27
2023-01-28 20:00:00,20,2023-01-28,6565.27,0,0.0,9.12,27.31,0.9849,60.026,3.28,0.95,0.42
2023-01-28 21:00:00,21,2023-01-28,6124.36,0,0.0,5.65,6.49,0.9895,60.223,3.61,0.95,0.11
2023-01-28 22:00:00,22,2023-01-28,6024.45,0,0.0,6.39,9.39,0.9932,60.232,3.7,0.95,0.16
2023-01-28 23:00:00,23,2023-01-28,5959.24,0,0.0,6.67,10.68,0.9847,60.036,3.33,0.95,0.18
2023-01-29 00:00:00,0,2023-01-29,6030.43,0,0.0,8.93,25.64,0.9937,60.054,3.95,0.95,0.43
2023-01-29 01:00:00,1,2023-01-29,5986.76,0,0.0,7.02,12.45,0.9855,60.023,3.58,0.95,0.21
2023-01-29 02:00:00,2,2023-01-29,5453.71,0,0.0,7.07,12.72,0.9686,60.1,3.14,0.95,0.23
2023-01-29 03:00:00,3,2023-01-29,5334.66,0,0.0,5.42,5.73,1.0121,59.978,3.47,0.95,0.11
2023-01-29 04:00:00,4,2023-01-29,4906.91,0,0.0,5.29,5.33,0.9836,60.071,3.51,0.95,0.11
2023-01-29 05:00:00,5,2023-01-29,4872.21,0,0.0,5.1,4.78,1.0058,60.002,3.55,0.95,0.1
2023-01-29 06:00:00,6,2023-01-29,4922.46,0,0.0,6.56,10.16,0.9722,60.006,3.32,0.95,0.21
2023-01-29 07:00:00,7,2023-01-29,4638.89,53,6.36,6.67,10.68,0.9936,59.959,3.63,0.95,0.37
2023-01-29 08:00:00,8,2023-01-29,4846.48,237,28.44,9.46,30.48,0.9919,60.103,3.68,0.95,1.22
2023-01-29 09:00:00,9,2023-01-29,4563.51,409,49.08,8.6,22.9,1.0149,59.989,3.48,0.95,1.58
2023-01-29 10:00:00,10,2023-01-29,4806.4,592,71.04,6.18,8.5,0.9843,60.002,3.13,0.95,1.65
2023-01-29 11:00:00,11,2023-01-29,4550.34,910,109.2,9.52,31.06,1.0458,59.919,4.02,0.949,3.08
2023-01-29 12:00:00,12,2023-01-29,4949.98,633,75.96,5.17,4.97,0.9695,60.013,3.37,0.95,1.63
2023-01-29 13:00:00,13,2023-01-29,5399.27,857,102.84,8.34,20.88,0.9984,60.013,3.06,0.949,2.29
2023-01-29 14:00:00,14,2023-01-29,4941.01,587,70.44,9.81,33.99,0.9884,59.946,3.69,0.949,2.11
2023-01-29 15:00:00,15,2023-01-29,5834.8,411,49.32,5.34,5.48,1.0053,60.044,3.26,0.95,0.94
2023-01-29 16:00:00,16,2023-01-29,5828.82,415,49.8,5.04,4.61,0.9788,60.019,3.13,0.95,0.93
2023-01-29 17:00:00,17,2023-01-29,5672.67,165,19.8,6.92,11.93,1.0325,59.725,3.53,0.95,0.56
2023-01-29 18:00:00,18,2023-01-29,6592.79,0,0.0,5.22,5.12,0.9887,60.044,3.12,0.95,0.08
2023-01-29 19:00:00,19,2023-01-29,6554.51,0,0.0,8.58,22.74,1.0266,60.05,3.08,0.95,0.35
2023-01-29 20:00:00,20,2023-01-29,5982.57,0,0.0,5.22,5.12,1.0078,60.06,3.1,0.95,0.09
2023-01-29 21:00:00,21,2023-01-29,6343.32,0,0.0,7.07,12.72,1.01,60.077,3.16,0.95,0.2
2023-01-29 22:00:00,22,2023-01-29,6085.47,0,0.0,5.14,4.89,1.012,60.085,3.62,0.95,0.08
2023-01-29 23:00:00,23,2023-01-29,6029.83,0,0.0,8.55,22.5,1.0066,60.081,3.63,0.95,0.37
2023-01-30 00:00:00,0,2023-01-30,6985.85,0,0.0,6.74,11.02,1.0206,60.023,3.08,0.95,0.16
2023-01-30 01:00:00,1,2023-01-30,6991.83,0,0.0,8.91,25.46,0.9872,59.905,3.92,0.95,0.36
2023-01-30 02:00:00,2,2023-01-30,6587.41,0,0.0,8.08,18.99,0.9966,59.7,3.12,0.95,0.29
2023-01-30 03:00:00,3,2023-01-30,6535.36,0,0.0,7.38,14.47,0.9859,60.184,3.4,0.95,0.22
2023-01-30 04:00:00,4,2023-01-30,6209.31,0,0.0,9.57,31.55,1.0006,60.101,3.89,0.95,0.51
2023-01-30 05:00:00,5,2023-01-30,5881.47,0,0.0,5.34,5.48,1.0256,60.022,3.76,0.95,0.09
2023-01-30 06:00:00,6,2023-01-30,5302.35,0,0.0,6.54,10.07,0.9883,60.123,3.35,0.95,0.19
2023-01-30 07:00:00,7,2023-01-30,5567.38,71,8.52,5.21,5.09,1.0271,59.905,3.15,0.95,0.24
2023-01-30 08:00:00,8,2023-01-30,5128.26,349,41.88,5.32,5.42,1.0404,60.032,3.18,0.95,0.92
2023-01-30 09:00:00,9,2023-01-30,5624.81,466,55.92,7.48,15.07,1.0004,59.968,3.75,0.95,1.26
2023-01-30 10:00:00,10,2023-01-30,5762.41,748,89.76,7.24,13.66,1.0345,60.027,3.88,0.949,1.79
2023-01-30 11:00:00,11,2023-01-30,5699.0,801,96.12,5.05,4.64,1.0055,59.976,3.6,0.949,1.77
2023-01-30 12:00:00,12,2023-01-30,5054.67,851,102.12,7.53,15.37,0.9821,59.987,3.15,0.949,2.32
2023-01-30 13:00:00,13,2023-01-30,6681.93,654,78.48,9.24,28.4,1.0328,60.006,3.46,0.95,1.6
2023-01-30 14:00:00,14,2023-01-30,6877.56,562,67.44,5.12,4.83,1.0082,60.092,3.07,0.95,1.05
2023-01-30 15:00:00,15,2023-01-30,6566.47,677,81.24,6.58,10.26,0.9904,59.919,3.04,0.95,1.39
2023-01-30 16:00:00,16,2023-01-30,6867.39,445,53.4,7.43,14.77,0.98,59.931,3.27,0.95,0.99
2023-01-30 17:00:00,17,2023-01-30,6902.69,160,19.2,5.57,6.22,0.9735,60.176,3.59,0.95,0.37
2023-01-30 18:00:00,18,2023-01-30,7331.04,0,0.0,6.14,8.33,1.0191,60.104,3.58,0.95,0.11
2023-01-30 19:00:00,19,2023-01-30,6921.84,0,0.0,5.16,4.95,0.9918,60.09,3.51,0.95,0.07
2023-01-30 20:00:00,20,2023-01-30,7064.22,0,0.0,9.33,29.24,0.9863,60.024,3.77,0.95,0.41
2023-01-30 21:00:00,21,2023-01-30,7937.68,0,0.0,6.86,11.62,1.0312,60.157,3.41,0.95,0.15
2023-01-30 22:00:00,22,2023-01-30,6702.87,0,0.0,8.54,22.42,0.9856,59.995,3.02,0.95,0.33
2023-01-30 23:00:00,23,2023-01-30,6498.27,0,0.0,8.52,22.26,1.006,60.058,3.19,0.95,0.34
2023-01-31 00:00:00,0,2023-01-31,6525.19,0,0.0,6.39,9.39,1.0085,60.09,3.85,0.95,0.14
2023-01-31 01:00:00,1,2023-01-31,6629.89,0,0.0,8.68,23.54,1.0019,60.084,3.24,0.95,0.36
2023-01-31 02:00:00,2,2023-01-31,6196.75,0,0.0,6.45,9.66,0.9937,59.963,3.79,0.95,0.16
2023-01-31 03:00:00,3,2023-01-31,6354.09,0,0.0,6.84,11.52,0.9841,60.045,3.82,0.95,0.18
2023-01-31 04:00:00,4,2023-01-31,6194.35,0,0.0,8.44,21.64,1.0247,60.016,3.84,0.95,0.35
2023-01-31 05:00:00,5,2023-01-31,5287.99,0,0.0,5.82,7.1,0.9618,59.988,3.21,0.95,0.13
2023-01-31 06:00:00,6,2023-01-31,5324.49,0,0.0,6.61,10.4,0.9949,60.083,3.21,0.95,0.2
2023-01-31 07:00:00,7,2023-01-31,6051.37,77,9.24,5.84,7.17,0.9566,59.977,4.0,0.95,0.27
2023-01-31 08:00:00,8,2023-01-31,5581.14,313,37.56,5.0,4.5,0.9826,60.037,3.61,0.95,0.75
2023-01-31 09:00:00,9,2023-01-31,5711.56,386,46.32,8.19,19.78,1.0058,59.98,3.53,0.95,1.16
2023-01-31 10:00:00,10,2023-01-31,5485.42,793,95.16,9.84,34.3,0.9882,59.875,3.99,0.949,2.36
2023-01-31 11:00:00,11,2023-01-31,5679.26,746,89.52,9.86,34.51,0.9915,60.043,3.2,0.949,2.18
2023-01-31 12:00:00,12,2023-01-31,5541.06,852,102.24,8.23,20.07,1.0379,59.996,3.21,0.949,2.21
2023-01-31 13:00:00,13,2023-01-31,5911.98,739,88.68,8.06,18.85,0.9878,60.09,3.52,0.949,1.82
2023-01-31 14:00:00,14,2023-01-31,6191.36,668,80.16,9.46,30.48,0.9779,60.055,3.48,0.949,1.79
2023-01-31 15:00:00,15,2023-01-31,6694.5,576,69.12,9.3,28.96,1.0303,60.293,3.39,0.95,1.47
2023-01-31 16:00:00,16,2023-01-31,6814.75,397,47.64,9.57,31.55,1.0128,60.034,3.69,0.95,1.16
2023-01-31 17:00:00,17,2023-01-31,7314.89,180,21.6,9.93,35.25,1.0038,60.028,3.25,0.95,0.78
2023-01-31 18:00:00,18,2023-01-31,7814.43,0,0.0,8.21,19.92,1.0219,59.989,3.57,0.95,0.25
2023-01-31 19:00:00,19,2023-01-31,7027.13,0,0.0,6.59,10.3,1.0256,59.998,3.46,0.95,0.15
2023-01-31 20:00:00,20,2023-01-31,7779.74,0,0.0,9.32,29.14,1.0043,60.11,3.66,0.95,0.37
2023-01-31 21:00:00,21,2023-01-31,7806.66,0,0.0,6.94,12.03,0.9966,60.097,3.13,0.95,0.15
2023-01-31 22:00:00,22,2023-01-31,6984.05,0,0.0,6.83,11.47,1.0211,60.02,3.57,0.95,0.16
2023-01-31 23:00:00,23,2023-01-31,6479.12,0,0.0,7.7,16.44,0.9632,60.062,3.51,0.95,0.25
2023-02-01 00:00:00,0,2023-02-01,6870.98,0,0.0,9.23,28.31,1.0144,60.162,3.42,0.95,0.41
2023-02-01 01:00:00,1,2023-02-01,6614.93,0,0.0,8.07,18.92,1.0152,60.068,3.97,0.95,0.29
2023-02-01 02:00:00,2,2023-02-01,6452.2,0,0.0,8.24,20.14,0.9935,60.083,3.37,0.95,0.31
2023-02-01 03:00:00,3,2023-02-01,6480.32,0,0.0,8.31,20.66,1.0138,60.052,3.62,0.95,0.32
2023-02-01 04:00:00,4,2023-02-01,6118.38,0,0.0,5.82,7.1,0.9882,60.08,3.82,0.95,0.12
2023-02-01 05:00:00,5,2023-02-01,5785.15,0,0.0,9.82,34.09,1.0473,60.069,3.67,0.95,0.59
2023-02-01 06:00:00,6,2023-02-01,5611.65,0,0.0,8.24,20.14,0.9706,60.093,3.05,0.95,0.36
2023-02-01 07:00:00,7,2023-02-01,5318.51,59,7.08,9.73,33.16,1.0088,59.913,3.73,0.95,0.76
2023-02-01 08:00:00,8,2023-02-01,5595.5,350,42.0,7.27,13.83,0.9431,60.122,3.16,0.95,1.0
2023-02-01 09:00:00,9,2023-02-01,4784.26,380,45.6,9.65,32.35,1.0052,60.067,3.38,0.95,1.63
2023-02-01 10:00:00,10,2023-02-01,5123.47,503,60.36,8.26,20.29,1.0425,59.86,3.66,0.95,1.57
2023-02-01 11:00:00,11,2023-02-01,6024.45,571,68.52,8.68,23.54,0.9788,59.879,3.9,0.95,1.53
2023-02-01 12:00:00,12,2023-02-01,5899.41,832,99.84,9.24,28.4,1.0256,60.218,4.0,0.949,2.17
2023-02-01 13:00:00,13,2023-02-01,6220.68,740,88.8,5.16,4.95,1.035,60.023,3.6,0.95,1.51
2023-02-01 14:00:00,14,2023-02-01,6185.38,745,89.4,9.7,32.86,1.0119,59.871,3.24,0.949,1.98
2023-02-01 15:00:00,15,2023-02-01,6453.4,561,67.32,9.1,27.13,1.0094,59.92,3.23,0.95,1.46
2023-02-01 16:00:00,16,2023-02-01,6892.52,438,52.56,7.81,17.15,0.9816,59.907,3.82,0.95,1.01
2023-02-01 17:00:00,17,2023-02-01,6401.35,121,14.52,5.24,5.18,0.9618,60.036,3.87,0.95,0.31
2023-02-01 18:00:00,18,2023-02-01,6713.64,0,0.0,7.27,13.83,0.9999,60.017,3.46,0.95,0.21
2023-02-01 19:00:00,19,2023-02-01,7035.5,0,0.0,9.98,35.78,0.9962,60.04,3.67,0.95,0.51
2023-02-01 20:00:00,20,2023-02-01,6978.07,0,0.0,7.28,13.89,1.0051,59.977,3.66,0.95,0.2
2023-02-01 21:00:00,21,2023-02-01,7275.41,0,0.0,5.27,5.27,1.0258,60.061,3.88,0.95,0.07
2023-02-01 22:00:00,22,2023-02-01,7853.32,0,0.0,9.17,27.76,1.0027,60.0,3.14,0.95,0.35
2023-02-01 23:00:00,23,2023-02-01,7745.04,0,0.0,5.84,7.17,1.026,60.032,3.24,0.95,0.09
2023-02-02 00:00:00,0,2023-02-02,5975.99,0,0.0,8.99,26.16,1.0053,59.967,3.14,0.95,0.44
2023-02-02 01:00:00,1,2023-02-02,6593.99,0,0.0,7.13,13.05,0.9838,60.042,3.31,0.95,0.2
2023-02-02 02:00:00,2,2023-02-02,6491.09,0,0.0,6.53,10.02,0.9988,60.032,3.21,0.95,0.15
2023-02-02 03:00:00,3,2023-02-02,5819.25,0,0.0,7.01,12.4,1.0253,60.202,3.53,0.95,0.21
2023-02-02 04:00:00,4,2023-02-02,5751.05,0,0.0,9.25,28.49,1.0125,60.177,3.48,0.95,0.5
2023-02-02 05:00:00,5,2023-02-02,5983.17,0,0.0,7.75,16.76,0.9792,59.842,3.65,0.95,0.28
2023-02-02 06:00:00,6,2023-02-02,5586.53,0,0.0,7.14,13.1,0.9951,59.926,3.61,0.95,0.23
2023-02-02 07:00:00,7,2023-02-02,5335.26,72,8.64,8.42,21.49,1.0269,59.886,3.39,0.95,0.56
2023-02-02 08:00:00,8,2023-02-02,5388.5,270,32.4,6.87,11.67,0.9345,60.055,3.27,0.95,0.82
2023-02-02 09:00:00,9,2023-02-02,5188.68,415,49.8,6.64,10.54,0.9903,59.913,3.33,0.95,1.16
2023-02-02 10:00:00,10,2023-02-02,5661.31,622,74.64,7.7,16.44,0.9967,59.944,3.42,0.95,1.61
2023-02-02 11:00:00,11,2023-02-02,6072.31,646,77.52,6.43,9.57,1.0311,59.957,3.14,0.95,1.43
2023-02-02 12:00:00,12,2023-02-02,6123.76,996,119.52,6.14,8.33,1.0338,59.957,3.58,0.949,2.09
2023-02-02 13:00:00,13,2023-02-02,6154.87,767,92.04,5.81,7.06,0.9871,59.961,3.3,0.95,1.61
2023-02-02 14:00:00,14,2023-02-02,6679.54,866,103.92,7.13,13.05,1.0191,60.045,3.48,0.949,1.75
2023-02-02 15:00:00,15,2023-02-02,6534.76,463,55.56,5.55,6.15,1.0105,59.994,3.47,0.95,0.94
2023-02-02 16:00:00,16,2023-02-02,7322.67,394,47.28,7.38,14.47,0.9833,60.036,3.86,0.95,0.84
2023-02-02 17:00:00,17,2023-02-02,7260.45,133,15.96,5.99,7.74,1.0214,59.924,3.97,0.95,0.33
2023-02-02 18:00:00,18,2023-02-02,7544.02,0,0.0,5.67,6.56,0.9906,60.094,3.1,0.95,0.09
2023-02-02 19:00:00,19,2023-02-02,6803.98,0,0.0,9.92,35.14,0.9787,59.982,3.74,0.95,0.52
2023-02-02 20:00:00,20,2023-02-02,6864.4,0,0.0,8.27,20.36,1.0271,59.94,3.22,0.95,0.3
2023-02-02 21:00:00,21,2023-02-02,7276.0,0,0.0,9.53,31.16,0.974,60.122,3.17,0.95,0.43
2023-02-02 22:00:00,22,2023-02-02,7517.1,0,0.0,9.03,26.51,0.9899,60.096,3.25,0.95,0.35
2023-02-02 23:00:00,23,2023-02-02,6631.68,0,0.0,5.83,7.13,1.0046,60.013,3.46,0.95,0.11
2023-02-03 00:00:00,0,2023-02-03,7258.06,0,0.0,8.94,25.72,0.9797,59.994,3.6,0.95,0.35
2023-02-03 01:00:00,1,2023-02-03,6799.19,0,0.0,6.37,9.31,1.0148,59.904,3.51,0.95,0.14
2023-02-03 02:00:00,2,2023-02-03,6541.94,0,0.0,8.43,21.57,1.0327,60.181,3.22,0.95,0.33
2023-02-03 03:00:00,3,2023-02-03,6324.77,0,0.0,9.09,27.04,0.9907,59.743,3.99,0.95,0.43
2023-02-03 04:00:00,4,2023-02-03,5940.1,0,0.0,6.95,12.09,1.0267,60.057,3.29,0.95,0.2
2023-02-03 05:00:00,5,2023-02-03,5452.52,0,0.0,9.92,35.14,1.007,60.103,3.37,0.95,0.64
2023-02-03 06:00:00,6,2023-02-03,5175.52,0,0.0,9.68,32.65,1.0003,60.063,3.21,0.95,0.63
2023-02-03 07:00:00,7,2023-02-03,5674.47,65,7.8,9.79,33.78,0.9699,59.91,3.51,0.95,0.73
2023-02-03 08:00:00,8,2023-02-03,5387.31,372,44.64,5.26,5.24,1.0025,60.053,3.18,0.95,0.93
2023-02-03 09:00:00,9,2023-02-03,5104.33,410,49.2,5.32,5.42,1.0019,59.919,3.35,0.95,1.07
2023-02-03 10:00:00,10,2023-02-03,5513.54,773,92.76,5.26,5.24,1.0052,59.954,3.38,0.949,1.78
2023-02-03 11:00:00,11,2023-02-03,5740.88,649,77.88,9.78,33.68,1.0056,59.937,3.39,0.949,1.94
2023-02-03 12:00:00,12,2023-02-03,5880.87,959,115.08,8.48,21.95,0.9945,59.936,3.11,0.949,2.33
2023-02-03 13:00:00,13,2023-02-03,5707.37,799,95.88,8.0,18.43,0.9877,60.011,3.69,0.949,2.0
2023-02-03 14:00:00,14,2023-02-03,6297.25,840,100.8,5.31,5.39,0.988,59.961,3.38,0.949,1.69
2023-02-03 15:00:00,15,2023-02-03,6208.71,554,66.48,8.35,20.96,0.9893,60.203,3.28,0.95,1.41
2023-02-03 16:00:00,16,2023-02-03,6842.27,425,51.0,8.32,20.73,1.0472,60.022,3.9,0.95,1.05
2023-02-03 17:00:00,17,2023-02-03,6835.09,204,24.48,8.34,20.88,1.0007,60.108,3.72,0.95,0.66
2023-02-03 18:00:00,18,2023-02-03,7262.84,0,0.0,5.87,7.28,0.9654,60.09,3.82,0.95,0.1
2023-02-03 19:00:00,19,2023-02-03,7349.59,0,0.0,9.35,29.43,0.9834,59.991,3.66,0.95,0.4
2023-02-03 20:00:00,20,2023-02-03,6807.57,0,0.0,6.7,10.83,1.0081,59.92,3.42,0.95,0.16
2023-02-03 21:00:00,21,2023-02-03,6887.73,0,0.0,9.32,29.14,0.9822,60.013,3.51,0.95,0.42
2023-02-03 22:00:00,22,2023-02-03,7334.63,0,0.0,9.42,30.09,0.9964,60.05,3.96,0.95,0.41
2023-02-03 23:00:00,23,2023-02-03,6867.39,0,0.0,8.22,19.99,0.9902,59.873,3.03,0.95,0.29
2023-02-04 00:00:00,0,2023-02-04,6329.56,0,0.0,8.96,25.9,0.9918,59.967,3.06,0.95,0.41
2023-02-04 01:00:00,1,2023-02-04,5470.46,0,0.0,6.64,10.54,0.9997,59.855,3.01,0.95,0.19
2023-02-04 02:00:00,2,2023-02-04,5536.27,0,0.0,9.12,27.31,1.003,60.029,3.58,0.95,0.49
2023-02-04 03:00:00,3,2023-02-04,5110.91,0,0.0,9.34,29.33,0.9962,59.879,3.89,0.95,0.57
2023-02-04 04:00:00,4,2023-02-04,5160.57,0,0.0,6.93,11.98,1.0237,60.184,3.39,0.95,0.23
2023-02-04 05:00:00,5,2023-02-04,4440.86,0,0.0,8.66,23.38,0.9918,60.141,3.84,0.95,0.53
2023-02-04 06:00:00,6,2023-02-04,4866.82,0,0.0,8.28,20.44,1.0271,59.885,3.96,0.95,0.42
2023-02-04 07:00:00,7,2023-02-04,5039.12,98,11.76,8.03,18.64,0.9983,60.022,3.98,0.95,0.6
2023-02-04 08:00:00,8,2023-02-04,4410.35,298,35.76,7.07,12.72,1.0452,60.05,3.44,0.95,1.1
2023-02-04 09:00:00,9,2023-02-04,4792.04,417,50.04,8.49,22.03,1.0138,59.908,3.42,0.95,1.5
2023-02-04 10:00:00,10,2023-02-04,4847.68,653,78.36,7.63,15.99,0.9744,60.017,3.44,0.949,1.95
2023-02-04 11:00:00,11,2023-02-04,5019.98,581,69.72,8.19,19.78,1.015,60.1,3.23,0.949,1.78
2023-02-04 12:00:00,12,2023-02-04,4576.67,780,93.6,9.86,34.51,1.0194,60.066,3.15,0.949,2.8
2023-02-04 13:00:00,13,2023-02-04,4764.52,669,80.28,7.64,16.05,0.9894,59.918,3.16,0.949,2.02
2023-02-04 14:00:00,14,2023-02-04,5377.73,698,83.76,6.4,9.44,1.0052,59.879,3.76,0.949,1.73
2023-02-04 15:00:00,15,2023-02-04,6136.32,580,69.6,8.0,18.43,0.9881,59.971,3.93,0.95,1.43
2023-02-04 16:00:00,16,2023-02-04,5270.05,458,54.96,9.57,31.55,1.0029,59.997,3.53,0.95,1.64
2023-02-04 17:00:00,17,2023-02-04,5910.18,136,16.32,5.95,7.58,0.9855,59.984,3.13,0.95,0.4
2023-02-04 18:00:00,18,2023-02-04,5786.34,0,0.0,6.61,10.4,0.9817,60.157,3.95,0.95,0.18
2023-02-04 19:00:00,19,2023-02-04,6108.8,0,0.0,6.79,11.27,1.0373,60.042,3.49,0.95,0.18
2023-02-04 20:00:00,20,2023-02-04,6663.39,0,0.0,5.73,6.77,1.0388,59.983,3.52,0.95,0.1
2023-02-04 21:00:00,21,2023-02-04,6778.85,0,0.0,5.91,7.43,0.9957,59.868,3.32,0.95,0.11
2023-02-04 22:00:00,22,2023-02-04,6232.64,0,0.0,7.19,13.38,0.9976,60.06,3.64,0.95,0.21
2023-02-04 23:00:00,23,2023-02-04,5782.16,0,0.0,8.6,22.9,0.9926,60.106,3.32,0.95,0.4
2023-02-05 00:00:00,0,2023-02-05,5481.83,0,0.0,8.19,19.78,0.982,60.066,3.31,0.95,0.36
2023-02-05 01:00:00,1,2023-02-05,5335.26,0,0.0,9.69,32.75,0.9927,60.083,4.0,0.95,0.61
2023-02-05 02:00:00,2,2023-02-05,5106.12,0,0.0,8.2,19.85,0.991,59.945,3.32,0.95,0.39
2023-02-05 03:00:00,3,2023-02-05,5628.4,0,0.0,8.82,24.7,1.0332,60.041,3.06,0.95,0.44
2023-02-05 04:00:00,4,2023-02-05,5009.81,0,0.0,5.52,6.06,1.0083,59.994,3.65,0.95,0.12
2023-02-05 05:00:00,5,2023-02-05,4501.89,0,0.0,7.73,16.63,1.035,60.031,3.96,0.95,0.37
2023-02-05 06:00:00,6,2023-02-05,4843.49,0,0.0,7.96,18.16,0.9897,59.927,3.21,0.95,0.37
2023-02-05 07:00:00,7,2023-02-05,3973.62,74,8.88,8.45,21.72,1.0012,59.988,3.63,0.95,0.77
2023-02-05 08:00:00,8,2023-02-05,3922.77,335,40.2,7.37,14.41,1.025,59.85,3.98,0.95,1.39
2023-02-05 09:00:00,9,2023-02-05,4733.41,390,46.8,7.3,14.0,1.0249,59.958,3.35,0.95,1.28
2023-02-05 10:00:00,10,2023-02-05,4952.97,604,72.48,7.31,14.06,1.001,59.88,3.21,0.949,1.75
2023-02-05 11:00:00,11,2023-02-05,4547.95,779,93.48,8.28,20.44,0.9722,60.007,3.72,0.949,2.5
2023-02-05 12:00:00,12,2023-02-05,4872.8,974,116.88,8.28,20.44,0.9804,60.058,3.3,0.949,2.82
2023-02-05 13:00:00,13,2023-02-05,4939.21,588,70.56,9.64,32.25,1.0068,59.956,3.49,0.949,2.08
2023-02-05 14:00:00,14,2023-02-05,5406.45,810,97.2,9.31,29.05,1.0006,59.81,3.89,0.949,2.34
2023-02-05 15:00:00,15,2023-02-05,5469.27,526,63.12,7.02,12.45,0.9767,60.11,3.23,0.95,1.38
2023-02-05 16:00:00,16,2023-02-05,6488.7,368,44.16,9.4,29.9,1.0509,60.014,3.13,0.95,1.14
2023-02-05 17:00:00,17,2023-02-05,6400.75,146,17.52,8.93,25.64,0.9855,60.046,3.2,0.95,0.67
2023-02-05 18:00:00,18,2023-02-05,5590.71,0,0.0,9.3,28.96,1.0048,59.88,3.21,0.95,0.52
2023-02-05 19:00:00,19,2023-02-05,6048.38,0,0.0,5.21,5.09,1.0075,60.005,3.09,0.95,0.08
2023-02-05 20:00:00,20,2023-02-05,6629.29,0,0.0,8.05,18.78,0.955,60.079,3.06,0.95,0.28
2023-02-05 21:00:00,21,2023-02-05,6133.33,0,0.0,8.08,18.99,0.994,60.124,3.1,0.95,0.31
2023-02-05 22:00:00,22,2023-02-05,6001.12,0,0.0,5.19,5.03,0.984,59.879,3.22,0.95,0.08
2023-02-05 23:00:00,23,2023-02-05,5919.16,0,0.0,7.95,18.09,1.0351,59.909,3.51,0.95,0.31
2023-02-06 00:00:00,0,2023-02-06,6631.68,0,0.0,7.44,14.83,0.9671,59.996,3.32,0.95,0.22
2023-02-06 01:00:00,1,2023-02-06,6501.26,0,0.0,5.96,7.62,1.0295,59.942,3.95,0.95,0.12
2023-02-06 02:00:00,2,2023-02-06,6368.45,0,0.0,5.88,7.32,0.983,59.922,3.44,0.95,0.11
2023-02-06 03:00:00,3,2023-02-06,5819.25,0,0.0,7.89,17.68,0.9933,60.01,3.77,0.95,0.3
2023-02-06 04:00:00,4,2023-02-06,6427.67,0,0.0,6.32,9.09,0.9988,60.09,3.29,0.95,0.14
2023-02-06 05:00:00,5,2023-02-06,5320.3,0,0.0,7.66,16.18,1.0112,59.933,3.04,0.95,0.3
2023-02-06 06:00:00,6,2023-02-06,4903.32,0,0.0,7.01,12.4,1.012,59.953,3.4,0.95,0.25
2023-02-06 07:00:00,7,2023-02-06,5525.5,100,12.0,8.05,18.78,1.004,59.874,3.7,0.95,0.56
2023-02-06 08:00:00,8,2023-02-06,5137.83,277,33.24,7.6,15.8,0.9902,59.932,3.91,0.95,0.95
2023-02-06 09:00:00,9,2023-02-06,5347.22,404,48.48,9.1,27.13,0.9791,59.932,3.57,0.95,1.41
2023-02-06 10:00:00,10,2023-02-06,5445.93,688,82.56,8.01,18.5,1.0071,60.214,3.16,0.949,1.86
2023-02-06 11:00:00,11,2023-02-06,5129.46,923,110.76,5.41,5.7,0.9995,60.103,3.58,0.949,2.27
2023-02-06 12:00:00,12,2023-02-06,5235.35,829,99.48,7.24,13.66,1.0104,60.018,3.83,0.949,2.16
2023-02-06 13:00:00,13,2023-02-06,6592.79,763,91.56,5.13,4.86,0.986,60.007,3.42,0.95,1.46
2023-02-06 14:00:00,14,2023-02-06,5958.04,806,96.72,6.52,9.98,1.0013,60.139,3.05,0.949,1.79
2023-02-06 15:00:00,15,2023-02-06,6871.58,562,67.44,8.36,21.03,0.9673,59.983,3.23,0.95,1.29
2023-02-06 16:00:00,16,2023-02-06,7276.0,374,44.88,6.63,10.49,1.0149,60.073,3.56,0.95,0.76
2023-02-06 17:00:00,17,2023-02-06,7060.63,163,19.56,8.24,20.14,0.9923,59.935,3.5,0.95,0.56
2023-02-06 18:00:00,18,2023-02-06,7655.9,0,0.0,6.29,8.96,0.9838,60.074,3.54,0.95,0.12
2023-02-06 19:00:00,19,2023-02-06,6642.45,0,0.0,6.08,8.09,1.0104,59.933,3.57,0.95,0.12
2023-02-06 20:00:00,20,2023-02-06,7018.75,0,0.0,9.38,29.71,0.9961,60.047,3.06,0.95,0.42
2023-02-06 21:00:00,21,2023-02-06,7706.15,0,0.0,8.08,18.99,1.0488,59.994,3.14,0.95,0.25
2023-02-06 22:00:00,22,2023-02-06,6875.17,0,0.0,8.58,22.74,0.9879,60.065,3.49,0.95,0.33
2023-02-06 23:00:00,23,2023-02-06,6954.14,0,0.0,9.78,33.68,0.9732,60.031,3.91,0.95,0.48
2023-02-07 00:00:00,0,2023-02-07,6829.7,0,0.0,8.08,18.99,1.0054,60.06,3.06,0.95,0.28
2023-02-07 01:00:00,1,2023-02-07,6931.41,0,0.0,9.81,33.99,0.9993,60.096,3.73,0.95,0.49
2023-02-07 02:00:00,2,2023-02-07,6395.37,0,0.0,5.08,4.72,1.0054,59.801,3.4,0.95,0.07
2023-02-07 03:00:00,3,2023-02-07,6772.27,0,0.0,9.11,27.22,1.0166,59.98,3.48,0.95,0.4
2023-02-07 04:00:00,4,2023-02-07,5636.18,0,0.0,5.71,6.7,1.0364,59.911,3.99,0.95,0.12
2023-02-07 05:00:00,5,2023-02-07,6245.21,0,0.0,9.96,35.57,0.9653,59.999,3.8,0.95,0.57
2023-02-07 06:00:00,6,2023-02-07,5269.45,0,0.0,8.38,21.19,0.9953,60.119,3.94,0.95,0.4
2023-02-07 07:00:00,7,2023-02-07,5010.4,87,10.44,8.37,21.11,0.9925,60.05,3.85,0.95,0.63
2023-02-07 08:00:00,8,2023-02-07,5591.91,329,39.48,7.53,15.37,0.9746,60.001,3.22,0.95,0.98
2023-02-07 09:00:00,9,2023-02-07,5125.87,495,59.4,7.15,13.16,0.9886,60.038,3.54,0.95,1.42
2023-02-07 10:00:00,10,2023-02-07,5683.44,606,72.72,5.43,5.76,1.0111,60.01,3.1,0.95,1.38
2023-02-07 11:00:00,11,2023-02-07,5691.82,888,106.56,6.79,11.27,0.9818,59.953,3.57,0.949,2.07
2023-02-07 12:00:00,12,2023-02-07,6048.98,920,110.4,6.6,10.35,1.0177,59.951,3.99,0.949,2.0
2023-02-07 13:00:00,13,2023-02-07,5973.6,676,81.12,7.22,13.55,1.0324,60.016,3.49,0.95,1.58
2023-02-07 14:00:00,14,2023-02-07,6237.43,751,90.12,7.15,13.16,1.0077,59.972,3.74,0.95,1.66
2023-02-07 15:00:00,15,2023-02-07,6946.36,568,68.16,9.61,31.95,1.033,60.208,3.3,0.95,1.44
2023-02-07 16:00:00,16,2023-02-07,6585.61,466,55.92,8.19,19.78,0.9901,60.064,3.02,0.95,1.15
2023-02-07 17:00:00,17,2023-02-07,7358.56,200,24.0,8.31,20.66,0.9898,60.101,3.07,0.95,0.61
2023-02-07 18:00:00,18,2023-02-07,7297.54,0,0.0,8.9,25.38,1.0061,59.801,3.19,0.95,0.35
2023-02-07 19:00:00,19,2023-02-07,7520.09,0,0.0,9.04,26.6,0.9659,60.023,3.65,0.95,0.35
2023-02-07 20:00:00,20,2023-02-07,7420.18,0,0.0,5.87,7.28,0.9975,59.927,3.86,0.95,0.1
2023-02-07 21:00:00,21,2023-02-07,6823.12,0,0.0,9.65,32.35,1.024,59.929,3.48,0.95,0.47
2023-02-07 22:00:00,22,2023-02-07,6675.95,0,0.0,9.41,30.0,0.9717,60.002,3.15,0.95,0.45
2023-02-07 23:00:00,23,2023-02-07,7045.67,0,0.0,8.88,25.21,1.0286,60.118,3.49,0.95,0.36
2023-02-08 00:00:00,0,2023-02-08,6449.21,0,0.0,9.28,28.77,1.0059,60.031,3.21,0.95,0.45
2023-02-08 01:00:00,1,2023-02-08,6665.78,0,0.0,9.56,31.45,0.996,59.995,3.29,0.95,0.47
2023-02-08 02:00:00,2,2023-02-08,6007.1,0,0.0,6.18,8.5,1.0353,60.003,3.37,0.95,0.14
2023-02-08 03:00:00,3,2023-02-08,6004.71,0,0.0,9.27,28.68,0.987,60.011,3.03,0.95,0.48
2023-02-08 04:00:00,4,2023-02-08,5886.85,0,0.0,8.32,20.73,0.9937,60.048,3.83,0.95,0.35
2023-02-08 05:00:00,5,2023-02-08,5632.59,0,0.0,6.24,8.75,1.0088,60.162,3.65,0.95,0.16
2023-02-08 06:00:00,6,2023-02-08,5358.59,0,0.0,6.31,9.04,0.9628,60.148,3.28,0.95,0.17
2023-02-08 07:00:00,7,2023-02-08,5191.08,98,11.76,7.47,15.01,1.0149,60.001,3.63,0.95,0.52
2023-02-08 08:00:00,8,2023-02-08,5036.73,252,30.24,7.14,13.1,1.0142,59.942,3.45,0.95,0.86
2023-02-08 09:00:00,9,2023-02-08,4661.62,612,73.44,5.27,5.27,0.9832,59.947,3.34,0.949,1.69
2023-02-08 10:00:00,10,2023-02-08,5778.57,526,63.12,9.18,27.85,1.0174,60.001,3.44,0.95,1.57
2023-02-08 11:00:00,11,2023-02-08,5734.29,667,80.04,6.58,10.26,0.98,60.17,3.98,0.95,1.57
2023-02-08 12:00:00,12,2023-02-08,5701.39,684,82.08,8.41,21.41,1.0159,59.981,3.76,0.949,1.82
2023-02-08 13:00:00,13,2023-02-08,6378.02,667,80.04,5.4,5.67,0.9786,60.205,3.16,0.95,1.34
2023-02-08 14:00:00,14,2023-02-08,6251.79,529,63.48,8.25,20.21,0.9959,60.003,3.99,0.95,1.34
2023-02-08 15:00:00,15,2023-02-08,6549.72,638,76.56,5.44,5.8,0.9976,60.085,3.7,0.95,1.26
2023-02-08 16:00:00,16,2023-02-08,6795.0,459,55.08,8.42,21.49,0.9803,60.013,3.95,0.95,1.13
2023-02-08 17:00:00,17,2023-02-08,6811.16,173,20.76,6.56,10.16,0.974,59.993,3.2,0.95,0.45
2023-02-08 18:00:00,18,2023-02-08,7323.27,0,0.0,9.74,33.26,1.0009,59.983,3.7,0.95,0.45
2023-02-08 19:00:00,19,2023-02-08,7587.1,0,0.0,7.3,14.0,1.0088,60.004,3.8,0.95,0.18
2023-02-08 20:00:00,20,2023-02-08,8026.82,0,0.0,8.49,22.03,0.9781,60.238,3.12,0.95,0.27
2023-02-08 21:00:00,21,2023-02-08,7311.9,0,0.0,7.39,14.53,0.957,59.956,3.04,0.95,0.2
2023-02-08 22:00:00,22,2023-02-08,7346.6,0,0.0,7.69,16.37,0.9907,59.953,3.24,0.95,0.22
2023-02-08 23:00:00,23,2023-02-08,6710.05,0,0.0,6.59,10.3,0.9954,60.086,3.7,0.95,0.15
2023-02-09 00:00:00,0,2023-02-09,7150.37,0,0.0,5.63,6.42,0.9714,59.994,3.8,0.95,0.09
2023-02-09 01:00:00,1,2023-02-09,5882.66,0,0.0,7.24,13.66,1.0212,59.996,3.56,0.95,0.23
2023-02-09 02:00:00,2,2023-02-09,6290.67,0,0.0,9.58,31.65,0.9993,60.032,3.2,0.95,0.5
2023-02-09 03:00:00,3,2023-02-09,6352.29,0,0.0,9.1,27.13,0.996,59.953,3.82,0.95,0.43
2023-02-09 04:00:00,4,2023-02-09,6208.71,0,0.0,7.08,12.78,1.0031,59.974,3.08,0.95,0.21
2023-02-09 05:00:00,5,2023-02-09,5078.01,0,0.0,8.94,25.72,0.9928,59.956,4.01,0.95,0.51
2023-02-09 06:00:00,6,2023-02-09,5314.32,0,0.0,8.24,20.14,1.0067,59.94,3.49,0.95,0.38
2023-02-09 07:00:00,7,2023-02-09,5171.93,102,12.24,8.46,21.8,1.0041,59.828,3.56,0.95,0.66
2023-02-09 08:00:00,8,2023-02-09,5499.18,296,35.52,8.58,22.74,1.0142,59.925,3.25,0.95,1.06
2023-02-09 09:00:00,9,2023-02-09,5035.53,621,74.52,8.83,24.78,0.9841,59.913,3.95,0.949,1.97
2023-02-09 10:00:00,10,2023-02-09,5574.56,766,91.92,8.51,22.19,0.9827,59.866,3.42,0.949,2.05
2023-02-09 11:00:00,11,2023-02-09,5831.21,573,68.76,6.74,11.02,0.9829,60.017,3.54,0.95,1.37
2023-02-09 12:00:00,12,2023-02-09,6032.23,965,115.8,7.03,12.51,1.0006,59.936,3.97,0.949,2.13
2023-02-09 13:00:00,13,2023-02-09,6294.26,975,117.0,7.98,18.29,0.9642,60.024,3.84,0.949,2.15
2023-02-09 14:00:00,14,2023-02-09,6471.35,794,95.28,6.48,9.8,1.0133,59.988,3.7,0.95,1.62
2023-02-09 15:00:00,15,2023-02-09,6248.2,554,66.48,10.0,36.0,0.984,59.952,4.02,0.95,1.64
2023-02-09 16:00:00,16,2023-02-09,7001.4,372,44.64,5.0,4.5,1.0165,60.159,3.07,0.95,0.7
2023-02-09 17:00:00,17,2023-02-09,6376.82,213,25.56,7.53,15.37,1.0346,60.036,3.54,0.95,0.64
2023-02-09 18:00:00,18,2023-02-09,6647.83,0,0.0,9.02,26.42,1.0304,60.188,3.62,0.95,0.4
2023-02-09 19:00:00,19,2023-02-09,7225.75,0,0.0,5.86,7.24,0.9905,59.935,3.08,0.95,0.1
2023-02-09 20:00:00,20,2023-02-09,6705.27,0,0.0,5.88,7.32,1.0154,60.094,3.33,0.95,0.11
2023-02-09 21:00:00,21,2023-02-09,7234.13,0,0.0,5.78,6.95,0.9866,60.094,3.58,0.95,0.1
2023-02-09 22:00:00,22,2023-02-09,7572.14,0,0.0,8.92,25.55,1.0158,60.032,3.77,0.95,0.34
2023-02-09 23:00:00,23,2023-02-09,7037.9,0,0.0,7.04,12.56,1.0208,59.794,3.12,0.95,0.18
2023-02-10 00:00:00,0,2023-02-10,7701.96,0,0.0,5.91,7.43,1.0063,59.947,3.18,0.95,0.1
2023-02-10 01:00:00,1,2023-02-10,6938.59,0,0.0,6.69,10.78,1.032,60.01,3.89,0.95,0.16
2023-02-10 02:00:00,2,2023-02-10,6333.75,0,0.0,7.64,16.05,1.0192,60.044,3.74,0.95,0.25
2023-02-10 03:00:00,3,2023-02-10,6001.72,0,0.0,9.69,32.75,1.0458,59.883,3.85,0.95,0.55
2023-02-10 04:00:00,4,2023-02-10,5789.93,0,0.0,8.22,19.99,1.0093,59.945,3.31,0.95,0.35
2023-02-10 05:00:00,5,2023-02-10,5723.53,0,0.0,5.56,6.19,1.0461,59.955,3.99,0.95,0.11
2023-02-10 06:00:00,6,2023-02-10,5400.47,0,0.0,7.16,13.21,1.0264,60.012,3.3,0.95,0.24
2023-02-10 07:00:00,7,2023-02-10,5393.29,85,10.2,6.05,7.97,0.9907,60.079,3.96,0.95,0.34
2023-02-10 08:00:00,8,2023-02-10,5426.79,294,35.28,6.47,9.75,0.986,60.098,3.37,0.95,0.83
2023-02-10 09:00:00,9,2023-02-10,5140.82,542,65.04,8.48,21.95,1.0083,60.158,3.47,0.949,1.69
2023-02-10 10:00:00,10,2023-02-10,5592.51,648,77.76,6.38,9.35,0.9973,59.861,4.02,0.95,1.56
2023-02-10 11:00:00,11,2023-02-10,5581.74,747,89.64,5.06,4.66,1.0027,59.998,3.9,0.949,1.69
2023-02-10 12:00:00,12,2023-02-10,5926.34,624,74.88,7.01,12.4,1.0078,59.981,3.27,0.95,1.47
2023-02-10 13:00:00,13,2023-02-10,5744.47,802,96.24,7.21,13.49,1.0105,59.952,3.6,0.949,1.91
2023-02-10 14:00:00,14,2023-02-10,6780.05,655,78.6,5.93,7.51,1.0089,59.934,3.88,0.95,1.27
2023-02-10 15:00:00,15,2023-02-10,7018.75,432,51.84,7.51,15.25,0.9964,59.87,3.75,0.95,0.96
2023-02-10 16:00:00,16,2023-02-10,5958.64,385,46.2,5.9,7.39,1.002,60.026,3.1,0.95,0.9
2023-02-10 17:00:00,17,2023-02-10,7189.26,213,25.56,6.65,10.59,1.0053,60.213,3.49,0.95,0.5
2023-02-10 18:00:00,18,2023-02-10,6692.1,0,0.0,6.14,8.33,1.0281,60.063,3.98,0.95,0.12
2023-02-10 19:00:00,19,2023-02-10,7527.87,0,0.0,5.85,7.21,0.9879,60.012,3.23,0.95,0.1
2023-02-10 20:00:00,20,2023-02-10,7356.77,0,0.0,5.04,4.61,0.9993,59.855,3.32,0.95,0.06
2023-02-10 21:00:00,21,2023-02-10,7224.55,0,0.0,7.8,17.08,0.9937,59.977,3.26,0.95,0.24
2023-02-10 22:00:00,22,2023-02-10,7669.66,0,0.0,7.71,16.5,1.0002,59.95,3.12,0.95,0.22
2023-02-10 23:00:00,23,2023-02-10,7393.26,0,0.0,6.29,8.96,1.0041,59.947,3.12,0.95,0.12
2023-02-11 00:00:00,0,2023-02-11,5556.01,0,0.0,8.5,22.11,1.0135,59.915,3.97,0.95,0.4
2023-02-11 01:00:00,1,2023-02-11,5833.01,0,0.0,8.73,23.95,0.9937,59.899,3.85,0.95,0.41
2023-02-11 02:00:00,2,2023-02-11,5542.25,0,0.0,8.39,21.26,0.9772,60.01,3.08,0.95,0.38
2023-02-11 03:00:00,3,2023-02-11,5628.4,0,0.0,9.96,35.57,1.0239,60.102,3.26,0.95,0.63
2023-02-11 04:00:00,4,2023-02-11,4770.5,0,0.0,9.99,35.89,0.9953,59.89,3.11,0.95,0.75
2023-02-11 05:00:00,5,2023-02-11,4611.96,0,0.0,5.04,4.61,1.0115,60.138,3.79,0.95,0.1
2023-02-11 06:00:00,6,2023-02-11,5162.96,0,0.0,7.09,12.83,1.0245,60.113,3.05,0.95,0.25
2023-02-11 07:00:00,7,2023-02-11,4372.66,104,12.48,8.29,20.51,1.0018,59.949,3.26,0.95,0.75
2023-02-11 08:00:00,8,2023-02-11,4777.68,372,44.64,5.4,5.67,0.9961,60.002,3.24,0.95,1.05
2023-02-11 09:00:00,9,2023-02-11,4909.9,604,72.48,9.83,34.2,0.9962,60.016,4.01,0.949,2.17
2023-02-11 10:00:00,10,2023-02-11,4492.31,529,63.48,8.71,23.79,0.9732,59.906,3.62,0.949,1.94
2023-02-11 11:00:00,11,2023-02-11,4695.12,712,85.44,8.58,22.74,1.0031,59.904,3.8,0.949,2.3
2023-02-11 12:00:00,12,2023-02-11,5024.16,896,107.52,8.72,23.87,1.023,60.07,4.0,0.949,2.62
2023-02-11 13:00:00,13,2023-02-11,5523.71,820,98.4,8.68,23.54,0.9935,59.938,4.0,0.949,2.21
2023-02-11 14:00:00,14,2023-02-11,5083.99,691,82.92,7.37,14.41,1.0126,60.011,3.96,0.949,1.91
2023-02-11 15:00:00,15,2023-02-11,5633.19,534,64.08,7.62,15.93,0.9859,59.92,3.06,0.95,1.42
2023-02-11 16:00:00,16,2023-02-11,6027.44,462,55.44,6.96,12.14,1.0154,60.108,3.12,0.95,1.12
2023-02-11 17:00:00,17,2023-02-11,5989.75,216,25.92,8.22,19.99,0.9949,59.937,3.38,0.95,0.77
2023-02-11 18:00:00,18,2023-02-11,5938.3,0,0.0,9.83,34.2,1.0212,60.227,3.61,0.95,0.58
2023-02-11 19:00:00,19,2023-02-11,6197.94,0,0.0,7.09,12.83,0.995,60.201,3.98,0.95,0.21
2023-02-11 20:00:00,20,2023-02-11,6256.57,0,0.0,7.18,13.33,0.9869,59.906,3.44,0.95,0.21
2023-02-11 21:00:00,21,2023-02-11,6899.1,0,0.0,7.0,12.35,0.9828,60.078,3.7,0.95,0.18
2023-02-11 22:00:00,22,2023-02-11,6202.13,0,0.0,7.0,12.35,0.9723,60.044,3.56,0.95,0.2
2023-02-11 23:00:00,23,2023-02-11,6111.2,0,0.0,8.04,18.71,1.016,60.057,3.44,0.95,0.31
2023-02-12 00:00:00,0,2023-02-12,5905.99,0,0.0,5.34,5.48,0.9727,59.932,3.67,0.95,0.09
2023-02-12 01:00:00,1,2023-02-12,5775.57,0,0.0,5.23,5.15,1.0085,59.993,3.88,0.95,0.09
2023-02-12 02:00:00,2,2023-02-12,5469.27,0,0.0,6.58,10.26,0.9864,60.003,3.7,0.95,0.19
2023-02-12 03:00:00,3,2023-02-12,5511.74,0,0.0,7.22,13.55,1.021,60.029,3.35,0.95,0.25
2023-02-12 04:00:00,4,2023-02-12,4863.83,0,0.0,7.22,13.55,1.0175,59.767,3.41,0.95,0.28
2023-02-12 05:00:00,5,2023-02-12,4724.44,0,0.0,9.49,30.77,1.0252,60.018,3.07,0.95,0.65
2023-02-12 06:00:00,6,2023-02-12,4854.26,0,0.0,8.63,23.14,0.9895,60.032,3.38,0.95,0.48
2023-02-12 07:00:00,7,2023-02-12,4624.53,89,10.68,9.99,35.89,0.98,60.06,3.04,0.95,1.01
2023-02-12 08:00:00,8,2023-02-12,4488.72,306,36.72,7.86,17.48,1.0007,60.014,3.6,0.95,1.21
2023-02-12 09:00:00,9,2023-02-12,4253.61,486,58.32,8.85,24.95,0.9944,60.108,3.06,0.949,1.96
2023-02-12 10:00:00,10,2023-02-12,4763.32,512,61.44,7.98,18.29,1.0097,59.928,3.32,0.949,1.67
2023-02-12 11:00:00,11,2023-02-12,5170.74,628,75.36,5.84,7.17,0.999,60.061,3.78,0.95,1.6
2023-02-12 12:00:00,12,2023-02-12,4817.17,867,104.04,7.84,17.35,0.982,59.954,4.01,0.949,2.52
2023-02-12 13:00:00,13,2023-02-12,5130.65,865,103.8,8.35,20.96,0.9784,59.95,3.33,0.949,2.43
2023-02-12 14:00:00,14,2023-02-12,5569.77,750,90.0,6.8,11.32,0.9981,60.076,3.15,0.949,1.82
2023-02-12 15:00:00,15,2023-02-12,5914.97,484,58.08,6.61,10.4,0.9788,59.921,3.28,0.95,1.16
2023-02-12 16:00:00,16,2023-02-12,6108.21,454,54.48,9.84,34.3,0.9802,60.023,3.25,0.95,1.45
2023-02-12 17:00:00,17,2023-02-12,6275.12,202,24.24,9.32,29.14,0.9893,60.008,3.05,0.95,0.85
2023-02-12 18:00:00,18,2023-02-12,5229.96,0,0.0,7.04,12.56,1.0554,60.214,3.76,0.95,0.24
2023-02-12 19:00:00,19,2023-02-12,6589.2,0,0.0,9.09,27.04,0.978,59.954,3.37,0.95,0.41
2023-02-12 20:00:00,20,2023-02-12,5962.83,0,0.0,6.26,8.83,1.0233,60.081,3.52,0.95,0.15
2023-02-12 21:00:00,21,2023-02-12,6514.42,0,0.0,8.66,23.38,1.0103,60.059,3.46,0.95,0.36
2023-02-12 22:00:00,22,2023-02-12,5980.78,0,0.0,7.92,17.88,0.9881,59.96,3.72,0.95,0.3
2023-02-12 23:00:00,23,2023-02-12,5943.09,0,0.0,8.92,25.55,1.0012,60.214,3.99,0.95,0.43
2023-02-13 00:00:00,0,2023-02-13,6844.66,0,0.0,9.02,26.42,1.0108,59.742,4.0,0.95,0.39
2023-02-13 01:00:00,1,2023-02-13,5666.09,0,0.0,7.14,13.1,0.9976,59.939,3.84,0.95,0.23
2023-02-13 02:00:00,2,2023-02-13,6741.76,0,0.0,8.78,24.37,1.0025,59.796,3.28,0.95,0.36
2023-02-13 03:00:00,3,2023-02-13,5715.15,0,0.0,8.05,18.78,0.9879,60.11,3.86,0.95,0.33
2023-02-13 04:00:00,4,2023-02-13,5737.29,0,0.0,5.45,5.83,0.994,59.961,3.78,0.95,0.1
2023-02-13 05:00:00,5,2023-02-13,5460.89,0,0.0,5.76,6.88,1.0117,60.151,3.11,0.95,0.13
2023-02-13 06:00:00,6,2023-02-13,5402.86,0,0.0,8.28,20.44,1.004,60.001,3.11,0.95,0.38
2023-02-13 07:00:00,7,2023-02-13,5353.2,116,13.92,5.71,6.7,0.9784,60.072,3.62,0.95,0.39
2023-02-13 08:00:00,8,2023-02-13,5591.31,292,35.04,6.81,11.37,1.0186,60.171,3.13,0.95,0.83
2023-02-13 09:00:00,9,2023-02-13,5805.49,527,63.24,8.66,23.38,1.0014,60.056,3.86,0.95,1.49
2023-02-13 10:00:00,10,2023-02-13,4924.85,679,81.48,7.89,17.68,1.0194,59.962,3.3,0.949,2.01
2023-02-13 11:00:00,11,2023-02-13,5574.56,891,106.92,6.42,9.53,1.0201,59.713,3.25,0.949,2.09
2023-02-13 12:00:00,12,2023-02-13,5443.54,873,104.76,5.42,5.73,1.029,60.155,3.49,0.949,2.03
2023-02-13 13:00:00,13,2023-02-13,6372.64,810,97.2,8.12,19.27,1.0019,60.093,3.24,0.949,1.83
2023-02-13 14:00:00,14,2023-02-13,6107.01,558,66.96,9.36,29.52,1.0226,59.981,3.64,0.95,1.58
2023-02-13 15:00:00,15,2023-02-13,6798.59,678,81.36,8.52,22.26,0.9885,60.076,3.12,0.95,1.52
2023-02-13 16:00:00,16,2023-02-13,6749.54,460,55.2,8.49,22.03,1.0029,59.894,3.84,0.95,1.14
2023-02-13 17:00:00,17,2023-02-13,7414.8,253,30.36,7.63,15.99,0.9968,59.91,3.94,0.95,0.63
2023-02-13 18:00:00,18,2023-02-13,6949.95,0,0.0,5.37,5.57,1.0258,60.03,3.4,0.95,0.08
2023-02-13 19:00:00,19,2023-02-13,7538.64,0,0.0,9.93,35.25,1.0014,59.957,3.86,0.95,0.47
2023-02-13 20:00:00,20,2023-02-13,6356.48,0,0.0,6.59,10.3,0.989,59.92,3.68,0.95,0.16
2023-02-13 21:00:00,21,2023-02-13,6680.74,0,0.0,7.81,17.15,1.0303,60.08,3.05,0.95,0.26
2023-02-13 22:00:00,22,2023-02-13,7252.67,0,0.0,8.04,18.71,1.0123,59.937,3.16,0.95,0.26
2023-02-13 23:00:00,23,2023-02-13,6906.88,0,0.0,5.8,7.02,1.0176,59.899,3.38,0.95,0.1
2023-02-14 00:00:00,0,2023-02-14,7399.24,0,0.0,7.7,16.44,1.0161,60.093,3.97,0.95,0.22
2023-02-14 01:00:00,1,2023-02-14,6356.48,0,0.0,7.91,17.82,1.0253,59.897,3.14,0.95,0.28
2023-02-14 02:00:00,2,2023-02-14,6254.78,0,0.0,6.89,11.77,0.9765,60.024,3.47,0.95,0.19
2023-02-14 03:00:00,3,2023-02-14,5790.53,0,0.0,6.94,12.03,1.0076,59.984,3.51,0.95,0.21
2023-02-14 04:00:00,4,2023-02-14,5873.09,0,0.0,7.81,17.15,1.0007,59.779,3.62,0.95,0.29
2023-02-14 05:00:00,5,2023-02-14,5763.01,0,0.0,5.22,5.12,1.045,59.949,3.76,0.95,0.09
2023-02-14 06:00:00,6,2023-02-14,5556.61,0,0.0,5.57,6.22,0.992,59.965,3.98,0.95,0.11
2023-02-14 07:00:00,7,2023-02-14,5182.7,122,14.64,5.74,6.81,1.0174,59.925,3.39,0.95,0.41
2023-02-14 08:00:00,8,2023-02-14,5585.33,337,40.44,6.23,8.7,0.959,59.918,3.03,0.95,0.88
2023-02-14 09:00:00,9,2023-02-14,5492.0,404,48.48,5.59,6.29,1.0097,60.074,3.06,0.95,1.0
2023-02-14 10:00:00,10,2023-02-14,5578.15,598,71.76,5.89,7.36,1.0321,60.08,3.86,0.95,1.42
2023-02-14 11:00:00,11,2023-02-14,5669.08,759,91.08,5.0,4.5,0.9953,59.916,3.51,0.949,1.69
2023-02-14 12:00:00,12,2023-02-14,5693.02,708,84.96,9.2,28.03,0.9756,60.032,3.55,0.949,1.98
2023-02-14 13:00:00,13,2023-02-14,5776.17,684,82.08,7.0,12.35,0.9988,59.955,3.34,0.95,1.63
2023-02-14 14:00:00,14,2023-02-14,6980.46,584,70.08,8.65,23.3,0.9668,60.073,3.42,0.95,1.34
2023-02-14 15:00:00,15,2023-02-14,6671.17,658,78.96,5.44,5.8,1.0175,59.871,3.77,0.95,1.27
2023-02-14 16:00:00,16,2023-02-14,6988.24,466,55.92,9.17,27.76,0.994,59.758,3.78,0.95,1.2
2023-02-14 17:00:00,17,2023-02-14,6906.88,165,19.8,5.93,7.51,0.9973,59.944,3.47,0.95,0.4
2023-02-14 18:00:00,18,2023-02-14,7051.66,0,0.0,6.11,8.21,0.9625,59.892,3.68,0.95,0.12
2023-02-14 19:00:00,19,2023-02-14,7089.35,0,0.0,6.88,11.72,1.0479,60.017,3.23,0.95,0.17
2023-02-14 20:00:00,20,2023-02-14,7154.56,0,0.0,6.85,11.57,0.9735,60.261,3.92,0.95,0.16
2023-02-14 21:00:00,21,2023-02-14,7728.29,0,0.0,6.02,7.85,0.9921,60.144,3.96,0.95,0.1
2023-02-14 22:00:00,22,2023-02-14,7157.55,0,0.0,7.98,18.29,1.0025,59.949,3.2,0.95,0.26
2023-02-14 23:00:00,23,2023-02-14,7019.95,0,0.0,6.51,9.93,0.9766,59.92,3.69,0.95,0.14
2023-02-15 00:00:00,0,2023-02-15,6455.19,0,0.0,6.13,8.29,0.9579,60.169,3.65,0.95,0.13
2023-02-15 01:00:00,1,2023-02-15,6369.64,0,0.0,7.79,17.02,0.9661,59.937,3.39,0.95,0.27
2023-02-15 02:00:00,2,2023-02-15,6340.33,0,0.0,5.47,5.89,0.9757,60.048,3.07,0.95,0.09
2023-02-15 03:00:00,3,2023-02-15,6024.45,0,0.0,5.73,6.77,1.0111,59.8,3.48,0.95,0.11
2023-02-15 04:00:00,4,2023-02-15,5597.29,0,0.0,8.86,25.04,1.001,59.962,3.78,0.95,0.45
2023-02-15 05:00:00,5,2023-02-15,5322.69,0,0.0,8.37,21.11,0.9551,59.811,3.83,0.95,0.4
2023-02-15 06:00:00,6,2023-02-15,5489.01,0,0.0,8.88,25.21,1.0032,59.903,3.21,0.95,0.46
2023-02-15 07:00:00,7,2023-02-15,5144.41,119,14.28,7.77,16.89,1.009,59.922,3.79,0.95,0.61
2023-02-15 08:00:00,8,2023-02-15,5473.45,366,43.92,9.2,28.03,0.9824,59.897,3.88,0.95,1.31
2023-02-15 09:00:00,9,2023-02-15,5520.12,452,54.24,9.91,35.04,0.9907,60.021,3.38,0.95,1.62
2023-02-15 10:00:00,10,2023-02-15,5339.45,675,81.0,5.52,6.06,0.982,60.108,3.68,0.95,1.63
2023-02-15 11:00:00,11,2023-02-15,5503.37,760,91.2,6.01,7.81,0.9862,60.066,3.8,0.949,1.8
2023-02-15 12:00:00,12,2023-02-15,5919.75,932,111.84,5.7,6.67,0.9755,60.077,3.05,0.949,2.0
2023-02-15 13:00:00,13,2023-02-15,6093.85,891,106.92,7.36,14.35,0.9883,59.901,3.21,0.949,1.99
2023-02-15 14:00:00,14,2023-02-15,6640.65,770,92.4,7.37,14.41,1.0127,60.092,3.95,0.95,1.61
2023-02-15 15:00:00,15,2023-02-15,6905.08,725,87.0,5.7,6.67,1.0029,59.997,4.01,0.95,1.36
2023-02-15 16:00:00,16,2023-02-15,6827.31,399,47.88,7.9,17.75,0.9753,59.992,3.36,0.95,0.96
2023-02-15 17:00:00,17,2023-02-15,7054.65,210,25.2,5.13,4.86,0.9954,60.19,3.96,0.95,0.43
2023-02-15 18:00:00,18,2023-02-15,6927.22,0,0.0,6.71,10.88,1.0035,60.047,3.8,0.95,0.16
2023-02-15 19:00:00,19,2023-02-15,7271.82,0,0.0,8.05,18.78,1.0096,59.978,3.64,0.95,0.26
2023-02-15 20:00:00,20,2023-02-15,7381.89,0,0.0,9.9,34.93,0.9821,60.01,3.91,0.95,0.47
2023-02-15 21:00:00,21,2023-02-15,6760.31,0,0.0,9.78,33.68,1.0082,60.052,3.84,0.95,0.5
2023-02-15 22:00:00,22,2023-02-15,7608.63,0,0.0,5.62,6.39,1.0288,60.005,3.08,0.95,0.08
2023-02-15 23:00:00,23,2023-02-15,6209.31,0,0.0,5.36,5.54,0.9911,59.888,3.14,0.95,0.09
2023-02-16 00:00:00,0,2023-02-16,6899.7,0,0.0,8.6,22.9,1.0002,60.118,3.94,0.95,0.33
2023-02-16 01:00:00,1,2023-02-16,7330.44,0,0.0,9.56,31.45,0.9784,59.837,3.81,0.95,0.43
2023-02-16 02:00:00,2,2023-02-16,6605.36,0,0.0,5.51,6.02,0.9887,60.049,3.87,0.95,0.09
2023-02-16 03:00:00,3,2023-02-16,6035.82,0,0.0,8.73,23.95,1.0305,59.985,3.86,0.95,0.4
2023-02-16 04:00:00,4,2023-02-16,5773.18,0,0.0,5.13,4.86,0.9703,60.006,3.32,0.95,0.08
2023-02-16 05:00:00,5,2023-02-16,5627.21,0,0.0,8.11,19.2,1.0207,59.848,3.46,0.95,0.34
2023-02-16 06:00:00,6,2023-02-16,5451.92,0,0.0,7.19,13.38,0.9976,59.925,3.8,0.95,0.25
2023-02-16 07:00:00,7,2023-02-16,5095.36,115,13.8,7.92,17.88,0.99,59.992,3.55,0.95,0.62
2023-02-16 08:00:00,8,2023-02-16,5238.94,363,43.56,7.29,13.95,1.0008,59.994,3.66,0.95,1.1
2023-02-16 09:00:00,9,2023-02-16,5250.9,486,58.32,8.92,25.55,1.0129,59.919,3.46,0.95,1.6
2023-02-16 10:00:00,10,2023-02-16,5251.5,727,87.24,7.75,16.76,0.9809,60.046,3.65,0.949,1.98
2023-02-16 11:00:00,11,2023-02-16,5830.02,767,92.04,9.77,33.57,0.9825,60.114,3.73,0.949,2.15
2023-02-16 12:00:00,12,2023-02-16,5545.25,820,98.4,9.19,27.94,0.9818,60.126,3.51,0.949,2.28
2023-02-16 13:00:00,13,2023-02-16,6126.75,732,87.84,8.35,20.96,1.0235,59.864,3.63,0.949,1.78
2023-02-16 14:00:00,14,2023-02-16,6385.8,692,83.04,8.23,20.07,0.9819,59.925,3.1,0.95,1.61
2023-02-16 15:00:00,15,2023-02-16,6776.46,562,67.44,9.28,28.77,0.9986,60.02,3.06,0.95,1.42
2023-02-16 16:00:00,16,2023-02-16,6582.62,428,51.36,7.63,15.99,1.0026,59.978,3.02,0.95,1.02
2023-02-16 17:00:00,17,2023-02-16,7228.14,232,27.84,5.67,6.56,0.9862,60.001,3.02,0.95,0.48
2023-02-16 18:00:00,18,2023-02-16,7232.93,4,0.48,9.28,28.77,1.019,59.99,3.74,0.95,0.4
2023-02-16 19:00:00,19,2023-02-16,7485.99,0,0.0,5.84,7.17,0.9895,59.894,3.1,0.95,0.1
2023-02-16 20:00:00,20,2023-02-16,7532.06,0,0.0,6.61,10.4,1.0229,60.015,3.45,0.95,0.14
2023-02-16 21:00:00,21,2023-02-16,7475.22,0,0.0,6.39,9.39,1.0034,60.165,3.63,0.95,0.13
2023-02-16 22:00:00,22,2023-02-16,6662.79,0,0.0,8.34,20.88,0.9914,60.02,3.42,0.95,0.31
2023-02-16 23:00:00,23,2023-02-16,7328.05,0,0.0,7.27,13.83,0.9681,59.95,3.48,0.95,0.19
2023-02-17 00:00:00,0,2023-02-17,6359.47,0,0.0,6.18,8.5,0.9957,59.797,3.15,0.95,0.13
2023-02-17 01:00:00,1,2023-02-17,6331.95,0,0.0,8.34,20.88,1.0051,59.887,3.19,0.95,0.33
2023-02-17 02:00:00,2,2023-02-17,5880.27,0,0.0,9.02,26.42,1.0005,59.966,3.21,0.95,0.45
2023-02-17 03:00:00,3,2023-02-17,5673.27,0,0.0,8.3,20.58,1.0038,60.095,3.05,0.95,0.36
2023-02-17 04:00:00,4,2023-02-17,5809.08,0,0.0,5.52,6.06,1.0174,59.817,3.34,0.95,0.1
2023-02-17 05:00:00,5,2023-02-17,5888.65,0,0.0,8.71,23.79,1.0105,60.162,3.49,0.95,0.4
2023-02-17 06:00:00,6,2023-02-17,5698.4,0,0.0,8.78,24.37,0.9943,59.874,3.53,0.95,0.43
2023-02-17 07:00:00,7,2023-02-17,5354.4,90,10.8,6.32,9.09,1.0202,60.065,3.83,0.95,0.37
2023-02-17 08:00:00,8,2023-02-17,4948.18,252,30.24,7.63,15.99,1.0091,59.927,3.1,0.95,0.93
2023-02-17 09:00:00,9,2023-02-17,5023.57,512,61.44,5.07,4.69,0.9833,59.944,3.74,0.95,1.32
2023-02-17 10:00:00,10,2023-02-17,5536.87,579,69.48,5.58,6.25,0.9912,60.047,3.39,0.95,1.37
2023-02-17 11:00:00,11,2023-02-17,5362.78,850,102.0,9.39,29.81,1.0009,59.944,3.31,0.949,2.46
2023-02-17 12:00:00,12,2023-02-17,6065.13,660,79.2,8.55,22.5,0.9776,59.835,3.72,0.949,1.68
2023-02-17 13:00:00,13,2023-02-17,6025.05,601,72.12,6.72,10.92,0.9828,60.049,3.47,0.95,1.38
2023-02-17 14:00:00,14,2023-02-17,6191.96,890,106.8,9.66,32.45,1.0119,59.999,3.63,0.949,2.25
2023-02-17 15:00:00,15,2023-02-17,6692.7,458,54.96,5.2,5.06,1.0022,60.143,3.18,0.95,0.9
2023-02-17 16:00:00,16,2023-02-17,6262.56,449,53.88,7.37,14.41,0.997,59.966,3.78,0.95,1.09
2023-02-17 17:00:00,17,2023-02-17,6973.88,261,31.32,8.51,22.19,0.9789,60.056,3.75,0.95,0.77
2023-02-17 18:00:00,18,2023-02-17,7083.96,8,0.96,5.98,7.7,0.9909,60.023,3.85,0.95,0.12
2023-02-17 19:00:00,19,2023-02-17,7478.21,0,0.0,7.17,13.27,1.0236,59.93,3.78,0.95,0.18
2023-02-17 20:00:00,20,2023-02-17,7428.56,0,0.0,6.05,7.97,0.9983,59.994,3.88,0.95,0.11
2023-02-17 21:00:00,21,2023-02-17,7431.55,0,0.0,5.98,7.7,0.9995,60.166,3.69,0.95,0.1
2023-02-17 22:00:00,22,2023-02-17,7630.77,0,0.0,8.27,20.36,0.9838,59.963,3.68,0.95,0.27
2023-02-17 23:00:00,23,2023-02-17,7199.43,0,0.0,6.7,10.83,1.0233,60.038,3.79,0.95,0.15
2023-02-18 00:00:00,0,2023-02-18,5810.87,0,0.0,9.04,26.6,0.9815,60.036,3.88,0.95,0.46
2023-02-18 01:00:00,1,2023-02-18,5725.92,0,0.0,7.97,18.23,0.9777,60.128,3.12,0.95,0.32
2023-02-18 02:00:00,2,2023-02-18,5193.47,0,0.0,8.26,20.29,1.054,60.099,3.84,0.95,0.39
2023-02-18 03:00:00,3,2023-02-18,4780.07,0,0.0,6.63,10.49,1.0197,59.967,3.29,0.95,0.22
2023-02-18 04:00:00,4,2023-02-18,5213.81,0,0.0,5.2,5.06,1.0498,59.825,3.4,0.95,0.1
2023-02-18 05:00:00,5,2023-02-18,4686.15,0,0.0,9.38,29.71,0.9955,60.09,3.46,0.95,0.63
2023-02-18 06:00:00,6,2023-02-18,4652.05,0,0.0,9.89,34.83,0.9937,60.157,3.48,0.95,0.75
2023-02-18 07:00:00,7,2023-02-18,4642.48,87,10.44,6.77,11.17,0.9953,59.947,3.07,0.95,0.47
2023-02-18 08:00:00,8,2023-02-18,4712.47,278,33.36,9.74,33.26,1.0319,59.875,3.99,0.95,1.41
2023-02-18 09:00:00,9,2023-02-18,4491.71,585,70.2,6.09,8.13,0.9821,60.174,3.67,0.949,1.74
2023-02-18 10:00:00,10,2023-02-18,4652.65,639,76.68,5.74,6.81,1.0194,59.755,3.45,0.949,1.79
2023-02-18 11:00:00,11,2023-02-18,4787.85,580,69.6,6.87,11.67,1.0271,60.03,3.24,0.949,1.7
2023-02-18 12:00:00,12,2023-02-18,5183.3,608,72.96,7.53,15.37,0.9557,59.887,3.69,0.949,1.7
2023-02-18 13:00:00,13,2023-02-18,5856.94,593,71.16,6.9,11.83,0.9977,60.064,3.33,0.95,1.42
2023-02-18 14:00:00,14,2023-02-18,5679.85,696,83.52,5.55,6.15,1.0405,59.875,3.42,0.95,1.58
2023-02-18 15:00:00,15,2023-02-18,5453.71,611,73.32,5.46,5.86,1.0284,60.052,3.47,0.95,1.45
2023-02-18 16:00:00,16,2023-02-18,5125.27,408,48.96,9.33,29.24,1.0332,59.81,3.57,0.95,1.53
2023-02-18 17:00:00,17,2023-02-18,6355.29,228,27.36,6.37,9.31,0.9757,60.082,3.28,0.95,0.58
2023-02-18 18:00:00,18,2023-02-18,6349.9,11,1.32,6.19,8.54,1.0211,60.109,3.46,0.95,0.16
2023-02-18 19:00:00,19,2023-02-18,6008.3,0,0.0,9.66,32.45,1.007,59.877,3.38,0.95,0.54
2023-02-18 20:00:00,20,2023-02-18,6355.29,0,0.0,7.39,14.53,0.9896,59.905,3.14,0.95,0.23
2023-02-18 21:00:00,21,2023-02-18,5411.24,0,0.0,7.07,12.72,0.9592,59.935,3.74,0.95,0.24
2023-02-18 22:00:00,22,2023-02-18,6063.34,0,0.0,7.03,12.51,1.0096,59.99,3.74,0.95,0.21
2023-02-18 23:00:00,23,2023-02-18,5984.96,0,0.0,6.1,8.17,1.0156,60.099,3.02,0.95,0.14
2023-02-19 00:00:00,0,2023-02-19,6157.86,0,0.0,9.96,35.57,0.9904,60.292,3.11,0.95,0.58
2023-02-19 01:00:00,1,2023-02-19,5754.04,0,0.0,8.97,25.98,1.017,59.866,3.94,0.95,0.45
2023-02-19 02:00:00,2,2023-02-19,5615.24,0,0.0,9.44,30.28,1.0161,60.008,3.34,0.95,0.54
2023-02-19 03:00:00,3,2023-02-19,5168.94,0,0.0,5.99,7.74,1.029,60.092,3.86,0.95,0.15
2023-02-19 04:00:00,4,2023-02-19,4972.71,0,0.0,7.99,18.36,0.9931,60.046,3.77,0.95,0.37
2023-02-19 05:00:00,5,2023-02-19,4373.86,0,0.0,8.27,20.36,1.0222,59.886,3.13,0.95,0.47
2023-02-19 06:00:00,6,2023-02-19,4798.62,0,0.0,5.05,4.64,1.0322,60.226,3.2,0.95,0.1
2023-02-19 07:00:00,7,2023-02-19,4421.12,135,16.2,8.68,23.54,0.9632,60.052,3.06,0.95,0.9
2023-02-19 08:00:00,8,2023-02-19,4394.8,305,36.6,9.45,30.38,0.9993,59.776,3.35,0.95,1.52
2023-02-19 09:00:00,9,2023-02-19,4384.63,613,73.56,9.01,26.33,1.0137,59.961,3.08,0.949,2.28
2023-02-19 10:00:00,10,2023-02-19,4371.47,756,90.72,7.92,17.88,1.0073,60.068,3.95,0.949,2.48
2023-02-19 11:00:00,11,2023-02-19,4400.18,713,85.56,5.49,5.96,0.9729,60.028,3.79,0.949,2.08
2023-02-19 12:00:00,12,2023-02-19,4728.03,983,117.96,7.74,16.69,1.012,59.901,3.92,0.949,2.85
2023-02-19 13:00:00,13,2023-02-19,5154.58,602,72.24,9.56,31.45,0.9691,60.113,3.08,0.949,2.01
2023-02-19 14:00:00,14,2023-02-19,5395.08,827,99.24,9.38,29.71,1.0233,59.961,3.43,0.949,2.39
2023-02-19 15:00:00,15,2023-02-19,5664.3,462,55.44,6.62,10.44,0.9789,59.903,3.03,0.95,1.16
2023-02-19 16:00:00,16,2023-02-19,5712.76,381,45.72,7.73,16.63,1.003,59.864,3.98,0.95,1.09
2023-02-19 17:00:00,17,2023-02-19,5830.02,270,32.4,6.38,9.35,1.0281,59.874,3.25,0.95,0.72
2023-02-19 18:00:00,18,2023-02-19,5712.76,21,2.52,9.57,31.55,0.9759,60.012,3.86,0.95,0.6
2023-02-19 19:00:00,19,2023-02-19,6520.4,0,0.0,7.83,17.28,1.0307,59.708,3.22,0.95,0.27
2023-02-19 20:00:00,20,2023-02-19,6437.85,0,0.0,7.21,13.49,1.0181,60.019,3.86,0.95,0.21
2023-02-19 21:00:00,21,2023-02-19,6296.66,0,0.0,5.13,4.86,1.0032,60.006,3.12,0.95,0.08
2023-02-19 22:00:00,22,2023-02-19,5362.18,0,0.0,5.05,4.64,1.0092,59.957,3.75,0.95,0.09
2023-02-19 23:00:00,23,2023-02-19,6398.36,0,0.0,8.84,24.87,0.997,59.897,3.49,0.95,0.39
2023-02-20 00:00:00,0,2023-02-20,6513.23,0,0.0,8.96,25.9,1.0365,60.042,3.6,0.95,0.4
2023-02-20 01:00:00,1,2023-02-20,6644.24,0,0.0,8.66,23.38,1.0075,60.152,3.42,0.95,0.35
2023-02-20 02:00:00,2,2023-02-20,6354.69,0,0.0,9.37,29.62,0.9735,59.964,3.79,0.95,0.47
2023-02-20 03:00:00,3,2023-02-20,6007.7,0,0.0,6.01,7.81,0.9999,59.972,3.0,0.95,0.13
2023-02-20 04:00:00,4,2023-02-20,5576.95,0,0.0,7.44,14.83,0.9825,59.907,3.73,0.95,0.27
2023-02-20 05:00:00,5,2023-02-20,5288.59,0,0.0,5.98,7.7,1.0284,59.97,3.06,0.95,0.15
2023-02-20 06:00:00,6,2023-02-20,5551.83,0,0.0,9.45,30.38,0.9913,60.03,3.18,0.95,0.55
2023-02-20 07:00:00,7,2023-02-20,5262.87,113,13.56,5.42,5.73,0.9646,59.809,3.28,0.95,0.37
2023-02-20 08:00:00,8,2023-02-20,5318.51,325,39.0,8.68,23.54,1.0009,59.895,3.19,0.95,1.18
2023-02-20 09:00:00,9,2023-02-20,5252.1,502,60.24,9.46,30.48,1.0356,60.013,3.14,0.949,1.73
2023-02-20 10:00:00,10,2023-02-20,5275.43,786,94.32,7.12,12.99,0.9996,59.961,4.02,0.949,2.03
2023-02-20 11:00:00,11,2023-02-20,5570.37,755,90.6,6.99,12.3,1.0085,59.978,3.08,0.949,1.85
2023-02-20 12:00:00,12,2023-02-20,6029.24,608,72.96,9.41,30.0,1.0116,59.992,3.25,0.949,1.71
2023-02-20 13:00:00,13,2023-02-20,6114.19,647,77.64,9.68,32.65,1.0136,59.982,3.32,0.949,1.8
2023-02-20 14:00:00,14,2023-02-20,5973.0,601,72.12,6.27,8.87,0.9824,59.752,3.59,0.95,1.36
2023-02-20 15:00:00,15,2023-02-20,6493.48,640,76.8,5.06,4.66,1.0049,59.914,3.38,0.95,1.25
2023-02-20 16:00:00,16,2023-02-20,6191.36,456,54.72,9.64,32.25,1.0325,59.947,3.99,0.95,1.4
2023-02-20 17:00:00,17,2023-02-20,7017.56,225,27.0,5.49,5.96,1.0087,59.867,3.91,0.95,0.47
2023-02-20 18:00:00,18,2023-02-20,6760.9,19,2.28,9.78,33.68,1.0137,59.973,3.47,0.95,0.53
2023-02-20 19:00:00,19,2023-02-20,7252.67,0,0.0,7.06,12.67,0.9975,60.048,3.24,0.95,0.17
2023-02-20 20:00:00,20,2023-02-20,7410.61,0,0.0,8.25,20.21,0.9706,60.117,3.57,0.95,0.27
2023-02-20 21:00:00,21,2023-02-20,6960.12,0,0.0,8.3,20.58,1.0251,59.882,3.56,0.95,0.3
2023-02-20 22:00:00,22,2023-02-20,6744.15,0,0.0,8.09,19.06,0.9985,60.032,3.93,0.95,0.28
2023-02-20 23:00:00,23,2023-02-20,7110.29,0,0.0,6.44,9.62,0.9896,60.093,3.3,0.95,0.14
2023-02-21 00:00:00,0,2023-02-21,6419.9,0,0.0,6.56,10.16,1.0225,59.937,3.24,0.95,0.16
2023-02-21 01:00:00,1,2023-02-21,6357.68,0,0.0,7.14,13.1,0.9829,59.993,3.28,0.95,0.21
2023-02-21 02:00:00,2,2023-02-21,5892.23,0,0.0,5.67,6.56,1.0229,60.137,3.73,0.95,0.11
2023-02-21 03:00:00,3,2023-02-21,6090.86,0,0.0,9.85,34.4,1.0207,60.053,3.43,0.95,0.56
2023-02-21 04:00:00,4,2023-02-21,4739.99,0,0.0,6.4,9.44,0.9878,60.209,3.82,0.95,0.2
2023-02-21 05:00:00,5,2023-02-21,5487.21,0,0.0,5.77,6.92,1.0056,60.212,3.96,0.95,0.13
2023-02-21 06:00:00,6,2023-02-21,5429.18,0,0.0,5.47,5.89,1.043,60.035,3.16,0.95,0.11
2023-02-21 07:00:00,7,2023-02-21,5099.54,109,13.08,6.41,9.48,0.9904,60.13,3.58,0.95,0.44
2023-02-21 08:00:00,8,2023-02-21,5095.95,298,35.76,9.33,29.24,1.0197,59.836,3.91,0.95,1.28
2023-02-21 09:00:00,9,2023-02-21,5653.53,571,68.52,9.7,32.86,1.0002,59.9,3.16,0.949,1.79
2023-02-21 10:00:00,10,2023-02-21,5494.99,703,84.36,6.12,8.25,0.9907,60.053,3.96,0.949,1.69
2023-02-21 11:00:00,11,2023-02-21,5195.86,894,107.28,6.53,10.02,0.9971,60.144,3.24,0.949,2.26
2023-02-21 12:00:00,12,2023-02-21,5965.82,914,109.68,9.16,27.67,0.9722,60.101,3.82,0.949,2.3
2023-02-21 13:00:00,13,2023-02-21,5955.05,820,98.4,8.26,20.29,1.0223,59.991,3.42,0.949,1.99
2023-02-21 14:00:00,14,2023-02-21,6187.77,637,76.44,6.57,10.21,1.0202,60.112,3.66,0.95,1.4
2023-02-21 15:00:00,15,2023-02-21,7066.61,683,81.96,7.95,18.09,0.9868,60.105,3.4,0.95,1.42
2023-02-21 16:00:00,16,2023-02-21,6673.56,433,51.96,9.98,35.78,1.0218,60.002,3.05,0.95,1.31
2023-02-21 17:00:00,17,2023-02-21,6630.48,210,25.2,5.06,4.66,0.9811,60.038,3.72,0.95,0.45
2023-02-21 18:00:00,18,2023-02-21,7042.08,28,3.36,6.34,9.17,0.9541,60.042,3.95,0.95,0.18
2023-02-21 19:00:00,19,2023-02-21,7207.8,0,0.0,6.8,11.32,0.98,60.054,3.11,0.95,0.16
2023-02-21 20:00:00,20,2023-02-21,7220.96,0,0.0,6.13,8.29,1.0049,60.07,3.1,0.95,0.11
2023-02-21 21:00:00,21,2023-02-21,7355.57,0,0.0,5.46,5.86,0.9919,59.817,3.05,0.95,0.08
2023-02-21 22:00:00,22,2023-02-21,6864.4,0,0.0,6.71,10.88,0.9882,60.085,3.38,0.95,0.16
2023-02-21 23:00:00,23,2023-02-21,7185.07,0,0.0,8.11,19.2,1.0002,59.935,3.59,0.95,0.27
2023-02-22 00:00:00,0,2023-02-22,6591.0,0,0.0,6.78,11.22,0.998,60.037,3.98,0.95,0.17
2023-02-22 01:00:00,1,2023-02-22,6647.24,0,0.0,6.66,10.63,1.0188,60.052,3.24,0.95,0.16
2023-02-22 02:00:00,2,2023-02-22,5907.79,0,0.0,9.12,27.31,0.9721,60.032,3.08,0.95,0.46
2023-02-22 03:00:00,3,2023-02-22,5929.33,0,0.0,6.08,8.09,1.0063,60.163,3.31,0.95,0.14
2023-02-22 04:00:00,4,2023-02-22,5502.77,0,0.0,7.05,12.61,1.0256,60.085,3.27,0.95,0.23
2023-02-22 05:00:00,5,2023-02-22,5558.41,0,0.0,5.36,5.54,0.9801,60.233,3.45,0.95,0.1
2023-02-22 06:00:00,6,2023-02-22,5422.6,0,0.0,5.84,7.17,1.0052,60.055,3.97,0.95,0.13
2023-02-22 07:00:00,7,2023-02-22,5405.85,112,13.44,9.7,32.86,0.9783,59.931,3.58,0.95,0.86
2023-02-22 08:00:00,8,2023-02-22,5034.33,287,34.44,9.61,31.95,0.9996,60.043,3.35,0.95,1.32
2023-02-22 09:00:00,9,2023-02-22,5333.46,419,50.28,7.22,13.55,1.0076,59.874,3.94,0.95,1.2
2023-02-22 10:00:00,10,2023-02-22,5430.38,579,69.48,8.93,25.64,0.9813,59.772,3.46,0.949,1.75
2023-02-22 11:00:00,11,2023-02-22,6034.02,666,79.92,9.74,33.26,1.0335,59.936,3.85,0.949,1.88
2023-02-22 12:00:00,12,2023-02-22,5644.56,609,73.08,8.99,26.16,0.9965,59.877,3.78,0.949,1.76
2023-02-22 13:00:00,13,2023-02-22,6180.59,638,76.56,8.28,20.44,0.9935,60.136,3.87,0.95,1.57
2023-02-22 14:00:00,14,2023-02-22,6010.09,579,69.48,7.98,18.29,1.0432,60.106,3.22,0.95,1.46
2023-02-22 15:00:00,15,2023-02-22,6678.94,457,54.84,6.8,11.32,0.9739,60.072,3.25,0.95,0.99
2023-02-22 16:00:00,16,2023-02-22,6010.69,493,59.16,6.6,10.35,1.0321,59.814,3.73,0.95,1.16
2023-02-22 17:00:00,17,2023-02-22,6652.62,300,36.0,5.23,5.15,1.0187,60.09,3.21,0.95,0.62
2023-02-22 18:00:00,18,2023-02-22,7261.05,38,4.56,6.2,8.58,1.0043,59.914,3.4,0.95,0.18
2023-02-22 19:00:00,19,2023-02-22,7500.95,0,0.0,7.85,17.41,1.0019,59.981,3.15,0.95,0.23
2023-02-22 20:00:00,20,2023-02-22,6439.64,0,0.0,9.88,34.72,0.9848,59.884,3.56,0.95,0.54
2023-02-22 21:00:00,21,2023-02-22,7654.7,0,0.0,5.54,6.12,1.0302,60.145,3.56,0.95,0.08
2023-02-22 22:00:00,22,2023-02-22,7027.73,0,0.0,9.96,35.57,0.979,59.759,3.83,0.95,0.51
2023-02-22 23:00:00,23,2023-02-22,7118.66,0,0.0,7.22,13.55,0.9871,60.092,3.46,0.95,0.19
2023-02-23 00:00:00,0,2023-02-23,6427.67,0,0.0,9.54,31.26,0.9994,60.071,3.72,0.95,0.49
2023-02-23 01:00:00,1,2023-02-23,7076.19,0,0.0,5.87,7.28,0.992,59.996,3.01,0.95,0.1
2023-02-23 02:00:00,2,2023-02-23,6340.93,0,0.0,8.28,20.44,0.9791,60.09,3.38,0.95,0.32
2023-02-23 03:00:00,3,2023-02-23,6508.44,0,0.0,7.12,12.99,1.0294,60.11,3.44,0.95,0.2
2023-02-23 04:00:00,4,2023-02-23,5615.84,0,0.0,7.21,13.49,0.9621,59.895,4.0,0.95,0.24
2023-02-23 05:00:00,5,2023-02-23,5380.72,0,0.0,7.99,18.36,1.0019,59.963,3.01,0.95,0.34
2023-02-23 06:00:00,6,2023-02-23,5718.74,0,0.0,8.36,21.03,0.9844,60.03,3.92,0.95,0.37
2023-02-23 07:00:00,7,2023-02-23,5143.22,151,18.12,8.23,20.07,0.9686,60.077,3.53,0.95,0.74
2023-02-23 08:00:00,8,2023-02-23,5902.41,340,40.8,8.95,25.81,1.0494,60.108,3.46,0.95,1.13
2023-02-23 09:00:00,9,2023-02-23,5386.71,529,63.48,6.86,11.62,0.9908,59.825,3.31,0.95,1.39
2023-02-23 10:00:00,10,2023-02-23,5341.24,678,81.36,9.36,29.52,1.0366,59.703,3.31,0.949,2.08
2023-02-23 11:00:00,11,2023-02-23,5644.56,819,98.28,8.49,22.03,1.0235,59.924,3.76,0.949,2.13
2023-02-23 12:00:00,12,2023-02-23,5381.92,758,90.96,7.48,15.07,0.9855,59.962,3.82,0.949,1.97
2023-02-23 13:00:00,13,2023-02-23,5995.73,641,76.92,5.1,4.78,1.0132,60.016,3.52,0.95,1.36
2023-02-23 14:00:00,14,2023-02-23,6037.01,678,81.36,7.14,13.1,1.0094,60.127,3.65,0.95,1.56
2023-02-23 15:00:00,15,2023-02-23,6218.28,506,60.72,9.96,35.57,1.0095,60.024,3.35,0.95,1.55
2023-02-23 16:00:00,16,2023-02-23,6985.25,533,63.96,6.01,7.81,1.0003,60.154,3.89,0.95,1.03
2023-02-23 17:00:00,17,2023-02-23,6619.72,241,28.92,7.99,18.36,0.9866,59.849,3.88,0.95,0.71
2023-02-23 18:00:00,18,2023-02-23,7016.36,38,4.56,6.79,11.27,0.9848,59.993,3.33,0.95,0.23
2023-02-23 19:00:00,19,2023-02-23,6782.44,0,0.0,8.93,25.64,1.0007,60.145,3.49,0.95,0.38
2023-02-23 20:00:00,20,2023-02-23,6962.52,0,0.0,6.43,9.57,1.0173,60.21,3.94,0.95,0.14
2023-02-23 21:00:00,21,2023-02-23,6642.45,0,0.0,8.64,23.22,1.0043,60.111,3.18,0.95,0.35
2023-02-23 22:00:00,22,2023-02-23,6892.52,0,0.0,7.16,13.21,0.9649,59.996,3.63,0.95,0.19
2023-02-23 23:00:00,23,2023-02-23,6942.77,0,0.0,5.89,7.36,1.0077,59.87,3.46,0.95,0.11
2023-02-24 00:00:00,0,2023-02-24,6783.04,0,0.0,8.93,25.64,0.9862,60.069,3.61,0.95,0.38
2023-02-24 01:00:00,1,2023-02-24,6658.0,0,0.0,5.19,5.03,1.0193,59.929,3.55,0.95,0.08
2023-02-24 02:00:00,2,2023-02-24,6997.22,0,0.0,6.83,11.47,0.9914,60.041,3.57,0.95,0.16
2023-02-24 03:00:00,3,2023-02-24,6193.16,0,0.0,5.56,6.19,1.0018,60.038,3.67,0.95,0.1
2023-02-24 04:00:00,4,2023-02-24,5923.94,0,0.0,8.87,25.12,1.0253,59.953,3.75,0.95,0.42
2023-02-24 05:00:00,5,2023-02-24,5415.42,0,0.0,8.33,20.81,1.0218,60.131,3.52,0.95,0.38
2023-02-24 06:00:00,6,2023-02-24,5471.06,0,0.0,9.19,27.94,0.9973,60.018,3.87,0.95,0.51
2023-02-24 07:00:00,7,2023-02-24,5496.19,154,18.48,6.81,11.37,1.0076,60.14,4.0,0.95,0.54
2023-02-24 08:00:00,8,2023-02-24,5145.01,388,46.56,7.4,14.59,1.0023,60.006,3.35,0.95,1.19
2023-02-24 09:00:00,9,2023-02-24,5259.28,630,75.6,6.23,8.7,1.0441,60.04,4.01,0.95,1.6
2023-02-24 10:00:00,10,2023-02-24,5087.58,739,88.68,5.09,4.75,1.0181,60.004,3.22,0.949,1.84
2023-02-24 11:00:00,11,2023-02-24,5791.13,936,112.32,9.38,29.71,0.9903,59.857,3.12,0.949,2.45
2023-02-24 12:00:00,12,2023-02-24,5609.86,979,117.48,7.82,17.22,0.9951,60.067,3.94,0.949,2.4
2023-02-24 13:00:00,13,2023-02-24,5985.56,615,73.8,5.31,5.39,0.9964,60.119,3.76,0.95,1.32
2023-02-24 14:00:00,14,2023-02-24,6372.04,655,78.6,9.32,29.14,0.9995,59.912,3.77,0.949,1.69
2023-02-24 15:00:00,15,2023-02-24,6443.23,674,80.88,7.02,12.45,0.9917,59.929,3.25,0.95,1.45
2023-02-24 16:00:00,16,2023-02-24,6416.91,403,48.36,5.48,5.92,0.9834,60.018,3.61,0.95,0.85
2023-02-24 17:00:00,17,2023-02-24,6713.64,302,36.24,5.03,4.58,1.0275,59.927,3.77,0.95,0.61
2023-02-24 18:00:00,18,2023-02-24,7239.51,50,6.0,7.47,15.01,1.0012,60.138,3.3,0.95,0.29
2023-02-24 19:00:00,19,2023-02-24,7328.05,0,0.0,8.59,22.82,1.0172,60.074,3.48,0.95,0.31
2023-02-24 20:00:00,20,2023-02-24,7649.91,0,0.0,7.55,15.49,0.9897,60.016,3.29,0.95,0.2
2023-02-24 21:00:00,21,2023-02-24,7092.34,0,0.0,8.98,26.07,1.0239,59.955,3.7,0.95,0.37
2023-02-24 22:00:00,22,2023-02-24,6674.16,0,0.0,9.66,32.45,1.0001,60.029,3.47,0.95,0.49
2023-02-24 23:00:00,23,2023-02-24,7191.05,0,0.0,6.51,9.93,0.9863,59.77,3.72,0.95,0.14
2023-02-25 00:00:00,0,2023-02-25,5709.77,0,0.0,8.33,20.81,0.9706,59.894,3.53,0.95,0.36
2023-02-25 01:00:00,1,2023-02-25,5595.5,0,0.0,5.5,5.99,0.9844,60.229,3.87,0.95,0.11
2023-02-25 02:00:00,2,2023-02-25,5655.32,0,0.0,5.38,5.61,1.0024,60.114,3.6,0.95,0.1
2023-02-25 03:00:00,3,2023-02-25,4949.38,0,0.0,7.29,13.95,0.9922,60.067,3.23,0.95,0.28
2023-02-25 04:00:00,4,2023-02-25,5222.78,0,0.0,5.79,6.99,0.9989,59.952,3.2,0.95,0.13
2023-02-25 05:00:00,5,2023-02-25,4434.88,0,0.0,9.63,32.15,0.9645,60.071,3.6,0.95,0.72
2023-02-25 06:00:00,6,2023-02-25,4477.95,0,0.0,5.93,7.51,0.9804,60.004,3.42,0.95,0.17
2023-02-25 07:00:00,7,2023-02-25,4299.08,143,17.16,6.41,9.48,0.9896,59.896,3.55,0.95,0.62
2023-02-25 08:00:00,8,2023-02-25,4378.64,403,48.36,6.45,9.66,1.0279,60.038,3.85,0.95,1.33
2023-02-25 09:00:00,9,2023-02-25,4339.16,619,74.28,7.8,17.08,1.0156,59.878,3.94,0.949,2.11
2023-02-25 10:00:00,10,2023-02-25,4769.31,736,88.32,8.62,23.06,1.0067,59.86,3.41,0.949,2.34
2023-02-25 11:00:00,11,2023-02-25,4601.79,598,71.76,9.77,33.57,1.0178,60.009,3.06,0.949,2.29
2023-02-25 12:00:00,12,2023-02-25,4451.03,796,95.52,6.12,8.25,1.0099,60.071,3.95,0.949,2.33
2023-02-25 13:00:00,13,2023-02-25,5017.58,746,89.52,7.24,13.66,1.0044,59.964,3.7,0.949,2.06
2023-02-25 14:00:00,14,2023-02-25,5392.69,655,78.6,9.33,29.24,1.0048,59.861,3.15,0.949,2.0
2023-02-25 15:00:00,15,2023-02-25,5858.73,578,69.36,5.24,5.18,0.9893,60.034,3.57,0.95,1.27
2023-02-25 16:00:00,16,2023-02-25,5550.63,536,64.32,7.06,12.67,1.0149,60.288,3.1,0.95,1.39
2023-02-25 17:00:00,17,2023-02-25,6144.7,290,34.8,6.17,8.46,1.009,60.152,3.38,0.95,0.7
2023-02-25 18:00:00,18,2023-02-25,6032.23,41,4.92,6.41,9.48,1.06,59.989,3.97,0.95,0.24
2023-02-25 19:00:00,19,2023-02-25,5637.98,0,0.0,9.77,33.57,0.9941,60.003,4.0,0.95,0.6
2023-02-25 20:00:00,20,2023-02-25,6363.66,0,0.0,5.47,5.89,0.9972,60.095,3.6,0.95,0.09
2023-02-25 21:00:00,21,2023-02-25,6329.56,0,0.0,7.57,15.62,1.0024,60.009,3.51,0.95,0.25
2023-02-25 22:00:00,22,2023-02-25,6247.6,0,0.0,8.52,22.26,1.0261,60.021,3.8,0.95,0.36
2023-02-25 23:00:00,23,2023-02-25,5863.52,0,0.0,9.47,30.57,0.982,59.983,4.0,0.95,0.52
2023-02-26 00:00:00,0,2023-02-26,5463.28,0,0.0,5.49,5.96,1.025,59.877,3.89,0.95,0.11
2023-02-26 01:00:00,1,2023-02-26,5350.21,0,0.0,8.31,20.66,1.0043,59.959,3.23,0.95,0.39
2023-02-26 02:00:00,2,2023-02-26,5490.8,0,0.0,5.63,6.42,0.9818,59.979,3.11,0.95,0.12
2023-02-26 03:00:00,3,2023-02-26,5554.82,0,0.0,9.22,28.22,0.9812,60.026,3.18,0.95,0.51
2023-02-26 04:00:00,4,2023-02-26,4597.61,0,0.0,9.5,30.87,0.9873,59.982,3.28,0.95,0.67
2023-02-26 05:00:00,5,2023-02-26,4967.93,0,0.0,5.81,7.06,1.0069,60.084,3.59,0.95,0.14
2023-02-26 06:00:00,6,2023-02-26,4415.14,0,0.0,5.32,5.42,0.976,60.095,3.83,0.95,0.12
2023-02-26 07:00:00,7,2023-02-26,4391.21,111,13.32,6.89,11.77,0.9702,60.036,3.31,0.95,0.57
2023-02-26 08:00:00,8,2023-02-26,4649.06,395,47.4,8.28,20.44,0.9848,60.049,3.96,0.95,1.46
2023-02-26 09:00:00,9,2023-02-26,4367.28,593,71.16,9.15,27.58,0.9591,60.011,3.27,0.949,2.26
2023-02-26 10:00:00,10,2023-02-26,4713.07,577,69.24,7.23,13.61,0.9703,59.849,3.29,0.949,1.76
2023-02-26 11:00:00,11,2023-02-26,4799.22,586,70.32,6.4,9.44,1.0192,59.942,3.67,0.95,1.66
2023-02-26 12:00:00,12,2023-02-26,4325.4,966,115.92,9.86,34.51,1.0048,59.909,3.19,0.949,3.48
2023-02-26 13:00:00,13,2023-02-26,4979.29,632,75.84,9.04,26.6,1.0444,60.083,3.3,0.949,2.06
2023-02-26 14:00:00,14,2023-02-26,4933.23,789,94.68,5.07,4.69,0.9862,59.868,3.6,0.949,2.01
2023-02-26 15:00:00,15,2023-02-26,5270.05,647,77.64,6.69,10.78,0.9882,59.942,3.8,0.949,1.68
2023-02-26 16:00:00,16,2023-02-26,5632.59,365,43.8,8.3,20.58,0.9872,59.981,3.07,0.95,1.14
2023-02-26 17:00:00,17,2023-02-26,6309.82,208,24.96,9.52,31.06,0.9948,59.968,3.31,0.95,0.89
2023-02-26 18:00:00,18,2023-02-26,5812.67,41,4.92,8.42,21.49,0.9861,59.827,3.55,0.95,0.45
2023-02-26 19:00:00,19,2023-02-26,6216.49,0,0.0,6.41,9.48,0.9857,59.744,3.47,0.95,0.15
2023-02-26 20:00:00,20,2023-02-26,6115.38,0,0.0,8.58,22.74,0.9767,59.942,3.65,0.95,0.37
2023-02-26 21:00:00,21,2023-02-26,6064.53,0,0.0,9.56,31.45,1.0009,60.091,3.27,0.95,0.52
2023-02-26 22:00:00,22,2023-02-26,5448.33,0,0.0,5.85,7.21,0.9922,59.94,3.29,0.95,0.13
2023-02-26 23:00:00,23,2023-02-26,5782.16,0,0.0,9.82,34.09,0.9844,59.828,3.82,0.95,0.59
2023-02-27 00:00:00,0,2023-02-27,6579.63,0,0.0,6.1,8.17,1.0289,59.856,3.22,0.95,0.12
2023-02-27 01:00:00,1,2023-02-27,7080.97,0,0.0,5.19,5.03,1.0016,60.021,3.42,0.95,0.07
2023-02-27 02:00:00,2,2023-02-27,5904.2,0,0.0,8.63,23.14,1.0153,60.059,3.9,0.95,0.39
2023-02-27 03:00:00,3,2023-02-27,5732.5,0,0.0,7.4,14.59,1.0303,59.931,3.46,0.95,0.25
2023-02-27 04:00:00,4,2023-02-27,5559.01,0,0.0,7.07,12.72,0.98,59.848,3.63,0.95,0.23
2023-02-27 05:00:00,5,2023-02-27,6068.72,0,0.0,7.44,14.83,1.0315,60.056,3.59,0.95,0.24
2023-02-27 06:00:00,6,2023-02-27,5499.78,0,0.0,9.81,33.99,1.0231,60.011,3.44,0.95,0.62
2023-02-27 07:00:00,7,2023-02-27,5453.71,107,12.84,7.09,12.83,1.0047,59.85,3.08,0.95,0.47
2023-02-27 08:00:00,8,2023-02-27,5326.28,276,33.12,5.04,4.61,0.9966,60.085,3.1,0.95,0.71
2023-02-27 09:00:00,9,2023-02-27,5124.07,440,52.8,7.88,17.61,1.0089,60.14,3.22,0.95,1.37
2023-02-27 10:00:00,10,2023-02-27,5807.28,763,91.56,8.1,19.13,1.002,60.158,3.84,0.949,1.91
2023-02-27 11:00:00,11,2023-02-27,5637.98,723,86.76,7.13,13.05,1.0339,59.996,3.82,0.949,1.77
2023-02-27 12:00:00,12,2023-02-27,5691.22,720,86.4,6.73,10.97,1.0132,59.873,3.32,0.949,1.71
2023-02-27 13:00:00,13,2023-02-27,5942.49,735,88.2,5.66,6.53,1.0127,60.006,3.63,0.95,1.59
2023-02-27 14:00:00,14,2023-02-27,5946.08,689,82.68,5.39,5.64,0.9777,60.11,3.75,0.95,1.49
2023-02-27 15:00:00,15,2023-02-27,6506.64,564,67.68,6.77,11.17,1.0031,60.125,3.22,0.95,1.21
2023-02-27 16:00:00,16,2023-02-27,6833.89,545,65.4,9.66,32.45,1.0157,60.1,3.04,0.95,1.43
2023-02-27 17:00:00,17,2023-02-27,7029.52,202,24.24,6.09,8.13,1.0052,59.99,3.43,0.95,0.46
2023-02-27 18:00:00,18,2023-02-27,6644.24,50,6.0,8.23,20.07,0.9616,60.254,3.73,0.95,0.39
2023-02-27 19:00:00,19,2023-02-27,7241.3,0,0.0,8.26,20.29,0.9431,60.098,3.29,0.95,0.28
2023-02-27 20:00:00,20,2023-02-27,7900.58,0,0.0,7.61,15.87,1.0012,59.925,3.46,0.95,0.2
2023-02-27 21:00:00,21,2023-02-27,6661.59,0,0.0,7.79,17.02,0.9846,60.029,3.67,0.95,0.26
2023-02-27 22:00:00,22,2023-02-27,7003.2,0,0.0,6.7,10.83,1.0267,59.994,3.9,0.95,0.15
2023-02-27 23:00:00,23,2023-02-27,6553.31,0,0.0,9.82,34.09,0.9769,59.84,3.15,0.95,0.52
2023-02-28 00:00:00,0,2023-02-28,6644.24,0,0.0,5.17,4.97,1.009,59.966,3.31,0.95,0.07
2023-02-28 01:00:00,1,2023-02-28,5884.46,0,0.0,6.41,9.48,0.9933,60.129,3.61,0.95,0.16
2023-02-28 02:00:00,2,2023-02-28,6101.62,0,0.0,5.39,5.64,1.0375,60.057,3.16,0.95,0.09
2023-02-28 03:00:00,3,2023-02-28,5889.84,0,0.0,5.78,6.95,0.9935,60.101,4.0,0.95,0.12
2023-02-28 04:00:00,4,2023-02-28,5989.15,0,0.0,6.6,10.35,0.995,60.037,3.63,0.95,0.17
2023-02-28 05:00:00,5,2023-02-28,5408.84,0,0.0,9.27,28.68,1.0079,60.15,3.93,0.95,0.53
2023-02-28 06:00:00,6,2023-02-28,5470.46,0,0.0,9.73,33.16,1.0038,59.848,3.13,0.95,0.61
2023-02-28 07:00:00,7,2023-02-28,5218.0,120,14.4,6.37,9.31,0.9956,59.886,3.06,0.95,0.45
2023-02-28 08:00:00,8,2023-02-28,5237.14,252,30.24,9.73,33.16,1.0076,60.129,3.78,0.95,1.21
2023-02-28 09:00:00,9,2023-02-28,5075.61,507,60.84,7.26,13.78,1.0011,60.076,3.7,0.95,1.47
2023-02-28 10:00:00,10,2023-02-28,5365.77,759,91.08,8.34,20.88,1.0239,59.949,3.89,0.949,2.09
2023-02-28 11:00:00,11,2023-02-28,5669.68,753,90.36,6.01,7.81,0.9979,60.067,3.94,0.949,1.73
2023-02-28 12:00:00,12,2023-02-28,5538.07,796,95.52,8.27,20.36,0.9662,60.19,3.47,0.949,2.09
2023-02-28 13:00:00,13,2023-02-28,6448.02,847,101.64,5.72,6.74,1.0325,59.924,3.41,0.949,1.68
2023-02-28 14:00:00,14,2023-02-28,6443.83,614,73.68,6.51,9.93,0.9695,59.891,3.27,0.95,1.3
2023-02-28 15:00:00,15,2023-02-28,6710.05,490,58.8,7.78,16.95,1.0174,59.78,3.89,0.95,1.13
2023-02-28 16:00:00,16,2023-02-28,6170.42,411,49.32,8.29,20.51,1.044,59.977,3.53,0.95,1.13
2023-02-28 17:00:00,17,2023-02-28,6815.35,229,27.48,7.59,15.74,0.9954,60.02,3.47,0.95,0.63
2023-02-28 18:00:00,18,2023-02-28,6812.35,57,6.84,9.58,31.65,1.0044,59.817,3.69,0.95,0.57
2023-02-28 19:00:00,19,2023-02-28,7585.9,0,0.0,8.3,20.58,0.9863,59.969,3.13,0.95,0.27
2023-02-28 20:00:00,20,2023-02-28,7417.19,0,0.0,6.72,10.92,0.9845,59.942,3.14,0.95,0.15
2023-02-28 21:00:00,21,2023-02-28,6866.2,0,0.0,5.73,6.77,1.0231,60.179,3.62,0.95,0.1
2023-02-28 22:00:00,22,2023-02-28,7229.34,0,0.0,6.2,8.58,1.01,59.89,3.49,0.95,0.12
2023-02-28 23:00:00,23,2023-02-28,6816.54,0,0.0,8.93,25.64,0.9813,59.837,3.1,0.95,0.38
2023-03-01 00:00:00,0,2023-03-01,6346.31,0,0.0,6.21,8.62,1.0467,60.013,3.73,0.95,0.14
2023-03-01 01:00:00,1,2023-03-01,6671.17,0,0.0,6.13,8.29,1.0045,60.024,3.26,0.95,0.12
2023-03-01 02:00:00,2,2023-03-01,6307.43,0,0.0,7.19,13.38,0.9926,60.081,3.89,0.95,0.21
2023-03-01 03:00:00,3,2023-03-01,5943.09,0,0.0,9.31,29.05,1.0118,59.939,3.17,0.95,0.49
2023-03-01 04:00:00,4,2023-03-01,5763.61,0,0.0,5.77,6.92,0.9763,59.911,3.33,0.95,0.12
2023-03-01 05:00:00,5,2023-03-01,5284.41,0,0.0,8.75,24.12,1.0143,60.094,3.93,0.95,0.46
2023-03-01 06:00:00,6,2023-03-01,4918.27,0,0.0,7.27,13.83,0.9611,60.021,3.28,0.95,0.28
2023-03-01 07:00:00,7,2023-03-01,5182.7,110,13.2,9.68,32.65,0.9882,59.865,3.75,0.95,0.88
2023-03-01 08:00:00,8,2023-03-01,4438.47,400,48.0,7.58,15.68,0.9784,60.129,4.02,0.95,1.43
2023-03-01 09:00:00,9,2023-03-01,5512.94,626,75.12,8.49,22.03,0.9557,60.025,4.01,0.949,1.76
2023-03-01 10:00:00,10,2023-03-01,5668.49,778,93.36,5.51,6.02,1.0197,59.968,3.26,0.949,1.75
2023-03-01 11:00:00,11,2023-03-01,5508.75,843,101.16,7.04,12.56,1.0038,59.858,3.2,0.949,2.06
2023-03-01 12:00:00,12,2023-03-01,5296.97,812,97.44,9.67,32.55,0.9649,60.051,3.61,0.949,2.45
2023-03-01 13:00:00,13,2023-03-01,6203.33,947,113.64,6.08,8.09,0.9809,59.935,3.92,0.949,1.96
2023-03-01 14:00:00,14,2023-03-01,6491.69,898,107.76,7.29,13.95,0.9982,60.066,3.13,0.949,1.87
2023-03-01 15:00:00,15,2023-03-01,6688.51,625,75.0,9.88,34.72,0.9954,60.168,3.94,0.95,1.64
2023-03-01 16:00:00,16,2023-03-01,6957.13,491,58.92,7.34,14.24,1.011,60.007,3.74,0.95,1.05
2023-03-01 17:00:00,17,2023-03-01,7016.96,210,25.2,9.62,32.05,0.9968,60.096,3.26,0.95,0.82
2023-03-01 18:00:00,18,2023-03-01,7053.45,65,7.8,7.28,13.89,1.0119,60.003,3.65,0.95,0.31
2023-03-01 19:00:00,19,2023-03-01,6930.21,0,0.0,6.48,9.8,1.0163,59.943,3.49,0.95,0.14
2023-03-01 20:00:00,20,2023-03-01,7520.09,0,0.0,9.26,28.58,1.0135,59.94,3.2,0.95,0.38
2023-03-01 21:00:00,21,2023-03-01,7130.63,0,0.0,8.79,24.45,1.0144,59.985,3.12,0.95,0.34
2023-03-01 22:00:00,22,2023-03-01,6610.74,0,0.0,9.56,31.45,0.9567,59.979,3.26,0.95,0.48
2023-03-01 23:00:00,23,2023-03-01,6538.95,0,0.0,7.25,13.72,1.0089,60.126,3.18,0.95,0.21
2023-03-02 00:00:00,0,2023-03-02,6568.86,0,0.0,7.57,15.62,0.9922,59.985,3.31,0.95,0.24
2023-03-02 01:00:00,1,2023-03-02,6428.87,0,0.0,7.16,13.21,0.9943,59.782,3.49,0.95,0.21
2023-03-02 02:00:00,2,2023-03-02,6251.79,0,0.0,7.79,17.02,1.0167,60.004,3.03,0.95,0.27
2023-03-02 03:00:00,3,2023-03-02,5849.16,0,0.0,7.32,14.12,1.005,60.035,3.53,0.95,0.24
2023-03-02 04:00:00,4,2023-03-02,5299.96,0,0.0,8.8,24.53,0.9868,59.948,3.9,0.95,0.46
2023-03-02 05:00:00,5,2023-03-02,4762.13,0,0.0,7.94,18.02,0.9622,60.141,3.43,0.95,0.38
2023-03-02 06:00:00,6,2023-03-02,5134.24,0,0.0,8.28,20.44,0.9933,60.045,3.47,0.95,0.4
2023-03-02 07:00:00,7,2023-03-02,4967.93,134,16.08,7.17,13.27,1.0021,59.932,3.71,0.95,0.59
2023-03-02 08:00:00,8,2023-03-02,5773.18,415,49.8,9.72,33.06,0.9908,59.918,3.14,0.95,1.44
2023-03-02 09:00:00,9,2023-03-02,5374.14,419,50.28,9.29,28.86,1.0185,60.037,3.31,0.95,1.47
2023-03-02 10:00:00,10,2023-03-02,5649.34,581,69.72,8.38,21.19,1.0105,59.932,3.75,0.95,1.61
2023-03-02 11:00:00,11,2023-03-02,5960.44,902,108.24,5.46,5.86,0.9847,59.869,3.5,0.949,1.91
2023-03-02 12:00:00,12,2023-03-02,5983.77,916,109.92,9.71,32.96,1.011,59.922,3.71,0.949,2.39
2023-03-02 13:00:00,13,2023-03-02,5747.46,630,75.6,8.31,20.66,0.9746,60.093,3.98,0.949,1.67
2023-03-02 14:00:00,14,2023-03-02,6136.32,637,76.44,9.41,30.0,1.0301,59.88,3.28,0.949,1.73
2023-03-02 15:00:00,15,2023-03-02,6902.69,697,83.64,5.37,5.57,0.9964,60.039,3.4,0.95,1.29
2023-03-02 16:00:00,16,2023-03-02,6648.43,398,47.76,5.61,6.36,1.0017,60.108,3.7,0.95,0.81
2023-03-02 17:00:00,17,2023-03-02,6291.27,210,25.2,5.75,6.84,1.0071,59.897,3.67,0.95,0.51
2023-03-02 18:00:00,18,2023-03-02,7772.56,78,9.36,7.6,15.8,1.0135,60.011,3.1,0.95,0.32
2023-03-02 19:00:00,19,2023-03-02,7567.95,0,0.0,7.76,16.82,1.0101,60.139,3.84,0.95,0.22
2023-03-02 20:00:00,20,2023-03-02,7109.69,0,0.0,6.61,10.4,1.0039,60.013,3.3,0.95,0.15
2023-03-02 21:00:00,21,2023-03-02,7085.16,0,0.0,8.52,22.26,1.0107,60.058,3.26,0.95,0.31
2023-03-02 22:00:00,22,2023-03-02,6781.84,0,0.0,6.93,11.98,1.0253,60.168,3.63,0.95,0.18
2023-03-02 23:00:00,23,2023-03-02,7502.74,0,0.0,9.67,32.55,0.9869,59.893,3.05,0.95,0.43
2023-03-03 00:00:00,0,2023-03-03,6766.89,0,0.0,9.46,30.48,1.0454,60.098,3.76,0.95,0.45
2023-03-03 01:00:00,1,2023-03-03,5847.96,0,0.0,9.58,31.65,0.996,59.95,3.57,0.95,0.54
2023-03-03 02:00:00,2,2023-03-03,5880.27,0,0.0,6.13,8.29,0.9757,60.115,3.8,0.95,0.14
2023-03-03 03:00:00,3,2023-03-03,5929.92,0,0.0,6.66,10.63,0.9468,59.895,3.72,0.95,0.18
2023-03-03 04:00:00,4,2023-03-03,5459.69,0,0.0,7.74,16.69,0.9802,60.056,3.35,0.95,0.31
2023-03-03 05:00:00,5,2023-03-03,5672.08,0,0.0,8.91,25.46,0.9881,59.974,3.99,0.95,0.45
2023-03-03 06:00:00,6,2023-03-03,5617.63,0,0.0,5.87,7.28,0.9761,59.91,3.72,0.95,0.13
2023-03-03 07:00:00,7,2023-03-03,5391.49,168,20.16,8.54,22.42,1.0102,60.179,3.9,0.95,0.79
2023-03-03 08:00:00,8,2023-03-03,5609.86,336,40.32,5.79,6.99,0.9941,59.968,3.45,0.95,0.84
2023-03-03 09:00:00,9,2023-03-03,5176.12,531,63.72,7.94,18.02,0.9764,60.087,3.09,0.95,1.58
2023-03-03 10:00:00,10,2023-03-03,5789.33,814,97.68,7.98,18.29,1.0098,59.851,3.49,0.949,2.0
2023-03-03 11:00:00,11,2023-03-03,5387.31,744,89.28,6.88,11.72,0.9929,60.287,3.64,0.949,1.87
2023-03-03 12:00:00,12,2023-03-03,5727.12,914,109.68,7.41,14.65,1.0568,60.079,3.79,0.949,2.17
2023-03-03 13:00:00,13,2023-03-03,5492.6,844,101.28,8.7,23.71,0.9603,60.061,3.85,0.949,2.28
2023-03-03 14:00:00,14,2023-03-03,6617.32,565,67.8,6.63,10.49,0.996,59.796,3.19,0.95,1.18
2023-03-03 15:00:00,15,2023-03-03,6722.62,620,74.4,8.07,18.92,1.0064,59.929,3.29,0.95,1.39
2023-03-03 16:00:00,16,2023-03-03,6695.1,478,57.36,8.77,24.28,1.0405,59.951,3.72,0.95,1.22
2023-03-03 17:00:00,17,2023-03-03,6489.3,259,31.08,5.54,6.12,0.9957,59.923,3.8,0.95,0.57
2023-03-03 18:00:00,18,2023-03-03,6732.19,70,8.4,8.8,24.53,0.9999,60.086,3.89,0.95,0.49
2023-03-03 19:00:00,19,2023-03-03,6903.89,0,0.0,8.18,19.7,0.971,60.171,3.51,0.95,0.29
2023-03-03 20:00:00,20,2023-03-03,7119.86,0,0.0,9.29,28.86,0.988,59.945,3.78,0.95,0.41
2023-03-03 21:00:00,21,2023-03-03,7676.84,0,0.0,6.6,10.35,1.0399,59.902,3.11,0.95,0.13
2023-03-03 22:00:00,22,2023-03-03,7471.63,0,0.0,7.59,15.74,1.0053,59.937,3.01,0.95,0.21
2023-03-03 23:00:00,23,2023-03-03,6707.66,0,0.0,8.41,21.41,1.0157,59.906,3.66,0.95,0.32
2023-03-04 00:00:00,0,2023-03-04,5465.68,0,0.0,6.91,11.88,1.0119,59.999,3.47,0.95,0.22
2023-03-04 01:00:00,1,2023-03-04,5467.47,0,0.0,9.82,34.09,1.0048,59.842,3.87,0.95,0.62
2023-03-04 02:00:00,2,2023-03-04,5098.35,0,0.0,7.66,16.18,0.9936,60.017,3.5,0.95,0.32
2023-03-04 03:00:00,3,2023-03-04,4619.14,0,0.0,7.82,17.22,1.0062,59.983,3.56,0.95,0.37
2023-03-04 04:00:00,4,2023-03-04,5132.45,0,0.0,5.18,5.0,0.9886,59.745,3.32,0.95,0.1
2023-03-04 05:00:00,5,2023-03-04,4635.3,0,0.0,5.43,5.76,0.9967,60.125,3.67,0.95,0.12
2023-03-04 06:00:00,6,2023-03-04,4532.4,0,0.0,8.65,23.3,0.9763,59.958,3.91,0.95,0.51
2023-03-04 07:00:00,7,2023-03-04,4382.23,122,14.64,5.43,5.76,1.0165,59.843,3.27,0.95,0.47
2023-03-04 08:00:00,8,2023-03-04,4069.94,280,33.6,8.11,19.2,1.0172,60.106,3.62,0.95,1.3
2023-03-04 09:00:00,9,2023-03-04,4463.6,440,52.8,5.82,7.1,1.0268,60.044,3.78,0.95,1.34
2023-03-04 10:00:00,10,2023-03-04,4778.88,711,85.32,6.63,10.49,0.9909,59.98,3.52,0.949,2.0
2023-03-04 11:00:00,11,2023-03-04,4737.0,756,90.72,9.27,28.68,0.9798,59.956,3.91,0.949,2.52
2023-03-04 12:00:00,12,2023-03-04,5181.51,857,102.84,8.71,23.79,1.0135,59.918,3.56,0.949,2.44
2023-03-04 13:00:00,13,2023-03-04,5089.97,697,83.64,9.25,28.49,1.0168,59.868,3.88,0.949,2.2
2023-03-04 14:00:00,14,2023-03-04,5573.36,802,96.24,9.4,29.9,1.0067,60.057,3.83,0.949,2.26
2023-03-04 15:00:00,15,2023-03-04,5514.14,482,57.84,9.35,29.43,0.9847,60.035,3.53,0.95,1.58
2023-03-04 16:00:00,16,2023-03-04,5840.19,555,66.6,8.72,23.87,1.009,59.894,3.43,0.95,1.55
2023-03-04 17:00:00,17,2023-03-04,6170.42,279,33.48,6.97,12.19,0.9905,59.832,3.32,0.95,0.74
2023-03-04 18:00:00,18,2023-03-04,5806.68,84,10.08,9.51,30.96,0.9815,59.913,3.47,0.95,0.71
2023-03-04 19:00:00,19,2023-03-04,6456.39,0,0.0,6.12,8.25,1.0323,60.216,3.7,0.95,0.13
2023-03-04 20:00:00,20,2023-03-04,5664.3,0,0.0,6.57,10.21,1.0205,59.853,3.2,0.95,0.18
2023-03-04 21:00:00,21,2023-03-04,5387.9,0,0.0,6.81,11.37,1.0047,60.043,3.7,0.95,0.21
2023-03-04 22:00:00,22,2023-03-04,6474.34,0,0.0,5.37,5.57,1.0009,60.104,3.91,0.95,0.09
2023-03-04 23:00:00,23,2023-03-04,5672.67,0,0.0,7.8,17.08,0.9925,59.906,3.15,0.95,0.3
2023-03-05 00:00:00,0,2023-03-05,5627.81,0,0.0,9.95,35.46,0.9973,59.742,3.83,0.95,0.63
2023-03-05 01:00:00,1,2023-03-05,5592.51,0,0.0,9.72,33.06,1.0022,59.832,3.39,0.95,0.59
2023-03-05 02:00:00,2,2023-03-05,5088.18,0,0.0,6.62,10.44,1.0303,60.03,3.21,0.95,0.21
2023-03-05 03:00:00,3,2023-03-05,4961.35,0,0.0,7.59,15.74,1.0063,60.077,3.45,0.95,0.32
2023-03-05 04:00:00,4,2023-03-05,4909.3,0,0.0,7.97,18.23,1.0037,60.222,3.85,0.95,0.37
2023-03-05 05:00:00,5,2023-03-05,4550.94,0,0.0,6.81,11.37,0.9757,60.107,3.31,0.95,0.25
2023-03-05 06:00:00,6,2023-03-05,4544.96,0,0.0,6.48,9.8,1.0005,60.123,3.58,0.95,0.22
2023-03-05 07:00:00,7,2023-03-05,4547.95,171,20.52,6.26,8.83,1.0318,59.918,3.44,0.95,0.65
2023-03-05 08:00:00,8,2023-03-05,4620.34,399,47.88,5.82,7.1,0.9854,60.027,3.8,0.95,1.19
2023-03-05 09:00:00,9,2023-03-05,4104.64,403,48.36,6.33,9.13,1.0045,60.116,3.83,0.95,1.4
2023-03-05 10:00:00,10,2023-03-05,4581.45,569,68.28,7.84,17.35,0.9656,59.942,3.54,0.949,1.87
2023-03-05 11:00:00,11,2023-03-05,4922.46,746,89.52,6.83,11.47,1.0067,59.879,3.46,0.949,2.05
2023-03-05 12:00:00,12,2023-03-05,5167.15,670,80.4,7.99,18.36,1.0086,60.047,3.98,0.949,1.91
2023-03-05 13:00:00,13,2023-03-05,5087.58,609,73.08,8.74,24.03,1.007,60.107,3.65,0.949,1.91
2023-03-05 14:00:00,14,2023-03-05,5305.94,617,74.04,6.94,12.03,0.9658,60.033,3.53,0.95,1.62
2023-03-05 15:00:00,15,2023-03-05,5493.8,744,89.28,7.01,12.4,1.0192,59.949,3.4,0.949,1.85
2023-03-05 16:00:00,16,2023-03-05,5573.36,360,43.2,6.47,9.75,0.9891,60.075,3.1,0.95,0.95
2023-03-05 17:00:00,17,2023-03-05,5649.34,225,27.0,5.67,6.56,0.9996,59.837,3.09,0.95,0.59
2023-03-05 18:00:00,18,2023-03-05,6175.21,77,9.24,9.11,27.22,1.0244,59.99,3.74,0.95,0.59
2023-03-05 19:00:00,19,2023-03-05,5719.94,0,0.0,8.16,19.56,1.0198,60.056,3.5,0.95,0.34
2023-03-05 20:00:00,20,2023-03-05,6283.49,0,0.0,6.43,9.57,1.0115,60.043,3.12,0.95,0.15
2023-03-05 21:00:00,21,2023-03-05,5936.51,0,0.0,8.79,24.45,0.9611,59.978,3.32,0.95,0.41
2023-03-05 22:00:00,22,2023-03-05,5489.61,0,0.0,8.22,19.99,1.0021,60.005,3.14,0.95,0.36
2023-03-05 23:00:00,23,2023-03-05,5955.05,0,0.0,6.1,8.17,0.984,60.049,3.72,0.95,0.14
2023-03-06 00:00:00,0,2023-03-06,6453.4,0,0.0,6.0,7.78,0.9566,60.11,3.94,0.95,0.12
2023-03-06 01:00:00,1,2023-03-06,6392.38,0,0.0,8.93,25.64,1.0243,60.027,3.28,0.95,0.4
2023-03-06 02:00:00,2,2023-03-06,6147.09,0,0.0,7.41,14.65,1.026,59.821,3.24,0.95,0.24
2023-03-06 03:00:00,3,2023-03-06,5905.99,0,0.0,7.17,13.27,0.9888,60.06,3.83,0.95,0.22
2023-03-06 04:00:00,4,2023-03-06,5767.8,0,0.0,6.62,10.44,1.003,59.964,3.47,0.95,0.18
2023-03-06 05:00:00,5,2023-03-06,5384.91,0,0.0,7.9,17.75,1.0212,60.071,3.58,0.95,0.33
2023-03-06 06:00:00,6,2023-03-06,4938.61,0,0.0,8.81,24.62,0.9825,60.04,3.45,0.95,0.5
2023-03-06 07:00:00,7,2023-03-06,5152.79,142,17.04,7.58,15.68,0.9874,59.859,3.93,0.95,0.63
2023-03-06 08:00:00,8,2023-03-06,5361.58,288,34.56,5.14,4.89,0.9888,60.069,3.96,0.95,0.74
2023-03-06 09:00:00,9,2023-03-06,5341.84,474,56.88,8.02,18.57,0.9875,60.133,3.9,0.95,1.41
2023-03-06 10:00:00,10,2023-03-06,5672.08,668,80.16,6.92,11.93,0.9957,60.016,3.9,0.95,1.62
2023-03-06 11:00:00,11,2023-03-06,5780.96,803,96.36,9.45,30.38,1.026,60.086,3.39,0.949,2.19
2023-03-06 12:00:00,12,2023-03-06,5412.43,892,107.04,9.34,29.33,1.0288,59.974,3.18,0.949,2.52
2023-03-06 13:00:00,13,2023-03-06,5624.81,859,103.08,7.18,13.33,1.0189,60.013,3.91,0.949,2.07
2023-03-06 14:00:00,14,2023-03-06,6040.6,685,82.2,9.37,29.62,1.009,60.033,3.74,0.949,1.85
2023-03-06 15:00:00,15,2023-03-06,6790.22,626,75.12,5.73,6.77,1.0044,60.066,3.48,0.95,1.21
2023-03-06 16:00:00,16,2023-03-06,6772.87,471,56.52,8.79,24.45,1.0341,60.011,3.38,0.95,1.2
2023-03-06 17:00:00,17,2023-03-06,6539.55,262,31.44,5.67,6.56,0.9974,60.229,3.44,0.95,0.58
2023-03-06 18:00:00,18,2023-03-06,6598.78,73,8.76,6.15,8.37,1.0047,59.944,3.46,0.95,0.26
2023-03-06 19:00:00,19,2023-03-06,6538.35,0,0.0,8.37,21.11,1.0316,59.978,3.28,0.95,0.32
2023-03-06 20:00:00,20,2023-03-06,6974.48,0,0.0,8.04,18.71,0.9851,60.127,3.78,0.95,0.27
2023-03-06 21:00:00,21,2023-03-06,6633.48,0,0.0,7.11,12.94,0.999,60.015,3.08,0.95,0.2
2023-03-06 22:00:00,22,2023-03-06,7319.68,0,0.0,6.49,9.84,1.0129,59.986,3.32,0.95,0.13
2023-03-06 23:00:00,23,2023-03-06,7527.27,0,0.0,9.77,33.57,0.9943,59.936,3.44,0.95,0.45
2023-03-07 00:00:00,0,2023-03-07,6312.21,0,0.0,8.01,18.5,0.9996,60.114,4.0,0.95,0.29
2023-03-07 01:00:00,1,2023-03-07,5502.77,0,0.0,7.21,13.49,0.9811,59.962,3.63,0.95,0.25
2023-03-07 02:00:00,2,2023-03-07,6373.83,0,0.0,9.29,28.86,1.0182,60.075,3.38,0.95,0.45
2023-03-07 03:00:00,3,2023-03-07,6026.84,0,0.0,6.51,9.93,1.0014,59.736,3.2,0.95,0.16
2023-03-07 04:00:00,4,2023-03-07,6121.97,0,0.0,6.27,8.87,1.0082,59.87,3.26,0.95,0.14
2023-03-07 05:00:00,5,2023-03-07,5345.43,0,0.0,7.8,17.08,0.9993,59.88,3.68,0.95,0.32
2023-03-07 06:00:00,6,2023-03-07,5372.95,0,0.0,9.98,35.78,1.0081,59.937,3.75,0.95,0.67
2023-03-07 07:00:00,7,2023-03-07,5174.33,166,19.92,5.32,5.42,0.9803,60.03,3.76,0.95,0.49
2023-03-07 08:00:00,8,2023-03-07,5247.31,292,35.04,6.88,11.72,1.0288,59.928,3.92,0.95,0.89
2023-03-07 09:00:00,9,2023-03-07,5062.45,523,62.76,6.99,12.3,0.9775,60.03,3.4,0.95,1.48
2023-03-07 10:00:00,10,2023-03-07,5561.4,706,84.72,7.38,14.47,0.9798,60.146,3.13,0.949,1.78
2023-03-07 11:00:00,11,2023-03-07,5584.13,626,75.12,7.33,14.18,1.0239,60.096,3.37,0.95,1.6
2023-03-07 12:00:00,12,2023-03-07,5119.29,903,108.36,8.89,25.29,1.0036,60.102,3.55,0.949,2.61
2023-03-07 13:00:00,13,2023-03-07,5496.79,822,98.64,6.77,11.17,0.9964,59.954,3.42,0.949,2.0
2023-03-07 14:00:00,14,2023-03-07,6118.97,556,66.72,8.03,18.64,1.0115,59.916,4.01,0.95,1.4
2023-03-07 15:00:00,15,2023-03-07,5992.14,750,90.0,5.89,7.36,0.9891,60.173,3.48,0.95,1.62
2023-03-07 16:00:00,16,2023-03-07,6671.17,448,53.76,7.8,17.08,1.0187,60.028,3.25,0.95,1.06
2023-03-07 17:00:00,17,2023-03-07,6915.85,306,36.72,5.92,7.47,0.9877,59.955,3.42,0.95,0.64
2023-03-07 18:00:00,18,2023-03-07,6441.43,101,12.12,7.55,15.49,0.9631,60.154,3.54,0.95,0.43
2023-03-07 19:00:00,19,2023-03-07,7119.26,0,0.0,7.21,13.49,1.0125,60.154,3.58,0.95,0.19
2023-03-07 20:00:00,20,2023-03-07,6819.53,0,0.0,5.05,4.64,0.9619,59.989,3.1,0.95,0.07
2023-03-07 21:00:00,21,2023-03-07,7323.86,0,0.0,6.88,11.72,0.9936,59.973,3.4,0.95,0.16
2023-03-07 22:00:00,22,2023-03-07,6641.85,0,0.0,8.22,19.99,0.9783,60.036,3.79,0.95,0.3
2023-03-07 23:00:00,23,2023-03-07,6786.63,0,0.0,8.88,25.21,1.026,59.944,3.44,0.95,0.37
2023-03-08 00:00:00,0,2023-03-08,6528.78,0,0.0,5.22,5.12,1.0193,59.9,3.24,0.95,0.08
2023-03-08 01:00:00,1,2023-03-08,6507.24,0,0.0,5.46,5.86,0.9925,60.104,3.16,0.95,0.09
2023-03-08 02:00:00,2,2023-03-08,6613.13,0,0.0,5.58,6.25,0.9882,59.929,3.2,0.95,0.09
2023-03-08 03:00:00,3,2023-03-08,5834.8,0,0.0,7.74,16.69,1.0151,60.059,3.93,0.95,0.29
2023-03-08 04:00:00,4,2023-03-08,5731.9,0,0.0,5.38,5.61,1.0049,59.991,3.0,0.95,0.1
2023-03-08 05:00:00,5,2023-03-08,5777.37,0,0.0,8.4,21.34,1.0163,60.179,3.08,0.95,0.37
2023-03-08 06:00:00,6,2023-03-08,5076.21,0,0.0,7.77,16.89,0.9836,60.056,3.7,0.95,0.33
2023-03-08 07:00:00,7,2023-03-08,5092.36,138,16.56,6.3,9.0,1.0374,59.931,3.29,0.95,0.5
2023-03-08 08:00:00,8,2023-03-08,4876.39,386,46.32,9.26,28.58,1.0113,60.058,3.98,0.95,1.54
2023-03-08 09:00:00,9,2023-03-08,5377.73,442,53.04,6.5,9.89,0.9851,59.955,3.8,0.95,1.17
2023-03-08 10:00:00,10,2023-03-08,5536.27,631,75.72,8.7,23.71,0.9857,59.95,3.18,0.949,1.8
2023-03-08 11:00:00,11,2023-03-08,5341.84,603,72.36,5.35,5.51,1.0347,60.007,3.85,0.95,1.46
2023-03-08 12:00:00,12,2023-03-08,5553.62,975,117.0,7.98,18.29,1.0264,60.19,3.69,0.949,2.44
2023-03-08 13:00:00,13,2023-03-08,5740.28,941,112.92,7.97,18.23,1.0004,59.945,4.0,0.949,2.28
2023-03-08 14:00:00,14,2023-03-08,5640.37,877,105.24,7.11,12.94,0.9813,59.847,3.98,0.949,2.1
2023-03-08 15:00:00,15,2023-03-08,6845.26,558,66.96,7.35,14.29,1.0112,59.987,3.78,0.95,1.19
2023-03-08 16:00:00,16,2023-03-08,6779.45,556,66.72,6.41,9.48,0.9988,60.068,3.04,0.95,1.12
2023-03-08 17:00:00,17,2023-03-08,7347.79,298,35.76,7.2,13.44,0.9913,59.959,3.21,0.95,0.67
2023-03-08 18:00:00,18,2023-03-08,6376.22,103,12.36,6.08,8.09,1.0277,59.939,3.52,0.95,0.32
2023-03-08 19:00:00,19,2023-03-08,7296.94,0,0.0,5.61,6.36,1.01,60.021,3.91,0.95,0.09
2023-03-08 20:00:00,20,2023-03-08,7295.75,0,0.0,8.02,18.57,0.9978,60.014,3.72,0.95,0.25
2023-03-08 21:00:00,21,2023-03-08,6623.3,0,0.0,9.46,30.48,1.0042,60.07,3.62,0.95,0.46
2023-03-08 22:00:00,22,2023-03-08,6836.28,0,0.0,5.3,5.36,0.9886,59.985,3.5,0.95,0.08
2023-03-08 23:00:00,23,2023-03-08,6796.2,0,0.0,7.74,16.69,0.9695,60.085,3.51,0.95,0.25
2023-03-09 00:00:00,0,2023-03-09,6348.7,0,0.0,6.21,8.62,1.014,59.911,3.06,0.95,0.14
