Timestamp,Wind_Speed_ms,Wind_Power_MW,Solar_Power_MW,Total_Renewable_MW,Load_Demand_MW,Renewable_Penetration_pct,Voltage_pu,Frequency_Hz,Harmonics_THD_pct,Power_Factor
2023-01-01 00:00:00,11.16,50.0,9.56,59.56,469.15,12.69,0.9937,60.029,3.3,0.958
2023-01-01 01:00:00,11.09,49.16,9.56,58.72,429.62,13.67,0.9891,60.013,4.15,0.965
2023-01-01 02:00:00,6.67,10.69,9.56,20.25,431.22,4.7,1.0067,59.966,3.17,0.953
2023-01-01 03:00:00,8.16,19.55,9.56,29.11,435.51,6.68,1.0463,59.985,3.38,0.921
2023-01-01 04:00:00,11.89,60.59,9.56,70.15,362.31,19.36,0.9837,60.312,4.08,0.925
2023-01-01 05:00:00,10.4,40.54,9.56,50.1,344.73,14.53,0.9902,59.974,3.7,0.969
2023-01-01 06:00:00,5.19,5.03,9.56,14.59,385.64,3.78,0.9984,60.045,3.95,0.974
2023-01-01 07:00:00,5.46,5.85,34.99,40.84,352.8,11.58,1.0068,59.933,3.53,0.968
2023-01-01 08:00:00,8.25,20.2,52.32,72.51,312.8,23.18,1.003,60.034,3.48,0.95
2023-01-01 09:00:00,11.36,52.84,77.51,130.35,346.06,37.67,1.0219,59.988,4.05,0.961
2023-01-01 10:00:00,8.77,24.29,73.0,97.29,324.36,29.99,0.9485,59.966,4.18,0.94
2023-01-01 11:00:00,8.48,21.99,84.83,106.82,337.78,31.62,0.9491,60.19,4.01,0.953
2023-01-01 12:00:00,5.74,6.8,74.18,80.98,376.6,21.5,0.9879,60.121,3.96,0.939
2023-01-01 13:00:00,9.6,31.83,109.98,141.8,332.42,42.66,1.0177,60.028,4.73,0.92
2023-01-01 14:00:00,10.75,44.78,88.85,133.63,360.04,37.12,0.965,59.781,4.65,0.956
2023-01-01 15:00:00,7.66,16.2,82.22,98.42,416.9,23.61,0.9375,59.968,3.74,0.968
2023-01-01 16:00:00,10.43,40.84,46.84,87.68,423.86,20.69,1.0094,60.273,3.88,0.99
2023-01-01 17:00:00,11.75,58.42,32.64,91.06,481.26,18.92,1.003,59.979,3.93,0.95
2023-01-01 18:00:00,6.43,9.55,9.56,19.11,458.08,4.17,0.9778,60.105,4.03,0.928
2023-01-01 19:00:00,8.66,23.41,9.56,32.97,451.44,7.3,0.9796,60.14,4.14,0.941
2023-01-01 20:00:00,7.01,12.4,9.56,21.96,540.67,4.06,0.9802,60.016,3.32,0.946
2023-01-01 21:00:00,10.55,42.27,9.56,51.83,487.03,10.64,1.0011,59.914,3.94,0.95
2023-01-01 22:00:00,9.04,26.62,9.56,36.18,487.35,7.42,0.9867,59.753,3.53,0.957
2023-01-01 23:00:00,9.44,30.3,9.56,39.86,429.09,9.29,1.009,60.066,3.19,0.954
2023-01-02 00:00:00,10.59,42.7,9.56,52.26,517.48,10.1,0.9419,59.916,3.21,0.963
2023-01-02 01:00:00,7.77,16.9,9.56,26.46,513.07,5.16,0.9823,60.013,3.56,0.952
2023-01-02 02:00:00,11.41,53.41,9.56,62.97,449.39,14.01,0.9761,59.875,3.77,0.92
2023-01-02 03:00:00,8.73,23.96,9.56,33.52,469.37,7.14,0.9942,59.97,3.17,0.952
2023-01-02 04:00:00,6.11,8.19,9.56,17.75,416.01,4.27,0.9888,59.998,3.77,0.95
2023-01-02 05:00:00,9.87,34.63,9.56,44.19,404.62,10.92,1.0149,60.025,3.51,0.958
2023-01-02 06:00:00,10.55,42.31,9.56,51.87,379.46,13.67,0.9614,59.888,3.83,0.939
2023-01-02 07:00:00,7.22,13.53,36.84,50.37,443.11,11.37,0.9998,60.118,3.53,0.951
2023-01-02 08:00:00,11.0,47.92,47.91,95.83,383.74,24.97,1.0087,59.945,3.67,0.954
2023-01-02 09:00:00,11.34,52.54,64.63,117.17,355.81,32.93,1.0338,59.842,4.07,0.937
2023-01-02 10:00:00,6.94,12.02,67.44,79.46,422.19,18.82,0.9885,59.991,3.61,0.958
2023-01-02 11:00:00,11.88,60.43,88.99,149.42,376.74,39.66,1.0025,60.016,4.33,0.94
2023-01-02 12:00:00,5.98,7.72,84.1,91.82,440.3,20.85,0.9618,60.019,3.62,0.947
2023-01-02 13:00:00,6.41,9.5,84.93,94.43,399.31,23.65,0.9498,60.141,3.98,0.92
2023-01-02 14:00:00,6.29,8.96,95.14,104.09,444.08,23.44,1.0146,59.981,3.63,0.92
2023-01-02 15:00:00,11.26,51.37,82.45,133.82,515.65,25.95,0.9973,59.994,4.19,0.92
2023-01-02 16:00:00,9.58,31.65,45.24,76.89,555.97,13.83,1.0222,59.889,4.03,0.95
2023-01-02 17:00:00,6.06,8.03,30.07,38.1,559.62,6.81,0.9719,60.078,3.25,0.973
2023-01-02 18:00:00,8.08,19.01,9.56,28.57,566.86,5.04,1.0099,60.013,3.57,0.946
2023-01-02 19:00:00,9.31,29.02,9.56,38.58,571.27,6.75,1.0367,59.954,3.21,0.965
2023-01-02 20:00:00,5.58,6.27,9.56,15.83,539.34,2.93,1.0081,59.803,3.66,0.962
2023-01-02 21:00:00,11.18,50.27,9.56,59.83,558.7,10.71,1.0045,60.142,3.48,0.95
2023-01-02 22:00:00,10.63,43.18,9.56,52.74,556.51,9.48,0.9992,59.874,3.72,0.959
2023-01-02 23:00:00,8.54,22.39,9.56,31.95,586.19,5.45,0.968,59.936,3.63,0.953
2023-01-03 00:00:00,11.77,58.7,9.56,68.26,543.53,12.56,1.0259,60.035,4.18,0.943
2023-01-03 01:00:00,7.92,17.91,9.56,27.47,456.29,6.02,0.9872,59.876,3.67,0.956
2023-01-03 02:00:00,11.89,60.49,9.56,70.05,493.11,14.21,1.0087,59.85,3.87,0.975
2023-01-03 03:00:00,9.68,32.61,9.56,42.17,446.04,9.45,0.9678,59.785,3.59,0.957
2023-01-03 04:00:00,9.44,30.31,9.56,39.87,413.24,9.65,0.9754,60.069,4.14,0.951
2023-01-03 05:00:00,6.16,8.42,9.56,17.98,431.26,4.17,1.0283,59.94,3.86,0.931
2023-01-03 06:00:00,11.17,50.22,9.56,59.78,428.0,13.97,0.9917,60.292,3.56,0.974
2023-01-03 07:00:00,7.99,18.38,34.31,52.69,415.05,12.69,1.0278,59.899,4.1,0.92
2023-01-03 08:00:00,6.14,8.32,53.63,61.95,358.54,17.28,0.9967,59.909,3.78,0.92
2023-01-03 09:00:00,5.09,4.74,81.68,86.42,377.84,22.87,0.9609,59.947,4.29,0.951
2023-01-03 10:00:00,8.92,25.54,94.7,120.23,407.01,29.54,1.0149,60.032,4.41,0.924
2023-01-03 11:00:00,8.69,23.64,102.04,125.68,442.17,28.42,0.9854,59.96,3.76,0.963
2023-01-03 12:00:00,10.04,36.38,75.55,111.93,419.17,26.7,1.0113,60.067,4.24,0.92
2023-01-03 13:00:00,11.23,51.01,71.31,122.31,452.02,27.06,0.9978,59.908,3.83,0.961
2023-01-03 14:00:00,5.56,6.17,72.47,78.65,450.19,17.47,0.9674,59.863,3.65,0.961
2023-01-03 15:00:00,10.12,37.32,74.46,111.77,473.29,23.62,1.0009,59.824,3.77,0.945
2023-01-03 16:00:00,6.31,9.05,50.1,59.15,557.59,10.61,1.0429,59.775,3.94,0.92
2023-01-03 17:00:00,11.01,48.01,30.45,78.46,594.55,13.2,1.0085,59.947,3.49,0.92
2023-01-03 18:00:00,10.73,44.52,9.56,54.08,567.54,9.53,0.9979,59.967,3.19,0.952
2023-01-03 19:00:00,8.79,24.41,9.56,33.97,609.76,5.57,1.0209,59.932,3.83,0.944
2023-01-03 20:00:00,9.97,35.7,9.56,45.26,593.9,7.62,1.0035,60.121,3.32,0.962
2023-01-03 21:00:00,7.2,13.44,9.56,23.0,560.3,4.1,1.0038,60.117,3.19,0.947
2023-01-03 22:00:00,8.3,20.57,9.56,30.13,580.54,5.19,0.9776,59.962,3.34,0.945
2023-01-03 23:00:00,10.75,44.74,9.56,54.3,600.0,9.05,1.0038,59.818,3.56,0.92
2023-01-04 00:00:00,8.21,19.96,9.56,29.52,531.55,5.55,1.0202,59.939,3.59,0.965
2023-01-04 01:00:00,7.5,15.22,9.56,24.78,555.55,4.46,0.9828,59.935,3.13,0.936
2023-01-04 02:00:00,8.46,21.79,9.56,31.35,404.25,7.76,1.0277,59.931,4.13,0.94
2023-01-04 03:00:00,10.8,45.32,9.56,54.88,481.73,11.39,0.997,59.928,3.94,0.925
2023-01-04 04:00:00,7.35,14.27,9.56,23.83,435.68,5.47,0.9817,59.93,3.43,0.92
2023-01-04 05:00:00,6.22,8.65,9.56,18.21,403.48,4.51,1.0195,59.956,3.41,0.978
2023-01-04 06:00:00,9.98,35.83,9.56,45.39,399.38,11.36,0.9931,59.935,3.68,0.963
2023-01-04 07:00:00,10.78,45.12,31.91,77.03,327.05,23.55,1.0128,60.025,4.1,0.959
2023-01-04 08:00:00,5.7,6.68,47.57,54.25,376.7,14.4,0.9927,60.036,3.43,0.941
2023-01-04 09:00:00,6.68,10.73,69.47,80.2,397.39,20.18,0.9968,59.912,3.59,0.92
2023-01-04 10:00:00,5.99,7.75,75.83,83.58,440.96,18.95,1.008,60.129,4.24,0.986
2023-01-04 11:00:00,7.44,14.8,95.64,110.44,396.9,27.82,1.003,59.908,3.81,0.95
2023-01-04 12:00:00,8.15,19.51,91.78,111.28,408.81,27.22,0.9574,59.844,3.92,0.945
2023-01-04 13:00:00,10.24,38.67,77.91,116.59,442.02,26.38,0.9749,60.044,4.4,0.935
2023-01-04 14:00:00,9.56,31.43,69.08,100.52,510.31,19.7,1.0166,59.921,4.06,0.92
2023-01-04 15:00:00,9.35,29.39,71.09,100.48,518.47,19.38,0.9954,60.034,3.73,0.967
2023-01-04 16:00:00,7.47,14.99,60.63,75.61,516.73,14.63,0.9881,59.759,3.98,0.924
2023-01-04 17:00:00,10.89,46.49,29.85,76.34,568.64,13.43,0.9715,60.138,3.29,0.957
2023-01-04 18:00:00,8.3,20.58,9.56,30.14,571.97,5.27,0.9779,60.062,3.84,0.964
2023-01-04 19:00:00,11.85,59.96,9.56,69.52,608.07,11.43,0.9584,59.848,3.72,0.953
2023-01-04 20:00:00,9.44,30.27,9.56,39.83,561.34,7.1,0.9973,59.848,3.96,0.957
2023-01-04 21:00:00,5.88,7.33,9.56,16.89,569.18,2.97,0.9877,60.161,4.01,0.976
2023-01-04 22:00:00,9.73,33.2,9.56,42.76,557.3,7.67,0.9799,59.923,4.08,0.932
2023-01-04 23:00:00,7.28,13.87,9.56,23.43,509.34,4.6,0.9982,59.911,4.0,0.952
2023-01-05 00:00:00,9.8,33.93,9.56,43.49,540.91,8.04,1.0065,59.77,3.67,0.943
2023-01-05 01:00:00,5.49,5.95,9.56,15.51,515.88,3.01,1.0416,59.959,3.42,0.92
2023-01-05 02:00:00,6.22,8.68,9.56,18.24,482.46,3.78,0.9694,59.972,3.54,0.955
2023-01-05 03:00:00,10.99,47.79,9.56,57.35,449.53,12.76,1.0219,60.07,3.95,0.971
2023-01-05 04:00:00,6.59,10.3,9.56,19.86,390.12,5.09,1.019,59.855,3.99,0.976
2023-01-05 05:00:00,10.86,46.1,9.56,55.66,399.37,13.94,0.983,59.847,3.49,0.983
2023-01-05 06:00:00,6.95,12.11,9.56,21.67,385.9,5.62,1.0035,60.04,4.03,0.92
2023-01-05 07:00:00,9.5,30.87,32.46,63.33,362.18,17.49,0.9891,60.102,4.16,0.977
2023-01-05 08:00:00,9.86,34.5,51.4,85.9,378.02,22.72,1.0014,59.847,4.43,0.947
2023-01-05 09:00:00,8.59,22.81,58.33,81.14,398.37,20.37,1.0281,60.111,4.29,0.976
2023-01-05 10:00:00,7.14,13.09,101.09,114.18,452.77,25.22,1.0096,60.009,3.78,0.935
2023-01-05 11:00:00,6.49,9.83,80.13,89.96,417.23,21.56,1.008,60.112,3.54,0.933
2023-01-05 12:00:00,5.23,5.16,76.34,81.49,440.31,18.51,0.9895,59.995,3.48,0.92
2023-01-05 13:00:00,7.13,13.04,95.78,108.81,454.33,23.95,0.9679,59.752,3.77,0.958
2023-01-05 14:00:00,9.57,31.57,92.17,123.75,424.74,29.13,0.9929,59.992,4.2,0.952
2023-01-05 15:00:00,11.57,55.73,55.73,111.46,507.25,21.97,1.0219,60.11,4.24,0.921
2023-01-05 16:00:00,11.1,49.21,55.55,104.76,533.83,19.62,0.9675,59.913,4.29,0.92
2023-01-05 17:00:00,10.36,40.06,31.97,72.03,626.52,11.5,0.9777,59.959,3.85,0.955
2023-01-05 18:00:00,10.52,41.9,9.56,51.46,562.66,9.15,1.0016,59.979,3.19,0.958
2023-01-05 19:00:00,9.65,32.4,9.56,41.96,587.41,7.14,0.9796,59.706,3.33,0.928
2023-01-05 20:00:00,6.82,11.43,9.56,20.99,580.71,3.61,0.9838,60.161,3.17,0.925
2023-01-05 21:00:00,11.35,52.64,9.56,62.2,543.3,11.45,0.9904,59.908,3.59,0.96
2023-01-05 22:00:00,9.7,32.81,9.56,42.37,602.71,7.03,0.972,60.047,3.64,0.985
2023-01-05 23:00:00,8.92,25.58,9.56,35.14,575.18,6.11,0.9799,59.987,3.17,0.938
2023-01-06 00:00:00,5.78,6.94,9.56,16.5,555.16,2.97,1.0138,60.12,3.41,0.932
2023-01-06 01:00:00,8.13,19.34,9.56,28.9,480.19,6.02,0.9733,60.036,3.3,0.954
2023-01-06 02:00:00,8.22,20.01,9.56,29.57,523.85,5.65,0.9675,59.972,3.76,0.961
2023-01-06 03:00:00,11.05,48.6,9.56,58.16,414.0,14.05,0.986,59.91,3.75,0.938
2023-01-06 04:00:00,8.83,24.76,9.56,34.32,449.71,7.63,1.0139,60.076,3.65,0.988
2023-01-06 05:00:00,7.66,16.2,9.56,25.76,477.24,5.4,0.9955,59.808,3.54,0.966
2023-01-06 06:00:00,11.84,59.72,9.56,69.28,366.03,18.93,0.9888,60.067,4.33,0.937
2023-01-06 07:00:00,5.78,6.93,33.79,40.72,368.83,11.04,0.9998,59.888,3.44,0.92
2023-01-06 08:00:00,7.96,18.14,51.36,69.51,385.42,18.03,0.9633,60.127,3.88,0.971
2023-01-06 09:00:00,5.29,5.34,61.69,67.03,370.71,18.08,1.0081,60.018,4.1,0.968
2023-01-06 10:00:00,10.18,37.97,87.74,125.71,349.22,36.0,1.0041,60.075,4.28,0.933
2023-01-06 11:00:00,11.43,53.71,81.86,135.57,413.58,32.78,0.9885,60.017,4.58,0.947
2023-01-06 12:00:00,6.96,12.14,98.28,110.42,400.23,27.59,1.0174,59.831,3.93,0.939
2023-01-06 13:00:00,11.01,48.03,86.25,134.27,470.27,28.55,0.9746,59.921,4.03,0.952
2023-01-06 14:00:00,7.05,12.59,95.49,108.08,454.18,23.8,1.0202,60.072,3.56,0.922
2023-01-06 15:00:00,11.38,52.99,79.63,132.62,553.97,23.94,1.0007,60.021,4.09,0.92
2023-01-06 16:00:00,10.28,39.08,51.78,90.86,507.94,17.89,0.9915,60.12,3.65,0.961
2023-01-06 17:00:00,10.63,43.29,30.02,73.31,542.34,13.52,0.9983,60.04,3.43,0.965
2023-01-06 18:00:00,5.13,4.85,9.56,14.41,592.2,2.43,0.9976,59.897,3.59,0.939
2023-01-06 19:00:00,11.74,58.25,9.56,67.81,540.79,12.54,1.0232,59.919,3.78,0.931
2023-01-06 20:00:00,10.09,36.94,9.56,46.5,587.92,7.91,0.9777,60.007,3.23,0.971
2023-01-06 21:00:00,7.13,13.07,9.56,22.63,616.93,3.67,0.9844,59.763,3.77,0.935
2023-01-06 22:00:00,10.81,45.42,9.56,54.98,519.57,10.58,1.0197,60.165,3.84,0.948
2023-01-06 23:00:00,6.97,12.19,9.56,21.75,557.54,3.9,0.9877,60.039,3.27,0.947
2023-01-07 00:00:00,11.11,49.36,9.56,58.92,459.01,12.84,1.0167,60.122,3.73,0.92
2023-01-07 01:00:00,5.79,6.98,9.56,16.54,454.33,3.64,1.0336,59.836,3.79,0.953
2023-01-07 02:00:00,9.93,35.2,9.56,44.76,371.94,12.04,0.9908,60.123,3.77,0.948
2023-01-07 03:00:00,8.78,24.41,9.56,33.97,347.6,9.77,1.0127,60.221,3.59,0.954
2023-01-07 04:00:00,5.68,6.58,9.56,16.14,382.53,4.22,0.9765,59.863,3.41,0.952
2023-01-07 05:00:00,6.69,10.79,9.56,20.35,358.32,5.68,1.0145,60.072,3.72,0.99
2023-01-07 06:00:00,5.09,4.74,9.56,14.3,343.52,4.16,1.0036,59.995,4.02,0.972
2023-01-07 07:00:00,8.28,20.45,31.26,51.71,337.97,15.3,1.0079,59.846,3.98,0.946
2023-01-07 08:00:00,7.11,12.93,48.15,61.08,304.3,20.07,0.9851,60.052,3.48,0.947
2023-01-07 09:00:00,9.19,27.93,83.17,111.1,334.55,33.21,0.9635,60.092,4.12,0.975
2023-01-07 10:00:00,7.08,12.78,69.55,82.33,344.8,23.88,1.0077,59.944,4.37,0.96
2023-01-07 11:00:00,7.1,12.88,110.16,123.05,327.98,37.52,0.955,60.128,3.84,0.92
2023-01-07 12:00:00,10.2,38.23,103.02,141.25,422.85,33.4,0.9903,59.843,4.66,0.959
2023-01-07 13:00:00,5.34,5.47,93.54,99.01,401.43,24.66,1.0164,59.855,4.44,0.967
2023-01-07 14:00:00,11.32,52.22,66.36,118.59,373.3,31.77,1.0007,60.022,3.71,0.973
2023-01-07 15:00:00,10.97,47.47,69.34,116.81,450.57,25.93,1.0364,60.008,4.45,0.934
2023-01-07 16:00:00,9.67,32.6,50.38,82.98,421.97,19.66,1.0185,59.931,3.76,0.935
2023-01-07 17:00:00,9.15,27.6,27.96,55.56,492.29,11.29,0.9858,60.079,4.07,0.928
2023-01-07 18:00:00,11.25,51.2,9.56,60.76,516.84,11.76,0.9994,60.051,3.65,0.953
2023-01-07 19:00:00,6.3,8.99,9.56,18.55,465.89,3.98,0.9987,60.08,3.52,0.963
2023-01-07 20:00:00,5.55,6.16,9.56,15.72,522.28,3.01,0.9681,59.982,3.69,0.939
2023-01-07 21:00:00,6.68,10.71,9.56,20.27,502.89,4.03,0.9808,60.055,3.86,0.946
2023-01-07 22:00:00,10.56,42.42,9.56,51.98,506.75,10.26,0.9878,59.953,3.24,0.92
2023-01-07 23:00:00,5.24,5.19,9.56,14.75,525.58,2.81,0.959,60.199,3.65,0.979
2023-01-08 00:00:00,9.08,26.95,9.56,36.51,443.35,8.23,1.0001,59.915,3.35,0.92
2023-01-08 01:00:00,11.97,61.71,9.56,71.27,407.78,17.48,0.9933,60.212,3.7,0.952
2023-01-08 02:00:00,10.99,47.78,9.56,57.34,381.9,15.02,0.965,60.003,3.65,0.95
2023-01-08 03:00:00,8.65,23.3,9.56,32.86,362.31,9.07,1.0072,59.859,3.65,0.948
2023-01-08 04:00:00,5.45,5.81,9.56,15.37,364.15,4.22,1.0139,60.131,3.42,0.95
2023-01-08 05:00:00,10.82,45.6,9.56,55.16,359.25,15.35,1.003,60.013,3.41,0.925
2023-01-08 06:00:00,9.19,27.97,9.56,37.53,343.93,10.91,0.9924,60.083,3.36,0.94
2023-01-08 07:00:00,5.8,7.04,30.69,37.73,352.03,10.72,1.0108,60.12,3.25,0.966
2023-01-08 08:00:00,5.66,6.52,59.6,66.12,324.73,20.36,1.0116,60.036,3.88,0.969
2023-01-08 09:00:00,11.37,52.88,79.76,132.64,370.82,35.77,1.0026,59.951,4.67,0.931
2023-01-08 10:00:00,9.68,32.7,88.0,120.7,327.69,36.83,0.9798,60.108,3.85,0.92
2023-01-08 11:00:00,10.81,45.41,87.17,132.59,430.62,30.79,1.0025,60.008,4.56,0.925
2023-01-08 12:00:00,11.15,49.94,84.84,134.79,385.23,34.99,1.0204,60.079,4.43,0.977
2023-01-08 13:00:00,9.0,26.27,76.09,102.35,361.07,28.35,0.9852,59.791,4.2,0.927
2023-01-08 14:00:00,8.62,23.08,78.46,101.53,376.46,26.97,1.0393,60.051,4.18,0.94
2023-01-08 15:00:00,8.01,18.52,67.58,86.1,444.86,19.35,0.9876,59.938,4.21,0.973
2023-01-08 16:00:00,7.22,13.54,56.22,69.76,444.0,15.71,0.9991,60.166,3.42,0.935
2023-01-08 17:00:00,8.04,18.73,33.52,52.24,489.58,10.67,0.9855,60.06,3.72,0.943
2023-01-08 18:00:00,10.42,40.7,9.56,50.26,495.74,10.14,1.0035,60.022,3.9,0.963
2023-01-08 19:00:00,9.21,28.16,9.56,37.72,487.77,7.73,0.9644,60.045,3.74,0.982
2023-01-08 20:00:00,11.25,51.23,9.56,60.79,467.43,13.0,0.9878,59.899,4.09,0.933
2023-01-08 21:00:00,8.1,19.16,9.56,28.72,444.51,6.46,0.9775,60.158,3.2,0.976
2023-01-08 22:00:00,9.25,28.49,9.56,38.05,468.15,8.13,1.0019,60.196,3.85,0.942
2023-01-08 23:00:00,9.42,30.08,9.56,39.64,493.85,8.03,1.0191,60.036,3.69,0.93
2023-01-09 00:00:00,9.14,27.5,9.56,37.06,536.07,6.91,1.0122,60.155,3.52,0.953
2023-01-09 01:00:00,9.92,35.13,9.56,44.69,468.4,9.54,0.9516,59.94,3.53,0.924
2023-01-09 02:00:00,6.66,10.64,9.56,20.2,485.35,4.16,1.0404,59.915,3.7,0.958
2023-01-09 03:00:00,8.59,22.79,9.56,32.35,466.09,6.94,1.0052,60.0,4.03,0.99
2023-01-09 04:00:00,5.73,6.77,9.56,16.33,404.13,4.04,0.9841,60.038,3.58,0.971
2023-01-09 05:00:00,7.69,16.38,9.56,25.94,414.76,6.25,1.0025,59.956,3.95,0.946
2023-01-09 06:00:00,8.41,21.44,9.56,31.0,396.16,7.83,1.0027,60.05,3.56,0.969
2023-01-09 07:00:00,9.57,31.51,36.91,68.42,350.23,19.53,0.9847,60.033,3.49,0.926
2023-01-09 08:00:00,11.65,56.98,46.53,103.51,391.88,26.41,1.0013,59.906,3.59,0.927
2023-01-09 09:00:00,9.2,28.07,82.08,110.16,401.35,27.45,0.9851,60.058,3.6,0.94
2023-01-09 10:00:00,10.21,38.26,100.18,138.44,426.91,32.43,0.9887,60.095,4.03,0.942
2023-01-09 11:00:00,8.54,22.45,109.89,132.34,441.76,29.96,0.9833,60.025,3.94,0.92
2023-01-09 12:00:00,9.44,30.27,101.35,131.62,389.32,33.81,0.968,60.125,4.39,0.934
2023-01-09 13:00:00,5.5,5.98,97.99,103.96,426.39,24.38,1.0005,59.883,4.23,0.94
2023-01-09 14:00:00,6.78,11.22,80.41,91.63,495.6,18.49,1.0099,60.049,3.42,0.975
2023-01-09 15:00:00,7.53,15.39,78.02,93.41,521.19,17.92,1.0085,59.884,3.58,0.92
2023-01-09 16:00:00,8.31,20.64,53.22,73.86,545.1,13.55,1.015,59.888,3.55,0.92
2023-01-09 17:00:00,5.32,5.42,33.78,39.2,665.74,5.89,1.0059,59.932,3.67,0.952
2023-01-09 18:00:00,5.98,7.7,9.56,17.26,583.01,2.96,0.989,59.9,3.2,0.972
2023-01-09 19:00:00,6.94,12.02,9.56,21.58,609.84,3.54,1.0164,59.939,3.2,0.96
2023-01-09 20:00:00,11.8,59.16,9.56,68.72,607.77,11.31,0.9717,59.977,4.17,0.953
2023-01-09 21:00:00,7.32,14.12,9.56,23.68,595.32,3.98,0.9816,60.078,3.88,0.943
2023-01-09 22:00:00,8.37,21.14,9.56,30.7,556.43,5.52,0.9802,59.963,3.29,0.962
2023-01-09 23:00:00,6.37,9.32,9.56,18.88,572.92,3.29,1.0213,59.836,3.47,0.966
2023-01-10 00:00:00,9.28,28.73,9.56,38.29,505.87,7.57,1.0181,60.11,3.51,0.943
2023-01-10 01:00:00,6.96,12.16,9.56,21.72,498.1,4.36,1.0093,59.911,3.88,0.93
2023-01-10 02:00:00,6.45,9.66,9.56,19.22,465.05,4.13,1.021,59.989,3.59,0.93
2023-01-10 03:00:00,8.62,23.03,9.56,32.59,456.47,7.14,0.9817,60.041,3.27,0.965
2023-01-10 04:00:00,5.04,4.6,9.56,14.16,499.61,2.84,1.0067,60.014,3.8,0.92
2023-01-10 05:00:00,5.05,4.65,9.56,14.21,353.67,4.02,0.9971,60.104,3.48,0.982
2023-01-10 06:00:00,6.53,10.04,9.56,19.6,414.56,4.73,1.0165,60.043,3.36,0.939
2023-01-10 07:00:00,5.26,5.23,32.02,37.25,335.71,11.09,0.9966,59.912,3.6,0.953
2023-01-10 08:00:00,5.76,6.87,48.51,55.38,366.56,15.11,0.9908,60.218,3.8,0.96
2023-01-10 09:00:00,7.37,14.42,72.7,87.13,416.76,20.91,1.0087,60.022,3.76,0.93
2023-01-10 10:00:00,10.62,43.1,77.65,120.75,395.9,30.5,1.0145,59.993,3.85,0.932
2023-01-10 11:00:00,9.0,26.28,73.61,99.89,377.35,26.47,0.984,60.102,3.93,0.945
2023-01-10 12:00:00,8.59,22.81,85.89,108.7,408.71,26.6,0.9961,60.031,3.55,0.925
2023-01-10 13:00:00,7.05,12.64,72.24,84.88,474.4,17.89,0.977,60.041,4.13,0.923
2023-01-10 14:00:00,11.52,55.07,102.02,157.09,457.7,34.32,0.9466,60.259,3.86,0.92
2023-01-10 15:00:00,7.78,16.95,84.67,101.61,511.7,19.86,1.002,59.975,3.44,0.968
2023-01-10 16:00:00,5.61,6.35,50.38,56.73,530.42,10.7,1.0111,59.966,3.87,0.955
2023-01-10 17:00:00,9.32,29.14,34.4,63.54,529.99,11.99,1.004,60.01,4.01,0.931
2023-01-10 18:00:00,5.8,7.01,9.56,16.57,629.57,2.63,0.9607,60.101,3.87,0.967
2023-01-10 19:00:00,7.42,14.69,9.56,24.25,594.15,4.08,0.9926,59.844,3.58,0.934
2023-01-10 20:00:00,8.55,22.52,9.56,32.08,517.75,6.2,0.955,59.799,3.33,0.92
2023-01-10 21:00:00,11.12,49.5,9.56,59.06,580.72,10.17,1.0264,59.939,3.94,0.961
2023-01-10 22:00:00,8.45,21.76,9.56,31.32,545.4,5.74,0.9777,59.832,3.81,0.981
2023-01-10 23:00:00,9.92,35.1,9.56,44.66,575.11,7.77,1.0243,59.954,3.4,0.959
2023-01-11 00:00:00,11.95,61.43,9.56,70.99,504.69,14.07,1.0175,60.05,4.18,0.92
2023-01-11 01:00:00,5.92,7.47,9.56,17.03,501.2,3.4,0.9816,59.905,3.17,0.949
2023-01-11 02:00:00,6.92,11.95,9.56,21.51,494.22,4.35,0.9769,59.852,4.07,0.943
2023-01-11 03:00:00,7.76,16.84,9.56,26.4,479.48,5.51,1.0065,60.002,3.97,0.956
2023-01-11 04:00:00,7.95,18.11,9.56,27.67,393.67,7.03,0.9824,60.082,3.83,0.931
2023-01-11 05:00:00,7.88,17.6,9.56,27.16,399.19,6.8,1.0014,59.826,4.07,0.941
2023-01-11 06:00:00,11.35,52.68,9.56,62.24,379.28,16.41,0.9887,60.083,4.05,0.92
2023-01-11 07:00:00,10.0,35.98,36.81,72.79,364.06,19.99,0.9624,60.084,3.59,0.948
2023-01-11 08:00:00,9.26,28.54,45.85,74.39,433.26,17.17,0.9537,60.096,3.79,0.92
2023-01-11 09:00:00,7.17,13.25,74.36,87.6,395.81,22.13,1.0023,60.125,3.51,0.952
2023-01-11 10:00:00,10.77,44.93,73.96,118.89,355.7,33.43,0.9854,60.229,4.06,0.925
2023-01-11 11:00:00,11.69,57.44,84.92,142.36,436.76,32.59,0.9857,59.973,4.39,0.92
2023-01-11 12:00:00,10.75,44.7,97.91,142.61,493.35,28.91,1.011,60.018,3.96,0.957
2023-01-11 13:00:00,5.01,4.53,89.51,94.03,484.48,19.41,1.0215,59.961,3.72,0.954
2023-01-11 14:00:00,9.45,30.43,71.63,102.06,433.49,23.54,0.9922,60.004,4.07,0.97
2023-01-11 15:00:00,5.36,5.54,60.57,66.1,490.11,13.49,0.9918,60.153,4.14,0.92
2023-01-11 16:00:00,6.8,11.34,50.96,62.3,566.47,11.0,1.0089,59.863,3.27,0.934
2023-01-11 17:00:00,5.42,5.72,34.78,40.5,527.69,7.68,0.9721,59.91,3.54,0.95
2023-01-11 18:00:00,9.23,28.28,9.56,37.84,577.93,6.55,1.0038,60.133,3.29,0.959
2023-01-11 19:00:00,9.81,33.95,9.56,43.51,597.72,7.28,1.0103,60.098,3.84,0.92
2023-01-11 20:00:00,5.8,7.03,9.56,16.59,550.04,3.02,1.0133,59.958,3.17,0.958
2023-01-11 21:00:00,7.69,16.35,9.56,25.91,572.7,4.52,0.9608,60.08,3.76,0.937
2023-01-11 22:00:00,8.19,19.8,9.56,29.36,467.38,6.28,0.9841,60.03,3.41,0.92
2023-01-11 23:00:00,7.58,15.7,9.56,25.26,518.19,4.87,0.9819,60.145,3.3,0.934
2023-01-12 00:00:00,5.85,7.2,9.56,16.76,520.29,3.22,1.0017,60.002,4.0,0.959
2023-01-12 01:00:00,7.93,17.97,9.56,27.53,466.64,5.9,1.009,60.098,3.14,0.92
2023-01-12 02:00:00,10.26,38.86,9.56,48.42,527.51,9.18,1.029,60.261,3.62,0.96
2023-01-12 03:00:00,5.5,5.98,9.56,15.54,410.09,3.79,0.9897,60.054,3.1,0.955
2023-01-12 04:00:00,5.56,6.19,9.56,15.75,416.0,3.79,0.9897,59.999,3.56,0.944
2023-01-12 05:00:00,7.48,15.09,9.56,24.65,412.69,5.97,1.0224,60.068,3.62,0.92
2023-01-12 06:00:00,11.59,56.08,9.56,65.64,436.32,15.04,1.0044,59.963,3.62,0.92
2023-01-12 07:00:00,9.68,32.65,28.95,61.6,340.15,18.11,1.0235,60.24,3.49,0.937
2023-01-12 08:00:00,9.75,33.37,60.79,94.17,414.76,22.7,1.0035,60.022,3.83,0.921
2023-01-12 09:00:00,7.53,15.39,83.79,99.18,383.54,25.86,0.9743,59.978,4.19,0.936
2023-01-12 10:00:00,9.16,27.63,81.48,109.11,363.64,30.01,0.9703,59.924,4.38,0.959
2023-01-12 11:00:00,5.07,4.69,74.36,79.05,422.63,18.71,0.9671,60.112,3.9,0.939
2023-01-12 12:00:00,9.45,30.41,76.16,106.57,435.17,24.49,1.0108,60.091,4.08,0.937
2023-01-12 13:00:00,11.39,53.24,96.23,149.47,434.99,34.36,1.0203,59.96,3.89,0.934
2023-01-12 14:00:00,9.29,28.85,80.48,109.33,480.63,22.75,1.0347,60.062,3.74,0.963
2023-01-12 15:00:00,11.12,49.45,56.32,105.77,492.51,21.48,1.0147,59.852,3.59,0.969
2023-01-12 16:00:00,10.07,36.74,54.62,91.36,531.27,17.2,1.0215,60.02,3.59,0.953
2023-01-12 17:00:00,5.84,7.18,26.48,33.67,568.17,5.93,0.9878,60.041,3.34,0.951
2023-01-12 18:00:00,11.32,52.18,9.56,61.74,611.56,10.1,0.9759,60.168,3.72,0.952
2023-01-12 19:00:00,5.47,5.88,9.56,15.44,536.7,2.88,1.0167,59.917,3.62,0.978
2023-01-12 20:00:00,8.74,24.02,9.56,33.58,641.19,5.24,1.0078,59.867,4.05,0.958
2023-01-12 21:00:00,5.99,7.76,9.56,17.32,515.28,3.36,1.0018,59.905,3.26,0.979
2023-01-12 22:00:00,5.08,4.72,9.56,14.28,559.43,2.55,1.0075,59.86,3.69,0.941
2023-01-12 23:00:00,7.95,18.12,9.56,27.68,565.95,4.89,1.006,60.129,3.92,0.922
2023-01-13 00:00:00,7.07,12.7,9.56,22.26,535.7,4.15,1.0253,60.149,3.64,0.935
2023-01-13 01:00:00,8.4,21.35,9.56,30.91,484.82,6.38,1.0253,60.028,3.38,0.937
2023-01-13 02:00:00,9.04,26.6,9.56,36.16,471.75,7.66,1.0101,60.118,3.42,0.98
2023-01-13 03:00:00,5.31,5.38,9.56,14.94,437.7,3.41,1.0166,60.008,3.11,0.964
2023-01-13 04:00:00,5.86,7.25,9.56,16.81,411.04,4.09,1.0099,59.985,3.39,0.936
2023-01-13 05:00:00,8.91,25.47,9.56,35.03,433.79,8.07,0.99,59.963,3.91,0.964
2023-01-13 06:00:00,7.4,14.6,9.56,24.16,403.35,5.99,1.0145,59.964,3.17,0.946
2023-01-13 07:00:00,10.1,37.14,26.96,64.1,362.01,17.71,0.9703,59.847,3.57,0.977
2023-01-13 08:00:00,9.57,31.51,51.32,82.83,406.43,20.38,1.019,60.029,4.11,0.937
2023-01-13 09:00:00,10.92,46.87,81.07,127.93,392.02,32.64,0.9728,60.005,4.44,0.92
2023-01-13 10:00:00,9.85,34.38,96.13,130.51,417.03,31.3,1.0026,60.083,4.08,0.937
2023-01-13 11:00:00,8.01,18.5,81.77,100.27,427.19,23.47,0.9807,60.014,4.17,0.936
2023-01-13 12:00:00,9.71,32.97,84.4,117.36,403.85,29.06,1.0082,59.991,3.97,0.92
2023-01-13 13:00:00,6.93,11.97,106.61,118.58,435.68,27.22,0.9966,59.919,3.7,0.954
2023-01-13 14:00:00,7.14,13.13,100.82,113.94,500.41,22.77,0.9658,60.011,3.85,0.972
2023-01-13 15:00:00,10.52,41.95,58.47,100.42,521.81,19.24,1.0065,60.076,3.96,0.922
2023-01-13 16:00:00,8.12,19.31,51.83,71.14,526.65,13.51,0.9871,59.885,4.22,0.965
2023-01-13 17:00:00,10.59,42.74,30.18,72.92,551.2,13.23,1.0163,60.008,3.33,0.934
2023-01-13 18:00:00,10.76,44.81,9.56,54.37,601.68,9.04,0.9991,60.02,3.69,0.947
2023-01-13 19:00:00,11.0,47.95,9.56,57.51,555.44,10.35,1.0069,59.926,3.54,0.944
2023-01-13 20:00:00,11.42,53.57,9.56,63.13,592.96,10.65,0.9798,59.939,3.72,0.946
2023-01-13 21:00:00,8.02,18.55,9.56,28.11,567.13,4.96,0.9877,60.018,3.12,0.958
2023-01-13 22:00:00,7.23,13.62,9.56,23.18,556.82,4.16,0.9904,59.881,3.4,0.928
2023-01-13 23:00:00,9.08,26.91,9.56,36.47,580.65,6.28,1.0165,60.031,3.95,0.974
2023-01-14 00:00:00,7.6,15.79,9.56,25.35,472.44,5.37,1.033,59.906,3.66,0.958
2023-01-14 01:00:00,9.21,28.1,9.56,37.66,451.9,8.33,0.9831,60.103,3.62,0.964
2023-01-14 02:00:00,9.94,35.35,9.56,44.91,445.0,10.09,1.0205,60.231,3.49,0.931
2023-01-14 03:00:00,9.82,34.08,9.56,43.64,384.81,11.34,0.9555,59.912,3.52,0.924
2023-01-14 04:00:00,7.62,15.94,9.56,25.5,384.46,6.63,0.9755,60.049,3.52,0.972
2023-01-14 05:00:00,6.17,8.45,9.56,18.01,337.36,5.34,0.9803,59.922,3.94,0.925
2023-01-14 06:00:00,8.01,18.53,9.56,28.09,343.1,8.19,0.9721,60.101,4.13,0.951
2023-01-14 07:00:00,6.0,7.77,34.98,42.75,321.11,13.31,0.967,59.873,3.7,0.966
2023-01-14 08:00:00,11.23,50.99,45.49,96.49,325.07,29.68,1.0053,60.055,3.99,0.939
2023-01-14 09:00:00,7.42,14.71,60.23,74.95,342.87,21.86,0.9935,59.916,4.28,0.967
2023-01-14 10:00:00,6.08,8.1,76.1,84.19,308.82,27.26,1.0049,59.985,3.97,0.936
2023-01-14 11:00:00,5.18,5.0,87.67,92.67,409.44,22.63,1.0115,59.901,4.0,0.92
2023-01-14 12:00:00,9.52,31.07,92.48,123.55,333.82,37.01,1.0016,60.093,3.97,0.946
2023-01-14 13:00:00,9.46,30.46,101.04,131.5,347.75,37.82,1.0094,59.928,4.5,0.943
2023-01-14 14:00:00,7.38,14.49,68.14,82.63,440.58,18.76,0.9967,60.057,3.91,0.99
2023-01-14 15:00:00,5.5,6.0,56.71,62.71,451.24,13.9,0.9749,59.965,4.09,0.927
2023-01-14 16:00:00,7.87,17.53,50.66,68.19,466.4,14.62,1.0197,59.988,4.07,0.941
2023-01-14 17:00:00,7.18,13.32,34.27,47.59,483.86,9.83,0.9872,60.012,3.41,0.932
2023-01-14 18:00:00,9.74,33.26,9.56,42.82,477.94,8.96,0.9804,59.921,3.89,0.944
2023-01-14 19:00:00,9.24,28.4,9.56,37.96,459.75,8.26,0.9956,60.018,3.97,0.944
2023-01-14 20:00:00,7.55,15.51,9.56,25.07,491.79,5.1,0.9812,60.148,3.45,0.931
2023-01-14 21:00:00,6.53,10.0,9.56,19.56,466.35,4.19,0.9912,59.917,3.26,0.958
2023-01-14 22:00:00,11.92,60.91,9.56,70.47,507.56,13.89,1.0055,60.117,3.28,0.942
2023-01-14 23:00:00,8.18,19.69,9.56,29.25,460.59,6.35,1.0063,60.145,3.58,0.975
2023-01-15 00:00:00,9.82,34.07,9.56,43.63,422.41,10.33,0.981,59.916,3.56,0.934
2023-01-15 01:00:00,5.98,7.71,9.56,17.27,417.37,4.14,0.9898,59.849,3.64,0.986
2023-01-15 02:00:00,8.4,21.33,9.56,30.89,417.77,7.39,1.0207,60.026,3.34,0.953
2023-01-15 03:00:00,5.19,5.04,9.56,14.6,366.83,3.98,1.0095,59.94,3.94,0.974
2023-01-15 04:00:00,8.54,22.41,9.56,31.97,338.92,9.43,1.0406,60.184,3.45,0.949
2023-01-15 05:00:00,11.75,58.37,9.56,67.93,353.59,19.21,1.0217,60.006,3.61,0.929
2023-01-15 06:00:00,7.69,16.37,9.56,25.93,340.34,7.62,1.0221,59.916,3.63,0.942
2023-01-15 07:00:00,5.27,5.28,30.94,36.22,309.44,11.7,0.9711,59.884,3.73,0.92
2023-01-15 08:00:00,5.22,5.11,45.62,50.73,307.66,16.49,1.0136,60.11,3.54,0.943
2023-01-15 09:00:00,7.72,16.54,78.47,95.01,331.61,28.65,0.9961,59.95,3.84,0.945
2023-01-15 10:00:00,6.12,8.25,79.72,87.97,289.55,30.38,0.9859,60.012,3.78,0.942
2023-01-15 11:00:00,5.16,4.96,100.89,105.84,304.05,34.81,0.9999,60.105,4.41,0.966
2023-01-15 12:00:00,10.29,39.26,86.66,125.93,342.03,36.82,1.0152,59.962,4.51,0.936
2023-01-15 13:00:00,8.21,19.92,76.07,95.99,377.34,25.44,1.0075,60.001,3.97,0.92
2023-01-15 14:00:00,7.02,12.48,103.56,116.04,414.71,27.98,0.9796,60.005,4.27,0.99
2023-01-15 15:00:00,11.3,51.95,60.56,112.51,471.27,23.87,1.0125,60.073,4.21,0.929
2023-01-15 16:00:00,5.81,7.07,63.74,70.81,472.9,14.97,0.9858,60.059,3.44,0.965
2023-01-15 17:00:00,11.69,57.53,37.48,95.01,459.68,20.67,1.0023,59.981,4.38,0.92
2023-01-15 18:00:00,7.2,13.42,9.56,22.98,477.19,4.82,0.9935,60.001,3.92,0.953
2023-01-15 19:00:00,11.22,50.83,9.56,60.39,456.04,13.24,0.9943,59.962,3.47,0.93
2023-01-15 20:00:00,9.22,28.22,9.56,37.78,488.41,7.74,1.0146,59.849,3.34,0.92
2023-01-15 21:00:00,10.79,45.19,9.56,54.75,477.45,11.47,0.978,60.024,3.35,0.941
2023-01-15 22:00:00,11.89,60.48,9.56,70.04,487.45,14.37,1.0375,60.189,3.43,0.945
2023-01-15 23:00:00,7.02,12.45,9.56,22.01,439.66,5.01,0.9631,59.907,3.85,0.944
2023-01-16 00:00:00,11.73,58.07,9.56,67.63,541.07,12.5,0.9868,59.921,3.72,0.951
2023-01-16 01:00:00,7.73,16.6,9.56,26.16,547.78,4.78,1.0069,59.908,3.88,0.943
2023-01-16 02:00:00,7.7,16.43,9.56,25.99,473.11,5.49,1.0111,60.068,3.86,0.95
2023-01-16 03:00:00,7.38,14.49,9.56,24.05,463.01,5.19,0.9975,60.04,3.71,0.952
2023-01-16 04:00:00,8.79,24.45,9.56,34.01,447.97,7.59,0.9981,59.98,3.84,0.947
2023-01-16 05:00:00,6.08,8.09,9.56,17.65,394.89,4.47,1.0078,59.903,3.11,0.945
2023-01-16 06:00:00,8.88,25.17,9.56,34.73,398.04,8.73,0.9945,60.006,3.49,0.93
2023-01-16 07:00:00,8.79,24.47,37.06,61.52,381.88,16.11,1.0263,59.844,3.96,0.957
2023-01-16 08:00:00,10.33,39.72,57.32,97.05,381.09,25.47,1.0142,60.02,3.52,0.937
2023-01-16 09:00:00,10.84,45.8,81.25,127.05,358.31,35.46,1.0139,60.097,3.74,0.932
2023-01-16 10:00:00,8.08,19.01,87.27,106.28,392.05,27.11,0.978,59.881,4.39,0.952
2023-01-16 11:00:00,7.12,12.97,105.64,118.62,421.86,28.12,0.9956,59.853,4.25,0.946
2023-01-16 12:00:00,6.82,11.4,75.72,87.12,470.8,18.5,0.9921,60.16,3.64,0.93
2023-01-16 13:00:00,6.36,9.27,107.28,116.55,479.73,24.3,0.9775,59.943,4.17,0.968
2023-01-16 14:00:00,5.4,5.68,67.76,73.44,540.97,13.58,1.0058,60.113,4.06,0.922
2023-01-16 15:00:00,7.4,14.57,83.31,97.88,478.78,20.44,0.9872,59.987,3.72,0.923
2023-01-16 16:00:00,6.89,11.78,63.93,75.72,551.66,13.73,1.0117,59.983,3.31,0.959
2023-01-16 17:00:00,11.76,58.62,29.82,88.45,551.33,16.04,0.977,60.044,4.25,0.98
2023-01-16 18:00:00,8.9,25.41,9.56,34.97,627.13,5.58,1.0338,59.907,3.46,0.937
2023-01-16 19:00:00,7.43,14.77,9.56,24.33,547.0,4.45,0.9816,60.008,3.2,0.957
2023-01-16 20:00:00,9.06,26.8,9.56,36.36,549.41,6.62,1.0037,59.958,3.62,0.924
2023-01-16 21:00:00,5.97,7.68,9.56,17.24,553.27,3.12,1.0155,59.862,3.83,0.93
2023-01-16 22:00:00,8.11,19.19,9.56,28.75,497.72,5.78,0.988,60.029,3.34,0.971
2023-01-16 23:00:00,9.38,29.75,9.56,39.31,530.06,7.42,1.0163,59.97,3.42,0.955
2023-01-17 00:00:00,8.42,21.51,9.56,31.07,502.12,6.19,0.9748,59.98,3.37,0.971
2023-01-17 01:00:00,7.81,17.17,9.56,26.73,505.74,5.28,1.0285,59.874,4.1,0.97
2023-01-17 02:00:00,11.96,61.54,9.56,71.1,486.09,14.63,0.9988,60.159,3.49,0.92
2023-01-17 03:00:00,11.16,50.07,9.56,59.63,506.73,11.77,0.9869,60.086,3.81,0.923
2023-01-17 04:00:00,9.36,29.56,9.56,39.12,455.3,8.59,0.9932,60.093,4.1,0.953
2023-01-17 05:00:00,8.99,26.12,9.56,35.68,389.16,9.17,1.0153,59.967,3.33,0.92
2023-01-17 06:00:00,9.34,29.38,9.56,38.94,363.92,10.7,0.9872,59.825,4.18,0.926
2023-01-17 07:00:00,6.41,9.48,34.26,43.74,395.83,11.05,0.9839,60.193,4.17,0.975
2023-01-17 08:00:00,7.77,16.86,54.94,71.8,338.12,21.24,0.9934,59.997,4.31,0.933
2023-01-17 09:00:00,5.28,5.29,69.21,74.5,436.01,17.09,0.9748,59.926,3.56,0.959
2023-01-17 10:00:00,8.33,20.8,76.82,97.62,426.26,22.9,1.0341,60.046,4.09,0.943
2023-01-17 11:00:00,8.8,24.54,105.39,129.93,392.39,33.11,0.9854,60.126,4.42,0.926
2023-01-17 12:00:00,6.59,10.32,85.05,95.38,375.39,25.41,1.0141,60.003,4.49,0.92
2023-01-17 13:00:00,11.75,58.37,102.17,160.54,491.06,32.69,1.0009,60.137,3.83,0.945
2023-01-17 14:00:00,11.37,52.86,75.21,128.07,472.4,27.11,0.9776,60.114,4.31,0.971
2023-01-17 15:00:00,10.06,36.6,75.28,111.88,538.37,20.78,0.9978,59.895,3.75,0.931
2023-01-17 16:00:00,8.73,23.98,58.69,82.68,477.06,17.33,1.0139,59.934,3.52,0.946
2023-01-17 17:00:00,11.09,49.1,29.01,78.11,527.23,14.82,0.9948,60.096,3.72,0.92
2023-01-17 18:00:00,5.91,7.45,9.56,17.01,560.96,3.03,1.0236,59.723,3.85,0.936
2023-01-17 19:00:00,10.53,42.08,9.56,51.64,572.02,9.03,1.0195,59.982,3.65,0.954
2023-01-17 20:00:00,5.87,7.3,9.56,16.86,560.45,3.01,1.0181,59.851,3.6,0.964
2023-01-17 21:00:00,10.56,42.39,9.56,51.95,589.29,8.82,0.9899,59.949,4.17,0.958
2023-01-17 22:00:00,6.93,11.98,9.56,21.54,528.78,4.07,0.978,59.965,3.48,0.92
2023-01-17 23:00:00,11.14,49.76,9.56,59.32,540.94,10.97,0.9866,59.962,3.83,0.938
2023-01-18 00:00:00,11.61,56.31,9.56,65.87,527.91,12.48,1.0027,59.944,3.61,0.927
2023-01-18 01:00:00,6.04,7.94,9.56,17.5,516.1,3.39,1.0106,59.884,3.46,0.943
2023-01-18 02:00:00,8.24,20.13,9.56,29.69,496.65,5.98,0.956,60.225,3.82,0.946
2023-01-18 03:00:00,11.87,60.16,9.56,69.72,416.2,16.75,0.9982,60.188,4.27,0.966
2023-01-18 04:00:00,8.38,21.21,9.56,30.77,380.28,8.09,1.0024,59.88,3.7,0.953
2023-01-18 05:00:00,11.04,48.5,9.56,58.06,444.33,13.07,0.9931,60.157,4.03,0.974
2023-01-18 06:00:00,9.12,27.32,9.56,36.88,400.4,9.21,1.0249,59.957,3.27,0.933
2023-01-18 07:00:00,7.63,15.97,29.51,45.48,358.18,12.7,1.0072,60.012,3.47,0.92
2023-01-18 08:00:00,7.0,12.35,43.04,55.39,423.83,13.07,1.0249,59.993,3.76,0.975
2023-01-18 09:00:00,6.42,9.54,75.61,85.15,384.11,22.17,0.9935,59.938,3.46,0.952
2023-01-18 10:00:00,10.33,39.71,82.67,122.39,425.81,28.74,1.0159,60.105,3.83,0.927
2023-01-18 11:00:00,7.71,16.47,96.26,112.73,408.03,27.63,1.0299,60.019,4.07,0.95
2023-01-18 12:00:00,8.58,22.73,82.95,105.68,488.12,21.65,1.0241,59.956,3.45,0.96
2023-01-18 13:00:00,8.45,21.69,85.59,107.28,502.6,21.34,0.976,59.873,3.69,0.946
2023-01-18 14:00:00,9.04,26.6,91.69,118.29,467.83,25.28,0.9924,59.916,4.02,0.928
2023-01-18 15:00:00,11.06,48.69,85.96,134.65,529.81,25.41,0.9906,59.841,4.08,0.934
2023-01-18 16:00:00,11.87,60.13,43.53,103.67,543.66,19.07,1.0079,60.003,4.31,0.95
2023-01-18 17:00:00,7.85,17.44,36.67,54.11,585.66,9.24,1.0128,59.877,3.83,0.951
2023-01-18 18:00:00,10.79,45.26,9.56,54.82,531.22,10.32,0.9822,59.971,3.62,0.971
2023-01-18 19:00:00,10.35,39.93,9.56,49.49,590.54,8.38,1.0005,60.134,4.1,0.942
2023-01-18 20:00:00,9.01,26.37,9.56,35.93,605.05,5.94,0.959,60.115,3.9,0.929
2023-01-18 21:00:00,11.69,57.54,9.56,67.1,517.2,12.97,1.0275,59.996,3.46,0.99
2023-01-18 22:00:00,6.4,9.45,9.56,19.01,524.67,3.62,0.9894,59.986,3.2,0.952
2023-01-18 23:00:00,5.76,6.9,9.56,16.46,483.42,3.4,1.0008,60.182,3.74,0.966
2023-01-19 00:00:00,10.98,47.63,9.56,57.19,515.62,11.09,0.9927,60.05,3.78,0.957
2023-01-19 01:00:00,8.07,18.95,9.56,28.51,521.62,5.47,1.0224,59.962,3.9,0.952
2023-01-19 02:00:00,10.93,46.99,9.56,56.55,519.83,10.88,0.9422,59.855,3.96,0.942
2023-01-19 03:00:00,11.25,51.28,9.56,60.84,451.65,13.47,0.9983,60.039,3.89,0.92
2023-01-19 04:00:00,5.44,5.79,9.56,15.35,474.68,3.23,0.9976,60.077,4.05,0.928
2023-01-19 05:00:00,11.18,50.36,9.56,59.92,364.14,16.46,0.9893,59.938,3.86,0.952
2023-01-19 06:00:00,8.14,19.4,9.56,28.96,338.89,8.55,1.0337,60.026,3.28,0.92
2023-01-19 07:00:00,8.57,22.68,34.54,57.23,378.54,15.12,0.9807,59.964,4.13,0.947
2023-01-19 08:00:00,9.39,29.77,62.27,92.04,388.39,23.7,1.0131,59.986,3.73,0.956
2023-01-19 09:00:00,11.48,54.53,80.75,135.28,379.23,35.67,1.0036,59.762,4.49,0.956
2023-01-19 10:00:00,5.13,4.87,92.34,97.21,327.96,29.64,1.0223,59.985,4.55,0.953
2023-01-19 11:00:00,8.34,20.87,102.03,122.89,402.87,30.5,0.9836,60.105,4.31,0.96
2023-01-19 12:00:00,9.81,34.03,116.98,151.01,386.68,39.05,0.9814,59.949,4.38,0.97
2023-01-19 13:00:00,10.06,36.64,85.74,122.38,469.52,26.07,1.0193,60.011,3.98,0.964
2023-01-19 14:00:00,9.85,34.38,66.66,101.04,485.76,20.8,1.0064,59.927,3.78,0.948
2023-01-19 15:00:00,5.94,7.55,64.59,72.14,471.9,15.29,0.9676,60.036,3.66,0.943
2023-01-19 16:00:00,7.1,12.86,47.28,60.15,508.29,11.83,0.988,59.977,3.87,0.949
2023-01-19 17:00:00,7.51,15.25,34.13,49.39,512.2,9.64,1.0068,59.903,3.94,0.942
2023-01-19 18:00:00,10.63,43.25,9.56,52.81,557.66,9.47,1.0158,60.13,3.87,0.97
2023-01-19 19:00:00,6.95,12.09,9.56,21.65,597.97,3.62,0.9861,60.087,3.27,0.96
2023-01-19 20:00:00,6.47,9.77,9.56,19.33,543.08,3.56,0.9414,59.934,3.57,0.941
2023-01-19 21:00:00,11.7,57.69,9.56,67.25,584.44,11.51,1.0093,60.048,4.02,0.973
2023-01-19 22:00:00,5.06,4.67,9.56,14.23,543.63,2.62,0.9753,60.048,3.53,0.943
2023-01-19 23:00:00,11.98,61.97,9.56,71.53,520.19,13.75,0.9583,60.064,3.81,0.927
2023-01-20 00:00:00,9.74,33.24,9.56,42.8,519.9,8.23,0.9425,59.827,3.94,0.947
2023-01-20 01:00:00,10.8,45.34,9.56,54.9,468.47,11.72,1.0151,60.099,3.9,0.93
2023-01-20 02:00:00,7.06,12.68,9.56,22.24,457.61,4.86,1.0021,59.938,3.51,0.967
2023-01-20 03:00:00,5.1,4.78,9.56,14.34,412.98,3.47,0.9951,59.958,3.96,0.932
2023-01-20 04:00:00,10.17,37.81,9.56,47.37,484.28,9.78,1.0268,60.261,3.36,0.945
2023-01-20 05:00:00,10.84,45.84,9.56,55.4,406.14,13.64,1.0114,60.03,4.27,0.965
2023-01-20 06:00:00,10.18,38.02,9.56,47.58,368.55,12.91,1.031,59.96,3.38,0.932
2023-01-20 07:00:00,6.0,7.78,27.83,35.6,386.2,9.22,0.9712,59.777,3.2,0.955
2023-01-20 08:00:00,10.27,39.04,51.42,90.46,373.07,24.25,0.9969,60.144,4.37,0.923
2023-01-20 09:00:00,10.38,40.29,78.93,119.22,373.15,31.95,0.9645,59.874,3.88,0.945
2023-01-20 10:00:00,9.61,31.95,96.46,128.41,407.97,31.47,0.9923,59.908,4.36,0.952
2023-01-20 11:00:00,10.36,40.06,78.36,118.42,427.81,27.68,0.9923,59.973,4.36,0.941
2023-01-20 12:00:00,10.92,46.9,75.58,122.48,409.42,29.92,1.0095,60.149,4.46,0.942
2023-01-20 13:00:00,9.3,28.91,103.6,132.52,431.64,30.7,0.9978,60.085,4.61,0.95
2023-01-20 14:00:00,5.62,6.39,80.33,86.72,465.97,18.61,1.0106,59.986,3.67,0.939
2023-01-20 15:00:00,8.41,21.44,64.16,85.6,430.47,19.89,1.0121,60.033,4.11,0.962
2023-01-20 16:00:00,5.54,6.13,42.85,48.99,477.66,10.26,1.0421,59.938,3.32,0.974
2023-01-20 17:00:00,7.85,17.43,32.8,50.23,584.37,8.6,0.9928,60.011,3.58,0.929
2023-01-20 18:00:00,7.85,17.41,9.56,26.97,608.25,4.43,0.9807,60.002,3.94,0.984
2023-01-20 19:00:00,5.46,5.87,9.56,15.43,561.2,2.75,1.0046,60.091,3.42,0.943
2023-01-20 20:00:00,7.44,14.84,9.56,24.4,589.3,4.14,0.9835,60.091,3.67,0.989
2023-01-20 21:00:00,5.78,6.94,9.56,16.5,578.01,2.85,1.0294,60.043,3.56,0.943
2023-01-20 22:00:00,10.66,43.58,9.56,53.14,651.27,8.16,0.9935,59.96,3.81,0.962
2023-01-20 23:00:00,11.63,56.69,9.56,66.25,576.95,11.48,0.9875,60.072,4.2,0.961
2023-01-21 00:00:00,5.51,6.01,9.56,15.57,440.3,3.54,0.9902,59.985,3.13,0.941
2023-01-21 01:00:00,11.69,57.45,9.56,67.01,395.45,16.94,1.0127,59.893,3.91,0.946
2023-01-21 02:00:00,8.66,23.36,9.56,32.92,354.44,9.29,0.9959,59.957,4.05,0.976
2023-01-21 03:00:00,7.1,12.87,9.56,22.43,387.25,5.79,0.9866,60.004,3.6,0.942
2023-01-21 04:00:00,5.54,6.11,9.56,15.67,338.43,4.63,1.0328,60.086,3.17,0.94
2023-01-21 05:00:00,8.5,22.14,9.56,31.7,301.26,10.52,0.9818,59.979,3.77,0.924
2023-01-21 06:00:00,10.56,42.41,9.56,51.97,311.34,16.69,0.999,59.88,3.67,0.976
2023-01-21 07:00:00,9.95,35.46,28.7,64.16,290.0,22.12,1.0108,60.009,3.6,0.934
2023-01-21 08:00:00,5.35,5.52,64.41,69.93,370.23,18.89,0.9655,60.013,4.23,0.968
2023-01-21 09:00:00,5.51,6.02,70.19,76.22,348.89,21.85,1.0074,60.022,3.96,0.931
2023-01-21 10:00:00,7.82,17.22,87.17,104.39,330.5,31.59,0.9757,60.1,4.56,0.964
2023-01-21 11:00:00,7.07,12.71,110.68,123.39,388.33,31.77,1.0133,60.11,4.44,0.957
2023-01-21 12:00:00,6.63,10.48,119.63,130.11,363.44,35.8,0.9772,59.951,4.41,0.935
2023-01-21 13:00:00,6.97,12.17,98.29,110.47,355.31,31.09,1.0107,59.946,3.63,0.926
2023-01-21 14:00:00,10.62,43.17,97.89,141.06,448.32,31.46,1.019,59.904,4.06,0.928
2023-01-21 15:00:00,11.5,54.82,66.54,121.36,440.28,27.56,1.0145,60.076,3.75,0.928
2023-01-21 16:00:00,7.84,17.32,49.38,66.7,413.02,16.15,1.0034,60.145,4.23,0.966
2023-01-21 17:00:00,11.34,52.54,31.28,83.82,455.62,18.4,0.9935,59.97,3.54,0.948
2023-01-21 18:00:00,7.25,13.72,9.56,23.28,448.26,5.19,0.988,59.971,3.39,0.926
2023-01-21 19:00:00,8.34,20.85,9.56,30.41,441.33,6.89,1.0287,60.143,3.65,0.943
2023-01-21 20:00:00,6.58,10.27,9.56,19.83,513.43,3.86,0.9856,60.045,3.34,0.946
2023-01-21 21:00:00,9.48,30.7,9.56,40.26,540.1,7.45,0.9785,60.04,3.36,0.92
2023-01-21 22:00:00,11.85,59.95,9.56,69.51,432.57,16.07,1.0117,59.881,3.92,0.941
2023-01-21 23:00:00,9.22,28.26,9.56,37.82,478.22,7.91,0.9833,60.064,3.25,0.962
2023-01-22 00:00:00,7.5,15.22,9.56,24.78,424.11,5.84,0.9804,59.903,3.18,0.945
2023-01-22 01:00:00,9.53,31.21,9.56,40.77,409.02,9.97,0.9701,59.884,3.57,0.952
2023-01-22 02:00:00,5.86,7.25,9.56,16.81,384.4,4.37,0.9899,59.96,3.81,0.958
2023-01-22 03:00:00,11.22,50.86,9.56,60.42,354.79,17.03,0.9966,59.942,3.9,0.938
2023-01-22 04:00:00,8.52,22.28,9.56,31.84,362.17,8.79,1.004,59.975,3.6,0.962
2023-01-22 05:00:00,8.15,19.46,9.56,29.02,318.61,9.11,1.0181,59.853,3.75,0.976
2023-01-22 06:00:00,9.1,27.14,9.56,36.7,338.47,10.84,1.0095,60.094,3.58,0.92
2023-01-22 07:00:00,9.37,29.65,33.8,63.45,320.57,19.79,0.9942,60.115,4.33,0.937
2023-01-22 08:00:00,5.5,6.0,46.83,52.83,312.08,16.93,0.9943,59.806,3.39,0.99
2023-01-22 09:00:00,9.78,33.66,57.24,90.9,294.85,30.83,1.0071,60.106,4.29,0.944
2023-01-22 10:00:00,6.69,10.8,77.87,88.67,313.06,28.32,1.0226,59.926,4.46,0.941
2023-01-22 11:00:00,10.0,35.97,92.52,128.49,366.2,35.09,0.999,60.096,4.51,0.934
2023-01-22 12:00:00,10.76,44.82,103.14,147.96,375.74,39.38,0.9867,60.005,3.97,0.964
2023-01-22 13:00:00,10.63,43.21,109.89,153.1,351.38,43.57,0.9758,60.017,4.17,0.92
2023-01-22 14:00:00,8.87,25.1,74.49,99.59,405.15,24.58,0.9686,59.986,4.21,0.961
2023-01-22 15:00:00,8.64,23.23,60.37,83.59,446.18,18.74,1.0115,60.123,3.46,0.939
2023-01-22 16:00:00,6.0,7.78,64.0,71.78,393.55,18.24,1.0097,59.878,4.18,0.93
2023-01-22 17:00:00,10.43,40.82,27.96,68.77,477.11,14.41,1.0101,60.06,4.01,0.941
2023-01-22 18:00:00,6.9,11.83,9.56,21.39,454.11,4.71,0.997,60.105,3.82,0.948
2023-01-22 19:00:00,8.48,21.93,9.56,31.49,499.39,6.31,1.0275,60.067,3.23,0.938
2023-01-22 20:00:00,6.99,12.29,9.56,21.85,462.2,4.73,0.9898,60.227,3.81,0.971
2023-01-22 21:00:00,5.94,7.53,9.56,17.09,428.12,3.99,1.0187,59.942,3.76,0.934
2023-01-22 22:00:00,9.41,29.97,9.56,39.53,425.16,9.3,0.9983,60.093,4.02,0.95
2023-01-22 23:00:00,5.38,5.61,9.56,15.17,462.25,3.28,0.9875,59.984,3.11,0.96
2023-01-23 00:00:00,10.24,38.66,9.56,48.22,529.12,9.11,1.0109,60.12,3.21,0.95
2023-01-23 01:00:00,7.22,13.57,9.56,23.13,470.7,4.91,1.0077,59.994,3.47,0.964
2023-01-23 02:00:00,5.0,4.5,9.56,14.06,491.76,2.86,1.0069,59.955,3.21,0.94
2023-01-23 03:00:00,8.58,22.72,9.56,32.28,397.54,8.12,1.0008,60.127,3.72,0.96
2023-01-23 04:00:00,5.33,5.44,9.56,15.0,421.9,3.56,0.9989,59.945,3.99,0.962
2023-01-23 05:00:00,6.93,12.0,9.56,21.56,367.37,5.87,1.0472,59.854,3.51,0.968
2023-01-23 06:00:00,9.95,35.45,9.56,45.01,368.66,12.21,1.0225,59.947,4.09,0.92
2023-01-23 07:00:00,5.44,5.79,34.66,40.45,379.9,10.65,1.0134,60.06,3.21,0.957
2023-01-23 08:00:00,10.88,46.31,48.37,94.67,349.35,27.1,0.9995,60.145,3.71,0.96
2023-01-23 09:00:00,5.03,4.57,66.18,70.75,366.94,19.28,1.0182,60.013,3.42,0.936
2023-01-23 10:00:00,6.73,10.96,90.64,101.6,418.4,24.28,1.0079,60.136,3.81,0.932
2023-01-23 11:00:00,10.19,38.05,112.15,150.2,386.4,38.87,0.9966,59.876,4.69,0.924
2023-01-23 12:00:00,7.21,13.51,111.88,125.39,448.95,27.93,0.9911,59.962,3.66,0.921
2023-01-23 13:00:00,5.71,6.71,98.69,105.4,413.49,25.49,0.9958,59.976,4.12,0.956
2023-01-23 14:00:00,7.52,15.32,95.11,110.43,488.5,22.61,0.9343,59.992,3.9,0.989
2023-01-23 15:00:00,6.89,11.79,67.97,79.76,541.07,14.74,1.0027,60.008,4.23,0.934
2023-01-23 16:00:00,10.9,46.61,56.98,103.58,447.18,23.16,0.9879,60.073,3.59,0.934
2023-01-23 17:00:00,7.19,13.4,32.1,45.5,517.6,8.79,1.031,59.952,3.39,0.948
2023-01-23 18:00:00,10.52,41.94,9.56,51.5,574.31,8.97,0.9995,60.011,3.21,0.92
2023-01-23 19:00:00,11.24,51.16,9.56,60.72,560.64,10.83,0.9751,59.993,3.65,0.933
2023-01-23 20:00:00,8.04,18.69,9.56,28.25,581.18,4.86,0.9985,59.902,3.38,0.947
2023-01-23 21:00:00,11.37,52.91,9.56,62.47,548.61,11.39,0.9779,59.987,4.1,0.929
2023-01-23 22:00:00,7.64,16.06,9.56,25.62,559.59,4.58,1.009,59.98,3.7,0.973
2023-01-23 23:00:00,11.75,58.38,9.56,67.94,536.84,12.66,1.0046,59.982,3.87,0.92
2023-01-24 00:00:00,5.63,6.41,9.56,15.97,555.77,2.87,1.0189,59.997,3.59,0.967
2023-01-24 01:00:00,9.81,33.98,9.56,43.54,504.89,8.62,0.9833,60.004,3.26,0.977
2023-01-24 02:00:00,8.46,21.77,9.56,31.33,482.19,6.5,1.0,59.953,3.57,0.956
2023-01-24 03:00:00,7.71,16.52,9.56,26.08,434.52,6.0,0.9721,60.123,4.12,0.945
2023-01-24 04:00:00,9.43,30.18,9.56,39.74,408.77,9.72,1.0131,59.88,4.03,0.952
2023-01-24 05:00:00,9.93,35.22,9.56,44.78,390.26,11.47,1.0092,59.926,4.12,0.938
2023-01-24 06:00:00,5.03,4.58,9.56,14.14,399.61,3.54,1.0096,60.272,3.89,0.92
2023-01-24 07:00:00,6.17,8.45,35.48,43.93,365.42,12.02,0.9988,59.895,3.34,0.927
2023-01-24 08:00:00,9.99,35.91,52.93,88.84,383.43,23.17,1.006,59.869,3.69,0.943
2023-01-24 09:00:00,9.66,32.5,69.58,102.08,440.31,23.18,1.0298,60.078,3.47,0.924
2023-01-24 10:00:00,11.76,58.58,103.15,161.74,413.91,39.08,0.9904,59.804,4.09,0.93
2023-01-24 11:00:00,10.33,39.65,84.63,124.28,393.46,31.59,0.9996,59.985,3.74,0.95
2023-01-24 12:00:00,11.66,57.0,81.49,138.49,459.44,30.14,0.9753,60.222,4.08,0.944
2023-01-24 13:00:00,9.92,35.12,98.93,134.05,434.63,30.84,0.9796,59.853,4.29,0.962
2023-01-24 14:00:00,7.09,12.81,104.48,117.29,410.92,28.54,0.9991,59.809,4.45,0.947
2023-01-24 15:00:00,5.74,6.8,68.5,75.3,467.02,16.12,1.0205,59.851,4.07,0.952
2023-01-24 16:00:00,10.47,41.35,44.23,85.58,464.61,18.42,0.993,60.092,4.31,0.93
2023-01-24 17:00:00,9.51,30.95,30.69,61.64,530.35,11.62,0.9941,60.111,3.29,0.92
2023-01-24 18:00:00,5.34,5.47,9.56,15.03,556.91,2.7,0.9916,59.943,3.07,0.941
2023-01-24 19:00:00,7.52,15.31,9.56,24.87,616.38,4.04,0.9889,60.063,3.74,0.934
2023-01-24 20:00:00,11.7,57.62,9.56,67.18,579.21,11.6,1.0047,60.137,3.52,0.943
2023-01-24 21:00:00,8.5,22.13,9.56,31.69,559.51,5.66,0.9695,60.174,3.37,0.927
2023-01-24 22:00:00,8.03,18.63,9.56,28.19,581.24,4.85,1.0251,59.97,3.43,0.965
2023-01-24 23:00:00,8.2,19.88,9.56,29.44,474.56,6.2,0.9861,59.765,3.39,0.934
2023-01-25 00:00:00,6.46,9.71,9.56,19.27,527.21,3.66,1.0141,59.912,3.58,0.942
2023-01-25 01:00:00,7.58,15.68,9.56,25.24,519.82,4.86,0.9741,59.952,3.54,0.948
2023-01-25 02:00:00,7.59,15.73,9.56,25.29,427.17,5.92,1.0128,59.97,3.63,0.971
2023-01-25 03:00:00,5.37,5.56,9.56,15.12,480.68,3.15,1.0131,59.975,3.74,0.984
2023-01-25 04:00:00,10.37,40.18,9.56,49.74,433.07,11.49,1.0065,60.11,3.62,0.983
2023-01-25 05:00:00,7.92,17.85,9.56,27.41,390.32,7.02,0.9794,60.123,3.39,0.922
2023-01-25 06:00:00,10.76,44.79,9.56,54.35,406.31,13.38,1.0037,59.982,3.43,0.939
2023-01-25 07:00:00,10.95,47.3,34.29,81.59,445.74,18.3,0.9745,60.112,3.72,0.933
2023-01-25 08:00:00,6.48,9.81,44.29,54.1,379.76,14.25,0.9935,60.035,4.03,0.953
2023-01-25 09:00:00,9.6,31.87,82.33,114.2,385.06,29.66,1.0176,60.014,4.35,0.947
2023-01-25 10:00:00,8.31,20.63,103.57,124.2,373.55,33.25,1.0126,60.1,4.33,0.928
2023-01-25 11:00:00,11.16,50.05,101.88,151.93,377.29,40.27,0.9963,60.02,4.04,0.925
2023-01-25 12:00:00,6.51,9.93,118.74,128.67,447.83,28.73,0.9776,60.213,4.16,0.921
2023-01-25 13:00:00,9.74,33.31,80.51,113.83,420.68,27.06,1.0102,59.862,4.11,0.92
2023-01-25 14:00:00,9.25,28.53,85.73,114.27,473.67,24.12,0.998,59.953,3.97,0.92
2023-01-25 15:00:00,7.07,12.71,75.67,88.37,482.36,18.32,0.9518,59.989,3.92,0.962
2023-01-25 16:00:00,5.96,7.61,55.86,63.47,534.51,11.87,1.0145,60.042,3.73,0.976
2023-01-25 17:00:00,9.56,31.47,31.45,62.92,550.28,11.43,0.9984,60.125,3.79,0.974
2023-01-25 18:00:00,10.17,37.87,9.56,47.43,586.85,8.08,1.0232,59.994,3.88,0.966
2023-01-25 19:00:00,7.21,13.49,9.56,23.05,550.14,4.19,0.9777,59.852,3.19,0.929
2023-01-25 20:00:00,9.51,31.0,9.56,40.56,560.65,7.23,0.9357,60.08,3.89,0.924
2023-01-25 21:00:00,7.77,16.86,9.56,26.42,536.07,4.93,1.0051,60.07,3.23,0.92
2023-01-25 22:00:00,9.99,35.92,9.56,45.48,542.4,8.38,1.005,59.803,3.23,0.936
2023-01-25 23:00:00,6.39,9.41,9.56,18.97,551.59,3.44,0.9658,59.994,4.04,0.951
2023-01-26 00:00:00,11.23,51.01,9.56,60.57,542.25,11.17,0.9793,59.839,4.18,0.926
2023-01-26 01:00:00,7.01,12.41,9.56,21.97,468.46,4.69,1.0546,59.928,3.15,0.957
2023-01-26 02:00:00,7.57,15.64,9.56,25.2,497.08,5.07,0.9934,59.905,3.54,0.962
2023-01-26 03:00:00,5.41,5.69,9.56,15.25,486.52,3.13,1.0143,60.075,3.25,0.94
2023-01-26 04:00:00,5.78,6.95,9.56,16.51,434.84,3.8,0.9866,60.006,3.56,0.922
2023-01-26 05:00:00,8.61,22.99,9.56,32.55,458.62,7.1,0.9575,59.867,3.97,0.975
2023-01-26 06:00:00,6.87,11.69,9.56,21.25,363.67,5.84,0.996,60.083,4.07,0.949
2023-01-26 07:00:00,10.85,45.96,33.1,79.06,339.85,23.26,0.9924,59.861,4.1,0.982
2023-01-26 08:00:00,5.1,4.78,44.76,49.54,320.52,15.46,0.9905,60.033,3.66,0.947
2023-01-26 09:00:00,7.65,16.14,74.67,90.81,422.07,21.52,0.9956,59.922,4.03,0.947
2023-01-26 10:00:00,7.36,14.36,102.52,116.88,406.52,28.75,1.0024,59.97,3.89,0.922
2023-01-26 11:00:00,5.14,4.88,91.21,96.08,400.65,23.98,0.9946,60.055,4.39,0.934
2023-01-26 12:00:00,5.87,7.28,89.63,96.91,430.83,22.49,0.9725,60.056,4.32,0.92
2023-01-26 13:00:00,7.9,17.72,80.32,98.04,412.09,23.79,1.0073,60.138,4.03,0.92
2023-01-26 14:00:00,8.45,21.72,73.31,95.03,544.36,17.46,0.9593,59.993,3.67,0.96
2023-01-26 15:00:00,7.83,17.28,70.48,87.76,500.0,17.55,0.9572,60.032,3.64,0.939
2023-01-26 16:00:00,8.72,23.84,56.27,80.11,522.83,15.32,1.0133,59.956,3.34,0.937
2023-01-26 17:00:00,9.17,27.72,27.8,55.52,561.43,9.89,1.0092,60.016,4.01,0.932
2023-01-26 18:00:00,5.07,4.69,9.56,14.25,569.52,2.5,0.9986,60.038,3.5,0.942
2023-01-26 19:00:00,8.25,20.2,9.56,29.76,571.51,5.21,0.9716,59.985,3.43,0.971
2023-01-26 20:00:00,11.74,58.32,9.56,67.88,544.39,12.47,0.9846,59.818,3.72,0.949
2023-01-26 21:00:00,8.63,23.16,9.56,32.72,578.94,5.65,0.9942,60.028,3.93,0.925
2023-01-26 22:00:00,9.74,33.29,9.56,42.85,611.55,7.01,0.9674,60.032,3.26,0.969
2023-01-26 23:00:00,7.18,13.34,9.56,22.9,580.02,3.95,0.9848,59.926,3.94,0.983
2023-01-27 00:00:00,10.42,40.71,9.56,50.27,566.75,8.87,1.0122,59.868,4.07,0.957
2023-01-27 01:00:00,10.41,40.62,9.56,50.18,480.22,10.45,1.0275,60.145,4.16,0.965
2023-01-27 02:00:00,8.65,23.29,9.56,32.85,440.76,7.45,0.9909,60.045,3.55,0.972
2023-01-27 03:00:00,11.83,59.63,9.56,69.19,441.57,15.67,1.0136,59.977,3.53,0.92
2023-01-27 04:00:00,5.88,7.31,9.56,16.87,423.62,3.98,0.9613,59.881,3.45,0.986
2023-01-27 05:00:00,5.12,4.83,9.56,14.39,434.69,3.31,1.0129,59.912,3.4,0.971
2023-01-27 06:00:00,10.39,40.39,9.56,49.95,335.67,14.88,0.9824,60.13,3.47,0.955
2023-01-27 07:00:00,10.65,43.49,38.13,81.61,422.64,19.31,1.0042,60.016,3.99,0.942
2023-01-27 08:00:00,5.84,7.18,47.02,54.19,368.71,14.7,0.9936,59.945,3.77,0.92
2023-01-27 09:00:00,6.86,11.62,79.74,91.36,363.95,25.1,1.0239,60.056,4.37,0.936
2023-01-27 10:00:00,5.12,4.84,69.14,73.98,356.08,20.78,0.9804,59.921,3.45,0.953
2023-01-27 11:00:00,7.05,12.63,91.77,104.4,352.21,29.64,1.0096,60.157,4.24,0.92
2023-01-27 12:00:00,10.41,40.64,99.62,140.26,446.65,31.4,0.9913,60.143,4.39,0.939
2023-01-27 13:00:00,8.63,23.1,99.33,122.44,447.54,27.36,0.9941,59.96,4.31,0.92
2023-01-27 14:00:00,7.44,14.81,103.79,118.6,431.75,27.47,0.9936,59.943,4.44,0.934
2023-01-27 15:00:00,7.6,15.82,78.17,93.99,456.7,20.58,0.981,59.741,4.14,0.92
2023-01-27 16:00:00,5.01,4.53,53.81,58.34,508.88,11.46,0.9986,59.85,4.16,0.92
2023-01-27 17:00:00,7.1,12.88,36.26,49.14,589.11,8.34,0.9979,59.863,3.5,0.954
2023-01-27 18:00:00,9.53,31.11,9.56,40.67,546.67,7.44,1.0041,60.01,3.65,0.936
2023-01-27 19:00:00,11.82,59.44,9.56,69.0,519.05,13.29,1.0004,59.967,3.28,0.936
2023-01-27 20:00:00,10.93,47.0,9.56,56.56,560.08,10.1,1.015,59.863,3.21,0.934
2023-01-27 21:00:00,5.17,4.96,9.56,14.52,555.96,2.61,1.0182,59.966,3.29,0.99
2023-01-27 22:00:00,11.29,51.81,9.56,61.37,473.55,12.96,0.9777,60.05,3.36,0.958
2023-01-27 23:00:00,10.48,41.47,9.56,51.03,537.41,9.49,1.0164,60.05,3.45,0.961
2023-01-28 00:00:00,10.46,41.23,9.56,50.79,433.67,11.71,0.9751,59.808,3.41,0.931
2023-01-28 01:00:00,8.21,19.89,9.56,29.45,441.63,6.67,1.0111,59.983,3.16,0.958
2023-01-28 02:00:00,7.79,16.99,9.56,26.55,454.89,5.84,1.0118,59.857,4.03,0.944
2023-01-28 03:00:00,7.12,13.0,9.56,22.56,411.91,5.48,0.9612,60.085,3.12,0.933
2023-01-28 04:00:00,5.46,5.86,9.56,15.42,350.18,4.4,1.0014,60.073,3.82,0.987
2023-01-28 05:00:00,6.6,10.34,9.56,19.9,307.99,6.46,0.99,59.906,3.28,0.96
2023-01-28 06:00:00,6.73,10.96,9.56,20.52,405.3,5.06,0.9843,59.918,4.01,0.959
2023-01-28 07:00:00,8.39,21.25,31.38,52.63,321.65,16.36,1.0254,59.955,4.22,0.926
2023-01-28 08:00:00,10.23,38.57,47.97,86.54,317.49,27.26,0.9842,59.781,4.2,0.92
2023-01-28 09:00:00,8.32,20.71,71.05,91.75,319.15,28.75,0.981,60.04,4.25,0.94
2023-01-28 10:00:00,5.4,5.68,69.58,75.27,334.04,22.53,0.9993,59.976,3.46,0.932
2023-01-28 11:00:00,11.7,57.73,109.89,167.62,336.86,49.76,1.0087,60.114,4.98,0.947
2023-01-28 12:00:00,11.6,56.18,113.69,169.87,341.04,49.81,0.9922,59.908,4.87,0.949
2023-01-28 13:00:00,10.5,41.63,99.84,141.47,361.7,39.11,1.0194,59.95,4.68,0.94
2023-01-28 14:00:00,11.94,61.27,81.4,142.66,398.44,35.81,1.007,59.86,4.38,0.956
2023-01-28 15:00:00,8.81,24.63,82.35,106.98,404.44,26.45,0.9538,59.905,3.87,0.946
2023-01-28 16:00:00,11.74,58.24,55.55,113.79,419.22,27.14,0.9867,59.888,4.44,0.924
2023-01-28 17:00:00,5.53,6.09,36.51,42.59,460.85,9.24,0.9878,60.097,3.48,0.943
2023-01-28 18:00:00,7.56,15.55,9.56,25.11,463.1,5.42,1.009,59.925,3.67,0.951
2023-01-28 19:00:00,6.58,10.25,9.56,19.81,524.09,3.78,0.9471,60.007,3.18,0.967
2023-01-28 20:00:00,6.37,9.31,9.56,18.87,402.25,4.69,1.0505,59.957,4.02,0.953
2023-01-28 21:00:00,5.99,7.72,9.56,17.28,511.72,3.38,1.0103,59.867,3.21,0.938
2023-01-28 22:00:00,9.36,29.49,9.56,39.05,508.13,7.69,1.0022,59.98,3.38,0.967
2023-01-28 23:00:00,10.47,41.31,9.56,50.87,395.46,12.86,1.0223,60.059,3.82,0.954
2023-01-29 00:00:00,9.05,26.67,9.56,36.23,429.82,8.43,1.046,59.876,3.93,0.978
2023-01-29 01:00:00,6.03,7.89,9.56,17.45,409.11,4.26,1.017,60.076,3.7,0.95
2023-01-29 02:00:00,10.68,43.83,9.56,53.39,356.74,14.97,1.0175,59.915,3.53,0.925
2023-01-29 03:00:00,9.45,30.4,9.56,39.96,354.34,11.28,1.0015,59.95,3.23,0.97
2023-01-29 04:00:00,7.72,16.55,9.56,26.11,324.52,8.04,0.9964,60.05,3.92,0.936
2023-01-29 05:00:00,9.72,33.05,9.56,42.61,393.37,10.83,0.9894,59.932,4.2,0.953
2023-01-29 06:00:00,6.82,11.42,9.56,20.98,355.8,5.9,0.9829,59.999,3.93,0.952
2023-01-29 07:00:00,7.42,14.68,35.84,50.53,357.65,14.13,0.9848,59.968,3.74,0.947
2023-01-29 08:00:00,11.42,53.65,54.94,108.59,338.36,32.09,0.9698,60.021,4.55,0.937
2023-01-29 09:00:00,7.03,12.53,64.33,76.86,285.64,26.91,0.9958,59.768,3.95,0.92
2023-01-29 10:00:00,8.29,20.51,93.72,114.23,311.99,36.61,0.9626,59.828,4.26,0.92
2023-01-29 11:00:00,11.23,51.0,78.02,129.02,355.48,36.29,1.0002,60.072,4.2,0.962
2023-01-29 12:00:00,9.95,35.51,96.66,132.17,321.17,41.15,0.9952,60.117,4.27,0.946
2023-01-29 13:00:00,5.44,5.78,81.63,87.41,399.07,21.9,1.0007,59.912,4.21,0.982
2023-01-29 14:00:00,6.03,7.9,74.99,82.89,391.76,21.16,0.9874,59.979,3.95,0.923
2023-01-29 15:00:00,5.05,4.65,63.55,68.2,409.01,16.67,1.0599,60.03,3.65,0.944
2023-01-29 16:00:00,9.42,30.06,51.87,81.93,461.43,17.76,1.0254,60.071,3.61,0.968
2023-01-29 17:00:00,8.13,19.37,27.57,46.94,470.46,9.98,0.9741,59.795,3.24,0.936
2023-01-29 18:00:00,5.94,7.54,9.56,17.1,459.38,3.72,1.0043,59.906,3.66,0.939
2023-01-29 19:00:00,11.71,57.74,9.56,67.3,513.2,13.11,0.9865,59.966,3.49,0.94
2023-01-29 20:00:00,8.71,23.77,9.56,33.33,448.8,7.43,0.979,60.067,3.3,0.939
2023-01-29 21:00:00,6.69,10.79,9.56,20.35,496.9,4.1,0.9728,60.244,3.74,0.959
2023-01-29 22:00:00,8.5,22.14,9.56,31.7,488.0,6.5,1.008,59.973,3.81,0.92
2023-01-29 23:00:00,9.76,33.44,9.56,43.0,447.85,9.6,0.9854,59.857,3.94,0.98
2023-01-30 00:00:00,5.53,6.1,9.56,15.66,526.95,2.97,1.0191,60.034,3.56,0.93
2023-01-30 01:00:00,6.92,11.94,9.56,21.5,456.32,4.71,1.0194,60.127,3.99,0.92
2023-01-30 02:00:00,10.65,43.47,9.56,53.03,496.55,10.68,1.0264,60.009,4.15,0.947
2023-01-30 03:00:00,8.22,19.98,9.56,29.54,438.27,6.74,0.9823,59.905,3.94,0.94
2023-01-30 04:00:00,8.83,24.75,9.56,34.31,404.82,8.48,1.0087,60.093,3.81,0.944
2023-01-30 05:00:00,8.03,18.64,9.56,28.2,431.95,6.53,1.012,60.062,3.43,0.954
2023-01-30 06:00:00,5.31,5.38,9.56,14.94,363.99,4.11,0.9901,59.892,4.07,0.962
2023-01-30 07:00:00,6.16,8.42,38.18,46.59,333.21,13.98,0.9832,60.038,3.55,0.98
2023-01-30 08:00:00,8.12,19.27,44.37,63.63,325.47,19.55,1.0302,60.102,3.59,0.93
2023-01-30 09:00:00,6.46,9.72,60.35,70.08,393.64,17.8,1.0028,60.12,3.8,0.96
2023-01-30 10:00:00,5.35,5.51,69.67,75.18,346.7,21.68,1.0106,59.997,3.49,0.958
2023-01-30 11:00:00,10.91,46.69,82.73,129.42,453.12,28.56,0.9807,59.971,4.55,0.92
2023-01-30 12:00:00,11.87,60.18,101.31,161.5,358.04,45.11,0.9711,60.138,4.49,0.92
2023-01-30 13:00:00,10.55,42.3,102.72,145.01,494.71,29.31,0.9857,59.886,4.14,0.92
2023-01-30 14:00:00,10.98,47.61,69.73,117.33,475.16,24.69,0.9951,60.049,4.15,0.952
2023-01-30 15:00:00,6.69,10.8,87.3,98.1,490.95,19.98,0.9767,59.865,3.9,0.951
2023-01-30 16:00:00,11.72,58.02,62.2,120.22,500.82,24.0,0.9974,60.111,3.51,0.95
2023-01-30 17:00:00,6.38,9.34,30.46,39.8,549.16,7.25,0.9655,59.97,3.76,0.942
2023-01-30 18:00:00,11.66,57.07,9.56,66.63,551.42,12.08,0.9764,60.125,3.96,0.942
2023-01-30 19:00:00,11.96,61.65,9.56,71.21,595.31,11.96,1.0122,60.048,3.66,0.946
2023-01-30 20:00:00,9.98,35.81,9.56,45.37,568.93,7.97,1.0113,59.874,3.92,0.94
2023-01-30 21:00:00,11.87,60.18,9.56,69.74,566.72,12.31,0.9909,60.141,3.47,0.962
2023-01-30 22:00:00,8.99,26.13,9.56,35.69,541.64,6.59,0.979,60.151,3.35,0.927
2023-01-30 23:00:00,6.82,11.4,9.56,20.96,535.48,3.91,0.9791,60.083,3.24,0.933
2023-01-31 00:00:00,8.06,18.84,9.56,28.4,525.81,5.4,0.992,59.919,3.48,0.951
2023-01-31 01:00:00,9.15,27.62,9.56,37.18,441.98,8.41,1.012,59.966,4.02,0.94
2023-01-31 02:00:00,5.51,6.03,9.56,15.59,427.85,3.64,1.0182,60.009,3.9,0.927
2023-01-31 03:00:00,9.36,29.49,9.56,39.05,465.6,8.39,0.9892,59.926,3.55,0.958
2023-01-31 04:00:00,11.87,60.18,9.56,69.74,425.14,16.4,0.9753,60.17,3.92,0.934
2023-01-31 05:00:00,6.33,9.13,9.56,18.69,394.5,4.74,1.0049,60.009,3.82,0.932
2023-01-31 06:00:00,10.55,42.25,9.56,51.81,385.23,13.45,0.9822,59.729,3.51,0.942
2023-01-31 07:00:00,11.36,52.71,27.94,80.65,385.46,20.92,0.9875,60.037,3.59,0.926
2023-01-31 08:00:00,11.61,56.28,43.44,99.71,355.55,28.05,1.0237,59.972,4.53,0.941
2023-01-31 09:00:00,11.72,57.97,78.69,136.66,351.68,38.86,1.0127,60.004,4.39,0.931
2023-01-31 10:00:00,8.65,23.3,93.11,116.41,390.55,29.81,1.0002,59.971,4.58,0.931
2023-01-31 11:00:00,11.84,59.77,92.69,152.47,370.67,41.13,0.9704,60.094,4.16,0.928
2023-01-31 12:00:00,10.3,39.35,99.18,138.53,432.26,32.05,1.001,60.12,4.34,0.96
2023-01-31 13:00:00,6.13,8.3,92.9,101.2,392.23,25.8,1.0187,60.034,3.74,0.95
2023-01-31 14:00:00,8.34,20.87,69.01,89.88,499.17,18.01,0.9907,59.968,3.62,0.92
2023-01-31 15:00:00,10.03,36.31,68.02,104.32,507.46,20.56,1.025,59.999,3.92,0.961
2023-01-31 16:00:00,6.73,10.98,47.33,58.31,524.25,11.12,1.0247,60.0,3.54,0.957
2023-01-31 17:00:00,9.48,30.71,28.19,58.91,566.05,10.41,1.0322,59.917,3.38,0.956
2023-01-31 18:00:00,9.67,32.51,9.56,42.07,601.88,6.99,1.0054,60.054,3.4,0.966
2023-01-31 19:00:00,6.14,8.33,9.56,17.89,591.99,3.02,1.0114,60.04,3.1,0.949
2023-01-31 20:00:00,8.96,25.86,9.56,35.42,509.62,6.95,1.0276,60.15,3.84,0.96
2023-01-31 21:00:00,10.4,40.51,9.56,50.07,523.17,9.57,1.008,60.123,3.68,0.938
2023-01-31 22:00:00,8.49,22.05,9.56,31.61,533.17,5.93,0.9894,59.927,3.21,0.965
2023-01-31 23:00:00,5.08,4.73,9.56,14.29,537.35,2.66,0.9908,60.076,3.22,0.954
2023-02-01 00:00:00,5.06,4.67,9.56,14.23,531.51,2.68,1.0045,59.899,3.16,0.922
2023-02-01 01:00:00,7.5,15.18,9.56,24.74,470.94,5.25,0.9737,60.065,3.72,0.969
2023-02-01 02:00:00,11.48,54.51,9.56,64.07,473.36,13.54,0.9958,59.948,3.36,0.943
2023-02-01 03:00:00,6.6,10.35,9.56,19.91,420.13,4.74,1.0215,59.893,3.85,0.943
2023-02-01 04:00:00,9.44,30.29,9.56,39.85,401.19,9.93,0.9552,60.025,3.22,0.938
2023-02-01 05:00:00,6.55,10.14,9.56,19.7,357.36,5.51,1.0301,59.728,3.36,0.941
2023-02-01 06:00:00,7.25,13.73,9.56,23.29,356.54,6.53,1.0218,59.821,4.02,0.953
2023-02-01 07:00:00,10.94,47.09,27.93,75.02,334.05,22.46,0.9886,59.986,4.17,0.924
2023-02-01 08:00:00,10.1,37.11,49.75,86.86,342.03,25.39,1.0083,60.013,3.58,0.92
2023-02-01 09:00:00,5.67,6.55,68.6,75.16,406.21,18.5,0.9982,59.965,4.19,0.923
2023-02-01 10:00:00,8.0,18.44,98.78,117.22,355.75,32.95,1.0213,59.851,4.15,0.948
2023-02-01 11:00:00,5.2,5.07,118.23,123.3,478.53,25.77,1.0171,59.924,4.36,0.939
2023-02-01 12:00:00,8.37,21.08,88.13,109.21,434.33,25.14,0.9695,60.044,4.1,0.965
2023-02-01 13:00:00,9.64,32.22,113.08,145.3,448.34,32.41,1.0085,60.067,4.33,0.939
2023-02-01 14:00:00,5.83,7.13,100.66,107.79,442.0,24.39,0.9934,60.003,4.48,0.96
2023-02-01 15:00:00,7.02,12.47,64.6,77.07,513.73,15.0,1.0002,60.116,3.53,0.932
2023-02-01 16:00:00,7.78,16.98,52.42,69.41,498.71,13.92,0.984,60.039,3.9,0.937
2023-02-01 17:00:00,11.44,53.85,31.87,85.72,539.61,15.89,1.0334,59.926,3.78,0.945
2023-02-01 18:00:00,11.95,61.48,9.56,71.04,628.08,11.31,1.0197,59.97,3.27,0.944
2023-02-01 19:00:00,5.31,5.4,9.56,14.96,558.03,2.68,0.9849,59.854,3.07,0.944
2023-02-01 20:00:00,10.33,39.65,9.56,49.21,598.68,8.22,0.9725,59.986,3.28,0.93
2023-02-01 21:00:00,7.6,15.82,9.56,25.38,539.82,4.7,0.9918,60.106,3.74,0.92
2023-02-01 22:00:00,7.75,16.74,9.56,26.3,550.23,4.78,1.0082,60.063,3.66,0.961
2023-02-01 23:00:00,10.28,39.11,9.56,48.67,589.08,8.26,1.004,60.137,3.72,0.958
2023-02-02 00:00:00,11.43,53.74,9.56,63.3,496.57,12.75,1.0238,59.969,3.29,0.934
2023-02-02 01:00:00,11.66,57.02,9.56,66.58,546.52,12.18,1.0146,60.133,3.71,0.954
2023-02-02 02:00:00,9.04,26.59,9.56,36.15,488.45,7.4,1.0187,59.977,4.07,0.944
2023-02-02 03:00:00,7.5,15.19,9.56,24.75,425.41,5.82,1.006,60.143,3.51,0.97
2023-02-02 04:00:00,10.51,41.83,9.56,51.39,438.02,11.73,0.971,59.996,3.86,0.92
2023-02-02 05:00:00,6.76,11.11,9.56,20.67,428.28,4.83,0.9956,60.066,3.88,0.946
2023-02-02 06:00:00,8.95,25.8,9.56,35.36,402.44,8.79,1.0203,60.144,3.96,0.943
2023-02-02 07:00:00,7.51,15.25,31.99,47.24,327.06,14.44,0.9975,59.98,3.81,0.949
2023-02-02 08:00:00,9.6,31.81,55.89,87.7,349.07,25.13,1.0075,60.027,4.36,0.973
2023-02-02 09:00:00,6.68,10.74,70.41,81.16,366.74,22.13,0.9914,60.132,3.83,0.941
2023-02-02 10:00:00,6.34,9.18,88.67,97.85,381.56,25.64,0.9768,59.992,4.4,0.957
2023-02-02 11:00:00,11.43,53.72,118.63,172.36,417.72,41.26,0.9934,59.881,4.07,0.935
2023-02-02 12:00:00,5.71,6.71,83.52,90.23,424.38,21.26,1.0041,60.217,3.71,0.965
2023-02-02 13:00:00,8.54,22.44,104.6,127.04,402.22,31.58,0.9837,59.961,3.68,0.956
2023-02-02 14:00:00,6.55,10.1,83.83,93.93,478.62,19.62,0.9933,60.018,4.19,0.937
2023-02-02 15:00:00,5.27,5.28,61.79,67.06,510.47,13.14,0.9799,60.115,3.68,0.938
2023-02-02 16:00:00,5.25,5.22,47.07,52.29,532.18,9.83,1.0214,59.937,3.43,0.957
2023-02-02 17:00:00,6.23,8.69,38.23,46.92,567.76,8.26,0.9933,59.896,3.4,0.934
2023-02-02 18:00:00,11.07,48.8,9.56,58.36,575.66,10.14,1.028,60.023,4.1,0.951
2023-02-02 19:00:00,6.98,12.23,9.56,21.79,574.04,3.8,1.0302,59.815,3.91,0.942
2023-02-02 20:00:00,11.65,56.97,9.56,66.53,561.45,11.85,0.9972,59.97,3.79,0.954
2023-02-02 21:00:00,9.07,26.87,9.56,36.43,510.44,7.14,0.9791,60.021,3.76,0.945
2023-02-02 22:00:00,8.06,18.82,9.56,28.38,563.53,5.04,0.9578,59.968,3.58,0.935
2023-02-02 23:00:00,9.06,26.78,9.56,36.34,541.57,6.71,0.9699,59.842,3.53,0.97
2023-02-03 00:00:00,8.62,23.03,9.56,32.59,522.94,6.23,0.9719,60.155,4.04,0.953
2023-02-03 01:00:00,10.31,39.47,9.56,49.03,453.28,10.82,1.0265,60.008,3.34,0.946
2023-02-03 02:00:00,6.98,12.23,9.56,21.79,434.25,5.02,1.0018,60.138,3.52,0.957
2023-02-03 03:00:00,7.47,15.01,9.56,24.57,473.37,5.19,1.0073,59.969,3.45,0.92
2023-02-03 04:00:00,11.26,51.38,9.56,60.94,417.38,14.6,0.9541,59.912,3.79,0.987
2023-02-03 05:00:00,11.63,56.56,9.56,66.12,419.08,15.78,0.9745,60.027,3.77,0.946
2023-02-03 06:00:00,11.25,51.23,9.56,60.79,384.2,15.82,1.0162,59.979,3.84,0.92
2023-02-03 07:00:00,7.94,17.99,33.65,51.64,374.63,13.79,1.0044,59.882,3.42,0.97
2023-02-03 08:00:00,10.46,41.23,56.48,97.71,398.6,24.51,0.9946,60.152,4.0,0.928
2023-02-03 09:00:00,8.33,20.84,64.37,85.21,358.25,23.78,1.0089,59.942,3.72,0.964
2023-02-03 10:00:00,8.48,21.97,97.57,119.55,386.23,30.95,1.0296,59.824,3.8,0.943
2023-02-03 11:00:00,6.43,9.58,76.33,85.92,384.77,22.33,0.9933,60.136,3.51,0.92
2023-02-03 12:00:00,9.14,27.47,93.63,121.1,405.53,29.86,0.9984,59.957,4.36,0.946
2023-02-03 13:00:00,6.3,9.01,109.39,118.4,432.5,27.38,1.0011,59.945,3.97,0.946
2023-02-03 14:00:00,7.32,14.13,90.57,104.7,473.34,22.12,1.0456,59.827,4.07,0.966
2023-02-03 15:00:00,10.99,47.72,66.0,113.73,477.22,23.83,0.9556,60.179,4.2,0.953
2023-02-03 16:00:00,6.45,9.66,59.3,68.96,552.46,12.48,1.0124,59.87,3.93,0.921
2023-02-03 17:00:00,5.5,5.98,33.81,39.8,507.88,7.84,0.9969,60.002,3.63,0.968
2023-02-03 18:00:00,5.48,5.93,9.56,15.49,544.4,2.85,1.0111,60.085,3.44,0.941
2023-02-03 19:00:00,11.59,55.98,9.56,65.54,546.43,11.99,0.9857,60.041,3.62,0.981
2023-02-03 20:00:00,8.55,22.49,9.56,32.05,606.31,5.29,0.9985,59.989,3.75,0.941
2023-02-03 21:00:00,7.87,17.52,9.56,27.08,565.52,4.79,1.0137,59.825,3.59,0.944
2023-02-03 22:00:00,10.68,43.81,9.56,53.37,580.96,9.19,1.0613,59.916,4.03,0.931
2023-02-03 23:00:00,10.85,45.99,9.56,55.55,490.15,11.33,1.015,60.017,4.1,0.937
2023-02-04 00:00:00,7.33,14.15,9.56,23.71,445.08,5.33,0.9825,59.916,3.28,0.933
2023-02-04 01:00:00,9.86,34.46,9.56,44.02,444.05,9.91,0.9905,60.018,3.33,0.971
2023-02-04 02:00:00,10.4,40.47,9.56,50.03,398.69,12.55,0.9897,60.067,3.88,0.92
2023-02-04 03:00:00,9.58,31.68,9.56,41.24,407.04,10.13,0.9631,60.094,3.5,0.963
2023-02-04 04:00:00,6.06,8.02,9.56,17.58,339.85,5.17,0.9929,59.872,3.12,0.965
2023-02-04 05:00:00,11.13,49.65,9.56,59.21,380.73,15.55,1.0131,60.22,4.2,0.973
2023-02-04 06:00:00,8.77,24.31,9.56,33.87,394.44,8.59,0.9737,60.074,3.4,0.948
2023-02-04 07:00:00,6.98,12.23,35.83,48.06,306.42,15.68,1.0194,60.0,4.24,0.925
2023-02-04 08:00:00,7.98,18.27,44.17,62.44,301.16,20.73,1.0077,60.112,4.13,0.94
2023-02-04 09:00:00,5.26,5.25,76.51,81.76,360.91,22.65,0.983,60.24,4.22,0.955
2023-02-04 10:00:00,5.9,7.38,105.59,112.97,372.86,30.3,0.9941,59.864,3.81,0.943
2023-02-04 11:00:00,10.36,40.02,83.02,123.03,322.77,38.12,1.0282,59.989,4.0,0.946
2023-02-04 12:00:00,5.0,4.5,99.11,103.61,342.77,30.23,1.0116,59.77,4.13,0.968
2023-02-04 13:00:00,7.92,17.86,79.38,97.23,366.62,26.52,0.9975,60.025,3.7,0.954
2023-02-04 14:00:00,8.66,23.36,93.17,116.53,355.88,32.74,0.992,60.045,3.96,0.944
2023-02-04 15:00:00,5.38,5.61,75.41,81.03,389.8,20.79,0.9995,59.999,3.74,0.92
2023-02-04 16:00:00,11.81,59.32,52.87,112.2,406.94,27.57,0.987,59.941,3.71,0.926
2023-02-04 17:00:00,6.58,10.27,33.32,43.59,430.95,10.11,0.9569,59.793,3.41,0.939
2023-02-04 18:00:00,7.13,13.05,9.56,22.61,465.93,4.85,1.0404,60.032,3.89,0.92
2023-02-04 19:00:00,7.13,13.04,9.56,22.6,482.16,4.69,1.0026,60.14,3.26,0.926
2023-02-04 20:00:00,6.61,10.41,9.56,19.97,524.43,3.81,1.0076,59.935,3.1,0.943
2023-02-04 21:00:00,5.01,4.53,9.56,14.09,445.18,3.16,0.9985,60.038,3.69,0.947
2023-02-04 22:00:00,10.11,37.15,9.56,46.71,496.5,9.41,0.9844,59.84,4.16,0.957
2023-02-04 23:00:00,11.77,58.67,9.56,68.23,447.57,15.24,0.9948,60.046,3.64,0.941
2023-02-05 00:00:00,6.57,10.21,9.56,19.77,435.08,4.54,0.9676,59.955,3.21,0.954
2023-02-05 01:00:00,9.64,32.26,9.56,41.82,437.12,9.57,1.0446,59.921,3.76,0.939
2023-02-05 02:00:00,10.19,38.13,9.56,47.69,362.08,13.17,0.974,59.923,4.17,0.947
2023-02-05 03:00:00,10.94,47.12,9.56,56.68,386.11,14.68,0.9779,59.96,4.08,0.955
2023-02-05 04:00:00,7.96,18.15,9.56,27.71,359.95,7.7,0.9904,60.035,3.78,0.977
2023-02-05 05:00:00,7.12,13.0,9.56,22.56,352.83,6.39,1.0251,59.864,3.44,0.938
2023-02-05 06:00:00,7.28,13.87,9.56,23.43,333.77,7.02,0.9996,59.956,3.68,0.951
2023-02-05 07:00:00,9.99,35.87,30.39,66.27,390.6,16.97,0.9736,59.997,3.43,0.962
2023-02-05 08:00:00,10.72,44.32,48.21,92.53,295.03,31.36,1.022,59.898,4.31,0.92
2023-02-05 09:00:00,6.27,8.88,65.78,74.66,301.01,24.8,1.0121,60.185,4.22,0.983
2023-02-05 10:00:00,7.6,15.78,80.76,96.54,306.4,31.51,1.0076,59.923,4.6,0.964
2023-02-05 11:00:00,11.31,52.13,99.9,152.04,321.4,47.31,1.0096,59.949,4.21,0.92
2023-02-05 12:00:00,10.65,43.45,104.59,148.03,335.84,44.08,1.0435,59.917,3.9,0.944
2023-02-05 13:00:00,11.89,60.57,94.25,154.82,410.31,37.73,1.0399,60.191,4.3,0.927
2023-02-05 14:00:00,10.28,39.11,92.94,132.04,438.38,30.12,0.9833,60.063,4.31,0.933
2023-02-05 15:00:00,7.75,16.77,60.46,77.23,399.76,19.32,1.0305,59.909,4.18,0.951
2023-02-05 16:00:00,9.13,27.44,45.69,73.13,411.59,17.77,1.0059,60.112,3.55,0.966
2023-02-05 17:00:00,9.63,32.12,29.25,61.37,467.6,13.13,1.0087,60.019,3.52,0.937
2023-02-05 18:00:00,5.55,6.15,9.56,15.71,449.86,3.49,0.9658,60.02,3.58,0.94
2023-02-05 19:00:00,8.81,24.63,9.56,34.19,493.57,6.93,0.9959,59.962,3.47,0.955
2023-02-05 20:00:00,9.97,35.63,9.56,45.19,483.45,9.35,0.9828,59.922,4.05,0.959
2023-02-05 21:00:00,6.17,8.46,9.56,18.02,429.11,4.2,1.0161,60.028,3.56,0.929
2023-02-05 22:00:00,10.46,41.25,9.56,50.81,512.85,9.91,1.0204,59.943,4.0,0.982
2023-02-05 23:00:00,9.09,27.01,9.56,36.57,507.34,7.21,0.9578,60.178,3.72,0.935
2023-02-06 00:00:00,11.67,57.15,9.56,66.71,494.62,13.49,0.9982,59.872,4.04,0.965
2023-02-06 01:00:00,5.3,5.35,9.56,14.91,478.25,3.12,1.0221,60.148,3.4,0.958
2023-02-06 02:00:00,6.86,11.61,9.56,21.17,473.64,4.47,0.9958,59.984,3.92,0.961
2023-02-06 03:00:00,9.21,28.13,9.56,37.69,450.28,8.37,1.0137,60.027,3.44,0.935
2023-02-06 04:00:00,7.08,12.75,9.56,22.31,436.87,5.11,1.0065,60.078,3.65,0.92
2023-02-06 05:00:00,10.0,36.01,9.56,45.57,457.56,9.96,1.0058,59.934,3.41,0.947
2023-02-06 06:00:00,10.31,39.49,9.56,49.05,376.71,13.02,0.9933,60.085,3.74,0.946
2023-02-06 07:00:00,5.72,6.73,32.68,39.41,348.49,11.31,0.9745,59.727,3.54,0.927
2023-02-06 08:00:00,8.6,22.87,56.64,79.51,327.79,24.26,0.9751,59.933,3.75,0.961
2023-02-06 09:00:00,8.56,22.6,79.31,101.91,350.51,29.07,1.0113,59.915,4.55,0.94
2023-02-06 10:00:00,7.58,15.71,95.62,111.33,381.03,29.22,0.9975,59.882,3.74,0.925
2023-02-06 11:00:00,11.53,55.19,116.68,171.87,451.09,38.1,0.9934,59.99,4.55,0.95
2023-02-06 12:00:00,10.79,45.26,123.43,168.69,401.59,42.01,0.9873,60.052,4.82,0.95
2023-02-06 13:00:00,9.88,34.72,107.36,142.08,446.96,31.79,0.9907,60.079,3.66,0.926
2023-02-06 14:00:00,10.0,36.0,80.15,116.15,464.57,25.0,1.0184,60.029,4.2,0.967
2023-02-06 15:00:00,8.23,20.08,86.3,106.38,525.53,20.24,0.9913,59.936,3.66,0.989
2023-02-06 16:00:00,11.45,54.0,44.89,98.88,588.81,16.79,0.9715,60.038,3.38,0.923
2023-02-06 17:00:00,9.86,34.53,29.99,64.52,516.94,12.48,1.0136,60.011,3.65,0.943
2023-02-06 18:00:00,10.1,37.12,9.56,46.68,533.42,8.75,0.995,60.09,4.11,0.954
2023-02-06 19:00:00,11.03,48.33,9.56,57.89,589.01,9.83,0.9996,60.075,3.21,0.99
2023-02-06 20:00:00,6.92,11.92,9.56,21.48,581.41,3.69,1.0318,59.997,3.66,0.934
2023-02-06 21:00:00,10.65,43.48,9.56,53.04,613.08,8.65,0.9987,59.907,3.67,0.929
2023-02-06 22:00:00,6.37,9.29,9.56,18.85,565.62,3.33,1.0055,59.929,3.94,0.93
2023-02-06 23:00:00,7.42,14.69,9.56,24.25,522.09,4.65,0.976,59.94,3.18,0.973
2023-02-07 00:00:00,7.35,14.29,9.56,23.85,530.13,4.5,0.9952,59.963,3.77,0.934
2023-02-07 01:00:00,11.85,59.9,9.56,69.46,522.57,13.29,1.0109,60.026,3.95,0.929
2023-02-07 02:00:00,11.0,47.86,9.56,57.42,489.14,11.74,0.9677,60.07,3.9,0.951
2023-02-07 03:00:00,9.91,35.02,9.56,44.58,454.95,9.8,1.003,59.992,4.14,0.953
2023-02-07 04:00:00,10.09,36.97,9.56,46.53,448.63,10.37,1.001,59.999,4.03,0.968
2023-02-07 05:00:00,8.93,25.68,9.56,35.24,431.88,8.16,1.0,60.011,3.21,0.949
2023-02-07 06:00:00,11.63,56.62,9.56,66.18,423.04,15.64,1.0192,59.949,3.78,0.95
2023-02-07 07:00:00,8.47,21.9,38.85,60.76,391.47,15.52,1.0051,59.908,3.71,0.943
2023-02-07 08:00:00,7.66,16.2,58.59,74.79,363.73,20.56,1.0275,59.827,3.72,0.92
2023-02-07 09:00:00,6.14,8.34,88.23,96.57,376.41,25.65,0.9776,59.936,3.96,0.938
2023-02-07 10:00:00,10.5,41.72,80.93,122.65,417.77,29.36,0.9998,60.054,3.97,0.942
2023-02-07 11:00:00,10.14,37.55,110.29,147.83,372.29,39.71,0.9977,59.942,4.23,0.929
2023-02-07 12:00:00,7.69,16.37,113.11,129.48,427.69,30.27,0.9756,59.984,4.58,0.92
2023-02-07 13:00:00,5.18,4.99,106.3,111.3,427.93,26.01,1.0165,60.052,3.61,0.92
2023-02-07 14:00:00,10.87,46.28,107.14,153.42,465.38,32.97,1.0432,60.061,4.58,0.939
2023-02-07 15:00:00,5.08,4.72,70.75,75.47,527.66,14.3,0.9982,59.892,3.77,0.964
2023-02-07 16:00:00,9.93,35.21,46.82,82.03,518.14,15.83,1.0085,60.1,3.94,0.979
2023-02-07 17:00:00,11.79,59.03,35.25,94.27,533.64,17.67,0.9999,60.114,4.18,0.941
2023-02-07 18:00:00,8.06,18.88,9.56,28.44,506.67,5.61,0.9852,59.882,3.47,0.934
2023-02-07 19:00:00,6.64,10.56,9.56,20.12,579.42,3.47,0.9632,59.912,3.5,0.942
2023-02-07 20:00:00,9.93,35.29,9.56,44.85,579.66,7.74,0.9851,60.115,3.56,0.927
2023-02-07 21:00:00,10.72,44.35,9.56,53.91,621.93,8.67,0.9713,59.982,3.55,0.963
2023-02-07 22:00:00,8.83,24.74,9.56,34.3,538.23,6.37,1.0334,59.774,4.05,0.99
2023-02-07 23:00:00,11.77,58.69,9.56,68.25,538.82,12.67,0.9964,59.859,4.08,0.932
2023-02-08 00:00:00,5.36,5.55,9.56,15.11,519.3,2.91,0.9928,59.969,3.17,0.925
2023-02-08 01:00:00,8.53,22.37,9.56,31.93,536.07,5.96,1.0172,59.879,3.23,0.968
2023-02-08 02:00:00,10.03,36.32,9.56,45.88,461.12,9.95,0.9766,59.956,3.63,0.953
2023-02-08 03:00:00,11.04,48.42,9.56,57.98,447.59,12.95,0.9834,60.002,3.36,0.953
2023-02-08 04:00:00,6.25,8.81,9.56,18.37,434.39,4.23,1.0009,60.141,3.7,0.98
2023-02-08 05:00:00,10.6,42.88,9.56,52.44,401.94,13.05,1.0193,59.97,3.4,0.92
2023-02-08 06:00:00,8.87,25.11,9.56,34.67,367.74,9.43,1.0091,60.104,3.71,0.92
2023-02-08 07:00:00,7.78,16.93,38.11,55.04,377.4,14.58,1.0035,60.143,3.3,0.942
2023-02-08 08:00:00,5.92,7.48,52.38,59.86,400.53,14.94,1.0001,60.143,3.62,0.947
2023-02-08 09:00:00,11.06,48.67,82.46,131.12,340.78,38.48,1.0042,60.04,4.45,0.931
2023-02-08 10:00:00,6.1,8.17,104.62,112.79,385.12,29.29,1.0011,59.811,4.07,0.99
2023-02-08 11:00:00,7.17,13.26,113.33,126.59,375.33,33.73,0.976,60.055,4.65,0.934
2023-02-08 12:00:00,7.03,12.51,86.62,99.13,452.0,21.93,0.9987,60.108,4.31,0.932
2023-02-08 13:00:00,11.1,49.23,118.21,167.44,393.53,42.55,0.9743,60.006,4.21,0.94
2023-02-08 14:00:00,9.71,32.95,83.98,116.93,447.22,26.15,0.999,60.18,3.57,0.962
2023-02-08 15:00:00,10.58,42.6,69.11,111.71,500.06,22.34,0.9882,60.09,4.29,0.929
2023-02-08 16:00:00,6.75,11.09,45.33,56.42,558.78,10.1,1.0498,60.054,4.11,0.944
2023-02-08 17:00:00,9.37,29.65,33.1,62.75,529.66,11.85,0.998,60.107,4.06,0.966
2023-02-08 18:00:00,9.0,26.26,9.56,35.82,530.18,6.76,0.9712,60.029,3.26,0.969
2023-02-08 19:00:00,10.83,45.73,9.56,55.29,612.82,9.02,0.9964,59.748,4.18,0.952
2023-02-08 20:00:00,11.34,52.53,9.56,62.09,516.21,12.03,1.0092,59.949,3.5,0.99
2023-02-08 21:00:00,5.09,4.73,9.56,14.29,490.43,2.91,1.0332,60.114,3.78,0.989
2023-02-08 22:00:00,9.72,33.04,9.56,42.6,560.03,7.61,0.9875,59.916,4.06,0.92
2023-02-08 23:00:00,5.36,5.55,9.56,15.11,516.57,2.93,0.9681,59.972,3.29,0.92
2023-02-09 00:00:00,8.84,24.89,9.56,34.45,480.59,7.17,1.0156,59.892,4.05,0.964
2023-02-09 01:00:00,7.01,12.42,9.56,21.98,509.43,4.31,0.972,60.173,3.4,0.976
2023-02-09 02:00:00,7.15,13.14,9.56,22.7,470.76,4.82,0.9908,60.163,4.07,0.944
2023-02-09 03:00:00,7.47,15.01,9.56,24.57,421.79,5.83,0.9943,59.907,3.4,0.938
2023-02-09 04:00:00,9.35,29.42,9.56,38.98,377.26,10.33,0.9976,60.012,4.16,0.93
2023-02-09 05:00:00,7.34,14.23,9.56,23.79,422.05,5.64,1.0132,59.927,3.17,0.925
2023-02-09 06:00:00,10.13,37.41,9.56,46.97,400.2,11.74,0.9852,60.06,3.94,0.969
2023-02-09 07:00:00,7.83,17.29,31.31,48.61,368.17,13.2,0.9932,60.05,3.8,0.938
2023-02-09 08:00:00,5.48,5.92,55.46,61.38,423.29,14.5,0.9983,60.081,3.77,0.952
2023-02-09 09:00:00,10.49,41.51,79.18,120.69,339.04,35.6,0.9994,60.043,3.94,0.92
2023-02-09 10:00:00,7.0,12.35,89.46,101.81,334.93,30.4,0.9989,60.301,4.31,0.961
2023-02-09 11:00:00,8.03,18.64,81.36,100.0,375.12,26.66,1.0061,59.903,3.72,0.954
2023-02-09 12:00:00,9.8,33.86,92.71,126.57,414.3,30.55,1.0138,59.837,4.16,0.92
2023-02-09 13:00:00,7.33,14.16,111.61,125.77,446.01,28.2,1.005,59.967,3.82,0.947
2023-02-09 14:00:00,5.4,5.66,103.4,109.06,456.21,23.9,1.0067,59.848,4.43,0.943
2023-02-09 15:00:00,7.62,15.91,62.68,78.6,498.74,15.76,0.9668,59.851,3.34,0.936
2023-02-09 16:00:00,11.61,56.35,65.82,122.18,473.68,25.79,0.9984,59.905,3.72,0.92
2023-02-09 17:00:00,9.49,30.79,31.28,62.07,574.33,10.81,1.0085,59.906,3.46,0.934
2023-02-09 18:00:00,9.7,32.86,9.56,42.42,543.73,7.8,1.0138,59.901,3.57,0.954
2023-02-09 19:00:00,9.43,30.15,9.56,39.71,589.26,6.74,0.9855,60.048,3.37,0.937
2023-02-09 20:00:00,6.39,9.41,9.56,18.97,569.28,3.33,0.9865,59.944,3.56,0.945
2023-02-09 21:00:00,7.93,17.94,9.56,27.5,569.45,4.83,0.988,59.977,3.97,0.978
2023-02-09 22:00:00,10.26,38.84,9.56,48.4,563.29,8.59,1.0099,60.086,3.88,0.946
2023-02-09 23:00:00,5.71,6.7,9.56,16.26,544.44,2.99,1.0204,59.917,3.64,0.92
2023-02-10 00:00:00,6.94,12.06,9.56,21.62,529.91,4.08,0.9914,59.968,3.17,0.945
2023-02-10 01:00:00,6.93,12.0,9.56,21.56,527.48,4.09,1.0178,60.031,3.78,0.951
2023-02-10 02:00:00,8.02,18.6,9.56,28.16,468.8,6.01,1.0019,59.801,3.29,0.932
2023-02-10 03:00:00,11.86,60.1,9.56,69.66,459.47,15.16,0.996,59.762,4.09,0.96
2023-02-10 04:00:00,5.47,5.9,9.56,15.46,412.49,3.75,0.9954,60.029,3.33,0.92
2023-02-10 05:00:00,8.63,23.15,9.56,32.71,438.62,7.46,1.0142,60.045,3.57,0.945
2023-02-10 06:00:00,6.26,8.81,9.56,18.37,359.96,5.1,1.006,60.201,3.45,0.92
2023-02-10 07:00:00,11.79,59.07,28.05,87.12,424.74,20.51,1.0435,60.019,4.27,0.938
2023-02-10 08:00:00,5.79,7.0,60.54,67.54,366.26,18.44,0.9811,60.084,3.5,0.959
2023-02-10 09:00:00,7.83,17.25,73.79,91.04,327.79,27.77,1.0076,59.987,4.12,0.938
2023-02-10 10:00:00,10.17,37.81,103.1,140.91,384.09,36.69,0.9857,60.041,3.88,0.935
2023-02-10 11:00:00,9.93,35.27,93.21,128.48,374.98,34.26,0.9792,60.176,4.39,0.94
2023-02-10 12:00:00,7.96,18.15,86.27,104.42,440.4,23.71,0.9974,59.792,4.38,0.944
2023-02-10 13:00:00,7.43,14.74,113.33,128.07,418.62,30.59,0.9997,60.049,4.05,0.955
2023-02-10 14:00:00,7.78,16.97,91.15,108.12,449.52,24.05,1.056,60.218,3.97,0.957
2023-02-10 15:00:00,6.85,11.57,64.48,76.05,430.92,17.65,0.9946,60.03,4.28,0.973
2023-02-10 16:00:00,6.44,9.6,60.61,70.21,497.06,14.12,0.976,60.165,3.8,0.949
2023-02-10 17:00:00,8.38,21.19,33.49,54.69,457.68,11.95,1.0043,59.936,3.73,0.92
2023-02-10 18:00:00,6.88,11.72,9.56,21.28,498.05,4.27,0.9581,59.991,3.66,0.966
2023-02-10 19:00:00,7.01,12.41,9.56,21.97,577.91,3.8,0.9978,59.998,3.77,0.976
2023-02-10 20:00:00,9.6,31.82,9.56,41.38,581.92,7.11,0.9996,59.774,3.25,0.99
2023-02-10 21:00:00,11.78,58.85,9.56,68.41,567.86,12.05,1.0147,59.882,4.06,0.975
2023-02-10 22:00:00,9.23,28.27,9.56,37.83,516.55,7.32,1.0187,59.886,3.58,0.938
2023-02-10 23:00:00,5.54,6.12,9.56,15.68,528.96,2.96,0.9896,60.076,3.13,0.953
2023-02-11 00:00:00,5.53,6.09,9.56,15.65,433.42,3.61,0.9966,60.082,3.86,0.944
2023-02-11 01:00:00,11.66,57.07,9.56,66.63,379.23,17.57,0.9829,60.034,3.73,0.937
2023-02-11 02:00:00,7.08,12.78,9.56,22.34,438.11,5.1,0.9769,60.077,3.2,0.946
2023-02-11 03:00:00,5.64,6.47,9.56,16.03,398.36,4.03,1.0058,59.978,3.71,0.975
2023-02-11 04:00:00,9.19,27.97,9.56,37.53,345.87,10.85,0.9734,60.118,4.1,0.92
2023-02-11 05:00:00,9.37,29.57,9.56,39.13,336.52,11.63,0.9905,59.999,4.12,0.926
2023-02-11 06:00:00,9.54,31.25,9.56,40.81,329.09,12.4,0.9789,60.004,4.21,0.971
2023-02-11 07:00:00,6.87,11.68,32.31,43.99,253.49,17.35,1.0093,59.975,4.21,0.974
2023-02-11 08:00:00,5.11,4.79,64.53,69.33,304.56,22.76,1.0338,60.072,3.46,0.93
2023-02-11 09:00:00,11.76,58.48,59.97,118.44,294.28,40.25,0.9699,59.971,4.19,0.971
2023-02-11 10:00:00,6.76,11.1,107.77,118.87,292.79,40.6,0.9589,60.11,4.63,0.957
2023-02-11 11:00:00,9.73,33.18,106.54,139.72,327.28,42.69,0.9932,59.901,4.22,0.932
2023-02-11 12:00:00,9.95,35.42,107.76,143.18,406.43,35.23,0.9968,59.9,4.31,0.92
2023-02-11 13:00:00,9.27,28.68,88.36,117.03,391.26,29.91,1.0014,60.076,4.2,0.92
2023-02-11 14:00:00,7.19,13.38,79.34,92.72,375.88,24.67,0.9886,59.996,3.86,0.929
2023-02-11 15:00:00,6.9,11.81,89.12,100.93,431.16,23.41,0.9936,59.959,4.37,0.958
2023-02-11 16:00:00,9.18,27.88,50.99,78.87,475.51,16.59,1.0057,60.09,3.83,0.96
2023-02-11 17:00:00,11.06,48.74,36.69,85.43,478.05,17.87,1.019,59.941,3.82,0.935
2023-02-11 18:00:00,11.63,56.59,9.56,66.15,464.98,14.23,0.9595,59.98,4.28,0.941
2023-02-11 19:00:00,5.74,6.81,9.56,16.37,451.88,3.62,0.9923,60.134,3.57,0.948
2023-02-11 20:00:00,6.08,8.11,9.56,17.67,494.99,3.57,1.0039,60.148,3.25,0.945
2023-02-11 21:00:00,11.61,56.38,9.56,65.94,483.09,13.65,0.9803,60.157,3.79,0.949
2023-02-11 22:00:00,10.16,37.71,9.56,47.27,490.04,9.65,1.0337,59.969,4.01,0.947
2023-02-11 23:00:00,11.18,50.32,9.56,59.88,469.37,12.76,0.986,60.122,4.03,0.92
2023-02-12 00:00:00,6.42,9.52,9.56,19.08,464.51,4.11,0.9988,59.9,3.87,0.945
2023-02-12 01:00:00,9.11,27.25,9.56,36.81,397.45,9.26,1.0102,59.906,3.89,0.947
2023-02-12 02:00:00,9.91,35.02,9.56,44.58,432.08,10.32,0.9871,59.763,3.46,0.967
2023-02-12 03:00:00,9.76,33.48,9.56,43.04,377.53,11.4,0.9619,60.165,4.09,0.93
2023-02-12 04:00:00,7.86,17.46,9.56,27.02,414.34,6.52,0.9908,59.909,4.02,0.952
2023-02-12 05:00:00,5.11,4.8,9.56,14.36,314.65,4.56,1.0201,59.982,3.29,0.96
2023-02-12 06:00:00,9.08,26.95,9.56,36.51,374.54,9.75,0.9923,59.906,3.33,0.944
2023-02-12 07:00:00,6.77,11.18,29.14,40.32,320.31,12.59,0.9818,60.068,4.23,0.92
2023-02-12 08:00:00,8.15,19.5,66.87,86.37,292.07,29.57,1.0156,59.97,4.46,0.961
2023-02-12 09:00:00,11.7,57.7,66.69,124.39,299.86,41.48,0.9892,59.883,4.72,0.952
2023-02-12 10:00:00,7.79,17.04,72.47,89.51,312.85,28.61,0.9869,60.051,4.46,0.946
2023-02-12 11:00:00,10.88,46.35,106.02,152.37,348.05,43.78,0.9986,59.871,4.42,0.938
2023-02-12 12:00:00,6.32,9.09,106.3,115.38,367.77,31.37,1.0123,59.924,4.27,0.92
2023-02-12 13:00:00,9.71,32.93,94.96,127.89,354.39,36.09,1.044,59.8,4.27,0.955
2023-02-12 14:00:00,11.84,59.74,86.41,146.15,391.82,37.3,1.0128,59.869,3.8,0.969
2023-02-12 15:00:00,5.71,6.71,84.16,90.87,477.77,19.02,1.0213,60.02,4.13,0.922
2023-02-12 16:00:00,5.06,4.66,48.7,53.36,484.85,11.01,0.9888,59.802,3.73,0.974
2023-02-12 17:00:00,8.04,18.68,37.28,55.96,462.88,12.09,0.9783,59.85,3.89,0.969
2023-02-12 18:00:00,5.65,6.49,9.56,16.05,463.79,3.46,1.0009,59.994,3.57,0.926
2023-02-12 19:00:00,10.24,38.64,9.56,48.2,474.34,10.16,1.0011,59.943,3.7,0.939
2023-02-12 20:00:00,11.4,53.36,9.56,62.92,491.9,12.79,0.9772,60.198,3.43,0.92
2023-02-12 21:00:00,8.04,18.7,9.56,28.26,440.05,6.42,0.9959,60.179,3.41,0.947
2023-02-12 22:00:00,6.81,11.37,9.56,20.93,454.93,4.6,1.0075,59.908,3.25,0.958
2023-02-12 23:00:00,8.04,18.72,9.56,28.28,399.73,7.07,1.0065,60.052,3.34,0.921
2023-02-13 00:00:00,10.06,36.7,9.56,46.26,520.82,8.88,1.0092,60.072,4.15,0.955
2023-02-13 01:00:00,5.06,4.67,9.56,14.23,505.32,2.82,1.0055,59.934,3.21,0.962
2023-02-13 02:00:00,9.13,27.36,9.56,36.92,446.79,8.26,0.989,59.847,3.43,0.961
2023-02-13 03:00:00,9.29,28.89,9.56,38.45,483.89,7.95,0.9889,59.995,3.75,0.957
2023-02-13 04:00:00,9.46,30.51,9.56,40.07,376.96,10.63,0.975,59.981,3.82,0.922
2023-02-13 05:00:00,6.69,10.8,9.56,20.36,350.1,5.82,1.0351,59.952,3.27,0.946
2023-02-13 06:00:00,10.0,35.98,9.56,45.54,385.65,11.81,0.9991,60.043,4.03,0.954
2023-02-13 07:00:00,5.64,6.46,29.96,36.42,400.83,9.09,0.9946,59.922,3.97,0.976
2023-02-13 08:00:00,6.39,9.41,53.94,63.35,416.7,15.2,0.9799,59.885,3.54,0.945
2023-02-13 09:00:00,11.14,49.8,65.81,115.61,355.65,32.51,1.0555,60.02,3.94,0.949
2023-02-13 10:00:00,10.17,37.88,69.66,107.54,411.28,26.15,0.9759,60.044,4.46,0.924
2023-02-13 11:00:00,5.1,4.76,117.47,122.24,392.88,31.11,0.9883,59.89,4.45,0.92
2023-02-13 12:00:00,6.74,11.02,117.99,129.0,408.55,31.58,1.0052,60.101,4.33,0.92
2023-02-13 13:00:00,6.5,9.89,109.75,119.65,463.18,25.83,1.0094,59.828,3.6,0.934
2023-02-13 14:00:00,6.9,11.8,76.38,88.18,480.86,18.34,1.0173,59.944,3.79,0.986
2023-02-13 15:00:00,6.73,10.99,62.56,73.55,438.61,16.77,1.0345,59.975,3.89,0.937
2023-02-13 16:00:00,5.44,5.79,45.82,51.61,553.14,9.33,1.0092,59.934,3.37,0.954
2023-02-13 17:00:00,8.21,19.94,36.19,56.13,569.95,9.85,0.9779,59.941,3.65,0.958
2023-02-13 18:00:00,10.13,37.41,9.56,46.97,524.89,8.95,0.994,60.184,3.78,0.925
2023-02-13 19:00:00,9.25,28.47,9.56,38.03,565.03,6.73,1.0055,59.911,3.46,0.939
2023-02-13 20:00:00,9.71,32.96,9.56,42.52,571.22,7.44,1.0406,60.24,3.93,0.96
2023-02-13 21:00:00,5.57,6.21,9.56,15.77,560.98,2.81,0.9718,60.038,3.9,0.958
2023-02-13 22:00:00,11.66,57.08,9.56,66.64,527.15,12.64,1.0228,60.008,3.58,0.92
2023-02-13 23:00:00,10.87,46.23,9.56,55.79,508.39,10.97,1.0025,60.046,4.06,0.959
2023-02-14 00:00:00,10.64,43.31,9.56,52.87,507.48,10.42,1.0157,60.251,3.31,0.936
2023-02-14 01:00:00,10.76,44.86,9.56,54.42,520.52,10.45,0.9969,59.898,4.05,0.936
2023-02-14 02:00:00,11.53,55.17,9.56,64.73,477.06,13.57,0.9818,59.887,3.42,0.954
2023-02-14 03:00:00,8.81,24.61,9.56,34.17,425.04,8.04,1.0142,59.921,3.24,0.978
2023-02-14 04:00:00,6.4,9.45,9.56,19.01,436.4,4.36,1.0127,59.998,3.73,0.945
2023-02-14 05:00:00,9.32,29.12,9.56,38.68,308.12,12.55,1.0182,59.826,3.72,0.97
2023-02-14 06:00:00,10.2,38.21,9.56,47.77,412.94,11.57,0.9986,60.001,4.14,0.92
2023-02-14 07:00:00,10.17,37.82,29.83,67.65,316.8,21.35,0.9859,60.173,3.79,0.946
2023-02-14 08:00:00,8.65,23.3,45.23,68.53,354.88,19.31,0.9669,60.017,3.67,0.933
2023-02-14 09:00:00,5.48,5.92,71.57,77.49,335.4,23.1,1.0141,59.975,3.96,0.949
2023-02-14 10:00:00,7.6,15.79,101.99,117.78,339.64,34.68,1.005,59.948,4.15,0.934
2023-02-14 11:00:00,11.45,53.97,92.0,145.98,428.4,34.07,0.9773,60.099,4.03,0.92
2023-02-14 12:00:00,9.09,27.05,99.68,126.73,399.22,31.74,0.9861,59.926,4.33,0.923
2023-02-14 13:00:00,8.77,24.27,106.97,131.24,446.56,29.39,0.9877,60.192,4.35,0.92
2023-02-14 14:00:00,6.88,11.73,90.2,101.94,459.34,22.19,0.9681,60.197,4.3,0.92
2023-02-14 15:00:00,7.58,15.67,86.96,102.64,499.65,20.54,0.9816,60.028,4.38,0.953
2023-02-14 16:00:00,11.27,51.5,64.4,115.89,510.55,22.7,0.9751,60.003,3.72,0.938
2023-02-14 17:00:00,9.67,32.5,27.67,60.18,489.44,12.3,0.9905,60.102,3.96,0.951
2023-02-14 18:00:00,10.51,41.81,9.56,51.37,572.91,8.97,0.9843,60.106,3.57,0.984
2023-02-14 19:00:00,8.18,19.71,9.56,29.27,537.7,5.44,0.9669,59.915,3.79,0.942
2023-02-14 20:00:00,9.41,30.01,9.56,39.57,509.05,7.77,1.0397,59.944,3.63,0.96
2023-02-14 21:00:00,6.74,11.02,9.56,20.58,539.67,3.81,1.0247,59.862,4.07,0.949
2023-02-14 22:00:00,9.94,35.34,9.56,44.9,588.05,7.63,0.9837,60.037,3.88,0.99
2023-02-14 23:00:00,7.99,18.39,9.56,27.95,553.43,5.05,1.0049,60.062,4.05,0.92
2023-02-15 00:00:00,8.1,19.12,9.56,28.68,497.2,5.77,1.0078,59.86,3.95,0.934
2023-02-15 01:00:00,9.55,31.31,9.56,40.87,474.29,8.62,1.023,59.951,4.08,0.96
2023-02-15 02:00:00,11.55,55.53,9.56,65.09,450.56,14.45,0.9822,59.865,4.1,0.931
2023-02-15 03:00:00,5.45,5.82,9.56,15.38,497.95,3.09,1.0215,59.904,3.52,0.96
2023-02-15 04:00:00,10.77,45.01,9.56,54.57,424.22,12.86,0.9878,60.054,3.51,0.945
2023-02-15 05:00:00,7.05,12.6,9.56,22.16,406.02,5.46,0.9727,59.922,3.48,0.966
2023-02-15 06:00:00,8.11,19.18,9.56,28.74,408.94,7.03,1.0138,59.966,3.16,0.925
2023-02-15 07:00:00,5.15,4.93,27.68,32.6,375.72,8.68,1.0249,59.834,3.7,0.951
2023-02-15 08:00:00,7.11,12.92,53.77,66.69,357.55,18.65,1.0499,60.021,3.88,0.954
2023-02-15 09:00:00,8.52,22.25,66.54,88.79,362.66,24.48,0.9736,60.0,4.01,0.945
2023-02-15 10:00:00,5.39,5.65,102.84,108.48,375.89,28.86,1.0111,59.934,4.55,0.944
2023-02-15 11:00:00,8.44,21.63,91.99,113.62,392.0,28.98,0.9889,59.988,4.49,0.965
2023-02-15 12:00:00,11.49,54.61,117.67,172.27,434.6,39.64,1.0117,60.03,3.95,0.92
2023-02-15 13:00:00,5.74,6.8,76.88,83.68,437.21,19.14,0.9687,59.921,3.75,0.947
2023-02-15 14:00:00,10.35,39.93,82.28,122.21,482.19,25.34,0.9722,59.858,3.93,0.92
2023-02-15 15:00:00,7.87,17.53,66.75,84.28,482.35,17.47,0.9827,60.182,3.71,0.96
2023-02-15 16:00:00,9.59,31.71,49.82,81.53,510.01,15.99,1.0,59.937,4.12,0.928
2023-02-15 17:00:00,6.82,11.43,28.41,39.84,467.36,8.52,0.9863,59.987,3.69,0.92
2023-02-15 18:00:00,6.12,8.24,9.56,17.8,569.88,3.12,1.0129,60.095,3.63,0.965
2023-02-15 19:00:00,6.12,8.27,9.56,17.83,562.26,3.17,1.0202,60.347,3.92,0.944
2023-02-15 20:00:00,5.49,5.97,9.56,15.53,585.04,2.65,1.0117,59.869,3.86,0.956
2023-02-15 21:00:00,6.3,9.0,9.56,18.56,464.98,3.99,1.032,60.039,3.21,0.977
2023-02-15 22:00:00,9.65,32.35,9.56,41.91,605.04,6.93,1.0076,59.925,3.85,0.955
2023-02-15 23:00:00,11.17,50.2,9.56,59.76,523.12,11.42,0.9745,59.944,3.66,0.95
2023-02-16 00:00:00,10.7,44.09,9.56,53.65,540.31,9.93,1.0263,59.925,3.49,0.946
2023-02-16 01:00:00,9.8,33.84,9.56,43.4,453.01,9.58,0.9869,59.885,3.24,0.924
2023-02-16 02:00:00,5.77,6.93,9.56,16.49,478.06,3.45,1.0179,59.99,3.56,0.945
2023-02-16 03:00:00,7.02,12.48,9.56,22.04,403.54,5.46,1.0309,59.848,3.46,0.988
2023-02-16 04:00:00,7.17,13.26,9.56,22.82,393.57,5.8,1.0086,60.09,3.37,0.941
2023-02-16 05:00:00,6.75,11.07,9.56,20.63,450.08,4.58,0.9696,60.0,3.79,0.946
2023-02-16 06:00:00,8.61,22.94,9.56,32.5,371.87,8.74,0.9808,60.039,3.94,0.973
2023-02-16 07:00:00,8.75,24.11,31.22,55.33,374.65,14.77,1.025,59.953,3.54,0.92
2023-02-16 08:00:00,7.5,15.18,51.92,67.1,391.0,17.16,0.9949,59.964,3.39,0.957
2023-02-16 09:00:00,7.48,15.05,64.33,79.38,382.99,20.73,0.9995,60.032,4.26,0.92
2023-02-16 10:00:00,10.8,45.35,101.58,146.93,382.1,38.45,1.0113,59.895,3.78,0.946
2023-02-16 11:00:00,10.53,41.97,82.5,124.47,403.6,30.84,1.0108,59.972,4.55,0.94
2023-02-16 12:00:00,7.15,13.18,108.92,122.11,484.39,25.21,1.0031,59.919,4.13,0.955
2023-02-16 13:00:00,11.4,53.29,82.56,135.85,433.41,31.34,0.9927,59.919,3.95,0.92
2023-02-16 14:00:00,11.67,57.21,72.86,130.07,465.71,27.93,0.991,59.795,3.81,0.931
2023-02-16 15:00:00,7.29,13.93,88.85,102.78,515.72,19.93,1.0152,60.136,3.41,0.957
2023-02-16 16:00:00,7.48,15.07,48.89,63.96,540.23,11.84,1.0099,59.93,3.47,0.936
2023-02-16 17:00:00,8.54,22.42,37.52,59.94,562.3,10.66,0.9938,60.114,3.35,0.962
2023-02-16 18:00:00,11.59,56.02,9.56,65.58,560.91,11.69,1.0205,60.105,3.85,0.951
2023-02-16 19:00:00,11.13,49.69,9.56,59.25,516.93,11.46,0.9963,59.87,3.4,0.938
2023-02-16 20:00:00,5.72,6.73,9.56,16.29,603.45,2.7,0.9827,59.885,3.58,0.943
2023-02-16 21:00:00,7.75,16.75,9.56,26.31,516.83,5.09,0.9843,60.251,3.69,0.949
2023-02-16 22:00:00,8.87,25.15,9.56,34.71,550.83,6.3,0.9798,60.171,3.42,0.944
2023-02-16 23:00:00,8.52,22.28,9.56,31.84,504.06,6.32,0.9939,59.993,3.16,0.963
2023-02-17 00:00:00,6.36,9.25,9.56,18.81,504.54,3.73,1.0243,60.02,3.11,0.941
2023-02-17 01:00:00,11.01,48.07,9.56,57.63,493.5,11.68,0.9827,59.935,3.26,0.935
2023-02-17 02:00:00,9.74,33.25,9.56,42.81,468.77,9.13,1.0029,60.04,3.92,0.965
2023-02-17 03:00:00,10.87,46.18,9.56,55.74,447.29,12.46,0.9856,59.927,3.57,0.938
2023-02-17 04:00:00,11.01,48.06,9.56,57.62,460.21,12.52,0.9935,59.796,4.05,0.935
2023-02-17 05:00:00,10.24,38.64,9.56,48.2,405.8,11.88,0.9686,59.866,3.67,0.92
2023-02-17 06:00:00,8.07,18.95,9.56,28.51,369.82,7.71,0.9948,59.998,3.61,0.927
2023-02-17 07:00:00,9.27,28.71,38.39,67.1,396.61,16.92,0.9944,59.888,3.85,0.928
2023-02-17 08:00:00,6.12,8.26,49.18,57.44,400.15,14.36,1.0094,59.993,4.0,0.935
2023-02-17 09:00:00,9.72,33.01,68.4,101.41,330.86,30.65,1.0014,59.9,3.89,0.926
2023-02-17 10:00:00,6.25,8.81,81.81,90.62,395.07,22.94,0.9737,59.926,3.58,0.963
2023-02-17 11:00:00,9.86,34.48,94.11,128.6,413.23,31.12,1.0186,60.093,4.18,0.925
2023-02-17 12:00:00,6.61,10.38,97.85,108.24,402.87,26.87,1.0015,60.031,3.86,0.928
2023-02-17 13:00:00,5.82,7.11,101.66,108.77,475.9,22.85,1.0017,60.003,3.9,0.946
2023-02-17 14:00:00,6.16,8.4,76.6,85.0,454.63,18.7,0.9979,60.09,4.02,0.922
2023-02-17 15:00:00,5.01,4.54,81.82,86.36,487.4,17.72,0.9879,60.049,3.85,0.976
2023-02-17 16:00:00,10.03,36.34,48.44,84.78,501.27,16.91,1.0027,60.146,3.96,0.961
2023-02-17 17:00:00,10.13,37.39,31.41,68.8,526.54,13.07,1.0082,59.953,3.81,0.923
2023-02-17 18:00:00,8.6,22.93,9.56,32.49,508.23,6.39,0.9644,59.953,3.87,0.968
2023-02-17 19:00:00,6.13,8.29,9.56,17.85,507.37,3.52,0.9889,59.864,3.78,0.973
2023-02-17 20:00:00,5.58,6.27,9.56,15.83,601.64,2.63,0.9946,59.951,3.59,0.926
2023-02-17 21:00:00,5.13,4.87,9.56,14.43,525.17,2.75,1.0048,60.09,3.73,0.926
2023-02-17 22:00:00,6.16,8.42,9.56,17.98,511.38,3.52,1.0235,60.124,3.94,0.937
2023-02-17 23:00:00,11.24,51.07,9.56,60.63,461.47,13.14,0.9833,60.095,3.7,0.92
2023-02-18 00:00:00,6.69,10.78,9.56,20.34,410.82,4.95,0.9895,59.816,3.51,0.933
2023-02-18 01:00:00,7.48,15.07,9.56,24.63,370.91,6.64,0.9891,60.104,3.9,0.94
2023-02-18 02:00:00,5.74,6.8,9.56,16.36,439.07,3.73,0.9836,59.811,3.66,0.959
2023-02-18 03:00:00,6.56,10.15,9.56,19.71,399.3,4.94,0.9926,60.085,3.17,0.95
2023-02-18 04:00:00,8.63,23.18,9.56,32.74,328.97,9.95,1.0144,59.961,4.09,0.944
2023-02-18 05:00:00,9.25,28.53,9.56,38.09,400.55,9.51,0.978,60.068,3.22,0.937
2023-02-18 06:00:00,6.72,10.91,9.56,20.47,349.65,5.86,1.008,59.862,3.87,0.922
2023-02-18 07:00:00,5.4,5.68,31.96,37.64,302.43,12.45,0.9647,60.116,4.01,0.958
2023-02-18 08:00:00,7.74,16.67,45.61,62.29,234.45,26.57,0.9861,59.859,4.48,0.953
2023-02-18 09:00:00,6.64,10.54,65.04,75.58,380.9,19.84,0.9914,59.936,3.45,0.932
2023-02-18 10:00:00,6.54,10.06,86.13,96.19,278.51,34.54,1.03,59.91,4.29,0.92
2023-02-18 11:00:00,11.72,57.94,120.04,177.98,283.61,62.76,0.9882,59.848,4.68,0.962
2023-02-18 12:00:00,9.31,29.09,86.25,115.34,380.3,30.33,0.9529,60.017,3.94,0.946
2023-02-18 13:00:00,8.9,25.36,111.73,137.09,442.2,31.0,0.9569,60.189,3.71,0.949
2023-02-18 14:00:00,7.91,17.82,74.66,92.48,431.33,21.44,0.9985,60.27,3.99,0.952
2023-02-18 15:00:00,8.0,18.45,91.55,110.0,427.52,25.73,1.0097,60.015,3.99,0.92
2023-02-18 16:00:00,8.79,24.42,53.52,77.94,447.83,17.4,1.0058,60.113,3.45,0.975
2023-02-18 17:00:00,9.88,34.67,37.08,71.74,472.24,15.19,1.0018,60.023,3.92,0.937
2023-02-18 18:00:00,9.92,35.09,9.56,44.65,482.18,9.26,1.0223,60.047,3.92,0.964
2023-02-18 19:00:00,6.2,8.59,9.56,18.15,475.87,3.81,0.9888,59.96,3.84,0.978
2023-02-18 20:00:00,8.5,22.11,9.56,31.67,473.3,6.69,1.0172,60.015,4.04,0.95
2023-02-18 21:00:00,7.88,17.64,9.56,27.2,465.56,5.84,0.9668,60.049,3.53,0.925
2023-02-18 22:00:00,11.09,49.15,9.56,58.71,436.79,13.44,0.9806,59.941,4.22,0.92
2023-02-18 23:00:00,9.42,30.09,9.56,39.65,438.22,9.05,0.963,59.989,4.05,0.947
2023-02-19 00:00:00,8.73,23.93,9.56,33.49,378.7,8.84,0.9936,59.991,3.47,0.952
2023-02-19 01:00:00,5.81,7.05,9.56,16.61,407.17,4.08,0.9987,60.077,3.24,0.937
2023-02-19 02:00:00,9.24,28.4,9.56,37.96,359.69,10.55,1.0012,59.891,3.65,0.95
2023-02-19 03:00:00,5.82,7.1,9.56,16.66,335.46,4.97,1.0007,59.99,3.5,0.957
2023-02-19 04:00:00,7.36,14.36,9.56,23.92,354.61,6.74,0.9808,60.187,3.71,0.968
2023-02-19 05:00:00,6.0,7.78,9.56,17.34,374.34,4.63,0.9957,60.111,3.68,0.944
2023-02-19 06:00:00,9.84,34.35,9.56,43.91,347.37,12.64,0.9688,60.134,4.0,0.945
2023-02-19 07:00:00,6.44,9.63,32.05,41.68,264.69,15.75,1.0257,60.003,3.82,0.942
2023-02-19 08:00:00,7.74,16.71,48.15,64.87,279.38,23.22,0.9916,60.036,3.57,0.944
2023-02-19 09:00:00,11.27,51.53,78.97,130.5,340.03,38.38,0.9864,60.112,4.63,0.928
2023-02-19 10:00:00,6.43,9.57,103.41,112.98,290.35,38.91,1.0279,60.168,4.09,0.928
2023-02-19 11:00:00,8.55,22.54,94.68,117.22,325.84,35.97,0.9716,59.815,4.69,0.93
2023-02-19 12:00:00,7.93,17.99,85.99,103.97,365.71,28.43,0.9746,59.875,3.69,0.945
2023-02-19 13:00:00,5.13,4.85,86.3,91.15,339.52,26.85,0.9754,60.137,4.5,0.925
2023-02-19 14:00:00,10.55,42.26,80.01,122.28,392.51,31.15,0.9955,59.98,3.71,0.932
2023-02-19 15:00:00,5.48,5.94,69.15,75.09,370.1,20.29,1.0066,59.935,3.64,0.98
2023-02-19 16:00:00,8.32,20.73,59.73,80.46,411.45,19.55,1.0128,59.877,3.44,0.962
2023-02-19 17:00:00,8.92,25.59,35.02,60.61,455.71,13.3,1.0501,59.944,3.97,0.927
2023-02-19 18:00:00,9.4,29.89,9.56,39.45,411.08,9.6,0.9541,59.857,4.04,0.964
2023-02-19 19:00:00,9.82,34.1,9.56,43.66,480.1,9.09,1.0113,60.206,3.62,0.96
2023-02-19 20:00:00,6.77,11.18,9.56,20.74,469.04,4.42,0.9884,59.992,4.02,0.947
2023-02-19 21:00:00,5.07,4.69,9.56,14.25,483.46,2.95,0.988,59.988,3.65,0.935
2023-02-19 22:00:00,10.06,36.7,9.56,46.26,465.59,9.94,0.9866,60.056,3.83,0.931
2023-02-19 23:00:00,8.75,24.11,9.56,33.67,487.04,6.91,0.9811,60.092,3.98,0.952
2023-02-20 00:00:00,10.85,46.02,9.56,55.58,508.44,10.93,1.0326,60.093,3.52,0.93
2023-02-20 01:00:00,10.75,44.72,9.56,54.28,469.05,11.57,1.0157,60.106,3.59,0.968
2023-02-20 02:00:00,10.9,46.66,9.56,56.22,461.19,12.19,0.9992,59.936,4.15,0.974
2023-02-20 03:00:00,8.4,21.3,9.56,30.86,449.4,6.87,1.0263,59.966,4.04,0.947
2023-02-20 04:00:00,7.34,14.21,9.56,23.77,411.82,5.77,0.9692,60.072,4.09,0.971
2023-02-20 05:00:00,10.54,42.16,9.56,51.72,392.03,13.19,0.9721,59.946,4.17,0.938
2023-02-20 06:00:00,8.16,19.55,9.56,29.11,354.76,8.21,0.9556,59.996,3.29,0.933
2023-02-20 07:00:00,6.28,8.93,31.61,40.55,346.51,11.7,0.9848,60.038,4.06,0.968
2023-02-20 08:00:00,10.98,47.72,46.05,93.77,321.11,29.2,1.0003,60.086,3.99,0.973
2023-02-20 09:00:00,11.18,50.28,79.55,129.83,418.88,30.99,0.999,59.83,4.61,0.98
2023-02-20 10:00:00,8.26,20.32,80.29,100.61,338.51,29.72,1.0,60.079,4.07,0.948
2023-02-20 11:00:00,5.53,6.09,95.06,101.15,370.03,27.34,0.969,59.983,4.1,0.959
2023-02-20 12:00:00,7.71,16.53,83.71,100.24,388.8,25.78,1.0135,60.076,4.05,0.948
2023-02-20 13:00:00,10.62,43.18,84.2,127.38,459.95,27.69,1.002,60.084,3.88,0.97
2023-02-20 14:00:00,11.31,52.12,82.61,134.73,448.67,30.03,1.0117,60.168,3.68,0.95
2023-02-20 15:00:00,6.42,9.55,62.3,71.84,519.36,13.83,0.9608,60.135,4.17,0.962
2023-02-20 16:00:00,5.47,5.89,66.11,72.0,484.48,14.86,1.0047,60.135,4.1,0.923
2023-02-20 17:00:00,11.14,49.79,27.85,77.64,532.59,14.58,0.9748,60.144,3.43,0.941
2023-02-20 18:00:00,7.73,16.6,9.56,26.16,514.15,5.09,0.9915,60.024,3.88,0.965
2023-02-20 19:00:00,8.79,24.47,9.56,34.03,612.99,5.55,1.0101,59.998,3.74,0.963
2023-02-20 20:00:00,11.78,58.8,9.56,68.36,516.22,13.24,1.0005,60.086,3.67,0.964
2023-02-20 21:00:00,5.47,5.88,9.56,15.44,557.93,2.77,0.9827,60.067,3.31,0.952
2023-02-20 22:00:00,9.54,31.24,9.56,40.8,558.23,7.31,0.9994,59.965,4.01,0.935
2023-02-20 23:00:00,5.52,6.05,9.56,15.61,536.63,2.91,0.9691,60.034,3.76,0.948
2023-02-21 00:00:00,7.63,15.98,9.56,25.54,498.53,5.12,1.0225,59.992,3.65,0.949
2023-02-21 01:00:00,10.63,43.2,9.56,52.76,477.47,11.05,0.9948,59.913,3.83,0.952
2023-02-21 02:00:00,8.03,18.67,9.56,28.23,458.29,6.16,1.0218,60.125,3.21,0.929
2023-02-21 03:00:00,11.98,61.9,9.56,71.46,428.18,16.69,0.9878,60.006,3.81,0.94
2023-02-21 04:00:00,8.91,25.49,9.56,35.05,438.78,7.99,0.9887,60.201,3.35,0.946
2023-02-21 05:00:00,7.25,13.71,9.56,23.27,456.67,5.1,0.9842,59.832,3.31,0.92
2023-02-21 06:00:00,6.54,10.07,9.56,19.63,358.65,5.47,1.017,59.94,3.77,0.965
2023-02-21 07:00:00,7.45,14.91,29.83,44.74,324.87,13.77,0.9844,60.003,4.19,0.949
2023-02-21 08:00:00,7.61,15.85,66.36,82.21,360.11,22.83,1.0106,60.118,3.86,0.948
2023-02-21 09:00:00,5.48,5.93,70.32,76.25,443.36,17.2,0.9906,60.041,3.55,0.935
2023-02-21 10:00:00,7.59,15.72,85.78,101.5,351.27,28.89,0.9576,60.038,4.23,0.953
2023-02-21 11:00:00,8.25,20.21,112.17,132.39,439.53,30.12,0.9856,59.895,4.47,0.924
2023-02-21 12:00:00,10.06,36.64,96.0,132.64,460.2,28.82,0.9735,59.891,4.32,0.928
2023-02-21 13:00:00,9.6,31.82,120.9,152.72,415.98,36.71,0.997,60.043,4.6,0.952
2023-02-21 14:00:00,9.96,35.58,100.67,136.25,474.05,28.74,0.9733,59.87,4.11,0.949
2023-02-21 15:00:00,5.06,4.66,79.28,83.94,530.22,15.83,1.0169,59.947,4.07,0.92
2023-02-21 16:00:00,6.52,9.99,65.52,75.52,492.72,15.33,0.9966,60.05,3.45,0.977
2023-02-21 17:00:00,9.63,32.17,28.41,60.58,517.5,11.71,0.9953,59.9,3.58,0.931
2023-02-21 18:00:00,8.39,21.25,9.56,30.81,521.13,5.91,1.0125,60.156,3.51,0.946
2023-02-21 19:00:00,5.04,4.6,9.56,14.16,517.55,2.74,1.019,60.116,3.57,0.984
2023-02-21 20:00:00,10.63,43.26,9.56,52.82,531.72,9.93,0.9986,59.84,4.13,0.92
2023-02-21 21:00:00,10.41,40.61,9.56,50.17,511.27,9.81,0.9836,59.904,4.07,0.92
2023-02-21 22:00:00,8.84,24.86,9.56,34.42,539.6,6.38,0.9639,59.767,3.26,0.957
2023-02-21 23:00:00,5.47,5.88,9.56,15.44,500.5,3.08,0.986,59.916,3.23,0.92
2023-02-22 00:00:00,10.37,40.09,9.56,49.65,510.51,9.73,0.9867,60.074,3.55,0.92
2023-02-22 01:00:00,9.09,27.0,9.56,36.56,434.12,8.42,1.0013,59.955,3.46,0.971
2023-02-22 02:00:00,10.47,41.36,9.56,50.92,466.37,10.92,0.992,60.044,3.83,0.939
2023-02-22 03:00:00,10.26,38.91,9.56,48.47,457.09,10.6,1.0127,59.846,4.11,0.99
2023-02-22 04:00:00,10.62,43.13,9.56,52.69,349.57,15.07,0.9862,60.08,4.26,0.925
2023-02-22 05:00:00,8.63,23.11,9.56,32.67,401.11,8.14,0.998,59.941,3.82,0.941
2023-02-22 06:00:00,5.98,7.71,9.56,17.27,411.77,4.19,1.0233,59.996,3.92,0.96
2023-02-22 07:00:00,9.7,32.84,37.14,69.98,329.25,21.25,1.0047,59.994,3.95,0.953
2023-02-22 08:00:00,9.34,29.36,64.01,93.37,412.5,22.63,0.9965,59.877,3.66,0.938
2023-02-22 09:00:00,10.2,38.16,70.91,109.06,378.11,28.84,0.9851,59.892,4.1,0.928
2023-02-22 10:00:00,6.19,8.53,88.44,96.98,353.79,27.41,0.9846,60.103,4.1,0.946
2023-02-22 11:00:00,6.36,9.28,116.41,125.69,388.22,32.38,0.9798,60.049,4.39,0.968
2023-02-22 12:00:00,11.23,51.02,97.33,148.35,426.13,34.81,0.9857,60.115,3.92,0.955
2023-02-22 13:00:00,10.25,38.77,113.93,152.7,434.36,35.15,1.0116,60.043,4.07,0.927
2023-02-22 14:00:00,11.36,52.74,109.13,161.88,472.6,34.25,0.9921,60.024,4.05,0.92
2023-02-22 15:00:00,10.31,39.46,80.28,119.74,453.18,26.42,0.9704,59.833,4.49,0.928
2023-02-22 16:00:00,9.18,27.85,62.35,90.2,508.58,17.74,1.0336,59.974,3.8,0.92
2023-02-22 17:00:00,9.58,31.64,37.66,69.3,480.57,14.42,1.005,59.997,4.04,0.949
2023-02-22 18:00:00,11.22,50.9,9.56,60.46,534.6,11.31,0.9707,60.193,3.98,0.963
2023-02-22 19:00:00,9.05,26.7,9.56,36.26,520.23,6.97,0.9905,60.065,3.4,0.946
2023-02-22 20:00:00,9.43,30.16,9.56,39.72,528.48,7.52,1.0015,60.15,3.72,0.982
2023-02-22 21:00:00,6.1,8.15,9.56,17.71,584.43,3.03,1.0338,60.054,3.95,0.985
2023-02-22 22:00:00,8.32,20.71,9.56,30.27,570.68,5.3,0.9773,59.924,3.58,0.955
2023-02-22 23:00:00,10.01,36.16,9.56,45.72,541.26,8.45,1.0187,60.008,4.11,0.962
2023-02-23 00:00:00,6.9,11.81,9.56,21.37,470.13,4.55,1.0275,60.018,3.31,0.931
2023-02-23 01:00:00,6.42,9.51,9.56,19.07,470.74,4.05,0.987,59.901,3.16,0.942
2023-02-23 02:00:00,7.2,13.42,9.56,22.98,492.29,4.67,0.994,59.956,3.98,0.974
2023-02-23 03:00:00,6.69,10.78,9.56,20.34,435.82,4.67,0.9788,59.974,3.94,0.937
2023-02-23 04:00:00,6.5,9.91,9.56,19.47,478.48,4.07,0.9955,60.155,4.07,0.979
2023-02-23 05:00:00,7.97,18.25,9.56,27.81,401.23,6.93,0.9986,59.788,3.82,0.97
2023-02-23 06:00:00,11.35,52.7,9.56,62.26,380.26,16.37,1.0116,60.121,4.26,0.96
2023-02-23 07:00:00,8.55,22.5,31.45,53.95,355.83,15.16,1.0203,59.906,4.13,0.922
2023-02-23 08:00:00,6.32,9.07,62.62,71.69,365.91,19.59,0.9831,59.865,4.24,0.938
2023-02-23 09:00:00,5.54,6.12,75.73,81.84,360.53,22.7,0.9584,60.122,4.02,0.956
2023-02-23 10:00:00,9.87,34.65,79.7,114.35,395.74,28.89,0.9967,60.08,3.96,0.922
2023-02-23 11:00:00,7.68,16.3,122.04,138.34,418.13,33.09,1.0026,60.134,4.6,0.936
2023-02-23 12:00:00,10.75,44.76,114.11,158.86,385.32,41.23,1.0009,60.093,4.26,0.953
2023-02-23 13:00:00,9.62,32.02,121.58,153.59,391.63,39.22,0.9895,60.218,4.32,0.927
2023-02-23 14:00:00,10.57,42.56,88.33,130.89,400.81,32.66,0.9992,60.065,4.1,0.923
2023-02-23 15:00:00,6.9,11.84,75.48,87.32,495.47,17.62,1.0285,59.986,3.92,0.92
2023-02-23 16:00:00,9.85,34.37,66.15,100.52,469.8,21.4,1.0055,60.037,3.9,0.936
2023-02-23 17:00:00,6.85,11.56,34.3,45.86,457.78,10.02,0.9915,60.122,3.25,0.962
2023-02-23 18:00:00,11.57,55.81,9.56,65.37,548.96,11.91,0.9888,59.921,4.12,0.929
2023-02-23 19:00:00,9.45,30.43,9.56,39.99,621.49,6.43,0.996,59.931,3.57,0.948
2023-02-23 20:00:00,7.27,13.84,9.56,23.4,549.72,4.26,1.0323,59.964,3.67,0.944
2023-02-23 21:00:00,6.89,11.76,9.56,21.32,571.85,3.73,0.996,59.784,3.21,0.936
2023-02-23 22:00:00,6.34,9.16,9.56,18.72,539.76,3.47,0.9993,60.008,3.07,0.966
2023-02-23 23:00:00,9.86,34.54,9.56,44.1,519.4,8.49,0.9895,59.808,3.42,0.98
2023-02-24 00:00:00,6.53,10.03,9.56,19.59,529.88,3.7,1.0216,60.0,3.78,0.969
2023-02-24 01:00:00,9.17,27.73,9.56,37.29,470.95,7.92,1.0384,60.083,3.26,0.934
2023-02-24 02:00:00,6.85,11.58,9.56,21.14,463.38,4.56,1.0086,59.947,4.0,0.988
2023-02-24 03:00:00,9.63,32.19,9.56,41.75,440.71,9.47,1.0007,60.165,3.4,0.967
2023-02-24 04:00:00,10.7,44.16,9.56,53.72,388.37,13.83,0.9994,59.853,3.48,0.937
2023-02-24 05:00:00,10.45,41.04,9.56,50.6,418.73,12.08,0.9511,60.118,3.42,0.931
2023-02-24 06:00:00,10.33,39.64,9.56,49.2,368.8,13.34,1.0136,60.067,3.28,0.968
2023-02-24 07:00:00,6.31,9.06,36.83,45.89,342.0,13.42,1.0013,59.828,4.04,0.949
2023-02-24 08:00:00,5.62,6.39,59.22,65.61,377.57,17.38,1.0068,60.272,4.22,0.928
2023-02-24 09:00:00,9.89,34.85,84.17,119.02,337.72,35.24,0.9822,60.004,4.32,0.936
2023-02-24 10:00:00,7.58,15.67,102.52,118.19,374.9,31.52,0.9892,59.921,3.82,0.932
2023-02-24 11:00:00,8.03,18.62,122.63,141.25,388.7,36.34,0.9881,59.87,4.01,0.923
2023-02-24 12:00:00,5.22,5.11,107.62,112.73,440.99,25.56,1.0179,59.983,3.99,0.963
2023-02-24 13:00:00,6.82,11.4,93.68,105.09,445.3,23.6,0.9901,59.992,4.43,0.959
2023-02-24 14:00:00,5.24,5.17,97.55,102.72,454.61,22.59,1.0394,60.014,3.7,0.96
2023-02-24 15:00:00,11.15,49.96,62.01,111.97,504.19,22.21,1.0064,59.974,4.18,0.96
2023-02-24 16:00:00,6.7,10.85,66.25,77.09,544.01,14.17,0.9731,60.063,3.72,0.927
2023-02-24 17:00:00,8.9,25.39,29.38,54.77,538.48,10.17,0.9964,59.959,3.5,0.935
2023-02-24 18:00:00,5.27,5.28,9.56,14.84,536.98,2.76,0.9867,59.8,3.51,0.978
2023-02-24 19:00:00,9.67,32.53,9.56,42.09,506.7,8.31,0.9553,59.982,3.24,0.95
2023-02-24 20:00:00,7.26,13.78,9.56,23.34,517.3,4.51,1.0315,59.758,3.89,0.92
2023-02-24 21:00:00,11.29,51.74,9.56,61.3,536.89,11.42,1.0129,60.034,3.47,0.951
2023-02-24 22:00:00,11.22,50.81,9.56,60.37,518.39,11.64,1.0095,59.9,3.96,0.96
2023-02-24 23:00:00,7.28,13.87,9.56,23.43,516.14,4.54,1.0029,60.011,3.16,0.959
2023-02-25 00:00:00,11.31,52.04,9.56,61.6,428.15,14.39,0.9709,60.131,4.24,0.927
2023-02-25 01:00:00,11.97,61.79,9.56,71.35,423.12,16.86,0.9886,59.906,3.53,0.983
2023-02-25 02:00:00,10.78,45.07,9.56,54.63,384.48,14.21,1.0154,60.106,4.17,0.92
2023-02-25 03:00:00,10.91,46.8,9.56,56.36,380.56,14.81,0.9775,59.957,4.11,0.948
2023-02-25 04:00:00,6.74,11.04,9.56,20.6,348.68,5.91,0.9488,60.171,4.09,0.983
2023-02-25 05:00:00,9.04,26.57,9.56,36.13,270.97,13.33,0.9941,59.963,3.74,0.958
2023-02-25 06:00:00,5.47,5.89,9.56,15.45,289.39,5.34,0.9966,59.911,3.83,0.965
2023-02-25 07:00:00,5.66,6.54,29.99,36.53,305.28,11.97,1.0015,60.067,3.61,0.925
2023-02-25 08:00:00,11.99,62.09,61.84,123.93,270.6,45.8,1.01,59.972,4.1,0.943
2023-02-25 09:00:00,7.29,13.93,77.76,91.68,327.6,27.99,1.01,59.922,4.0,0.941
2023-02-25 10:00:00,10.24,38.62,97.18,135.81,363.49,37.36,1.0014,59.963,3.91,0.92
2023-02-25 11:00:00,10.65,43.45,87.21,130.65,366.8,35.62,1.0203,60.006,4.69,0.957
2023-02-25 12:00:00,11.01,48.0,90.67,138.67,340.34,40.74,0.9655,60.147,3.91,0.921
2023-02-25 13:00:00,11.98,61.95,80.11,142.06,410.69,34.59,1.0066,59.816,4.28,0.926
2023-02-25 14:00:00,6.69,10.78,84.33,95.11,391.06,24.32,1.0101,60.007,4.11,0.951
2023-02-25 15:00:00,5.28,5.31,78.57,83.88,397.12,21.12,0.9731,60.066,3.96,0.941
2023-02-25 16:00:00,7.88,17.6,65.42,83.03,408.05,20.35,0.9679,60.022,4.07,0.947
2023-02-25 17:00:00,5.91,7.43,36.13,43.57,433.89,10.04,0.9841,60.129,3.32,0.943
2023-02-25 18:00:00,5.16,4.94,9.56,14.5,443.99,3.27,0.9864,59.987,3.62,0.977
2023-02-25 19:00:00,7.52,15.33,9.56,24.89,468.71,5.31,1.0145,59.977,3.39,0.93
2023-02-25 20:00:00,10.49,41.51,9.56,51.07,471.13,10.84,0.9866,60.057,4.16,0.937
2023-02-25 21:00:00,8.96,25.92,9.56,35.48,463.69,7.65,0.9821,60.006,3.92,0.957
2023-02-25 22:00:00,7.19,13.38,9.56,22.94,468.74,4.89,0.9873,59.956,4.07,0.929
2023-02-25 23:00:00,9.58,31.66,9.56,41.22,478.68,8.61,1.0215,60.048,3.21,0.927
2023-02-26 00:00:00,6.62,10.46,9.56,20.02,454.44,4.41,0.9998,59.929,3.37,0.951
2023-02-26 01:00:00,5.1,4.78,9.56,14.34,362.2,3.96,0.996,59.933,3.27,0.966
2023-02-26 02:00:00,10.35,39.92,9.56,49.48,309.52,15.99,0.9962,59.948,3.33,0.965
2023-02-26 03:00:00,9.37,29.58,9.56,39.14,393.56,9.94,1.0248,60.133,3.44,0.949
2023-02-26 04:00:00,10.34,39.75,9.56,49.31,305.33,16.15,0.9834,59.69,4.0,0.932
2023-02-26 05:00:00,5.27,5.28,9.56,14.84,323.1,4.59,1.0259,60.034,3.32,0.954
2023-02-26 06:00:00,10.86,46.11,9.56,55.67,282.09,19.73,1.0022,60.006,3.9,0.955
2023-02-26 07:00:00,9.34,29.3,30.04,59.34,255.18,23.25,0.9945,59.836,4.35,0.948
2023-02-26 08:00:00,8.94,25.76,54.18,79.94,322.77,24.77,1.0475,60.036,4.19,0.967
2023-02-26 09:00:00,9.37,29.64,80.64,110.28,332.01,33.21,0.9756,60.057,4.06,0.92
2023-02-26 10:00:00,11.05,48.59,111.11,159.7,299.9,53.25,0.9876,60.078,4.44,0.92
2023-02-26 11:00:00,9.11,27.21,111.72,138.92,252.11,55.1,0.9698,59.755,4.56,0.955
2023-02-26 12:00:00,9.07,26.83,124.58,151.41,329.95,45.89,1.0145,60.152,4.09,0.92
2023-02-26 13:00:00,11.93,61.2,113.3,174.5,377.29,46.25,1.0292,59.942,4.56,0.925
2023-02-26 14:00:00,10.3,39.31,95.56,134.87,341.77,39.46,1.0295,60.081,4.15,0.924
2023-02-26 15:00:00,8.1,19.1,66.36,85.47,412.25,20.73,1.0224,60.077,4.27,0.92
2023-02-26 16:00:00,9.95,35.48,60.99,96.48,425.49,22.67,0.9938,59.916,4.21,0.939
2023-02-26 17:00:00,7.72,16.59,35.65,52.25,459.82,11.36,0.9916,60.064,3.84,0.962
2023-02-26 18:00:00,6.6,10.36,9.56,19.92,458.68,4.34,0.9661,59.956,3.45,0.952
2023-02-26 19:00:00,9.18,27.83,9.56,37.39,433.85,8.62,1.0399,59.79,3.38,0.963
2023-02-26 20:00:00,11.5,54.71,9.56,64.27,501.65,12.81,1.0081,60.116,4.03,0.97
2023-02-26 21:00:00,11.5,54.81,9.56,64.37,458.29,14.05,0.9888,59.922,3.77,0.938
2023-02-26 22:00:00,7.39,14.55,9.56,24.11,454.27,5.31,1.026,59.91,3.33,0.99
2023-02-26 23:00:00,8.69,23.65,9.56,33.21,414.44,8.01,0.9797,59.956,3.36,0.941
2023-02-27 00:00:00,6.48,9.8,9.56,19.36,487.22,3.97,1.0077,60.022,3.24,0.945
2023-02-27 01:00:00,11.97,61.73,9.56,71.29,451.41,15.79,0.995,59.995,4.09,0.931
2023-02-27 02:00:00,11.87,60.17,9.56,69.73,448.56,15.55,1.0112,60.055,3.54,0.956
2023-02-27 03:00:00,9.55,31.32,9.56,40.88,480.88,8.5,0.9979,59.863,3.7,0.942
2023-02-27 04:00:00,10.63,43.25,9.56,52.81,365.81,14.44,0.9695,59.925,3.74,0.944
2023-02-27 05:00:00,10.01,36.06,9.56,45.62,339.18,13.45,1.0002,59.988,3.85,0.942
2023-02-27 06:00:00,9.15,27.6,9.56,37.16,416.86,8.91,1.0201,60.187,4.06,0.943
2023-02-27 07:00:00,5.37,5.59,34.9,40.49,357.1,11.34,0.9983,59.987,4.09,0.95
2023-02-27 08:00:00,8.18,19.73,53.49,73.22,340.12,21.53,1.0133,60.112,3.88,0.935
2023-02-27 09:00:00,9.72,33.1,91.4,124.49,394.57,31.55,0.9759,60.012,3.65,0.932
2023-02-27 10:00:00,9.74,33.29,109.37,142.66,354.55,40.24,0.9955,59.964,4.23,0.959
2023-02-27 11:00:00,7.61,15.88,101.57,117.45,442.37,26.55,0.9849,59.981,4.14,0.936
2023-02-27 12:00:00,11.59,56.07,96.51,152.59,427.3,35.71,1.0114,59.994,4.27,0.947
2023-02-27 13:00:00,6.17,8.46,112.36,120.82,414.89,29.12,0.9977,60.067,4.23,0.923
2023-02-27 14:00:00,8.5,22.13,72.87,95.0,518.46,18.32,1.012,60.139,3.52,0.936
2023-02-27 15:00:00,9.84,34.26,75.99,110.25,459.79,23.98,1.0194,60.04,4.13,0.92
2023-02-27 16:00:00,9.88,34.72,53.24,87.96,522.79,16.82,1.0121,60.12,3.52,0.982
2023-02-27 17:00:00,9.54,31.26,39.36,70.62,528.88,13.35,1.0041,59.903,4.02,0.974
2023-02-27 18:00:00,6.93,11.97,9.56,21.53,573.82,3.75,0.9797,59.953,3.41,0.961
2023-02-27 19:00:00,6.09,8.15,9.56,17.71,590.96,3.0,0.9996,59.922,3.77,0.99
2023-02-27 20:00:00,9.45,30.4,9.56,39.96,548.26,7.29,0.9886,60.028,3.19,0.963
2023-02-27 21:00:00,9.2,27.99,9.56,37.55,521.51,7.2,0.9924,59.96,3.55,0.944
2023-02-27 22:00:00,6.26,8.81,9.56,18.37,548.57,3.35,0.9922,60.067,3.77,0.956
2023-02-27 23:00:00,9.94,35.31,9.56,44.87,499.57,8.98,0.9795,59.904,3.41,0.975
2023-02-28 00:00:00,8.19,19.75,9.56,29.31,560.33,5.23,0.9603,59.999,3.9,0.931
2023-02-28 01:00:00,9.67,32.6,9.56,42.16,481.49,8.76,0.9858,60.066,3.81,0.924
2023-02-28 02:00:00,10.86,46.13,9.56,55.69,442.25,12.59,1.0026,59.792,3.84,0.954
2023-02-28 03:00:00,6.19,8.53,9.56,18.09,434.56,4.16,0.9726,60.207,3.44,0.937
2023-02-28 04:00:00,5.13,4.87,9.56,14.43,366.07,3.94,0.9999,59.966,3.56,0.92
2023-02-28 05:00:00,10.45,41.13,9.56,50.69,357.98,14.16,1.0366,59.797,3.88,0.921
2023-02-28 06:00:00,9.27,28.66,9.56,38.22,408.29,9.36,1.0195,60.013,3.66,0.941
2023-02-28 07:00:00,9.9,34.9,38.4,73.3,343.24,21.36,1.0307,60.007,4.13,0.945
2023-02-28 08:00:00,10.87,46.2,51.02,97.22,328.35,29.61,1.0049,59.999,4.03,0.943
2023-02-28 09:00:00,10.62,43.12,66.69,109.8,379.04,28.97,1.0205,60.106,3.78,0.981
2023-02-28 10:00:00,11.73,58.05,92.32,150.37,407.85,36.87,0.9818,60.086,3.95,0.935
2023-02-28 11:00:00,8.75,24.13,114.02,138.15,408.7,33.8,0.9837,60.039,3.68,0.945
2023-02-28 12:00:00,8.42,21.49,84.01,105.5,436.36,24.18,0.9428,60.05,3.78,0.92
2023-02-28 13:00:00,7.81,17.17,105.18,122.35,406.32,30.11,1.0207,59.997,4.35,0.94
2023-02-28 14:00:00,6.08,8.07,76.4,84.47,410.55,20.58,1.0287,60.18,4.21,0.951
2023-02-28 15:00:00,9.01,26.32,61.35,87.66,522.43,16.78,0.9873,59.853,3.54,0.92
2023-02-28 16:00:00,6.94,12.03,46.57,58.59,490.25,11.95,0.9937,60.012,4.2,0.928
2023-02-28 17:00:00,11.45,54.03,38.36,92.38,511.76,18.05,0.9831,60.008,3.86,0.954
2023-02-28 18:00:00,9.08,26.97,9.56,36.53,573.98,6.36,1.007,60.077,4.04,0.937
2023-02-28 19:00:00,9.15,27.58,9.56,37.14,560.15,6.63,1.0218,59.911,3.84,0.946
2023-02-28 20:00:00,7.48,15.09,9.56,24.65,560.33,4.4,0.9647,59.82,3.81,0.959
2023-02-28 21:00:00,5.36,5.56,9.56,15.12,608.42,2.48,1.0079,60.009,3.13,0.99
2023-02-28 22:00:00,5.22,5.13,9.56,14.69,514.83,2.85,0.9942,60.022,3.28,0.945
2023-02-28 23:00:00,7.96,18.18,9.56,27.74,547.12,5.07,1.0018,60.144,3.11,0.984
2023-03-01 00:00:00,5.59,6.29,9.56,15.85,501.04,3.16,1.0089,59.867,3.78,0.92
2023-03-01 01:00:00,9.25,28.47,9.56,38.03,484.88,7.84,0.9955,60.112,3.5,0.951
2023-03-01 02:00:00,11.17,50.13,9.56,59.69,498.52,11.97,0.9967,60.235,4.03,0.94
2023-03-01 03:00:00,11.18,50.31,9.56,59.87,443.75,13.49,0.9944,59.961,3.61,0.935
2023-03-01 04:00:00,9.61,31.98,9.56,41.54,422.15,9.84,1.0184,59.868,4.02,0.96
2023-03-01 05:00:00,6.48,9.79,9.56,19.35,418.85,4.62,1.0079,59.954,3.22,0.944
2023-03-01 06:00:00,11.04,48.45,9.56,58.01,360.89,16.08,1.0028,60.002,3.49,0.92
2023-03-01 07:00:00,11.2,50.61,32.64,83.25,337.34,24.68,0.9721,60.061,3.83,0.92
2023-03-01 08:00:00,6.38,9.33,47.75,57.09,327.99,17.41,0.9907,59.942,3.76,0.959
2023-03-01 09:00:00,10.16,37.78,86.1,123.88,303.52,40.81,1.0139,60.168,4.16,0.92
2023-03-01 10:00:00,7.01,12.38,111.57,123.94,433.52,28.59,0.9979,59.895,4.34,0.956
2023-03-01 11:00:00,10.62,43.1,123.51,166.61,353.57,47.12,1.0085,59.842,4.04,0.938
2023-03-01 12:00:00,11.98,61.91,122.51,184.42,399.36,46.18,1.0307,60.126,4.27,0.933
2023-03-01 13:00:00,5.21,5.09,106.47,111.56,420.21,26.55,1.0181,59.778,4.37,0.94
2023-03-01 14:00:00,11.28,51.69,100.59,152.28,461.89,32.97,0.9986,59.989,3.73,0.95
2023-03-01 15:00:00,9.36,29.51,69.85,99.35,501.3,19.82,0.9878,60.314,4.34,0.921
2023-03-01 16:00:00,11.81,59.36,60.44,119.8,525.15,22.81,0.9466,60.003,4.44,0.944
2023-03-01 17:00:00,8.26,20.25,33.73,53.99,501.17,10.77,0.9956,59.886,3.3,0.924
2023-03-01 18:00:00,10.93,47.03,9.56,56.59,528.48,10.71,0.9924,59.992,3.51,0.95
2023-03-01 19:00:00,5.44,5.79,9.56,15.35,551.3,2.78,1.0075,59.989,3.43,0.962
2023-03-01 20:00:00,7.35,14.28,9.56,23.84,538.54,4.43,0.9965,60.011,3.86,0.952
2023-03-01 21:00:00,5.47,5.89,9.56,15.45,591.04,2.61,0.9933,60.06,3.65,0.961
2023-03-01 22:00:00,11.83,59.56,9.56,69.12,548.22,12.61,0.9632,59.895,3.9,0.932
2023-03-01 23:00:00,10.72,44.33,9.56,53.89,540.71,9.97,0.9802,60.166,3.96,0.946
2023-03-02 00:00:00,10.97,47.5,9.56,57.06,518.63,11.0,1.0084,60.023,3.34,0.942
2023-03-02 01:00:00,11.57,55.7,9.56,65.26,511.46,12.76,1.033,60.072,4.09,0.94
2023-03-02 02:00:00,5.6,6.31,9.56,15.87,457.56,3.47,0.9977,59.931,3.77,0.933
2023-03-02 03:00:00,7.7,16.43,9.56,25.99,389.1,6.68,1.0059,60.124,3.71,0.939
2023-03-02 04:00:00,5.5,5.98,9.56,15.54,417.51,3.72,1.0187,59.969,3.96,0.927
2023-03-02 05:00:00,6.48,9.78,9.56,19.34,366.67,5.27,0.9833,60.023,3.81,0.92
2023-03-02 06:00:00,6.61,10.38,9.56,19.94,355.54,5.61,1.0068,59.902,3.31,0.934
2023-03-02 07:00:00,8.28,20.46,35.06,55.53,379.67,14.63,0.9837,59.9,3.72,0.958
2023-03-02 08:00:00,6.88,11.72,57.77,69.49,396.05,17.55,1.0155,60.07,3.84,0.949
2023-03-02 09:00:00,5.71,6.69,63.68,70.38,362.72,19.4,1.0011,59.958,3.44,0.92
2023-03-02 10:00:00,6.17,8.47,72.39,80.85,380.66,21.24,1.0038,59.918,4.38,0.936
2023-03-02 11:00:00,6.03,7.9,123.44,131.33,437.28,30.03,0.9813,59.943,3.73,0.955
2023-03-02 12:00:00,11.81,59.32,99.38,158.7,412.74,38.45,1.0103,60.082,4.47,0.929
2023-03-02 13:00:00,10.32,39.51,106.77,146.29,506.05,28.91,1.0388,59.944,4.08,0.92
2023-03-02 14:00:00,11.77,58.76,75.03,133.79,469.09,28.52,0.977,59.995,3.6,0.987
2023-03-02 15:00:00,8.08,18.98,83.43,102.41,423.43,24.18,0.9908,60.006,4.41,0.939
2023-03-02 16:00:00,6.95,12.08,67.76,79.84,521.34,15.31,1.0031,59.808,4.16,0.922
2023-03-02 17:00:00,10.59,42.73,35.27,78.0,529.48,14.73,1.0143,59.853,3.82,0.949
2023-03-02 18:00:00,7.28,13.91,9.56,23.47,571.55,4.11,0.9884,60.028,3.31,0.947
2023-03-02 19:00:00,7.1,12.86,9.56,22.42,562.37,3.99,0.9429,59.921,3.2,0.92
2023-03-02 20:00:00,6.63,10.48,9.56,20.04,541.2,3.7,1.0268,60.1,3.44,0.951
2023-03-02 21:00:00,5.91,7.42,9.56,16.98,505.44,3.36,1.0149,60.091,3.32,0.969
2023-03-02 22:00:00,6.8,11.3,9.56,20.86,526.59,3.96,0.9647,60.066,3.59,0.944
2023-03-02 23:00:00,7.49,15.11,9.56,24.67,492.53,5.01,0.9873,60.177,4.07,0.92
2023-03-03 00:00:00,9.72,33.04,9.56,42.6,480.73,8.86,1.0305,59.989,3.75,0.954
2023-03-03 01:00:00,5.44,5.79,9.56,15.35,493.35,3.11,1.0286,60.059,3.95,0.961
2023-03-03 02:00:00,6.47,9.77,9.56,19.33,501.69,3.85,1.0184,59.936,3.73,0.937
2023-03-03 03:00:00,10.66,43.65,9.56,53.21,439.33,12.11,0.9953,60.244,3.72,0.935
2023-03-03 04:00:00,6.03,7.89,9.56,17.45,369.16,4.73,1.0012,60.193,3.95,0.99
2023-03-03 05:00:00,7.4,14.58,9.56,24.14,399.09,6.05,0.9968,59.997,3.59,0.935
2023-03-03 06:00:00,11.05,48.61,9.56,58.17,406.85,14.3,1.0211,60.038,4.15,0.923
2023-03-03 07:00:00,6.08,8.11,36.57,44.68,343.36,13.01,0.9812,60.135,3.55,0.947
2023-03-03 08:00:00,5.58,6.25,52.73,58.99,354.46,16.64,0.9822,59.986,3.46,0.957
2023-03-03 09:00:00,8.39,21.27,66.65,87.93,362.09,24.28,1.0178,59.939,4.34,0.953
2023-03-03 10:00:00,7.12,12.98,103.25,116.23,347.41,33.46,0.9958,60.097,4.26,0.92
2023-03-03 11:00:00,8.94,25.76,100.99,126.74,405.2,31.28,1.0244,60.016,4.51,0.927
2023-03-03 12:00:00,10.63,43.2,92.3,135.51,401.4,33.76,0.9832,60.028,4.61,0.963
2023-03-03 13:00:00,5.96,7.62,107.59,115.21,440.08,26.18,0.9963,59.922,3.58,0.949
2023-03-03 14:00:00,9.06,26.82,73.52,100.33,424.96,23.61,0.9792,59.833,3.97,0.92
2023-03-03 15:00:00,8.54,22.41,71.47,93.88,462.56,20.3,0.9981,60.026,3.78,0.969
2023-03-03 16:00:00,6.01,7.81,56.75,64.56,519.82,12.42,0.9692,60.089,3.87,0.966
2023-03-03 17:00:00,9.37,29.6,30.01,59.61,506.24,11.77,0.9891,59.976,4.03,0.941
2023-03-03 18:00:00,6.92,11.91,9.56,21.47,584.03,3.68,0.9709,60.138,3.35,0.966
2023-03-03 19:00:00,8.41,21.45,9.56,31.01,529.54,5.86,1.0133,59.925,3.67,0.988
2023-03-03 20:00:00,5.58,6.24,9.56,15.8,551.44,2.87,1.014,59.888,3.77,0.928
2023-03-03 21:00:00,8.22,19.97,9.56,29.53,569.51,5.19,0.9649,59.988,3.24,0.96
2023-03-03 22:00:00,7.15,13.13,9.56,22.69,489.67,4.63,1.0262,59.987,3.91,0.988
2023-03-03 23:00:00,10.76,44.81,9.56,54.37,464.6,11.7,1.0488,60.075,3.84,0.96
2023-03-04 00:00:00,5.4,5.67,9.56,15.23,377.15,4.04,1.0005,59.917,4.03,0.934
2023-03-04 01:00:00,7.93,17.95,9.56,27.51,441.73,6.23,0.9866,60.132,3.46,0.953
2023-03-04 02:00:00,8.21,19.91,9.56,29.47,366.84,8.03,1.0557,60.193,3.27,0.975
2023-03-04 03:00:00,10.08,36.82,9.56,46.38,439.68,10.55,0.9726,59.994,3.72,0.927
2023-03-04 04:00:00,9.02,26.42,9.56,35.98,326.94,11.0,0.9993,60.123,3.31,0.946
2023-03-04 05:00:00,9.67,32.56,9.56,42.12,333.03,12.65,1.0023,59.893,4.22,0.941
2023-03-04 06:00:00,10.44,40.96,9.56,50.52,361.2,13.99,1.0255,60.107,3.32,0.933
2023-03-04 07:00:00,11.04,48.38,34.9,83.28,367.22,22.68,1.0049,60.109,4.21,0.948
2023-03-04 08:00:00,7.2,13.42,67.53,80.95,366.19,22.11,0.9878,60.09,3.97,0.941
2023-03-04 09:00:00,8.77,24.25,73.69,97.94,343.29,28.53,0.9781,60.005,3.94,0.954
2023-03-04 10:00:00,10.88,46.37,106.48,152.85,345.66,44.22,0.9887,59.719,3.95,0.96
2023-03-04 11:00:00,11.93,61.07,85.37,146.43,345.27,42.41,0.9756,59.95,4.47,0.92
2023-03-04 12:00:00,11.23,50.94,126.56,177.49,367.22,48.33,0.9961,59.954,4.55,0.937
2023-03-04 13:00:00,7.6,15.8,114.03,129.84,346.4,37.48,0.985,59.913,4.03,0.938
2023-03-04 14:00:00,6.37,9.29,111.13,120.42,358.85,33.56,0.9668,60.022,4.58,0.944
2023-03-04 15:00:00,8.43,21.53,83.5,105.03,403.75,26.01,1.0225,59.964,3.82,0.942
2023-03-04 16:00:00,10.19,38.11,54.32,92.43,417.81,22.12,0.9878,59.921,3.89,0.924
2023-03-04 17:00:00,8.45,21.71,39.88,61.58,425.69,14.47,0.9732,59.894,3.83,0.975
2023-03-04 18:00:00,8.38,21.2,9.56,30.76,472.74,6.51,0.996,59.924,3.23,0.986
2023-03-04 19:00:00,10.87,46.21,9.56,55.77,488.41,11.42,1.0002,60.11,4.16,0.958
2023-03-04 20:00:00,7.53,15.37,9.56,24.93,465.09,5.36,0.9645,59.929,3.48,0.96
2023-03-04 21:00:00,11.02,48.16,9.56,57.72,504.07,11.45,1.0055,59.947,3.31,0.949
2023-03-04 22:00:00,7.85,17.4,9.56,26.96,417.6,6.46,0.9784,59.95,3.52,0.967
2023-03-04 23:00:00,7.3,13.99,9.56,23.55,433.48,5.43,1.0337,60.029,3.71,0.92
2023-03-05 00:00:00,8.18,19.69,9.56,29.25,400.91,7.3,1.0097,60.042,3.66,0.948
2023-03-05 01:00:00,10.34,39.77,9.56,49.33,347.37,14.2,0.9906,59.695,3.98,0.934
2023-03-05 02:00:00,5.88,7.33,9.56,16.89,380.45,4.44,0.9847,60.097,3.14,0.952
2023-03-05 03:00:00,6.37,9.33,9.56,18.89,358.85,5.26,0.9974,60.139,3.39,0.97
2023-03-05 04:00:00,11.66,57.07,9.56,66.63,388.86,17.13,1.0105,59.896,4.16,0.945
2023-03-05 05:00:00,6.23,8.7,9.56,18.26,346.03,5.28,0.999,59.898,3.19,0.941
2023-03-05 06:00:00,8.97,26.02,9.56,35.58,283.83,12.53,0.9944,59.954,4.11,0.92
2023-03-05 07:00:00,9.06,26.73,36.25,62.98,362.29,17.38,0.9994,59.926,3.44,0.943
2023-03-05 08:00:00,8.43,21.55,62.93,84.48,340.61,24.8,0.9854,60.027,4.33,0.956
2023-03-05 09:00:00,9.51,30.99,93.85,124.85,324.13,38.52,0.9893,59.817,4.13,0.922
2023-03-05 10:00:00,6.61,10.39,87.81,98.2,307.76,31.91,0.9551,59.897,4.25,0.92
2023-03-05 11:00:00,8.87,25.11,116.58,141.69,298.32,47.5,1.0147,60.17,4.1,0.981
2023-03-05 12:00:00,7.61,15.84,102.68,118.51,332.29,35.66,1.0024,59.918,3.78,0.946
2023-03-05 13:00:00,9.63,32.17,119.73,151.89,395.16,38.44,0.9807,60.136,3.98,0.934
2023-03-05 14:00:00,5.99,7.73,79.62,87.35,439.47,19.88,1.036,60.038,3.53,0.972
2023-03-05 15:00:00,9.0,26.21,92.87,119.08,449.67,26.48,0.9991,59.825,3.84,0.945
2023-03-05 16:00:00,6.3,8.99,50.93,59.91,407.75,14.69,0.9778,60.063,3.81,0.972
2023-03-05 17:00:00,6.95,12.09,32.31,44.4,405.18,10.96,1.016,59.986,3.81,0.972
2023-03-05 18:00:00,6.53,10.03,9.56,19.59,455.54,4.3,1.0075,59.949,3.88,0.923
2023-03-05 19:00:00,6.28,8.92,9.56,18.48,406.15,4.55,1.0074,60.019,3.75,0.958
2023-03-05 20:00:00,10.78,45.1,9.56,54.66,471.59,11.59,0.9903,60.046,3.84,0.981
2023-03-05 21:00:00,7.0,12.35,9.56,21.91,454.77,4.82,1.0085,60.066,3.51,0.929
2023-03-05 22:00:00,11.49,54.61,9.56,64.17,437.33,14.67,0.9933,60.118,3.77,0.926
2023-03-05 23:00:00,11.79,58.99,9.56,68.55,390.92,17.54,1.0094,60.042,3.77,0.928
2023-03-06 00:00:00,9.0,26.23,9.56,35.79,511.77,6.99,0.9612,59.858,3.98,0.966
2023-03-06 01:00:00,6.0,7.78,9.56,17.34,458.0,3.79,0.9909,59.947,3.31,0.955
2023-03-06 02:00:00,7.62,15.94,9.56,25.5,414.87,6.15,1.0338,60.29,3.13,0.92
2023-03-06 03:00:00,10.58,42.68,9.56,52.24,339.79,15.38,0.9831,60.073,3.96,0.952
2023-03-06 04:00:00,7.57,15.63,9.56,25.19,402.76,6.25,0.9873,60.233,3.33,0.943
2023-03-06 05:00:00,5.61,6.35,9.56,15.91,437.54,3.64,0.9907,60.134,3.96,0.947
2023-03-06 06:00:00,8.9,25.36,9.56,34.92,419.46,8.32,0.9749,60.021,4.03,0.931
2023-03-06 07:00:00,10.92,46.82,35.56,82.39,346.64,23.77,0.9535,60.035,3.55,0.95
2023-03-06 08:00:00,10.57,42.53,67.05,109.59,339.13,32.31,0.9922,60.005,3.75,0.961
2023-03-06 09:00:00,6.23,8.69,65.89,74.57,374.42,19.92,1.0007,59.829,3.89,0.931
2023-03-06 10:00:00,9.71,32.95,97.18,130.13,339.67,38.31,0.9951,60.013,4.38,0.92
2023-03-06 11:00:00,6.54,10.09,110.4,120.49,393.42,30.63,0.994,60.129,3.89,0.935
2023-03-06 12:00:00,6.53,10.01,102.12,112.14,426.57,26.29,0.9982,59.946,4.24,0.957
2023-03-06 13:00:00,11.12,49.48,112.1,161.58,462.77,34.92,1.017,60.051,4.29,0.931
2023-03-06 14:00:00,6.75,11.06,89.36,100.42,446.97,22.47,0.9939,60.089,3.77,0.92
2023-03-06 15:00:00,6.84,11.53,77.92,89.46,467.87,19.12,0.9866,59.911,3.41,0.96
2023-03-06 16:00:00,5.0,4.51,45.91,50.42,470.02,10.73,0.9933,59.953,3.96,0.975
2023-03-06 17:00:00,11.09,49.16,36.92,86.08,490.77,17.54,1.0098,59.899,3.57,0.945
2023-03-06 18:00:00,10.55,42.25,9.56,51.81,523.53,9.9,1.0273,59.915,4.03,0.92
2023-03-06 19:00:00,9.39,29.82,9.56,39.38,550.61,7.15,0.9867,59.867,3.56,0.941
2023-03-06 20:00:00,10.25,38.79,9.56,48.35,570.16,8.48,1.0011,59.907,3.75,0.95
2023-03-06 21:00:00,6.06,8.03,9.56,17.59,515.49,3.41,1.0064,60.136,3.94,0.933
2023-03-06 22:00:00,8.21,19.91,9.56,29.47,575.1,5.12,0.9796,59.904,3.97,0.96
2023-03-06 23:00:00,7.46,14.94,9.56,24.5,507.44,4.83,0.9999,60.008,3.47,0.93
2023-03-07 00:00:00,5.66,6.52,9.56,16.08,495.13,3.25,0.9704,59.944,3.27,0.95
2023-03-07 01:00:00,8.4,21.36,9.56,30.92,451.0,6.86,0.9639,60.114,3.91,0.943
2023-03-07 02:00:00,11.45,53.97,9.56,63.53,376.71,16.87,1.0056,60.132,3.77,0.957
2023-03-07 03:00:00,5.28,5.3,9.56,14.86,451.97,3.29,0.992,60.081,3.26,0.949
2023-03-07 04:00:00,7.04,12.56,9.56,22.12,425.21,5.2,1.0035,60.026,4.01,0.945
2023-03-07 05:00:00,6.45,9.67,9.56,19.23,375.47,5.12,0.9991,59.972,3.3,0.932
2023-03-07 06:00:00,6.67,10.67,9.56,20.23,371.19,5.45,0.9799,59.876,3.13,0.949
2023-03-07 07:00:00,11.36,52.76,33.15,85.91,375.4,22.88,0.9968,60.198,3.48,0.938
2023-03-07 08:00:00,8.28,20.41,69.16,89.57,309.89,28.9,0.9724,59.931,4.2,0.924
2023-03-07 09:00:00,8.26,20.32,84.63,104.95,344.05,30.5,1.0248,60.074,4.27,0.944
2023-03-07 10:00:00,10.32,39.61,75.81,115.43,393.01,29.37,0.9699,60.113,3.9,0.948
2023-03-07 11:00:00,6.08,8.1,119.85,127.95,346.28,36.95,0.9924,59.955,4.06,0.932
2023-03-07 12:00:00,8.41,21.42,105.26,126.68,411.91,30.75,0.9761,60.112,3.95,0.959
2023-03-07 13:00:00,8.01,18.5,82.78,101.28,384.75,26.32,1.0088,60.082,4.21,0.947
2023-03-07 14:00:00,9.18,27.84,95.33,123.17,463.43,26.58,0.9907,60.179,3.59,0.92
2023-03-07 15:00:00,12.0,62.16,75.07,137.23,472.35,29.05,0.9867,59.96,4.51,0.968
2023-03-07 16:00:00,10.39,40.33,67.01,107.34,447.31,24.0,1.0147,59.876,3.7,0.958
2023-03-07 17:00:00,7.79,16.99,30.87,47.86,549.9,8.7,0.9997,59.946,4.17,0.967
2023-03-07 18:00:00,10.79,45.26,9.56,54.82,507.65,10.8,1.0093,60.019,3.39,0.955
2023-03-07 19:00:00,6.19,8.56,9.56,18.12,514.63,3.52,0.98,60.0,3.84,0.92
2023-03-07 20:00:00,5.21,5.1,9.56,14.66,548.12,2.67,0.9716,59.954,3.28,0.971
2023-03-07 21:00:00,6.43,9.58,9.56,19.14,573.4,3.34,1.0018,59.803,3.15,0.95
2023-03-07 22:00:00,7.38,14.49,9.56,24.05,499.21,4.82,0.9931,60.042,3.97,0.956
2023-03-07 23:00:00,8.57,22.69,9.56,32.25,516.81,6.24,1.0119,60.193,3.98,0.959
2023-03-08 00:00:00,9.31,29.01,9.56,38.57,508.04,7.59,0.9976,60.043,3.56,0.986
2023-03-08 01:00:00,11.37,52.97,9.56,62.53,493.64,12.67,1.0028,60.06,3.96,0.935
2023-03-08 02:00:00,8.57,22.65,9.56,32.21,454.19,7.09,0.9668,60.053,3.7,0.937
2023-03-08 03:00:00,8.51,22.18,9.56,31.74,413.93,7.67,1.037,60.036,4.01,0.931
2023-03-08 04:00:00,5.35,5.52,9.56,15.08,377.79,3.99,0.9963,60.088,3.39,0.927
2023-03-08 05:00:00,5.24,5.19,9.56,14.75,386.03,3.82,1.0136,60.034,3.6,0.928
2023-03-08 06:00:00,8.86,25.02,9.56,34.58,336.57,10.27,0.9823,59.966,3.69,0.92
2023-03-08 07:00:00,8.07,18.9,34.27,53.17,271.85,19.56,1.0042,59.923,3.75,0.953
2023-03-08 08:00:00,10.87,46.29,51.38,97.67,369.44,26.44,0.9713,59.981,4.42,0.982
2023-03-08 09:00:00,6.12,8.27,66.6,74.87,386.61,19.37,1.0071,60.034,3.55,0.985
2023-03-08 10:00:00,5.17,4.99,86.4,91.39,297.85,30.68,0.9898,59.976,3.76,0.924
2023-03-08 11:00:00,8.14,19.44,123.66,143.1,353.16,40.52,0.9965,60.044,4.39,0.932
2023-03-08 12:00:00,6.66,10.65,98.79,109.43,421.19,25.98,1.0114,60.049,4.18,0.967
2023-03-08 13:00:00,5.35,5.5,125.92,131.42,486.66,27.0,0.9726,60.089,3.73,0.951
2023-03-08 14:00:00,10.07,36.79,92.8,129.58,449.52,28.83,0.9834,60.135,3.97,0.944
2023-03-08 15:00:00,5.78,6.96,67.04,74.0,451.01,16.41,1.0075,60.009,4.27,0.94
2023-03-08 16:00:00,9.26,28.57,67.44,96.01,489.69,19.61,1.04,59.872,3.64,0.968
2023-03-08 17:00:00,6.97,12.18,34.12,46.3,555.59,8.33,0.9964,59.962,3.84,0.926
2023-03-08 18:00:00,6.21,8.64,9.56,18.2,509.67,3.57,1.0115,59.999,3.81,0.959
2023-03-08 19:00:00,7.66,16.17,9.56,25.73,514.32,5.0,0.9974,59.811,3.55,0.955
2023-03-08 20:00:00,10.61,43.0,9.56,52.56,526.97,9.97,1.0378,60.136,4.14,0.948
2023-03-08 21:00:00,7.74,16.72,9.56,26.28,509.7,5.16,0.9645,60.009,3.84,0.964
2023-03-08 22:00:00,10.26,38.83,9.56,48.39,532.73,9.08,1.001,60.035,3.64,0.948
2023-03-08 23:00:00,5.88,7.31,9.56,16.87,563.08,3.0,0.9672,60.131,3.63,0.938
2023-03-09 00:00:00,10.41,40.61,9.56,50.17,504.27,9.95,0.9489,59.934,3.89,0.949
