Date,Harmonics,Reactive Power
2023-01-01 00:00:00,5.522951355888994,-8.361372353103153
2023-01-01 01:00:00,5.739406851342405,11.798942444713528
2023-01-01 02:00:00,4.892619531502654,19.48324303464319
2023-01-01 03:00:00,5.607089256864614,34.009652564619074
2023-01-01 04:00:00,4.4908337883713285,45.583099463874944
2023-01-01 05:00:00,4.776910004947452,51.29232538812319
2023-01-01 06:00:00,4.808276256822143,42.258102668115995
2023-01-01 07:00:00,4.436920743241783,53.04513096281355
2023-01-01 08:00:00,5.243414605920647,51.79634202771585
2023-01-01 09:00:00,4.954393048729789,37.8632311032929
2023-01-01 10:00:00,4.75262803371777,33.07143995530305
2023-01-01 11:00:00,5.040725904133754,15.053644574482405
2023-01-01 12:00:00,5.441056393602105,-0.2385627461826655
2023-01-01 13:00:00,4.8006864692275375,-15.451624620303596
2023-01-01 14:00:00,6.1212948579959505,-21.45568946780951
2023-01-01 15:00:00,5.348289705449282,-41.921705183172676
2023-01-01 16:00:00,5.151568814873068,-40.18078164213993
2023-01-01 17:00:00,5.037388416836153,-40.167101561438244
2023-01-01 18:00:00,5.93555623967599,-47.513188111824945
2023-01-01 19:00:00,5.160636715298024,-57.691792470937884
2023-01-01 20:00:00,4.940021164813336,-44.92715998023945
2023-01-01 21:00:00,4.54846903453794,-30.906251665432407
2023-01-01 22:00:00,5.161560114238832,-26.95896937117035
2023-01-01 23:00:00,5.286584037519687,-9.52869100992258
2023-01-02 00:00:00,5.858566707540029,-7.128837121543295
2023-01-02 01:00:00,4.897314430419703,2.989636790463388
2023-01-02 02:00:00,5.116552002991718,25.109314257066988
2023-01-02 03:00:00,4.856631914898043,24.48625219453791
2023-01-02 04:00:00,5.292887241111227,49.37310102169497
2023-01-02 05:00:00,5.319085815001624,44.508883724145164
2023-01-02 06:00:00,4.735456214898856,51.74972405678091
2023-01-02 07:00:00,5.027458929946719,54.622115079170754
2023-01-02 08:00:00,5.05009307137249,43.513073906828154
2023-01-02 09:00:00,5.162602664666191,31.170897127262062
2023-01-02 10:00:00,5.520668583264024,21.579253237156642
2023-01-02 11:00:00,5.759409157481376,14.352449622237362
2023-01-02 12:00:00,4.283468197263395,-4.399712570560336
2023-01-02 13:00:00,5.471573056156528,-13.750019697851124
2023-01-02 14:00:00,4.528456554456503,-24.6868437775618
2023-01-02 15:00:00,5.2852965617671455,-37.34077484343356
2023-01-02 16:00:00,5.153391191471405,-53.494622523900716
2023-01-02 17:00:00,4.6861168649214076,-46.92293298831517
2023-01-02 18:00:00,5.765909960388878,-47.23229139493197
2023-01-02 19:00:00,4.770654988013587,-52.96038862983416
2023-01-02 20:00:00,5.491446843146663,-41.694240325589625
2023-01-02 21:00:00,5.018071079598043,-37.869218286706776
2023-01-02 22:00:00,4.18142306675249,-33.743845206430954
2023-01-02 23:00:00,4.938809689866161,-15.75914006554739
2023-01-03 00:00:00,5.337838717917153,-8.940251794581954
2023-01-03 01:00:00,4.848662600097577,13.862341421953133
2023-01-03 02:00:00,4.535986930231009,28.67779108147655
2023-01-03 03:00:00,5.30179798697766,49.496123015690465
2023-01-03 04:00:00,4.867011784638087,50.21142061731028
2023-01-03 05:00:00,4.957571532439695,54.34768757630113
2023-01-03 06:00:00,4.342835265572872,41.204075974758105
2023-01-03 07:00:00,5.730226563534533,49.78340276839827
2023-01-03 08:00:00,5.788096099557777,45.643211450480464
2023-01-03 09:00:00,4.784126558183609,32.799737026658775
2023-01-03 10:00:00,4.645395459185168,17.584257063658896
2023-01-03 11:00:00,6.198198188026849,15.114134739747092
2023-01-03 12:00:00,5.133344276011379,-9.211642600016015
2023-01-03 13:00:00,4.5926802320427225,-14.635416775521602
2023-01-03 14:00:00,5.1299779832356,-22.316428009434546
2023-01-03 15:00:00,5.015087147622905,-33.73874583734749
2023-01-03 16:00:00,5.591167460080243,-41.905965266651954
2023-01-03 17:00:00,6.1546477484649875,-49.34243234638962
2023-01-03 18:00:00,4.98357559264645,-53.697002598858205
2023-01-03 19:00:00,5.352767795353725,-50.87278426858408
2023-01-03 20:00:00,4.7769421355574435,-56.68277814350192
2023-01-03 21:00:00,4.370818108352483,-40.96884236256072
2023-01-03 22:00:00,5.032739708931314,-21.060127671377845
2023-01-03 23:00:00,4.067409773093356,-13.295732469692146
2023-01-04 00:00:00,6.271026767461565,6.0301504193727915
2023-01-04 01:00:00,5.522653228160141,11.055305866047132
2023-01-04 02:00:00,5.159634288961657,35.110322772471704
2023-01-04 03:00:00,4.112895097959824,34.49621794021129
2023-01-04 04:00:00,5.052061001133312,49.80740207467701
2023-01-04 05:00:00,4.292397838195752,52.72646956644953
2023-01-04 06:00:00,5.388681955134246,52.514466516218484
2023-01-04 07:00:00,5.605172534176314,55.06841734751253
2023-01-04 08:00:00,5.022246373596002,49.76496198615939
2023-01-04 09:00:00,4.181544954687434,34.33559242156447
2023-01-04 10:00:00,4.23098158229072,24.218421425517803
2023-01-04 11:00:00,4.178111951864708,15.22684414179556
2023-01-04 12:00:00,4.600208904049648,8.168448152873943
2023-01-04 13:00:00,4.402887273412906,-10.120219031877818
2023-01-04 14:00:00,4.693035377856581,-17.08475587995489
2023-01-04 15:00:00,5.736449949385508,-33.49033488574845
2023-01-04 16:00:00,4.68923541017294,-46.64190156369146
2023-01-04 17:00:00,4.664664842849519,-55.28988466399667
2023-01-04 18:00:00,5.05862558634988,-46.81858075821285
2023-01-04 19:00:00,5.323624695814735,-50.9921158793361
2023-01-04 20:00:00,5.553679869235209,-39.591040767831345
2023-01-04 21:00:00,5.932107338622038,-34.352940199731876
2023-01-04 22:00:00,4.6493614346789425,-27.229710583637946
2023-01-04 23:00:00,4.904454797881544,-17.614794073550087
2023-01-05 00:00:00,3.997316006761449,-2.41298224089746
2023-01-05 01:00:00,4.403215419728769,7.508553142796535
2023-01-05 02:00:00,4.862500358177,20.253688993498578
2023-01-05 03:00:00,4.627472429148073,22.575014409793802
2023-01-05 04:00:00,4.579926288518197,32.03784901016777
2023-01-05 05:00:00,4.5114121144866965,48.97943759800656
2023-01-05 06:00:00,5.423503059790535,60.09177745293525
2023-01-05 07:00:00,4.280574299557053,49.465201684512905
2023-01-05 08:00:00,5.745670334519316,44.28069073184597
2023-01-05 09:00:00,4.447792844652592,41.2283444484388
2023-01-05 10:00:00,5.767749390479309,25.87770472045484
2023-01-05 11:00:00,4.307108110417414,13.681134190160812
2023-01-05 12:00:00,4.356709389086533,-6.854872385617216
2023-01-05 13:00:00,5.10120644092141,-13.05605632884344
2023-01-05 14:00:00,4.981738324113096,-27.962399898085053
2023-01-05 15:00:00,5.397439441888964,-36.033723285064276
2023-01-05 16:00:00,4.5193473425235435,-45.89436409886867
2023-01-05 17:00:00,4.813211701613352,-50.86730627032632
2023-01-05 18:00:00,4.979020037732022,-51.04415727755194
2023-01-05 19:00:00,5.268703671712564,-47.49776131686824
2023-01-05 20:00:00,5.227529328066341,-48.099633460344535
2023-01-05 21:00:00,5.395203147733192,-36.73914265734289
2023-01-05 22:00:00,5.638831699356378,-25.53012608110969
2023-01-05 23:00:00,4.9383706437362695,-12.193611428435156
2023-01-06 00:00:00,5.737746808223683,5.822071518126547
2023-01-06 01:00:00,4.922448914843182,18.190105042863458
2023-01-06 02:00:00,5.0647096131877305,30.442127939309465
2023-01-06 03:00:00,5.180588487225173,39.09821401088379
2023-01-06 04:00:00,5.0288441358173035,57.32918255768192
2023-01-06 05:00:00,5.368049030586289,49.07975809833712
2023-01-06 06:00:00,5.175810159752503,44.950602165479154
2023-01-06 07:00:00,4.258292538302827,57.38230773502359
2023-01-06 08:00:00,4.163709597650793,44.107581764920305
2023-01-06 09:00:00,5.163940998019169,43.8622594759918
2023-01-06 10:00:00,4.56505299240193,24.184808643818545
2023-01-06 11:00:00,5.234636292318598,20.861363276734913
2023-01-06 12:00:00,4.177526777434501,12.13632274482475
2023-01-06 13:00:00,4.955755739902791,-20.076482441875672
2023-01-06 14:00:00,4.636610174774711,-29.291683367398175
2023-01-06 15:00:00,5.244227102370823,-31.487396443725977
2023-01-06 16:00:00,4.416670859525595,-38.415853785653006
2023-01-06 17:00:00,5.268034614618205,-47.6145211528588
2023-01-06 18:00:00,5.532862150843268,-49.046144059957186
2023-01-06 19:00:00,5.227455998419945,-52.13328698007019
2023-01-06 20:00:00,5.154306508546117,-37.088310475457526
2023-01-06 21:00:00,5.478406370455144,-29.119350254831428
2023-01-06 22:00:00,5.414709254287659,-21.576596889001603
2023-01-06 23:00:00,4.069409090147995,-19.741604090481943
2023-01-07 00:00:00,5.538766063672127,1.1875348577452374
2023-01-07 01:00:00,5.767623233446358,12.363269310204764
2023-01-07 02:00:00,5.290910874514701,24.666468498196167
2023-01-07 03:00:00,4.31065988498039,27.48688843428368
2023-01-07 04:00:00,4.3815683014780005,40.540675413561075
2023-01-07 05:00:00,3.8832165076004164,49.15005573427269
2023-01-07 06:00:00,5.52232442308949,50.79659612972018
2023-01-07 07:00:00,5.649097199681674,47.98622003510724
2023-01-07 08:00:00,5.22207147546466,40.598249318107875
2023-01-07 09:00:00,5.395210373711357,36.07192537024496
2023-01-07 10:00:00,4.844445021607561,20.341259941682573
2023-01-07 11:00:00,5.264580269138486,15.183542720557966
2023-01-07 12:00:00,4.981902991652502,2.684272572400354
2023-01-07 13:00:00,5.131184122594079,-16.941102533561658
2023-01-07 14:00:00,5.115659957329762,-20.541992387316967
2023-01-07 15:00:00,5.338155380019618,-39.045042741581575
2023-01-07 16:00:00,4.54541937301489,-42.23670352717019
2023-01-07 17:00:00,4.384750185103059,-44.13158155128736
2023-01-07 18:00:00,5.718860934818909,-50.16247183910406
2023-01-07 19:00:00,5.535370853030122,-50.93152507922848
2023-01-07 20:00:00,5.319585594022155,-43.235161810767906
2023-01-07 21:00:00,5.036136317153132,-31.721912455322162
2023-01-07 22:00:00,4.498269898492979,-23.066347024433142
2023-01-07 23:00:00,5.230684807910144,-15.189839917568163
2023-01-08 00:00:00,4.54386593394443,-1.9905425473705103
2023-01-08 01:00:00,5.517418932941972,12.821276592323736
2023-01-08 02:00:00,4.371452882756038,29.401389681502486
2023-01-08 03:00:00,5.00019571414594,37.16354219682602
2023-01-08 04:00:00,5.323284563243189,42.3559967310263
2023-01-08 05:00:00,5.208615052086961,46.60272352624042
2023-01-08 06:00:00,5.4804970272787354,43.322946998353416
2023-01-08 07:00:00,4.533672288303035,59.56411652792162
2023-01-08 08:00:00,5.301225108239407,41.772818956999565
2023-01-08 09:00:00,4.840354358977216,32.08109345630186
2023-01-08 10:00:00,5.072834757167601,31.61614305811287
2023-01-08 11:00:00,4.066333524285143,10.692617652709899
2023-01-08 12:00:00,5.527429344958796,1.5363299094296492
2023-01-08 13:00:00,4.500050944793724,-13.552114304342469
2023-01-08 14:00:00,5.158361023562017,-26.374769547363343
2023-01-08 15:00:00,5.674743241735083,-32.78832225638286
2023-01-08 16:00:00,6.104891340646045,-41.345285299287845
2023-01-08 17:00:00,5.38615172937368,-53.211631372361055
2023-01-08 18:00:00,5.2800658514454195,-51.1751298821987
2023-01-08 19:00:00,5.433356438366686,-44.93281974879371
2023-01-08 20:00:00,4.7557934565301645,-40.86954629811674
2023-01-08 21:00:00,5.001941167221638,-36.259161454007796
2023-01-08 22:00:00,5.431339935478086,-29.69207056742576
2023-01-08 23:00:00,4.893700054461376,-6.519357269228346
2023-01-09 00:00:00,4.0593271155801744,3.6016351309753563
2023-01-09 01:00:00,5.619617799392307,25.95087746767404
2023-01-09 02:00:00,5.355559886029606,25.36914645757833
2023-01-09 03:00:00,4.422579354962776,38.42713616275903
2023-01-09 04:00:00,4.416456050222466,44.850999194976
2023-01-09 05:00:00,5.162813728411074,40.99947380439512
2023-01-09 06:00:00,6.799905851171773,51.428109100115826
2023-01-09 07:00:00,5.02969380805373,39.09458392979435
2023-01-09 08:00:00,4.716013231760232,39.319562918064975
2023-01-09 09:00:00,4.095852278179112,36.83194062905424
2023-01-09 10:00:00,5.179522514847523,24.894956156063564
2023-01-09 11:00:00,5.337878748298737,-1.3418641862461484
2023-01-09 12:00:00,4.825723493078448,1.0221511206087424
2023-01-09 13:00:00,4.918486879749975,-18.689205100783084
2023-01-09 14:00:00,4.850039138864592,-21.583398789770488
2023-01-09 15:00:00,4.499808911329071,-35.77228161193498
2023-01-09 16:00:00,4.516710739232322,-37.284080665266885
2023-01-09 17:00:00,3.6239856688828676,-56.24307308323388
2023-01-09 18:00:00,4.4611606182470585,-59.15453089644524
2023-01-09 19:00:00,5.196777538961356,-42.7324485315907
2023-01-09 20:00:00,4.528154314001641,-36.82653155840618
2023-01-09 21:00:00,5.2102045319229395,-22.64621303036215
2023-01-09 22:00:00,4.141589420175478,-23.412939804742845
2023-01-09 23:00:00,5.186459587064434,-11.585266142277401
2023-01-10 00:00:00,4.693364071290532,1.6150963283323505
2023-01-10 01:00:00,4.672029324773998,16.745754057846472
2023-01-10 02:00:00,5.653933486151662,25.191163480232806
2023-01-10 03:00:00,3.8294311483796735,25.862955550529293
2023-01-10 04:00:00,5.276159671639001,41.33950633313839
2023-01-10 05:00:00,5.394887517848439,46.03580624688184
2023-01-10 06:00:00,4.839739193499203,47.194195792377805
2023-01-10 07:00:00,4.292503956474246,52.183520762197325
2023-01-10 08:00:00,5.034564527949185,52.25511143158821
2023-01-10 09:00:00,4.769104142093837,35.02928724149439
2023-01-10 10:00:00,5.51694315576639,19.516312045647
2023-01-10 11:00:00,5.434795804046784,11.416106720957739
2023-01-10 12:00:00,4.99999889240184,-5.543965319620263
2023-01-10 13:00:00,4.465599296314908,-13.300684609640943
2023-01-10 14:00:00,4.939642303187421,-33.145113106471484
2023-01-10 15:00:00,5.073422140518153,-37.444763710698346
2023-01-10 16:00:00,4.932364584261525,-39.54948450153471
2023-01-10 17:00:00,4.879637350764298,-48.30182629213332
2023-01-10 18:00:00,4.69608565371615,-47.63238131506526
2023-01-10 19:00:00,4.367073702819817,-45.74947391089213
2023-01-10 20:00:00,4.881797175968451,-48.2689388113618
2023-01-10 21:00:00,5.067601239620535,-35.67493272876519
2023-01-10 22:00:00,5.038681782468825,-19.454933296291255
2023-01-10 23:00:00,4.977821512586068,-11.686316576244849
2023-01-11 00:00:00,4.046055346709808,1.8011885444335705
2023-01-11 01:00:00,4.603030473442917,11.616138905444064
2023-01-11 02:00:00,5.596431321289864,20.53279771693117
2023-01-11 03:00:00,5.350153182347895,34.66010614307227
2023-01-11 04:00:00,4.919663651760703,44.59854936819563
2023-01-11 05:00:00,5.035056305700928,48.16500606434117
2023-01-11 06:00:00,4.441729249866138,49.11529460598382
2023-01-11 07:00:00,4.463865009297865,47.735938925970146
2023-01-11 08:00:00,4.652624879403772,46.57513288837095
2023-01-11 09:00:00,4.842324806216528,34.412708362143604
2023-01-11 10:00:00,4.730729467373867,20.389844656735676
2023-01-11 11:00:00,5.068351983077674,10.32593860332107
2023-01-11 12:00:00,5.0260151012647585,5.047867969551521
2023-01-11 13:00:00,5.1049147951025,-12.010745536511036
2023-01-11 14:00:00,4.0358123945978495,-30.512005622636543
2023-01-11 15:00:00,6.280715541522825,-33.54169571032217
2023-01-11 16:00:00,5.14544869283166,-47.219017270240506
2023-01-11 17:00:00,4.819745358779696,-47.98597630234749
2023-01-11 18:00:00,4.7984475167548,-44.87032921197402
2023-01-11 19:00:00,4.998146322641117,-52.01601300167605
2023-01-11 20:00:00,4.763526398512764,-48.6814228523646
2023-01-11 21:00:00,4.615599716031475,-33.165274090817164
2023-01-11 22:00:00,4.958487273502278,-25.561632488801706
2023-01-11 23:00:00,5.425587939463055,-12.227803129151429
2023-01-12 00:00:00,4.953784638355845,5.61683473908908
2023-01-12 01:00:00,5.090457794351286,9.748642177244866
2023-01-12 02:00:00,5.492141958515381,26.454989292700123
2023-01-12 03:00:00,5.406058564749534,36.40460554303968
2023-01-12 04:00:00,5.847770382491397,36.73488507860047
2023-01-12 05:00:00,4.239292857496846,51.616250404555025
2023-01-12 06:00:00,4.541155069568099,52.28741095988273
2023-01-12 07:00:00,4.569439721182539,47.38309939592079
2023-01-12 08:00:00,4.124085618422954,48.126973592473355
2023-01-12 09:00:00,4.610717424105117,26.074817976809435
2023-01-12 10:00:00,5.333247223376999,22.532841441037622
2023-01-12 11:00:00,5.685728604146695,16.233239473019985
2023-01-12 12:00:00,5.193858764792608,-3.1786314699796336
2023-01-12 13:00:00,5.943183705716208,-17.70869577250176
2023-01-12 14:00:00,4.58760884777479,-23.172224692611476
2023-01-12 15:00:00,5.39623659535136,-40.01627806869185
2023-01-12 16:00:00,5.3336442477547585,-40.240533052296364
2023-01-12 17:00:00,5.096502824032155,-43.72838213764259
2023-01-12 18:00:00,4.948883201905256,-51.0135829262888
2023-01-12 19:00:00,4.863358740237726,-49.17462488816142
2023-01-12 20:00:00,5.415114398510848,-46.280088791335416
2023-01-12 21:00:00,5.239247188585656,-35.58357481410457
2023-01-12 22:00:00,5.166420225574597,-27.02301640060559
2023-01-12 23:00:00,5.26927757976082,-6.622657009216671
2023-01-13 00:00:00,4.966265911351615,6.651360105866412
2023-01-13 01:00:00,5.395550009748857,12.319463227386766
2023-01-13 02:00:00,4.657207569691229,29.379399428450185
2023-01-13 03:00:00,5.055166235640446,37.74663702396279
2023-01-13 04:00:00,4.982704101659229,38.823587031982385
2023-01-13 05:00:00,4.897701801863484,42.57092441139172
2023-01-13 06:00:00,5.04003025762819,47.990870451270204
2023-01-13 07:00:00,4.707960913771636,43.96803165558501
2023-01-13 08:00:00,6.28458939897169,44.734496518871254
2023-01-13 09:00:00,5.589740817783134,37.803951959615446
2023-01-13 10:00:00,5.585952623431335,21.41439813634957
2023-01-13 11:00:00,5.316002282285423,17.221854747742462
2023-01-13 12:00:00,5.480464071768157,8.171518322562019
2023-01-13 13:00:00,5.472403319605779,-15.393283895137966
2023-01-13 14:00:00,4.86848557599347,-22.990392217858123
2023-01-13 15:00:00,4.860492168329972,-32.8434057877718
2023-01-13 16:00:00,4.60744138035281,-43.219876802671706
2023-01-13 17:00:00,5.355173650960209,-40.25298405271513
2023-01-13 18:00:00,4.152296319590079,-46.43098115639636
2023-01-13 19:00:00,5.1962750348176145,-44.65546617579926
2023-01-13 20:00:00,4.835622996793952,-45.32325127697391
2023-01-13 21:00:00,4.1825253573667664,-30.708284346491126
2023-01-13 22:00:00,5.1397016363247285,-26.3930370682317
2023-01-13 23:00:00,4.864825457631776,-9.534420587138936
2023-01-14 00:00:00,5.203802081905387,-8.025863286780234
2023-01-14 01:00:00,4.742427807007337,16.281626022551286
2023-01-14 02:00:00,4.277750493519346,28.31949353013185
2023-01-14 03:00:00,4.92372357051577,36.77739494576062
2023-01-14 04:00:00,4.5653507931593325,31.83499142335408
2023-01-14 05:00:00,4.06846812856579,52.85609046365873
2023-01-14 06:00:00,5.424817748307469,55.86462247618562
2023-01-14 07:00:00,4.696456854401374,42.329268658348134
2023-01-14 08:00:00,4.929844801815609,48.08628928054119
2023-01-14 09:00:00,3.895781787506614,29.84257913424252
2023-01-14 10:00:00,4.78727630724121,21.957803170111738
2023-01-14 11:00:00,5.350614066802173,11.894349638846922
2023-01-14 12:00:00,3.9798087873701578,4.904475846528152
2023-01-14 13:00:00,4.9292696435549965,-10.025360293673995
2023-01-14 14:00:00,4.6446467607821855,-25.204214168455252
2023-01-14 15:00:00,5.367169890459268,-36.493266745923634
2023-01-14 16:00:00,4.760540462496333,-41.15278107752777
2023-01-14 17:00:00,5.233485154048547,-47.685100802740514
2023-01-14 18:00:00,5.312345848312636,-45.08233924981524
2023-01-14 19:00:00,4.832464670823321,-52.6274487007536
2023-01-14 20:00:00,5.245026890057668,-33.851108195863326
2023-01-14 21:00:00,4.8723228525504805,-30.857451256151087
2023-01-14 22:00:00,5.1714195821009294,-34.511212840840514
2023-01-14 23:00:00,4.525590007879192,-12.094205796135839
2023-01-15 00:00:00,4.528000677139641,-6.043291049138974
2023-01-15 01:00:00,4.416930625818726,12.433778851536353
2023-01-15 02:00:00,5.1317102951869735,13.266116816156181
2023-01-15 03:00:00,5.603449751371396,28.494658438960936
2023-01-15 04:00:00,5.480585391893487,42.97930110246244
2023-01-15 05:00:00,4.879549824913509,45.76962481022685
2023-01-15 06:00:00,4.918753457211463,55.18750707134141
2023-01-15 07:00:00,5.409869924210306,46.251499270609386
2023-01-15 08:00:00,5.658969026410753,45.56608210128668
2023-01-15 09:00:00,3.9216664743455167,41.580185643353474
2023-01-15 10:00:00,4.746509452910536,18.13086601522284
2023-01-15 11:00:00,5.07790074810973,7.381888117794364
2023-01-15 12:00:00,4.979224290596082,-3.2692773879644834
2023-01-15 13:00:00,4.963995071580544,-13.320821655208862
2023-01-15 14:00:00,5.952975473580718,-21.56264714852111
2023-01-15 15:00:00,4.5810019647177445,-42.52834334429548
2023-01-15 16:00:00,4.69175635614184,-49.51244094264707
2023-01-15 17:00:00,4.5192054955751,-48.02043061430439
2023-01-15 18:00:00,4.207704253280971,-57.33699027085087
2023-01-15 19:00:00,4.668162073735357,-51.768518193180576
2023-01-15 20:00:00,4.522862295109414,-47.20719549073782
2023-01-15 21:00:00,4.8530148725195295,-37.243342156292904
2023-01-15 22:00:00,5.434596053322724,-17.248743672668468
2023-01-15 23:00:00,4.658894948773174,-16.4122730807824
2023-01-16 00:00:00,5.4177803518385,-4.892806757570086
2023-01-16 01:00:00,5.464529149129609,9.912518741721362
2023-01-16 02:00:00,4.951359506109227,21.425163997127978
2023-01-16 03:00:00,5.247213962180986,38.500021761163225
2023-01-16 04:00:00,5.416619707673661,45.50061069729797
2023-01-16 05:00:00,4.821217491892089,44.89502154480323
2023-01-16 06:00:00,4.89418350064106,49.27155550498555
2023-01-16 07:00:00,5.183242099054597,44.90917557314785
2023-01-16 08:00:00,5.228786586860855,44.11018164135441
2023-01-16 09:00:00,4.971521409319658,40.77425499963306
2023-01-16 10:00:00,5.376410060043295,30.23814491825533
2023-01-16 11:00:00,4.908903454809215,15.097798803874689
2023-01-16 12:00:00,5.274034133161806,-2.89534219519757
2023-01-16 13:00:00,5.192021996764884,-16.502746019754955
2023-01-16 14:00:00,4.6852153114589585,-32.09284720953248
2023-01-16 15:00:00,5.685003905833644,-35.890144019569114
2023-01-16 16:00:00,5.468872009818216,-46.70787990303722
2023-01-16 17:00:00,4.47578582516216,-43.35918314694969
2023-01-16 18:00:00,5.334371633955624,-57.006633788742135
2023-01-16 19:00:00,4.840495863652477,-44.58857937241033
2023-01-16 20:00:00,5.386027938732179,-50.497954843407854
2023-01-16 21:00:00,5.54278730118683,-40.48530879360874
2023-01-16 22:00:00,5.2741643696469485,-28.862924925081966
2023-01-16 23:00:00,5.589987959449549,-17.24701213677756
2023-01-17 00:00:00,5.284306802839243,5.441840881300774
2023-01-17 01:00:00,4.7918692204647115,12.606528624523085
2023-01-17 02:00:00,3.948319050153235,30.791587828440022
2023-01-17 03:00:00,4.421841868647487,35.6487847008711
2023-01-17 04:00:00,4.6998247504578705,39.32882717877439
2023-01-17 05:00:00,5.243373889354593,41.294556357217125
2023-01-17 06:00:00,4.362615852725473,48.13503176265232
2023-01-17 07:00:00,4.306491197557162,45.16837939561985
2023-01-17 08:00:00,4.778313511292534,45.77123725049018
2023-01-17 09:00:00,4.835670454998704,40.31706548472407
2023-01-17 10:00:00,5.0378278723062,31.973830517509853
2023-01-17 11:00:00,5.623243416951084,15.267179522748823
2023-01-17 12:00:00,4.734704947425798,-4.794421539698599
2023-01-17 13:00:00,4.912460201621178,-9.550511115646138
2023-01-17 14:00:00,5.426165828549714,-21.55254423594184
2023-01-17 15:00:00,4.53039755962403,-39.488879276936984
2023-01-17 16:00:00,5.566010145532048,-42.241845505517624
2023-01-17 17:00:00,4.49204186598661,-50.96092296034318
2023-01-17 18:00:00,4.772578305638916,-54.328714145024385
2023-01-17 19:00:00,4.6279003022841225,-43.49140961161867
2023-01-17 20:00:00,5.768948137581711,-42.69553425219539
2023-01-17 21:00:00,5.04451641213321,-30.33612652334212
2023-01-17 22:00:00,4.895588738874393,-25.814037029744117
2023-01-17 23:00:00,4.393761284455829,-16.018491408525797
2023-01-18 00:00:00,5.57183645142882,-9.449719940583645
2023-01-18 01:00:00,5.397801509588404,21.498928197567757
2023-01-18 02:00:00,4.652159737863152,30.431073200945928
2023-01-18 03:00:00,5.003772980376523,31.1147740948582
2023-01-18 04:00:00,5.187919809576481,31.926947007045914
2023-01-18 05:00:00,5.1564717217490195,53.544666021996846
2023-01-18 06:00:00,4.750555479209063,51.68060420360128
2023-01-18 07:00:00,5.750544035886805,52.441235698225256
2023-01-18 08:00:00,4.882810663446654,33.31316242013943
2023-01-18 09:00:00,4.898129218063569,28.998545732634376
2023-01-18 10:00:00,5.482227547746703,25.561443510867626
2023-01-18 11:00:00,5.360915404539238,9.615225924730673
2023-01-18 12:00:00,5.450026927435637,-2.5007486139007735
2023-01-18 13:00:00,5.940491643644169,-22.93364769416875
2023-01-18 14:00:00,4.661460339783779,-27.175945417767537
2023-01-18 15:00:00,5.069841194295188,-34.32242644550372
2023-01-18 16:00:00,4.5947714552409,-39.947799888027546
2023-01-18 17:00:00,4.73237632812531,-46.29578975609415
2023-01-18 18:00:00,4.599185311288452,-52.174755018929424
2023-01-18 19:00:00,4.956821640509801,-44.31380581350414
2023-01-18 20:00:00,5.401250828492683,-45.38431010260264
2023-01-18 21:00:00,4.819254662188905,-25.843111540514897
2023-01-18 22:00:00,5.072724091815664,-23.24550161256983
2023-01-18 23:00:00,4.5527051041860505,-13.225364230075106
2023-01-19 00:00:00,4.626286563382287,0.13300023298389285
2023-01-19 01:00:00,4.311375994851657,8.611126568292173
2023-01-19 02:00:00,4.822922745997577,28.820844306500156
2023-01-19 03:00:00,4.918962796603976,31.501585256353096
2023-01-19 04:00:00,4.9732190467633,48.594019264301515
2023-01-19 05:00:00,4.618360984308551,49.339993474534616
2023-01-19 06:00:00,5.1551398580458585,45.94907677863146
2023-01-19 07:00:00,4.893186953438898,50.358408074217415
2023-01-19 08:00:00,4.576061138645565,40.00534569185321
2023-01-19 09:00:00,5.050961712227264,31.590029970336243
2023-01-19 10:00:00,5.032791588763036,25.931099548945106
2023-01-19 11:00:00,4.928359839563184,14.472697300815856
2023-01-19 12:00:00,5.546186917158191,-2.249513085809374
2023-01-19 13:00:00,5.187775060267321,-15.302235695081523
2023-01-19 14:00:00,6.31528504564487,-26.917787185725363
2023-01-19 15:00:00,4.778184660940197,-32.44317497521766
2023-01-19 16:00:00,5.034217613603398,-40.03693050110696
2023-01-19 17:00:00,4.420330158219259,-45.50410002141448
2023-01-19 18:00:00,4.750481519096334,-53.24869264436308
2023-01-19 19:00:00,4.051791282966491,-37.635804263520384
2023-01-19 20:00:00,5.2403282711311645,-54.59684969613137
2023-01-19 21:00:00,5.471173195563954,-39.97097396671045
2023-01-19 22:00:00,4.860448460746699,-22.45708991040005
2023-01-19 23:00:00,4.169335938067167,-5.33006536196044
2023-01-20 00:00:00,6.070638618395128,1.6229337236746408
2023-01-20 01:00:00,4.779712876886889,11.350477818311823
2023-01-20 02:00:00,4.758932733917067,30.894753934613878
2023-01-20 03:00:00,5.381843588487257,32.887962745413645
2023-01-20 04:00:00,4.510090991506028,39.223829154085735
2023-01-20 05:00:00,4.637675123375356,52.314446664376646
2023-01-20 06:00:00,5.338880387059178,57.279808085508556
2023-01-20 07:00:00,5.646523535402719,40.42189716476773
2023-01-20 08:00:00,4.86918359044126,51.57536500810237
2023-01-20 09:00:00,4.285545400316467,39.88313821417347
2023-01-20 10:00:00,5.466782600522273,29.115713164750574
2023-01-20 11:00:00,3.825264193585099,17.254979975507077
2023-01-20 12:00:00,5.244230544725665,3.25203655815814
2023-01-20 13:00:00,4.330195109768443,-10.682892425950003
2023-01-20 14:00:00,4.816702975333496,-26.228401869643687
2023-01-20 15:00:00,5.152817412967779,-41.645243726510685
2023-01-20 16:00:00,4.512029884064825,-47.81892577994989
2023-01-20 17:00:00,4.771450066970668,-46.931546985839184
2023-01-20 18:00:00,4.7788446000639615,-49.53213262484168
2023-01-20 19:00:00,4.940586071218137,-52.12517574462442
2023-01-20 20:00:00,5.083115505411422,-46.31173791072968
2023-01-20 21:00:00,4.999000443350888,-35.57325238989315
2023-01-20 22:00:00,5.012584466152833,-28.246177427393736
2023-01-20 23:00:00,5.535818311701744,-16.66294044531962
2023-01-21 00:00:00,5.720078741798962,4.072015328163484
2023-01-21 01:00:00,5.233821804747347,7.815815031609594
2023-01-21 02:00:00,5.141908543500381,24.83664948718245
2023-01-21 03:00:00,4.234108119681234,37.85460418482887
2023-01-21 04:00:00,3.806481500191225,43.72195872065601
2023-01-21 05:00:00,4.826330767236496,46.417055865069166
2023-01-21 06:00:00,5.767361467905413,57.92305702036833
2023-01-21 07:00:00,4.874040506752886,52.66761087174406
2023-01-21 08:00:00,5.355860142613638,52.56625774978096
2023-01-21 09:00:00,4.898500977063746,32.94490013197519
2023-01-21 10:00:00,5.078645961798651,25.85606718457938
2023-01-21 11:00:00,4.6803417015000495,18.005969581154822
2023-01-21 12:00:00,5.377511276429616,9.750955147126485
2023-01-21 13:00:00,5.012134882505398,-7.817371804625928
2023-01-21 14:00:00,4.608356793289367,-26.90610124922277
2023-01-21 15:00:00,4.208238431209945,-35.14123013683032
2023-01-21 16:00:00,5.382616482199507,-43.34138181371387
2023-01-21 17:00:00,5.186270798699153,-47.659010978273
2023-01-21 18:00:00,5.10301695939727,-51.44900032637189
2023-01-21 19:00:00,4.5634035473585834,-47.43165478486185
2023-01-21 20:00:00,5.380181151355351,-58.27407771393963
2023-01-21 21:00:00,4.6416183443219055,-40.22321224816411
2023-01-21 22:00:00,5.453931075223632,-21.320880755213818
2023-01-21 23:00:00,4.5318771681213095,-2.7878040978677845
2023-01-22 00:00:00,4.37994790119684,1.2015204630299978
2023-01-22 01:00:00,4.989852814552788,11.01679713536206
2023-01-22 02:00:00,5.332196552688252,19.184171572018364
2023-01-22 03:00:00,5.393712275625345,31.55568459457359
2023-01-22 04:00:00,5.096061919996549,43.05936479096432
2023-01-22 05:00:00,5.575423417727696,49.85400628553713
2023-01-22 06:00:00,5.1351468626214425,46.36268020189319
2023-01-22 07:00:00,5.046373449337665,48.17301387977489
2023-01-22 08:00:00,3.831413469237023,45.967307376962715
2023-01-22 09:00:00,4.479124587049263,40.196494159252346
2023-01-22 10:00:00,5.529126462027149,26.060124120802563
2023-01-22 11:00:00,4.528577880301082,10.768587746237577
2023-01-22 12:00:00,4.858259311200985,-7.221547330087355
2023-01-22 13:00:00,4.798516448453657,-14.458219048182556
2023-01-22 14:00:00,4.481862995843699,-20.86476222567719
2023-01-22 15:00:00,4.688535604639931,-34.304374740920444
2023-01-22 16:00:00,4.9759953289248315,-40.861173566879565
2023-01-22 17:00:00,4.413818924126523,-44.24979582918348
2023-01-22 18:00:00,4.821773585830895,-43.73285278855111
2023-01-22 19:00:00,4.647733951390946,-45.32995991211584
2023-01-22 20:00:00,5.050307788991983,-41.19129799917102
2023-01-22 21:00:00,5.442620249657287,-48.12686729211655
2023-01-22 22:00:00,5.686768517693982,-22.133614544448115
2023-01-22 23:00:00,5.042821724762462,-3.611122543062679
2023-01-23 00:00:00,4.494504134808603,-6.874002855493012
2023-01-23 01:00:00,5.707680290163754,18.182369912280333
2023-01-23 02:00:00,5.1953441435785415,30.667461521305057
2023-01-23 03:00:00,4.717132624572188,36.89979479921608
2023-01-23 04:00:00,4.833260500168378,35.725780795673124
2023-01-23 05:00:00,4.666243984137809,41.18682775124217
2023-01-23 06:00:00,5.361814615040815,50.87640766751775
2023-01-23 07:00:00,5.490463858760557,56.00907026978945
2023-01-23 08:00:00,5.166150543312259,34.96639872840236
2023-01-23 09:00:00,5.5466799063162835,33.929568001484036
2023-01-23 10:00:00,4.9679785751671695,28.6856571555774
2023-01-23 11:00:00,6.175170360439557,10.999602873437711
2023-01-23 12:00:00,4.936280670833362,-1.1760305892695424
2023-01-23 13:00:00,4.03305745600913,-5.65588901666853
2023-01-23 14:00:00,5.457058732216886,-21.804461698846715
2023-01-23 15:00:00,4.798802410875594,-32.96221594220337
2023-01-23 16:00:00,5.536826742801292,-49.45802038287076
2023-01-23 17:00:00,5.146431982164173,-51.50280858395171
2023-01-23 18:00:00,4.657889426943734,-49.26502041978536
2023-01-23 19:00:00,4.9512950974968195,-48.401809252997715
2023-01-23 20:00:00,4.268566820165095,-41.687814100717176
2023-01-23 21:00:00,4.6185250421357065,-28.124445162131806
2023-01-23 22:00:00,5.16322140070067,-24.956933668610397
2023-01-23 23:00:00,5.380340346382916,-10.389763592951931
2023-01-24 00:00:00,5.3958004183372985,-15.999091621913077
2023-01-24 01:00:00,4.689205335051373,10.38646342648779
2023-01-24 02:00:00,5.534902330596132,27.87273878832513
2023-01-24 03:00:00,5.01242841210673,32.31379546137799
2023-01-24 04:00:00,5.294616327510001,38.527870412474954
2023-01-24 05:00:00,5.53703899050072,59.119697041810184
2023-01-24 06:00:00,5.122965087493263,53.573202435951316
2023-01-24 07:00:00,4.5387439228648905,45.56524180040404
2023-01-24 08:00:00,5.590361265052849,48.936707741214974
2023-01-24 09:00:00,5.2175327957076725,33.29114165960746
2023-01-24 10:00:00,5.208126375420222,18.181081673210425
2023-01-24 11:00:00,4.401462444304815,10.21106246059926
2023-01-24 12:00:00,5.59724812300661,-3.8841464483989556
2023-01-24 13:00:00,5.213845004065593,-16.095549074762157
2023-01-24 14:00:00,4.323631587056433,-30.472164110531672
2023-01-24 15:00:00,4.892171189139605,-35.46715949545282
2023-01-24 16:00:00,4.960982538014944,-39.849973250897634
2023-01-24 17:00:00,5.0270128678755,-49.28175443192723
2023-01-24 18:00:00,4.898247268775384,-51.17243340166756
2023-01-24 19:00:00,5.006894338315911,-46.20308809384376
2023-01-24 20:00:00,5.476914001942456,-44.54693015173675
2023-01-24 21:00:00,4.965884511480976,-32.43449328744929
2023-01-24 22:00:00,4.722796781647508,-25.912971147003102
2023-01-24 23:00:00,5.074874293898288,-8.163645604185621
2023-01-25 00:00:00,5.548999420456128,-0.5336270959699396
2023-01-25 01:00:00,5.371510533715232,8.624039474349296
2023-01-25 02:00:00,3.8419366859436734,29.421902228490033
2023-01-25 03:00:00,4.348955790115709,42.96772729657696
2023-01-25 04:00:00,4.100444823371135,39.338276638425775
2023-01-25 05:00:00,5.214677266546312,52.012155406290134
2023-01-25 06:00:00,5.545424073115081,44.51606514605317
2023-01-25 07:00:00,4.972276227783359,38.84443487711944
2023-01-25 08:00:00,5.06307366484938,47.33796405276682
2023-01-25 09:00:00,4.510181478210176,37.72448115230922
2023-01-25 10:00:00,5.549644980073643,26.04810583419341
2023-01-25 11:00:00,4.614797612026139,13.346811449110321
2023-01-25 12:00:00,5.548063714075967,4.5048674682073635
2023-01-25 13:00:00,4.697314853700808,-16.523704352679328
2023-01-25 14:00:00,5.811696701170266,-17.47971591201982
2023-01-25 15:00:00,4.294731509317351,-31.877207250641195
2023-01-25 16:00:00,4.4746079592780035,-49.35706348227217
2023-01-25 17:00:00,5.587729868386974,-53.17067466700151
2023-01-25 18:00:00,5.575677692220629,-54.83220862645376
2023-01-25 19:00:00,4.864643390883031,-45.37231973674058
2023-01-25 20:00:00,4.320805560650754,-41.51638826314189
2023-01-25 21:00:00,3.7506861902255872,-38.40504569813909
2023-01-25 22:00:00,5.698273288832311,-24.911520834857782
2023-01-25 23:00:00,5.2090970612060925,-8.043631065848366
2023-01-26 00:00:00,5.07936043750801,4.10936577871521
2023-01-26 01:00:00,4.653455967463141,13.342930300425198
2023-01-26 02:00:00,4.8068022168834705,28.54081368591362
2023-01-26 03:00:00,5.43264166719448,43.65964560256608
2023-01-26 04:00:00,4.43876104628819,46.369615079648234
2023-01-26 05:00:00,5.426198233875735,41.002355309649005
2023-01-26 06:00:00,5.323747631524377,50.143679233986575
2023-01-26 07:00:00,5.794374487237067,50.73201096917803
2023-01-26 08:00:00,5.268121133202771,48.9836079378026
2023-01-26 09:00:00,5.437391174347137,32.97861975362801
2023-01-26 10:00:00,4.289710321140668,30.141176636174258
2023-01-26 11:00:00,4.882593261778253,11.40080711055655
2023-01-26 12:00:00,4.950544733004854,-3.570146667056504
2023-01-26 13:00:00,5.187956790643661,-19.08879264174103
2023-01-26 14:00:00,5.056834628951783,-29.49313492597339
2023-01-26 15:00:00,5.501848191431959,-34.58410476872631
2023-01-26 16:00:00,5.069184435018746,-43.374575017629205
2023-01-26 17:00:00,4.564820661305367,-50.759715622232356
2023-01-26 18:00:00,4.491453610880468,-49.886582071746524
2023-01-26 19:00:00,5.758225906078222,-44.27598481657519
2023-01-26 20:00:00,5.142667631536175,-32.66126428154288
2023-01-26 21:00:00,5.063279839468484,-36.091637106330374
2023-01-26 22:00:00,5.129843277947968,-16.519206213616933
2023-01-26 23:00:00,5.099600976119335,-12.647828107467086
2023-01-27 00:00:00,4.847176235725359,-3.338293064243264
2023-01-27 01:00:00,5.302736182881956,20.31282564086819
2023-01-27 02:00:00,5.507474989312636,21.686371840779323
2023-01-27 03:00:00,5.424985473820348,34.71039698176159
2023-01-27 04:00:00,4.978355743650667,41.306052380513094
2023-01-27 05:00:00,4.473384074089957,62.89579032752425
2023-01-27 06:00:00,4.353715938716027,46.8606639280991
2023-01-27 07:00:00,5.481184940273672,43.79610676221499
2023-01-27 08:00:00,4.757688599005007,50.52420597737986
2023-01-27 09:00:00,5.075157684666207,33.314094483723025
2023-01-27 10:00:00,4.563077429050423,18.015935093475743
2023-01-27 11:00:00,5.099150512108189,17.865019010573967
2023-01-27 12:00:00,5.557580471331832,-5.037437684217096
2023-01-27 13:00:00,5.649441973597136,-14.640648293539007
2023-01-27 14:00:00,4.304700934030022,-21.28691128735553
2023-01-27 15:00:00,5.352738920684822,-33.8583630944712
2023-01-27 16:00:00,4.554645642963114,-47.033870505825
2023-01-27 17:00:00,5.879547664241465,-49.10503824606663
2023-01-27 18:00:00,5.971420722095079,-54.302636480125784
2023-01-27 19:00:00,5.190864392507747,-42.40848067115593
2023-01-27 20:00:00,5.049734351883234,-41.66178924164594
2023-01-27 21:00:00,4.905397626603168,-45.61433185890057
2023-01-27 22:00:00,5.741816179673802,-36.97225474795461
2023-01-27 23:00:00,5.07975920195205,-10.046762336919933
2023-01-28 00:00:00,5.148105240602652,0.46695090803710143
2023-01-28 01:00:00,4.8843169245471385,17.155946767815237
2023-01-28 02:00:00,5.022144146687886,18.409814077074852
2023-01-28 03:00:00,5.264090473058605,35.086142660055245
2023-01-28 04:00:00,5.217059060307034,45.967723625968134
2023-01-28 05:00:00,5.448956648067273,42.35187311703729
2023-01-28 06:00:00,5.118509266250754,44.974287549153274
2023-01-28 07:00:00,4.927496135361197,46.217078106623
2023-01-28 08:00:00,5.161373515886308,53.89602664919296
2023-01-28 09:00:00,5.1151720773732565,32.93569984596054
2023-01-28 10:00:00,4.643430924466937,28.405101664157947
2023-01-28 11:00:00,3.9453861528903538,17.736761030805702
2023-01-28 12:00:00,4.5156535184880795,-1.8539933159801272
2023-01-28 13:00:00,4.375773601492078,-11.954095532049482
2023-01-28 14:00:00,5.444446593611651,-34.91826112536108
2023-01-28 15:00:00,4.532525716633579,-25.716613550068367
2023-01-28 16:00:00,5.713744046011012,-42.907814539963546
2023-01-28 17:00:00,4.626900543233116,-49.1393177630428
2023-01-28 18:00:00,5.302365283362776,-56.91477732475133
2023-01-28 19:00:00,5.95604285277787,-51.51794739212415
2023-01-28 20:00:00,5.3012539977878035,-31.028461545854704
2023-01-28 21:00:00,5.965040970224904,-36.298048180480656
2023-01-28 22:00:00,4.527532691234947,-28.123793805696057
2023-01-28 23:00:00,5.597730568500375,-15.696129729378628
2023-01-29 00:00:00,4.646736141426151,-14.565367691251174
2023-01-29 01:00:00,5.493275265796555,12.628981188195073
2023-01-29 02:00:00,4.971370041263487,26.893541721676204
2023-01-29 03:00:00,5.120556204558382,30.798239456533608
2023-01-29 04:00:00,4.989079183344248,44.621534249735156
2023-01-29 05:00:00,4.8459954424730025,49.635680421117904
2023-01-29 06:00:00,5.06376333909837,32.67595426300821
2023-01-29 07:00:00,5.217400118174614,49.44799036177944
2023-01-29 08:00:00,4.249493532081577,45.8970683393551
2023-01-29 09:00:00,4.860397541106196,30.568610128933372
2023-01-29 10:00:00,5.327357948771175,28.726019749628804
2023-01-29 11:00:00,5.078899326100621,7.087360151553506
2023-01-29 12:00:00,5.48395913134407,0.7661152595121662
2023-01-29 13:00:00,4.262623040985744,-12.197308012724605
2023-01-29 14:00:00,5.155495683262748,-20.015486260787533
2023-01-29 15:00:00,5.382673191817008,-32.544355458068914
2023-01-29 16:00:00,4.858580391667103,-44.66373508644319
2023-01-29 17:00:00,4.807580180547426,-34.94181480989027
2023-01-29 18:00:00,5.674216553576281,-42.778020038612496
2023-01-29 19:00:00,3.5395918791503336,-53.12748335400638
2023-01-29 20:00:00,4.752981592936287,-44.63420201801475
2023-01-29 21:00:00,4.717272621440094,-36.05756379485653
2023-01-29 22:00:00,5.309903479325376,-32.50453415723626
2023-01-29 23:00:00,5.50768754449515,-17.54778009737189
2023-01-30 00:00:00,5.535122922097438,3.2880312401467924
2023-01-30 01:00:00,4.690799110452217,13.300673262543054
2023-01-30 02:00:00,5.129573789474561,18.921661516029026
2023-01-30 03:00:00,4.737964641984111,34.461120206628905
2023-01-30 04:00:00,5.520253217222571,38.05948177846946
2023-01-30 05:00:00,5.1378644944038605,45.551043789032214
2023-01-30 06:00:00,4.967313014722546,64.28304261181394
2023-01-30 07:00:00,5.096346445534913,49.52434812214305
2023-01-30 08:00:00,5.46552785259685,47.2369391383217
2023-01-30 09:00:00,5.161820747046891,40.32879541564807
2023-01-30 10:00:00,4.851742344795892,26.052243049117898
2023-01-30 11:00:00,4.902188835050538,13.826044031861649
2023-01-30 12:00:00,5.365850694100556,3.223776959048606
2023-01-30 13:00:00,4.488060662175562,-12.513789691105888
2023-01-30 14:00:00,5.47639467819543,-23.756900760710515
2023-01-30 15:00:00,4.031675416830725,-35.85399960048581
2023-01-30 16:00:00,5.036414485234023,-45.72755293994629
2023-01-30 17:00:00,4.667402663153538,-56.66075552797476
2023-01-30 18:00:00,6.425317073665336,-54.66444873392526
2023-01-30 19:00:00,3.837807483853627,-49.969752436388234
2023-01-30 20:00:00,4.837833273340921,-44.37414025993071
2023-01-30 21:00:00,4.655590492140042,-29.337568797717445
2023-01-30 22:00:00,5.418254394269833,-23.704587837079824
2023-01-30 23:00:00,5.626093339110632,-11.246242242647865
2023-01-31 00:00:00,4.949869954836224,-7.336672898236699
2023-01-31 01:00:00,3.671133410105457,11.915864985531021
2023-01-31 02:00:00,5.956092081889923,20.046593620200618
2023-01-31 03:00:00,5.498771821356216,44.14486279133386
2023-01-31 04:00:00,5.906010128774183,38.599856347392105
2023-01-31 05:00:00,4.9247627556773255,50.46665566745924
2023-01-31 06:00:00,5.168084534075425,63.61734897836028
2023-01-31 07:00:00,4.73393287069842,50.55524866001937
2023-01-31 08:00:00,3.925673570530845,27.218002638939012
2023-01-31 09:00:00,4.794460850190022,40.61594063771571
2023-01-31 10:00:00,4.551242540955963,24.539884429621615
2023-01-31 11:00:00,4.953785332078116,5.302205934888963
2023-01-31 12:00:00,4.207235571963589,0.6080523349038862
2023-01-31 13:00:00,5.319352481492185,-9.62046118458087
2023-01-31 14:00:00,5.171562733348804,-31.38714337619087
2023-01-31 15:00:00,3.936386325195933,-33.07989614129581
2023-01-31 16:00:00,3.7811642574188316,-41.42490916292365
2023-01-31 17:00:00,4.574461406687427,-41.68881909122193
2023-01-31 18:00:00,5.408607719731775,-49.84369992280427
2023-01-31 19:00:00,6.067505898899006,-46.018676834230995
2023-01-31 20:00:00,4.484060415988949,-51.1545850598579
2023-01-31 21:00:00,4.720169656691509,-33.23879599522549
2023-01-31 22:00:00,4.364070948764984,-23.36754459076019
2023-01-31 23:00:00,4.89254935899382,-14.588365487662449
2023-02-01 00:00:00,4.9009188195322935,2.7719491804897336
2023-02-01 01:00:00,5.488617812735144,18.104486305295595
2023-02-01 02:00:00,4.2620718815352845,21.978117850750138
2023-02-01 03:00:00,5.4960003642225175,33.55980660254117
2023-02-01 04:00:00,5.381329948626086,54.55046025258554
2023-02-01 05:00:00,4.7097939192118154,39.50738317963567
2023-02-01 06:00:00,4.616979631544982,55.88042486894495
2023-02-01 07:00:00,4.87631424879765,60.68141659017118
2023-02-01 08:00:00,4.620845247274125,35.59469732977996
2023-02-01 09:00:00,4.824335436218712,43.17845572432526
2023-02-01 10:00:00,4.084346654975958,29.07021164964501
2023-02-01 11:00:00,4.837942214317787,17.959554469619043
2023-02-01 12:00:00,4.7963792821804825,1.2551664516999492
2023-02-01 13:00:00,5.07582996931395,-16.034117020986518
2023-02-01 14:00:00,5.632365789142606,-29.324012427762
2023-02-01 15:00:00,4.906767037249961,-36.81886239142284
2023-02-01 16:00:00,4.509418103686772,-37.556384630906535
2023-02-01 17:00:00,4.134202782088941,-40.41731128945767
2023-02-01 18:00:00,5.281493417250158,-41.58947951589001
2023-02-01 19:00:00,5.114563028639983,-49.64898334148942
2023-02-01 20:00:00,4.94939194533264,-48.33314064762428
2023-02-01 21:00:00,5.080455013007187,-35.50256746031094
2023-02-01 22:00:00,5.418504191902231,-15.535433430485293
2023-02-01 23:00:00,5.154607810118522,-13.033193592449994
2023-02-02 00:00:00,5.155446508013355,-2.3150941574990824
2023-02-02 01:00:00,5.714490073835783,20.88358751272476
2023-02-02 02:00:00,5.026537995086824,18.54812440054102
2023-02-02 03:00:00,4.659383489330453,32.59696296836793
2023-02-02 04:00:00,5.652636754839125,37.417676179555784
2023-02-02 05:00:00,4.71616390382533,55.54574894364906
2023-02-02 06:00:00,4.390482286537598,52.70205644936435
2023-02-02 07:00:00,5.207347568015351,53.23917648619672
2023-02-02 08:00:00,5.323289668704371,38.38466618173287
2023-02-02 09:00:00,4.6025385798786065,42.022847835926356
2023-02-02 10:00:00,5.420825397643092,10.512633140699712
2023-02-02 11:00:00,4.995198754445735,6.531745384326144
2023-02-02 12:00:00,4.765619096939841,0.8186317484183985
2023-02-02 13:00:00,5.01613728471669,-8.405409489082611
2023-02-02 14:00:00,4.692557725469788,-28.3938657747877
2023-02-02 15:00:00,4.992779235600235,-45.22231023821511
2023-02-02 16:00:00,5.835793363202585,-47.78865087572643
2023-02-02 17:00:00,4.833747128553753,-53.90904507132721
2023-02-02 18:00:00,4.81493679683791,-36.01939816171372
2023-02-02 19:00:00,4.5705301729196774,-44.84987815422885
2023-02-02 20:00:00,4.776678171050346,-48.40733842885619
2023-02-02 21:00:00,4.368567935121504,-43.23846112406883
2023-02-02 22:00:00,4.769319206604948,-29.100575767788023
2023-02-02 23:00:00,4.645629857003516,-12.132694399352877
2023-02-03 00:00:00,4.875495434018214,-2.4091096601168642
2023-02-03 01:00:00,4.480368355952933,23.712861325545145
2023-02-03 02:00:00,6.238447471386546,21.275251360682503
2023-02-03 03:00:00,4.595539381884528,38.44932796063795
2023-02-03 04:00:00,4.798254650381414,39.77309102443708
2023-02-03 05:00:00,5.130687451200307,52.47236605489361
2023-02-03 06:00:00,5.198946673094027,47.80221463988324
2023-02-03 07:00:00,5.367870429932604,53.514254635762676
2023-02-03 08:00:00,4.869271240726514,45.449107764131625
2023-02-03 09:00:00,4.574551640152248,44.41823227485237
2023-02-03 10:00:00,5.740269754189523,26.05649947044399
2023-02-03 11:00:00,4.55800177787336,15.756056364597686
2023-02-03 12:00:00,4.892602412821982,-6.335182376951941
2023-02-03 13:00:00,5.026616632500773,-20.484805713576577
2023-02-03 14:00:00,5.310137581068406,-21.55729047395139
2023-02-03 15:00:00,5.217451590775867,-36.0113872469389
2023-02-03 16:00:00,4.708269717512544,-39.466896189245254
2023-02-03 17:00:00,5.101833947577532,-50.826084674137405
2023-02-03 18:00:00,4.224071888190042,-48.743274228115986
2023-02-03 19:00:00,6.099720297558578,-52.08426839587745
2023-02-03 20:00:00,4.597779517526876,-40.945592500448164
2023-02-03 21:00:00,5.450489791265618,-40.00148828029524
2023-02-03 22:00:00,4.512678483602889,-24.411449808969092
2023-02-03 23:00:00,5.320286146388641,-15.8592076944746
2023-02-04 00:00:00,4.491592450617178,6.372829955230202
2023-02-04 01:00:00,5.446540158911436,9.381030701924306
2023-02-04 02:00:00,5.952020887378384,22.073198578166195
2023-02-04 03:00:00,5.0362693550895665,33.95393314749615
2023-02-04 04:00:00,5.282947771257867,47.883157139814564
2023-02-04 05:00:00,5.487174085042485,48.09438560563527
2023-02-04 06:00:00,4.710813391653217,49.13559515196615
2023-02-04 07:00:00,5.473805448553524,46.54454446776593
2023-02-04 08:00:00,4.772924410742916,44.472287225938686
2023-02-04 09:00:00,6.081726668180084,32.360905198502614
2023-02-04 10:00:00,4.39433476441119,21.016346197442278
2023-02-04 11:00:00,5.080680207121048,11.97295606311858
2023-02-04 12:00:00,4.4880180616684875,-2.919962452101034
2023-02-04 13:00:00,5.595950488028398,-15.316817029681957
2023-02-04 14:00:00,6.246265839572914,-35.494010309711996
2023-02-04 15:00:00,5.141834904773139,-28.790518238223655
2023-02-04 16:00:00,5.965196993324474,-43.20886368872323
2023-02-04 17:00:00,5.415212490983691,-48.361201506528516
2023-02-04 18:00:00,5.837493640286439,-54.08000132635007
2023-02-04 19:00:00,5.409591223310165,-50.59822542348752
2023-02-04 20:00:00,5.8796774734193695,-48.9667729238137
2023-02-04 21:00:00,5.8077433805889465,-39.75114029926346
2023-02-04 22:00:00,4.756798499669429,-26.233320762209512
2023-02-04 23:00:00,4.770025490486172,-12.308837168081753
2023-02-05 00:00:00,4.899116575447417,2.449946162783762
2023-02-05 01:00:00,4.692191875469234,16.929758919860536
2023-02-05 02:00:00,5.278428997658689,30.991222249278714
2023-02-05 03:00:00,5.735187818216404,38.525266360658435
2023-02-05 04:00:00,5.262698534312425,42.924857828011426
2023-02-05 05:00:00,4.84414553553792,50.46487799125046
2023-02-05 06:00:00,5.121399778603968,49.20093671615955
2023-02-05 07:00:00,4.021285899382055,43.564729092142294
2023-02-05 08:00:00,4.434627841357727,53.56735607654156
2023-02-05 09:00:00,4.849408469586184,40.072393440744165
2023-02-05 10:00:00,5.258704893536644,27.51644058912982
2023-02-05 11:00:00,4.8773368087083115,13.860536131979512
2023-02-05 12:00:00,5.101907696304421,3.40432093486454
2023-02-05 13:00:00,4.883290463707651,-11.428689715847849
2023-02-05 14:00:00,4.803048100370072,-24.40494597540809
2023-02-05 15:00:00,4.428933819173094,-30.049244263163576
2023-02-05 16:00:00,5.222136934393681,-43.100436451919975
2023-02-05 17:00:00,4.773260253944187,-42.07145720772199
2023-02-05 18:00:00,5.068695659105141,-49.28044665349486
2023-02-05 19:00:00,4.68468756380275,-55.58174667418232
2023-02-05 20:00:00,5.294863366523399,-40.89703917872068
2023-02-05 21:00:00,5.055354333620576,-38.31952363290683
2023-02-05 22:00:00,5.13517107769203,-29.98828329931017
2023-02-05 23:00:00,4.61875896003743,-16.165994851557365
2023-02-06 00:00:00,4.590600494437027,-7.662401930843305
2023-02-06 01:00:00,5.156878753289569,16.803998570715404
2023-02-06 02:00:00,4.289027374127634,27.09605492152072
2023-02-06 03:00:00,5.434067142844426,36.53975819221841
2023-02-06 04:00:00,4.944776523020743,37.34728996930221
2023-02-06 05:00:00,4.512290285464062,50.827163027314754
2023-02-06 06:00:00,4.2498764252984,60.17239150578542
2023-02-06 07:00:00,5.505169538003328,49.232047770833134
2023-02-06 08:00:00,3.875215032069175,40.39877748313006
2023-02-06 09:00:00,5.235482463570763,29.688488903271647
2023-02-06 10:00:00,5.069451370365201,21.25138464936734
2023-02-06 11:00:00,5.318132511455926,21.68881762634181
2023-02-06 12:00:00,4.457479569087896,-2.2704329101843896
2023-02-06 13:00:00,4.6639374748055795,-21.071691312070328
2023-02-06 14:00:00,5.162455637506682,-23.414492595722514
2023-02-06 15:00:00,5.0262056712693735,-37.635965056757314
2023-02-06 16:00:00,5.4387790206938185,-48.34451940496808
2023-02-06 17:00:00,4.977738879233999,-45.1264740763522
2023-02-06 18:00:00,5.698349567680462,-51.70847004643846
2023-02-06 19:00:00,5.06936927726656,-47.36068814012444
2023-02-06 20:00:00,5.812031264729655,-42.837688149503165
2023-02-06 21:00:00,5.860115895322373,-27.95465797161969
2023-02-06 22:00:00,5.875803291718947,-22.812479955867836
2023-02-06 23:00:00,4.631595101321404,-10.401091767824427
2023-02-07 00:00:00,5.60901336724912,-4.912018612537949
2023-02-07 01:00:00,4.9893282738935225,4.807387907365449
2023-02-07 02:00:00,4.991577054856658,37.95449221798441
2023-02-07 03:00:00,5.410378523659419,39.021307476181185
2023-02-07 04:00:00,4.823196021250625,38.011303173684524
2023-02-07 05:00:00,4.167113057912667,53.95093789092181
2023-02-07 06:00:00,5.012435534797244,50.27565701460961
2023-02-07 07:00:00,5.946169414411339,46.77774480763357
2023-02-07 08:00:00,4.8256497662483815,39.99186428656543
2023-02-07 09:00:00,4.961784148042407,36.685488234900085
2023-02-07 10:00:00,5.197390022374524,31.677403114304646
2023-02-07 11:00:00,4.8168579806112835,18.158689259293457
2023-02-07 12:00:00,4.90025412510507,10.761973329165711
2023-02-07 13:00:00,5.063322504511739,-13.988616714507343
2023-02-07 14:00:00,4.793232523385539,-24.80458489592704
2023-02-07 15:00:00,5.655021401228949,-30.584141263059983
2023-02-07 16:00:00,6.058795111544045,-39.92762959405638
2023-02-07 17:00:00,5.230221218457745,-37.10193382568687
2023-02-07 18:00:00,4.755646110396981,-38.64069155106962
2023-02-07 19:00:00,5.254548726117832,-49.87336661135867
2023-02-07 20:00:00,4.429583178414961,-53.41048343780037
2023-02-07 21:00:00,4.30884613680815,-49.15472328778638
2023-02-07 22:00:00,4.958052679940898,-22.785471838860342
2023-02-07 23:00:00,5.630516999533062,-14.862729713413954
2023-02-08 00:00:00,5.704274739770493,3.685137023759586
2023-02-08 01:00:00,5.196885569049394,10.048814340510916
2023-02-08 02:00:00,5.351083527123467,33.263555088434394
2023-02-08 03:00:00,5.11655081000883,29.012643108688614
2023-02-08 04:00:00,4.950580073583317,40.717861894182505
2023-02-08 05:00:00,4.3986318737903956,45.72401176119836
2023-02-08 06:00:00,5.595909355760452,52.66410006488506
2023-02-08 07:00:00,4.788503466711463,45.876175271765014
2023-02-08 08:00:00,5.412636762981271,41.30348364777989
2023-02-08 09:00:00,4.982736473265848,41.42412447269674
2023-02-08 10:00:00,4.522179992265538,30.470830198724986
2023-02-08 11:00:00,4.586451284761074,14.687028837049246
2023-02-08 12:00:00,4.711139390848262,-5.310456265212404
2023-02-08 13:00:00,5.055465903855228,-10.883141925597695
2023-02-08 14:00:00,5.590888664821384,-20.867790064291793
2023-02-08 15:00:00,5.354521903297792,-35.969093663033746
2023-02-08 16:00:00,4.603235344163454,-47.18490304565992
2023-02-08 17:00:00,4.342965486522479,-50.89970526108022
2023-02-08 18:00:00,5.3362853245243755,-48.64779180991676
2023-02-08 19:00:00,5.9682996079258785,-41.44465933127355
2023-02-08 20:00:00,5.479445962369618,-47.809030430558
2023-02-08 21:00:00,6.017081315889707,-33.22778882601685
2023-02-08 22:00:00,4.7505305730283345,-19.79293169683528
2023-02-08 23:00:00,4.998777570496818,-10.67814003773226
2023-02-09 00:00:00,5.664726812936922,4.956398895369436
2023-02-09 01:00:00,4.181908799432859,10.237711894752715
2023-02-09 02:00:00,5.191073878875551,24.065903729144814
2023-02-09 03:00:00,5.157752393550667,28.480890629592086
2023-02-09 04:00:00,5.69877130822687,40.02427478078263
2023-02-09 05:00:00,4.5156521843127395,44.182145918121606
2023-02-09 06:00:00,4.887629165829247,45.0595543106246
2023-02-09 07:00:00,4.6595744631483225,51.50057663809299
2023-02-09 08:00:00,4.946025831090811,34.98299297151348
2023-02-09 09:00:00,4.3863628359029265,28.951482154351798
2023-02-09 10:00:00,5.264677168647474,28.967480117831727
2023-02-09 11:00:00,5.084221307103298,11.685098085029809
2023-02-09 12:00:00,4.862728167942437,-5.402710240485668
2023-02-09 13:00:00,5.140834390227039,-10.541398791827003
2023-02-09 14:00:00,5.219991808489479,-26.160632559592273
2023-02-09 15:00:00,5.74294852757607,-34.0655494215956
2023-02-09 16:00:00,4.951707951661122,-42.30260874287228
2023-02-09 17:00:00,5.665906679887956,-49.53077919916104
2023-02-09 18:00:00,4.593597620507862,-54.18133398638349
2023-02-09 19:00:00,4.68948821707639,-49.79021658336153
2023-02-09 20:00:00,5.800456619120087,-41.69727299297867
2023-02-09 21:00:00,5.609287219398074,-33.26627119280454
2023-02-09 22:00:00,4.152207599733636,-23.431909070915818
2023-02-09 23:00:00,3.9052190194686323,-14.611875479776135
2023-02-10 00:00:00,5.7540580405974495,1.6947770771268997
2023-02-10 01:00:00,4.935094254415136,5.598349886743238
2023-02-10 02:00:00,4.685522249427074,27.011267747611484
2023-02-10 03:00:00,5.129551497504829,39.397264199612664
2023-02-10 04:00:00,4.707837498781102,27.8684728571198
2023-02-10 05:00:00,5.002670183156931,53.5469820274699
2023-02-10 06:00:00,4.854193568253539,57.81400451683431
2023-02-10 07:00:00,4.8131414874088,50.662831344848534
2023-02-10 08:00:00,4.0368943608143955,32.54997778280114
2023-02-10 09:00:00,4.484737815834427,35.91589784083043
2023-02-10 10:00:00,5.553810595348272,21.04038275175458
2023-02-10 11:00:00,5.384290999712191,13.202404383786355
2023-02-10 12:00:00,5.105482740083525,1.922126292777234
2023-02-10 13:00:00,5.400728200539576,-9.595007560250176
2023-02-10 14:00:00,5.037323512631308,-23.8674496054953
2023-02-10 15:00:00,4.145386332512326,-36.64376767837046
2023-02-10 16:00:00,4.443765478334562,-36.145361362413624
2023-02-10 17:00:00,5.24498088201404,-52.56305999680589
2023-02-10 18:00:00,4.128352628531707,-56.3851669113397
2023-02-10 19:00:00,4.59820272473642,-49.648294005354366
2023-02-10 20:00:00,4.6433909318871445,-45.061487204873565
2023-02-10 21:00:00,5.127401629738163,-39.53083849734186
2023-02-10 22:00:00,4.898464016597753,-22.27257754891759
2023-02-10 23:00:00,5.093249254886037,-15.531892721333337
2023-02-11 00:00:00,5.238448105183674,3.5062314975065147
2023-02-11 01:00:00,5.17887091199708,4.7284892252852035
2023-02-11 02:00:00,5.430853275102982,21.210627778867934
2023-02-11 03:00:00,5.083150048807605,40.446829446942225
2023-02-11 04:00:00,4.504268406334092,40.47444463961641
2023-02-11 05:00:00,4.37575341935,44.50455483790914
2023-02-11 06:00:00,5.200824776349848,57.43532004170184
2023-02-11 07:00:00,4.946060267660974,55.275988298348594
2023-02-11 08:00:00,4.992080380888853,37.574216151191635
2023-02-11 09:00:00,4.669202916274964,34.20888682583267
2023-02-11 10:00:00,4.9649141960585235,25.481590630661625
2023-02-11 11:00:00,4.239107263242911,14.953279819461725
2023-02-11 12:00:00,4.296712474378948,-6.958055328073092
2023-02-11 13:00:00,6.464530920685231,-19.39093944970883
2023-02-11 14:00:00,3.9205001471054306,-23.148209858313542
2023-02-11 15:00:00,4.4776274571776975,-30.6119884760457
2023-02-11 16:00:00,4.411744702556064,-45.32244939496787
2023-02-11 17:00:00,4.4114591659124684,-50.786030261851
2023-02-11 18:00:00,4.765791489505655,-49.30636414954591
2023-02-11 19:00:00,4.341499449240073,-47.62164307401689
2023-02-11 20:00:00,5.348309718301607,-42.27480336104963
2023-02-11 21:00:00,5.038613129517449,-23.534511598059446
2023-02-11 22:00:00,5.224158645584822,-29.488909745362072
2023-02-11 23:00:00,5.122861156083457,-17.343408155593423
2023-02-12 00:00:00,4.646860983724559,-2.131605122294762
2023-02-12 01:00:00,4.604865590579877,13.25665513193952
2023-02-12 02:00:00,5.6574538636566905,21.576911992808906
2023-02-12 03:00:00,5.056642038132597,32.90791695604261
2023-02-12 04:00:00,5.060412009930468,37.90080512312829
2023-02-12 05:00:00,5.049155660932393,43.63976481422951
2023-02-12 06:00:00,5.043620955148512,42.63215780311499
2023-02-12 07:00:00,4.27435726322392,50.73109385414517
2023-02-12 08:00:00,5.18690965213723,40.46496237390776
2023-02-12 09:00:00,6.28128347722631,39.260357415699
2023-02-12 10:00:00,5.034909745062663,27.86602810457934
2023-02-12 11:00:00,5.865819535547855,22.38823961844377
2023-02-12 12:00:00,5.072208797741082,-0.5899181652174276
2023-02-12 13:00:00,5.151360009886059,-11.665251980480269
2023-02-12 14:00:00,5.161506787395158,-30.17351360487222
2023-02-12 15:00:00,4.030234134273688,-36.27238111667688
2023-02-12 16:00:00,4.244082508430113,-41.24128428310685
2023-02-12 17:00:00,4.910857871270238,-54.89517261731736
2023-02-12 18:00:00,5.865306150155236,-47.33340154144834
2023-02-12 19:00:00,4.768794020085674,-47.47170776286832
2023-02-12 20:00:00,5.260030048827526,-43.66765251431026
2023-02-12 21:00:00,4.532747531663173,-34.65820731095072
2023-02-12 22:00:00,5.474054204906982,-26.056987293359818
2023-02-12 23:00:00,4.264164521397441,-11.655714282102648
2023-02-13 00:00:00,5.540448098678905,4.8821399661627645
2023-02-13 01:00:00,4.98002998868189,19.9414823408397
2023-02-13 02:00:00,4.906425196935284,22.360527195144538
2023-02-13 03:00:00,5.345438269918518,36.86940369916438
2023-02-13 04:00:00,5.6747643425049725,38.559146770520684
2023-02-13 05:00:00,4.219986946678453,60.40700938602686
2023-02-13 06:00:00,5.343567329157751,54.06676504859838
2023-02-13 07:00:00,4.1719615370940675,43.74819177732755
2023-02-13 08:00:00,4.665189095417354,50.752168480603785
2023-02-13 09:00:00,3.740056462508208,27.2761366193151
2023-02-13 10:00:00,4.865566712180704,20.715654232030978
2023-02-13 11:00:00,5.100515956967526,9.91394034829909
2023-02-13 12:00:00,5.479747012189525,-1.1400006993171998
2023-02-13 13:00:00,5.1589641592504165,-9.914984770679949
2023-02-13 14:00:00,5.026732756698739,-29.44371863564072
2023-02-13 15:00:00,5.4645345022253915,-37.65120491269879
2023-02-13 16:00:00,5.673144348604266,-44.074811363689044
2023-02-13 17:00:00,5.524614783410747,-45.03084860319164
2023-02-13 18:00:00,6.041965089808349,-51.72342968937573
2023-02-13 19:00:00,4.733154725418885,-46.96863412040591
2023-02-13 20:00:00,5.639467750294371,-41.2374715246865
2023-02-13 21:00:00,4.266433451654535,-32.96344284665711
2023-02-13 22:00:00,4.376985857498965,-38.068754822086674
2023-02-13 23:00:00,4.993220694387642,-11.565663869645313
2023-02-14 00:00:00,4.760663432872743,-8.814042165341249
2023-02-14 01:00:00,5.3526917879993166,12.844187395897123
2023-02-14 02:00:00,5.228615659386431,24.058709594118145
2023-02-14 03:00:00,5.788185309600726,38.587020749875734
2023-02-14 04:00:00,5.271547534009447,33.700752357359974
2023-02-14 05:00:00,5.235026053080077,42.71699788598484
2023-02-14 06:00:00,4.43183040475636,47.83618782244123
2023-02-14 07:00:00,4.8731597716036905,46.35059020788556
2023-02-14 08:00:00,5.463559688548896,44.616307080949916
2023-02-14 09:00:00,6.4689998162490605,29.415163136572396
2023-02-14 10:00:00,4.579067601628547,26.142880305373154
2023-02-14 11:00:00,5.588716393807735,12.282448853034404
2023-02-14 12:00:00,5.0082180510148335,7.074458065350344
2023-02-14 13:00:00,5.059554872840752,-18.337466058478917
2023-02-14 14:00:00,4.590301336519364,-20.624630268871275
2023-02-14 15:00:00,4.760943744481731,-36.52544295427782
2023-02-14 16:00:00,4.954487576146838,-46.58256123512575
2023-02-14 17:00:00,5.441975411178557,-40.6877050981125
2023-02-14 18:00:00,5.754268123875323,-52.17119473914576
2023-02-14 19:00:00,4.758690504858575,-46.31633038970095
2023-02-14 20:00:00,4.724044649074341,-44.39092134151287
2023-02-14 21:00:00,5.376402206601532,-36.495681274451584
2023-02-14 22:00:00,4.8763564189266715,-22.004187524951547
2023-02-14 23:00:00,5.535241065302707,-9.228427813819122
2023-02-15 00:00:00,5.318353598333916,-3.775790308946112
2023-02-15 01:00:00,4.704323855235334,9.531295223503692
2023-02-15 02:00:00,5.461861239006822,7.918089717458365
2023-02-15 03:00:00,5.2492363327178975,33.664771808878676
2023-02-15 04:00:00,4.887117784222403,50.274327310526076
2023-02-15 05:00:00,5.232271016046113,56.034801744400454
2023-02-15 06:00:00,4.504787855672503,49.987165910104736
2023-02-15 07:00:00,4.797417778112528,56.03593431900204
2023-02-15 08:00:00,5.3936589515561115,49.07369582811444
2023-02-15 09:00:00,4.864943206529889,38.58545920855022
2023-02-15 10:00:00,5.225447178525305,18.61245968591888
2023-02-15 11:00:00,4.272493332577796,11.603096421909822
2023-02-15 12:00:00,4.969308866477261,-4.91251899792444
2023-02-15 13:00:00,5.1218741808561745,-18.263414750496906
2023-02-15 14:00:00,4.689212464700409,-23.37388998021984
2023-02-15 15:00:00,5.056077801307941,-32.3904233282027
2023-02-15 16:00:00,5.1118788197213005,-54.326851949955206
2023-02-15 17:00:00,4.486978404459386,-50.603150751107584
2023-02-15 18:00:00,3.5824047401382058,-55.316641708699336
2023-02-15 19:00:00,4.545850209937565,-48.21886819167589
2023-02-15 20:00:00,3.9472849294858854,-46.959843104159674
2023-02-15 21:00:00,5.363027845416669,-33.893341153346604
2023-02-15 22:00:00,5.5662146343509775,-19.11641297341125
2023-02-15 23:00:00,4.413431227646846,-12.59935348629891
2023-02-16 00:00:00,4.468485740110671,3.9231479966988765
2023-02-16 01:00:00,4.812752692563721,19.485932316476095
2023-02-16 02:00:00,4.666142458958845,25.73827314179719
2023-02-16 03:00:00,4.624177915379957,28.574780311010848
2023-02-16 04:00:00,4.13887800309508,37.34804262256599
2023-02-16 05:00:00,4.972801681937711,47.742364798977924
2023-02-16 06:00:00,4.539693684951694,59.05686970265066
2023-02-16 07:00:00,4.212429407866427,39.2393395846179
2023-02-16 08:00:00,4.755114148439756,45.430032659977996
2023-02-16 09:00:00,5.0663344448054835,36.561383504111184
2023-02-16 10:00:00,4.887463149771656,27.871605613699096
2023-02-16 11:00:00,5.251356282897862,12.37501668681009
2023-02-16 12:00:00,5.969787726076593,0.040316052201333025
2023-02-16 13:00:00,4.974829695581312,-13.13303889346449
2023-02-16 14:00:00,5.701245219179117,-30.335056684677397
2023-02-16 15:00:00,4.290288676556743,-46.06332090420694
2023-02-16 16:00:00,3.3393506590725384,-33.303683840511674
2023-02-16 17:00:00,4.575402368033,-49.55725221359005
2023-02-16 18:00:00,4.7955482137799,-55.444440026999196
2023-02-16 19:00:00,4.398850897010132,-42.830746548675386
2023-02-16 20:00:00,5.308248119463114,-45.77991618515372
2023-02-16 21:00:00,4.689382071021517,-33.99896377457203
2023-02-16 22:00:00,4.91200872594886,-22.64451400247833
2023-02-16 23:00:00,4.980625744542092,-16.406643871267775
2023-02-17 00:00:00,5.607327444085001,3.118122069779142
2023-02-17 01:00:00,4.691977914747875,11.716967631412645
2023-02-17 02:00:00,4.752712145997979,29.63380795970989
2023-02-17 03:00:00,5.613858735694863,40.65512160354785
2023-02-17 04:00:00,5.734748120414925,46.937962368686826
2023-02-17 05:00:00,5.73254529575308,34.82947944538934
2023-02-17 06:00:00,5.707547856819854,51.837413555632615
2023-02-17 07:00:00,3.8328016443891135,53.46556740660698
2023-02-17 08:00:00,4.508474248309083,42.178652524097714
2023-02-17 09:00:00,6.025240786167737,27.50167373913024
2023-02-17 10:00:00,5.283177768640613,23.956077450350747
2023-02-17 11:00:00,5.881169724139163,7.362481968931109
2023-02-17 12:00:00,5.449808481112871,0.10010095062974526
2023-02-17 13:00:00,5.260874134356136,-14.97185059424528
2023-02-17 14:00:00,5.2781821961227795,-23.51726151004089
2023-02-17 15:00:00,4.9236146442491595,-48.93081207338144
2023-02-17 16:00:00,5.01974501581608,-37.0263373414823
2023-02-17 17:00:00,4.436974034463683,-44.80398749880432
2023-02-17 18:00:00,4.724542216059961,-55.81693807470606
2023-02-17 19:00:00,4.781844145245178,-47.54025029808959
2023-02-17 20:00:00,5.186765128775065,-39.07312073716016
2023-02-17 21:00:00,5.363292212119668,-38.317640646917496
2023-02-17 22:00:00,5.4719153117405535,-25.55177083526926
2023-02-17 23:00:00,5.952989768505466,-22.751076949395138
2023-02-18 00:00:00,5.472904097323978,-10.573587969276495
2023-02-18 01:00:00,5.39546249673262,6.4705218057626945
2023-02-18 02:00:00,4.335813891733363,22.15810338975538
2023-02-18 03:00:00,4.194414100311478,43.47825736234453
2023-02-18 04:00:00,5.181344298646802,43.060392072953654
2023-02-18 05:00:00,4.8483964472977705,37.80616872469005
2023-02-18 06:00:00,5.0732532745467465,50.7367547147646
2023-02-18 07:00:00,4.4526086567480005,50.21463593735466
2023-02-18 08:00:00,5.004577784072046,39.204409500474775
2023-02-18 09:00:00,4.752393567850896,35.43459559919263
2023-02-18 10:00:00,5.230935253509581,30.58597660921164
2023-02-18 11:00:00,5.300773449964082,11.157131101955772
2023-02-18 12:00:00,5.160343479450175,-2.423749921012318
2023-02-18 13:00:00,4.437363326788023,-16.556918323409384
2023-02-18 14:00:00,4.931003748623964,-22.918575696929807
2023-02-18 15:00:00,5.845872232985267,-37.86653243131924
2023-02-18 16:00:00,4.746290651047918,-43.25190643248606
2023-02-18 17:00:00,4.663153612782397,-52.74021573196743
2023-02-18 18:00:00,5.386696606106876,-52.78916624821536
2023-02-18 19:00:00,4.720186654371194,-38.7268254910052
2023-02-18 20:00:00,4.5505199425221114,-47.30145980487045
2023-02-18 21:00:00,4.655780491943049,-27.877895337970777
2023-02-18 22:00:00,5.484974065378876,-30.548481318449227
2023-02-18 23:00:00,4.904299767343216,-5.017485409253127
2023-02-19 00:00:00,5.405152476446558,-0.7411398888523656
2023-02-19 01:00:00,5.59118084178629,14.735740296579262
2023-02-19 02:00:00,4.7832192513195615,20.339376508182696
2023-02-19 03:00:00,4.920325228357489,36.66255083876116
2023-02-19 04:00:00,4.882616899584011,45.12692748205052
2023-02-19 05:00:00,4.601530731252599,48.34135066330967
2023-02-19 06:00:00,5.501495237852968,42.90725056245371
2023-02-19 07:00:00,4.788627299453056,43.9339621452417
2023-02-19 08:00:00,4.481209957856841,36.973083466119334
2023-02-19 09:00:00,5.854176932354079,35.10266258517207
2023-02-19 10:00:00,4.886207497265168,20.063319872929355
2023-02-19 11:00:00,4.9690283188139075,6.936828945233985
2023-02-19 12:00:00,4.71222263220221,-5.8931241139127195
2023-02-19 13:00:00,4.425220597410654,-17.439381170465794
2023-02-19 14:00:00,4.25353966025951,-12.37714696365131
2023-02-19 15:00:00,5.432480105729361,-33.284231157720264
2023-02-19 16:00:00,4.717246720431761,-42.98235355276329
2023-02-19 17:00:00,3.944439614385262,-46.99742073364761
2023-02-19 18:00:00,4.591240738854857,-60.299417658458246
2023-02-19 19:00:00,4.857321222973518,-44.12243884485749
2023-02-19 20:00:00,4.628752368427345,-39.63732526115436
2023-02-19 21:00:00,5.248459680372876,-33.288235044642775
2023-02-19 22:00:00,4.789157060248718,-21.943566089939342
2023-02-19 23:00:00,5.429028243761785,-12.553256558885131
2023-02-20 00:00:00,5.432250101604096,-0.7557550471748242
2023-02-20 01:00:00,4.498156436071325,13.202711296707282
2023-02-20 02:00:00,4.635123591964302,13.444096569350789
2023-02-20 03:00:00,5.527896457323397,44.94001011343684
2023-02-20 04:00:00,5.142194479392346,34.79049362139112
2023-02-20 05:00:00,5.348067843613078,54.001062179225656
2023-02-20 06:00:00,5.349655807697815,54.3130500933794
2023-02-20 07:00:00,4.659734657814949,49.286583234127576
2023-02-20 08:00:00,6.247978160881299,31.265969066661956
2023-02-20 09:00:00,5.49256509084788,36.68026425970113
2023-02-20 10:00:00,4.788029707630601,33.46704256739881
2023-02-20 11:00:00,5.517348514936426,13.38546092577235
2023-02-20 12:00:00,4.942921027402278,-1.6371549209948626
2023-02-20 13:00:00,5.060554397458233,-13.896267406859167
2023-02-20 14:00:00,4.690033776926368,-23.700623410272712
2023-02-20 15:00:00,4.5565332003071815,-49.214821751339294
2023-02-20 16:00:00,5.387029920829649,-40.47050663240407
2023-02-20 17:00:00,4.651292546730891,-53.10844909846155
2023-02-20 18:00:00,4.6119786972639965,-48.105895458083886
2023-02-20 19:00:00,4.840415164927742,-39.285386390830055
2023-02-20 20:00:00,4.461413761389552,-46.149935624263065
2023-02-20 21:00:00,5.025518110479965,-40.66322950886522
2023-02-20 22:00:00,4.741235428174387,-24.62282000921906
2023-02-20 23:00:00,5.499421292342362,-4.443663634435996
2023-02-21 00:00:00,5.514072351750929,1.3746521657123667
2023-02-21 01:00:00,4.992368520145614,18.522508557787194
2023-02-21 02:00:00,4.582175712419467,28.193476944949182
2023-02-21 03:00:00,4.897990246486181,41.22145040308859
2023-02-21 04:00:00,4.815379387147244,40.10524265864297
2023-02-21 05:00:00,5.790815792355128,55.791940875789734
2023-02-21 06:00:00,4.832925086017559,53.10836148396651
2023-02-21 07:00:00,5.113888249353113,41.431204163438295
2023-02-21 08:00:00,5.3229098146496545,42.31161577863604
2023-02-21 09:00:00,5.725979745429639,36.22352486351138
2023-02-21 10:00:00,4.8235914459273115,25.543207967937427
2023-02-21 11:00:00,4.266032661020615,12.598185173129313
2023-02-21 12:00:00,5.061531551830822,1.2752063137987268
2023-02-21 13:00:00,5.5671126804027145,-11.664603084432828
2023-02-21 14:00:00,5.1916392030209,-27.674873881524054
2023-02-21 15:00:00,4.725359272792465,-33.284897030085304
2023-02-21 16:00:00,4.831297186060798,-39.37765666137511
2023-02-21 17:00:00,4.571035246599477,-39.409677173121395
2023-02-21 18:00:00,4.885933425102584,-39.28556565304967
2023-02-21 19:00:00,4.565122406284871,-50.07855805783924
2023-02-21 20:00:00,5.19511658305088,-45.54026641058295
2023-02-21 21:00:00,5.250037605919579,-36.99102415969941
2023-02-21 22:00:00,5.042722096787678,-30.885869847068808
2023-02-21 23:00:00,5.438382876053119,-12.109413634980472
2023-02-22 00:00:00,5.613687796895589,16.880399852457256
2023-02-22 01:00:00,5.720642700152651,8.555967548635403
2023-02-22 02:00:00,5.064066927013425,21.911627000421294
2023-02-22 03:00:00,4.7283610629576405,27.004315707591502
2023-02-22 04:00:00,3.903212373278347,48.06933135673823
2023-02-22 05:00:00,4.772354719235328,49.2767490206095
2023-02-22 06:00:00,4.3623049808041126,45.87716489481517
2023-02-22 07:00:00,5.013809269969205,43.01233990369807
2023-02-22 08:00:00,5.4060787384666975,40.43122022059891
2023-02-22 09:00:00,5.371181949687678,38.84048890724984
2023-02-22 10:00:00,5.4129192984803955,26.786285222880736
2023-02-22 11:00:00,4.2552035464537585,8.624225252346246
2023-02-22 12:00:00,4.2633468194185795,-3.0561809877371635
2023-02-22 13:00:00,5.642768424965486,-8.205289065246
2023-02-22 14:00:00,3.9881891540851298,-34.535913895696154
2023-02-22 15:00:00,5.348875597008683,-40.8984710577028
2023-02-22 16:00:00,4.904926647574955,-42.61442205275787
2023-02-22 17:00:00,4.832463271491434,-47.75389358113469
2023-02-22 18:00:00,5.098220125220594,-46.65030731637665
2023-02-22 19:00:00,5.904791603681321,-44.15451749005334
2023-02-22 20:00:00,4.602893301154722,-40.019354620992
2023-02-22 21:00:00,4.799271731241171,-44.80147849211808
2023-02-22 22:00:00,5.561696981157936,-20.990615230366846
2023-02-22 23:00:00,4.560912200220117,-10.930792747658682
2023-02-23 00:00:00,5.4239558775073755,0.171338446870174
2023-02-23 01:00:00,4.977545275936949,17.90953596336373
2023-02-23 02:00:00,3.8793398056721813,31.254751880895554
2023-02-23 03:00:00,5.057567687911814,32.089881206788945
2023-02-23 04:00:00,5.044668478120515,34.11532599757777
2023-02-23 05:00:00,5.107620142333081,46.043366949591835
2023-02-23 06:00:00,5.346171508456788,44.25372034424236
2023-02-23 07:00:00,5.296934558607511,47.30933102950223
2023-02-23 08:00:00,5.002307537198755,46.38764193804228
2023-02-23 09:00:00,5.571945218618275,32.01366952372686
2023-02-23 10:00:00,4.813711370190814,20.841747176261403
2023-02-23 11:00:00,5.1452140724897895,-4.226928439751694
2023-02-23 12:00:00,4.563020404693095,2.2118892737994647
2023-02-23 13:00:00,3.9700080027345077,-8.962973348345388
2023-02-23 14:00:00,4.6088429223430625,-29.488384748098692
2023-02-23 15:00:00,5.049812012250822,-40.46120842090444
2023-02-23 16:00:00,4.197342573012804,-43.963094080317376
2023-02-23 17:00:00,4.554284856775818,-56.853616188151385
2023-02-23 18:00:00,5.8620870536446725,-44.68139110188413
2023-02-23 19:00:00,4.857197779331752,-52.477734914873395
2023-02-23 20:00:00,5.22685823278185,-39.20140241119339
2023-02-23 21:00:00,4.566586192445773,-35.847295280638946
2023-02-23 22:00:00,4.31225991963896,-33.85777064535715
2023-02-23 23:00:00,4.4919459568562,-17.6876117362277
2023-02-24 00:00:00,5.531139902575937,-10.537993676057365
2023-02-24 01:00:00,4.854167716761299,13.455431748528735
2023-02-24 02:00:00,5.0611605775851185,21.186101583978395
2023-02-24 03:00:00,4.644613392339721,33.58236448138275
2023-02-24 04:00:00,5.371751695815857,50.02951690665208
2023-02-24 05:00:00,5.7030055428430035,52.83821627855745
2023-02-24 06:00:00,6.123845214148189,48.07911073112406
2023-02-24 07:00:00,5.325463414085496,47.75862251489085
2023-02-24 08:00:00,4.516115855685537,39.20785959395918
2023-02-24 09:00:00,4.062063906448422,38.57535025488247
2023-02-24 10:00:00,5.660173003855619,35.3643141787051
2023-02-24 11:00:00,4.075791408394484,8.64845951730956
2023-02-24 12:00:00,4.963965230426651,1.7762375430523032
2023-02-24 13:00:00,5.508275652815784,-17.139612979939734
2023-02-24 14:00:00,5.841247893885512,-20.59347814652186
2023-02-24 15:00:00,4.550690896998559,-32.353368876182294
2023-02-24 16:00:00,5.079345233412719,-40.75303190687491
2023-02-24 17:00:00,4.938957941644547,-55.931737353170476
2023-02-24 18:00:00,4.6364572674083515,-61.24421986512736
2023-02-24 19:00:00,5.621867180503126,-46.24872259578023
2023-02-24 20:00:00,5.285028296466015,-50.225740668809074
2023-02-24 21:00:00,4.404415884537218,-36.54863007823534
2023-02-24 22:00:00,4.900505929313638,-27.38797509611284
2023-02-24 23:00:00,4.810773705795099,-7.76708106499919
2023-02-25 00:00:00,5.217339337121454,4.134845788428066
2023-02-25 01:00:00,5.953473891102225,10.880429750698593
2023-02-25 02:00:00,5.167805341753129,26.645658652449058
2023-02-25 03:00:00,4.860032928839486,37.094954501433236
2023-02-25 04:00:00,4.951547307540878,47.62231401961628
2023-02-25 05:00:00,5.201275176942073,38.3522543347474
2023-02-25 06:00:00,4.133900107355373,45.62939534749876
2023-02-25 07:00:00,5.556093820312534,52.75178918487669
2023-02-25 08:00:00,5.084014053976096,36.49481136656881
2023-02-25 09:00:00,4.938085338550818,28.9955065214179
2023-02-25 10:00:00,4.795541160020439,24.042212888437657
2023-02-25 11:00:00,4.966075977682534,10.019200287248268
2023-02-25 12:00:00,4.52284565101831,2.3054147175676802
2023-02-25 13:00:00,4.1856822844843204,-6.748831731132004
2023-02-25 14:00:00,5.265802503425876,-34.94467813057976
2023-02-25 15:00:00,4.626869569833346,-34.995526349295396
2023-02-25 16:00:00,5.112417653476366,-44.11001849822445
2023-02-25 17:00:00,4.901060987747942,-54.51765870382451
2023-02-25 18:00:00,5.64627838051263,-62.53861786089112
2023-02-25 19:00:00,5.23728390920832,-52.85702401857311
2023-02-25 20:00:00,5.551329929123535,-51.681404112932455
2023-02-25 21:00:00,5.380245552380706,-34.30662696261885
2023-02-25 22:00:00,5.880935068475095,-28.60425953039767
2023-02-25 23:00:00,4.21747679625572,-16.905623529605347
2023-02-26 00:00:00,5.73334401567463,3.383641129778527
2023-02-26 01:00:00,4.60498539315064,22.570234707367064
2023-02-26 02:00:00,4.454970063195801,23.48410422185515
2023-02-26 03:00:00,4.3749545250257285,38.0001829964575
2023-02-26 04:00:00,4.793075107142086,47.914414993401024
2023-02-26 05:00:00,5.212053459542004,41.695514776730846
2023-02-26 06:00:00,5.691810983695582,42.039686760360595
2023-02-26 07:00:00,4.046265356467839,47.000898822972744
2023-02-26 08:00:00,5.151514876987308,45.65605063957979
2023-02-26 09:00:00,4.507634464883986,31.40154522402812
2023-02-26 10:00:00,4.372642749008007,16.00933752247255
2023-02-26 11:00:00,4.722970323264177,19.9608524433157
2023-02-26 12:00:00,5.047150411254305,3.423226450657449
2023-02-26 13:00:00,4.670031933279091,-14.363008180373754
2023-02-26 14:00:00,4.3826650706165395,-30.154035450448323
2023-02-26 15:00:00,4.793487697888442,-42.62684552413535
2023-02-26 16:00:00,5.289761758926613,-47.99316729834118
2023-02-26 17:00:00,5.199736935522302,-39.814691573248155
2023-02-26 18:00:00,4.743770193128228,-51.79310269362885
2023-02-26 19:00:00,4.909375421353804,-47.13186897943128
2023-02-26 20:00:00,4.614029186805758,-28.660447036653473
2023-02-26 21:00:00,5.112711035708396,-26.134608933140235
2023-02-26 22:00:00,5.432914216357798,-24.22261303791856
2023-02-26 23:00:00,4.60460396294734,-4.099417384134135
2023-02-27 00:00:00,4.747260544453232,2.3378523585449953
2023-02-27 01:00:00,5.282562671945137,22.713667779598055
2023-02-27 02:00:00,6.26419250268922,25.13460875243156
2023-02-27 03:00:00,5.3419817859640215,38.97223647343604
2023-02-27 04:00:00,4.909705443329116,46.2099535984236
2023-02-27 05:00:00,4.479006835793385,44.17884823920864
2023-02-27 06:00:00,5.530994422165484,53.78087592560664
2023-02-27 07:00:00,4.591167695197577,43.054560332322595
2023-02-27 08:00:00,4.896422896039099,40.675607876659825
2023-02-27 09:00:00,4.805786952797321,39.42108601242836
2023-02-27 10:00:00,4.955655482015461,26.94711638648816
2023-02-27 11:00:00,4.524503383476,13.08083780753298
2023-02-27 12:00:00,5.4766809327599635,1.5831455316835918
2023-02-27 13:00:00,5.218826620017179,-13.164597685119539
2023-02-27 14:00:00,4.847735197534815,-19.7519108032767
2023-02-27 15:00:00,4.879709042473471,-23.768068101420635
2023-02-27 16:00:00,4.830141331038677,-36.20561034487521
2023-02-27 17:00:00,5.059633643760802,-50.04320667941487
2023-02-27 18:00:00,4.609655440094228,-47.47889692187697
2023-02-27 19:00:00,4.4763024852518125,-52.27380629444175
2023-02-27 20:00:00,4.886068628202817,-37.2285416299417
2023-02-27 21:00:00,5.3209980525828815,-35.287999457266864
2023-02-27 22:00:00,5.767921297177492,-20.99138211836753
2023-02-27 23:00:00,5.091539206403635,-11.267814218804734
2023-02-28 00:00:00,5.406398345203007,-12.628802589143923
2023-02-28 01:00:00,5.407109816210574,12.845512114039948
2023-02-28 02:00:00,5.161037762134824,26.3714277363639
2023-02-28 03:00:00,5.229355798732559,37.47572891895592
2023-02-28 04:00:00,4.8034085737981655,38.76311327770236
2023-02-28 05:00:00,4.634274861317112,41.76891885419448
2023-02-28 06:00:00,4.521884443368883,51.04968027339352
2023-02-28 07:00:00,4.905281368712833,48.86427633434225
2023-02-28 08:00:00,5.132664703052108,41.180322768935135
2023-02-28 09:00:00,4.825634070406724,32.65670500973624
2023-02-28 10:00:00,4.9762997996591585,31.19753720459712
2023-02-28 11:00:00,4.25672030818738,9.14186309315286
2023-02-28 12:00:00,6.132455443819999,-2.845356842337426
2023-02-28 13:00:00,5.801026894698616,-24.277761729129935
2023-02-28 14:00:00,4.914644735687998,-20.962142511952198
2023-02-28 15:00:00,5.1444691209357325,-34.59571845313823
2023-02-28 16:00:00,5.830957595734428,-35.49256404619683
2023-02-28 17:00:00,5.3958991916561265,-52.73821640007564
2023-02-28 18:00:00,4.714602813819988,-57.75139761820792
2023-02-28 19:00:00,5.255866411165092,-52.3166384158143
2023-02-28 20:00:00,4.311260778632098,-38.823412569473774
2023-02-28 21:00:00,5.136651232410066,-29.836117556832733
2023-02-28 22:00:00,5.146568412541876,-24.443272749642148
2023-02-28 23:00:00,4.06652145451762,-12.619651541639469
2023-03-01 00:00:00,5.512844441090148,7.989938187922211
2023-03-01 01:00:00,5.220497246803019,15.911819681725234
2023-03-01 02:00:00,4.836751900579904,24.996672524346618
2023-03-01 03:00:00,4.866135955743508,31.80513850900537
2023-03-01 04:00:00,5.421872755415619,46.63493549506271
2023-03-01 05:00:00,4.705184991517887,42.270236742431656
2023-03-01 06:00:00,4.686179456168387,43.92983311648372
2023-03-01 07:00:00,4.627967437022939,47.35493524228338
2023-03-01 08:00:00,5.394022649339805,50.94386727501007
2023-03-01 09:00:00,5.318337187344903,29.148853085100015
2023-03-01 10:00:00,4.429439128282151,30.587776539934904
2023-03-01 11:00:00,5.076105000408431,16.240071597638277
2023-03-01 12:00:00,5.145310214605998,-5.660233403382763
2023-03-01 13:00:00,5.5923995927595485,-11.448213689653684
2023-03-01 14:00:00,4.796353754375068,-28.606923900792655
2023-03-01 15:00:00,4.737277667695707,-38.94862209930025
2023-03-01 16:00:00,5.2617179030393615,-37.3898636132406
2023-03-01 17:00:00,4.734609569525799,-48.923569995178696
2023-03-01 18:00:00,5.33240532237721,-50.87052909967001
2023-03-01 19:00:00,5.116227733872141,-48.36372006151857
2023-03-01 20:00:00,4.134208583156716,-36.81217342199125
2023-03-01 21:00:00,4.873349262667032,-36.6102146902871
2023-03-01 22:00:00,5.105592714100087,-21.083220810690186
2023-03-01 23:00:00,5.3538417037921,-8.986155720866243
2023-03-02 00:00:00,4.748933127423086,-8.28403038363221
2023-03-02 01:00:00,4.589413052307076,18.506413106409674
2023-03-02 02:00:00,4.57296416455592,31.168610465039457
2023-03-02 03:00:00,5.095479352908845,38.665780236039915
2023-03-02 04:00:00,5.014824154072117,40.950039991381416
2023-03-02 05:00:00,4.652384245552052,44.132517212596454
2023-03-02 06:00:00,5.223335182267338,49.5901329792976
2023-03-02 07:00:00,5.102839829285179,39.492238506197424
2023-03-02 08:00:00,4.7091178169965495,45.422774308222124
2023-03-02 09:00:00,4.710495351743488,29.09252643778453
2023-03-02 10:00:00,5.867127510761396,26.790894264927516
2023-03-02 11:00:00,3.925119148119109,10.942206317212655
2023-03-02 12:00:00,4.234862391317441,1.9892591883885486
2023-03-02 13:00:00,4.895691535140827,-15.32627681959223
2023-03-02 14:00:00,5.491948090163574,-25.408439920761047
2023-03-02 15:00:00,4.5657355256371766,-38.91929156182365
2023-03-02 16:00:00,5.289465846295725,-42.00352294371945
2023-03-02 17:00:00,4.118427010893678,-43.68730822962191
2023-03-02 18:00:00,4.871522308968237,-43.962363368363796
2023-03-02 19:00:00,5.1502856186517345,-50.124718867431675
2023-03-02 20:00:00,5.43025007080576,-56.59802662378583
2023-03-02 21:00:00,5.30015287805064,-37.87067985820341
2023-03-02 22:00:00,4.058482853687611,-21.525549754767784
2023-03-02 23:00:00,5.005117555248478,-7.843779062268049
2023-03-03 00:00:00,4.640810190196033,9.516150014602708
2023-03-03 01:00:00,4.946683086994008,9.618081671705676
2023-03-03 02:00:00,4.8425214971493915,32.772571395756145
2023-03-03 03:00:00,5.346100757756876,33.79461990417203
2023-03-03 04:00:00,4.985179228271865,45.555287286797316
2023-03-03 05:00:00,5.121655801908907,50.41773930539081
2023-03-03 06:00:00,5.030594168079661,56.30315870042945
2023-03-03 07:00:00,3.8908172613681415,40.24024896886212
2023-03-03 08:00:00,5.018828474508382,36.517910207923435
2023-03-03 09:00:00,4.980423312528076,35.928477836145206
2023-03-03 10:00:00,5.2435933197408895,19.626392975465215
2023-03-03 11:00:00,5.231981544238064,13.383576634492501
2023-03-03 12:00:00,4.098240365058169,4.512317063688098
2023-03-03 13:00:00,4.456193191632327,-5.778888952943511
2023-03-03 14:00:00,5.040077537491689,-29.577247676657304
2023-03-03 15:00:00,5.27120599678761,-40.775141912429035
2023-03-03 16:00:00,4.842614272872714,-40.836960385602836
2023-03-03 17:00:00,5.254585753515442,-44.168263103461605
2023-03-03 18:00:00,5.979204912654243,-53.3167279689275
2023-03-03 19:00:00,5.250421032734108,-52.405818467279424
2023-03-03 20:00:00,5.695715302223523,-39.37191584475889
2023-03-03 21:00:00,4.863259666208014,-30.079760943425235
2023-03-03 22:00:00,5.310317311887017,-24.917343301952393
2023-03-03 23:00:00,5.511349024414647,-10.118483694865615
2023-03-04 00:00:00,5.521581216556706,-4.033318793482063
2023-03-04 01:00:00,3.9812877064254746,10.218768907990983
2023-03-04 02:00:00,4.7115002364950715,24.044418682501345
2023-03-04 03:00:00,5.429889155817876,32.35414672100947
2023-03-04 04:00:00,4.271567927544087,35.11661333976303
2023-03-04 05:00:00,4.589774198711467,45.465993433949286
2023-03-04 06:00:00,5.2891602175890835,51.85858595371461
2023-03-04 07:00:00,4.630673379861291,46.18780456993619
2023-03-04 08:00:00,4.424013560127204,47.555611252558364
2023-03-04 09:00:00,5.685557346868407,33.47319662828357
2023-03-04 10:00:00,4.751422260608375,19.91530422723831
2023-03-04 11:00:00,4.44313205041093,13.502488929138009
2023-03-04 12:00:00,4.4495013481672165,3.7686991227269675
2023-03-04 13:00:00,5.6264364170099865,-17.405315384135548
2023-03-04 14:00:00,5.163678792442784,-34.51985667294579
2023-03-04 15:00:00,5.659494856099337,-33.713878834060786
2023-03-04 16:00:00,4.873330555870546,-39.50440655660729
2023-03-04 17:00:00,5.045517738872666,-57.01255052091394
2023-03-04 18:00:00,4.548931023178873,-44.96780948958944
2023-03-04 19:00:00,5.460231576806437,-51.00032047475017
2023-03-04 20:00:00,4.483873337634713,-44.61228849316582
2023-03-04 21:00:00,5.917814101630498,-37.27659741911894
2023-03-04 22:00:00,4.4417166837153825,-26.823933179179306
2023-03-04 23:00:00,4.329251425737568,-14.248001990514481
2023-03-05 00:00:00,5.173100311008144,0.944476863535816
2023-03-05 01:00:00,4.620017950052839,11.226823760058291
2023-03-05 02:00:00,4.746542896657257,32.600332379473606
2023-03-05 03:00:00,5.52492795865973,35.89083091591431
2023-03-05 04:00:00,5.747658508612466,45.664620656080935
2023-03-05 05:00:00,5.041613642668753,58.34754019855349
2023-03-05 06:00:00,4.849662467013579,54.077632965144886
2023-03-05 07:00:00,4.832429767332702,62.20504143746264
2023-03-05 08:00:00,5.214858785141351,42.0877815461144
2023-03-05 09:00:00,3.836668045306528,39.38913498612689
2023-03-05 10:00:00,4.9520288147263,27.418406083874803
2023-03-05 11:00:00,4.464399181627127,14.086506696191028
2023-03-05 12:00:00,5.1324509058987795,2.5672454711775785
2023-03-05 13:00:00,4.8938372151882135,-12.501772352651052
2023-03-05 14:00:00,5.048312425015807,-20.843779993270612
2023-03-05 15:00:00,5.089239233649914,-38.96778136529969
2023-03-05 16:00:00,5.2063180065721015,-49.21440183067482
2023-03-05 17:00:00,4.600894463480917,-46.470301458309564
2023-03-05 18:00:00,5.589410635537932,-45.38352690107376
2023-03-05 19:00:00,5.06650286201678,-45.42215101232434
2023-03-05 20:00:00,5.097267194881659,-51.51600528348577
2023-03-05 21:00:00,4.976008270794731,-30.669033249935165
2023-03-05 22:00:00,4.71338151734641,-24.922918019256723
2023-03-05 23:00:00,5.289852160029886,-6.88394758348894
2023-03-06 00:00:00,5.11379154327375,-7.018148569862621
2023-03-06 01:00:00,6.0305959784606245,18.7732167784723
2023-03-06 02:00:00,4.629108931159104,24.709637727257114
2023-03-06 03:00:00,5.701758995410837,46.17923204047156
2023-03-06 04:00:00,4.991606600598136,45.07033267535479
2023-03-06 05:00:00,4.963684253660252,51.68189191930787
2023-03-06 06:00:00,4.562905178173037,47.30216223192752
2023-03-06 07:00:00,5.1890589540463505,46.744930368252604
2023-03-06 08:00:00,4.910232731891133,42.46405889491838
2023-03-06 09:00:00,5.241101469118114,35.94381438190727
2023-03-06 10:00:00,4.538608155699675,23.792734901747064
2023-03-06 11:00:00,5.106678571155782,16.140467091081273
2023-03-06 12:00:00,5.011022269427434,5.550867718693812
2023-03-06 13:00:00,4.776981201814408,-9.978230178717235
2023-03-06 14:00:00,5.054146955238661,-23.8094059526801
2023-03-06 15:00:00,4.997015164466876,-36.985132960503584
2023-03-06 16:00:00,5.274132175954508,-58.048497997878115
2023-03-06 17:00:00,5.438357767518734,-44.68577786300873
2023-03-06 18:00:00,5.250569989920818,-53.60251765404486
2023-03-06 19:00:00,5.079115641068377,-50.90177433070993
2023-03-06 20:00:00,4.480048136235434,-46.047944545304496
2023-03-06 21:00:00,4.662557359288639,-33.93367285365273
2023-03-06 22:00:00,5.443354296812119,-19.63453609403857
2023-03-06 23:00:00,5.212691880835034,-16.419651381776877
2023-03-07 00:00:00,4.805792038605898,-7.802766097534483
2023-03-07 01:00:00,5.44147839799231,14.625852084039723
2023-03-07 02:00:00,4.6752226030055,19.055369162501172
2023-03-07 03:00:00,4.573249436579355,33.02203027364396
2023-03-07 04:00:00,5.501277078673474,38.85937754624488
2023-03-07 05:00:00,5.67328922255719,48.62868923162135
2023-03-07 06:00:00,4.751219429487406,52.29049689839378
2023-03-07 07:00:00,5.363467541439117,51.28573509836739
2023-03-07 08:00:00,5.435282398299089,42.22942120773059
2023-03-07 09:00:00,5.069259472318808,42.356495614936236
2023-03-07 10:00:00,4.902268132154636,20.954334289266036
2023-03-07 11:00:00,4.698527968750453,6.8476783838122195
2023-03-07 12:00:00,5.076519488219158,-5.288278623545428
2023-03-07 13:00:00,4.872033669812274,0.1086363214456636
2023-03-07 14:00:00,5.530125844594435,-31.091169318856736
2023-03-07 15:00:00,5.545374108530286,-29.276097027108023
2023-03-07 16:00:00,4.97558977719947,-44.58736166908635
2023-03-07 17:00:00,5.264304097376254,-44.367507488778564
2023-03-07 18:00:00,5.205763323221136,-61.13347359442499
2023-03-07 19:00:00,5.782352202478751,-50.31931745654074
2023-03-07 20:00:00,5.0010493357153285,-40.015267227912865
2023-03-07 21:00:00,5.1997338798686545,-32.61762316701519
2023-03-07 22:00:00,4.933442947862266,-17.518841144228226
2023-03-07 23:00:00,5.315733529947656,-20.598569053500736
2023-03-08 00:00:00,4.768087726277788,2.9574762436361257
2023-03-08 01:00:00,4.411351745823218,14.25409046643391
2023-03-08 02:00:00,5.997100877298487,24.299991025985275
2023-03-08 03:00:00,4.663345049104128,35.62999633087469
2023-03-08 04:00:00,4.4064034785582775,40.483282169622214
2023-03-08 05:00:00,5.221469876149044,43.61274145579069
2023-03-08 06:00:00,5.027107690355792,52.7969728612295
2023-03-08 07:00:00,4.462090352377307,52.879256921785135
2023-03-08 08:00:00,5.0775860503123385,43.67351718221545
2023-03-08 09:00:00,4.706681013673457,36.38180933762942
2023-03-08 10:00:00,4.377597732858578,25.836245356259923
2023-03-08 11:00:00,5.235515357966731,22.00965277312209
2023-03-08 12:00:00,5.052875486293069,-6.5105940667513496
2023-03-08 13:00:00,5.317008421256473,-11.454532598342384
2023-03-08 14:00:00,4.59662639106317,-26.28248489021395
2023-03-08 15:00:00,5.426177259681195,-37.85674286594475
2023-03-08 16:00:00,4.51631274601495,-37.75704010988822
2023-03-08 17:00:00,5.022684205871152,-46.10640316595953
2023-03-08 18:00:00,4.77548610194197,-50.775307365405745
2023-03-08 19:00:00,4.567537917165784,-44.04470134682427
2023-03-08 20:00:00,5.299511070710207,-47.00660375711273
2023-03-08 21:00:00,5.257677750332785,-27.881144552466782
2023-03-08 22:00:00,4.8858276260988545,-23.490254003693494
2023-03-08 23:00:00,4.900975522089358,-9.14679335875204
2023-03-09 00:00:00,5.020505392542637,-3.479666200213299
2023-03-09 01:00:00,5.041432651964483,10.223456626012702
2023-03-09 02:00:00,4.556935607589302,26.527133593716265
2023-03-09 03:00:00,4.8695682277573455,28.1779392457441
2023-03-09 04:00:00,4.566678029696351,50.9067500734489
2023-03-09 05:00:00,5.286835067262899,46.472484146301255
2023-03-09 06:00:00,3.853542918971401,54.10150250182929
2023-03-09 07:00:00,4.940613821900887,51.866501842248695
2023-03-09 08:00:00,5.332989810010737,51.341927883757364
2023-03-09 09:00:00,5.095125367035982,30.400693218453178
2023-03-09 10:00:00,4.653711448814252,26.616532312508042
2023-03-09 11:00:00,3.7068005122012906,16.438485691511023
2023-03-09 12:00:00,5.171084108716402,-6.236789036855597
2023-03-09 13:00:00,5.4717789875964495,-14.860068841352003
2023-03-09 14:00:00,4.933999022941923,-24.009119666215415
2023-03-09 15:00:00,5.422037639327523,-37.546871714804155
2023-03-09 16:00:00,5.108408187757575,-54.244981955652364
2023-03-09 17:00:00,4.990711852688049,-56.89644939948187
2023-03-09 18:00:00,5.232927640848847,-39.182884351541006
2023-03-09 19:00:00,5.007304708525411,-42.275171943454936
2023-03-09 20:00:00,5.628458498024804,-40.08382075079868
2023-03-09 21:00:00,5.32025464583966,-35.95458695890592
2023-03-09 22:00:00,5.027280838921927,-28.304214327570488
2023-03-09 23:00:00,5.904177984418172,-10.921509894758659
2023-03-10 00:00:00,4.735336272356762,-4.706448395426575
2023-03-10 01:00:00,5.246269805964252,17.995350390091275
2023-03-10 02:00:00,5.2686689622217955,27.759182910702982
2023-03-10 03:00:00,5.515973100672419,35.8134015280911
2023-03-10 04:00:00,5.1799713591096985,41.96771189294169
2023-03-10 05:00:00,4.8922240782459205,46.8872938298805
2023-03-10 06:00:00,4.979266615493808,51.6306025385181
2023-03-10 07:00:00,5.24189617320307,42.31649008133466
2023-03-10 08:00:00,6.094507931876063,55.17823424906993
2023-03-10 09:00:00,4.253360675890985,33.30100266233536
2023-03-10 10:00:00,5.495685364716485,19.005616528696116
2023-03-10 11:00:00,5.531695333438576,17.003887528901625
2023-03-10 12:00:00,5.417198696980195,-2.3040551107862925
2023-03-10 13:00:00,5.031938154084037,-15.3418087871316
2023-03-10 14:00:00,4.788064027398743,-24.707865233717637
2023-03-10 15:00:00,4.762639298431055,-37.92915917223486
2023-03-10 16:00:00,5.47861566955922,-46.03925484727845
2023-03-10 17:00:00,5.439137762029197,-49.03591305860446
2023-03-10 18:00:00,4.215807295128576,-43.0034411503233
2023-03-10 19:00:00,4.585004265227085,-49.260466874511096
2023-03-10 20:00:00,4.9376661493199,-44.188192050488915
2023-03-10 21:00:00,4.749983073387755,-29.951609508305395
2023-03-10 22:00:00,5.336418969530492,-34.860446308985495
2023-03-10 23:00:00,4.7459711064968,-9.79099681387312
2023-03-11 00:00:00,6.405280137460102,3.3818988792974847
2023-03-11 01:00:00,4.773383307925774,13.500175966374178
2023-03-11 02:00:00,4.566904970356774,23.271558810947642
2023-03-11 03:00:00,5.521317580385824,35.56992099329861
2023-03-11 04:00:00,4.877787635112356,41.82191881617761
2023-03-11 05:00:00,5.4496539950034215,49.59984494966378
2023-03-11 06:00:00,5.661493144581157,48.829557976124946
2023-03-11 07:00:00,5.535613872572917,53.70776746185494
2023-03-11 08:00:00,4.7842067138572535,41.45418504816133
2023-03-11 09:00:00,4.233115009224264,34.42214745880402
2023-03-11 10:00:00,5.824265160712512,28.86993896459042
2023-03-11 11:00:00,4.339405644453487,16.379679035571236
2023-03-11 12:00:00,6.018638608701919,0.747548607074297
2023-03-11 13:00:00,4.935045951209473,-14.503491359772493
2023-03-11 14:00:00,4.867096256023461,-25.967762778241056
2023-03-11 15:00:00,4.742944474399717,-21.26456673345078
2023-03-11 16:00:00,5.038133907704975,-38.400113725314206
2023-03-11 17:00:00,4.679872069861489,-45.99432775075394
2023-03-11 18:00:00,5.223722477024484,-50.326908496108395
2023-03-11 19:00:00,4.961933734361386,-40.75121155561658
2023-03-11 20:00:00,4.457339860191255,-53.64903842301871
2023-03-11 21:00:00,4.5248013944322905,-31.40423246399039
2023-03-11 22:00:00,4.85223940622145,-24.218966188471327
2023-03-11 23:00:00,3.9049058213685264,-11.682086295137703
2023-03-12 00:00:00,4.210750027486442,6.3527310712009255
2023-03-12 01:00:00,5.62719822233486,20.91931777809572
2023-03-12 02:00:00,5.606897386687621,25.044548271452157
2023-03-12 03:00:00,5.468733991601505,35.20886858474774
2023-03-12 04:00:00,5.338435778771197,38.65065150072937
2023-03-12 05:00:00,5.236891327781411,47.771408628211134
2023-03-12 06:00:00,5.232689897848961,57.719473463217355
2023-03-12 07:00:00,4.6727519025638165,46.694731190815865
2023-03-12 08:00:00,5.521952769137048,33.905337272868685
2023-03-12 09:00:00,4.529095582045358,30.26437651832023
2023-03-12 10:00:00,6.266203438186448,22.770818089537322
2023-03-12 11:00:00,4.746621485863735,9.223332886681327
2023-03-12 12:00:00,4.529095990205768,3.1570301929513382
2023-03-12 13:00:00,6.642205423985672,-10.652870175322535
2023-03-12 14:00:00,4.467340200893051,-19.799655155403308
2023-03-12 15:00:00,5.400019579894893,-36.87266478966263
2023-03-12 16:00:00,5.174375654924207,-41.98236736564046
2023-03-12 17:00:00,5.327611594712109,-53.15722527815888
2023-03-12 18:00:00,5.57937234094614,-51.4555704997674
2023-03-12 19:00:00,5.401389300431635,-48.147935237449815
2023-03-12 20:00:00,4.235422393167247,-42.80462018241927
2023-03-12 21:00:00,5.171545629862598,-30.743415521742957
2023-03-12 22:00:00,5.155818936922366,-22.974100959713137
2023-03-12 23:00:00,5.387354082254626,-13.388488282289133
2023-03-13 00:00:00,4.9971503724652555,10.4499665327337
2023-03-13 01:00:00,4.585512662883863,8.029169012625761
2023-03-13 02:00:00,4.553924758407113,29.49285284845849
2023-03-13 03:00:00,4.942573729149189,35.39665819077753
2023-03-13 04:00:00,4.39639634301307,45.74334895010229
2023-03-13 05:00:00,4.722454241039197,42.826220652868635
2023-03-13 06:00:00,4.761113538940774,44.41904017236436
2023-03-13 07:00:00,4.870563557023448,46.86743834211498
2023-03-13 08:00:00,6.1884558161760435,43.1094242281339
2023-03-13 09:00:00,4.521849313920691,29.903736303120496
2023-03-13 10:00:00,3.6315252340130137,22.38161068811602
2023-03-13 11:00:00,5.1708393678096245,14.541963475522396
2023-03-13 12:00:00,4.587496135960942,-3.179096493348259
2023-03-13 13:00:00,5.571903213993869,-4.857535802761316
2023-03-13 14:00:00,4.918552915266984,-27.93891622303145
2023-03-13 15:00:00,5.047565876329505,-35.71890930028185
2023-03-13 16:00:00,4.33088748806632,-44.55301942533146
2023-03-13 17:00:00,5.030777008441495,-54.58270820630564
2023-03-13 18:00:00,5.639987389025332,-50.22750073962824
2023-03-13 19:00:00,5.441614590471045,-52.49901017547916
2023-03-13 20:00:00,5.09099707733771,-37.49684519392043
2023-03-13 21:00:00,4.3862314548419965,-34.790659427290734
2023-03-13 22:00:00,5.246438657966478,-25.790151843938414
2023-03-13 23:00:00,5.19214532707279,-14.653863047949013
2023-03-14 00:00:00,5.643640634597457,5.492964567417546
2023-03-14 01:00:00,5.150533896188229,13.28939479541766
2023-03-14 02:00:00,5.287815014292483,19.594192394211955
2023-03-14 03:00:00,4.813093114239313,39.412118690095525
2023-03-14 04:00:00,4.717595794147578,46.93899538285655
2023-03-14 05:00:00,5.238644778813357,43.78797602542138
2023-03-14 06:00:00,5.1290289633034325,48.33687736478805
2023-03-14 07:00:00,5.136991837674097,58.88440889715211
2023-03-14 08:00:00,5.068713735728598,44.842036935819586
2023-03-14 09:00:00,3.969042579812017,54.18650707443824
2023-03-14 10:00:00,5.298981299986142,31.693413395464184
2023-03-14 11:00:00,5.339053339877303,25.479558988857654
2023-03-14 12:00:00,4.702479728225117,-3.6326919793905494
2023-03-14 13:00:00,5.3420910247552875,-0.6822813218359922
2023-03-14 14:00:00,4.9185786843936565,-31.126298516575062
2023-03-14 15:00:00,5.060011111261208,-36.26741342389084
2023-03-14 16:00:00,4.656550378538612,-46.90479525818883
2023-03-14 17:00:00,4.987415261362155,-48.009720778632875
2023-03-14 18:00:00,4.202301006084681,-46.91331333052761
2023-03-14 19:00:00,4.85323602050623,-48.769898565945866
2023-03-14 20:00:00,5.917888291646406,-41.78713121013996
2023-03-14 21:00:00,5.082245285993139,-36.77948207818364
2023-03-14 22:00:00,4.839146858472042,-22.2302989689776
2023-03-14 23:00:00,4.821912452913003,-10.62467251648306
2023-03-15 00:00:00,4.660152477807325,-1.381665135973663
2023-03-15 01:00:00,5.0638851183331655,11.803367102172041
2023-03-15 02:00:00,4.503107338062422,18.894292166989167
2023-03-15 03:00:00,5.383394582537988,36.08172915429504
2023-03-15 04:00:00,5.428415466929416,45.705442999071764
2023-03-15 05:00:00,5.345596927528733,53.154755642012056
2023-03-15 06:00:00,5.488251323389207,44.07348944110985
2023-03-15 07:00:00,5.472511478880531,44.192576587836044
2023-03-15 08:00:00,5.162208015679619,46.18597868631455
2023-03-15 09:00:00,5.671523452629895,38.24922385914852
2023-03-15 10:00:00,5.241397327916069,29.220245191219888
2023-03-15 11:00:00,4.7080350612570685,25.24640246215138
2023-03-15 12:00:00,4.969365837918721,-5.951543782858687
2023-03-15 13:00:00,5.44591848113386,-16.463292384977567
2023-03-15 14:00:00,5.2350746861972315,-23.960960215058428
2023-03-15 15:00:00,4.736996891705579,-34.91180144231509
2023-03-15 16:00:00,5.025095480233651,-41.42216863184823
2023-03-15 17:00:00,4.616770119089886,-40.15253625615843
2023-03-15 18:00:00,5.40902145550475,-38.6116605160496
2023-03-15 19:00:00,5.669296477920282,-52.06233670585102
2023-03-15 20:00:00,4.213884886901704,-39.66936955930049
2023-03-15 21:00:00,5.207124961825838,-27.88266675094799
2023-03-15 22:00:00,4.465765156272614,-27.98420020209162
2023-03-15 23:00:00,4.305316514507204,-11.67395216875309
2023-03-16 00:00:00,5.652015345791769,-1.601904469018429
2023-03-16 01:00:00,5.564076780495652,5.150632613916198
2023-03-16 02:00:00,5.108085797421009,21.32004721672382
2023-03-16 03:00:00,4.748653333906344,34.55850763113729
2023-03-16 04:00:00,4.858569643709822,50.49154242447689
2023-03-16 05:00:00,4.694487007154202,50.08432143992454
2023-03-16 06:00:00,5.992274240467442,51.67366968311958
2023-03-16 07:00:00,5.974610823330407,47.8393630283117
2023-03-16 08:00:00,5.411930275715067,44.5921767826765
2023-03-16 09:00:00,5.03693242071162,37.009066001539615
2023-03-16 10:00:00,4.384673532110336,16.267694161979662
2023-03-16 11:00:00,4.89618555592425,16.171101345447056
2023-03-16 12:00:00,5.010495364784925,-0.09719810765739229
2023-03-16 13:00:00,4.6610962519014825,-6.8854132235414145
2023-03-16 14:00:00,5.684662987890283,-29.537456667121962
2023-03-16 15:00:00,5.933003647819402,-26.954476527961013
2023-03-16 16:00:00,4.924554643848607,-47.50110741452829
2023-03-16 17:00:00,5.516525731149454,-42.44909682657594
2023-03-16 18:00:00,5.1516042688488755,-52.318404453618584
2023-03-16 19:00:00,4.627403110970963,-45.12577002988498
2023-03-16 20:00:00,5.584810760128522,-36.646724974295275
2023-03-16 21:00:00,5.7911515215076195,-32.65091075457542
2023-03-16 22:00:00,5.282152000748233,-26.256881532754786
2023-03-16 23:00:00,4.784206800800292,-15.451631849411383
2023-03-17 00:00:00,5.412528388131794,-1.4765658503666081
2023-03-17 01:00:00,4.881178334179003,7.112653891064014
2023-03-17 02:00:00,5.4506945221334115,26.073264346418288
2023-03-17 03:00:00,5.743834635111424,41.73823865707254
2023-03-17 04:00:00,4.682317863734152,48.869264066548084
2023-03-17 05:00:00,5.300240378401197,54.70064168440687
2023-03-17 06:00:00,4.862820170811227,53.8642407101065
2023-03-17 07:00:00,5.589673701583187,39.238834135242946
2023-03-17 08:00:00,5.0274942008892465,41.54457262508629
2023-03-17 09:00:00,5.7649887849471115,38.02933396818259
2023-03-17 10:00:00,6.2474981444294935,22.80139375089344
2023-03-17 11:00:00,4.60785204446855,11.348574224311719
2023-03-17 12:00:00,5.169478457131197,1.1615077839593217
2023-03-17 13:00:00,5.609706310822231,-12.703352512890744
2023-03-17 14:00:00,4.910427074673207,-21.571765262364316
2023-03-17 15:00:00,5.328776464994788,-39.19866646218182
2023-03-17 16:00:00,4.816850418476013,-55.97374414433594
2023-03-17 17:00:00,4.228944567045434,-53.58205689606797
2023-03-17 18:00:00,5.375367001413269,-43.4550572031231
2023-03-17 19:00:00,5.382440491752895,-47.755437381920004
2023-03-17 20:00:00,4.609504243994963,-44.79890956897548
2023-03-17 21:00:00,4.829781269651832,-28.706749525282113
2023-03-17 22:00:00,4.919700012934131,-32.15247252819038
2023-03-17 23:00:00,5.3544237365649465,-7.68468503691963
2023-03-18 00:00:00,5.502500122643748,2.356499269428536
2023-03-18 01:00:00,5.265126743190668,17.282058480692378
2023-03-18 02:00:00,4.457433235342779,27.41278077741222
2023-03-18 03:00:00,4.855378334286896,39.80411721806469
2023-03-18 04:00:00,4.909286906753229,45.93111462653772
2023-03-18 05:00:00,4.866815966350059,50.21731935926125
2023-03-18 06:00:00,5.490977053776268,52.300783753245135
2023-03-18 07:00:00,5.6587319868641535,42.731919175972834
2023-03-18 08:00:00,5.490519245579017,39.42054261974921
2023-03-18 09:00:00,5.707936897686707,48.60152912498571
2023-03-18 10:00:00,5.0398959169357855,21.449104201381708
2023-03-18 11:00:00,4.756526221224584,7.611883329234105
2023-03-18 12:00:00,4.427679098467033,-2.0055881590046725
2023-03-18 13:00:00,4.854289845545372,-16.249761208667994
2023-03-18 14:00:00,4.598526012486645,-30.05573004786515
2023-03-18 15:00:00,5.924414591222898,-31.862504669998685
2023-03-18 16:00:00,5.435017982330067,-44.477184497056925
2023-03-18 17:00:00,4.5443130779015135,-54.487971786711654
2023-03-18 18:00:00,4.9153781536869054,-53.382422060166384
2023-03-18 19:00:00,4.722924015589463,-54.12352458198137
2023-03-18 20:00:00,4.687686611505884,-45.34762956829206
2023-03-18 21:00:00,4.816616457629834,-31.450458343407597
2023-03-18 22:00:00,4.840110896277008,-25.129181317110657
2023-03-18 23:00:00,4.792201544466035,-10.559852374571774
2023-03-19 00:00:00,5.029014078800974,1.5158966113999897
2023-03-19 01:00:00,4.85556845824555,12.63949763360028
2023-03-19 02:00:00,5.579906257623524,26.238510883003883
2023-03-19 03:00:00,5.018100130271172,37.89554100205078
2023-03-19 04:00:00,5.000305362400298,37.99133847908279
2023-03-19 05:00:00,4.7848816270025845,54.14447360762313
2023-03-19 06:00:00,4.941611443670954,56.830093918962696
2023-03-19 07:00:00,4.365114301185423,44.787129974964664
2023-03-19 08:00:00,4.872940508283261,46.452598490252406
2023-03-19 09:00:00,5.615099280954244,35.35725387012637
2023-03-19 10:00:00,4.649912046335318,23.37279893137889
2023-03-19 11:00:00,5.166922994908859,22.70108680541594
2023-03-19 12:00:00,5.612232326222389,-2.2163825080955806
2023-03-19 13:00:00,5.140752637077575,-15.424176797779626
2023-03-19 14:00:00,4.836750245262033,-24.7994615387737
2023-03-19 15:00:00,5.323999225252175,-36.88965068287602
2023-03-19 16:00:00,4.986452713619797,-49.9525711578028
2023-03-19 17:00:00,5.440688074861258,-51.18550867475623
2023-03-19 18:00:00,5.159383547280755,-45.528461864422844
2023-03-19 19:00:00,4.203053588791051,-47.306156524755096
2023-03-19 20:00:00,4.7302535307620595,-42.256728033510655
2023-03-19 21:00:00,5.121555833402916,-30.135784196306307
2023-03-19 22:00:00,5.530240052276229,-23.114028121379093
2023-03-19 23:00:00,5.399043028885685,-18.326929201287257
2023-03-20 00:00:00,5.460154954738891,2.7005206654158247
2023-03-20 01:00:00,4.919786258520938,13.071834551474373
2023-03-20 02:00:00,4.681068263628848,24.33540901849165
2023-03-20 03:00:00,4.713691121249037,37.74468160209374
2023-03-20 04:00:00,4.649933729486339,36.92523646669676
2023-03-20 05:00:00,6.097035668792243,46.22685120790111
2023-03-20 06:00:00,5.9171133717339135,48.43282884166832
2023-03-20 07:00:00,4.4041268075411155,55.97735670539726
2023-03-20 08:00:00,5.205788990160122,40.86249508799368
2023-03-20 09:00:00,4.9394998182810435,38.42676092870303
2023-03-20 10:00:00,4.852634070077313,22.60436792290457
2023-03-20 11:00:00,5.311468112166434,11.462190574653704
2023-03-20 12:00:00,4.754588500239391,2.3798774864163246
2023-03-20 13:00:00,4.765724059016863,-16.83634977668543
2023-03-20 14:00:00,5.25317958480635,-31.53865470880104
2023-03-20 15:00:00,5.673860137852385,-38.67134635507374
2023-03-20 16:00:00,6.028632644344299,-41.437905786558765
2023-03-20 17:00:00,5.2701035432307695,-47.88373096681826
2023-03-20 18:00:00,4.573310142632496,-42.74427332542432
2023-03-20 19:00:00,5.371158968635831,-42.12439649741401
2023-03-20 20:00:00,4.814461172354328,-41.3748218191322
2023-03-20 21:00:00,5.011995769911248,-34.58311401377404
2023-03-20 22:00:00,5.790678777420919,-23.15924027696202
2023-03-20 23:00:00,5.710769359595785,-15.319369635069734
2023-03-21 00:00:00,5.4592876484356605,1.7193719109954793
2023-03-21 01:00:00,5.8408549086345145,4.680080478676208
2023-03-21 02:00:00,3.840764580010236,25.579028539449308
2023-03-21 03:00:00,4.664085438129242,38.405859317218415
2023-03-21 04:00:00,5.334639448942115,46.34914090619998
2023-03-21 05:00:00,4.991047996239471,55.683591131941675
2023-03-21 06:00:00,5.579237120527304,45.862979173936466
2023-03-21 07:00:00,4.417169022104643,57.45500753803262
2023-03-21 08:00:00,5.613437549916598,58.066828636207276
2023-03-21 09:00:00,5.275246452007189,39.86009203861644
2023-03-21 10:00:00,5.074675630127349,33.78750033604264
2023-03-21 11:00:00,4.192152799431965,14.953509624643209
2023-03-21 12:00:00,6.1214155543459,-5.487749908292811
2023-03-21 13:00:00,4.422069853939854,-20.530492004341973
2023-03-21 14:00:00,4.31899985343288,-35.86298508495928
2023-03-21 15:00:00,5.325896723336836,-32.140567141481604
2023-03-21 16:00:00,5.570613646597079,-39.49358900470368
2023-03-21 17:00:00,4.9533492935874825,-44.36603116258753
2023-03-21 18:00:00,4.5879949736953325,-47.451250166728094
2023-03-21 19:00:00,4.780288008059038,-48.31041019671029
2023-03-21 20:00:00,5.221204715746597,-50.42137626316051
2023-03-21 21:00:00,4.719478533698618,-43.87330421805819
2023-03-21 22:00:00,5.627170482428654,-26.823452433233697
2023-03-21 23:00:00,4.606116983070898,-20.589166739931777
2023-03-22 00:00:00,4.215096927132048,-12.723109015480086
2023-03-22 01:00:00,5.797617966591115,13.046542788764608
2023-03-22 02:00:00,4.663200866506356,25.98127566000854
2023-03-22 03:00:00,5.2550655753417725,34.03339367647405
2023-03-22 04:00:00,5.276855276016911,44.17578135803215
2023-03-22 05:00:00,4.6787578842222155,40.62928430146162
2023-03-22 06:00:00,5.316074759498318,53.52214371786023
2023-03-22 07:00:00,4.790931200086566,52.13637279553155
2023-03-22 08:00:00,4.656350903383281,41.37217657174317
2023-03-22 09:00:00,4.978020018139399,24.16998885257764
2023-03-22 10:00:00,5.8783601221712525,21.327214915817517
2023-03-22 11:00:00,5.158929260163757,14.955327702640759
2023-03-22 12:00:00,5.465229332438677,-4.437339737099015
2023-03-22 13:00:00,5.040901253810829,-1.6009408700722148
2023-03-22 14:00:00,4.7399620025408336,-21.72558874399391
2023-03-22 15:00:00,5.17496291908382,-33.10392260299493
2023-03-22 16:00:00,4.933323697875671,-40.760863466656716
2023-03-22 17:00:00,4.781164254950689,-53.618692991435125
2023-03-22 18:00:00,5.3837795757546205,-49.63828233110161
2023-03-22 19:00:00,5.219318195879081,-58.353675356162995
2023-03-22 20:00:00,4.689336581591275,-54.039339020739
2023-03-22 21:00:00,5.4470543604320625,-36.71237199748143
2023-03-22 22:00:00,4.996389050914666,-25.839701336939576
2023-03-22 23:00:00,5.4221021161749094,-8.203435012616856
2023-03-23 00:00:00,4.669839656519454,-5.759801636263562
2023-03-23 01:00:00,4.568666366606851,12.93522069798663
2023-03-23 02:00:00,4.770955480206585,22.333213127784795
2023-03-23 03:00:00,5.013794044528155,27.105679680451786
2023-03-23 04:00:00,4.90607595291317,41.31838169971517
2023-03-23 05:00:00,5.638212045389524,43.39488993860179
2023-03-23 06:00:00,4.601850427863017,46.48424033408289
2023-03-23 07:00:00,4.011336310923077,46.18902507013523
2023-03-23 08:00:00,4.995985074637407,54.04911539793871
2023-03-23 09:00:00,5.251837212865069,39.013987610886346
2023-03-23 10:00:00,4.824849654647035,29.93156909124844
2023-03-23 11:00:00,5.110460356240028,15.264366902041193
2023-03-23 12:00:00,4.611951792848378,0.25785267692197794
2023-03-23 13:00:00,4.536700263601779,-8.165660481881464
2023-03-23 14:00:00,5.284420072314465,-26.371144597880672
2023-03-23 15:00:00,5.307740125897024,-42.972848917979796
2023-03-23 16:00:00,5.291837882954282,-43.934131800669334
2023-03-23 17:00:00,5.277617199808235,-48.75852530396189
2023-03-23 18:00:00,5.208932031634549,-38.64903667475581
2023-03-23 19:00:00,4.928227864180174,-43.61269707614929
2023-03-23 20:00:00,5.34875538856793,-45.46497770939471
2023-03-23 21:00:00,4.587509787070082,-36.32738340522087
2023-03-23 22:00:00,5.622612316305327,-27.37971811049572
2023-03-23 23:00:00,5.449180640397574,-16.888667608073906
2023-03-24 00:00:00,4.258236353088644,2.847413170413302
2023-03-24 01:00:00,5.408982362915307,1.5892472488906328
2023-03-24 02:00:00,5.40889012342997,24.67209816363495
2023-03-24 03:00:00,6.203855337381146,30.988822039096437
2023-03-24 04:00:00,4.4804660379208165,34.51937082805682
2023-03-24 05:00:00,4.3376573231701645,38.85438574113044
2023-03-24 06:00:00,5.510214468924013,51.946147799622956
2023-03-24 07:00:00,5.223644591545015,56.76183372581136
2023-03-24 08:00:00,4.327375787075658,36.62950719600922
2023-03-24 09:00:00,6.01693748269558,39.50660917174361
2023-03-24 10:00:00,4.821807802242054,23.10381130937516
2023-03-24 11:00:00,4.797145149229612,11.007445969898933
2023-03-24 12:00:00,5.390339030733085,1.636697282727455
2023-03-24 13:00:00,6.13178023926301,-14.545763045661575
2023-03-24 14:00:00,4.75959986910428,-23.250153745418014
2023-03-24 15:00:00,5.299188495377291,-29.969063607054586
2023-03-24 16:00:00,4.505207134521658,-42.569858596006064
2023-03-24 17:00:00,4.978976641344067,-47.856566401395554
2023-03-24 18:00:00,5.872300078182727,-45.346740421811454
2023-03-24 19:00:00,5.7434611850120945,-50.12395254523828
2023-03-24 20:00:00,4.777980769904692,-37.905044728787885
2023-03-24 21:00:00,5.454949252826172,-27.081139496424456
2023-03-24 22:00:00,5.087778925553002,-19.89368526313188
2023-03-24 23:00:00,4.96078061292071,-10.823969243484866
2023-03-25 00:00:00,4.109965664915602,4.834559691752723
2023-03-25 01:00:00,4.789267015356305,10.379603249807356
2023-03-25 02:00:00,4.479399666934371,29.259559595405694
2023-03-25 03:00:00,5.154822340587878,34.19911717419912
2023-03-25 04:00:00,4.596068444885089,41.72791926369852
2023-03-25 05:00:00,3.879245632427196,46.09423348144271
2023-03-25 06:00:00,5.173116021157557,56.48243606082167
2023-03-25 07:00:00,5.2926998253367,54.4645395673595
2023-03-25 08:00:00,4.629893105616753,49.68376870871041
2023-03-25 09:00:00,3.842728914865596,37.51308550478274
2023-03-25 10:00:00,4.843562216976525,14.42037158270662
2023-03-25 11:00:00,4.576346351805697,-1.1665300388192144
2023-03-25 12:00:00,4.29178458983254,1.6078024399755138
2023-03-25 13:00:00,4.912155402306821,-14.187467227952288
2023-03-25 14:00:00,4.807824577837382,-33.09421248519885
2023-03-25 15:00:00,4.609081051226529,-34.34602885783727
2023-03-25 16:00:00,5.15636698120355,-45.34481877258135
2023-03-25 17:00:00,5.0551204238129035,-41.11148169741763
2023-03-25 18:00:00,4.795135360308737,-50.18257917661672
2023-03-25 19:00:00,5.101580835584054,-50.72014152942678
2023-03-25 20:00:00,4.95763826725994,-50.086949767733536
2023-03-25 21:00:00,4.534184246180681,-35.117381310544616
2023-03-25 22:00:00,5.0406060584540375,-20.817503033740355
2023-03-25 23:00:00,5.300624136540644,-13.910965607156399
2023-03-26 00:00:00,4.889482979684792,3.903769926433855
2023-03-26 01:00:00,6.2395863106329035,12.880079580824866
2023-03-26 02:00:00,4.984888699754731,28.91450349445001
2023-03-26 03:00:00,5.217944200359764,35.587375484540495
2023-03-26 04:00:00,5.104046210849977,36.251273310449946
2023-03-26 05:00:00,5.314679026732185,54.46350338105935
2023-03-26 06:00:00,5.295092809037688,55.06882307491705
2023-03-26 07:00:00,4.703553501386563,53.820549099126914
2023-03-26 08:00:00,5.125613697854447,61.17734626906862
2023-03-26 09:00:00,4.852194156816198,34.85848130934423
2023-03-26 10:00:00,4.715255028865039,24.690545089288364
2023-03-26 11:00:00,4.907760557017414,12.180005755881417
2023-03-26 12:00:00,4.900067288178034,-2.8586568617587815
2023-03-26 13:00:00,5.655661469398717,-10.188472799211652
2023-03-26 14:00:00,4.589391175318264,-26.53877505938377
2023-03-26 15:00:00,5.1224341206102855,-28.07574668562684
2023-03-26 16:00:00,5.11763838640259,-43.02413304982418
2023-03-26 17:00:00,4.873180168359379,-45.3848281183985
2023-03-26 18:00:00,5.572028572274333,-47.782777756705684
2023-03-26 19:00:00,5.2633677945421695,-45.35889322970286
2023-03-26 20:00:00,4.1957182319313455,-47.89518705896233
2023-03-26 21:00:00,5.742211586718912,-28.953396978008463
2023-03-26 22:00:00,6.190286587601609,-22.57870547952717
2023-03-26 23:00:00,5.9964137575028005,-10.373773970832728
2023-03-27 00:00:00,5.23674578539247,2.357021872803422
2023-03-27 01:00:00,4.452863314877179,1.1193189082780197
2023-03-27 02:00:00,5.082539144865383,25.53222492561524
2023-03-27 03:00:00,4.355372264739631,35.78175302348571
2023-03-27 04:00:00,5.510261233950244,44.62569647136141
2023-03-27 05:00:00,5.282001990989594,53.37735319425474
2023-03-27 06:00:00,6.1092416557332205,54.56808985189944
2023-03-27 07:00:00,5.420240024712455,53.23551178628563
2023-03-27 08:00:00,4.589077519862843,38.46596890755288
2023-03-27 09:00:00,5.68134234257694,35.979879289308165
2023-03-27 10:00:00,4.968520527857503,17.180136092604904
2023-03-27 11:00:00,4.930137273417072,13.359694676795009
2023-03-27 12:00:00,5.158631708800036,-5.601619444113501
2023-03-27 13:00:00,4.767259166724743,-14.259486477219792
2023-03-27 14:00:00,4.715260142760446,-20.969347372071073
2023-03-27 15:00:00,6.219233374478707,-24.679571079201153
2023-03-27 16:00:00,5.617497006655476,-48.096402795403705
2023-03-27 17:00:00,5.31960538091444,-47.02516585931515
2023-03-27 18:00:00,5.035025959649172,-50.23677615283487
2023-03-27 19:00:00,4.289979319744325,-50.604983906858706
2023-03-27 20:00:00,5.512764665050473,-41.856572046149
2023-03-27 21:00:00,4.747515974827707,-33.833559332441325
2023-03-27 22:00:00,4.885673789339391,-24.54356057878071
2023-03-27 23:00:00,5.451806945257945,-19.81272113137495
2023-03-28 00:00:00,4.217608465868232,0.1908364016446224
2023-03-28 01:00:00,4.938428397196854,16.09223320100544
2023-03-28 02:00:00,5.102324653999448,16.80516334572745
2023-03-28 03:00:00,5.364444131525123,31.682177381995388
2023-03-28 04:00:00,4.778481925875,38.725304789467074
2023-03-28 05:00:00,4.235616223506392,47.43569288785134
2023-03-28 06:00:00,5.1031201660231815,53.85181808793675
2023-03-28 07:00:00,4.565022730414929,47.22865824537595
2023-03-28 08:00:00,5.272933531197743,50.55274869726253
2023-03-28 09:00:00,5.5511452773929335,36.95126963150239
2023-03-28 10:00:00,5.095964799493752,25.373374268851613
2023-03-28 11:00:00,4.383837438860644,13.138124499429313
2023-03-28 12:00:00,5.1181213929629985,-8.976467263661789
2023-03-28 13:00:00,5.107366700965487,-13.474772963530885
2023-03-28 14:00:00,4.632811993062637,-22.949732261308544
2023-03-28 15:00:00,5.667960832758954,-26.0504539850619
2023-03-28 16:00:00,5.10551149782228,-48.00455418433236
2023-03-28 17:00:00,5.102809701277674,-41.9034331928593
2023-03-28 18:00:00,5.0161699862831695,-46.93095993987991
2023-03-28 19:00:00,5.8757703196377244,-51.253652717765064
2023-03-28 20:00:00,5.776574408242681,-46.308759523751206
2023-03-28 21:00:00,4.839667797180635,-28.730748911840585
2023-03-28 22:00:00,5.470651754154775,-22.334543737453615
2023-03-28 23:00:00,4.983422915644429,-8.021697930793213
2023-03-29 00:00:00,5.357765141538925,-1.8192242991530145
2023-03-29 01:00:00,4.652106949124903,8.026047963493097
2023-03-29 02:00:00,4.90601180359016,10.910582480103379
2023-03-29 03:00:00,4.202928423483168,29.225411544977096
2023-03-29 04:00:00,4.9960605809578365,39.950560240357696
2023-03-29 05:00:00,4.567368116570649,52.36991529913791
2023-03-29 06:00:00,4.3362770777826425,44.86969731737497
2023-03-29 07:00:00,5.0567086604360485,40.05000152318102
2023-03-29 08:00:00,4.463342749726905,40.416528326968354
2023-03-29 09:00:00,4.673539859014413,32.71020033784944
2023-03-29 10:00:00,5.965813076505877,25.040295187214646
2023-03-29 11:00:00,4.50947777061959,25.702198160317135
2023-03-29 12:00:00,4.8471079828233545,1.6164735719389705
2023-03-29 13:00:00,4.48096726158714,-12.08791862436659
2023-03-29 14:00:00,5.702960352590139,-23.03016449878072
2023-03-29 15:00:00,5.110013893612114,-24.398737906033396
2023-03-29 16:00:00,5.567330355698641,-52.07725835714523
2023-03-29 17:00:00,5.2146103381274385,-42.10668478203783
2023-03-29 18:00:00,5.108963031077253,-45.74232698432552
2023-03-29 19:00:00,5.285420491795676,-55.71328420298268
2023-03-29 20:00:00,4.110026849438165,-46.7900717176939
2023-03-29 21:00:00,4.4280430144646346,-39.96638819155159
2023-03-29 22:00:00,5.2443063034443735,-32.182907532201035
2023-03-29 23:00:00,5.156344856264014,-15.585559830178283
2023-03-30 00:00:00,4.450828139812141,-6.671646601063989
2023-03-30 01:00:00,5.05021056839658,15.657188857901415
2023-03-30 02:00:00,4.866517139917789,32.21712451215872
2023-03-30 03:00:00,5.505272204048622,31.454534362084097
2023-03-30 04:00:00,5.127559757128687,37.440075091936414
2023-03-30 05:00:00,5.185791569385547,54.10488518879337
2023-03-30 06:00:00,4.634954877191067,44.06059541055656
2023-03-30 07:00:00,4.835536625476405,40.37370334631626
2023-03-30 08:00:00,4.5810160157287925,39.95281767448523
2023-03-30 09:00:00,5.0096442074060485,39.064860082569055
2023-03-30 10:00:00,4.9977085592727635,26.179547124033782
2023-03-30 11:00:00,5.3489266613142,18.398525672772692
2023-03-30 12:00:00,5.612851337675517,-5.1716584647939206
2023-03-30 13:00:00,4.9695505938883295,-8.311533348355649
2023-03-30 14:00:00,3.882509326767175,-26.033053435487076
2023-03-30 15:00:00,5.677248778994731,-44.64335022801142
2023-03-30 16:00:00,5.3291321756596775,-36.43743592653815
2023-03-30 17:00:00,4.5755855048356215,-47.85269064003135
2023-03-30 18:00:00,7.101012949883,-42.836697703048955
2023-03-30 19:00:00,5.041516377451599,-42.168964624453096
2023-03-30 20:00:00,4.686751152668148,-38.046916473697294
2023-03-30 21:00:00,4.784364668545521,-22.617282894824733
2023-03-30 22:00:00,5.498727320064909,-30.592429226741846
2023-03-30 23:00:00,4.699884708641977,-2.4135083109736275
2023-03-31 00:00:00,4.262731088375098,-1.1652675973466904
2023-03-31 01:00:00,5.631698370232872,17.538999330050366
2023-03-31 02:00:00,4.98953861358443,25.624955060443302
2023-03-31 03:00:00,4.749810435235547,40.00946303025712
2023-03-31 04:00:00,5.451649213923791,42.812916463895405
2023-03-31 05:00:00,5.06426430234101,56.28138323992333
2023-03-31 06:00:00,4.841050665724397,54.033782001748214
2023-03-31 07:00:00,4.874829908557525,42.59145837949606
2023-03-31 08:00:00,5.185803336963677,45.52845137052785
2023-03-31 09:00:00,5.565826341684495,38.7285206701747
2023-03-31 10:00:00,5.22169414528352,28.607283360083297
2023-03-31 11:00:00,5.889920315542527,8.215394640592363
2023-03-31 12:00:00,4.319569499386148,-1.2926960718658302
2023-03-31 13:00:00,4.541496125164775,-11.413606935425236
2023-03-31 14:00:00,4.1028821820208305,-25.98890645841265
2023-03-31 15:00:00,4.784278137585477,-25.14031403446275
2023-03-31 16:00:00,5.839873304599471,-43.94240765557686
2023-03-31 17:00:00,5.318115902194146,-52.889360604993094
2023-03-31 18:00:00,5.405111905066514,-50.57076416335577
2023-03-31 19:00:00,5.163426502097717,-55.91801517914922
2023-03-31 20:00:00,4.665362200710252,-42.8203609039833
2023-03-31 21:00:00,5.743086631820183,-39.982216042823985
2023-03-31 22:00:00,4.7289500632323165,-29.150426406906547
2023-03-31 23:00:00,4.914100674241002,-9.566961595972963
2023-04-01 00:00:00,5.956075178324764,-9.071320016938735
2023-04-01 01:00:00,5.275673933851712,11.327586257942125
2023-04-01 02:00:00,5.43880976863162,31.25691124138931
2023-04-01 03:00:00,4.769850806709257,29.96643067745631
2023-04-01 04:00:00,4.310683745281439,43.07000926190739
2023-04-01 05:00:00,4.331514178668002,57.935966912755156
2023-04-01 06:00:00,4.689024006678103,56.09239466040399
2023-04-01 07:00:00,4.859995560757566,46.23079478580202
2023-04-01 08:00:00,4.996234834484114,39.2142023091395
2023-04-01 09:00:00,5.112846914504576,38.47260469819468
2023-04-01 10:00:00,5.056735867607928,23.255163439557712
2023-04-01 11:00:00,5.333330792030886,21.50475759954947
2023-04-01 12:00:00,5.138555394820373,2.9733513060601284
2023-04-01 13:00:00,5.498906075446816,-21.66567729341986
2023-04-01 14:00:00,5.217645252438899,-32.149538038368
2023-04-01 15:00:00,5.071524561320229,-40.82374229718947
2023-04-01 16:00:00,4.665386732949299,-47.41843283414577
2023-04-01 17:00:00,5.2725658831669,-48.650542731873756
2023-04-01 18:00:00,4.3635907923402755,-47.48029221256983
2023-04-01 19:00:00,5.625695275954633,-54.51904593413746
2023-04-01 20:00:00,5.507078107524898,-50.21313237061457
2023-04-01 21:00:00,4.871506641613108,-40.855155522767475
2023-04-01 22:00:00,4.801396585266966,-27.342048289153823
2023-04-01 23:00:00,5.478101982582002,-9.890883228889987
2023-04-02 00:00:00,4.971108581864716,-5.43766362313888
2023-04-02 01:00:00,5.449051766219363,15.389648667308558
2023-04-02 02:00:00,5.529724613682863,22.208741413348466
2023-04-02 03:00:00,4.622090032272774,30.922846528816596
2023-04-02 04:00:00,4.252673192527978,41.39426131634849
2023-04-02 05:00:00,4.94894389567692,46.99118114617323
2023-04-02 06:00:00,5.445730966008709,57.87791884659179
2023-04-02 07:00:00,4.974847695582125,50.25883006923181
2023-04-02 08:00:00,5.511816271675325,37.495428609741836
2023-04-02 09:00:00,4.433976835931864,43.529179571872405
2023-04-02 10:00:00,4.082309121806275,31.7489443430519
2023-04-02 11:00:00,5.03772205193055,7.481946287663823
2023-04-02 12:00:00,4.481388794839907,-5.657900872054063
2023-04-02 13:00:00,4.769418190758887,-16.13137097513494
2023-04-02 14:00:00,4.912176472606212,-31.39448152370735
2023-04-02 15:00:00,5.525168650917395,-31.665558179896255
2023-04-02 16:00:00,5.3821122562584645,-39.71929647555187
2023-04-02 17:00:00,4.778561521552354,-47.01005096103839
2023-04-02 18:00:00,5.5744585215549,-51.59206570406594
2023-04-02 19:00:00,6.063561730027958,-46.93545074136233
2023-04-02 20:00:00,5.009147120597985,-45.01058087207572
2023-04-02 21:00:00,5.635660808441179,-37.439514875252044
2023-04-02 22:00:00,6.05319591365528,-25.838999652023457
2023-04-02 23:00:00,5.367886251833663,-12.059329926173799
2023-04-03 00:00:00,4.858746781010973,2.2251507056675273
2023-04-03 01:00:00,5.271485144959783,7.665044480503958
2023-04-03 02:00:00,4.543442246823108,24.141044955781414
2023-04-03 03:00:00,4.672401770864646,35.509696673261985
2023-04-03 04:00:00,4.80260738021978,43.00510461509341
2023-04-03 05:00:00,5.018650086184556,38.86541960088282
2023-04-03 06:00:00,5.144722538114172,49.27923681185299
2023-04-03 07:00:00,4.518815651392409,46.19299564359443
2023-04-03 08:00:00,5.842536851318621,39.02928092082321
2023-04-03 09:00:00,4.948765516005878,38.32825854171182
2023-04-03 10:00:00,4.78351557342249,29.155702849544724
2023-04-03 11:00:00,5.801062574058751,14.519297903613984
2023-04-03 12:00:00,5.423512531224273,-5.850235729377633
2023-04-03 13:00:00,5.206457773397725,-17.874779373520166
2023-04-03 14:00:00,5.205894937436142,-18.187976452883884
2023-04-03 15:00:00,5.042660771651232,-28.844735802817446
2023-04-03 16:00:00,5.00297844890402,-40.19734787155291
2023-04-03 17:00:00,5.11126158881961,-52.937112840813974
2023-04-03 18:00:00,5.41301398706519,-46.56402991553452
2023-04-03 19:00:00,4.6564689769212295,-41.646373455821234
2023-04-03 20:00:00,5.257997162388608,-32.196069989435344
2023-04-03 21:00:00,4.693034625490128,-40.64863637089993
2023-04-03 22:00:00,5.7364212183568455,-14.316825575366371
2023-04-03 23:00:00,4.851190394631306,-22.422339643265936
2023-04-04 00:00:00,4.794112892372617,7.254030639749777
2023-04-04 01:00:00,4.083910074198101,10.618893617354221
2023-04-04 02:00:00,4.766156427284473,28.347644244320342
2023-04-04 03:00:00,5.489869039012147,29.76668560406163
2023-04-04 04:00:00,5.752381036842084,48.72660716338624
2023-04-04 05:00:00,4.070316847708037,43.89326643789745
2023-04-04 06:00:00,4.43935677917035,45.47529627455703
2023-04-04 07:00:00,5.255607632600502,54.61697203331821
2023-04-04 08:00:00,4.802549800646763,36.52683972584293
2023-04-04 09:00:00,6.202254399725809,31.47338746257651
2023-04-04 10:00:00,5.30121555524483,32.137696160841244
2023-04-04 11:00:00,5.57474075286345,14.854800595698368
2023-04-04 12:00:00,5.574168601796981,3.3565941749441666
2023-04-04 13:00:00,4.999039743140859,-15.430234781470993
2023-04-04 14:00:00,4.6284236134320365,-31.742458763644166
2023-04-04 15:00:00,6.192797927492149,-36.08471452356841
2023-04-04 16:00:00,4.717013608130555,-46.00190259893326
2023-04-04 17:00:00,4.706522096238121,-50.946459135840946
2023-04-04 18:00:00,5.1473803557083695,-51.00567375934126
2023-04-04 19:00:00,4.839162949396811,-46.56652932595531
2023-04-04 20:00:00,4.533729727589621,-46.899886487085354
2023-04-04 21:00:00,5.109283315675066,-33.08352882422875
2023-04-04 22:00:00,5.118896870516552,-18.97560083476036
2023-04-04 23:00:00,5.098690682932119,-10.474893729365865
2023-04-05 00:00:00,4.292219407041095,6.739165084710518
2023-04-05 01:00:00,4.3172152489007285,17.936442720747195
2023-04-05 02:00:00,4.974273467512907,29.783221794151192
2023-04-05 03:00:00,5.604089022948507,32.4193537784207
2023-04-05 04:00:00,5.4950455004644,48.142734176169476
2023-04-05 05:00:00,5.015377929511165,48.30483611720723
2023-04-05 06:00:00,4.423086006856769,57.376696737501696
2023-04-05 07:00:00,5.4831076915496615,56.56243157639866
2023-04-05 08:00:00,5.972990646217849,47.75290233002365
2023-04-05 09:00:00,5.421914292411515,36.53202923568369
2023-04-05 10:00:00,5.873014335236358,26.81260458947693
2023-04-05 11:00:00,5.407654625889911,14.092615527306558
2023-04-05 12:00:00,5.81270385316116,-3.982877902151227
2023-04-05 13:00:00,5.194659204352101,-17.71111129848846
2023-04-05 14:00:00,4.288996957075582,-21.759645109005078
2023-04-05 15:00:00,5.088303898916335,-38.75249686725649
2023-04-05 16:00:00,5.281496543626416,-41.99123073728583
2023-04-05 17:00:00,4.437062770549878,-50.13993758099356
2023-04-05 18:00:00,3.879591384630467,-54.78605396082877
2023-04-05 19:00:00,5.066909333743755,-51.736137425942324
2023-04-05 20:00:00,5.128453948177836,-32.10006317198138
2023-04-05 21:00:00,5.017768703491056,-38.770425512350236
2023-04-05 22:00:00,5.723686504222175,-28.28671441082552
2023-04-05 23:00:00,5.487357291232246,-17.451236849793002
2023-04-06 00:00:00,5.614535580212886,1.070002671629358
2023-04-06 01:00:00,5.532277486708042,11.64627362724259
2023-04-06 02:00:00,4.838225082327002,16.453689559412908
2023-04-06 03:00:00,4.866372592813626,42.95544422536422
2023-04-06 04:00:00,4.647115604355576,31.8376575880877
2023-04-06 05:00:00,5.380978759046482,43.53733563226212
2023-04-06 06:00:00,4.139227883722363,48.38386245615654
2023-04-06 07:00:00,4.866590947825316,52.112164988891415
2023-04-06 08:00:00,4.885968608184859,40.06636757582226
2023-04-06 09:00:00,4.813811368305889,31.933465341014333
2023-04-06 10:00:00,5.035554999275388,25.778152084987667
2023-04-06 11:00:00,4.587024567861481,10.571919527427195
2023-04-06 12:00:00,5.570474403177171,-6.725950453547354
2023-04-06 13:00:00,5.496183528498921,-7.002435995447772
2023-04-06 14:00:00,5.430177992906601,-21.954520711489373
2023-04-06 15:00:00,5.426352963447977,-30.947066746760072
2023-04-06 16:00:00,6.260526064081516,-42.37269961466685
2023-04-06 17:00:00,5.0960386881611885,-48.83516121894113
2023-04-06 18:00:00,4.982783410575883,-43.011649587972386
2023-04-06 19:00:00,6.0197477308098835,-52.01690659969608
2023-04-06 20:00:00,4.831799950354872,-40.78222709191621
2023-04-06 21:00:00,4.710648350614049,-34.449397030784205
2023-04-06 22:00:00,5.385061489590786,-24.491809658159724
2023-04-06 23:00:00,5.0660928236145395,-20.425595139085356
2023-04-07 00:00:00,6.001643324925755,-4.790939614832352
2023-04-07 01:00:00,5.191970164472711,22.169886603765633
2023-04-07 02:00:00,4.836309995185721,28.057985626142482
2023-04-07 03:00:00,5.457096960651196,29.512769689890476
2023-04-07 04:00:00,4.4088952914712465,34.77584756870729
2023-04-07 05:00:00,4.760242751819374,42.609553072169646
2023-04-07 06:00:00,5.441601118792958,45.544141040746055
2023-04-07 07:00:00,4.494455210918355,51.59199124519101
2023-04-07 08:00:00,4.833107428711314,33.937440527461945
2023-04-07 09:00:00,5.488839014525922,43.558645971278885
2023-04-07 10:00:00,5.61454882938865,27.144089629429477
2023-04-07 11:00:00,5.433815016750921,18.96229222510425
2023-04-07 12:00:00,3.7553730146393702,0.3999713400047772
2023-04-07 13:00:00,5.1981785154728275,-13.815173292931991
2023-04-07 14:00:00,5.628570515764901,-27.757407679787335
2023-04-07 15:00:00,6.013543972439886,-37.76017965469744
2023-04-07 16:00:00,4.428292153709067,-41.93712556751557
2023-04-07 17:00:00,4.371048179278722,-46.93259545112734
2023-04-07 18:00:00,5.153151381075961,-56.0520647788595
2023-04-07 19:00:00,4.32205095255789,-60.737355543280906
2023-04-07 20:00:00,4.9089549056445865,-44.66681260446763
2023-04-07 21:00:00,5.249892686280403,-28.233371856111738
2023-04-07 22:00:00,5.493513043835958,-26.79226197176952
2023-04-07 23:00:00,5.262169027943495,-27.80192698702484
2023-04-08 00:00:00,5.49511769230685,2.4100571374061626
2023-04-08 01:00:00,5.464738707025379,11.620520915207468
2023-04-08 02:00:00,5.131946128905174,20.54903320829508
2023-04-08 03:00:00,5.173016220505554,24.853899263504612
2023-04-08 04:00:00,5.823996485112806,45.22183187025265
2023-04-08 05:00:00,5.373321515492,52.16911720850932
2023-04-08 06:00:00,5.408038167649061,48.66146883762752
2023-04-08 07:00:00,5.114564734782741,43.01563048400473
2023-04-08 08:00:00,4.345854800629445,31.811617212038218
2023-04-08 09:00:00,4.899885441050404,48.04051766991451
2023-04-08 10:00:00,5.165470906679728,24.692161939029123
2023-04-08 11:00:00,5.627076716632423,16.103885955373315
2023-04-08 12:00:00,5.832946205159641,-0.9116840994846179
2023-04-08 13:00:00,4.8769107902881546,-13.53927313292235
2023-04-08 14:00:00,5.568525407042631,-25.970965144137843
2023-04-08 15:00:00,4.543788749175322,-33.161931657743004
2023-04-08 16:00:00,5.165368089274785,-39.43655366770488
2023-04-08 17:00:00,5.507907428306887,-45.611976946367484
2023-04-08 18:00:00,6.014729140279956,-44.95733188240154
2023-04-08 19:00:00,4.501254214118202,-46.632941676825176
2023-04-08 20:00:00,4.477212240717122,-43.59111748156863
2023-04-08 21:00:00,5.880369266445682,-35.25696174977731
2023-04-08 22:00:00,5.837424923214412,-25.982980481043658
2023-04-08 23:00:00,5.109676516361043,-8.766387157827289
2023-04-09 00:00:00,5.251032028567007,-9.317797675041312
2023-04-09 01:00:00,4.809198915412652,15.036558105356805
2023-04-09 02:00:00,4.926078648375767,24.117905809897167
2023-04-09 03:00:00,4.149860637518106,35.28767975486039
2023-04-09 04:00:00,5.013968331162996,44.90516811381873
2023-04-09 05:00:00,5.070128153621946,49.76461616807333
2023-04-09 06:00:00,6.035661793493152,53.69209768219095
2023-04-09 07:00:00,5.751941321559657,47.95795800283714
2023-04-09 08:00:00,5.2758532102852485,42.18117096243746
2023-04-09 09:00:00,4.530407554881896,33.54559694359109
2023-04-09 10:00:00,4.759539292777927,22.983871590271292
2023-04-09 11:00:00,4.891555367797471,8.326285281389229
2023-04-09 12:00:00,5.516608072600566,7.91042959286512
2023-04-09 13:00:00,4.174434975120071,-15.066242371389382
2023-04-09 14:00:00,4.900854021558878,-35.330471526183246
2023-04-09 15:00:00,4.974550301382458,-36.43657036769852
2023-04-09 16:00:00,4.263547069577868,-49.28003924034965
2023-04-09 17:00:00,5.476598164057427,-48.70647140886905
2023-04-09 18:00:00,3.8522245430559243,-52.7246468650994
2023-04-09 19:00:00,4.891627590976541,-50.38966736632006
2023-04-09 20:00:00,4.981666075691617,-40.2798313841247
2023-04-09 21:00:00,5.717394046885871,-33.81472552854576
2023-04-09 22:00:00,5.348840155721118,-19.25463113433021
2023-04-09 23:00:00,4.092934202614254,-4.197032536234552
2023-04-10 00:00:00,4.541830253538069,1.0397298927438685
2023-04-10 01:00:00,4.237249504284442,12.229798994964312
2023-04-10 02:00:00,4.948041210209636,26.862604458414964
2023-04-10 03:00:00,4.617528329476585,30.974606588413543
2023-04-10 04:00:00,4.892868778301088,39.17261791284721
2023-04-10 05:00:00,4.447951601237114,45.320398448034105
2023-04-10 06:00:00,4.6400096544895035,48.856195743057334
2023-04-10 07:00:00,5.374794087601896,45.08581714338234
2023-04-10 08:00:00,5.37725810393021,48.57641539613711
2023-04-10 09:00:00,4.516106339135911,38.29725479306753
2023-04-10 10:00:00,3.8044688825758897,22.362357946011212
2023-04-10 11:00:00,5.555884751561341,1.1649759291270652
2023-04-10 12:00:00,4.979108563116828,-0.7123348389790577
2023-04-10 13:00:00,4.683171007668397,-8.625911338825333
2023-04-10 14:00:00,4.423635180299197,-22.999455110152113
2023-04-10 15:00:00,4.843835224727846,-36.13250429596085
2023-04-10 16:00:00,4.9246179682142035,-45.32022973659915
2023-04-10 17:00:00,5.347755766297426,-49.28256621593515
2023-04-10 18:00:00,6.1279084663864305,-56.54533233713725
2023-04-10 19:00:00,4.689686371353109,-49.54894135269393
2023-04-10 20:00:00,5.649312166883796,-53.06527967088242
2023-04-10 21:00:00,4.7366502906215935,-43.54341869094911
2023-04-10 22:00:00,4.768678694415532,-23.647366721773942
2023-04-10 23:00:00,4.059458166039533,-13.41642322736028
2023-04-11 00:00:00,4.166652982711867,-6.351431195434552
2023-04-11 01:00:00,4.045057342341764,17.28072243168965
2023-04-11 02:00:00,5.6218644623476255,23.968948521024377
2023-04-11 03:00:00,5.276374434750536,37.55475074210818
2023-04-11 04:00:00,5.79754520708919,47.95821430776219
2023-04-11 05:00:00,4.326132272741275,44.069592396417654
2023-04-11 06:00:00,4.880508068002427,42.86231046168058
2023-04-11 07:00:00,4.827030074865232,45.495143357107274
2023-04-11 08:00:00,4.955922344239542,39.372572692004795
2023-04-11 09:00:00,4.339815854865755,35.52917825960337
2023-04-11 10:00:00,5.448922451993187,26.648764033775997
2023-04-11 11:00:00,4.441446954157306,10.05111941924806
2023-04-11 12:00:00,4.763876327356918,4.066799302543775
2023-04-11 13:00:00,5.68489881837008,-4.409029180291768
2023-04-11 14:00:00,5.105692730752984,-32.74512834387758
2023-04-11 15:00:00,5.476456880379215,-40.028760965222205
2023-04-11 16:00:00,4.951579655818696,-44.71798290666666
2023-04-11 17:00:00,5.526371428138836,-52.29348692854257
2023-04-11 18:00:00,5.232517006141497,-48.045440839777115
2023-04-11 19:00:00,3.961428744390642,-53.416152953060795
2023-04-11 20:00:00,4.222564105698181,-46.71873008494163
2023-04-11 21:00:00,4.507731093053963,-28.348116457237168
2023-04-11 22:00:00,4.965346827817373,-18.505594210777502
2023-04-11 23:00:00,4.514126364646693,-6.987125456719716
2023-04-12 00:00:00,5.590061888547432,-4.118755501482554
2023-04-12 01:00:00,5.277519573409577,16.384506937186643
2023-04-12 02:00:00,4.931916012875877,30.202303953737616
2023-04-12 03:00:00,5.075982357395682,30.037240067884444
2023-04-12 04:00:00,5.747757855728892,33.23083991632846
2023-04-12 05:00:00,4.2348850797931,51.394813554643015
2023-04-12 06:00:00,5.457651939230683,40.41416480366414
2023-04-12 07:00:00,5.167847100314713,44.77654159699284
2023-04-12 08:00:00,6.416066760353978,34.81416023237754
2023-04-12 09:00:00,5.571975904222738,35.50451806232321
2023-04-12 10:00:00,5.201473226988098,34.72697831922671
2023-04-12 11:00:00,4.937897193568142,16.625968502314365
2023-04-12 12:00:00,5.347994384947092,7.513696909948818
2023-04-12 13:00:00,4.558614222281015,-10.317409896458871
2023-04-12 14:00:00,4.133574758593795,-33.06834784018109
2023-04-12 15:00:00,5.085694810914309,-35.82014042526266
2023-04-12 16:00:00,5.186731529184056,-41.825793169327014
2023-04-12 17:00:00,4.343699756828185,-45.69345202283508
2023-04-12 18:00:00,4.088629542987419,-45.06893829491862
2023-04-12 19:00:00,5.2855874333711474,-52.26072743099622
2023-04-12 20:00:00,5.369548206126233,-42.42187239999507
2023-04-12 21:00:00,4.625674325157941,-36.641976575823804
2023-04-12 22:00:00,4.281643266487413,-20.84527182527172
2023-04-12 23:00:00,5.625311665177222,-13.151912949368565
2023-04-13 00:00:00,5.485492683514038,0.26765436145562665
2023-04-13 01:00:00,5.087657250697972,13.415146468474923
2023-04-13 02:00:00,6.29780175949419,26.809032250676182
2023-04-13 03:00:00,5.21276080703867,35.409439179537365
2023-04-13 04:00:00,4.98615852661743,49.59501390392586
2023-04-13 05:00:00,4.6303281282957816,39.96779930440443
2023-04-13 06:00:00,4.847160613826461,54.45791981602784
2023-04-13 07:00:00,4.2966764577041605,50.42451857254079
2023-04-13 08:00:00,4.64076995702439,44.58102883588943
2023-04-13 09:00:00,5.877218598009247,34.13848174755755
2023-04-13 10:00:00,5.103754683121636,34.00438935919784
2023-04-13 11:00:00,5.314986484412796,12.925831509636941
2023-04-13 12:00:00,4.103772534211751,6.31664093044958
2023-04-13 13:00:00,5.930412604032388,-3.336449014331359
2023-04-13 14:00:00,5.38157850120282,-28.53112814981489
2023-04-13 15:00:00,4.853157898594652,-36.058988405746526
2023-04-13 16:00:00,5.85077761589989,-51.08757648600135
2023-04-13 17:00:00,4.13318102389104,-53.67643698396074
2023-04-13 18:00:00,6.255076627481985,-46.96966233699821
2023-04-13 19:00:00,4.905402985332468,-48.87192721193068
2023-04-13 20:00:00,4.281324546096938,-46.132697991187605
2023-04-13 21:00:00,4.636777650021285,-23.158461280878317
2023-04-13 22:00:00,4.337351273685041,-26.314544773348583
2023-04-13 23:00:00,5.495337405034284,-19.430742394951345
2023-04-14 00:00:00,4.784499161858487,-4.562753734173032
2023-04-14 01:00:00,3.85918073011191,13.80671783698046
2023-04-14 02:00:00,4.160268442629845,26.694895153499687
2023-04-14 03:00:00,4.100113491769555,31.770595233510313
2023-04-14 04:00:00,5.516451611232145,39.34366879955901
2023-04-14 05:00:00,5.183026088442987,44.68845067104043
2023-04-14 06:00:00,4.4259486626388025,57.73246618080205
2023-04-14 07:00:00,4.779664023191246,55.22100054993237
2023-04-14 08:00:00,4.9739406452928,43.186698078993025
2023-04-14 09:00:00,4.761633150002669,37.02013048774665
2023-04-14 10:00:00,4.6739886796546,25.701072440387748
2023-04-14 11:00:00,4.670805338666445,10.277350271739476
2023-04-14 12:00:00,5.94167417179442,3.7382531129852943
2023-04-14 13:00:00,4.738357274626834,-21.265344705332808
2023-04-14 14:00:00,5.870907817904866,-23.11649023137432
2023-04-14 15:00:00,4.797801814649513,-29.82587050626969
2023-04-14 16:00:00,5.343960948047185,-47.52324236414778
2023-04-14 17:00:00,5.582423887107142,-50.44881778336268
2023-04-14 18:00:00,5.022862313318965,-61.86088081298198
2023-04-14 19:00:00,4.788640107867464,-52.721522973200095
2023-04-14 20:00:00,5.354315821031099,-34.55917924927798
2023-04-14 21:00:00,4.794994678799085,-45.00215262291777
2023-04-14 22:00:00,4.915563233142722,-29.102906044354626
2023-04-14 23:00:00,5.43114047883316,-5.7072098769821835
2023-04-15 00:00:00,4.6673234841347835,-1.156145092517218
2023-04-15 01:00:00,5.6911073513429145,9.553329627775051
2023-04-15 02:00:00,5.185830416680393,25.740119370799555
2023-04-15 03:00:00,4.994435036694663,32.242331475535536
2023-04-15 04:00:00,5.186484553741122,39.958617574406595
2023-04-15 05:00:00,4.4164699494670066,49.334907479179115
2023-04-15 06:00:00,5.506944955393854,47.65688924998453
2023-04-15 07:00:00,5.2030555075569325,49.663919348700894
2023-04-15 08:00:00,6.110240512185405,52.73380002945284
2023-04-15 09:00:00,5.3070366218363425,39.33479114992266
2023-04-15 10:00:00,4.80264138431356,26.48016542383985
2023-04-15 11:00:00,4.371343341721311,11.590903885286766
2023-04-15 12:00:00,4.65578857070308,-7.708446665215661
2023-04-15 13:00:00,5.495823674028674,-6.837317795807167
2023-04-15 14:00:00,5.122369071480629,-26.704498430620898
2023-04-15 15:00:00,4.231694788728922,-40.17384920291013
2023-04-15 16:00:00,4.167056623975146,-50.67413769151828
2023-04-15 17:00:00,5.719294012000583,-47.82235337712606
2023-04-15 18:00:00,4.925344152485661,-49.39566954929815
2023-04-15 19:00:00,4.960358447208358,-51.549167765403645
2023-04-15 20:00:00,4.886969680588286,-39.230825794420845
2023-04-15 21:00:00,5.120208257949176,-33.945795031150254
2023-04-15 22:00:00,5.339281983722467,-30.09979546972449
2023-04-15 23:00:00,4.741226840131404,-21.069678706077543
2023-04-16 00:00:00,5.587233733680052,-0.8710840910196027
2023-04-16 01:00:00,4.299575647566304,10.331098502625407
2023-04-16 02:00:00,5.685231739137545,27.040818347100494
2023-04-16 03:00:00,5.197987407071211,39.525229866894186
2023-04-16 04:00:00,4.395067463265128,49.17372042497191
2023-04-16 05:00:00,5.786459951972052,43.13902898157192
2023-04-16 06:00:00,5.207607504063968,47.67601533724389
2023-04-16 07:00:00,5.500209702013039,45.075334000003
2023-04-16 08:00:00,3.948732533353188,37.366135396001624
2023-04-16 09:00:00,4.611111210995271,39.75399711519812
2023-04-16 10:00:00,4.878002950800589,24.53705971225437
2023-04-16 11:00:00,5.027076495396193,17.214686743405373
2023-04-16 12:00:00,5.419306949266405,-0.6934615345390859
2023-04-16 13:00:00,5.44666797617072,-9.430050867720514
2023-04-16 14:00:00,3.8380705220849975,-27.896978084374354
2023-04-16 15:00:00,4.69045889273896,-41.17277165918485
2023-04-16 16:00:00,4.7767107472888135,-40.67228830155279
2023-04-16 17:00:00,5.1968759213991405,-54.35670657383558
2023-04-16 18:00:00,5.474599270275352,-53.89613561968249
2023-04-16 19:00:00,5.425988866850968,-47.124711503795886
2023-04-16 20:00:00,5.442712692211993,-45.49304731096344
2023-04-16 21:00:00,4.843305668393148,-31.239207469088313
2023-04-16 22:00:00,5.304320719588224,-28.30620076653651
2023-04-16 23:00:00,4.112644445602959,-20.313524610252493
2023-04-17 00:00:00,5.273831745076765,-1.1572577133022013
2023-04-17 01:00:00,5.775179748575628,-0.0031032752896358318
2023-04-17 02:00:00,4.218333919765205,23.40423581722069
2023-04-17 03:00:00,4.981309610813745,29.091625564175857
2023-04-17 04:00:00,5.609367985742809,46.93460215915408
2023-04-17 05:00:00,5.369364502453136,49.20124220882305
2023-04-17 06:00:00,5.639966284817207,52.78114797623134
2023-04-17 07:00:00,5.138588849466876,52.500359635204546
2023-04-17 08:00:00,5.734885257416441,46.77541206106131
2023-04-17 09:00:00,5.2939507238738095,38.54012268910727
2023-04-17 10:00:00,4.930775643761168,28.86942320036986
2023-04-17 11:00:00,5.131484496813962,17.608760237000762
2023-04-17 12:00:00,5.44001441494416,-6.271710410068027
2023-04-17 13:00:00,4.9440135760145365,-9.210238374098793
2023-04-17 14:00:00,4.882151348095767,-24.034578343889734
2023-04-17 15:00:00,4.996602585675299,-33.39450391273915
2023-04-17 16:00:00,4.135821755423584,-35.244187627408266
2023-04-17 17:00:00,4.324966966378184,-46.13379703858521
2023-04-17 18:00:00,4.364318467678873,-51.05299824259567
2023-04-17 19:00:00,5.261360031110887,-57.046150518020355
2023-04-17 20:00:00,5.869200261672833,-44.69543757589393
2023-04-17 21:00:00,4.638447955287755,-32.786502845841994
2023-04-17 22:00:00,4.99286896293279,-29.60043401062247
2023-04-17 23:00:00,5.137539616167423,-7.150910200378174
2023-04-18 00:00:00,3.9086494716108113,8.462310736970908
2023-04-18 01:00:00,5.148971957008893,13.795047799721937
2023-04-18 02:00:00,5.614133601874388,24.03829728164872
2023-04-18 03:00:00,4.55115593883943,33.792008553701876
2023-04-18 04:00:00,4.930819035364074,52.161320145635564
2023-04-18 05:00:00,5.384082217779919,54.310745281987494
2023-04-18 06:00:00,4.537022290808251,42.469851542442456
2023-04-18 07:00:00,4.978306883235305,48.14205142986353
2023-04-18 08:00:00,5.449680595598781,52.288253338685706
2023-04-18 09:00:00,4.015807749419646,39.649595392745354
2023-04-18 10:00:00,5.132484953566606,20.205474498801685
2023-04-18 11:00:00,4.72725924880754,11.7227246224697
2023-04-18 12:00:00,5.49641860774935,-1.477792823849997
2023-04-18 13:00:00,5.91776103817372,-18.35094550644492
2023-04-18 14:00:00,4.289360798247082,-13.984535569048854
2023-04-18 15:00:00,4.258126433870448,-29.20605810550769
2023-04-18 16:00:00,4.648874027087248,-41.14757431989074
2023-04-18 17:00:00,5.295173010081892,-46.42562899303425
2023-04-18 18:00:00,4.965958238297421,-43.25342372906604
2023-04-18 19:00:00,5.77970330122909,-50.27518383706419
2023-04-18 20:00:00,4.313408617784745,-39.12331206954571
2023-04-18 21:00:00,4.556097107366162,-24.47446227405304
2023-04-18 22:00:00,5.929875461034635,-23.0715388114203
2023-04-18 23:00:00,4.930027159505836,-8.897356461969881
2023-04-19 00:00:00,6.027472335917188,-0.5294597188864156
2023-04-19 01:00:00,5.391156928994811,10.513590968624854
2023-04-19 02:00:00,5.085506812984112,19.92309181456228
2023-04-19 03:00:00,5.306175810927093,36.25934809295453
2023-04-19 04:00:00,4.106456029215122,36.05194256795
2023-04-19 05:00:00,5.627591992627907,44.74596694314825
2023-04-19 06:00:00,5.166008740789798,47.49002688037434
2023-04-19 07:00:00,3.9977028821149028,51.269728355890784
2023-04-19 08:00:00,5.018985037453962,39.49013967308154
2023-04-19 09:00:00,4.87866951765684,35.309330395564544
2023-04-19 10:00:00,5.567618208968495,18.281794879346876
2023-04-19 11:00:00,4.6568322252999055,13.449212604359015
2023-04-19 12:00:00,5.209750607271708,4.776178668309178
2023-04-19 13:00:00,4.658220566214511,-14.582837051376675
2023-04-19 14:00:00,3.935828518741301,-31.64080598273714
2023-04-19 15:00:00,4.277277157010997,-34.198068589787596
2023-04-19 16:00:00,4.935584903996202,-33.90234824341653
2023-04-19 17:00:00,4.812674884245576,-49.79532345073619
2023-04-19 18:00:00,5.187524443784841,-49.01236711098965
2023-04-19 19:00:00,4.766048245225472,-53.11103560292069
2023-04-19 20:00:00,4.457328546989954,-45.562670920850486
2023-04-19 21:00:00,4.8556692610590755,-38.1650001770326
2023-04-19 22:00:00,4.129679236003821,-22.281180640477537
2023-04-19 23:00:00,4.953706902548284,-16.613914711047606
2023-04-20 00:00:00,3.8570025965020163,-2.007333970825937
2023-04-20 01:00:00,5.168327802182166,14.13662789381939
2023-04-20 02:00:00,5.195412516471074,14.877286165290803
2023-04-20 03:00:00,5.613697895624588,39.03146601920436
2023-04-20 04:00:00,4.744640128428619,36.8209466733029
2023-04-20 05:00:00,5.3191506038301615,42.29400829119028
2023-04-20 06:00:00,4.156570534365065,44.2463804761717
2023-04-20 07:00:00,5.146612472722348,55.38214389472907
2023-04-20 08:00:00,4.635873179994005,49.875775328457756
2023-04-20 09:00:00,4.717267331350282,31.4162951533574
2023-04-20 10:00:00,5.809845880451635,33.17183293975737
2023-04-20 11:00:00,4.594738734258882,20.967081123864695
2023-04-20 12:00:00,5.237291643605987,0.6309776663698737
2023-04-20 13:00:00,5.003851487167889,-2.4355668349855755
2023-04-20 14:00:00,5.447588695500881,-18.491556647487865
2023-04-20 15:00:00,4.448715363954373,-35.9528179263821
2023-04-20 16:00:00,4.255193004725504,-40.376314583194876
2023-04-20 17:00:00,4.383944035245864,-51.575017088095166
2023-04-20 18:00:00,4.237414311130368,-51.5974929940815
2023-04-20 19:00:00,4.800614189349219,-48.95807903702509
2023-04-20 20:00:00,4.912451641514026,-47.74583553400829
2023-04-20 21:00:00,5.313133042416562,-34.370436374041084
2023-04-20 22:00:00,5.290394305750558,-34.837897519199785
2023-04-20 23:00:00,4.225543833892067,-12.17563972258089
2023-04-21 00:00:00,5.255635661216047,-1.865968343902129
2023-04-21 01:00:00,4.62635731860338,16.673404854500454
2023-04-21 02:00:00,5.30086023833883,22.79815602784771
2023-04-21 03:00:00,3.751995137789015,36.76331672135449
2023-04-21 04:00:00,4.8824286810789586,41.798022941746126
2023-04-21 05:00:00,5.110164245075924,42.95782409465261
2023-04-21 06:00:00,4.773381744336198,50.794233735927314
2023-04-21 07:00:00,5.042444434351693,48.4869165061633
2023-04-21 08:00:00,5.532340882392611,48.086929287684946
2023-04-21 09:00:00,4.847407609400068,42.67342671780298
2023-04-21 10:00:00,5.443536306533381,36.22528304741861
2023-04-21 11:00:00,5.34986393242762,14.70170129741883
2023-04-21 12:00:00,4.631096370944113,2.0262869886197077
2023-04-21 13:00:00,3.7128345763312898,-11.669081383540643
2023-04-21 14:00:00,5.011276933226368,-29.162151418453035
2023-04-21 15:00:00,5.620213480551191,-37.19241294483464
2023-04-21 16:00:00,5.564758170676322,-41.006065431781444
2023-04-21 17:00:00,5.1536862863004025,-42.23529555586744
2023-04-21 18:00:00,4.713090048606047,-44.051959404235724
2023-04-21 19:00:00,5.353223752747751,-49.40832377039409
2023-04-21 20:00:00,4.330639397341172,-47.220587935922666
2023-04-21 21:00:00,5.199138243176487,-28.075169534758324
2023-04-21 22:00:00,5.496946983355087,-28.03673927382045
2023-04-21 23:00:00,4.960187670094063,-19.12885715071812
2023-04-22 00:00:00,4.4633257229724865,1.1004794640738695
2023-04-22 01:00:00,4.967546934397741,11.443690803489824
2023-04-22 02:00:00,5.169691219420301,24.490062849189986
2023-04-22 03:00:00,4.497209700773472,34.226872041544105
2023-04-22 04:00:00,4.789837096652938,42.920620332060246
2023-04-22 05:00:00,5.419260658813151,47.97293042827178
2023-04-22 06:00:00,5.4802963120687265,52.80770619287814
2023-04-22 07:00:00,5.061181613442081,48.937903450893295
2023-04-22 08:00:00,4.590156783869282,43.12059691545476
2023-04-22 09:00:00,3.9188848861576435,37.53574053760256
2023-04-22 10:00:00,5.139460295440463,29.00186347054247
2023-04-22 11:00:00,4.2395303805031155,6.479554295977916
2023-04-22 12:00:00,5.074514020493095,-3.4806600110567065
2023-04-22 13:00:00,4.684669761783428,-20.896838762470523
2023-04-22 14:00:00,5.3230554426528345,-25.230002187637602
2023-04-22 15:00:00,4.438963270076366,-38.026912812993466
2023-04-22 16:00:00,4.271510323337859,-48.100685271350955
2023-04-22 17:00:00,5.180719396422325,-48.32390266289517
2023-04-22 18:00:00,4.978779320771966,-55.043055911137145
2023-04-22 19:00:00,5.351143273073348,-45.80575929786106
2023-04-22 20:00:00,5.646282088219085,-43.732431267369726
2023-04-22 21:00:00,4.760542712021613,-36.78088979001694
2023-04-22 22:00:00,5.37209259522655,-24.328966224276396
2023-04-22 23:00:00,4.179997083588212,-10.352185431276157
2023-04-23 00:00:00,4.372431920772084,-0.4474803574848384
2023-04-23 01:00:00,4.996888600160995,11.342615489616911
2023-04-23 02:00:00,4.810722553789893,24.01351788315001
2023-04-23 03:00:00,3.8919604654825033,39.17913024827389
2023-04-23 04:00:00,5.88027715328563,35.49576400486612
2023-04-23 05:00:00,3.9187229304561395,48.02557025358158
2023-04-23 06:00:00,4.764281899430816,56.58903278571833
2023-04-23 07:00:00,5.462276762048803,52.53975920621032
2023-04-23 08:00:00,4.886224062749798,44.69233224633228
2023-04-23 09:00:00,5.293540610885509,38.15544197547672
2023-04-23 10:00:00,4.606831551901027,36.301960815106874
2023-04-23 11:00:00,5.060043105608132,13.785304990260416
2023-04-23 12:00:00,5.686426497457497,-2.227521503171811
2023-04-23 13:00:00,4.758032358439926,-6.641095508182579
2023-04-23 14:00:00,5.232474416781731,-24.116539585541652
2023-04-23 15:00:00,4.864962018580678,-44.37899605176826
2023-04-23 16:00:00,5.062177974078954,-42.24515475018543
2023-04-23 17:00:00,5.230345762911584,-45.57382079799217
2023-04-23 18:00:00,4.3814723188685765,-54.69330852677968
2023-04-23 19:00:00,4.458896995140964,-38.16858480671
2023-04-23 20:00:00,4.682854920433486,-46.42039152567209
2023-04-23 21:00:00,5.336678646556901,-37.91216623990854
2023-04-23 22:00:00,5.470509897669639,-20.23773830049751
2023-04-23 23:00:00,5.856699952362986,-9.788397552073896
2023-04-24 00:00:00,4.797091307208226,0.947772741963909
2023-04-24 01:00:00,4.7218702938377195,15.195921233091612
2023-04-24 02:00:00,5.05919714895726,23.176482864745793
2023-04-24 03:00:00,4.446709125978988,32.93387104751879
2023-04-24 04:00:00,5.477738689351872,37.778596387109374
2023-04-24 05:00:00,4.5197531725914795,57.98906901428457
2023-04-24 06:00:00,4.431957484642236,43.24324318400917
2023-04-24 07:00:00,4.308422221486568,48.0616205426786
2023-04-24 08:00:00,4.663261704843994,36.711085113597264
2023-04-24 09:00:00,4.8376513751829116,34.52378619011518
2023-04-24 10:00:00,4.613632293199631,27.270387741304294
2023-04-24 11:00:00,4.4721970972271485,13.105114330826913
2023-04-24 12:00:00,5.742518251692956,9.415507165702849
2023-04-24 13:00:00,4.840780215381867,-10.785757151667664
2023-04-24 14:00:00,5.163066932638888,-24.872102291072327
2023-04-24 15:00:00,5.229137492183278,-32.06343741034538
2023-04-24 16:00:00,4.713662441181042,-45.7681758113846
2023-04-24 17:00:00,4.349174471938094,-49.13387391942178
2023-04-24 18:00:00,4.7143492565155505,-56.398844223980035
2023-04-24 19:00:00,5.1854569634897025,-43.56446865864354
2023-04-24 20:00:00,4.49328000009132,-41.21429465484257
2023-04-24 21:00:00,5.259635592872699,-31.340402507015924
2023-04-24 22:00:00,3.6422524237050036,-17.871931620661915
2023-04-24 23:00:00,4.9785633524554,-12.735874863510887
2023-04-25 00:00:00,5.30632493083299,-1.6536873428873937
2023-04-25 01:00:00,5.536603685416276,14.570978914242588
2023-04-25 02:00:00,4.249174983773683,24.54105795026643
2023-04-25 03:00:00,5.160834911193505,31.873227140623694
2023-04-25 04:00:00,5.83097343943251,41.7785478537902
2023-04-25 05:00:00,6.139419962426602,50.48898487539187
2023-04-25 06:00:00,5.001517142718259,45.91474637476457
2023-04-25 07:00:00,4.523754548154003,39.576319976310586
2023-04-25 08:00:00,5.755106911878798,35.92101203933396
2023-04-25 09:00:00,5.335087018885059,37.547319815530315
2023-04-25 10:00:00,5.989750405431565,24.426858543681874
2023-04-25 11:00:00,5.911717465111795,13.684421136535935
2023-04-25 12:00:00,4.1748403244852845,-0.7701091410221915
2023-04-25 13:00:00,5.240461644236506,-10.902035071804914
2023-04-25 14:00:00,5.146177761812164,-20.432310389668995
2023-04-25 15:00:00,5.466429501398184,-31.71958937972532
2023-04-25 16:00:00,5.014579532832654,-50.39571774908286
2023-04-25 17:00:00,6.002926102810532,-52.70922667449837
2023-04-25 18:00:00,4.903669543631259,-47.929290327181334
2023-04-25 19:00:00,4.89986511922123,-51.805210666103065
2023-04-25 20:00:00,5.5375923380952665,-38.065599036459204
2023-04-25 21:00:00,4.9422194141527,-28.785154183217067
2023-04-25 22:00:00,5.0038770892614055,-18.51604229945512
2023-04-25 23:00:00,4.473282648046179,-13.573989784184816
2023-04-26 00:00:00,4.598521010550979,2.337865184650441
2023-04-26 01:00:00,4.35593742654417,12.493586087393561
2023-04-26 02:00:00,4.750864832106105,32.576956009613234
2023-04-26 03:00:00,4.550818057096764,35.43628942813648
2023-04-26 04:00:00,4.445454056997301,51.6833415428862
2023-04-26 05:00:00,4.8254355719719655,36.8057501697623
2023-04-26 06:00:00,5.483050072903922,46.81611997269546
2023-04-26 07:00:00,4.4289947694675185,46.58530953321914
2023-04-26 08:00:00,5.180550229107509,54.6867613456608
2023-04-26 09:00:00,5.447974283818046,28.438902733029252
2023-04-26 10:00:00,4.295890323413902,26.111729651546227
2023-04-26 11:00:00,4.429685709299619,15.186545615075435
2023-04-26 12:00:00,5.9093011097335815,5.57830387962992
2023-04-26 13:00:00,5.128862844455863,-16.048883953590515
2023-04-26 14:00:00,5.281592099813951,-33.15173006596736
2023-04-26 15:00:00,4.749806097196613,-30.256781471447844
2023-04-26 16:00:00,4.764031008365668,-37.53675403069459
2023-04-26 17:00:00,3.9751191018628376,-49.14324316576834
2023-04-26 18:00:00,4.7583365664188815,-50.071227526238744
2023-04-26 19:00:00,5.471676058346565,-57.81689793279394
2023-04-26 20:00:00,4.785289717748665,-33.971850008020226
2023-04-26 21:00:00,6.004499142486716,-29.70591943830082
2023-04-26 22:00:00,4.803772835084733,-29.83018945476067
2023-04-26 23:00:00,4.147154677365535,-7.872207071059799
2023-04-27 00:00:00,5.377470428754721,-11.115975830702709
2023-04-27 01:00:00,5.582230874887579,11.633355123005115
2023-04-27 02:00:00,4.599493977082324,23.817194238329737
2023-04-27 03:00:00,5.547422348771476,29.53699302728743
2023-04-27 04:00:00,4.752412519348396,42.7897355456185
2023-04-27 05:00:00,5.703072151632991,48.60142770830315
2023-04-27 06:00:00,5.520386699641561,53.99387901169577
2023-04-27 07:00:00,5.050740661224174,57.52614231181626
2023-04-27 08:00:00,5.492453295012582,45.78912434288529
2023-04-27 09:00:00,5.497638182561094,46.869002973059466
2023-04-27 10:00:00,6.35446868589311,25.954078778916042
2023-04-27 11:00:00,4.9911158604848564,8.971487461010657
2023-04-27 12:00:00,4.164854210571599,-3.5507497944813236
2023-04-27 13:00:00,4.639146476331838,-13.308562690277366
2023-04-27 14:00:00,5.357832437479649,-28.636116564047494
2023-04-27 15:00:00,4.734177405634493,-30.952487619993725
2023-04-27 16:00:00,4.678319677414672,-44.04484357228946
2023-04-27 17:00:00,4.983333736843069,-46.68497937417983
2023-04-27 18:00:00,5.986273173797053,-54.84019606590344
2023-04-27 19:00:00,4.502663557164368,-44.58983368172805
2023-04-27 20:00:00,4.074503535089657,-46.368385449468896
2023-04-27 21:00:00,5.918992135952765,-29.53575025523352
2023-04-27 22:00:00,5.312447498887857,-28.05795420435114
2023-04-27 23:00:00,4.115173018449628,-16.254853801766913
2023-04-28 00:00:00,4.7898320608615945,-4.5472647736343195
2023-04-28 01:00:00,5.287362493116977,6.3796837265325825
2023-04-28 02:00:00,4.910110896944394,31.673481466302547
2023-04-28 03:00:00,4.723923441993776,41.97056801451122
2023-04-28 04:00:00,5.067418403038355,47.41983833527668
2023-04-28 05:00:00,6.091510765870615,46.66535699557674
2023-04-28 06:00:00,4.88845315926027,42.12979899077268
2023-04-28 07:00:00,4.702672793687085,52.691780018889744
2023-04-28 08:00:00,4.942817936115859,38.575524479920034
2023-04-28 09:00:00,4.682141438305017,31.47142552802238
2023-04-28 10:00:00,4.108541175534569,25.089677976373206
2023-04-28 11:00:00,4.962358294775678,16.863409612231496
2023-04-28 12:00:00,4.938267632409377,3.37507205669219
2023-04-28 13:00:00,4.635941574338096,-8.786368117104718
2023-04-28 14:00:00,4.577373582483871,-32.135065031169205
2023-04-28 15:00:00,4.776622486660545,-36.11208644022628
2023-04-28 16:00:00,5.768786090235087,-41.06695012228973
2023-04-28 17:00:00,6.1940535284955045,-56.29312291767902
2023-04-28 18:00:00,5.427644230517037,-50.34064534741935
2023-04-28 19:00:00,4.87650817291663,-48.268509454794575
2023-04-28 20:00:00,4.477878618232804,-49.35197483767415
2023-04-28 21:00:00,4.873359134207959,-33.95484956878014
2023-04-28 22:00:00,5.925564601867412,-21.395739114493544
2023-04-28 23:00:00,5.327079305151817,-14.545024951699492
2023-04-29 00:00:00,5.388972925420029,7.499569494546399
2023-04-29 01:00:00,4.745378964856049,17.061778221822188
2023-04-29 02:00:00,5.180602568529744,22.459209988547073
2023-04-29 03:00:00,5.384151062582164,38.07493813288489
2023-04-29 04:00:00,4.875540340283765,34.16720398154409
2023-04-29 05:00:00,4.2487337618731384,56.552322351978574
2023-04-29 06:00:00,4.901195029797575,52.48529544941056
2023-04-29 07:00:00,4.132947825843126,50.05599555693283
2023-04-29 08:00:00,5.366676455699134,39.50945441804522
2023-04-29 09:00:00,4.7733876233457,29.35348300214693
2023-04-29 10:00:00,5.3429271559633955,29.646104798228855
2023-04-29 11:00:00,5.00890869861356,15.245142024354614
2023-04-29 12:00:00,5.794559763668636,1.6834093875377176
2023-04-29 13:00:00,5.32290234991205,-9.538826573623092
2023-04-29 14:00:00,5.7152491732914426,-27.593969825133787
2023-04-29 15:00:00,5.352842402632662,-36.04317489218579
2023-04-29 16:00:00,4.561518724970095,-42.87830323362265
2023-04-29 17:00:00,4.394485297011711,-52.722053195768524
2023-04-29 18:00:00,5.515757891789132,-47.59689713355597
2023-04-29 19:00:00,5.147719234170253,-49.47153560824142
2023-04-29 20:00:00,4.453867727336249,-44.211458882916034
2023-04-29 21:00:00,4.921459460494913,-34.416505995928105
2023-04-29 22:00:00,4.872608813233619,-24.511401022368073
2023-04-29 23:00:00,5.633414546675971,-12.72489781099869
2023-04-30 00:00:00,4.918265880038391,-9.297717232935845
2023-04-30 01:00:00,5.215933592023443,11.752880594137354
2023-04-30 02:00:00,4.873157045406797,24.990720995842935
2023-04-30 03:00:00,4.666183821977681,30.2085856430646
2023-04-30 04:00:00,5.589380661144602,39.86511372814654
2023-04-30 05:00:00,4.737127569451468,57.30495443791511
2023-04-30 06:00:00,5.412260658610227,52.92229526162497
2023-04-30 07:00:00,5.731972824562485,47.70362100357706
2023-04-30 08:00:00,5.27208782022213,38.98483328509218
2023-04-30 09:00:00,4.721041887791633,34.983704738255895
2023-04-30 10:00:00,4.343808583380209,35.51116447726316
2023-04-30 11:00:00,6.336021108026797,11.222541291580459
2023-04-30 12:00:00,5.5016493917997735,-0.724762377507665
2023-04-30 13:00:00,5.326130004216422,-21.49508675408447
2023-04-30 14:00:00,6.068684555095206,-30.041804789643756
2023-04-30 15:00:00,5.708355616239858,-36.42793013033024
2023-04-30 16:00:00,5.464682220593254,-42.126514346791495
2023-04-30 17:00:00,5.071133184170569,-37.535851317410575
2023-04-30 18:00:00,4.992400297603802,-52.25959282798718
2023-04-30 19:00:00,5.779227826095276,-48.93887654377336
2023-04-30 20:00:00,4.426252764934884,-41.47281952953472
2023-04-30 21:00:00,5.541531613522642,-36.341998395534574
2023-04-30 22:00:00,4.096331529330639,-22.615853740512733
2023-04-30 23:00:00,4.396167583244921,-7.284312096262982
2023-05-01 00:00:00,5.0106009888081235,8.840953536803154
2023-05-01 01:00:00,5.811778975898492,1.1483337907734708
2023-05-01 02:00:00,5.0495567544044775,18.74825212235952
2023-05-01 03:00:00,4.916950169056638,33.610193314010125
2023-05-01 04:00:00,4.6756103309407955,44.74187527439508
2023-05-01 05:00:00,5.6118048358435315,45.566179975669165
2023-05-01 06:00:00,5.216618018057517,48.27994104544721
2023-05-01 07:00:00,5.003381167194205,50.30629266252265
2023-05-01 08:00:00,5.8478178632672915,34.073222233012366
2023-05-01 09:00:00,4.302016731896378,29.75013852816945
2023-05-01 10:00:00,5.7971243122362575,29.650674970548497
2023-05-01 11:00:00,4.316767620984887,9.443610650721574
2023-05-01 12:00:00,4.676020361054386,8.437645100312622
2023-05-01 13:00:00,5.414915685034104,-11.690435917496366
2023-05-01 14:00:00,5.362726680414012,-16.693797930021972
2023-05-01 15:00:00,5.296491460502147,-28.75092293656759
2023-05-01 16:00:00,4.891424571197318,-44.89226784728721
2023-05-01 17:00:00,5.569152122053289,-55.79734467917858
2023-05-01 18:00:00,5.373939072632879,-47.746921883680116
2023-05-01 19:00:00,5.691058675777143,-49.69143355466902
2023-05-01 20:00:00,4.966053814900277,-44.142489050289036
2023-05-01 21:00:00,5.330040896605051,-36.97174214963072
2023-05-01 22:00:00,5.750175097339655,-31.449678918370346
2023-05-01 23:00:00,5.965857218688754,-10.487280612051158
2023-05-02 00:00:00,4.7510338712121225,-3.662451230241684
2023-05-02 01:00:00,4.455057512640179,8.662192553169355
2023-05-02 02:00:00,4.536812387600074,23.7478410522836
2023-05-02 03:00:00,4.412174197584975,40.72989595680001
2023-05-02 04:00:00,6.591533943495836,42.71517733014854
2023-05-02 05:00:00,6.1221190670197565,43.18529773518201
2023-05-02 06:00:00,5.108253776564544,50.584151145677616
2023-05-02 07:00:00,4.586657238688326,54.68816874023756
2023-05-02 08:00:00,4.969055893158918,47.39502568003121
2023-05-02 09:00:00,5.137048822042469,26.396068243102008
2023-05-02 10:00:00,4.191831081337459,26.04779091529567
2023-05-02 11:00:00,5.082867118822274,19.17376208466574
2023-05-02 12:00:00,5.288670299204114,0.6773089155904044
2023-05-02 13:00:00,4.647079986708292,-20.752544924976235
2023-05-02 14:00:00,4.9285781432407125,-32.99580408357329
2023-05-02 15:00:00,5.42012529000707,-39.847520095285084
2023-05-02 16:00:00,5.0930765989505,-50.25136247532993
2023-05-02 17:00:00,4.679671435789522,-54.33265108228963
2023-05-02 18:00:00,5.07879873631092,-57.083398299010454
2023-05-02 19:00:00,5.790547735362228,-49.42810916657537
2023-05-02 20:00:00,5.800985601362986,-45.95596427009703
2023-05-02 21:00:00,4.514222193987508,-36.13069621429843
2023-05-02 22:00:00,5.7507855628369935,-22.162238316920504
2023-05-02 23:00:00,4.926523102188496,-19.317945368624777
2023-05-03 00:00:00,5.231202665355676,8.109628448823806
2023-05-03 01:00:00,5.4404312558868835,17.38021338591017
2023-05-03 02:00:00,4.271666633097029,15.609968834042173
2023-05-03 03:00:00,5.178733663110821,37.002061720485074
2023-05-03 04:00:00,5.661522313608225,40.52850201507856
2023-05-03 05:00:00,5.106934324928513,49.12440258684926
2023-05-03 06:00:00,5.1849082212502555,51.899163950564514
2023-05-03 07:00:00,5.479988234170056,45.59759075506905
2023-05-03 08:00:00,4.882545732598646,41.87471646949089
2023-05-03 09:00:00,5.047221198781142,32.164461603866656
2023-05-03 10:00:00,5.1999781322880985,26.2949723748687
2023-05-03 11:00:00,5.255252758206064,12.032303082406584
2023-05-03 12:00:00,4.753428961970989,1.6303480378279436
2023-05-03 13:00:00,5.559941077403627,-14.423718816683051
2023-05-03 14:00:00,4.675138118824877,-33.50021732880607
2023-05-03 15:00:00,4.677088335014597,-36.07070249398272
2023-05-03 16:00:00,5.0244380665362485,-40.41286208956821
2023-05-03 17:00:00,5.448257233159133,-43.434932829461545
2023-05-03 18:00:00,4.472569862967413,-58.94853908278157
2023-05-03 19:00:00,4.879478971501724,-48.35953782562583
2023-05-03 20:00:00,4.543226500940952,-37.76041882932037
2023-05-03 21:00:00,4.8182714203112464,-38.16379206698309
2023-05-03 22:00:00,4.634656571002086,-18.85056280866025
2023-05-03 23:00:00,5.035301936185328,-23.81006521657342
2023-05-04 00:00:00,4.152880827726578,-4.831978583574748
2023-05-04 01:00:00,5.320489546184058,6.72512554482322
2023-05-04 02:00:00,5.4444681573632625,25.235757753435472
2023-05-04 03:00:00,4.385457866926826,33.418337952273106
2023-05-04 04:00:00,5.0331323601359275,49.04709972268344
2023-05-04 05:00:00,5.5635333177085595,53.01276401631166
2023-05-04 06:00:00,4.309114653061333,47.634130296406504
2023-05-04 07:00:00,5.9270371691282575,51.82113353321183
2023-05-04 08:00:00,5.166996934574731,38.900892116272686
2023-05-04 09:00:00,4.6601396052557185,39.54046130697795
2023-05-04 10:00:00,4.714550351887148,15.638492313487387
2023-05-04 11:00:00,5.096883890118418,26.126123663355706
2023-05-04 12:00:00,4.939045217246688,2.746527111497617
2023-05-04 13:00:00,5.315826077690545,-4.311710704958999
2023-05-04 14:00:00,4.739712003625506,-21.190696345472016
2023-05-04 15:00:00,4.724907034347785,-39.33264897642053
2023-05-04 16:00:00,5.12988107772095,-59.28854641753978
2023-05-04 17:00:00,4.662649114931722,-52.03719486859773
2023-05-04 18:00:00,4.855859197963712,-46.67633429452596
2023-05-04 19:00:00,5.4584723968559405,-56.407148356960846
2023-05-04 20:00:00,4.157578351689542,-33.57423650963739
2023-05-04 21:00:00,5.107734818658903,-36.317824775680826
2023-05-04 22:00:00,5.323962465867121,-13.534941191324249
2023-05-04 23:00:00,5.599330668906219,-15.982241832700371
2023-05-05 00:00:00,5.049483772970165,2.918907258445503
2023-05-05 01:00:00,4.9483413289827345,15.669471234901938
2023-05-05 02:00:00,4.397902545669972,16.94700356635808
2023-05-05 03:00:00,4.7765942206976355,37.37001192883879
2023-05-05 04:00:00,5.498959320581666,46.088200645790934
2023-05-05 05:00:00,4.489904133426926,51.9883142964826
2023-05-05 06:00:00,3.9706758764885217,56.34888327040132
2023-05-05 07:00:00,5.620290524741812,40.43446172181374
2023-05-05 08:00:00,4.868546790900281,45.97492152028274
2023-05-05 09:00:00,5.47160306781727,29.2457598241365
2023-05-05 10:00:00,4.483886966716554,19.888544479761734
2023-05-05 11:00:00,4.985224003519067,7.435690880006796
2023-05-05 12:00:00,4.733954452856459,1.1097574332953046
2023-05-05 13:00:00,5.196571831156771,-9.546253100529084
2023-05-05 14:00:00,5.070023281773952,-26.504069003462483
2023-05-05 15:00:00,5.356411238155978,-35.549036873090095
2023-05-05 16:00:00,4.8879874001355885,-51.174957760980476
2023-05-05 17:00:00,5.526461065760851,-46.6477696802939
2023-05-05 18:00:00,4.643912970111261,-52.48858350250319
2023-05-05 19:00:00,5.453092626738731,-53.67392801875694
2023-05-05 20:00:00,5.622437630851498,-55.96723996239282
2023-05-05 21:00:00,5.135216932974587,-40.52654564682475
2023-05-05 22:00:00,4.565490689810026,-26.316846429038577
2023-05-05 23:00:00,4.039874176172527,-10.185515593306128
2023-05-06 00:00:00,4.877997488554216,-5.165325671852871
2023-05-06 01:00:00,4.4522995338846885,11.207775294551425
2023-05-06 02:00:00,4.733633540186964,32.471672476634716
2023-05-06 03:00:00,6.104600890541645,41.130530229512054
2023-05-06 04:00:00,4.8907379227811925,40.585679759868455
2023-05-06 05:00:00,4.285870262589774,45.82913279647941
2023-05-06 06:00:00,4.698881155166323,59.23986521742598
2023-05-06 07:00:00,5.485005391944004,49.11962390421741
2023-05-06 08:00:00,5.124095070160685,41.59260647643281
2023-05-06 09:00:00,5.347074907693345,34.84496178639313
2023-05-06 10:00:00,5.93417261891698,20.45410812188451
2023-05-06 11:00:00,4.965545507616029,5.806923320975216
2023-05-06 12:00:00,5.751297573716116,-1.6206509339107469
2023-05-06 13:00:00,5.3394871980785705,-6.8636918365412525
2023-05-06 14:00:00,4.704632674892776,-26.06927107380775
2023-05-06 15:00:00,5.7155231342750525,-36.583751360315574
2023-05-06 16:00:00,5.110795415177373,-40.25585453918661
2023-05-06 17:00:00,5.6694599048844925,-47.693856723834585
2023-05-06 18:00:00,4.909728888037575,-57.60403046712525
2023-05-06 19:00:00,4.081763055056157,-46.680965384976446
2023-05-06 20:00:00,3.9044937046537163,-52.52627818057137
2023-05-06 21:00:00,5.265935428224653,-29.213074409156874
2023-05-06 22:00:00,4.7364348912969145,-22.41595306899543
2023-05-06 23:00:00,4.088034086130652,-10.606970586861165
2023-05-07 00:00:00,5.255001255824333,10.524179881857217
2023-05-07 01:00:00,5.403917118895775,7.41251523501302
2023-05-07 02:00:00,5.04643997980876,28.486898152819336
2023-05-07 03:00:00,4.927032320836624,36.309882486658246
2023-05-07 04:00:00,5.3866542151880115,46.08788016768188
2023-05-07 05:00:00,4.913122876516742,46.17617662967981
2023-05-07 06:00:00,4.825342594369902,52.5944456249915
2023-05-07 07:00:00,4.422086542574502,47.82854129427775
2023-05-07 08:00:00,4.325834594338479,48.3244302218879
2023-05-07 09:00:00,5.014379535557326,36.758020463517916
2023-05-07 10:00:00,4.601616076638945,29.767465331785203
2023-05-07 11:00:00,5.846895155338325,9.540487555192534
2023-05-07 12:00:00,5.039163317614766,-2.4064577851785516
2023-05-07 13:00:00,4.459595168306082,-18.56123346216878
2023-05-07 14:00:00,5.128781809983577,-18.613721667829676
2023-05-07 15:00:00,4.937735493509417,-26.34037183372713
2023-05-07 16:00:00,5.2141574065598295,-47.15198631992235
2023-05-07 17:00:00,5.219305972850999,-47.008066463138626
2023-05-07 18:00:00,4.627345160419056,-43.17721305740817
2023-05-07 19:00:00,5.13191147472441,-47.59141271238943
2023-05-07 20:00:00,6.008251874628303,-42.56509325606266
2023-05-07 21:00:00,4.62961512094225,-39.488100923982195
2023-05-07 22:00:00,4.791797238467483,-24.475786901989792
2023-05-07 23:00:00,4.357576002517959,-17.851154010324535
2023-05-08 00:00:00,5.632608341738055,7.497602005500877
2023-05-08 01:00:00,4.965417809789825,1.5445888994984305
2023-05-08 02:00:00,4.233857201953365,18.915419909151815
2023-05-08 03:00:00,4.39275394481486,36.46935735957406
2023-05-08 04:00:00,4.555956510959349,36.634425769999304
2023-05-08 05:00:00,5.628719053978324,38.678860545173364
2023-05-08 06:00:00,5.0704364849719346,63.006737389729295
2023-05-08 07:00:00,4.9011983127694245,51.278005554694296
2023-05-08 08:00:00,4.629510178119042,42.091126359312774
2023-05-08 09:00:00,5.0057844608360025,37.89327044809574
2023-05-08 10:00:00,4.688881944119604,27.109064863087706
2023-05-08 11:00:00,5.669066184248942,9.473924942402155
2023-05-08 12:00:00,5.077911199432512,-1.5202577155708874
2023-05-08 13:00:00,4.485225422040351,-14.292194327908636
2023-05-08 14:00:00,4.64459822036807,-26.963991515440473
2023-05-08 15:00:00,5.83840871109182,-37.58033109446414
2023-05-08 16:00:00,4.8972915503339,-39.30403171235943
2023-05-08 17:00:00,5.772445394084357,-49.28807822231377
2023-05-08 18:00:00,5.110086730338885,-45.33320699240051
2023-05-08 19:00:00,5.21838987542643,-52.1642954313265
2023-05-08 20:00:00,4.7310961678341945,-41.05144775668053
2023-05-08 21:00:00,5.40515959530774,-45.24314148621004
2023-05-08 22:00:00,4.401366471784524,-22.505479337471908
2023-05-08 23:00:00,4.6266609769012055,-8.634359582805534
2023-05-09 00:00:00,5.175261748025978,-5.7753367874822565
2023-05-09 01:00:00,4.85440375610821,14.199132123872129
2023-05-09 02:00:00,5.017915962526988,28.788460828601504
2023-05-09 03:00:00,5.265712282976697,33.92895243114905
2023-05-09 04:00:00,4.981072884818695,47.70284108138901
2023-05-09 05:00:00,5.044154038031759,44.80347476567902
2023-05-09 06:00:00,5.923315211559311,51.43494269389922
2023-05-09 07:00:00,4.002237484948418,48.5971572658948
2023-05-09 08:00:00,4.757385305340231,43.94604981188406
2023-05-09 09:00:00,4.905524383596659,40.864800767030616
2023-05-09 10:00:00,5.471805684240728,25.467411052528256
2023-05-09 11:00:00,5.37973658811119,10.689005121867542
2023-05-09 12:00:00,3.7483009005593004,8.788313262592952
2023-05-09 13:00:00,5.559445164032027,-4.426051360837771
2023-05-09 14:00:00,5.052782646885346,-15.119480270161466
2023-05-09 15:00:00,5.363641996149562,-29.439587121350012
2023-05-09 16:00:00,4.7297797444682725,-39.65967044197971
2023-05-09 17:00:00,5.306472619285295,-41.527318224984
2023-05-09 18:00:00,5.204612440283064,-52.932405011479545
2023-05-09 19:00:00,4.943490138381441,-52.293714205253565
2023-05-09 20:00:00,5.814540349459305,-50.59058877664713
2023-05-09 21:00:00,6.153794875665646,-38.850767539200746
2023-05-09 22:00:00,4.977664180768417,-26.060825320624055
2023-05-09 23:00:00,4.188988137015687,-20.57309959378401
2023-05-10 00:00:00,5.2626267167272704,0.13386625747011666
2023-05-10 01:00:00,4.625402379251796,8.043004177232874
2023-05-10 02:00:00,5.165156656957163,14.413170002341026
2023-05-10 03:00:00,5.22495251752143,22.561141993161833
2023-05-10 04:00:00,5.084445128602075,37.34489420900243
2023-05-10 05:00:00,4.485626154571055,45.37271057716558
2023-05-10 06:00:00,4.280698078266938,55.973560408033265
2023-05-10 07:00:00,4.450601814250616,42.673037197847414
2023-05-10 08:00:00,4.951323950456655,54.519340034741575
2023-05-10 09:00:00,5.719218456211335,38.80959519151397
2023-05-10 10:00:00,4.850390499757113,24.715525693421704
2023-05-10 11:00:00,5.5519640800351695,8.856752105118908
2023-05-10 12:00:00,4.032222062570415,-1.9283033186176415
2023-05-10 13:00:00,5.238893515964164,-17.743873791833447
2023-05-10 14:00:00,5.816008365675871,-26.55911106057469
2023-05-10 15:00:00,4.5554361665438545,-38.09183210242965
2023-05-10 16:00:00,4.914176656978098,-40.004540259072236
2023-05-10 17:00:00,5.071446379519696,-55.05370563374161
2023-05-10 18:00:00,5.3596205508406785,-48.61123868689564
2023-05-10 19:00:00,4.437623847923547,-49.076029915252214
2023-05-10 20:00:00,4.386080331954715,-45.24885621317303
2023-05-10 21:00:00,5.343571837795172,-46.94820485293462
2023-05-10 22:00:00,5.264017916895694,-27.62081834987695
2023-05-10 23:00:00,4.518638286619867,-13.222578382530472
2023-05-11 00:00:00,5.313452373484637,1.9994519227334968
2023-05-11 01:00:00,4.934866102378304,15.308969947276985
2023-05-11 02:00:00,4.551472755397242,29.32555895957895
2023-05-11 03:00:00,4.58726025023,34.85355688922665
2023-05-11 04:00:00,4.8500566554636855,42.97601214523769
2023-05-11 05:00:00,6.422829712307527,47.18886311819465
2023-05-11 06:00:00,5.108218399434972,52.773067193187316
2023-05-11 07:00:00,4.591143104445896,48.135282273939985
2023-05-11 08:00:00,4.603595770139385,47.19607907897449
2023-05-11 09:00:00,5.313306981062802,40.06727486592362
2023-05-11 10:00:00,4.964114036607424,29.159305956554668
2023-05-11 11:00:00,4.97961555267471,10.807980518792196
2023-05-11 12:00:00,4.777191089793978,-9.31258182940829
2023-05-11 13:00:00,4.399700402763562,-12.187115492613916
2023-05-11 14:00:00,5.046552244384111,-23.937117469243294
2023-05-11 15:00:00,6.038371764750365,-45.21486097462112
2023-05-11 16:00:00,4.942678286443747,-36.06718042143608
2023-05-11 17:00:00,4.953335584788552,-45.99566121763616
2023-05-11 18:00:00,5.304118508865192,-42.76552258394899
2023-05-11 19:00:00,4.996760725471918,-47.56951201847956
2023-05-11 20:00:00,4.561352303187289,-42.03134467413498
2023-05-11 21:00:00,4.7637173539092545,-33.462799695407405
2023-05-11 22:00:00,4.729059429997132,-27.331115401245953
2023-05-11 23:00:00,5.4156507517172505,-18.787095580433068
2023-05-12 00:00:00,4.691097329070209,-6.403307863254966
2023-05-12 01:00:00,4.419383895151384,24.33273451567667
2023-05-12 02:00:00,5.571534450321499,24.013454221776506
2023-05-12 03:00:00,5.432146825891318,29.43490400783619
2023-05-12 04:00:00,5.150280681057408,52.214272054418544
2023-05-12 05:00:00,4.652833943413366,54.81258732157926
2023-05-12 06:00:00,3.7545575660664907,55.60249744619791
2023-05-12 07:00:00,6.113141600718603,37.90680230028441
2023-05-12 08:00:00,6.159926287973666,49.893459025259
2023-05-12 09:00:00,5.073072259229839,28.00297723505982
2023-05-12 10:00:00,5.082292779017486,24.263524074203556
2023-05-12 11:00:00,4.6077670356015,12.027552502610137
2023-05-12 12:00:00,3.8508200439112423,2.665083758934055
2023-05-12 13:00:00,4.876477318962252,-12.100330495691317
2023-05-12 14:00:00,3.963043337081624,-27.663773351768015
2023-05-12 15:00:00,5.393185661339998,-26.791220677386107
2023-05-12 16:00:00,5.171685461039725,-34.7553885875689
2023-05-12 17:00:00,4.583645950787646,-46.51755591957068
2023-05-12 18:00:00,5.404907461853782,-50.65266403689216
2023-05-12 19:00:00,5.582662612127076,-40.728185435503086
2023-05-12 20:00:00,5.007132601929524,-38.01879216993641
2023-05-12 21:00:00,4.883935366324258,-41.70971987133986
2023-05-12 22:00:00,4.9646729441551445,-13.862959908799548
2023-05-12 23:00:00,5.894276870425639,-17.744995157255936
2023-05-13 00:00:00,5.038507656710149,-2.2639954819662256
2023-05-13 01:00:00,5.28957214744061,5.519148791884608
2023-05-13 02:00:00,5.971569397779856,22.394321060755615
2023-05-13 03:00:00,4.513747255878121,41.24832784603865
2023-05-13 04:00:00,3.533282637797239,43.45371721270451
2023-05-13 05:00:00,5.047854834043783,49.37961048923488
2023-05-13 06:00:00,5.345420978614312,45.95178308508527
2023-05-13 07:00:00,4.57353707412438,51.81684629027783
2023-05-13 08:00:00,5.255301191794681,33.70305781377216
2023-05-13 09:00:00,5.653474169676111,33.69156045886099
2023-05-13 10:00:00,4.121615886920887,24.2692927745342
2023-05-13 11:00:00,4.4924447199937445,11.295672984473558
2023-05-13 12:00:00,5.188078367996503,1.2747526119208246
2023-05-13 13:00:00,4.513040792005037,-20.53386018165018
2023-05-13 14:00:00,4.764006092933843,-20.514211556822705
2023-05-13 15:00:00,5.1710318567438245,-40.74646903951344
2023-05-13 16:00:00,4.405308608689931,-33.73452428789473
2023-05-13 17:00:00,4.057608019350255,-46.4262754693062
2023-05-13 18:00:00,4.7504008717327,-46.90892576468782
2023-05-13 19:00:00,5.130980385828753,-51.66171752577216
2023-05-13 20:00:00,5.3786961522097405,-45.71031223550755
2023-05-13 21:00:00,4.360421761937034,-28.72365391177017
2023-05-13 22:00:00,4.551853901873343,-32.10622360995297
2023-05-13 23:00:00,5.375152741736813,-12.977791528696917
2023-05-14 00:00:00,4.399364858787372,0.07949050032569102
2023-05-14 01:00:00,4.516381063700379,15.218683734537116
2023-05-14 02:00:00,5.718401384399606,26.17647921759042
2023-05-14 03:00:00,4.782884047443219,37.670017342234814
2023-05-14 04:00:00,4.4242028204570785,40.49524817840957
2023-05-14 05:00:00,5.071384908645109,61.021327179001204
2023-05-14 06:00:00,5.3015232338544465,50.05667121943954
2023-05-14 07:00:00,5.231295774402335,53.50077358076402
2023-05-14 08:00:00,4.946646684512237,48.52626754292386
2023-05-14 09:00:00,4.600442383737851,22.15873668827595
2023-05-14 10:00:00,5.816499338028191,17.17738470088851
2023-05-14 11:00:00,5.516604511104599,8.842991126196967
2023-05-14 12:00:00,4.677404391582603,-2.5364231558891888
2023-05-14 13:00:00,4.992885266700234,-11.57539668343529
2023-05-14 14:00:00,4.587689234530231,-23.526083028817272
2023-05-14 15:00:00,5.091996032356486,-39.30631740754055
2023-05-14 16:00:00,5.070877438276597,-53.46120988592533
2023-05-14 17:00:00,5.167124383252027,-40.181327714038474
2023-05-14 18:00:00,5.718826779764003,-45.589423657659054
2023-05-14 19:00:00,5.36123984162346,-44.984142539748625
2023-05-14 20:00:00,4.607084475412346,-40.867437278142674
2023-05-14 21:00:00,4.45423691448821,-32.20615737199913
2023-05-14 22:00:00,5.138367791128692,-32.52702571097499
2023-05-14 23:00:00,5.353618228052637,-20.75093876897085
2023-05-15 00:00:00,6.0979280670644025,3.152386043569038
2023-05-15 01:00:00,4.329004196842406,2.0994533960158233
2023-05-15 02:00:00,5.436239146403454,27.133258441689453
2023-05-15 03:00:00,4.749850130297803,39.2556217101178
2023-05-15 04:00:00,5.878687998349868,52.05996443068462
2023-05-15 05:00:00,4.815357111740831,46.73377077253654
2023-05-15 06:00:00,5.588924490722644,44.54911563302211
2023-05-15 07:00:00,6.256778049932952,53.55484455256336
2023-05-15 08:00:00,5.2445831171673385,42.09347874578951
2023-05-15 09:00:00,4.624676147381235,26.84688903307674
2023-05-15 10:00:00,4.700520162847874,9.453816326586868
2023-05-15 11:00:00,4.524047195849464,15.846028232740657
2023-05-15 12:00:00,4.670065031185016,3.9657589843632124
2023-05-15 13:00:00,4.64389762185007,-12.991188256222948
2023-05-15 14:00:00,6.207450990739812,-25.22664269174486
2023-05-15 15:00:00,4.611874741477873,-35.263183651259254
2023-05-15 16:00:00,5.073620322972529,-44.212518511823376
2023-05-15 17:00:00,5.217181343583698,-56.2773679853176
2023-05-15 18:00:00,5.1999385309127755,-51.80915121257523
2023-05-15 19:00:00,5.910735193619982,-48.91723265437502
2023-05-15 20:00:00,4.274831019370383,-38.300702834755555
2023-05-15 21:00:00,4.35832840277581,-39.218128680868105
2023-05-15 22:00:00,4.5389616909068735,-27.16183261542264
2023-05-15 23:00:00,5.71700017137745,-10.576466087868962
2023-05-16 00:00:00,5.270418389894536,-3.35498068813319
2023-05-16 01:00:00,5.983015627899582,9.486761498787946
2023-05-16 02:00:00,4.04388949911816,17.512262116952122
2023-05-16 03:00:00,5.303659400918748,42.0190568495912
2023-05-16 04:00:00,5.2316196740650875,45.71793444468173
2023-05-16 05:00:00,4.183015163946876,52.44628981358799
2023-05-16 06:00:00,5.224618484531848,47.33529501969136
2023-05-16 07:00:00,5.246281149344832,57.455967465992714
2023-05-16 08:00:00,4.677371566340871,44.87708488509793
2023-05-16 09:00:00,5.263341717135951,38.588875520926734
2023-05-16 10:00:00,4.45487312336932,26.5865876549252
2023-05-16 11:00:00,5.366617862419064,13.810241400293716
2023-05-16 12:00:00,5.593847242821538,0.745722269461056
2023-05-16 13:00:00,4.581962688931448,-16.82992575940503
2023-05-16 14:00:00,5.463078160381383,-23.21705717556335
2023-05-16 15:00:00,4.2699309661459335,-33.71028415902328
2023-05-16 16:00:00,5.059156841511354,-45.055048818868585
2023-05-16 17:00:00,5.0224055553578015,-49.928994568385775
2023-05-16 18:00:00,4.8226313422076785,-49.557769612749176
2023-05-16 19:00:00,4.81232843525664,-53.17164476791058
2023-05-16 20:00:00,5.823076164809969,-42.49552610296016
2023-05-16 21:00:00,3.711032872028047,-30.36695448483694
2023-05-16 22:00:00,5.777347570682073,-31.373015871843
2023-05-16 23:00:00,4.346803586258632,-7.214231074702562
2023-05-17 00:00:00,5.853641335179507,-3.742276483676905
2023-05-17 01:00:00,5.505514421286627,12.66167397659066
2023-05-17 02:00:00,5.199010784099363,29.454327488517816
2023-05-17 03:00:00,5.607833507788942,33.97475561868059
2023-05-17 04:00:00,4.762163693688236,46.04860427567245
2023-05-17 05:00:00,5.27269301068636,43.7341749016166
2023-05-17 06:00:00,4.9352860222299855,52.42334080727855
2023-05-17 07:00:00,5.160946560370421,51.97194695240591
2023-05-17 08:00:00,5.428673928708052,40.46674933489262
2023-05-17 09:00:00,5.30086717983347,36.01426469656982
2023-05-17 10:00:00,4.805520744892858,26.296757205314268
2023-05-17 11:00:00,5.050331406273797,11.713769490662324
2023-05-17 12:00:00,4.937717281905066,-2.967262833813135
2023-05-17 13:00:00,4.678398687879767,-14.48082631599836
2023-05-17 14:00:00,5.522102493531828,-25.563812446404025
2023-05-17 15:00:00,5.655414280969204,-35.2004110979548
2023-05-17 16:00:00,6.1832556850123535,-41.82772642190304
2023-05-17 17:00:00,4.636940587800398,-47.60421805689664
2023-05-17 18:00:00,5.541058329378433,-51.76906998964402
2023-05-17 19:00:00,5.190946102565536,-50.27667692650796
2023-05-17 20:00:00,4.866347395301992,-40.31286776232991
2023-05-17 21:00:00,5.438763938217008,-34.170236355559815
2023-05-17 22:00:00,5.031008204577394,-24.080065460345633
2023-05-17 23:00:00,4.9571219089210565,-14.19192266210021
2023-05-18 00:00:00,4.974040827313239,-5.268874238179183
2023-05-18 01:00:00,4.648336917656328,12.065637260955079
2023-05-18 02:00:00,5.634325640526938,25.553172269242516
2023-05-18 03:00:00,5.0802629919968645,31.73621403202947
2023-05-18 04:00:00,5.394615068944805,57.94635102991833
2023-05-18 05:00:00,5.804509420487534,53.190081752290254
2023-05-18 06:00:00,4.5533560795078385,49.81889120433488
2023-05-18 07:00:00,6.251056068128072,50.942207639583195
2023-05-18 08:00:00,5.049408238727525,43.79358289545678
2023-05-18 09:00:00,5.2211716291245605,34.56843596230149
2023-05-18 10:00:00,5.395428468213893,33.572838749006706
2023-05-18 11:00:00,4.552489316206307,14.114146347883574
2023-05-18 12:00:00,4.598403577346768,-5.008409475349912
2023-05-18 13:00:00,4.872989827782197,-11.69399096388629
2023-05-18 14:00:00,5.0620316937364045,-24.470532595672797
2023-05-18 15:00:00,4.5967881619319915,-35.70343044747007
2023-05-18 16:00:00,4.311327796233713,-41.39802026634203
2023-05-18 17:00:00,5.577528871635121,-49.517596776139925
2023-05-18 18:00:00,4.45292004814076,-59.39916850043425
2023-05-18 19:00:00,5.457378205090696,-45.55262459649109
2023-05-18 20:00:00,4.40475484369382,-45.76959526117925
2023-05-18 21:00:00,4.660453761514111,-36.188343532344156
2023-05-18 22:00:00,4.911899031686963,-25.897379512981257
2023-05-18 23:00:00,6.142141952157207,-10.012819197749145
2023-05-19 00:00:00,5.095390814855582,3.2007561081771376
2023-05-19 01:00:00,5.1336846046489475,9.843338711865833
2023-05-19 02:00:00,4.930503437043158,28.092733941281335
2023-05-19 03:00:00,4.556545018293364,31.64427902339302
2023-05-19 04:00:00,5.340962998067712,51.069759619123694
2023-05-19 05:00:00,5.014670530654523,42.67266008957346
2023-05-19 06:00:00,5.703182593154097,52.912289925572985
2023-05-19 07:00:00,4.425003547299197,49.150540088853674
2023-05-19 08:00:00,5.671007786439908,47.13579033401648
2023-05-19 09:00:00,5.116156294179005,33.489673718340974
2023-05-19 10:00:00,4.606262593868069,32.724084146643676
2023-05-19 11:00:00,5.153089345680005,11.23977918014094
2023-05-19 12:00:00,4.592432060156292,5.219666226362818
2023-05-19 13:00:00,5.597792042546594,-23.900357483858087
2023-05-19 14:00:00,4.942741363373287,-25.814976742462036
2023-05-19 15:00:00,4.599378672735806,-29.010246696985657
2023-05-19 16:00:00,4.72259556396248,-42.11176824558802
2023-05-19 17:00:00,4.605574809063846,-34.666842558085236
2023-05-19 18:00:00,5.768730566300842,-39.78203940253751
2023-05-19 19:00:00,4.435829623327554,-55.19983255844798
2023-05-19 20:00:00,4.965943674401965,-27.697719451773835
2023-05-19 21:00:00,5.128629536380206,-31.02859803693702
2023-05-19 22:00:00,4.779701083766528,-22.436283923146306
2023-05-19 23:00:00,4.325657690862887,-20.506107277468107
2023-05-20 00:00:00,6.046630852599247,5.135537541490432
2023-05-20 01:00:00,4.837363964308881,18.634903503016556
2023-05-20 02:00:00,4.3438361711144875,22.914750939454194
2023-05-20 03:00:00,4.611085377673915,42.96287460150419
2023-05-20 04:00:00,5.060130785324123,36.71894858318111
2023-05-20 05:00:00,4.912973981388129,48.51421037238013
2023-05-20 06:00:00,4.298713088882917,57.2961672026245
2023-05-20 07:00:00,5.15234798276412,44.97057304999391
2023-05-20 08:00:00,4.414755881272015,41.52686603831481
2023-05-20 09:00:00,5.3870978635238504,32.49307843901293
2023-05-20 10:00:00,5.194477670965383,23.248519106482156
2023-05-20 11:00:00,4.849586992622935,12.460432449659404
2023-05-20 12:00:00,6.629352341485031,-1.766711523376077
2023-05-20 13:00:00,4.718410513200081,-0.15766235490270653
2023-05-20 14:00:00,4.939878656514549,-27.904459968124947
2023-05-20 15:00:00,5.782126936869371,-36.46486956446796
2023-05-20 16:00:00,5.398213868849988,-47.76804778386221
2023-05-20 17:00:00,4.55103531185844,-54.872891002343636
2023-05-20 18:00:00,5.193349994457942,-47.599200289780356
2023-05-20 19:00:00,5.502443934517089,-40.54053168427961
2023-05-20 20:00:00,3.6806804381580536,-33.3661987744692
2023-05-20 21:00:00,4.8031017436449535,-31.682183887003646
2023-05-20 22:00:00,5.911775110848088,-24.90822684139913
2023-05-20 23:00:00,4.657734972920943,-5.914852860018082
2023-05-21 00:00:00,5.742257517674882,-0.4387940962588785
2023-05-21 01:00:00,4.623092928478345,19.535316863647555
2023-05-21 02:00:00,5.108337476992142,21.859683772764875
2023-05-21 03:00:00,5.040902998400332,43.693853655270644
2023-05-21 04:00:00,4.6354968087009745,42.66409883695153
2023-05-21 05:00:00,4.123310389972654,55.04741560994402
2023-05-21 06:00:00,5.413487548718318,58.90583269489913
2023-05-21 07:00:00,4.7051386331058085,49.41771280901387
2023-05-21 08:00:00,6.016040551276312,43.53850584968422
2023-05-21 09:00:00,4.854118728284736,42.234829717496616
2023-05-21 10:00:00,4.930721332221797,28.790251984036892
2023-05-21 11:00:00,5.23587650641859,19.586101166676634
2023-05-21 12:00:00,4.621344330259481,4.164568478122848
2023-05-21 13:00:00,4.984366425250062,-11.073813748438857
2023-05-21 14:00:00,4.178158002355431,-20.79355624509994
2023-05-21 15:00:00,5.44539982553544,-34.359938966809956
2023-05-21 16:00:00,4.223703727728633,-48.590370135609525
2023-05-21 17:00:00,5.435967449914705,-46.053704369334696
2023-05-21 18:00:00,4.835992685550912,-52.31104950296373
2023-05-21 19:00:00,4.66833225996234,-52.27078749232575
2023-05-21 20:00:00,4.77458628332712,-44.65090374412773
2023-05-21 21:00:00,5.227645805741609,-41.182031457723724
2023-05-21 22:00:00,5.210895667347649,-40.50711336440868
2023-05-21 23:00:00,4.788824049138006,-9.389202275200802
2023-05-22 00:00:00,4.584900379028694,-2.8455338680679825
2023-05-22 01:00:00,4.402065507662199,14.364460302143103
2023-05-22 02:00:00,3.828293725072095,24.212780815358943
2023-05-22 03:00:00,5.620033822870706,40.447961804732245
2023-05-22 04:00:00,5.151124316244215,40.962546191592175
2023-05-22 05:00:00,5.625641004311865,41.992150096277726
2023-05-22 06:00:00,5.498469527792468,54.25806525413557
2023-05-22 07:00:00,5.513933933395656,36.41610209427819
2023-05-22 08:00:00,4.7604818368244395,44.40943194798187
2023-05-22 09:00:00,5.077050231055784,36.404043634866824
2023-05-22 10:00:00,4.506126661233343,28.235852507678825
2023-05-22 11:00:00,5.285240388755536,24.984302092473452
2023-05-22 12:00:00,5.085953590017483,-1.900881466054723
2023-05-22 13:00:00,5.244501789730356,-10.59168667969661
2023-05-22 14:00:00,4.947843303463379,-21.77930771118744
2023-05-22 15:00:00,5.572472648295555,-34.89061812249717
2023-05-22 16:00:00,4.744678203162361,-47.42480383905529
2023-05-22 17:00:00,4.5252130642129345,-56.01704065685955
2023-05-22 18:00:00,5.757052200388224,-53.45846978426201
2023-05-22 19:00:00,5.273438331388438,-55.20919543696588
2023-05-22 20:00:00,4.82845800703413,-49.62640458432831
2023-05-22 21:00:00,4.1863845020383685,-35.08157717232731
2023-05-22 22:00:00,4.786409375025561,-31.54408062024217
2023-05-22 23:00:00,3.9090447603510774,-9.884101996308814
2023-05-23 00:00:00,4.534255066543187,-5.620777515985558
2023-05-23 01:00:00,4.769044348445579,17.074742535609573
2023-05-23 02:00:00,5.324478290951222,20.189035067303642
2023-05-23 03:00:00,4.990041908705494,38.806677190361256
2023-05-23 04:00:00,4.5669216726714215,44.292470165270906
2023-05-23 05:00:00,5.596227523687232,51.14879729834013
2023-05-23 06:00:00,4.458755628761348,47.92942295330054
2023-05-23 07:00:00,4.000083658588918,45.85929981219978
2023-05-23 08:00:00,5.438266304656971,52.02725340881319
2023-05-23 09:00:00,4.772998071821194,30.33289044102647
2023-05-23 10:00:00,5.366847770393779,20.99810523710778
2023-05-23 11:00:00,4.614761575704582,3.149115458847797
2023-05-23 12:00:00,4.621103901764535,-3.6401882842715683
2023-05-23 13:00:00,4.392885205946303,-20.328868177390532
2023-05-23 14:00:00,5.0946101915150495,-16.683691669642293
2023-05-23 15:00:00,5.342420026131584,-31.90817764234193
2023-05-23 16:00:00,5.483559404641817,-46.42560373623318
2023-05-23 17:00:00,5.737188135335511,-44.27389560011453
2023-05-23 18:00:00,5.260364243817917,-63.986919635739426
2023-05-23 19:00:00,4.4942358145293815,-53.81070033050719
2023-05-23 20:00:00,5.640825044187757,-39.66324805398994
2023-05-23 21:00:00,5.076382360324802,-41.14734927064787
2023-05-23 22:00:00,5.441667960823793,-28.2476895367138
2023-05-23 23:00:00,4.795692968378367,-8.236205587142333
2023-05-24 00:00:00,5.070533088810287,1.94080645065791
2023-05-24 01:00:00,5.068455539630472,6.763009461049494
2023-05-24 02:00:00,4.451415403536988,23.172796105399417
2023-05-24 03:00:00,4.104860311088821,32.232095589682245
2023-05-24 04:00:00,4.790439505680895,39.836874696062985
2023-05-24 05:00:00,5.730788075783143,45.31147727769458
2023-05-24 06:00:00,4.860869618283145,56.13267054201525
2023-05-24 07:00:00,4.997106439391346,44.296843835011245
2023-05-24 08:00:00,4.9688595321843385,49.20409034856486
2023-05-24 09:00:00,5.495629653996142,39.66623254011099
2023-05-24 10:00:00,4.407006239330396,29.814408102845718
2023-05-24 11:00:00,5.406814308173221,15.571790346290523
2023-05-24 12:00:00,4.907523813961238,2.6585319909696716
2023-05-24 13:00:00,4.988757208170634,-11.885810286922563
2023-05-24 14:00:00,5.217013009784636,-27.601953760814457
2023-05-24 15:00:00,4.9668923473631,-27.451504070879352
2023-05-24 16:00:00,5.14427407495743,-45.35933972467747
2023-05-24 17:00:00,4.6892715790192625,-48.830976114135254
2023-05-24 18:00:00,5.59207138666628,-46.65462672817795
2023-05-24 19:00:00,5.055871485501986,-45.96406832973476
2023-05-24 20:00:00,5.499460225937848,-49.68520927891255
2023-05-24 21:00:00,5.271682645254568,-36.235651001096976
2023-05-24 22:00:00,5.459672043904355,-25.98210665094255
2023-05-24 23:00:00,5.460770098881025,-6.413281195302831
2023-05-25 00:00:00,5.129281100279862,2.369159465135031
2023-05-25 01:00:00,5.462739630348781,21.764986271644283
2023-05-25 02:00:00,5.2145376795604985,24.56446689550656
2023-05-25 03:00:00,6.0083530556818605,35.09375049976314
2023-05-25 04:00:00,5.076501533593845,42.89133333939182
2023-05-25 05:00:00,5.197399758744096,50.56800275495227
2023-05-25 06:00:00,5.382250218385017,63.71453767586102
2023-05-25 07:00:00,4.758369435251491,48.82175941357964
2023-05-25 08:00:00,5.439729832138678,38.858485935612435
2023-05-25 09:00:00,4.802170552670088,36.99357632967919
2023-05-25 10:00:00,4.782354004979642,21.648601275161152
2023-05-25 11:00:00,4.769225099832305,10.196899675221976
2023-05-25 12:00:00,3.8735633697173704,0.9635219298580022
2023-05-25 13:00:00,5.2119702037577005,-3.8365816644257986
2023-05-25 14:00:00,5.021659391136942,-26.440730028883273
2023-05-25 15:00:00,5.0456527417742265,-33.8475761621374
2023-05-25 16:00:00,5.256097097457092,-43.4021862061989
2023-05-25 17:00:00,4.994175803037411,-44.94286502617054
2023-05-25 18:00:00,5.356556011349493,-61.42422140863684
2023-05-25 19:00:00,4.695677811503502,-49.70853476950613
2023-05-25 20:00:00,4.427567492789466,-43.93858766130392
2023-05-25 21:00:00,4.889080210051304,-34.10218437932293
2023-05-25 22:00:00,5.09187760613382,-21.151595799256956
2023-05-25 23:00:00,5.160164418554576,-6.088814797358044
2023-05-26 00:00:00,5.148672777666741,0.5096451869879275
2023-05-26 01:00:00,6.18566155184358,20.62415494278079
2023-05-26 02:00:00,3.938245102298141,29.03516711183444
2023-05-26 03:00:00,5.1564421322622795,41.06516675662992
2023-05-26 04:00:00,4.805097469429223,45.43421674768543
2023-05-26 05:00:00,5.334461340150728,49.992416094398045
2023-05-26 06:00:00,5.230760848438411,56.90911880175797
2023-05-26 07:00:00,4.882503106194022,50.513228346955394
2023-05-26 08:00:00,4.4581631522753735,45.94226803204658
2023-05-26 09:00:00,4.754825277590168,30.78522625726543
2023-05-26 10:00:00,4.851645029275977,25.03856999924245
2023-05-26 11:00:00,4.418327212161587,11.320721425470067
2023-05-26 12:00:00,5.491431277085864,4.774175467644552
2023-05-26 13:00:00,5.676294887025843,-10.225202761315582
2023-05-26 14:00:00,4.63604416261751,-21.815434809310414
2023-05-26 15:00:00,4.0995447185624165,-36.48144651754953
2023-05-26 16:00:00,4.715208633991172,-45.3534479561769
2023-05-26 17:00:00,4.248154841790778,-46.76583180696841
2023-05-26 18:00:00,5.303479171692208,-43.92705996998489
2023-05-26 19:00:00,4.641583024739763,-52.834228966646435
2023-05-26 20:00:00,4.20375496771754,-45.65676325227226
2023-05-26 21:00:00,4.390314857073822,-25.485408812524124
2023-05-26 22:00:00,4.301373532251601,-30.163378687441845
2023-05-26 23:00:00,5.367445926954272,-7.204759454689458
2023-05-27 00:00:00,4.603573151027,-8.354403482878205
2023-05-27 01:00:00,4.916793617699747,9.957061201636467
2023-05-27 02:00:00,5.035354599053336,29.067262536023836
2023-05-27 03:00:00,4.435136132379799,32.82596785973326
2023-05-27 04:00:00,4.228770708755046,41.50730844911748
2023-05-27 05:00:00,4.875476345119935,39.81747071376935
2023-05-27 06:00:00,5.604733430496685,45.404113976968915
2023-05-27 07:00:00,4.726662639905442,40.56534984222972
2023-05-27 08:00:00,5.959652260188486,36.870441901749864
2023-05-27 09:00:00,4.813618128211203,38.985500767438545
2023-05-27 10:00:00,4.46947536820835,18.518929298423743
2023-05-27 11:00:00,4.70433536403932,14.380629245839739
2023-05-27 12:00:00,3.9239169219448797,-0.5759961710967405
2023-05-27 13:00:00,5.224331162006837,-18.398366914946696
2023-05-27 14:00:00,4.843205579266365,-30.905129217260836
2023-05-27 15:00:00,4.608629746783352,-32.439504962240854
2023-05-27 16:00:00,5.78148156648351,-40.007036443647365
2023-05-27 17:00:00,4.711488100034167,-42.34438324395874
2023-05-27 18:00:00,5.394067412158194,-50.84443395781764
2023-05-27 19:00:00,4.9268804346605695,-50.651698808045325
2023-05-27 20:00:00,5.438537994447887,-52.457241934395775
2023-05-27 21:00:00,5.1562784042238246,-35.42210433591327
2023-05-27 22:00:00,5.257926529158585,-31.9743880921422
2023-05-27 23:00:00,4.757899453926056,-15.809783307387852
2023-05-28 00:00:00,5.107375469523071,-1.681679169379422
2023-05-28 01:00:00,4.806093036892081,7.804744886033942
2023-05-28 02:00:00,4.38100702340353,31.903530313596605
2023-05-28 03:00:00,4.483598287561751,47.77472885104756
2023-05-28 04:00:00,4.731595273031748,50.6044627882536
2023-05-28 05:00:00,5.100078374385403,55.39798036146931
2023-05-28 06:00:00,5.280147813081797,52.37693360080097
2023-05-28 07:00:00,5.49302437101796,53.07879300481095
2023-05-28 08:00:00,5.792886097744609,47.31486005418545
2023-05-28 09:00:00,4.668159533786438,33.295219269022894
2023-05-28 10:00:00,5.692178423220611,31.12917586380679
2023-05-28 11:00:00,4.413038675564549,10.105552542593468
2023-05-28 12:00:00,5.02678383500837,5.898256517379967
2023-05-28 13:00:00,4.405465254052895,-8.60655066952598
2023-05-28 14:00:00,4.641548480596999,-25.903303441342132
2023-05-28 15:00:00,4.288030215696182,-41.10035527142497
2023-05-28 16:00:00,5.007820663230988,-39.2770709845456
2023-05-28 17:00:00,4.565867327241876,-52.93075064503212
2023-05-28 18:00:00,4.694424053354882,-47.785662187067956
2023-05-28 19:00:00,4.684562831883864,-46.57747196937111
2023-05-28 20:00:00,4.723895207673534,-42.6090194503505
2023-05-28 21:00:00,5.334129468578419,-34.053764050872985
2023-05-28 22:00:00,5.588222217700701,-26.285650465235953
2023-05-28 23:00:00,4.381895635838926,-17.29929580936104
2023-05-29 00:00:00,4.997493098540893,2.735560766719698
2023-05-29 01:00:00,5.147061010579838,22.94477395404916
2023-05-29 02:00:00,5.006337445608485,30.059857388597564
2023-05-29 03:00:00,6.06078745956849,38.82085397955073
2023-05-29 04:00:00,4.887561859370519,41.01314340978431
2023-05-29 05:00:00,4.353478469098821,62.27237236268019
2023-05-29 06:00:00,4.702946044454176,52.769183192406864
2023-05-29 07:00:00,5.088078161038063,49.89162744856312
2023-05-29 08:00:00,5.2069133012269955,47.284097960097654
2023-05-29 09:00:00,4.783117912397864,30.37805758611061
2023-05-29 10:00:00,5.080006219798601,26.197401431806643
2023-05-29 11:00:00,5.726971174036547,17.207398273806934
2023-05-29 12:00:00,5.9595303823279675,0.4294861142307377
2023-05-29 13:00:00,5.655015322648422,-20.61425914555734
2023-05-29 14:00:00,5.534614783558988,-21.20490642079131
2023-05-29 15:00:00,5.363918812319784,-36.59260005653052
2023-05-29 16:00:00,4.92035452384965,-37.10396722946497
2023-05-29 17:00:00,4.95028044045846,-48.461386935141874
2023-05-29 18:00:00,5.457339940138774,-54.1388597810419
2023-05-29 19:00:00,5.447205383652233,-47.32676760822155
2023-05-29 20:00:00,5.257008663147359,-42.69543568508368
2023-05-29 21:00:00,5.527458338205045,-30.565595786794006
2023-05-29 22:00:00,4.0749233799153,-22.67352538475344
2023-05-29 23:00:00,5.1780544370181465,-16.567591738642726
2023-05-30 00:00:00,4.361147830549969,2.8494586760262
2023-05-30 01:00:00,4.872021562018378,17.52536648236723
2023-05-30 02:00:00,4.984660232488885,21.06557785091347
2023-05-30 03:00:00,4.826644967125236,36.34733528728426
2023-05-30 04:00:00,4.596772758036264,37.96111663185306
2023-05-30 05:00:00,5.420510306062418,55.55552611322125
2023-05-30 06:00:00,5.283908621598477,55.05966678034585
2023-05-30 07:00:00,5.614234747130141,46.13349333705595
2023-05-30 08:00:00,4.842155256742075,40.79249013983976
2023-05-30 09:00:00,4.940429536930438,35.14336860468773
2023-05-30 10:00:00,6.3099470414659065,24.757530667836253
2023-05-30 11:00:00,4.828025577902984,11.909824458497367
2023-05-30 12:00:00,4.22366534226457,-0.20972399731290106
2023-05-30 13:00:00,5.433194563826943,-18.251151308293302
2023-05-30 14:00:00,5.483478499308461,-30.46180809476849
2023-05-30 15:00:00,5.574703909894419,-40.584719428634955
2023-05-30 16:00:00,5.5381742131243685,-42.25303254374996
2023-05-30 17:00:00,4.5516455834787894,-42.91780804136869
2023-05-30 18:00:00,5.34105902769075,-39.08452419002038
2023-05-30 19:00:00,5.25044284572729,-40.30291198789045
2023-05-30 20:00:00,5.348114527753208,-47.3119065390079
2023-05-30 21:00:00,4.940958161818201,-29.35288936051831
2023-05-30 22:00:00,5.523047341700959,-24.23905342008047
2023-05-30 23:00:00,5.254121884053155,-10.088348790497351
2023-05-31 00:00:00,5.182751340604093,8.057380293158301
2023-05-31 01:00:00,4.760028031655372,19.36752771477407
2023-05-31 02:00:00,5.413979064556645,21.97132468348976
2023-05-31 03:00:00,4.936422644640517,33.84688406252038
2023-05-31 04:00:00,5.135012336965681,42.88257317027692
2023-05-31 05:00:00,4.960355611107429,49.18240646244104
2023-05-31 06:00:00,5.384916673265333,52.11084678615051
2023-05-31 07:00:00,5.082073936053717,55.90988763871044
2023-05-31 08:00:00,4.535761782369094,42.7423981835548
2023-05-31 09:00:00,5.483252347872782,33.5076278356193
2023-05-31 10:00:00,5.417800424680164,25.885429299729623
2023-05-31 11:00:00,5.231022536046296,10.16680097739528
2023-05-31 12:00:00,5.122361987818325,7.67971685892139
2023-05-31 13:00:00,4.599175997740122,-18.527871252436444
2023-05-31 14:00:00,5.020335664121777,-35.44474036817269
2023-05-31 15:00:00,4.6640501142317445,-39.62522052743397
2023-05-31 16:00:00,5.250810713339419,-53.689008398505734
2023-05-31 17:00:00,5.353709019339371,-46.6054544751567
2023-05-31 18:00:00,5.561436439148436,-56.33037026506061
2023-05-31 19:00:00,5.076417459016102,-37.861716855174855
2023-05-31 20:00:00,5.252878847976502,-42.22658997504415
2023-05-31 21:00:00,4.828073011694189,-36.904564230610085
2023-05-31 22:00:00,4.423532139507382,-31.050245063591838
2023-05-31 23:00:00,4.690915988576723,-11.98031047486124
2023-06-01 00:00:00,5.312158465497427,8.84609331162359
2023-06-01 01:00:00,4.864220065002877,3.4158651726758205
2023-06-01 02:00:00,4.22067693680048,29.03623483467866
2023-06-01 03:00:00,4.965754441175284,31.15006059583579
2023-06-01 04:00:00,4.83726475780373,49.01717610558334
2023-06-01 05:00:00,4.915361165153384,44.42255312646954
2023-06-01 06:00:00,5.21698603020997,57.61555375600145
2023-06-01 07:00:00,6.035512116143883,51.26857493313634
2023-06-01 08:00:00,4.434858592104759,38.205706794355805
2023-06-01 09:00:00,5.7432107673460235,30.629534384842906
2023-06-01 10:00:00,5.047695227132058,23.901349279175758
2023-06-01 11:00:00,5.558991132556555,7.669946888983525
2023-06-01 12:00:00,5.206502684023321,-8.029743241139041
2023-06-01 13:00:00,5.02025382915541,-6.783215737268925
2023-06-01 14:00:00,5.218432997720342,-34.691141237956444
2023-06-01 15:00:00,4.27732092482872,-27.26914267679556
2023-06-01 16:00:00,4.752524935867132,-45.425543641771895
2023-06-01 17:00:00,5.116718314845453,-46.017162945436844
2023-06-01 18:00:00,4.340372653466713,-38.4626874080055
2023-06-01 19:00:00,5.030560926522837,-44.87902014299979
2023-06-01 20:00:00,4.561359396611179,-46.538323815713944
2023-06-01 21:00:00,5.225447281254689,-26.434326548017324
2023-06-01 22:00:00,5.238095236451769,-34.22740433162869
2023-06-01 23:00:00,5.664919956733045,-11.825316595982876
2023-06-02 00:00:00,5.186211771931498,6.4364787775827805
2023-06-02 01:00:00,4.454811407690398,10.597930810108453
2023-06-02 02:00:00,4.721938339799211,19.78440289006469
2023-06-02 03:00:00,4.35813978543091,29.13556839213679
2023-06-02 04:00:00,5.190902407509528,42.80731658786376
2023-06-02 05:00:00,4.764831246291241,38.3279378619015
2023-06-02 06:00:00,5.010264158103994,40.41823272294252
2023-06-02 07:00:00,4.921185139689705,45.0584771150679
2023-06-02 08:00:00,4.356188937734549,41.065620401312366
2023-06-02 09:00:00,5.153779727093517,36.95121588991582
2023-06-02 10:00:00,5.426868954964028,23.361057754449977
2023-06-02 11:00:00,4.639699131662039,9.495138014422604
2023-06-02 12:00:00,4.843466818318902,6.282712540976452
2023-06-02 13:00:00,5.35684245533035,-11.16790862282623
2023-06-02 14:00:00,4.633623822863261,-15.70919863035676
2023-06-02 15:00:00,4.946052360581513,-35.44572339697877
2023-06-02 16:00:00,5.217609377635141,-51.52446605905994
2023-06-02 17:00:00,5.478391229339371,-51.77867391792746
2023-06-02 18:00:00,5.080930702448445,-55.96063796368709
2023-06-02 19:00:00,4.620900339787052,-47.632601489848746
2023-06-02 20:00:00,5.137968945797119,-42.49999224941433
2023-06-02 21:00:00,4.774415065094384,-41.504060804564546
2023-06-02 22:00:00,4.950997496241407,-26.147795337330685
2023-06-02 23:00:00,4.452864446657925,-10.747580490094878
2023-06-03 00:00:00,4.56234109171352,-4.96245560933069
2023-06-03 01:00:00,5.287278502413485,29.082836391400313
2023-06-03 02:00:00,5.119562590781476,22.487072433405633
2023-06-03 03:00:00,4.813282797847877,34.38719066545943
2023-06-03 04:00:00,4.578107333394859,39.89596618609901
2023-06-03 05:00:00,5.614357012195176,41.33501450426301
2023-06-03 06:00:00,5.251973696309589,46.10239603870604
2023-06-03 07:00:00,6.070165515776843,45.53553512722736
2023-06-03 08:00:00,4.5929534906836755,45.2279895343717
2023-06-03 09:00:00,4.31329921850464,35.81657683005896
2023-06-03 10:00:00,5.184397757568499,18.93117962770643
2023-06-03 11:00:00,4.934061372167928,15.221693385092214
2023-06-03 12:00:00,4.90159170357228,0.379069742738255
2023-06-03 13:00:00,4.455547608355879,-6.844343722602606
2023-06-03 14:00:00,5.013017708848462,-14.879383766455371
2023-06-03 15:00:00,4.700015850683535,-32.093857029613616
2023-06-03 16:00:00,4.516496728165218,-39.84221256394661
2023-06-03 17:00:00,4.70163448766617,-52.15190492283867
2023-06-03 18:00:00,4.2448189692464595,-50.69780743996047
2023-06-03 19:00:00,5.473033641006138,-60.721420399310176
2023-06-03 20:00:00,4.953286528421989,-45.69221751922721
2023-06-03 21:00:00,4.936366360952737,-32.83638863411965
2023-06-03 22:00:00,5.6407549658526275,-16.978710198528482
2023-06-03 23:00:00,4.714615537093078,-14.217468442882677
2023-06-04 00:00:00,4.453581659124568,-1.4228674572586235
2023-06-04 01:00:00,5.276266041442729,10.806764069699136
2023-06-04 02:00:00,4.4433897796772275,20.44433678917023
2023-06-04 03:00:00,3.934217993711393,30.533794891696097
2023-06-04 04:00:00,5.2970292300328445,38.904522626944484
2023-06-04 05:00:00,5.105024184776833,54.58374376010008
2023-06-04 06:00:00,4.804404885273245,49.026561223775666
2023-06-04 07:00:00,4.371918692963712,42.61940202344535
2023-06-04 08:00:00,5.262846139934831,38.160317911863444
2023-06-04 09:00:00,4.758749528274806,25.66875311203345
2023-06-04 10:00:00,5.377607343596698,23.200161651831554
2023-06-04 11:00:00,5.273815892644048,9.671384658606824
2023-06-04 12:00:00,4.591545314580162,0.8343814827371365
2023-06-04 13:00:00,4.347058201181544,-9.22015497053675
2023-06-04 14:00:00,5.207623735685159,-29.03123849676695
2023-06-04 15:00:00,5.1782626698616205,-36.49853763031063
2023-06-04 16:00:00,5.161194453706947,-38.056466700052155
2023-06-04 17:00:00,4.990222119723061,-51.78011175883307
2023-06-04 18:00:00,5.482089732575185,-56.2284871322575
2023-06-04 19:00:00,6.590541733527841,-46.188568816068006
2023-06-04 20:00:00,5.844541930696344,-37.59535609630326
2023-06-04 21:00:00,5.1297113621476385,-29.94404023125491
2023-06-04 22:00:00,5.386303578541839,-28.528312042864655
2023-06-04 23:00:00,4.882733100861653,-18.37037832564474
2023-06-05 00:00:00,3.9158400580536274,-1.2562551535894195
2023-06-05 01:00:00,5.767250789509553,13.071791514567394
2023-06-05 02:00:00,4.6535717208372995,24.90309960876212
2023-06-05 03:00:00,4.339598668736,32.46646875942158
2023-06-05 04:00:00,5.534459431027269,49.168429714520634
2023-06-05 05:00:00,6.1959223720559375,54.960159955490276
2023-06-05 06:00:00,5.245227657832787,43.17996933445017
2023-06-05 07:00:00,4.885040741982024,43.500495567649146
2023-06-05 08:00:00,5.528729690736535,42.10270016092938
2023-06-05 09:00:00,5.173230454378733,34.78529479642635
2023-06-05 10:00:00,4.3502215596464175,27.421568062436716
2023-06-05 11:00:00,4.490567578267731,11.013908084549165
2023-06-05 12:00:00,4.756095315246783,-1.0868256624683803
2023-06-05 13:00:00,5.190262170472827,-24.719474111470703
2023-06-05 14:00:00,5.400265050839912,-18.93665015933408
2023-06-05 15:00:00,4.809702036139215,-44.3153215517505
2023-06-05 16:00:00,5.519925220304009,-52.25136696904332
2023-06-05 17:00:00,5.718001514561945,-56.27195820698793
2023-06-05 18:00:00,4.922035625720026,-54.381352805602425
2023-06-05 19:00:00,4.294916539674207,-43.22720096929865
2023-06-05 20:00:00,5.362342859734614,-38.23836547752507
2023-06-05 21:00:00,5.902798709359441,-38.08660226439015
2023-06-05 22:00:00,4.774281880699588,-32.58993995735705
2023-06-05 23:00:00,5.839054554174071,-11.248825848221813
2023-06-06 00:00:00,4.704146696634325,-1.6993834068235645
2023-06-06 01:00:00,4.926858411087149,17.128398581716908
2023-06-06 02:00:00,5.62212005207069,18.74336623495759
2023-06-06 03:00:00,4.869850641690737,33.7941220394966
2023-06-06 04:00:00,4.313903842657548,46.83736805607668
2023-06-06 05:00:00,5.346050964728122,52.981064277877365
2023-06-06 06:00:00,4.368545246494639,57.01702555297631
2023-06-06 07:00:00,5.4659246484401605,55.38187689233921
2023-06-06 08:00:00,5.390679263289217,42.51278329177076
2023-06-06 09:00:00,5.7403405176592335,40.08560375292061
2023-06-06 10:00:00,4.556684281104991,29.9882089997931
2023-06-06 11:00:00,4.564894865973655,6.770558132029358
2023-06-06 12:00:00,4.995910863437993,3.0080319389556402
2023-06-06 13:00:00,4.789459254556258,-14.052227003364033
2023-06-06 14:00:00,4.189565827457029,-21.79651872168392
2023-06-06 15:00:00,4.8561037459598495,-32.92906998196762
2023-06-06 16:00:00,5.023179438646981,-38.01412117182854
2023-06-06 17:00:00,5.254869865072417,-45.13383811379779
2023-06-06 18:00:00,5.102780221014499,-51.45198298943282
2023-06-06 19:00:00,4.895935738927748,-47.29985424001012
2023-06-06 20:00:00,5.786972551207258,-47.447759793708435
2023-06-06 21:00:00,4.827250798458451,-28.908263553028164
2023-06-06 22:00:00,4.68613461326828,-20.480305190703618
2023-06-06 23:00:00,4.898462694169063,-19.295789555541877
2023-06-07 00:00:00,5.285058982527852,1.6853132641277149
2023-06-07 01:00:00,4.763548727147395,20.48394140319771
2023-06-07 02:00:00,5.265766651123318,28.771882649445793
2023-06-07 03:00:00,5.271947374468372,37.622140802599326
2023-06-07 04:00:00,4.675828351337404,46.55660180638561
2023-06-07 05:00:00,4.761786803283645,48.99330217696911
2023-06-07 06:00:00,5.939947023682592,46.345376330374506
2023-06-07 07:00:00,5.06115310645699,46.296974032115855
2023-06-07 08:00:00,3.701663047376285,39.89038304016127
2023-06-07 09:00:00,4.631459728468184,37.33317595164965
2023-06-07 10:00:00,5.301085021342838,31.368962642048444
2023-06-07 11:00:00,4.9754361100928275,18.5173777362515
2023-06-07 12:00:00,4.99998135808263,-5.712899169738341
2023-06-07 13:00:00,5.355140908092109,-17.223780244407386
2023-06-07 14:00:00,4.599755145434746,-27.89093627820464
2023-06-07 15:00:00,5.075701799522682,-34.33770284106524
2023-06-07 16:00:00,4.908434627880147,-47.74371956538387
2023-06-07 17:00:00,5.113920536980617,-43.95000950213074
2023-06-07 18:00:00,4.81785500722131,-56.37347618028586
2023-06-07 19:00:00,4.8371790005423545,-44.33386668006842
2023-06-07 20:00:00,5.230169520597459,-40.49027656113763
2023-06-07 21:00:00,4.535994975305375,-41.74829182260922
2023-06-07 22:00:00,4.705331266993817,-25.498756342105438
2023-06-07 23:00:00,5.795997574066339,-15.41225078024489
2023-06-08 00:00:00,5.26074313424704,-5.368056076636771
2023-06-08 01:00:00,5.437619443522803,16.246825723914693
2023-06-08 02:00:00,5.024850664784927,26.384722744303215
2023-06-08 03:00:00,5.074032594536363,31.58618400028975
2023-06-08 04:00:00,4.590384802651119,51.91338207893996
2023-06-08 05:00:00,5.133102432733579,46.91295682257174
2023-06-08 06:00:00,5.134192185762732,45.655671683458664
2023-06-08 07:00:00,5.421129785720788,49.098718485521
2023-06-08 08:00:00,4.866986897723557,51.255921860241024
2023-06-08 09:00:00,4.9927689741480465,29.79005877660863
2023-06-08 10:00:00,6.332690252357882,25.607157272876286
2023-06-08 11:00:00,5.019352627385584,11.96007894351077
2023-06-08 12:00:00,4.5853935472213045,1.5647778288248801
2023-06-08 13:00:00,5.265349637700609,-17.521037907540183
2023-06-08 14:00:00,5.077496075399234,-22.860255791760835
2023-06-08 15:00:00,4.561928474401717,-33.677928935131526
2023-06-08 16:00:00,5.209276252871508,-39.180826396397016
2023-06-08 17:00:00,5.507716730517197,-46.10338755841188
2023-06-08 18:00:00,4.666442273386421,-45.43052554407516
2023-06-08 19:00:00,5.631019146038311,-46.235799457371705
2023-06-08 20:00:00,4.678937213514615,-38.53169972175139
2023-06-08 21:00:00,4.590800014015221,-31.5901352073855
2023-06-08 22:00:00,5.06639504155381,-22.601735453218687
2023-06-08 23:00:00,5.366289809150749,-10.013815733831233
2023-06-09 00:00:00,5.421924415859521,1.7250777132155124
2023-06-09 01:00:00,5.157622603055519,9.59032555856123
2023-06-09 02:00:00,4.433340829290598,25.534263282891608
2023-06-09 03:00:00,4.557042918266913,32.624223540096395
2023-06-09 04:00:00,4.83258925648753,45.907809412034894
2023-06-09 05:00:00,5.27219868872167,36.80149355982898
2023-06-09 06:00:00,4.8038314798484745,48.42809245683083
2023-06-09 07:00:00,5.492599591878153,42.201073791784665
2023-06-09 08:00:00,5.948691559797978,43.19384371329665
2023-06-09 09:00:00,4.53254731157087,30.827351253355555
2023-06-09 10:00:00,5.025191869004885,33.566374400721095
2023-06-09 11:00:00,5.2918682627273785,7.163130241423429
2023-06-09 12:00:00,5.416849469628101,-2.0770147118905595
2023-06-09 13:00:00,5.11030654925472,-5.294821664544788
2023-06-09 14:00:00,4.943301139897179,-19.246662613802513
2023-06-09 15:00:00,4.217683571720176,-29.727969958076464
2023-06-09 16:00:00,4.798636315275749,-51.43200301869617
2023-06-09 17:00:00,5.304247206973974,-49.3423552329449
2023-06-09 18:00:00,5.675126094377176,-54.946942016638445
2023-06-09 19:00:00,4.439377528237008,-46.12611789438351
2023-06-09 20:00:00,5.629823131115438,-39.7859671075802
2023-06-09 21:00:00,5.502326719119333,-29.143561458472114
2023-06-09 22:00:00,5.095230038149384,-24.72553232011476
2023-06-09 23:00:00,4.606768377520937,-16.048601714046562
2023-06-10 00:00:00,5.699391475367129,-3.4291650029698473
2023-06-10 01:00:00,4.955330630175822,12.972755387339244
2023-06-10 02:00:00,5.237364297057377,27.21864121420269
2023-06-10 03:00:00,4.595979902352065,38.92987714403434
2023-06-10 04:00:00,4.282099120364921,44.608998178873975
2023-06-10 05:00:00,5.33631198356225,42.44881866276178
2023-06-10 06:00:00,5.196467700197487,50.7262483580136
2023-06-10 07:00:00,5.229851312127604,50.065994912117695
2023-06-10 08:00:00,4.464916946185368,31.36197053217083
2023-06-10 09:00:00,5.3922779080076815,36.35988871396512
2023-06-10 10:00:00,5.362677289776112,24.94966542988705
2023-06-10 11:00:00,6.243034882270273,16.684669107429812
2023-06-10 12:00:00,4.869493612289965,-3.830591700182565
2023-06-10 13:00:00,4.1456940927369486,-13.380829086643475
2023-06-10 14:00:00,4.780893792952348,-26.531143429293383
2023-06-10 15:00:00,4.803382807603747,-34.60993264000233
2023-06-10 16:00:00,5.0562897431927825,-47.741680046350986
2023-06-10 17:00:00,5.334740157195312,-44.123552202265046
2023-06-10 18:00:00,4.725462605496799,-57.26636005591006
2023-06-10 19:00:00,5.528847276579168,-46.09217807861482
2023-06-10 20:00:00,5.001691898093231,-30.3581964409848
2023-06-10 21:00:00,3.936561193222323,-36.37370329076366
2023-06-10 22:00:00,4.977478388599209,-19.12049467845833
2023-06-10 23:00:00,4.68808555959322,-15.151917377647628
2023-06-11 00:00:00,5.066257998028922,7.6873098737894345
2023-06-11 01:00:00,5.523283351440129,12.012057328806806
2023-06-11 02:00:00,4.414002003775697,25.5005099007607
2023-06-11 03:00:00,4.9170969793337775,35.88884827363152
2023-06-11 04:00:00,5.818996172228447,37.15924377376287
2023-06-11 05:00:00,4.806419589231552,51.080510183798616
2023-06-11 06:00:00,4.68081691827382,49.71724388845602
2023-06-11 07:00:00,5.93383269087496,47.48030042266801
2023-06-11 08:00:00,5.250269975362736,33.30363076800893
2023-06-11 09:00:00,5.711562115633749,43.64657073050925
2023-06-11 10:00:00,4.660205745018121,36.39604942541855
2023-06-11 11:00:00,4.788070158127351,0.18841336659565933
2023-06-11 12:00:00,4.501694485401273,0.6304781865987574
2023-06-11 13:00:00,5.256495391472117,-12.190552396327366
2023-06-11 14:00:00,4.6564852689286615,-16.05629358339574
2023-06-11 15:00:00,4.552427053076675,-38.911364516716304
2023-06-11 16:00:00,5.068739324322456,-36.12001146828638
2023-06-11 17:00:00,5.171286336666942,-52.45425048578424
2023-06-11 18:00:00,4.965040723451453,-50.340217184241034
2023-06-11 19:00:00,5.05856155915551,-43.0719077575429
2023-06-11 20:00:00,5.777543098489025,-40.74245171545228
2023-06-11 21:00:00,5.51988434826031,-35.11496452915686
2023-06-11 22:00:00,4.976664671361094,-23.477170144131044
2023-06-11 23:00:00,5.317532393436699,-7.39815117806533
2023-06-12 00:00:00,5.432582861142792,-0.5018887640597639
2023-06-12 01:00:00,5.163643683686833,14.71201286182544
2023-06-12 02:00:00,4.620457100081259,31.403389494401708
2023-06-12 03:00:00,4.079737585229856,35.80340980539899
2023-06-12 04:00:00,5.912089684790871,41.04041433350116
2023-06-12 05:00:00,5.019170734589467,51.87933472635927
2023-06-12 06:00:00,5.23796949328773,56.06394037127807
2023-06-12 07:00:00,4.560334560631426,54.31891535311623
2023-06-12 08:00:00,4.885094954130698,46.791025954181485
2023-06-12 09:00:00,4.60251457881017,43.232509929100836
2023-06-12 10:00:00,4.498996954048074,25.87004577741227
2023-06-12 11:00:00,5.165172447293417,10.622923392502972
2023-06-12 12:00:00,5.167442611711544,-6.927832093170676
2023-06-12 13:00:00,5.0618350939699175,-17.86656474762725
2023-06-12 14:00:00,5.050081511816651,-22.67004219698115
2023-06-12 15:00:00,5.266189683539035,-33.02113092145057
2023-06-12 16:00:00,3.63989345046957,-36.050727846663534
2023-06-12 17:00:00,5.395646969291771,-44.99062357941649
2023-06-12 18:00:00,6.131590551008037,-47.88204109812082
2023-06-12 19:00:00,4.262501136417684,-51.10376940878032
2023-06-12 20:00:00,4.045664451530575,-37.385849045912465
2023-06-12 21:00:00,4.154352830275135,-23.247968505454367
2023-06-12 22:00:00,5.495129361109103,-26.588977511132214
2023-06-12 23:00:00,4.4105195583354355,-16.626498630302564
2023-06-13 00:00:00,5.097542941330167,-3.368766689175469
2023-06-13 01:00:00,5.247265483280752,21.17357195297504
2023-06-13 02:00:00,4.911520916714521,28.788721083381915
2023-06-13 03:00:00,4.760705501702401,35.778861783225665
2023-06-13 04:00:00,4.838432051151837,46.144741172465906
2023-06-13 05:00:00,4.348648680585082,40.26573130709406
2023-06-13 06:00:00,5.405218255568993,58.59118842382137
2023-06-13 07:00:00,5.548760726340629,51.814730525367324
2023-06-13 08:00:00,5.102233090902125,47.54255735088901
2023-06-13 09:00:00,4.570756134092668,33.10553426623471
2023-06-13 10:00:00,4.970570358676206,18.971877334163473
2023-06-13 11:00:00,4.899176387157469,13.943398882445146
2023-06-13 12:00:00,4.701670001557811,2.628539504359645
2023-06-13 13:00:00,5.01156107735066,-12.088065250932212
2023-06-13 14:00:00,4.857064249474689,-20.41399456418389
2023-06-13 15:00:00,5.567504656863309,-39.69971205750752
2023-06-13 16:00:00,4.544634918151453,-47.70684195155872
2023-06-13 17:00:00,4.889820913835822,-52.25210208980782
2023-06-13 18:00:00,4.5663269030180915,-55.50385814255941
2023-06-13 19:00:00,4.9737681996534535,-50.37703732944503
2023-06-13 20:00:00,5.127933080957575,-45.00890086476124
2023-06-13 21:00:00,4.866921155829006,-34.52245481164435
2023-06-13 22:00:00,5.438518423510727,-20.514775070405264
2023-06-13 23:00:00,5.832228230826356,-11.093205180613369
2023-06-14 00:00:00,3.362848968354687,-7.1543103277444615
2023-06-14 01:00:00,5.444321670240383,16.96235158068314
2023-06-14 02:00:00,4.976406599207493,19.44259608306065
2023-06-14 03:00:00,4.994426248176396,24.862232334210482
2023-06-14 04:00:00,4.866677014192448,47.421127338368436
2023-06-14 05:00:00,5.304181132263884,53.34989381833996
2023-06-14 06:00:00,5.031394745504655,56.8152985428125
2023-06-14 07:00:00,5.401799079003942,49.65443657541428
2023-06-14 08:00:00,5.007342307243228,50.67791748671709
2023-06-14 09:00:00,5.270642195298118,27.269934524133532
2023-06-14 10:00:00,5.389389538380483,23.19210043397171
2023-06-14 11:00:00,4.936209851290977,17.49216910529054
2023-06-14 12:00:00,5.382874962338224,-0.027287172520386888
2023-06-14 13:00:00,5.2458598369239295,-10.42799749232609
2023-06-14 14:00:00,5.092891735702025,-22.606588056859287
2023-06-14 15:00:00,4.652106301418415,-30.890114892350724
2023-06-14 16:00:00,4.57884829111205,-33.63924862410873
2023-06-14 17:00:00,5.192667990899175,-45.82454049697482
2023-06-14 18:00:00,5.319949356725503,-46.93324875688293
2023-06-14 19:00:00,4.836528336830686,-52.84309720661217
2023-06-14 20:00:00,5.360448120187015,-45.50162033442208
2023-06-14 21:00:00,4.650247994378937,-34.54247906211615
2023-06-14 22:00:00,4.939852022728748,-25.77642959805246
2023-06-14 23:00:00,4.709914009371635,-18.72588584243877
2023-06-15 00:00:00,4.673588946156521,5.0030364489801835
2023-06-15 01:00:00,4.595704604385968,10.403161095711102
2023-06-15 02:00:00,6.714159321129474,24.89009008769577
2023-06-15 03:00:00,5.562677138598401,29.080672058004005
2023-06-15 04:00:00,5.242124141829818,46.62097268443712
2023-06-15 05:00:00,4.801869038047245,47.19264989531244
2023-06-15 06:00:00,4.438597876270917,52.992966169197125
2023-06-15 07:00:00,4.238539922213381,34.61677128156406
2023-06-15 08:00:00,4.919307343229021,39.50188867535763
2023-06-15 09:00:00,5.4594129774863775,39.70162320935096
2023-06-15 10:00:00,4.474538621017939,24.69891760611643
2023-06-15 11:00:00,5.2830723551550145,23.652893756451213
2023-06-15 12:00:00,5.09633715963872,1.5550654954904437
2023-06-15 13:00:00,5.0726520668012105,-8.526716778008367
2023-06-15 14:00:00,6.326179899348198,-21.53363723601998
2023-06-15 15:00:00,5.137192016738562,-38.775607772421964
2023-06-15 16:00:00,5.108916181795944,-44.69503126926952
2023-06-15 17:00:00,4.708897938599865,-44.92194604734408
2023-06-15 18:00:00,4.670272491147935,-47.794571602334074
2023-06-15 19:00:00,4.449001001042166,-57.00065717126465
2023-06-15 20:00:00,4.342332827447127,-38.28018737141953
2023-06-15 21:00:00,4.878567896545471,-34.58604041249975
2023-06-15 22:00:00,5.259507277724621,-34.56017902548298
2023-06-15 23:00:00,4.066638624035787,-16.054721328135738
2023-06-16 00:00:00,4.931714955903135,3.3778579587046624
2023-06-16 01:00:00,4.604026537948493,9.828939855882224
2023-06-16 02:00:00,5.388750667481497,22.22820451105815
2023-06-16 03:00:00,4.803556427831268,39.05952399487485
2023-06-16 04:00:00,5.418330284825702,39.84802425528135
2023-06-16 05:00:00,4.705438786138849,51.66546642399757
2023-06-16 06:00:00,5.236754967585548,43.939060873520624
2023-06-16 07:00:00,5.0001428589247245,52.30170874504499
2023-06-16 08:00:00,5.238920890847099,48.98440616658784
2023-06-16 09:00:00,5.503799110665233,36.21171964581007
2023-06-16 10:00:00,5.929279110018486,25.016428806809046
2023-06-16 11:00:00,5.060462736341897,7.675165768023935
2023-06-16 12:00:00,4.985572791632929,4.7370346757754715
2023-06-16 13:00:00,5.712738778259007,-12.324179572922244
2023-06-16 14:00:00,4.660798136565881,-19.301384032581517
2023-06-16 15:00:00,5.237421801759971,-32.54651697576715
2023-06-16 16:00:00,4.705808255417332,-36.21604721173351
2023-06-16 17:00:00,4.929746563420902,-43.90237636424909
2023-06-16 18:00:00,4.6387926587786446,-45.18069160903935
2023-06-16 19:00:00,5.333423378334098,-46.882247781853856
2023-06-16 20:00:00,4.88681006401194,-44.892518301375425
2023-06-16 21:00:00,4.3909694965692125,-35.54198012729985
2023-06-16 22:00:00,4.372769674509781,-27.017947183901946
2023-06-16 23:00:00,5.065391336911886,-10.258618080136502
2023-06-17 00:00:00,5.538021219578393,-7.6437653509192325
2023-06-17 01:00:00,4.0734750752337785,14.661370884703516
2023-06-17 02:00:00,4.864162897148285,26.001440217125495
2023-06-17 03:00:00,4.6962855313090675,36.128620225089364
2023-06-17 04:00:00,5.445322646992402,39.35406706394708
2023-06-17 05:00:00,4.518473626550334,41.849323190552305
2023-06-17 06:00:00,4.988470744466063,46.20824833543124
2023-06-17 07:00:00,4.3655466698855925,48.007524698389616
2023-06-17 08:00:00,5.598207140980897,42.85721345573965
2023-06-17 09:00:00,4.534999876020347,34.45003674333012
2023-06-17 10:00:00,5.580955432084077,24.930646108658784
2023-06-17 11:00:00,5.027467957213476,8.451558429421716
2023-06-17 12:00:00,4.552486445700591,0.9771022199076119
2023-06-17 13:00:00,5.304198763619162,-22.455363436313128
2023-06-17 14:00:00,5.377292624065395,-19.167852934873622
2023-06-17 15:00:00,5.853307192332647,-37.016699950506684
2023-06-17 16:00:00,5.280681696664999,-35.893784269709585
2023-06-17 17:00:00,5.329491999516592,-49.10380099728814
2023-06-17 18:00:00,5.422465388164999,-47.942212392877835
2023-06-17 19:00:00,3.31109696595182,-39.77687604540732
2023-06-17 20:00:00,5.1924852962440795,-41.72114575371245
2023-06-17 21:00:00,5.503876493236184,-38.829582424005764
2023-06-17 22:00:00,5.115226587814206,-20.209092488856545
2023-06-17 23:00:00,4.745986605325862,-11.39034209435865
2023-06-18 00:00:00,4.6481531427014815,-5.700067109563459
2023-06-18 01:00:00,4.978410802601511,5.969249988402687
2023-06-18 02:00:00,4.933321279711827,21.22423440350515
2023-06-18 03:00:00,5.103545525478254,42.98914856832879
2023-06-18 04:00:00,5.001543004817645,44.04390711195163
2023-06-18 05:00:00,5.315914550784442,48.00910974546383
2023-06-18 06:00:00,4.34524380465359,56.15525928179459
2023-06-18 07:00:00,5.400293903748225,57.39917862370624
2023-06-18 08:00:00,5.634042044462425,43.55434903362888
2023-06-18 09:00:00,4.1618193373865155,38.75788576109605
2023-06-18 10:00:00,4.781255857074589,28.484179031523396
2023-06-18 11:00:00,5.422485204195226,18.607114344790986
2023-06-18 12:00:00,5.210411577314692,-0.46779354065815837
2023-06-18 13:00:00,4.424814800446517,-6.797646236069941
2023-06-18 14:00:00,5.296873243559458,-33.086961954650995
2023-06-18 15:00:00,4.062955724133748,-33.47714271146945
2023-06-18 16:00:00,5.251167631981667,-47.84358628626651
2023-06-18 17:00:00,5.673490883732676,-50.97036564465929
2023-06-18 18:00:00,4.986478062435253,-42.50649046287475
2023-06-18 19:00:00,5.402563367667649,-50.096229865364
2023-06-18 20:00:00,5.16657962858015,-43.254659969697464
2023-06-18 21:00:00,4.624833308631503,-36.52340865691505
2023-06-18 22:00:00,4.717049639157931,-24.368271069562347
2023-06-18 23:00:00,4.844689392095154,-7.718602573384274
2023-06-19 00:00:00,4.876424651198282,-0.5626872931288502
2023-06-19 01:00:00,5.58276812881846,17.964870139374217
2023-06-19 02:00:00,5.744702740918054,27.8815286589289
2023-06-19 03:00:00,5.43335455374916,29.235736557908446
2023-06-19 04:00:00,5.73878503644759,45.47698443992607
2023-06-19 05:00:00,5.13878174865269,54.47367857544625
2023-06-19 06:00:00,3.6645555126903906,50.2580407048436
2023-06-19 07:00:00,5.001831739334009,49.60705306494267
2023-06-19 08:00:00,4.612662963175403,45.90246896139967
2023-06-19 09:00:00,5.335664200177836,40.88942936474176
2023-06-19 10:00:00,4.929072860757826,32.339432717967135
2023-06-19 11:00:00,5.15664068425244,17.70657809326743
2023-06-19 12:00:00,5.025442311254206,0.8182769990617704
2023-06-19 13:00:00,4.724703509618997,-9.124273968837015
2023-06-19 14:00:00,4.580260344696315,-20.289065785056877
2023-06-19 15:00:00,4.75606627355579,-40.35280135749947
2023-06-19 16:00:00,5.21927443348295,-55.070403508895
2023-06-19 17:00:00,5.687508638748682,-56.91078090629178
2023-06-19 18:00:00,5.219046508628376,-51.06385878732914
2023-06-19 19:00:00,6.274526333724662,-47.058122958100434
2023-06-19 20:00:00,5.318020969823245,-48.43354610203218
2023-06-19 21:00:00,5.109308494260497,-33.5169148898904
2023-06-19 22:00:00,5.569509879773435,-24.357168099854597
2023-06-19 23:00:00,4.286169165011155,-15.653314647483946
2023-06-20 00:00:00,4.6782648335676145,3.540555763706874
2023-06-20 01:00:00,5.307131873686261,5.962370009012935
2023-06-20 02:00:00,4.638055570789412,25.755721475139655
2023-06-20 03:00:00,5.716546000174884,43.14253758329489
2023-06-20 04:00:00,4.754281581929715,42.29997801470663
2023-06-20 05:00:00,5.409287935320971,52.14239897989828
2023-06-20 06:00:00,5.053649711675996,53.68194810013109
2023-06-20 07:00:00,5.973618962153502,46.49685716010937
2023-06-20 08:00:00,5.369378481170105,36.44932361804021
2023-06-20 09:00:00,5.294988832986366,32.32665436057184
2023-06-20 10:00:00,4.821866079248301,26.558472061814427
2023-06-20 11:00:00,4.715814093590945,18.215165041696817
2023-06-20 12:00:00,5.0353477606524235,-8.070627359924563
2023-06-20 13:00:00,5.280013002486452,-16.905048988454098
2023-06-20 14:00:00,5.169760768765517,-24.873182170646892
2023-06-20 15:00:00,4.274399098492302,-39.531509955569256
2023-06-20 16:00:00,4.831840261339169,-36.090251480415056
2023-06-20 17:00:00,5.162471793223654,-48.99503688085426
2023-06-20 18:00:00,4.5191981351853965,-48.652673538104324
2023-06-20 19:00:00,5.203512404698871,-52.476119829419005
2023-06-20 20:00:00,4.780171939025045,-39.698802652612166
2023-06-20 21:00:00,5.2957529095000515,-39.94790166320151
2023-06-20 22:00:00,4.889403247023576,-22.758101517506947
2023-06-20 23:00:00,5.024132289440011,-4.937882173050168
2023-06-21 00:00:00,5.0876334549430675,4.13039669075663
2023-06-21 01:00:00,5.264033846479916,13.903393521121076
2023-06-21 02:00:00,5.426656257613353,21.081052261614616
2023-06-21 03:00:00,4.407531230293655,31.78559575585893
2023-06-21 04:00:00,4.990902586996528,45.51501131277925
2023-06-21 05:00:00,5.070087257562033,49.011194597598774
2023-06-21 06:00:00,6.5598971219195015,54.541220829735096
2023-06-21 07:00:00,5.450682567575602,48.07970840020585
2023-06-21 08:00:00,5.061014946612792,45.974154314233424
2023-06-21 09:00:00,4.384348150815425,35.85757414075654
2023-06-21 10:00:00,4.908681269638475,28.237708609686287
2023-06-21 11:00:00,6.155595688495204,11.412464706228302
2023-06-21 12:00:00,4.25220971895573,-7.30819788511783
2023-06-21 13:00:00,4.895503663032508,-7.963709178072719
2023-06-21 14:00:00,5.660309630144321,-25.686590546388175
2023-06-21 15:00:00,6.109780487753808,-28.56745315145428
2023-06-21 16:00:00,4.9035907926207996,-42.77809535003722
2023-06-21 17:00:00,5.311489277716575,-48.140664826952445
2023-06-21 18:00:00,5.492326138494207,-43.33795025741473
2023-06-21 19:00:00,5.349031981437267,-51.54380565918523
2023-06-21 20:00:00,5.1568109127288295,-45.47630647041458
2023-06-21 21:00:00,5.699223787057986,-33.16136200233045
2023-06-21 22:00:00,5.604154677309901,-29.23748306348619
2023-06-21 23:00:00,5.249645449015978,-3.9749059235057906
2023-06-22 00:00:00,5.872615829007165,-1.5749364455412929
2023-06-22 01:00:00,5.094863327591249,11.992645535530817
2023-06-22 02:00:00,5.116602968313755,31.80259309675281
2023-06-22 03:00:00,4.899021106621064,35.67615065113117
2023-06-22 04:00:00,3.820146511130451,39.16745571842079
2023-06-22 05:00:00,5.129848776319637,53.16692028912169
2023-06-22 06:00:00,5.100013492435783,54.326260167323326
2023-06-22 07:00:00,4.419441796588915,42.71279647619678
2023-06-22 08:00:00,4.666758079471054,39.829645089044256
2023-06-22 09:00:00,5.51386918046925,30.404350571123313
2023-06-22 10:00:00,4.339424178367935,6.494473338409872
2023-06-22 11:00:00,4.992743852328329,23.508653636004958
2023-06-22 12:00:00,5.435112528863183,-7.044360296926652
2023-06-22 13:00:00,4.453732617093738,-17.080235373345957
2023-06-22 14:00:00,5.047596420973946,-22.5246693523324
2023-06-22 15:00:00,5.197405653071533,-33.655698157925286
2023-06-22 16:00:00,5.439249497060847,-40.00971961614596
2023-06-22 17:00:00,5.151629781607059,-46.85750370402127
2023-06-22 18:00:00,5.235067128657251,-42.35916540569693
2023-06-22 19:00:00,4.761475708971996,-51.191033894349324
2023-06-22 20:00:00,5.214884932320022,-34.51360626675396
2023-06-22 21:00:00,5.397941976585652,-37.38188364344765
2023-06-22 22:00:00,4.307531972746105,-31.329348531538912
2023-06-22 23:00:00,5.231361877518234,-14.857835676957187
2023-06-23 00:00:00,6.379044195446124,2.5560991739424246
2023-06-23 01:00:00,4.732462676908995,19.270446585223134
2023-06-23 02:00:00,5.083855324696008,28.417605778048127
2023-06-23 03:00:00,4.621201154544621,29.40977816448872
2023-06-23 04:00:00,5.62099361813535,38.96690976259203
2023-06-23 05:00:00,5.25242909098647,45.4634140771018
2023-06-23 06:00:00,4.963776843554872,51.3133187611995
2023-06-23 07:00:00,5.404116322466998,53.418669174511464
2023-06-23 08:00:00,5.474335005679267,44.073932087462104
2023-06-23 09:00:00,4.417137130416683,27.19525092577959
2023-06-23 10:00:00,5.2295122970759165,31.779729739948618
2023-06-23 11:00:00,5.179148688723571,9.784273349698491
2023-06-23 12:00:00,5.00584711173216,6.347150655102732
2023-06-23 13:00:00,5.0047143117176125,-14.610492579084513
2023-06-23 14:00:00,5.405762693034899,-26.006758215567185
2023-06-23 15:00:00,4.292426621697965,-33.60784048022585
2023-06-23 16:00:00,4.754853349058525,-38.777126902250984
2023-06-23 17:00:00,5.060109916940771,-37.40371636933084
2023-06-23 18:00:00,4.737393853622605,-52.00697493703114
2023-06-23 19:00:00,4.9597961460717945,-49.13021046068949
2023-06-23 20:00:00,4.8338106115113755,-47.77557425488701
2023-06-23 21:00:00,5.528516703459968,-39.5243633809404
2023-06-23 22:00:00,5.003493566326894,-25.998355904420574
2023-06-23 23:00:00,5.8679347586402315,-7.935172514060042
2023-06-24 00:00:00,5.003281418733666,-2.8373218130544164
2023-06-24 01:00:00,5.550382086432774,17.87773170382881
2023-06-24 02:00:00,5.283124793883668,23.10008365381755
2023-06-24 03:00:00,5.721971831247668,40.898803128712856
2023-06-24 04:00:00,4.843583168620169,30.968462341330376
2023-06-24 05:00:00,5.112599637552181,45.127636142778776
2023-06-24 06:00:00,4.350053735344935,55.08743544927961
2023-06-24 07:00:00,4.287380630554978,50.598690980661516
2023-06-24 08:00:00,5.432432619839934,42.67299115042719
2023-06-24 09:00:00,4.636235026213676,36.908016324709585
2023-06-24 10:00:00,5.503096139169404,27.285549340483502
2023-06-24 11:00:00,4.9823478606953335,12.760955427034046
2023-06-24 12:00:00,5.4543387003484005,-1.4917358579902418
2023-06-24 13:00:00,5.405152371049292,-8.3293922042923
2023-06-24 14:00:00,3.7835100148059864,-20.63086363887586
2023-06-24 15:00:00,4.856514235745515,-30.114241571000154
2023-06-24 16:00:00,4.478414381147297,-32.739765510647956
2023-06-24 17:00:00,3.4377066985711227,-46.7185177903394
2023-06-24 18:00:00,4.663107942682411,-39.36943928744518
2023-06-24 19:00:00,4.179375576482493,-40.23691369985624
2023-06-24 20:00:00,4.982595214168424,-35.03959053533559
2023-06-24 21:00:00,4.621704087470871,-32.90285603676966
2023-06-24 22:00:00,5.25414779030644,-19.98964182459804
2023-06-24 23:00:00,5.044558398722451,-4.41190537036093
2023-06-25 00:00:00,5.456282832985686,-5.331871164085262
2023-06-25 01:00:00,5.429905796391211,12.810628629148612
2023-06-25 02:00:00,5.4203168221306095,26.43685879063801
2023-06-25 03:00:00,5.153829324493203,41.42600655094383
2023-06-25 04:00:00,4.828258610999,46.95820828839938
2023-06-25 05:00:00,4.754494314598874,52.96640439689598
2023-06-25 06:00:00,4.656915989225741,52.58601825576149
2023-06-25 07:00:00,4.900574731889481,49.72452036865075
2023-06-25 08:00:00,5.439650556102322,35.383491152541616
2023-06-25 09:00:00,5.484308475353857,33.25157023779518
2023-06-25 10:00:00,4.236131109548602,29.453354148959598
2023-06-25 11:00:00,5.0968452287194985,13.109266779963326
2023-06-25 12:00:00,5.033362006397791,-7.398302072359248
2023-06-25 13:00:00,4.4738394969460105,-15.395955571900508
2023-06-25 14:00:00,5.37999683973628,-14.897957389774609
2023-06-25 15:00:00,5.963270681053061,-42.68478857614795
2023-06-25 16:00:00,4.78262137774357,-54.584515976331076
2023-06-25 17:00:00,4.981903566937913,-42.602169271271656
2023-06-25 18:00:00,5.263336285615886,-50.607368371316966
2023-06-25 19:00:00,6.2397384709805275,-45.405746341499345
2023-06-25 20:00:00,5.448187068127713,-38.85578533911101
2023-06-25 21:00:00,4.671778818306444,-41.841647129954026
2023-06-25 22:00:00,4.617978648572618,-20.502777105576534
2023-06-25 23:00:00,5.000979227566699,-23.399681914163793
2023-06-26 00:00:00,4.962374809253664,1.702043283417725
2023-06-26 01:00:00,5.3848835880109815,16.985588773078682
2023-06-26 02:00:00,5.000635780350796,25.754721624274502
2023-06-26 03:00:00,5.108608995374292,28.884675604470054
2023-06-26 04:00:00,4.622963617844235,43.28687006028482
2023-06-26 05:00:00,4.927972419980704,56.43271743445649
2023-06-26 06:00:00,5.245761126984205,52.75302533999418
2023-06-26 07:00:00,6.089315954570935,45.321690493745024
2023-06-26 08:00:00,4.981305536662128,43.197935623703934
2023-06-26 09:00:00,5.138097977386024,40.17787671662037
2023-06-26 10:00:00,4.7523116488851205,32.8532443538331
2023-06-26 11:00:00,4.6109875782638445,4.124657499414209
2023-06-26 12:00:00,5.25615498366648,5.722642301519726
2023-06-26 13:00:00,5.238291687396493,-7.909019134077617
2023-06-26 14:00:00,4.345221412628621,-29.660406389073994
2023-06-26 15:00:00,4.318521826263526,-32.843892862999766
2023-06-26 16:00:00,5.47787523697925,-44.564642216391405
2023-06-26 17:00:00,4.615845727855657,-52.71761019353326
2023-06-26 18:00:00,5.071023137826808,-50.67004434758701
2023-06-26 19:00:00,5.145819462024193,-55.313037468288165
2023-06-26 20:00:00,5.083216295130874,-42.90190699299179
2023-06-26 21:00:00,4.876224423092174,-37.64831472114649
2023-06-26 22:00:00,5.321273058495617,-26.3437054064504
2023-06-26 23:00:00,5.596161815714552,-14.488623745319961
2023-06-27 00:00:00,4.999578093411028,-0.8929977932352489
2023-06-27 01:00:00,4.304896551195331,9.258756040590587
2023-06-27 02:00:00,4.434189636672401,12.331151488726146
2023-06-27 03:00:00,5.707910291666497,45.14321060781219
2023-06-27 04:00:00,4.608920872822864,51.93715574646793
2023-06-27 05:00:00,5.47514770942127,51.94921873649966
2023-06-27 06:00:00,4.328933893922899,48.044395330015625
2023-06-27 07:00:00,4.372423080415749,52.22437533639487
2023-06-27 08:00:00,5.21726112108792,34.56641638414726
2023-06-27 09:00:00,4.639082219973599,39.979494382982445
2023-06-27 10:00:00,5.660648113467252,22.37269122248177
2023-06-27 11:00:00,4.988303536880117,6.300955313389227
2023-06-27 12:00:00,4.550894481806927,5.80390455776935
2023-06-27 13:00:00,4.372022561029455,-10.406005024730748
2023-06-27 14:00:00,5.932354516226155,-27.424539832948977
2023-06-27 15:00:00,4.903617402759797,-35.60055938385763
2023-06-27 16:00:00,4.954920741312493,-47.947154456544084
2023-06-27 17:00:00,4.890636049389306,-45.692314104126524
2023-06-27 18:00:00,5.10687216083277,-47.62393359528103
2023-06-27 19:00:00,5.113649453498918,-46.44103118477561
2023-06-27 20:00:00,5.015662020172206,-54.03635876874377
2023-06-27 21:00:00,4.132479676410386,-34.165584714184774
2023-06-27 22:00:00,5.3680712850973675,-30.60932098653047
2023-06-27 23:00:00,4.872437865674711,-8.467364187806762
2023-06-28 00:00:00,5.528953337776764,-0.3269235780749551
2023-06-28 01:00:00,5.820826848774505,23.88341144882066
2023-06-28 02:00:00,4.992758995559551,22.210440983969654
2023-06-28 03:00:00,5.088993033790994,28.33435841052843
2023-06-28 04:00:00,4.838659462720004,39.05490907029812
2023-06-28 05:00:00,4.341773746360992,48.34801958158116
2023-06-28 06:00:00,5.7198276819958815,44.564898085967876
2023-06-28 07:00:00,4.8041662807173795,36.36654620644569
2023-06-28 08:00:00,5.107234407234441,46.500810966198365
2023-06-28 09:00:00,4.138534277446476,45.73759955776792
2023-06-28 10:00:00,4.449966381243121,31.935094869679798
2023-06-28 11:00:00,3.875658597782709,11.15414026140506
2023-06-28 12:00:00,5.072771977268004,-2.8671337251802216
2023-06-28 13:00:00,4.547380233256575,-13.20429267206632
2023-06-28 14:00:00,4.76390642914444,-19.292877194855784
2023-06-28 15:00:00,5.070060433358878,-38.239169882823234
2023-06-28 16:00:00,4.231805281366396,-44.33093904275572
2023-06-28 17:00:00,4.724617234301419,-37.08534903818048
2023-06-28 18:00:00,5.115978664904112,-49.30956340085225
2023-06-28 19:00:00,5.064650916371656,-41.19219752033192
2023-06-28 20:00:00,3.907129294782058,-41.671788351157815
2023-06-28 21:00:00,5.213297392312347,-35.59327477906775
2023-06-28 22:00:00,4.4319528525997285,-25.116711271785885
2023-06-28 23:00:00,5.094082325850858,-20.23241872033881
2023-06-29 00:00:00,5.102204816942429,2.1568007637419004
2023-06-29 01:00:00,5.686307134704935,15.473761482943384
2023-06-29 02:00:00,4.99875375598202,19.609233995478174
2023-06-29 03:00:00,4.769906742853598,41.13495343718952
2023-06-29 04:00:00,4.488732668655699,43.853130618223425
2023-06-29 05:00:00,5.178118299503839,46.97410172937488
2023-06-29 06:00:00,4.26542678703731,57.58854121355268
2023-06-29 07:00:00,4.618898702001353,40.96892371367514
2023-06-29 08:00:00,3.507013969062365,45.54702744521552
2023-06-29 09:00:00,4.249321150275981,38.61486139257653
2023-06-29 10:00:00,5.465830327139802,26.384198120565056
2023-06-29 11:00:00,4.564044261620277,10.209729422786143
2023-06-29 12:00:00,4.831768256831881,10.955246868846022
2023-06-29 13:00:00,4.529335133027315,-9.323133440920186
2023-06-29 14:00:00,5.514341360439515,-29.625242523385104
2023-06-29 15:00:00,4.8054569185625144,-38.528347891415486
2023-06-29 16:00:00,5.014785345443173,-52.398893596996786
2023-06-29 17:00:00,4.6029937534974374,-49.09465581432004
2023-06-29 18:00:00,5.99553457371702,-39.667215434130554
2023-06-29 19:00:00,4.318571512428271,-55.37998493160356
2023-06-29 20:00:00,4.727724118849951,-41.75115296559614
2023-06-29 21:00:00,5.703823946223046,-37.10234089756399
2023-06-29 22:00:00,4.916627855566068,-23.398415110458973
2023-06-29 23:00:00,5.219430590072437,-11.086973719862298
2023-06-30 00:00:00,5.3129596152210725,0.8900430765559364
2023-06-30 01:00:00,5.266238450753512,5.788891272447895
2023-06-30 02:00:00,5.54862713188822,20.81340740896988
2023-06-30 03:00:00,5.390515988032135,33.31667533311299
2023-06-30 04:00:00,4.027469169065146,43.87859849110267
2023-06-30 05:00:00,5.363987986703994,55.07286606881156
2023-06-30 06:00:00,4.809719946193841,60.83144428126622
2023-06-30 07:00:00,5.2486923188201855,47.705933143003904
2023-06-30 08:00:00,4.411830060642833,41.12396527076555
2023-06-30 09:00:00,5.382796795581415,36.10333761246314
2023-06-30 10:00:00,4.7820425835121405,26.39280825546256
2023-06-30 11:00:00,4.764602735964474,22.213708331368416
2023-06-30 12:00:00,5.426232746121951,-7.220813433745143
2023-06-30 13:00:00,4.720974736258364,-9.401130144548382
2023-06-30 14:00:00,5.002720443894091,-19.232385212100578
2023-06-30 15:00:00,5.0684075131138036,-39.93039963266073
2023-06-30 16:00:00,5.12629876355051,-36.79448473579483
2023-06-30 17:00:00,4.838613950370007,-53.32300804485973
2023-06-30 18:00:00,4.833553305958471,-57.420838274479806
2023-06-30 19:00:00,4.750540382452763,-49.45228690376083
2023-06-30 20:00:00,5.4371270108023,-39.47301729440335
2023-06-30 21:00:00,5.074507433100394,-44.88516763874183
2023-06-30 22:00:00,5.482299040991207,-33.683791999373376
2023-06-30 23:00:00,5.376788276650174,-7.573091496958407
2023-07-01 00:00:00,5.334964257708047,-0.7686573662868417
2023-07-01 01:00:00,4.751604790203732,14.822420187011474
2023-07-01 02:00:00,5.040781485236354,27.926829329249852
2023-07-01 03:00:00,4.033006116069508,28.0097906865626
2023-07-01 04:00:00,4.243539131291995,40.388810078033515
2023-07-01 05:00:00,3.4378192741430507,48.09513487933301
2023-07-01 06:00:00,4.836708646435817,45.531608304973
2023-07-01 07:00:00,5.642799436979017,46.32032781368708
2023-07-01 08:00:00,5.31908459584364,47.95094340869827
2023-07-01 09:00:00,4.648344454044359,25.066645429475894
2023-07-01 10:00:00,5.680926656903624,25.810149518811084
2023-07-01 11:00:00,4.88151554593185,7.709864121052643
2023-07-01 12:00:00,5.7379340389699305,-1.412439260784452
2023-07-01 13:00:00,4.18570973729655,-14.211351998134013
2023-07-01 14:00:00,5.017089592839987,-24.454385756880995
2023-07-01 15:00:00,4.492818021022562,-35.7234915457917
2023-07-01 16:00:00,4.937399513350764,-41.79550425965209
2023-07-01 17:00:00,4.092158912978315,-45.21299290945317
2023-07-01 18:00:00,4.654553467713049,-57.84947244307605
2023-07-01 19:00:00,5.461422638557438,-50.04055950844475
2023-07-01 20:00:00,5.271044083593482,-47.24182812830403
2023-07-01 21:00:00,5.262245280581536,-44.023717040940326
2023-07-01 22:00:00,4.941927798212398,-29.925890254041857
2023-07-01 23:00:00,4.701380661173378,-7.836016343011808
2023-07-02 00:00:00,4.871426916483454,-1.271945880766471
2023-07-02 01:00:00,5.214051846358364,15.509320599021732
2023-07-02 02:00:00,5.282633269365908,27.159897412326195
2023-07-02 03:00:00,4.209700967501595,30.832693943528774
2023-07-02 04:00:00,5.055848608119531,45.99363086524891
2023-07-02 05:00:00,5.185915678889302,42.77885703450495
2023-07-02 06:00:00,4.6590009145798525,53.62463446796228
2023-07-02 07:00:00,5.273626679237371,45.32151292874971
2023-07-02 08:00:00,4.446642589864686,36.63235596491998
2023-07-02 09:00:00,5.1590962626089,36.057686796023845
2023-07-02 10:00:00,3.649151818698723,21.469373590799435
2023-07-02 11:00:00,4.732947211936766,16.087445330302526
2023-07-02 12:00:00,4.652188023505614,3.555705442309769
2023-07-02 13:00:00,5.666658721269137,-27.873453039409412
2023-07-02 14:00:00,4.831333913411102,-7.781319686753289
2023-07-02 15:00:00,4.4875572929573355,-41.77242509537176
2023-07-02 16:00:00,5.502516767903955,-39.71679531343854
2023-07-02 17:00:00,5.026366227508965,-50.55936082427823
2023-07-02 18:00:00,5.142345523180254,-48.347596282689004
2023-07-02 19:00:00,4.6746886095374744,-51.41855164330667
2023-07-02 20:00:00,5.704482577868898,-35.93334742095509
2023-07-02 21:00:00,4.829817629789924,-42.52585217847756
2023-07-02 22:00:00,4.846557830771824,-19.831345513074886
2023-07-02 23:00:00,5.197352149226847,-22.50799698194143
2023-07-03 00:00:00,5.2464034940930055,0.48385868566369256
2023-07-03 01:00:00,6.181174213901215,6.006811168004006
2023-07-03 02:00:00,5.551248683517041,28.565937821910598
2023-07-03 03:00:00,5.120624630041061,37.06586466569818
2023-07-03 04:00:00,4.476385180146171,45.92661754814288
2023-07-03 05:00:00,4.468094561943364,46.94785088593224
2023-07-03 06:00:00,5.025284786629621,48.6756974821764
2023-07-03 07:00:00,5.912644689430881,47.61955674055126
2023-07-03 08:00:00,5.681501778157827,37.43125116075509
2023-07-03 09:00:00,5.250588520477694,48.23487453793092
2023-07-03 10:00:00,4.261972138918531,21.01672967293363
2023-07-03 11:00:00,4.4845415843199925,10.939905237172805
2023-07-03 12:00:00,4.811652043433777,1.6039485704151766
2023-07-03 13:00:00,4.965876893624409,-15.180808652380616
2023-07-03 14:00:00,4.793681621747326,-23.572180987633043
2023-07-03 15:00:00,5.589087154102349,-44.61188689693749
2023-07-03 16:00:00,5.6917452022668344,-43.48298460605657
2023-07-03 17:00:00,4.799843822026,-52.995660475561984
2023-07-03 18:00:00,4.774735135593285,-47.989864926334675
2023-07-03 19:00:00,4.809904218028054,-40.653453809318535
2023-07-03 20:00:00,4.769170106347793,-33.84086617146109
2023-07-03 21:00:00,5.194665358637136,-37.617533794836945
2023-07-03 22:00:00,4.849968909917287,-37.53882145101377
2023-07-03 23:00:00,5.5349647716901575,-11.302425052261288
2023-07-04 00:00:00,4.887847168741332,-1.8628381908986158
2023-07-04 01:00:00,4.61147656173331,8.252600205111406
2023-07-04 02:00:00,5.00343695205307,26.290603748762905
2023-07-04 03:00:00,4.911993087599959,36.40541357793257
2023-07-04 04:00:00,5.015014876430877,46.87672889905704
2023-07-04 05:00:00,4.876654942202075,45.762638594069564
2023-07-04 06:00:00,3.995658811756108,46.990097673423534
2023-07-04 07:00:00,4.676712640596508,45.14959029463699
2023-07-04 08:00:00,5.436455893316501,39.91214394013309
2023-07-04 09:00:00,4.735265924371253,38.73523971662246
2023-07-04 10:00:00,4.077224788041391,21.011987252317816
2023-07-04 11:00:00,5.048040854071784,5.7794319897872715
2023-07-04 12:00:00,5.450411434917856,2.454774294609017
2023-07-04 13:00:00,5.822682483713655,-10.705517164945274
2023-07-04 14:00:00,5.356217974502046,-15.437116399470032
2023-07-04 15:00:00,5.51739741421067,-22.946714682952564
2023-07-04 16:00:00,5.405299432298549,-35.70507249900504
2023-07-04 17:00:00,5.075216563384152,-44.93968795155282
2023-07-04 18:00:00,4.430798144024778,-50.10053810994416
2023-07-04 19:00:00,4.94868285012655,-52.100762911234206
2023-07-04 20:00:00,5.343902428914456,-32.17638687596735
2023-07-04 21:00:00,5.028328198063767,-33.40274132020723
2023-07-04 22:00:00,5.583699616774087,-17.740836495422084
2023-07-04 23:00:00,5.11895939889663,-13.196984548872665
2023-07-05 00:00:00,4.827055643580492,2.5580245034000155
2023-07-05 01:00:00,5.211648665513329,13.90100729642117
2023-07-05 02:00:00,4.616634454069105,21.64678350188014
2023-07-05 03:00:00,5.0333622021203634,38.09040149486109
2023-07-05 04:00:00,4.861461395054298,54.584110843014024
2023-07-05 05:00:00,4.47572596635173,45.66522807449022
2023-07-05 06:00:00,5.36729269483552,48.94399779974617
2023-07-05 07:00:00,4.530411389459497,39.122628928702945
2023-07-05 08:00:00,5.133645578085979,46.38082695229135
2023-07-05 09:00:00,4.8137118118523965,38.33875663949304
2023-07-05 10:00:00,5.1582925046857175,27.828417304555053
2023-07-05 11:00:00,5.019430810245719,11.584598202329873
2023-07-05 12:00:00,4.70294886034663,-1.9801681957114055
2023-07-05 13:00:00,4.980964585418521,-11.987548943952552
2023-07-05 14:00:00,5.036899526314318,-22.39603989922663
2023-07-05 15:00:00,5.631456588836532,-35.41834789925569
2023-07-05 16:00:00,5.923702146049818,-45.66612061004447
2023-07-05 17:00:00,4.507141401154332,-56.22893785954108
2023-07-05 18:00:00,4.6656035271346274,-45.14342080482072
2023-07-05 19:00:00,3.8392401526684994,-47.622686792775816
2023-07-05 20:00:00,4.416723440954513,-50.39155291773528
2023-07-05 21:00:00,4.531440255149715,-32.235883100587856
2023-07-05 22:00:00,3.93832621363,-21.685605023306298
2023-07-05 23:00:00,4.195835914721106,-15.367490827745334
2023-07-06 00:00:00,4.856924884259767,-5.207448164535064
2023-07-06 01:00:00,4.740002710428638,18.171586798764217
2023-07-06 02:00:00,4.776445458630582,22.552702211184155
2023-07-06 03:00:00,4.564844556545952,23.580239055527272
2023-07-06 04:00:00,6.400431465371265,42.948919011973295
2023-07-06 05:00:00,5.186522254279935,49.00694919867886
2023-07-06 06:00:00,4.975407245646522,50.55471653180839
2023-07-06 07:00:00,5.640855390992767,44.71785219295572
2023-07-06 08:00:00,4.910459923628906,43.59313436185158
2023-07-06 09:00:00,4.305692390550878,38.87316078095073
2023-07-06 10:00:00,4.622444558449218,14.325710554300587
2023-07-06 11:00:00,5.800239204421767,15.661020800430297
2023-07-06 12:00:00,4.826283461131558,4.245258185017709
2023-07-06 13:00:00,4.121223440912646,-14.642531615676726
2023-07-06 14:00:00,5.38423339502244,-31.700590081694713
2023-07-06 15:00:00,5.166071235746767,-30.85605099486309
2023-07-06 16:00:00,4.701091699457353,-36.857187680447026
2023-07-06 17:00:00,5.090618708050028,-53.896192249537314
2023-07-06 18:00:00,5.660747070210981,-50.85173378880281
2023-07-06 19:00:00,5.359103578801448,-53.217135042790055
2023-07-06 20:00:00,4.888967629886438,-46.41681977111967
2023-07-06 21:00:00,5.5876589188461745,-35.59084457875154
2023-07-06 22:00:00,5.756240127407789,-20.359615473802393
2023-07-06 23:00:00,4.509319180519255,-9.86821263512645
2023-07-07 00:00:00,6.0969339783686625,0.7004024153834975
2023-07-07 01:00:00,5.053392755825449,23.984190002277444
2023-07-07 02:00:00,5.336543258927438,18.503500120267557
2023-07-07 03:00:00,5.053947454311993,32.51457770961417
2023-07-07 04:00:00,5.2947717632660805,43.82897087837912
2023-07-07 05:00:00,5.269345625511702,46.73870890323457
2023-07-07 06:00:00,4.743911374775572,48.96737019539815
2023-07-07 07:00:00,5.120065237096337,52.62106035608696
2023-07-07 08:00:00,5.5643442019443246,38.882832614691246
2023-07-07 09:00:00,4.735993580008582,44.23400215612911
2023-07-07 10:00:00,5.504545301925225,20.435862171276902
2023-07-07 11:00:00,4.276451092650559,9.242439388829451
2023-07-07 12:00:00,5.340656814188441,5.689849994860649
2023-07-07 13:00:00,6.390164583045196,-6.866755696679449
2023-07-07 14:00:00,5.220149671763379,-26.619781376505987
2023-07-07 15:00:00,4.329055539264743,-29.136510795179166
2023-07-07 16:00:00,5.443436158899026,-47.83716573638215
2023-07-07 17:00:00,5.785350531371103,-57.83736726431495
2023-07-07 18:00:00,5.269885922506986,-45.045267778426336
2023-07-07 19:00:00,4.805747926540817,-55.85890846670629
2023-07-07 20:00:00,4.54031005666324,-43.37174392809156
2023-07-07 21:00:00,5.042273903926959,-25.832926571590143
2023-07-07 22:00:00,5.2898820487389795,-29.729414897311113
2023-07-07 23:00:00,4.092389980151882,-19.41376764769943
2023-07-08 00:00:00,5.678652046891626,-4.765361523104848
2023-07-08 01:00:00,3.524834503385602,6.79843222799144
2023-07-08 02:00:00,5.496341330895491,19.46836765759317
2023-07-08 03:00:00,5.392757116227263,27.663685668020754
2023-07-08 04:00:00,5.539013473444692,48.15707268537378
2023-07-08 05:00:00,4.330686261861116,39.887038560893515
2023-07-08 06:00:00,5.518849794614208,53.25749761134178
2023-07-08 07:00:00,6.198585035372713,40.04667469115249
2023-07-08 08:00:00,4.9306091148606574,44.06484014260654
2023-07-08 09:00:00,5.1337024387306744,39.79643535108191
2023-07-08 10:00:00,4.293154126506525,24.82246655326751
2023-07-08 11:00:00,4.612003911581741,6.875143119876711
2023-07-08 12:00:00,4.8585977917269485,-0.22975812877685528
2023-07-08 13:00:00,4.338429159558029,-15.628458778653197
2023-07-08 14:00:00,4.464893321648484,-25.940266873535432
2023-07-08 15:00:00,4.789604778307665,-41.80137343741935
2023-07-08 16:00:00,5.281038241673764,-41.50538787072897
2023-07-08 17:00:00,4.286696571602159,-49.68641720543461
2023-07-08 18:00:00,4.975047131482655,-46.18985859824988
2023-07-08 19:00:00,4.209352992935858,-43.116889747526585
2023-07-08 20:00:00,4.973748918196749,-41.557490855243415
2023-07-08 21:00:00,5.704340681347349,-36.965191207857856
2023-07-08 22:00:00,5.1343466179531,-28.84591956966978
2023-07-08 23:00:00,5.609082362201578,-17.303477684649387
2023-07-09 00:00:00,5.013320605772698,1.6607943392993785
2023-07-09 01:00:00,5.182396353523469,15.531099326219811
2023-07-09 02:00:00,4.577967016858733,24.325964401944837
2023-07-09 03:00:00,5.349883757290825,35.28872804096803
2023-07-09 04:00:00,4.687034357445029,36.3702473607658
2023-07-09 05:00:00,4.3896703250725775,49.01256687622003
2023-07-09 06:00:00,4.977024942940354,47.69451600045384
2023-07-09 07:00:00,4.2471102591202685,54.09495915162012
2023-07-09 08:00:00,5.317345563432531,44.91253032188588
2023-07-09 09:00:00,5.966600601801139,33.83551169115413
2023-07-09 10:00:00,4.858224072670945,26.965108050520772
2023-07-09 11:00:00,4.881173949276512,22.335442532195934
2023-07-09 12:00:00,5.251060386239697,4.361125702175009
2023-07-09 13:00:00,5.2972787497595535,-15.788988774380528
2023-07-09 14:00:00,5.064906925960861,-22.448744952937627
2023-07-09 15:00:00,4.189110562539407,-20.850464084392655
2023-07-09 16:00:00,5.603143296295082,-38.91791992732679
2023-07-09 17:00:00,5.537924408302707,-48.929645002610606
2023-07-09 18:00:00,4.389284540250339,-43.784012351332734
2023-07-09 19:00:00,3.6006887316558416,-57.2756610780545
2023-07-09 20:00:00,6.361732905434696,-48.55589910857985
2023-07-09 21:00:00,4.636860125415702,-44.76863535164703
2023-07-09 22:00:00,4.294618233801374,-32.91321653136583
2023-07-09 23:00:00,3.5477788792287805,-12.869637008791953
2023-07-10 00:00:00,4.7460311982700585,-6.89388514715502
2023-07-10 01:00:00,5.275704652135118,7.911508505843652
2023-07-10 02:00:00,5.958301863937497,16.418402523959603
2023-07-10 03:00:00,4.810381184443842,37.67908380440252
2023-07-10 04:00:00,4.090767703103641,37.17190857290271
2023-07-10 05:00:00,5.216615392170834,52.65764730597821
2023-07-10 06:00:00,5.145365966734155,49.3141576141314
2023-07-10 07:00:00,4.650810562549215,55.27310541137973
2023-07-10 08:00:00,4.840944652379016,41.515716965143355
2023-07-10 09:00:00,5.077020519868585,39.69245813575198
2023-07-10 10:00:00,5.403002684201295,26.030667907553045
2023-07-10 11:00:00,5.2777560892923665,15.982181898717638
2023-07-10 12:00:00,5.132529883144499,4.742065812169858
2023-07-10 13:00:00,5.024455444870095,-12.022411346736536
2023-07-10 14:00:00,5.97121862032297,-23.098217518989312
2023-07-10 15:00:00,5.271856802030097,-32.54921079358023
2023-07-10 16:00:00,5.5545355144203885,-51.362552425109655
2023-07-10 17:00:00,5.438247608756836,-46.4485623415846
2023-07-10 18:00:00,5.1767036288392845,-45.81402109251847
2023-07-10 19:00:00,5.745077025047249,-48.705040087319844
2023-07-10 20:00:00,4.620501657665679,-50.06810533166331
2023-07-10 21:00:00,5.413112766853166,-32.856640529180176
2023-07-10 22:00:00,4.341918450523761,-32.014920074467646
2023-07-10 23:00:00,5.032981366435834,-21.35098567100871
2023-07-11 00:00:00,4.034833311531969,5.815375502403972
2023-07-11 01:00:00,4.370655599607333,15.551945214706908
2023-07-11 02:00:00,4.788734111785554,20.999086450728186
2023-07-11 03:00:00,5.910111172362729,37.47271090029999
2023-07-11 04:00:00,4.917547959048904,42.310137532472986
2023-07-11 05:00:00,5.367686122983702,52.324696073636204
2023-07-11 06:00:00,5.754441664038805,65.26516338451033
2023-07-11 07:00:00,4.888770548787839,43.8660275352789
2023-07-11 08:00:00,5.861384632061041,41.54530533596528
2023-07-11 09:00:00,4.9803965205616025,29.457485783919765
2023-07-11 10:00:00,4.486496592656226,30.225565324183194
2023-07-11 11:00:00,5.550893174013099,11.791939139973643
2023-07-11 12:00:00,5.313880332856496,-1.11138785092476
2023-07-11 13:00:00,4.850951665261801,-15.073870876913741
2023-07-11 14:00:00,4.521910515726668,-27.92372990639558
2023-07-11 15:00:00,5.504064811544017,-37.976041497629296
2023-07-11 16:00:00,4.445316384014984,-45.242310175676984
2023-07-11 17:00:00,3.915799905441597,-44.36584687791466
2023-07-11 18:00:00,5.582205305284524,-45.35361586063248
2023-07-11 19:00:00,5.441433500489489,-47.51219273067069
2023-07-11 20:00:00,5.34032422123807,-36.0929574435223
2023-07-11 21:00:00,4.860226812544907,-32.21209834832679
2023-07-11 22:00:00,5.342319565078908,-28.14439522996312
2023-07-11 23:00:00,4.623002529435725,-8.56278038401041
2023-07-12 00:00:00,5.089868641655369,4.677436106057668
2023-07-12 01:00:00,5.889425195550527,13.79919241733671
2023-07-12 02:00:00,4.983893860343676,23.59316448115481
2023-07-12 03:00:00,5.237179166751876,28.61862994963569
2023-07-12 04:00:00,4.332442845521699,40.9431582822607
2023-07-12 05:00:00,4.762557959608967,39.02351368556624
2023-07-12 06:00:00,4.88890241930481,48.23469706202856
2023-07-12 07:00:00,5.552118943950938,48.53300278386247
2023-07-12 08:00:00,6.031093627850024,48.73335157865322
2023-07-12 09:00:00,5.171449016392657,32.71305085623563
2023-07-12 10:00:00,4.136456655421134,26.25977800781169
2023-07-12 11:00:00,4.41047001342845,18.650742414978318
2023-07-12 12:00:00,5.579644225641333,-5.691653824684472
2023-07-12 13:00:00,4.650621889944405,-10.111568669373277
2023-07-12 14:00:00,5.389145489035982,-33.29486998717159
2023-07-12 15:00:00,5.179036275443941,-40.1259547669004
2023-07-12 16:00:00,5.022527309952935,-47.60622151836026
2023-07-12 17:00:00,5.139202173124505,-51.752426364461584
2023-07-12 18:00:00,5.0913830650580865,-53.58320569504517
2023-07-12 19:00:00,4.338228870275684,-46.599794416068505
2023-07-12 20:00:00,4.857618245974533,-44.3442080787816
2023-07-12 21:00:00,6.0678165997806435,-40.52849974463841
2023-07-12 22:00:00,4.449631787216057,-32.60045799996538
2023-07-12 23:00:00,4.434797953544666,-9.547295702978948
2023-07-13 00:00:00,4.774251732091565,4.787679554950098
2023-07-13 01:00:00,5.947331764904888,12.892012902435518
2023-07-13 02:00:00,4.546787408922788,11.008802709239168
2023-07-13 03:00:00,4.757001545687184,32.80776602126396
2023-07-13 04:00:00,4.491670482209912,39.900455646789645
2023-07-13 05:00:00,4.738985556682626,45.70431110905976
2023-07-13 06:00:00,4.8605050857993115,56.57052301392662
2023-07-13 07:00:00,5.246283548519253,51.652356681724555
2023-07-13 08:00:00,4.185933436216287,47.26575696167801
2023-07-13 09:00:00,5.123449466432924,40.65881890854361
2023-07-13 10:00:00,4.507263790599124,23.02127820935643
2023-07-13 11:00:00,5.223438145112008,11.255606966753728
2023-07-13 12:00:00,4.254330166717022,0.4176423297994758
2023-07-13 13:00:00,4.861030338585573,-15.789217724876494
2023-07-13 14:00:00,4.53970893431551,-27.947485065901073
2023-07-13 15:00:00,5.051294513631042,-31.147883001255547
2023-07-13 16:00:00,5.786690449081862,-40.39271272449884
2023-07-13 17:00:00,5.296776364014166,-58.69842964094634
2023-07-13 18:00:00,5.3122825031789,-50.94710362758295
2023-07-13 19:00:00,4.964430473782653,-42.415710925325556
2023-07-13 20:00:00,4.901958438805901,-39.385923620852004
2023-07-13 21:00:00,4.929884005454938,-34.80914705122817
2023-07-13 22:00:00,4.87423910521366,-17.349694361428405
2023-07-13 23:00:00,4.687663309999744,-14.97658613420587
2023-07-14 00:00:00,4.633245133389935,-1.1902032572694183
2023-07-14 01:00:00,4.624001272511644,2.632055936570138
2023-07-14 02:00:00,4.856418440563712,24.939493158624252
2023-07-14 03:00:00,4.523605542956845,44.707106858209
2023-07-14 04:00:00,5.102540773129191,43.23683997974373
2023-07-14 05:00:00,4.241890099127167,49.348348779991525
2023-07-14 06:00:00,5.177371723625976,49.097586175605585
2023-07-14 07:00:00,4.987931821209911,50.565934399956866
2023-07-14 08:00:00,5.827229275960248,39.99478507588312
2023-07-14 09:00:00,5.649264372755402,44.258666521978355
2023-07-14 10:00:00,4.470099285480192,30.4384774650987
2023-07-14 11:00:00,4.990953192562437,16.47896548858087
2023-07-14 12:00:00,5.1646887449942955,5.86117331131774
2023-07-14 13:00:00,4.696668567204375,-13.088947254088751
2023-07-14 14:00:00,4.546264653956436,-28.319644048803017
2023-07-14 15:00:00,5.11871471691333,-33.50367998036518
2023-07-14 16:00:00,5.330066994184781,-37.320561768369664
2023-07-14 17:00:00,5.015504762040786,-49.70748037325075
2023-07-14 18:00:00,4.914710271785787,-51.487334349064604
2023-07-14 19:00:00,4.907936612485124,-47.70698620986973
2023-07-14 20:00:00,4.434224182903216,-53.190557972005784
2023-07-14 21:00:00,5.350948800991721,-40.538933269739594
2023-07-14 22:00:00,5.102766774576183,-27.86671553890991
2023-07-14 23:00:00,5.062636047161281,-7.05187626086683
2023-07-15 00:00:00,5.239142056859918,2.0362765611763805
2023-07-15 01:00:00,6.316146000877188,7.697193345219398
2023-07-15 02:00:00,5.941786769127155,26.692670934814934
2023-07-15 03:00:00,5.225299513142946,35.866192955592226
2023-07-15 04:00:00,4.691265423851256,40.74078005454159
2023-07-15 05:00:00,5.431215378459399,45.220113992449754
2023-07-15 06:00:00,4.888753376456134,61.83542237540443
2023-07-15 07:00:00,5.0656523759853584,39.393342895676184
2023-07-15 08:00:00,5.424318960449265,40.52407877907889
2023-07-15 09:00:00,5.256418836289246,39.4275352682718
2023-07-15 10:00:00,5.096168984215183,20.663693419489515
2023-07-15 11:00:00,5.2915193355867105,10.204986451901801
2023-07-15 12:00:00,5.547213530700011,-5.926352831080432
2023-07-15 13:00:00,4.340935804305801,-11.682449668715485
2023-07-15 14:00:00,5.274195902321693,-23.17051438614282
2023-07-15 15:00:00,4.550311866259623,-40.764113150138286
2023-07-15 16:00:00,5.220740737922963,-36.083009132723646
2023-07-15 17:00:00,4.410336191886689,-53.11707978784421
2023-07-15 18:00:00,5.016675750907035,-47.720763635457715
2023-07-15 19:00:00,5.063320668453675,-54.71250644308034
2023-07-15 20:00:00,4.95407167457885,-40.53274254696342
2023-07-15 21:00:00,5.3315224427966825,-32.77477845650038
2023-07-15 22:00:00,4.841835841717815,-28.65044622051701
2023-07-15 23:00:00,4.879712835233599,-11.055808680250804
2023-07-16 00:00:00,4.957963209987822,1.7301759565200572
2023-07-16 01:00:00,4.668352145256669,11.798605790685684
2023-07-16 02:00:00,4.774003589160183,29.13978505839512
2023-07-16 03:00:00,5.361036485046195,30.90370124580619
2023-07-16 04:00:00,5.384549489033978,49.504231798298285
2023-07-16 05:00:00,4.607764186985785,51.01887520965236
2023-07-16 06:00:00,5.338126298828647,43.627659127132134
2023-07-16 07:00:00,4.266903104184632,51.08107494116411
2023-07-16 08:00:00,4.839916485200519,42.2327761051262
2023-07-16 09:00:00,4.432740229851674,32.432395483686605
2023-07-16 10:00:00,5.038435062550405,28.843953504521334
2023-07-16 11:00:00,5.003520437007797,18.171904125030725
2023-07-16 12:00:00,5.70047696958573,-11.646902649211471
2023-07-16 13:00:00,5.658389722298342,-13.214555482759527
2023-07-16 14:00:00,4.776966237856419,-25.662335290155013
2023-07-16 15:00:00,5.023854718878768,-37.99702523063344
2023-07-16 16:00:00,4.558927107536243,-42.3317426853622
2023-07-16 17:00:00,4.67264171024707,-43.092877082583264
2023-07-16 18:00:00,4.230567215023689,-56.480589553384874
2023-07-16 19:00:00,5.282194394928295,-52.03734084404183
2023-07-16 20:00:00,4.633576262117488,-46.95452147393828
2023-07-16 21:00:00,4.626516981974229,-32.482219778827115
2023-07-16 22:00:00,4.763613098473256,-27.843413516647008
2023-07-16 23:00:00,4.757019401409682,-9.116437315412561
2023-07-17 00:00:00,4.5526300123956975,4.590925917741134
2023-07-17 01:00:00,5.399725917359442,11.880087779626542
2023-07-17 02:00:00,5.0221758225567,25.924305524398278
2023-07-17 03:00:00,4.65992592003257,34.68082972553734
2023-07-17 04:00:00,4.965028436973477,53.47276167141747
2023-07-17 05:00:00,4.904465588028963,43.51439517263144
2023-07-17 06:00:00,4.9100743381343905,42.477157046763885
2023-07-17 07:00:00,5.292422522642738,35.2744277544399
2023-07-17 08:00:00,5.187084666967391,44.38032944356113
2023-07-17 09:00:00,5.958987115259888,36.54530687337252
2023-07-17 10:00:00,4.5123889099634455,19.32971796989328
2023-07-17 11:00:00,5.842621780299634,9.13873657561281
2023-07-17 12:00:00,5.171433430085939,4.946269987008133
2023-07-17 13:00:00,4.955863614660583,-8.824927076452463
2023-07-17 14:00:00,4.545833026622779,-26.198862120801195
2023-07-17 15:00:00,4.707462028450506,-37.6219709190981
2023-07-17 16:00:00,5.063996593441485,-45.778478975386626
2023-07-17 17:00:00,4.461956318409348,-46.513522853991944
2023-07-17 18:00:00,4.95280760506395,-48.13908696972418
2023-07-17 19:00:00,5.93758394497366,-44.327249087283064
2023-07-17 20:00:00,5.1334283826080345,-39.91126345210027
2023-07-17 21:00:00,5.225380591660931,-39.266195960585925
2023-07-17 22:00:00,4.4863386729787065,-24.426130120012857
2023-07-17 23:00:00,5.243131573262375,-10.562356757727219
2023-07-18 00:00:00,4.220197286663742,-2.6693524898068466
2023-07-18 01:00:00,3.8573310882230043,12.874815693516418
2023-07-18 02:00:00,5.227915402483846,21.71698624013592
2023-07-18 03:00:00,5.065882148436851,31.073100209259373
2023-07-18 04:00:00,5.691306847394704,37.07958729459318
2023-07-18 05:00:00,4.1077847281366,42.52490145916363
2023-07-18 06:00:00,5.410422267747157,48.02388207474402
2023-07-18 07:00:00,4.886431733356357,45.180981001869625
2023-07-18 08:00:00,5.351590668736768,47.73298362570851
2023-07-18 09:00:00,4.289974951090605,31.68776713157331
2023-07-18 10:00:00,5.234156707034062,24.212441597057957
2023-07-18 11:00:00,4.221388468163124,13.951728781422162
2023-07-18 12:00:00,5.689037953306311,-4.230405620094785
2023-07-18 13:00:00,4.711555016479479,-14.85685461026581
2023-07-18 14:00:00,4.895876737970944,-38.53677824336161
2023-07-18 15:00:00,5.178599653348284,-30.00184744097909
2023-07-18 16:00:00,4.545177272974288,-41.80096895350203
2023-07-18 17:00:00,5.368638978748943,-34.27461301680086
2023-07-18 18:00:00,5.578447253108404,-50.654774893437946
2023-07-18 19:00:00,4.213381696906092,-45.062758584385676
2023-07-18 20:00:00,4.768842150426804,-38.50139880084154
2023-07-18 21:00:00,4.704858861000442,-34.44443253306955
2023-07-18 22:00:00,4.481995591349314,-32.456968683628666
2023-07-18 23:00:00,4.9707496027879525,-2.2765408096278605
2023-07-19 00:00:00,5.195740373643708,-1.0591717082097762
2023-07-19 01:00:00,4.5780734485158305,11.167960017902095
2023-07-19 02:00:00,5.809328503180549,25.74382886587593
2023-07-19 03:00:00,4.995061518877997,43.71505815171348
2023-07-19 04:00:00,5.069114810717064,47.57180603318608
2023-07-19 05:00:00,5.097551462225439,52.79352830436432
2023-07-19 06:00:00,4.293571738004485,48.923664515608166
2023-07-19 07:00:00,4.211285958104155,55.87951409986322
2023-07-19 08:00:00,5.603473348906854,42.158010519657715
2023-07-19 09:00:00,5.653976224074861,28.493363518299553
2023-07-19 10:00:00,5.481102915147922,24.66271098984393
2023-07-19 11:00:00,4.77357958659748,12.902987029864832
2023-07-19 12:00:00,4.622525276218952,-4.911062827605822
2023-07-19 13:00:00,4.722728444896861,-15.916425746331605
2023-07-19 14:00:00,3.9602529913731885,-28.49995593589852
2023-07-19 15:00:00,4.848060415783453,-29.06697982534224
2023-07-19 16:00:00,4.948375395029144,-45.45287298348468
2023-07-19 17:00:00,4.921683712997334,-45.110048348242444
2023-07-19 18:00:00,4.6471638389327525,-46.2646043790683
2023-07-19 19:00:00,5.108370662364431,-43.72815329306693
2023-07-19 20:00:00,5.511421490623354,-39.997322870865034
2023-07-19 21:00:00,4.494495891789988,-33.77904466190311
2023-07-19 22:00:00,4.73295946947617,-36.97076804480239
2023-07-19 23:00:00,3.1086922449123384,-21.892572568784765
2023-07-20 00:00:00,5.624227867977208,-4.282763954465659
2023-07-20 01:00:00,4.7214684757074945,9.98274811397929
2023-07-20 02:00:00,5.049612118281361,21.673490375313026
2023-07-20 03:00:00,4.739284495477934,36.14048102459001
2023-07-20 04:00:00,5.041739912758017,44.007581738304445
2023-07-20 05:00:00,5.26810199493537,40.85793649453204
2023-07-20 06:00:00,4.665485589577715,54.23770351132025
2023-07-20 07:00:00,5.22620783205544,49.85315803727222
2023-07-20 08:00:00,4.111969323657601,41.86654866899721
2023-07-20 09:00:00,5.358884015447243,35.42240492411689
2023-07-20 10:00:00,4.564400493323932,30.87935843588573
2023-07-20 11:00:00,5.283402571184671,13.45972759970809
2023-07-20 12:00:00,5.240808756005497,2.8656477765216604
2023-07-20 13:00:00,6.342946705429542,-19.687540210675525
2023-07-20 14:00:00,5.444712159840598,-25.579303612604562
2023-07-20 15:00:00,5.605389880539133,-37.62993596922902
2023-07-20 16:00:00,5.138383645705716,-46.108646821028124
2023-07-20 17:00:00,5.079108775596069,-49.1872397190075
2023-07-20 18:00:00,4.046603235036327,-48.628539297281
2023-07-20 19:00:00,5.694024881393899,-47.2564693145956
2023-07-20 20:00:00,5.975943167574848,-41.65065307446976
2023-07-20 21:00:00,4.994112959820716,-47.392392691253605
2023-07-20 22:00:00,4.649839532900265,-23.331800755272134
2023-07-20 23:00:00,4.702321271158887,-10.08980023303187
2023-07-21 00:00:00,4.904406675161179,-5.81969759798127
2023-07-21 01:00:00,4.601844674302649,16.0113317668053
2023-07-21 02:00:00,5.125252172961938,30.232502864604676
2023-07-21 03:00:00,5.474198006603457,36.196786166074844
2023-07-21 04:00:00,4.9322342050194345,42.14795934389465
2023-07-21 05:00:00,5.230506195504891,48.276575854268835
2023-07-21 06:00:00,5.484068366038171,45.070990205367984
2023-07-21 07:00:00,4.811707748737035,46.21388720985246
2023-07-21 08:00:00,5.813444686648316,44.86192925241238
2023-07-21 09:00:00,5.965688311129687,42.45368058354541
2023-07-21 10:00:00,5.663146742720214,29.065076935640782
2023-07-21 11:00:00,5.126010637337395,3.5412139652956522
2023-07-21 12:00:00,4.492024149305045,-4.93953222371631
2023-07-21 13:00:00,5.28426054866147,-15.730284557427092
2023-07-21 14:00:00,5.194488686362593,-22.7136672801661
2023-07-21 15:00:00,5.917452358399278,-35.076053909562106
2023-07-21 16:00:00,4.823794247409503,-29.037203061103533
2023-07-21 17:00:00,4.6314838199748225,-45.026626022372
2023-07-21 18:00:00,5.910577362195481,-47.70274859755422
2023-07-21 19:00:00,4.8848905884064076,-45.43447845510503
2023-07-21 20:00:00,5.010485229994351,-42.34434842552898
2023-07-21 21:00:00,4.679957907932513,-29.47268561385179
2023-07-21 22:00:00,5.097119310197481,-26.132219102988635
2023-07-21 23:00:00,5.000991164251024,-18.533682739010548
2023-07-22 00:00:00,4.996238548029624,2.263815616970573
2023-07-22 01:00:00,5.072564824100691,18.25537447030976
2023-07-22 02:00:00,5.01738655171659,25.85004878058764
2023-07-22 03:00:00,4.376299701293537,33.664702119287895
2023-07-22 04:00:00,5.575558702696236,56.21562821435382
2023-07-22 05:00:00,5.428092068830255,42.195872701996976
2023-07-22 06:00:00,5.286356827249007,50.01733107242656
2023-07-22 07:00:00,4.642307957028689,51.80573936716384
2023-07-22 08:00:00,5.559324561905523,42.766929456900755
2023-07-22 09:00:00,4.965354989681754,35.8209791584632
2023-07-22 10:00:00,4.797708803179044,23.567962077182884
2023-07-22 11:00:00,4.908851506004301,15.971814652385943
2023-07-22 12:00:00,4.927501081569813,1.0602073795070261
2023-07-22 13:00:00,4.41463929252119,-11.21577147645585
2023-07-22 14:00:00,5.387330292216203,-28.343569555217705
2023-07-22 15:00:00,5.081272095160087,-32.92832828486129
2023-07-22 16:00:00,5.435965253291271,-51.63752955535131
2023-07-22 17:00:00,4.7143836443038865,-45.264434706896004
2023-07-22 18:00:00,5.2028018381360095,-36.855927508425786
2023-07-22 19:00:00,4.954725909840421,-45.89607232033831
2023-07-22 20:00:00,4.788837904498369,-43.43403248821277
2023-07-22 21:00:00,5.175231829806542,-32.26369104823982
2023-07-22 22:00:00,5.342773754648336,-24.647108887436705
2023-07-22 23:00:00,4.697721742805657,-4.5466100311092
2023-07-23 00:00:00,5.789006742619011,6.1528280638593404
2023-07-23 01:00:00,4.876088774403624,11.985089730234506
2023-07-23 02:00:00,6.093262397144272,20.29724271641039
2023-07-23 03:00:00,4.626427125055057,36.457307160337535
2023-07-23 04:00:00,4.830243056912998,44.392202329035754
2023-07-23 05:00:00,3.9581134508671654,50.3468571747639
2023-07-23 06:00:00,4.998037171782782,55.46131598831326
2023-07-23 07:00:00,5.603571321036294,57.449354817795
2023-07-23 08:00:00,4.495341521092547,41.498602054074055
2023-07-23 09:00:00,5.322410760004222,28.496838395537083
2023-07-23 10:00:00,4.672148821673395,19.866116181791767
2023-07-23 11:00:00,5.1559963086062055,9.539243014318686
2023-07-23 12:00:00,5.434625764886558,5.335598056513382
2023-07-23 13:00:00,6.114969359703608,-22.00813366340676
2023-07-23 14:00:00,5.610167652428014,-24.26222841893925
2023-07-23 15:00:00,4.84934598617189,-41.42210571179912
2023-07-23 16:00:00,4.229193057751854,-44.21784681502198
2023-07-23 17:00:00,5.2508786399136405,-50.68473642807596
2023-07-23 18:00:00,5.7197933029006,-58.75040263104352
2023-07-23 19:00:00,5.02630693253817,-45.322129271812976
2023-07-23 20:00:00,4.786490746879505,-48.07126838582266
2023-07-23 21:00:00,5.402490684710357,-34.016123718635065
2023-07-23 22:00:00,4.919709670930327,-15.645673954418996
2023-07-23 23:00:00,4.862684235968574,-17.73107756483882
2023-07-24 00:00:00,5.158048071780705,2.876163533294782
2023-07-24 01:00:00,5.376522171233734,9.235146156758626
2023-07-24 02:00:00,4.463355913807565,17.194672849212722
2023-07-24 03:00:00,4.126506522434038,43.42813845999557
2023-07-24 04:00:00,4.40562360102169,44.18933265215373
2023-07-24 05:00:00,4.5946324865460095,50.194541083786135
2023-07-24 06:00:00,5.9763648686277495,42.963167480956834
2023-07-24 07:00:00,4.769303444210283,44.78247117403927
2023-07-24 08:00:00,5.259852137391743,40.94598394021738
2023-07-24 09:00:00,4.715742421025699,35.040207835757585
2023-07-24 10:00:00,4.660303015026064,29.302536006538084
2023-07-24 11:00:00,5.543644145802126,15.351501261234795
2023-07-24 12:00:00,4.0994041681379265,-2.289360734400097
2023-07-24 13:00:00,5.654947222472135,-16.89525046723726
2023-07-24 14:00:00,4.997559432590642,-26.937730351357963
2023-07-24 15:00:00,5.054481833885651,-36.25014267639222
2023-07-24 16:00:00,5.541334417275507,-45.67263873588651
2023-07-24 17:00:00,5.7093144097882105,-49.41496245582735
2023-07-24 18:00:00,4.55604662042207,-44.277125698861894
2023-07-24 19:00:00,4.237607055358705,-51.01270621627034
2023-07-24 20:00:00,4.172081235635986,-47.67129983726722
2023-07-24 21:00:00,5.009794521556352,-33.5700686824546
2023-07-24 22:00:00,4.537466344550941,-28.785828228681297
2023-07-24 23:00:00,4.358039743642626,-14.06226367533611
2023-07-25 00:00:00,5.259946423622217,-6.408353391208669
2023-07-25 01:00:00,5.294089881532918,13.38748589054219
2023-07-25 02:00:00,4.870136625506895,23.66180280547941
2023-07-25 03:00:00,4.867954872385102,30.849979769691387
2023-07-25 04:00:00,5.124979125798694,40.4771381298434
2023-07-25 05:00:00,4.386092661433944,46.73464321398026
2023-07-25 06:00:00,5.2794858247044685,59.32057956002913
2023-07-25 07:00:00,5.381474357915569,45.900240111666086
2023-07-25 08:00:00,5.660821428311471,52.57993743408584
2023-07-25 09:00:00,4.087046418003076,36.87646470571508
2023-07-25 10:00:00,5.2559522791670465,19.195001745976025
2023-07-25 11:00:00,5.291333495903609,14.00647141035216
2023-07-25 12:00:00,5.801154644052153,1.4150693258509193
2023-07-25 13:00:00,4.902373188725287,-7.298705877394236
2023-07-25 14:00:00,4.90396916806289,-26.505966477870142
2023-07-25 15:00:00,4.885959057339975,-29.983968912717064
2023-07-25 16:00:00,4.800184628094172,-38.54030546255966
2023-07-25 17:00:00,4.551118629731903,-53.989728029894536
2023-07-25 18:00:00,4.489367353130924,-55.518800862364344
2023-07-25 19:00:00,4.65609902990586,-56.86456029738493
2023-07-25 20:00:00,5.226049152448211,-38.705055992809235
2023-07-25 21:00:00,4.55128367641825,-41.85432225573021
2023-07-25 22:00:00,5.315459551222848,-19.18548734759871
2023-07-25 23:00:00,4.983286313286143,-6.093087061697045
2023-07-26 00:00:00,5.272384870847409,10.825353717944497
2023-07-26 01:00:00,5.350414864696818,16.073688129043536
2023-07-26 02:00:00,4.861726487027824,28.832748737811187
2023-07-26 03:00:00,5.587361484350802,35.17723818829952
2023-07-26 04:00:00,5.575643092487397,35.884772921727446
2023-07-26 05:00:00,4.411549762274619,42.50633726596783
2023-07-26 06:00:00,4.651522919293817,47.28700120774599
2023-07-26 07:00:00,4.835217002137927,51.182694061031235
2023-07-26 08:00:00,5.512208144137848,41.040947876239734
2023-07-26 09:00:00,5.649311871562531,32.606529107031534
2023-07-26 10:00:00,5.149688013489713,33.704301334887504
2023-07-26 11:00:00,5.711491497781692,9.30560656119338
2023-07-26 12:00:00,4.826235540058731,-5.905123531654461
2023-07-26 13:00:00,5.751075320605099,-8.09353433570313
2023-07-26 14:00:00,5.474335758027313,-19.98607015199901
2023-07-26 15:00:00,5.087742977945587,-30.225939122207425
2023-07-26 16:00:00,5.327367320050301,-46.265050994266886
2023-07-26 17:00:00,5.597857498675539,-51.13676951871969
2023-07-26 18:00:00,4.779224785165498,-42.47414864033943
2023-07-26 19:00:00,4.685548872090752,-49.95070301669299
2023-07-26 20:00:00,5.274132263498093,-42.287117141750464
2023-07-26 21:00:00,4.90407186030375,-27.727994769213467
2023-07-26 22:00:00,5.001572786514226,-28.443429434128692
2023-07-26 23:00:00,5.775166026314841,-16.191397695448554
2023-07-27 00:00:00,4.598527289127768,-1.4116073124061597
2023-07-27 01:00:00,5.438829551066536,14.593696580186283
2023-07-27 02:00:00,5.137537887439616,19.26982039639254
2023-07-27 03:00:00,4.445568679469274,29.382280689695687
2023-07-27 04:00:00,4.3619531119337775,41.014831826163686
2023-07-27 05:00:00,3.8348319660021937,51.73215133062574
2023-07-27 06:00:00,4.778881759481831,52.19629310072733
2023-07-27 07:00:00,4.463185371871872,46.5758031041173
2023-07-27 08:00:00,5.0202114272291825,46.023591806838006
2023-07-27 09:00:00,5.091325795552979,29.451806338677827
2023-07-27 10:00:00,4.144976825228278,25.327486617246745
2023-07-27 11:00:00,3.9572622416335466,12.86133849940762
2023-07-27 12:00:00,5.2758864429357395,6.615574057440346
2023-07-27 13:00:00,4.796167256156592,-11.037157080899696
2023-07-27 14:00:00,4.571393805362879,-35.00263343016858
2023-07-27 15:00:00,4.8627981043943045,-41.66233512950713
2023-07-27 16:00:00,5.220802748202144,-41.377201298985625
2023-07-27 17:00:00,5.483848320608698,-57.995434644801314
2023-07-27 18:00:00,4.991911133889748,-50.28429953050829
2023-07-27 19:00:00,5.121916866281316,-50.97858290509305
2023-07-27 20:00:00,5.460495420900275,-43.52968031089058
2023-07-27 21:00:00,5.449669732882924,-38.655373983511716
2023-07-27 22:00:00,5.567445361114457,-20.516643983779474
2023-07-27 23:00:00,4.355182597066377,-14.878700460024863
2023-07-28 00:00:00,3.598524907908526,2.295591983705566
2023-07-28 01:00:00,4.605246967840055,15.129462712095574
2023-07-28 02:00:00,5.46788545208673,18.889084124477233
2023-07-28 03:00:00,4.97074554779783,36.77536621136488
2023-07-28 04:00:00,5.630443493123215,40.44905527483656
2023-07-28 05:00:00,4.373532511191286,50.26397600889672
2023-07-28 06:00:00,4.613264244353755,44.549419507965645
2023-07-28 07:00:00,5.211607332043638,46.73534091527319
2023-07-28 08:00:00,5.101584580658454,45.25069183939466
2023-07-28 09:00:00,5.109101096498891,36.97626825941768
2023-07-28 10:00:00,4.919507226240864,20.408488893458472
2023-07-28 11:00:00,4.941848904599508,14.361901116319029
2023-07-28 12:00:00,5.832681521927522,2.048367430078409
2023-07-28 13:00:00,4.9460431926802535,-20.0051336099012
2023-07-28 14:00:00,5.542304607815619,-33.416766514682784
2023-07-28 15:00:00,4.981174791479423,-32.3531348013666
2023-07-28 16:00:00,5.548549669748272,-49.20694661313403
2023-07-28 17:00:00,4.948615041505805,-47.80524725787171
2023-07-28 18:00:00,4.895888892698848,-50.8154201372382
2023-07-28 19:00:00,4.945204957552733,-50.910778787086635
2023-07-28 20:00:00,5.408040877468198,-35.48908642239795
2023-07-28 21:00:00,4.255024747759555,-40.51774257600639
2023-07-28 22:00:00,4.791561094196522,-29.099754285568913
2023-07-28 23:00:00,5.331294948853878,-9.678451402616458
2023-07-29 00:00:00,4.937506755621183,1.57506902289926
2023-07-29 01:00:00,4.608028244764991,13.615159305080118
2023-07-29 02:00:00,4.9439700043515415,26.396408634097234
2023-07-29 03:00:00,5.367363183351797,32.48170254191789
2023-07-29 04:00:00,5.587669619003791,37.99211913785777
2023-07-29 05:00:00,4.455910602964314,56.11426048887297
2023-07-29 06:00:00,5.846606151902198,44.315965893184284
2023-07-29 07:00:00,4.64734501347815,38.35330067466262
2023-07-29 08:00:00,4.942538008606798,39.65585187309284
2023-07-29 09:00:00,4.485111939946258,39.392264573150115
2023-07-29 10:00:00,5.117706294865467,14.914493330420726
2023-07-29 11:00:00,4.750142167116425,8.716032133500756
2023-07-29 12:00:00,4.717437646433596,4.543680998989766
2023-07-29 13:00:00,5.204857824297799,-19.243503759471103
2023-07-29 14:00:00,4.930379834106305,-24.096912751243096
2023-07-29 15:00:00,4.6692172472355455,-35.33737492777544
2023-07-29 16:00:00,4.756108929717093,-43.00008276250669
2023-07-29 17:00:00,5.299957726658502,-45.2102270386144
2023-07-29 18:00:00,4.3565016476423075,-56.31093651956208
2023-07-29 19:00:00,5.15548610537551,-43.734666825776216
2023-07-29 20:00:00,4.450118285927346,-49.29897748774611
2023-07-29 21:00:00,5.274282907013514,-37.76707829015873
2023-07-29 22:00:00,5.6802627559403716,-26.76700537868261
2023-07-29 23:00:00,4.577484341498928,-10.832436069445585
2023-07-30 00:00:00,4.5629984415046,-7.872213588538653
2023-07-30 01:00:00,5.980665262164097,21.032897119586707
2023-07-30 02:00:00,5.396224591358465,23.589244345155475
2023-07-30 03:00:00,4.8500881860295335,39.30897169007525
2023-07-30 04:00:00,4.96045331491171,37.14815423617241
2023-07-30 05:00:00,4.412026855750076,45.639157890550806
2023-07-30 06:00:00,3.951566012980554,38.68525978751024
2023-07-30 07:00:00,4.980402311937025,52.477951468417174
2023-07-30 08:00:00,4.758146284860586,38.18373384738923
2023-07-30 09:00:00,5.323301993516812,29.54812424572276
2023-07-30 10:00:00,5.0063371872214395,27.70295558313367
2023-07-30 11:00:00,4.82649893520399,-2.716905767218357
2023-07-30 12:00:00,4.8041419050533944,-1.1179811798651558
2023-07-30 13:00:00,4.15838122954097,-4.029302781000059
2023-07-30 14:00:00,4.43376215225411,-30.03152347933016
2023-07-30 15:00:00,4.4528392084142725,-39.80788852290342
2023-07-30 16:00:00,5.372932849905234,-38.65364588442963
2023-07-30 17:00:00,5.292906955247521,-54.249154292438796
2023-07-30 18:00:00,5.1120839845090735,-42.88038133706749
2023-07-30 19:00:00,5.864456655624013,-42.83530276356941
2023-07-30 20:00:00,5.1241847160890925,-40.70450088673246
2023-07-30 21:00:00,5.033446050997214,-40.19015337393328
2023-07-30 22:00:00,4.745533765523099,-25.491001992179886
2023-07-30 23:00:00,4.868453069280348,-14.31098807028209
2023-07-31 00:00:00,4.568674526866073,0.44109533449177607
2023-07-31 01:00:00,5.59826916000888,14.491183798028523
2023-07-31 02:00:00,5.239714516214068,22.344035354527122
2023-07-31 03:00:00,4.914810928829699,32.66018177470758
2023-07-31 04:00:00,4.896004194052431,46.923696993169266
2023-07-31 05:00:00,5.636019434521989,59.90779728662683
2023-07-31 06:00:00,5.349708258851537,43.89526362310018
2023-07-31 07:00:00,4.610945946935052,52.050660721940744
2023-07-31 08:00:00,4.273802943176362,45.945467160960355
2023-07-31 09:00:00,4.886698507612707,37.6994633777486
2023-07-31 10:00:00,5.132290179113618,26.188070300196433
2023-07-31 11:00:00,4.142892794826851,10.198352475759167
2023-07-31 12:00:00,4.126668967565175,0.7220833829930523
2023-07-31 13:00:00,4.7987189331804085,-14.413473656738738
2023-07-31 14:00:00,5.378798088877625,-22.22845108402371
2023-07-31 15:00:00,5.107926345696503,-33.06123078597486
2023-07-31 16:00:00,5.049610333455701,-55.352314632928866
2023-07-31 17:00:00,4.832822126721134,-47.378864823712185
2023-07-31 18:00:00,5.464398838058561,-48.84017375236472
2023-07-31 19:00:00,5.3524335497134095,-43.02491766749295
2023-07-31 20:00:00,5.929372016315521,-43.25261719068972
2023-07-31 21:00:00,4.9305093536258795,-37.42079973259562
2023-07-31 22:00:00,5.593544982244717,-20.318911705754786
2023-07-31 23:00:00,4.810307331328584,-16.66820735743391
2023-08-01 00:00:00,4.830489576634698,-7.628535091010431
2023-08-01 01:00:00,5.1639289819040775,16.059110491427216
2023-08-01 02:00:00,4.897666503945635,31.52792648633344
2023-08-01 03:00:00,4.767584621892953,33.57282930035125
2023-08-01 04:00:00,5.274844548622786,39.55438509307075
2023-08-01 05:00:00,4.72076773422701,54.33076948535499
2023-08-01 06:00:00,6.036525462258597,52.56298071687524
2023-08-01 07:00:00,5.213085472675624,46.93057606445481
2023-08-01 08:00:00,5.272858854623375,44.5636638819039
2023-08-01 09:00:00,5.192628225775428,30.4137875730517
2023-08-01 10:00:00,5.9393166657898835,26.649442509788912
2023-08-01 11:00:00,5.716031161991317,3.0658172257327934
2023-08-01 12:00:00,5.532904952968465,-4.305758443008352
2023-08-01 13:00:00,5.747395903249311,-13.746530057743321
2023-08-01 14:00:00,4.991361047325718,-24.206254578030308
2023-08-01 15:00:00,5.550383834893703,-37.34292947299114
2023-08-01 16:00:00,5.157261514454404,-38.445532536181
2023-08-01 17:00:00,5.6046814476757385,-47.40697411848024
2023-08-01 18:00:00,5.063319225536881,-52.375547923224886
2023-08-01 19:00:00,5.107357853173148,-49.34287969909571
2023-08-01 20:00:00,4.486410190767383,-40.08935052707074
2023-08-01 21:00:00,4.310973627274454,-33.4193260907483
2023-08-01 22:00:00,5.503312124063896,-26.56443975472225
2023-08-01 23:00:00,5.103365691304052,-5.654702464517669
2023-08-02 00:00:00,5.220608866191619,-4.659846025440036
2023-08-02 01:00:00,5.151369342093277,20.49125597532346
2023-08-02 02:00:00,4.610901931075644,17.822622318860795
2023-08-02 03:00:00,4.428035584750398,29.149203004635673
2023-08-02 04:00:00,5.542278247254538,37.65490986229497
2023-08-02 05:00:00,5.245937146680327,54.274666412351685
2023-08-02 06:00:00,5.642892581122306,47.0831240448557
2023-08-02 07:00:00,4.470296998515804,46.81808355296937
2023-08-02 08:00:00,5.03766424889004,36.345008507671416
2023-08-02 09:00:00,5.396873527856515,32.776005284793285
2023-08-02 10:00:00,5.899482847344771,23.787814424710735
2023-08-02 11:00:00,5.228984678015337,15.883327584089365
2023-08-02 12:00:00,5.195357112135598,1.747001687276089
2023-08-02 13:00:00,4.658555758834284,-16.266143069654245
2023-08-02 14:00:00,4.911300786330624,-31.75891646045327
2023-08-02 15:00:00,4.343810867928841,-36.62335773244661
2023-08-02 16:00:00,4.681185085975774,-34.27256811220282
2023-08-02 17:00:00,5.515146458043824,-46.74529495780696
2023-08-02 18:00:00,4.619315179665296,-55.55576560912992
2023-08-02 19:00:00,5.020817983482431,-56.03902971737335
2023-08-02 20:00:00,4.75201666774219,-48.26705597475697
2023-08-02 21:00:00,5.148285227949276,-36.894463009298796
2023-08-02 22:00:00,4.699414319147037,-18.95568817868146
2023-08-02 23:00:00,5.181411601955548,-26.207998368714783
2023-08-03 00:00:00,5.1997804786070665,1.409722598866676
2023-08-03 01:00:00,4.675867303430101,8.086956482429592
2023-08-03 02:00:00,4.40082927766531,28.470500254928208
2023-08-03 03:00:00,4.493870164995957,36.51542214883073
2023-08-03 04:00:00,5.345040117371329,53.92674127017641
2023-08-03 05:00:00,4.179154471471969,48.94900291871358
2023-08-03 06:00:00,4.5859644760581,57.95633742564049
2023-08-03 07:00:00,5.00623585812955,44.028365568706505
2023-08-03 08:00:00,5.624153515979819,41.82098468682647
2023-08-03 09:00:00,5.368211639880351,25.517386713124992
2023-08-03 10:00:00,4.7703672785251054,25.78647621040139
2023-08-03 11:00:00,4.70908814771147,11.651274142807214
2023-08-03 12:00:00,4.931033103557106,2.0467236332002394
2023-08-03 13:00:00,5.720865998234147,-13.77541154025692
2023-08-03 14:00:00,4.4022496774654325,-17.91337197425476
2023-08-03 15:00:00,4.406641514684392,-36.583676010027304
2023-08-03 16:00:00,4.959772547305404,-40.622883922164924
2023-08-03 17:00:00,5.214619566708328,-40.15870193296919
2023-08-03 18:00:00,4.53969983015154,-41.188125440368594
2023-08-03 19:00:00,5.396589339459962,-46.29676576748812
2023-08-03 20:00:00,5.4004369291995635,-42.59248393263869
2023-08-03 21:00:00,4.975420308439158,-33.28290973619636
2023-08-03 22:00:00,4.776743683390996,-16.8696545980408
2023-08-03 23:00:00,5.08400749147042,-12.44243133564716
2023-08-04 00:00:00,3.9366122787459776,0.7501976840880654
2023-08-04 01:00:00,4.058975939016427,8.758820520296773
2023-08-04 02:00:00,5.205040443191411,21.109506419203548
2023-08-04 03:00:00,4.256565265669148,38.211883271207384
2023-08-04 04:00:00,4.624661011689627,38.79349311896411
2023-08-04 05:00:00,5.1046236257877196,49.90367154241272
2023-08-04 06:00:00,5.443010140047603,48.577240265339164
2023-08-04 07:00:00,5.192376079953345,45.11276950059352
2023-08-04 08:00:00,4.955448301640421,39.08374389561298
2023-08-04 09:00:00,4.99070531812481,47.406401316606974
2023-08-04 10:00:00,4.792605352250586,27.71657519200816
2023-08-04 11:00:00,5.004350234102284,6.076945706323265
2023-08-04 12:00:00,4.941375268169052,12.470533612054593
2023-08-04 13:00:00,5.438295674175124,-12.19707472957875
2023-08-04 14:00:00,4.990618991021589,-28.59653503949275
2023-08-04 15:00:00,4.81047384861872,-36.35931135459761
2023-08-04 16:00:00,5.427604323337334,-35.26288051503242
2023-08-04 17:00:00,5.080325731543226,-51.85098082504075
2023-08-04 18:00:00,5.192277778485064,-52.08221044286484
2023-08-04 19:00:00,4.273407009406349,-45.48559784468777
2023-08-04 20:00:00,4.513217617686772,-44.451584457365435
2023-08-04 21:00:00,5.041604003500934,-28.489537143285105
2023-08-04 22:00:00,5.445625991547939,-28.833481618797244
2023-08-04 23:00:00,5.3503359045460925,-16.36800076414657
2023-08-05 00:00:00,4.64286326621964,-1.845461039468519
2023-08-05 01:00:00,5.177562903956415,11.604996149999433
2023-08-05 02:00:00,5.558537520267907,26.732964590444496
2023-08-05 03:00:00,4.792923250559038,34.3600068149199
2023-08-05 04:00:00,4.72594741683164,39.70880567926593
2023-08-05 05:00:00,5.3460168028127075,50.81086357198818
2023-08-05 06:00:00,5.6569926505537005,46.07831797395332
2023-08-05 07:00:00,5.078312173445528,52.50171098300399
2023-08-05 08:00:00,4.352338033984042,33.69139180026205
2023-08-05 09:00:00,5.254817942842697,36.59167214758573
2023-08-05 10:00:00,5.250393616475678,24.665635189054953
2023-08-05 11:00:00,5.225723738195188,14.852901425703914
2023-08-05 12:00:00,4.7146211937731,2.531808175173908
2023-08-05 13:00:00,6.097070466744537,-12.770240232639027
2023-08-05 14:00:00,5.808343240222686,-14.584704977754248
2023-08-05 15:00:00,4.93396119240352,-32.12841352754521
2023-08-05 16:00:00,4.468173379743673,-34.106456648353465
2023-08-05 17:00:00,4.715565251590818,-46.83272685084049
2023-08-05 18:00:00,5.340459129217549,-53.023365292272345
2023-08-05 19:00:00,5.240472194776027,-58.64801686351447
2023-08-05 20:00:00,5.30249169823677,-41.44405855484033
2023-08-05 21:00:00,5.1760778226927995,-32.149250734584506
2023-08-05 22:00:00,5.442849209353135,-31.277486868919215
2023-08-05 23:00:00,4.6504403714269404,-12.732814466658326
2023-08-06 00:00:00,4.602499548761637,-7.009276560732993
2023-08-06 01:00:00,5.111790009093885,17.097905689386117
2023-08-06 02:00:00,4.470753150207892,28.36472494161643
2023-08-06 03:00:00,4.227360704996316,26.174539086720618
2023-08-06 04:00:00,5.09320542008474,35.96301826400237
2023-08-06 05:00:00,4.670251321415565,38.02636962593637
2023-08-06 06:00:00,5.0555848714680645,51.84576509152584
2023-08-06 07:00:00,5.122731894999756,50.199608434564226
2023-08-06 08:00:00,4.612270557754234,47.65282828729956
2023-08-06 09:00:00,5.014722550040072,29.87403968257432
2023-08-06 10:00:00,4.719228244657769,22.733433748042998
2023-08-06 11:00:00,4.250510919720935,9.088801759581841
2023-08-06 12:00:00,5.234827374805918,-4.599451580360449
2023-08-06 13:00:00,5.612369039001589,-17.6514292913448
2023-08-06 14:00:00,5.120381643209458,-31.440563627574978
2023-08-06 15:00:00,5.69586251246628,-33.42708002504983
2023-08-06 16:00:00,5.3097277234763895,-36.01341960839086
2023-08-06 17:00:00,4.674428791880215,-43.88598805740771
2023-08-06 18:00:00,5.02472161671745,-52.03729888859432
2023-08-06 19:00:00,5.943706587276023,-48.841787148339876
2023-08-06 20:00:00,4.669840552396707,-41.328555455170914
2023-08-06 21:00:00,5.042258390192869,-34.59967609369546
2023-08-06 22:00:00,5.50063896542106,-29.51573981746535
2023-08-06 23:00:00,5.427725802080176,-10.690973759339435
2023-08-07 00:00:00,4.687593526305351,2.5772294473834374
2023-08-07 01:00:00,5.976324548966263,8.231534704448931
2023-08-07 02:00:00,5.020701945941781,25.615085267423744
2023-08-07 03:00:00,4.933625031261391,34.243143787194754
2023-08-07 04:00:00,4.670901495812456,45.672146883626866
2023-08-07 05:00:00,5.6703771201058455,45.004570274567634
2023-08-07 06:00:00,4.405135674046031,59.6435469250852
2023-08-07 07:00:00,4.836618715128126,41.32217150419436
2023-08-07 08:00:00,5.609070479966737,52.37074133163139
2023-08-07 09:00:00,5.318674759366276,31.180980836250797
2023-08-07 10:00:00,5.843622880113938,27.775307626044516
2023-08-07 11:00:00,5.583328841851814,7.516156809115492
2023-08-07 12:00:00,4.529914715555053,-3.7677814333878
2023-08-07 13:00:00,5.252351378161438,-17.437044339588006
2023-08-07 14:00:00,4.410825644507788,-27.59789326868019
2023-08-07 15:00:00,5.315710941816234,-40.11371781819661
2023-08-07 16:00:00,4.477314812361364,-32.4895485562172
2023-08-07 17:00:00,5.008274016015923,-43.14842347620591
2023-08-07 18:00:00,4.378857043929479,-51.44339551529095
2023-08-07 19:00:00,4.762053481951048,-43.33218997776508
2023-08-07 20:00:00,4.764659357346494,-31.990882046274677
2023-08-07 21:00:00,4.937196486758897,-30.07818586847542
2023-08-07 22:00:00,5.444638223600482,-17.413329830653627
2023-08-07 23:00:00,4.646036490221511,-6.662562961794302
2023-08-08 00:00:00,4.439123284429403,7.265341692586621
2023-08-08 01:00:00,5.070257650753136,17.873909439484976
2023-08-08 02:00:00,5.385687700551665,19.835275269938958
2023-08-08 03:00:00,4.897421321880699,43.03099299647894
2023-08-08 04:00:00,5.301833882825192,43.58560271336361
2023-08-08 05:00:00,4.946739194383017,49.89937241672372
2023-08-08 06:00:00,4.908630226487887,39.673111240640196
2023-08-08 07:00:00,5.372393646234052,44.450719433602394
2023-08-08 08:00:00,5.585676016024786,49.52845344712996
2023-08-08 09:00:00,5.302400206329244,40.33360908149692
2023-08-08 10:00:00,5.0626176112729455,29.019376871608543
2023-08-08 11:00:00,4.337914198579763,5.753268706991754
2023-08-08 12:00:00,5.0040191134806715,1.1991850344293122
2023-08-08 13:00:00,4.519391854754251,-13.187288636852132
2023-08-08 14:00:00,5.166678689306523,-21.35458106912916
2023-08-08 15:00:00,4.7744958513993945,-36.02582357957017
2023-08-08 16:00:00,5.778860402717938,-47.12121747351058
2023-08-08 17:00:00,5.611773409758498,-51.41899316056038
2023-08-08 18:00:00,5.30237170227788,-62.721610326874526
2023-08-08 19:00:00,4.292221322711807,-49.6828971534361
2023-08-08 20:00:00,4.585244765056693,-44.11332716883737
2023-08-08 21:00:00,5.544748842030427,-42.31580054613161
2023-08-08 22:00:00,4.926884458574267,-27.513364400446683
2023-08-08 23:00:00,5.264355668316549,0.2865833378616873
2023-08-09 00:00:00,4.365264583951873,-4.098808271640036
2023-08-09 01:00:00,4.220148906776428,18.010009947970826
2023-08-09 02:00:00,4.855259592275776,25.17940379064592
2023-08-09 03:00:00,5.3024429476277595,36.43207073352998
2023-08-09 04:00:00,4.27565672235502,47.789936843613866
2023-08-09 05:00:00,5.348659050082292,36.55727004051543
2023-08-09 06:00:00,5.261417495380577,52.8977699230105
2023-08-09 07:00:00,5.5515144150489295,43.20221718269784
2023-08-09 08:00:00,4.683535101569293,46.71068866244977
2023-08-09 09:00:00,5.686463170522292,37.22886413601991
2023-08-09 10:00:00,4.582353038901157,16.55877589986345
2023-08-09 11:00:00,4.036839115360532,20.64323584969852
2023-08-09 12:00:00,5.037692668334511,3.6677932613222737
2023-08-09 13:00:00,5.41349812847926,-12.274912923340226
2023-08-09 14:00:00,4.671110691629548,-13.67288329799113
2023-08-09 15:00:00,5.127124415615528,-39.30766909143363
2023-08-09 16:00:00,5.5261403176877835,-44.34663849083026
2023-08-09 17:00:00,5.7090681442046405,-42.964550808344285
2023-08-09 18:00:00,5.3961210183120345,-45.51440898330394
2023-08-09 19:00:00,4.886834924818883,-45.78325204849366
2023-08-09 20:00:00,4.900959658287547,-47.611626938064184
2023-08-09 21:00:00,4.815605879855954,-33.568673925439896
2023-08-09 22:00:00,5.027462262814157,-10.270760759505377
2023-08-09 23:00:00,5.382483054650774,-7.064108823015859
2023-08-10 00:00:00,4.534761615722792,3.6303650733977797
2023-08-10 01:00:00,4.708600401555784,29.886492343690364
2023-08-10 02:00:00,5.358361475799782,30.67808422811734
2023-08-10 03:00:00,4.923365636713921,38.43059420068104
2023-08-10 04:00:00,5.088270354966223,41.90710571856202
2023-08-10 05:00:00,5.320171263289604,45.9629453197493
2023-08-10 06:00:00,4.9269474518718805,44.03409477024939
2023-08-10 07:00:00,4.580528172736744,47.94266543092763
2023-08-10 08:00:00,5.814940907271459,40.48236836742391
2023-08-10 09:00:00,5.197259447657603,34.579928538408325
2023-08-10 10:00:00,5.4754506351902155,26.258182171594758
2023-08-10 11:00:00,4.890133503276888,10.175374420210797
2023-08-10 12:00:00,5.154484330875604,4.729333829927795
2023-08-10 13:00:00,5.606636179083786,-13.84961936743319
2023-08-10 14:00:00,5.16446682375594,-27.38253163832641
2023-08-10 15:00:00,5.023448377700954,-31.621435315679513
2023-08-10 16:00:00,4.487556205749893,-42.76919236241069
2023-08-10 17:00:00,3.99204962258153,-53.77198964750242
2023-08-10 18:00:00,5.914335519405911,-57.450972242954784
2023-08-10 19:00:00,5.010674532722049,-50.28558629161185
2023-08-10 20:00:00,6.222000592295996,-35.27606493633282
2023-08-10 21:00:00,5.293003290963846,-32.82027866633118
2023-08-10 22:00:00,4.694740840851601,-21.945855189815767
2023-08-10 23:00:00,4.918125640223352,-13.947661422485274
2023-08-11 00:00:00,5.789511878417226,1.804800436138806
2023-08-11 01:00:00,5.712017970974264,17.055928373018673
2023-08-11 02:00:00,5.468468619170385,24.16433075927089
2023-08-11 03:00:00,4.242618226042081,28.395004684934495
2023-08-11 04:00:00,4.233437792826331,39.30225563069198
2023-08-11 05:00:00,5.64673958879161,44.30082482308763
2023-08-11 06:00:00,5.30347483945948,62.527817801779356
2023-08-11 07:00:00,5.782680036117101,49.86411648027232
2023-08-11 08:00:00,4.964206095074295,42.08414012695448
2023-08-11 09:00:00,4.527559402881645,28.610120344951262
2023-08-11 10:00:00,5.1618696898113035,29.050023874505854
2023-08-11 11:00:00,5.231041669368297,15.271301099757116
2023-08-11 12:00:00,4.615994983449298,0.6869412611406116
2023-08-11 13:00:00,4.376402898157816,-10.650665722307716
2023-08-11 14:00:00,5.332658469855648,-30.70110496959454
2023-08-11 15:00:00,4.572553711898085,-35.363493444737514
2023-08-11 16:00:00,6.006352624201218,-42.753356210209645
2023-08-11 17:00:00,5.820448777267881,-44.43865046398697
2023-08-11 18:00:00,5.388478158642456,-45.0605042607133
2023-08-11 19:00:00,5.841787534704618,-61.97082671221524
2023-08-11 20:00:00,5.291561375028124,-44.435278393425335
2023-08-11 21:00:00,4.8905993143935635,-30.873586628969374
2023-08-11 22:00:00,5.807192433320273,-16.556569362507936
2023-08-11 23:00:00,5.270993032875585,-18.15941259813779
2023-08-12 00:00:00,4.798590291721316,-0.2894888496015767
2023-08-12 01:00:00,4.49649797892738,16.257041909184533
2023-08-12 02:00:00,4.660238321766788,28.06370874440518
2023-08-12 03:00:00,5.575143609480709,29.184375623797493
2023-08-12 04:00:00,4.9654780469261715,37.78062137537425
2023-08-12 05:00:00,5.890459806352725,37.6442811369834
2023-08-12 06:00:00,5.324287965142122,47.72964591283083
2023-08-12 07:00:00,5.402043330929699,44.121848118301855
2023-08-12 08:00:00,4.679259497048184,32.58888518985683
2023-08-12 09:00:00,4.7734873219224205,37.542827063301274
2023-08-12 10:00:00,4.31558096296834,23.65311224832619
2023-08-12 11:00:00,4.621004725325453,15.847818081402703
2023-08-12 12:00:00,4.7141642780432305,1.8444388653516206
2023-08-12 13:00:00,4.9032871413873504,-8.841142674867186
2023-08-12 14:00:00,5.991177629730266,-26.591640798920796
2023-08-12 15:00:00,4.727117367796048,-35.40396279358508
2023-08-12 16:00:00,5.662651903485027,-44.20766680000631
2023-08-12 17:00:00,4.4512134556447815,-43.52413642734333
2023-08-12 18:00:00,4.72706980780073,-46.417140584668694
2023-08-12 19:00:00,5.107799684047702,-45.85454608751667
2023-08-12 20:00:00,5.498213987214071,-50.04652829166582
2023-08-12 21:00:00,5.008490979485445,-25.37120540892355
2023-08-12 22:00:00,4.907447664889915,-27.36065470464956
2023-08-12 23:00:00,5.382764591192577,-14.426525579882163
2023-08-13 00:00:00,5.097654314451315,8.364769228104041
2023-08-13 01:00:00,4.275008245248417,13.421297941505772
2023-08-13 02:00:00,5.781851205670016,23.133663169396577
2023-08-13 03:00:00,5.177934742481045,38.98586977132361
2023-08-13 04:00:00,5.101988876909284,38.2399816045077
2023-08-13 05:00:00,5.102641391169844,39.82614111780963
2023-08-13 06:00:00,4.295754625619459,46.34022949646295
2023-08-13 07:00:00,4.258515693465615,57.09466283444953
2023-08-13 08:00:00,5.91222754239457,38.922681039688236
2023-08-13 09:00:00,4.838955942339408,33.573661643287295
2023-08-13 10:00:00,4.967623047053175,25.85935814808326
2023-08-13 11:00:00,4.847719679081367,15.794879125515344
2023-08-13 12:00:00,5.118012524072483,1.8302162428821285
2023-08-13 13:00:00,4.681001838221035,-17.485482847408893
2023-08-13 14:00:00,4.805756556831988,-17.197256510137727
2023-08-13 15:00:00,4.912474212045746,-35.92240676710002
2023-08-13 16:00:00,5.224830813525646,-37.41205849468588
2023-08-13 17:00:00,5.312392749339914,-54.062795587475684
2023-08-13 18:00:00,4.9910792473379315,-47.72022987560669
2023-08-13 19:00:00,4.096654351792196,-45.31144192617772
2023-08-13 20:00:00,5.486953248469148,-47.19947890697755
2023-08-13 21:00:00,5.325018892794146,-31.73217853834131
2023-08-13 22:00:00,4.313933402687687,-32.06109195925926
2023-08-13 23:00:00,4.956612432661496,-18.06437029647029
2023-08-14 00:00:00,4.8492172656859145,3.522400488752508
2023-08-14 01:00:00,5.566768301646903,5.569046813431338
2023-08-14 02:00:00,5.325917744089005,28.57091310184615
2023-08-14 03:00:00,4.409339684883263,29.974838378060383
2023-08-14 04:00:00,6.02362377800229,47.09457722083513
2023-08-14 05:00:00,4.99819675203801,39.46318215944906
2023-08-14 06:00:00,5.3667564882990435,48.466285740039986
2023-08-14 07:00:00,4.924578803018154,50.928512410519275
2023-08-14 08:00:00,4.578208490571642,52.70151974731066
2023-08-14 09:00:00,4.749517642935108,31.425702704823465
2023-08-14 10:00:00,4.085342600579041,15.912440670906344
2023-08-14 11:00:00,4.031427813908296,7.190979077150167
2023-08-14 12:00:00,4.868789563070406,3.08305241829506
2023-08-14 13:00:00,4.6679479789435065,-3.1962513060200113
2023-08-14 14:00:00,4.855843021356778,-28.347203677151587
2023-08-14 15:00:00,4.540621022915629,-30.57060973622698
2023-08-14 16:00:00,6.142112064491723,-42.86098724701936
2023-08-14 17:00:00,5.172070743284219,-46.05176780317635
2023-08-14 18:00:00,5.02512036145472,-51.15343707101953
2023-08-14 19:00:00,5.665452398462274,-53.68645992682626
2023-08-14 20:00:00,6.089355652468525,-36.84700542901412
2023-08-14 21:00:00,4.356531154123704,-37.60993978429135
2023-08-14 22:00:00,5.180184591795009,-28.88587821524188
2023-08-14 23:00:00,4.800545883168951,-11.970531343943899
2023-08-15 00:00:00,5.291139198973254,-0.6454793449108055
2023-08-15 01:00:00,5.091016837223283,23.19566172675607
2023-08-15 02:00:00,4.578110275268101,25.5049200124626
2023-08-15 03:00:00,5.499874406639382,35.39017199189586
2023-08-15 04:00:00,4.967299865387697,48.399201941697626
2023-08-15 05:00:00,5.1780003157868135,48.493926396187476
2023-08-15 06:00:00,5.426486360412102,53.25710472456535
2023-08-15 07:00:00,5.422249892177187,50.06362115214815
2023-08-15 08:00:00,4.734251388352366,48.23279798197727
2023-08-15 09:00:00,4.853476411583901,40.69288726793755
2023-08-15 10:00:00,4.837011504126989,20.64829771392858
2023-08-15 11:00:00,4.438530416400997,7.487924124131024
2023-08-15 12:00:00,4.939890738720503,-5.786338008582604
2023-08-15 13:00:00,5.233355509073138,-11.01164533410307
2023-08-15 14:00:00,4.505983744990529,-17.684408445798255
2023-08-15 15:00:00,5.047637517123846,-44.1811433431617
2023-08-15 16:00:00,5.477385862153344,-34.006763972172465
2023-08-15 17:00:00,5.547899633270083,-43.83163199849673
2023-08-15 18:00:00,4.136867661472304,-55.954843951958274
2023-08-15 19:00:00,3.703998173128908,-50.10176077981563
2023-08-15 20:00:00,4.936054117876593,-47.90404801403436
2023-08-15 21:00:00,4.788389141540263,-29.188848813172893
2023-08-15 22:00:00,4.376049976661352,-21.27552650913445
2023-08-15 23:00:00,4.8635101007139285,-14.615984925367473
2023-08-16 00:00:00,4.675131164196253,-0.0960640515121339
2023-08-16 01:00:00,4.581042811246119,16.920659407447882
2023-08-16 02:00:00,4.60068527926127,23.69507227650806
2023-08-16 03:00:00,5.008585674168762,31.257454834250915
2023-08-16 04:00:00,3.8792909326399707,42.7325146883596
2023-08-16 05:00:00,4.917650563207407,49.829587678751025
2023-08-16 06:00:00,6.4303786947253965,44.773360262713524
2023-08-16 07:00:00,5.411271022791156,46.77979429069851
2023-08-16 08:00:00,4.784833733074984,43.032417544039255
2023-08-16 09:00:00,5.5394892123875605,35.449584296127014
2023-08-16 10:00:00,5.716458270878469,31.327920245855633
2023-08-16 11:00:00,5.1456118409149045,15.754094948080233
2023-08-16 12:00:00,4.40902334138525,2.434816605452675
2023-08-16 13:00:00,4.59504833059731,-18.488404437555893
2023-08-16 14:00:00,4.552932231332745,-27.458912674767987
2023-08-16 15:00:00,4.1995991781026705,-34.00256991139933
2023-08-16 16:00:00,5.511967595657449,-43.65082621986922
2023-08-16 17:00:00,6.049763528055941,-44.00186713566132
2023-08-16 18:00:00,5.021060918645384,-46.71146203114908
2023-08-16 19:00:00,4.652186903322637,-58.59520238531095
2023-08-16 20:00:00,5.344348960223484,-42.0870049520076
2023-08-16 21:00:00,5.58182641385738,-32.94364835859183
2023-08-16 22:00:00,4.651786734877434,-35.333538024365595
2023-08-16 23:00:00,5.131388257368675,-11.1998107663097
2023-08-17 00:00:00,4.1395684628971985,13.775201154558639
2023-08-17 01:00:00,5.064001590902954,10.391620866145171
2023-08-17 02:00:00,4.499396651927027,22.631958899823108
2023-08-17 03:00:00,5.149779552645273,36.478103905524705
2023-08-17 04:00:00,4.726326434404557,48.48233994363771
2023-08-17 05:00:00,5.006995927506577,52.87988029140945
2023-08-17 06:00:00,6.078219541250916,45.951762783246515
2023-08-17 07:00:00,5.050748587185984,49.9367792284392
2023-08-17 08:00:00,5.239260515915408,41.445948605519874
2023-08-17 09:00:00,4.916071450465422,32.44660347779188
2023-08-17 10:00:00,4.12067234484991,29.302625321185047
2023-08-17 11:00:00,4.681935100825786,25.05300151641403
2023-08-17 12:00:00,4.728381760706725,-1.070552961814618
2023-08-17 13:00:00,5.290149991483186,-15.937788147487968
2023-08-17 14:00:00,5.192111277147279,-30.467140047310316
2023-08-17 15:00:00,5.159135776642037,-29.709479249775573
2023-08-17 16:00:00,5.448562846175126,-32.42698010882316
2023-08-17 17:00:00,4.422444907126522,-55.79712287404963
2023-08-17 18:00:00,6.024596312099048,-51.66766659702182
2023-08-17 19:00:00,4.160355048061631,-59.301286593513424
2023-08-17 20:00:00,4.337345571777164,-40.125522239021656
2023-08-17 21:00:00,5.186487109103249,-38.65282584374414
2023-08-17 22:00:00,4.456057900771812,-29.870190174468654
2023-08-17 23:00:00,5.024950367579269,-16.040129139921778
2023-08-18 00:00:00,4.637261071020483,-6.72142760229978
2023-08-18 01:00:00,5.253694519321287,19.007057614556803
2023-08-18 02:00:00,4.9811415214738,28.979224070733082
2023-08-18 03:00:00,4.711714348393143,42.127340082364626
2023-08-18 04:00:00,4.987232663630088,40.66830574237185
2023-08-18 05:00:00,6.012328863031741,50.1984005847134
2023-08-18 06:00:00,4.957561971708408,52.21798516586856
2023-08-18 07:00:00,4.30313440311631,50.80734065712568
2023-08-18 08:00:00,4.09163304031369,40.91060432756931
2023-08-18 09:00:00,4.661407628245973,38.31780145888545
2023-08-18 10:00:00,5.122115644464962,29.346257417850907
2023-08-18 11:00:00,5.7275117856787,14.148141193101917
2023-08-18 12:00:00,5.444932453486901,1.2176917334560795
2023-08-18 13:00:00,4.609611258859867,-3.9545094673866767
2023-08-18 14:00:00,4.332230712264584,-21.09381970126053
2023-08-18 15:00:00,4.896570330163685,-39.37097074491386
2023-08-18 16:00:00,4.943843782698866,-44.896334278191354
2023-08-18 17:00:00,4.798600985993849,-40.037130390621854
2023-08-18 18:00:00,5.3201141080478624,-36.67741304312732
2023-08-18 19:00:00,4.528470150340663,-51.15189341981168
2023-08-18 20:00:00,4.907169746827371,-40.56549396990552
2023-08-18 21:00:00,5.143211638335266,-33.38285203873474
2023-08-18 22:00:00,4.216411178524728,-22.631798347143064
2023-08-18 23:00:00,5.159899137478853,-16.977951151911718
2023-08-19 00:00:00,5.481227531107869,2.904821129156762
2023-08-19 01:00:00,5.3841786479510345,8.949643351718347
2023-08-19 02:00:00,4.986880296670088,16.21259343035492
2023-08-19 03:00:00,4.448057417199879,39.56238625875225
2023-08-19 04:00:00,4.564762867467094,52.485518620467964
2023-08-19 05:00:00,4.894889593089162,46.29519504284148
2023-08-19 06:00:00,5.075746237326406,50.07288986448632
2023-08-19 07:00:00,4.503062289913562,43.75172712932786
2023-08-19 08:00:00,5.1710505784400524,44.24769922368748
2023-08-19 09:00:00,4.684816459303576,34.73223281547267
2023-08-19 10:00:00,4.8318165897410426,20.734967758970303
2023-08-19 11:00:00,5.328057013502367,9.971273141593741
2023-08-19 12:00:00,3.766622864946072,-9.957519997922597
2023-08-19 13:00:00,4.978055191208512,-21.486846615310043
2023-08-19 14:00:00,4.883366988098685,-34.882008816023394
2023-08-19 15:00:00,4.469111884951877,-38.83279229635335
2023-08-19 16:00:00,5.935953711099542,-44.851986344913186
2023-08-19 17:00:00,4.470671009870815,-46.56115571388059
2023-08-19 18:00:00,5.391432965407399,-45.11174343758414
2023-08-19 19:00:00,5.344306084502774,-55.54345160977446
2023-08-19 20:00:00,5.188109239557701,-38.273445743317026
2023-08-19 21:00:00,4.444902619185996,-36.968538925441635
2023-08-19 22:00:00,5.36608934579744,-21.750059381369287
2023-08-19 23:00:00,4.641327615852297,-9.711671438492294
2023-08-20 00:00:00,3.8822786848938513,1.1599384669054618
2023-08-20 01:00:00,4.952837130124006,14.953390228513888
2023-08-20 02:00:00,5.0651876823529145,28.482873827123534
2023-08-20 03:00:00,5.375484435494618,47.96880036842501
2023-08-20 04:00:00,4.632691614439067,57.388523259532384
2023-08-20 05:00:00,5.914474711447303,46.62520883049283
2023-08-20 06:00:00,4.98484680419694,57.118186620127936
2023-08-20 07:00:00,5.469632390425053,48.59153213494729
2023-08-20 08:00:00,5.349366987049071,46.436070700591614
2023-08-20 09:00:00,5.241713574751931,31.86943151457382
2023-08-20 10:00:00,5.595187975730472,30.92625672356952
2023-08-20 11:00:00,4.878071442898012,15.928793048636424
2023-08-20 12:00:00,5.285341439252799,6.153141358297259
2023-08-20 13:00:00,4.960758050742874,-16.288364994446017
2023-08-20 14:00:00,4.956735850213726,-38.5401063642727
2023-08-20 15:00:00,4.675082082733831,-25.23135607959553
2023-08-20 16:00:00,4.963891436028092,-46.63936055063444
2023-08-20 17:00:00,5.6804985852813745,-48.79196118132961
2023-08-20 18:00:00,5.33624549354844,-40.54026905258365
2023-08-20 19:00:00,5.214407162054945,-53.356551772458154
2023-08-20 20:00:00,4.697288669383762,-40.41152579600709
2023-08-20 21:00:00,4.688631694745807,-24.897596730106784
2023-08-20 22:00:00,4.62350201549018,-23.42346483525098
2023-08-20 23:00:00,5.649401780586037,-2.33638742983927
2023-08-21 00:00:00,5.429790524058183,0.4704203011418984
2023-08-21 01:00:00,4.232628423895793,18.250922631667706
2023-08-21 02:00:00,5.482224867338896,24.404659393109885
2023-08-21 03:00:00,5.606473375265461,31.545243220777426
2023-08-21 04:00:00,5.116451085585811,44.39284153014185
2023-08-21 05:00:00,5.801040316239684,37.024314979017134
2023-08-21 06:00:00,4.476346897748175,45.220283149515325
2023-08-21 07:00:00,5.111970688880965,47.41229124469366
2023-08-21 08:00:00,5.696413449182349,45.19195394995438
2023-08-21 09:00:00,5.328753201104406,44.171740751058294
2023-08-21 10:00:00,5.944106555402958,23.64851968012066
2023-08-21 11:00:00,4.680160292650494,9.283690302399968
2023-08-21 12:00:00,4.522915611273854,1.4280976637308282
2023-08-21 13:00:00,4.675578509151215,-16.179376608503098
2023-08-21 14:00:00,4.863904564573016,-33.211320722902656
2023-08-21 15:00:00,6.099377072240779,-38.75578227891778
2023-08-21 16:00:00,4.678381100661314,-48.818768676895225
2023-08-21 17:00:00,4.873097595909143,-44.47874411672375
2023-08-21 18:00:00,4.410481367093903,-53.59576037626836
2023-08-21 19:00:00,4.691870933592489,-44.50652921880995
2023-08-21 20:00:00,5.07748896209184,-46.707731563622104
2023-08-21 21:00:00,3.88955043740159,-33.713767763765695
2023-08-21 22:00:00,4.9012712957147455,-22.154059854665107
2023-08-21 23:00:00,4.551953870729362,-16.343124560518454
2023-08-22 00:00:00,5.111690232532342,-4.990963618330227
2023-08-22 01:00:00,5.570163426950898,16.74819739447231
2023-08-22 02:00:00,4.7812278204446335,20.690834977442204
2023-08-22 03:00:00,5.0696945247711644,28.152877533423883
2023-08-22 04:00:00,4.753552838667756,39.03806877336685
2023-08-22 05:00:00,5.480841292842482,44.928328682402956
2023-08-22 06:00:00,4.874189807956532,55.353277175319754
2023-08-22 07:00:00,5.522392204331887,38.655664563187955
2023-08-22 08:00:00,5.109845608329121,50.63187391302961
2023-08-22 09:00:00,5.791319906207349,31.365665553349633
2023-08-22 10:00:00,5.253943755353177,26.269624789438154
2023-08-22 11:00:00,5.0411491155035595,17.001555415707166
2023-08-22 12:00:00,5.473646339159494,-1.1614576825833636
2023-08-22 13:00:00,5.8608280044847705,-17.8341333862956
2023-08-22 14:00:00,5.790490929668687,-16.202194611657234
2023-08-22 15:00:00,6.175497149962894,-36.75592734065629
2023-08-22 16:00:00,4.952904020037471,-45.33089179473413
2023-08-22 17:00:00,5.14010925188364,-38.24192537163846
2023-08-22 18:00:00,4.848103743304213,-52.27786444198433
2023-08-22 19:00:00,4.552115727306514,-58.76861494603591
2023-08-22 20:00:00,5.2941406685142915,-35.303269537722585
2023-08-22 21:00:00,3.7660595152906686,-40.80267571990103
2023-08-22 22:00:00,5.198078160743435,-15.205683282347568
2023-08-22 23:00:00,5.6888547331112775,-11.96630856166328
2023-08-23 00:00:00,5.413730451721754,-0.2818671042943504
2023-08-23 01:00:00,5.383310697186764,6.363945269827148
2023-08-23 02:00:00,4.083292994775534,27.812852094564025
2023-08-23 03:00:00,5.830705808599269,30.2536142577751
2023-08-23 04:00:00,4.810241220763524,46.073220788454016
2023-08-23 05:00:00,5.2791450133278754,48.84922666807589
2023-08-23 06:00:00,4.7812740674917045,56.6279315661182
2023-08-23 07:00:00,4.911264627337357,43.972279627120685
2023-08-23 08:00:00,5.397869945873401,36.87644592908218
2023-08-23 09:00:00,5.61576557258538,32.2794114125751
2023-08-23 10:00:00,4.882848366751716,26.73467409333244
2023-08-23 11:00:00,5.0851526241811165,20.214162910291492
2023-08-23 12:00:00,4.4347842218072735,-2.3915179904410127
2023-08-23 13:00:00,5.5316909277678645,-13.985793088375042
2023-08-23 14:00:00,3.936572818236068,-24.26639810143748
2023-08-23 15:00:00,4.290508863451036,-39.732386801661946
2023-08-23 16:00:00,3.832416284445328,-49.84393661940888
2023-08-23 17:00:00,4.846148295005441,-48.687551326350444
2023-08-23 18:00:00,4.937907339703061,-45.76467198943266
2023-08-23 19:00:00,5.187994889286701,-49.83597986649114
2023-08-23 20:00:00,5.5343747668879475,-38.92138514081618
2023-08-23 21:00:00,4.829888056817647,-43.308797147162295
2023-08-23 22:00:00,5.235790079355218,-25.46834192254791
2023-08-23 23:00:00,4.275649043071566,-23.83765628266279
2023-08-24 00:00:00,5.29462709506418,1.6698702217110806
2023-08-24 01:00:00,4.810646688435946,8.190097421459313
2023-08-24 02:00:00,4.83012807093906,28.949157850673675
2023-08-24 03:00:00,4.978653174500653,19.744615792105883
2023-08-24 04:00:00,4.628822067385728,48.54724913488446
2023-08-24 05:00:00,4.904589470465914,40.92230868279697
2023-08-24 06:00:00,5.643459560291076,47.144313613556555
2023-08-24 07:00:00,5.586452784707885,43.56234476756573
2023-08-24 08:00:00,5.1009398265773696,46.92046389976352
2023-08-24 09:00:00,4.871850733813279,36.476931402395905
2023-08-24 10:00:00,4.6446041947119365,29.150724050338813
2023-08-24 11:00:00,4.50276120886298,14.891445061424516
2023-08-24 12:00:00,5.586048319131777,-2.4458545058623367
2023-08-24 13:00:00,4.996706714384928,-17.84888516813637
2023-08-24 14:00:00,4.049166203012564,-22.125974976559117
2023-08-24 15:00:00,4.34292047968971,-32.7269315770455
2023-08-24 16:00:00,4.488376684950448,-46.806708618857144
2023-08-24 17:00:00,3.52047259492969,-53.144405457952175
2023-08-24 18:00:00,4.630950852233663,-48.4387433589902
2023-08-24 19:00:00,3.871853477801107,-41.76942030941578
2023-08-24 20:00:00,5.133432321909077,-43.25108955849048
2023-08-24 21:00:00,4.99466308352254,-36.5295024596603
2023-08-24 22:00:00,5.494038780015949,-26.369443107313295
2023-08-24 23:00:00,5.181452899568311,-20.177730333487403
2023-08-25 00:00:00,6.311788085917554,5.8799294227146826
2023-08-25 01:00:00,4.824357272727865,11.802200276129735
2023-08-25 02:00:00,4.708305808358082,20.652728106243767
2023-08-25 03:00:00,5.541584917369441,26.927261855301452
2023-08-25 04:00:00,5.126847643035989,47.08269532407445
2023-08-25 05:00:00,5.0150100671318825,52.39136435754402
2023-08-25 06:00:00,5.4990410815700255,50.825669498344524
2023-08-25 07:00:00,5.535541921050412,51.386231293328464
2023-08-25 08:00:00,4.092472700426874,42.61524925548642
2023-08-25 09:00:00,4.927012119999877,29.345209162193434
2023-08-25 10:00:00,5.223218002533605,31.353593871896052
2023-08-25 11:00:00,3.6989155985542603,17.2333417501525
2023-08-25 12:00:00,4.599646917180699,-4.443040103208526
2023-08-25 13:00:00,5.254949571576708,-8.355142687054348
2023-08-25 14:00:00,5.491960131693905,-19.40254774906373
2023-08-25 15:00:00,4.819858819443545,-34.872454631116966
2023-08-25 16:00:00,4.453767973733452,-45.702286422998306
2023-08-25 17:00:00,5.05073746693729,-46.147401535328974
2023-08-25 18:00:00,4.932899047570822,-49.56111963679315
2023-08-25 19:00:00,4.692740476078445,-51.346569692949885
2023-08-25 20:00:00,4.276321421384368,-37.16419516679481
2023-08-25 21:00:00,4.7592604579491695,-31.242976554753955
2023-08-25 22:00:00,4.2101431822087125,-23.553809417571507
2023-08-25 23:00:00,4.625890320793306,-14.30791021757432
2023-08-26 00:00:00,4.961142262238296,6.519998961763779
2023-08-26 01:00:00,4.667053382818846,9.754055747350595
2023-08-26 02:00:00,5.950682806423266,27.642400068155894
2023-08-26 03:00:00,4.9245275518134,32.441023722345626
2023-08-26 04:00:00,5.45125777678755,50.69614723571454
2023-08-26 05:00:00,5.056530543669406,45.961274917264085
2023-08-26 06:00:00,4.4016506315733395,48.44921366430368
2023-08-26 07:00:00,4.679603162254388,47.243380809161984
2023-08-26 08:00:00,4.914713723844569,38.96123814112313
2023-08-26 09:00:00,4.674547481454538,44.69592554022133
2023-08-26 10:00:00,4.987294019222217,28.252547502122734
2023-08-26 11:00:00,4.6712742851636815,13.516536892009931
2023-08-26 12:00:00,5.045185326646608,-2.6613691519239833
2023-08-26 13:00:00,5.480691675707656,-10.14659390623628
2023-08-26 14:00:00,5.410680455637962,-30.422859198494812
2023-08-26 15:00:00,5.168495619461106,-41.88582873468788
2023-08-26 16:00:00,5.076334400322132,-47.201579080569786
2023-08-26 17:00:00,4.45447779458137,-44.32123619786562
2023-08-26 18:00:00,5.552907625534443,-45.708565070627635
2023-08-26 19:00:00,4.09976921735916,-47.768244614233836
2023-08-26 20:00:00,4.828823991512335,-44.33475769634064
2023-08-26 21:00:00,4.548977286186972,-35.55388433502081
2023-08-26 22:00:00,5.302407930771966,-21.648844250212452
2023-08-26 23:00:00,5.86066778780749,-23.275717635339948
2023-08-27 00:00:00,4.823532288570545,2.0558949213902227
2023-08-27 01:00:00,5.816790174048383,16.76071482563846
2023-08-27 02:00:00,4.748682837487513,28.809357697343835
2023-08-27 03:00:00,4.692257284950234,36.94882795238358
2023-08-27 04:00:00,4.662491596638279,46.095879607567056
2023-08-27 05:00:00,5.61124569263503,56.221057309354954
2023-08-27 06:00:00,5.587235959328413,46.725576402876115
2023-08-27 07:00:00,4.836508310761521,48.06915902174604
2023-08-27 08:00:00,5.307516931644082,42.344023910320374
2023-08-27 09:00:00,4.724741134510297,41.25969181253318
2023-08-27 10:00:00,5.541798290091895,23.367219184775234
2023-08-27 11:00:00,4.755421341084291,8.552390993923026
2023-08-27 12:00:00,5.461281159457218,-3.4859163473172163
2023-08-27 13:00:00,5.392020358397628,-20.58399997543792
2023-08-27 14:00:00,5.231669840121917,-26.053182790659584
2023-08-27 15:00:00,3.907425011375235,-35.876983155546704
2023-08-27 16:00:00,5.3849665251731285,-49.83024637036951
2023-08-27 17:00:00,5.603455766910473,-51.32133628403514
2023-08-27 18:00:00,5.11708506725309,-51.818938039458
2023-08-27 19:00:00,5.457990134826352,-44.01433145391401
2023-08-27 20:00:00,4.971813846932206,-47.534130245672934
2023-08-27 21:00:00,4.607702841039554,-41.125284884085865
2023-08-27 22:00:00,4.951173707216535,-26.562153082493708
2023-08-27 23:00:00,5.778315678801019,-9.2218083303426
2023-08-28 00:00:00,5.193624490420084,-1.0073994103918518
2023-08-28 01:00:00,4.638919411666146,15.222540090500203
2023-08-28 02:00:00,5.453273674830115,21.315072955660753
2023-08-28 03:00:00,5.397234875916114,37.05479657883268
2023-08-28 04:00:00,5.6526660081860625,45.98851630812125
2023-08-28 05:00:00,4.450234419313701,43.738301912333185
2023-08-28 06:00:00,4.654454431007852,46.20212267336919
2023-08-28 07:00:00,5.724277176933464,38.16872107448035
2023-08-28 08:00:00,4.881404111433267,45.784466322939686
2023-08-28 09:00:00,3.668787312931225,31.479406697612056
2023-08-28 10:00:00,4.223393416582135,23.73295975785543
2023-08-28 11:00:00,5.4353073270831125,12.036625500149741
2023-08-28 12:00:00,4.751844699336562,2.4136720031746406
2023-08-28 13:00:00,4.670077376525233,-15.811039250937204
2023-08-28 14:00:00,5.825458334009927,-25.83443124767415
2023-08-28 15:00:00,5.11653147786646,-29.26552891120495
2023-08-28 16:00:00,5.533108430544881,-35.400294429936785
2023-08-28 17:00:00,5.108363487364381,-45.52000055639648
2023-08-28 18:00:00,4.799511523724906,-43.83119076238451
2023-08-28 19:00:00,4.181406356514663,-46.59280556890852
2023-08-28 20:00:00,4.766423512459423,-44.31543360327155
2023-08-28 21:00:00,4.820067513761221,-31.849386728048447
2023-08-28 22:00:00,4.423504343184507,-27.77194878131149
2023-08-28 23:00:00,5.366233237922741,-17.770591210279576
2023-08-29 00:00:00,4.624439568131883,-4.304658923552687
2023-08-29 01:00:00,5.057226694652992,7.673527581701725
2023-08-29 02:00:00,4.746261077709288,26.160775485450433
2023-08-29 03:00:00,4.561058802599213,35.77495173189382
2023-08-29 04:00:00,4.270898978797902,31.549332506369765
2023-08-29 05:00:00,4.688489079598197,47.01041725239961
2023-08-29 06:00:00,4.883919065445803,54.30833093318619
2023-08-29 07:00:00,5.059090564125827,56.026342580491125
2023-08-29 08:00:00,4.778781537462913,48.2866221470647
2023-08-29 09:00:00,5.0261014505201365,28.345897981943303
2023-08-29 10:00:00,5.1225260470062235,26.12087076286145
2023-08-29 11:00:00,5.382556941220819,12.199016041603867
2023-08-29 12:00:00,5.5747017040963325,6.644649600435824
2023-08-29 13:00:00,5.525699270176576,-19.475322780670922
2023-08-29 14:00:00,4.503513862035198,-23.057923685440027
2023-08-29 15:00:00,5.047243467591985,-28.939587985450558
2023-08-29 16:00:00,5.765834394194358,-52.792005835937815
2023-08-29 17:00:00,4.752965095023312,-50.07990511950731
2023-08-29 18:00:00,5.663251414738049,-55.515412235679754
2023-08-29 19:00:00,5.161807238267866,-45.00973687599891
2023-08-29 20:00:00,4.280465376067138,-41.86932611544642
2023-08-29 21:00:00,5.9857738267601714,-31.090361777389
2023-08-29 22:00:00,5.416527659029867,-29.000342271292986
2023-08-29 23:00:00,5.202248441170378,-14.045142297438016
2023-08-30 00:00:00,5.195661830732449,-1.3173202767830172
2023-08-30 01:00:00,5.1467755867607154,14.57429824507568
2023-08-30 02:00:00,4.749193369059252,26.402052356970753
2023-08-30 03:00:00,5.358321375716996,29.103529883835318
2023-08-30 04:00:00,4.818526057509621,44.09235299427857
2023-08-30 05:00:00,4.459358514860504,39.007063205791965
2023-08-30 06:00:00,4.613514339894817,52.73924091141414
2023-08-30 07:00:00,4.14744479357582,40.338920913626026
2023-08-30 08:00:00,4.87980631262695,46.45933369780853
2023-08-30 09:00:00,4.457634224732526,31.676702954596838
2023-08-30 10:00:00,4.689511881357686,27.697525437528864
2023-08-30 11:00:00,4.271267989368669,17.636785714088326
2023-08-30 12:00:00,4.213604558057147,-4.888262289963641
2023-08-30 13:00:00,5.978825929392329,-6.73353302385359
2023-08-30 14:00:00,5.047408629080427,-30.240903206189216
2023-08-30 15:00:00,4.83984971937635,-34.703395716415905
2023-08-30 16:00:00,4.686872840856012,-47.350262096779396
2023-08-30 17:00:00,5.172776973314974,-56.79189127854351
2023-08-30 18:00:00,5.016499222355276,-48.71536309302626
2023-08-30 19:00:00,4.851509197875179,-43.508429175123105
2023-08-30 20:00:00,5.194927690828394,-45.389753931591095
2023-08-30 21:00:00,5.287606332224537,-31.58258438363353
2023-08-30 22:00:00,3.9021582631766947,-30.305580984380743
2023-08-30 23:00:00,5.013818836138963,-10.081622159255469
2023-08-31 00:00:00,5.193793107144909,-14.828573698736854
2023-08-31 01:00:00,4.877820341785901,19.133086820079363
2023-08-31 02:00:00,4.25112716797381,22.150080610174506
2023-08-31 03:00:00,4.822099489470144,29.44485577982688
2023-08-31 04:00:00,4.944868984440316,40.436561542634514
2023-08-31 05:00:00,5.112587081055771,57.71347940330856
2023-08-31 06:00:00,5.444530918568283,52.275846627130605
2023-08-31 07:00:00,5.48682584659862,47.251492956301824
2023-08-31 08:00:00,4.875405344042789,56.407215130463456
2023-08-31 09:00:00,5.177336332268605,38.76108106266965
2023-08-31 10:00:00,4.9430033549873125,26.679870366910656
2023-08-31 11:00:00,5.450309345358804,18.472580769685898
2023-08-31 12:00:00,5.385187646787884,6.167990818704532
2023-08-31 13:00:00,5.336906469269425,-16.08231552002263
2023-08-31 14:00:00,4.90922559618366,-30.367091973234153
2023-08-31 15:00:00,5.610795072810682,-40.28115486501847
2023-08-31 16:00:00,5.288365162190878,-42.98269009974421
2023-08-31 17:00:00,4.806101227118814,-48.68459050092305
2023-08-31 18:00:00,5.0587270711492165,-53.101735694236936
2023-08-31 19:00:00,4.65987698441638,-52.9612021290319
2023-08-31 20:00:00,5.231765520883729,-37.10339486464462
2023-08-31 21:00:00,5.164136996483489,-38.30428829010234
2023-08-31 22:00:00,4.953088524587595,-30.64807979207139
2023-08-31 23:00:00,4.481144882612222,-14.6932336073541
2023-09-01 00:00:00,5.291030125854783,-4.471835609495193
2023-09-01 01:00:00,5.137222476316884,8.95038548299452
2023-09-01 02:00:00,4.344784408363484,24.936854021249907
2023-09-01 03:00:00,5.327754783496801,38.18060001322248
2023-09-01 04:00:00,4.8684644744449415,58.246406264743484
2023-09-01 05:00:00,4.47774729206131,57.13152736966053
2023-09-01 06:00:00,5.265109840628231,43.54215573295462
2023-09-01 07:00:00,4.567260386365142,47.33072616323162
2023-09-01 08:00:00,4.187555192906363,45.70239042621543
2023-09-01 09:00:00,5.086289772659182,37.338728124668876
2023-09-01 10:00:00,4.605679594067192,21.961029563743054
2023-09-01 11:00:00,5.11516205407359,17.15718282647215
2023-09-01 12:00:00,5.730901863164105,-4.690682570963284
2023-09-01 13:00:00,5.567900574345717,-15.896452893565328
2023-09-01 14:00:00,4.843628909758551,-26.710393484662003
2023-09-01 15:00:00,4.938789038710925,-38.575312167550706
2023-09-01 16:00:00,4.055370371724068,-36.05225400503218
2023-09-01 17:00:00,4.500961602866457,-46.00190812200078
2023-09-01 18:00:00,5.526273818226261,-47.46003681421124
2023-09-01 19:00:00,5.548809800523921,-51.14651927908349
2023-09-01 20:00:00,5.954544845631032,-30.278891138776565
2023-09-01 21:00:00,4.5951676943157675,-41.82175916263111
2023-09-01 22:00:00,4.945308347079215,-20.633347794479103
2023-09-01 23:00:00,4.409598567109678,-3.1607106161480445
2023-09-02 00:00:00,5.011382265528577,2.108561907866395
2023-09-02 01:00:00,5.617349662230848,13.95849047836935
2023-09-02 02:00:00,5.300120596095053,23.37771957187119
2023-09-02 03:00:00,4.747581325367779,38.55077137110274
2023-09-02 04:00:00,4.997423345010174,43.11131434378769
2023-09-02 05:00:00,4.301072064123964,56.565966381457486
2023-09-02 06:00:00,4.585173786046442,47.1630524469232
2023-09-02 07:00:00,5.205872888996772,44.66434988521112
2023-09-02 08:00:00,5.677200860147703,38.52617801169298
2023-09-02 09:00:00,5.01273734726708,43.252567542136624
2023-09-02 10:00:00,5.878468971108144,27.555799848870674
2023-09-02 11:00:00,5.710677427946537,20.022078795741066
2023-09-02 12:00:00,5.454255498430164,-1.5572243280701297
2023-09-02 13:00:00,5.036746758713744,-20.025383749402405
2023-09-02 14:00:00,4.970686908805388,-19.714132993737817
2023-09-02 15:00:00,4.432379407262579,-30.85005764142508
2023-09-02 16:00:00,4.858569855661732,-46.72813819628302
2023-09-02 17:00:00,4.024056053827264,-53.19592195664646
2023-09-02 18:00:00,4.563995840005861,-53.417589543070214
2023-09-02 19:00:00,5.159940037111664,-49.42081626243976
2023-09-02 20:00:00,5.024903301593302,-42.70862884823303
2023-09-02 21:00:00,5.826683870110163,-32.914595469898536
2023-09-02 22:00:00,4.286611234171579,-27.01876825363154
2023-09-02 23:00:00,5.978468254393754,-2.6168570506361224
2023-09-03 00:00:00,5.132399940868885,10.203984415843117
2023-09-03 01:00:00,5.328034158204355,14.424730500382642
2023-09-03 02:00:00,5.7811883127765515,26.700402049753052
2023-09-03 03:00:00,5.33126607037328,32.34030509362158
2023-09-03 04:00:00,3.5888047692851606,49.25637415582595
2023-09-03 05:00:00,6.029709247048947,49.35563893241412
2023-09-03 06:00:00,4.7512863867564175,43.05775920606296
2023-09-03 07:00:00,4.730294500322742,45.31905870034783
2023-09-03 08:00:00,5.451811099561214,43.661623000872154
2023-09-03 09:00:00,4.538078190198756,40.92144451811147
2023-09-03 10:00:00,5.223237045026423,13.065469616011253
2023-09-03 11:00:00,3.9545703222047184,14.804451815282642
2023-09-03 12:00:00,4.959424987839569,-0.05267173271388226
2023-09-03 13:00:00,5.194538429211138,-15.487740257294682
2023-09-03 14:00:00,4.5832787631791865,-27.141543784111335
2023-09-03 15:00:00,4.530313967548345,-30.278905451635868
2023-09-03 16:00:00,5.485913283721988,-43.32435659548838
2023-09-03 17:00:00,4.9921266312190715,-60.52158509859805
2023-09-03 18:00:00,4.6436408793881245,-50.305252529770556
2023-09-03 19:00:00,5.269270171069671,-45.542562877883405
2023-09-03 20:00:00,4.556760317557446,-46.64422386445258
2023-09-03 21:00:00,4.076393799176799,-44.10085890005816
2023-09-03 22:00:00,4.174568565990481,-19.05727403537208
2023-09-03 23:00:00,4.96754949897803,-15.2687741695154
2023-09-04 00:00:00,4.845988788884539,1.1106891338626044
2023-09-04 01:00:00,4.83895371134705,3.238194178837059
2023-09-04 02:00:00,5.169961647891228,30.93325955493841
2023-09-04 03:00:00,3.9730140679550594,29.06980448045349
2023-09-04 04:00:00,5.267081164380524,49.97239683168415
2023-09-04 05:00:00,4.625652972718295,45.08358806612949
2023-09-04 06:00:00,5.0231183339160115,51.98703303984395
2023-09-04 07:00:00,5.368174662918734,52.54663394149355
2023-09-04 08:00:00,5.709050107749441,37.02564601414941
2023-09-04 09:00:00,4.520177726502308,38.25087878229562
2023-09-04 10:00:00,5.471762301161444,28.387925443056552
2023-09-04 11:00:00,5.284334117654231,3.778278103180826
2023-09-04 12:00:00,4.9023471461486,-2.354779217453297
2023-09-04 13:00:00,5.267571186731846,-20.089636747132175
2023-09-04 14:00:00,4.7486480445914445,-35.57947164007457
2023-09-04 15:00:00,4.454350231224437,-36.510623542853295
2023-09-04 16:00:00,5.5404958176002745,-44.83086378002974
2023-09-04 17:00:00,4.882310282817277,-51.81149061120112
2023-09-04 18:00:00,5.881436014179845,-54.37007002551326
2023-09-04 19:00:00,5.759447566109827,-56.48213132403677
2023-09-04 20:00:00,4.373668512306784,-43.2979115707534
2023-09-04 21:00:00,5.82465085971968,-32.3302987575653
2023-09-04 22:00:00,4.925054948415033,-23.214812365149875
2023-09-04 23:00:00,5.233217993422724,-21.270319719026794
2023-09-05 00:00:00,5.177586681836527,3.748370570058339
2023-09-05 01:00:00,4.508992831448634,18.11890467691688
2023-09-05 02:00:00,4.806248007183838,36.86759684963505
2023-09-05 03:00:00,5.6015799166234475,31.69553559821624
2023-09-05 04:00:00,5.148572022471092,46.457646000263956
2023-09-05 05:00:00,4.359970218447768,56.28219141626332
2023-09-05 06:00:00,5.481017926912952,53.00388496848476
2023-09-05 07:00:00,4.40084239636731,63.52809195447624
2023-09-05 08:00:00,5.473990453582359,41.997608920615185
2023-09-05 09:00:00,5.769180055351737,33.06638513191971
2023-09-05 10:00:00,4.485054539078579,15.847003859717583
2023-09-05 11:00:00,5.56186727173118,12.685965725618521
2023-09-05 12:00:00,5.4831142920888105,0.22176187726495086
2023-09-05 13:00:00,5.890543954965987,-11.45205143026306
2023-09-05 14:00:00,4.400666719277635,-22.308619802086664
2023-09-05 15:00:00,4.343214531300985,-36.238681080721015
2023-09-05 16:00:00,4.691210316937564,-41.737512245986345
2023-09-05 17:00:00,4.428642917501837,-49.626972972255196
2023-09-05 18:00:00,6.3446783246290455,-47.090128170387324
2023-09-05 19:00:00,5.029092729351873,-55.03937711903589
2023-09-05 20:00:00,5.042959956253478,-46.770839732247715
2023-09-05 21:00:00,5.8182759131480575,-33.71779358199288
2023-09-05 22:00:00,4.714155125308192,-21.346467752950076
2023-09-05 23:00:00,5.235693835044766,-13.650083975675381
2023-09-06 00:00:00,4.219504190027302,-1.735557497629253
2023-09-06 01:00:00,4.8429857053869085,11.823364790531482
2023-09-06 02:00:00,5.868537273905049,20.646550546512003
2023-09-06 03:00:00,5.6541735211001525,34.19838250165429
2023-09-06 04:00:00,5.238731288450024,48.57899894163784
2023-09-06 05:00:00,4.924310337307232,47.76102667843106
2023-09-06 06:00:00,5.033792605398758,48.605305307615694
2023-09-06 07:00:00,5.226930894038398,47.37838586230731
2023-09-06 08:00:00,4.05502632877613,52.36166806929053
2023-09-06 09:00:00,5.83740315174669,39.69851346694128
2023-09-06 10:00:00,4.221490904088353,29.29860234552178
2023-09-06 11:00:00,4.414671197256618,15.638311966882306
2023-09-06 12:00:00,3.9978334159174276,2.7923465553287947
2023-09-06 13:00:00,5.351661816471114,-8.603037803929066
2023-09-06 14:00:00,5.978693646784154,-16.2670848332847
2023-09-06 15:00:00,4.352526504573443,-34.352357627695866
2023-09-06 16:00:00,4.703753301033177,-42.23159639042062
2023-09-06 17:00:00,4.7250707327714,-41.36022758397096
2023-09-06 18:00:00,4.61282488204493,-49.232002367724704
2023-09-06 19:00:00,4.923819310871523,-43.12477729165608
2023-09-06 20:00:00,4.916560977776875,-45.05009646276503
2023-09-06 21:00:00,5.439771635435869,-42.230295737409016
2023-09-06 22:00:00,4.9895573949344225,-31.46145552916535
2023-09-06 23:00:00,4.276615389118362,-4.326432960778206
2023-09-07 00:00:00,5.656598935016972,14.194130780933936
2023-09-07 01:00:00,5.708411804358656,13.197912866411231
2023-09-07 02:00:00,4.732072323667387,22.32176796374685
2023-09-07 03:00:00,5.446163036097237,37.13220922800272
2023-09-07 04:00:00,5.584607293467507,39.98769679769076
2023-09-07 05:00:00,4.973076176492173,58.30953916751203
2023-09-07 06:00:00,4.776415859430035,46.17398524451656
2023-09-07 07:00:00,5.761476552660071,41.76031399018863
2023-09-07 08:00:00,4.970479276514656,43.988888728619386
2023-09-07 09:00:00,5.590739965856578,38.807986707316076
2023-09-07 10:00:00,6.22948881047329,24.797563133780812
2023-09-07 11:00:00,5.4357351271587175,19.99877259041335
2023-09-07 12:00:00,4.281611276245468,0.42075220022340354
2023-09-07 13:00:00,4.570353344638309,-14.80274959412419
2023-09-07 14:00:00,4.5506034386952825,-11.697429335470153
2023-09-07 15:00:00,5.234467430183114,-33.3150292817291
2023-09-07 16:00:00,3.9932067647189147,-46.58305116103102
2023-09-07 17:00:00,5.004099403247335,-53.56201873566985
2023-09-07 18:00:00,4.639521703628553,-55.65860360850307
2023-09-07 19:00:00,3.8807394478688413,-63.08301585195075
2023-09-07 20:00:00,4.97464495137671,-37.010865433969386
2023-09-07 21:00:00,4.278365474739099,-36.00081041914314
2023-09-07 22:00:00,4.560819338246816,-21.244335179507168
2023-09-07 23:00:00,5.389005172734835,-11.88199177807495
2023-09-08 00:00:00,4.894555345136511,-12.027148428506989
2023-09-08 01:00:00,5.565708519882251,11.756695602943573
2023-09-08 02:00:00,5.417184600308266,24.22170548359731
2023-09-08 03:00:00,5.568232431213515,42.49079816559136
2023-09-08 04:00:00,5.629032289244257,48.058317708627264
2023-09-08 05:00:00,4.8125403968572344,47.44856942821161
2023-09-08 06:00:00,4.871561147855085,49.82132365748734
2023-09-08 07:00:00,4.483078866191727,44.523781923639916
2023-09-08 08:00:00,5.180269179764112,38.77201946631561
2023-09-08 09:00:00,5.042448095072777,31.596308398285778
2023-09-08 10:00:00,4.452768625808812,23.977529338637897
2023-09-08 11:00:00,5.056009028526777,13.499880202642492
2023-09-08 12:00:00,5.463931517183887,-1.3972092397779505
2023-09-08 13:00:00,4.823609725132766,-11.23332622017613
2023-09-08 14:00:00,5.059984806674513,-27.190779231043784
2023-09-08 15:00:00,5.174190329286028,-31.8903638155206
2023-09-08 16:00:00,5.276322061216313,-33.46246294663449
2023-09-08 17:00:00,5.28290716105541,-42.040150672000664
2023-09-08 18:00:00,4.81028968033259,-55.15061708130054
2023-09-08 19:00:00,3.8832503647711425,-51.174638974701494
2023-09-08 20:00:00,4.684518562047259,-37.006087993604424
2023-09-08 21:00:00,4.765867943967003,-43.526084250206395
2023-09-08 22:00:00,5.677478213057055,-26.47466858548685
2023-09-08 23:00:00,4.425018894869747,-12.713563931472889
2023-09-09 00:00:00,5.737785035920746,-1.3720039427890014
2023-09-09 01:00:00,5.2748063623905965,11.828106332648424
2023-09-09 02:00:00,5.397811595601272,26.618019122724398
2023-09-09 03:00:00,4.64453698623824,35.64132869943019
2023-09-09 04:00:00,4.480554416830876,39.23574323112955
2023-09-09 05:00:00,5.83190015042803,57.03314547856094
2023-09-09 06:00:00,4.5168380998243425,49.94348076475422
2023-09-09 07:00:00,4.5279047528286185,50.13400328246481
2023-09-09 08:00:00,4.326483899933153,41.762338254567176
2023-09-09 09:00:00,4.308542407229354,35.5422290433954
2023-09-09 10:00:00,5.067510167656564,21.21630278139461
2023-09-09 11:00:00,5.671807435414806,6.694114934676638
2023-09-09 12:00:00,5.083491938969577,3.3981400925968166
2023-09-09 13:00:00,5.264330308758086,-17.502735428818628
2023-09-09 14:00:00,5.4273046363038855,-26.4552109684954
2023-09-09 15:00:00,3.793988623692174,-26.44194596521965
2023-09-09 16:00:00,5.104563960054785,-36.87141090394616
2023-09-09 17:00:00,5.213620996526796,-52.143919426253184
2023-09-09 18:00:00,4.339136669942655,-47.85368595219869
2023-09-09 19:00:00,5.344434543315521,-55.43091276315599
2023-09-09 20:00:00,4.747440965197221,-36.876738656707346
2023-09-09 21:00:00,4.916055805280438,-34.914044135316
2023-09-09 22:00:00,5.941430684345141,-19.158517244413332
2023-09-09 23:00:00,5.51074280113324,-11.54116897048809
2023-09-10 00:00:00,5.303902300471867,-2.0828222098035054
2023-09-10 01:00:00,5.21402853972393,11.557845697420785
2023-09-10 02:00:00,4.562497604091285,23.06409762056256
2023-09-10 03:00:00,4.722594573361454,37.58007286461577
2023-09-10 04:00:00,5.056798528079518,39.47003075001781
2023-09-10 05:00:00,4.492025032499412,48.3490592330803
2023-09-10 06:00:00,4.588566530584989,50.59099969472672
2023-09-10 07:00:00,4.684317379577848,40.37017750266707
2023-09-10 08:00:00,6.055198434278246,37.757357238312046
2023-09-10 09:00:00,5.589324059669881,26.968414551421915
2023-09-10 10:00:00,5.038012660801823,23.536155034449298
2023-09-10 11:00:00,4.429337179409109,12.48830952726189
2023-09-10 12:00:00,5.038688976440527,3.653613581257427
2023-09-10 13:00:00,4.9454345430022535,-17.309436334745616
2023-09-10 14:00:00,5.8637319609720215,-31.6691253694704
2023-09-10 15:00:00,5.774550780768234,-38.03914216573932
2023-09-10 16:00:00,4.5398644466432705,-41.37539206713042
2023-09-10 17:00:00,5.350575654488684,-39.73492168312809
2023-09-10 18:00:00,4.7113983697003645,-49.49466847572972
2023-09-10 19:00:00,4.5178471151744075,-53.47266347736916
2023-09-10 20:00:00,5.616216602063549,-41.27837783193607
2023-09-10 21:00:00,5.151016033075004,-34.833687616663745
2023-09-10 22:00:00,6.364575393620162,-24.833106788287182
2023-09-10 23:00:00,4.867414887230091,-19.634745201926304
2023-09-11 00:00:00,4.533002623205693,1.9819826252798518
2023-09-11 01:00:00,4.63452839101733,10.5967749456873
2023-09-11 02:00:00,5.029054102970657,22.611152599671662
2023-09-11 03:00:00,4.4233626822824235,39.85698933133119
2023-09-11 04:00:00,4.790843802889108,46.206101193533165
2023-09-11 05:00:00,4.414693457168823,42.61008967160224
2023-09-11 06:00:00,4.646181842004075,57.51551527455758
2023-09-11 07:00:00,4.653588142817643,53.53796617104529
2023-09-11 08:00:00,5.23935220385027,39.0884698691073
2023-09-11 09:00:00,4.842619630138533,24.418315721093908
2023-09-11 10:00:00,4.877605121773835,26.77852794562639
2023-09-11 11:00:00,4.71281977177887,14.277914265642389
2023-09-11 12:00:00,4.234610079984597,-4.656265169970447
2023-09-11 13:00:00,4.633073150602922,-3.8239087824596485
2023-09-11 14:00:00,5.75112659329356,-25.544833072011915
2023-09-11 15:00:00,4.306076568269212,-35.530793591252305
2023-09-11 16:00:00,4.816258659174042,-41.60334953450847
2023-09-11 17:00:00,4.527066559691158,-42.1660763092668
2023-09-11 18:00:00,5.210297786666383,-48.556286059495214
2023-09-11 19:00:00,4.6696774025691,-47.8949648064107
2023-09-11 20:00:00,5.083533709052661,-50.52908444193639
2023-09-11 21:00:00,5.550902935952545,-35.45149443391892
2023-09-11 22:00:00,4.957104063307681,-18.281886000640487
2023-09-11 23:00:00,4.658535434016771,-16.278085964462797
2023-09-12 00:00:00,5.669374152162557,0.6528452492511689
2023-09-12 01:00:00,4.819745099413264,-2.475180965767761
2023-09-12 02:00:00,5.2895927876706885,32.124002755023476
2023-09-12 03:00:00,4.740858284973119,34.82423575920069
2023-09-12 04:00:00,5.326793155073254,42.48548744225543
2023-09-12 05:00:00,5.356744469105093,50.89853965382149
2023-09-12 06:00:00,5.825229516839819,51.486617006394084
2023-09-12 07:00:00,4.816991933107828,50.38778769571909
2023-09-12 08:00:00,5.538922618213647,37.478092897341774
2023-09-12 09:00:00,5.35383623693193,41.9866556028162
2023-09-12 10:00:00,4.904836186831924,30.793920181687206
2023-09-12 11:00:00,4.506256310292628,14.631053406261273
2023-09-12 12:00:00,4.198374932802991,7.784216498686557
2023-09-12 13:00:00,4.887644330078975,-12.794281097762743
2023-09-12 14:00:00,4.736151480310913,-27.3274802896348
2023-09-12 15:00:00,5.044011007890509,-33.97337869702526
2023-09-12 16:00:00,4.652925129627888,-37.28765629185762
2023-09-12 17:00:00,5.336608322416034,-50.361269260169124
2023-09-12 18:00:00,4.876554267445065,-52.407043235717595
2023-09-12 19:00:00,5.069834666082135,-53.58095406840703
2023-09-12 20:00:00,4.234978913057291,-43.357140838321435
2023-09-12 21:00:00,4.991989528400617,-34.30377362550554
2023-09-12 22:00:00,5.453567461916643,-30.161613950242923
2023-09-12 23:00:00,4.8709830935696035,-22.885124948214987
2023-09-13 00:00:00,4.150464370832109,-1.8399024585791366
2023-09-13 01:00:00,4.801842271126871,14.236393540629466
2023-09-13 02:00:00,5.487043072887437,33.53763736490623
2023-09-13 03:00:00,4.29021246565901,39.28226023897847
2023-09-13 04:00:00,3.6426611387925742,55.26633331434192
2023-09-13 05:00:00,4.965129101237481,45.888767629343825
2023-09-13 06:00:00,4.2987018148034615,52.353829520738465
2023-09-13 07:00:00,4.13643770755689,47.76180624329393
2023-09-13 08:00:00,4.9469863653075965,55.80997772532037
2023-09-13 09:00:00,5.765773676039862,38.38490423593369
2023-09-13 10:00:00,4.7049561885311935,13.253965885145362
2023-09-13 11:00:00,4.180044993185292,9.85468835904059
2023-09-13 12:00:00,3.811953407819149,-7.502345247240997
2023-09-13 13:00:00,5.093755359482846,-6.40340224644908
2023-09-13 14:00:00,5.105585365204402,-29.04083176767995
2023-09-13 15:00:00,4.9215365280920915,-33.225654496971764
2023-09-13 16:00:00,5.472399510212153,-44.05243773703835
2023-09-13 17:00:00,5.412128083756406,-50.28392870015622
2023-09-13 18:00:00,4.428666168144966,-54.802387033154865
2023-09-13 19:00:00,5.550500888146553,-50.74002934795334
2023-09-13 20:00:00,5.040016915788365,-43.04094816179651
2023-09-13 21:00:00,4.807077096016504,-36.986143747817806
2023-09-13 22:00:00,4.393757265604551,-22.43614483359621
2023-09-13 23:00:00,4.542289933602486,-21.62342147485646
2023-09-14 00:00:00,4.442555723534375,-7.277224177083195
2023-09-14 01:00:00,5.683141300376178,16.72551342848055
2023-09-14 02:00:00,4.778038953310599,19.8515049940427
2023-09-14 03:00:00,5.02472778107233,27.559643699237924
2023-09-14 04:00:00,3.930115241257438,44.73493633769509
2023-09-14 05:00:00,4.390384997626679,47.393160588797045
2023-09-14 06:00:00,4.621873806607795,54.25620633530624
2023-09-14 07:00:00,5.980920917313632,35.16527522826445
2023-09-14 08:00:00,4.846340214042784,34.60551627084972
2023-09-14 09:00:00,4.83247237445382,37.948388494002785
2023-09-14 10:00:00,4.307329355665689,27.687761379262163
2023-09-14 11:00:00,4.6771457515115165,16.81477436495387
2023-09-14 12:00:00,4.679475084635759,3.053330212198672
2023-09-14 13:00:00,5.54612921410024,-12.633491930097927
2023-09-14 14:00:00,3.8272179692303956,-28.01256557379357
2023-09-14 15:00:00,4.1276557084709,-44.72338855437836
2023-09-14 16:00:00,5.089434648362527,-33.61274803222868
2023-09-14 17:00:00,5.372843338231051,-53.17063667346745
2023-09-14 18:00:00,4.509162946755555,-44.14049191280383
2023-09-14 19:00:00,5.56962266440526,-51.34333229592714
2023-09-14 20:00:00,4.922604284765961,-44.49879414002927
2023-09-14 21:00:00,4.421833648259678,-39.45535944667216
2023-09-14 22:00:00,4.348810404357754,-24.671709228954104
2023-09-14 23:00:00,5.118606355167494,-10.493830484654248
2023-09-15 00:00:00,5.255537722281657,-8.624169673802262
2023-09-15 01:00:00,3.7535529734502475,15.461631322841138
2023-09-15 02:00:00,4.680227250208812,33.236573643190766
2023-09-15 03:00:00,4.184640227638953,37.94181277548648
2023-09-15 04:00:00,4.981233169615443,47.31670747586385
2023-09-15 05:00:00,4.9086837198581375,47.40909133665775
2023-09-15 06:00:00,4.802150403616226,47.37920594541042
2023-09-15 07:00:00,6.124421401621692,49.52235911536832
2023-09-15 08:00:00,5.732007325983328,37.84740815247504
2023-09-15 09:00:00,5.176026840157791,33.97253412401924
2023-09-15 10:00:00,4.504742399090695,16.60056958809892
2023-09-15 11:00:00,4.553549531995912,7.213772005278996
2023-09-15 12:00:00,5.608907629818449,5.8764795923611555
2023-09-15 13:00:00,4.328254785297702,-25.3450717073516
2023-09-15 14:00:00,5.118543110894627,-21.271596655550752
2023-09-15 15:00:00,5.9734468859525585,-25.302287697157
2023-09-15 16:00:00,4.148407863001252,-42.061010977234794
2023-09-15 17:00:00,5.587459163493133,-53.098402490015665
2023-09-15 18:00:00,5.310017808782779,-46.925683823061384
2023-09-15 19:00:00,5.164043267412378,-55.497479211953646
2023-09-15 20:00:00,5.124741414182061,-47.31965112248614
2023-09-15 21:00:00,5.144702003002223,-42.0136176546332
2023-09-15 22:00:00,5.22934110265281,-31.62955052489309
2023-09-15 23:00:00,4.700651088699037,-8.543572622085842
2023-09-16 00:00:00,5.2190355502261125,-0.9146624496582328
2023-09-16 01:00:00,4.753780640230529,16.032983857848937
2023-09-16 02:00:00,4.5834830242694755,26.14813504749984
2023-09-16 03:00:00,4.796451350672253,27.675281247813697
2023-09-16 04:00:00,4.865915917637188,41.846669263978264
2023-09-16 05:00:00,5.870018663489638,43.53202609895909
2023-09-16 06:00:00,5.558710836837886,47.609524351374205
2023-09-16 07:00:00,5.07864915567073,47.864810612530334
2023-09-16 08:00:00,4.304112662263671,41.77564074481736
2023-09-16 09:00:00,4.578988966944488,36.39302420877262
2023-09-16 10:00:00,5.828151956516753,25.639049245859823
2023-09-16 11:00:00,4.3601431222545886,7.9270981991314455
2023-09-16 12:00:00,5.338486002255249,0.5301390014564721
2023-09-16 13:00:00,4.683909618067512,-4.252576767075464
2023-09-16 14:00:00,5.302274079273671,-27.7297887909891
2023-09-16 15:00:00,5.080031138408544,-42.67374610566179
2023-09-16 16:00:00,5.089646883614528,-44.549859698884866
2023-09-16 17:00:00,4.456283517339437,-44.32600307813161
2023-09-16 18:00:00,5.1852309143566835,-46.74995930777895
2023-09-16 19:00:00,4.979729324831735,-46.43933943902534
2023-09-16 20:00:00,4.902330737107239,-35.38461862689665
2023-09-16 21:00:00,4.598903785841814,-28.10953326912623
2023-09-16 22:00:00,4.77855791327887,-19.34300321185416
2023-09-16 23:00:00,4.488345520492763,-14.288280836269495
2023-09-17 00:00:00,4.831521737937011,14.05652160343614
2023-09-17 01:00:00,5.227522098644726,9.60001591110732
2023-09-17 02:00:00,4.27486309312988,29.467548731759727
2023-09-17 03:00:00,4.985621067137317,32.08149314241108
2023-09-17 04:00:00,4.702997429573314,47.13197092873524
2023-09-17 05:00:00,5.632418124573038,51.20673949289305
2023-09-17 06:00:00,4.80776994575494,48.35827463111319
2023-09-17 07:00:00,4.957966965093348,37.891178967860355
2023-09-17 08:00:00,5.189240989025792,54.18250324539163
2023-09-17 09:00:00,5.852312704789323,43.402728239396986
2023-09-17 10:00:00,5.188774562214919,32.445971573488265
2023-09-17 11:00:00,6.19625612633379,5.663782052416096
2023-09-17 12:00:00,5.576308943441535,4.967985246003983
2023-09-17 13:00:00,4.944148456130254,-13.672742134861263
2023-09-17 14:00:00,3.629168239033679,-27.09120472724533
2023-09-17 15:00:00,4.627474617943136,-39.485462284479524
2023-09-17 16:00:00,5.323056422105576,-36.02679062556548
2023-09-17 17:00:00,4.368270259161361,-46.68382422314096
2023-09-17 18:00:00,4.030656723571578,-49.91309864236534
2023-09-17 19:00:00,5.129835052064175,-46.44575659850014
2023-09-17 20:00:00,4.201446435656781,-42.309626360190876
2023-09-17 21:00:00,5.042347679459635,-30.32387342844941
2023-09-17 22:00:00,4.90094774828153,-35.39936145747439
2023-09-17 23:00:00,4.249406598824546,-14.95681999714574
2023-09-18 00:00:00,5.945955519900148,-6.960976953858486
2023-09-18 01:00:00,4.662185312009771,14.180760616468547
2023-09-18 02:00:00,5.4891376987284,17.152996525420132
2023-09-18 03:00:00,5.645811507250512,29.199854014335834
2023-09-18 04:00:00,4.620187733874216,44.89331073814329
2023-09-18 05:00:00,6.039133407831146,46.82832119935049
2023-09-18 06:00:00,4.571159758795817,51.78035278724814
2023-09-18 07:00:00,4.944177749345547,42.288055563275336
2023-09-18 08:00:00,5.147741349564606,42.10599319881924
2023-09-18 09:00:00,4.294063988782151,35.10076800759571
2023-09-18 10:00:00,4.911172091505186,18.15516287226767
2023-09-18 11:00:00,5.323134822994608,9.452759169254087
2023-09-18 12:00:00,5.169751473101753,0.8808250966809327
2023-09-18 13:00:00,5.658794577203444,-14.777381838007
2023-09-18 14:00:00,4.406305403658964,-29.237369145778857
2023-09-18 15:00:00,4.8781479286206375,-34.19354900542555
2023-09-18 16:00:00,4.7395887034681,-45.835901175455
2023-09-18 17:00:00,4.545028129513985,-46.86493874666699
2023-09-18 18:00:00,4.84924330367131,-47.24863202144317
2023-09-18 19:00:00,5.109602092332411,-45.29860044265164
2023-09-18 20:00:00,4.646674607211137,-42.672085175178566
2023-09-18 21:00:00,4.63604130634901,-36.26892720647611
2023-09-18 22:00:00,5.16440389593576,-25.212893946244577
2023-09-18 23:00:00,5.6101030219231305,-6.341752001558502
2023-09-19 00:00:00,5.553171364346119,-3.4793221631871636
2023-09-19 01:00:00,5.23882294485627,19.7567390580925
2023-09-19 02:00:00,4.426029643788827,22.470618989574188
2023-09-19 03:00:00,4.509794810649123,37.7584126997803
2023-09-19 04:00:00,4.692633321916559,44.29248337621718
2023-09-19 05:00:00,4.753680063141019,51.69572259602369
2023-09-19 06:00:00,5.124289244607301,35.93963765838019
2023-09-19 07:00:00,4.6796048106670325,51.106895541250346
2023-09-19 08:00:00,5.204560941152171,42.40892599644087
2023-09-19 09:00:00,4.486029101357772,38.499059472488895
2023-09-19 10:00:00,5.564386238966823,26.457389983951554
2023-09-19 11:00:00,4.93498678666012,17.57046593629052
2023-09-19 12:00:00,5.250856927929912,-4.922051868945817
2023-09-19 13:00:00,5.029672231696704,-22.049677209942256
2023-09-19 14:00:00,4.38257393393572,-33.09033834292349
2023-09-19 15:00:00,5.353384662338884,-37.87612317181644
2023-09-19 16:00:00,4.58215704791973,-47.347406057768374
2023-09-19 17:00:00,4.755980034172497,-45.73593044701981
2023-09-19 18:00:00,4.086212819221703,-43.86303947365959
2023-09-19 19:00:00,4.608496725181188,-44.6849979586787
2023-09-19 20:00:00,4.616950352405237,-46.2802451031355
2023-09-19 21:00:00,4.680539516464062,-35.854052203957686
2023-09-19 22:00:00,5.152349272774795,-22.040035027706583
2023-09-19 23:00:00,5.151086363370213,-6.146191637751617
2023-09-20 00:00:00,6.129239080847564,5.331217392398015
2023-09-20 01:00:00,5.446239729022508,18.28249003026728
2023-09-20 02:00:00,5.928188178205717,27.020753008851827
2023-09-20 03:00:00,4.410927731724245,40.968535714545524
2023-09-20 04:00:00,4.9738281708111565,47.30825980568057
2023-09-20 05:00:00,5.742283749266651,40.530833225762294
2023-09-20 06:00:00,5.1205764867942145,51.57565417419662
2023-09-20 07:00:00,5.089503780460172,44.03963331461253
2023-09-20 08:00:00,5.3125711777032745,39.03302672154919
2023-09-20 09:00:00,4.292246378591177,36.1324956368139
2023-09-20 10:00:00,5.685070405286988,24.96928166865064
2023-09-20 11:00:00,4.509399830299929,11.787953538824576
2023-09-20 12:00:00,4.678602082138684,-6.396122389051792
2023-09-20 13:00:00,4.567524706519255,-13.753230914902483
2023-09-20 14:00:00,5.043185265568667,-30.943994538521032
2023-09-20 15:00:00,5.18940169460668,-33.80390386812755
2023-09-20 16:00:00,4.774829129628056,-43.46215526875761
2023-09-20 17:00:00,4.366626381443718,-45.16614436800721
2023-09-20 18:00:00,4.375378091293287,-54.96498908147043
2023-09-20 19:00:00,4.668543470436703,-42.38062749977634
2023-09-20 20:00:00,5.381385998471286,-42.281425835442036
2023-09-20 21:00:00,3.9270707958076736,-18.43771048528447
2023-09-20 22:00:00,5.800748617114955,-29.28608742050965
2023-09-20 23:00:00,4.633493324274257,-4.7476561545680145
2023-09-21 00:00:00,5.212290039525875,-3.833353178825515
2023-09-21 01:00:00,5.130892748119335,18.129804603866393
2023-09-21 02:00:00,4.717263260339647,27.517789611875777
2023-09-21 03:00:00,5.271162537123697,27.88055204996682
2023-09-21 04:00:00,3.9303860636491486,41.887101855527796
2023-09-21 05:00:00,5.016503048392408,53.053077006489815
2023-09-21 06:00:00,4.018496671227866,48.95574590058537
2023-09-21 07:00:00,5.064538218849123,53.2636719340947
2023-09-21 08:00:00,5.404231754908481,46.12535269558003
2023-09-21 09:00:00,4.570467674140815,40.841919978704524
2023-09-21 10:00:00,6.428301831393829,27.594250666901093
2023-09-21 11:00:00,5.465204636408094,8.266102608434412
2023-09-21 12:00:00,5.414619016075051,0.3534726819867757
2023-09-21 13:00:00,4.924045529003489,-12.003150209021317
2023-09-21 14:00:00,4.781571353420346,-24.964684793507374
2023-09-21 15:00:00,5.618663589339694,-39.04574471073692
2023-09-21 16:00:00,6.075497387730412,-44.49737828071263
2023-09-21 17:00:00,4.555780608703909,-45.35166091859074
2023-09-21 18:00:00,4.763701298369288,-49.77315183263568
2023-09-21 19:00:00,5.215650797983277,-60.1188464773049
2023-09-21 20:00:00,5.7133627044730995,-36.81484977343999
2023-09-21 21:00:00,4.502348327304913,-37.58742496704888
2023-09-21 22:00:00,4.396543965552129,-33.15891136941659
2023-09-21 23:00:00,4.272079901624132,-12.936676466697284
2023-09-22 00:00:00,5.432830159390406,-3.0778473162293536
2023-09-22 01:00:00,5.427916826411081,8.487498210470733
2023-09-22 02:00:00,4.24283840608264,25.875749259699504
2023-09-22 03:00:00,5.862581257552667,42.31754198422774
2023-09-22 04:00:00,4.236032987723312,45.62483362252949
2023-09-22 05:00:00,4.587780790914151,41.47417924084654
2023-09-22 06:00:00,4.26189661925497,48.680229486934735
2023-09-22 07:00:00,5.365671567277831,46.16084120197235
2023-09-22 08:00:00,5.706206213628872,45.93617330447768
2023-09-22 09:00:00,5.489062475090441,25.74036958084778
2023-09-22 10:00:00,4.951535496264998,27.936409109699643
2023-09-22 11:00:00,5.033756938546954,8.314310961379718
2023-09-22 12:00:00,4.958394877916556,-2.8493428088076884
2023-09-22 13:00:00,5.074565260136993,-8.35065220530618
2023-09-22 14:00:00,5.261674734588944,-23.312924904142342
2023-09-22 15:00:00,4.879705628115207,-32.64536868530973
2023-09-22 16:00:00,4.670984447796373,-38.44788644963616
2023-09-22 17:00:00,5.366401408508086,-49.68560972289976
2023-09-22 18:00:00,4.1329736836026525,-54.97270090415721
2023-09-22 19:00:00,5.385455496575537,-46.99573937039812
2023-09-22 20:00:00,5.890833971127074,-39.16509392029187
2023-09-22 21:00:00,4.749134800647647,-35.024732614568286
2023-09-22 22:00:00,4.905855789879708,-18.383074674943877
2023-09-22 23:00:00,4.944503034960707,-14.568259651929859
2023-09-23 00:00:00,4.991984280010628,-1.0340643904671774
2023-09-23 01:00:00,5.054173739075077,7.240339652174827
2023-09-23 02:00:00,4.967556096892894,20.273737862378653
2023-09-23 03:00:00,4.73339980439873,36.42500394671068
2023-09-23 04:00:00,5.173840476360723,36.907707192820595
2023-09-23 05:00:00,5.424404128238559,48.00478268393255
2023-09-23 06:00:00,4.774321869950886,49.80401570509889
2023-09-23 07:00:00,4.507126336999216,51.2191280387004
2023-09-23 08:00:00,5.589101989180017,48.102816662393046
2023-09-23 09:00:00,5.053253076196093,37.845119150248955
2023-09-23 10:00:00,4.2037770076383625,35.83122650617209
2023-09-23 11:00:00,5.501109539243263,13.523628332847837
2023-09-23 12:00:00,4.464285416577571,8.693322037847421
2023-09-23 13:00:00,4.820324470432517,-24.98546872547959
2023-09-23 14:00:00,4.873056477559716,-23.225936846527315
2023-09-23 15:00:00,4.708401598836172,-37.275276328080366
2023-09-23 16:00:00,5.377759160981417,-41.580323467254885
2023-09-23 17:00:00,5.751209188989515,-46.66563032758586
2023-09-23 18:00:00,5.4682371621844394,-45.823231362135985
2023-09-23 19:00:00,5.285275148939102,-44.63796381826909
2023-09-23 20:00:00,4.80150444265682,-42.40183222947762
2023-09-23 21:00:00,6.16561943954892,-41.223059842808
2023-09-23 22:00:00,5.228357297296965,-22.015662440239876
2023-09-23 23:00:00,5.5743085432559845,-19.009152946761755
2023-09-24 00:00:00,4.705245804834611,-4.344587136911528
2023-09-24 01:00:00,5.880342969639896,15.332258881705986
2023-09-24 02:00:00,3.9915102322714318,25.9327680094115
2023-09-24 03:00:00,4.043678853343956,30.461922743925474
2023-09-24 04:00:00,5.40849550104891,36.78113116681602
2023-09-24 05:00:00,4.25906449743706,48.899684864531075
2023-09-24 06:00:00,4.701284726507382,48.92413036885621
2023-09-24 07:00:00,4.960435260821521,45.56248141370872
2023-09-24 08:00:00,5.015187439340004,46.574011867958134
2023-09-24 09:00:00,5.9578210865084555,35.20418674675646
2023-09-24 10:00:00,5.023878019663442,30.098351928218598
2023-09-24 11:00:00,4.305709534348538,15.895218115145578
2023-09-24 12:00:00,5.083499939920272,-7.7170065776547805
2023-09-24 13:00:00,4.686602193851423,-22.06814249798699
2023-09-24 14:00:00,4.858141880384157,-20.864662728331258
2023-09-24 15:00:00,5.1055580306595045,-29.713807902137372
2023-09-24 16:00:00,5.409445472334348,-40.32466178979254
2023-09-24 17:00:00,5.2639466401435335,-52.50656170297458
2023-09-24 18:00:00,5.068885868470112,-42.807563970493526
2023-09-24 19:00:00,5.543370591842137,-45.624405170465295
2023-09-24 20:00:00,5.194611632812086,-38.16002494478551
2023-09-24 21:00:00,5.267760524199156,-31.87097686113323
2023-09-24 22:00:00,4.04016650272004,-27.060069341578327
2023-09-24 23:00:00,5.816327758031842,-12.63186931701483
2023-09-25 00:00:00,4.6052056670251265,-1.0027727524865246
2023-09-25 01:00:00,4.630378009236472,22.896039084511933
2023-09-25 02:00:00,5.2135681282389665,26.806292195432455
2023-09-25 03:00:00,4.583873623764676,38.1779573133855
2023-09-25 04:00:00,4.594982747048584,43.45614120394852
2023-09-25 05:00:00,5.875747323056895,42.01058460168393
2023-09-25 06:00:00,5.797163483764418,45.45451194179348
2023-09-25 07:00:00,4.9034168003530265,48.027839055276154
2023-09-25 08:00:00,4.778683526148939,34.32578571068242
2023-09-25 09:00:00,4.716216087178253,32.34918126777826
2023-09-25 10:00:00,3.4868290908691404,26.175919183437273
2023-09-25 11:00:00,5.495516603902423,11.847700922532184
2023-09-25 12:00:00,5.121384210920623,1.9146928800327085
2023-09-25 13:00:00,4.704618706650526,-9.265242454139557
2023-09-25 14:00:00,6.171950753419353,-30.916823104832265
2023-09-25 15:00:00,4.033731313046872,-34.85164414938689
2023-09-25 16:00:00,5.778797423457133,-45.306083271169356
2023-09-25 17:00:00,4.447877542086312,-52.47779434519916
2023-09-25 18:00:00,5.930785352176115,-53.20853214881422
2023-09-25 19:00:00,5.732468881858084,-45.80526287072057
2023-09-25 20:00:00,4.4018460190815984,-50.66079623548849
2023-09-25 21:00:00,5.300074916930578,-39.53295777236466
2023-09-25 22:00:00,5.249390964782012,-26.935526740311918
2023-09-25 23:00:00,4.707686075405039,-10.129793858061225
2023-09-26 00:00:00,5.47149109911299,-2.7638583875611538
2023-09-26 01:00:00,5.5424166399538235,8.978746323595676
2023-09-26 02:00:00,5.3017753945537525,22.979785283536604
2023-09-26 03:00:00,4.693927455114127,42.42592358992129
2023-09-26 04:00:00,5.8509812733650435,52.936589935909595
2023-09-26 05:00:00,4.657695211770819,49.28466808118637
2023-09-26 06:00:00,4.871209801417011,37.324627081256736
2023-09-26 07:00:00,4.990655788253258,52.63316310740585
2023-09-26 08:00:00,5.207955497819855,37.944626734415664
2023-09-26 09:00:00,4.827201916512912,37.47259955210257
2023-09-26 10:00:00,4.865949089801573,17.945748642808255
2023-09-26 11:00:00,4.240801738165149,7.267151663081409
2023-09-26 12:00:00,3.972804340043143,-0.3207206810954297
2023-09-26 13:00:00,5.397977823754116,-10.957826858613691
2023-09-26 14:00:00,5.454954704775018,-37.42754296707384
2023-09-26 15:00:00,6.303214305083854,-40.084616182611065
2023-09-26 16:00:00,5.096113687101426,-38.961040248930864
2023-09-26 17:00:00,4.474508179010245,-52.316548209218894
2023-09-26 18:00:00,4.335644802973752,-55.516800555010285
2023-09-26 19:00:00,4.622471132686838,-50.365554999731195
2023-09-26 20:00:00,5.20185989239704,-35.25636533550468
2023-09-26 21:00:00,4.564254318462714,-31.099422284114233
2023-09-26 22:00:00,5.420346604477338,-23.242589125116634
2023-09-26 23:00:00,5.289326708720246,-13.709691265448207
2023-09-27 00:00:00,5.194892000704582,3.5093788946339632
2023-09-27 01:00:00,4.232918306250468,16.688586671895703
2023-09-27 02:00:00,5.615096431903705,21.826088600635483
2023-09-27 03:00:00,6.207949680580176,31.366279830369873
2023-09-27 04:00:00,4.464254126379415,42.085488484415826
2023-09-27 05:00:00,4.7561280180322765,52.993682521897846
2023-09-27 06:00:00,4.437294615733003,54.383716474421966
2023-09-27 07:00:00,5.121254059934628,46.504403957048645
2023-09-27 08:00:00,5.267087103886465,39.63514234662702
2023-09-27 09:00:00,4.964733788420663,39.52078832064333
2023-09-27 10:00:00,5.590413113559399,23.501624289451406
2023-09-27 11:00:00,5.71425395011793,18.127738444369392
2023-09-27 12:00:00,4.315120779108317,0.17283807413829572
2023-09-27 13:00:00,5.094445129000449,-10.120480502094273
2023-09-27 14:00:00,5.2062913153376424,-28.189132876365555
2023-09-27 15:00:00,5.148994093935118,-27.926132263609517
2023-09-27 16:00:00,4.832357634003369,-48.8339104224152
2023-09-27 17:00:00,5.153620040723244,-44.91952266668285
2023-09-27 18:00:00,4.245478581152351,-54.64222519814507
2023-09-27 19:00:00,5.741827141265012,-41.504257580603785
2023-09-27 20:00:00,4.860443790609163,-49.574659581415034
2023-09-27 21:00:00,4.713051922209159,-26.20951620964782
2023-09-27 22:00:00,4.173732106553876,-16.064819821866315
2023-09-27 23:00:00,5.86936901256609,-8.507930426387372
2023-09-28 00:00:00,5.996863873512396,3.9538754943707364
2023-09-28 01:00:00,5.071088058857462,16.468672618960095
2023-09-28 02:00:00,4.333223135679167,21.977869233462286
2023-09-28 03:00:00,4.851645685213677,32.992647838665135
2023-09-28 04:00:00,4.926824954077035,45.68580363127265
2023-09-28 05:00:00,4.61963485118632,55.05800571397502
2023-09-28 06:00:00,5.177453045855563,53.649742947108074
2023-09-28 07:00:00,5.376397162370941,39.83417228865418
2023-09-28 08:00:00,5.000466206140319,47.06309310312972
2023-09-28 09:00:00,4.203384510208162,32.837553572409824
2023-09-28 10:00:00,4.7703625201118,28.57885436070843
2023-09-28 11:00:00,4.820808894656867,10.000253048000605
2023-09-28 12:00:00,4.812599258143615,4.662446170041033
2023-09-28 13:00:00,5.716593885298651,-9.354614237191878
2023-09-28 14:00:00,4.906880279190777,-25.40433316415427
2023-09-28 15:00:00,5.258697268283102,-40.78337165773398
2023-09-28 16:00:00,5.81146711294696,-37.032338968452905
2023-09-28 17:00:00,4.986283191150358,-47.24463417413612
2023-09-28 18:00:00,5.00064057895125,-50.5718523517595
2023-09-28 19:00:00,5.060925749225574,-47.31616750268022
2023-09-28 20:00:00,5.7817749037282065,-49.367389796626945
2023-09-28 21:00:00,6.395044630747551,-31.94546838155314
2023-09-28 22:00:00,5.050012341807603,-26.44063127448887
2023-09-28 23:00:00,5.654081981836965,-12.816661767464552
2023-09-29 00:00:00,5.64020919028728,1.1444372859674155
2023-09-29 01:00:00,5.656981123778429,4.401594088393857
2023-09-29 02:00:00,5.396578123387377,14.981811166052777
2023-09-29 03:00:00,5.02868012572028,26.99015857345613
2023-09-29 04:00:00,5.803167442209329,39.44292742484112
2023-09-29 05:00:00,4.140203812944583,47.09369389758003
2023-09-29 06:00:00,4.70194145483049,41.700288077207034
2023-09-29 07:00:00,5.60360253872476,41.47441803805307
2023-09-29 08:00:00,4.4444588311226685,43.81023605010695
2023-09-29 09:00:00,6.014485369377855,29.47531775674495
2023-09-29 10:00:00,4.41236319913393,21.6233972108648
2023-09-29 11:00:00,5.511812170148958,18.718059918035046
2023-09-29 12:00:00,4.363713008579204,1.6155225108647011
2023-09-29 13:00:00,5.439302369541557,-21.04789900283493
2023-09-29 14:00:00,4.528765626130267,-24.469328566639078
2023-09-29 15:00:00,5.391767789386104,-33.29935287087062
2023-09-29 16:00:00,5.023157035830013,-38.71479042288497
2023-09-29 17:00:00,5.2406984688548715,-45.23648445876489
2023-09-29 18:00:00,5.310162431697496,-47.494700168078495
2023-09-29 19:00:00,5.458347669834055,-48.03872206586162
2023-09-29 20:00:00,5.038544622518869,-40.98255864036211
2023-09-29 21:00:00,5.042286253668479,-30.76956810282335
2023-09-29 22:00:00,4.926641563452923,-25.68475967622772
2023-09-29 23:00:00,4.842092946961262,-16.64558054304993
2023-09-30 00:00:00,5.617140408817233,-0.7153050876413398
2023-09-30 01:00:00,5.106969804209936,10.8634313512303
2023-09-30 02:00:00,4.871112397250404,24.364780797980497
2023-09-30 03:00:00,5.483448459837443,25.473785520483112
2023-09-30 04:00:00,5.366834109152337,48.531669037662915
2023-09-30 05:00:00,5.645550485502553,49.41076305690132
2023-09-30 06:00:00,4.6212798358655665,55.60050153362823
2023-09-30 07:00:00,4.388443237696615,43.351872251049514
2023-09-30 08:00:00,5.070291081015687,45.768997751709605
2023-09-30 09:00:00,4.1122008353234065,34.34311663795221
2023-09-30 10:00:00,4.905451180936319,25.585290149534995
2023-09-30 11:00:00,4.70552844840625,15.992014090231207
2023-09-30 12:00:00,4.666757340079472,4.109684543617468
2023-09-30 13:00:00,4.041897686197494,-15.496562154543282
2023-09-30 14:00:00,5.176273423389593,-27.54690856130312
2023-09-30 15:00:00,5.085956047100873,-33.725069786890444
2023-09-30 16:00:00,4.942968680082654,-58.84231833924143
2023-09-30 17:00:00,5.481363389177977,-44.37197077151611
2023-09-30 18:00:00,5.076558385464445,-48.43731967873984
2023-09-30 19:00:00,5.083564213788293,-47.324921897564295
2023-09-30 20:00:00,5.362483312881434,-42.37750357219317
2023-09-30 21:00:00,5.103207995965981,-43.8720237558958
2023-09-30 22:00:00,4.891151971351362,-26.187710959130694
2023-09-30 23:00:00,4.8169709554001265,-11.715751071084387
2023-10-01 00:00:00,4.437094215036278,1.032602595796825
2023-10-01 01:00:00,4.969419311482956,23.612573297425403
2023-10-01 02:00:00,5.543693478449077,22.595031317623643
2023-10-01 03:00:00,5.206437470402434,37.50080314875172
2023-10-01 04:00:00,4.7686928557223744,35.96694218928763
2023-10-01 05:00:00,5.406085587358953,43.04672338320498
2023-10-01 06:00:00,5.208115770516725,57.19923171920787
2023-10-01 07:00:00,4.7381469480460146,46.396779956100836
2023-10-01 08:00:00,5.6735120836474,43.807017146222925
2023-10-01 09:00:00,4.36307826930573,36.736493531688225
2023-10-01 10:00:00,4.989319234981772,32.204835771044976
2023-10-01 11:00:00,4.585551687017258,12.632118125067993
2023-10-01 12:00:00,5.5222102046416515,-3.1562361684128595
2023-10-01 13:00:00,4.409743160116731,-16.593652309214804
2023-10-01 14:00:00,4.540343262208996,-24.111892674683993
2023-10-01 15:00:00,6.100416961037441,-31.359808766321912
2023-10-01 16:00:00,5.038837443372565,-46.51945790867825
2023-10-01 17:00:00,5.370936262375787,-52.09464725102235
2023-10-01 18:00:00,5.008296442023647,-46.2909804474131
2023-10-01 19:00:00,4.835722168905078,-43.11649424452452
2023-10-01 20:00:00,5.346321759758318,-35.7233316255502
2023-10-01 21:00:00,4.9904661502441146,-34.696393608381634
2023-10-01 22:00:00,4.674997018119897,-22.836031529555395
2023-10-01 23:00:00,5.427255552543126,-10.923540399097337
2023-10-02 00:00:00,5.556063332550689,-10.671921569658416
2023-10-02 01:00:00,5.366919400360144,18.867730041489985
2023-10-02 02:00:00,5.382099870088618,29.136797175926592
2023-10-02 03:00:00,5.143514274034144,37.13107553159146
2023-10-02 04:00:00,5.38545571015069,44.723929949764
2023-10-02 05:00:00,4.58432935787281,48.97877573840099
2023-10-02 06:00:00,5.209882317998461,60.61308688090548
2023-10-02 07:00:00,5.0466979129583125,39.25004062703866
2023-10-02 08:00:00,4.669829830401221,41.010138810624824
2023-10-02 09:00:00,5.910646239080288,35.538183432345924
2023-10-02 10:00:00,5.151678347357289,30.976375004845288
2023-10-02 11:00:00,4.57388453572341,14.777385245287148
2023-10-02 12:00:00,4.946460082319794,-3.386775729368842
2023-10-02 13:00:00,5.1461126687701615,-17.171975727092605
2023-10-02 14:00:00,5.57220636013913,-24.038395658855844
2023-10-02 15:00:00,5.314881172606693,-37.12615652786022
2023-10-02 16:00:00,5.167479882518537,-32.8503690340315
2023-10-02 17:00:00,5.236741133439542,-47.13898607787291
2023-10-02 18:00:00,4.955512162355908,-53.50427106337889
2023-10-02 19:00:00,4.992284584654561,-38.94706302843647
2023-10-02 20:00:00,5.636742525588717,-48.05929091843311
2023-10-02 21:00:00,6.081523806133117,-34.93330142227745
2023-10-02 22:00:00,5.939197313356542,-28.164907933839313
2023-10-02 23:00:00,4.457476141240514,-16.480514332829554
2023-10-03 00:00:00,4.643169998642318,1.6630552470054327
2023-10-03 01:00:00,4.815719097804786,17.671267334625536
2023-10-03 02:00:00,5.205283592795341,28.32599206889066
2023-10-03 03:00:00,4.361386472982624,31.30533626113201
2023-10-03 04:00:00,4.727577367869012,49.435005275499854
2023-10-03 05:00:00,5.220577204936661,50.683524474043324
2023-10-03 06:00:00,4.565259113913212,37.96456321216522
2023-10-03 07:00:00,5.226241886134562,52.15762742433737
2023-10-03 08:00:00,5.4876040960891785,49.1009556658887
2023-10-03 09:00:00,5.55868685378822,36.06860619047782
2023-10-03 10:00:00,5.202036811102946,27.873257677445984
2023-10-03 11:00:00,5.434964349301544,22.417874801122927
2023-10-03 12:00:00,4.425367985064747,-12.803195121982965
2023-10-03 13:00:00,5.304723347809803,-9.98704369122501
2023-10-03 14:00:00,5.9219412880149065,-29.567405692067016
2023-10-03 15:00:00,4.234501310270604,-29.623463090991947
2023-10-03 16:00:00,5.460573284841904,-44.83209462157173
2023-10-03 17:00:00,5.226947982857987,-46.373643043034164
2023-10-03 18:00:00,5.684150824198306,-58.036046517865884
2023-10-03 19:00:00,4.442831613827024,-44.25748823929814
2023-10-03 20:00:00,4.5564187196010275,-49.38121870220561
2023-10-03 21:00:00,5.711183509604707,-37.00265625670367
2023-10-03 22:00:00,4.118980014346056,-18.857296554527238
2023-10-03 23:00:00,4.126890736142794,-9.460555820009052
2023-10-04 00:00:00,5.488016821414096,-1.4301978100850408
2023-10-04 01:00:00,3.8363028038739078,5.632669682367508
2023-10-04 02:00:00,5.199983105201654,24.12778592599765
2023-10-04 03:00:00,4.0575242934251765,32.764621327711126
2023-10-04 04:00:00,5.153009130987624,40.65266922254672
2023-10-04 05:00:00,4.924980280562072,44.54531367584596
2023-10-04 06:00:00,6.006920930847863,48.05010543264901
2023-10-04 07:00:00,4.3806114988804294,47.07029950922644
2023-10-04 08:00:00,4.829727728366617,52.941741087498215
2023-10-04 09:00:00,5.1574475183657595,29.784875327525775
2023-10-04 10:00:00,4.240489037916156,30.724476894175965
2023-10-04 11:00:00,4.536029799296694,19.097306082627796
2023-10-04 12:00:00,5.719173508163429,-11.39594409581669
2023-10-04 13:00:00,4.970232007170337,-17.03514566562763
2023-10-04 14:00:00,4.563305759611679,-25.54699098501154
2023-10-04 15:00:00,5.145716352710522,-34.6377877545782
2023-10-04 16:00:00,4.813514218208223,-50.866157467648065
2023-10-04 17:00:00,4.849555300952706,-49.34466091184681
2023-10-04 18:00:00,5.7570832779198735,-47.89128897153271
2023-10-04 19:00:00,5.154733485229283,-55.77483030982684
2023-10-04 20:00:00,5.496757496894128,-43.60255644256246
2023-10-04 21:00:00,5.155404617591987,-39.937208412676235
2023-10-04 22:00:00,4.679490678566987,-26.046889723828105
2023-10-04 23:00:00,5.021476423304831,-17.014176876483717
2023-10-05 00:00:00,5.646337837904201,-1.9568110147233309
2023-10-05 01:00:00,4.542247816351351,10.961824999180187
2023-10-05 02:00:00,4.886529738638986,33.36190303773034
2023-10-05 03:00:00,5.063978707704772,45.861959030871105
2023-10-05 04:00:00,4.351023991658247,53.69226079031834
2023-10-05 05:00:00,5.3838063819112305,36.71679155933509
2023-10-05 06:00:00,5.20802982932397,53.14591137747348
2023-10-05 07:00:00,4.226173032595962,46.88844567572386
2023-10-05 08:00:00,4.746449702311185,37.97967710047223
2023-10-05 09:00:00,4.288065067599847,42.632597145800126
2023-10-05 10:00:00,4.944210359510555,24.30871633611078
2023-10-05 11:00:00,4.85514509063219,17.55675227882925
2023-10-05 12:00:00,4.748740801623982,5.079835520734801
2023-10-05 13:00:00,4.72471658435751,-9.571318629829019
2023-10-05 14:00:00,4.555367985543207,-26.66816538432778
2023-10-05 15:00:00,4.932485785913041,-36.97545872042479
2023-10-05 16:00:00,5.290866091652579,-42.82795697069268
2023-10-05 17:00:00,5.240222092933134,-41.02291992875497
2023-10-05 18:00:00,4.7904044705041695,-44.81341265233664
2023-10-05 19:00:00,4.098309792589981,-49.52202360514299
2023-10-05 20:00:00,5.099342122803423,-43.73223152366238
2023-10-05 21:00:00,4.969396247193108,-26.432054274815023
2023-10-05 22:00:00,4.760776502755341,-31.161945711973907
2023-10-05 23:00:00,5.363732326751301,-22.314211877591465
2023-10-06 00:00:00,5.549054426406063,-4.324777489628001
2023-10-06 01:00:00,5.757368508796786,23.52061767123653
2023-10-06 02:00:00,5.911510300059319,19.023500480989814
2023-10-06 03:00:00,4.925318459200973,30.72581638037022
2023-10-06 04:00:00,6.060565097505459,44.83745601204551
2023-10-06 05:00:00,4.784566831505789,49.20417959925234
2023-10-06 06:00:00,5.03332807461153,55.79849920222562
2023-10-06 07:00:00,5.859628491702013,54.60008057120703
2023-10-06 08:00:00,4.548366875908325,41.18726639484227
2023-10-06 09:00:00,5.276479607735252,37.286298151225026
2023-10-06 10:00:00,5.593986176591867,26.07598853998667
2023-10-06 11:00:00,4.81556565513161,8.988031507223502
2023-10-06 12:00:00,4.901545766914576,2.712208452442406
2023-10-06 13:00:00,5.689128399143831,-12.286462285745847
2023-10-06 14:00:00,4.955237091621125,-23.339052330163383
2023-10-06 15:00:00,4.829494359195624,-38.47341455802062
2023-10-06 16:00:00,4.448330229622394,-37.050566984657856
2023-10-06 17:00:00,4.707882643139556,-53.55368384918865
2023-10-06 18:00:00,4.804536961382053,-54.12528728601957
2023-10-06 19:00:00,4.606193092869195,-38.16940611541527
2023-10-06 20:00:00,5.788548120335096,-45.394821219534975
2023-10-06 21:00:00,4.691911738738646,-34.97887758004199
2023-10-06 22:00:00,5.884905554089995,-25.895472167804666
2023-10-06 23:00:00,5.951232117970711,-18.721801360904834
2023-10-07 00:00:00,5.555248418332307,-6.666867290195509
2023-10-07 01:00:00,4.83715197560934,10.541744388125128
2023-10-07 02:00:00,4.731799987173474,23.216387732884264
2023-10-07 03:00:00,5.313296188404297,31.14239861037725
2023-10-07 04:00:00,5.02024940145145,45.4634194260283
2023-10-07 05:00:00,5.100577968656916,52.91609327545535
2023-10-07 06:00:00,5.638192248029531,51.54510060558945
2023-10-07 07:00:00,4.376315809973904,46.23795741474179
2023-10-07 08:00:00,4.964948233049236,48.39448292442046
2023-10-07 09:00:00,4.974582312414199,38.380503835265934
2023-10-07 10:00:00,5.066167434794185,32.68573314608247
2023-10-07 11:00:00,5.454735916381152,9.760795949945724
2023-10-07 12:00:00,6.1992359999436,-4.110129529283698
2023-10-07 13:00:00,4.899517470327609,-8.93069465212209
2023-10-07 14:00:00,5.339698224705813,-25.087564093280147
2023-10-07 15:00:00,4.5247474304987865,-34.231724703972496
2023-10-07 16:00:00,5.057197054133585,-31.733869870429018
2023-10-07 17:00:00,5.711128524270041,-53.17544857740187
2023-10-07 18:00:00,5.141962724696734,-47.955793796061165
2023-10-07 19:00:00,5.902899458905287,-47.40131427521115
2023-10-07 20:00:00,4.69705279994775,-37.174908996824826
2023-10-07 21:00:00,5.111782751740079,-45.752874356979525
2023-10-07 22:00:00,4.318220283240011,-27.17217983368429
2023-10-07 23:00:00,5.546712793673642,-10.010508710395515
2023-10-08 00:00:00,4.4472223212453965,0.21845201491748903
2023-10-08 01:00:00,5.058351719905485,13.620268344504202
2023-10-08 02:00:00,5.98998523773096,21.5831827719769
2023-10-08 03:00:00,5.2935608134535705,38.33851131998989
2023-10-08 04:00:00,4.598469370677369,49.2656888414145
2023-10-08 05:00:00,3.9148089388642173,56.67825864417178
2023-10-08 06:00:00,4.4545418034743625,50.59507767244209
2023-10-08 07:00:00,5.235333978185147,48.15344588452146
2023-10-08 08:00:00,5.423480318437394,44.6596731231458
2023-10-08 09:00:00,4.969493947069433,31.302210042361118
2023-10-08 10:00:00,4.39446674409429,23.523303293692855
2023-10-08 11:00:00,4.844347297713498,8.57906877123883
2023-10-08 12:00:00,4.8692872237697395,2.029471769199417
2023-10-08 13:00:00,5.5825585653588305,-16.40030482047258
2023-10-08 14:00:00,5.439690084326945,-24.583421169615846
2023-10-08 15:00:00,5.15025521520318,-34.91448783657748
2023-10-08 16:00:00,5.529412562178034,-44.204934167783385
2023-10-08 17:00:00,5.188582826784701,-40.471925786072845
2023-10-08 18:00:00,5.5411776420825625,-45.648353337660964
2023-10-08 19:00:00,5.25939333718585,-45.33001974001067
2023-10-08 20:00:00,5.191184254851916,-38.79861894115519
2023-10-08 21:00:00,4.982726285483819,-38.017878023391624
2023-10-08 22:00:00,5.96532264275175,-28.774665026384966
2023-10-08 23:00:00,5.225718079684905,-9.984574192014128
2023-10-09 00:00:00,4.816903341315492,-4.422640377562842
2023-10-09 01:00:00,4.357988558810741,9.696987164249046
2023-10-09 02:00:00,5.64561108571991,24.2707047352884
2023-10-09 03:00:00,4.932790057603276,20.854659934774617
2023-10-09 04:00:00,5.117852825626403,39.550774162304144
2023-10-09 05:00:00,5.759217026101638,52.47402494234965
2023-10-09 06:00:00,5.264741528635291,50.63220735868089
2023-10-09 07:00:00,5.259697938190993,51.28606771030524
2023-10-09 08:00:00,5.23189117380379,46.862858568671825
2023-10-09 09:00:00,5.08368637281332,30.8811420671067
2023-10-09 10:00:00,4.809386563956102,14.81638761867408
2023-10-09 11:00:00,5.240577594965884,13.367150566429535
2023-10-09 12:00:00,4.5745537069223365,-1.3135407114597535
2023-10-09 13:00:00,4.823544765900431,-16.13771181736671
2023-10-09 14:00:00,4.080150273226064,-27.9182124760969
2023-10-09 15:00:00,4.563459745465029,-29.952106626070545
2023-10-09 16:00:00,5.3127787644803295,-47.56529054157576
2023-10-09 17:00:00,5.292071624113708,-45.85596734790649
2023-10-09 18:00:00,5.347788925378866,-46.39977029994831
2023-10-09 19:00:00,3.481019432400523,-43.0042415131038
2023-10-09 20:00:00,5.042351209657021,-49.87249281774063
2023-10-09 21:00:00,5.530796719459257,-36.569874570809795
2023-10-09 22:00:00,5.36273252262969,-12.540010590716092
2023-10-09 23:00:00,4.960436882533884,0.36948209909292906
2023-10-10 00:00:00,5.329885889154163,9.95453527487898
2023-10-10 01:00:00,4.496486031490609,16.4850012778372
2023-10-10 02:00:00,5.491836197296912,26.51245036956388
2023-10-10 03:00:00,4.876860528496808,31.530754008285626
2023-10-10 04:00:00,4.5807903436308,34.89243390838243
2023-10-10 05:00:00,4.979285968621257,52.9706068162116
2023-10-10 06:00:00,4.684411878047993,47.88908237284445
2023-10-10 07:00:00,4.408996930532508,41.11382862839649
2023-10-10 08:00:00,4.89075739460853,45.6898241381136
2023-10-10 09:00:00,5.139114190769424,50.101575620297844
2023-10-10 10:00:00,5.39798333892023,27.345566891898244
2023-10-10 11:00:00,5.232343215698676,10.740763684409588
2023-10-10 12:00:00,6.199861593057284,3.3261250419001875
2023-10-10 13:00:00,5.133817848315087,-16.321343426727456
2023-10-10 14:00:00,5.7891907590332075,-27.187558104347172
2023-10-10 15:00:00,5.119711884433411,-33.05969556913102
2023-10-10 16:00:00,5.34642412668921,-51.25328755680912
2023-10-10 17:00:00,5.017838591967472,-46.88362120551758
2023-10-10 18:00:00,5.19733346127859,-50.78639742505103
2023-10-10 19:00:00,5.288287105981606,-48.75714111510424
2023-10-10 20:00:00,5.505897722653663,-46.12530613819372
2023-10-10 21:00:00,4.1774849193635735,-27.655709768786352
2023-10-10 22:00:00,4.863031575535081,-30.267783642068807
2023-10-10 23:00:00,4.508803095298219,-14.98945741156048
2023-10-11 00:00:00,3.966584328128996,1.7992634822305398
2023-10-11 01:00:00,5.279728740634585,20.480910600978895
2023-10-11 02:00:00,4.86432859441398,18.758511278677023
2023-10-11 03:00:00,4.703905028801608,37.72239596068738
2023-10-11 04:00:00,5.092430734425358,42.03176503932358
2023-10-11 05:00:00,5.356881432725242,59.421217145168825
2023-10-11 06:00:00,5.2835425775006275,53.28504330983432
2023-10-11 07:00:00,4.709134798666693,47.161933392991735
2023-10-11 08:00:00,5.0642503022244565,36.78047888147822
2023-10-11 09:00:00,5.440332868119367,35.3597711589585
2023-10-11 10:00:00,4.025561195646166,24.43929127776767
2023-10-11 11:00:00,4.531076116685261,0.6675006184933441
2023-10-11 12:00:00,4.956274727230203,-0.4934419901680541
2023-10-11 13:00:00,4.248895602823144,-5.520077648184312
2023-10-11 14:00:00,4.479379995677189,-22.198786279098076
2023-10-11 15:00:00,5.649281040285052,-35.56891276752111
2023-10-11 16:00:00,5.109538028502541,-43.72255061880985
2023-10-11 17:00:00,4.983903664182847,-50.60805998401305
2023-10-11 18:00:00,4.508246528438256,-53.40623086775335
2023-10-11 19:00:00,4.792073478698074,-46.25467021053804
2023-10-11 20:00:00,4.320057358484494,-45.59869080127966
2023-10-11 21:00:00,4.853325610368489,-34.375529959457836
2023-10-11 22:00:00,4.111368437462171,-21.418421435165882
2023-10-11 23:00:00,5.6537164103140185,-21.07868058673079
2023-10-12 00:00:00,4.549611250251712,-7.281160671880259
2023-10-12 01:00:00,4.487317298557301,9.244004330420058
2023-10-12 02:00:00,4.945740003883272,22.832855594952065
2023-10-12 03:00:00,5.204025327488476,31.063542130699535
2023-10-12 04:00:00,5.0416111579777585,39.2899549257339
2023-10-12 05:00:00,5.351430482250294,44.07329605574683
2023-10-12 06:00:00,4.588660358252307,46.32205705850184
2023-10-12 07:00:00,5.062230079132583,51.45277651303269
2023-10-12 08:00:00,5.010908692936336,40.56449679194874
2023-10-12 09:00:00,5.212217166355485,39.902686767151586
2023-10-12 10:00:00,5.2245757400709465,30.65036362699608
2023-10-12 11:00:00,5.418781237682376,15.629831837122508
2023-10-12 12:00:00,5.9787918083875,-7.132128214202455
2023-10-12 13:00:00,4.933879331748178,-16.879109137317222
2023-10-12 14:00:00,4.440301055756019,-21.6154588951408
2023-10-12 15:00:00,4.73781779810904,-27.20799472097316
2023-10-12 16:00:00,4.826753752740997,-52.5275991842411
2023-10-12 17:00:00,5.334082636207,-44.06646153838168
2023-10-12 18:00:00,5.327096397525169,-54.58986242974581
2023-10-12 19:00:00,5.128619650023874,-56.89819404559266
2023-10-12 20:00:00,5.073988519163411,-39.76227423762344
2023-10-12 21:00:00,4.844972940704896,-42.19197981096789
2023-10-12 22:00:00,4.997838242583737,-31.98827823943082
2023-10-12 23:00:00,4.376168559735923,-0.596950410011651
2023-10-13 00:00:00,4.955331793736747,-8.431821381797436
2023-10-13 01:00:00,5.100543406615599,6.953818089070191
2023-10-13 02:00:00,5.500607536068449,24.633154940131124
2023-10-13 03:00:00,4.239977506378698,31.747619253176186
2023-10-13 04:00:00,5.175490225571559,44.80723641024669
2023-10-13 05:00:00,5.891279269784592,50.64598194137491
2023-10-13 06:00:00,5.126306828792066,44.95485626941678
2023-10-13 07:00:00,4.91330778945618,58.921847132166505
2023-10-13 08:00:00,5.334505067741686,35.46086742188837
2023-10-13 09:00:00,5.0169379141061174,33.85260162677569
2023-10-13 10:00:00,4.437521835939238,24.224372650690814
2023-10-13 11:00:00,4.964191667702607,13.100619746923298
2023-10-13 12:00:00,5.349182979676547,3.5695290869598124
2023-10-13 13:00:00,3.927231600031,-9.257137502049867
2023-10-13 14:00:00,4.804642275711779,-25.3447101387352
2023-10-13 15:00:00,4.362696221279854,-29.96500845362763
2023-10-13 16:00:00,4.972256746126503,-50.37415918986893
2023-10-13 17:00:00,5.289010534418494,-47.31735073189766
2023-10-13 18:00:00,4.898498883052234,-45.44929268586695
2023-10-13 19:00:00,4.746770274931035,-48.32313487419554
2023-10-13 20:00:00,4.6128054937787875,-44.75934500391682
2023-10-13 21:00:00,4.6172166900972,-35.89334472241254
2023-10-13 22:00:00,5.312261599437832,-23.9886595476302
2023-10-13 23:00:00,5.276198531169556,-11.921611622987587
2023-10-14 00:00:00,5.845385870174078,3.827730163198082
2023-10-14 01:00:00,5.24079280446703,16.59711518271731
2023-10-14 02:00:00,5.492504926583376,23.82292817047645
2023-10-14 03:00:00,4.461300736019905,36.46316425524885
2023-10-14 04:00:00,4.874916431551201,41.38511462935323
2023-10-14 05:00:00,4.40607877231921,39.6782936388409
2023-10-14 06:00:00,4.867070793737337,56.637979260032544
2023-10-14 07:00:00,4.71373816136543,56.18612679232788
2023-10-14 08:00:00,5.144639906212897,44.38421543207756
2023-10-14 09:00:00,4.969531352869917,33.64582973594523
2023-10-14 10:00:00,5.303701239840822,22.21929670437711
2023-10-14 11:00:00,5.590284065596305,20.11525173175217
2023-10-14 12:00:00,5.1488388702468,-3.6738531774332537
2023-10-14 13:00:00,4.96380749930358,-16.835703093695464
2023-10-14 14:00:00,5.088049858301689,-36.03872340266035
2023-10-14 15:00:00,5.920478753011144,-32.217939642267666
2023-10-14 16:00:00,4.593828896618922,-35.65741391370727
2023-10-14 17:00:00,5.015829859513751,-45.78330019146521
2023-10-14 18:00:00,4.507682939316804,-52.65771279440176
2023-10-14 19:00:00,4.835529721851903,-57.61928515545244
2023-10-14 20:00:00,5.286858321092806,-40.94224245051929
2023-10-14 21:00:00,5.181321006011336,-33.739839043975486
2023-10-14 22:00:00,5.036690711818174,-28.176074491430192
2023-10-14 23:00:00,4.251660342244749,-13.643833380470953
2023-10-15 00:00:00,5.4038892893169175,3.2472442129730754
2023-10-15 01:00:00,5.655843510032871,16.740318473007765
2023-10-15 02:00:00,4.211301406931004,28.061160653115927
2023-10-15 03:00:00,5.300717408758965,42.01215825348977
2023-10-15 04:00:00,4.393601385083073,44.56712793672464
2023-10-15 05:00:00,5.495542605968341,51.62745971073582
2023-10-15 06:00:00,5.419777650952171,48.13489306023875
2023-10-15 07:00:00,5.680856671955534,43.37912111994204
2023-10-15 08:00:00,4.743615928505556,45.84730275256754
2023-10-15 09:00:00,4.695889724260998,37.542106312168684
2023-10-15 10:00:00,5.944109820825052,22.40914495713052
2023-10-15 11:00:00,4.914026264505829,17.835675516380167
2023-10-15 12:00:00,4.755467895056488,-1.194650977713939
2023-10-15 13:00:00,4.609197521705871,-22.669878666223
2023-10-15 14:00:00,4.273690438010973,-24.28473079541297
2023-10-15 15:00:00,4.8165363570803965,-42.170747855304874
2023-10-15 16:00:00,5.442924489757149,-59.06682686244289
2023-10-15 17:00:00,4.281880769779009,-49.52033161503475
2023-10-15 18:00:00,4.9513010128100134,-46.80845300484215
2023-10-15 19:00:00,5.018536074962986,-50.3979242390898
2023-10-15 20:00:00,4.384422494115276,-42.67835322232612
2023-10-15 21:00:00,4.308905410112879,-37.075127806418934
2023-10-15 22:00:00,4.93190403865712,-26.598645573560614
2023-10-15 23:00:00,5.518251462486376,-21.298827941815087
2023-10-16 00:00:00,4.483653408637236,-11.904470670407344
2023-10-16 01:00:00,4.749564464376089,13.654844301130536
2023-10-16 02:00:00,4.983127738103384,22.0675007121255
2023-10-16 03:00:00,5.7841626327851925,28.454926142271606
2023-10-16 04:00:00,5.347858120049389,41.91925420671069
2023-10-16 05:00:00,5.769321200334819,41.48530879611848
2023-10-16 06:00:00,5.4171809077038615,49.454269592994486
2023-10-16 07:00:00,5.507830107184209,34.77148626809125
2023-10-16 08:00:00,4.211410988135271,49.3681250804376
2023-10-16 09:00:00,3.7163189536166965,40.25956209607862
2023-10-16 10:00:00,5.444899483309378,20.211648656840048
2023-10-16 11:00:00,5.185997014159491,15.018540340800758
2023-10-16 12:00:00,3.9227709291672466,-3.1659386807241985
2023-10-16 13:00:00,4.594684690003776,-1.6647266263681164
2023-10-16 14:00:00,4.77240668312239,-32.61392149749941
2023-10-16 15:00:00,5.382033365299804,-29.76311209286806
2023-10-16 16:00:00,5.040639289206365,-38.73851017183709
2023-10-16 17:00:00,5.422445812006311,-54.135888405191
2023-10-16 18:00:00,4.391358753615308,-44.51617971714701
2023-10-16 19:00:00,4.1565383301957635,-50.587511714643234
2023-10-16 20:00:00,4.030838979799732,-47.28395924443491
2023-10-16 21:00:00,5.245116194817698,-34.05644321275096
2023-10-16 22:00:00,4.931966891931653,-26.176246963102997
2023-10-16 23:00:00,5.057798820462237,-12.362048239042853
2023-10-17 00:00:00,5.086658207282755,-3.5006212743086964
2023-10-17 01:00:00,3.969187314780827,12.94456949417227
2023-10-17 02:00:00,4.951423554810472,30.09974869846583
2023-10-17 03:00:00,5.509579921784347,30.1388098441407
2023-10-17 04:00:00,5.5437396785512645,44.98506171707838
2023-10-17 05:00:00,4.647460504862022,45.02649091872502
2023-10-17 06:00:00,4.68059109213877,46.623577409000625
2023-10-17 07:00:00,5.212780610956666,60.38071054592696
2023-10-17 08:00:00,5.014733358980599,50.97930379450239
2023-10-17 09:00:00,4.369563236372269,32.276182228781074
2023-10-17 10:00:00,4.781727844220971,22.178924382443462
2023-10-17 11:00:00,5.354396336343376,8.886149615730499
2023-10-17 12:00:00,4.48473112979441,4.0764264466252955
2023-10-17 13:00:00,5.96263944353062,-19.710514895531404
2023-10-17 14:00:00,4.986545498147244,-23.06063099813554
2023-10-17 15:00:00,4.7850745883051715,-23.47993145347816
2023-10-17 16:00:00,5.466352667800362,-42.37634870984051
2023-10-17 17:00:00,5.172846160289648,-43.128003747347
2023-10-17 18:00:00,5.345032282788319,-45.46643111671886
2023-10-17 19:00:00,4.191040628209491,-50.64270983480835
2023-10-17 20:00:00,5.084380278078154,-50.218497176990276
2023-10-17 21:00:00,5.352873267282372,-30.232120076828675
2023-10-17 22:00:00,5.094184651616581,-19.937092148464878
2023-10-17 23:00:00,5.413231674711342,-3.3026531879916714
2023-10-18 00:00:00,5.755138272496325,0.04836279047846701
2023-10-18 01:00:00,5.381430559421895,7.887984539889084
2023-10-18 02:00:00,5.027161434198701,25.560447932750506
2023-10-18 03:00:00,5.83166382192894,31.709762461327237
2023-10-18 04:00:00,5.672906917923352,47.54797079913339
2023-10-18 05:00:00,5.507002529986605,52.03110152351759
2023-10-18 06:00:00,4.7583586335447094,53.275971045401214
2023-10-18 07:00:00,4.578213780548204,44.99823471209366
2023-10-18 08:00:00,4.8685011077316345,42.43961568995429
2023-10-18 09:00:00,5.199249208310365,27.1425887178528
2023-10-18 10:00:00,4.750688029185278,20.209501569925294
2023-10-18 11:00:00,5.0768133237568405,9.68282585385595
2023-10-18 12:00:00,5.172353056315463,-5.68639114669139
2023-10-18 13:00:00,5.606866934763109,-15.43359958942734
2023-10-18 14:00:00,5.853314499261081,-24.07122317942198
2023-10-18 15:00:00,5.017176674305946,-41.001351586061666
2023-10-18 16:00:00,4.610355571214125,-48.43319713536866
2023-10-18 17:00:00,5.403229136121559,-47.28970814960303
2023-10-18 18:00:00,4.67564259505353,-50.73390773245729
2023-10-18 19:00:00,4.457308750733254,-46.28454039107864
2023-10-18 20:00:00,5.632904511184208,-38.67553295408268
2023-10-18 21:00:00,4.721189060346941,-32.31317369687491
2023-10-18 22:00:00,5.61674299339607,-20.49943051062796
2023-10-18 23:00:00,4.394872085906632,-10.306492490255264
2023-10-19 00:00:00,5.398750010562397,-15.51857543834311
2023-10-19 01:00:00,5.955861187610634,8.615562297073538
2023-10-19 02:00:00,4.342627971846351,17.814034161140707
2023-10-19 03:00:00,5.290571243375678,35.04039419278186
2023-10-19 04:00:00,4.78119995288467,41.35945132230624
2023-10-19 05:00:00,4.536014758269466,52.66478325283919
2023-10-19 06:00:00,6.534134572921297,41.434647493827526
2023-10-19 07:00:00,4.45804696632325,41.41579213308624
2023-10-19 08:00:00,5.270414682610942,40.546126364007016
2023-10-19 09:00:00,4.560138163029598,37.842803077157754
2023-10-19 10:00:00,5.069909021137285,23.048361374156034
2023-10-19 11:00:00,5.050592104762744,16.085461783510414
2023-10-19 12:00:00,5.304877722244253,-0.9474772334663095
2023-10-19 13:00:00,4.9753287955170356,-12.83080130799067
2023-10-19 14:00:00,4.990897455265479,-24.025272262053342
2023-10-19 15:00:00,5.174589201833846,-46.25446507689087
2023-10-19 16:00:00,5.239275793524406,-40.809823618409794
2023-10-19 17:00:00,5.472280770992698,-49.81991859274439
2023-10-19 18:00:00,4.787672831885646,-47.10849268781425
2023-10-19 19:00:00,4.348752370128554,-39.553094574983085
2023-10-19 20:00:00,4.613762471851793,-36.846137912876216
2023-10-19 21:00:00,5.2438274086415255,-35.883586917496295
2023-10-19 22:00:00,4.417209406130823,-21.852298505556146
2023-10-19 23:00:00,4.395696409615993,-16.800142215754132
2023-10-20 00:00:00,4.509308278293376,-6.822779029362734
2023-10-20 01:00:00,4.66563008038537,7.8765326187425275
2023-10-20 02:00:00,4.555463726156166,28.7798158337067
2023-10-20 03:00:00,5.028607277797,32.251189092952906
2023-10-20 04:00:00,4.9314922811277935,43.2640334157666
2023-10-20 05:00:00,5.281835496617627,47.924749592476374
2023-10-20 06:00:00,4.634385602634895,62.31377271368657
2023-10-20 07:00:00,5.3593719438862175,40.694043519777345
2023-10-20 08:00:00,4.523344423618055,42.365773810518405
2023-10-20 09:00:00,6.011187835852653,38.122465115043674
2023-10-20 10:00:00,4.280995015336488,26.422822884187365
2023-10-20 11:00:00,5.017038556981982,11.327812319542083
2023-10-20 12:00:00,5.1917161831398015,-2.860687718353588
2023-10-20 13:00:00,5.379473658122605,-8.059170897445982
2023-10-20 14:00:00,4.120794751242786,-30.785168790689305
2023-10-20 15:00:00,4.40257116705567,-34.46834015984024
2023-10-20 16:00:00,4.928924478802682,-47.37810429234763
2023-10-20 17:00:00,4.701362483319227,-51.93673529472062
2023-10-20 18:00:00,5.286132866429348,-52.57090138701318
2023-10-20 19:00:00,4.77135204184821,-49.16392543774588
2023-10-20 20:00:00,5.3398764134150944,-45.54413210767548
2023-10-20 21:00:00,4.158084620896165,-34.893141552634034
2023-10-20 22:00:00,5.600167003113126,-21.769560140668933
2023-10-20 23:00:00,5.794398998926206,-10.542152815521378
2023-10-21 00:00:00,5.6340246620331715,0.38845724214523436
2023-10-21 01:00:00,5.266079367189731,13.00691830646501
2023-10-21 02:00:00,4.408759885317292,25.68347619920093
2023-10-21 03:00:00,4.900990914121699,35.44740881312305
2023-10-21 04:00:00,4.829290441468929,44.51761663277568
2023-10-21 05:00:00,4.998181125736337,40.55172607156341
2023-10-21 06:00:00,4.759856797501458,43.15891264913379
2023-10-21 07:00:00,5.135007834298596,48.68294848246315
2023-10-21 08:00:00,4.549649436760103,45.16788077003551
2023-10-21 09:00:00,4.335768266516098,26.0690685761638
2023-10-21 10:00:00,5.206368489783889,26.785788572073095
2023-10-21 11:00:00,5.271663671154276,8.855967660352643
2023-10-21 12:00:00,4.439941356831878,2.2257240761474697
2023-10-21 13:00:00,5.106568916688147,-18.721860256325193
2023-10-21 14:00:00,5.593956802920086,-15.192356675050657
2023-10-21 15:00:00,4.995788028286516,-33.71844849933843
2023-10-21 16:00:00,5.321572011667297,-38.064208062490195
2023-10-21 17:00:00,4.144427684249176,-49.60607778117185
2023-10-21 18:00:00,4.8879138326816465,-46.15986968198539
2023-10-21 19:00:00,4.8883388928752955,-45.6091885130758
2023-10-21 20:00:00,5.29439135546796,-46.25573480009885
2023-10-21 21:00:00,5.067810861428275,-36.732520219693264
2023-10-21 22:00:00,5.429271965240252,-17.541442750937016
2023-10-21 23:00:00,4.4355238549235665,-7.218674168304937
2023-10-22 00:00:00,4.648555434429787,-7.062852961883381
2023-10-22 01:00:00,5.412965842815111,18.03349434771624
2023-10-22 02:00:00,5.360307274553178,23.484600687719492
2023-10-22 03:00:00,4.69324633628947,34.12760383989465
2023-10-22 04:00:00,4.8959406177943094,41.57654526526046
2023-10-22 05:00:00,4.744046138853209,52.616373507911966
2023-10-22 06:00:00,4.128475462104149,56.06328708027168
2023-10-22 07:00:00,5.089002187518666,52.112074317474004
2023-10-22 08:00:00,4.38423074395531,42.86553167884576
2023-10-22 09:00:00,4.912437236152798,35.732235596812686
2023-10-22 10:00:00,4.657560012083649,23.41273935889866
2023-10-22 11:00:00,4.848425545338553,6.6529596591876645
2023-10-22 12:00:00,5.94657206344214,1.075158117885849
2023-10-22 13:00:00,4.095204940089953,-6.704627784310303
2023-10-22 14:00:00,6.086550955535321,-20.07222990013028
2023-10-22 15:00:00,4.980867520089601,-37.15810562362464
2023-10-22 16:00:00,5.319401306906066,-44.28311711155698
2023-10-22 17:00:00,4.245052561552134,-47.93867869336687
2023-10-22 18:00:00,5.580639442888446,-50.27210933254272
2023-10-22 19:00:00,4.965640077056879,-50.830771180238465
2023-10-22 20:00:00,4.731375308825905,-41.21682352745994
2023-10-22 21:00:00,4.686783268782101,-39.37838167873202
2023-10-22 22:00:00,3.9804395600741245,-23.250871330583248
2023-10-22 23:00:00,4.498510248531732,-6.194219016920055
2023-10-23 00:00:00,4.525348852282131,-2.975399749287705
2023-10-23 01:00:00,4.490556068223187,13.612215036847504
2023-10-23 02:00:00,5.486784791413691,26.332865227581472
2023-10-23 03:00:00,5.16977876595286,38.87890670433146
2023-10-23 04:00:00,5.680454246446682,39.90486889393379
2023-10-23 05:00:00,4.188159690078577,40.316162169700846
2023-10-23 06:00:00,4.55117348811735,59.85503083148147
2023-10-23 07:00:00,5.1491235231216095,51.847362513481784
2023-10-23 08:00:00,4.663403760612223,39.06868043288476
2023-10-23 09:00:00,4.678612788108659,26.883662944806723
2023-10-23 10:00:00,5.160019745864266,22.334738082239472
2023-10-23 11:00:00,4.618625155036006,14.756427286639662
2023-10-23 12:00:00,3.8985197574330144,-4.953417952176717
2023-10-23 13:00:00,4.660577918456854,-11.375278989535008
2023-10-23 14:00:00,5.611741556848992,-24.67066514341751
2023-10-23 15:00:00,4.982676534153639,-34.29210078889242
2023-10-23 16:00:00,4.873316656953597,-34.233642347639865
2023-10-23 17:00:00,5.277077197406961,-41.78609573842502
2023-10-23 18:00:00,4.774866965431641,-54.66164720542551
2023-10-23 19:00:00,3.756422459434345,-54.03778944581839
2023-10-23 20:00:00,4.242302936636274,-47.83300653261823
2023-10-23 21:00:00,4.64208600362162,-38.47374959691487
2023-10-23 22:00:00,5.014306090537761,-20.59436208260671
2023-10-23 23:00:00,5.5780682741727325,-14.401939468505901
2023-10-24 00:00:00,4.687465667984977,-1.6385705752833615
2023-10-24 01:00:00,5.556580308626958,19.90674920926884
2023-10-24 02:00:00,5.480884714205224,26.090724852818468
2023-10-24 03:00:00,4.685896363111623,37.96369838040233
2023-10-24 04:00:00,5.1257768088119535,36.31471856045358
2023-10-24 05:00:00,5.224735988893167,48.04213403142912
2023-10-24 06:00:00,5.239630223403598,47.5488103670207
2023-10-24 07:00:00,4.912285361170903,41.98862808327573
2023-10-24 08:00:00,5.324512889404325,41.79986443366219
2023-10-24 09:00:00,5.711911111155841,31.687130785923877
2023-10-24 10:00:00,6.130598664317954,28.175451852140174
2023-10-24 11:00:00,5.160941826474265,12.863217872884036
2023-10-24 12:00:00,5.059882842270273,-0.3187577553722782
2023-10-24 13:00:00,4.818927026052404,-20.44705995611873
2023-10-24 14:00:00,4.6476245558682185,-20.804459152343895
2023-10-24 15:00:00,4.197008893422778,-43.89423560612053
2023-10-24 16:00:00,4.145791018718944,-46.37836864664815
2023-10-24 17:00:00,5.339874877148195,-49.86090039271026
2023-10-24 18:00:00,4.70724346077846,-47.63531761262594
2023-10-24 19:00:00,4.694521599413357,-49.86562529749435
2023-10-24 20:00:00,5.0473768588458565,-47.90403929278733
2023-10-24 21:00:00,5.480182979476595,-30.90695211067388
2023-10-24 22:00:00,4.793513241640108,-33.587325653202555
2023-10-24 23:00:00,3.862165214145289,-9.469296280945429
2023-10-25 00:00:00,4.35714115939026,2.419756846116699
2023-10-25 01:00:00,5.969053754203626,11.816437726897668
2023-10-25 02:00:00,5.737238164303848,25.224489973444967
2023-10-25 03:00:00,6.029220693900454,33.24083708875356
2023-10-25 04:00:00,4.96756795991938,38.323130649848814
2023-10-25 05:00:00,4.510713516505667,42.26460562211593
2023-10-25 06:00:00,4.951463888848966,44.65712524833328
2023-10-25 07:00:00,4.708150674227262,41.93427454204359
2023-10-25 08:00:00,5.823205870144073,47.998728319523934
2023-10-25 09:00:00,4.869400155205388,38.634240940210425
2023-10-25 10:00:00,6.6304527982820485,23.712405073388236
2023-10-25 11:00:00,5.329482064141108,0.9747211679595527
2023-10-25 12:00:00,5.701688498961038,-3.1079784197301916
2023-10-25 13:00:00,4.192168079273531,-9.992944556054438
2023-10-25 14:00:00,6.023590357917954,-25.054456181972355
2023-10-25 15:00:00,4.98962780032732,-40.15903521665385
2023-10-25 16:00:00,4.865255140900685,-45.35568111393617
2023-10-25 17:00:00,4.508176538818238,-44.4373720080048
2023-10-25 18:00:00,4.335735616548065,-40.29801726494317
2023-10-25 19:00:00,5.18369368234075,-42.83843961644608
2023-10-25 20:00:00,4.485247591849236,-44.886411113819236
2023-10-25 21:00:00,5.635208799932533,-40.54784481429803
2023-10-25 22:00:00,4.842790955180063,-28.163760050515805
2023-10-25 23:00:00,4.915821681501842,-6.722128378143914
2023-10-26 00:00:00,4.471733265264469,-0.7033563834835183
2023-10-26 01:00:00,5.3406312447543405,0.9407982005376674
2023-10-26 02:00:00,4.820516773755838,15.177368436669164
2023-10-26 03:00:00,4.651881229151854,30.212577402023427
2023-10-26 04:00:00,4.534439284282259,28.77659525009571
2023-10-26 05:00:00,5.492226697579165,52.630562808337444
2023-10-26 06:00:00,5.04277985255824,61.33004863555831
2023-10-26 07:00:00,4.814656532268358,52.8952240547593
2023-10-26 08:00:00,5.5188065748006405,48.34889238734124
2023-10-26 09:00:00,5.113221778830708,40.08778357792538
2023-10-26 10:00:00,5.046007712593929,18.78573655110104
2023-10-26 11:00:00,4.696485153542693,12.041211630160365
2023-10-26 12:00:00,5.350104824595833,0.13158607421007618
2023-10-26 13:00:00,5.373313120722631,-4.280450065539169
2023-10-26 14:00:00,5.142452216271839,-28.438109254354387
2023-10-26 15:00:00,5.0484488782666075,-31.92489173558268
2023-10-26 16:00:00,5.9387681701016,-47.07066893914901
2023-10-26 17:00:00,4.5774638145537105,-54.30604221629208
2023-10-26 18:00:00,4.835878413569971,-55.62912128375061
2023-10-26 19:00:00,4.570475625737484,-56.57930950692066
2023-10-26 20:00:00,5.087999588150689,-43.89049195537551
2023-10-26 21:00:00,4.505115598152971,-31.516508037044787
2023-10-26 22:00:00,4.843997624837342,-12.248419314481428
2023-10-26 23:00:00,5.420956950061927,-9.167613283224602
2023-10-27 00:00:00,4.4689269861109855,-4.222181993558372
2023-10-27 01:00:00,5.4188317251816365,18.200120055199154
2023-10-27 02:00:00,4.43322171190533,29.128256686370335
2023-10-27 03:00:00,5.089840603831976,34.558023008081804
2023-10-27 04:00:00,5.202731253651024,38.09987745463641
2023-10-27 05:00:00,5.526870384563643,39.62802249320565
2023-10-27 06:00:00,5.451335035073805,45.8695722794571
2023-10-27 07:00:00,4.5690382608064,48.749240161372164
2023-10-27 08:00:00,5.1325635367439135,50.2594413935079
2023-10-27 09:00:00,4.602261837825667,31.326659041707956
2023-10-27 10:00:00,5.296023481358683,25.661087747834856
2023-10-27 11:00:00,5.519523839798401,15.548116349200143
2023-10-27 12:00:00,4.977802400821302,-3.461473536048166
2023-10-27 13:00:00,5.013608791009711,-19.193516543920033
2023-10-27 14:00:00,4.960516782794099,-25.095476215662977
2023-10-27 15:00:00,4.734493064317665,-40.69692297769944
2023-10-27 16:00:00,4.667207598993215,-51.02153240977511
2023-10-27 17:00:00,5.4863971658895005,-40.69149049826876
2023-10-27 18:00:00,4.8777093884357985,-53.00120439495496
2023-10-27 19:00:00,5.068190106542533,-45.92038181816564
2023-10-27 20:00:00,5.300036581895798,-41.93006583827936
2023-10-27 21:00:00,5.110033091695824,-41.489520529502144
2023-10-27 22:00:00,4.657876790858139,-23.751870623491044
2023-10-27 23:00:00,4.969260966961328,-11.350522967465015
2023-10-28 00:00:00,5.302031182601835,0.7075339828527273
2023-10-28 01:00:00,5.173940028795651,13.055201970272893
2023-10-28 02:00:00,4.32464177729476,27.620024383932964
2023-10-28 03:00:00,4.27617869029868,37.6031571438049
2023-10-28 04:00:00,4.639964453579719,46.358095376600474
2023-10-28 05:00:00,4.844801324502164,42.225183297255775
2023-10-28 06:00:00,4.660170421950262,41.289780197649634
2023-10-28 07:00:00,4.127178403026758,45.53381387233299
2023-10-28 08:00:00,4.322451924796753,42.76528541073449
2023-10-28 09:00:00,4.811936046960715,39.28398564309071
2023-10-28 10:00:00,5.830683824949395,34.81875147475562
2023-10-28 11:00:00,6.137999447259713,9.150503917845723
2023-10-28 12:00:00,5.3111488456858424,5.852771855369915
2023-10-28 13:00:00,4.91546133543598,-12.590833024187672
2023-10-28 14:00:00,5.01681938155582,-28.12588245211972
2023-10-28 15:00:00,5.043596376504348,-33.4289082486509
2023-10-28 16:00:00,5.1389537490932335,-41.46400347992067
2023-10-28 17:00:00,4.931835433782843,-46.944917922087875
2023-10-28 18:00:00,4.771216400460321,-43.11179642712358
2023-10-28 19:00:00,5.853418337365652,-51.20972486816799
2023-10-28 20:00:00,4.3827200171926695,-41.5161334026008
2023-10-28 21:00:00,5.4590875622735355,-44.03935176175726
2023-10-28 22:00:00,4.10951464123547,-32.66873789636791
2023-10-28 23:00:00,5.217565948938537,-13.427172537404914
2023-10-29 00:00:00,4.177626459858705,-3.9758818336669277
2023-10-29 01:00:00,5.935333911982267,19.134187850337817
2023-10-29 02:00:00,4.624421221802995,29.092672858986383
2023-10-29 03:00:00,5.073587391313896,37.63211437966531
2023-10-29 04:00:00,5.471846455194831,42.664132054398316
2023-10-29 05:00:00,4.45635297817785,43.166416795479336
2023-10-29 06:00:00,5.050386806490225,35.03354208926639
2023-10-29 07:00:00,4.856243969549348,44.184240943679754
2023-10-29 08:00:00,5.496565174065425,45.03414679028636
2023-10-29 09:00:00,5.514413540309282,29.58665445753234
2023-10-29 10:00:00,5.175720863734037,32.10923097193512
2023-10-29 11:00:00,4.3307075881746835,13.509403789734343
2023-10-29 12:00:00,4.749277241211686,3.345217738466466
2023-10-29 13:00:00,4.955940200632342,-5.902899576966664
2023-10-29 14:00:00,5.628910528118061,-29.907484992162487
2023-10-29 15:00:00,4.305871893669758,-36.76969846909448
2023-10-29 16:00:00,4.866909460915054,-40.20498182580483
2023-10-29 17:00:00,5.649949243412204,-56.019031237093955
2023-10-29 18:00:00,4.891519705596427,-48.18333660942827
2023-10-29 19:00:00,4.996786752128317,-42.37067995498242
2023-10-29 20:00:00,4.077381718152307,-40.39717518615998
2023-10-29 21:00:00,4.77002336078636,-33.977821103855746
2023-10-29 22:00:00,5.2775365546168915,-32.21457193211311
2023-10-29 23:00:00,4.599762085313346,-13.47900013799282
2023-10-30 00:00:00,4.124343468897343,-6.6018625358166805
2023-10-30 01:00:00,4.519427843529022,12.556077938962211
2023-10-30 02:00:00,5.6320238329202414,25.144546830639115
2023-10-30 03:00:00,5.183661889861038,31.505997516864706
2023-10-30 04:00:00,5.446078939452976,49.81322324106413
2023-10-30 05:00:00,5.2993133063086955,41.36339915343486
2023-10-30 06:00:00,6.244897995169707,62.110456848210575
2023-10-30 07:00:00,5.5093825831485495,51.89829374608765
2023-10-30 08:00:00,4.981835557374026,47.444004696443685
2023-10-30 09:00:00,4.8726231885587135,35.77330248535318
2023-10-30 10:00:00,5.241597022358387,16.95287021882189
2023-10-30 11:00:00,5.606798828277302,9.500572018203604
2023-10-30 12:00:00,4.585367904595408,-1.791327992997578
2023-10-30 13:00:00,5.2261290484096925,-13.94562650023111
2023-10-30 14:00:00,5.094939995667432,-28.702478157332777
2023-10-30 15:00:00,5.15782209265703,-27.289726221010298
2023-10-30 16:00:00,4.847890601335579,-48.24703575428603
2023-10-30 17:00:00,5.285721274547746,-49.89513851017243
2023-10-30 18:00:00,5.654650313215326,-55.093891348141206
2023-10-30 19:00:00,5.181905584654795,-49.3701412156103
2023-10-30 20:00:00,4.107626049008563,-53.19357580509995
2023-10-30 21:00:00,4.530238182929094,-38.01415858405596
2023-10-30 22:00:00,5.861591576581001,-19.843861079455007
2023-10-30 23:00:00,4.402942077355815,-12.527575370848789
2023-10-31 00:00:00,4.371388026756058,-7.646171700420409
2023-10-31 01:00:00,4.706463286695657,14.183325615545346
2023-10-31 02:00:00,4.616562692885035,27.392818802041656
2023-10-31 03:00:00,5.006289826117855,36.658156521361555
2023-10-31 04:00:00,5.231267439948651,44.925614830725955
2023-10-31 05:00:00,5.20646305189791,55.939306805749794
2023-10-31 06:00:00,4.760501097881542,55.830467611314674
2023-10-31 07:00:00,4.734402263506173,44.48022641782548
2023-10-31 08:00:00,4.838540949483094,40.359271369182636
2023-10-31 09:00:00,5.622569651284203,31.2548718893907
2023-10-31 10:00:00,4.776539761041905,25.70596362847912
2023-10-31 11:00:00,5.183458353134613,16.099375416636445
2023-10-31 12:00:00,4.93824162409006,-7.198651127149188
2023-10-31 13:00:00,4.728442659759589,-11.725243742920274
2023-10-31 14:00:00,5.40917030185008,-28.824692590823688
2023-10-31 15:00:00,4.699983898301497,-40.967096853149144
2023-10-31 16:00:00,5.118629056286543,-42.78754371925513
2023-10-31 17:00:00,5.321830610922545,-39.065596703486
2023-10-31 18:00:00,5.2175167139162175,-50.03995567527389
2023-10-31 19:00:00,5.163117343501152,-43.418733055600505
2023-10-31 20:00:00,5.028441788414945,-42.43281344570122
2023-10-31 21:00:00,5.0585316754180285,-36.09093774217946
2023-10-31 22:00:00,4.988500668202337,-22.57728686198548
2023-10-31 23:00:00,4.745765260376751,-15.917428056444916
2023-11-01 00:00:00,4.701333249597775,-7.572995650168672
2023-11-01 01:00:00,4.993487893304721,6.226010366930325
2023-11-01 02:00:00,5.083133709819024,24.15811138290004
2023-11-01 03:00:00,5.129447145039078,37.09944778292915
2023-11-01 04:00:00,5.293808883105444,44.32052443189532
2023-11-01 05:00:00,4.430784447750041,44.92424342168206
2023-11-01 06:00:00,5.178385908793363,49.81676534071183
2023-11-01 07:00:00,5.157563125406733,45.5045429204658
2023-11-01 08:00:00,5.16441464512224,36.87086025068907
2023-11-01 09:00:00,5.212512431887506,26.09511249138962
2023-11-01 10:00:00,4.628634765007357,23.13436270395831
2023-11-01 11:00:00,5.10689878005312,16.687937500171365
2023-11-01 12:00:00,5.116544175587268,-0.5482390955685059
2023-11-01 13:00:00,4.1539303200186355,-20.295311798504116
2023-11-01 14:00:00,5.706721325027154,-19.673823890474704
2023-11-01 15:00:00,4.556771368250917,-39.307715121182284
2023-11-01 16:00:00,5.1151080492734335,-55.15298350417865
2023-11-01 17:00:00,3.944444461334535,-49.04002874385207
2023-11-01 18:00:00,5.541449931734311,-44.71352675699219
2023-11-01 19:00:00,4.7009280467698895,-47.65128055239252
2023-11-01 20:00:00,4.792456416341444,-48.9274529078051
2023-11-01 21:00:00,4.506176010795117,-40.55947775691325
2023-11-01 22:00:00,4.7527359985271715,-19.649872097792425
2023-11-01 23:00:00,5.062726668140091,-16.359001733662346
2023-11-02 00:00:00,5.777706411342436,-6.776714077887944
2023-11-02 01:00:00,5.438751857438479,6.896099632986715
2023-11-02 02:00:00,5.422978043841455,22.990581281259782
2023-11-02 03:00:00,4.40212417793545,41.67783963039988
2023-11-02 04:00:00,5.113604313819918,46.43886738617613
2023-11-02 05:00:00,4.7865304720034425,48.62746952704373
2023-11-02 06:00:00,4.447217860224831,61.97729750237807
2023-11-02 07:00:00,4.67919273576276,50.80830897550019
2023-11-02 08:00:00,5.010012138812017,56.87507221667088
2023-11-02 09:00:00,4.812995217186116,33.01648979495082
2023-11-02 10:00:00,5.155197892740995,24.82073066758691
2023-11-02 11:00:00,4.375703388937563,8.9900011115202
2023-11-02 12:00:00,6.192365270055573,0.37980314858346986
2023-11-02 13:00:00,5.110790242418256,-14.135627589646285
2023-11-02 14:00:00,4.75913509998062,-9.651029987287433
2023-11-02 15:00:00,4.838788683134576,-36.71346862676872
2023-11-02 16:00:00,4.2795450696152395,-37.87001743928989
2023-11-02 17:00:00,4.231223396212389,-48.57787897420298
2023-11-02 18:00:00,4.904959971973651,-46.93872286213289
2023-11-02 19:00:00,5.106711269178331,-46.73548494799694
2023-11-02 20:00:00,4.355551809850733,-41.207037221057526
2023-11-02 21:00:00,4.550624961134016,-35.46942240170067
2023-11-02 22:00:00,5.061934026405063,-33.59575289792318
2023-11-02 23:00:00,4.4700188644353664,-8.541799916207838
2023-11-03 00:00:00,5.4497191657894275,-9.499066955598687
2023-11-03 01:00:00,5.150788840481222,20.109872338409474
2023-11-03 02:00:00,4.778653031483452,27.573461402543213
2023-11-03 03:00:00,5.073074814536469,36.63876058976988
2023-11-03 04:00:00,4.577281651972799,43.41275796564173
2023-11-03 05:00:00,4.581104834813503,54.7690417321926
2023-11-03 06:00:00,5.73058790456466,56.610828248744156
2023-11-03 07:00:00,5.833583139650448,40.58782128782658
2023-11-03 08:00:00,4.784009070802694,31.504977889570707
2023-11-03 09:00:00,5.005732213876339,38.242195692852235
2023-11-03 10:00:00,4.78783008519911,24.95252249233098
2023-11-03 11:00:00,5.5649079263123165,9.848700656607736
2023-11-03 12:00:00,5.972782552475578,0.5599905534894617
2023-11-03 13:00:00,4.704188613317481,-17.94946122730606
2023-11-03 14:00:00,4.379660850557604,-22.574423426648465
2023-11-03 15:00:00,5.453477546760376,-39.56699213855323
2023-11-03 16:00:00,5.352993447180734,-44.1456077996493
2023-11-03 17:00:00,5.64110088032643,-45.960202606940456
2023-11-03 18:00:00,5.107756504610789,-53.145174061041544
2023-11-03 19:00:00,3.9688293939302905,-50.62444103860443
2023-11-03 20:00:00,4.406039095681826,-43.98814829533154
2023-11-03 21:00:00,5.911622352092193,-34.07929601756816
2023-11-03 22:00:00,4.971496950735319,-18.251467746517346
2023-11-03 23:00:00,4.56454042347161,-15.178817318103702
2023-11-04 00:00:00,4.049190697788372,3.603523324916102
2023-11-04 01:00:00,5.2400365274504255,15.671655230604461
2023-11-04 02:00:00,5.032490197607361,26.3311058938711
2023-11-04 03:00:00,4.3840339265044905,39.65034307823456
2023-11-04 04:00:00,4.532231239228205,51.012900981421026
2023-11-04 05:00:00,4.601533018164849,48.64888536675661
2023-11-04 06:00:00,5.225429247919013,53.392286342739425
2023-11-04 07:00:00,5.847826427566943,45.43815711806304
2023-11-04 08:00:00,4.825277119581207,41.51597457111892
2023-11-04 09:00:00,5.817268804054261,30.204997337488535
2023-11-04 10:00:00,4.99272281530537,23.454877900757875
2023-11-04 11:00:00,4.589965853764017,14.284626183522365
2023-11-04 12:00:00,5.691960368508088,-0.06957944419473192
2023-11-04 13:00:00,5.238286888052042,-14.129459311310667
2023-11-04 14:00:00,5.6720557804134675,-26.22883077770398
2023-11-04 15:00:00,5.188417791750215,-36.0251003436093
2023-11-04 16:00:00,6.212812931369905,-43.932915275700154
2023-11-04 17:00:00,5.137486232477787,-40.52663566243007
2023-11-04 18:00:00,5.257233619145985,-50.202536184866325
2023-11-04 19:00:00,4.640192488950239,-53.46255316887898
2023-11-04 20:00:00,5.477943454890399,-34.058049162062574
2023-11-04 21:00:00,4.9327126719325465,-35.63001398365093
2023-11-04 22:00:00,5.351148444153871,-25.82612201054043
2023-11-04 23:00:00,5.722658709451595,-17.4849191101893
2023-11-05 00:00:00,5.031418696693105,-3.8392063110797325
2023-11-05 01:00:00,5.347506134748676,20.878298742355653
2023-11-05 02:00:00,5.705865352771663,20.47448119566938
2023-11-05 03:00:00,4.50604606108641,31.543897893549037
2023-11-05 04:00:00,5.071734777983623,46.29098582272356
2023-11-05 05:00:00,4.187054317225716,40.52689535110983
2023-11-05 06:00:00,4.928777246298,55.06847149371371
2023-11-05 07:00:00,5.469952267710464,51.34884700115511
2023-11-05 08:00:00,4.082010955650623,42.6014450507855
2023-11-05 09:00:00,4.573715985935795,37.29942807375627
2023-11-05 10:00:00,4.369691021830326,32.82875735793222
2023-11-05 11:00:00,5.423403672363578,16.96112921410365
2023-11-05 12:00:00,5.249847659101557,4.421867996986325
2023-11-05 13:00:00,5.582660523704665,-10.26979529048399
2023-11-05 14:00:00,5.4766292428736,-25.980533473586828
2023-11-05 15:00:00,4.731593981567233,-35.90171824566811
2023-11-05 16:00:00,4.92631493966391,-42.24870112506351
2023-11-05 17:00:00,4.811443920955787,-45.16193333079052
2023-11-05 18:00:00,5.722504792889362,-52.121808392542334
2023-11-05 19:00:00,5.269123617361971,-45.69545535559465
2023-11-05 20:00:00,5.486586689495246,-44.51141192774351
2023-11-05 21:00:00,5.366784939254691,-34.16252790463338
2023-11-05 22:00:00,4.752945584564694,-24.58689196602145
2023-11-05 23:00:00,4.545072471761987,-10.984960102499508
2023-11-06 00:00:00,5.2487219966331295,1.8150001920396726
2023-11-06 01:00:00,5.737272285520277,12.928462202172584
2023-11-06 02:00:00,5.165509462280287,20.87806334501352
2023-11-06 03:00:00,4.406728448879199,42.20100311601449
2023-11-06 04:00:00,5.282505020604744,41.026282388118986
2023-11-06 05:00:00,4.739877924333394,54.16547633934263
2023-11-06 06:00:00,4.124141506374392,44.11590513768972
2023-11-06 07:00:00,5.806604475206482,42.773746513234926
2023-11-06 08:00:00,4.588393171384857,48.78524378749009
2023-11-06 09:00:00,5.645285382417581,44.08479224833995
2023-11-06 10:00:00,5.689429313483962,27.919337552955216
2023-11-06 11:00:00,5.2039305340462345,5.8845171591283
2023-11-06 12:00:00,4.574029754616588,5.687727567577249
2023-11-06 13:00:00,5.589487744132391,-17.610660307372267
2023-11-06 14:00:00,4.596300425228952,-30.513109437855718
2023-11-06 15:00:00,4.97715194737023,-34.58259834877542
2023-11-06 16:00:00,4.8790669313695405,-45.784795893525285
2023-11-06 17:00:00,4.807998510173072,-44.233457713414246
2023-11-06 18:00:00,5.121605976128752,-47.429014423796644
2023-11-06 19:00:00,4.159033064954689,-49.99692639725004
2023-11-06 20:00:00,4.658559393497811,-40.11847544605846
2023-11-06 21:00:00,4.548460474633393,-24.201542981841673
2023-11-06 22:00:00,5.274012293890569,-26.383899771602874
2023-11-06 23:00:00,5.353077783342285,-11.186346341997687
2023-11-07 00:00:00,4.900156869623091,3.0618268300188185
2023-11-07 01:00:00,5.308672936754942,15.796574250670528
2023-11-07 02:00:00,4.966547519497757,35.490441841406536
2023-11-07 03:00:00,4.854688641839934,41.14561243501269
2023-11-07 04:00:00,5.162347788566383,38.40560127041011
2023-11-07 05:00:00,5.106692884947403,43.5429206277828
2023-11-07 06:00:00,4.469737125073588,49.42594630764031
2023-11-07 07:00:00,5.468280450040927,51.227792307304746
2023-11-07 08:00:00,4.283585969480965,48.43975304301683
2023-11-07 09:00:00,4.345376967530912,40.46682619245481
2023-11-07 10:00:00,4.487144454934857,24.919771449502118
2023-11-07 11:00:00,4.989213138340836,15.95348167694829
2023-11-07 12:00:00,5.783242885467359,7.9627867097028355
2023-11-07 13:00:00,5.6438045899776474,-10.266596440397649
2023-11-07 14:00:00,4.542602778883503,-23.06319088736675
2023-11-07 15:00:00,4.946725737698734,-30.42610880960138
2023-11-07 16:00:00,4.380644430142959,-42.12377387622244
2023-11-07 17:00:00,4.6528835002193905,-44.76922998513606
2023-11-07 18:00:00,5.964600555336969,-40.590591468990965
2023-11-07 19:00:00,4.898192663464663,-54.03957868215774
2023-11-07 20:00:00,5.589940342640893,-44.14442028458992
2023-11-07 21:00:00,5.406141799246528,-38.288754703033646
2023-11-07 22:00:00,4.659651334614946,-28.284483088763892
2023-11-07 23:00:00,4.5710855365819025,-15.688253740288282
2023-11-08 00:00:00,4.978929206549009,-10.587186659741514
2023-11-08 01:00:00,4.931240202568106,10.809404421971342
2023-11-08 02:00:00,5.445347485143408,30.419999533374188
2023-11-08 03:00:00,4.861796384970394,29.212793542828592
2023-11-08 04:00:00,5.441612411047519,34.715216378882175
2023-11-08 05:00:00,4.6659836590959,45.45281448753812
2023-11-08 06:00:00,5.013698088810016,46.162988632466956
2023-11-08 07:00:00,4.50340256601003,52.54766485980879
2023-11-08 08:00:00,4.148916856546126,52.04443412242382
2023-11-08 09:00:00,4.543075194460408,46.4926869703695
2023-11-08 10:00:00,5.25226611288621,21.324277691285637
2023-11-08 11:00:00,5.682629615742938,15.958796104037226
2023-11-08 12:00:00,4.92893329794591,-0.10745776041041784
2023-11-08 13:00:00,5.230081271234313,-10.843686407013513
2023-11-08 14:00:00,4.835965287416831,-22.13152161315117
2023-11-08 15:00:00,4.764480805805574,-35.67207624216037
2023-11-08 16:00:00,5.555016235811356,-48.0155342803858
2023-11-08 17:00:00,5.649861586813,-52.131559068961785
2023-11-08 18:00:00,5.706027587064505,-48.94680439307975
2023-11-08 19:00:00,5.419966203677038,-46.42979376247503
2023-11-08 20:00:00,4.841846974647326,-46.383026065369975
2023-11-08 21:00:00,4.705580006984996,-36.46163360698258
2023-11-08 22:00:00,4.16896388482238,-19.15663030378561
2023-11-08 23:00:00,5.967015818941723,-12.869541360572988
2023-11-09 00:00:00,4.255746177910858,2.3425085953343547
2023-11-09 01:00:00,5.019217300965081,20.459759627658045
2023-11-09 02:00:00,4.1995094811113844,25.71395273716339
2023-11-09 03:00:00,5.535491269316582,33.08332638773373
2023-11-09 04:00:00,5.191830256973269,40.868559423894425
2023-11-09 05:00:00,5.659395939285359,51.4790162412877
2023-11-09 06:00:00,5.105980164870831,42.48636332149224
2023-11-09 07:00:00,5.3496761764417675,55.82558311745496
2023-11-09 08:00:00,5.176204437482613,49.11855288396542
2023-11-09 09:00:00,5.634942911047245,28.65819001048921
2023-11-09 10:00:00,5.176234140653255,22.46109523898942
2023-11-09 11:00:00,5.495348311133142,10.398634156816415
2023-11-09 12:00:00,6.0098464551704645,2.693662236055436
2023-11-09 13:00:00,4.598044167348041,-16.698672676251704
2023-11-09 14:00:00,4.633314761179825,-36.89687614248278
2023-11-09 15:00:00,5.622412490780807,-29.22000884338911
2023-11-09 16:00:00,5.124125583494015,-54.745288750697
2023-11-09 17:00:00,5.136381088871476,-39.84895480432305
2023-11-09 18:00:00,5.329859583854668,-51.93433388988693
2023-11-09 19:00:00,5.119648883265283,-48.37702743599941
2023-11-09 20:00:00,4.206375977920796,-44.62507439909051
2023-11-09 21:00:00,5.129300955443931,-37.58099230189508
2023-11-09 22:00:00,4.453189591726789,-24.643960381935383
2023-11-09 23:00:00,5.271108757975844,-14.275016391051476
2023-11-10 00:00:00,5.234139851859188,-4.2271780504845475
2023-11-10 01:00:00,5.161701640299097,16.000363657046087
2023-11-10 02:00:00,4.939337350444472,23.847523662586326
2023-11-10 03:00:00,6.048535605379331,45.22324796897641
2023-11-10 04:00:00,6.123369395745858,38.87887855403073
2023-11-10 05:00:00,4.105455182556275,50.766081661040445
2023-11-10 06:00:00,4.76311846474854,47.341075348767255
2023-11-10 07:00:00,5.860589898255736,45.16289664424144
2023-11-10 08:00:00,5.506186206134885,43.210302290805366
2023-11-10 09:00:00,4.866654355507045,38.5841086302585
2023-11-10 10:00:00,5.607223749992519,29.006990107066525
2023-11-10 11:00:00,4.6119541235644395,12.137348201731708
2023-11-10 12:00:00,4.646850169702086,7.870317059522097
2023-11-10 13:00:00,5.007055234760065,-8.773668493250781
2023-11-10 14:00:00,5.248747266591436,-23.559228229190975
2023-11-10 15:00:00,5.2238168830264335,-31.899212812627884
2023-11-10 16:00:00,5.1365884131045085,-48.32305825895785
2023-11-10 17:00:00,5.079704018369505,-42.59161048856253
2023-11-10 18:00:00,4.914329659305219,-56.49391584405552
2023-11-10 19:00:00,4.80351960525884,-46.117558662462905
2023-11-10 20:00:00,5.001550665511487,-43.71095213102999
2023-11-10 21:00:00,5.166290562301457,-42.5202014723101
2023-11-10 22:00:00,4.6008661339079495,-31.108745777449016
2023-11-10 23:00:00,4.317734045988228,-13.094582998301714
2023-11-11 00:00:00,5.044857299735722,-0.5011084677611752
2023-11-11 01:00:00,5.0893053368892645,9.188135958155204
2023-11-11 02:00:00,4.826475006623469,23.052382580786958
2023-11-11 03:00:00,4.732765670111649,28.003895493935072
2023-11-11 04:00:00,5.085131098056896,36.09108450738584
2023-11-11 05:00:00,4.976000809674111,46.717629492596174
2023-11-11 06:00:00,4.967015370920056,40.84608333755328
2023-11-11 07:00:00,5.9829809047984766,47.20946826198769
2023-11-11 08:00:00,4.08519966454503,45.56618779755405
2023-11-11 09:00:00,4.360085510404306,34.345152766702846
2023-11-11 10:00:00,4.9162808921045125,27.40833596837855
2023-11-11 11:00:00,5.354462875369497,9.170028600673591
2023-11-11 12:00:00,4.651192261268072,-10.07882273891427
2023-11-11 13:00:00,4.4066271786396705,-10.299632344140733
2023-11-11 14:00:00,4.912106398685411,-26.468332963463645
2023-11-11 15:00:00,4.909968288628975,-40.92626031414217
2023-11-11 16:00:00,4.14167178566735,-45.177147107482504
2023-11-11 17:00:00,5.210942451001086,-52.33129597304853
2023-11-11 18:00:00,4.923268656432629,-46.147550612501696
2023-11-11 19:00:00,5.254669025786002,-53.2079813393199
2023-11-11 20:00:00,5.224349548227786,-47.67976227925349
2023-11-11 21:00:00,3.876287657054383,-35.68856108585615
2023-11-11 22:00:00,4.9820470300953,-24.973511258543493
2023-11-11 23:00:00,4.945083581313114,-14.303676749338038
2023-11-12 00:00:00,4.767835720829996,-10.206749907077077
2023-11-12 01:00:00,5.13969266296357,4.740316615238045
2023-11-12 02:00:00,4.831416393890898,25.670498736025074
2023-11-12 03:00:00,4.647190773073438,29.57865979024283
2023-11-12 04:00:00,4.877495171759774,45.7955083956171
2023-11-12 05:00:00,4.587341623939716,36.57968810532918
2023-11-12 06:00:00,5.048070380995236,47.42793535408767
2023-11-12 07:00:00,4.720625695488243,42.049523697339424
2023-11-12 08:00:00,4.845572484167043,35.82495895998544
2023-11-12 09:00:00,4.25550962221936,27.44106144892193
2023-11-12 10:00:00,4.432741278917203,23.33803053933809
2023-11-12 11:00:00,5.18165887084001,9.11079522590071
2023-11-12 12:00:00,5.6302731209199655,-3.284111897371863
2023-11-12 13:00:00,5.000748476733429,-18.954754517869116
2023-11-12 14:00:00,5.83558585802471,-20.931509691447083
2023-11-12 15:00:00,5.282213798155286,-35.634851517313706
2023-11-12 16:00:00,4.87450514344298,-45.37892668212574
2023-11-12 17:00:00,5.76341677304703,-45.30983572849138
2023-11-12 18:00:00,4.5996978057769216,-50.034099781372866
2023-11-12 19:00:00,5.181529217864605,-52.38147154590583
2023-11-12 20:00:00,5.10116894228132,-41.943019685297564
2023-11-12 21:00:00,3.8019631090341823,-27.280177143117996
2023-11-12 22:00:00,4.86140959018244,-26.604724626381945
2023-11-12 23:00:00,5.86884285416882,-10.822592126887626
2023-11-13 00:00:00,4.757733433572404,5.5682711172144375
2023-11-13 01:00:00,4.741594477822668,13.340251768550683
2023-11-13 02:00:00,5.269298186707704,29.767192582346766
2023-11-13 03:00:00,3.880686572791027,33.97768270144414
2023-11-13 04:00:00,5.390400622845456,31.438854803569072
2023-11-13 05:00:00,4.800592914641033,41.40819972257909
2023-11-13 06:00:00,4.473795590682383,52.62852017479838
2023-11-13 07:00:00,5.451288270283869,56.83703144582606
2023-11-13 08:00:00,5.214865139990678,39.34520578446435
2023-11-13 09:00:00,5.743661752570832,43.04188395937258
2023-11-13 10:00:00,5.187082907805478,19.420015592777332
2023-11-13 11:00:00,5.0784403895728225,10.756966860177249
2023-11-13 12:00:00,5.116304840016048,-0.3439442190505685
2023-11-13 13:00:00,4.9294801717433385,-10.78872286277403
2023-11-13 14:00:00,4.520823264608379,-22.4136266428356
2023-11-13 15:00:00,5.335014003722986,-35.89852858541684
2023-11-13 16:00:00,4.936919552465303,-31.054786557905718
2023-11-13 17:00:00,5.432675598007482,-46.86596245166312
2023-11-13 18:00:00,4.66447845248777,-53.33218470436705
2023-11-13 19:00:00,4.578718748654948,-39.41340076058486
2023-11-13 20:00:00,5.050330269447068,-42.21739078934632
2023-11-13 21:00:00,5.025912807132196,-28.9798312975953
2023-11-13 22:00:00,5.105401701027483,-33.18355719394921
2023-11-13 23:00:00,4.933813057833512,-12.177551381539951
2023-11-14 00:00:00,5.570016402042023,-1.5702739823121465
2023-11-14 01:00:00,4.10793790419878,10.273147973784805
2023-11-14 02:00:00,4.719190164709755,25.895041268116543
2023-11-14 03:00:00,5.045473274209449,41.00115213213704
2023-11-14 04:00:00,5.045460131888669,42.533261939364046
2023-11-14 05:00:00,4.867328170562736,55.40549135264365
2023-11-14 06:00:00,4.515184200706334,43.81710020461464
2023-11-14 07:00:00,3.6094145189827938,49.874834021485626
2023-11-14 08:00:00,5.39810944714423,45.94715821463763
2023-11-14 09:00:00,5.085499649778113,23.496018233936706
2023-11-14 10:00:00,5.456666579454266,27.407283587233913
2023-11-14 11:00:00,3.993099473325927,11.671020499860791
2023-11-14 12:00:00,4.504718304066379,2.0542720993752153
2023-11-14 13:00:00,4.902873299881864,-6.9988208811916754
2023-11-14 14:00:00,4.242727129387045,-23.852674685450893
2023-11-14 15:00:00,4.814229276662623,-36.707338127196685
2023-11-14 16:00:00,5.440236563003624,-50.849312591720924
2023-11-14 17:00:00,4.586429060246388,-48.699164632586736
2023-11-14 18:00:00,5.6178553031932115,-42.777346122056336
2023-11-14 19:00:00,4.597063200184288,-63.756997401143884
2023-11-14 20:00:00,5.386719523123876,-37.47462227154009
2023-11-14 21:00:00,4.595516836679699,-32.20640788916913
2023-11-14 22:00:00,5.6807756119239645,-25.281063322955397
2023-11-14 23:00:00,5.171968191236449,-9.934600688359307
2023-11-15 00:00:00,5.221403758046456,5.708441431165569
2023-11-15 01:00:00,4.51206065612808,10.751091986914592
2023-11-15 02:00:00,4.660853385795494,25.450423982649195
2023-11-15 03:00:00,5.204403007989593,35.392082514134344
2023-11-15 04:00:00,5.293374814033219,51.02112661940504
2023-11-15 05:00:00,4.513049819217994,48.324109327095485
2023-11-15 06:00:00,5.6384779164760515,50.7319195060811
2023-11-15 07:00:00,5.085054915996737,52.991494176289436
2023-11-15 08:00:00,5.260083395925002,45.838991608484015
2023-11-15 09:00:00,5.1720629862258685,36.44785217514249
2023-11-15 10:00:00,4.3294662321314155,18.37474120798022
2023-11-15 11:00:00,5.767756822922674,10.822807854261864
2023-11-15 12:00:00,5.738118783183416,1.8058011977388677
2023-11-15 13:00:00,4.845388739928637,-12.304811583762772
2023-11-15 14:00:00,5.986490430428925,-25.693621767145093
2023-11-15 15:00:00,5.081846958084133,-31.896407924504093
2023-11-15 16:00:00,5.099145771884454,-32.492333480286355
2023-11-15 17:00:00,4.9025444559445255,-47.921838704782495
2023-11-15 18:00:00,4.917726408305226,-46.718967883376926
2023-11-15 19:00:00,5.963023127310049,-49.29665482375168
2023-11-15 20:00:00,5.424782348208192,-48.91870466819802
2023-11-15 21:00:00,5.07125094076021,-36.87750983273896
2023-11-15 22:00:00,4.762948101691847,-24.028418433053847
2023-11-15 23:00:00,4.7687361759060884,-13.239794527668757
2023-11-16 00:00:00,4.897474166351755,0.4711865491780404
2023-11-16 01:00:00,4.491507148401544,4.313141899774745
2023-11-16 02:00:00,5.109180182312872,22.67737890554464
2023-11-16 03:00:00,5.745745113288864,27.30328958227443
2023-11-16 04:00:00,5.624333999460107,44.820444278981554
2023-11-16 05:00:00,4.040027440418722,48.21146300888409
2023-11-16 06:00:00,5.055764963728549,49.05630453245501
2023-11-16 07:00:00,3.9020500087343453,40.73743729875438
2023-11-16 08:00:00,5.4251835517191696,42.51512637552027
2023-11-16 09:00:00,4.970568166765795,42.64254902370146
2023-11-16 10:00:00,6.036899983040703,22.264104443255867
2023-11-16 11:00:00,5.218164431054673,13.45703228256819
2023-11-16 12:00:00,4.528187686414268,0.9613391153790636
2023-11-16 13:00:00,4.302111381927913,-20.579210991152443
2023-11-16 14:00:00,5.033082926377363,-32.51258597992379
2023-11-16 15:00:00,5.144411547587359,-42.46979877429996
2023-11-16 16:00:00,4.788392443893239,-41.36941433623067
2023-11-16 17:00:00,4.901311461699646,-42.1529150868164
2023-11-16 18:00:00,4.624959197573051,-41.264451091488624
2023-11-16 19:00:00,5.096464616208209,-48.98916476717239
2023-11-16 20:00:00,4.773498742818809,-37.8298650829097
2023-11-16 21:00:00,4.730165496536667,-37.35509578495507
2023-11-16 22:00:00,4.413922183349643,-31.044421622548942
2023-11-16 23:00:00,5.853998245336039,-17.2689849741964
2023-11-17 00:00:00,4.562520885786651,-2.1635997605280317
2023-11-17 01:00:00,5.361995658093879,12.75532239583045
2023-11-17 02:00:00,4.878798162664735,24.63525249621761
2023-11-17 03:00:00,5.161919491621887,38.42755132639435
2023-11-17 04:00:00,4.974035605222336,42.32657866804751
2023-11-17 05:00:00,4.749644171130954,52.9812643677599
2023-11-17 06:00:00,4.900154929809153,46.76192403703429
2023-11-17 07:00:00,4.4943435807153165,46.25742026209656
2023-11-17 08:00:00,5.8640097780286,51.526237707064155
2023-11-17 09:00:00,4.852898334508416,25.058308466944226
2023-11-17 10:00:00,5.312051661410805,37.175326299640545
2023-11-17 11:00:00,5.357321476026816,15.446958989294691
2023-11-17 12:00:00,5.251032542512529,15.214207862263141
2023-11-17 13:00:00,5.253673104824813,-6.116574251604485
2023-11-17 14:00:00,4.391902969911612,-26.076164596492532
2023-11-17 15:00:00,4.150296570095815,-41.70129252090545
2023-11-17 16:00:00,4.078590344665487,-35.53754002427716
2023-11-17 17:00:00,4.495812444648383,-56.55155217280191
2023-11-17 18:00:00,5.235096988889955,-47.620739756150954
2023-11-17 19:00:00,6.319974202296903,-53.00932318567328
2023-11-17 20:00:00,5.937030674817149,-38.47614364345749
2023-11-17 21:00:00,5.7075535006113025,-43.38756449000259
2023-11-17 22:00:00,4.45016843798955,-21.1337181347955
2023-11-17 23:00:00,5.519499760585131,-10.476440720844078
2023-11-18 00:00:00,5.064743988616161,1.1466611578771313
2023-11-18 01:00:00,4.315312974855495,14.870798453330536
2023-11-18 02:00:00,5.854055727615348,26.068441550274336
2023-11-18 03:00:00,4.725574279831858,31.576016810258906
2023-11-18 04:00:00,5.889308962976292,37.180555933032274
2023-11-18 05:00:00,5.318850540760214,47.67169898712026
2023-11-18 06:00:00,4.738156152592903,60.15970838792352
2023-11-18 07:00:00,4.307723185880814,51.15622652483374
2023-11-18 08:00:00,5.14822299614558,39.71457017594913
2023-11-18 09:00:00,5.612339823473079,38.99569225437985
2023-11-18 10:00:00,5.057014875113926,23.563176540404612
2023-11-18 11:00:00,5.512807536578038,8.65366544253134
2023-11-18 12:00:00,4.996717252746257,6.10160244780944
2023-11-18 13:00:00,4.763864486589628,-9.361131269620639
2023-11-18 14:00:00,4.858641135016992,-25.10894565247923
2023-11-18 15:00:00,5.232246318677769,-27.88844896336176
2023-11-18 16:00:00,4.774457330572352,-40.80829996584526
2023-11-18 17:00:00,4.73421446395883,-47.173872143896446
2023-11-18 18:00:00,4.259047657385558,-58.9236484072009
2023-11-18 19:00:00,5.087636013264348,-41.83778809704784
2023-11-18 20:00:00,4.773159036726483,-51.0662493090528
2023-11-18 21:00:00,4.3321927841140395,-34.482798309318966
2023-11-18 22:00:00,4.787342391708477,-23.464220860799728
2023-11-18 23:00:00,5.029398039680372,-15.47857087335208
2023-11-19 00:00:00,5.18218710546214,-5.454028372953646
2023-11-19 01:00:00,5.309094375687568,13.595600745070838
2023-11-19 02:00:00,5.075528402700494,28.090031697402136
2023-11-19 03:00:00,4.585937545797685,31.97812930519642
2023-11-19 04:00:00,5.198230003930293,40.42610013470857
2023-11-19 05:00:00,4.605181900151726,42.59507138078899
2023-11-19 06:00:00,4.697965627634405,41.82320204928304
2023-11-19 07:00:00,4.6515333794883675,47.54089123596068
2023-11-19 08:00:00,4.762459379361404,39.627846732082176
2023-11-19 09:00:00,5.4323382536145255,38.67380691964554
2023-11-19 10:00:00,5.249198899630425,28.360974551768173
2023-11-19 11:00:00,5.323239020144085,15.92639787428618
2023-11-19 12:00:00,5.583025391311163,-3.5703343928803912
2023-11-19 13:00:00,4.445648348915684,-8.190331216444314
2023-11-19 14:00:00,5.010690762331027,-29.78508292628664
2023-11-19 15:00:00,4.928567970279852,-31.241963574780804
2023-11-19 16:00:00,5.161811009439969,-40.818603988802195
2023-11-19 17:00:00,5.154267392935724,-44.85750605921314
2023-11-19 18:00:00,4.235184503673761,-56.9908995312002
2023-11-19 19:00:00,5.619155186096293,-42.06498754684757
2023-11-19 20:00:00,4.733554223556434,-42.46843922718035
2023-11-19 21:00:00,5.095199043639007,-35.4968842969145
2023-11-19 22:00:00,5.211276963759736,-29.755916047329936
2023-11-19 23:00:00,4.988227104576041,-15.913521856767993
2023-11-20 00:00:00,4.4333100532054885,-1.0494232657076379
2023-11-20 01:00:00,5.06754367327037,11.920573592980835
2023-11-20 02:00:00,4.983651157075667,33.32176507805043
2023-11-20 03:00:00,4.977711011528016,35.0167211016444
2023-11-20 04:00:00,4.885085694576725,41.78253279199237
2023-11-20 05:00:00,5.337031635067522,47.129701672816864
2023-11-20 06:00:00,5.808930115059647,51.91853447704207
2023-11-20 07:00:00,5.885782442801917,49.44633598111437
2023-11-20 08:00:00,5.378949841019679,38.078473721144064
2023-11-20 09:00:00,5.33692450706201,44.59125694430345
2023-11-20 10:00:00,4.229560059166866,23.812332254788032
2023-11-20 11:00:00,5.0681785628551905,6.355312727072162
2023-11-20 12:00:00,5.233662192626364,-3.2376653680384027
2023-11-20 13:00:00,3.961040673302583,-13.152809622480705
2023-11-20 14:00:00,5.955821891670496,-16.662711947918723
2023-11-20 15:00:00,4.958293238183775,-36.589764865770356
2023-11-20 16:00:00,4.568361331004479,-47.545887245482234
2023-11-20 17:00:00,4.482863308200841,-50.00585191937495
2023-11-20 18:00:00,5.124214747923426,-50.64797383648954
2023-11-20 19:00:00,5.208314916702664,-49.03953878426292
2023-11-20 20:00:00,5.6681960123998145,-52.08800509074377
2023-11-20 21:00:00,4.562511721829383,-40.362952596712894
2023-11-20 22:00:00,4.973589124526472,-20.930108939385885
2023-11-20 23:00:00,4.914158398751559,-10.960441386163765
2023-11-21 00:00:00,4.78074122160742,1.7270778570495797
2023-11-21 01:00:00,4.626089849110019,9.938621536414459
2023-11-21 02:00:00,5.978739992224852,17.49505784903132
2023-11-21 03:00:00,5.438648442916689,35.83548196370306
2023-11-21 04:00:00,5.049504899226513,45.37553591682413
2023-11-21 05:00:00,5.21134317070869,57.440485870941025
2023-11-21 06:00:00,5.484640517992691,45.84137257724797
2023-11-21 07:00:00,4.6505404179666865,51.5344279932662
2023-11-21 08:00:00,4.535243007101642,46.122042074057
2023-11-21 09:00:00,4.863588977032487,26.128379060870124
2023-11-21 10:00:00,5.470828401076967,26.562354997361297
2023-11-21 11:00:00,6.113379304222912,8.60290045920889
2023-11-21 12:00:00,4.897702313370864,2.841402358204977
2023-11-21 13:00:00,4.443832438669872,-9.24913969344687
2023-11-21 14:00:00,5.137142270412253,-28.32250051576779
2023-11-21 15:00:00,4.9422845285165815,-33.313012166217966
2023-11-21 16:00:00,5.606390296283969,-33.9481014399795
2023-11-21 17:00:00,5.055153482455126,-46.63707196689132
2023-11-21 18:00:00,5.250829294824764,-51.590412919338235
2023-11-21 19:00:00,4.796441805669211,-47.25183734666742
2023-11-21 20:00:00,5.106759207103487,-46.13451057320435
2023-11-21 21:00:00,4.3712185804126875,-39.57633214707662
2023-11-21 22:00:00,4.845858385886632,-19.990496428055145
2023-11-21 23:00:00,4.632657029974824,-13.800928786616593
2023-11-22 00:00:00,5.117050319793252,3.121171632625457
2023-11-22 01:00:00,4.875829442955305,10.51797498565478
2023-11-22 02:00:00,4.3763427869888725,29.528080736739923
2023-11-22 03:00:00,5.227835897283257,38.20230261604017
2023-11-22 04:00:00,5.192623955697562,51.96158766038327
2023-11-22 05:00:00,5.480412431394967,49.359253937058966
2023-11-22 06:00:00,4.887019078543852,49.88895062182523
2023-11-22 07:00:00,4.739550530633618,46.54138637117863
2023-11-22 08:00:00,4.6037276409665235,44.710899048598215
2023-11-22 09:00:00,5.19381229541779,35.215348500658784
2023-11-22 10:00:00,5.201379929062259,27.16439710952139
2023-11-22 11:00:00,4.746212979613487,8.634268541868565
2023-11-22 12:00:00,4.912630189659931,1.5446603296743384
2023-11-22 13:00:00,5.155839377836298,-13.016494829607637
2023-11-22 14:00:00,4.986253256460954,-23.44261211682221
2023-11-22 15:00:00,5.028068801171859,-44.63501987445947
2023-11-22 16:00:00,5.705967710648718,-45.13155347004506
2023-11-22 17:00:00,4.364701099333091,-41.4693174094382
2023-11-22 18:00:00,4.833801918721924,-52.918834930482525
2023-11-22 19:00:00,5.751777909661492,-49.61853578090114
2023-11-22 20:00:00,5.134986505451626,-45.72821960840948
2023-11-22 21:00:00,4.580383419464828,-41.51066875280042
2023-11-22 22:00:00,5.152877435437753,-28.885925445068978
2023-11-22 23:00:00,5.157254986731417,-15.650759805061828
2023-11-23 00:00:00,5.481058535838513,3.039112914728615
2023-11-23 01:00:00,5.407230447591322,11.789082050324566
2023-11-23 02:00:00,4.662430081748801,29.30873831969883
2023-11-23 03:00:00,5.0601916860865215,36.20622608278633
2023-11-23 04:00:00,5.288248146618635,39.54189454960861
2023-11-23 05:00:00,4.607629333974681,36.17107005964053
2023-11-23 06:00:00,5.02806692226825,58.88335691799762
2023-11-23 07:00:00,4.16787526682608,51.096949098213024
2023-11-23 08:00:00,5.080773360495223,39.88473538859463
2023-11-23 09:00:00,5.101498430445633,41.984048380580354
2023-11-23 10:00:00,4.783861446834989,25.387382307188844
2023-11-23 11:00:00,5.4311416462727395,12.305698277694619
2023-11-23 12:00:00,5.51425607721268,10.257388598692339
2023-11-23 13:00:00,4.520572900636672,-10.181270292542676
2023-11-23 14:00:00,5.548067866828475,-17.7419902915576
2023-11-23 15:00:00,5.03026937607445,-28.187463974665206
2023-11-23 16:00:00,4.607407715803171,-45.27762597074322
2023-11-23 17:00:00,5.635046944316518,-51.62183430385083
2023-11-23 18:00:00,5.050120729735415,-45.16017804426816
2023-11-23 19:00:00,4.4892098677268475,-43.95636949894931
2023-11-23 20:00:00,4.665676233944983,-42.09239167827394
2023-11-23 21:00:00,5.05307180182535,-32.93857820361315
2023-11-23 22:00:00,5.2190638733045285,-26.475455533770727
2023-11-23 23:00:00,5.521719533842638,-15.746827965582852
2023-11-24 00:00:00,5.1997760323860165,-3.583067116480245
2023-11-24 01:00:00,4.404552375502233,19.829694364812795
2023-11-24 02:00:00,4.714706432703278,37.29797215891908
2023-11-24 03:00:00,6.118368206344089,33.79816820373411
2023-11-24 04:00:00,5.965229372516936,45.56636079160436
2023-11-24 05:00:00,5.126649269113096,48.75509274762963
2023-11-24 06:00:00,5.378037378046265,52.5686257682122
2023-11-24 07:00:00,5.221528784080054,45.28450388311748
2023-11-24 08:00:00,5.676874036623397,43.198975314150765
2023-11-24 09:00:00,5.344301594979053,30.92649398301147
2023-11-24 10:00:00,5.103807389629615,24.71299614716235
2023-11-24 11:00:00,5.670755012284887,14.55589230911472
2023-11-24 12:00:00,5.212339522890769,8.943162955320267
2023-11-24 13:00:00,4.806516078771299,-15.666982253862658
2023-11-24 14:00:00,5.38814419980228,-22.56843978529647
2023-11-24 15:00:00,5.369424182346365,-25.448951476705172
2023-11-24 16:00:00,4.7777957215689595,-43.26635562154
2023-11-24 17:00:00,5.641239327537028,-58.97229406863225
2023-11-24 18:00:00,5.3072137891538835,-57.854690971465345
2023-11-24 19:00:00,4.985812970015906,-46.96676250203428
2023-11-24 20:00:00,5.211350116433573,-44.84589841013636
2023-11-24 21:00:00,5.59364742367556,-37.950817780608006
2023-11-24 22:00:00,5.0626604843724605,-14.38340809618389
2023-11-24 23:00:00,4.859429162709683,-11.530835985101753
2023-11-25 00:00:00,4.57663286872577,2.4467888095172508
2023-11-25 01:00:00,3.8813742691811726,15.896043024776514
2023-11-25 02:00:00,4.692265605662977,22.177667334622168
2023-11-25 03:00:00,4.73957282907418,37.77972631871348
2023-11-25 04:00:00,5.927985971584664,39.19579183457795
2023-11-25 05:00:00,4.198323858518561,48.337541706760966
2023-11-25 06:00:00,4.882090700528974,48.047453283352844
2023-11-25 07:00:00,4.26633619209672,42.05452983555755
2023-11-25 08:00:00,4.7505061541373514,41.97946589754966
2023-11-25 09:00:00,6.291359635284887,34.21579499020754
2023-11-25 10:00:00,4.088584304553617,21.7198311965932
2023-11-25 11:00:00,4.862363471085192,12.784479914368312
2023-11-25 12:00:00,4.167494334992517,-7.050077405922298
2023-11-25 13:00:00,5.163631387350102,-26.62010642496837
2023-11-25 14:00:00,5.490683422721384,-38.08327561780544
2023-11-25 15:00:00,4.171615361920448,-36.0905677079903
2023-11-25 16:00:00,5.452017504810943,-40.83239657029546
2023-11-25 17:00:00,5.6738465471378685,-47.13885908870178
2023-11-25 18:00:00,5.495839187947755,-44.340452756871514
2023-11-25 19:00:00,5.155541967326949,-46.06796552118919
2023-11-25 20:00:00,4.31222662320269,-45.1426536689094
2023-11-25 21:00:00,5.848170962426622,-38.31986630493633
2023-11-25 22:00:00,4.874387950161158,-18.507642656950733
2023-11-25 23:00:00,4.735653418197943,-1.6735554751390307
2023-11-26 00:00:00,5.413784881030362,1.3420691098596158
2023-11-26 01:00:00,4.898307789046043,16.296834430139544
2023-11-26 02:00:00,4.599994384933948,18.85802812534558
2023-11-26 03:00:00,4.820123905597979,27.286559129932854
2023-11-26 04:00:00,4.931901860377005,50.238970481744886
2023-11-26 05:00:00,5.684761114530392,40.461353136610455
2023-11-26 06:00:00,5.108187063377315,53.95020430159741
2023-11-26 07:00:00,5.570315377282716,57.8667638350576
2023-11-26 08:00:00,4.761921040384657,51.423775419428914
2023-11-26 09:00:00,4.547509451193553,34.3421151869697
2023-11-26 10:00:00,5.518486764828249,22.96178389958116
2023-11-26 11:00:00,4.870698540372535,14.010050892627435
2023-11-26 12:00:00,4.940757404664459,-5.486571513513693
2023-11-26 13:00:00,5.515953832385365,-13.456607383401977
2023-11-26 14:00:00,4.568525257074154,-19.708257077352147
2023-11-26 15:00:00,5.182116221856095,-24.104891254964414
2023-11-26 16:00:00,4.931628422623882,-37.466119031883785
2023-11-26 17:00:00,5.19027483327004,-42.523785879839906
2023-11-26 18:00:00,5.359123810179892,-42.64458250823882
2023-11-26 19:00:00,6.013474748978046,-59.31115376587636
2023-11-26 20:00:00,4.120714301415907,-42.782965287703114
2023-11-26 21:00:00,4.719088243521378,-42.886872330363616
2023-11-26 22:00:00,5.062125826433939,-30.418629840229407
2023-11-26 23:00:00,4.915100181366586,-13.787579188374567
2023-11-27 00:00:00,4.724146675769365,7.5582915649105935
2023-11-27 01:00:00,4.073488964146071,11.38410984226355
2023-11-27 02:00:00,4.682992529503884,22.14972817998134
2023-11-27 03:00:00,5.155211245171056,34.76350094015696
2023-11-27 04:00:00,5.437254603364918,43.060375133720285
2023-11-27 05:00:00,4.944926542486506,40.59146818629033
2023-11-27 06:00:00,5.179925032079435,56.0730722607408
2023-11-27 07:00:00,5.0014833484502015,47.40980342735995
2023-11-27 08:00:00,5.195753888133914,39.14823792335829
2023-11-27 09:00:00,4.376278060830936,39.81023129148148
2023-11-27 10:00:00,5.2695636925478,20.08237966761039
2023-11-27 11:00:00,4.716968539788702,16.448828618986823
2023-11-27 12:00:00,4.744731941132766,0.10309619392365009
2023-11-27 13:00:00,4.959618257216937,-20.467221064679222
2023-11-27 14:00:00,4.905966496895491,-22.13009826886802
2023-11-27 15:00:00,4.692686358407934,-42.88248751011957
2023-11-27 16:00:00,5.554498214780728,-44.06845344646811
2023-11-27 17:00:00,5.131060123877267,-55.622484472059455
2023-11-27 18:00:00,4.72028004553213,-46.085935956157726
2023-11-27 19:00:00,4.774083277469703,-52.6409618369264
2023-11-27 20:00:00,5.014098552237915,-43.34042743363237
2023-11-27 21:00:00,4.807057045030738,-31.017026848423047
2023-11-27 22:00:00,4.571769183721368,-31.289635670944318
2023-11-27 23:00:00,5.032327601867234,-17.583097463903705
2023-11-28 00:00:00,4.9818872464947965,-6.159714569588319
2023-11-28 01:00:00,4.926149842796992,7.405075305240071
2023-11-28 02:00:00,5.685516348096558,30.835873135505423
2023-11-28 03:00:00,4.986897812176178,35.73596090235711
2023-11-28 04:00:00,4.5412262091903015,41.19012879441574
2023-11-28 05:00:00,5.223553708150383,42.7210231516227
2023-11-28 06:00:00,4.382657385623562,47.67134519563033
2023-11-28 07:00:00,5.664815174296187,46.34215641215644
2023-11-28 08:00:00,4.887061495983066,39.01859619676426
2023-11-28 09:00:00,4.641034034725285,37.202506910434465
2023-11-28 10:00:00,4.8443187268608465,20.464756764070728
2023-11-28 11:00:00,5.192519631484205,5.821656296209811
2023-11-28 12:00:00,3.9041955036516245,-6.242939130580705
2023-11-28 13:00:00,4.938371367034854,-15.43969950219675
2023-11-28 14:00:00,5.212499839788434,-18.265502300693058
2023-11-28 15:00:00,5.644250804819195,-28.111165576377545
2023-11-28 16:00:00,4.284852518406805,-50.7677954583332
2023-11-28 17:00:00,4.0035126071293226,-53.05631916726103
2023-11-28 18:00:00,4.8779093564888,-61.217415556266054
2023-11-28 19:00:00,5.198874076773578,-49.27466651192733
2023-11-28 20:00:00,4.6832126249177835,-46.85478634180631
2023-11-28 21:00:00,4.984110424999424,-34.05818301230008
2023-11-28 22:00:00,5.121856995050517,-29.62624766921136
2023-11-28 23:00:00,5.385983016766254,-8.408814433913253
2023-11-29 00:00:00,5.420684021046517,1.9360580021281297
2023-11-29 01:00:00,4.4741974430435505,11.892432315045804
2023-11-29 02:00:00,4.650586731675827,20.66059531866035
2023-11-29 03:00:00,4.261454539366472,46.413587455351035
2023-11-29 04:00:00,5.641330854877149,43.247544741577855
2023-11-29 05:00:00,4.616846630029655,46.76528576018695
2023-11-29 06:00:00,4.842783453845719,51.12036602267277
2023-11-29 07:00:00,4.716423400663745,38.49095665761679
2023-11-29 08:00:00,5.5063482646715505,39.84640328482007
2023-11-29 09:00:00,4.53007092394934,38.72885964337994
2023-11-29 10:00:00,5.756569394813535,29.176252502394206
2023-11-29 11:00:00,4.264961744981805,15.474428223705008
2023-11-29 12:00:00,4.125472949601118,-10.872416090199883
2023-11-29 13:00:00,4.646370788712566,-13.877546622474105
2023-11-29 14:00:00,6.023505994223203,-29.386651505121982
2023-11-29 15:00:00,4.047350914047476,-33.049345967652506
2023-11-29 16:00:00,5.198058080994446,-42.583512076825045
2023-11-29 17:00:00,4.972851971676063,-44.34045523686924
2023-11-29 18:00:00,5.010660018447558,-51.88282883696549
2023-11-29 19:00:00,5.89157008878855,-47.88623928497592
2023-11-29 20:00:00,4.707034528140183,-36.09658506822347
2023-11-29 21:00:00,5.217652392277968,-27.639627784080385
2023-11-29 22:00:00,5.005703035163365,-20.050234723807236
2023-11-29 23:00:00,4.7378487006199395,-21.771937890148912
2023-11-30 00:00:00,4.680516227010505,-2.2995594611428465
2023-11-30 01:00:00,5.155805903589702,19.539890610412183
2023-11-30 02:00:00,4.8164044494286244,24.794531826632646
2023-11-30 03:00:00,4.824447408742913,31.85693836389517
2023-11-30 04:00:00,4.501509237356211,44.076697838803405
2023-11-30 05:00:00,4.680455909399276,45.175443203048694
2023-11-30 06:00:00,5.247923966078559,50.77709553816426
2023-11-30 07:00:00,4.727554569319145,49.10548404965209
2023-11-30 08:00:00,5.256577993928934,40.409523998788224
2023-11-30 09:00:00,5.4012622379135715,36.372367032545704
2023-11-30 10:00:00,5.293482488205045,22.708123681889692
2023-11-30 11:00:00,5.580445093012416,10.432882150312459
2023-11-30 12:00:00,5.493753440144198,1.5100448902641137
2023-11-30 13:00:00,5.442688378391402,-9.947636036965132
2023-11-30 14:00:00,4.868557125462239,-24.78478820888741
2023-11-30 15:00:00,3.9384877953021373,-40.759296012877186
2023-11-30 16:00:00,4.353253372200396,-48.038964718807655
2023-11-30 17:00:00,4.908422260025208,-41.830962072551685
2023-11-30 18:00:00,5.22682683963388,-51.13650268160202
2023-11-30 19:00:00,5.490193822725609,-51.68978188662315
2023-11-30 20:00:00,4.672826202654559,-33.42794872868101
2023-11-30 21:00:00,5.346256076464355,-28.772126041214868
2023-11-30 22:00:00,5.017208817441728,-19.619570559292914
2023-11-30 23:00:00,5.091860830512391,-12.900491166814998
2023-12-01 00:00:00,5.297119086912797,-1.151605837126886
2023-12-01 01:00:00,5.452403398453371,11.855076429727319
2023-12-01 02:00:00,4.663452551707584,23.407083737921965
2023-12-01 03:00:00,4.825870909471455,37.577260569769706
2023-12-01 04:00:00,5.9086803109009285,47.59785918590326
2023-12-01 05:00:00,4.115875609215224,35.26249666087671
2023-12-01 06:00:00,5.7107772169296025,45.39255381987169
2023-12-01 07:00:00,4.730815477702117,45.193884863398736
2023-12-01 08:00:00,5.15566518351388,34.84044848831167
2023-12-01 09:00:00,5.506005737872876,36.38006511803863
2023-12-01 10:00:00,5.934733876307404,19.06627663584559
2023-12-01 11:00:00,4.941144534840696,18.862954975447114
2023-12-01 12:00:00,5.954162075097561,-0.7474173741936592
2023-12-01 13:00:00,4.391335252736427,-12.429700217566953
2023-12-01 14:00:00,4.338698998273168,-21.043558862706313
2023-12-01 15:00:00,5.029202782464522,-33.81586737685182
2023-12-01 16:00:00,4.258980177674251,-42.75771422667713
2023-12-01 17:00:00,4.682762715767196,-50.152510316342806
2023-12-01 18:00:00,4.686000422568116,-51.02387597955738
2023-12-01 19:00:00,5.252853435106604,-51.82930796913338
2023-12-01 20:00:00,5.088659381660058,-38.68701215521299
2023-12-01 21:00:00,4.887731405668831,-32.82775307690096
2023-12-01 22:00:00,5.345197549222096,-14.760421664600974
2023-12-01 23:00:00,4.881792413694696,-10.340327966672369
2023-12-02 00:00:00,5.872986267303949,0.8333752965880801
2023-12-02 01:00:00,5.031984025863182,14.314101673395356
2023-12-02 02:00:00,5.729018102500403,21.534546334405327
2023-12-02 03:00:00,5.134749689028341,41.363799080098914
2023-12-02 04:00:00,5.268729860869427,42.50126486038925
2023-12-02 05:00:00,3.4326607673435565,37.91358149381978
2023-12-02 06:00:00,4.719444408753654,43.12981331222148
2023-12-02 07:00:00,5.108630190216526,47.436244063300876
2023-12-02 08:00:00,4.720935199580176,35.743217199028265
2023-12-02 09:00:00,5.211900289135085,30.43287003762379
2023-12-02 10:00:00,4.1884563847411025,28.940748521762607
2023-12-02 11:00:00,4.6757303506099115,17.192446427684274
2023-12-02 12:00:00,4.265401892170322,3.1386843376736397
2023-12-02 13:00:00,4.981329781546271,-9.039660196989463
2023-12-02 14:00:00,5.397406277168729,-21.77978217225691
2023-12-02 15:00:00,5.752729466026231,-31.60808873735425
2023-12-02 16:00:00,5.707163741073722,-41.39622894031819
2023-12-02 17:00:00,5.419047718699813,-45.386251028791655
2023-12-02 18:00:00,5.162882536825195,-41.81598608264502
2023-12-02 19:00:00,4.294809882747837,-49.48351393913222
2023-12-02 20:00:00,5.9814489849810855,-31.896049562876293
2023-12-02 21:00:00,5.363570969359329,-37.161456271338515
2023-12-02 22:00:00,5.123162713430054,-27.389493069377373
2023-12-02 23:00:00,5.086586686466381,-11.399450752541437
2023-12-03 00:00:00,5.648947159843151,-2.052796530545294
2023-12-03 01:00:00,4.397842640975008,2.0313109328270915
2023-12-03 02:00:00,4.798677203472607,20.51172442865748
2023-12-03 03:00:00,3.878890571743713,32.38326824172887
2023-12-03 04:00:00,4.401911235750189,41.29915190429253
2023-12-03 05:00:00,5.94044841203674,39.43763162363609
2023-12-03 06:00:00,5.0791417044251865,46.390360934050115
2023-12-03 07:00:00,4.580482960009113,45.16387831613898
2023-12-03 08:00:00,5.0186776541096965,39.63504709900566
2023-12-03 09:00:00,5.509567541168439,33.510055917840646
2023-12-03 10:00:00,5.0821301630984,29.156086245314413
2023-12-03 11:00:00,5.421097020485528,17.492963863459998
2023-12-03 12:00:00,4.392467465431654,1.269015734098657
2023-12-03 13:00:00,5.562123230501065,-7.698674618773275
2023-12-03 14:00:00,5.907496310789146,-24.728174718143507
2023-12-03 15:00:00,4.305786628639288,-29.715950813994077
2023-12-03 16:00:00,5.330742851434926,-41.35373823680011
2023-12-03 17:00:00,5.447883105014746,-51.646553795398894
2023-12-03 18:00:00,5.208245978772796,-53.16413985322098
2023-12-03 19:00:00,5.071958463659482,-45.49662968500637
2023-12-03 20:00:00,4.3654520328557,-39.49656691605251
2023-12-03 21:00:00,4.857154599004194,-40.391647233369355
2023-12-03 22:00:00,5.067771205181717,-14.768701389435194
2023-12-03 23:00:00,6.263012436541719,-8.413887535475919
2023-12-04 00:00:00,4.404744382111246,-2.050070033026313
2023-12-04 01:00:00,5.6070220232739505,7.829184259549401
2023-12-04 02:00:00,5.28495714468777,17.39797428817674
2023-12-04 03:00:00,4.076682901436701,42.297081868025295
2023-12-04 04:00:00,5.3643748333652725,47.35947113167333
2023-12-04 05:00:00,4.856549138748289,48.481708422481574
2023-12-04 06:00:00,5.624376218569899,51.76612906700995
2023-12-04 07:00:00,4.967593318535267,37.156511511882336
2023-12-04 08:00:00,5.515056286023537,31.799602272056738
2023-12-04 09:00:00,4.479197424083041,37.746431226604
2023-12-04 10:00:00,5.116240033405992,26.297093207686093
2023-12-04 11:00:00,5.1474841144111165,13.641122049601671
2023-12-04 12:00:00,4.671473266667109,7.658637526370048
2023-12-04 13:00:00,4.885157560977988,-9.36260384012296
2023-12-04 14:00:00,4.818222421197719,-27.49997030362394
2023-12-04 15:00:00,5.508648762172594,-37.82249268150609
2023-12-04 16:00:00,4.89849179926855,-40.375791564419316
2023-12-04 17:00:00,5.02050743498907,-45.55707547844265
2023-12-04 18:00:00,5.555349924595092,-40.67617827274523
2023-12-04 19:00:00,5.2665567722793964,-51.84992241859074
2023-12-04 20:00:00,5.085381561685447,-48.09601118012777
2023-12-04 21:00:00,4.528821656890156,-34.563416469378865
2023-12-04 22:00:00,4.974369079847063,-24.751569223900425
2023-12-04 23:00:00,5.263852935569659,-7.197452024781575
2023-12-05 00:00:00,5.865435740669705,0.7377495567367462
2023-12-05 01:00:00,3.847880699097235,15.181105442603002
2023-12-05 02:00:00,4.805455449687136,16.338375415042698
2023-12-05 03:00:00,4.72668301396385,41.67964642326635
2023-12-05 04:00:00,4.6145081158614385,43.30298152772444
2023-12-05 05:00:00,4.139219303424349,39.724158140174026
2023-12-05 06:00:00,5.460378118535988,52.02204715233273
2023-12-05 07:00:00,5.354113589368066,44.726653541931775
2023-12-05 08:00:00,5.318232339581716,38.4985548151423
2023-12-05 09:00:00,4.886569831006303,36.887143510949336
2023-12-05 10:00:00,4.736600359800743,19.851920100800264
2023-12-05 11:00:00,4.517727232279419,15.64880979251004
2023-12-05 12:00:00,5.207479231204822,-1.9114343171411077
2023-12-05 13:00:00,4.5688502450346915,-13.430573169982072
2023-12-05 14:00:00,5.342793491323332,-22.93458422717211
2023-12-05 15:00:00,4.4667199906054815,-42.05235487304713
2023-12-05 16:00:00,5.767204159037784,-42.94649226540623
2023-12-05 17:00:00,4.949875130071723,-41.13341576525884
2023-12-05 18:00:00,4.781698831643049,-47.84815916358635
2023-12-05 19:00:00,4.739763387219112,-45.0185270310526
2023-12-05 20:00:00,5.598571369020326,-40.75903749179664
2023-12-05 21:00:00,5.207282878374132,-43.05369577632908
2023-12-05 22:00:00,6.022070038283201,-22.957998815883688
2023-12-05 23:00:00,5.5439979109130695,-13.111850241347803
2023-12-06 00:00:00,4.571626849214696,-2.442532601640946
2023-12-06 01:00:00,4.95740506101279,22.25227838984998
2023-12-06 02:00:00,5.078880978266334,11.449156513599442
2023-12-06 03:00:00,5.097227596068133,52.01528384564142
2023-12-06 04:00:00,5.672213423997041,47.83984368476218
2023-12-06 05:00:00,4.8377636446751096,52.66031021112063
2023-12-06 06:00:00,4.576317227419524,42.57097135332487
2023-12-06 07:00:00,5.320882411951096,46.56710555170073
2023-12-06 08:00:00,5.255528876867989,32.20453290163386
2023-12-06 09:00:00,4.705699761030582,31.721340653483423
2023-12-06 10:00:00,4.099389736763856,23.134740099599817
2023-12-06 11:00:00,6.0052002638735456,14.573202657376603
2023-12-06 12:00:00,5.706488352012761,-2.052832865876707
2023-12-06 13:00:00,4.580490434464532,-14.02373605681498
2023-12-06 14:00:00,4.929520722812575,-24.734359605758005
2023-12-06 15:00:00,4.986040235556512,-40.65540314440862
2023-12-06 16:00:00,5.305200892532062,-45.29570531289992
2023-12-06 17:00:00,4.858868426804148,-52.78777296122356
2023-12-06 18:00:00,4.794445027265755,-52.95691866579972
2023-12-06 19:00:00,4.9413936658892625,-49.94651350079165
2023-12-06 20:00:00,4.535494057192622,-41.96317355497142
2023-12-06 21:00:00,5.476137811770074,-36.59293448941339
2023-12-06 22:00:00,5.308778808036865,-27.07283963645925
2023-12-06 23:00:00,4.505811763273382,-18.942199075066586
2023-12-07 00:00:00,5.168877489206127,-7.096450083055067
2023-12-07 01:00:00,4.680215837486938,12.529542879412935
2023-12-07 02:00:00,5.069532293018852,23.14322533963154
2023-12-07 03:00:00,4.000931743730889,37.288356568246726
2023-12-07 04:00:00,4.880430504384043,35.00204630931838
2023-12-07 05:00:00,5.653431921710309,51.71873498669562
2023-12-07 06:00:00,4.466925607512544,46.238126166000335
2023-12-07 07:00:00,4.822056179384224,46.205522903055034
2023-12-07 08:00:00,5.629159621416236,44.43585178043771
2023-12-07 09:00:00,5.854313511457214,31.885316850960066
2023-12-07 10:00:00,5.383030622278742,17.5648755887335
2023-12-07 11:00:00,5.777816681552109,11.373391108896104
2023-12-07 12:00:00,5.5857448453906,-6.5222651610669855
2023-12-07 13:00:00,4.145749641967187,-20.543223542542602
2023-12-07 14:00:00,5.2812696317395975,-21.76406916706145
2023-12-07 15:00:00,5.119555475275228,-35.2076932466697
2023-12-07 16:00:00,4.4828637357117564,-41.95943630297465
2023-12-07 17:00:00,4.14820064712203,-45.47708102775406
2023-12-07 18:00:00,5.413821312975585,-48.43355791543276
2023-12-07 19:00:00,4.9414228969430525,-51.71410582610528
2023-12-07 20:00:00,5.067788195870427,-44.2847539114943
2023-12-07 21:00:00,5.3136698559543305,-39.197483372808634
2023-12-07 22:00:00,5.856986985852233,-23.337362111980482
2023-12-07 23:00:00,4.6797783058883455,-19.48010019016464
2023-12-08 00:00:00,4.822080616946642,-4.360639303837521
2023-12-08 01:00:00,4.840102026876626,13.20239011985985
2023-12-08 02:00:00,4.669237767574701,23.70111954807126
2023-12-08 03:00:00,5.926653256193237,30.038565734777727
2023-12-08 04:00:00,5.489633177568583,28.79293555308252
2023-12-08 05:00:00,5.326505498441909,46.298547386014945
2023-12-08 06:00:00,5.2895296550189395,49.68736440662874
2023-12-08 07:00:00,4.948289252609907,51.164498506483156
2023-12-08 08:00:00,3.84694350400183,41.34174663059209
2023-12-08 09:00:00,6.078123875510469,39.94834235883998
2023-12-08 10:00:00,4.851953691946932,28.9917280152239
2023-12-08 11:00:00,5.433228430804814,11.857276873907896
2023-12-08 12:00:00,5.5146796193252845,3.2537416631725447
2023-12-08 13:00:00,4.940486896107966,-8.808654971801783
2023-12-08 14:00:00,6.081290756312843,-27.525299808050235
2023-12-08 15:00:00,5.560791669663624,-37.99219975480812
2023-12-08 16:00:00,4.6586179546085065,-42.24867559755795
2023-12-08 17:00:00,5.468167655220308,-50.19010164877201
2023-12-08 18:00:00,5.604510203525866,-40.50866404629082
2023-12-08 19:00:00,5.002547057998899,-44.775343736274394
2023-12-08 20:00:00,5.343121870537179,-41.81959058449995
2023-12-08 21:00:00,4.924794989068817,-38.146232154023004
2023-12-08 22:00:00,4.784362169442042,-16.478484459358533
2023-12-08 23:00:00,5.086089293868089,-15.243669410746183
2023-12-09 00:00:00,5.087567539410855,2.0011366829299164
2023-12-09 01:00:00,4.894490238018149,18.306270459713208
2023-12-09 02:00:00,3.970963468030046,27.255362196781228
2023-12-09 03:00:00,5.799129689114193,31.852949543494248
2023-12-09 04:00:00,5.664036715035679,44.36798037693511
2023-12-09 05:00:00,4.599647267492254,47.25907780461419
2023-12-09 06:00:00,4.867326221758681,47.10901327877468
2023-12-09 07:00:00,4.52139535629331,54.889926632830296
2023-12-09 08:00:00,4.228320459763596,45.01982809787833
2023-12-09 09:00:00,4.501539953928987,39.30235669194554
2023-12-09 10:00:00,5.069078726015947,22.524311883224332
2023-12-09 11:00:00,5.2061257309610935,11.160433595812412
2023-12-09 12:00:00,4.536954599341465,-0.3218719350361265
2023-12-09 13:00:00,4.8722447386849925,-11.090894291978245
2023-12-09 14:00:00,5.152510139611163,-17.633270316103207
2023-12-09 15:00:00,4.692577817540896,-35.55058703022289
2023-12-09 16:00:00,5.260813732885341,-48.959484340103934
2023-12-09 17:00:00,4.5352051732597,-45.167544703610744
2023-12-09 18:00:00,6.02587682729895,-52.46653574976293
2023-12-09 19:00:00,4.705854849904518,-49.24807612489024
2023-12-09 20:00:00,4.849879955745848,-35.240286415715296
2023-12-09 21:00:00,4.477332751079193,-38.24810556120484
2023-12-09 22:00:00,3.9854455436794547,-27.6261760632621
2023-12-09 23:00:00,5.206101590104578,-16.510958767702427
2023-12-10 00:00:00,4.392196583363987,-4.806289115988254
2023-12-10 01:00:00,5.1179803968598625,9.86378375420583
2023-12-10 02:00:00,4.720054880024547,26.202612754651845
2023-12-10 03:00:00,5.614319442686007,23.694889603801332
2023-12-10 04:00:00,4.985567064556453,39.28287012047902
2023-12-10 05:00:00,4.233788413623023,46.77236958991848
2023-12-10 06:00:00,5.067655671395252,54.90864938987746
2023-12-10 07:00:00,6.254344501255118,58.1358658757972
2023-12-10 08:00:00,4.903828467187372,38.48881724731575
2023-12-10 09:00:00,4.750536825565226,38.259921434797064
2023-12-10 10:00:00,5.312575337582435,27.737756951900746
2023-12-10 11:00:00,4.700103013857813,12.593103593946593
2023-12-10 12:00:00,5.0354329633161345,8.777848339442505
2023-12-10 13:00:00,5.098018385332466,-13.55521176303699
2023-12-10 14:00:00,4.496699044694703,-21.676111494622
2023-12-10 15:00:00,5.419666096047373,-29.67534245082505
2023-12-10 16:00:00,5.558582448486683,-44.24322205313365
2023-12-10 17:00:00,4.617966730408176,-53.76009232206168
2023-12-10 18:00:00,5.379584179852178,-58.08219067799814
2023-12-10 19:00:00,5.429686148620299,-46.06157964297245
2023-12-10 20:00:00,4.994720339581344,-43.179804501643105
2023-12-10 21:00:00,5.748833192933181,-37.304235948361345
2023-12-10 22:00:00,5.821493976246932,-24.581234260267085
2023-12-10 23:00:00,4.717376712946926,-7.660878871455297
2023-12-11 00:00:00,5.235096074368872,3.8288167474549506
2023-12-11 01:00:00,5.265811929828344,11.224155079492306
2023-12-11 02:00:00,5.4484935879967,24.34224794873766
2023-12-11 03:00:00,5.26923044255869,40.77156551829869
2023-12-11 04:00:00,5.476521440225644,40.112572565146316
2023-12-11 05:00:00,5.1719014967574015,47.44723861143107
2023-12-11 06:00:00,6.186388888561588,54.09325565283251
2023-12-11 07:00:00,5.019877598918055,53.06287909823504
2023-12-11 08:00:00,4.552102611230781,42.78483806384285
2023-12-11 09:00:00,5.442966607890923,45.39524053276897
2023-12-11 10:00:00,4.870764751819572,25.70397877336919
2023-12-11 11:00:00,4.760415165087243,6.437413509747839
2023-12-11 12:00:00,5.002246861015854,5.546985188199873
2023-12-11 13:00:00,5.20953175502867,-15.590838149887404
2023-12-11 14:00:00,4.689598180106143,-21.585430452306024
2023-12-11 15:00:00,5.390146276412183,-34.37706526661008
2023-12-11 16:00:00,4.777939936256866,-29.74581934277099
2023-12-11 17:00:00,5.417243508943392,-50.30289647268465
2023-12-11 18:00:00,5.033965527952909,-50.1478692269127
2023-12-11 19:00:00,5.211545268012306,-48.62073593560305
2023-12-11 20:00:00,4.437330573446617,-44.47170335150408
2023-12-11 21:00:00,4.217229983398108,-41.409165630953986
2023-12-11 22:00:00,5.265517342656148,-31.39393618257295
2023-12-11 23:00:00,6.017423680733159,-14.614346303223819
2023-12-12 00:00:00,4.653708064770962,0.13728662474878497
2023-12-12 01:00:00,5.923692449255858,10.805069203921244
2023-12-12 02:00:00,5.252126767021956,23.032382150760224
2023-12-12 03:00:00,4.786188227526717,38.62533451596622
2023-12-12 04:00:00,4.857732852997532,41.03072873372493
2023-12-12 05:00:00,5.2520607711740395,41.046545263093705
2023-12-12 06:00:00,5.780874686090054,53.07847723103102
2023-12-12 07:00:00,5.271980450547435,53.726685369303844
2023-12-12 08:00:00,5.009905966419254,46.07492917884408
2023-12-12 09:00:00,5.214078184411986,33.26138653542668
2023-12-12 10:00:00,4.513351359517217,24.222630441377685
2023-12-12 11:00:00,4.694850781096585,11.013001384180356
2023-12-12 12:00:00,5.179912078640896,2.194982420663589
2023-12-12 13:00:00,5.121031746198528,-7.005145232371653
2023-12-12 14:00:00,4.997860165789046,-23.011593255088858
2023-12-12 15:00:00,5.111631054449774,-35.52265913963037
2023-12-12 16:00:00,4.918018381271244,-42.99823940269158
2023-12-12 17:00:00,4.454336524255586,-46.27802748938713
2023-12-12 18:00:00,4.5601571471660485,-40.905621532943314
2023-12-12 19:00:00,5.318427793850944,-44.38956817973862
2023-12-12 20:00:00,5.84348528063181,-48.14669839861547
2023-12-12 21:00:00,5.232251954379043,-40.180659093209066
2023-12-12 22:00:00,4.560738762838582,-16.003044013059473
2023-12-12 23:00:00,5.528219121227369,-9.356773725115026
2023-12-13 00:00:00,5.037228572259137,-5.150133704534805
2023-12-13 01:00:00,5.377300422546768,8.653162964333376
2023-12-13 02:00:00,5.061779823195684,24.84048190273417
2023-12-13 03:00:00,5.553070245490732,41.01086209396111
2023-12-13 04:00:00,5.411744434365927,38.73519317976148
2023-12-13 05:00:00,4.37618063425176,50.123377271749085
2023-12-13 06:00:00,5.43474876259978,56.94995222738808
2023-12-13 07:00:00,5.070692919201134,44.58320625146949
2023-12-13 08:00:00,4.953898756681071,41.59454298831149
2023-12-13 09:00:00,5.335299218044248,47.595519091705654
2023-12-13 10:00:00,5.246929858524055,24.453298542417592
2023-12-13 11:00:00,4.718450215049462,12.410298687108629
2023-12-13 12:00:00,5.22723478482874,0.4390983775015028
2023-12-13 13:00:00,4.272059658859543,-13.500763023833896
2023-12-13 14:00:00,5.454302232119693,-21.08128768701015
2023-12-13 15:00:00,5.2194229504561145,-34.122092500740884
2023-12-13 16:00:00,5.257405683150911,-45.852812668625916
2023-12-13 17:00:00,4.77515958518796,-51.14077491235701
2023-12-13 18:00:00,6.556420585251408,-48.441013460635176
2023-12-13 19:00:00,5.546186247019902,-54.2582734980868
2023-12-13 20:00:00,4.916275201174045,-39.050920174542924
2023-12-13 21:00:00,5.306688611597102,-24.255817009897196
2023-12-13 22:00:00,5.284208443061724,-23.944466486824407
2023-12-13 23:00:00,5.216609698434477,-20.21119550268584
2023-12-14 00:00:00,3.3593903407508723,-0.6240877698793713
2023-12-14 01:00:00,5.157116396059114,10.634755143098207
2023-12-14 02:00:00,5.523770486387416,25.527700322383623
2023-12-14 03:00:00,4.76693339964984,35.2222077678371
2023-12-14 04:00:00,4.247066808713827,49.59317865638594
2023-12-14 05:00:00,4.748367974600594,45.85469128624979
2023-12-14 06:00:00,5.068697654397196,49.73324555871919
2023-12-14 07:00:00,5.890789425532375,43.71330355414853
2023-12-14 08:00:00,5.116045696280329,45.00638784595503
2023-12-14 09:00:00,4.727351413025357,39.708167239852784
2023-12-14 10:00:00,5.5460678121114295,31.91940842330727
2023-12-14 11:00:00,4.862490597222217,14.877027003441457
2023-12-14 12:00:00,4.32839746528417,1.2987687882734367
2023-12-14 13:00:00,4.6277725583670435,-16.783584756112816
2023-12-14 14:00:00,5.326087451635801,-35.61138717721583
2023-12-14 15:00:00,4.5944131184617625,-38.13998389408922
2023-12-14 16:00:00,5.509904145736976,-44.498613925402026
2023-12-14 17:00:00,5.938027878057456,-48.883074961519775
2023-12-14 18:00:00,5.714902041984258,-58.00340444268228
2023-12-14 19:00:00,4.7677236937376,-49.68609277484806
2023-12-14 20:00:00,4.403765653227676,-54.010092745778515
2023-12-14 21:00:00,3.913387291489011,-41.799445839563845
2023-12-14 22:00:00,4.805079006234729,-19.546566168197437
2023-12-14 23:00:00,3.9722133633257233,-6.365071058170476
2023-12-15 00:00:00,5.195299438539015,-0.7515814637244702
2023-12-15 01:00:00,5.7871563383767946,14.139832834607443
2023-12-15 02:00:00,5.183041087400766,26.961427572690607
2023-12-15 03:00:00,4.753935460631714,37.30956993199157
2023-12-15 04:00:00,5.647803318055182,38.822669138261936
2023-12-15 05:00:00,4.722293475902716,49.08962361510474
2023-12-15 06:00:00,4.832137494528811,51.296018687485144
2023-12-15 07:00:00,4.931455967966761,49.42682040876398
2023-12-15 08:00:00,4.577324842310887,39.4890998543019
2023-12-15 09:00:00,4.9834453935471945,29.646098602393664
2023-12-15 10:00:00,5.5486086454916554,23.999851563182723
2023-12-15 11:00:00,5.023349380362441,6.068071882292206
2023-12-15 12:00:00,4.326037179910738,-4.001976621286466
2023-12-15 13:00:00,5.0770488863800605,-10.622385342845504
2023-12-15 14:00:00,5.231901786866221,-19.618352388969633
2023-12-15 15:00:00,4.828196574865478,-31.043138171709046
2023-12-15 16:00:00,4.9362436382062755,-46.609973977923154
2023-12-15 17:00:00,5.599951446821426,-50.291912107173815
2023-12-15 18:00:00,4.855807478515425,-52.36429058926391
2023-12-15 19:00:00,5.173967435987873,-47.3094391324477
2023-12-15 20:00:00,5.124088565289758,-47.654269490640445
2023-12-15 21:00:00,4.215825179548819,-35.10549598241047
2023-12-15 22:00:00,4.429212607904343,-25.56003148085686
2023-12-15 23:00:00,4.942280079682133,-9.98013757592409
2023-12-16 00:00:00,5.33122434146859,-5.6220555398209875
2023-12-16 01:00:00,5.858308257689847,8.147997071328515
2023-12-16 02:00:00,4.215976146690148,26.512438031044553
2023-12-16 03:00:00,4.272441121794998,35.986659078958716
2023-12-16 04:00:00,4.960719127729456,37.543416518495235
2023-12-16 05:00:00,5.297153578142763,38.96183688733443
2023-12-16 06:00:00,4.536778158056438,52.61497765845792
2023-12-16 07:00:00,5.1804960362081,48.894534872368
2023-12-16 08:00:00,5.434761366829681,42.0674405194468
2023-12-16 09:00:00,5.407356834218514,37.93018346623874
2023-12-16 10:00:00,6.119305772409996,20.953735348187262
2023-12-16 11:00:00,4.696375235342844,15.009969778518135
2023-12-16 12:00:00,3.8192070903606203,5.350464840076376
2023-12-16 13:00:00,4.651120345781476,-11.009748040523219
2023-12-16 14:00:00,5.504830725004342,-31.72519615156507
2023-12-16 15:00:00,5.568081668004538,-30.894799722420796
2023-12-16 16:00:00,4.185452584976204,-48.85600740425268
2023-12-16 17:00:00,5.744299007768983,-50.07620308460422
2023-12-16 18:00:00,4.207564345019733,-47.885486525084005
2023-12-16 19:00:00,4.824960925158583,-44.58366790147947
2023-12-16 20:00:00,5.265070387741105,-43.54891591268034
2023-12-16 21:00:00,4.805462040017403,-25.122287243521484
2023-12-16 22:00:00,5.2602706698432335,-30.98743421233594
2023-12-16 23:00:00,4.787963320481048,-2.751572502961473
2023-12-17 00:00:00,5.088055140271349,-8.89617138107544
2023-12-17 01:00:00,4.347589865399219,12.724695148434465
2023-12-17 02:00:00,5.791852312095328,17.283299012269595
2023-12-17 03:00:00,4.927739443490862,37.005014767533396
2023-12-17 04:00:00,4.842422997819465,35.58580717513837
2023-12-17 05:00:00,5.248139787752568,50.57108209189132
2023-12-17 06:00:00,4.34273090150906,46.88243043764575
2023-12-17 07:00:00,4.906971403481115,39.59427646169711
2023-12-17 08:00:00,4.388588972624726,50.85909534601392
2023-12-17 09:00:00,4.61781513711537,38.78617688530177
2023-12-17 10:00:00,4.966803234959342,27.50960069886017
2023-12-17 11:00:00,5.244085396697915,22.07765507105978
2023-12-17 12:00:00,4.743136646828471,-2.2401006131536345
2023-12-17 13:00:00,4.8504712578721945,-6.901216834926584
2023-12-17 14:00:00,5.366549634132677,-30.092426132835733
2023-12-17 15:00:00,4.861431767641041,-35.31476367529711
2023-12-17 16:00:00,4.632512598941805,-51.44766611143371
2023-12-17 17:00:00,5.213795648521576,-38.972094812320975
2023-12-17 18:00:00,5.011237798865967,-51.18294707942553
2023-12-17 19:00:00,4.947908941400311,-52.07381409060749
2023-12-17 20:00:00,5.578527843967155,-33.73886007344987
2023-12-17 21:00:00,4.780315878307528,-32.13870486199404
2023-12-17 22:00:00,5.337150863642377,-28.80904695636196
2023-12-17 23:00:00,3.886827102898221,-15.754459166693708
2023-12-18 00:00:00,4.849785499280016,1.0391267887994955
2023-12-18 01:00:00,5.027763030031049,25.19851346371614
2023-12-18 02:00:00,4.923510996378474,20.945298452526647
2023-12-18 03:00:00,4.634094662608205,38.961845977118706
2023-12-18 04:00:00,4.235720546917846,41.80111253051165
2023-12-18 05:00:00,4.700178641619682,53.08109792494157
2023-12-18 06:00:00,4.741298959367111,48.479527329830326
2023-12-18 07:00:00,5.098184563313587,47.51571892355819
2023-12-18 08:00:00,5.500335723373527,35.14401565093476
2023-12-18 09:00:00,4.453248247296396,34.60864515310667
2023-12-18 10:00:00,5.157940793025063,38.16000402993279
2023-12-18 11:00:00,4.704629795907082,7.360700728383421
2023-12-18 12:00:00,5.340809089780685,-1.0874076417150205
2023-12-18 13:00:00,5.497239628991327,-12.808830680432678
2023-12-18 14:00:00,5.333060946904267,-19.937975265282923
2023-12-18 15:00:00,5.263273707614765,-35.157038106721075
2023-12-18 16:00:00,3.889971962516066,-36.92857660525589
2023-12-18 17:00:00,4.749883378090129,-52.50150295993123
2023-12-18 18:00:00,5.447722879556812,-50.02555627541109
2023-12-18 19:00:00,5.902620661826065,-48.572868651320896
2023-12-18 20:00:00,5.438998162957112,-46.217341550255256
2023-12-18 21:00:00,5.291007193329155,-35.27210985126931
2023-12-18 22:00:00,5.04616550376444,-28.857591406444516
2023-12-18 23:00:00,4.775399187797779,-9.02185124108423
2023-12-19 00:00:00,5.757684874953177,-6.493447041687817
2023-12-19 01:00:00,5.262805838253312,5.203072405757663
2023-12-19 02:00:00,4.899013996700063,19.983674313157024
2023-12-19 03:00:00,5.149611605932623,35.687797851058356
2023-12-19 04:00:00,5.133736666562787,45.50748117926281
2023-12-19 05:00:00,5.209019155422189,45.01734453008106
2023-12-19 06:00:00,5.377009630465194,52.733993823369076
2023-12-19 07:00:00,4.397011093524272,34.61141699545887
2023-12-19 08:00:00,4.403760601432991,41.362407278129254
2023-12-19 09:00:00,5.598094905159036,32.643972550015995
2023-12-19 10:00:00,4.6288985822071185,26.696119593652547
2023-12-19 11:00:00,4.889862742790407,18.086204633234
2023-12-19 12:00:00,5.203629708804863,13.394394892960893
2023-12-19 13:00:00,5.011159247927775,-13.50881131735762
2023-12-19 14:00:00,5.072742669206165,-44.996661245140245
2023-12-19 15:00:00,4.707197685189598,-34.93900726613919
2023-12-19 16:00:00,5.839953827213674,-44.56323477804715
2023-12-19 17:00:00,5.351886710481548,-46.33388184956077
2023-12-19 18:00:00,5.021036633893628,-47.701509934426674
2023-12-19 19:00:00,6.22583855380596,-51.25096181382609
2023-12-19 20:00:00,4.689714974804719,-49.55110800888924
2023-12-19 21:00:00,5.2537364112376785,-32.19847879144912
2023-12-19 22:00:00,5.0954547390934835,-19.111407693202416
2023-12-19 23:00:00,5.190190005893549,-9.865145050110252
2023-12-20 00:00:00,5.14944037426863,2.633968599401059
2023-12-20 01:00:00,6.383274469442934,13.427431392556317
2023-12-20 02:00:00,5.194304373153744,29.672963664939182
2023-12-20 03:00:00,5.2326800794920185,29.485405710417112
2023-12-20 04:00:00,4.569590988905381,45.15943047191135
2023-12-20 05:00:00,4.78944930936548,44.211199920666566
2023-12-20 06:00:00,5.249744696822497,42.78685806778034
2023-12-20 07:00:00,4.855339365899169,54.09242262673946
2023-12-20 08:00:00,5.3305916708358865,39.638560347987955
2023-12-20 09:00:00,4.911433519395376,37.3701654450447
2023-12-20 10:00:00,4.676095306354075,28.9452323155732
2023-12-20 11:00:00,4.16429589007967,13.417269787311223
2023-12-20 12:00:00,5.65226788144751,-4.294118342532377
2023-12-20 13:00:00,4.84451114848774,-5.360096119496667
2023-12-20 14:00:00,4.88874371773582,-33.19162552358293
2023-12-20 15:00:00,5.429792258450416,-34.311858642027715
2023-12-20 16:00:00,4.702196088226685,-33.37794724075198
2023-12-20 17:00:00,5.827733937175279,-40.32880418605235
2023-12-20 18:00:00,5.217557342997575,-53.42954347226637
2023-12-20 19:00:00,5.601248166401907,-41.97124282793735
2023-12-20 20:00:00,5.461866651506712,-48.080561151581996
2023-12-20 21:00:00,5.395148856526011,-39.18781447841376
2023-12-20 22:00:00,4.763739801170224,-22.12533772875151
2023-12-20 23:00:00,4.469847427535474,-18.115152065956202
2023-12-21 00:00:00,5.486254613715854,-3.82926633744408
2023-12-21 01:00:00,4.226410958113624,11.617484555044372
2023-12-21 02:00:00,4.3580423711209315,26.096456358674267
2023-12-21 03:00:00,4.877738788543417,34.56292280157409
2023-12-21 04:00:00,4.865344681953589,41.68535156706851
2023-12-21 05:00:00,4.385013249406571,43.53570520500802
2023-12-21 06:00:00,4.907601800806238,40.31132668714261
2023-12-21 07:00:00,4.945536975758723,42.622358919724746
2023-12-21 08:00:00,4.813782422848797,49.40338326242747
2023-12-21 09:00:00,5.088939801010094,36.514498870701885
2023-12-21 10:00:00,3.8322162440920713,26.40193258595956
2023-12-21 11:00:00,5.44091247272929,17.777192756978817
2023-12-21 12:00:00,5.886641419574832,-1.372429194244445
2023-12-21 13:00:00,4.909286859404257,-9.177908984472744
2023-12-21 14:00:00,5.039251318044578,-21.14502306065953
2023-12-21 15:00:00,4.847915037269227,-39.21819284658928
2023-12-21 16:00:00,5.254951415783288,-39.4160605770492
2023-12-21 17:00:00,5.418461449376107,-46.74253944968781
2023-12-21 18:00:00,4.431333293923908,-54.25044790974947
2023-12-21 19:00:00,4.760928305633787,-39.254840916783074
2023-12-21 20:00:00,4.556669790467114,-38.89280204464039
2023-12-21 21:00:00,5.690754540344791,-40.30648808081522
2023-12-21 22:00:00,4.997535607897034,-25.299939084122425
2023-12-21 23:00:00,4.848750491744506,-16.175828939230435
2023-12-22 00:00:00,5.325128091647492,7.48577709080409
2023-12-22 01:00:00,4.811025652802669,9.24062845113395
2023-12-22 02:00:00,4.679430024946718,27.880759012981827
2023-12-22 03:00:00,4.211782403050539,30.83496263195258
2023-12-22 04:00:00,5.636257247298381,51.74590828938858
2023-12-22 05:00:00,5.200422636946667,51.454186059003945
2023-12-22 06:00:00,4.768437708620853,52.9916920353607
2023-12-22 07:00:00,6.14216385192666,49.70535633247404
2023-12-22 08:00:00,5.292595257461854,43.63196868187976
2023-12-22 09:00:00,4.63622777987257,24.18048981483473
2023-12-22 10:00:00,5.956079160484974,27.875237914783643
2023-12-22 11:00:00,4.920678359005045,13.505933286231839
2023-12-22 12:00:00,4.821979387617333,-6.4736236087162276
2023-12-22 13:00:00,4.978852085043513,-11.883970291437379
2023-12-22 14:00:00,5.216213683474874,-30.92724535934086
2023-12-22 15:00:00,4.801186685191687,-26.678973389037825
2023-12-22 16:00:00,5.903885199217991,-42.95474008353394
2023-12-22 17:00:00,4.877228163305927,-48.27904230050338
2023-12-22 18:00:00,4.808581468256938,-47.05259827680093
2023-12-22 19:00:00,4.4509076763317035,-50.54484715024246
2023-12-22 20:00:00,5.059516411616424,-44.102873323774205
2023-12-22 21:00:00,4.003133871552947,-37.28546781638053
2023-12-22 22:00:00,4.489627298309498,-28.978934750870373
2023-12-22 23:00:00,5.1764293077653605,-16.55042983628983
2023-12-23 00:00:00,5.077913539598807,-0.13790298243297558
2023-12-23 01:00:00,5.139792732508821,11.283719861951901
2023-12-23 02:00:00,4.955571114022539,26.61842191382692
2023-12-23 03:00:00,4.6440468393567516,28.975401422737466
2023-12-23 04:00:00,3.452914875130059,38.67438581436423
2023-12-23 05:00:00,5.02341991179717,48.76884069951041
2023-12-23 06:00:00,4.065334395314438,53.594829037299654
2023-12-23 07:00:00,4.38894059828014,46.967454576496955
2023-12-23 08:00:00,5.176068878026353,41.920505517399086
2023-12-23 09:00:00,5.216468002214387,35.34140913255804
2023-12-23 10:00:00,5.27813492083276,25.470353110905723
2023-12-23 11:00:00,4.693396336216685,20.99349899881433
2023-12-23 12:00:00,4.850103625527683,2.6405838132701978
2023-12-23 13:00:00,5.059218734640114,-16.089205450915564
2023-12-23 14:00:00,5.0454610858132645,-23.76356961221332
2023-12-23 15:00:00,5.00275092867465,-34.49009449991028
2023-12-23 16:00:00,4.491866188052507,-51.184552527112054
2023-12-23 17:00:00,4.705094638823787,-60.084423772327725
2023-12-23 18:00:00,5.183263331687477,-46.38390533239653
2023-12-23 19:00:00,5.325695620535444,-53.042566120226056
2023-12-23 20:00:00,5.11693244952479,-37.51686258011302
2023-12-23 21:00:00,5.119390309884573,-33.55063003417877
2023-12-23 22:00:00,6.01936524379372,-25.41807129793917
2023-12-23 23:00:00,5.690545325955945,-13.513996360553998
2023-12-24 00:00:00,4.776399828196217,-1.8039046741169176
2023-12-24 01:00:00,5.967157552488012,6.188977323882915
2023-12-24 02:00:00,5.430886430439989,22.77779319576357
2023-12-24 03:00:00,5.840359894601388,28.23531772832256
2023-12-24 04:00:00,5.342458572183171,47.69764552812157
2023-12-24 05:00:00,4.651506357168458,50.629145553122335
2023-12-24 06:00:00,5.312745924829541,48.98570384967218
2023-12-24 07:00:00,4.7887546619599775,49.86219003708035
2023-12-24 08:00:00,5.412584647929974,48.48229525110583
2023-12-24 09:00:00,4.259912140036714,24.446727743068216
2023-12-24 10:00:00,5.187978320002372,23.96812971544392
2023-12-24 11:00:00,5.1957722495019185,11.71315897561133
2023-12-24 12:00:00,5.563524997395439,0.033435809971438996
2023-12-24 13:00:00,5.480899887703504,-15.893717942674797
2023-12-24 14:00:00,4.797178296318161,-21.857502766628393
2023-12-24 15:00:00,4.728199141228892,-30.75351846904141
2023-12-24 16:00:00,4.677646940047069,-44.13354464952982
2023-12-24 17:00:00,4.871502882547047,-43.23122994976101
2023-12-24 18:00:00,4.896698320853979,-47.75974761282608
2023-12-24 19:00:00,5.484144342864091,-49.64741781314046
2023-12-24 20:00:00,4.043004633246069,-42.48403056348608
2023-12-24 21:00:00,4.261897632074355,-37.07253761087626
2023-12-24 22:00:00,4.295922763959979,-22.390926123488526
2023-12-24 23:00:00,4.938485834139937,-7.787725085665723
2023-12-25 00:00:00,5.293046229005296,4.235657768726998
2023-12-25 01:00:00,5.177252918469747,14.387589468027356
2023-12-25 02:00:00,4.517080377342253,31.220453764333755
2023-12-25 03:00:00,5.471530478489817,34.6391961469513
2023-12-25 04:00:00,5.564519400970738,47.133880249862
2023-12-25 05:00:00,5.378922657445861,43.59993960202728
2023-12-25 06:00:00,4.767022826063137,52.92310743197986
2023-12-25 07:00:00,4.994925394110828,51.08516226952587
2023-12-25 08:00:00,5.504872572486547,41.8702090204638
2023-12-25 09:00:00,4.980588687180588,37.81263746008556
2023-12-25 10:00:00,5.070070982216322,24.843290352370136
2023-12-25 11:00:00,5.1931269257679835,21.68797133678389
2023-12-25 12:00:00,4.908215296425323,1.2693849961885921
2023-12-25 13:00:00,4.75597221950126,-26.459843174155335
2023-12-25 14:00:00,5.2107170127735465,-31.113752817751926
2023-12-25 15:00:00,5.348028981150307,-35.35827895530648
2023-12-25 16:00:00,4.37588405831534,-50.8389189304357
2023-12-25 17:00:00,4.983791349212426,-49.08811994694344
2023-12-25 18:00:00,4.547436885772141,-45.74272269111385
2023-12-25 19:00:00,4.982082246366757,-44.082962189356905
2023-12-25 20:00:00,5.656631804053546,-39.62304050557792
2023-12-25 21:00:00,5.270933877820385,-44.42324236162224
2023-12-25 22:00:00,4.915543405224079,-20.756834242264866
2023-12-25 23:00:00,6.0353249516454275,-11.765796245447135
2023-12-26 00:00:00,4.158213121922812,11.79776315312693
2023-12-26 01:00:00,4.72596644508861,10.31559180246212
2023-12-26 02:00:00,5.077880548168803,28.714911065815084
2023-12-26 03:00:00,4.503356762449766,32.41021579998266
2023-12-26 04:00:00,4.283171910965928,39.97289893609309
2023-12-26 05:00:00,5.508596411537299,52.005175513809235
2023-12-26 06:00:00,5.800211763310572,42.47830702532639
2023-12-26 07:00:00,4.691775702008849,43.072773446554855
2023-12-26 08:00:00,6.138659373687042,44.21792210090989
2023-12-26 09:00:00,3.80081996457674,32.84052150194744
2023-12-26 10:00:00,5.057746417820346,26.221281613391458
2023-12-26 11:00:00,4.435587559963916,13.792826741560116
2023-12-26 12:00:00,4.987813607317117,-1.2200531927744382
2023-12-26 13:00:00,5.035107943257241,-23.26080619982407
2023-12-26 14:00:00,4.951100754106746,-24.198932678842016
2023-12-26 15:00:00,4.36433332203093,-31.138502841231684
2023-12-26 16:00:00,5.063554027224331,-40.98861504791919
2023-12-26 17:00:00,5.002427611429518,-57.380292804358895
2023-12-26 18:00:00,5.110279449339891,-53.122436171247216
2023-12-26 19:00:00,4.268415288342892,-44.06587334492026
2023-12-26 20:00:00,5.683002709648931,-36.51439620614211
2023-12-26 21:00:00,4.64913703727001,-35.388427203890714
2023-12-26 22:00:00,5.180466979028761,-33.48465849185973
2023-12-26 23:00:00,5.256622237852838,-16.78836921520928
2023-12-27 00:00:00,5.266631215107599,-4.001329318543225
2023-12-27 01:00:00,4.4516772201911206,13.55587365942953
2023-12-27 02:00:00,4.012219888280536,24.963090458842057
2023-12-27 03:00:00,5.849448688395272,32.86609221016799
2023-12-27 04:00:00,5.573123499847555,33.516994686634014
2023-12-27 05:00:00,5.842707563928537,42.77988804420864
2023-12-27 06:00:00,5.012835726470387,51.68204088448788
2023-12-27 07:00:00,5.4247272622719365,46.599169035495834
2023-12-27 08:00:00,4.5205946336763825,41.80743018013798
2023-12-27 09:00:00,5.174394906018977,29.086505701446633
2023-12-27 10:00:00,5.006530689501097,31.301398819000934
2023-12-27 11:00:00,5.143635134577604,0.5291794405506014
2023-12-27 12:00:00,4.983209409161723,7.831454680984936
2023-12-27 13:00:00,5.506540920602918,-10.78255680618092
2023-12-27 14:00:00,4.528660871561584,-27.951496315834454
2023-12-27 15:00:00,4.7949838157613405,-37.1308259594216
2023-12-27 16:00:00,5.020261743257848,-44.38419232813845
2023-12-27 17:00:00,5.390120742897473,-45.41956907286568
2023-12-27 18:00:00,5.268413985956847,-50.79295981654205
2023-12-27 19:00:00,5.6479990371002415,-41.523951484094006
2023-12-27 20:00:00,5.8617162127899975,-49.466775460069144
2023-12-27 21:00:00,5.353080971580464,-31.732539208054366
2023-12-27 22:00:00,5.1248703819188695,-20.65089875034093
2023-12-27 23:00:00,4.427909212401952,-18.10835986743402
2023-12-28 00:00:00,4.227371471541695,1.1088962531606736
2023-12-28 01:00:00,4.272804960834493,13.043436377856132
2023-12-28 02:00:00,4.484993016424277,27.39698665347646
2023-12-28 03:00:00,5.313546759634892,36.28829209842623
2023-12-28 04:00:00,4.300614666374461,42.69089956140113
2023-12-28 05:00:00,5.68586261310009,47.268449913207654
2023-12-28 06:00:00,5.00963120819615,49.34960378069813
2023-12-28 07:00:00,4.41955456631426,44.556933309783666
2023-12-28 08:00:00,5.782428659324107,39.90121546302645
2023-12-28 09:00:00,5.648485900012641,34.15887437912162
2023-12-28 10:00:00,5.472957458882427,28.49244365318053
2023-12-28 11:00:00,5.05116639935357,8.666463326224605
2023-12-28 12:00:00,5.3054933900376025,3.0152710210878286
2023-12-28 13:00:00,4.116683808255439,-23.030929385988046
2023-12-28 14:00:00,4.67016670276968,-28.768760110920592
2023-12-28 15:00:00,4.7015064233879125,-33.09730632027446
2023-12-28 16:00:00,4.113698679354396,-36.275032934952556
2023-12-28 17:00:00,4.9272524251324885,-45.60093723250571
2023-12-28 18:00:00,5.139583648474592,-52.941203079599006
2023-12-28 19:00:00,4.5533882528671015,-42.28145819084402
2023-12-28 20:00:00,4.888961092678453,-41.84213540626767
2023-12-28 21:00:00,4.740727492355521,-36.345129348854954
2023-12-28 22:00:00,4.368645331599174,-26.125146963402248
2023-12-28 23:00:00,5.281031316386616,-10.942465736869359
2023-12-29 00:00:00,5.475158387843541,2.1877939289054176
2023-12-29 01:00:00,5.405978394429557,6.982052558527323
2023-12-29 02:00:00,4.996212857735916,23.21392889193296
2023-12-29 03:00:00,4.517859127140112,34.40590480949236
2023-12-29 04:00:00,4.816809061168116,40.211576437645355
2023-12-29 05:00:00,5.4076998612280915,54.61444796077348
2023-12-29 06:00:00,5.176378538504208,53.0851790735215
2023-12-29 07:00:00,4.427619727946962,42.87408383196059
2023-12-29 08:00:00,5.062262968997853,50.27001090337279
2023-12-29 09:00:00,4.983996974428521,39.14625105399286
2023-12-29 10:00:00,4.827871168545826,21.17446975044296
2023-12-29 11:00:00,5.010005516050141,8.092477759200595
2023-12-29 12:00:00,4.579147732466776,-0.9526156991833133
2023-12-29 13:00:00,5.47676261502226,-20.21307947050053
2023-12-29 14:00:00,5.123020621062308,-19.327832025491976
2023-12-29 15:00:00,5.520426733438847,-38.07274348546958
2023-12-29 16:00:00,4.312239596435696,-39.94958954911176
2023-12-29 17:00:00,5.034156039916513,-48.9262909051112
2023-12-29 18:00:00,5.880028875805912,-52.454379503982246
2023-12-29 19:00:00,4.673233948486181,-46.701975773321955
2023-12-29 20:00:00,5.526929595497391,-42.6023565448766
2023-12-29 21:00:00,5.072564960272296,-36.808797668816496
2023-12-29 22:00:00,5.540712781929902,-25.82104588541579
2023-12-29 23:00:00,4.752198128845158,-8.986568992443868
2023-12-30 00:00:00,5.668257118328538,-4.237728780481865
2023-12-30 01:00:00,5.280064753408386,22.38359674259949
2023-12-30 02:00:00,4.521685833354862,25.812545855596962
2023-12-30 03:00:00,5.423750689222127,35.382926471670565
2023-12-30 04:00:00,5.569947218300355,45.22759344350629
2023-12-30 05:00:00,5.643337049199233,47.117184512821375
2023-12-30 06:00:00,4.3556894734471365,45.33706548635483
2023-12-30 07:00:00,5.104835284034408,50.48625544952259
2023-12-30 08:00:00,6.120847133318415,43.3229356366264
2023-12-30 09:00:00,5.17303207343625,38.793181772102436
2023-12-30 10:00:00,4.018134554717615,25.206292106650803
2023-12-30 11:00:00,5.302296082305733,9.546205912487363
2023-12-30 12:00:00,5.476400443545271,-1.491625868576895
2023-12-30 13:00:00,5.694089023839623,-9.058651935206363
2023-12-30 14:00:00,4.6978657566278645,-26.557265910055076
2023-12-30 15:00:00,4.335792220914353,-29.808967248087512
2023-12-30 16:00:00,5.5899675030453775,-46.35602022404665
2023-12-30 17:00:00,4.952463657653459,-48.701606314790205
2023-12-30 18:00:00,4.890951723625686,-42.88758186511299
2023-12-30 19:00:00,4.561268956769349,-46.59394213844154
2023-12-30 20:00:00,5.138740035071422,-36.29071041760354
2023-12-30 21:00:00,4.678703705439186,-29.762137442643176
2023-12-30 22:00:00,4.187732385113271,-37.788585984923756
2023-12-30 23:00:00,4.640498552214648,-16.36431950247118
2023-12-31 00:00:00,4.654721899030436,9.228750787168956
