Timestamp,Wind_Speed_ms,Wind_Power_MW,Solar_Irradiance_Wm2,Solar_Power_MW,Total_Renewable_MW,Load_Demand_MW,Renewable_Penetration_%,Voltage_pu,Frequency_Hz,Harmonics_THD_%,Power_Factor
2023-01-01 00:00:00,6.993428306022466,12.313255234747901,0.0,9.56,21.8732552347479,488.3378208128099,4.479123734127564,0.9885332032156811,60.106377398378555,4.983346105663356,0.9365798578842099
2023-01-01 01:00:00,5.749651004152752,6.842691398713531,0.0,9.56,16.402691398713532,494.4128254955648,3.3176104164111484,0.994470204888265,59.90461109115867,3.394807467461085,0.9408577895849342
2023-01-01 02:00:00,7.347734295513235,14.281138480258846,0.0,9.56,23.84113848025885,412.36020123964016,5.781629363985043,1.0271716573923566,60.04532545012858,4.151040433932248,0.9388212555639167
2023-01-01 03:00:00,9.12459055773967,27.34907599141324,0.0,9.56,36.90907599141324,442.31230575366334,8.344573621690955,0.992916424889286,59.923812437102825,4.850529283313929,0.9369375333483466
2023-01-01 04:00:00,5.636391740660831,6.446233165850512,0.0,9.56,16.006233165850514,399.32450788588903,4.008327275125436,0.9771288108046899,60.03854697750335,3.2937931377555585,0.9411298209934769
2023-01-01 05:00:00,5.662584248197646,6.536519036644751,0.0,9.56,16.09651903664475,355.9979932546203,4.521519598884941,1.0108329137570118,59.84652126709049,4.9417083957354,0.9366919881622924
2023-01-01 06:00:00,9.315433499743614,29.10125445972968,0.0,9.56,38.66125445972968,354.3192409568501,10.911418289146186,1.0269328686286896,59.95468170243704,4.89495446879125,0.9368178964036142
2023-01-01 07:00:00,7.718015076910389,16.550814402717382,186.23618858566672,29.17998246749999,45.730796870217375,395.331491478657,11.56770908868672,0.9747757629629538,59.915378671471224,4.769143974116525,0.9371567038399016
2023-01-01 08:00:00,5.270320649362472,5.27003642568928,419.58970652184985,53.76377558207688,59.03381200776616,350.04376102302206,16.864694812796152,1.0394562150943618,60.088323257530895,3.4291130426600045,0.9407654047325134
2023-01-01 09:00:00,7.3204973743554635,14.122912498833884,687.8494787775446,82.02494258921433,96.14785508804822,328.23400277031254,29.292472527695235,1.0083035320464615,60.04622624644542,4.268110112021967,0.9385059871310001
2023-01-01 10:00:00,5.33463184261805,5.465323325143588,746.1766152765277,88.1697064193822,93.63502974452578,323.1650870133113,28.974364344211764,1.0206778157813678,59.876742394538454,4.52178294592248,0.9378228466447329
2023-01-01 11:00:00,5.356077750420158,5.53150257589672,820.4030658503644,95.9894629873359,101.52096556323262,390.3598759608737,26.00701860388136,1.0293414327008663,59.97968192633791,4.97205585639286,0.9366102625052256
2023-01-01 12:00:00,6.797509932935029,11.307121357325798,731.6421099869891,86.6384962871293,97.9456176444551,401.7837832869191,24.377693107267806,1.0194523528541548,59.922768215727714,3.3608476441627406,0.9409492433281075
2023-01-01 13:00:00,2.513049151988125,0.5713542332837569,866.4683380061582,100.84243940894876,101.41379364223252,440.8771422189932,23.002733399106027,0.9977892880598463,60.095025719386854,4.532051799038593,0.9377951926417273
2023-01-01 14:00:00,2.915772365189377,0.8924077790878248,819.8064491324892,95.92660941610774,96.81901719519556,402.04168368590325,24.081835571765197,1.0243539628838283,60.12715241476539,3.677602339854226,0.9400962235012902
2023-01-01 15:00:00,5.2670035181782096,5.260091830545275,575.6740169328737,70.20725768387824,75.46734951442352,436.6225168001056,17.284346686356066,1.0050919953974184,59.85583548534892,3.3512529311360044,0.9409750818730628
2023-01-01 16:00:00,4.391857062211349,3.0496295840922283,466.34177763879904,58.68910627424748,61.73873585833971,530.3148018541555,11.641903194570606,1.0218096944981527,60.08267029743815,3.8427538824277097,0.9396514706936416
2023-01-01 17:00:00,7.07192289857938,12.732540088014446,256.0608095476495,36.53600628584488,49.26854637385932,526.5593533986334,9.356693800206871,1.0239975096756138,59.91767039307423,4.5876718242972325,0.9376454080135622
2023-01-01 18:00:00,4.653255244078271,3.627213566490261,9.321153419864417e-14,9.560000000000011,13.187213566490271,548.5129917921693,2.404175245403647,0.9781820682005447,59.97470832272807,3.9296996074081045,0.9394173260123659
2023-01-01 19:00:00,3.6705354149114497,1.7802900182189898,0.0,9.56,11.34029001821899,513.6203975422667,2.207912706053653,1.01588602263954,60.0032254229061,4.075046200406097,0.9390259078983677
2023-01-01 20:00:00,9.4522420708439,30.402339664247208,0.0,9.56,39.96233966424721,516.478809926731,7.737459678145629,0.9963621616297326,60.18166061635555,4.990318820400242,0.9365610803759419
2023-01-01 21:00:00,6.09515397550337,8.151856845407464,0.0,9.56,17.711856845407464,572.238768251268,3.0951864550411328,1.0027638127356804,59.89961502729691,3.7982185991148523,0.9397714041316476
2023-01-01 22:00:00,6.707483395505482,10.863788936979205,0.0,9.56,20.423788936979207,563.6622958979968,3.6234087476866113,1.0025418549768559,60.083474972264334,4.230801509418479,0.9386064591308299
2023-01-01 23:00:00,3.748607430824678,1.8963233208635681,0.0,9.56,11.456323320863568,483.9695193843816,2.367158025868288,1.001739404351507,59.882849559183036,3.7304884032307437,0.9399538014275652
2023-01-02 00:00:00,5.534969623402913,6.104473686631179,0.0,9.56,15.66447368663118,496.61888512441465,3.1542243269115433,1.0304705062445807,59.875940641515925,3.78557129265741,0.9398054633052313
2023-01-02 01:00:00,6.8711640212340415,11.678671638300434,0.0,9.56,21.238671638300435,507.62411538887875,4.183936695369564,0.9726710474621187,60.00284634484191,4.391281506890817,0.9381742867857518
2023-01-02 02:00:00,4.372866008186989,3.0102392276768914,0.0,9.56,12.570239227676892,461.0195463987198,2.7266174126173226,0.9655531328626042,60.00217294909897,4.875773952189767,0.9368695495003866
2023-01-02 03:00:00,7.45173212825906,14.896155758662399,0.0,9.56,24.456155758662398,434.5127891183671,5.628408730680701,0.9613341985666886,59.716768168153074,4.084717900984643,0.9389998620260737
2023-01-02 04:00:00,5.524488306961393,6.0698600357493415,0.0,9.56,15.629860035749342,397.45865260717824,3.932449308430796,1.0213828852787183,60.11595962893755,4.5367998578975595,0.9377824061277444
2023-01-02 05:00:00,6.1677525125767705,8.446627021120404,0.0,9.56,18.006627021120405,400.23630643293427,4.498998899325914,0.9845312501626468,59.78608858755692,3.1784131176339274,0.941440539180519
2023-01-02 06:00:00,5.573043910848768,6.231317721912005,0.0,9.56,15.791317721912005,363.7566173425701,4.341176756391604,1.0026437293902977,59.98540625638867,3.422316074863854,0.9407837089545856
2023-01-02 07:00:00,10.506271497252646,41.74921932878994,205.7685180068716,31.237713372023926,72.98693270081387,355.5453902808161,20.5281617188645,0.9977056575175084,60.132761545160534,4.004263281839065,0.9392165261709899
2023-01-02 08:00:00,6.7999176179751295,11.319140595742562,478.5768885498129,59.978075208722785,71.29721580446535,393.95175539698914,18.097956114605562,0.9822724971872004,60.22091839666887,3.04002344725755,0.9418132223143871
2023-01-02 09:00:00,4.7366241761999675,3.825685657399293,687.19675888198,81.9561785482166,85.78186420561589,386.75147034247186,22.180100344455134,1.017029544751114,59.963695013631146,3.5057099575251174,0.9405591293782986
2023-01-02 10:00:00,8.522204938374589,22.282218156704147,678.1596787964339,81.00412216120431,103.28634031790845,412.9438200675201,25.012201490512727,0.9974507406356523,59.85670509163829,4.0348025796499325,0.9391342838968134
2023-01-02 11:00:00,4.460430098570775,3.1947193627692196,961.1507157639954,110.81722790573691,114.01194726850613,364.81831882086607,31.25170568106492,0.9952452984592323,60.1290548225768,3.0299223965126014,0.9418404244259085
2023-01-02 12:00:00,7.344778173134353,14.263908756476665,742.2134584146274,87.752187843981,102.01609660045767,435.2964182948929,23.436006434435342,1.004657426154805,60.08651565501203,3.5290925724520834,0.9404961600382798
2023-01-02 13:00:00,3.032573721455725,1.0040066808310804,734.6877238298518,86.95935170547489,87.96335838630597,521.3872217547231,16.87102305466295,1.0144154416967643,59.95110077104215,4.028061638951739,0.9391524372380115
2023-01-02 14:00:00,4.320332365574609,2.903046395385103,654.0807998855774,78.46741226794558,81.37045866333068,473.831825471432,17.17285633618475,0.980820475129311,59.93842625417908,4.146298495962491,0.9388340255943559
2023-01-02 15:00:00,7.39514304943956,14.559358454807825,684.6186027078513,81.68456979527214,96.24392825007996,535.624374707421,17.968549004636348,1.0174583669466657,59.92826078363406,4.851503386110611,0.9369349100912641
2023-01-02 16:00:00,8.502993589967828,22.131867210216008,448.14388284874417,56.771958058115196,78.9038252683312,559.4802054632327,14.103059321464505,1.028997070395467,59.965541346426534,4.290691246501216,0.9384451761763881
2023-01-02 17:00:00,7.3933587061583435,14.548822096513282,192.98357717364235,29.890819855243222,44.439641951756506,581.666636358693,7.6400534556965995,0.9714775526247765,60.03160681424016,3.8294716050599877,0.9396872398427468
2023-01-02 18:00:00,6.8438072838594195,11.539734468487524,1.019024958871473e-13,9.560000000000011,21.099734468487533,576.6023909901636,3.659321362204944,1.0055659795825567,59.943398541726324,4.860702354266135,0.9369101372865364
2023-01-02 19:00:00,6.497296288994314,9.874168097626889,0.0,9.56,19.434168097626888,598.5751621112332,3.2467381421375174,0.9939015557528534,59.95604197244378,4.569765966775589,0.937693628455721
2023-01-02 20:00:00,4.166775799512881,2.6043712961128556,0.0,9.56,12.164371296112856,605.9704086003902,2.007420019767781,1.013984611614403,60.064127901941056,3.400017842225495,0.9408437580550479
2023-01-02 21:00:00,5.708361880305851,6.696332233484586,0.0,9.56,16.256332233484585,600.6559634783375,2.7064298403608316,0.975666815749463,59.85175858589411,3.2616847226976393,0.9412162888975826
2023-01-02 22:00:00,6.250915843548246,8.792926781166168,0.0,9.56,18.35292678116617,538.079995173042,3.4108175263538687,1.0325787645128714,59.96240642800864,4.351623271485466,0.9382810863424987
2023-01-02 23:00:00,9.31049165921357,29.054964350199164,0.0,9.56,38.614964350199166,504.48914364233514,7.654270629374693,0.9678421038714187,59.83240589809009,4.119766331153968,0.9389054766665512
2023-01-03 00:00:00,7.907446508364323,17.79964287661808,0.0,9.56,27.359642876618082,527.4840678209573,5.186818815142812,0.9951143812044693,60.01084124733529,4.579347227585512,0.9376678261375614
2023-01-03 01:00:00,3.7179994172432496,1.8502501703309282,0.0,9.56,11.41025017033093,541.8686788621737,2.1057224038655256,1.008685921519907,59.80605945918581,4.4776101001573725,0.9379418040390735
2023-01-03 02:00:00,7.916022724011689,17.8576208343473,0.0,9.56,27.417620834347304,541.9093761560808,5.059447583067925,0.9862732630613035,60.089001012682644,4.25042306771503,0.9385536183095645
2023-01-03 03:00:00,6.521368729592252,9.984326413465746,0.0,9.56,19.544326413465747,465.0773312878018,4.2023820768359945,0.9831319690308592,59.8685362604208,4.972764343257785,0.9366083545513704
2023-01-03 04:00:00,5.961269439755315,7.626385526720287,0.0,9.56,17.186385526720287,501.8106878809336,3.424874348391352,1.0044447127326104,59.822742143463856,4.067179460220817,0.9390470930155633
2023-01-03 05:00:00,8.561946017011163,22.595395977838077,0.0,9.56,32.155395977838076,438.31264076951015,7.336178103689969,1.0015551983998217,59.963638670409836,3.22621151300344,0.9413118181876029
2023-01-03 06:00:00,9.423970544210542,30.130355843481752,0.0,9.56,39.690355843481754,422.7063774091352,9.389580561039342,1.000118763388303,60.17111072916771,4.656547129631977,0.9374599269399497
2023-01-03 07:00:00,9.247806077937499,28.47204382280151,214.36607341740097,32.14346583452319,60.6155096573247,402.4157816181066,15.062905687642475,1.0171737702293124,60.07111924534216,3.503706724691418,0.9405645240807232
2023-01-03 08:00:00,5.729979641912395,6.77269842343059,374.3350108673718,48.99619339487762,55.76889181830821,367.54798335291326,15.173227536052043,0.9921105461314396,59.807768589454604,4.554604296287836,0.9377344588071242
2023-01-03 09:00:00,6.813051529076396,11.384855471588244,497.6492056912245,61.9873438195705,73.37219929115874,434.37841534753403,16.89130875263581,1.0063918529959002,59.865687473235546,4.914214192000102,0.9367660300035904
2023-01-03 10:00:00,8.11695572354614,19.25227389984229,751.6465752321764,88.74596670070977,107.99824060055207,488.8690651301147,22.091444990860253,0.9898679438344837,59.96043996267543,4.393591027928682,0.9381680672497432
2023-01-03 11:00:00,9.42836093455512,30.172486384992542,828.9767531373643,96.89270094302132,127.06518732801386,451.5009602987698,28.142838775787222,0.9830134102834118,60.22383531617709,4.192060321899602,0.938710789079265
2023-01-03 12:00:00,6.54165152430942,10.077776371085452,915.8060867107475,106.04017123497725,116.1179476060627,418.5726248725559,27.74140990262263,0.9943048274301997,59.90610458520311,3.920772351350081,0.9394413670969028
2023-01-03 13:00:00,7.151297135554478,13.166094583089352,934.1250520438631,107.97007423282098,121.13616881591032,521.6199539616428,23.223070339985128,0.9900246962561273,59.906911475629684,3.7288197319908063,0.9399582951562186
2023-01-03 14:00:00,5.332444276718106,5.4586026066689355,626.8482185076939,75.59845981978555,81.05706242645448,475.34763442031186,17.05216489092322,0.9910239239767443,60.15274293868802,3.7060095019436723,0.9400197230647837
2023-01-03 15:00:00,5.175082445986504,4.989468900444165,650.1485854507323,78.05315347723464,83.04262237767881,513.702446723978,16.165510385878925,1.0233065483560433,60.019490720526235,4.272745411419181,0.9384935042780452
2023-01-03 16:00:00,9.214809437488011,28.168360877932617,378.1117916146373,49.394077246602045,77.56243812453467,566.9414289539944,13.680855581084835,0.9949179309192889,60.10530000272988,4.502546233875492,0.9378746510757392
2023-01-03 17:00:00,10.324378882182117,39.61816006014004,247.8071011998745,35.666478111406775,75.28463817154682,598.4875553982622,12.579148470589137,0.9867418665544027,59.9272900459824,4.357034138968829,0.9382665148860803
2023-01-03 18:00:00,7.4898968618844135,15.126206078276219,1.1581718125678655e-13,9.560000000000013,24.686206078276232,580.4341944668406,4.253058540245344,1.0005615754809598,59.989836415227096,3.3968202023871257,0.9408523692933919
2023-01-03 19:00:00,9.662876751720223,32.480433838514784,0.0,9.56,42.04043383851479,612.3646750553289,6.865261101926937,1.0020845587825682,60.13156318621883,3.9879743602869824,0.9392603922074857
2023-01-03 20:00:00,8.40085076050751,21.34382786007985,0.0,9.56,30.90382786007985,645.546446146222,4.7872353793548506,0.9762623754081186,59.98551591232642,4.583280144366126,0.9376572347997321
2023-01-03 21:00:00,6.40897920156425,9.476960869171394,0.0,9.56,19.036960869171395,646.2495232965489,2.9457601410772374,0.9940318745615231,60.11230531975264,3.9514081563781125,0.9393588649289637
2023-01-03 22:00:00,8.443520520069965,21.670712489399044,0.0,9.56,31.230712489399046,648.2378071562733,4.817786334679201,0.993226313518028,60.03872673004345,4.073246559470988,0.9390307543281751
2023-01-03 23:00:00,10.818182000064757,45.57905864753228,0.0,9.56,55.13905864753228,652.0848118108611,8.455810908156149,0.9965571145258305,59.89603709215811,4.5422720963416445,0.937767669399439
2023-01-04 00:00:00,7.691703678657516,16.382121217217286,0.0,9.56,25.942121217217284,608.0430752589248,4.266493982547252,1.0145105674607597,59.9983682787654,4.3225306125301834,0.9383594328208343
2023-01-04 01:00:00,10.913755671882036,46.79777247037141,0.0,9.56,56.357772470371415,553.126204687216,10.188953622662089,1.0027334374232577,60.0981383992275,3.818689841764785,0.939716275111944
2023-01-04 02:00:00,2.565954861276656,0.6082043718028669,0.0,9.56,10.168204371802867,559.5258093427803,1.8172896052367007,1.0245587469477067,60.06694161911869,4.790825422388438,0.9370983157386308
2023-01-04 03:00:00,9.47008929577661,30.574877313721412,0.0,9.56,40.13487731372141,521.8659781189945,7.69064836500416,0.9997667928822237,59.99597471015792,3.325134137326957,0.9410454197378987
2023-01-04 04:00:00,8.021078562453317,18.57807924103608,0.0,9.56,28.13807924103608,498.9374049348788,5.639601072745519,1.0355217456076014,59.81082856110285,4.9910328971806495,0.9365591573684542
2023-01-04 05:00:00,7.269529208981124,13.829973833593105,0.0,9.56,23.389973833593103,468.352281042587,4.994098412742922,0.990784499725367,59.82040085185903,3.237705156952474,0.9412808658250831
2023-01-04 06:00:00,8.071482726220516,18.930516603080566,0.0,9.56,28.490516603080565,419.78223216603004,6.786975345781702,0.9846087523766975,59.84166944103729,3.029899942208478,0.9418404848953092
2023-01-04 07:00:00,3.9330968316315067,2.190314191129671,245.30699925834227,35.40309237186636,37.59340656299603,406.31092074552646,9.252374140969957,1.0109460534955395,59.94895577932334,4.78003780229753,0.9371273667801682
2023-01-04 08:00:00,7.4890190533845935,15.120888372406707,365.09562177852996,48.02282375436813,63.143712126774844,430.8328495768369,14.656197220985925,1.0272816387493005,59.962288212630654,3.4899070167319124,0.9406016866694832
2023-01-04 09:00:00,8.662569288014044,23.401444442607264,545.8597303588338,67.06632259330313,90.46776703591038,441.6211152555755,20.485380773415866,0.9724239339082955,59.852458859890596,4.459399254893442,0.9379908458126747
2023-01-04 10:00:00,10.923965176454553,46.92922927877615,643.1031875767604,77.31092081121172,124.24015008998786,426.76062754269594,29.112374026949816,0.9960601870357138,60.102251279369604,4.622030749864138,0.9375528794886961
2023-01-04 11:00:00,6.951319708099918,12.092171289003423,776.9737570471545,91.41418530491772,103.50635659392114,475.7359759486937,21.757100960782477,0.9877843610982826,59.873623092277946,4.717972782064233,0.9372945077682291
2023-01-04 12:00:00,6.390404613290198,9.394800687698535,835.1052936716238,97.53834268830556,106.9331433760041,546.1693727302668,19.578751338884484,1.0028570202598417,59.862944095793296,4.983188471328333,0.9365802823931911
2023-01-04 13:00:00,7.023256535677907,12.471482934677477,893.1412878858372,103.65243467877293,116.12391761345042,455.53456952049135,25.491790389406834,1.0002003584699881,60.0088235753886,3.588079420079998,0.9403373085635188
2023-01-04 14:00:00,9.876799315591644,34.685757970067556,775.3908876852313,91.24743001763912,125.93318798770667,551.213729936004,22.846525975020167,1.0269076249525544,60.09739051199932,4.420486683854518,0.9380956372966215
2023-01-04 15:00:00,8.72256594640063,23.891052658781547,626.6935870395175,75.58216939461316,99.47322205339471,557.649061492619,17.83796099058105,0.9978319041425043,60.20548546198132,3.2307997165616564,0.941299462163658
2023-01-04 16:00:00,7.024454703842914,12.477866931826485,402.8562419914481,52.000905093799055,64.47877202562555,597.2660622691309,10.79565307639581,1.0274956819794046,60.058254505450314,3.8136185827136986,0.939729932003464
2023-01-04 17:00:00,9.129262659126265,27.39110848352388,246.50812722973984,35.52963120365309,62.92073968717697,591.5356327139373,10.636846912923843,0.9936979932796263,60.157982971872364,4.6959433866251805,0.9373538328905964
2023-01-04 18:00:00,8.315475442255723,20.699685959079144,1.0304008557131627e-13,9.560000000000011,30.259685959079157,615.9671394361201,4.912548741931271,1.0185296375021042,59.87879433482735,3.7353160921182167,0.9399408004700586
2023-01-04 19:00:00,10.077041328528322,36.83847300537759,0.0,9.56,46.39847300537759,634.223991768241,7.315786474115691,1.0045732605627344,60.2159739260661,4.182190761071228,0.9387373677888566
2023-01-04 20:00:00,6.753913213261248,11.090954609663068,0.0,9.56,20.650954609663067,624.6973791030334,3.305753361622002,1.0345977079736688,59.81385155494445,4.007546887449268,0.9392076834269768
2023-01-04 21:00:00,7.520798819841326,15.314203553076247,0.0,9.56,24.87420355307625,584.7227387169011,4.254016802503609,0.9704597027437114,59.949616074611235,4.29190306222409,0.9384419127588219
2023-01-04 22:00:00,7.409844798593196,14.646364419325176,0.0,9.56,24.206364419325176,613.3314850682016,3.9467017442669627,0.9767228456448035,60.056065251957875,4.945788778775389,0.9366809996980914
2023-01-04 23:00:00,5.284802114166135,5.313597953925783,0.0,9.56,14.873597953925785,561.9640648818602,2.6467169136611273,1.0366324456931677,59.83947829843041,3.1114710530028042,0.9416208140403873
2023-01-05 00:00:00,8.821675030561334,24.71471842271633,0.0,9.56,34.27471842271633,576.2899802732873,5.947477762230506,0.985334698130273,59.907294990807465,4.147923035003259,0.9388296507136357
2023-01-05 01:00:00,8.768977706726785,24.27445000347116,0.0,9.56,33.83445000347116,476.6097384337864,7.0989841950473815,0.9866039328384828,59.891407747071035,4.726057558500569,0.937272735479801
2023-01-05 02:00:00,8.274355653953238,20.39412388272539,0.0,9.56,29.95412388272539,537.5538183395546,5.572302318538156,0.9824855282900029,59.968977899275025,3.962765423496855,0.939328279829003
2023-01-05 03:00:00,7.8120436300498,17.1631295730283,0.0,9.56,26.723129573028302,493.6991724517302,5.412836614718261,1.0229689191306746,60.142158285667264,3.1570543718831456,0.9414980582444799
2023-01-05 04:00:00,5.467391845256106,5.8835995055632875,0.0,9.56,15.443599505563288,469.69584542789477,3.2880000229710586,0.9749308477354975,60.00168250662878,4.1210787048335416,0.9389019424465883
2023-01-05 05:00:00,7.473583104632443,15.027581957391046,0.0,9.56,24.587581957391045,371.05421280178797,6.626412289388394,1.0004490082455533,59.953693605576596,3.6641477816476407,0.9401324566023851
2023-01-05 06:00:00,7.646008851317373,16.091883882604186,0.0,9.56,25.65188388260419,410.23366343468734,6.252993395966927,0.9946875635643893,59.71156756328218,3.309883570675872,0.9410864894865102
2023-01-05 07:00:00,6.743269932114004,11.038603526666316,231.09035619428832,33.905369025068275,44.94397255173459,444.7085071867669,10.106389202232913,1.0207303116700888,60.04667552048386,4.698069026566946,0.9373481085460494
2023-01-05 08:00:00,8.041460837488149,18.72006509138518,454.12258602647455,57.401814437889094,76.12187952927428,391.1359475849691,19.461744694979185,0.9887263467533671,60.07900154089782,4.0431990259822435,0.9391116722819149
2023-01-05 09:00:00,9.188161734502783,27.924692182376617,603.7252425374979,73.1624543013254,101.08714648370201,377.75973982805965,26.75964001079433,1.0083054515822656,59.82999802321898,4.866552824758133,0.936894381980005
2023-01-05 10:00:00,12.16827833256294,64.86193578257267,685.5398232689031,81.78162038137893,146.6435561639516,400.9915437272627,36.57023656930089,0.9765756765324546,59.993302764027746,4.612033009206138,0.937579803386339
2023-01-05 11:00:00,8.760726207515331,24.20598859651244,737.7676868879402,87.2838258136445,111.48981441015694,433.935180158043,25.692734654413446,1.045478820773544,60.019300819033205,4.3859435875473345,0.9381886617929605
2023-01-05 12:00:00,8.942151764570372,25.741189386052092,709.9568063687278,84.35394955094547,110.09513893699756,431.1530734464936,25.535046765858308,0.9952081535069258,60.09646017573037,3.010051006730624,0.9418939380429157
2023-01-05 13:00:00,8.293454723536623,20.535672749938023,764.2249820321582,90.07110185708785,110.60677460702587,517.8267994083046,21.359801140730998,1.0001752696977073,59.927523154175454,3.8556469132765,0.9396167497847131
2023-01-05 14:00:00,4.619913702268892,3.54980167860036,775.9144534711546,91.30258767318614,94.8523893517865,504.75416105616614,18.791799388699218,1.0330950871770108,59.91246396389152,3.394972563304065,0.9408573449821255
2023-01-05 15:00:00,8.419350814967615,21.485146464005084,694.0192568140635,82.6749287053616,104.16007516936668,515.9090110276921,20.18962122058685,0.9882665445138958,59.954350270153164,4.821595822097736,0.9370154511074567
2023-01-05 16:00:00,8.607573137547178,22.958561083879555,480.6806723394577,60.19970883096187,83.15826991484143,517.6538811508105,16.064454057597324,1.0333476468587723,60.12844370527774,3.3491679693527203,0.9409806966714019
2023-01-05 17:00:00,13.428141691172076,87.16662810251131,240.65497775662766,34.913001906660725,122.07963000917204,591.9382632329008,20.623709868395387,0.9917705765172408,60.10438454421727,3.572120103318571,0.940380286974905
2023-01-05 18:00:00,8.131289774274027,19.354449161483295,1.1469236139665631e-13,9.560000000000013,28.914449161483308,607.1467161756626,4.762349592140039,1.0134339636764251,59.99786546978276,4.033673535468998,0.9391373244107657
2023-01-05 19:00:00,9.133269022105882,27.42718594984755,0.0,9.56,36.98718594984755,579.5205023992439,6.382377464941921,0.988546367196814,60.10197765271883,3.5267272379961585,0.940502529879723
2023-01-05 20:00:00,8.474720749058791,21.91183206254982,0.0,9.56,31.471832062549822,539.6043161064536,5.832390720970629,0.9728792710971053,59.76313087931479,3.4197293545582426,0.9407906749877246
2023-01-05 21:00:00,6.220564417823212,8.66546507563861,0.0,9.56,18.22546507563861,615.6096352720612,2.960555526000513,1.0082918870108124,60.07916542060935,4.198198650205505,0.9386942585721575
2023-01-05 22:00:00,10.857147531136379,46.0733423024217,0.0,9.56,55.6333423024217,587.6926255964917,9.466401291994334,1.0127980680196706,59.888123383718614,3.177859045510048,0.9414420312957539
2023-01-05 23:00:00,10.088753546698126,36.96707084038974,0.0,9.56,46.52707084038974,587.4870001123027,7.919676662036051,0.9736822851534752,60.17670244943959,3.1163355174418497,0.9416077140463863
2023-01-06 00:00:00,10.18014010543941,37.98077007557902,0.0,9.56,47.54077007557902,572.0210490533113,8.311017602282028,0.9938588336218258,59.89357552880668,3.744490590372143,0.9399160935627321
2023-01-06 01:00:00,6.792292178230221,11.28110336930541,0.0,9.56,20.841103369305408,488.3827622431024,4.267370796132098,1.0240151792307381,59.91472378347664,4.441328909015724,0.9380395092216811
2023-01-06 02:00:00,11.429447743290385,53.74997168004167,0.0,9.56,63.30997168004167,447.89065453883893,14.135140137100525,1.0120023790159323,60.05624237301312,4.1096135165478955,0.9389328181780577
2023-01-06 03:00:00,5.8327492124013345,7.143686903855337,0.0,9.56,16.70368690385534,403.00424950441976,4.144791754527677,0.992095699964319,60.0658954134781,3.8457529369335575,0.9396433942452417
2023-01-06 04:00:00,9.82255696617732,34.11741901622511,0.0,9.56,43.67741901622511,403.93315929927064,10.813031317358346,0.9880494859673109,59.95536679212328,4.131503128449165,0.9388738694925067
2023-01-06 05:00:00,13.041943751154623,79.86003002921878,0.0,9.56,89.42003002921878,397.4124554139366,22.50056051617223,1.0389648865026955,60.0371404034423,3.7309029693065474,0.9399526850018675
2023-01-06 06:00:00,6.6919469223037265,10.788472621108724,0.0,9.56,20.348472621108726,378.302495283641,5.37888934775648,0.9710613586039428,60.04953798153285,4.872292670864226,0.9368789245847462
2023-01-06 07:00:00,7.5522076256005315,15.506874213585352,189.77031104313497,29.55230226839427,45.05917648197962,418.41719061722836,10.768959185331404,0.9988160285118279,60.039311465605806,3.1098097818215487,0.941625287840696
2023-01-06 08:00:00,8.895684869072785,25.341987330752143,413.38226424679164,53.1098215383995,78.45180886915165,378.2783800081004,20.739173321898992,0.9707060625261211,59.95954450824416,4.34678295805967,0.9382941212978644
2023-01-06 09:00:00,7.700804544817183,16.440340296225838,503.889526667842,62.64476163445716,79.085101930683,362.66920426999894,21.806401260308263,1.0262962928968857,60.05052110240857,4.782565329655501,0.937120560153531
2023-01-06 10:00:00,5.617596498977684,6.381960694926662,798.4505121337922,93.67676145329501,100.05872214822168,355.5064553006741,28.145402328516298,0.9998575277558333,60.14063704050165,4.607769417470507,0.9375912852312284
2023-01-06 11:00:00,8.867009762241684,25.09770790785231,942.1862340862228,108.81931976098357,133.91702766883589,400.59531783896693,33.429503967060455,1.0035634816953887,59.877451152078116,3.3680820696428935,0.9409297610332776
2023-01-06 12:00:00,6.616028945475593,10.425447139300685,784.0111988651468,92.15557980044322,102.58102693974391,386.0955682926423,26.56881750634141,1.0553778461925523,59.91599399644582,3.5918526979605767,0.9403271471329607
2023-01-06 13:00:00,9.698365084425737,32.83961724573468,924.8763964225084,106.99572836311125,139.83534560884593,442.81884092000723,31.57845436710007,0.9881305464852721,60.002725563236055,4.43409587741421,0.9380589877627983
2023-01-06 14:00:00,6.922666091889713,11.943253591559552,682.1383059577888,81.42327053265305,93.3665241242126,477.92823085126736,19.535678810584542,1.0349715182811707,59.8943775959332,3.168541118361531,0.941467124456836
2023-01-06 15:00:00,11.871507407568938,60.23100423887027,688.1782740508174,82.05958117125361,142.29058541012387,482.69415087123076,29.478415090238578,0.9921853617118362,59.81965962657728,4.6237233996651685,0.9375483211858209
2023-01-06 16:00:00,7.215044979027887,13.52133675842322,463.09428553951756,58.34698298158817,71.86831974001139,494.3972197221679,14.536554186206507,0.995329750848302,60.1093122975882,4.437813889209581,0.9380489751637084
2023-01-06 17:00:00,8.147129671534724,19.467778076539307,243.67089258535947,35.23072853386762,54.69850661040692,468.45758574272975,11.676298618088033,1.052763505132412,59.777121173397376,4.459213298470685,0.9379913465929873
2023-01-06 18:00:00,10.427775714230945,40.82042720447077,8.638682606070768e-14,9.56000000000001,50.38042720447078,584.2234552151778,8.62348588622053,0.9967781924547665,59.959761730247564,3.2004827405351826,0.9413811057256682
2023-01-06 19:00:00,6.348287934877282,9.210269757455292,0.0,9.56,18.770269757455292,571.9974073803875,3.281530565569987,0.972512571914095,60.07589443197587,4.435521089632462,0.9380551496688533
2023-01-06 20:00:00,9.273997731565984,28.714645350720456,0.0,9.56,38.274645350720455,576.1343314916656,6.643354380847922,1.0056383757625262,60.02666997895021,4.35963625043994,0.9382595074045602
2023-01-06 21:00:00,11.442209981841392,53.93022611288053,0.0,9.56,63.490226112880535,513.05782559971,12.374867499324704,0.99654526349666,59.961275063402105,4.661844981643701,0.9374456598339935
2023-01-06 22:00:00,5.621589257675495,6.39557848218123,0.0,9.56,15.955578482181231,591.3035144147677,2.6983736935798506,1.007341916834677,59.89025604234651,3.0831919125129392,0.9416969697149561
2023-01-06 23:00:00,9.214238682683208,28.163127053520196,0.0,9.56,37.723127053520194,520.0599851642345,7.253610762152228,0.9973280441334446,60.034386781314794,3.0462213369355844,0.9417965314086115
2023-01-07 00:00:00,9.372935137382308,29.64349019100754,0.0,9.56,39.20349019100754,477.58974530992424,8.208612219168788,1.0443108923240954,59.901160556153314,3.7460141997571217,0.9399119904853938
2023-01-07 01:00:00,10.4247965957993,40.78545115075061,0.0,9.56,50.34545115075061,430.05690323859613,11.706695270234714,1.0111347167767186,60.02659325863183,3.2975765676983055,0.9411196322234336
2023-01-07 02:00:00,6.395012846132943,9.415139614037564,0.0,9.56,18.975139614037566,382.64523245071337,4.9589379416824855,0.9785007074454837,60.014091764823476,4.116768955140444,0.9389135485947744
2023-01-07 03:00:00,6.2355459784360265,8.728225507966288,0.0,9.56,18.28822550796629,445.0920892323637,4.108863300515498,1.002490936040477,60.015103290905515,4.834697803013498,0.9369801674963729
2023-01-07 04:00:00,9.927668219048751,35.224453579644795,0.0,9.56,44.7844535796448,424.8515254728376,10.541201077200332,0.9840074035166593,59.93596812408206,3.7829594606680317,0.9398124969640896
2023-01-07 05:00:00,9.48486070609224,30.718172334738433,0.0,9.56,40.278172334738436,360.57708173165423,11.170474879131097,0.9950457231499409,60.20350091093348,4.689900754545208,0.9373701056879392
2023-01-07 06:00:00,9.398763179558959,29.8892227238581,0.0,9.56,39.4492227238581,329.26952691827444,11.980830140303114,0.9817911857886635,60.035820663387035,3.0004817490357327,0.941919708036708
2023-01-07 07:00:00,9.597339340128274,31.82402104625612,217.57115473061697,32.4811211508705,64.30514219712663,328.34969668797424,19.584346459206518,1.0421423704641204,59.972129107578034,3.3370292869183684,0.9410133861214047
2023-01-07 08:00:00,7.550837735671008,15.498437399249099,395.189789114,51.1932442831599,66.691681682409,325.76515468984235,20.47231900720182,0.9861723076964356,60.02642705730618,3.0608470793081715,0.9417571443106602
2023-01-07 09:00:00,9.381617155515036,29.725941562877598,621.9055372467838,75.07774834894867,104.80368991182627,303.66523009661404,34.51290418678554,1.0137512870398828,59.922553835607566,3.6562943610301373,0.9401536058500085
2023-01-07 10:00:00,9.50925514095307,30.95579777214195,683.4424303813639,81.56066004067668,112.51645781281863,340.88340754914975,33.00731432538136,0.9935304115624675,59.961369550152206,4.816379191393006,0.9370294994845789
2023-01-07 11:00:00,7.500185185307064,15.188625028518457,763.0579630830281,89.94815641079701,105.13678143931547,370.1359860602838,28.404906682646068,0.9768317365485442,60.23919199321195,3.1939042471979757,0.9413988215964147
2023-01-07 12:00:00,12.66599182449093,73.15097362443802,922.957959619481,106.79362104591232,179.94459467035034,416.79832182037137,43.17306122645607,1.00395298605799,59.92326191935577,4.2128195534876,0.9386548845058682
2023-01-07 13:00:00,9.887439955686064,34.79798352614214,690.0988009890349,82.26190868419482,117.05989221033695,410.79902480106813,28.495659712684056,1.0080138367417142,59.992222729973555,3.9029918782388884,0.9394892498790693
2023-01-07 14:00:00,6.5622745559376945,10.173389933502342,840.7967834849339,98.13794114013778,108.31133107364013,388.96305312392576,27.84617464403015,1.0111725306550903,59.95438951502502,4.876936424731625,0.9368664189639184
2023-01-07 15:00:00,10.262871939959524,38.91430067684335,675.7672163132805,80.7520762386041,119.66637691544744,472.7419447971212,25.31325562126768,0.9475556169091811,59.89603660571752,3.2450382850741875,0.9412611177242167
2023-01-07 16:00:00,7.00505991858198,12.374796449498266,450.1707024839609,56.985483506685284,69.36027995618355,478.57568754081626,14.493063847976611,0.9753030857266182,60.04210849902198,3.424055701004458,0.9407790241445122
2023-01-07 17:00:00,10.533026012096597,42.068978896444584,227.23444366458816,33.49914864006436,75.56812753650894,548.0765733290796,13.787877682401113,1.0191510943804376,60.003647217665424,3.0590839372229865,0.9417618924491301
2023-01-07 18:00:00,11.28025617980022,51.67248991000374,1.1850793788685207e-13,9.560000000000013,61.23248991000375,565.7398788306729,10.82343532801066,0.9815278607478242,60.09110273089999,3.8678704992627475,0.9395838316895976
2023-01-07 19:00:00,7.325682953382329,14.15294626488261,0.0,9.56,23.71294626488261,576.7798163878346,4.111264921402469,1.0040588810062023,60.081057792033,3.555665799129309,0.9404245983865458
2023-01-07 20:00:00,10.897556464713356,46.58969685421681,0.0,9.56,56.14969685421681,519.4059663297104,10.810368092416926,0.9748395060954242,60.0900707719042,4.739811867780642,0.9372356951496033
2023-01-07 21:00:00,9.799896437994427,33.88183783308975,0.0,9.56,43.44183783308975,592.5418392199423,7.331438044995978,1.0146320220431688,59.9081796627149,4.20988162639551,0.9386627963382527
2023-01-07 22:00:00,10.621758774912946,43.141158492390325,0.0,9.56,52.70115849239033,533.3844199162239,9.880520788490191,1.0186253919199115,60.06409607992031,4.228181475951404,0.9386135148762529
2023-01-07 23:00:00,12.774301532337656,75.04365715180815,0.0,9.56,84.60365715180815,555.7556946796226,15.223174132399985,1.0146381981234474,60.06652715062901,4.063821393762605,0.9390561362825064
2023-01-08 00:00:00,8.492789454099078,22.052283825469523,0.0,9.56,31.612283825469525,480.82983746164575,6.574526238295505,1.020651136247072,59.89789370017932,3.183700674458402,0.9414262997994836
2023-01-08 01:00:00,7.478716266386558,15.058567899031651,0.0,9.56,24.618567899031653,462.8324282585618,5.3191104157633635,1.0312780028979907,59.96813837577728,3.8900373674507103,0.9395241363533643
2023-01-08 02:00:00,7.209555235024189,13.490496113678367,0.0,9.56,23.050496113678367,454.1292464567611,5.075756801290504,0.9765185173678205,59.854388790352104,4.999010379417033,0.9365376740231138
2023-01-08 03:00:00,7.359131431268508,14.34769641340133,0.0,9.56,23.907696413401332,424.5828496547646,5.630867198908548,0.9842265613769727,60.066962263238025,4.67045858169203,0.9374224634245277
2023-01-08 04:00:00,8.838488731951264,24.856303237960088,0.0,9.56,34.416303237960086,433.5527841806736,7.938203719069613,1.0179508714060759,60.066502246944395,4.786918108334232,0.9371088381283638
2023-01-08 05:00:00,9.67670834489889,32.62011259189326,0.0,9.56,42.18011259189326,368.23386820149017,11.45470751995391,1.0226043954367496,60.14303627991183,4.6464527184929985,0.9374871111710242
2023-01-08 06:00:00,9.549270202923761,31.348231642986207,0.0,9.56,40.90823164298621,394.2443352074653,10.376365109078575,0.9865131409285615,59.977120149218564,3.206083386861965,0.9413660231951653
2023-01-08 07:00:00,10.65151116281762,43.50470031212157,190.0973861366829,29.58675962949954,73.09145994162111,371.2828784616713,19.686191898872213,0.9851222786934883,60.04514695865638,3.4548965081295995,0.9406959699062937
2023-01-08 08:00:00,9.0241762648131,26.45606259930528,364.07859272350333,47.91567974342108,74.37174234272636,339.5066593183841,21.905827264784723,0.9869557302013899,60.09877351010253,3.0062433027128193,0.9419041921829996
2023-01-08 09:00:00,11.906040129241305,60.758147907892905,687.935734542413,82.03402963404321,142.7921775419361,368.9561417721611,38.701667048034544,0.9678981007191211,59.92461084714453,3.607020249756223,0.9402863009432059
2023-01-08 10:00:00,8.470229418993261,21.877012818452858,780.0811110261875,91.74154504660885,113.6185578650617,345.10793409316324,32.92261540251634,0.9745717763565185,59.90940348586823,3.2172148046929854,0.9413360463069309
2023-01-08 11:00:00,14.44022410237175,108.39875656869108,916.456939460544,106.10873857216832,214.50749514085942,445.7039217581154,48.12780069215392,0.975054147099397,59.92771147989238,3.9455866906031662,0.9393745421258443
2023-01-08 12:00:00,10.251334695530012,38.78320892861402,963.6936700846801,111.08512814342104,149.86833707203508,315.97845624436513,47.42992255020478,0.9941180305238874,59.96507045317948,4.354254977147804,0.9382739991638748
2023-01-08 13:00:00,7.285570656359948,13.921730551384815,841.8349828828037,98.24731544670338,112.1690459980882,440.2148175011976,25.480524857113203,1.005416730316679,59.912944564435385,4.749010590076154,0.9372109230069762
2023-01-08 14:00:00,6.85775808934695,11.610448170172893,740.6542883637404,87.58792927912005,99.19837744929293,392.9705485982871,25.24320914204137,1.0086694566328473,59.932017229003876,4.498434330181796,0.9378857244250041
2023-01-08 15:00:00,9.963916805413042,35.61170596385947,586.2821890245442,71.32482861373573,106.93653457759521,465.02062929030853,22.996084010465612,0.9898287549344864,60.088091516903326,4.877171191557011,0.936865786737279
2023-01-08 16:00:00,8.551246910405585,22.510795380694592,397.54198816866784,51.44104845356915,73.95184383426374,493.34018319246115,14.990030480734987,0.9903202576743825,59.99036533685057,3.1077965807875776,0.9416307093874661
2023-01-08 17:00:00,10.425145652929757,40.78954818874124,214.91784505022403,32.2015949760411,72.99114316478234,561.8481107626637,12.991258983803064,1.0024732299030252,60.03066983736594,3.024359670833083,0.9418554048361766
2023-01-08 18:00:00,9.942363853410813,35.38111040359468,1.1415715323977046e-13,9.560000000000013,44.94111040359469,511.74639989273567,8.781910417545594,0.9700797088570114,59.944928321188144,4.322676227672425,0.9383590406795177
2023-01-08 19:00:00,8.848746569951855,24.942947449879792,0.0,9.56,34.50294744987979,581.7413659753586,5.930977143430654,1.0191888106416618,59.93836345708176,3.5787048204444925,0.9403625543435067
2023-01-08 20:00:00,7.299104714642662,13.999459978182255,0.0,9.56,23.559459978182254,510.54392666985456,4.614580400917604,1.0257077055802855,60.02855558895404,3.5070020322115463,0.9405556498234877
2023-01-08 21:00:00,5.961057551827655,7.625572336708639,0.0,9.56,17.18557233670864,582.9011002181513,2.9482827070110043,0.9874883872462392,60.01260623280034,3.6617741753875883,0.940138848719782
2023-01-08 22:00:00,8.095554190141193,19.100390812293366,0.0,9.56,28.660390812293365,518.2806029979382,5.529898407640654,0.9920312768130244,60.077798667830805,3.5395921157847283,0.9404678847869351
2023-01-08 23:00:00,10.698986183748481,44.089013430870466,0.0,9.56,53.64901343087047,518.8221395724868,10.340540493333158,1.0248662444969034,60.1301592998004,4.0228728126031745,0.9391664107380524
2023-01-09 00:00:00,9.411753174365227,30.01332342782591,0.0,9.56,39.57332342782591,524.9086401066879,7.539087834367256,0.997538968180202,59.93085877957236,3.880296894448265,0.9395503674296725
2023-01-09 01:00:00,6.489238009605786,9.837474298905642,0.0,9.56,19.397474298905642,549.3528087337202,3.5309684396840684,1.0117649089190326,60.08611845377638,4.024857102753312,0.9391610670482405
2023-01-09 02:00:00,9.32400030662633,29.18161599103801,0.0,9.56,38.74161599103801,517.6321952970125,7.484390720482222,0.9981538921239845,59.89201938323068,4.345427223000872,0.9382977722899437
2023-01-09 03:00:00,9.744969343579104,33.315315652409225,0.0,9.56,42.87531565240923,472.4231471072836,9.07561704267479,1.0311261477696054,60.207377868280325,3.7742610179422966,0.9398359218547334
2023-01-09 04:00:00,7.2030893338224455,13.45423173752139,0.0,9.56,23.014231737521392,400.44394846239675,5.747179305840482,1.0098015925650299,59.92136959468617,3.5026153742843134,0.9405674630854103
2023-01-09 05:00:00,9.274497801976805,28.719290635054584,0.0,9.56,38.279290635054586,392.83866584043795,9.7442777312055,1.010953115438384,60.06906305697568,3.3324010736174907,0.9410258498915148
2023-01-09 06:00:00,9.079482458677413,26.945471197417433,0.0,9.56,36.505471197417435,367.5401638563723,9.932376046848333,1.0113261307746717,59.891275966125534,3.698948239065251,0.9400387390330379
2023-01-09 07:00:00,6.672916208950449,10.696692599296659,231.81574958624185,33.98178921891058,44.67848181820724,320.96313076732827,13.920128991574252,0.9888977252734458,59.98479091138532,4.483612950492344,0.9379256383738985
2023-01-09 08:00:00,9.66999797973319,32.55229786540812,492.57965788793047,61.45326695849347,94.0055648239016,422.8395430555014,22.231971055640493,0.9907352172615493,60.154573314215355,4.51340982022294,0.9378453954572092
2023-01-09 09:00:00,10.071333775428332,36.77591343011249,622.3920795155657,75.12900557696484,111.90491900707732,378.57271158081227,29.559689746203347,1.0153849127911996,59.918229584801395,4.333810773368421,0.9383290553679485
2023-01-09 10:00:00,11.110984036693544,49.38102174319257,799.4091491016442,93.77775385785822,143.1587756010508,388.24264069278723,36.873532321332775,1.0025282565886724,60.22041861678862,3.4680563506137494,0.9406605304741101
2023-01-09 11:00:00,11.047378217932295,48.5378090788224,822.8527169543521,96.24753373114099,144.7853428099634,459.172388884112,31.531805116118377,0.9764477798437645,59.9994724402891,4.176172491709395,0.9387535749774433
2023-01-09 12:00:00,6.179104066287235,8.493350158983349,890.2312094128994,103.34585791164895,111.8392080706323,420.72034192840897,26.582790734103177,1.0374620884924957,60.097571253798264,4.141379323153696,0.9388472729178985
2023-01-09 13:00:00,7.053237941529554,12.63188333313999,696.7026562462067,82.95762483553789,95.58950816867788,433.90396741917,22.03010696980659,1.019561437345942,60.04029445735036,3.9685323962194508,0.9393127493818147
2023-01-09 14:00:00,9.953180728773026,35.4967155837628,672.3106541044837,80.38792740990735,115.88464299367016,478.25763138455045,24.230589412276686,1.0007525264769004,60.04570400655964,4.099957972767728,0.9389588205401228
2023-01-09 15:00:00,9.944681663017448,35.40586079436367,571.7353796301876,69.79232224404026,105.19818303840393,476.9018329539452,22.058666117260028,0.9945299803640006,59.85738862828569,3.983581265247336,0.9392722228045404
2023-01-09 16:00:00,9.940982551440085,35.366365859320496,420.87400325097695,53.89907624249042,89.26544210181092,545.3306730786387,16.36904845235773,1.0039735171506017,59.9527147207022,4.130912732148216,0.9388754594286852
2023-01-09 17:00:00,15.0,121.5,184.7177609880812,29.020016120094354,150.52001612009434,544.5008157707297,27.643671370268997,1.0103504019831486,60.11959764624837,4.431011909242257,0.9380672928835486
2023-01-09 18:00:00,10.03955850025354,36.42892409622373,9.086967782647973e-14,9.56000000000001,45.98892409622374,556.3843980606296,8.265674640864445,0.959339985286599,59.965567879823,3.2192563888068797,0.9413305483245775
2023-01-09 19:00:00,11.162022639987066,50.06465156554928,0.0,9.56,59.624651565549286,563.7754874682978,10.575956722294013,1.042246994189715,60.01388320827178,4.499251504298048,0.9378835237765761
2023-01-09 20:00:00,10.791788614801362,45.24627082202869,0.0,9.56,54.806270822028694,581.8133551847396,9.41990594296798,0.9842023138166616,59.845257787163085,3.271772300255188,0.9411891230693307
2023-01-09 21:00:00,10.179241707216175,37.97071554445327,0.0,9.56,47.53071554445327,584.0970163945024,8.137469326217335,0.9999618873402248,59.94624230589992,3.1332559968207496,0.9415621472257969
2023-01-09 22:00:00,8.238375778608415,20.129236092228766,0.0,9.56,29.689236092228768,556.0032877262182,5.339759089131151,1.000697337655583,60.112303929763144,4.952159372442935,0.936663843700782
2023-01-09 23:00:00,10.379089293231216,40.25133097787571,0.0,9.56,49.81133097787571,544.9477000358004,9.140570916182114,1.039937004373777,59.871737056807305,4.913983537740883,0.9367666511550963
2023-01-10 00:00:00,7.307519119810317,14.047931529829754,0.0,9.56,23.607931529829756,571.6458893188211,4.129817422103954,0.9982375231798661,60.07170790369962,3.120873089881128,0.9415954943719538
2023-01-10 01:00:00,8.37133375213858,21.119638078476434,0.0,9.56,30.679638078476437,544.5009345674674,5.634450949629182,1.0317701458870725,60.0177778138585,3.8865068829499245,0.9395336439417865
2023-01-10 02:00:00,7.865828631139744,17.520074236117672,0.0,9.56,27.080074236117675,525.0238531296519,5.157875032666448,1.0081345493892222,59.976404451397684,3.3724898765995492,0.9409178908170568
2023-01-10 03:00:00,8.991672752049181,26.17122061559131,0.0,9.56,35.73122061559131,477.90954551570894,7.476565586701976,0.980762302755881,59.9720075457678,3.970689794268836,0.939306939512741
2023-01-10 04:00:00,13.448394995704742,87.56163651853663,0.0,9.56,97.12163651853663,504.22936139719616,19.261400456613057,1.002694149362056,59.9508970301922,4.660354485999175,0.9374496737360883
2023-01-10 05:00:00,5.075486182561696,4.7069051861204265,0.0,9.56,14.266905186120427,456.2857413270322,3.126747976964495,0.9976298255657018,59.9598029027943,4.90122354948578,0.9368010137805589
2023-01-10 06:00:00,10.173261660240632,37.90383434660554,0.0,9.56,47.463834346605545,422.37363116021123,11.237404715873932,0.9783185903019154,60.092974022481116,4.268505306903075,0.9385049228718947
2023-01-10 07:00:00,5.5658209615667715,6.207120792289705,184.02458796496234,28.946990342108784,35.15411113439849,437.8305180158507,8.029159614937077,1.007154455389445,59.95679561857552,3.707811334423634,0.9400148707331499
2023-01-10 08:00:00,7.837687832121494,17.332706641339048,366.2038631196036,48.13957697965024,65.47228362098929,421.86051615884,15.519888947449516,1.000442054996997,60.18075903221923,4.206651131289197,0.9386714960557742
2023-01-10 09:00:00,10.949539791468592,47.259606293890364,566.8579457379957,69.27848458349784,116.53809087738821,375.4842008599846,31.03674951182419,1.0111284341091709,60.029953250304324,3.6240026122169007,0.9402405674715882
2023-01-10 10:00:00,8.890074598548248,25.29407002277492,814.7356588180216,95.39240165647858,120.6864716792535,447.71761445160644,26.955935568243863,1.0038670555919662,59.94237380709717,4.819647281664121,0.9370206985233461
2023-01-10 11:00:00,6.595690667296761,10.329596064547642,841.9150459595575,98.25575009183937,108.58534615638702,422.7957099332211,25.682698193304198,0.9869779420597186,60.097336595248564,4.740800926211674,0.9372330316170242
2023-01-10 12:00:00,7.3100289544078665,14.062411175410361,853.8003177869249,99.50786347885253,113.57027465426289,502.1244076203407,22.61795541716308,1.0153666798458063,60.06238959430766,4.1164635005593215,0.9389143711834129
2023-01-10 13:00:00,10.089079310498981,36.970651933624765,761.1946086215212,89.75185201827726,126.72250395190203,490.957180446346,25.81131491685166,0.9875120343949284,59.83458235597723,3.649597830760721,0.9401716395940016
2023-01-10 14:00:00,7.258190097675678,13.765358178596882,848.2944999789443,98.92782557278177,112.69318375137865,547.4936830451335,20.583467397209883,0.9380065895443346,59.89655286429824,3.5867793511659567,0.9403408096467702
2023-01-10 15:00:00,9.140673032213531,27.493942714074848,579.1943551981458,70.57812532012466,98.0720680341995,531.0669220377254,18.466988615651864,1.0025730589590844,59.98845796987976,3.066835989410119,0.9417410161865077
2023-01-10 16:00:00,8.787525818705129,24.42881175256012,363.06391501936565,47.80878344729017,72.23759519985029,576.1894521376207,12.537125581152884,0.9889185254553202,59.84163920655798,4.63164170205059,0.937526997211713
2023-01-10 17:00:00,7.381602389594441,14.479529342955164,229.08590151166933,33.69419972425436,48.17372906720952,631.1095572572626,7.633180089455087,1.0076426100879328,60.20905299019716,3.900766426078016,0.9394952430177432
2023-01-10 18:00:00,12.960907751215753,78.3806317228132,8.990763066605063e-14,9.56000000000001,87.94063172281321,602.6236181094008,14.592961357655982,1.0399774347187942,60.082223218203936,3.650265856800529,0.9401698406010758
2023-01-10 19:00:00,9.928870544170689,35.23725307308498,0.0,9.56,44.79725307308498,602.9596437902342,7.429560756585173,1.0405547938629611,59.99866671529635,3.9422207099955076,0.9393836067055776
2023-01-10 20:00:00,4.5985576052615675,3.5008007576378044,0.0,9.56,13.060800757637805,643.7427925368552,2.0288849691299737,0.9966975415555632,59.965729344638675,4.637475980909304,0.9375112855092209
2023-01-10 21:00:00,9.009359967524752,26.325966181367438,0.0,9.56,35.885966181367436,639.7540046548372,5.6093382644363095,0.9834696965750789,59.9400336345641,3.2492284154150424,0.9412498337107315
2023-01-10 22:00:00,7.300286191881411,14.006259190434294,0.0,9.56,23.566259190434295,594.2316404994009,3.965837155798178,1.0116936656383584,59.80359678420291,4.715311976483655,0.9373016733128806
2023-01-10 23:00:00,10.315933757412147,39.52101909786554,0.0,9.56,49.08101909786554,535.2384216295234,9.169935698644222,0.992595488162673,59.82671263483544,4.795017670216708,0.9370870260227557
2023-01-11 00:00:00,7.013034734487915,12.417108342290915,0.0,9.56,21.977108342290915,565.4457062841406,3.8866876338516683,1.0078355304469389,60.19011207312676,4.893415830067776,0.9368220399549342
2023-01-11 01:00:00,8.355414598390778,20.99938203289565,0.0,9.56,30.55938203289565,579.949085769936,5.2693215288589075,0.9867827847554629,60.157359963923255,3.7949759848452556,0.9397801364860541
2023-01-11 02:00:00,9.581476460067252,31.66648154005247,0.0,9.56,41.22648154005247,510.4953699263795,8.07577971686558,1.0050138483204551,59.942422224507595,3.4342808080753437,0.9407514879495278
2023-01-11 03:00:00,10.28943088140252,39.217198218012804,0.0,9.56,48.777198218012806,507.5363559883532,9.61058210756672,0.9837605169541305,60.09079991561825,3.7472816369333968,0.9399085772793535
2023-01-11 04:00:00,6.143551474357725,8.34758797909657,0.0,9.56,17.90758797909657,464.02184747010085,3.859212249753055,1.0236850683206293,60.0506420774997,3.6658241924628063,0.9401279420310696
2023-01-11 05:00:00,7.86117186575676,17.4889757007511,0.0,9.56,27.0489757007511,405.0707026146549,6.677593695657342,0.9882004461849477,60.062428795664886,3.3523078250057203,0.9409722410457655
2023-01-11 06:00:00,7.56612108151436,15.592737295033563,0.0,9.56,25.152737295033564,426.87941991944945,5.892234697043907,1.0132220507146994,59.85748222354993,4.214533340202976,0.9386502692813204
2023-01-11 07:00:00,7.1949990010540805,13.40894825044738,236.61490573564637,34.48738031925034,47.89632856969772,457.3477736008757,10.47262746959309,0.9747046543362896,59.819182207746984,3.9532483210172575,0.9393539093688943
2023-01-11 08:00:00,12.01802119822732,62.488686779132806,441.1857821136055,56.03892214566834,118.52760892480114,362.6388212071168,32.684754635551144,1.015623477132214,60.11825943590699,4.7314019846480075,0.9372583429497809
2023-01-11 09:00:00,9.282341987787959,28.792222899696235,560.602610845049,68.6194850525259,97.41170795222214,444.7188334944516,21.904111230638375,0.980672318614636,59.802070169696314,3.0642191609641163,0.9417480633008147
2023-01-11 10:00:00,5.935688224196886,7.528626370821392,820.2448026878023,95.97278996315997,103.50141633398135,411.5617782886649,25.148452017180905,1.0052235361394901,59.985180645861746,4.2877358551102525,0.938453135040098
2023-01-11 11:00:00,10.27807044917851,39.08744392624798,952.9033625160073,109.94836924106136,149.03581316730933,481.28897957466216,30.965972522167313,1.0204640194669596,59.96322976737822,4.525897757023122,0.9378117654658263
2023-01-11 12:00:00,12.67136337715011,73.24408144648781,946.3594847650679,109.2589717199999,182.50305316648772,505.17596368530076,36.126630379464764,0.9960003420288644,59.95398490383236,4.518973138376614,0.9378304134514094
2023-01-11 13:00:00,10.476501102953947,41.39532435845106,676.6016110599387,80.83997972516454,122.2353040836156,502.7060530515008,24.315462951287152,0.9794166617850814,60.03144508222906,4.77214793419105,0.937148614180814
2023-01-11 14:00:00,5.357166598233852,5.534876792592474,771.5597087237236,90.84381531404428,96.37869210663675,528.6563508456545,18.230877573392718,1.0099362501427185,59.93224075702216,4.458067485658988,0.9379944322648321
2023-01-11 15:00:00,7.4115918751412035,14.656726722767532,505.8221993234643,62.848368698726965,77.5050954214945,535.4374192052543,14.475098796145911,0.9831803720202691,60.03957354624651,4.855620123295393,0.9369238237254163
2023-01-11 16:00:00,10.897854559193412,46.59352023739659,388.64108305005817,50.50333809932363,97.09685833672022,543.3788936059423,17.869089042522646,0.9919150880160554,60.01411554146912,3.665313199641783,0.9401293181338192
2023-01-11 17:00:00,6.93248553931968,11.994148396290106,185.7951694029719,29.13352109660309,41.1276694928932,655.399860917758,6.275202658008201,1.0053092531899146,60.20987323540504,4.006418833503086,0.9392107212742287
2023-01-11 18:00:00,9.21907674066337,28.207512618474123,1.0790836100414055e-13,9.560000000000011,37.767512618474136,594.3967931724013,6.353922674599606,1.027213520722154,59.861459060818184,3.028159326565781,0.94184517237011
2023-01-11 19:00:00,9.864141857021835,34.55257581230796,0.0,9.56,44.11257581230796,677.3728621738923,6.512303382030614,1.0005310670759893,60.002926898390484,3.0139151746065824,0.9418835318457632
2023-01-11 20:00:00,6.444272386200769,9.634388775855754,0.0,9.56,19.194388775855757,607.9613944150859,3.1571723060347447,1.0004571501969024,60.04313450998777,3.48025324090304,0.9406276842704585
2023-01-11 21:00:00,8.162167184676493,19.575774751000353,0.0,9.56,29.135774751000355,646.0946899481299,4.509520849542882,1.014750257872457,59.97435974444677,3.2016143942781703,0.9413780581841701
2023-01-11 22:00:00,1.7815940605301703,0.2035770277426794,0.0,9.56,9.76357702774268,586.2147211979261,1.6655291439612558,1.00100743793346,59.86629248921122,3.5204227358715072,0.9405195078926261
2023-01-11 23:00:00,6.198091879698428,8.571888838117612,0.0,9.56,18.13188883811761,620.1589242348065,2.9237487568996845,1.012710603996658,60.12571027806552,3.354086589056795,0.9409674508373694
2023-01-12 00:00:00,7.724298173645861,16.591268475387487,0.0,9.56,26.15126847538749,546.9265662412843,4.781495376081346,1.0215706709212589,60.033693433014406,3.0570400496772967,0.9417673966346213
2023-01-12 01:00:00,5.716265646500673,6.724185877307599,0.0,9.56,16.2841858773076,523.2006066458599,3.1124172392884697,0.99344525699464,59.87331032870734,4.818608292812099,0.9370234965184593
2023-01-12 02:00:00,11.45888371272078,54.16633322842015,0.0,9.56,63.72633322842015,524.9948820494114,12.138467517940938,0.9344997873217309,60.04386679625583,3.016446262777783,0.9418767156298623
2023-01-12 03:00:00,5.315840357115597,5.407770976116132,0.0,9.56,14.967770976116132,466.73804149325287,3.206889013852218,0.9836414581282906,60.17015660700529,4.472164288674171,0.9379564695996206
2023-01-12 04:00:00,7.277930427621986,13.877978164579241,0.0,9.56,23.437978164579242,413.84973209252496,5.663403005257758,1.024173640216706,59.996368406658405,3.304295773839033,0.9411015374133598
2023-01-12 05:00:00,8.401232502034727,21.346737635265377,0.0,9.56,30.90673763526538,458.82267573950674,6.736096376547104,0.9993247043720469,59.99977873305294,4.8244592439992005,0.9370077399174168
2023-01-12 06:00:00,11.003866921691873,47.96655069901406,0.0,9.56,57.52655069901406,385.7146288779642,14.914277652978214,0.993217394581442,60.15680050310433,4.785591879179772,0.9371124096610958
2023-01-12 07:00:00,5.231003490540675,5.152969005478737,233.0851317737114,34.1155186323605,39.268487637839236,425.5971228589084,9.226680710164787,1.0233356998640641,59.90296160182488,4.307802292738515,0.938399096159591
2023-01-12 08:00:00,10.410302615686911,40.615570998756596,451.8004935008846,57.15718199031819,97.77275298907479,435.88408331586794,22.43090691573217,0.9979735016754021,60.17275520426207,4.3444682996012105,0.9383003546689375
2023-01-12 09:00:00,8.085529849120435,19.02952530844252,571.7495707611115,69.7938172796831,88.82334258812561,398.8367877364046,22.270599232393252,0.9581493358850168,60.097291107036824,3.0106782839393773,0.9418922487865187
2023-01-12 10:00:00,6.0829777780915935,8.103099850976923,760.4553805743161,89.67397434350421,97.77707419448113,455.5622319001876,21.462945641179452,0.9698939587798331,59.907578103602,4.9697431322272045,0.9366164906672516
2023-01-12 11:00:00,8.950977571373523,25.81748346214319,679.0838700933332,81.10148571433264,106.91896917647583,450.43702007306166,23.736718877842986,1.008372960416338,59.93317310001559,4.755665207151629,0.9371930021351392
2023-01-12 12:00:00,8.405511210223516,21.37936962809337,890.8288139228627,103.40881554677357,124.78818517486694,435.8183443515346,28.6330731122717,0.9986621811681055,59.94751871663177,4.790212451460184,0.93709996646824
2023-01-12 13:00:00,6.787426390329623,11.256876433085726,940.798313245327,108.6731023003952,119.92997873348092,522.8551525136081,22.937514942125308,1.0290931295765844,59.816643578601294,4.318489074101744,0.9383703166765662
2023-01-12 14:00:00,8.10778125695156,19.18706603732412,765.3690382303939,90.191628177572,109.37869421489611,472.4440323036962,23.151672311649683,0.9853346263239164,60.02604717490709,3.689573857309073,0.9400639842262771
2023-01-12 15:00:00,7.177716951267032,13.312557156124285,680.3142068765436,81.23110169444386,94.54365885056815,521.2750785690231,18.13699958764659,0.9938099847599241,59.91210529967521,4.787297298180961,0.9371078169707873
2023-01-12 16:00:00,8.155397519562115,19.52710695697525,458.595958319914,57.87308420900294,77.40019116597819,550.5047428472981,14.05985909688118,0.9823099385387996,60.029655132143134,3.583033856302385,0.9403508962577135
2023-01-12 17:00:00,9.232496009875385,28.33086839346707,190.53417583556728,29.632775424277014,57.963643817744085,595.5615761050802,9.73260299914262,0.989588116446391,59.87090567496748,4.125423086684406,0.9388902430340635
2023-01-12 18:00:00,11.059994805440217,48.7042959509689,1.188808725647412e-13,9.560000000000013,58.264295950968915,626.7597262557558,9.296113567959784,0.9621619219749276,60.09230132368945,3.199461944687765,0.9413838547270527
2023-01-12 19:00:00,5.391912912259161,5.643273619135281,0.0,9.56,15.203273619135281,634.8705162918661,2.3947046254304163,0.9922863067189893,60.07376259301305,4.8439112602655,0.9369553556725345
2023-01-12 20:00:00,12.11305117528951,63.98278750943151,0.0,9.56,73.5427875094315,613.4066365431072,11.989238969419478,0.998962622724602,59.92941209859398,3.2815409155424264,0.9411628162059
2023-01-12 21:00:00,3.9221086879811575,2.172007768678626,0.0,9.56,11.732007768678626,594.8786964508777,1.9721680804293855,0.9972733831506864,60.03596491578821,3.4497936114608145,0.9407097119978614
2023-01-12 22:00:00,7.501874879384978,15.19889273979089,0.0,9.56,24.75889273979089,538.5172000854928,4.597604818538808,1.0429910652746561,60.00829205593096,4.11626831625643,0.9389148968143902
2023-01-12 23:00:00,8.961102773223178,25.905195571922174,0.0,9.56,35.46519557192217,537.9804894408761,6.592282855607125,1.0366696915435396,60.14822994861529,4.528186000425963,0.9378056032304507
2023-01-13 00:00:00,8.325339492347485,20.773437018894345,0.0,9.56,30.333437018894344,566.3054777228652,5.356373584953864,0.9849820105807783,59.89675210321051,4.238702611872598,0.938585181476106
2023-01-13 01:00:00,6.496709827491632,9.87149454087717,0.0,9.56,19.43149454087717,434.10555792929796,4.476214180156142,0.959121266106948,59.984770202150585,3.464267825600312,0.9406707329651697
2023-01-13 02:00:00,7.3044848083385885,14.030439367862632,0.0,9.56,23.590439367862633,439.7710937468588,5.36425420026396,0.9980159929413689,59.93593163632922,3.0018860850549807,0.9419159261623294
2023-01-13 03:00:00,6.713216841456833,10.891671318512136,0.0,9.56,20.451671318512137,471.76209699537264,4.3351662731634715,1.0075302027634123,60.004481819710016,4.514301160614878,0.937842995079134
2023-01-13 04:00:00,6.4988491965238175,9.88124981337606,0.0,9.56,19.44124981337606,419.5972120200431,4.633312437845131,0.9827903185323433,60.05332736027836,4.970414651822187,0.9366146822661879
2023-01-13 05:00:00,9.355015149978225,29.473790093246198,0.0,9.56,39.033790093246196,420.4364870556381,9.284110988226551,0.9837804873214855,59.934819262192626,4.619826240612181,0.9375588162281538
2023-01-13 06:00:00,8.347948076975175,20.943136254682347,0.0,9.56,30.503136254682346,392.98812320379847,7.761846848196941,1.0316510993862507,59.96358937786108,3.9204132363132307,0.9394423341930523
2023-01-13 07:00:00,6.226079634519163,8.688534189523399,237.7905273002514,34.61123205108149,43.29976624060488,410.80070653604184,10.540333926325893,0.9948489685770939,60.096604079805736,4.807534522798213,0.9370533181612256
2023-01-13 08:00:00,9.388957543566116,29.79577090414218,447.8437472887909,56.74033877687412,86.5361096810163,372.16863164106866,23.25185475719364,1.0132450037139147,60.13573246619264,3.8196953462367,0.9397135672902064
2023-01-13 09:00:00,8.182094735901066,19.719505119896308,674.3545206119114,80.60324874646487,100.32275386636118,386.6166622897606,25.94889554738629,0.9813938860429111,60.049351603520286,4.049868168486935,0.9390937122931231
2023-01-13 10:00:00,9.170838462408083,27.767042945474728,786.13269659932,92.37907958673836,120.14612253221308,354.975876703928,33.846278132421496,0.9988611908255042,59.986203690125684,3.9542595347913663,0.9393511861720161
2023-01-13 11:00:00,8.781872772729338,24.38169665573044,800.7325377549763,93.91717285248676,118.2988695082172,410.18512419281143,28.840360737365426,0.9932732329273097,59.976690307896284,3.8952477453310497,0.9395101048150869
2023-01-13 12:00:00,5.842009978155856,7.177767455595994,901.8899867183296,104.57411010077602,111.75187755637202,401.42203010444524,27.838999650142647,0.9864925352239342,60.05481263287273,4.5503815385878115,0.9377458306860292
2023-01-13 13:00:00,6.356908599916462,9.247842022423479,755.9474148884835,89.19906015850174,98.44690218092522,423.8307324944486,23.22788194275522,1.023106008230434,60.02277670014049,4.053537814538984,0.9390838299428932
2023-01-13 14:00:00,8.949016070985536,25.80051439696777,685.8003640883148,81.80906835670396,107.60958275367173,490.1475184835362,21.95452974782046,0.9722224598073397,59.83510241621087,3.633434244050432,0.9402151681039934
2023-01-13 15:00:00,8.652216811645756,23.317644769339527,662.343773881247,79.33791657838937,102.65556134772889,516.236418836155,19.88537762972319,1.0060011365102257,60.057238523230794,3.5163163353169566,0.9405305664219471
2023-01-13 16:00:00,7.366611500429378,14.391491344184468,416.96292746023727,53.487044407936,67.87853575212047,563.959077716506,12.036074678851435,0.99289756689019,59.91394302105775,3.0754946339348668,0.9417176984723478
2023-01-13 17:00:00,7.619900606322665,15.92760292283234,243.16414278024038,35.177342441898325,51.10494536473067,582.7143867273629,8.770153359649477,1.0082964896407174,59.85830635915244,4.166390323766092,0.9387799183381523
2023-01-13 18:00:00,9.91730129079549,35.11421978223494,1.1594058376411547e-13,9.560000000000013,44.67421978223496,577.4278082633293,7.736762785394255,0.9931684673556328,59.83316551118913,3.4599228308020686,0.9406824340283606
2023-01-13 19:00:00,6.155450661657768,8.396186265280301,0.0,9.56,17.9561862652803,508.2850273659276,3.5327002171073545,1.0173438612383787,59.97838956288167,3.296267844032766,0.9411231566139153
2023-01-13 20:00:00,8.409308202707308,21.408355603801397,0.0,9.56,30.9683556038014,618.136242532613,5.009956296514599,0.981205948034957,59.89834756378174,4.307659927655355,0.9383994795485043
2023-01-13 21:00:00,6.887147985557097,11.760363495424636,0.0,9.56,21.320363495424637,587.4374257930199,3.6293846049462877,1.0231510638335062,59.76736384402608,4.362418515643098,0.9382520147693633
2023-01-13 22:00:00,6.832492378767658,11.482592921354206,0.0,9.56,21.042592921354206,526.9325507199769,3.9934129885509173,0.9994239461065115,59.96415444931632,4.504309784515332,0.9378699018370322
2023-01-13 23:00:00,9.441633431943098,30.30008913242499,0.0,9.56,39.86008913242499,555.8837658296603,7.170579819494014,0.9734299494196975,59.950942916511416,4.007153792677183,0.9392087420304923
2023-01-14 00:00:00,8.871042627203462,25.131968062443992,0.0,9.56,34.69196806244399,455.135632162027,7.6223362028692465,1.0136043091180564,59.985009888534165,4.788109210407773,0.9371056304926182
2023-01-14 01:00:00,8.823266478777017,24.728096593109257,0.0,9.56,34.28809659310926,480.69441250445317,7.133034148340888,0.996023005129647,59.93711020459576,4.872685506796456,0.936877866678286
2023-01-14 02:00:00,9.783150999776481,33.708449073719805,0.0,9.56,43.26844907371981,396.7655031586859,10.905295125018629,0.9658432414772091,60.18293296635273,4.614741879584979,0.937572508403272
2023-01-14 03:00:00,7.190057980360788,13.381342241331616,0.0,9.56,22.94134224133162,386.1251476170576,5.941426602984134,1.0066493616751775,60.05173372946837,4.271186964016374,0.938497701174103
2023-01-14 04:00:00,8.487725722837665,22.012862052664204,0.0,9.56,31.572862052664206,407.5514782669246,7.746962957152042,1.020131914305554,59.950038667637855,3.6074419071823773,0.9402851654205142
2023-01-14 05:00:00,6.478970166985979,9.790850999359488,0.0,9.56,19.350850999359487,397.7295285620409,4.865329227457899,1.0256427148072027,59.99363731625527,4.965889843240443,0.9366268675675751
2023-01-14 06:00:00,7.7234365536127845,16.585716990542217,0.0,9.56,26.14571699054222,359.4141697954792,7.274537062748572,0.9924329623480047,60.14146426674954,3.548272334383877,0.9404445089738316
2023-01-14 07:00:00,6.790336035043034,11.271359486876104,192.24515563431177,29.813027146074745,41.08438663295085,331.0759626613629,12.409353521981156,1.0029063611065148,60.095662281173546,3.405313843980862,0.9408294959318289
2023-01-14 08:00:00,7.220052359962443,13.549508509772917,483.5145552775712,60.498258398492126,74.04776690826505,272.8076155403991,27.14285184509432,1.0010107268558581,59.860378818562495,3.8843082275731655,0.9395395649167688
2023-01-14 09:00:00,8.19173462857514,19.789286014587283,568.3464362147802,69.4352970552271,89.22458306981437,333.3903887724612,26.76279403204695,1.0297960526314272,59.90257094391734,3.113681141424777,0.9416148622762348
2023-01-14 10:00:00,5.3402630969045255,5.482649239458998,646.3476021363633,77.65271988506588,83.13536912452487,365.65561631720084,22.73597489403969,0.9837902283525337,59.921815312597666,4.956988929343582,0.9366508377127192
2023-01-14 11:00:00,11.136688520586198,49.724533822750004,683.5222729565983,81.56907145597762,131.29360527872763,356.0399730941847,36.87608560851003,0.9907068109559092,59.95603000490642,4.176867112832849,0.9387517043640049
2023-01-14 12:00:00,4.915016220125438,4.274421709627387,893.7467158859453,103.71621651858433,107.99063822821172,385.5762661580763,28.007594789026342,0.9833055938110039,59.940457679712395,4.1139041833283505,0.938921263420121
2023-01-14 13:00:00,4.473740172937355,3.22340424147778,860.7081975782164,100.23560861486509,103.45901285634287,404.80317584311916,25.557856022463184,0.9710169895377423,60.003400925486105,4.31159255979944,0.9383888889772007
2023-01-14 14:00:00,9.193336861168346,27.97190355098906,694.7093409173747,82.74762906564543,110.7195326166345,426.60241785626584,25.953798661764495,1.0049557436210417,60.07357213110189,3.994047295554413,0.9392440378037133
2023-01-14 15:00:00,8.435371422037639,21.608027839309074,510.1871356993442,63.30821474592591,84.91624258523498,464.4118305999553,18.284685486055565,1.0320259666355518,60.090266028938245,3.064127034189083,0.9417483113980545
2023-01-14 16:00:00,8.07515170155531,18.95634352140064,411.4443342342847,52.905660611581894,71.86200413298253,478.072766926335,15.031603785968333,0.9960303108296987,59.96732026571007,4.224622577680794,0.9386230989829063
2023-01-14 17:00:00,8.05840614676333,18.838657803228312,205.33803603921655,31.192362096731465,50.03101989995977,550.2629691185218,9.09220185761465,0.9823620675691374,59.83653064812456,4.432347753912861,0.938063695456249
2023-01-14 18:00:00,6.751963589613734,11.081352644658097,1.1060228466295734e-13,9.560000000000013,20.64135264465811,456.6635793178407,4.520034786985191,1.0037371940446413,59.89595900581283,3.8334981212481063,0.9396763964418812
2023-01-14 19:00:00,4.956631269191661,4.383917147578119,0.0,9.56,13.94391714757812,516.4709094406833,2.699845604601198,1.011782363575453,59.948022521037,4.514591144142386,0.937842214154015
2023-01-14 20:00:00,6.877374803186456,11.71036900359297,0.0,9.56,21.27036900359297,510.145917685392,4.1694676495893175,0.9968727372512686,59.875496554074864,3.4540025986768415,0.9406983772028451
2023-01-14 21:00:00,5.346012668543493,5.500376925433182,0.0,9.56,15.060376925433182,539.4195050208479,2.7919600209582924,1.0280707066390835,60.11408589867016,3.442553182132368,0.9407292104610439
2023-01-14 22:00:00,8.625092629867096,23.099033276212918,0.0,9.56,32.65903327621292,525.1704883458465,6.218748768439097,0.9837527621142496,59.882045894141925,3.322833975375148,0.9410516140699053
2023-01-14 23:00:00,6.355204078810033,9.240404956732892,0.0,9.56,18.80040495673289,555.6300755560464,3.3836190270871134,0.9942606072697527,60.06170630447352,3.7439895195783235,0.9399174429454802
2023-01-15 00:00:00,4.972740678868255,4.4268003618605185,0.0,9.56,13.986800361860519,554.4426873255323,2.5226773986917763,1.0059197580968593,59.831811964497746,4.694024070778167,0.9373590016047266
2023-01-15 01:00:00,5.955332119945607,7.603620976189935,0.0,9.56,17.163620976189936,448.5978267197362,3.8260597697707968,1.0078592750523565,60.065720110129604,4.655824124298128,0.9374618739920157
2023-01-15 02:00:00,7.398289894680883,14.577952637382872,0.0,9.56,24.137952637382874,445.92342782760744,5.413026347365299,1.0009445618459631,59.98607312933324,3.7656484159270076,0.9398591155764981
2023-01-15 03:00:00,5.4192574708684935,5.7295677047831015,0.0,9.56,15.289567704783103,425.91565387407707,3.5898111670024457,0.974431601552857,60.151253070230254,4.178237471960474,0.9387480139893344
2023-01-15 04:00:00,4.8765037418679285,4.174728013620703,0.0,9.56,13.734728013620703,371.97401342647845,3.692389123396494,1.0467602280841266,59.886843739345366,4.4416326329498315,0.9380386912936719
2023-01-15 05:00:00,6.982517240565859,12.255712113746037,0.0,9.56,21.815712113746038,394.04920883907243,5.536291311945118,0.995280601699078,59.94358851993884,3.482413549256046,0.9406218665639424
2023-01-15 06:00:00,6.959236537338138,12.133533532008506,0.0,9.56,21.69353353200851,352.12066443520627,6.1608237525066745,1.0022053503716932,59.96295673985895,3.3362821717894944,0.9410153981011055
2023-01-15 07:00:00,5.429541882646571,5.762249560283344,184.20120479299786,28.965596924942325,34.72784648522567,317.28679772966234,10.94525417815046,1.0123352218634596,59.984749992984966,4.944191986424622,0.9366852998570252
2023-01-15 08:00:00,5.4754426916435515,5.9096289589230215,354.64336863790146,46.92167888600292,52.831307844925945,337.5213767486022,15.652729422313465,0.9872698927470094,59.96540191690975,4.235114626419237,0.9385948439144903
2023-01-15 09:00:00,6.855678451375428,11.599888651845735,577.2791675212918,70.37636029836808,81.97624895021382,319.38560606547225,25.666857677176957,1.0011385284174155,59.9673321434091,4.962831443667328,0.9366351038321347
2023-01-15 10:00:00,3.4694393472207943,1.5034202632752363,647.793480713942,77.80504319321379,79.30846345648902,390.40529038073237,20.3143926095739,0.9864561952469341,59.96569374566143,3.675511974264458,0.9401018528520705
2023-01-15 11:00:00,3.52468209255061,1.5763852295092557,682.9149962847633,81.50509485859982,83.08148008810907,432.2445254113539,19.220944443204452,1.0083110148294847,59.79288201174195,4.406063399948263,0.9381344791742865
2023-01-15 12:00:00,4.87669694729809,4.175224237219348,926.8640841850531,107.20513126889534,111.3803555061147,403.2530070934347,27.620464955468417,0.9944795470288886,60.09933345016078,3.4452072730824757,0.9407220629988802
2023-01-15 13:00:00,5.860642954136978,7.24666678672712,809.0178432703849,94.79002978853505,102.03669657526217,423.36482440794475,24.101363810268264,1.0053743705460934,60.28611365676337,3.522400342547826,0.9405141822013972
2023-01-15 14:00:00,6.883282359438986,11.740571998279384,681.365778781154,81.34188479459456,93.08245679287394,450.4814688828241,20.662882542918954,0.9790692530702879,60.0298271104601,4.0238042425392475,0.9391639023989068
2023-01-15 15:00:00,9.18608972108264,27.905804631772064,685.911223533461,81.82074739925011,109.72655203102218,507.25735125500006,21.631337970666937,0.9834216713198759,59.88642491521417,3.6392362510161425,0.9401995433096513
2023-01-15 16:00:00,7.9245886676364155,17.915654886803715,367.42084403007874,48.2677859185688,66.18344080537251,530.729395984514,12.470279827368683,0.972697186462864,59.89654613691517,3.335243127681169,0.9410181962450237
2023-01-15 17:00:00,5.863268558677717,7.256410806352777,255.39633112348548,36.4660034838592,43.72241429021197,513.1494969388064,8.520404784772872,0.9857893984134758,60.061317400189154,3.525761403978652,0.9405051308689982
2023-01-15 18:00:00,6.118975452923453,8.24780973179825,9.726022600456402e-14,9.560000000000011,17.80780973179826,540.0886640764152,3.2972011664511993,0.9485295151260372,60.03854694758483,3.0714967889317295,0.9417284646617637
2023-01-15 19:00:00,4.125799432820391,2.5282897049353723,0.0,9.56,12.088289704935374,562.0804007208177,2.1506335551699056,0.9938579958862435,59.97157098894466,4.408847242954973,0.9381269822900673
2023-01-15 20:00:00,6.0676722181227225,8.042088275569736,0.0,9.56,17.602088275569734,511.77780218007643,3.4394004977527697,0.9893151945607415,60.07534043708792,3.984233314171723,0.9392704668379576
2023-01-15 21:00:00,5.501213567083344,5.9934655985361935,0.0,9.56,15.553465598536194,578.879255628119,2.6868237974186417,1.0030182192725015,59.79361149532455,3.188486132809051,0.9414134125687368
2023-01-15 22:00:00,6.697794339988029,10.81677821546422,0.0,9.56,20.37677821546422,584.5559229918592,3.4858560856200573,1.0008921544886857,60.07540621272311,3.3433879862569826,0.9409962621555018
2023-01-15 23:00:00,4.371717719390477,3.0078684371949325,0.0,9.56,12.567868437194933,551.5700671404369,2.2785624503432294,1.0251415953696215,60.02377611645949,3.2050690762252882,0.9413687547318887
2023-01-16 00:00:00,7.038693028482345,12.553897437925405,0.0,9.56,22.113897437925406,497.63218265156337,4.443823813824621,1.0518862036954821,59.900405200921675,4.225185616551753,0.9386215827202377
2023-01-16 01:00:00,9.039298219510034,26.589284117376316,0.0,9.56,36.14928411737632,451.7818908476859,8.001490287613967,1.0227507802630127,59.85666760716193,3.1884207272249876,0.9414135887058572
2023-01-16 02:00:00,5.730122483774435,6.7732049430159815,0.0,9.56,16.333204943015982,506.26156020553793,3.2262384164392888,0.9909378482124982,60.012132728274565,4.508564666070432,0.9378584434486433
2023-01-16 03:00:00,6.724892599274263,10.948599236263496,0.0,9.56,20.508599236263496,436.3124120208853,4.700439105381626,0.9901321850058022,60.14072381367678,3.0410218386407823,0.9418105336481846
2023-01-16 04:00:00,7.2755894933147225,13.864590985168407,0.0,9.56,23.424590985168408,443.61400062368955,5.2803993905140745,1.0173732608471142,59.9771906768003,3.4987515759917844,0.9405778682872752
2023-01-16 05:00:00,5.066700894132319,4.682505562271696,0.0,9.56,14.242505562271695,460.3437834815717,3.093884629994541,0.9663331061085434,59.91473149837672,4.781333351783815,0.9371238778677276
2023-01-16 06:00:00,6.291177094892003,8.96392538089396,0.0,9.56,18.52392538089396,378.6888043296038,4.8915957295561014,0.9936959414767305,60.01912882601363,4.437062636244492,0.9380509982865947
2023-01-16 07:00:00,5.842039182959019,7.1778751033068415,223.23438825438373,33.077742802599325,40.25561790590616,377.0807776788244,10.675595333632618,0.9952369412991229,60.18208718101235,3.1459366658513757,0.9415279982068634
2023-01-16 08:00:00,5.986082775865289,7.722015246076798,464.2852718907304,58.472453393688454,66.19446863976525,393.3016891776495,16.830456227678702,1.0116826296963761,60.04312998130637,4.642252208970359,0.9374984231356274
2023-01-16 09:00:00,4.218603145105533,2.7027664361065464,671.8186091971754,80.33609047892243,83.03885691502897,349.48212817162624,23.76054459478673,1.0122773269228156,60.05394019882094,3.98607024308041,0.9392655199917044
2023-01-16 10:00:00,5.787553120274912,6.978907967817335,720.647802123411,85.48024595370134,92.45915392151868,375.6617737413799,24.612340244437846,0.9851087891921394,60.12227986359706,4.6935660543376585,0.9373602350421786
2023-01-16 11:00:00,6.708459324930227,10.868531625118363,763.757526510698,90.02185541790203,100.8903870430204,415.0350469938833,24.30888373735515,0.9917125467658964,60.04725573993838,4.201479548900787,0.9386854231178614
2023-01-16 12:00:00,8.588701825787124,22.8078883080344,777.8004691951284,91.50127942970677,114.30916773774118,425.98635393546743,26.83399754046061,1.0089020850966541,59.92190302928398,4.363666064065717,0.9382486551237009
2023-01-16 13:00:00,7.578932010866694,15.672076182126983,732.5457354877584,86.73369323363534,102.40576941576232,477.3703281037247,21.45206004373008,0.9840215868816247,59.8255435048102,4.9870031207914165,0.9365700095490357
2023-01-16 14:00:00,9.94075688480767,35.363957396936534,621.1950638444392,75.00289997601168,110.3668573729482,567.979388433178,19.431489878075517,1.0241223686954857,59.90783468802218,3.4646710918480363,0.9406696469698885
2023-01-16 15:00:00,4.073726297563747,2.433761633905772,567.6189332418792,69.35865461703197,71.79241625093775,513.8560546927959,13.971308812126033,1.0121835046688048,59.88952736949023,4.2478911495227765,0.9385604367607107
2023-01-16 16:00:00,7.327121970561159,14.16128828589925,390.5371538196174,50.703089154896695,64.86437744079595,509.7486416188597,12.724776908634746,1.003430190963897,60.065930811951134,3.9206427801147967,0.9394417160320068
2023-01-16 17:00:00,5.923255778087872,7.48141870304388,256.21149906589017,36.55188142659153,44.03330012963541,598.2578887613817,7.360253990265112,1.0078188119656184,60.07983480513491,3.078903905845383,0.9417085173092135
2023-01-16 18:00:00,9.910302471314653,35.03993000829632,1.0621516580801504e-13,9.560000000000011,44.599930008296326,523.9379861188372,8.512444447610708,0.990662187661184,60.017557206171546,3.02894128300573,0.9418430665628211
2023-01-16 19:00:00,3.8882606117076652,2.116257930333221,0.0,9.56,11.676257930333222,539.9253374980336,2.1625689923054865,0.9874741715562476,59.873130802315686,3.238457155635717,0.9412788406939792
2023-01-16 20:00:00,3.7996117826376565,1.9747866291094722,0.0,9.56,11.534786629109472,567.1468968405683,2.0338269843962555,0.9915055556772255,60.17865970239267,4.298183481077096,0.9384249996021262
2023-01-16 21:00:00,4.2545081326355145,2.772366071413323,0.0,9.56,12.332366071413324,573.1059810133181,2.1518473859945177,1.009999333845197,59.95837897861604,4.134326175826784,0.9388662670309871
2023-01-16 22:00:00,1.1797815652507522,0.059116310037419684,0.0,9.56,9.61911631003742,553.0303582829276,1.7393468850251304,1.0040202996141732,60.06034810103015,4.106859122327455,0.9389402357567482
2023-01-16 23:00:00,4.350386153386888,2.9640527247020834,0.0,9.56,12.524052724702084,554.7653083859641,2.2575407177387503,0.9915457108061458,60.004932483669954,3.06371352505652,0.9417494249774061
2023-01-17 00:00:00,3.857999604439327,2.0672311337723532,0.0,9.56,11.627231133772353,582.3338312057919,1.9966607658182558,1.0149916348661532,60.020866348324994,3.938605992720014,0.9393933411327109
2023-01-17 01:00:00,5.651468731138106,6.498101457953565,0.0,9.56,16.058101457953565,582.0422646919077,2.758923609517188,0.996521071553277,60.05681840033404,4.849245635685057,0.9369409902091066
2023-01-17 02:00:00,6.008658788522724,7.809713976700074,0.0,9.56,17.369713976700076,526.827222338715,3.297041846013891,0.9861337850882166,59.9303979838399,3.795183738621293,0.9397795770055082
2023-01-17 03:00:00,9.052005586864055,26.701578790201726,0.0,9.56,36.261578790201725,481.3512821822963,7.5332880855335125,1.0050868301859703,60.130540242626516,4.249844939576913,0.9385551752076026
2023-01-17 04:00:00,7.175081989573098,13.297901297151508,0.0,9.56,22.857901297151507,504.5309357165838,4.530525222340726,0.9797394097675433,59.84204945829127,4.5596373512462876,0.9377209047991572
2023-01-17 05:00:00,4.095052676511869,2.472185066771594,0.0,9.56,12.032185066771595,428.8494317328428,2.8056898707206863,0.966255525001286,59.89614436939641,4.567850558283775,0.9376987866473506
2023-01-17 06:00:00,3.4267135219957225,1.4485580226336254,0.0,9.56,11.008558022633625,388.5109513743379,2.8335257947533803,0.9998979084886948,60.12924293743371,4.0385601647905425,0.9391241647267758
2023-01-17 07:00:00,6.182123214778241,8.505805953345881,196.8043538260179,30.293338675570986,38.799144628916864,463.6776720316309,8.36769742629964,0.9868517241257824,60.05900047611045,4.715903890804673,0.9373000792886768
2023-01-17 08:00:00,2.5326215185077188,0.5848080988561623,409.2706614896477,52.676664187934385,53.26147228679055,458.3471714677306,11.620334018040376,0.994916912946603,60.254039109768144,3.782756186727494,0.9398130443804465
2023-01-17 09:00:00,8.81087149759694,24.624028361101022,503.3453778174658,62.58743555307002,87.21146391417105,403.7300397283715,21.601430493714737,0.980665341637111,60.00683504436531,4.777386429569597,0.9371345069221644
2023-01-17 10:00:00,7.481765127274365,15.076992263485877,729.7682673888926,86.44108696941983,101.5180792329057,425.51606813032987,23.857637075602064,1.0241786427940514,60.17004292964591,3.4804543327910906,0.9406271427303651
2023-01-17 11:00:00,4.159531297277771,2.5908107470575117,833.5045193887228,97.36970111760193,99.96051186465945,425.87306964484884,23.471902543173297,0.9867701451214372,59.81425212173366,3.560432813981142,0.9404117608241082
2023-01-17 12:00:00,1.6466799586934018,0.16074227117773077,768.3249208309628,90.50303040954194,90.66377268071966,483.89030065035547,18.736431079289307,0.9913600124365838,59.85864850268028,3.1062412483980024,0.9416348978947988
2023-01-17 13:00:00,7.755830779115549,16.795288769877768,955.5021866318019,110.22215536166033,127.0174441315381,550.1711483541918,23.086896597813997,1.0075576653516647,60.0895525537417,4.591163673084566,0.9376360044710469
2023-01-17 14:00:00,4.7942158461232935,3.966936511075355,842.5010216472705,98.31748263053994,102.2844191416153,545.1780280812552,18.761654702337065,0.9724677140335464,59.82596321743855,3.834110472465411,0.9396747473811523
2023-01-17 15:00:00,7.474212046245611,15.031376228593905,648.1644604642427,77.84412590990797,92.87550213850187,581.0452179111446,15.984212463255261,0.9709890045350259,59.98026323929905,3.458233227822798,0.9406869841261504
2023-01-17 16:00:00,1.7850842524342596,0.20477581216739874,430.0079943148043,54.86134220106463,55.06611801323203,598.6834240741318,9.197869157375147,1.0076190567138683,60.11672090836472,3.4635805552331593,0.9406725837830345
2023-01-17 17:00:00,3.750627810314053,1.8993911465524214,248.72270772236166,35.7629372585508,37.662328405103224,594.7986777852835,6.3319455492634695,0.9911010473907567,60.05011712644887,4.802799882458467,0.9370660685391603
2023-01-17 18:00:00,4.935383550800465,4.32778052881866,9.052536518024982e-14,9.56000000000001,13.88778052881867,643.1943276391848,2.1591889001560585,0.9819700978621169,60.00110952203196,4.6678332009220735,0.9374295335702277
2023-01-17 19:00:00,4.994457507356593,4.485051852114742,0.0,9.56,14.045051852114742,643.0350736396923,2.1841813033023634,1.0120674634589464,59.955089253117066,4.107061770714367,0.9389396900250061
2023-01-17 20:00:00,3.976049276793777,2.2628604669401557,0.0,9.56,11.822860466940156,667.2749455779956,1.7718124358317031,0.9837615668178401,60.020222587459195,4.232221600831442,0.9386026348272043
2023-01-17 21:00:00,6.0976495675997295,8.161874003416209,0.0,9.56,17.72187400341621,606.8976885174557,2.920076042258067,0.9945097540090215,60.05772483723755,3.948651141100582,0.9393662895661564
2023-01-17 22:00:00,2.692565755766991,0.7027509721840428,0.0,9.56,10.262750972184044,558.5507653154839,1.8373891165268348,0.9820773906405498,59.93391056630138,3.7833330857576177,0.9398114907923941
2023-01-17 23:00:00,4.518993823181674,3.3222150699266395,0.0,9.56,12.882215069926641,626.1597826882486,2.0573367095887756,1.0060687437249964,60.037173602801204,4.830953762436663,0.9369902501909245
2023-01-18 00:00:00,5.020381334196398,4.555254222463165,0.0,9.56,14.115254222463165,594.239481227273,2.37534776270859,1.0266415238543354,60.10784307441987,3.251225407040604,0.941244455815869
2023-01-18 01:00:00,5.78479794014878,6.968945728520343,0.0,9.56,16.528945728520345,550.7469171097063,3.00118715421295,0.9627792014133577,59.97775218667002,3.8368935794324557,0.9396672524790867
2023-01-18 02:00:00,6.155374970955682,8.39587653714489,0.0,9.56,17.95587653714489,526.5418112398664,3.4101520817242523,1.002253153775013,60.006812285014064,3.6891238159757505,0.9400651961867798
2023-01-18 03:00:00,2.4591825258993754,0.5353955946878154,0.0,9.56,10.095395594687815,584.5050808759025,1.7271698613054811,1.017131768837727,60.04837788340028,3.9963014405022967,0.9392379673954157
2023-01-18 04:00:00,1.6166582181615246,0.15210978191958263,0.0,9.56,9.712109781919583,464.480556033063,2.090961538813747,0.9915704450538846,60.05513342160897,3.91526374909035,0.9394562017528985
2023-01-18 05:00:00,7.216760204467592,13.530982292748648,0.0,9.56,23.09098229274865,437.43661828564643,5.278703548697933,0.9773791525140823,60.08784535729984,4.037779063302163,0.9391262682316818
2023-01-18 06:00:00,5.302656524740545,5.3676351924083985,0.0,9.56,14.927635192408399,449.7023822354478,3.319447657404855,1.008419270542548,59.8985625044018,3.2798379544539884,0.9411674022770539
2023-01-18 07:00:00,3.1177810871817915,1.0910366898809702,210.31609008161504,31.71680009009814,32.80783677997911,472.56853931937314,6.9424504701966185,1.020033070067542,59.94710774976147,4.026283003026554,0.9391572271013647
2023-01-18 08:00:00,7.693889262687373,16.396090038204257,392.8675333288805,50.948594636197555,67.3446846744018,502.098455204968,13.41264526434565,1.0178104435529094,59.950812130795036,3.4848376277744215,0.9406153385248445
2023-01-18 09:00:00,4.799872987806892,3.980995961382451,538.0848745707824,66.24724153603192,70.22823749741437,456.87476188187145,15.371441663387925,1.0073181867582965,59.90960878348373,3.3686626979763825,0.940928197402218
2023-01-18 10:00:00,6.904165507388642,11.847755472035391,804.1387585361446,94.27601821178283,106.12377368381821,409.0315929112644,25.945128817186692,1.001958274752173,59.820158607864215,3.1296684375723824,0.9415718085164119
2023-01-18 11:00:00,4.657766282509817,3.6377728630340083,788.1589159365163,92.59254179391199,96.23031465694599,522.1616456119704,18.429219278287785,0.982019748892314,59.69,4.525305117512282,0.9378133614429651
2023-01-18 12:00:00,8.621495849763974,23.070147498879265,853.3826386602252,99.46386098285473,122.53400848173399,483.16233463677827,25.360836244375314,1.017304899006879,60.1195452711753,3.8548838417131197,0.9396188047350633
2023-01-18 13:00:00,7.988066596004297,18.349639289300786,818.813047224339,95.82195452508411,114.17159381438489,482.73320814199,23.651075146419743,1.0161991362670502,59.84461069955525,4.253287366623517,0.9385459047577464
2023-01-18 14:00:00,3.9569574783116908,2.230420000317822,756.1992739654804,89.22559351226336,91.45601351258118,501.3646218961106,18.241417427241622,0.9772388336268947,60.15665091267059,4.455186686609487,0.9380021902515004
2023-01-18 15:00:00,6.375646207760865,9.329860052043012,678.5913876239482,81.04960268618294,90.37946273822595,584.718161699407,15.456927569266849,1.0072895945569298,60.07394094886165,4.358633330627107,0.9382622082658156
2023-01-18 16:00:00,5.70099410647068,6.670436848477733,497.1109015375143,61.93063347697713,68.60107032545486,590.9112771946836,11.609368948099007,1.0130564775103956,59.95943116201938,3.9410014381793648,0.9393868902023894
2023-01-18 17:00:00,7.125364290024226,13.023380202982146,212.82049827034734,31.980639492781094,45.00401969576324,614.8093350361215,7.319996156714039,1.0176422754415102,60.06164221048147,3.7757970579034597,0.9398317853018757
2023-01-18 18:00:00,2.4362359737947097,0.5205477289105078,1.1612782791605527e-13,9.560000000000013,10.08054772891052,658.944029559693,1.5298033333189696,0.9985002076174556,60.042513324671376,3.7519198192813272,0.9398960866626176
2023-01-18 19:00:00,5.716291964060703,6.7242787517423235,0.0,9.56,16.284278751742324,606.2743404927087,2.6859587589519904,0.9828486485170771,59.88982256370602,4.280097593860113,0.9384737048639314
2023-01-18 20:00:00,6.439270263286936,9.611971195038674,0.0,9.56,19.171971195038672,674.7310344573007,2.8414242440262236,0.9899576764027191,59.998502222637036,3.989588709883747,0.9392560447669198
2023-01-18 21:00:00,0.7833023163792725,0.0173017779211762,0.0,9.56,9.577301777921177,614.7642585541873,1.5578820083726455,0.9798550028308808,59.90201612274585,4.698264495977021,0.9373475821472791
2023-01-18 22:00:00,1.9127536656153126,0.25192985083911623,0.0,9.56,9.811929850839118,685.2691572049058,1.431835906764034,0.9989787866977003,60.06541280021711,4.749403968653424,0.9372098636391739
2023-01-18 23:00:00,0.17942677734697998,0.00020795256018892467,0.0,9.56,9.560207952560189,622.4192442075401,1.5359756372462712,0.9950622920686262,59.92847790482006,3.341120756013037,0.9410023678024784
2023-01-19 00:00:00,3.6978305742334654,1.820302340928795,0.0,9.56,11.380302340928795,529.0870310625867,2.1509320154896403,1.0429007284153742,59.99033704638033,3.2724673030914513,0.9411872514279404
2023-01-19 01:00:00,5.6506161513379,6.495160993503341,0.0,9.56,16.055160993503343,471.81354896651567,3.4028613694268386,1.0178935428487625,59.98602010809893,4.2608018520719995,0.9385256682619245
2023-01-19 02:00:00,7.199269034735911,13.432835945622207,0.0,9.56,22.992835945622208,530.9619286242482,4.330411411077612,1.0193909613377818,60.012157900053936,3.6024514961245586,0.9402986045885334
2023-01-19 03:00:00,4.321905273813388,2.906218295951271,0.0,9.56,12.466218295951272,469.5868741659203,2.654720347133585,1.0094270498165545,60.166255508111405,3.037141437530198,0.9418209835614088
2023-01-19 04:00:00,7.4102466651656105,14.648747547575164,0.0,9.56,24.208747547575165,452.0272161202228,5.355595124417579,0.9926536470666296,59.97590394171441,4.77728533872591,0.937134779159625
2023-01-19 05:00:00,1.3722531736573589,0.09302618959072459,0.0,9.56,9.653026189590726,458.9693891124464,2.1031960776856424,0.9944922008236385,60.121792714197454,3.4538015344876163,0.9406989186683457
2023-01-19 06:00:00,0.7052739481401775,0.012629205394895286,0.0,9.56,9.572629205394895,450.4040613649537,2.1253425593865547,0.9963226140036676,60.047999699433504,4.858561303371618,0.9369159031327514
2023-01-19 07:00:00,3.980669941373472,2.270758815980128,220.806226389778,32.821935950163116,35.09269476614325,446.8129145470498,7.8540018928767905,1.0037646654540227,60.14184025460366,4.4348689017565075,0.9380569060096323
2023-01-19 08:00:00,4.839768068818997,4.081089794393782,443.98887666398144,56.334228156550445,60.41531795094423,371.4489477043898,16.264770252902842,1.0077833962044689,59.96615642151852,4.525306979822968,0.9378133564277658
2023-01-19 09:00:00,3.986266358821263,2.280349655563646,691.4901737882177,82.40848980858874,84.68883946415238,452.87844681570874,18.700125841629,1.0000141725536105,60.069613624196954,3.402922991586321,0.940835934493035
2023-01-19 10:00:00,0.0,0.0,611.1842896683023,73.94826491655564,73.94826491655564,402.72028649238956,18.3621901843162,0.9941880304531373,59.994073197739965,3.468388851233626,0.9406596350505377
2023-01-19 11:00:00,3.833899776327212,2.0287324112062355,814.3267047459776,95.34931834498873,97.37805075619497,368.29601079477635,26.440158975942975,0.9881176873902403,59.701060697883676,4.0425355076481315,0.9391134591355974
2023-01-19 12:00:00,1.3836691799137188,0.09536725959872841,906.3166127291682,105.04045515101787,105.1358224106166,421.34097655007656,24.952669752527893,0.9721470248443349,59.89101564149795,3.344199705299724,0.940994076197577
2023-01-19 13:00:00,5.312574474813098,5.397810013716146,885.5724729862038,102.85506002909656,108.2528700428127,487.3530352096028,22.212413224482095,1.025667583300933,60.05823769459528,3.6108633853660645,0.9402759513859082
2023-01-19 14:00:00,4.6872014120062016,3.7071772240155583,786.14298624583,92.38016360099819,96.08734082501374,477.3297595734437,20.130180215639665,1.0441105913653084,60.051626491628,3.6429249558956087,0.9401896096340333
2023-01-19 15:00:00,2.0551767002640284,0.3124999870701374,523.4927443208354,64.7099606142,65.02246060127014,529.9347573908487,12.26989920823657,1.023986735618565,59.87050226113651,3.3192598665055284,0.9410612391386745
2023-01-19 16:00:00,2.8882910539496214,0.8674118802285292,394.9093382557521,51.16369878524349,52.03111066547202,566.8417615817533,9.179124438587749,0.9748186874813851,60.0220367548838,3.4103656667903213,0.9408158913820727
2023-01-19 17:00:00,1.778845163322544,0.20263615799588255,209.0260544973289,31.5808948412936,31.783530999289482,571.9633029812541,5.556917871063344,1.015740331392818,60.05032602265255,4.577103684016513,0.9376738679963649
2023-01-19 18:00:00,3.753321461894014,1.9034864395748623,1.1527981948530693e-13,9.560000000000013,11.463486439574876,578.4660971986202,1.9817041128408277,1.0204755260324163,59.99653344302624,3.334391709094537,0.9410204891137489
2023-01-19 19:00:00,5.770533293539931,6.917518893190934,0.0,9.56,16.477518893190933,565.7658876951378,2.912427074795612,0.9919312460275729,60.072881863765964,3.056914783687845,0.9417677339757059
2023-01-19 20:00:00,1.8705285063129602,0.23561096285894942,0.0,9.56,9.79561096285895,607.352501202338,1.6128378402109464,1.0097785447927805,60.059255530792875,4.258709885257877,0.9385313019247992
2023-01-19 21:00:00,4.831969917998826,4.06139440669965,0.0,9.56,13.62139440669965,541.3380479572427,2.516245524972878,0.9908739393495476,59.99648564205953,4.9519662387849,0.9366643638093763
2023-01-19 22:00:00,2.745423658397608,0.74495598958797,0.0,9.56,10.30495598958797,572.7167860827391,1.7993109753376841,1.0305785798962748,59.94891751811359,3.6624276292462428,0.9401370889697138
2023-01-19 23:00:00,2.20242232504494,0.3845955924148616,0.0,9.56,9.944595592414862,549.5713418027098,1.8095185894873074,1.0073074184443063,60.10425415920925,3.2373114063925046,0.9412819261946341
2023-01-20 00:00:00,3.556504803658702,1.6194692256254277,0.0,9.56,11.179469225625429,506.1245074988547,2.2088377582962084,0.9816568901725791,60.04631620978788,4.140774650735062,0.9388489012996363
2023-01-20 01:00:00,1.6826481927942454,0.1715072451026901,0.0,9.56,9.73150724510269,482.78782357509607,2.015690282542718,1.0133961619601868,59.86185673474697,4.812708422191292,0.9370393848594489
2023-01-20 02:00:00,2.628572648637321,0.6538264031418931,0.0,9.56,10.213826403141894,492.10451327713446,2.0755400788998366,1.021175613469805,60.022089765608136,4.568123559656957,0.9376980514551428
2023-01-20 03:00:00,1.3230263180222113,0.0833696447522975,0.0,9.56,9.643369644752298,484.928226851358,1.9886179254539906,1.0039626330227176,59.88489752905423,4.245031736825432,0.9385681371539709
2023-01-20 04:00:00,7.631316936475844,15.999299660817686,0.0,9.56,25.559299660817686,379.772447837013,6.730161655062186,1.0095888338348653,59.903543206757085,3.6301129932151985,0.9402241122265299
2023-01-20 05:00:00,3.755653353780297,1.9070364815240635,0.0,9.56,11.467036481524064,452.3801136835682,2.5348232901203636,0.9986049314154241,59.934808996461435,4.08376034655244,0.9390024407184404
2023-01-20 06:00:00,2.269111099643915,0.4206004969047336,0.0,9.56,9.980600496904733,353.32440468003523,2.82476963512979,0.9773143909370753,60.00448732356597,3.1824896826085105,0.9414295609983613
2023-01-20 07:00:00,4.080135350911203,2.4452665754566465,192.26504405731166,29.815122391437782,32.26038896689443,371.88903390290795,8.67473521021244,0.9969653248315898,60.03744855775913,4.35789084856134,0.9382642077686858
2023-01-20 08:00:00,3.411311639798174,1.4291133925733763,463.0141883385453,58.338544741465746,59.767658134039124,378.6317027185716,15.785170049129,1.0104607926592712,59.95910581107587,4.4501920377953015,0.93801564083179
2023-01-20 09:00:00,3.178000780059849,1.1554854979348703,658.087900861725,78.88956035578272,80.0450458537176,440.0507129926905,18.189959359308478,0.9974394626403352,59.963481738370625,4.930063245819838,0.9367233485301081
2023-01-20 10:00:00,4.832426869944972,4.062546755092489,777.3116274465784,91.44977995149704,95.51232670658952,360.4348025327983,26.499196535800184,1.0160153085347918,59.949675634469834,3.5207947174901433,0.9405185061467949
2023-01-20 11:00:00,5.103444838242959,4.785119363977513,898.1514280279869,104.18025294274841,108.96537230672593,338.69299453612575,32.17231358917388,0.9921563687760483,60.104751363708765,3.036912838086045,0.9418215991793014
2023-01-20 12:00:00,2.511946721654103,0.5706026340223439,953.7764319033195,110.0403471010147,110.61094973503705,458.0171971499115,24.149955596281572,0.9934681834509834,59.71470564964004,4.091216928854301,0.9389823601556886
2023-01-20 13:00:00,2.406016963641684,0.5014164246226599,853.9568967201044,99.524359069463,100.02577549408566,412.422701770007,24.253217648980527,1.016622399959878,59.96913225903252,4.413581008793629,0.9381142342671626
2023-01-20 14:00:00,2.9924404728297374,0.9646706394886359,629.2379626069459,75.85021936064174,76.81489000013038,452.4581556268543,16.977236247119436,1.004437050336061,60.15449847953823,4.580814951765976,0.9376638735589785
2023-01-20 15:00:00,0.0,0.0,598.4162261038316,72.60314942003866,72.60314942003866,455.6552279365889,15.933790499632423,0.9917655683768881,60.05172300502774,3.387477866049621,0.9408775281883762
2023-01-20 16:00:00,0.48250515793777105,0.004043974250302578,361.64740020074066,47.65955361114803,47.66359758539833,502.54469985265456,9.484449363285144,1.0206761075201725,60.126684724056716,3.5235057380740473,0.9405112053732296
2023-01-20 17:00:00,6.232091068687545,8.713725481873169,212.817301010765,31.98030266148409,40.69402814335726,508.8047450766137,7.997965533365795,0.9862252856409894,59.796575114048906,4.025181850534593,0.9391601925030486
2023-01-20 18:00:00,6.773923723166295,11.189827892867052,1.0068212570490921e-13,9.560000000000011,20.749827892867064,570.2016079174092,3.639033563699205,0.985461020819653,59.87577507685309,3.6612016199400035,0.9401403906105744
2023-01-20 19:00:00,2.971753583448587,0.9448021784468357,0.0,9.56,10.504802178446836,562.3221445646883,1.8681110605343385,0.9434110237787185,60.05140481406865,4.72102297317489,0.9372862936090443
2023-01-20 20:00:00,4.608969637642255,3.5246341292360155,0.0,9.56,13.084634129236015,542.8741582256818,2.4102517924230455,0.988920629028451,60.15506305932577,3.9475203074774408,0.9393693348990733
2023-01-20 21:00:00,4.064579816024795,2.4174052968371678,0.0,9.56,11.97740529683717,589.7745549727968,2.0308447008856843,1.0261743335784457,59.88587637831553,4.599157288204006,0.9376144776798815
2023-01-20 22:00:00,9.58625971480414,31.71393074388739,0.0,9.56,41.27393074388739,557.5582559428041,7.402622112391677,0.9585541462765512,59.96122382172935,4.161239520964708,0.938793789440849
2023-01-20 23:00:00,5.654262341544576,6.507742565209364,0.0,9.56,16.067742565209365,478.63504364945527,3.356992509929366,0.9809615971954156,60.0401464141867,4.546180283234224,0.9377571446591537
2023-01-21 00:00:00,3.1460886056851516,1.1210251350777893,0.0,9.56,10.681025135077789,513.844703813438,2.0786484818875857,1.0087813711178033,59.85475016029123,3.6653459730606475,0.9401292298750611
2023-01-21 01:00:00,1.4778520309794496,0.116197118683372,0.0,9.56,9.676197118683373,467.68154541673994,2.0689713360532846,0.9551026645221454,60.0521691259581,4.662833243860622,0.9374429984456176
2023-01-21 02:00:00,0.16324823806666755,0.0001566202845636787,0.0,9.56,9.560156620284564,477.97557901865514,2.0001349524828833,0.9897860277298047,59.732431535096374,3.549144631102043,0.9404421598803355
2023-01-21 03:00:00,3.7704759337485503,1.9297054352985619,0.0,9.56,11.489705435298562,414.08922267093607,2.77469318355795,1.0228172643122149,60.04922394644649,4.092197616006581,0.9389797191669481
2023-01-21 04:00:00,1.8384557308546123,0.2236979637855472,0.0,9.56,9.783697963785547,362.502323873881,2.698933860404552,1.0408605160369797,59.900491503211214,3.4280142263477487,0.9407683638428695
2023-01-21 05:00:00,0.4944600812699873,0.004352073371201233,0.0,9.56,9.564352073371202,359.41406627319896,2.6610956472975427,1.0058049313133406,59.95524028094836,3.9510530432523865,0.9393598212479738
2023-01-21 06:00:00,2.0338346589498437,0.3028652404436447,0.0,9.56,9.862865240443645,373.76864393888656,2.6387620792653443,0.9814706596351777,60.065188394793694,3.6363504190174063,0.9402073148500428
2023-01-21 07:00:00,1.1521009079651359,0.05505212121422232,236.07556562708615,34.43056083881353,34.48561296002775,316.53890997097614,10.894588903206175,0.9807974252270344,60.04472521554923,3.5334068612744285,0.9404845416662269
2023-01-21 08:00:00,6.677901131247629,10.720683021201024,357.533901719596,47.226196546159436,57.94687956736046,323.04470077768207,17.937727945346875,1.002898159386618,59.99920187956483,4.933970036056075,0.9367128275510159
2023-01-21 09:00:00,5.055523660849319,4.651584800040822,510.4395614754602,63.33480780143973,67.98639260148055,333.01036436203,20.415698692059205,1.005619266423302,60.096904055163535,3.3201482109734615,0.9410588468286172
2023-01-21 10:00:00,3.265131356256816,1.2531540836076556,710.8873318288745,84.45198040817193,85.70513449177959,315.1699157059888,27.193310725675662,1.037158575201165,59.82998239873812,4.57465167491479,0.9376804712524736
2023-01-21 11:00:00,6.230004465150422,8.70497592900059,761.7166927399178,89.80685358015035,98.51182950915094,342.85322353339683,28.73294539683832,1.019416097050744,60.02044143715014,4.96832991896643,0.9366202964480257
2023-01-21 12:00:00,3.414100242367434,1.4326209770538005,769.7152969168143,90.64950653018639,92.08212750724019,391.4301101450345,23.52453863938098,1.0016821297577698,59.920982986914154,3.0398029674801554,0.9418138160660319
2023-01-21 13:00:00,1.5262513741880996,0.12799137500681715,757.5769292421512,89.37072949566063,89.49872087066744,446.446032310247,20.046929392010465,0.9932958549348117,60.091803146867996,4.39805482808419,0.9381560462439384
2023-01-21 14:00:00,6.2847335941819935,8.936410694208627,814.968722808361,95.41695494786083,104.35336564206946,445.7680139322231,23.40979217453137,1.0602942341860442,60.06870670696361,3.5058236111125742,0.9405588233093916
2023-01-21 15:00:00,4.306181489835457,2.8746136942886356,692.0937842281414,82.47208016843469,85.34669386272333,460.7596711200903,18.523039061827735,1.0125318959999179,60.0723348218864,3.080975648656609,0.9417029381095423
2023-01-21 16:00:00,1.1439561276467254,0.053892782590369205,410.76540417913486,52.834135330271856,52.88802811286222,461.3154811723395,11.464611588247168,0.9866249657284492,60.164538183270714,3.8057791579132614,0.9397510435603772
2023-01-21 17:00:00,2.8280699398867095,0.8142784431788629,251.5289668704111,36.05857665979781,36.87285510297667,539.8190948611706,6.830594814816536,0.9955075415281704,60.1126347532435,4.87043562034175,0.9368839256184692
2023-01-21 18:00:00,1.4480222137388807,0.10930201635776608,9.753683638450029e-14,9.560000000000011,9.669302016357777,535.8613097677579,1.804441156714309,0.9824509051999379,59.984257866622656,3.0235301887339956,0.9418576386299802
2023-01-21 19:00:00,0.4243839703261352,0.002751562711429511,0.0,9.56,9.56275156271143,511.6442941142384,1.8690233962770018,0.9519090094829922,59.99987321465125,4.175771383859564,0.9387546551601628
2023-01-21 20:00:00,5.033277232705558,4.590447836994521,0.0,9.56,14.150447836994521,563.2130581514558,2.5124502410221585,1.0062530198241464,60.060093838071175,4.002792957190649,0.9392204857526284
2023-01-21 21:00:00,6.990908807663726,12.299951866338818,0.0,9.56,21.859951866338818,549.6334988651296,3.9771869639450177,1.0356490843311463,60.01361746747478,4.746768328742095,0.9372169614127233
2023-01-21 22:00:00,0.36630912556376716,0.0017694802304984863,0.0,9.56,9.561769480230499,498.4502342883656,1.9182997263270987,0.9673888559550539,60.070517332190974,3.168003429041251,0.9414685724532103
2023-01-21 23:00:00,4.280967507762544,2.824413609695506,0.0,9.56,12.384413609695507,503.92293482163757,2.4576007071555384,1.0011052519175803,59.7769679575227,4.363052059773301,0.938250308636158
2023-01-22 00:00:00,1.8455453128708856,0.22629587569270634,0.0,9.56,9.786295875692707,481.1252440293104,2.034043317647353,0.9858619044172481,60.18808035187933,4.360219396866555,0.9382579369922803
2023-01-22 01:00:00,2.164598380225928,0.36511904612995316,0.0,9.56,9.925119046129954,550.7964685877987,1.8019576399204633,1.010430050511397,60.00610285835563,4.3381600337245665,0.9383173428176178
2023-01-22 02:00:00,1.946297883633156,0.26541803645816336,0.0,9.56,9.825418036458164,461.8607723703683,2.1273549572162227,0.9965533968655087,59.83775346691074,4.8846689898700735,0.9368455951798831
2023-01-22 03:00:00,1.3955592560357888,0.0978469618603414,0.0,9.56,9.657846961860342,425.6293830117936,2.269074304391418,0.9727989069116479,59.90862066484165,4.64617505801376,0.9374878589101963
2023-01-22 04:00:00,3.213258168074697,1.1943713063650028,0.0,9.56,10.754371306365003,410.0883175588999,2.622452492765874,0.9803779257210052,59.78706729488308,3.0839454524870122,0.9416949404331588
2023-01-22 05:00:00,1.4472084075520555,0.10911783270165347,0.0,9.56,9.669117832701653,416.5726254038687,2.321112152611422,0.9833939893603159,59.89097649198143,3.942165701409026,0.9393837548436023
2023-01-22 06:00:00,3.6431361726924725,1.7407191793136048,0.0,9.56,11.300719179313605,356.80448116500065,3.1672021445514584,1.026886364159744,59.98577515713602,3.795906112402667,0.9397776316542118
2023-01-22 07:00:00,2.9950808599674033,0.9672264317352522,229.68512040054978,33.75732743419792,34.724553865933174,331.618564311719,10.471233399735834,1.025865185538603,60.15147146124944,3.620294442181604,0.9402505535668358
2023-01-22 08:00:00,2.611216727439191,0.6409604880179907,360.76637093397693,47.566737177894474,48.20769766591246,371.2369227195211,12.985695849637942,0.9937730422577461,60.04106745854198,3.9026734503081943,0.939490107404915
2023-01-22 09:00:00,1.2677629147237743,0.07335278897817067,639.7797266551189,76.96079420311678,77.03414699209495,344.06750626765233,22.38925373329779,1.024556068669027,60.02328606119646,3.768388369851955,0.9398517368854974
2023-01-22 10:00:00,1.9233471445076293,0.25613889514149235,669.0734769891583,80.04689080080783,80.30302969594932,327.20902562573957,24.541813766408637,0.9965363232120765,59.886489547878426,3.8646677997573304,0.9395924565536158
2023-01-22 11:00:00,4.581894430291712,3.4628823468191756,883.0356643479029,102.58780723905156,106.05068958587073,337.257154805262,31.445052558516124,0.9934667448309963,59.91755146943465,4.958523731217285,0.9366467044940288
2023-01-22 12:00:00,4.067391573047345,2.422425638263666,946.7604383152591,109.30121217651255,111.72363781477621,441.78732240178454,25.28900947346988,1.0011423568110236,59.92530723066278,3.1772659494991613,0.9414436285022464
2023-01-22 13:00:00,1.1051153965404092,0.04858759351179125,909.1173641152861,105.33551430954539,105.38410190305719,423.975858373925,24.856156269660477,1.0056965055724727,59.92938713878139,4.84446173967746,0.9369538732324664
2023-01-22 14:00:00,3.25378306051546,1.2401330515850524,749.7617446663202,88.54739980059682,89.78753285218187,428.2214043568265,20.967549015220197,0.9888911041427,59.96484631237514,3.9604734269420536,0.9393344521716103
2023-01-22 15:00:00,4.553009524051714,3.3978028562480813,605.3194442971858,73.33040345670851,76.72820631295659,464.7602830555887,16.50920035776365,1.0004373148436445,59.972398893828355,4.247484490999082,0.9385615318913848
2023-01-22 16:00:00,0.0,0.0,371.4313942009117,48.690297379066045,48.690297379066045,520.1317674168491,9.361146622687283,1.0157464501129305,59.96609216263732,4.660365933235388,0.9374496429087018
2023-01-22 17:00:00,4.127863580148176,2.5320863319295475,241.37563665314127,34.98892332140843,37.52100965333798,507.8169385199919,7.3886880895881815,1.0025907927841209,59.93286757697315,3.7209260582985113,0.9399795528053002
2023-01-22 18:00:00,1.7116874603228938,0.18054102674826766,9.569669481099377e-14,9.560000000000011,9.740541026748279,489.0283743797198,1.9918151046149648,1.0008556580424863,60.013505316581224,3.860843816175934,0.9396027545345351
2023-01-22 19:00:00,4.174149747100568,2.6182226559869277,0.0,9.56,12.178222655986929,552.276234069943,2.2050962733342274,1.0098836042856159,59.968558521663326,3.819036960557428,0.9397153403216586
2023-01-22 20:00:00,1.502677480690255,0.1221517898609987,0.0,9.56,9.682151789860999,582.1588604038054,1.6631459981808274,1.0133341212171723,59.84044327537778,3.7494620450715197,0.9399027054441521
2023-01-22 21:00:00,0.0,0.0,0.0,9.56,9.56,576.7449380446728,1.6575784838981131,0.9987476836277416,60.00343818222579,4.85105864329379,0.9369361077828713
2023-01-22 22:00:00,0.0,0.0,0.0,9.56,9.56,515.731068110925,1.8536792896765735,0.990516378858437,59.98832360022184,4.657859782386025,0.9374563919684398
2023-01-22 23:00:00,3.1154543262930017,1.0885958314110256,0.0,9.56,10.648595831411026,554.6942836890046,1.9197233763781272,1.0037840660694848,59.84203725474448,3.217999979725952,0.9413339318319768
2023-01-23 00:00:00,3.5358793173381438,1.5914566086251984,0.0,9.56,11.1514566086252,541.3884992101487,2.0597882343076117,0.968120725403534,59.94086985533035,3.216246704954192,0.9413386533977894
2023-01-23 01:00:00,1.2051781546896465,0.06301678661755845,0.0,9.56,9.623016786617558,548.1163248266139,1.7556522859744446,0.9957935600899229,60.059707256101134,3.8557390297059824,0.939616501715334
2023-01-23 02:00:00,4.288600823279511,2.839549047406459,0.0,9.56,12.39954904740646,502.21061090007663,2.4689938400910374,0.9505688018337148,59.88635500613393,3.1973147534656183,0.941389637109159
2023-01-23 03:00:00,0.0,0.0,0.0,9.56,9.56,413.4701902107678,2.31213766465891,0.96648416433127,59.87578209302715,4.2381861905422396,0.9385865721978216
2023-01-23 04:00:00,2.8751482519258946,0.8556245369655799,0.0,9.56,10.41562453696558,487.4021681252504,2.136967214780428,0.9634762830116658,59.967511637800825,3.2873832145234676,0.941147082905233
2023-01-23 05:00:00,0.5835632052094857,0.0071542844542072164,0.0,9.56,9.567154284454208,415.84283741731383,2.3006658823013972,1.020947034849061,60.0622932269812,4.044746527933603,0.9391075048619382
2023-01-23 06:00:00,1.70043918013196,0.17700511231845587,0.0,9.56,9.737005112318457,415.7012743389706,2.3423082182756843,1.0002796363193864,60.18103275907227,3.0144398940074355,0.9418821187773587
2023-01-23 07:00:00,3.097652677887255,1.0700416055816004,186.04091197356743,29.159410076415327,30.229451681996927,348.08607851693785,8.68447592353969,0.9747590195356733,60.065893535485365,3.6331926968252937,0.9402158185902371
2023-01-23 08:00:00,1.2810007883748085,0.0756746971948559,475.9007738534003,59.696146525455724,59.77182122265058,400.159795002342,14.936988165515418,1.009821320868907,60.10848277401561,4.354381447345311,0.93827365857986
2023-01-23 09:00:00,2.2319169366136773,0.40025483253662913,495.7850747952309,61.79095762967758,62.19121246221421,421.49524935337297,14.754902352428264,1.0197730895873303,60.034669762850164,3.968077880455697,0.9393139733919506
2023-01-23 10:00:00,5.013042532959707,4.535306777001705,670.3445049458714,80.18079359604756,84.71610037304927,456.4570697195083,18.559489159650237,1.0101697111229475,59.931488402035725,4.956538971997976,0.9366520494470431
2023-01-23 11:00:00,1.8463304917611885,0.22658482825597703,890.8455871942314,103.41058261091227,103.63716743916825,456.3013157252037,22.71244107075536,0.9962257974301483,60.065171107659694,4.748207592132422,0.9372130854789971
2023-01-23 12:00:00,4.671384224130284,3.6697735822963713,794.881044918792,93.30071808219473,96.9704916644911,451.6267411183812,21.47137953442687,1.0046497323683874,59.99143919510719,3.7181415580863026,0.9399870514593726
2023-01-23 13:00:00,0.7407005214922497,0.014629532633014919,705.674225142917,83.9027796188063,83.91740915143932,412.78677488929634,20.329481043559305,1.0180299306628546,60.0377033837828,3.090973082944549,0.9416760150369536
2023-01-23 14:00:00,4.060065270361392,2.409359174045167,699.8093001449045,83.28490977026568,85.69426894431085,488.96818371492265,17.525530657894944,0.9906150832467469,59.905397017364905,4.691252600230038,0.937366465169937
2023-01-23 15:00:00,5.884165266389129,7.334273263506902,552.3338247475275,67.74836843715201,75.08264170065891,493.10661755386417,15.226451851958226,1.0005973384651565,60.04664458008398,4.822468620629342,0.937013100662578
2023-01-23 16:00:00,0.0,0.0,476.40678532408316,59.74945483389216,59.74945483389216,542.0493362444874,11.02288128380672,0.9948561391078714,59.98794918032341,4.641254786838074,0.9375011091916389
2023-01-23 17:00:00,1.4090648243134731,0.10071529308707633,205.50345421603978,31.209788901659792,31.31050419474687,519.2209031348018,6.030285761938582,0.9677316829469503,60.02312577471841,3.2558998818395297,0.9412318674636277
2023-01-23 18:00:00,4.158255650097359,2.588427824517686,1.1471018472943162e-13,9.560000000000013,12.148427824517698,565.2975331446869,2.149032520438813,1.0183313636128861,59.99149268251749,4.995830268824576,0.93654623805523
2023-01-23 19:00:00,2.599504832648414,0.6323745570651333,0.0,9.56,10.192374557065135,566.0770901147248,1.8005276551643314,1.0411454372998803,59.97227968846583,3.5171684431055477,0.9405282716972022
2023-01-23 20:00:00,3.749599595963145,1.8978294512976897,0.0,9.56,11.457829451297691,568.5550093209226,2.015254331323688,0.9825241075751762,60.04846907796184,4.44840982561674,0.9380204403259872
2023-01-23 21:00:00,1.8012776253689746,0.2103993840684775,0.0,9.56,9.770399384068478,565.4454970491722,1.727911785495893,1.019253604697726,59.95939088711084,4.816069752671443,0.9370303328025006
2023-01-23 22:00:00,3.1845954806705628,1.1626937129948662,0.0,9.56,10.722693712994866,567.5268988867965,1.8893718930375671,0.983160124404768,59.841131186962244,3.4713742286614186,0.9406515954344845
2023-01-23 23:00:00,2.7024569341143048,0.7105241541515636,0.0,9.56,10.270524154151564,564.2965208900954,1.8200580322471795,1.0026557563015412,59.812602992431756,4.816517109354132,0.9370291280717572
2023-01-24 00:00:00,5.351998437214794,5.518873436948315,0.0,9.56,15.078873436948316,499.136766487258,3.0209903275745265,1.0301602454757954,60.0184416569427,3.618963158389734,0.9402541387116973
2023-01-24 01:00:00,3.5281261195726636,1.5810106849052405,0.0,9.56,11.141010684905241,478.6804929435177,2.3274419678973284,0.9895912202921577,59.95527821852711,4.952826444768112,0.9366620472762079
2023-01-24 02:00:00,3.6975668692264385,1.8199129326522083,0.0,9.56,11.379912932652209,513.9308339257452,2.2142888072554188,0.9997062717121625,59.827090082256795,3.5625200407609494,0.9404061399261374
2023-01-24 03:00:00,2.2019114836336344,0.3843280391120781,0.0,9.56,9.94432803911208,492.2765982719809,2.02006922003184,0.9639699400698385,60.01065349670538,4.90687164951567,0.9367858034573187
2023-01-24 04:00:00,2.053983345630302,0.3119559363197557,0.0,9.56,9.871955936319756,479.7649106215197,2.057665268502226,0.9867159131210753,59.99061254450267,3.10708930178535,0.9416326140885493
2023-01-24 05:00:00,2.1678360342750076,0.3667598560780814,0.0,9.56,9.926759856078082,431.55072535906,2.300253312705892,0.9618745535599859,59.950038640677725,4.418544023339626,0.9381008688779005
2023-01-24 06:00:00,3.82583926297118,2.015963479208596,0.0,9.56,11.575963479208596,437.772989565638,2.6442845390471357,1.0085835623975,60.02468093181808,4.064222267674007,0.9390550567297827
2023-01-24 07:00:00,2.1991742337477795,0.3828965174614094,194.13652327370443,30.012282726884763,30.395179244346174,431.2946876450363,7.047427226685895,1.0166327511790316,60.13150940101078,3.9557541542454615,0.9393471611645094
2023-01-24 08:00:00,3.6251264547562014,1.7150310317697897,456.95690759514775,57.700410215148814,59.415441246918604,402.0548312174373,14.777944855682096,0.9955673022685839,60.12845907186851,3.44698862851168,0.9407172658119075
2023-01-24 09:00:00,7.201036874599014,13.44273400659983,636.3364402780688,76.59804398329455,90.04077798989438,457.90266614672765,19.663737437388548,1.0057177393451358,60.01437646431086,4.411191579552984,0.9381206689958178
2023-01-24 10:00:00,4.797367856520393,3.974765975648476,857.2042868603105,99.8664716207337,103.84123759638219,442.7986230886094,23.451120256894356,0.9934853908949911,59.991528956713715,3.381618982892614,0.9408933061501994
2023-01-24 11:00:00,2.4081788218018287,0.5027692398606084,896.679895317906,104.0252269717414,104.52799621160202,469.7897288686454,22.24995349798896,1.0148109073174887,60.015773520761165,4.1056835919695365,0.9389434014578917
2023-01-24 12:00:00,5.467985042126472,5.885514776095609,985.2318123194013,113.35417142784893,119.23968620394453,476.15694606191704,25.042097398793214,1.002589238702504,60.03090069327744,3.506490726080502,0.9405570267699807
2023-01-24 13:00:00,2.254961232597097,0.4127810394790186,879.7286827363113,102.23941672627038,102.65219776574939,561.319862705001,18.287647486954825,0.9602867328839289,59.9731701822942,4.911242759562712,0.9367740320658096
2023-01-24 14:00:00,0.0,0.0,683.6540179498523,81.58295079101694,81.58295079101694,541.9834861969312,15.052663571630216,1.0187996163618565,60.01745430599531,3.0572623876713054,0.9417667978788026
2023-01-24 15:00:00,1.0667176169721615,0.04369692773926218,517.3260221374154,64.06029643217671,64.10399335991598,535.3336791474369,11.974586292050013,0.9922091441083369,59.842637042895824,3.399456560222473,0.9408452695864744
2023-01-24 16:00:00,0.0,0.0,467.27357950174024,58.78727160050833,58.78727160050833,598.7205806544536,9.818815905116997,0.9745924105758319,60.00813488833467,3.4846212127748952,0.9406159213300496
2023-01-24 17:00:00,2.39253011078306,0.493031579474897,231.1887574935434,33.915735601944796,34.40876718141969,545.6741047183561,6.305735764972649,0.99122132055312,60.04768135950246,3.828135651535633,0.9396908375631895
2023-01-24 18:00:00,3.139059279511899,1.1135277702817383,8.749560131554846e-14,9.56000000000001,10.673527770281748,614.2821223818586,1.7375611923875462,0.9619586070290712,59.95101580579936,3.465460483740107,0.9406675211389405
2023-01-24 19:00:00,6.4619832649246955,9.71404224089471,0.0,9.56,19.27404224089471,630.258965455068,3.0581147270119677,0.9750022137752191,59.99045273557139,3.9826981805375707,0.9392746009500783
2023-01-24 20:00:00,3.770069659713369,1.9290817171620824,0.0,9.56,11.489081717162083,628.0221969857624,1.829406949675466,1.0028589922023077,59.88884946192989,4.7449310465170775,0.9372219092104567
2023-01-24 21:00:00,2.6853397377776917,0.6971082405480942,0.0,9.56,10.257108240548094,610.6707906271417,1.6796461199682289,1.0045342337268113,59.87496864170407,4.424126842818342,0.9380858343550672
2023-01-24 22:00:00,4.789896894477872,3.9562251178511514,0.0,9.56,13.516225117851151,580.325913796735,2.3290748864586024,1.0061287766851033,60.02108150779592,4.159923961070222,0.938797332241283
2023-01-24 23:00:00,0.0,0.0,0.0,9.56,9.56,571.1218418805274,1.6738985097333836,1.00006419735527,59.92704369842624,3.1780063559653593,0.9414416345889622
2023-01-25 00:00:00,3.618059567331671,1.7050206335776728,0.0,9.56,11.265020633577674,586.8086430965127,1.919709391827228,0.9861426975305597,59.8223174338424,4.387984216778551,0.9381831663821044
2023-01-25 01:00:00,4.696759422155336,3.729902217881936,0.0,9.56,13.289902217881936,526.2227231465035,2.525528000466439,0.9989108172107887,59.888822170086556,3.3328285686218795,0.9410246986482355
2023-01-25 02:00:00,0.20627178164236604,0.00031595261926078565,0.0,9.56,9.560315952619261,586.8514240785094,1.6290862661926975,0.9912558510610423,59.903362090620796,4.572734771923396,0.937685633468788
2023-01-25 03:00:00,5.4595836131373225,5.85842757710665,0.0,9.56,15.418427577106652,428.6375607185279,3.597078042171723,0.9674843680384964,60.07745804977318,3.5001135170203064,0.9405742005825306
2023-01-25 04:00:00,3.8579149526311025,2.067095059875196,0.0,9.56,11.627095059875197,474.043259582753,2.4527497912551737,0.9845517001797882,60.01791140113685,3.8340974566418016,0.9396747824327419
2023-01-25 05:00:00,2.3594076044532044,0.4728369695645447,0.0,9.56,10.032836969564546,466.3474066636673,2.1513654469189087,1.0177908246233804,59.91283978018427,3.7009404046358556,0.9400333741347329
2023-01-25 06:00:00,4.464822452720964,3.204166542470513,0.0,9.56,12.764166542470512,462.3664830656459,2.7606167423381938,1.031765883041099,59.94122340950288,4.717627829349714,0.93729543672527
2023-01-25 07:00:00,7.750133011662718,16.75830032821151,247.1992088681711,35.60243665426182,52.360736982473334,409.67607116231153,12.781009355493522,1.0130255008823739,60.131208441610724,3.2530889174268163,0.9412394373857447
2023-01-25 08:00:00,3.582180946416628,1.6547982746557983,381.79910820479864,49.78253604937554,51.43733432403133,467.77523942573754,10.996164394502406,1.0308739552198483,60.0936102435197,4.131289764769577,0.9388744440805128
2023-01-25 09:00:00,3.7248025750668123,1.8604254735914463,634.4204782943096,76.39619738830552,78.25662286189697,395.33888166579663,19.79482071992401,1.0017077722026992,59.888193957201814,3.2841232188861245,0.9411558620676316
2023-01-25 10:00:00,2.3197636405621904,0.4494006664451442,728.9201946941938,86.35174251103331,86.80114317747845,430.15999757242025,20.178804088556586,1.0348475216940507,60.11635258596263,4.409591672264373,0.9381249775432736
2023-01-25 11:00:00,1.5491310379150443,0.13383415678711577,931.1979157045582,107.66170041947521,107.79553457626233,481.65814414881913,22.38009174883929,1.0410897688065717,59.99193711915502,4.8101562555889625,0.937046257839527
2023-01-25 12:00:00,4.920035260160689,4.2875297489884305,764.7222037529363,90.12348416537182,94.41101391436025,514.9520525528737,18.3339426353032,0.9653306100392762,60.07996116260563,3.869215307734507,0.9395802101227975
2023-01-25 13:00:00,1.5579485355526357,0.13613250079940162,872.563261076083,101.48453955436534,101.62067205516475,465.74445220740614,21.818976387916447,1.0044298661426567,59.98366920449985,3.9761845205299515,0.9392921422247846
2023-01-25 14:00:00,3.4242091133288355,1.445384313599931,764.1164157715361,90.05966440153132,91.50504871513125,613.0974993215459,14.925040277670485,1.0017286037817508,60.118582919874214,4.854845672965524,0.9369259093187643
2023-01-25 15:00:00,2.3369292534201844,0.4594509945399139,557.6176500162184,68.3050194292086,68.76447042374852,532.703553224327,12.908581143777555,0.991517923688318,59.88403793884602,4.041982777298714,0.9391149476374361
2023-01-25 16:00:00,4.261577512595283,2.786208912369572,370.4901355476758,48.59113577994764,51.377344692317216,544.3809212832577,9.437756299615806,1.0098383107630278,59.97445495686185,3.9751968760991216,0.9392948019494637
2023-01-25 17:00:00,3.9825211257678204,2.2739282938583765,231.770365739034,33.97700803060723,36.250936324465606,619.5385204809437,5.851280449248618,1.0008225013728376,60.12164597778991,4.1566582054086085,0.9388061269154166
2023-01-25 18:00:00,5.402060315950695,5.675194987758792,1.1286090632911863e-13,9.560000000000013,15.235194987758806,609.9001323800915,2.497981911940985,0.9852910215921591,59.76073918518027,4.378459472725904,0.9382088165007381
2023-01-25 19:00:00,2.31893470275584,0.44891907587076,0.0,9.56,10.008919075870761,615.4574088618057,1.62625698086578,0.9994678978992604,59.99539385958755,3.213766750174063,0.9413453319115599
2023-01-25 20:00:00,2.8114073508364763,0.7999702361413853,0.0,9.56,10.359970236141386,651.6157173361828,1.5898895561471627,1.0240918915873678,59.960645368012685,4.6422210554830325,0.9374985070319128
2023-01-25 21:00:00,1.4060212304494877,0.10006406370906216,0.0,9.56,9.660064063709063,584.5201075251638,1.6526487180414395,1.0036507619376536,60.06846612305437,3.8710100549065185,0.9395753768718854
2023-01-25 22:00:00,2.4875543584295885,0.5541409439191941,0.0,9.56,10.114140943919194,569.2849039882941,1.776639582933182,1.0125390949651227,60.1069913435411,3.144697019794971,0.9415313365714677
2023-01-25 23:00:00,4.143533898270005,2.5610330865198936,0.0,9.56,12.121033086519894,586.5343727734491,2.0665511944688166,0.9944589379944182,60.0730283819307,4.572365338396426,0.9376866283526128
2023-01-26 00:00:00,4.915901021937388,4.276730570952038,0.0,9.56,13.836730570952039,589.0312391394777,2.349065660959896,1.0090412802030322,60.02410002533973,3.753899943372544,0.9398907541919949
2023-01-26 01:00:00,1.5707818703201728,0.13952439274526623,0.0,9.56,9.699524392745266,515.9544326637465,1.8799188026487135,0.9758157093903363,60.004056454809536,3.200734990190108,0.9413804264178004
2023-01-26 02:00:00,5.167709938104983,4.968175025599946,0.0,9.56,14.528175025599946,554.6688874917363,2.6192518371271354,0.9900055900116042,59.96572893785201,4.267558079086501,0.9385074737547042
2023-01-26 03:00:00,6.153355224547626,8.387614500501254,0.0,9.56,17.947614500501253,516.8427252807825,3.47254853800079,0.9979466278286815,60.02099726215246,4.760262706867284,0.937180621076659
2023-01-26 04:00:00,4.282725517978124,2.827894636336078,0.0,9.56,12.387894636336078,465.18257249110246,2.663017784608219,0.9744732815874693,60.14596548295855,4.775507018827973,0.9371395681719175
2023-01-26 05:00:00,7.223417287677474,13.568461711169284,0.0,9.56,23.128461711169287,446.17522461846585,5.183717166489228,0.9833956656221545,59.91694877017225,4.915326949617946,0.9367630333493233
2023-01-26 06:00:00,1.9364098979565814,0.2613932583329576,0.0,9.56,9.821393258332957,428.55172532793966,2.291763789030917,1.0062622353714779,59.95979185248759,4.735410919533376,0.937247546895332
2023-01-26 07:00:00,1.0090331271756612,0.036984416787585676,246.04478984035447,35.48081860968134,35.517803026468926,414.8931361874341,8.560711163566523,1.0025966383257607,59.99244900274332,3.0042818386909502,0.9419094744020889
2023-01-26 08:00:00,0.0,0.0,352.204008298243,46.6646922742199,46.6646922742199,395.7069360315325,11.79274054233443,1.0161273084931541,60.10009326791957,3.7604823328267805,0.9398730278290122
2023-01-26 09:00:00,6.519710057112318,9.976709983677344,575.3927385876,70.17762501020366,80.154334993881,402.5959693307562,19.909373441349462,0.9879897796362967,60.02233023395522,4.637085159811006,0.9375123379897369
2023-01-26 10:00:00,4.85127517984114,4.110268856941081,693.8627266557827,82.65843825318672,86.76870711012779,387.9928418796566,22.363481421402298,1.0011520445201048,60.09834818955452,3.732506011996948,0.9399483680107802
2023-01-26 11:00:00,3.4464841031101314,1.4737755243667818,681.7487957616361,81.38223563348835,82.85601115785514,369.6822251585178,22.412765753702903,0.9865626517823234,60.10341099905036,4.203097012759413,0.938681067290594
2023-01-26 12:00:00,4.132886269514798,2.5413405361574695,737.310519700153,87.23566325041112,89.77700378656859,489.8163052343394,18.328708707158533,1.0141225709821866,60.059203682581995,4.2126338947490645,0.9386553844845177
2023-01-26 13:00:00,1.3374513235515937,0.08612643189865477,796.0125211701087,93.41991910527095,93.5060455371696,485.5300355491848,19.258550180403272,1.0238149223205049,59.89360063834344,3.7300506080776463,0.9399549804091266
2023-01-26 14:00:00,8.495597429091774,22.074164529385992,734.267757876252,86.91510829226314,108.98927282164914,506.8805276245315,21.50196483822757,1.0096664965450561,60.16610939118967,4.808947854562575,0.9370495120613216
2023-01-26 15:00:00,3.8783823430767495,2.100169580123692,580.7375533850172,70.74070124911155,72.84087082923524,544.5295651518664,13.376844067028813,1.0212238855255316,60.14123806710927,4.006456690772235,0.9392106193246708
2023-01-26 16:00:00,3.8547573283896206,2.062023588339731,429.640651761814,54.8226426631071,56.88466625144684,531.8422633120686,10.695777709953951,1.0006499972577572,60.006354005050234,3.9295684118750014,0.9394176793217011
2023-01-26 17:00:00,5.103708777240142,4.785861830076016,227.38275511457047,33.51477325132,38.30063508139602,547.3729986729996,6.9971728920221725,1.0161118766999035,59.86182297575164,4.995027491323792,0.9365483999335984
2023-01-26 18:00:00,4.6305805791025145,3.5744468087021453,8.608987121370017e-14,9.56000000000001,13.134446808702155,584.7861865239772,2.2460254895510636,1.0015083548522492,59.84395018421257,3.987000728145233,0.9392630141970953
2023-01-26 19:00:00,4.132894298395104,2.5413553472294095,0.0,9.56,12.10135534722941,644.3297240376991,1.8781308537802879,0.9795014386682847,60.02543156265537,3.3567965038571623,0.9409601530416772
2023-01-26 20:00:00,2.120917759752442,0.3434582770555241,0.0,9.56,9.903458277055524,571.6319561010841,1.7324885656504923,1.004934427773972,59.92982495578692,4.0261388457268765,0.9391576153167139
2023-01-26 21:00:00,4.661718817471899,3.6470416595305903,0.0,9.56,13.20704165953059,524.4748088805397,2.5181460455117444,0.9800940661241898,59.828281086663964,4.62803347103986,0.9375367141713469
2023-01-26 22:00:00,7.4999202522817505,15.187015537762969,0.0,9.56,24.74701553776297,577.6546945797592,4.284049929822919,1.0467825790313783,59.8420634300637,4.553720653796563,0.9377368384547669
2023-01-26 23:00:00,6.44397292994295,9.633045748851526,0.0,9.56,19.193045748851524,611.6858625615881,3.1377291717150086,0.9933182368244933,59.953001742667,4.577163530216942,0.9376737068306545
2023-01-27 00:00:00,6.95693877684661,12.121518959895308,0.0,9.56,21.681518959895307,461.3294923134915,4.699790349662246,1.0129007571089799,60.0194929573811,4.4160475679958235,0.9381075918276593
2023-01-27 01:00:00,2.765736636707257,0.7616140879196329,0.0,9.56,10.321614087919633,453.77920943968803,2.274589464040107,0.9997517356094882,60.14057130510158,3.5084356581333767,0.9405517890714541
2023-01-27 02:00:00,1.8267292546253253,0.21944467793667552,0.0,9.56,9.779444677936675,471.2122152614671,2.0753801283589897,0.9753277315192819,60.04842207743469,4.724168171680462,0.9372778235951154
2023-01-27 03:00:00,3.57230304676384,1.641146620335052,0.0,9.56,11.201146620335052,514.52111959813,2.1770042460227446,0.9620295393987086,59.96185954695286,4.78688693075253,0.9371089220895353
2023-01-27 04:00:00,3.9534304235614344,2.2244610254298935,0.0,9.56,11.784461025429895,372.55946298833624,3.163108764143466,1.0149802791014826,60.03799495576728,3.388305393237098,0.940875299659146
2023-01-27 05:00:00,6.048631689479351,7.966616695981536,0.0,9.56,17.526616695981538,350.6871121814286,4.997793214286732,1.0309868185354212,60.029056758558866,3.2609112731027876,0.9412183717959529
2023-01-27 06:00:00,0.49375039701071843,0.004333361038927956,0.0,9.56,9.564333361038928,386.8642237308537,2.4722713485372463,0.9853039258557929,60.073954520719596,4.951209937178224,0.9366664005282453
2023-01-27 07:00:00,6.956372846021675,12.118561028216176,243.8454992007618,35.24912334080025,47.36768436901643,402.8534636150264,11.758043220966767,0.9668661496088082,59.99600578864161,4.736647927300735,0.9372442156356353
2023-01-27 08:00:00,3.6000090914650285,1.6796287251739075,368.03108436808634,48.332074738177894,50.0117034633518,344.58285167435076,14.51369481108582,0.9934967453515675,60.10361977510121,4.786472294419894,0.9371100387044348
2023-01-27 09:00:00,3.0811741330238975,1.0530554265478362,551.3133734761126,67.64086389570845,68.69391932225629,318.0714057315502,21.59701189242815,0.9812576590952253,60.082445180022745,4.7727527692487905,0.9371469853610894
2023-01-27 10:00:00,1.9297961692921701,0.2587240617673546,610.7780204206938,73.9054644513201,74.16418851308745,389.71574929226864,19.030328809592906,0.9869936864027582,60.00827000036386,4.0833736480674565,0.9390034820967662
2023-01-27 11:00:00,0.6635160334214798,0.010516149852276344,761.1423870701225,89.7463504778374,89.75686662768967,411.04037684455653,21.836508451244704,1.0122074739945057,59.98807756437341,4.292803473331599,0.938439487953326
2023-01-27 12:00:00,5.638949348847255,6.455012410712128,931.9425621756014,107.7401489251996,114.19516133591173,466.6654668402696,24.470454629761257,0.9989907390519432,60.091974847899046,4.0907257042672835,0.9389836830226195
2023-01-27 13:00:00,4.158775789729594,2.589399274394149,826.2415136171163,96.6045434595632,99.19394273395736,457.1323219035984,21.699175048680043,0.9834098488223596,59.9286525681893,3.1024126983806584,0.941645208173122
2023-01-27 14:00:00,1.45190111354637,0.110182752089176,696.6556706378522,82.95267490169772,83.06285765378689,488.1477953352935,17.015923957360823,1.0117700157252238,59.84933871708566,4.491006170705545,0.9379057284451376
2023-01-27 15:00:00,1.4614983108822153,0.11238218044598487,573.8325597091149,70.01326016535525,70.12564234580124,481.323363238337,14.569341050473197,1.0133374469015157,59.8487702008316,4.010664066671761,0.939199288868927
2023-01-27 16:00:00,3.4000677723601243,1.4150286141227626,350.20304385732015,46.45389067036868,47.86891928449144,586.5509433092062,8.161084698700563,0.9932588502791075,59.92036255249105,4.29541814958046,0.938432446634882
2023-01-27 17:00:00,7.429808389745494,14.76506427636751,204.45155745146465,31.098971577511797,45.86403585387931,522.0722308451228,8.78499815621974,1.0027583304183612,60.065965229877726,4.005279609951071,0.9392137892012089
2023-01-27 18:00:00,3.5928561241232773,1.6696366890811574,1.0947578480214624e-13,9.560000000000011,11.229636689081168,531.5506897802129,2.1126182140266683,1.0104100376615395,59.957720114539015,3.983622644644912,0.939272111369897
2023-01-27 19:00:00,1.1261701838509284,0.05141792843643379,0.0,9.56,9.611417928436435,614.1838432285872,1.5649089493972985,1.008522062619668,60.02045160028112,3.3435782189555336,0.9409957498591861
2023-01-27 20:00:00,3.661529445851135,1.7672178680126898,0.0,9.56,11.32721786801269,519.0786946772598,2.1821773816117522,1.0008122817393106,59.950470392911896,3.557427430282298,0.9404198543170135
2023-01-27 21:00:00,3.628268573478496,1.7194944649993016,0.0,9.56,11.279494464999303,504.4761441371915,2.2358826271737167,1.028651722364506,59.951264263401605,3.317705383887912,0.9410654253575729
2023-01-27 22:00:00,0.0,0.0,0.0,9.56,9.56,553.4950611605205,1.7272060169706698,1.0116536162603038,59.89745363254888,3.391332591250685,0.9408671474203303
2023-01-27 23:00:00,4.106941906710353,2.4937802434000793,0.0,9.56,12.05378024340008,533.9643954645061,2.2574127312204517,0.9909864196700453,59.99081043745843,4.94595476084061,0.9366805527086878
2023-01-28 00:00:00,3.774775182705224,1.9363139491140697,0.0,9.56,11.49631394911407,479.41696494438895,2.397978125460706,0.9911066186460219,59.9824836264221,3.306226891544397,0.9410963369168462
2023-01-28 01:00:00,5.650303862494018,6.494084161792501,0.0,9.56,16.054084161792503,491.95340161481045,3.26333431359471,0.9888382729972666,60.04126650231818,3.538540848610415,0.9404707158475482
2023-01-28 02:00:00,7.977182880837551,18.274737461183463,0.0,9.56,27.834737461183465,409.0074189222517,6.80543583647674,1.0126424189445562,60.028769760701174,4.18117931547717,0.9387400916100256
2023-01-28 03:00:00,6.553911348321016,10.134543439521117,0.0,9.56,19.69454343952112,412.2967136493969,4.7767888483022665,0.9875450487999619,59.98028526190416,4.220357152473284,0.9386345857653322
2023-01-28 04:00:00,3.784643908478097,1.951540514027713,0.0,9.56,11.511540514027713,375.45042581176324,3.0660613819090905,0.9915020182159439,59.84939111549398,3.307948259487658,0.9410917012760656
2023-01-28 05:00:00,2.1311372265804858,0.34844701375355114,0.0,9.56,9.908447013753552,338.80637126905157,2.924516140779742,1.0211604477623162,60.10705794675783,4.587434851570425,0.93764604618069
2023-01-28 06:00:00,9.51280250145464,30.99045422276875,0.0,9.56,40.55045422276875,347.79586149364445,11.659268758581751,1.0038326392413477,59.9914955660962,4.57040573582565,0.9376919055588178
2023-01-28 07:00:00,4.506538042988504,3.294819484635941,218.75984105329073,32.60634925496418,35.901168739600124,365.2388958608551,9.829503140672449,1.0239706525424237,60.00796426898939,3.4746354084077824,0.9406428130832825
2023-01-28 08:00:00,4.438100791126275,3.1469800070215825,462.11666098950406,58.243990235244254,61.39097024226584,399.8706480038239,15.352707318912483,1.0159611974670468,60.1600495065811,3.5773326053509207,0.9403662497162901
2023-01-28 09:00:00,4.384254131632147,3.033818955668784,595.48498962649,72.29434365715072,75.3281626128195,357.0435912489711,21.097749535095897,0.9764665634185987,60.090822212659596,4.875975730918994,0.9368690061106311
2023-01-28 10:00:00,4.851055296805547,4.109709991036602,621.2462114558567,75.0082883768745,79.1179983679111,274.32601397042146,28.84086610045003,0.997957338835186,60.04464491988168,4.651342891958956,0.9374739419426599
2023-01-28 11:00:00,4.188664087270001,2.645629962422045,953.6942498815798,110.03168922502442,112.67731918744647,364.3987237090046,30.921436288406547,1.0197989807993708,59.99976942126292,4.395594066125048,0.9381626730714765
2023-01-28 12:00:00,3.3526759862395257,1.3566794671062135,982.8172957282336,113.09980210496941,114.45648157207563,387.7476881179938,29.51828858802786,0.9755564786969797,59.99883544511658,3.164466443021201,0.9414780975502122
2023-01-28 13:00:00,3.429011437208814,1.4514741370028206,903.6785358800965,104.76253375496816,106.21400789197098,438.4579701680553,24.22444455765293,1.0083942164071735,60.02401144977219,3.8365281618051514,0.9396682365481009
2023-01-28 14:00:00,4.480064598828992,3.237094138647518,863.7723265195874,100.55841459883854,103.79550873748606,441.797913465601,23.493888398720948,0.9992152705260251,60.04069067258566,4.1186037441536545,0.9389086075112558
2023-01-28 15:00:00,3.481674176953644,1.5193816604775932,610.4768917583842,73.87374054674578,75.39312220722337,499.7281764202232,15.086826351737475,0.9649042251575523,60.171140175578415,3.3748225759675536,0.9409116088618468
2023-01-28 16:00:00,3.1658937462879986,1.1423297981927678,494.41525253798085,61.64664685487628,62.78897665306905,498.003722859367,12.608133989954178,1.0023931860903788,60.24732660827628,3.896453164216449,0.9395068586241927
2023-01-28 17:00:00,4.8276146156786925,4.050422073305734,187.04373889697413,29.26505789279622,33.315479966101954,553.7282245945003,6.0165760902831265,0.9832506396774694,60.029026080540355,4.20205175497738,0.9386838821679244
2023-01-28 18:00:00,4.128074065939648,2.532473696019416,9.916016867635765e-14,9.560000000000011,12.092473696019427,509.6937671679039,2.372497855567441,0.9766469643576715,59.784672392795635,3.6547533602307984,0.9401577557623946
2023-01-28 19:00:00,7.669392537835948,16.23997664992779,0.0,9.56,25.799976649927792,537.1764910387164,4.802886403319591,1.0001828135164526,59.90482555267083,4.561889637900975,0.9377148393952397
2023-01-28 20:00:00,0.0,0.0,0.0,9.56,9.56,561.0528504526056,1.7039392977484875,0.9613829412149398,60.181149688187176,4.680899163277611,0.937394346957062
2023-01-28 21:00:00,6.891480413420038,11.782571375011054,0.0,9.56,21.342571375011055,515.6803649110122,4.13872096500979,0.9865141941483023,60.071865262825575,3.6472189388681415,0.9401780459455974
2023-01-28 22:00:00,7.224315599773158,13.573524507067985,0.0,9.56,23.133524507067985,499.1557607069204,4.634530206424053,1.051023485050053,60.0426046487245,4.677314308984914,0.9374040009632363
2023-01-28 23:00:00,0.609139807214981,0.008136796328369191,0.0,9.56,9.56813679632837,488.08371951896305,1.9603474596035215,1.0130044478681388,59.98331620885953,3.20715313220603,0.9413631423728742
2023-01-29 00:00:00,4.094414882611902,2.4710301373101995,0.0,9.56,12.0310301373102,473.43195736393085,2.541237436589405,0.9823715018766529,59.8810977940774,4.675458197245312,0.9374089994688187
2023-01-29 01:00:00,4.060871061232677,2.4107939970124477,0.0,9.56,11.970793997012448,487.46718801311044,2.455712772341611,1.028083318802008,60.16777897547455,3.305500863335233,0.9410982921095101
2023-01-29 02:00:00,2.0127832250965336,0.29355772518501166,0.0,9.56,9.853557725185013,390.8641849875619,2.5209671552533197,0.9801591287844573,59.91767897485259,3.165854305019452,0.9414743600403426
2023-01-29 03:00:00,3.2963163277229803,1.289404393711009,0.0,9.56,10.849404393711009,373.3474205768092,2.9059808092283173,0.9889260969372905,60.07293118165383,4.283550808882023,0.9384644053620771
2023-01-29 04:00:00,2.6550285288206057,0.6737675285733011,0.0,9.56,10.233767528573301,451.7908206473164,2.2651561432590803,0.9770229718014143,59.869929823024584,3.9438747315105886,0.939379152428607
2023-01-29 05:00:00,8.405037206674354,21.375752956113804,0.0,9.56,30.935752956113802,353.44484612871844,8.752639427325965,1.0051215975733203,59.978465131517176,4.815781200825666,0.9370311098721031
2023-01-29 06:00:00,6.79625293765902,11.300849779865864,0.0,9.56,20.860849779865866,365.30633103330706,5.710508690298024,1.0273725924419426,60.099295713045294,3.726378392181698,0.9399648696799415
2023-01-29 07:00:00,7.492488046209914,15.141910573319285,207.97602690555507,31.470274434500226,46.61218500781951,304.64145071071783,15.300670640543144,0.9800198753488029,59.97503058275332,3.5743045268752573,0.9403744043261887
2023-01-29 08:00:00,6.417283698109464,9.513848215087748,487.6228764697985,60.93107003609327,70.44491825118101,348.7321539102768,20.200293394599157,0.9587911392518182,59.963155012463396,4.001469812288397,0.9392240489794746
2023-01-29 09:00:00,2.7404758798642277,0.7409355843106266,556.6000586082354,68.19781617437759,68.93875175868821,327.7456432172496,21.034223699196954,1.0218193334903884,60.00106362683487,3.9118923715373226,0.9394652808665961
2023-01-29 10:00:00,3.97425500406898,2.259798364410827,728.3243165607348,86.2889667496734,88.54876511408423,312.4132005533423,28.343477470621533,1.0310760100217535,59.866399710756504,3.6888560924343765,0.940065917165796
2023-01-29 11:00:00,6.026835153240561,7.880802412778907,934.0911724982888,107.96650502269472,115.84730743547362,415.30536088488515,27.894488813878887,0.9600983906717053,59.8475853092954,4.387482597396657,0.9381845172421993
2023-01-29 12:00:00,2.628693399091266,0.6539165130293036,912.3164050802582,105.6725332752052,106.3264497882345,431.3853976884247,24.64767012466902,1.009201086828929,60.071423648269395,4.519123667827817,0.9378300080758676
2023-01-29 13:00:00,6.523879461831955,9.995862775087932,694.1731891916437,82.69114548133966,92.68700825642759,416.80587764492594,22.237452307567267,1.0045301070423058,59.95777900743822,4.705967938060273,0.9373268367915791
2023-01-29 14:00:00,4.6422340895155205,3.601501583361904,644.4882361692187,77.45683568042719,81.0583372637891,475.8909968569359,17.03296296823139,0.984250493902245,60.070648476058146,4.945713209420686,0.9366812032062279
2023-01-29 15:00:00,4.398312350789037,3.0630966812903058,496.63819943361693,61.880834310331544,64.94393099162185,528.8891110186654,12.279309526062425,0.9721128866666153,60.11181830171507,3.5333123842650087,0.9404847960926436
2023-01-29 16:00:00,6.5950078689559835,10.326388378821475,444.63826853437445,56.402641590096344,66.72902996891781,518.5307038713412,12.868867642884025,1.019835006908931,60.11986426089955,4.432186964979923,0.9380641284605568
2023-01-29 17:00:00,6.086811494737306,8.118430124567086,215.93325411651446,32.308568321174796,40.42699844574188,531.0094961805521,7.613234553529721,1.0035814106291439,59.83789917154237,3.7885164709914907,0.9397975319452653
2023-01-29 18:00:00,4.5016105330542775,3.2840234965350175,9.065845393121851e-14,9.56000000000001,12.844023496535026,538.4794571495416,2.385239274405244,1.0050885291485345,59.93021707117461,4.354163943902217,0.9382742443162417
2023-01-29 19:00:00,7.56751959456517,15.601385323792398,0.0,9.56,25.1613853237924,561.9859294512825,4.477226920673926,0.987564612943336,60.05375853070438,3.951963380698441,0.9393573697108659
2023-01-29 20:00:00,3.112107658001202,1.0850914401176361,0.0,9.56,10.645091440117637,534.9908440719094,1.9897707704857106,0.9839618159110008,60.05530016719037,4.987546205535863,0.9365685470227939
2023-01-29 21:00:00,6.531535122320809,10.031094005815095,0.0,9.56,19.591094005815094,534.2019324306619,3.6673573823804855,0.9509005291745211,60.22494375841963,4.4578042715815,0.9379951410998703
2023-01-29 22:00:00,6.511349352905172,9.93837757301775,0.0,9.56,19.49837757301775,546.0377075114178,3.570884813410076,0.9954394394043025,59.90923864667669,4.9049826008686495,0.9367908906619336
2023-01-29 23:00:00,4.731588279557711,3.813496418134951,0.0,9.56,13.373496418134952,502.40315789046736,2.6619053260510372,1.0287765275890846,60.11681684014541,4.669939098962372,0.9374238623905861
2023-01-30 00:00:00,6.028530972030956,7.887456737949313,0.0,9.56,17.447456737949313,524.0260098161949,3.3295020497301473,0.9821949115990269,60.03722746100385,4.805802022326742,0.9370579837818849
2023-01-30 01:00:00,2.8996690439778043,0.8777034335682428,0.0,9.56,10.437703433568243,510.8875044493013,2.0430531854207925,0.9695517061146652,59.835976413333654,4.62883839442935,0.9375345465141041
2023-01-30 02:00:00,7.275627052284168,13.864805706918954,0.0,9.56,23.424805706918953,519.5182265177921,4.508947811885232,1.0087132913291401,59.94521847632734,3.918318260751823,0.939447975958478
2023-01-30 03:00:00,5.083489150637578,4.729205693804478,0.0,9.56,14.28920569380448,425.13818288295846,3.361073239036337,1.0124015999689266,60.02625280123233,3.5035769066937688,0.9405648736803578
2023-01-30 04:00:00,4.433609425961127,3.137435426130812,0.0,9.56,12.697435426130813,457.77535508115784,2.773726301600425,0.9882818807863765,59.82956332917038,3.740640350901044,0.9399264622507153
2023-01-30 05:00:00,7.602875634091747,15.821081223789092,0.0,9.56,25.381081223789092,438.04321426544936,5.794195731658666,0.9930247107060072,59.79260939950284,3.040472465279901,0.9418120131096591
2023-01-30 06:00:00,4.122009223793788,2.5213281843701876,0.0,9.56,12.081328184370188,421.9718199004604,2.8630651656359594,1.0052780623443751,59.82387574213634,4.047986334929334,0.9390987800675152
2023-01-30 07:00:00,2.7396491738840463,0.7402652433079739,194.04309149346628,30.002439688836674,30.742704932144648,364.2050259648085,8.441043571736754,0.9968890106274134,60.02591336550844,4.010115600540818,0.9392007658872329
2023-01-30 08:00:00,2.4692223500719948,0.5419797979432125,416.83124581128357,53.473171746218725,54.01515154416194,334.2195515346719,16.16157741105652,1.0200025867150797,59.95153327412665,4.050500929660976,0.9390920082684174
2023-01-30 09:00:00,6.8204413260311245,11.421941521814032,539.3496851652661,66.38048933216079,77.80243085397483,405.19843154343585,19.20106910523287,1.0487448515184843,59.93800443026864,4.9480624499441275,0.9366748767057159
2023-01-30 10:00:00,3.0735332647919895,1.045240560842243,619.2027151918327,74.79300604545958,75.83824660630182,404.023623153975,18.770745634692645,0.9658167288961909,59.94143781648343,4.822908006909678,0.9370119173961139
2023-01-30 11:00:00,9.16997872266501,27.759234436177373,920.6189780566735,106.54720933827056,134.30644377444793,444.4206209242392,30.220569760047944,1.0245951026111597,59.85758775883421,3.323425556660216,0.9410500209425667
2023-01-30 12:00:00,1.5225557944295955,0.12706389091272377,994.3577587492347,114.31558988423187,114.44265377514459,413.9838951597138,27.64422846231565,1.0021051940204666,59.95435968171599,3.7377650431117786,0.9399342054494296
2023-01-30 13:00:00,9.105375479019402,27.176659893459643,905.9832341815239,105.00533372102355,132.1819936144832,481.92164677743875,27.428108801165248,1.0277640187770831,59.81796019519282,3.847912358926524,0.9396375789256916
2023-01-30 14:00:00,6.1605677061622615,8.417143001122547,828.037612118412,96.7937624366747,105.21090543779724,516.6323633665824,20.364753139389304,1.0144870902253136,60.11876411393589,3.7210658357032953,0.9399791763850001
2023-01-30 15:00:00,5.571196489075678,6.225122872270397,546.3058477523563,67.11332106071073,73.33844393298114,508.02261287877155,14.436058961509602,1.0012231291987141,60.169232972067725,4.596991927207826,0.9376203089931566
2023-01-30 16:00:00,4.700892405149727,3.7397574330854075,494.0940463269799,61.61280778054733,65.35256521363273,547.5078850979445,11.93636968387071,1.0152004588488206,59.76739362866108,4.048075339735174,0.9390985403777329
2023-01-30 17:00:00,6.615126610099571,10.421182058140534,196.463768406598,30.2574580016351,40.67864005977563,567.1696718443776,7.172217077033204,0.9921168845763041,59.95308703406759,4.14419963394325,0.9388396778260055
2023-01-30 18:00:00,5.7677227264214705,6.907416178782551,1.2068024009650445e-13,9.560000000000013,16.467416178782564,546.9584545075544,3.0107252284104007,0.9845139715579029,59.95959885693652,4.706027117975851,0.9373266774201727
2023-01-30 19:00:00,8.075745601937037,18.960526355887726,0.0,9.56,28.520526355887725,597.525480697445,4.773106298763683,1.016217262311967,59.9825515493383,4.611856306830717,0.9375802792455187
2023-01-30 20:00:00,6.123756807216577,8.267159306137113,0.0,9.56,17.827159306137112,633.6749502270304,2.813297148601199,0.9831134310242099,60.10015304243744,3.2644230456405996,0.9412089145988134
2023-01-30 21:00:00,6.222072678000135,8.67176978251591,0.0,9.56,18.23176978251591,582.2587006651859,3.1312146579668996,1.0128474518328314,59.953378921780605,4.427829168167269,0.9380758639995495
2023-01-30 22:00:00,5.220418356260435,5.121750576855514,0.0,9.56,14.681750576855514,527.7747922188942,2.7818211087971534,1.00061495166175,59.99117485372687,3.870872257804071,0.9395757479592349
2023-01-30 23:00:00,5.859929146062744,7.244019244823933,0.0,9.56,16.804019244823934,535.0938821912345,3.1403870991779406,0.9534111669775485,60.29790549638014,3.5892978061250007,0.940334027452087
2023-01-31 00:00:00,6.615603537784118,10.423436213893584,0.0,9.56,19.983436213893583,520.7086906578527,3.8377381772996566,0.9885123509907412,59.98887070923947,3.1000376418043727,0.941651604196218
2023-01-31 01:00:00,2.6058428211818687,0.6370113201766859,0.0,9.56,10.197011320176687,588.6813125050355,1.7321785325212717,1.0066967639004925,60.17662398602994,3.974499120690902,0.9392966810035254
2023-01-31 02:00:00,3.3559863751004233,1.3607021396494123,0.0,9.56,10.920702139649412,547.0147330132444,1.9964182828298704,0.9918799867218302,60.050198765738884,3.710873361449063,0.9400066246998678
2023-01-31 03:00:00,7.565059032969049,15.586172007742594,0.0,9.56,25.146172007742592,483.1685914631148,5.204430182764116,0.9490653577647563,59.94462910069242,3.503026079352802,0.9405663570573981
2023-01-31 04:00:00,6.446429366363385,9.644066272736639,0.0,9.56,19.20406627273664,431.5497764643334,4.450023455017086,1.0264150025565233,59.92792660128246,4.389343459193915,0.9381795059447201
2023-01-31 05:00:00,5.762891489390649,6.890073067169306,0.0,9.56,16.450073067169306,428.382047257472,3.840047259796174,1.0033875010254323,59.99927274050003,4.538970774631174,0.9377765598528783
2023-01-31 06:00:00,6.193875734859618,8.554408096950285,0.0,9.56,18.114408096950285,418.34072477404317,4.330060886788957,1.0088747858253961,59.88735268752534,3.4895790380588494,0.9406025699154609
2023-01-31 07:00:00,6.878309029327914,11.715141879585474,251.66778122849598,36.07320075242205,47.78834263200753,430.7812194650964,11.093413657017498,0.9905344769564352,59.91361340336043,3.0988948733586943,0.9416546816695905
2023-01-31 08:00:00,5.129750060613652,4.859494742587798,491.555238923033,61.34534442054152,66.20483916312932,426.3643544193529,15.527761286069708,1.0106297937629332,59.957693939897425,4.69750540113047,0.937349626388338
2023-01-31 09:00:00,4.678767836378907,3.6872024865319863,698.650265850704,83.16280550737166,86.85000799390365,467.7419507557057,18.567932137278838,1.036696402891734,60.02933435419272,3.0199194824086066,0.9418673622556321
2023-01-31 10:00:00,6.653157738438339,10.601955116043499,741.6969709034221,87.69777588467552,98.29973100071902,416.70638801401634,23.58968660624723,0.9852985403274528,60.18259972117411,4.874224987842944,0.9368737208585917
2023-01-31 11:00:00,4.3307917023306075,2.9241819282963895,959.350162972008,110.62753966910103,113.55172159739742,408.13526037412885,27.82208072228481,1.0333402541071415,59.95150455732017,4.255239747965412,0.9385406469982978
2023-01-31 12:00:00,7.1300909012319025,13.049314581141193,927.1930621403316,107.23978909648393,120.28910367762512,439.3822198691327,27.37687103348253,1.00797128131784,60.04615180463781,3.6436932704026406,0.9401875405644453
2023-01-31 13:00:00,2.9344424328280363,0.9096603870571011,722.9968630927062,85.7277195268166,86.6373799138737,497.5189239797544,17.413886334381775,0.9826113450392627,59.83721021534179,3.4929558191534724,0.9405934762500355
2023-01-31 14:00:00,8.423919304866729,21.520140116201212,730.1200648297367,86.47814882981277,107.99828894601399,502.2312321150278,21.503698304704148,1.0442478127518202,60.106028864088735,3.0180113285289503,0.9418725009106043
2023-01-31 15:00:00,7.33677354148624,14.217323437096606,647.3558004035574,77.75893357251478,91.97625700961139,541.2132222682628,16.994458602495406,1.0078328047977787,59.82783174250731,3.4709428340217543,0.9406527571794746
2023-01-31 16:00:00,6.929578771507945,11.979067403525121,387.10104737286247,50.341095340731066,62.32016274425619,560.4705667138182,11.119257003923538,1.0135295733754608,60.079838647210146,3.275456603034282,0.9411792012485611
2023-01-31 17:00:00,8.408810201279861,21.404552403810953,230.91435459705448,33.88682725679969,55.291379660610644,624.5094058532118,8.853570361373652,0.9946129579054649,59.99190750467182,4.2243324414462915,0.9386238803192649
2023-01-31 18:00:00,9.800252284045845,33.88552883821922,1.1021578022955076e-13,9.560000000000013,43.44552883821923,593.0851438890758,7.3253443094748665,0.9840734670934097,59.98793470572602,3.333091177187603,0.9410239914438394
2023-01-31 19:00:00,8.523882947618294,22.29538275346501,0.0,9.56,31.85538275346501,609.3638944438741,5.227645261545615,1.0033562648935157,59.969973528208115,4.057259675073238,0.9390738069791564
2023-01-31 20:00:00,2.8391960703374997,0.823926851306048,0.0,9.56,10.383926851306049,645.6100815581648,1.60838982350534,1.0316292744696667,59.86987473756079,4.180232844688941,0.938742640454159
2023-01-31 21:00:00,3.987552643005039,2.282557830337563,0.0,9.56,11.842557830337563,603.734699421346,1.9615499724776713,0.9938068037562863,59.87517294901312,3.596083396693829,0.9403157538688676
2023-01-31 22:00:00,5.3227898307382775,5.429007682464143,0.0,9.56,14.989007682464145,623.390485735556,2.4044331803970653,0.9994649750885173,60.083652015603896,3.0701298980374374,0.941732145696488
2023-01-31 23:00:00,6.650285903673258,10.588232043227755,0.0,9.56,20.148232043227758,604.7468101027091,3.331680582127555,1.0291265694395917,60.00119367801814,3.074507761228392,0.9417203561187745
2023-02-01 00:00:00,7.659053113391521,16.174383810596403,0.0,9.56,25.734383810596405,587.9993713779236,4.376600565114584,0.9939934630839152,59.96924432648187,3.052694664387835,0.9417790987494044
2023-02-01 01:00:00,5.197831215507379,5.055557096459728,0.0,9.56,14.615557096459728,525.5964086381487,2.7807566521105995,1.0102055262233824,60.04433979506361,4.478249334273093,0.9379400825827474
2023-02-01 02:00:00,7.048386691985751,12.605836453901944,0.0,9.56,22.165836453901946,570.6396223447493,3.8843843970775933,1.0175470101347939,60.01013102832213,3.636019409628596,0.9402082062577326
2023-02-01 03:00:00,5.189570226861069,5.031490775005226,0.0,9.56,14.591490775005227,574.4850049963325,2.5399254372354556,0.9960643810224603,59.92070684500601,4.592600371935327,0.9376321354436211
2023-02-01 04:00:00,5.502730080815108,5.9984236020402,0.0,9.56,15.5584236020402,484.011239757113,3.2144756823927776,1.0061967518639985,60.24609962258426,3.8634656476856986,0.9395956939469864
2023-02-01 05:00:00,3.9378178184668795,2.198210916085775,0.0,9.56,11.758210916085776,431.6450712893252,2.724046143041542,1.0132220555536235,60.074075637850314,3.905996201659928,0.9394811592414902
2023-02-01 06:00:00,4.929990643085752,4.313609090809184,0.0,9.56,13.873609090809184,448.01693648039793,3.0966706749525295,0.9919816961291175,60.01270685733596,4.025765205019147,0.939158621530469
2023-02-01 07:00:00,4.0983459170021,2.478154256732674,247.02016472298524,35.5835743535665,38.06172861029917,466.8496171977643,8.152888469473815,1.0163153032997998,59.948638869778605,4.426062912750208,0.9380806205222166
2023-02-01 08:00:00,4.875165561496332,4.171292146554965,459.32921634049194,57.950332941470826,62.121625088025795,415.29076533762293,14.95858571223518,0.9890602783308913,60.09527596891942,3.5470057316594144,0.9404479199326945
2023-02-01 09:00:00,8.959329627327445,25.8898209230632,515.2119896031234,63.83758310468904,89.72740402775224,433.28683745663864,20.70854599563776,0.9864982484207901,59.92124321302739,3.243174699067054,0.9412661363579882
2023-02-01 10:00:00,4.978317336504324,4.441710316047353,717.5978348975012,85.15893190645174,89.60064222249909,457.3634793230116,19.590685805330533,0.9694591787835909,59.912822525903074,4.1121146703829226,0.9389260825752703
2023-02-01 11:00:00,12.166881528187599,64.8396017184636,684.6008268178605,81.6826971052616,146.52229882372518,499.12715305661413,29.355705840973492,0.9899307531219789,60.16933256357404,3.6539552464854785,0.9401599050812779
2023-02-01 12:00:00,7.91368678488662,17.84181668305499,844.2670439809027,98.50353308338809,116.34534976644308,507.00910760177237,22.94738852261919,0.9836899459625956,60.00306751760707,3.8849826273360746,0.9395377487594181
2023-02-01 13:00:00,7.321586216605024,14.129215312860984,868.1067144366488,101.01504236590094,115.14425767876192,532.370530184807,21.62859346079708,0.9919825208749005,59.92366508132849,4.293893416674611,0.9384365527378601
2023-02-01 14:00:00,5.259988903009042,5.239103577142394,637.0056673844384,76.66854705895058,81.90765063609297,520.9583389087985,15.722495354937033,1.0122398526382899,60.00056856980397,3.988251482282541,0.9392596459184491
2023-02-01 15:00:00,8.402040336519295,21.352896120593545,556.256496616183,68.16162191851487,89.51451803910841,571.685868774561,15.657990327972866,0.9654865149324979,60.085018655384836,4.240557634201686,0.9385801859043043
2023-02-01 16:00:00,5.874784777501459,7.299252434672609,409.6754938253235,52.71931327449783,60.01856570917044,562.0874957953373,10.677797701983376,0.9605065821082578,60.062125445395516,4.088400004227256,0.9389899461286518
2023-02-01 17:00:00,7.294641773069125,13.973796319275793,252.57097409485118,36.16835212089257,50.14214844016836,629.8228567243024,7.961309740481125,0.9850184156669743,60.09742622630865,4.479592743872198,0.937936464783109
2023-02-01 18:00:00,12.195272925173487,65.29457103402567,1.2221687320155836e-13,9.560000000000013,74.85457103402568,654.8855252111035,11.43017644341676,1.0092246098717332,59.87504440972605,4.41187323542324,0.938118833297783
2023-02-01 19:00:00,6.907383880723593,11.864331672674739,0.0,9.56,21.42433167267474,646.9398853011767,3.3116418015718487,1.0057772989403937,60.09491491616748,4.068379783617239,0.9390438605468117
2023-02-01 20:00:00,9.422366432819087,30.114972448451866,0.0,9.56,39.67497244845187,622.7240780052467,6.371196144453176,0.9846987533417815,59.982094122394884,4.357806041719414,0.9382644361533589
2023-02-01 21:00:00,5.741697446843492,6.814333944726584,0.0,9.56,16.374333944726583,624.2271643967501,2.6231370370673717,1.0233881646431293,60.00891007667039,4.747119204545226,0.9372160165048153
2023-02-01 22:00:00,7.102216404473895,12.896866493806835,0.0,9.56,22.456866493806835,674.5444223073954,3.329190154295436,0.9868318012976331,60.12094944936448,3.864542575576337,0.9395927937821104
2023-02-01 23:00:00,10.737848478046757,44.571198760450706,0.0,9.56,54.13119876045071,593.9357603890411,9.113982078633146,1.0092490797225426,60.07027256732713,3.8255261454975873,0.939697864958265
2023-02-02 00:00:00,5.9662758136518645,7.645615966533304,0.0,9.56,17.205615966533305,588.194011979395,2.92516000097193,0.9927442734493166,60.03510524809547,4.52849124170476,0.9378047812162349
2023-02-02 01:00:00,10.868976843962574,46.224102898794804,0.0,9.56,55.784102898794806,542.7428394126857,10.278183118760268,0.9826244729801269,59.80160033168531,4.165107674083988,0.9387833725114434
2023-02-02 02:00:00,8.68335865613305,23.570333043317035,0.0,9.56,33.13033304331704,496.67009350208264,6.670490830182856,0.9878986642377052,59.99544981446197,3.142013560445177,0.941538563122679
2023-02-02 03:00:00,6.166599738636349,8.441891796229397,0.0,9.56,18.001891796229398,440.47281162154303,4.086947325978597,1.0146800076962712,59.92153246124295,4.784224031382163,0.9371160932727589
2023-02-02 04:00:00,8.579928918478274,22.738068497982425,0.0,9.56,32.29806849798243,463.0421983735331,6.975189002521059,1.0072205029028551,60.07110453043973,3.0615662044752803,0.9417552077078762
2023-02-02 05:00:00,9.283702338582884,28.804883475144077,0.0,9.56,38.364883475144076,438.71653483540683,8.74479998560743,1.0193620532755308,60.09909581870357,4.496792712419486,0.9378901452986907
2023-02-02 06:00:00,8.605591423653035,22.942707547198395,0.0,9.56,32.5027075471984,474.287686721214,6.852952007228361,1.0072197216507417,59.96979689772172,4.517588285408626,0.937834142857966
2023-02-02 07:00:00,4.244796399924189,2.7534240006309743,209.01541207362413,31.579773661956303,34.333197662587274,384.2958234642961,8.934054331656581,0.9677766107365157,59.93329585242113,4.906222170563861,0.9367875525029699
2023-02-02 08:00:00,5.954140336707933,7.599056971446355,448.49466105618137,56.80891254226871,64.40796951371506,475.53724470231145,13.54425341679278,1.042288296686176,60.15563007955159,3.1082688168046415,0.9416294376567199
2023-02-02 09:00:00,6.936439009675813,12.014680234510323,545.9710572796452,67.07805088441062,79.09273111892094,421.4659202118689,18.766103574676073,1.0075033802811695,59.939685243298634,4.193713721568982,0.9387063364769237
2023-02-02 10:00:00,7.305562002538919,14.036647500488325,655.9950901067828,78.66908274274957,92.7057302432379,431.4265232140988,21.488185184486664,1.0102934310877645,59.88054624929637,3.855681141254106,0.939616657608831
2023-02-02 11:00:00,8.718614875411756,23.858601487727928,942.2333329607152,108.82428162741134,132.68288311513928,418.19134480425623,31.727792734984618,0.9924632464100688,59.916732884698106,3.6612659097190843,0.9401402174783148
2023-02-02 12:00:00,7.855402001866506,17.450494810738004,730.541104884861,86.5225053996201,103.97300021035811,466.13537618251195,22.305322771650832,1.0222635658660142,59.94450006118858,3.180637120598146,0.9414345499445291
2023-02-02 13:00:00,4.851926371461912,4.111924255883424,822.7634214312534,96.23812644778253,100.35005070366596,495.00381029262223,20.27258146646263,0.9781378487879976,59.91386369470504,4.125308239342618,0.9388905523177488
2023-02-02 14:00:00,8.305509926742088,20.62535373624431,663.597018811844,79.46994593182777,100.09529966807207,534.8140057105043,18.715908446543907,1.0121965815532699,60.084539138327806,3.9580814513492273,0.9393408937575873
2023-02-02 15:00:00,8.788667184715491,24.438331782753796,503.23303914826016,62.575600674269204,87.013932457023,503.22642523837175,17.29120890577351,0.9584073343550592,59.7802086554426,3.2091089163020485,0.9413578754498149
2023-02-02 16:00:00,8.709338688561694,23.782529269294443,355.4028227437139,47.001687376050256,70.7842166453447,598.8976126295191,11.819084790563716,1.0135441704270036,59.911743958855446,4.224979014194167,0.9386221391000157
2023-02-02 17:00:00,9.773460276149715,33.60837830993689,194.77855109304525,30.07992035765232,63.68829866758921,588.247330787692,10.82678923205779,0.9784089917672114,59.995250255454515,4.475906240505877,0.937946392530056
2023-02-02 18:00:00,9.301761414142888,28.97330834502345,1.175699021475624e-13,9.560000000000013,38.533308345023464,611.5435941935411,6.300991247539494,1.0055398904085424,60.021024622000226,4.534556602107297,0.9377884472115602
2023-02-02 19:00:00,8.574171114393048,22.692322138270622,0.0,9.56,32.25232213827062,596.6585017396419,5.405491088157536,1.0271468093349234,60.169183483752455,4.810746376524855,0.9370446686449061
2023-02-02 20:00:00,7.537247287494945,15.41490289379149,0.0,9.56,24.97490289379149,578.8499078075065,4.31457318329517,1.0164543474900087,60.15452377127637,3.8189414837775546,0.9397155974404554
2023-02-02 21:00:00,4.377296843742517,3.0193989372797763,0.0,9.56,12.579398937279777,605.4685084068833,2.077630588976272,1.0244876334023512,59.83992628440554,4.906145537244274,0.9367877588763619
2023-02-02 22:00:00,8.57996574731831,22.738361304702607,0.0,9.56,32.29836130470261,598.9155938290183,5.392806872536253,1.022416968872956,59.80919520594304,4.730858810165373,0.9372598057176874
2023-02-02 23:00:00,8.15748424145904,19.54209999755835,0.0,9.56,29.102099997558348,535.8420170310978,5.431097053344623,0.9895143451418025,60.0024971262371,3.593003142047878,0.940324048989099
2023-02-03 00:00:00,8.306513431268169,20.632830749773806,0.0,9.56,30.192830749773805,537.1043751990759,5.621408453167587,1.0119666034761572,59.93268147635369,3.318566074698917,0.9410631075187641
2023-02-03 01:00:00,5.230971208613406,5.152873605000963,0.0,9.56,14.712873605000963,519.0834565712715,2.8343946274428893,0.9655016620811638,59.88079736580168,3.8707787922560266,0.9395759996617881
2023-02-03 02:00:00,5.643331988639619,6.470074784262018,0.0,9.56,16.03007478426202,441.4158743294883,3.63151298276523,0.986261271641115,60.00161208974607,3.803797415911933,0.9397563803880289
2023-02-03 03:00:00,9.932589993691966,35.27686854207684,0.0,9.56,44.83686854207684,406.7463480257072,11.023299596839419,1.027853097765681,60.023069731833445,4.151438610662408,0.9388201832746973
2023-02-03 04:00:00,7.7678741182636655,16.87365005041951,0.0,9.56,26.43365005041951,404.21697173789306,6.539470605791366,0.9922992639514756,59.91610315603558,4.166772464655496,0.9387788892334232
2023-02-03 05:00:00,9.230545304658106,28.312914365625776,0.0,9.56,37.872914365625775,393.3119878350563,9.62922960321987,0.9626399622665851,59.93759152549625,4.49997396875995,0.9378815781810773
2023-02-03 06:00:00,7.944597925410433,18.05170669146319,0.0,9.56,27.61170669146319,368.77814236821814,7.487349037051501,1.040273978346627,59.92379584726123,4.019779896411221,0.9391747399558046
2023-02-03 07:00:00,7.967746939824781,18.20996442475808,213.74167035162446,32.07768497154364,50.28764939630172,364.8856954320918,13.781754128988775,1.0112450056633944,59.95885087587787,3.209645281881531,0.9413564310182723
2023-02-03 08:00:00,9.804930441011614,33.934077845137054,467.0548254510322,58.76422586126624,92.6983037064033,369.95014397439957,25.05697192344328,1.0152895644061157,60.05414440993897,4.716582671106212,0.9372982513345434
2023-02-03 09:00:00,6.916254688555802,11.910100705545133,596.0208149721853,72.35079285731973,84.26089356286487,325.6651622534464,25.873474761567977,0.9803906093015621,59.89220941388484,3.6195291663703744,0.9402526144532216
2023-02-03 10:00:00,8.160418640853488,19.563196559316626,735.4824280552103,87.04307379561641,106.60627035493303,339.1044038465803,31.43759536758022,1.0056811314105973,59.93593150065024,4.942594920613184,0.9366896007523882
2023-02-03 11:00:00,7.063309567237128,12.68607348944624,735.4598194421759,87.04069197823323,99.72676546767947,310.926802697773,32.0740330529227,1.005151499417784,59.96007178569145,3.2357202173595403,0.9412862112638432
2023-02-03 12:00:00,7.138399364211945,13.0949855840889,877.3390909775549,101.98767323448541,115.08265881857432,441.58216989772626,26.06143695639439,0.9835703028675264,59.99932475948449,4.916502344465006,0.9367598680131104
2023-02-03 13:00:00,7.408426375909701,14.637955029024743,730.0861196541858,86.47457270556848,101.11252773459321,437.8807191523935,23.091340475167968,0.9966036062895368,60.02759844929125,3.182023613765034,0.9414308161209199
2023-02-03 14:00:00,8.49026262345492,22.032606259130045,692.3608183662068,82.50021221487988,104.53281847400993,494.74134698807677,21.12878155634103,0.9699906457443397,60.204225784051076,3.462072275894119,0.9406766455765867
2023-02-03 15:00:00,7.107566483754308,12.926033972354348,676.3540429360104,80.8138984233087,93.73993239566305,455.0555776800324,20.599666720616558,0.99306580934248,60.057212571760836,3.093159884173083,0.9416701259851712
2023-02-03 16:00:00,10.595487362524032,42.8218389950267,381.06137138162825,49.70481547505454,92.52665447008124,514.038033230117,17.999962743741236,1.0194769251451963,60.05959313470392,4.41022629327799,0.9381232685100234
2023-02-03 17:00:00,6.313513188460543,9.059740886734145,186.69846739768093,29.228683540345685,38.28842442707983,540.461286346275,7.08439723517002,0.9850630348201583,59.973338698672045,4.700597473143583,0.9373412994439579
2023-02-03 18:00:00,7.747577055236922,16.74172537628956,8.826057376261922e-14,9.56000000000001,26.301725376289568,533.0548785776656,4.934149640740495,1.0381459567285312,59.90201342043026,3.868142163631961,0.939583100097939
2023-02-03 19:00:00,7.260289230914195,13.777304825664672,0.0,9.56,23.337304825664674,513.2955617190252,4.546562753729667,0.9712781697492988,59.94717859851502,4.857044150084859,0.9369199888238289
2023-02-03 20:00:00,11.051975169723418,48.59842585748798,0.0,9.56,58.158425857487984,615.6819531281768,9.44618005481479,0.9947964930040881,59.92896675097851,4.180598143511199,0.9387416567050865
2023-02-03 21:00:00,8.56923266606001,22.65313456238991,0.0,9.56,32.21313456238991,601.8768959111305,5.352113493844147,0.9868714007277175,60.039223067555454,4.260014270893047,0.9385277892166255
2023-02-03 22:00:00,10.25775018379478,38.85606840707324,0.0,9.56,48.41606840707324,538.4503852708051,8.991741807877647,0.9963963833725427,59.83487185763763,4.69083840340154,0.9373675806012526
2023-02-03 23:00:00,5.240711264356427,5.18171114842702,0.0,9.56,14.74171114842702,549.3233205178651,2.6836128374323387,1.0274294956428185,60.059253371958725,3.5936004101036776,0.9403224405472971
2023-02-04 00:00:00,8.763535008170699,24.229278308717454,0.0,9.56,33.789278308717456,471.70988410020203,7.163148250151959,0.980310890070718,59.988276041056395,3.708531442655252,0.940012931482975
2023-02-04 01:00:00,10.026128753613879,36.28292850991921,0.0,9.56,45.84292850991921,432.2734008104185,10.605077347802041,0.9909745893814094,60.0733348232689,4.811903838389289,0.9370415516021832
2023-02-04 02:00:00,8.428696719219165,21.5567747063567,0.0,9.56,31.1167747063567,491.07144953961927,6.336506578732841,1.013090115054463,59.92760918108457,4.801926992077528,0.9370684192313891
2023-02-04 03:00:00,10.412178646930796,40.63753284224386,0.0,9.56,50.19753284224386,360.71063343848266,13.91628862274857,1.0018631755983531,59.90986302851577,4.952965552401742,0.9366616726596003
2023-02-04 04:00:00,7.263556429156188,13.795912946113292,0.0,9.56,23.355912946113293,377.68849348177537,6.183909054470649,1.00350349898618,59.959333128096155,4.8036766328833425,0.9370637074518402
2023-02-04 05:00:00,11.133568630534318,49.68275525765078,0.0,9.56,59.242755257650785,368.0726410895211,16.095397659083826,0.9806944732080088,59.95693507472462,3.254744072066722,0.9412349800572709
2023-02-04 06:00:00,12.929234131609414,77.80739957500015,0.0,9.56,87.36739957500015,399.1881613730835,21.886270192603753,0.99856833056795,60.080634841107496,4.647448572273975,0.9374844293385799
2023-02-04 07:00:00,7.622147349677924,15.941695936745067,203.10610467002746,30.957228126987395,46.898924063732466,366.55868138908255,12.794383667577566,1.0226315690307906,60.07968048330571,3.819676956219188,0.9397136168144905
2023-02-04 08:00:00,7.47302721801862,15.024228943099818,413.784227815654,53.152168400379146,68.17639734347897,286.0861111538893,23.83072602458706,0.9678095803383804,60.190502308353544,4.981602711891876,0.9365845528405066
2023-02-04 09:00:00,11.286828975109108,51.762868345551176,502.94477866987535,62.545232432871366,114.30810077842254,339.5785145309765,33.66175888256773,0.9860538169860195,59.95045078554821,3.944561928657602,0.9393773018079238
2023-02-04 10:00:00,11.555050821603304,55.541560887534075,639.4385520968875,76.9248514634071,132.46641235094117,350.2828699633958,37.816982704516434,0.9636891674094933,59.69,4.107672165004441,0.9389380462342788
2023-02-04 11:00:00,7.365850527545114,14.387031870482492,897.986491668831,104.16287689731135,118.54990876779384,358.6927762132708,33.05054258949076,1.0107395139388748,59.95905774269692,4.059549830513597,0.9390676395946671
2023-02-04 12:00:00,7.586677348933125,15.72017383798456,700.0034904266098,83.30536771644334,99.0255415544279,404.84787761681787,24.459938418685258,1.0245094109062893,60.02306579252084,3.6434740597165556,0.9401881308984293
2023-02-04 13:00:00,7.878777337347944,17.606741249748826,796.8595860265124,93.50915738789308,111.1158986376419,368.09849204797746,30.18645852620315,0.9963318002541591,60.07145306910522,3.150044177785836,0.9415169366845982
2023-02-04 14:00:00,5.76855511079842,6.910407197282011,741.9699098159451,87.72652999910981,94.63693719639183,423.99452701480874,22.320320467977755,0.979889599709694,60.03036042712837,4.791302460803837,0.9370970310750345
2023-02-04 15:00:00,6.63507467289765,10.515742560407356,506.56445749124765,62.92656559670294,73.4423081571103,476.50007134755316,15.412864042058539,0.9804750709709092,59.95037224669103,4.605351625052574,0.9375977963418691
2023-02-04 16:00:00,6.47883118416099,9.790220931197773,495.9617244458498,61.80956767037028,71.59978860156805,506.64087494572806,14.132256622452324,0.9940588558425452,60.171416435741556,3.2790535611193388,0.9411695146468958
2023-02-04 17:00:00,6.9660623359932465,12.169271209269432,198.73099426402413,30.496310245714945,42.66558145498438,511.4468667148395,8.342133705703754,0.9939825590921695,59.89662641994378,4.5535365427001455,0.937737334265619
2023-02-04 18:00:00,8.446641929062709,21.694755126408023,9.690135558953356e-14,9.560000000000011,31.254755126408035,514.2043787603437,6.078274790611031,1.0182366355702674,59.97253551514382,4.25169333210122,0.938550197489853
2023-02-04 19:00:00,8.998603802511697,26.23178795905949,0.0,9.56,35.79178795905949,529.2479488110214,6.762763661052878,0.9866224793111398,59.89200901591392,3.8182875758352446,0.93971735841337
2023-02-04 20:00:00,11.645145274097432,56.8508854316744,0.0,9.56,66.4108854316744,558.4658180622259,11.891665216343592,1.0087015667637171,60.00195767620902,3.5080422981911257,0.9405528483890724
2023-02-04 21:00:00,6.561212411584695,10.168450856487041,0.0,9.56,19.728450856487044,533.8632105435794,3.69541306965122,0.9938905994150427,60.15890057587729,4.719457567004465,0.9372905092450508
2023-02-04 22:00:00,10.540146699059504,42.154356808087236,0.0,9.56,51.71435680808724,491.6007184061368,10.519585279646263,0.9851048608952032,59.98590740761012,4.400376518588106,0.9381497939355795
2023-02-04 23:00:00,8.156909792873558,19.53797183468638,0.0,9.56,29.097971834686383,469.9593549912165,6.191593278365577,0.9933924787331805,59.98652001479065,4.095479818938274,0.9389708802003457
2023-02-05 00:00:00,8.49914879204845,22.101858689473325,0.0,9.56,31.661858689473327,451.21930323351523,7.016955715896682,1.0067307676374195,59.830403799162276,4.219137067796928,0.9386378714511752
2023-02-05 01:00:00,9.960706072152906,35.57729092890654,0.0,9.56,45.137290928906545,515.4577549415312,8.756739130644469,1.018298667797634,59.9713007814209,3.182132364164362,0.9414305232562898
2023-02-05 02:00:00,6.378415078293588,9.34202088770168,0.0,9.56,18.90202088770168,470.13228094497185,4.020574985769618,0.9949605362568302,60.11504870500333,3.9478395218223836,0.9393684752554154
2023-02-05 03:00:00,9.401270830353997,29.913153021200376,0.0,9.56,39.473153021200375,416.83188487092997,9.469801724362581,0.9759212373840446,59.974976383434296,3.387400585571404,0.9408777363045653
2023-02-05 04:00:00,8.981747195002892,26.08464807923566,0.0,9.56,35.64464807923566,382.29465132167604,9.323867848007898,1.0199942960653088,59.96822097860877,3.4167673580176507,0.9407986516390907
2023-02-05 05:00:00,9.645935027550962,32.30989135603212,0.0,9.56,41.86989135603212,357.97984751892307,11.696158777155423,0.9820366123369577,60.11057145758433,4.322607924573734,0.9383592246196398
2023-02-05 06:00:00,9.251356860380739,28.504852746882253,0.0,9.56,38.06485274688225,392.1029987256209,9.707870858064673,1.0052164633535507,59.968643588702946,4.822512303668576,0.9370129830242317
2023-02-05 07:00:00,13.595403364627863,90.46462611359166,236.50532345743727,34.47583582624102,124.94046193983269,406.4488484929339,30.739529070656175,0.9995033466459249,60.12920536322271,3.807513220956693,0.9397463737317144
2023-02-05 08:00:00,7.42090217039487,14.712030607708325,472.5169199758453,59.33965751945531,74.05168812716363,327.7466381587724,22.594186943662958,0.9968285981530757,59.87153604046122,3.4154985460243807,0.9408020685475106
2023-02-05 09:00:00,7.6457619430459465,16.090324994428478,533.5008872782499,65.76431847476363,81.8546434691921,383.46830886736296,21.345869156948932,0.9902604739962398,60.0677853974841,4.297493874473308,0.9384268567114722
2023-02-05 10:00:00,7.47264230826042,15.021907524628366,702.5910835601176,83.57797065305839,98.59987817768675,360.1462729589214,27.3777311000892,1.0124029756083093,60.16463292076955,4.7423740927006355,0.9372287950824938
2023-02-05 11:00:00,7.618929574309121,15.921514559360169,937.510277344822,108.326707718277,124.24822227763718,368.8248798606298,33.68759242179856,0.933,60.10078568974549,4.496637602244982,0.9378905630101122
2023-02-05 12:00:00,7.465862118314767,14.981054906456476,942.0080559084217,108.80054868995222,123.7816035964087,441.03485436149623,28.066172632911805,1.0227294101673408,59.81327264483647,4.737514461073174,0.9372418820617419
2023-02-05 13:00:00,11.129213285370476,49.62447181284402,961.5381283421707,110.85804182084767,160.4825136336917,419.72154974406317,38.23547152428803,0.9817498445121193,59.93616967585691,4.073109342021599,0.9390311238545199
2023-02-05 14:00:00,11.60252305633703,56.22893024142585,802.1772287425723,94.06937104802999,150.29830128945585,454.7993590542376,33.04716646962817,1.008159138195013,59.97580484753422,4.503752488738382,0.9378714026335591
2023-02-05 15:00:00,7.630146010034908,15.9919361367407,578.3840447236388,70.49275911163534,86.48469524837604,479.23854837419395,18.04627268440184,1.0071005123586987,60.10099554967071,3.280129118717873,0.9411666181722139
2023-02-05 16:00:00,7.116840417491904,12.976697584296831,438.59567509919555,55.76605437170025,68.74275195599708,447.14044487681497,15.373861332301393,1.0254995476404163,59.86683818837886,3.696549230726383,0.9400451995581874
2023-02-05 17:00:00,9.734083816718881,33.203796631257234,232.49825499679866,34.05369116391274,67.25748779516996,525.271438456735,12.804329889470994,1.0039549827107614,59.89810633296074,3.7790983289630447,0.9398228949848392
2023-02-05 18:00:00,7.696295190929662,16.411476334370576,8.860769587013247e-14,9.56000000000001,25.971476334370585,515.6302055218354,5.036841530275862,0.9834178163873191,59.839484856982004,4.022591492492069,0.9391671683326066
2023-02-05 19:00:00,10.075880203256213,36.825740353356565,0.0,9.56,46.38574035335657,499.8664143011367,9.279627321673228,0.9679049002417807,59.91741997499122,4.858152720513647,0.9369170034456544
2023-02-05 20:00:00,9.224923904060324,28.2612181805703,0.0,9.56,37.8212181805703,530.3943134631356,7.130773694314695,0.9930239369025405,59.87483933430277,4.748593120444348,0.9372120472519452
2023-02-05 21:00:00,5.796436243282072,7.011092398070287,0.0,9.56,16.571092398070288,526.7393424163969,3.1459758297246276,0.9608364914223397,60.15979058601964,3.269050984578369,0.9411964515675627
2023-02-05 22:00:00,11.931566129458073,61.14977432797308,0.0,9.56,70.70977432797308,563.4074424289523,12.550379885492875,0.9874302858737849,59.935262272935205,3.3455793037649264,0.940990360941387
2023-02-05 23:00:00,12.43672631180964,69.25015219775153,0.0,9.56,78.81015219775153,484.7054155121923,16.259391720324018,0.9941473875933959,60.069092529213,3.7152810991778225,0.9399947546700776
2023-02-06 00:00:00,7.6275921679166885,15.975883804879372,0.0,9.56,25.535883804879372,511.3045768285224,4.994260752225461,0.9862016804394215,60.00179695072189,3.5814877317813476,0.9403550599682728
2023-02-06 01:00:00,8.085747732372711,19.031063733259874,0.0,9.56,28.591063733259872,517.9435523266925,5.520111912741039,1.0008354731472981,60.00039612809246,4.229541906312525,0.9386098512397328
2023-02-06 02:00:00,9.440645049338917,30.290574376447367,0.0,9.56,39.85057437644737,445.22618685937255,8.950635778536185,0.9952779197816158,59.94085561804606,4.80555209552909,0.9370586568343022
2023-02-06 03:00:00,9.545372784578628,31.30986410950264,0.0,9.56,40.86986410950264,439.34789274277784,9.302392200940965,0.9934462691734244,60.07700224871307,4.924583083345174,0.9367381065978136
2023-02-06 04:00:00,10.200873633160617,38.21330526255886,0.0,9.56,47.773305262558864,385.06569794000336,12.406533617025104,0.9515169876592539,60.01543442326423,4.307205905070453,0.9384007022305104
2023-02-06 05:00:00,12.911300437158568,77.4840765841593,0.0,9.56,87.0440765841593,441.88966568150715,19.69814714945076,0.974105896386289,60.009674391293906,4.676318402802173,0.9374066829367984
2023-02-06 06:00:00,8.543883023879106,22.45269008832174,0.0,9.56,32.01269008832174,389.3565660083505,8.221946894722501,1.0128531346370975,59.940657938982206,4.050404400461594,0.939092268221378
2023-02-06 07:00:00,7.307848432057415,14.049830819165898,189.1332567499993,29.485188598612424,43.53501941777832,387.9298820210259,11.222393900405619,1.016085125458949,59.9570224073847,3.4166538937200794,0.9407989571982404
2023-02-06 08:00:00,6.152248722798934,8.38309050945629,427.0781696310151,54.55268517062744,62.93577568008373,412.4803095937327,15.257886065415224,0.9632244656404201,60.05889111175754,4.049376824186955,0.9390950354824408
2023-02-06 09:00:00,7.455249681309192,14.9172606864848,602.9267356526508,73.07833160100675,87.99559228749155,366.73935086147657,23.994041566793555,0.9837056363753174,60.02300556115455,4.110165202875303,0.9389313324877684
2023-02-06 10:00:00,8.85685624860811,25.011589283401495,702.1597410898297,83.53252872381356,108.54411800721505,389.03784936211605,27.900657528615493,1.0214393073519825,60.01234723145085,4.484915128427113,0.937922131611058
2023-02-06 11:00:00,12.518003748395376,70.61675104644615,946.4889440253156,109.272610253067,179.88936129951315,382.599481902173,47.017669863313905,0.985639223731897,59.92459575083325,3.439765979414698,0.9407367163929585
2023-02-06 12:00:00,7.899220204129074,17.744148476285265,948.2518959619664,109.45833723959315,127.20248571587841,403.24488837012564,31.54472366159873,0.9977701842574977,60.19441077035255,3.7366207641734634,0.9399372869905561
2023-02-06 13:00:00,9.387350017140285,29.780469113095492,878.1838428976147,102.0766678492637,131.8571369623592,431.50060866957153,30.557810189169608,1.0288361065803182,59.95202932604422,3.728054938429133,0.9399603547439072
2023-02-06 14:00:00,8.912035758197487,25.481985361630382,791.8052865930214,92.9766869425748,118.45867230420518,470.22528827499,25.19189742830887,0.9927684537711321,59.99697473382746,4.91887919148233,0.9367534671683599
2023-02-06 15:00:00,11.326551269588032,52.31130883340799,592.9195317126512,72.0240726659278,124.3353814993358,499.3380384850601,24.900042038967523,0.9899056117962577,59.98129663711253,3.887889920653438,0.939529919423734
2023-02-06 16:00:00,14.008288110783866,98.9595466130528,488.1491781644863,60.98651591962863,159.94606253268142,543.6589645269514,29.420293413510382,0.9968592661881474,60.19547111972613,4.510187934596293,0.9378540719894175
2023-02-06 17:00:00,7.897119258771054,17.729994077074007,235.1056891360466,34.32838435048251,52.05837842755652,528.9741696773978,9.841383835302402,1.0370682159579965,59.970918538729244,4.5016227627488785,0.9378771379818253
2023-02-06 18:00:00,7.984186136748969,18.322910502465625,1.1250760565418977e-13,9.560000000000013,27.882910502465638,581.1915206559682,4.797542550344727,1.0089240367257897,59.96176580590244,3.5310883696064828,0.9404907853601261
2023-02-06 19:00:00,11.055369344223895,48.643214829259115,0.0,9.56,58.20321482925912,596.1426213746037,9.763303736789089,1.0003816325555954,60.01183111481167,4.143739378743464,0.9388409172924322
2023-02-06 20:00:00,10.334587185477334,39.73579451084295,0.0,9.56,49.29579451084295,570.965334515032,8.633763125516882,0.9895128008863683,59.93064591105378,4.788605786637296,0.9371042932137236
2023-02-06 21:00:00,12.667749235593497,73.18142702431156,0.0,9.56,82.74142702431156,557.4508454563554,14.842820259170214,1.0107763385636224,60.01115997169015,3.950395438913899,0.9393615921752767
2023-02-06 22:00:00,10.145494825575893,37.59431723796973,0.0,9.56,47.154317237969735,574.1549113378436,8.21282136698875,1.013193995398616,60.23716035801678,4.890235014685092,0.9368306058850491
2023-02-06 23:00:00,8.262131385455643,20.303868474838975,0.0,9.56,29.863868474838974,549.6231542283414,5.433517173556339,0.9785364298104906,60.02996955555511,3.428916458648323,0.9407659341329039
2023-02-07 00:00:00,10.164875347489438,37.810173693773514,0.0,9.56,47.370173693773516,580.7021290016079,8.157396249815084,1.0137325638389232,60.02632459217266,3.1483182115480615,0.9415215847085779
2023-02-07 01:00:00,11.203595756267351,50.62613722109935,0.0,9.56,60.18613722109935,597.0694717214526,10.08025700050825,0.9969769542675314,59.92820951070908,4.782907746289498,0.9371196380261503
2023-02-07 02:00:00,10.629548456669964,43.236143442449084,0.0,9.56,52.796143442449086,526.150685576233,10.034415024020634,1.0004959726925722,60.170920715435294,4.695362395924433,0.9373553974975105
2023-02-07 03:00:00,10.00530006341398,36.05727102815671,0.0,9.56,45.617271028156715,479.0327527747454,9.522787484555828,0.9823142199402336,60.1939032700798,4.9851797518676895,0.9365749198782737
2023-02-07 04:00:00,11.12604152995778,49.58205592137697,0.0,9.56,59.14205592137697,447.3648857651397,13.22009344122411,0.9920003594434218,60.0852680375827,4.358786976224852,0.9382617944984968
2023-02-07 05:00:00,11.332995576156947,52.40064810541493,0.0,9.56,61.96064810541493,427.81484706509923,14.483052313513227,0.9793971546955434,60.06538332230624,4.873375853334299,0.936876007576299
2023-02-07 06:00:00,11.760206586338777,58.552757592848,0.0,9.56,68.112757592848,393.6060445316239,17.30480477602918,0.978435636597674,59.976523464856115,4.6538980501682214,0.9374670609061897
2023-02-07 07:00:00,10.294564439924859,39.275925735040964,219.7056965351987,32.70599512998319,71.98192086502415,455.481299744862,15.803485435152847,1.0075418044085356,60.03913375808446,4.688852666240174,0.937372928187863
2023-02-07 08:00:00,8.663936320423579,23.412525074893992,407.0776564804841,52.445631110219,75.85815618511299,357.0932095427286,21.243236823867985,0.9928976686911378,59.91648423951375,4.138283140908537,0.938855610931126
2023-02-07 09:00:00,9.292399347793317,28.885912924083943,529.5597645257917,65.34912119279215,94.2350341168761,442.14213602607384,21.313289650213047,0.9740072466027517,59.88738860242213,3.7647291958334215,0.9398615910345599
2023-02-07 10:00:00,11.412561018485889,53.5120807650223,810.4800028862041,94.9440683040616,148.4561490690839,411.4471165447007,36.08146541791483,1.0435410529497675,59.851264008327426,4.869116145086563,0.9368874789629625
2023-02-07 11:00:00,7.366014427218041,14.387992281888645,888.9735869882802,103.21336738921532,117.60135967110396,438.00873956602317,26.849089766478812,0.9775068992136813,60.04106739732748,3.864234351231789,0.9395936238297169
2023-02-07 12:00:00,9.737346617745802,33.237196908619836,815.3065115572405,95.45254099255527,128.6897379011751,447.1519448770698,28.779867643548826,1.0218420592203867,59.862162552767934,4.077638734499338,0.9390189262087091
2023-02-07 13:00:00,8.213208144537791,19.945319069354824,683.4485691610312,81.56130676111462,101.50662583046945,541.5856094024103,18.742489473173524,0.970470727167564,59.950036459688754,3.8922286142503753,0.9395182353296668
2023-02-07 14:00:00,9.05703273133881,26.7460906681272,824.1956825024237,96.38901515163033,123.13510581975753,524.5810421739749,23.473037704424005,1.009130046703356,59.993877062479804,4.129636627920394,0.9388788959750797
2023-02-07 15:00:00,11.55587570014127,55.55345654587018,497.39686688893863,61.96075992674969,117.51421647261986,573.6848343849392,20.484107201231765,0.9949887926276262,60.0995290399522,3.941010157984654,0.9393868667199695
2023-02-07 16:00:00,9.380370617097093,29.714094051625086,455.55496694435755,57.55271576758807,87.26680981921315,613.1073798812818,14.233527875021004,0.9874188653728319,59.942177983337906,3.0959351171589518,0.9416626522877227
2023-02-07 17:00:00,9.09001776105787,27.039377941056,256.50963716473376,36.5832902753047,63.622668216360694,599.7044164627284,10.60900444782948,1.0039348464753142,60.11132723127394,4.7640963720153975,0.9371702970232978
2023-02-07 18:00:00,6.2761763223038844,8.899957015314262,1.0180469227913302e-13,9.560000000000011,18.459957015314274,574.8254013761891,3.2114024486599413,1.0012451971265866,60.09391589131442,3.8887876378315394,0.9395275018729851
2023-02-07 19:00:00,10.486911527320043,41.51884973848672,0.0,9.56,51.078849738486724,614.0648742488352,8.31815201951907,0.9837506963263591,59.8928691672329,4.177887297014697,0.9387489570098347
2023-02-07 20:00:00,10.283660513061623,39.151255563928,0.0,9.56,48.711255563928,601.8241337164154,8.093935227077674,0.98284522238426,60.112282549388524,3.278375605515974,0.9411713403801185
2023-02-07 21:00:00,13.317261447810305,85.0251249417649,0.0,9.56,94.5851249417649,605.5790318956894,15.618956397099485,0.968521715760112,59.97164188778584,3.0067756959652785,0.9419027584489265
2023-02-07 22:00:00,8.373027624369234,21.13246084074555,0.0,9.56,30.692460840745554,607.8554007223668,5.049302976377452,1.006111287687141,59.95010488762741,3.4905801872872857,0.9405998738223861
2023-02-07 23:00:00,9.424489250429414,30.135331346043863,0.0,9.56,39.695331346043865,590.7775829792884,6.7191668217775815,0.9749239034579998,59.972064672458664,4.4091720642667,0.938126107546858
2023-02-08 00:00:00,9.48233305352633,30.693620310352692,0.0,9.56,40.253620310352694,596.1096704396998,6.752720565774582,1.0000794991303437,59.99964942732413,3.1983890602257574,0.9413867440029826
2023-02-08 01:00:00,12.135622126556711,64.34112291202386,0.0,9.56,73.90112291202387,576.3474289327579,12.82232195411526,1.0118495596824144,59.95849553995624,4.8177748807729355,0.9370257408955845
2023-02-08 02:00:00,8.787047390150061,24.42482195894252,0.0,9.56,33.98482195894252,529.7220403210976,6.415595231480684,1.004161100636481,59.91603083396387,3.4300451387123694,0.9407628945995178
2023-02-08 03:00:00,9.53237763566211,31.182161604089504,0.0,9.56,40.7421616040895,519.9685586420766,7.83550484484863,0.9855373740396548,59.92487444063053,3.4091872285835514,0.9408190649140479
2023-02-08 04:00:00,10.18659722565779,38.05308793714064,0.0,9.56,47.61308793714064,467.26559996102793,10.189726772335005,1.0181762482269994,60.013894280970405,3.3630159232429913,0.9409434041564372
2023-02-08 05:00:00,9.340265836398467,29.334602778239898,0.0,9.56,38.8946027782399,502.4791122583315,7.740541214426371,0.9918405704379749,59.98395364481829,3.0279634259427297,0.9418456999301362
2023-02-08 06:00:00,8.070197792684358,18.921477154806674,0.0,9.56,28.481477154806676,430.17851658411786,6.620850660085755,0.9733167848199001,60.052730969339954,4.543610936956469,0.937764063904067
2023-02-08 07:00:00,9.34703679040831,29.398444837147217,211.9640251631238,31.890410050935095,61.28885488808231,473.0694075188572,12.955573519228096,0.9943254499109344,60.00523628972033,4.7500690624905175,0.9372080725426646
2023-02-08 08:00:00,11.101686758756168,49.25716456995023,369.757254286864,48.513926739121125,97.77109130907135,389.4643828559395,25.103987838917806,1.0117359475596945,60.007701399598375,4.228325405232398,0.9386131272749576
2023-02-08 09:00:00,6.896734123869743,11.809539203852973,678.5316964875188,81.04331422496011,92.85285342881309,425.74159525785893,21.809673863925582,0.9865117137117975,60.05928122348343,3.3763999633597246,0.9409073609604316
2023-02-08 10:00:00,9.210820898636744,28.131799521019193,647.0785607346006,77.72972637339016,105.86152589440935,437.21451002223915,24.21272017916895,1.0175636482994062,60.14189180719127,3.5705559938817597,0.9403844991188103
2023-02-08 11:00:00,7.539532483984143,15.428927946362318,765.917706566609,90.24943038679226,105.67835833315458,471.4054713328906,22.417719937435365,0.984593478695647,60.14590223482919,3.951853394729927,0.9393576659028816
2023-02-08 12:00:00,11.324536060051102,52.28339226168108,787.013659588731,92.47188903767281,144.7552812993539,509.6008997056559,28.405617294428673,0.9873157361262894,60.13404064201142,4.908691903246602,0.9367809015172892
2023-02-08 13:00:00,5.88251421179225,7.328101162158208,928.6644747070552,107.39480241038825,114.72290357254646,470.38263500705324,24.38927269728531,0.979078419682935,60.08704491697413,3.494702743635486,0.9405887717855418
2023-02-08 14:00:00,7.80526649981253,17.118500065730245,780.9911473051357,91.83741736859604,108.95591743432628,500.506904347804,21.76911377002952,1.0136741907381606,60.208541062209214,4.463291807839776,0.9379803631745787
2023-02-08 15:00:00,9.671533511322073,32.567807595447675,663.976392350341,79.50991293410843,112.0777205295561,517.5710580878562,21.654557143056334,0.998935148598216,60.04378237662436,3.8788964465858404,0.9395541388332518
2023-02-08 16:00:00,12.04193523729667,62.8624585643955,387.5701848188748,50.39051897066846,113.25297753506396,623.3519215250437,18.16838508462253,0.9804047610451205,60.03255458153221,3.5956946967200434,0.9403168006371991
2023-02-08 17:00:00,8.772942398988347,24.307390300583688,229.69212690263905,33.75806556919302,58.06545586977671,613.3852220116596,9.466393024492033,0.9920757931543779,60.2243921275503,3.9118318740442275,0.9394654437862363
2023-02-08 18:00:00,7.787378425480808,17.001073293301523,1.0673088258578518e-13,9.560000000000011,26.561073293301533,587.8177997338214,4.518589485607454,0.9385769802420194,59.727403114990054,3.142413435082465,0.9415374862609988
2023-02-08 19:00:00,12.653205498507049,72.92965934275539,0.0,9.56,82.48965934275539,617.0461320193159,13.368475234226596,1.0155594472693328,59.978610351135565,4.597374741860725,0.9376192780739836
2023-02-08 20:00:00,5.987757286982468,7.728497390574577,0.0,9.56,17.288497390574577,669.1992374789361,2.583460413927736,0.9965850672100338,60.125249572915,3.4866038559659343,0.9406105820754956
2023-02-08 21:00:00,4.478847291364415,3.234456139913906,0.0,9.56,12.794456139913907,621.9954013286609,2.057001725830019,0.951875236979802,60.09802629527217,4.450824246385941,0.9380139382951904
2023-02-08 22:00:00,9.74894316799577,33.356088446067346,0.0,9.56,42.91608844606735,610.2332918538,7.032734696544418,0.9708663711735184,60.256565157483564,3.1366967428963894,0.9415528813027925
2023-02-08 23:00:00,7.857042403539458,17.461429374902146,0.0,9.56,27.021429374902148,581.0181725230542,4.650702964687386,0.991568118748848,60.01074857183314,4.910197112331372,0.9367768479919263
2023-02-09 00:00:00,6.8107039146240345,11.373090680459342,0.0,9.56,20.933090680459344,525.944417541315,3.9800956113038253,0.9737165848179032,59.95691823976118,3.3860299708113972,0.9408814273676532
2023-02-09 01:00:00,10.261683860217305,38.90078751777715,0.0,9.56,48.46078751777715,568.0758057794247,8.530690274916187,1.015866986473721,59.96679152533258,4.765484152414161,0.9371665597331754
2023-02-09 02:00:00,9.32415715434035,29.183088689430765,0.0,9.56,38.74308868943076,556.9112346181397,6.956779874623277,1.008371457719823,60.03180681628613,4.618946419230869,0.9375611855855541
2023-02-09 03:00:00,7.699767211803079,16.433697427747127,0.0,9.56,25.99369742774713,451.25645036200535,5.760293821150824,1.0071907188703573,60.16216475959513,4.935719848162832,0.936708115310154
2023-02-09 04:00:00,6.258469065015937,8.824839804320993,0.0,9.56,18.384839804320993,498.8424568324215,3.6855002120433187,0.9479130612957058,60.16341410088855,3.9557813218914992,0.9393470880020874
2023-02-09 05:00:00,10.554931224305484,42.33199383114825,0.0,9.56,51.891993831148255,421.36182634851997,12.31530494369629,0.9894908317158622,59.99439853281663,4.454794587691903,0.9380032461731815
2023-02-09 06:00:00,10.101143635408928,37.103436949504285,0.0,9.56,46.66343694950429,436.1010864385006,10.700142329520384,0.9860476709878189,60.025300848667776,3.741421314075568,0.9399243591182884
2023-02-09 07:00:00,8.592900976387309,22.841358066121245,212.58314906737897,31.955634754248372,54.79699282036962,452.40801847140335,12.112294783261744,0.9809189109179083,59.938839842079716,3.3687364760393876,0.9409279987180268
2023-02-09 08:00:00,12.474825555795695,69.88853624576036,360.2529800464937,47.51265144789811,117.40118769365847,402.3418890847689,29.17945928044379,0.9916964943767258,59.94927844523944,3.8861518658668976,0.9395346000021537
2023-02-09 09:00:00,6.631469064881557,10.498608595550976,661.235316663247,79.22114061047307,89.71974920602405,400.2633467189503,22.41517989130837,0.9774752358582788,60.104625721343716,3.3314980307769098,0.9410282817842632
2023-02-09 10:00:00,5.710464218507844,6.703733554975788,680.4599731811559,81.24645817463477,87.95019172961055,444.1240754910796,19.803067787388407,1.0043044146590043,60.16022113887317,4.964089245572768,0.9366317165738615
2023-02-09 11:00:00,7.367364083392884,14.395902557289855,801.5542901325857,94.0037444654679,108.39964702275776,402.6849237261357,26.919221613690187,1.0153310270867555,59.93027163195302,3.1924929822814327,0.9414026221303013
2023-02-09 12:00:00,8.649464340216808,23.295398192399965,905.6331649665705,104.96845392922819,128.26385212162816,491.1060282910908,26.117344266359318,1.0136076747684735,60.024295635213136,4.17842344690524,0.9387475131591421
2023-02-09 13:00:00,9.216562711275014,28.18444246259266,772.4864748919753,90.9414501298696,119.12589259246225,485.0965642189033,24.557150344751943,0.9972417749657704,59.97569219439208,4.252927710508112,0.9385468733110194
2023-02-09 14:00:00,8.23645124539729,20.11513246232492,620.9191673629671,74.97383428168858,95.0889667440135,489.3616717112526,19.43122484674702,1.03998479392667,60.0863871659552,4.076159085748109,0.9390229109001397
2023-02-09 15:00:00,9.411866646078176,30.014408997395485,574.2953792219236,70.06201820102964,100.07642719842514,514.4510633666544,19.453050897301708,1.0227995022900103,59.961148397764354,4.324371771423667,0.9383544745832396
2023-02-09 16:00:00,6.193303290516614,8.552036494660639,491.6672874041454,61.357148728026715,69.90918522268736,515.190311601027,13.569584607566599,0.997968835926549,59.80735450605405,3.232361550023782,0.9412952561489485
2023-02-09 17:00:00,11.572332292952595,55.79113385914127,231.00125674724114,33.895982398321856,89.68711625746312,561.3197000758129,15.977902832441085,0.9903545557959696,60.1003690711112,4.110037048410582,0.9389316776075118
2023-02-09 18:00:00,8.508717215779965,22.17659021726136,1.1039501964359926e-13,9.560000000000013,31.736590217261373,585.3755944744897,5.421577277363659,1.0267605432556384,59.96965163701432,3.5744251422547233,0.9403740795091883
2023-02-09 19:00:00,10.89562416271092,46.564918069294606,0.0,9.56,56.12491806929461,571.4479636334402,9.821527355253012,1.0201516136552546,59.98005562841119,4.880352126602113,0.9368572204849135
2023-02-09 20:00:00,9.33429347133219,29.278367240898337,0.0,9.56,38.838367240898336,605.3302376720078,6.416062642147826,0.9717914559235155,60.043558791669184,4.524143306879451,0.9378164901969135
2023-02-09 21:00:00,9.549957776293464,31.355003603818528,0.0,9.56,40.915003603818526,617.4742821205496,6.626187484814256,1.0217164263845748,60.03528336431526,4.945028964319485,0.936683045877057
2023-02-09 22:00:00,9.763393681882595,33.504636068387654,0.0,9.56,43.06463606838766,586.8925632543392,7.337737563003489,0.9969125293055214,60.04561216587524,3.075112139480379,0.9417187285292269
2023-02-09 23:00:00,9.506484207854328,30.928744721890986,0.0,9.56,40.48874472189099,597.2866398701107,6.778779570675798,0.9827817693881329,59.83702668347538,3.5702663503614174,0.9403852791282906
2023-02-10 00:00:00,9.883521731088406,34.75663036768477,0.0,9.56,44.31663036768477,489.0916135547421,9.061008027839469,0.9604158828151867,60.05563090120365,3.390845173276698,0.9408684600360591
2023-02-10 01:00:00,11.24319254158944,51.1648193464042,0.0,9.56,60.7248193464042,519.2892004809723,11.69383443564012,0.994621676106044,59.809094364964885,3.022309174623661,0.9418609268187872
2023-02-10 02:00:00,8.964544241509278,25.93505333184521,0.0,9.56,35.49505333184521,466.96025421736783,7.601300755529063,0.9997554482956015,60.076956514378104,3.4846514604926426,0.940615839873
2023-02-10 03:00:00,9.975928008239302,35.740647804478876,0.0,9.56,45.30064780447888,483.78162362651227,9.363862865417921,1.0317465530822043,60.111838128211055,4.357551967040858,0.9382651203760121
2023-02-10 04:00:00,8.364672899894822,21.069265142239928,0.0,9.56,30.62926514223993,485.73233241128406,6.305790884907619,1.0191446761549736,59.86314798572748,3.462177844269137,0.9406763612811423
2023-02-10 05:00:00,11.410408768337604,53.481811573413026,0.0,9.56,63.04181157341303,378.4878271563689,16.656232261696452,0.9883422655724793,60.03284329905816,4.018006890965236,0.9391795146562875
2023-02-10 06:00:00,7.163227099717734,13.23209654423651,0.0,9.56,22.79209654423651,363.8313563586344,6.264467354421749,1.0077868478843948,60.105717912961445,4.775636229929997,0.9371392202066516
2023-02-10 07:00:00,12.103538332023138,63.83216145914375,256.5422045476736,36.58672124909741,100.41888270824116,359.32596675675376,27.946458647175888,1.0165249884534564,59.955099637962846,4.387515840698151,0.938184427718048
2023-02-10 08:00:00,8.406796816376438,21.38918092422189,366.99552570911953,48.222978633455746,69.61215955767764,381.17688054938753,18.26242962515096,1.0017191477603442,60.06736363657086,3.789258139812064,0.939795534632463
2023-02-10 09:00:00,5.610828361629952,6.358921322010847,580.5914485296539,70.72530910259904,77.08423042460988,406.49232952946795,18.963268141821555,0.9882569168193759,59.721459412727434,3.7449378778242166,0.9399148890184267
2023-02-10 10:00:00,8.713664962688554,23.817988055297615,797.9259252304662,93.62149622302961,117.43948427832723,357.11901814058416,32.88525066231443,0.9893565508751311,60.10981961182434,3.9114716280169697,0.939466413928141
2023-02-10 11:00:00,7.080243240119197,12.777533694404202,880.3122738197574,102.30089804691144,115.07843174131564,404.0324629198095,28.482471658262735,1.007709461409139,60.00299942386932,3.3540828821198128,0.940967460820144
2023-02-10 12:00:00,10.108338081102291,37.18277316375841,826.8185910681796,96.66533856903271,133.84811173279112,409.2279943484491,32.707467128659395,1.008259611310501,59.97421706233639,4.268001534831976,0.9385062795291778
2023-02-10 13:00:00,7.106322623246871,12.919248793652516,776.5630713800062,91.37091956988365,104.29016836353617,455.96718161008766,22.872297079643353,0.9941409076847291,60.098404145290445,3.728305638209211,0.9399596796098495
2023-02-10 14:00:00,7.5035396637123215,15.20901360731647,709.5205088548894,84.30798560786259,99.51699921517906,508.5895438463528,19.567252299871033,0.9476169558989332,60.172928967572396,4.704730698524087,0.9373301686754288
2023-02-10 15:00:00,4.600978558982645,3.5063327570301843,551.0362081664176,67.61166453033209,71.11799728736227,481.97787043138374,14.755448673132992,0.9741895454541742,60.0485715841354,4.513105320115633,0.9378462154754516
2023-02-10 16:00:00,7.459419622322014,14.942305681167307,380.79994080601995,49.6772737639142,64.61957944508151,463.20978304391025,13.950391768594374,1.0123937784322423,60.16087138830489,4.22102632818432,0.9386327836763438
2023-02-10 17:00:00,3.5000658172993306,1.5435870779244893,218.67929355240545,32.59786357574591,34.141450653670404,556.3335414691857,6.136867204430715,0.9573832400528824,59.8446716747473,3.728404445299032,0.939959413522534
2023-02-10 18:00:00,5.163632237399467,4.956423544014106,9.559104608525108e-14,9.560000000000011,14.516423544014117,524.9271968644025,2.7654165436133713,1.0236836203273443,60.06659488378341,3.419863663346969,0.9407903132943977
2023-02-10 19:00:00,9.835703062451755,34.25458637878037,0.0,9.56,43.81458637878037,555.6049235641157,7.885924785856267,1.02072314522277,59.98679961471457,4.552303728211246,0.9377406542328243
2023-02-10 20:00:00,9.8697336466586,34.611370673405936,0.0,9.56,44.17137067340594,586.9167381502706,7.526002889714242,1.000821927638664,59.92117808952837,3.972818197982173,0.9393012077253622
2023-02-10 21:00:00,9.132133020370024,27.41695299090406,0.0,9.56,36.97695299090406,568.8202412789622,6.5006394476686244,1.011958620684572,59.80713185651371,3.449500076354715,0.9407105024873751
2023-02-10 22:00:00,6.330176454409891,9.131664549369406,0.0,9.56,18.691664549369406,546.8567526559747,3.418018422299387,1.0105754935671778,60.061178704900264,3.3903492300800124,0.9408697956101975
2023-02-10 23:00:00,8.151444450083046,19.498725287038745,0.0,9.56,29.058725287038747,516.7400397890273,5.6234708072753055,0.9976625374326757,60.08752900534165,3.3308018090027183,0.9410301567082512
2023-02-11 00:00:00,8.222229398251045,20.011114123019237,0.0,9.56,29.571114123019235,399.25679098265886,7.406540049134346,0.9725222176482285,60.13420227509933,4.55432239241119,0.9377352179737579
2023-02-11 01:00:00,5.895102632045287,7.375247721633522,0.0,9.56,16.935247721633523,483.085133373847,3.5056445648323806,1.0193454595012337,60.11764904376351,3.457974370600623,0.940687681228185
2023-02-11 02:00:00,11.20085770839181,50.58902871147373,0.0,9.56,60.14902871147373,428.6650534141359,14.03170802761087,1.0281446002276726,59.922829031294164,4.053284527050395,0.9390845120456452
2023-02-11 03:00:00,9.930847694188206,35.25830779713283,0.0,9.56,44.81830779713283,455.77178823132846,9.833497586819734,0.9758281895151532,60.129070551531214,3.9030927219461127,0.9394889783071468
2023-02-11 04:00:00,7.716091053356626,16.53843963330099,0.0,9.56,26.09843963330099,398.19444528976493,6.554194801564656,0.971774899896606,60.13963475039118,4.159221798456568,0.9387992231639409
2023-02-11 05:00:00,8.193523025451608,19.80224987118783,0.0,9.56,29.362249871187828,349.3091650962088,8.405805746064722,0.9972640619048532,59.974001607474726,4.754309800742389,0.9371966522421659
2023-02-11 06:00:00,8.538085959454747,22.407018326455663,0.0,9.56,31.967018326455666,381.6571666637461,8.375846471296521,0.987475508087271,60.00284282637117,4.735494780163461,0.9372473210588057
2023-02-11 07:00:00,4.0192580560509725,2.337438394994714,201.93595282433446,30.833952630043633,33.171391025038346,374.19490394074774,8.864736177778333,1.0028989848041092,59.90658457929504,3.9021521436497193,0.9394915112828104
2023-02-11 08:00:00,7.5896203463358,15.738475280514653,352.2666026321712,46.671286587299235,62.409761867813884,329.6826499603345,18.930253647051995,1.0241598807972077,60.148088629065334,3.030732501469447,0.9418382428147142
2023-02-11 09:00:00,6.701095231085662,10.832778679759041,699.6854203377328,83.27185903258015,94.1046377123392,375.47036772919887,25.06313301938395,0.9550865912345501,59.848821285403105,3.8528876114286064,0.9396241805796357
2023-02-11 10:00:00,6.042755060397664,7.943419029326594,671.4017080095103,80.29216993880192,88.23558896812851,332.9918223508836,26.497824584758717,1.0316254390323831,60.05349706723638,4.212387074848281,0.9386560491700674
2023-02-11 11:00:00,7.464570037075072,14.973278152786321,872.0454536664345,101.42998854375887,116.40326669654519,370.3323593544912,31.43210787721662,0.9918666311624617,59.940317081188425,4.115529518196124,0.9389168863962402
2023-02-11 12:00:00,11.602764872775623,56.23244603613167,911.9889609636128,105.63803703751661,161.87048307364827,403.39585602247223,40.12695734401169,1.0102355795730098,59.88921471804435,4.302672211600411,0.9384129114588857
2023-02-11 13:00:00,9.269545867181233,28.673312899861486,852.9146539178365,99.41455879024407,128.08787169010554,433.91514740108244,29.519105856820804,1.0123745167620892,59.812527171943856,3.308151464946167,0.9410911540441306
2023-02-11 14:00:00,6.825819107405929,11.448980746837718,687.5135083754104,81.98954810734949,93.43852885418721,454.89925984938554,20.540488213835335,1.014706823083956,59.9784593872029,4.293070197561465,0.9384387696654538
2023-02-11 15:00:00,9.09350970770287,27.070551590167312,552.4829466478352,67.76407842934944,94.83463001951675,452.1557934842657,20.973883645000083,1.0012381620806,59.87354148854021,3.3653032374875442,0.9409372444232831
2023-02-11 16:00:00,10.727073702231625,44.43715991447783,439.6502424054054,55.87715303740946,100.31431295188729,519.0645336116521,19.32598096307989,1.005911212035735,60.00564194532738,4.501047961393498,0.9378786859208433
2023-02-11 17:00:00,9.75750202665883,33.444018210664765,248.42194502941697,35.731251908849075,69.17527011951384,503.23146281637105,13.746213269808186,1.005780441012108,60.17693373234006,3.6781752265253598,0.9400946807185133
2023-02-11 18:00:00,8.007221912989863,18.48196293895345,1.2050770886344094e-13,9.560000000000013,28.041962938953464,505.7853239010969,5.544242114948534,0.9873943439844111,60.01995073264389,4.4197908667629076,0.9380975111308
2023-02-11 19:00:00,6.573670354501713,10.226482201002453,0.0,9.56,19.786482201002453,516.2160480004156,3.83298471204958,0.9648388961712561,60.199728050228465,3.0957311978122144,0.9416632014421573
2023-02-11 20:00:00,9.243431053204155,28.43165360260279,0.0,9.56,37.99165360260279,594.4532561351988,6.391024560888636,0.9756162834446961,59.901772674652186,3.8157200511818266,0.9397242727526521
2023-02-11 21:00:00,8.613255057869662,23.00405643144771,0.0,9.56,32.56405643144771,510.58668417705724,6.3777723627738405,0.9979152404100393,59.87190592000007,4.410069044526665,0.9381236919806283
2023-02-11 22:00:00,9.595831509511612,31.809023860145427,0.0,9.56,41.369023860145425,561.605201572166,7.366210951098095,0.9842638668620723,59.89729844117717,3.4537410326629883,0.9406990815996508
2023-02-11 23:00:00,9.054811963617967,26.726421215525974,0.0,9.56,36.286421215525976,472.90028163525847,7.673165490629417,0.9843100785522093,59.99348994612447,4.590574089594445,0.9376375922183273
2023-02-12 00:00:00,9.86246118751609,34.5349174388983,0.0,9.56,44.0949174388983,510.5455892288241,8.636822718516362,1.0359850209137238,60.27229486877243,4.261559466209864,0.9385236280084115
2023-02-12 01:00:00,6.671638444011686,10.690548999717365,0.0,9.56,20.250548999717367,480.70283393157564,4.212695988099766,1.0171778959331974,59.83378852864485,4.175123544299597,0.9387563997909346
2023-02-12 02:00:00,10.355517440321794,39.97771007037347,0.0,9.56,49.53771007037347,494.54523226838535,10.016820876657404,0.9949584806818005,60.06196631181624,3.707097708408674,0.9400167925267271
2023-02-12 03:00:00,8.094417920159298,19.0923493042682,0.0,9.56,28.6523493042682,400.39446451129095,7.156030326053675,1.0134406989131088,59.930003466395945,3.964902940762235,0.9393225234988449
2023-02-12 04:00:00,11.828100455662774,59.5727315146481,0.0,9.56,69.1327315146481,367.98849933778695,18.786655463161427,0.991594627888182,59.977619694894905,4.194698601955706,0.9387036841958104
2023-02-12 05:00:00,6.277435319757037,8.905314068962022,0.0,9.56,18.465314068962023,371.7024364075343,4.967767832631762,1.00221446868373,59.874198008873364,3.944924227829781,0.9393763261369036
2023-02-12 06:00:00,11.10584471137558,49.31253066294342,0.0,9.56,58.872530662943426,409.24994037536817,14.385470797856428,1.0088325729683782,60.087913832403956,4.396626647881121,0.9381598923306612
2023-02-12 07:00:00,8.00772039196577,18.485414864080127,200.8255811770979,30.71697497700726,49.20238984108739,322.79108884937864,15.242796824557415,0.9916478806445624,59.995607486704486,3.867393866213919,0.9395851152615423
2023-02-12 08:00:00,6.2869217854707165,8.945748266736421,417.5381369214335,53.54764272467302,62.49339099140944,268.25592691047257,23.29618275769389,0.986294989049258,60.108745355069416,3.4045463634840605,0.9408315627554289
2023-02-12 09:00:00,6.599724026039203,10.348557740308161,698.1083556209627,83.10571526466842,93.45427300497659,351.1088783688902,26.616892583043565,1.02447863636937,60.01752451940325,3.4278675656020945,0.9407687587999943
2023-02-12 10:00:00,6.904419608341523,11.849063654792234,709.8901992747693,84.34693249359694,96.19599614838917,387.79157303698497,24.80610792932693,1.0122822593439622,59.806837602282314,3.011607537685882,0.9418897463078477
2023-02-12 11:00:00,8.370946981685943,21.11671091961627,919.503896653215,106.4297355124162,127.54644643203247,344.7835697787479,36.99319155894832,0.9549077824341456,60.10965427959752,3.601915431117345,0.9403000482106355
2023-02-12 12:00:00,8.545670976070998,22.4667888550581,756.5621817247753,89.26382584470508,111.73061469976318,421.3463910771965,26.517520279245154,0.9866372813993678,59.79869993676903,4.497835280957039,0.9378873376634909
2023-02-12 13:00:00,6.329870672433245,9.130341285993552,871.0121670628232,101.32113180006843,110.45147308606198,388.94919181597277,28.39740393092806,0.9843745500061121,59.813009731708355,4.588325417675219,0.9376436478877687
2023-02-12 14:00:00,7.405719676217048,14.621916775043013,860.0516353145644,100.16643978038934,114.78835655543236,441.51166980584816,25.9989405502939,0.9875772382237521,59.90827973198684,3.4049350841915,0.9408305159312617
2023-02-12 15:00:00,11.716016998002551,57.89518953771866,516.5895376055969,63.98270778674963,121.87789732446828,494.3707998454323,24.653134319942453,1.0172480457751778,59.90961444580476,4.918087993742816,0.936755597862452
2023-02-12 16:00:00,10.863501028559096,46.15427466381835,351.2479913340788,46.5639758870452,92.71825055086356,460.28446382444537,20.14368457724585,1.0003841193600738,60.13960213653815,4.004805586960254,0.9392150657442722
2023-02-12 17:00:00,8.257893179053168,20.272638814956075,214.83917688038198,32.19330728434824,52.46594609930432,522.0645039404799,10.049705678761473,0.9722074065828891,59.98288436132496,4.833957498037005,0.9369821611363456
2023-02-12 18:00:00,7.437978455555039,14.813826333041561,8.912828098046476e-14,9.56000000000001,24.37382633304157,568.9601715938095,4.283924877336136,0.9923357032608277,60.124738529197465,4.4135305637232625,0.9381143701156465
2023-02-12 19:00:00,7.578656092765949,15.670364574714327,0.0,9.56,25.23036457471433,556.7190314818458,4.531974505624041,1.0108347529523238,59.9432082521414,4.444866846044826,0.9380299815636135
2023-02-12 20:00:00,8.542149385828067,22.439025245271715,0.0,9.56,31.999025245271717,524.2896441488755,6.103310565521181,0.9956070996893249,60.031764636901066,3.1700872426121425,0.941462960747005
2023-02-12 21:00:00,5.245948160028078,5.197260491638695,0.0,9.56,14.757260491638696,588.0625590870092,2.5094711886691,0.9871064809767301,60.04740423115122,3.439982253793861,0.9407361339664437
2023-02-12 22:00:00,6.753101710375407,11.086957255826725,0.0,9.56,20.646957255826727,552.262741612717,3.7386112985883324,1.0066243855747705,60.06960654170771,3.0176296665889453,0.9418735287255234
2023-02-12 23:00:00,3.9069115802135395,2.146857647170314,0.0,9.56,11.706857647170315,460.805663997524,2.5405194774761317,1.0323638497887815,59.95350738255841,4.432255280953475,0.9380639444857626
2023-02-13 00:00:00,8.018656174437961,18.56125242913302,0.0,9.56,28.121252429133023,560.9273084420267,5.0133505725081715,1.0092284966591705,59.96221451112151,3.68887657685702,0.9400658620012826
2023-02-13 01:00:00,8.490639086181226,22.035537201260023,0.0,9.56,31.595537201260022,493.7406769377338,6.399216973011233,1.026018830260634,59.97018694207342,4.573305032152693,0.9376840977590143
2023-02-13 02:00:00,6.205820460869074,8.60399445135707,0.0,9.56,18.16399445135707,490.89690642927394,3.7001647827605635,0.988447715642702,59.83475876097032,3.6778724398740525,0.9400954961224217
2023-02-13 03:00:00,10.296023823675338,39.29263166975802,0.0,9.56,48.852631669758026,489.35821561854567,9.983000205280831,0.9998327577775188,59.99160981367317,4.638667504597722,0.9375080767380671
2023-02-13 04:00:00,4.672288454243057,3.671905046108352,0.0,9.56,13.231905046108352,418.511862460055,3.1616559130080275,0.9994289603092864,59.96163157449237,3.261396507496626,0.9412170650606015
2023-02-13 05:00:00,4.170753919753253,2.611837786199108,0.0,9.56,12.17183778619911,364.92154346009085,3.3354670351300504,1.002373581681354,60.058007289407755,3.346746313515016,0.9409872181862252
2023-02-13 06:00:00,7.524007485755846,15.333812825188161,0.0,9.56,24.893812825188164,443.56381537873096,5.612228040723502,1.0088103921276184,60.00913011710597,3.6817530791678728,0.9400850455677705
2023-02-13 07:00:00,9.144818749002715,27.531368996624305,188.26948873863165,29.394190638614845,56.92555963523915,423.34492150715164,13.446614508230848,0.9816206175789044,60.13363818034532,3.8169747777645466,0.9397208937762175
2023-02-13 08:00:00,10.393915812892743,40.42407447658797,379.89055047002,49.58146949201661,90.00554396860457,382.3823196045116,23.538102928423847,1.0129466537102696,60.00700884752086,3.6974056216859568,0.9400428932988708
2023-02-13 09:00:00,6.083652051963433,8.10579473875844,681.1142529138214,81.31538654447108,89.42118128322952,414.0100609158566,21.598794262490994,0.9674422812208957,59.94377943037797,4.52729406504644,0.9378080052108264
2023-02-13 10:00:00,9.134066130234064,27.434367718250023,798.1436871169732,93.64443743777312,121.07880515602315,387.31585765964564,31.260998681448598,0.9732848667498664,60.00576972221658,3.1939027852534294,0.9413988255334288
2023-02-13 11:00:00,6.8748970302138614,11.697716566792343,680.1312340872107,81.21182551108765,92.90954207787999,417.1984271841707,22.269868730081626,1.0427125220234645,60.07241672408772,3.702434039276976,0.9400293517793259
2023-02-13 12:00:00,6.581796383243204,10.264453433603537,774.51287811094,91.15493170898753,101.41938514259107,430.6713617208978,23.54913610631887,0.9897975852104225,59.8226792592211,4.674479999030918,0.9374116337548538
2023-02-13 13:00:00,8.669437273486166,23.45714901493346,738.2783061764195,87.33761955568579,110.79476857061925,449.24977292902884,24.66217575320228,1.0145903870197241,59.92847514811824,3.133594154524344,0.9415612365677082
2023-02-13 14:00:00,8.18176087099505,19.717091294721374,676.5753305247871,80.83721107078632,100.5543023655077,495.7790774025726,20.282078641220593,1.0339658078485392,59.93058232641147,4.884687015342715,0.9368455466373176
2023-02-13 15:00:00,3.6992617201432694,1.822416656256576,547.4901045247507,67.23808251168248,69.06049916793906,474.6365398008844,14.550185958483253,0.9537108784244305,60.04109902028775,4.972633684544026,0.936608706415052
2023-02-13 16:00:00,9.779992766902787,33.6758139539643,359.37894436142676,47.42057178847631,81.09638574244062,527.4525750770326,15.375104715451767,1.0225249236031142,60.0527286539692,3.17713634765016,0.941443977519793
2023-02-13 17:00:00,9.561897836529672,31.472757707182595,216.80809545109875,32.40073285577325,63.873490562955844,565.1450622931569,11.302140782010909,1.0129788721251853,60.01012277278349,3.582545044511474,0.9403522126269888
2023-02-13 18:00:00,5.525331732288503,6.072640522393386,1.1264546707606458e-13,9.560000000000013,15.632640522393398,626.745561617293,2.4942562787447535,1.0328079456186607,59.752136188087206,3.744801332070712,0.9399152567358957
2023-02-13 19:00:00,7.5427470790381435,15.448671440539611,0.0,9.56,25.00867144053961,546.5665561695259,4.575594894756566,0.9763695367667075,59.83480818168082,4.552782737305452,0.9377393642621935
2023-02-13 20:00:00,7.71382605936448,16.523879746184775,0.0,9.56,26.083879746184778,600.6165917319728,4.342850348334166,1.0290250931390923,59.97610681785429,4.191853624233468,0.9387113457157088
2023-02-13 21:00:00,7.22168362321553,13.558694513587739,0.0,9.56,23.11869451358774,600.4970459217427,3.849926435208574,0.9852117113679462,59.94985305766415,4.288731400985135,0.9384504540368444
2023-02-13 22:00:00,5.5742428553407555,6.235340269492787,0.0,9.56,15.795340269492787,515.3009784579618,3.065264948023259,1.021095556285533,60.0005370378836,4.515019645637012,0.9378410602002594
2023-02-13 23:00:00,5.306072105938209,5.378014181943922,0.0,9.56,14.938014181943922,568.0266385509323,2.629808739261178,0.9992795792849112,59.95306018375645,3.2359579988740514,0.9412855709186515
2023-02-14 00:00:00,6.572626930470387,10.221613293793098,0.0,9.56,19.7816132937931,600.500126492915,3.294189696399089,1.0154153761287028,60.15316424661491,4.666418913820525,0.9374333422428531
2023-02-14 01:00:00,8.943561841770322,25.75336859833234,0.0,9.56,35.31336859833234,567.6330590151266,6.221161371327263,1.0009773836661031,59.77060584151535,4.4112396083602885,0.938120539654326
2023-02-14 02:00:00,7.659627295318502,16.178021754467142,0.0,9.56,25.73802175446714,521.5737564772213,4.934684967339072,0.9632119683162654,60.03026276315298,4.15468345039274,0.938811444927129
2023-02-14 03:00:00,5.805477912304229,7.043952715380911,0.0,9.56,16.603952715380913,508.2068707088222,3.2671641554594744,0.9375891195411241,60.082801040616346,4.7794706695661135,0.9371288940675957
2023-02-14 04:00:00,8.06434195429748,18.88031803980706,0.0,9.56,28.44031803980706,479.18691504087235,5.935119918159961,1.00419831067967,60.07015384583584,4.400612707767614,0.9381491578785431
2023-02-14 05:00:00,0.7980575763218845,0.018298065399574442,0.0,9.56,9.578298065399576,402.6971758552909,2.3785361903907503,0.9947252992473731,60.07872729880012,3.403399925262051,0.9408346501115025
2023-02-14 06:00:00,8.766834795864902,24.256658212851967,0.0,9.56,33.81665821285197,443.28864348759157,7.6285866352898255,1.0079644190284058,60.093111590839094,3.8594907621513332,0.9396063983065942
2023-02-14 07:00:00,2.9640006758326325,0.9374268656222361,238.46945410549353,34.68275699001374,35.62018385563598,416.48687931504446,8.55253445539918,0.9949569306831285,59.939602011339275,3.9880857338714666,0.9392600922786226
2023-02-14 08:00:00,5.692637420073933,6.6411466518661495,428.21735362503193,54.672698204397115,61.313844856263266,402.946908993462,15.216358157312014,1.0403615476543564,59.8898516243023,3.1104352535008113,0.9416236034465867
2023-02-14 09:00:00,4.15223878740787,2.5772079586003946,509.49703423221916,63.235512556364284,65.81272051496468,502.04809010209425,13.10884789972636,1.004610742556566,59.79653183273053,4.9092750267201115,0.9367793311668219
2023-02-14 10:00:00,3.7762450787736355,1.9385768298700918,702.6357523551812,83.58267651061834,85.52125334048843,475.0675053335443,18.001916018323342,0.9910610454483467,59.96373971663203,3.257154521593757,0.9412284887210222
2023-02-14 11:00:00,8.66126321606076,23.39086119832461,942.9657525321533,108.90144202926234,132.29230322758696,418.8757341953151,31.58270876725009,1.0067472613269373,59.92224668760451,4.394922534453453,0.9381644815050625
2023-02-14 12:00:00,5.37818298717918,5.600273336752055,875.3346729272278,101.77650779288345,107.3767811296355,484.49066002037665,22.16281757116215,0.9914265040623739,60.116160881365715,4.01246207218176,0.9391944468433165
2023-02-14 13:00:00,6.980545021022108,12.245330129290622,832.1446965344703,97.22644377990645,109.47177390919707,541.9504278800791,20.19959174816273,1.0018586046822797,59.97124418898488,3.051264499768845,0.9417829501801557
2023-02-14 14:00:00,6.167626070484607,8.446107551202225,676.0679746546184,80.78376112986405,89.22986868106628,479.20559950112147,18.620372711412244,0.9756503962552833,59.89695942627724,4.849494951728723,0.9369403188014487
2023-02-14 15:00:00,7.1894589416297805,13.37799792569382,573.1345657687449,69.93972650373728,83.3177244294311,552.2829728758683,15.086057061577684,0.9998282959628079,59.88114645460389,4.703673617637866,0.9373330153923576
2023-02-14 16:00:00,6.36291320335289,9.274072740588533,484.30191337297526,60.58120657384295,69.85527931443148,577.8137558949863,12.089583988223222,0.9904429520792966,60.19888200537838,4.048515855807671,0.9390973540687405
2023-02-14 17:00:00,3.6171611702274316,1.703750832531097,232.92133043886824,34.098262161734766,35.802012994265866,556.5674657670857,6.432645671252445,0.9775452674926264,59.99779136850084,3.4578846722788903,0.9406879227856044
2023-02-14 18:00:00,8.149541507623114,19.4850726303584,1.1465340600038658e-13,9.560000000000013,29.045072630358412,622.0806236402124,4.669020626361282,1.039514717361453,59.92184955367261,3.2432457813601885,0.9412659449335004
2023-02-14 19:00:00,5.143344995773381,4.898233329219355,0.0,9.56,14.458233329219356,654.1715484678521,2.2101593019571495,0.9783252926011967,60.0124041807772,3.726784958864253,0.9399637747965953
2023-02-14 20:00:00,2.991534692788001,0.9637949178531281,0.0,9.56,10.52379491785313,669.3330018659761,1.572280895834322,1.0001392844688388,60.18968891561651,3.510856562092181,0.9405452695814394
2023-02-14 21:00:00,5.222300522991795,5.127292353719619,0.0,9.56,14.68729235371962,613.20323370353,2.395175293680952,0.9839438393010248,59.961031935770045,4.013382402012597,0.9391919683967345
2023-02-14 22:00:00,9.05387680058047,26.71814131524231,0.0,9.56,36.27814131524231,685.7434655558989,5.290337150472646,1.0059407894175976,60.06870107094482,4.932818592246858,0.9367159283871269
2023-02-14 23:00:00,7.726623090722107,16.606254277506984,0.0,9.56,26.166254277506987,533.0632496401536,4.908658455665555,0.9745122973106216,60.118646103733035,4.149906986459283,0.9388243079359265
2023-02-15 00:00:00,5.302695731184283,5.367754253925306,0.0,9.56,14.927754253925308,594.4328969035251,2.511259779141739,1.016807136478711,59.810857610815006,4.779862111780195,0.937127839914416
2023-02-15 01:00:00,5.2753049848680185,5.285002771105465,0.0,9.56,14.845002771105467,517.2594705214476,2.8699334893066855,1.0407231237271768,59.93615875813305,4.3017576749915545,0.9384153743043315
2023-02-15 02:00:00,5.304372678253384,5.372848428949075,0.0,9.56,14.932848428949075,536.4518747339982,2.7836324435166877,0.9832092152579867,60.106108662815885,3.9504930531744007,0.9393613293002484
2023-02-15 03:00:00,10.074965122198062,36.815707837170514,0.0,9.56,46.375707837170516,492.20728859568817,9.421987221986207,1.0243393772536264,59.93006965608975,4.709215125466742,0.9373180921217232
2023-02-15 04:00:00,6.659172414355607,10.630734678369716,0.0,9.56,20.190734678369715,498.952719300808,4.046622835659335,0.9923624131120862,60.04146253992673,3.942736220345995,0.9393822184371292
2023-02-15 05:00:00,6.72922513228613,10.969773879757732,0.0,9.56,20.529773879757734,459.22929606737057,4.470484364905575,1.0301158224215217,59.92415184008752,4.737256341020722,0.9372425771785797
2023-02-15 06:00:00,7.903559039334853,17.773403730551333,0.0,9.56,27.333403730551332,422.3643298898518,6.471522758013111,1.0437699797219198,59.95544480964881,3.583153539151531,0.9403505739520156
2023-02-15 07:00:00,6.294432699448458,8.977848737513758,182.87480762033414,28.825860982802205,37.803709720315965,414.34508455326494,9.123725882032568,0.9953258997658309,59.94326361943929,3.2576261475259765,0.9412272186332334
2023-02-15 08:00:00,5.272646287126216,5.27701604171561,395.1569116751469,51.18978064497672,56.466796686692334,491.72018053257773,11.483522320668973,0.969594678382107,60.06366701536958,4.7106289287258765,0.9373142847520847
2023-02-15 09:00:00,5.371923014646508,5.580740661294045,601.5989348605791,72.93844778756201,78.51918844885606,450.4595251340568,17.430908676087768,1.0189616877487218,60.02015801141996,4.174830327585333,0.9387571894230197
2023-02-15 10:00:00,5.595330252928899,6.306373311967919,620.8127556694595,74.96262380977755,81.26899712174547,396.07999403449566,20.51832921272654,1.0044883441588823,60.0098859445011,4.7781847964979205,0.9371323569214598
2023-02-15 11:00:00,5.638018269419647,6.451815465726623,818.4566928597878,95.78441259277865,102.23622805850528,479.55934954393933,21.318785288146685,1.0100358233555529,60.250749523785885,4.875654413984766,0.9368698714165581
2023-02-15 12:00:00,7.141673697470998,13.113013582458874,978.1331886575282,112.6063314250706,125.71934500752947,477.90609573835127,26.30628613625375,0.9932030991631127,60.173969740712,3.1072567807428983,0.9416321630680173
2023-02-15 13:00:00,5.76428213031088,6.895062192796769,706.6886877881615,84.00965325848281,90.90471545127959,508.00252371175327,17.894540126902996,0.982310143626786,59.80187563794462,4.001938603717736,0.939222786524997
2023-02-15 14:00:00,7.099672124215719,12.883011034856825,804.8253097093648,94.34834637788157,107.23135741273839,558.3430402285451,19.205282359899332,1.0232069636193395,59.95565903267814,3.7499290981490585,0.9399014476710528
2023-02-15 15:00:00,5.446988263122685,5.8179745775709515,581.8791007999833,70.86096326927824,76.6789378468492,595.1251153307287,12.8845071181774,1.0063957998911206,60.2426463674607,4.2517167941402345,0.9385501343066242
2023-02-15 16:00:00,5.739751077751985,6.8074063522199655,448.27605717865066,56.785882623770846,63.59328897599081,557.9820137714705,11.397014134229126,0.9711288593163255,59.94254099693119,4.587182394404647,0.9376467260473842
2023-02-15 17:00:00,1.5601703975469547,0.13671576627483856,201.37958790914445,30.77533958622837,30.91205535250321,603.5648241030844,5.121580005667072,1.013737504464058,60.20877459858752,3.561180431948738,0.9404097474902636
2023-02-15 18:00:00,7.363351954284274,14.37239614276968,9.158492660461604e-14,9.56000000000001,23.93239614276969,603.9656059053781,3.9625428846885566,1.00972337195933,59.95736731851317,4.113596768746343,0.9389220912870385
2023-02-15 19:00:00,6.197834134213952,8.570819505582742,0.0,9.56,18.130819505582743,648.2448436702259,2.796909174460973,0.9934940215135287,59.976600242945345,4.417457159809799,0.9381037957994349
2023-02-15 20:00:00,7.475075686718515,15.03658742873635,0.0,9.56,24.59658742873635,626.7772607970062,3.9242947961225454,1.0323962646848464,60.08635713591358,3.268862165671468,0.94119696005654
2023-02-15 21:00:00,0.0,0.0,0.0,9.56,9.56,631.2165226290543,1.514535766614922,0.9876365367530547,59.99097928249922,4.628133811902534,0.9375364439535838
2023-02-15 22:00:00,9.604322423431825,31.89353766449417,0.0,9.56,41.45353766449417,612.2406331572301,6.7707916494736216,0.9966202700369031,60.049462463957425,4.212219199705946,0.9386565012575243
2023-02-15 23:00:00,5.122716940438062,4.839534370592284,0.0,9.56,14.399534370592285,601.273488260666,2.394839395338474,1.0153729617593639,60.157494869930765,4.899074874227304,0.9368068001591724
2023-02-16 00:00:00,7.592630561021758,15.757209412214738,0.0,9.56,25.317209412214737,607.8337171337221,4.165153840362727,1.0015352590066144,60.07588009339758,3.6790578382613868,0.9400923038466928
2023-02-16 01:00:00,3.2708693039346284,1.259772355947493,0.0,9.56,10.819772355947494,604.2990764091618,1.7904664723699808,0.9723115369128312,60.01415321321497,3.2162918846743973,0.9413385317288839
2023-02-16 02:00:00,6.550694647093545,10.119628467825562,0.0,9.56,19.679628467825562,518.0069497681521,3.799105104021038,1.0036759874598686,60.16735268417176,4.013002402073851,0.9391929917358872
2023-02-16 03:00:00,3.1928327820849742,1.171739370239959,0.0,9.56,10.731739370239959,477.8131890511187,2.246011540943845,0.9917122041606954,60.08766874758751,3.171621543418878,0.941458828877687
2023-02-16 04:00:00,4.026696391809385,2.3504399352477177,0.0,9.56,11.910439935247718,408.8250841291874,2.9133339409976267,1.0171399248983253,59.92664568369027,4.939053046648014,0.9366991390126175
2023-02-16 05:00:00,9.076922695570248,26.92268754884888,0.0,9.56,36.48268754884888,413.170962842882,8.829925340789808,1.0030243668799028,60.1980075233444,3.077369916514383,0.9417126483397278
2023-02-16 06:00:00,4.842178063165741,4.087189447275805,0.0,9.56,13.647189447275807,416.2895655038568,3.2782924623051524,1.0018901530609479,60.06423655920502,4.507007802214616,0.9378626360802119
2023-02-16 07:00:00,5.633150618124674,6.435119130155513,222.75678966221523,33.02742779091437,39.46254692106989,388.6497077078483,10.153757004941392,0.979034976725619,59.97863232311301,4.050204796284488,0.9390928057550687
2023-02-16 08:00:00,6.91322339392651,11.894447492293796,403.5328962756665,52.072190622641465,63.966638114935265,388.39716406972025,16.469388562129865,0.9953994938417199,59.7979182415414,3.7372413049965774,0.9399356158752336
2023-02-16 09:00:00,6.139317741833443,8.330342039777747,570.0247608064286,69.61210855095725,77.94245059073499,457.36328854865604,17.04169366939541,1.019402021880253,59.86224236199353,3.1316843290173093,0.9415663797243699
2023-02-16 10:00:00,5.42372269611894,5.74374209835815,821.4828415194484,96.10321735407389,101.84695945243205,420.9553709895885,24.19424159216893,0.9844692731091725,60.170013491039995,4.244333848347216,0.9385700165663898
2023-02-16 11:00:00,5.827804606419631,7.125534512939047,904.8675824115212,104.88779980705375,112.0133343199928,439.52986857928124,25.48480600011558,0.9993489955382457,60.173966525197045,4.17044065878191,0.9387690107932264
2023-02-16 12:00:00,9.87978018735171,34.7171725005407,792.3387495042236,93.03288726026996,127.75005976081066,436.4684701457311,29.269023652076537,0.9812710789670198,60.008528406873324,3.5617665461351997,0.9404081690858118
2023-02-16 13:00:00,4.932848436717555,4.321114917547043,940.9436357128518,108.68841202234893,113.00952693989598,516.1386241887134,21.89518893640807,0.9763231471789666,59.82297558240245,4.820443402820624,0.937018554570501
2023-02-16 14:00:00,5.425493630058464,5.749370212114009,853.7663855985487,99.5042887228071,105.2536589349211,500.31682811622085,21.03740130653196,0.9983028191002129,59.89130247463494,3.6082200146856738,0.9402830699784048
2023-02-16 15:00:00,7.099888214313912,12.88418741700686,564.2873069820549,69.0076677905595,81.89185520756635,516.9501815116043,15.841343738018992,1.0034760232975468,59.83762316479504,3.899450821184212,0.9394987859393602
2023-02-16 16:00:00,7.184991435938963,13.353074290351417,403.16374231895816,52.03330025330224,65.38637454365366,509.27166243659474,12.839193571229654,1.0398772587846519,59.833988874008625,4.087524911837312,0.9389923027508869
2023-02-16 17:00:00,7.323438467342357,14.139941460212693,220.4336561997326,32.782685680641826,46.922627140854516,575.5718076619917,8.152349805223633,0.9908907923230759,60.20268023689369,3.200463756352572,0.9413811568500379
2023-02-16 18:00:00,6.202356595422469,8.589595172151148,1.203014936607243e-13,9.560000000000013,18.14959517215116,576.7349872809997,3.1469558068111834,0.9989966146473224,60.205991790841445,4.864323438427265,0.9369003857133915
2023-02-16 19:00:00,2.614486494366143,0.6433713375230877,0.0,9.56,10.203371337523087,653.8241619652916,1.5605681054755416,0.9749985296405815,59.88791528464344,3.749072304902082,0.9399037550137287
2023-02-16 20:00:00,8.143043284354459,19.438499181887963,0.0,9.56,28.998499181887965,662.0111477159364,4.380364179959547,1.0122448002981383,59.99912650241024,3.1615584277486874,0.9414859288301202
2023-02-16 21:00:00,2.5592589168673543,0.6034553974881722,0.0,9.56,10.163455397488173,566.2283547417965,1.794939323044458,1.0079618955870655,59.87152038400682,3.77458234735066,0.9398350565152136
2023-02-16 22:00:00,5.433077545010247,5.773513846930954,0.0,9.56,15.333513846930956,559.6321301978918,2.739927359336724,1.0297678935538286,59.998476195349994,4.200405094185161,0.9386883166224815
2023-02-16 23:00:00,3.2952010931855487,1.288096113454952,0.0,9.56,10.848096113454952,569.1152760207392,1.906133356550358,1.0222324430301741,60.16393038833691,4.027305343642659,0.939154473939921
2023-02-17 00:00:00,4.651513377586619,3.623141735060926,0.0,9.56,13.183141735060927,488.824676182294,2.6969059414145917,1.0070281333768456,60.1078719050803,4.389083948074548,0.9381802048076987
2023-02-17 01:00:00,5.413445092638245,5.711151874205882,0.0,9.56,15.271151874205882,495.71021482497554,3.080661123676419,0.990598570008226,60.08086627654973,3.110967884135821,0.9416221690732428
2023-02-17 02:00:00,5.37485964567845,5.589898017135694,0.0,9.56,15.149898017135694,453.5071083715551,3.34060872199681,1.0040933687578013,59.980582026273716,3.5690812205441125,0.9403884706807609
2023-02-17 03:00:00,5.552308218045688,6.162021373694379,0.0,9.56,15.722021373694378,445.8398787505277,3.526382928722203,0.9977797307573648,60.12619671159964,4.638461153680204,0.9375086324407176
2023-02-17 04:00:00,7.912309097750063,17.832500104171515,0.0,9.56,27.392500104171518,443.7886186935311,6.172420596276731,1.0190679506647595,60.064666874658336,3.159787375582722,0.9414906982704235
2023-02-17 05:00:00,5.568475163698535,6.2160050940479215,0.0,9.56,15.776005094047921,360.6684896154021,4.374101300302287,1.0165246297992494,60.040391558131574,4.710971909391915,0.9373133611057668
2023-02-17 06:00:00,4.149715230200066,2.572511855974456,0.0,9.56,12.132511855974457,406.5596093400001,2.9841901598808867,0.9940716911269049,59.98845906618002,3.1837921841542123,0.9414260533640371
2023-02-17 07:00:00,6.542928496871613,10.083679264024545,228.579670008825,33.640868235429714,43.72454749945426,344.85365798560997,12.679160126896143,0.9707601244034625,60.03183729395147,4.668908429783393,0.9374266379808346
2023-02-17 08:00:00,6.970526289491611,12.192680939158787,374.0548109179614,48.96667433020723,61.15935526936602,427.7602985185854,14.29757634852332,1.0266677460044085,60.02882515778693,3.721576802157453,0.9399778003532564
2023-02-17 09:00:00,2.1133080889471927,0.33977462891981475,637.8765196741083,76.7602913476673,77.10006597658712,415.3425094026969,18.5630086569912,1.0116374791364642,59.94585683549258,4.224418126514432,0.9386236495695303
2023-02-17 10:00:00,5.740371278960705,6.809613286530673,652.7891446034928,78.33133638397797,85.14094967050865,373.3108625890912,22.806984259717233,0.9936101985885466,59.922508346627275,3.305774231295996,0.9410975559300826
2023-02-17 11:00:00,5.9250748043113965,7.488313429707954,877.2392278872929,101.97715265792631,109.46546608763427,363.6876315895661,30.098759644146984,1.0108574669620733,59.900309303966964,3.1323374434503615,0.9415646208883742
2023-02-17 12:00:00,3.9048729932800144,2.143498774608882,768.8794482261906,90.56144987062918,92.70494864523806,378.65983365388456,24.482382446186612,1.0014972261250006,59.90671368882064,3.43187640804027,0.9407579629945055
2023-02-17 13:00:00,7.228798537741126,13.598808716105841,710.2118294210345,84.380816229506,97.97962494561183,463.6327635961059,21.133024375940536,1.0263723585243896,59.98118971244549,3.255707635817391,0.9412323851818203
2023-02-17 14:00:00,4.154774601204785,2.5819326229306117,649.159952843715,77.94900103208538,80.53093365501599,462.39373004820715,17.416095509474186,0.9614043953638994,59.96473151010044,3.6248117953592636,0.9402383883428386
2023-02-17 15:00:00,4.683657212795235,3.698774101777654,495.3973425273168,61.750110035252824,65.44888413703048,516.9937241269329,12.659512307921439,0.9920561806697313,59.93792662533974,4.02876649302204,0.9391505390672655
2023-02-17 16:00:00,4.064098558732645,2.416546716440468,457.81094267802945,57.79038281113041,60.20692952757088,579.4326821229913,10.390668559974541,1.0319810903095739,59.93052185252648,4.177518927130019,0.9387499490292728
2023-02-17 17:00:00,4.419259270122463,3.107069340824226,238.041133616577,34.63763342650639,37.744702767330615,510.9050030012932,7.3878123223692675,1.0112639680693463,60.02918800261163,4.579736214759485,0.9376667785958003
2023-02-17 18:00:00,2.173532721164517,0.3696587993425362,1.0464362030267964e-13,9.560000000000011,9.929658799342548,513.0042061098234,1.9355901337808559,1.035452133366284,60.13776074471743,4.312479786496717,0.9383864996772978
2023-02-17 19:00:00,1.464087278875236,0.11298047655058942,0.0,9.56,9.67298047655059,565.6752027090077,1.7099884227250675,0.9755638581367307,59.99890843189265,4.217516650259106,0.9386422352326954
2023-02-17 20:00:00,7.511431416037704,15.25705175479763,0.0,9.56,24.81705175479763,597.6486013876911,4.152448729433059,1.0214439343187698,59.99236691999592,3.8235640549715493,0.939703148864529
2023-02-17 21:00:00,2.6068585925888472,0.6377565418060305,0.0,9.56,10.197756541806031,531.6845869794563,1.9180086825048517,1.0202444884690767,59.90651133072866,3.947616869920277,0.939369074856588
2023-02-17 22:00:00,2.29648599203425,0.43600744271269354,0.0,9.56,9.996007442712694,550.9470955853434,1.8143316341640068,0.9663654292934233,59.97769301882093,3.829041658780362,0.9396883976873059
2023-02-17 23:00:00,0.0,0.0,0.0,9.56,9.56,575.1178009979066,1.6622681446152627,0.9940899542093383,60.11903363406093,4.684332060122767,0.9373851021720212
2023-02-18 00:00:00,2.9587207477435773,0.9324261230470401,0.0,9.56,10.492426123047041,437.26726923619765,2.3995452807100848,0.9978694178961184,60.1037461103509,3.4600009050967997,0.9406822237744251
2023-02-18 01:00:00,1.5693520529309817,0.1391437297066123,0.0,9.56,9.699143729706613,469.19504774433386,2.067188001308938,0.9676088794246519,60.09679737442743,3.0114418630839292,0.9418901924692533
2023-02-18 02:00:00,7.478585250816593,15.057776504269324,0.0,9.56,24.617776504269322,420.0505115829453,5.860670520670982,0.9945079534695912,60.09358688292198,4.302639794452478,0.9384129987582069
2023-02-18 03:00:00,6.193349891659107,8.552229543984089,0.0,9.56,18.11222954398409,414.0963976097958,4.3739162302617505,1.0174636628155722,60.043673255556484,3.404924367277663,0.9408305447918913
2023-02-18 04:00:00,2.7767148836675797,0.7707195320597112,0.0,9.56,10.330719532059712,407.5471331084195,2.534852706057789,0.9921815388095052,60.0401207163483,4.780230272619619,0.9371268484579364
2023-02-18 05:00:00,8.637327700775762,23.197473751531486,0.0,9.56,32.757473751531485,372.1671815088968,8.801816865936742,1.0048426631134806,60.02447503266848,4.718092659413312,0.9372941849387433
2023-02-18 06:00:00,6.0755698008336765,8.073531516960983,0.0,9.56,17.633531516960986,319.34439194910925,5.521791508325929,1.0049874056545531,59.95831147199475,3.153454743856412,0.9415077520362933
2023-02-18 07:00:00,3.4421025721494645,1.4681618145149147,185.65598626846997,29.118858153383307,30.58701996789822,324.6236376149976,9.422302144298657,0.9997571317772247,60.00836993986155,3.2127768108281547,0.9413479978164412
2023-02-18 08:00:00,0.0,0.0,408.6549303691097,52.61179691438571,52.61179691438571,379.0513938006428,13.879858450555178,0.9858963595194914,60.02155996837059,3.990343184493333,0.9392540129681508
2023-02-18 09:00:00,8.633541000190936,23.166977033600872,544.6567843582111,66.93959223213753,90.1065692657384,349.529008579725,25.779425184729913,1.013176279497678,60.063316860331604,4.21844532553871,0.9386397343118347
2023-02-18 10:00:00,1.2526779795012875,0.07076537789475236,663.259565154371,79.43439518901299,79.50516056690775,374.86063784001044,21.2092581992672,0.9682593247694802,60.01002564870451,3.5498166749644815,0.9404403500674205
2023-02-18 11:00:00,0.7213423614390062,0.013512223263842372,954.2949596528883,110.09497399943179,110.10848622269563,373.05178557774536,29.515603591648972,1.0001717627701636,60.21051613809724,4.433595433398741,0.9380603354576335
2023-02-18 12:00:00,6.037749044942709,7.92369361702557,884.8901457777172,102.7831768576825,110.70687047470807,410.52708643816646,26.967007569519463,1.0277097268103619,59.87901878029421,4.189832041837743,0.9387167898334711
2023-02-18 13:00:00,8.852734189831565,24.976683693072722,837.5190595114209,97.79263291952819,122.7693166126009,398.48731718253714,30.8088391571979,0.9910525350031757,60.07544756997707,3.6496482194971094,0.9401715038972249
2023-02-18 14:00:00,6.722550556833543,10.937164189009877,714.2393232227976,84.80511270152172,95.7422768905316,413.22825498788575,23.16934423889731,0.9854535755699545,59.9958756293361,3.0507429760846314,0.941784354642501
2023-02-18 15:00:00,5.062754513023457,4.671572671644951,585.9675809065828,71.2916846485085,75.96325732015345,485.04644037660233,15.661027686580619,1.0145103227755075,60.00021462821265,4.500300562597035,0.9378806986644603
2023-02-18 16:00:00,5.105533571953581,4.790997118129762,431.13575057571205,54.98015132315127,59.77114844128103,520.0748247042756,11.492797882548544,1.0032686352117426,59.91874242176892,3.429507331650165,0.9407643429129708
2023-02-18 17:00:00,5.6041033246610645,6.336083653898139,235.2481208631702,34.34338953293498,40.679473186833114,479.53584318566436,8.483093342218224,1.0149089456411386,60.101934326724866,4.668947486925257,0.9374265328000218
2023-02-18 18:00:00,5.396536836013887,5.657804520038533,1.1152170501700133e-13,9.560000000000013,15.217804520038545,505.57780042664086,3.009982738007232,1.0007699697139054,60.06528415343212,3.84058052010851,0.9396573235544654
2023-02-18 19:00:00,4.422631500476207,3.1141875592336032,0.0,9.56,12.674187559233603,527.9493941728884,2.4006443987097685,0.9522341509849764,60.08336373968037,4.154154885263531,0.938812868352073
2023-02-18 20:00:00,4.0503828068878,2.392162695016633,0.0,9.56,11.952162695016634,584.8483425403882,2.043634533202297,1.023598268208514,60.016924540481895,4.745897460818004,0.9372193066584793
2023-02-18 21:00:00,3.698690631164091,1.8215727570008378,0.0,9.56,11.38157275700084,549.7402506748634,2.070354634398477,1.0414005276495655,59.967510518535974,4.727246001839907,0.9372695350040218
2023-02-18 22:00:00,2.298009717409136,0.4368758954346034,0.0,9.56,9.996875895434604,483.1335398733761,2.06917447669948,1.0256808201367258,59.99334384514555,3.7430391504871467,0.9399200022877365
2023-02-18 23:00:00,3.2268178358360804,1.2095556295980576,0.0,9.56,10.769555629598058,504.17479876187855,2.136075753100962,0.933,60.043346565005564,3.4177777854296862,0.9407959305598841
2023-02-19 00:00:00,0.3846518951770448,0.002048830970582443,0.0,9.56,9.562048830970584,488.5320632040855,1.95730220208208,1.0090217642501114,59.79944238270802,4.550292155457189,0.9377460713946395
2023-02-19 01:00:00,3.5564535840434934,1.6193992574398925,0.0,9.56,11.179399257439893,436.5922437067327,2.560604183556982,0.990665083788499,60.08729328675754,3.866160407204262,0.9395884369644409
2023-02-19 02:00:00,1.7586890450298496,0.19582569466645916,0.0,9.56,9.75582569466646,442.7646683697567,2.2033884796153798,0.9783151249277658,60.24261928146831,3.384083987118008,0.9408866678982459
2023-02-19 03:00:00,1.5116034687683673,0.1243415109123624,0.0,9.56,9.684341510912363,411.32539817815524,2.354423420923265,1.0024546432327655,60.04803350469535,4.808850684634301,0.937049773739764
2023-02-19 04:00:00,4.061654972950023,2.4121904076404572,0.0,9.56,11.972190407640458,385.05945016808374,3.1091797389765223,0.9970210541020056,59.971907337579225,3.396208388482175,0.9408540169071395
2023-02-19 05:00:00,6.469130822526039,9.746311824325685,0.0,9.56,19.306311824325686,362.97630673648945,5.318890369982612,1.0101731560855969,59.983876474532074,3.051614336382462,0.9417820080707833
2023-02-19 06:00:00,5.505195327633714,6.0064891733365595,0.0,9.56,15.56648917333656,403.44769194861874,3.8583661485710117,1.001131603786109,60.07075423509342,3.04055994753484,0.9418117775201036
2023-02-19 07:00:00,0.5111743221964065,0.004808499665371008,197.18792411779933,30.333747805810162,30.338556305475535,338.40474976467624,8.96516858187502,0.9775837578622205,59.97417113366849,4.244630712908529,0.9385692171106592
2023-02-19 08:00:00,1.6567114660391586,0.16369791004359932,408.77890597820385,52.624857744803776,52.78855565484738,347.39855756560644,15.195387115238159,0.9884679644651406,60.08686752713392,4.323350121435061,0.9383572258848247
2023-02-19 09:00:00,5.501482355102727,5.994344159479602,684.9760595281807,81.72222787129384,87.71657203077343,347.5529018793898,25.238336827702117,0.9852408288734997,59.98258592828697,3.6220834101139676,0.9402457358794057
2023-02-19 10:00:00,1.6391186827815045,0.15853811934259662,659.3007361789678,79.01733255645425,79.17587067579684,344.1553799871346,23.005850054924792,0.9656703364651111,60.171418346662435,3.6400219784941266,0.9401974273469638
2023-02-19 11:00:00,3.1391631181542983,1.1136382789022334,823.2986862017949,96.2945165913591,97.40815487026133,377.5828897289747,25.797820166104444,0.9725671071209223,60.168659613602216,3.6789878301198855,0.9400924923784922
2023-02-19 12:00:00,4.673053214924263,3.6737083946976536,825.7814983498065,96.55608085115212,100.22978924584977,397.8689437595314,25.191659418993957,0.9957786266022961,59.966983033205906,4.360317093517757,0.9382576738953741
2023-02-19 13:00:00,1.6209645352037736,0.15332855403090742,681.4000221991859,81.34549233868422,81.49882089271513,422.4192171733229,19.293350676154333,1.0284750815061456,59.99189761632612,3.1162675820536574,0.9416078969962648
2023-02-19 14:00:00,3.753294879424947,1.9034459961876788,812.1823822721926,95.12341397237549,97.02685996856317,420.1314316137059,23.094406337532845,0.9892888584060241,59.99776311381217,4.858232705382651,0.9369167880465458
2023-02-19 15:00:00,0.8595704442975447,0.022863721600254,509.6215954010506,63.24863507550069,63.27149879710094,465.6065951692714,13.589046945114378,0.9848513845049442,59.99910336742363,3.445042088354893,0.940722507841055
2023-02-19 16:00:00,2.3101519944324487,0.4438376759727168,421.138253146543,53.9269149689883,54.370752644961016,518.7180821370943,10.481753869260938,0.9763742638665435,59.90525709549393,4.9993464104841845,0.9365367690920533
2023-02-19 17:00:00,4.137906402083572,2.5506125329330427,224.70759784350733,33.232945432813494,35.78355796574654,511.22460505385203,6.999576626789535,1.000610729899907,59.89127393157256,3.343045387574374,0.940997184773139
2023-02-19 18:00:00,0.2980008291003924,0.0009526972637846979,1.0881328939809173e-13,9.560000000000011,9.560952697263795,537.3644236330802,1.7792306815964702,1.0235851866922026,60.12497575715479,4.543092914624755,0.9377654589372763
2023-02-19 19:00:00,4.350775138482142,2.964847878547502,0.0,9.56,12.524847878547503,547.5121185272959,2.2875928138790744,1.0400536553281718,60.10897870142042,3.4468250898592503,0.9407177062212049
2023-02-19 20:00:00,3.416580113677362,1.4357450477497111,0.0,9.56,10.995745047749711,558.430279798616,1.9690452766485107,1.0057079875344337,60.107252071417726,3.161693603286508,0.9414855648026396
2023-02-19 21:00:00,4.5470594157720186,3.384498984180094,0.0,9.56,12.944498984180095,559.2605359559196,2.3145740047712517,1.0027998748527287,59.993062163305964,4.749866648701298,0.9372086176426356
2023-02-19 22:00:00,3.8763263660229867,2.0968313750287026,0.0,9.56,11.656831375028704,527.2864479625657,2.2107208368564537,0.9891305378549291,60.18920117699897,4.717502518381783,0.9372957741874817
2023-02-19 23:00:00,6.143393378623113,8.346943555053658,0.0,9.56,17.906943555053658,489.27904490249034,3.6598631683934837,0.9924686675701798,59.997753102332545,3.807140784899203,0.9397473767013486
2023-02-20 00:00:00,3.6523727939424986,1.7539927669947772,0.0,9.56,11.313992766994778,498.43854013975374,2.269887228989661,1.012583501821014,60.08628761738997,4.404792285080854,0.9381379022843424
2023-02-20 01:00:00,2.5301218299297954,0.5830781967449821,0.0,9.56,10.143078196744982,541.4124968923428,1.8734473723760172,0.9937024933587384,59.8611377985465,4.114131865367835,0.9389206502727976
2023-02-20 02:00:00,3.6207358846463786,1.7088070990195148,0.0,9.56,11.268807099019515,508.107513439132,2.217799737450536,0.9967543510566517,59.97702646685021,4.705912227347498,0.9373269868204286
2023-02-20 03:00:00,4.45014472008688,3.172670018573956,0.0,9.56,12.732670018573955,478.59903601987367,2.6604044430305196,0.9994930545049915,59.98441789444262,3.6301119386373086,0.9402241150665063
2023-02-20 04:00:00,3.448877362074628,1.4768478521688448,0.0,9.56,11.036847852168846,459.33610583588023,2.402782562037979,0.9881834377818505,59.993451246197836,4.047344799997971,0.9391005077199336
2023-02-20 05:00:00,3.420150882873101,1.44025137334403,0.0,9.56,11.00025137334403,409.44264237256857,2.6866403825458054,0.998500414818449,59.86745010320043,3.970744742409101,0.9393067915374979
2023-02-20 06:00:00,1.922997051821385,0.25599905138104384,0.0,9.56,9.815999051381045,379.6511670885896,2.585531114432353,0.959611877424184,60.07038809278242,3.7078116525137172,0.9400148698765339
2023-02-20 07:00:00,1.9893950800920286,0.28344292395792114,195.41683180315832,30.14716323046273,30.43060615442065,358.99519507715206,8.476605417484983,1.0109767176603692,60.10286103113034,4.782910129112745,0.9371196316092116
2023-02-20 08:00:00,0.49840731750311296,0.0044571344055688925,478.246102934221,59.943226944120184,59.947684078525754,352.31950010243503,17.01514791576858,1.047035436779441,59.92561406108771,3.331755849325071,0.9410275874793759
2023-02-20 09:00:00,6.791397633324296,11.276646792217146,682.1939689312504,81.42913462690723,92.70578141912438,424.7721780276031,21.824824273942927,0.9889591276967387,59.885265848367865,3.2990172790413923,0.9411157523903733
2023-02-20 10:00:00,0.7933501681074797,0.017976173664352137,727.3686111040811,86.18828317981495,86.2062593534793,383.6031139489317,22.47277360865109,1.0074767429000333,59.923105837510604,4.153819070645502,0.9388137727002365
2023-02-20 11:00:00,1.8843057917785564,0.24085554537343362,698.0841748978169,83.103167825485,83.34402337085844,445.9350939576718,18.689720656694817,1.0170315264049237,60.04954986691402,4.314988459969884,0.9383797438241385
2023-02-20 12:00:00,1.8225490959338033,0.21794163736165098,816.3478269750793,95.56224357182461,95.78018520918626,429.3934250885805,22.305927294864272,1.0256043054543493,59.94033966450917,3.3892385086491306,0.9408727867810167
2023-02-20 13:00:00,5.03866853073351,4.60521455232146,908.9954117035875,105.32266662297293,109.92788117529439,438.8308592424752,25.050171121751934,0.9947135702251965,59.986593475036365,3.781434884509248,0.9398166026449482
2023-02-20 14:00:00,2.648586083058624,0.6688747150323047,840.5055478073274,98.10725946150193,98.77613417653423,452.1690560734957,21.84495662624006,0.9639336549262256,59.89265392552973,4.893127685957488,0.9368228159265058
2023-02-20 15:00:00,5.7238455478136085,6.750970644160334,538.1378336325855,66.25282077319288,73.00379141735321,493.23727380061956,14.800947798374096,1.0053446390169753,60.197928640550145,3.493234845381348,0.9405927248329048
2023-02-20 16:00:00,1.8714671878119025,0.23596584863930917,360.0460418037906,47.490850504029346,47.726816352668656,577.5471634871888,8.263708900325565,1.0025725738130886,60.00731986281628,4.336721404234789,0.938321217044251
2023-02-20 17:00:00,3.7667356205015303,1.9239683251829474,249.29583352179634,35.82331606152125,37.747284386704195,523.1843757252603,7.214910486265442,0.99308667250648,60.11497153292266,4.480298787395181,0.9379345634091691
2023-02-20 18:00:00,1.5285646139888809,0.12857422207070932,1.0003178130309422e-13,9.560000000000011,9.68857422207072,635.1049450228334,1.5255076027982108,0.9973297575423132,60.049316983423886,3.8962573989303193,0.9395073858197567
2023-02-20 19:00:00,7.480281687801585,15.068025914980078,0.0,9.56,24.62802591498008,556.3743598048175,4.426520647648083,1.0028736089003547,59.99581199450349,4.875051973519166,0.9368714937876503
2023-02-20 20:00:00,0.8057252995832491,0.018830571573690474,0.0,9.56,9.578830571573691,607.4984991195373,1.576766129538843,1.007235239842077,59.99063376751107,4.473313470437581,0.937953374855195
2023-02-20 21:00:00,3.7917169471775205,1.9625025501226367,0.0,9.56,11.522502550122637,577.2350438012571,1.9961543696729975,1.0063961942047983,59.92747563233622,3.9158491597217955,0.939454625243119
2023-02-20 22:00:00,4.4309980350662475,3.1318948531415627,0.0,9.56,12.691894853141562,561.9857529026583,2.258401531993984,0.9956462868099775,59.95495368491163,4.138670403552188,0.9388545680335219
2023-02-20 23:00:00,3.9826272292844003,2.2741100467296627,0.0,9.56,11.834110046729663,517.5680548049007,2.286483861758156,1.007685576699719,59.89921976684015,4.385226886850202,0.9381905918666511
2023-02-21 00:00:00,2.776255133359123,0.7703367633294476,0.0,9.56,10.330336763329449,571.1397846408644,1.8087230203767397,0.9942993830345027,59.88831340280671,4.1843803608584365,0.9387314712005608
2023-02-21 01:00:00,2.879207748288468,0.8592538919299457,0.0,9.56,10.419253891929946,515.2248987426734,2.0222729758124114,1.0128405100307063,60.20863754175514,4.7573951676521515,0.9371883433546171
2023-02-21 02:00:00,3.2187086760691144,1.2004594998095053,0.0,9.56,10.760459499809507,473.6442611303783,2.271844162986177,0.98745114329047,60.0278912365082,3.7137773245608026,0.9399988043324214
2023-02-21 03:00:00,2.8295367921384442,0.8155461407472254,0.0,9.56,10.375546140747225,501.7976299596728,2.0676753976659996,1.0014611638429913,60.14657172417041,3.5997714801116096,0.9403058218668449
2023-02-21 04:00:00,5.0439731457748636,4.619774718881304,0.0,9.56,14.179774718881305,455.0288809183288,3.1162362024722494,0.9675252283576554,59.9205937742964,3.4276777789905286,0.9407692698949985
2023-02-21 05:00:00,7.530154643556835,15.371426981764456,0.0,9.56,24.931426981764456,503.91135148849617,4.9475819324410715,0.9926017906108571,59.87483964075353,3.0755659361291903,0.9417175064556664
2023-02-21 06:00:00,1.9872389511171278,0.2825223264558767,0.0,9.56,9.842522326455878,467.48968519774223,2.1053988222847346,1.0113497744225997,59.90222217890412,3.0860279287601107,0.9416893323282941
2023-02-21 07:00:00,0.35595111970752136,0.0016235796194422102,208.38974856359545,31.513860011174778,31.51548359079422,478.42195693459774,6.587382358603269,0.9793253026658386,59.95779281149103,4.740110386218566,0.9372348912399858
2023-02-21 08:00:00,2.912548724469501,0.8894511463552491,405.87999106393255,52.3194570585853,53.20890820494055,403.6650869881645,13.181449156761145,0.9935979904729983,60.00364999318261,4.356786292811814,0.9382671823353362
2023-02-21 09:00:00,8.242308914115608,20.15807993920378,509.5511190742472,63.24121039447194,83.39929033367572,431.58312369843327,19.32403881296123,0.9518986090017958,59.984906338315604,4.321064830872972,0.9383633801682056
2023-02-21 10:00:00,1.4695406697048332,0.11424766427422063,702.2359762351715,83.54056009637532,83.65480776064953,358.86890495452604,23.310687163394615,0.9726385178293602,59.92268090315134,4.229285637869772,0.9386105413701891
2023-02-21 11:00:00,6.349345589528335,9.214873947331544,810.6740711346453,94.96451339403488,104.17938734136642,444.926824584145,23.414948612895763,0.977870508877722,60.00877150093178,4.69843828938821,0.9373471141219347
2023-02-21 12:00:00,6.420958825951464,9.530203095696471,916.8213256716413,106.14712665950739,115.67732975520386,477.0465245641419,24.248647416705015,1.0020350210154327,60.017538612454,3.960533851331255,0.9393342894488386
2023-02-21 13:00:00,1.9530494027215222,0.26818975757573743,866.4536694557818,100.8408940771666,101.10908383474234,502.8311119442026,20.107960989884425,1.0066681802478543,60.07022764275516,4.740821657116601,0.9372329757887344
2023-02-21 14:00:00,4.193084608027559,2.6540150288921036,790.3605014766183,92.82447883056173,95.47849385945383,522.8205218071513,18.262193214877712,0.998878888681196,60.14704323030126,3.718890052364478,0.9399850357656252
2023-02-21 15:00:00,6.307028523565212,9.031853531189958,496.748951681827,61.892502059680474,70.92435559087043,551.9712557862036,12.84928424213846,0.9923481323422524,59.963610621049106,4.853415008678181,0.9369297620951216
2023-02-21 16:00:00,2.2873212589884018,0.4308082387308152,382.65010993708034,49.87218908187141,50.30299732060222,492.6942950984992,10.209778725070416,0.992417965033025,60.12154805936346,4.39731396016248,0.9381580413999214
2023-02-21 17:00:00,2.6339824751835823,0.6578716084996037,232.5502802766623,34.059172027146374,34.71704363564598,602.4889073245156,5.762271008409871,1.01432091498081,60.0065937593428,3.5143542720488545,0.9405358502548056
2023-02-21 18:00:00,1.8735731503172992,0.23676334267627577,1.0350675685719502e-13,9.560000000000011,9.796763342676288,625.1973112597466,1.5669874400029355,1.004256396937661,59.84726810125822,4.1281698433772505,0.938882846023221
2023-02-21 19:00:00,1.0034389485285158,0.03637268515284335,0.0,9.56,9.596372685152843,660.8249188311739,1.4521808139629953,0.9933210880738927,60.17832708103958,4.066061122976511,0.9390501046957545
2023-02-21 20:00:00,1.730640703643275,0.18660498539637224,0.0,9.56,9.746604985396372,635.1537159017095,1.53452695644855,1.0258659899048252,60.22725364418997,3.2757976434606677,0.9411782828273052
2023-02-21 21:00:00,0.5777848823540559,0.006943861085078007,0.0,9.56,9.566943861085079,616.7620447509112,1.5511563888385569,1.038999500819922,60.06190964780515,4.182485811501229,0.9387365732185783
2023-02-21 22:00:00,3.090528481594486,1.062675704683035,0.0,9.56,10.622675704683036,643.8423721687745,1.6498876376993785,0.9750851509953266,60.00897849644191,3.629571247433916,0.9402255711469463
2023-02-21 23:00:00,1.4793379708529542,0.11654797031112539,0.0,9.56,9.676547970311125,524.0822255040719,1.84637972810546,1.0104502014042103,59.97285949398355,3.1046975336192046,0.9416390551159267
2023-02-22 00:00:00,3.4840061374766758,1.5224366663705868,0.0,9.56,11.082436666370587,568.297939690277,1.9501103017214045,1.0617977921537276,59.95360520305156,4.89731231541313,0.9368115467268946
2023-02-22 01:00:00,0.0,0.0,0.0,9.56,9.56,536.654000717582,1.7814085029119198,1.0056041108210039,60.12107012531475,4.282980738128575,0.9384659405615927
2023-02-22 02:00:00,3.6731763701536773,1.7841355470514868,0.0,9.56,11.344135547051486,532.7107416141519,2.129511320285741,1.0023088527232855,59.998272676195185,4.753837863741694,0.9371979231676615
2023-02-22 03:00:00,4.676305922018466,3.6813850567797584,0.0,9.56,13.241385056779759,441.9037067319641,2.9964412733046606,0.9988853212021277,60.16739397972448,4.352112010026506,0.9382797701704851
2023-02-22 04:00:00,0.0,0.0,0.0,9.56,9.56,523.3354654764028,1.8267441499110595,1.0098036303498148,60.00348624153292,3.7139673842802257,0.9399982925019383
2023-02-22 05:00:00,3.7537087444295434,1.9040757281268599,0.0,9.56,11.464075728126861,455.541420499909,2.5165825130777875,1.0150979833309977,59.95876533065766,4.025376144657622,0.9391596692693241
2023-02-22 06:00:00,5.459449380682862,5.857995471747977,0.0,9.56,15.417995471747979,456.7077559654153,3.3758996361155567,0.9751046625166163,59.93986995354883,4.351493520694354,0.9382814357611462
2023-02-22 07:00:00,0.5835732978720163,0.007154655658355103,233.28583248382998,34.136662452171485,34.14381710782984,443.84654973198116,7.692707564911284,0.9994703274342235,59.92562839147055,4.920504650402875,0.9367490898104052
2023-02-22 08:00:00,6.34697229261812,9.20454463479981,443.07106775779556,56.23753698828376,65.44208162308357,471.62109245539966,13.875987030684449,0.9546100427100518,60.051414582640604,3.507338918243393,0.9405547425900088
2023-02-22 09:00:00,3.8390660438054187,2.036944757318233,652.4304254383239,78.29354531992743,80.33049007724567,381.29530893396293,21.067788717840802,0.99581366766757,59.8705506645142,4.749954117248235,0.9372083820899957
2023-02-22 10:00:00,1.5904332030140083,0.1448267557270241,650.3541627072254,78.0748110412062,78.21963779693323,450.5134901947417,17.362329763559696,0.9819462281235586,59.91816625166638,4.848155610588539,0.9369439256447346
2023-02-22 11:00:00,2.888576075492074,0.8676686986710791,732.6475527232167,86.74441967939087,87.61208837806196,497.4210653115822,17.61326459368627,1.0067835515827097,60.132448262584106,4.340831029317913,0.9383101498312802
2023-02-22 12:00:00,4.116653825043445,2.511513663102249,967.1228551657985,111.44639279171686,113.95790645481911,480.8068022074704,23.701392312175678,0.9668723894571795,59.90454506891755,4.862533254802676,0.9369052066746786
2023-02-22 13:00:00,3.152125013632309,1.1274902649395786,893.4749558028296,103.6875865938281,104.81507685876768,479.32640930469006,21.867160837395172,0.9897536537908181,60.086270492199,3.795757174954737,0.9397780327424917
2023-02-22 14:00:00,4.077968899423564,2.4413735141365516,842.1824657456754,98.2839227663069,100.72529628044346,515.6296921394177,19.534425153547794,1.0193308850104121,59.79369881884992,4.906032352080885,0.9367880636838036
2023-02-22 15:00:00,1.1596808389145956,0.05614588673942209,655.9225714061246,78.66144289763521,78.71758878437463,547.8400400651511,14.36871769632122,0.986473336971115,60.145008704217574,4.40556575433195,0.9381358193330378
2023-02-22 16:00:00,3.340549167014869,1.3420110918490062,439.5732958985452,55.86904672291174,57.21105781476075,562.1148947234016,10.17782278174864,0.9619012844516422,59.87297681609724,3.084011534837624,0.9416947624735073
2023-02-22 17:00:00,0.17542634144446634,0.00019435106251420125,231.96393468212057,33.9974005187614,33.997594869823914,599.8727402157252,5.667467879536876,1.0051506630625797,59.912360625652525,4.813745663638105,0.9370365915700948
2023-02-22 18:00:00,2.7816592730388776,0.7748440395627239,1.1839130592288466e-13,9.560000000000013,10.334844039562737,665.5963580830852,1.5527194393501562,0.9882694201381472,60.06803425779863,3.9689456180663854,0.9393116365761228
2023-02-22 19:00:00,1.1977803218048195,0.06186343378885828,0.0,9.56,9.621863433788858,612.4180352718736,1.5711267271084497,0.9962822912785421,60.027040813420804,3.9206539695556657,0.9394416858988626
2023-02-22 20:00:00,1.5362479640409945,0.13052282403793264,0.0,9.56,9.690522824037933,619.1161763807213,1.5652188060547154,0.9854026082707481,60.08949874360948,4.132933211959268,0.9388700182801815
2023-02-22 21:00:00,5.481434349221491,5.929050530465803,0.0,9.56,15.489050530465803,644.1323957595074,2.404637716164299,1.0394879348896007,59.87217373707424,3.2987690935424556,0.9411164207534762
2023-02-22 22:00:00,5.194036146913302,5.044491607650055,0.0,9.56,14.604491607650056,615.1043250686189,2.374311318006231,0.9688385452829298,59.97131945906665,3.938332097134797,0.9393940787330302
2023-02-22 23:00:00,4.2320876467128175,2.728767041176784,0.0,9.56,12.288767041176785,564.5815197273995,2.1766151763363153,1.0566699122378855,59.93829217907896,4.662254433435491,0.9374445571810534
2023-02-23 00:00:00,0.8318087845500224,0.020719201229430842,0.0,9.56,9.580719201229432,554.8585338225073,1.7266958363650564,0.9921872693849729,59.88898112018476,3.0309649182750307,0.941837616916674
2023-02-23 01:00:00,2.3864675335806336,0.4892931007619698,0.0,9.56,10.04929310076197,529.6093484942222,1.8974916378145472,1.0036689315243628,60.05958974585204,3.5458343206487424,0.9404510745404432
2023-02-23 02:00:00,5.448556945034401,5.823002592864455,0.0,9.56,15.383002592864456,535.9645373190225,2.870153064568901,0.9885040716479103,60.09430514466068,3.0049091728876887,0.9419077849922234
2023-02-23 03:00:00,3.3090992431583786,1.3044633375601862,0.0,9.56,10.864463337560187,451.64771049954595,2.405517195148299,0.9876673288028909,59.96631337949594,3.8314226182996967,0.939681985767595
2023-02-23 04:00:00,7.667854873738677,16.230210574220422,0.0,9.56,25.790210574220424,486.16377143854123,5.304840074345341,0.9843034019313474,60.152271129929616,4.456631020987469,0.9379983006616136
2023-02-23 05:00:00,3.819588088702993,2.0060977543605887,0.0,9.56,11.56609775436059,433.04858447422487,2.6708545343482135,1.0120251592408727,59.92142997791217,4.597543658229257,0.9376188231825064
2023-02-23 06:00:00,3.4210332111946493,1.4413663262939254,0.0,9.56,11.001366326293926,386.85339644998413,2.8438076096137572,0.9717840061274589,60.14984673241371,4.890379522254014,0.9368302167264254
2023-02-23 07:00:00,2.422910266983303,0.512052500772699,220.5443396454455,32.79434618164768,33.30639868242038,370.83825496466324,8.981381569060105,1.0072821708848534,60.05622390597583,4.217009225941573,0.9386436017254715
2023-02-23 08:00:00,3.3126585505279404,1.3086771566135247,378.18805712229835,49.40211181783413,50.71078897444766,464.7258427931338,10.911979559746769,0.9563101452989639,59.8776432814525,3.509253733305791,0.9405495859964834
2023-02-23 09:00:00,2.7452956045470476,0.7448517542726405,511.3029036441228,63.42576089890834,64.17061265318098,405.3041236419079,15.832706580078286,1.0054705754228352,60.19815242670827,4.848295898273398,0.9369435478502511
2023-02-23 10:00:00,4.471335803034188,3.2182098685674947,787.0844546561339,92.4793472980237,95.6975571665912,448.1867700793487,21.352160205364502,1.016982852118644,59.955552246680895,4.550631507760752,0.9377451575194953
2023-02-23 11:00:00,4.9736305197266795,4.429177231890404,787.0746422545436,92.47831356151616,96.90749079340657,384.7399269989793,25.187791542535603,0.9745096178538526,60.12051177396145,4.148856966006289,0.9388271356391212
2023-02-23 12:00:00,1.4935782767826835,0.11994619236629595,946.5492839756078,109.27896706683028,109.39891325919658,535.825033594795,20.416909700028484,1.0135748520343748,60.01456491219297,4.391280431437872,0.9381742896819446
2023-02-23 13:00:00,0.4086460715246427,0.002456656780622759,867.2596236461102,100.92580135111771,100.92825800789834,507.6096212966397,19.88304669050339,1.0010277082124863,60.03744412244518,4.848632710014858,0.9369426408168361
2023-02-23 14:00:00,0.0,0.0,813.0873797636058,95.21875545809587,95.21875545809587,499.03098053122164,19.080730289877977,1.0319685291071568,60.09012067804923,4.424788056945843,0.938084053706609
2023-02-23 15:00:00,4.098872892632057,2.479110321584388,552.6632134074661,67.78306953247655,70.26217985406093,523.3911157304648,13.424412020444851,0.9828958723537782,60.0845851184469,3.736749015169468,0.9399369416108542
2023-02-23 16:00:00,0.8823796088242624,0.02473254971265187,453.85383836915867,57.373501872190865,57.39823442190352,578.7321308049678,9.917927719352196,1.0563197180744546,59.96578534368766,4.426056404578193,0.9380806380487122
2023-02-23 17:00:00,0.0,0.0,201.67661278965616,30.806631157390278,30.806631157390278,597.720315676284,5.1540210947212755,0.9521843569134952,60.05316655959386,3.0805563254707757,0.9417040673461289
2023-02-23 18:00:00,3.879379730194723,2.101790271916901,1.2022609216648386e-13,9.560000000000013,11.661790271916914,598.772605746245,1.9476158661906264,0.9934099239872775,60.04565998486985,3.7728311236611622,0.9398397725574654
2023-02-23 19:00:00,8.095107675239712,19.097230507811474,0.0,9.56,28.657230507811477,603.6131323308516,4.747615479661883,0.9660286057875414,60.02135611996893,3.8126460636911585,0.9397325509954456
2023-02-23 20:00:00,3.1040730891052566,1.0767089345035505,0.0,9.56,10.63670893450355,623.5261994766555,1.705896070354584,1.0370210835369953,59.979668346617025,3.333676468841669,0.9410224152544658
2023-02-23 21:00:00,4.800522344298704,3.982611901212586,0.0,9.56,13.542611901212586,551.0356629923793,2.457665231261062,0.9947659801236832,60.02115648331942,3.0461709611035404,0.9417966670706367
2023-02-23 22:00:00,3.294744449206024,1.2875606804324982,0.0,9.56,10.8475606804325,582.1584859558942,1.863334631740529,0.9965662984526144,60.196754074619584,3.2667624732754854,0.9412026145243927
2023-02-23 23:00:00,2.9410698413730336,0.9158376938012831,0.0,9.56,10.475837693801283,527.9989493257473,1.9840641173962354,1.0088647619617042,59.970497264788584,4.30924299159411,0.9383952163601594
2023-02-24 00:00:00,4.984983417090076,4.459576873031432,0.0,9.56,14.019576873031433,531.4435833851973,2.6380179028090476,0.9999038962734542,60.12065874198042,4.604577632727375,0.9375998807018113
2023-02-24 01:00:00,2.5744799460040997,0.6142865981419252,0.0,9.56,10.174286598141926,468.91329842337456,2.1697585955337355,0.9881247688719733,59.938036357608354,4.9764069854539486,0.9365985449224759
2023-02-24 02:00:00,3.6982289013458556,1.820890648479335,0.0,9.56,11.380890648479335,416.15847068374677,2.7347492482324283,0.974867054987419,59.91186853376772,3.6927270062169884,0.9400554928019291
2023-02-24 03:00:00,3.8154711391154916,1.9996179159475573,0.0,9.56,11.559617915947557,413.6103128133009,2.794808919855304,1.0033702680466685,60.3276399345113,4.198758444522204,0.9386927510470676
2023-02-24 04:00:00,1.8447412303561768,0.2260002211417942,0.0,9.56,9.786000221141794,417.78649908809564,2.3423447723901414,1.0075766726537896,60.054002419698925,4.874289933630244,0.9368735459597031
2023-02-24 05:00:00,5.174068131327854,4.98653567205855,0.0,9.56,14.54653567205855,386.438283448793,3.764258432740428,1.0139075447280346,60.05675134612896,3.3340835626763052,0.9410213189515
2023-02-24 06:00:00,2.8493392071175774,0.8327889670493839,0.0,9.56,10.392788967049384,341.508575894695,3.043199995731301,1.0382545370061305,60.05952277718342,4.435291172685485,0.9380557688347787
2023-02-24 07:00:00,1.6972569770682362,0.17601322837802855,195.74917170744953,30.18217523937981,30.358188467757838,315.5671723632968,9.620198527116745,0.9565246219117202,60.14072997065346,4.509957466298326,0.9378546926401301
2023-02-24 08:00:00,4.291468123440444,2.8452483077334696,363.25774204767777,47.82920312472285,50.67445143245632,365.52379665503713,13.863516382841775,0.9986456560529459,60.040781001461774,3.1779510717386765,0.9414417834692854
2023-02-24 09:00:00,1.4314254388840655,0.10558657294439341,643.2441837283303,77.3257747557796,77.431361328724,349.2901872127014,22.168204021595347,1.0238347567164285,60.08162218725572,4.72249877036613,0.9372823192898577
2023-02-24 10:00:00,3.2948477543809367,1.2876817968230858,701.9171960168449,83.5069766003746,84.79465839719768,368.9608513697567,22.982020472470158,0.9975095515112227,59.894143172174346,4.626210094221688,0.9375416245218446
2023-02-24 11:00:00,3.2305817835562194,1.2137932565633762,801.432394196832,93.99090272863624,95.20469598519962,387.8045793008183,24.54965749936381,0.9532365509261346,60.09839235372444,3.066806013154869,0.9417410969125093
2023-02-24 12:00:00,5.431154758735353,5.767386212204543,709.3447278380173,84.28946707773513,90.05685328993967,426.2077836593816,21.12980023891625,0.9741792085030015,59.976323944196245,3.182168829760103,0.9414304250545059
2023-02-24 13:00:00,4.219512653130273,2.704514918498568,751.3675572777031,88.71657215920602,91.4210870777046,462.8323035869674,19.75252945163676,1.0065713969935464,60.06717424821919,3.0982537877837046,0.941656408111893
2023-02-24 14:00:00,3.231022721399761,1.2142903315207583,614.9671690281242,74.34679125711288,75.56108158863364,467.7010890728754,16.155848971491277,1.005843945897667,59.82848800453053,3.6694870635987247,0.9401180779256766
2023-02-24 15:00:00,4.927776745350992,4.307800397334207,681.4782133493061,81.3537297763494,85.6615301736836,479.57384106158486,17.86201056839614,1.0134503939668205,60.06301795923651,4.018577981359853,0.9391779767108801
2023-02-24 16:00:00,6.084032959137122,8.107317384362862,386.5095024827795,50.27877608656082,58.38609347092368,514.0487191869962,11.358085584429691,0.9843798211290363,59.77581036452252,4.064695455909257,0.9390537824347147
2023-02-24 17:00:00,4.4308175278976485,3.1315121133357007,224.44817378047307,33.205615107772836,36.33712722110854,523.8393821449882,6.936692516762925,1.005197664698386,59.97240845295638,3.5353335195388853,0.9404793531789796
2023-02-24 18:00:00,3.347685667121658,1.3506303965254594,8.715735294873247e-14,9.56000000000001,10.91063039652547,500.6317528135724,2.1793724299761745,0.9810827338420735,59.82944484091004,4.823193773120549,0.9370111478282211
2023-02-24 19:00:00,0.715295035765013,0.013175227825793214,0.0,9.56,9.573175227825793,592.6567808117162,1.6152983544226314,1.0051991598728738,60.063303672625054,3.7365255797438266,0.9399375433220543
2023-02-24 20:00:00,1.220929895272473,0.06552012002384981,0.0,9.56,9.62552012002385,590.4089789187562,1.6303139795826815,1.0010642439420707,60.006926988117584,3.0911003119307052,0.9416756724095223
2023-02-24 21:00:00,2.7530992533047693,0.7512216690035727,0.0,9.56,10.311221669003572,619.5484154804469,1.6643124913825231,0.9835827995967419,59.922921259695975,3.6004542230827727,0.9403039832412492
2023-02-24 22:00:00,2.157116474263244,0.3613460300057532,0.0,9.56,9.921346030005754,618.3233326168943,1.6045563068138173,1.0311636726152538,60.143440804503484,4.062218845088311,0.9390604519432092
2023-02-24 23:00:00,3.014990306209408,0.9866435047069395,0.0,9.56,10.54664350470694,498.7358871951941,2.114675076626122,0.9658872809967523,59.91033335056666,3.816443645176464,0.9397223241153236
2023-02-25 00:00:00,3.515223638440897,1.5637286056384156,0.0,9.56,11.123728605638416,476.191606779544,2.3359774610198496,0.9971675803397895,59.69688061675099,3.5476850381985185,0.9404460905614043
2023-02-25 01:00:00,4.474498027388882,3.225042659226473,0.0,9.56,12.785042659226473,537.4816968072652,2.3786935881113447,0.9831418887135138,60.05136350338652,3.2626464995286346,0.9412136988343035
2023-02-25 02:00:00,3.28750054177548,1.279086749562505,0.0,9.56,10.839086749562505,435.0370859234418,2.4915316648360357,1.0366840407171254,59.823340128058604,4.63832900019246,0.9375089883298228
2023-02-25 03:00:00,4.415082794590125,3.0982685406527817,0.0,9.56,12.658268540652783,417.69802695705926,3.03048320167289,1.0119679601524083,59.91349903569892,4.992290484248384,0.9365557706887386
2023-02-25 04:00:00,3.584804541150963,1.6584368685321633,0.0,9.56,11.218436868532164,340.61970584007145,3.293537242909684,0.9870137924925922,59.94826534270607,3.6590842670477643,0.9401460926381119
2023-02-25 05:00:00,0.0,0.0,0.0,9.56,9.56,370.0515852195573,2.583423604124788,0.9944056942135926,59.8576006150304,3.763242088353208,0.9398655958123342
2023-02-25 06:00:00,1.605317508526218,0.14893107624518123,0.0,9.56,9.708931076245182,407.6092752552376,2.3819210370435324,1.0372251474796106,59.95062724139418,4.236075049353914,0.9385922574972515
2023-02-25 07:00:00,3.210167422355265,1.1909281204803102,188.5433025031503,29.423036918706885,30.613965039187196,378.2597960651079,8.093370048218864,0.9810744873653994,59.85947181127451,4.436882949471083,0.9380514821827529
2023-02-25 08:00:00,1.0934977966526596,0.047071304873438635,499.8338918049935,62.21750050165607,62.26457180652951,317.9540657453525,19.582882722561827,0.9647110365553888,60.0162383185133,3.7840590696071823,0.9398095357191907
2023-02-25 09:00:00,4.727478894126361,3.8035689777524766,564.265395311807,69.00535939609885,72.80892837385133,327.77153076494955,22.213316758758964,1.0058201372492763,59.87712547442478,4.8098590339636305,0.9370470582568304
2023-02-25 10:00:00,6.60404553182042,10.3688997918405,800.6016650102439,93.9033854088292,104.2722852006697,315.7240552376371,33.02639867658697,1.0062728073481564,60.0030146398782,4.120007978457837,0.9389048259107957
2023-02-25 11:00:00,5.995177148325673,7.75726382106585,909.9016607673807,105.41813996184355,113.1754037829094,340.0080320647629,33.28609712412686,1.0133206914677972,60.11620077042712,3.900780152811862,0.9394952060516736
2023-02-25 12:00:00,3.1460632750147406,1.120998057560453,957.4069813021687,110.42282548018348,111.54382353774393,328.94724652731475,33.90933492081433,1.013452515217439,60.07823727702922,4.2933455063198105,0.9384380282594619
2023-02-25 13:00:00,6.569881691848254,10.20881062790128,965.238559651608,111.24788225929692,121.45669288719819,407.8271096408645,29.781417178017872,1.035414113014676,59.99182893078584,4.905607696498347,0.9367892072805251
2023-02-25 14:00:00,3.901428384262342,2.13783123773159,668.9604099962376,80.03497919310362,82.17281043083521,481.55692478882116,17.063986872760836,0.9656372501924793,59.901126268158016,4.589104588843411,0.9376415495812116
2023-02-25 15:00:00,2.945768036890215,0.9202337080739278,503.5344498202766,62.60735428856614,63.52758799664007,472.7984666239734,13.436504659217707,0.9759439361070933,60.01591771159226,3.0800262610702487,0.9417054948086079
2023-02-25 16:00:00,2.4091624120979565,0.5033855407954526,411.67872769918785,52.93035396310944,53.43373950390489,527.2407740898808,10.134599243797451,1.0132440666789237,59.93042808755329,3.6646198214799193,0.9401311853999643
2023-02-25 17:00:00,3.047236156466499,1.0186402647881037,191.27353799719202,29.710667228004176,30.72930749279228,539.1617645373435,5.699459700960286,0.9778874899657112,60.02011234587015,3.9410893699024454,0.9393866534024171
2023-02-25 18:00:00,2.892208478546629,0.870946113551124,8.654918974172505e-14,9.56000000000001,10.430946113551133,506.45190208217383,2.0596123878035453,0.9708682405348127,59.8284714782547,3.6290351444182107,0.9402270148714051
2023-02-25 19:00:00,4.025958694587818,2.349148358825183,0.0,9.56,11.909148358825183,510.06098717762217,2.3348479217599865,1.0373168910457053,60.080726105633566,4.400375121660913,0.938149797697502
2023-02-25 20:00:00,4.023014632742793,2.34399854310244,0.0,9.56,11.90399854310244,514.6180676853651,2.3131715131269908,0.9676011573667143,60.00332165630132,4.652538299725162,0.9374707227116916
2023-02-25 21:00:00,3.724874143506736,1.8605327144218333,0.0,9.56,11.420532714421833,481.3343285665541,2.3726819461294077,0.9929745592577871,60.22085166800092,4.462690190370543,0.9379819833293432
2023-02-25 22:00:00,4.609747598824379,3.526419229774904,0.0,9.56,13.086419229774904,523.8260517532199,2.498237570654477,0.9988126509753719,60.13060614618427,4.97866657365655,0.936592459855503
2023-02-25 23:00:00,6.134425387205674,8.310442832454546,0.0,9.56,17.870442832454547,419.830350612251,4.256586691837203,1.0261827328392656,60.05661869364211,3.545095295786058,0.9404530647330717
2023-02-26 00:00:00,5.669673794450465,6.561100921004139,0.0,9.56,16.12110092100414,513.6508911551902,3.138532649042644,0.9626239388343506,59.987600702629244,4.749978990048843,0.9372083151075884
2023-02-26 01:00:00,0.8183720526698162,0.019731262314741153,0.0,9.56,9.579731262314741,473.94675845841687,2.0212673873905707,1.008309503030125,59.92703956362983,4.533245330348972,0.9377919784640512
2023-02-26 02:00:00,0.0,0.0,0.0,9.56,9.56,460.05162187144373,2.0780276702668457,0.9821924588347984,60.094240929503414,3.724357515116292,0.9399703118982505
2023-02-26 03:00:00,5.692516709441685,6.640724190384796,0.0,9.56,16.200724190384797,451.7370098547905,3.586317666465378,1.012552224251849,59.97705302086803,4.4682490873139376,0.9379670132298547
2023-02-26 04:00:00,1.1082232021532001,0.04899866145677149,0.0,9.56,9.608998661456772,401.87226352676413,2.3910579389405475,0.9818638454794628,60.11683646329483,3.208151912836494,0.9413604526584295
2023-02-26 05:00:00,3.410717848752087,1.4283672452345235,0.0,9.56,10.988367245234524,424.14489988758646,2.5907106859346496,1.0314461251237155,60.04008231637353,4.578666964681105,0.9376696580843417
2023-02-26 06:00:00,1.538453604321639,0.13108581893946833,0.0,9.56,9.691085818939468,377.96425982672093,2.564021747289646,0.9819805996314749,60.040799712724976,4.064661205174206,0.9390538746718827
2023-02-26 07:00:00,0.2933113319404077,0.0009084248941238322,229.2768854245813,33.71431987947964,33.71522830437376,326.6020378432102,10.32303059926381,0.9507604058822017,60.059452612696795,3.584580345418506,0.9403467315653002
2023-02-26 08:00:00,4.998950345032583,4.497166526505138,434.509302606896,55.33555502963649,59.83272155614163,338.7770946122222,17.661383401563366,0.984223015005174,59.908037306156245,4.311554603568361,0.9383889911932629
2023-02-26 09:00:00,5.453246593524029,5.838051355261352,627.475395544433,75.66453292060602,81.50258427586738,281.4771124451876,28.955314898556267,0.9947739977886221,59.89778637561264,4.283239997428818,0.9384652423767625
2023-02-26 10:00:00,2.800984118359066,0.791105565602357,830.8041281482675,97.08521490041998,97.87632046602234,332.2401722839897,29.45950810017049,1.0216470774632462,59.89432905516368,3.4189724454391994,0.9407927133426233
2023-02-26 11:00:00,0.0,0.0,846.2292174254873,98.71024805577508,98.71024805577508,363.767855579942,27.135505939194346,0.9748317033887016,60.1047496914876,3.0607948296230525,0.9417572850189684
2023-02-26 12:00:00,2.900119284418458,0.8781123481081095,874.2851139664538,101.66593675636591,102.54404910447401,412.2966341633285,24.871425233088825,0.9752270774577185,59.905427841248155,3.8672451738033478,0.9395855156899371
2023-02-26 13:00:00,4.795747866157881,3.970740700555173,963.2248534151801,111.03573830728922,115.00647900784439,397.5156905100921,28.931305544258667,1.0192115580741796,59.91788402918046,4.139023738688842,0.9388536165026332
2023-02-26 14:00:00,1.0739997754802202,0.044597968094362665,802.8220471965338,94.13730267215483,94.1819006402492,408.5205054585656,23.05438757218067,0.9724954976407558,60.05375171269731,4.753210556741196,0.9371996125042876
2023-02-26 15:00:00,4.418375694567758,3.1052060545873186,588.7994315639737,71.59002011526464,74.69522616985195,415.1643732966068,17.991723513444942,0.9964203311721662,59.97479508753651,4.856433591295189,0.9369216330575533
2023-02-26 16:00:00,4.041017472594391,2.3756074880536437,456.1095500049391,57.61114109302033,59.986748581073975,478.01590031879897,12.549111554880817,0.9968269763306198,59.9620205757908,4.057610436313533,0.9390728623797661
2023-02-26 17:00:00,5.250348338368885,5.210349485040664,211.39540927418648,31.830506367035547,37.04085585207621,575.1446580662911,6.4402677365746985,1.0043515907268592,59.95334450311731,4.50760696753709,0.9378610225290742
2023-02-26 18:00:00,4.351199563678793,2.9657156404031593,9.413402401632834e-14,9.560000000000011,12.52571564040317,540.6441773019534,2.3168131954942845,0.985003035792348,59.767436832215864,3.8786065446559936,0.9395549195386284
2023-02-26 19:00:00,2.186318208324032,0.37622063833724684,0.0,9.56,9.936220638337247,570.6883908761606,1.7410938784092784,0.9814601122665088,59.9033118474036,4.492164313145786,0.9379026095696253
2023-02-26 20:00:00,6.546158577352004,10.098620820130371,0.0,9.56,19.658620820130373,518.906798896671,3.788468538460017,1.0066978888350457,60.11815631368821,3.409603049878334,0.9408179451080475
2023-02-26 21:00:00,3.856656566919897,2.0650729666900576,0.0,9.56,11.625072966690059,495.2975157024387,2.3470888906444842,0.9820800829366043,59.946060189846605,3.742129469607063,0.9399224520567134
2023-02-26 22:00:00,4.139945851523993,2.5543857523232827,0.0,9.56,12.114385752323283,495.8786423324004,2.443014221250266,0.9728006161976165,59.80995102939823,4.26845599762723,0.9385050556616861
2023-02-26 23:00:00,2.34899572159958,0.4666047741735353,0.0,9.56,10.026604774173535,513.7051707205242,1.9518208781333062,1.0245559997570337,59.89920057611315,3.0363159312141574,0.9418232066484358
2023-02-27 00:00:00,3.3500797407395595,1.353530150469123,0.0,9.56,10.913530150469123,475.1761346956223,2.296733643296263,1.0097619076275837,60.035985396475496,4.444922620677908,0.9380298313626267
2023-02-27 01:00:00,2.4882857048133813,0.5546298435515284,0.0,9.56,10.11462984355153,480.68419201795894,2.104215202311799,1.0353500479153068,60.03400346092057,4.671071002536333,0.9374208141762935
2023-02-27 02:00:00,3.9333785711000115,2.190784921082258,0.0,9.56,11.750784921082259,467.40917942086116,2.5140252777324474,1.0156793530243389,59.970571938743866,3.7982833221879027,0.939771229832528
2023-02-27 03:00:00,7.724198249510188,16.59062459292275,0.0,9.56,26.150624592922753,419.49033630784885,6.233903937594346,0.97463712696737,59.9310795952915,3.8958848343543284,0.939508389135491
2023-02-27 04:00:00,1.5786190037250494,0.14162322527849677,0.0,9.56,9.701623225278498,371.2895094802551,2.612953767225794,1.0019273848011998,59.859780401424395,4.702564424433062,0.9373360024476668
2023-02-27 05:00:00,1.1170662483103397,0.050180997584575,0.0,9.56,9.610180997584575,422.978932827638,2.272023557613135,0.979687434905635,60.0368185036412,4.551309270652067,0.9377433323052458
2023-02-27 06:00:00,7.308423549942136,14.05314818883334,0.0,9.56,23.613148188833343,399.77360296809303,5.90663015604809,0.9669678080656343,60.083787041766776,3.57629897806675,0.9403690332727107
2023-02-27 07:00:00,3.96945382065579,2.2516182618715086,185.31557486340412,29.082995811859625,31.334614073731135,411.77831339999705,7.609583373880359,0.9910560121386003,60.12888800020519,3.647952213123078,0.9401760712393453
2023-02-27 08:00:00,3.072096729980548,1.0437756447638302,418.2146513828991,53.61891352318842,54.66268916795225,351.6872275224267,15.54298390448839,1.0196306575059824,59.888941264131,4.357756464781193,0.9382645696639644
2023-02-27 09:00:00,6.512313680644306,9.94279383396013,638.1185378648945,76.78578796406663,86.72858179802675,411.20509966251734,21.091319604062864,1.0054982542157502,60.13655229804062,4.126396184896322,0.9388876224823258
2023-02-27 10:00:00,3.243654695796103,1.228588217304905,782.2456594962091,91.96958022792562,93.19816844523052,444.2765854561627,20.977510743569557,0.9721821173748246,59.994338791273556,3.324459142192994,0.9410472374985825
2023-02-27 11:00:00,8.129404338211756,19.340988892586022,784.2707104543823,92.18291934636918,111.5239082389552,422.1557638484509,26.41771540018367,0.9903531684957453,60.00265719634043,3.619859818458333,0.9402517240077424
2023-02-27 12:00:00,5.855851742678539,7.2289083583652625,982.5075959974091,113.06717523832705,120.29608359669231,416.7019111666002,28.868618159180254,0.9971426682931605,60.08935920406314,4.799966553757308,0.9370736986882657
2023-02-27 13:00:00,3.5469065033981924,1.6063927025455553,724.6444222969275,85.90128988898131,87.50768259152686,463.47051497502525,18.880960010205253,0.9662177509205832,59.945904609652025,4.376348873444527,0.9382145003408137
2023-02-27 14:00:00,8.860187565791993,25.039822624345838,736.2149800829637,87.12024815174023,112.16007077608606,465.26637832113266,24.106635682725347,1.0142634473049723,59.7836196998651,4.971948635371039,0.9366105512512449
2023-02-27 15:00:00,3.357093873214499,1.3620497068784907,641.5333702802476,77.14554055902408,78.50759026590258,486.15339777988953,16.14872808138793,0.9954252994748249,60.07048615481958,4.534025059961539,0.9377898786536044
2023-02-27 16:00:00,6.07577605566094,8.074353791134971,454.5703708837713,57.44898857260531,65.52334236374028,555.4978116850998,11.795427630034322,0.9721881027813588,60.03485707442951,4.883948864287181,0.9368475344767849
2023-02-27 17:00:00,5.21333932110788,5.100943101359163,231.5373661939248,33.95246152852998,39.053404629889144,551.5391685250388,7.080803478441658,0.9710565281251786,59.963972315312304,3.432377147740951,0.9407566145033905
2023-02-27 18:00:00,7.241511079578952,13.670679423343499,9.583920082371913e-14,9.560000000000011,23.23067942334351,607.7554099819448,3.822373119481346,1.0220132788984322,60.06225313439372,4.542969749633851,0.9377657906203756
2023-02-27 19:00:00,7.784428954124278,16.981763127704532,0.0,9.56,26.541763127704534,568.3198929515997,4.670215393984973,0.9923837393570856,60.08269434604652,3.040435040295595,0.9418121138950747
2023-02-27 20:00:00,4.748894857764299,3.8554951711556558,0.0,9.56,13.415495171155657,574.7647625798996,2.334084488920062,1.0238070405791282,59.84879936879384,4.341520043423068,0.938308294317532
2023-02-27 21:00:00,3.2016309688827445,1.1814526405795516,0.0,9.56,10.741452640579553,564.5972527719626,1.9024982122819432,1.0314431095980543,60.00225129743977,3.9385645562404825,0.9393934527210759
2023-02-27 22:00:00,5.6520895006561345,6.500242989616655,0.0,9.56,16.060242989616654,537.9970372178277,2.9851917164209363,1.0204489654571185,59.772243739315094,3.6935201438401375,0.9400533568837339
2023-02-27 23:00:00,3.4004895325270694,1.415555259570196,0.0,9.56,10.975555259570196,580.1434250771525,1.8918692835501103,0.9893313650676502,59.98763068104882,4.724808704586178,0.9372760986411502
2023-02-28 00:00:00,8.806564565825843,24.587935843845475,0.0,9.56,34.147935843845474,639.6629240618262,5.338426624292661,0.9500430576086544,59.96272577559713,4.708535385315061,0.9373199226607314
2023-02-28 01:00:00,5.076823455389737,4.710626647333052,0.0,9.56,14.270626647333053,538.506661476669,2.6500371616946716,1.0062599260906966,60.049190901742726,3.044603409797287,0.9418008884834902
2023-02-28 02:00:00,4.097163511907965,2.4760099743974284,0.0,9.56,12.036009974397428,503.67669581315135,2.389630108847128,1.041831527395571,59.89269447703761,4.219010244898862,0.938638212985012
2023-02-28 03:00:00,5.221310314634544,5.124376325561406,0.0,9.56,14.684376325561406,475.8499651019366,3.0859256913921844,0.9992921984365235,59.95785134641485,3.735664448641913,0.9399398623465657
2023-02-28 04:00:00,2.181927640692872,0.3739586064254011,0.0,9.56,9.933958606425401,453.69957729539004,2.189545484182301,0.960203689624017,59.69,3.8313220030008983,0.9396822567244141
2023-02-28 05:00:00,2.957268242805799,0.9310535479833396,0.0,9.56,10.49105354798334,502.8744065919708,2.086217435300046,0.9865024300713976,60.05575038210338,4.664081478437552,0.9374396369521429
2023-02-28 06:00:00,7.325723967252948,14.15318397801892,0.0,9.56,23.713183978018918,415.93461815216085,5.701180652711132,0.9963253345046639,59.99116000832059,3.6196795430553568,0.9402522094890788
2023-02-28 07:00:00,3.6355892982788074,1.7299237051605896,235.49734516942536,34.36964531359896,36.099569018759546,409.94098746780844,8.806040411266352,0.978040228651604,60.00872414378206,4.8860976212752405,0.9368417478780738
2023-02-28 08:00:00,2.8801176046591093,0.8600687459911356,475.7232462482963,59.67744399225801,60.53751273824915,386.8809465588723,15.647581840538393,0.9487209206404023,59.850656926396525,3.3592676527442817,0.9409534982421608
2023-02-28 09:00:00,6.071884927353258,8.058850473076244,665.276663638118,79.64689651427572,87.70574698735197,436.30845471038674,20.101775714057474,0.9980429845956975,60.0398062174853,4.325444846736356,0.9383515847933491
2023-02-28 10:00:00,7.394703845954526,14.556764532893572,855.8721601236982,99.7261320690316,114.28289660192517,435.472146880428,26.243445745177585,0.9843024750728475,60.165274970351426,4.344210134027529,0.9383010499083639
2023-02-28 11:00:00,6.485992652114852,9.822722109128382,831.4501385656066,97.15327209788666,106.97599420701503,419.2655327306699,25.515093861945207,1.0354538332179983,59.98150872811238,3.504390322855836,0.9405626831520938
2023-02-28 12:00:00,7.06504438848679,12.695423274630452,846.5486897979716,98.74390447021631,111.43932774484676,447.3066862038591,24.913405317187348,1.0020206697596559,60.065008890808166,3.6495012179344037,0.9401718997721694
2023-02-28 13:00:00,3.5842924243482615,1.6577262088141524,792.6060460911838,93.0610469557062,94.71877316452036,544.1976707292162,17.405214733388828,1.0093915779379679,59.912937897687414,4.669596985159881,0.937424783702442
2023-02-28 14:00:00,2.279263552348098,0.42627134379199794,646.1478868802682,77.63167988283625,78.05795122662825,525.0728068114646,14.866119557902785,0.9976182771300788,59.992314380995296,4.523610509909905,0.9378179250181959
2023-02-28 15:00:00,8.150621269799204,19.49281859941452,616.4430840287861,74.50227890243262,93.99509750184714,553.0240404970725,16.99656626452656,1.001874666063477,59.84686593860418,3.658191760629519,0.9401484961562939
2023-02-28 16:00:00,4.527728254864728,3.341516124947815,391.5518786488967,50.80999041566127,54.151506540609084,577.2611888741834,9.380763436776213,0.9669540142327572,60.07881218046935,4.067913093869867,0.9390451173414636
2023-02-28 17:00:00,4.696618838855131,3.729567297852359,252.70891073878718,36.18288374633123,39.912451044183584,636.6410138883916,6.269223969786616,0.9791966738955742,60.01598405771654,3.1233605925061907,0.9415887955318504
2023-02-28 18:00:00,7.879931148390552,17.614477663701592,1.0715135849281827e-13,9.560000000000011,27.1744776637016,579.3376836322241,4.690611094608605,1.0217722940263871,59.87807136141739,3.4174917647972585,0.9407967008129338
2023-02-28 19:00:00,6.361320006637994,9.267108136889005,0.0,9.56,18.827108136889006,608.7922911470147,3.092533925062879,1.004189239394604,59.91981378231619,3.9716411177207984,0.9393043776003928
2023-02-28 20:00:00,6.186009857364208,8.521858601320483,0.0,9.56,18.081858601320484,619.0226179235262,2.9210335903355165,0.9920298616423497,60.006108617259834,3.171947470558423,0.9414579511564853
2023-02-28 21:00:00,9.629668598234453,32.146709423605024,0.0,9.56,41.70670942360503,569.0488819936166,7.32919626825185,1.0097234248293174,60.092386501596415,4.686664709783875,0.9373788203506718
2023-02-28 22:00:00,4.038110376208117,2.370484159877744,0.0,9.56,11.930484159877745,583.2098690044052,2.0456588260833475,1.0101172381968118,60.14795272035185,4.436012420215295,0.9380538265164758
2023-02-28 23:00:00,7.206361414348162,13.472575254606799,0.0,9.56,23.032575254606797,626.2024970604843,3.6781353256695977,1.0398178926588841,59.986587462095486,4.887267341296989,0.9368385978241552
2023-03-01 00:00:00,5.490291177340891,5.957837234601759,0.0,9.56,15.51783723460176,606.5528004989948,2.558365441860239,1.0032613268777115,59.86353513261306,4.3869338119280545,0.938185995120481
2023-03-01 01:00:00,5.9390807544749205,7.541542662592212,0.0,9.56,17.101542662592212,587.7403063724042,2.9097107135879035,0.978749848489794,60.02384651403238,4.880802744524371,0.9368560069716578
2023-03-01 02:00:00,8.484509866695426,21.987850624823704,0.0,9.56,31.547850624823703,516.0736889331492,6.113051546968194,0.9976860703416867,60.17848823990324,4.10902511138193,0.9389344027521133
2023-03-01 03:00:00,6.468964936102806,9.745562076301926,0.0,9.56,19.305562076301925,493.8936338952739,3.908850155455843,1.0121513125424275,59.83772515946775,4.200437222123939,0.9386882301020001
2023-03-01 04:00:00,6.555647625098474,10.142600170946308,0.0,9.56,19.702600170946308,430.1044307579502,4.580887515207751,1.0199131802285741,59.904540435071105,4.953942109252521,0.9366590427937543
2023-03-01 05:00:00,7.649871857037574,16.116286594942633,0.0,9.56,25.67628659494263,490.9937537599257,5.229452798191238,0.9676993625574424,60.06109643442466,4.284258293728521,0.9384625001066557
2023-03-01 06:00:00,4.800791145793532,3.9832809483913976,0.0,9.56,13.543280948391399,480.04342329363016,2.821261638263779,1.0050741343898362,60.015359913525415,3.061573137721493,0.9417551890366567
2023-03-01 07:00:00,3.8781524319331546,2.0997961070690554,249.97468861157756,35.89483344522969,37.99462955229875,469.6714419762526,8.08961886045859,0.9820549014500377,59.94549802717352,4.447605553261047,0.9380226062299971
2023-03-01 08:00:00,3.4928623090777395,1.5340760796455453,379.4980377429437,49.54011827621912,51.07419435586466,481.86913321340836,10.599183644586159,0.9886673615076111,60.022011387330146,4.8109373842748315,0.9370441542613783
2023-03-01 09:00:00,1.6757082445878377,0.1693938816760594,651.4064425922728,78.18566872709593,78.35506260877199,449.81707078488154,17.419317250910684,1.0169167924848679,60.09775452018543,4.5911604995886535,0.9376360130172657
2023-03-01 10:00:00,9.746806229665202,33.33415859802034,680.6577450646311,81.26729344255888,114.60145204057922,493.8503103270481,23.205706191555375,1.014924970788638,59.99016636578075,4.167666545250845,0.9387764814759851
2023-03-01 11:00:00,3.4539736272529176,1.4834043641308028,908.7353804790737,105.29527233347041,106.77867669760121,457.0214792157001,23.36403901209312,0.9864369507760489,59.98139923057079,4.342607026187032,0.9383053670749002
2023-03-01 12:00:00,5.243907363025492,5.191197281912119,999.1713699710807,114.82270382645335,120.01390110836547,430.73608465892465,27.862513818269406,0.9968431595791983,60.058902416992574,4.980383578503344,0.9365878359645331
2023-03-01 13:00:00,5.158836142661487,4.942625463619769,684.8489466047339,81.70883652480872,86.65146198842848,533.6862314160426,16.23640575446626,0.989278364097583,59.972948511809584,3.1813241770186766,0.9414326997028222
2023-03-01 14:00:00,6.353346167375231,9.23230317020967,839.3602735282964,97.98660481620601,107.21890798641569,479.6297218288304,22.354517059032432,1.0578340597991354,60.11425235608781,4.334489657266479,0.9383272271348299
2023-03-01 15:00:00,7.3960971378950555,14.564994332822424,627.0546285750062,75.6202051203769,90.18519945319932,564.7343616041443,15.969490363048857,1.0055671633289072,60.20267396784843,3.5667953891411877,0.9403946264206251
2023-03-01 16:00:00,7.511677555487116,15.258551662805852,496.0073928747231,61.81437883935208,77.07293050215793,612.4061096728188,12.585264791583244,0.9832103681745442,59.910705803187035,4.28018079317234,0.9384734808083329
2023-03-01 17:00:00,4.650699504257546,3.621240249069249,217.27932735869692,32.45037713723872,36.07161738630796,614.1848376088019,5.87308822646048,1.0264433429244226,59.87499744672159,4.215247151767878,0.9386483469880578
2023-03-01 18:00:00,5.508748703698343,6.0181275037398985,1.168578034446247e-13,9.560000000000013,15.57812750373991,688.6962281050033,2.261973692901475,1.027149227313666,60.037171923869,3.3069136642163244,0.9410944874392738
2023-03-01 19:00:00,6.434301738880593,9.589738641543518,0.0,9.56,19.149738641543518,571.3611084135887,3.3515999530863554,1.0358334142104706,59.87144954769721,3.4134932914804783,0.9408074686943972
2023-03-01 20:00:00,5.397919257525397,5.662153683973402,0.0,9.56,15.222153683973403,631.2605754330137,2.4113898881665077,1.0417598736502018,59.86974225210464,4.2432591560864275,0.9385729107107187
2023-03-01 21:00:00,9.136160307116363,27.453241763287384,0.0,9.56,37.01324176328738,630.8626421955777,5.867084098445106,1.0141542976573226,59.79507942296762,3.2564598946075485,0.9412303593502489
2023-03-01 22:00:00,6.929592683964654,11.979139554487004,0.0,9.56,21.539139554487004,580.0258515020628,3.713479235228605,0.9930029651244374,59.961774775242816,3.5303617502606457,0.9404927421447199
2023-03-01 23:00:00,7.4435759656045075,14.84729629820836,0.0,9.56,24.407296298208358,569.8450900060174,4.283145845470147,0.9959476646479136,59.996700969717274,4.670491095476005,0.9374223758649658
2023-03-02 00:00:00,7.325762537334824,14.153407529578356,0.0,9.56,23.713407529578355,531.34032863108,4.46294140530843,0.9941584939678692,59.94826370108578,3.654183012003277,0.9401592917091474
2023-03-02 01:00:00,8.373127321465773,21.133215718253144,0.0,9.56,30.693215718253143,499.58667264465214,6.143721880284169,0.9919248926564195,60.13903331835322,3.976120312539326,0.9392923151367881
2023-03-02 02:00:00,6.414400336719259,9.501029922976217,0.0,9.56,19.061029922976218,503.45434745096185,3.7860493249256977,1.0247987361457718,60.131588726704614,4.882280670291681,0.9368520269202198
2023-03-02 03:00:00,3.4848669490119257,1.5235654142706505,0.0,9.56,11.083565414270652,462.723335441061,2.3952899206403675,1.0000144181387196,60.19288439640218,3.4542981776738926,0.9406975812091367
2023-03-02 04:00:00,6.904074393612784,11.847286416293864,0.0,9.56,21.407286416293864,466.23143847874815,4.591557893681092,1.019428437296324,60.00465284659337,3.779252034716021,0.9398224810555224
2023-03-02 05:00:00,4.8281443745123465,4.051755640201554,0.0,9.56,13.611755640201554,455.46642282331504,2.9885310877201237,1.0135303310956199,60.11838190585108,4.212915551087091,0.9386546259845051
2023-03-02 06:00:00,5.099774505229318,4.774802595156178,0.0,9.56,14.334802595156178,437.5450153690007,3.276189212912646,0.9780269007375584,60.03088526487871,4.510677859007944,0.9378527526238565
2023-03-02 07:00:00,7.355873656114754,14.328650328710593,217.59749569597682,32.48389617157115,46.81254650028175,397.7978169714284,11.767924433744199,0.9656564666027543,60.020838231251965,4.80330677342541,0.9370647034826963
2023-03-02 08:00:00,8.685835564099644,23.59050894625522,390.2843251180463,50.67645365118618,74.26696259744139,415.22845583981206,17.885807572420397,0.9752667406662987,59.95326139247045,4.8309459751470305,0.9369902711620816
2023-03-02 09:00:00,6.277920440655658,8.907378839500055,516.3954380552487,63.96225939912046,72.86963823862052,441.15547181227305,16.51790420716556,0.9914658726453842,59.773685320924486,4.553280148745246,0.9377380247340792
2023-03-02 10:00:00,6.8791332534409,11.719353841925738,649.7332440680129,78.00939726256516,89.7287511044909,433.45858401575873,20.700651553189388,1.0026865620053576,60.0637291455014,3.4566616731866207,0.9406912163199642
2023-03-02 11:00:00,9.69196714683115,32.774667974839396,718.8252595272203,85.28824109119266,118.06290906603206,491.75283967052576,24.008587148197083,0.9870339934531123,60.1154136236528,3.0496186600851316,0.941787382423469
2023-03-02 12:00:00,6.795091748780097,11.295058274190124,991.9230393736894,114.05909219801818,125.3541504722083,486.15955655887853,25.78456985593098,1.014061302934822,59.84743820717018,3.7675478607112476,0.9398540003751044
2023-03-02 13:00:00,11.54297586966451,55.36762108516805,896.1741510444452,103.9719468125323,159.33956789770033,532.3644946250797,29.93053997898864,0.9894462961116608,59.99903013378174,3.2830977019756467,0.9411586237828303
2023-03-02 14:00:00,7.496627321478534,15.167020190318919,857.6495867672347,99.91338396592818,115.0804041562471,431.923893117976,26.6436763489752,1.005139148763679,60.09916471684146,4.420775294876596,0.9380948600676572
2023-03-02 15:00:00,2.8700530583485144,0.8510837087941759,588.2577908221873,71.53295826311744,72.38404197191161,535.476375100337,13.517691038815366,1.0023516336132376,59.96405012233546,4.322261173651434,0.938360158419251
2023-03-02 16:00:00,7.92420254508926,17.91303621413748,391.75527224939844,50.83141793147413,68.74445414561161,546.9762119273114,12.56808845550804,1.0346886618357478,60.11931036733323,3.0879432832429097,0.9416841742821106
2023-03-02 17:00:00,7.20574500315439,13.46911833562228,243.1573764758208,35.17662961172772,48.64574794735,573.6554731651062,8.479958829460879,0.9804951814979945,59.985971696664265,4.673187558261902,0.9374151142955245
2023-03-02 18:00:00,9.04880890328618,26.673300076338474,9.771165043346593e-14,9.560000000000011,36.23330007633849,569.1479447311975,6.366235776086495,1.044168381823094,59.94748414693017,3.4974865325823643,0.9405812750469056
2023-03-02 19:00:00,7.84150552012195,17.358046934632277,0.0,9.56,26.91804693463228,615.17275159631,4.375689083234379,0.9881130029452079,60.125028691294126,3.8644541509820844,0.9395930319093839
2023-03-02 20:00:00,6.244032565033246,8.763911413022988,0.0,9.56,18.32391141302299,552.4434939833556,3.3168842809424177,0.9731988621927838,59.90662462638599,4.335867470911484,0.9383235166851576
2023-03-02 21:00:00,4.098110103897707,2.4777265127331853,0.0,9.56,12.037726512733187,615.3898754709234,1.956113838161765,0.9956617001914693,59.92750959681752,3.8588375737045064,0.9396081573419088
2023-03-02 22:00:00,6.154380471557584,8.391807729680872,0.0,9.56,17.951807729680873,570.1453907289056,3.148636825201776,1.0648027829727362,59.91044541152827,3.882575605599887,0.9395442308646322
2023-03-02 23:00:00,4.897062894832995,4.227752415611119,0.0,9.56,13.78775241561112,562.3932823709196,2.4516211071165634,1.0179041047003725,59.88574047305127,3.1312559906714807,0.9415675332387662
2023-03-03 00:00:00,5.462688172843829,5.868427341111638,0.0,9.56,15.42842734111164,526.4608661310942,2.930593389494178,1.0120592820688252,60.01530339173744,3.8028870985200074,0.939758831871131
2023-03-03 01:00:00,7.826475650655528,17.25842724414616,0.0,9.56,26.818427244146157,491.55104939036414,5.455878342118717,1.0159037372328303,59.94870653982215,4.529695786439967,0.9378015373794255
2023-03-03 02:00:00,10.0146621717344,36.15858374582817,0.0,9.56,45.71858374582817,494.9234403863157,9.237506251500683,0.9846081307099539,60.048861309641644,4.830352674373195,0.9369918689200003
2023-03-03 03:00:00,7.489679151213676,15.124887085180479,0.0,9.56,24.684887085180478,408.3388033584903,6.045197488495608,1.0065208875273173,59.82653596644685,3.8269942741267435,0.9396939112905024
2023-03-03 04:00:00,4.333999562728636,2.9306846542848843,0.0,9.56,12.490684654284884,410.8846434776083,3.0399492540211184,1.0000500460063424,59.88774519094956,3.8471716537581577,0.9396395736433801
2023-03-03 05:00:00,7.6403453486036,16.05615193127406,0.0,9.56,25.61615193127406,419.25832843580184,6.109873124487374,1.0361813349728881,60.00515790895264,4.405254212647304,0.9381366583142352
2023-03-03 06:00:00,9.169720108598861,27.75688588349877,0.0,9.56,37.31688588349877,387.53926497822016,9.629188383168346,0.9978262456682669,60.14696805972037,4.885544002210553,0.9368432387732211
2023-03-03 07:00:00,5.582149319596008,6.26191040036222,193.20261789947156,29.91389579570933,36.17580619607155,379.4810580190992,9.532967570215542,0.9924344691084518,60.037850214891755,3.5341218804787204,0.9404826161207933
2023-03-03 08:00:00,6.558877734105157,10.157599992971898,362.4105253427284,47.73994884485644,57.89754883782834,396.5470987956191,14.600421744018057,0.9767040120526176,59.94106094051496,3.8802884130758737,0.9395503902699931
2023-03-03 09:00:00,6.88142242357016,11.73105728864198,597.7607774496661,72.53409790432231,84.26515519296429,354.5259569491294,23.768402155404214,1.0028002897375123,59.85104686466197,4.591946487104602,0.9376338963542964
2023-03-03 10:00:00,5.307318488003732,5.381804915434606,684.788676459293,81.70248706498651,87.08429198042111,358.1983463520101,24.311751538585074,1.0058590366703768,59.93521539515939,4.219387138748077,0.9386371980105527
2023-03-03 11:00:00,8.198678266200533,19.839651221929543,839.4112854030196,97.99197891720812,117.83163013913766,409.8722680334374,28.748378294655673,0.9759682362371896,59.995751587745715,3.2211726879279095,0.9413253877344849
2023-03-03 12:00:00,6.685154685909278,10.75565548746311,941.1414671450424,108.70925356373021,119.46490905119333,408.8228684637894,29.22167967269049,1.0090632720812116,59.76423081059569,4.255465471124531,0.9385400391262355
2023-03-03 13:00:00,7.790978857029329,17.024665124402024,715.8906584253183,84.97908086510728,102.0037459895093,471.0900155648015,21.65270810658436,1.0046635904758972,59.87866299297521,3.373492569194654,0.9409151905676983
2023-03-03 14:00:00,5.201720107767271,5.066912926943777,757.0878304026206,89.31920293291608,94.38611585985986,474.3990161575738,19.895934149346775,1.0202689151976754,59.9262444035353,4.020431868156808,0.9391729841970642
2023-03-03 15:00:00,6.126503977054491,8.278290453932366,602.2093485568469,73.0027548704638,81.28104532439617,470.4871971456663,17.275931378687645,1.0242473623580381,59.97425913928151,4.058206535320877,0.9390712570862094
2023-03-03 16:00:00,8.470823145632547,21.881613594351933,371.61181790197986,48.70930501597358,70.5909186103255,523.4573338484564,13.485515255148174,1.0018855858722855,59.99456635202513,4.75240672444997,0.9372017772232047
2023-03-03 17:00:00,6.304955839594869,9.022952020781494,229.62413922277386,33.750903067119225,42.77385508790072,506.9355012361009,8.437731226872422,0.9792727023173581,59.93891322217929,3.924988548024876,0.939430012886827
2023-03-03 18:00:00,10.529031551102712,42.02113533016082,9.577866179583087e-14,9.560000000000011,51.581135330160826,578.3162074732777,8.919192418196966,0.9833875683891071,60.050587318220295,3.5588848444717884,0.9404159295032177
2023-03-03 19:00:00,6.300231308943685,9.002683546817737,0.0,9.56,18.562683546817738,517.9838264765845,3.5836415343475725,1.0352425532615819,60.01247069030305,3.461932696432063,0.9406770214638275
2023-03-03 20:00:00,7.57318923175151,15.636477594245859,0.0,9.56,25.19647759424586,599.9677712700077,4.1996385140672015,1.0033097878624513,59.962993671549484,4.748503753368672,0.9372122879173195
2023-03-03 21:00:00,9.013231960841448,26.359923459256382,0.0,9.56,35.91992345925638,569.5246910085663,6.307000210236031,1.034923075591021,60.064377538093794,3.342021708836457,0.9409999415381424
2023-03-03 22:00:00,4.335461919601756,2.9336522270844982,0.0,9.56,12.4936522270845,544.9715243338858,2.292533035071032,1.0099720963697445,60.05619406165101,3.8517371217662877,0.9396272788462308
2023-03-03 23:00:00,3.6746295828141884,1.786253948671026,0.0,9.56,11.346253948671027,556.9165156907932,2.0373347941741784,1.0150747127435689,59.85462014492537,3.374346229853894,0.9409128916610756
2023-03-04 00:00:00,4.168897300087206,2.6083513438061976,0.0,9.56,12.168351343806197,501.59340371577946,2.4259392674751394,1.0187744723247631,59.99679724308414,4.546608080228751,0.9377559926026156
2023-03-04 01:00:00,9.76924793482308,33.5649416101557,0.0,9.56,43.1249416101557,502.0469594709027,8.589822285868282,0.9755372237118115,60.08902605314672,3.9487452799492377,0.9393660360504059
2023-03-04 02:00:00,6.164138493437207,8.431787715477025,0.0,9.56,17.991787715477024,475.88545654151284,3.7806971127531295,1.0061390150022504,60.105748927930215,3.7022873811136243,0.9400297467294965
2023-03-04 03:00:00,12.407931861761387,68.77026540392957,0.0,9.56,78.33026540392957,420.9404132056453,18.608397518168985,0.9752600219727587,60.03709087906353,3.7221992812529336,0.9399761240181698
2023-03-04 04:00:00,6.186618243052454,8.524373188352842,0.0,9.56,18.084373188352842,360.1004837496615,5.022035238621043,0.9943017530424507,59.976671143825364,4.704428413445958,0.9373309827286015
2023-03-04 05:00:00,7.7076960457235035,16.484517514848115,0.0,9.56,26.044517514848117,349.2976562588668,7.456253154915632,1.0128033927224611,60.042131979423246,4.107547908588876,0.9389383808565829
2023-03-04 06:00:00,10.446191404354387,41.03707878687957,0.0,9.56,50.59707878687957,347.5016574381155,14.56024099565341,0.9794933221893509,60.08077734312918,4.4357357022625274,0.9380545717174258
2023-03-04 07:00:00,11.397431616023347,53.29954310550595,248.11969666979442,35.69941004416284,88.99895314966878,372.1126725938548,23.917205648840493,1.0111867464905535,60.01158319490096,4.794077032501369,0.9370895591584343
2023-03-04 08:00:00,11.531421841630472,55.20152554737188,397.08132450837047,51.39251753695683,106.59404308432872,322.5620105507846,33.04606233769318,0.9700326202906833,60.02286041455784,4.803483352081284,0.9370642279566931
2023-03-04 09:00:00,9.848208741965108,34.3854123411769,609.1065978491275,73.72938008340559,108.11479242458249,328.4728061490979,32.914381464962986,1.0228663964792313,59.97501968456647,3.657018108675726,0.9401516567988983
2023-03-04 10:00:00,9.502553912361936,30.890399676443995,824.48426400497,96.41941721292359,127.30981688936758,405.1015828904878,31.4266401974992,0.986711256357893,59.86632147989163,4.904902526292771,0.9367911063026226
2023-03-04 11:00:00,8.662324578712761,23.399461293326677,962.8689987773704,110.99824902119597,134.39771031452264,362.4139709309223,37.08403127211104,0.9794576515156244,59.98256358797479,3.049751764029211,0.9417870239747866
2023-03-04 12:00:00,9.056722152333272,26.7433392738329,966.8557933131289,111.41825782553812,138.16159709937102,367.21164768291067,37.62451381135774,0.9712928816801784,59.93228860541195,3.7536711220323316,0.9398913704074533
2023-03-04 13:00:00,6.420243656225045,9.527019013467031,783.7910251792847,92.13238450263763,101.65940351610466,433.6710807324812,23.441591573134048,0.9884129233432468,59.932607862233695,4.791597715017684,0.9370962359559667
2023-03-04 14:00:00,5.908716457885543,7.426461785246217,656.9235312129524,78.76689401328454,86.19335579853076,434.5695759021213,19.834190099387953,0.961847763860864,60.14338344891602,3.549273759633966,0.9404418121374309
2023-03-04 15:00:00,7.56074677932594,15.5595337930524,598.7905813892703,72.64258774935962,88.20212154241202,420.447533998154,20.978151709839565,0.9890320172178334,60.09515573777305,3.5461629006426367,0.9404501896751095
2023-03-04 16:00:00,7.249388547649759,13.715341730605862,461.24621777540625,58.15228904263905,71.86763077324491,517.48102687513,13.887974059112087,1.0219897405066616,59.83065009091649,3.6052445701637774,0.9402910828451604
2023-03-04 17:00:00,6.7054427263859155,10.853876431848954,219.41920853358613,32.6758136190133,43.52969005086225,484.55310288858533,8.983471531059651,0.9962257680052033,59.89151212237237,4.224626769693844,0.9386230876938226
2023-03-04 18:00:00,9.026691999958508,26.478194814152804,1.0347705287030489e-13,9.560000000000011,36.03819481415282,524.1637127210399,6.875370030304321,0.9764496276818672,59.96364379554474,3.8766655512287076,0.9395601466304433
2023-03-04 19:00:00,9.566421373077198,31.517446178312174,0.0,9.56,41.07744617831217,530.8020136061949,7.738751007977104,1.0045252663313762,59.9359367769864,4.453469672706685,0.938006814166858
2023-03-04 20:00:00,7.854392482995935,17.44376784503421,0.0,9.56,27.00376784503421,543.1566395950047,4.971635413528058,1.0027579155174982,60.03174182735038,4.789821285129332,0.9371010198784667
2023-03-04 21:00:00,10.65427887288502,43.53862217120669,0.0,9.56,53.09862217120669,467.1139648428757,11.367380589674214,1.0391321992517144,59.87564149221928,4.348398749885721,0.9382897699733778
2023-03-04 22:00:00,5.437351080786126,5.787148511815396,0.0,9.56,15.347148511815396,512.8031604053756,2.9927952276431635,1.0158144203708082,60.09585319612986,3.408933440395151,0.9408197483651836
2023-03-04 23:00:00,7.354789948573383,14.322318336246857,0.0,9.56,23.882318336246858,540.7093943130346,4.416849159166003,1.006111962543457,59.99559944550582,4.865363804721005,0.9368975840088303
2023-03-05 00:00:00,6.329711115671809,9.12965085910788,0.0,9.56,18.68965085910788,533.8717914733481,3.5007751219687546,1.018101330967191,59.96594879552888,3.528985746694957,0.940496447719852
2023-03-05 01:00:00,4.051395126107902,2.3939567754893583,0.0,9.56,11.95395677548936,442.05161893764097,2.7041992978597533,0.9973123786363988,59.99856805572842,3.2997885906563162,0.941113675249579
2023-03-05 02:00:00,7.640083697770746,16.054502413563373,0.0,9.56,25.614502413563372,473.526373157953,5.409308512795169,0.998491736381876,59.958249192648495,3.179934557721922,0.9414364419450936
2023-03-05 03:00:00,7.582789270259593,15.696017036020097,0.0,9.56,25.256017036020097,397.18362873357887,6.3587759436482765,1.0331788060686313,59.79693574292739,4.126767481332331,0.9388866225816903
2023-03-05 04:00:00,10.873883912461235,46.286738213112216,0.0,9.56,55.84673821311222,384.67245809498,14.517997594546534,0.967288419463675,60.00119259807715,3.227524924961304,0.9413082811715584
2023-03-05 05:00:00,9.129167279022415,27.390249967483534,0.0,9.56,36.950249967483536,365.53821676416624,10.108450573123706,1.0193589102628189,59.967925361136544,3.2775517682252615,0.9411735589724634
2023-03-05 06:00:00,5.839587524491101,7.16884213703632,0.0,9.56,16.72884213703632,362.56999678931686,4.613962072200133,0.9977841704862445,59.90455429873472,3.6000609611909935,0.9403050422948177
2023-03-05 07:00:00,11.616419793501667,56.43121424696697,226.15461669442016,33.38538886875716,89.81660311572412,379.35683693641755,23.67602066725844,0.9941702115749329,60.10974298314166,3.5633060193689277,0.9404040232871572
2023-03-05 08:00:00,10.370430220110325,40.15067228528959,423.44366930753665,54.169790561548986,94.32046284683858,353.84596195747184,26.655797433736097,0.9889420813261257,60.06694380133932,4.208479020664285,0.9386665735529687
2023-03-05 09:00:00,9.112539551927778,27.240857838685415,631.7458680525257,76.11442719933358,103.35528503801899,345.53189043797636,29.911938057877023,1.0030734804112837,60.243885670657924,4.633490558945363,0.9375220182434146
2023-03-05 10:00:00,7.5152088892718565,15.28008149032699,665.9285175519084,79.71556932409355,94.99565081442054,388.32522248930115,24.462910290880682,0.9991294106699067,60.083482850119246,4.522699312405785,0.9378203788714385
2023-03-05 11:00:00,6.0689816712002544,8.047296043711748,836.2973057006616,97.6639211555647,105.71121719927645,351.11790605093233,30.107042499832588,0.9917059522654607,59.935656493296975,3.5249689094329533,0.940507265055387
2023-03-05 12:00:00,7.262978266934464,13.792618840444293,811.6519765740691,95.06753573207817,108.86015457252246,393.59190257256006,27.65812859995353,0.985946845097667,59.90942106213982,3.49062099597196,0.9405997639246715
2023-03-05 13:00:00,10.204267862255353,38.25146313407212,867.8845267480722,100.9916348929094,139.24309802698153,449.8999582176723,30.949791277733887,0.9618933909509813,59.950569439871366,4.931583060213935,0.9367192556726733
2023-03-05 14:00:00,11.815167692056715,59.37753585239379,642.9087355011874,77.2904352850501,136.66797113744389,461.78761223031574,29.595417355907976,0.9855239251129666,59.93333713843214,3.0164724831839203,0.9418766450183557
2023-03-05 15:00:00,11.151550783625638,49.923876504259006,616.0761346326192,74.46362078354643,124.38749728780545,457.8012110635032,27.170635263031496,0.9897540970747806,60.010878336385396,4.759441066120432,0.9371828337537151
2023-03-05 16:00:00,7.106276267804442,12.918995973613708,377.7905533074985,49.360234790944965,62.279230764558676,450.5197228785905,13.823863329806352,1.003024621443337,59.8461202622841,3.39945703824481,0.9408452682991612
2023-03-05 17:00:00,5.863492926321531,7.257243873821074,202.8087710277273,30.925904027771068,38.18314790159214,525.9448497190975,7.2599147842184255,1.03926171769363,60.064728656404604,4.894568646179536,0.9368189354232148
2023-03-05 18:00:00,8.403092837382047,21.3609215844296,9.37605436475677e-14,9.560000000000011,30.920921584429614,485.1507101979527,6.3734672410998146,0.9876808761297317,60.00911963693714,3.6846145696550394,0.9400773395790258
2023-03-05 19:00:00,4.602872616336841,3.5106648330717722,0.0,9.56,13.070664833071772,536.1259675647703,2.4379839112144257,0.9795253829250566,60.05324643077887,3.8807035477865046,0.9395492723129627
2023-03-05 20:00:00,8.804354829385511,24.569431729533303,0.0,9.56,34.1294317295333,581.2768778536985,5.871458685154055,0.9857100781739381,59.88558535229725,4.414241227888762,0.9381124562983246
2023-03-05 21:00:00,7.880917940439523,17.62109599689603,0.0,9.56,27.181095996896033,560.4037678945608,4.850270029235442,1.0030668953520423,60.024668877033605,4.175338102946521,0.9387558219848836
2023-03-05 22:00:00,7.261988101121026,13.786978543569042,0.0,9.56,23.346978543569044,471.80134691467737,4.948476450151214,1.0117727091959254,60.12991765808697,3.6358786594136454,0.9402085852978088
2023-03-05 23:00:00,5.022425875896779,4.560821847695664,0.0,9.56,14.120821847695664,522.6326491254628,2.701863703181282,1.014566904261391,59.91394927488998,4.107661831735647,0.9389380740617531
2023-03-06 00:00:00,9.256634689571614,28.553665993259408,0.0,9.56,38.11366599325941,525.4249025619222,7.253875065194051,1.0165541599646852,59.91121442925228,4.461413768725772,0.9379854207305409
2023-03-06 01:00:00,7.181465483043184,13.333425327627518,0.0,9.56,22.89342532762752,472.6703824884886,4.843422853596093,1.0193846117522396,60.07119574667173,3.0846698918049844,0.9416929895193761
2023-03-06 02:00:00,5.924295069247739,7.485357450730108,0.0,9.56,17.04535745073011,495.05063887406305,3.4431543184143454,0.9944223272505366,59.90309489484624,3.0223986105114085,0.9418606859681021
2023-03-06 03:00:00,2.5366934702367914,0.5876334018758896,0.0,9.56,10.14763340187589,444.3659600260261,2.283620779881869,1.0410628036748242,59.976671601684274,3.9161338781457826,0.9394538584969143
2023-03-06 04:00:00,8.243103519255662,20.163910559609292,0.0,9.56,29.723910559609294,420.4339788408151,7.069816440993075,0.9929046295768247,60.14757326789923,3.2636732356070284,0.9412109338358877
2023-03-06 05:00:00,11.859376943502646,60.04655831443705,0.0,9.56,69.60655831443705,418.01067543414683,16.651861400942337,1.0021868115268182,59.91263311080774,4.328688582929429,0.9383428494176047
2023-03-06 06:00:00,11.65395631346665,56.98002795758303,0.0,9.56,66.54002795758304,379.62092369451153,17.528019085462503,1.0259165414354539,60.15444420988743,3.4281049124548684,0.9407681196253459
2023-03-06 07:00:00,7.433631957384695,14.787871437979064,246.79334310589442,35.55967869620598,50.34755013418504,391.27949238709004,12.867413476496887,1.0113285005597552,59.96642182580459,3.8657022135913417,0.9395896708790179
2023-03-06 08:00:00,7.159608140096604,13.212051569967352,469.38895807152534,59.0101267328352,72.22217830280255,367.20025331110196,19.66833564289891,0.9551830651195452,59.887879867316116,3.3953418737485377,0.9408563504297616
2023-03-06 09:00:00,9.317608533023751,29.12164351954292,532.1239748092397,65.6192607461534,94.74090426569632,372.2535735524169,25.45063660815492,1.0001127166059371,60.06037041551226,4.096967171498249,0.938966874762572
2023-03-06 10:00:00,6.399135651765293,9.433360916371893,781.0071567036385,91.83910395872832,101.27246487510021,428.185352700422,23.65154815231502,1.0172392951217297,60.010774813462604,3.232106918769138,0.9412959418704601
2023-03-06 11:00:00,9.015154381490584,26.37679387950041,740.0453072601498,87.52377311985678,113.9005669993572,447.12947097275355,25.473732865686657,0.9731305944094089,60.00131802608867,3.0462137055749605,0.9417965519598519
2023-03-06 12:00:00,9.959211539894223,35.56127898226448,765.4622603656516,90.2014491295214,125.76272811178588,383.7403725857213,32.77286861019361,1.0150138559025796,59.923128173948164,3.102263276213394,0.9416456105667502
2023-03-06 13:00:00,10.89621300283757,46.57246810232933,929.4346283620764,107.47593809794475,154.0484062002741,481.5302808051445,31.991426570868374,1.007803078800269,60.01004529504521,4.90851688303062,0.9367813728464166
2023-03-06 14:00:00,8.25714797990707,20.267151050862214,671.0836793318958,80.25866561761522,100.52581666847743,526.9577301387832,19.076637635053245,1.0236784096770275,59.793236944591165,3.284572437221872,0.94115465232346
2023-03-06 15:00:00,8.065031065512118,18.88515851561386,550.8179419862585,67.58867018825232,86.47382870386619,557.6032090323594,15.5081296705464,0.9861613735532272,60.021876473678475,4.416956506273671,0.9381051440585089
2023-03-06 16:00:00,6.731147544152002,10.979178134271562,350.0980086141949,46.44282520750543,57.42200334177699,550.6113917765535,10.42877139837305,1.0199178683117849,60.1297249200186,3.1358524084456523,0.9415551550939524
2023-03-06 17:00:00,6.8478967581217836,11.560433320624561,248.77704997557495,35.76866221492682,47.32909553555138,523.9887423863379,9.03246419379284,1.0031921649480167,59.82345713024743,3.2163207044703643,0.9413384541172252
2023-03-06 18:00:00,8.063053920033216,18.87127280855677,1.1484473697083556e-13,9.560000000000013,28.431272808556784,590.5019655888699,4.814763449636292,1.0353210060810458,59.95932247837061,4.017752502818669,0.9391801997231095
2023-03-06 19:00:00,9.264905351071011,28.63027118944502,0.0,9.56,38.19027118944502,555.5150119724293,6.874750522734827,1.0557209987562666,59.91253601858519,3.9297418603086873,0.9394172122253805
2023-03-06 20:00:00,10.371313540935777,40.16093288543684,0.0,9.56,49.720932885436845,574.7110450153003,8.651466387619736,1.030766608781051,59.848894596608716,4.903160618879739,0.9367957972561587
2023-03-06 21:00:00,6.951562591701583,12.093438858123886,0.0,9.56,21.653438858123884,593.0850473402514,3.6509837763118247,1.0096103735621644,59.79471255796508,4.8896709060414745,0.9368321250286136
2023-03-06 22:00:00,11.556879040025379,55.56792810296782,0.0,9.56,65.12792810296781,547.4597599798817,11.896386339949656,1.0464200799212362,59.88191640830079,4.55921728508493,0.9377220360365756
2023-03-06 23:00:00,8.042640279239441,18.728303320230278,0.0,9.56,28.288303320230277,521.3186689171213,5.4262977727213375,1.0120695608333596,59.97576233846136,4.2042036602546995,0.938678087090876
2023-03-07 00:00:00,8.55534162265644,22.543148337582988,0.0,9.56,32.10314833758299,588.0647736781262,5.459117732352806,0.9818410857295476,60.114913704846856,3.909920634786022,0.9394705907501274
2023-03-07 01:00:00,7.116643729524052,12.97562170388276,0.0,9.56,22.53562170388276,605.990204763023,3.7188095660218607,0.9992145338609685,59.84772854902095,3.712357068656842,0.940002629079021
2023-03-07 02:00:00,3.7753786008723056,1.9372426882391467,0.0,9.56,11.497242688239147,561.3886040377854,2.0480007263320408,1.0152334437259,60.02943927591362,4.894175093951111,0.9368199952586594
2023-03-07 03:00:00,10.404542130707991,40.54818507665472,0.0,9.56,50.10818507665472,519.4252551646522,9.646851896096381,1.0165190831124014,60.0219641586617,4.205817622849371,0.9386737406925061
2023-03-07 04:00:00,10.122530572761647,37.339611253511364,0.0,9.56,46.89961125351137,503.46713719109346,9.31532721582787,0.9774947022038468,60.167196296007326,4.158145055371989,0.9388021228311346
2023-03-07 05:00:00,8.098377385298237,19.12038065002536,0.0,9.56,28.680380650025363,472.5124809202042,6.069761500092265,0.9781293542708065,60.057103146439715,3.4638022435378297,0.9406719867768281
2023-03-07 06:00:00,8.807001007014845,24.591591657542033,0.0,9.56,34.151591657542035,450.98604062723933,7.57264939066482,0.993173803075803,60.06285994930304,3.093395635770226,0.9416694911065433
2023-03-07 07:00:00,9.716681520214275,33.02603262362149,251.70938054843137,36.077583240777244,69.10361586439873,454.45752668245404,15.205736907661326,1.010690872269124,60.06993003997179,4.890377159519089,0.9368302230892663
2023-03-07 08:00:00,5.571290425124414,6.225437763321048,420.21035813514345,53.82916122953736,60.05459899285841,383.0406813617808,15.678386634900802,1.0132512509975984,59.90757679846808,3.627470517689308,0.940231228408377
2023-03-07 09:00:00,7.649650498356991,16.11488760025042,593.8917899164989,72.12650006770315,88.24138766795357,433.48355047778205,20.356340527961127,1.0028261024820961,59.94271774764196,3.8851780466489174,0.9395372224955594
2023-03-07 10:00:00,10.307452720353604,39.423624984030425,803.8211310088903,94.24255615178659,133.666181135817,435.06058755764235,30.723578498846948,0.9833114253296471,60.11168681622707,3.2292798871714137,0.9413035550614773
2023-03-07 11:00:00,6.22130496629113,8.668560274293611,720.916481344951,85.50855130969059,94.1771115839842,455.7479809390836,20.664295953638497,1.034738858860386,59.79492001440059,4.673848659818584,0.9374133339502192
2023-03-07 12:00:00,9.327752237261059,29.216857773049437,846.1796062300152,98.7050215163321,127.92187928938154,460.2504076809978,27.79397413984366,0.9785588387631392,59.93176889277929,3.0552636657118613,0.941772180433451
2023-03-07 13:00:00,6.038016613908563,7.924747103241228,800.7482253749378,93.91882554324968,101.84357264649091,513.8243049563764,19.820699734150843,1.0260468148970752,59.8669190738138,4.6679815241981935,0.9374291341359114
2023-03-07 14:00:00,9.694374525224372,32.79909664636861,761.2997291902819,89.76292647019619,122.5620231165648,499.55373383277333,24.534302281402365,1.0147764656690073,60.02342440420393,3.2805700255759334,0.9411654308108368
2023-03-07 15:00:00,8.70035563293889,23.709015247408946,707.012955877274,84.04381490167081,107.75283014907976,533.9578307518925,20.180026201197883,1.0256066460774345,59.95783914146889,4.773128225262305,0.937145974258719
2023-03-07 16:00:00,5.551287931889343,6.158625018721099,465.41733411230695,58.591716148731535,64.75034116745263,554.4751767138386,11.677770960136222,0.9911113341415416,60.06259704749887,4.4595452746723145,0.9379904525816724
2023-03-07 17:00:00,11.120731412860415,49.511097831673325,212.06589797196884,31.90114235134692,81.41224018302024,620.7206513601524,13.115761495066405,0.9971469160382159,59.98910048392886,3.32934052501461,0.9410340919434077
2023-03-07 18:00:00,7.3315581258955085,14.187025424211319,1.1612908183807574e-13,9.560000000000013,23.74702542421133,610.3424094055696,3.890770993177298,1.001100851145621,59.84539076796963,4.131635985718936,0.9388735117081177
2023-03-07 19:00:00,7.189511693716429,13.378292407861244,0.0,9.56,22.938292407861244,606.8591865584054,3.7798377145689983,0.9904720447879697,59.85001323607375,3.625312628710439,0.940237039599523
2023-03-07 20:00:00,9.22021625681961,28.217973608361298,0.0,9.56,37.7779736083613,612.8886832729161,6.163920894512416,1.004505169069902,59.99939514813609,3.356466197823167,0.9409610425552338
2023-03-07 21:00:00,11.125199172133966,49.57079513183667,0.0,9.56,59.13079513183667,620.8005752527206,9.524925956739846,1.031581789121424,59.92288650327664,4.718364398822217,0.937293453145003
2023-03-07 22:00:00,6.804912088841155,11.344100303028576,0.0,9.56,20.904100303028578,659.359362067941,3.1703652826688153,0.9740633230566406,59.94673661472226,3.807045533014459,0.9397476332145032
2023-03-07 23:00:00,8.968330665314541,25.967930380966123,0.0,9.56,35.527930380966126,557.7066421516561,6.370361709141181,0.9868557658357782,60.093841542178914,3.797087428730765,0.9397744503714611
2023-03-08 00:00:00,9.710802549546607,32.966122778922866,0.0,9.56,42.52612277892287,604.0116955394848,7.040612473726993,0.9846850936258749,60.07590326768672,3.33977334961324,0.941005996365494
2023-03-08 01:00:00,10.247362066770968,38.73813823374439,0.0,9.56,48.29813823374439,573.7841702602735,8.417474851534493,0.998111634757279,60.17977338405774,3.7661313521715574,0.9398578150300586
2023-03-08 02:00:00,9.221797378443558,28.232492909774283,0.0,9.56,37.79249290977428,507.257433655688,7.450357629539789,0.9972894746204226,59.968366445525994,4.7432336926577,0.9372264801813527
2023-03-08 03:00:00,8.142403526437933,19.4339179867624,0.0,9.56,28.993917986762398,551.8706898034796,5.253752105785341,1.015446291688814,59.93588533655471,3.726257420979272,0.9399651954551724
2023-03-08 04:00:00,7.2286046465175176,13.597714501516649,0.0,9.56,23.15771450151665,499.92480913551145,4.632239504489052,1.0006744620584276,60.04181889644289,4.903207124999576,0.9367956720152614
2023-03-08 05:00:00,9.063179125718618,26.80057990755221,0.0,9.56,36.36057990755221,447.8037183935437,8.119758370473692,1.006057665534386,59.943920553076005,4.892617798416775,0.9368241890527376
2023-03-08 06:00:00,6.753499454895989,11.088916371690766,0.0,9.56,20.648916371690767,391.36145545225946,5.276175280937864,1.00796896091024,59.94719388869743,3.289797318614692,0.9411405817272495
2023-03-08 07:00:00,3.0617419541451074,1.0332567628781808,215.1960226513495,32.23090098631967,33.26415774919785,444.02821801515773,7.491451308633343,1.0049080812241162,59.97978984060681,3.3546225070452897,0.9409660076111885
2023-03-08 08:00:00,9.784006787143325,33.71729585173037,475.8770592470447,59.69364819167616,93.41094404340653,432.4040280664117,21.602699785456164,1.0140662612291518,60.16527489558169,4.725348140663778,0.9372746459407618
2023-03-08 09:00:00,10.724979443365418,44.41113844269748,529.0600340149784,65.29647458347797,109.70761302617545,406.23242504220076,27.00611922221095,0.9975535323573451,60.07039658051286,3.7855218378494384,0.9398055964869404
2023-03-08 10:00:00,4.1972453232720275,2.6619234515469135,612.7056107795329,74.10853609562379,76.7704595471707,415.8354229265782,18.461741187625,1.0329273679214999,60.080882040227785,3.0087479645660187,0.9418974471331256
2023-03-08 11:00:00,6.909426611939924,11.874860756783995,806.2695212869675,94.50049406758203,106.37535482436601,489.09101350402153,21.74960322052438,1.0508323969343758,60.16078543368082,3.547743639410742,0.940445932748445
2023-03-08 12:00:00,10.172751324211811,37.898130358269995,771.2435670256772,90.8105097861551,128.7086401444251,425.07554838946135,30.279003492927348,1.0141246194953415,60.09025329600753,4.19525798639112,0.9387021777745301
2023-03-08 13:00:00,13.054765053285884,80.0957885579745,690.5252197712871,82.3068319029051,162.4026204608796,517.2929737510302,31.394708357094938,1.0045598232741813,59.8868594389865,4.598531931919936,0.9376161617632317
2023-03-08 14:00:00,8.986468965693808,26.125808385104172,794.4739398337261,93.25782956148305,119.38363794658721,528.1232863497654,22.605259232504633,1.012491646186345,60.088738236414116,3.2667772341865193,0.9412025747732858
2023-03-08 15:00:00,7.493758840233594,15.1496164968482,518.6471969313992,64.1994821967229,79.3490986935711,574.5429449699465,13.810821173293101,0.9779793382823271,60.10142548571152,3.221082728833471,0.9413256299941648
2023-03-08 16:00:00,8.588630376826943,22.8073190998886,441.2479250011657,56.045468898872805,78.8527879987614,574.9172453132852,13.715502299081802,1.0036021093493084,60.06518648526931,4.844185307144663,0.9369546176647809
2023-03-08 17:00:00,11.708609642908064,57.78544768243678,202.99563996111362,30.945590669903318,88.73103835234011,613.2553226855554,14.468857435068143,0.9853735078610278,59.98045581262071,4.5022967356451655,0.9378753229740255
2023-03-08 18:00:00,7.671136663536342,16.251058754172714,9.209941742227429e-14,9.56000000000001,25.811058754172723,598.0656906516739,4.315756472511918,1.0101995383448066,60.05463317060018,4.179559201556157,0.9387444545739062
2023-03-08 19:00:00,7.368663576785243,14.403521569979858,0.0,9.56,23.96352156997986,628.862830752797,3.8106118533502276,0.985472813840457,59.99797602787024,4.538373579991856,0.9377781680969698
2023-03-08 20:00:00,8.005317161860646,18.468776655382246,0.0,9.56,28.028776655382245,648.4189119536135,4.322634047013632,0.9931044510928221,59.90219116237515,3.857708722613277,0.9396111973358708
2023-03-08 21:00:00,7.0676773676040066,12.709622439476476,0.0,9.56,22.26962243947648,634.8651343762622,3.5077721603590315,0.962560581889539,59.927036635466486,4.516911494618253,0.9378359654543493
2023-03-08 22:00:00,9.222979086913558,28.243347686774932,0.0,9.56,37.803347686774934,631.7581412595814,5.98383229560029,0.9765350862010467,60.07037228188993,3.7436059825490715,0.9399184758100114
2023-03-08 23:00:00,12.230072483968883,65.85512731578197,0.0,9.56,75.41512731578197,576.6194347441966,13.07883896581427,1.007097476058721,59.90941798205772,3.4881891449852045,0.9406063128950128
2023-03-09 00:00:00,9.629724232336878,32.14726659656661,0.0,9.56,41.70726659656661,538.9739500993325,7.738271318842033,0.9826230784336314,59.91884464565237,4.458026842585937,0.9379945417165548
