Date,Total_Renewable_MW,Load_Demand_MW,Renewable_Penetration_%
2023-01-01 00:00:00,45.79017470563088,301.65050154385267,15.129720410853539
2023-01-01 01:00:00,28.127344592475612,286.6603551684849,9.777970473547253
2023-01-01 02:00:00,53.96651816653023,268.4845352452758,20.025831210466944
2023-01-01 03:00:00,74.33831295525525,322.6654603879195,22.96763851977264
2023-01-01 04:00:00,28.38504228419275,249.160354414758,11.346738914964616
2023-01-01 05:00:00,61.50822042156621,364.3299136005383,16.836349319267892
2023-01-01 06:00:00,38.39069339887454,424.9945511761262,9.012015128569573
2023-01-01 07:00:00,35.20643542024509,429.5793695087493,8.176526306964575
2023-01-01 08:00:00,95.20278219426933,400.9019240666794,23.688063304338467
2023-01-01 09:00:00,47.0500680774275,431.0200697379257,10.89071350457613
2023-01-01 10:00:00,105.84193342808783,385.6311081379522,27.375431309144123
2023-01-01 11:00:00,96.29145721861975,470.511228042915,20.421880008731353
2023-01-01 12:00:00,111.03198630837116,438.2992881576689,25.27479313112856
2023-01-01 13:00:00,73.9730603812902,455.1704310606455,16.216101558642205
2023-01-01 14:00:00,109.01431055519349,482.2311874873553,22.55945257218028
2023-01-01 15:00:00,66.23350913719803,403.31415758780724,16.381694257840504
2023-01-01 16:00:00,54.95309003073752,435.9444571519492,12.576676310057266
2023-01-01 17:00:00,46.346979991271155,423.0985856844393,10.928350519366441
2023-01-01 18:00:00,33.91898388231854,549.9015945879798,6.156995045128995
2023-01-01 19:00:00,35.489110456147415,448.882389273237,7.888530714322545
2023-01-01 20:00:00,30.326698959750033,514.7758831340028,5.879821052406769
2023-01-01 21:00:00,26.148737943365315,377.7700428840342,6.903591885003197
2023-01-01 22:00:00,19.96732412130544,319.1434911877356,6.236992058538022
2023-01-01 23:00:00,48.68113263852359,331.4778542378136,14.64191735420162
2023-01-02 00:00:00,55.77762113908193,351.4202168647697,15.827020831919201
2023-01-02 01:00:00,23.80214416689426,314.96173796746984,7.533236245632005
2023-01-02 02:00:00,73.8696321580402,411.2156019486112,17.920144654604595
2023-01-02 03:00:00,50.30657520389137,401.5133597913096,12.49811316324351
2023-01-02 04:00:00,69.9803123996854,391.1668209498122,17.844526528326877
2023-01-02 05:00:00,68.34726401994978,380.40355501548026,17.919933655882083
2023-01-02 06:00:00,57.70319863992425,478.9964633636107,12.021588291622988
2023-01-02 07:00:00,51.77417129177058,535.2907146832562,9.65412412973613
2023-01-02 08:00:00,81.17479061342087,381.2702998315112,21.234919544939622
2023-01-02 09:00:00,107.62577434659705,539.0961694625348,19.927150095083725
2023-01-02 10:00:00,82.43821576175183,481.5900907325192,17.08245099616936
2023-01-02 11:00:00,149.64219047000086,513.1332055466618,29.105723741552737
2023-01-02 12:00:00,44.42343041846319,415.67220284444625,10.661481643172518
2023-01-02 13:00:00,88.54897833878874,448.83430506122176,19.684798900950288
2023-01-02 14:00:00,57.75068049141462,505.4853161662619,11.402241811973289
2023-01-02 15:00:00,58.31678475553603,459.0924300146988,12.67501505157843
2023-01-02 16:00:00,61.74758950052203,528.1737274677399,11.668680113051598
2023-01-02 17:00:00,35.431588529976516,580.8412485724024,6.089562851879438
2023-01-02 18:00:00,30.46351857901255,528.5216455640777,5.753026119746439
2023-01-02 19:00:00,36.08918482614013,583.6748731809517,6.172521940235807
2023-01-02 20:00:00,31.290677577088957,591.7929928514068,5.27851677641751
2023-01-02 21:00:00,35.18759458597548,543.7100053863163,6.459876675299901
2023-01-02 22:00:00,25.47566820798171,427.01881943860167,5.95199721390665
2023-01-02 23:00:00,51.9717015541123,404.80362486125665,12.807106287402263
2023-01-03 00:00:00,29.57722043235143,322.9344380097437,9.130619335836647
2023-01-03 01:00:00,34.03107952533829,367.2156286376742,9.242160538173415
2023-01-03 02:00:00,26.583662364172127,415.19885191365603,6.387250287198566
2023-01-03 03:00:00,34.80195815571598,370.99502060468984,9.355490323269457
2023-01-03 04:00:00,40.90938279767564,329.0342452748682,12.395496341176461
2023-01-03 05:00:00,37.980460146235615,348.01114078465116,10.882305951852274
2023-01-03 06:00:00,35.56543662603441,428.1016465230436,8.288347740964559
2023-01-03 07:00:00,39.08299658471822,448.8324447929017,8.688345413304198
2023-01-03 08:00:00,90.3291419479408,483.14362128945635,18.65750946121326
2023-01-03 09:00:00,51.33372686552556,597.4823064747509,8.577317375996856
2023-01-03 10:00:00,100.30445397606701,401.0854462035519,24.94605435812985
2023-01-03 11:00:00,55.16347826024158,562.9616245689203,9.781424099983276
2023-01-03 12:00:00,117.69988941823961,480.3574605079576,24.45165995641483
2023-01-03 13:00:00,90.29658347731966,518.6132698007935,17.377651558424798
2023-01-03 14:00:00,70.52290063232094,470.5786958425342,14.954640922937152
2023-01-03 15:00:00,79.25540789702089,555.6346105230756,14.238318350801745
2023-01-03 16:00:00,69.83873482935955,526.5496826960332,13.238323729520593
2023-01-03 17:00:00,37.20358468223491,598.2640982146871,6.208211837330305
2023-01-03 18:00:00,34.0310795253383,554.9172544500607,6.121608792122028
2023-01-03 19:00:00,41.30876602922677,408.4593641389231,10.088611873878492
2023-01-03 20:00:00,39.28817318393162,686.4313593750619,5.715213984367569
2023-01-03 21:00:00,35.13495129396359,565.1714895885211,6.205708330438675
2023-01-03 22:00:00,38.03929610436157,425.31426690667405,8.922829719111625
2023-01-03 23:00:00,25.21808973323391,420.3542987816699,5.985008294955354
2023-01-04 00:00:00,32.375967968726094,349.51936632305046,9.236570380789548
2023-01-04 01:00:00,38.097686581443384,402.5202792547016,9.441331338243886
2023-01-04 02:00:00,48.07225459901997,417.56423211528755,11.485036443768362
2023-01-04 03:00:00,32.43271202566463,315.17665765262706,10.257781920541834
2023-01-04 04:00:00,71.1913494463057,397.979080954197,17.8433789751695
2023-01-04 05:00:00,73.18399787362185,334.4965154158852,21.813638744623667
2023-01-04 06:00:00,40.875421378907205,436.0314290607026,9.352970670040692
2023-01-04 07:00:00,66.84314571187844,483.6901895288135,13.790901313034476
2023-01-04 08:00:00,68.96769157079987,470.1942642877282,14.63678503707034
2023-01-04 09:00:00,97.03233404515979,487.68540662796624,19.855787123807037
2023-01-04 10:00:00,101.4237638014408,448.36818016981834,22.570303879351734
2023-01-04 11:00:00,100.59145495998243,572.7637953369116,17.531858192780454
2023-01-04 12:00:00,96.48742358464588,431.7441557593858,22.296643940881957
2023-01-04 13:00:00,100.98378750826681,589.86644319347,17.0907975349687
2023-01-04 14:00:00,96.47626535416926,479.67310743278057,20.071076135180068
2023-01-04 15:00:00,61.24696150356347,554.1634061188811,11.032240386976843
2023-01-04 16:00:00,64.66680121595016,412.6003888113819,15.63509197894898
2023-01-04 17:00:00,53.54520405806661,578.6750292853385,9.237107233009615
2023-01-04 18:00:00,20.336354183603326,636.8590911519743,3.1882204809334684
2023-01-04 19:00:00,31.824849106581656,619.9281954448534,5.1253670456664135
2023-01-04 20:00:00,37.72358468050626,528.8425216204517,7.119772978041432
2023-01-04 21:00:00,48.49126974035823,532.1622312879649,9.095030910801281
2023-01-04 22:00:00,34.09334489777009,470.5294062913307,7.230375124622829
2023-01-04 23:00:00,32.78895293108693,395.46822175534675,8.27026004402451
2023-01-05 00:00:00,38.78948980967533,331.0361842833805,11.682308027178733
2023-01-05 01:00:00,54.25166889340451,345.77893508495504,15.644453397987903
2023-01-05 02:00:00,79.58498025014799,377.7299336168799,21.013649354332657
2023-01-05 03:00:00,46.51267850469965,333.73741421247377,13.895273288804173
2023-01-05 04:00:00,79.84734536649813,400.0711957340931,19.90852153327816
2023-01-05 05:00:00,45.108134264018915,358.308048609657,12.554167500161743
2023-01-05 06:00:00,47.101129577537115,542.0816686029152,8.672936742406606
2023-01-05 07:00:00,110.68360269313143,482.6354211941818,22.885751920286143
2023-01-05 08:00:00,70.38619012355225,386.28341124064514,18.174336436996676
2023-01-05 09:00:00,88.15844273763484,417.23169120721616,21.0788528442614
2023-01-05 10:00:00,107.24495673526575,495.1851671019837,21.613898166613893
2023-01-05 11:00:00,113.57490948535438,559.1152950264549,20.277059115122025
2023-01-05 12:00:00,101.51854301715272,562.1784064742473,18.026000615454155
2023-01-05 13:00:00,80.32615456079466,462.2629795953043,17.339212952212524
2023-01-05 14:00:00,95.56719750782408,515.1638874353467,18.514894171048446
2023-01-05 15:00:00,85.24928978046302,515.1704175064446,16.51572559936538
2023-01-05 16:00:00,70.365213276552,500.1858654668173,14.039744159786318
2023-01-05 17:00:00,53.109304616877324,447.22606007678445,11.848776621283312
2023-01-05 18:00:00,31.988272780311345,602.0088986619261,5.30477623983546
2023-01-05 19:00:00,31.79874547897837,562.7305947195944,5.640769860077473
2023-01-05 20:00:00,30.802954014016542,590.2327103169765,5.209954299974744
2023-01-05 21:00:00,36.994494459788285,565.1793118078907,6.534059738364446
2023-01-05 22:00:00,28.872240579332885,409.0924097380199,7.040423059226429
2023-01-05 23:00:00,27.001049322979554,417.48465913156707,6.452100150818363
2023-01-06 00:00:00,51.090057533797136,312.0870904884076,16.318161650835872
2023-01-06 01:00:00,47.44101117043206,403.0308335023575,11.741928396698777
2023-01-06 02:00:00,39.68166254913531,314.5722010817609,12.574511447177274
2023-01-06 03:00:00,68.90589984878301,366.72332399875614,18.738517616852633
2023-01-06 04:00:00,39.556163956935734,380.69741982095866,10.363225398665307
2023-01-06 05:00:00,54.92252434075734,350.27564872677505,15.635164162340361
2023-01-06 06:00:00,64.86419980327699,492.49015043394746,13.143970501992605
2023-01-06 07:00:00,59.08043736928661,432.44550737201314,13.630418671886167
2023-01-06 08:00:00,93.24080766231458,479.5870851016177,19.401438480728064
2023-01-06 09:00:00,70.79256067430931,430.487094987941,16.40664610752444
2023-01-06 10:00:00,105.41034540742461,565.1145902814998,18.619966207726506
2023-01-06 11:00:00,109.54945285507121,519.999068299094,21.026803985027723
2023-01-06 12:00:00,77.91192328717092,505.9450181662338,15.368909939977474
2023-01-06 13:00:00,109.71940646573438,588.8613451705862,18.60088092973847
2023-01-06 14:00:00,65.98149408861832,568.7800402226203,11.58016943921702
2023-01-06 15:00:00,54.6140597891834,457.0728480069397,11.922570837107553
2023-01-06 16:00:00,61.586212976718706,489.5057505500981,12.55565564881763
2023-01-06 17:00:00,34.57463971700027,564.5344293608388,6.113622428978581
2023-01-06 18:00:00,24.026496945350477,599.5840805070665,4.000521779575838
2023-01-06 19:00:00,27.448680282119692,492.00754886902183,5.5675983755396885
2023-01-06 20:00:00,15.17134475505009,571.4846624000323,2.6500875484501423
2023-01-06 21:00:00,36.8067310158405,589.2023318131294,6.236290341783043
2023-01-06 22:00:00,27.746146643011834,384.9297436111975,7.189429449875342
2023-01-06 23:00:00,30.5620530404775,475.1243112097493,6.418923025128589
2023-01-07 00:00:00,33.46176972096469,252.18795836371075,13.216177395330956
2023-01-07 01:00:00,27.824216718749664,295.4398725983734,9.38612490784829
2023-01-07 02:00:00,61.892500974176656,333.9104258165847,18.480314795596236
2023-01-07 03:00:00,53.17512310470542,311.33709516855293,17.024914404102216
2023-01-07 04:00:00,69.9946923057824,316.270609675847,22.06151158384807
2023-01-07 05:00:00,30.36527010188977,232.24134480655687,13.018819680993428
2023-01-07 06:00:00,49.927783980424955,350.0069927427001,14.224156501925789
2023-01-07 07:00:00,37.75526719838388,401.18911715844416,9.387441277658946
2023-01-07 08:00:00,99.83496609642981,374.00759111305285,26.622118715013624
2023-01-07 09:00:00,98.07123862513646,490.92926147809686,19.93604493671761
2023-01-07 10:00:00,110.53703851814832,401.3190104625872,27.47497275633399
2023-01-07 11:00:00,140.68879271668035,365.31226530300336,38.40679279475026
2023-01-07 12:00:00,97.30848979432498,333.1658746167481,29.1198165898679
2023-01-07 13:00:00,104.00257778886474,452.78599779364595,22.918860056179774
2023-01-07 14:00:00,64.98557842963976,459.83941679775705,14.101566849729606
2023-01-07 15:00:00,126.29426564868612,422.2534857954294,29.83891920259997
2023-01-07 16:00:00,68.12739155254862,454.71784902414305,14.94946746071808
2023-01-07 17:00:00,53.61796006780384,464.82145386892324,11.510410184519177
2023-01-07 18:00:00,32.445419193533276,495.71524241184875,6.5319958848034165
2023-01-07 19:00:00,34.627158514394985,402.6837767602651,8.577792942855602
2023-01-07 20:00:00,40.424418263739966,563.777565166844,7.157582162775529
2023-01-07 21:00:00,23.73752353614221,539.618466499001,4.390808861906694
2023-01-07 22:00:00,27.628798195266135,305.3825089512731,9.01774657105514
2023-01-07 23:00:00,24.64341293839714,350.4952250983585,7.011023529978595
2023-01-08 00:00:00,34.34407580983677,235.28390275730953,14.53508910639251
2023-01-08 01:00:00,40.31419908679395,326.2633917993217,12.31857888691524
2023-01-08 02:00:00,78.71493856754283,290.43374735362545,27.009548236028476
2023-01-08 03:00:00,44.85296833630393,331.39686243094627,13.493800154513162
2023-01-08 04:00:00,40.931663702826384,320.2890617792043,12.739824840646262
2023-01-08 05:00:00,38.632003740109376,330.61889642976894,11.649518213836453
2023-01-08 06:00:00,34.536351698481454,358.7985010764013,9.59880366237208
2023-01-08 07:00:00,99.7465904163205,436.6466666141964,22.791580063433052
2023-01-08 08:00:00,94.5309517245909,340.8307392637212,27.654315679217078
2023-01-08 09:00:00,114.44273818610367,485.16381434520497,23.53995398449021
2023-01-08 10:00:00,83.66621914853643,474.2530149793517,17.604563571715893
2023-01-08 11:00:00,74.72150239985396,408.63858500624514,18.24083597952932
2023-01-08 12:00:00,131.92325299905823,386.7486590635667,34.02287794306234
2023-01-08 13:00:00,82.07642705569747,450.926836055056,18.161441301462897
2023-01-08 14:00:00,63.91249093899313,401.88541250133756,15.863689514641075
2023-01-08 15:00:00,78.04444443599806,412.82231857761616,18.85940920350822
2023-01-08 16:00:00,65.7516644056759,457.85215348419723,14.329596996854972
2023-01-08 17:00:00,52.10658126389012,526.5552136550283,9.876991055188954
2023-01-08 18:00:00,27.654185003185404,464.26184937602534,5.94378951127696
2023-01-08 19:00:00,32.403939594056276,500.24563343365827,6.464682669070085
2023-01-08 20:00:00,26.974653840101606,310.3737080799921,8.66311224747717
2023-01-08 21:00:00,37.657205600765465,519.2525074156848,7.238255474793346
2023-01-08 22:00:00,43.95111524153936,343.2675506614408,12.766557625630456
2023-01-08 23:00:00,41.326520424207615,302.55248195503225,13.614291722486938
2023-01-09 00:00:00,36.06257847048004,380.6082279807935,9.450157472048817
2023-01-09 01:00:00,33.826016126924934,410.46672219636616,8.220838843628766
2023-01-09 02:00:00,29.212935790987796,404.10540811198564,7.211193730327168
2023-01-09 03:00:00,40.17086904630873,330.28946579730246,12.125610136631101
2023-01-09 04:00:00,37.1741896957448,373.41366374892027,9.928641311732044
2023-01-09 05:00:00,40.35709583738229,340.6448938066016,11.812585690283328
2023-01-09 06:00:00,71.85825370214496,412.8103510292007,17.365020841896307
2023-01-09 07:00:00,98.28502167896721,473.55834611932886,20.710840401962543
2023-01-09 08:00:00,99.00394724904146,534.3852768456078,18.49209373712229
2023-01-09 09:00:00,83.63002888969238,487.65872673785253,17.114199402102734
2023-01-09 10:00:00,85.66321501851972,456.3938736525587,18.728544467473654
2023-01-09 11:00:00,106.88219211667754,505.0120608424219,21.12245940121216
2023-01-09 12:00:00,94.34834445278874,529.7825449978062,17.775329151635663
2023-01-09 13:00:00,104.75016248119799,533.7349196148648,19.589175615582164
2023-01-09 14:00:00,56.75017027514888,443.1120478348737,12.778345138758608
2023-01-09 15:00:00,112.53270440683399,495.5200171019279,22.664283519456326
2023-01-09 16:00:00,65.88638911062411,532.8754156150421,12.341154356156446
2023-01-09 17:00:00,38.084570924783044,607.5948142043273,6.257787617624469
2023-01-09 18:00:00,31.12119524087615,576.9651150743656,5.384614820026266
2023-01-09 19:00:00,28.581395717532217,607.9198549040037,4.693786134143726
2023-01-09 20:00:00,29.320309910833515,570.7846446887736,5.127858920869197
2023-01-09 21:00:00,28.907411364376955,471.77689243593505,6.11438753180902
2023-01-09 22:00:00,30.605926467249407,344.54113250485847,8.857390217304758
2023-01-09 23:00:00,25.64791620900273,482.948479600449,5.299720381429406
2023-01-10 00:00:00,44.24133487985924,369.17801696957645,11.951367410208821
2023-01-10 01:00:00,38.23081585794057,375.4623349766455,10.155283093675836
2023-01-10 02:00:00,39.26787068491984,300.8625357204229,13.00852740509962
2023-01-10 03:00:00,88.0877525369246,408.99706558758794,21.484971462096077
2023-01-10 04:00:00,76.24233540003353,282.90181148848296,26.85517749967807
2023-01-10 05:00:00,71.76037853654645,332.96632428737956,21.487309742881834
2023-01-10 06:00:00,31.63342795248682,442.1981007950025,7.1375368928123155
2023-01-10 07:00:00,67.53106375539696,456.2298805078481,14.769608600468056
2023-01-10 08:00:00,101.80923629652636,420.77923976278345,24.138038741258526
2023-01-10 09:00:00,62.359552259050986,475.68720509730866,13.081859884685011
2023-01-10 10:00:00,63.44395241704686,470.1035990035389,13.467091431957044
2023-01-10 11:00:00,100.88332321333428,546.2075623512313,18.43602503954088
2023-01-10 12:00:00,107.0384942744499,532.7728125542989,20.053193373081594
2023-01-10 13:00:00,92.05256110816259,631.6566366884468,14.55016129918417
2023-01-10 14:00:00,54.78239381253563,465.7072539380329,11.738063497039487
2023-01-10 15:00:00,89.65671551453062,544.6239942930381,16.431959820736683
2023-01-10 16:00:00,73.62202717131245,575.3259722767613,12.774372614246499
2023-01-10 17:00:00,47.581244230484415,627.557266995571,7.569913948798509
2023-01-10 18:00:00,29.96277583056949,585.204536734943,5.111317629415993
2023-01-10 19:00:00,26.840510128941965,599.6430640025801,4.468628997408462
2023-01-10 20:00:00,26.748517296634372,447.59882060715915,5.962681145802258
2023-01-10 21:00:00,26.222177463229983,628.3117089979673,4.166802728807113
2023-01-10 22:00:00,39.770616233931364,449.88742576161934,8.820520147962116
2023-01-10 23:00:00,33.93426358853866,379.27743331978144,8.923554388251798
2023-01-11 00:00:00,33.29859259032617,375.49880019725333,8.844275884247319
2023-01-11 01:00:00,32.23297074067393,393.20148678076174,8.176775537784957
2023-01-11 02:00:00,43.46571957486518,421.26734617563585,10.293412447948617
2023-01-11 03:00:00,51.6279304966866,321.3864098908021,16.014301134521734
2023-01-11 04:00:00,74.08591079306879,322.4516353713516,22.904787823382463
2023-01-11 05:00:00,36.54883813921387,400.64651773446,9.099752276049198
2023-01-11 06:00:00,43.33539485520927,444.48695492402516,9.727646202928621
2023-01-11 07:00:00,92.4903533227116,516.7245286840641,17.864781017387887
2023-01-11 08:00:00,48.79160984257492,436.95911810602485,11.140676795034333
2023-01-11 09:00:00,89.41133672410379,519.4873344037824,17.178388562811882
2023-01-11 10:00:00,111.25856644992729,500.53614600278985,22.183558919262502
2023-01-11 11:00:00,118.84681495449988,549.0071719475624,21.60823004064949
2023-01-11 12:00:00,81.06091324451916,495.00968980062805,16.342606790020923
2023-01-11 13:00:00,78.02271656705022,452.99443047017405,17.185831219613622
2023-01-11 14:00:00,117.89398550545621,540.2627860159821,21.7812841657241
2023-01-11 15:00:00,82.4741362414778,576.6471076869204,14.277598752589624
2023-01-11 16:00:00,68.92631793711884,445.0053635257779,15.454145526914742
2023-01-11 17:00:00,52.84686634647478,565.931577996622,9.321559849112809
2023-01-11 18:00:00,26.00897288908379,533.0308077162177,4.870313194160302
2023-01-11 19:00:00,29.494386402600032,466.2838974872312,6.311877332217719
2023-01-11 20:00:00,35.04317685852491,673.4098571154256,5.196124654584824
2023-01-11 21:00:00,44.94594970332782,621.0007379389116,7.226028356857366
2023-01-11 22:00:00,42.675411950122125,416.55924112932047,10.220205361687901
2023-01-11 23:00:00,31.924957997027775,433.84669409756407,7.3416582051478025
2023-01-12 00:00:00,30.84330682158182,353.35582454371297,8.704049626190642
2023-01-12 01:00:00,37.867508495216285,389.02836745034773,9.708911365283445
2023-01-12 02:00:00,53.651163028518546,330.61163490710595,16.178914543679326
2023-01-12 03:00:00,35.38351035243415,298.78319007723155,11.803033500083338
2023-01-12 04:00:00,59.38682193127481,352.57431495034984,16.79613575426544
2023-01-12 05:00:00,45.27709235461455,362.07213059261267,12.470550212904662
2023-01-12 06:00:00,76.74263534404588,521.6084597340973,14.684537518411481
2023-01-12 07:00:00,44.54576451057852,448.78714684062936,9.903743320251474
2023-01-12 08:00:00,83.65257257255857,388.2444819599429,21.491010521548574
2023-01-12 09:00:00,79.98900910056426,522.2230530572673,15.287745567244604
2023-01-12 10:00:00,90.5587483699731,484.62547823728045,18.647857748049493
2023-01-12 11:00:00,93.93909624175723,461.2916518235316,20.320309889051632
2023-01-12 12:00:00,124.25435974179933,594.5516189376544,20.86374308971645
2023-01-12 13:00:00,115.24348108451318,496.93052838464445,23.144489946896606
2023-01-12 14:00:00,91.70767860329059,683.7789809374556,13.392303379076223
2023-01-12 15:00:00,55.12893856878011,373.1132419610514,14.735896083175673
2023-01-12 16:00:00,34.75052348440381,538.2333418923238,6.444431526146787
2023-01-12 17:00:00,54.79606828294594,592.6766196034889,9.229952211953997
2023-01-12 18:00:00,29.80996166988134,507.6883374161825,5.860162200945521
2023-01-12 19:00:00,46.559667476596985,538.6332784622305,8.628020052669111
2023-01-12 20:00:00,35.66317840984005,586.5549234751152,6.069760797664476
2023-01-12 21:00:00,36.36229443318918,541.1956204110834,6.706489883783995
2023-01-12 22:00:00,28.93397107075423,436.54647151896586,6.612776688681412
2023-01-12 23:00:00,33.029686387564844,401.6092710811986,8.203906059804417
2023-01-13 00:00:00,45.844447814727786,374.73742045356136,12.20119299253928
2023-01-13 01:00:00,35.55733016388232,359.4214918761815,9.865485539940448
2023-01-13 02:00:00,39.35616509534346,400.4544197245902,9.803395643854904
2023-01-13 03:00:00,54.172495103972736,370.6946854257027,14.574460498925042
2023-01-13 04:00:00,48.09087891678931,391.38466717004735,12.256054565951786
2023-01-13 05:00:00,72.78450100074488,358.35794493821464,20.254039746709626
2023-01-13 06:00:00,38.10480982467463,577.317870999361,6.588904084673657
2023-01-13 07:00:00,66.40441231212155,464.00849233775017,14.280257975136065
2023-01-13 08:00:00,80.83970807875505,526.153402420904,15.33513920378889
2023-01-13 09:00:00,102.01858904592345,526.6869645266978,19.33316452822134
2023-01-13 10:00:00,105.92234612019129,542.712332474966,19.481321241700588
2023-01-13 11:00:00,105.03371969581521,452.8825385819095,23.141167762033305
2023-01-13 12:00:00,100.30141985442461,553.0916763716104,18.10195390611785
2023-01-13 13:00:00,112.85808836337137,456.01286534324,24.694728950050276
2023-01-13 14:00:00,95.155626714153,498.49668237470115,19.05030204840706
2023-01-13 15:00:00,60.0371525462644,451.92936180469485,13.255301512590542
2023-01-13 16:00:00,62.766103884998465,443.278652007563,14.127643451103744
2023-01-13 17:00:00,45.33807771610311,696.631955563077,6.498853350189436
2023-01-13 18:00:00,34.34853601743848,648.5573149596224,5.287991563850473
2023-01-13 19:00:00,28.825038626555838,627.7517161064527,4.58448667226787
2023-01-13 20:00:00,27.134775603360325,616.6764555206066,4.393040298175178
2023-01-13 21:00:00,67.22005846968578,623.0555199810425,10.771486881764588
2023-01-13 22:00:00,24.655366971523808,388.9681056790499,6.322406015382082
2023-01-13 23:00:00,34.56647618123658,355.3938299579594,9.69895471684066
2023-01-14 00:00:00,59.43510365804771,300.5370022101704,19.710716503250776
2023-01-14 01:00:00,29.090638112371984,300.2369107201283,9.657062955143425
2023-01-14 02:00:00,43.77567218638952,301.2571897178365,14.482921722144983
2023-01-14 03:00:00,59.26429470939101,324.9643441856173,18.18122005259677
2023-01-14 04:00:00,88.34820832899902,285.7356590989417,30.81172694272859
2023-01-14 05:00:00,55.230229317383795,352.0635695485237,15.64314023902519
2023-01-14 06:00:00,62.31850846985027,411.4306355765603,15.110058054424517
2023-01-14 07:00:00,58.96912909362622,426.6917686420179,13.787763388774486
2023-01-14 08:00:00,66.55008568439736,404.7209005972517,16.40292269548614
2023-01-14 09:00:00,86.0064485612328,392.8419467998311,21.837808100452367
2023-01-14 10:00:00,143.55201929648277,505.0214448707636,28.368761986588442
2023-01-14 11:00:00,102.32632476734317,438.68241204020217,23.272780981284054
2023-01-14 12:00:00,87.95435676729981,377.91909004048904,23.211909634297268
2023-01-14 13:00:00,137.7635844931218,450.9337778504725,30.483135194798937
2023-01-14 14:00:00,79.87827483503953,501.9281929116383,15.88264009869769
2023-01-14 15:00:00,67.03833537439864,416.33578635040834,16.063404473564873
2023-01-14 16:00:00,63.44960844783705,437.7211422013628,14.46240045088029
2023-01-14 17:00:00,58.77311334655252,517.8845707975225,11.326818459107116
2023-01-14 18:00:00,46.37708424275189,463.6557549333354,9.980955524677759
2023-01-14 19:00:00,26.8956233907695,518.5445837710557,5.1767690840987415
2023-01-14 20:00:00,42.001373882691,458.6818105451025,9.137053700881635
2023-01-14 21:00:00,35.65186836626214,503.8299628952387,7.062153791703633
2023-01-14 22:00:00,34.93900109564205,363.89643417475975,9.575045909850882
2023-01-14 23:00:00,33.02990370237434,428.61945656628893,7.688176873171463
2023-01-15 00:00:00,51.549220992060825,306.0533292648833,16.788360873817872
2023-01-15 01:00:00,28.709370393993293,332.7555870657661,8.601914546627844
2023-01-15 02:00:00,54.45816318752533,308.4108740211845,17.600597703556062
2023-01-15 03:00:00,47.69207369389742,316.3093680655733,15.030149908477222
2023-01-15 04:00:00,67.92489903045802,314.0218214446087,21.561966316800525
2023-01-15 05:00:00,39.517696625729315,343.3822258013744,11.47495244093158
2023-01-15 06:00:00,56.37857468038135,392.4585467784896,14.328974460458605
2023-01-15 07:00:00,43.63670371766736,464.61332580561054,9.371876039451092
2023-01-15 08:00:00,101.24273469818918,356.230470586566,28.341013164960543
2023-01-15 09:00:00,108.03016442193284,465.3103051124508,23.167012017004716
2023-01-15 10:00:00,101.62538355838463,514.7737017941365,19.703482981950657
2023-01-15 11:00:00,87.8256344725652,362.5892003449773,24.155182384194937
2023-01-15 12:00:00,113.0209260612134,465.9734501544368,24.2028590755717
2023-01-15 13:00:00,97.92677670050651,502.3022112232727,19.456854056431844
2023-01-15 14:00:00,88.72367036561931,433.75904905429707,20.40755001157862
2023-01-15 15:00:00,62.87452342170541,499.19914433441244,12.56989823630528
2023-01-15 16:00:00,71.23593381267219,421.5824523594544,16.857286291688688
2023-01-15 17:00:00,41.56231032764219,454.4782278344837,9.124982883428958
2023-01-15 18:00:00,31.41154898305808,565.1140147943286,5.548625923784985
2023-01-15 19:00:00,33.73026765261544,478.0681429738611,7.04080789910838
2023-01-15 20:00:00,43.66760321811254,558.8221214163264,7.800263967353655
2023-01-15 21:00:00,27.992007146364074,439.4182384822672,6.355778371674118
2023-01-15 22:00:00,53.72039664756341,345.36872557625753,15.509597917129552
2023-01-15 23:00:00,58.71066289595929,366.57397758411787,15.972475331859851
2023-01-16 00:00:00,53.99273364508731,432.69073464719594,12.44959353097778
2023-01-16 01:00:00,44.686350931230756,424.1515992706577,10.51068630763465
2023-01-16 02:00:00,51.0310114283901,383.5602723227381,13.269964450608374
2023-01-16 03:00:00,50.33813498442187,371.7372140546928,13.504993085298858
2023-01-16 04:00:00,65.80391220051278,357.38913092765324,18.361023402184703
2023-01-16 05:00:00,37.473353255781475,374.63237606266716,9.976071191885163
2023-01-16 06:00:00,41.69825249442326,488.4455203059496,8.51948802562498
2023-01-16 07:00:00,49.62458066912477,479.41531511997823,10.32951679667656
2023-01-16 08:00:00,83.39873706267876,444.82966042104636,18.70641288960364
2023-01-16 09:00:00,77.70672567840066,558.2769564360179,13.894140422588718
2023-01-16 10:00:00,119.12329788942098,564.4039780624436,21.068705299463762
2023-01-16 11:00:00,96.76017990917732,513.7063966332253,18.79910188451139
2023-01-16 12:00:00,95.07795938532107,509.98714219931725,18.606722465872664
2023-01-16 13:00:00,130.65110322114862,600.9987790029749,21.702885085171076
2023-01-16 14:00:00,92.86258263982202,490.65702057159785,18.887675504330332
2023-01-16 15:00:00,67.39131178664572,475.3305949105837,14.148012432268043
2023-01-16 16:00:00,82.40342468276249,557.2307222264287,14.761535222229874
2023-01-16 17:00:00,42.5422049229889,627.658640872511,6.767139136741184
2023-01-16 18:00:00,29.46657799201614,541.0052175203614,5.436585671042765
2023-01-16 19:00:00,41.31771780696437,614.4117108380414,6.713833532790538
2023-01-16 20:00:00,55.659307068335295,498.6427075076883,11.1398217630303
2023-01-16 21:00:00,35.913034918911066,578.7880978415311,6.1941656016413935
2023-01-16 22:00:00,29.926182573451413,435.787800046471,6.8514236364357
2023-01-16 23:00:00,39.87462089026248,455.2350990525685,8.739928377511356
2023-01-17 00:00:00,45.55223805858545,382.7871825308882,11.869140016138838
2023-01-17 01:00:00,24.509188752690587,395.97557841986475,6.1739789763007105
2023-01-17 02:00:00,44.99626506817623,428.44754497983797,10.477709232285575
2023-01-17 03:00:00,60.03659028024287,401.6082316712165,14.911913258959588
2023-01-17 04:00:00,129.35282689386662,339.4893841934305,37.99026721502185
2023-01-17 05:00:00,112.73613433582966,415.9521139744812,27.03814912010003
2023-01-17 06:00:00,56.52262245762628,398.6715414597582,14.14226848656358
2023-01-17 07:00:00,75.48033387420857,438.26156754096957,17.183459572107587
2023-01-17 08:00:00,111.52184033234904,500.2903151193574,22.246956896782585
2023-01-17 09:00:00,84.46192526730583,511.2089646495864,16.489739753986562
2023-01-17 10:00:00,94.66465579605824,455.7726638286212,20.72467625417618
2023-01-17 11:00:00,115.45192077048772,629.426285307142,18.31331013018276
2023-01-17 12:00:00,137.45786606711047,531.8279312037522,25.797796627622155
2023-01-17 13:00:00,81.58575204167313,627.0918541512382,12.989461891990738
2023-01-17 14:00:00,111.67501615144964,536.422145720016,20.77975703845104
2023-01-17 15:00:00,75.5388943760482,498.3439962273476,15.127626435235221
2023-01-17 16:00:00,37.5953210424922,409.8865739911955,9.149805182804
2023-01-17 17:00:00,40.48859505305575,582.5901007835621,6.937848157241427
2023-01-17 18:00:00,30.51817451284129,703.4297000622443,4.332323652756928
2023-01-17 19:00:00,36.57871206785953,548.2510383942439,6.659743816743392
2023-01-17 20:00:00,27.96124164361664,547.9586792553265,5.0935057045726335
2023-01-17 21:00:00,19.989964143212266,674.9955827968373,2.9571146102030106
2023-01-17 22:00:00,66.14610439583082,457.3735743215769,14.43061033649931
2023-01-17 23:00:00,52.17138194780963,420.01709521301495,12.391749062211678
2023-01-18 00:00:00,41.70868619505364,324.8741317180685,12.799017208011495
2023-01-18 01:00:00,32.271368290750736,361.95755819150935,8.891223660294521
2023-01-18 02:00:00,47.03057857975469,362.59270564325357,12.934962074266613
2023-01-18 03:00:00,26.45193457850217,400.0832946868437,6.59512249173958
2023-01-18 04:00:00,44.79374416561743,399.50258723817194,11.184383220720463
2023-01-18 05:00:00,45.80633794175762,409.8584539830921,11.148934017953218
2023-01-18 06:00:00,50.67906024265734,493.8070419848926,10.242186537879684
2023-01-18 07:00:00,60.90326245286985,405.7851313532609,14.971850679561875
2023-01-18 08:00:00,70.9332416027851,512.0347488151424,13.826206074073141
2023-01-18 09:00:00,43.24050499031328,528.2540911305657,8.170084221351056
2023-01-18 10:00:00,102.69119903427986,516.8709036954313,19.829497718735382
2023-01-18 11:00:00,97.57339582401835,593.6939066594061,16.407330684136422
2023-01-18 12:00:00,123.38515232655783,450.2564740009188,27.34257776572234
2023-01-18 13:00:00,66.82778537458832,526.7230883374942,12.66341891258129
2023-01-18 14:00:00,78.77157989447822,464.3197001736319,16.928485913036774
2023-01-18 15:00:00,64.04594941254462,522.4965487286306,12.234263925538249
2023-01-18 16:00:00,48.392227892770684,565.4697604407578,8.542773378603254
2023-01-18 17:00:00,51.5297465430273,592.519545950841,8.682063951318517
2023-01-18 18:00:00,28.87820408909235,692.3072790928362,4.165282113708409
2023-01-18 19:00:00,40.401109192576286,603.2240419750352,6.6864451570838925
2023-01-18 20:00:00,32.18158232966619,645.8583762907758,4.975058453165941
2023-01-18 21:00:00,28.518513747734,669.3132405922887,4.254505508877468
2023-01-18 22:00:00,25.083476817095946,404.7714941888639,6.1816754445104
2023-01-18 23:00:00,31.11846061892226,356.4929124859919,8.704637080082424
2023-01-19 00:00:00,37.53535074224061,332.1466991159046,11.26691359747849
2023-01-19 01:00:00,35.5086284918938,357.1243742336231,9.915166642282125
2023-01-19 02:00:00,28.00453640135421,370.56102593617857,7.536995122347527
2023-01-19 03:00:00,39.12159849754114,389.25277859434726,10.024681602128076
2023-01-19 04:00:00,69.44350811806217,409.7770235662458,16.905402233838196
2023-01-19 05:00:00,45.06691393568914,397.8128204667134,11.300267098472231
2023-01-19 06:00:00,61.38620897895625,472.17017103707894,12.973389435012768
2023-01-19 07:00:00,65.23678871324557,459.7692430828509,14.158234233858215
2023-01-19 08:00:00,95.01779907078682,548.0963198720307,17.30439553718574
2023-01-19 09:00:00,82.6632847652986,491.12606167283946,16.79717682179009
2023-01-19 10:00:00,114.79173285819896,528.0046094970925,21.699571383192243
2023-01-19 11:00:00,100.41956116527658,576.2074780495528,17.397480972458162
2023-01-19 12:00:00,63.48648698188278,587.9894094541679,10.77888429958654
2023-01-19 13:00:00,97.26515147383704,534.7372437323621,18.15538356008486
2023-01-19 14:00:00,86.02907138413507,541.79484640575,15.849279327870885
2023-01-19 15:00:00,61.06785140347244,595.8394108773331,10.231873145525835
2023-01-19 16:00:00,59.508832061743405,458.10387110024726,12.961953886193523
2023-01-19 17:00:00,54.834809713831575,518.6910056061058,10.55142558218393
2023-01-19 18:00:00,32.31098195238402,600.8648509105356,5.3684779736683605
2023-01-19 19:00:00,32.79064529602173,533.3830570926715,6.136168589329967
2023-01-19 20:00:00,34.424465102585586,565.6927756797558,6.074625719604943
2023-01-19 21:00:00,37.28480081666564,643.9650605082786,5.780902423967362
2023-01-19 22:00:00,28.846582246527106,372.92414330100036,7.714554613101371
2023-01-19 23:00:00,48.38991499901006,405.31945450568713,11.909327614617764
2023-01-20 00:00:00,45.50223041683462,387.58801304189,11.709633053433754
2023-01-20 01:00:00,31.071649550631466,358.507051369667,8.642848431554604
2023-01-20 02:00:00,41.76051033094709,375.20896533126603,11.100349587409594
2023-01-20 03:00:00,51.76107074096756,337.2404537022583,15.303039649577542
2023-01-20 04:00:00,64.38447701761268,307.70885672609523,20.856051135176337
2023-01-20 05:00:00,55.45072244836673,368.99776092857957,14.986772435920322
2023-01-20 06:00:00,28.759319944669347,430.04560847303134,6.671990012042703
2023-01-20 07:00:00,69.71242757585611,425.69132377186344,16.337906044025598
2023-01-20 08:00:00,87.20740790284054,508.42376775366387,17.11883375355396
2023-01-20 09:00:00,93.78086732890628,561.5704406830755,16.670066634684385
2023-01-20 10:00:00,97.29515156828818,525.7961769015848,18.469221272739933
2023-01-20 11:00:00,111.74142820188418,540.7423018113718,20.6263066089292
2023-01-20 12:00:00,89.19309365527927,514.3680294617925,17.306679606886966
2023-01-20 13:00:00,98.7257904729155,582.231844222994,16.927366269659395
2023-01-20 14:00:00,88.5800491430465,576.3594265914339,15.34227122019951
2023-01-20 15:00:00,103.54858401589655,495.44053373201393,20.85820495709032
2023-01-20 16:00:00,66.03638157840658,531.4652176515339,12.402008504830334
2023-01-20 17:00:00,40.955976779108916,528.4963546417633,7.734893058294639
2023-01-20 18:00:00,31.290933767960382,545.3270597013931,5.727509412596755
2023-01-20 19:00:00,22.832467157333497,613.2081551776404,3.7173826112305397
2023-01-20 20:00:00,35.27156104869314,590.3251134442356,5.964833937670972
2023-01-20 21:00:00,21.36541328673287,682.7528620089458,3.124727437916499
2023-01-20 22:00:00,13.257384166474205,362.9013656730944,3.6431256975231543
2023-01-20 23:00:00,24.65389409750771,444.06628572732285,5.539375793701957
2023-01-21 00:00:00,25.611284951961196,327.6807109904165,7.792147240641681
2023-01-21 01:00:00,72.67144833599602,260.0727378232756,27.835709290024955
2023-01-21 02:00:00,48.00164114141911,351.8214177744966,13.605081416032126
2023-01-21 03:00:00,70.86871379387364,277.69779027230976,25.42851657511504
2023-01-21 04:00:00,49.474890842872895,316.6358766997047,15.575976919523741
2023-01-21 05:00:00,59.016342996063855,293.06950852527024,20.068841306269743
2023-01-21 06:00:00,64.5269477929039,478.53003100562177,13.456289204157772
2023-01-21 07:00:00,62.916474464317666,384.09862755233155,16.337756087112478
2023-01-21 08:00:00,83.52237376758754,395.16508344829305,21.082719617941486
2023-01-21 09:00:00,113.97509431077935,462.0585309267371,24.613539476894324
2023-01-21 10:00:00,112.65572033800473,431.85862650730525,26.02598479947435
2023-01-21 11:00:00,107.33754349392298,543.0466589533238,19.729473883807447
2023-01-21 12:00:00,95.31274143723705,499.7196820935564,19.03514977456557
2023-01-21 13:00:00,105.34331991986998,457.12698858852474,22.9943492839026
2023-01-21 14:00:00,69.71026577277159,454.57839328679717,15.301486374242371
2023-01-21 15:00:00,69.10398632078136,486.9122286052481,14.16320031951707
2023-01-21 16:00:00,53.9321888737863,449.0480783439505,11.98365051846049
2023-01-21 17:00:00,37.58109380001051,540.2566488459593,6.943303861511736
2023-01-21 18:00:00,50.89402745613373,516.8202824721092,9.82851177886702
2023-01-21 19:00:00,35.12284318389011,550.1845104649435,6.3722478620204255
2023-01-21 20:00:00,42.87619544237819,602.4396982741023,7.105299098652009
2023-01-21 21:00:00,38.27976708622482,511.29241984931946,7.472249364432144
2023-01-21 22:00:00,40.268995048208296,328.2029045734239,12.232272099903932
2023-01-21 23:00:00,31.939306837565663,331.73443207919394,9.59903868018198
2023-01-22 00:00:00,97.61685370616225,268.4708125300797,36.22539034548157
2023-01-22 01:00:00,65.3537239415904,317.3220187972699,20.530695359535372
2023-01-22 02:00:00,67.6241943989744,353.08191642418444,19.0984603455325
2023-01-22 03:00:00,49.50658386059878,315.7275029206788,15.630655185949296
2023-01-22 04:00:00,86.01374273169763,383.3534033175705,22.37881647183676
2023-01-22 05:00:00,66.52063841375501,295.3053043294446,22.450032936229377
2023-01-22 06:00:00,76.8260259186756,530.7357130091625,14.448159873239844
2023-01-22 07:00:00,59.165142775705434,377.28991419662646,15.640158660152052
2023-01-22 08:00:00,90.86462776929535,393.3346850802047,23.042514698095648
2023-01-22 09:00:00,78.17791400192841,535.6499825587604,14.567766056596925
2023-01-22 10:00:00,93.2485398813307,409.59345228090154,22.710673870545815
2023-01-22 11:00:00,105.55536569755174,385.73535441737727,27.293952955651676
2023-01-22 12:00:00,89.92013838428592,378.33486268078985,23.704686078367043
2023-01-22 13:00:00,102.8828283078695,468.0208610595213,21.935661470463486
2023-01-22 14:00:00,110.19384493234153,486.52911384102623,22.60251578909267
2023-01-22 15:00:00,63.251394287386915,347.24549582064225,18.1628750540864
2023-01-22 16:00:00,61.2370850976844,555.3274233542362,11.007382078789288
2023-01-22 17:00:00,48.374539075675585,500.09714379990606,9.653724766587795
2023-01-22 18:00:00,37.40343631488783,463.7117382472429,8.04873930147809
2023-01-22 19:00:00,32.315840914337954,484.3113010642204,6.658785988184037
2023-01-22 20:00:00,28.734484994381486,542.2535143826007,5.2893325553609705
2023-01-22 21:00:00,41.89973352493203,542.1958827744713,7.713558746233782
2023-01-22 22:00:00,34.4067711261619,332.789420975647,10.307927382956871
2023-01-22 23:00:00,38.64906180076329,340.1155820145712,11.330195346840634
2023-01-23 00:00:00,43.40098633674151,339.89008034018985,12.731665965002463
2023-01-23 01:00:00,64.47439748508887,407.3771582723394,15.787953899736003
2023-01-23 02:00:00,86.60699407845834,342.7115918879104,25.197577306820133
2023-01-23 03:00:00,80.90099292706864,316.6763308061465,25.466484305510416
2023-01-23 04:00:00,60.70176940234509,408.4300102361511,14.825920886291046
2023-01-23 05:00:00,71.5260820311573,431.5092325437539,16.537469410880497
2023-01-23 06:00:00,55.32411396783884,435.4602078095428,12.675637544483896
2023-01-23 07:00:00,77.12111932001919,410.5645853910629,18.738521743006576
2023-01-23 08:00:00,92.9531169058128,442.8519950180012,20.942367714725023
2023-01-23 09:00:00,109.47599325144556,590.3693627810453,18.512286929544416
2023-01-23 10:00:00,107.24454731488248,522.6757988286687,20.479187228961433
2023-01-23 11:00:00,140.93234109450935,552.3014129654845,25.471169563649905
2023-01-23 12:00:00,109.26326045424405,515.8349006424564,21.140844071950895
2023-01-23 13:00:00,105.5778024731453,579.3643266820196,18.191642321770605
2023-01-23 14:00:00,94.25336313484868,552.253572448919,17.036196028097212
2023-01-23 15:00:00,81.67667838503012,587.8711075916813,13.870043432605307
2023-01-23 16:00:00,77.13554659124293,515.1046399397827,14.945718488452814
2023-01-23 17:00:00,45.138380048466885,589.0694080895236,7.649672975694857
2023-01-23 18:00:00,28.5587305527131,669.4084093833524,4.25990040593042
2023-01-23 19:00:00,37.79443949717757,588.6833729422057,6.409276779944374
2023-01-23 20:00:00,20.43856930815514,543.463079154176,3.7538944495385222
2023-01-23 21:00:00,25.4996364555017,547.9755014428413,4.6449497998512586
2023-01-23 22:00:00,46.732356139003585,318.1117384774628,14.644511781976975
2023-01-23 23:00:00,49.15987540507671,376.920557587651,13.007991869739733
2023-01-24 00:00:00,40.84874168853709,437.115781829366,9.323732077847529
2023-01-24 01:00:00,62.97879818488355,405.73519186896726,15.483980595702334
2023-01-24 02:00:00,100.41218215987905,388.5779320847192,25.774607309646843
2023-01-24 03:00:00,38.096967850311515,340.8769348656975,11.14347414670647
2023-01-24 04:00:00,71.2207058682038,441.3584542111393,16.100224871979023
2023-01-24 05:00:00,33.272685951749814,410.2807685796346,8.09001745125541
2023-01-24 06:00:00,37.65907214454694,448.8237833644606,8.371961096159836
2023-01-24 07:00:00,73.74808503439928,536.791651561816,13.713133110234303
2023-01-24 08:00:00,75.06227454213077,504.64860189501775,14.844750734169956
2023-01-24 09:00:00,83.62320072656955,461.4092545601361,18.084240291885074
2023-01-24 10:00:00,85.06575187533254,562.2451208769903,15.102794275941973
2023-01-24 11:00:00,99.28597889163144,577.7419645031775,17.155482923527714
2023-01-24 12:00:00,73.30793258948853,590.9752983974853,12.38361343588791
2023-01-24 13:00:00,69.79713199877723,621.6928083005131,11.208918919309722
2023-01-24 14:00:00,102.71000041216992,484.91177433432296,21.137582136773275
2023-01-24 15:00:00,107.24606871459343,407.1592369020526,26.2755461639423
2023-01-24 16:00:00,60.53034148742371,599.2892372903862,10.083529360054566
2023-01-24 17:00:00,44.489206249005136,639.9441937614693,6.941198107734483
2023-01-24 18:00:00,30.214845468855486,594.1766400244038,5.076618172987535
2023-01-24 19:00:00,19.30886848549252,618.0709853107421,3.119007180703268
2023-01-24 20:00:00,26.857125878133886,602.1896771858062,4.452517490590415
2023-01-24 21:00:00,55.66772424713806,616.6917505071615,9.01221753430114
2023-01-24 22:00:00,33.649091715853906,485.16188045655514,6.921376000161512
2023-01-24 23:00:00,28.72654480131889,438.51235392728984,6.536003947245413
2023-01-25 00:00:00,50.90584931641234,352.94861307262477,14.38227116487309
2023-01-25 01:00:00,84.10082637567766,442.1480348144592,18.978043400528602
2023-01-25 02:00:00,35.59056367842908,367.78541327611345,9.650751466078745
2023-01-25 03:00:00,38.45988296952268,356.27581692042105,10.764759647331285
2023-01-25 04:00:00,96.59548413569104,427.85719445787504,22.523927634652107
2023-01-25 05:00:00,60.4009697953602,389.4650434068926,15.46898264396438
2023-01-25 06:00:00,91.93947718787871,402.13117287497033,22.806342792149543
2023-01-25 07:00:00,92.04230803132194,364.86070686023686,25.15774618739891
2023-01-25 08:00:00,113.04941196926083,565.4644973424047,19.957016282509773
2023-01-25 09:00:00,126.48297367166477,563.9168692375783,22.389661304037247
2023-01-25 10:00:00,98.75752704369515,565.8942137708402,17.420803501729978
2023-01-25 11:00:00,88.39049672488493,489.51212099604356,18.020043326431452
2023-01-25 12:00:00,115.2628031007167,453.75687043450574,25.34602786552444
2023-01-25 13:00:00,67.40432014786164,458.1297361923743,14.680887521434547
2023-01-25 14:00:00,95.8446758968859,569.5417634749525,16.79888871116682
2023-01-25 15:00:00,100.54201094165178,609.2225142741843,16.476286697032027
2023-01-25 16:00:00,78.148245174059,561.2888303946376,13.898238938733913
2023-01-25 17:00:00,47.019054361877636,663.961006022878,7.070949113707871
2023-01-25 18:00:00,30.36722483014303,577.0994227914914,5.2529415586522505
2023-01-25 19:00:00,43.79046128777472,583.9613713921011,7.486043255054846
2023-01-25 20:00:00,24.94146192148806,624.3398512537968,3.9884651316369504
2023-01-25 21:00:00,42.261718946237266,556.1954308736688,7.584721016102363
2023-01-25 22:00:00,28.804221037324275,449.59170166334735,6.392532514689963
2023-01-25 23:00:00,12.790761348144153,470.03669694575785,2.715449015136303
2023-01-26 00:00:00,62.10223786595769,383.71731443136,16.142303851790317
2023-01-26 01:00:00,56.55297133583797,377.1755966937327,14.954156701347829
2023-01-26 02:00:00,69.95477458871974,351.45090079817,19.848090735560113
2023-01-26 03:00:00,68.59172106981207,342.39989673382826,19.974298688557266
2023-01-26 04:00:00,59.205990361055015,320.4742218410755,18.417025795096002
2023-01-26 05:00:00,51.20687210309713,377.7641097249162,13.519462585905245
2023-01-26 06:00:00,79.40246206893488,524.3750371372221,15.113482075890074
2023-01-26 07:00:00,70.46246895417187,498.2983447299071,14.112297726980886
2023-01-26 08:00:00,86.24006526523772,364.109013706706,23.62036050266204
2023-01-26 09:00:00,101.415495811074,558.476882054602,18.12684296063128
2023-01-26 10:00:00,116.39126107557635,599.7014026258275,19.37589300887243
2023-01-26 11:00:00,108.57533567932562,533.3202806182549,20.32027224452243
2023-01-26 12:00:00,111.0280238471503,508.13903364413085,21.807014687613744
2023-01-26 13:00:00,102.99200300449998,523.5531760452294,19.634234946586147
2023-01-26 14:00:00,76.2085101612608,552.7377658492117,13.762563231421918
2023-01-26 15:00:00,74.56973429609523,635.8886454593024,11.708441472106646
2023-01-26 16:00:00,46.77813600840654,611.462594344992,7.637713133882761
2023-01-26 17:00:00,45.87061120309551,566.4770038928305,8.083254632069336
2023-01-26 18:00:00,32.52662195659528,494.4447945069088,6.5651354736641006
2023-01-26 19:00:00,34.177622843137364,627.7470240122633,5.435830554717783
2023-01-26 20:00:00,37.60429656783204,527.8060836027194,7.1111694312661005
2023-01-26 21:00:00,62.84885747628469,597.0468134320491,10.509019706268473
2023-01-26 22:00:00,37.806449881296096,389.93338039967426,9.670816506547569
2023-01-26 23:00:00,27.84162556065958,471.22596875206676,5.895826871663912
2023-01-27 00:00:00,36.01855470688784,359.9088500601222,9.979958845810422
2023-01-27 01:00:00,47.94788399302141,424.9662190313798,11.2562644291493
2023-01-27 02:00:00,76.0956641021777,345.4967392180464,21.961437291994706
2023-01-27 03:00:00,48.50769870110982,445.0942613046462,10.873867455556214
2023-01-27 04:00:00,54.52860232167201,329.22848707905024,16.512385955551718
2023-01-27 05:00:00,49.84511867202173,362.7921883961531,13.701536278657711
2023-01-27 06:00:00,79.5626009407602,485.83109353814706,16.342957957455493
2023-01-27 07:00:00,89.80046009108409,468.4914674146339,19.127176173316126
2023-01-27 08:00:00,93.77645489913357,582.7496115518987,16.06449975184203
2023-01-27 09:00:00,92.42695606172965,553.7446517656248,16.661171183454567
2023-01-27 10:00:00,89.40484040848591,627.4127065888666,14.227089852111826
2023-01-27 11:00:00,103.72055363137169,518.0059043949832,19.984465061583656
2023-01-27 12:00:00,69.25636819387339,527.0603517191689,13.11523729596443
2023-01-27 13:00:00,99.15200609985752,576.2071490755235,17.177889473244235
2023-01-27 14:00:00,108.8234551242115,575.4635552449377,18.877768444177317
2023-01-27 15:00:00,63.65948838282581,596.677149070949,10.65114978576317
2023-01-27 16:00:00,82.38687738019416,498.02021662099264,16.50972738901423
2023-01-27 17:00:00,58.06324245086155,525.4052063844335,11.03014213131813
2023-01-27 18:00:00,52.18342021036986,528.2386649917885,9.86009217810636
2023-01-27 19:00:00,41.74650521061279,671.0128787935682,6.212158505884328
2023-01-27 20:00:00,40.3141774801196,594.2918588194882,6.7721701351780395
2023-01-27 21:00:00,32.05597577929899,588.0272291849151,5.442189119789496
2023-01-27 22:00:00,41.001130287361235,420.73882273019,9.721924584019613
2023-01-27 23:00:00,36.745775248288126,424.3628023246236,8.638690324464456
2023-01-28 00:00:00,31.806309262831522,346.65929264829845,9.148701022931565
2023-01-28 01:00:00,59.38175007674256,310.12638437256624,19.08605411157749
2023-01-28 02:00:00,81.88904697935016,306.05122458824866,26.669506721284762
2023-01-28 03:00:00,36.39771279981531,282.9232591009811,12.819560086435178
2023-01-28 04:00:00,57.757076072317616,367.69653899405535,15.665207010052475
2023-01-28 05:00:00,45.9121090697986,288.0657609523381,15.882928825101743
2023-01-28 06:00:00,48.198963741551296,433.05411147046374,11.104367512673846
2023-01-28 07:00:00,81.9176259974076,398.24571478544703,20.518097743749056
2023-01-28 08:00:00,72.73249285661339,446.2473524201159,16.26225230022001
2023-01-28 09:00:00,120.42286877398924,518.9370075333308,23.16104970971305
2023-01-28 10:00:00,111.04676849488948,466.11561659159844,23.772865763975993
2023-01-28 11:00:00,132.39924800651846,456.1680481515106,28.960739610271247
2023-01-28 12:00:00,125.8033036394838,595.9883892949077,21.072990010420106
2023-01-28 13:00:00,97.71186076398845,486.4693951287268,20.044717010015685
2023-01-28 14:00:00,107.73811104625247,426.1999360984322,25.219599054768647
2023-01-28 15:00:00,90.09270862700937,460.91914305964207,19.50399977586051
2023-01-28 16:00:00,62.31895477611966,491.9573597962036,12.641855028167813
2023-01-28 17:00:00,60.22109427004291,516.926628851248,11.627340807637603
2023-01-28 18:00:00,33.36786394957245,441.34220692413396,7.543450167597362
2023-01-28 19:00:00,53.9744781439419,507.36403324708044,10.617288913849785
2023-01-28 20:00:00,45.43455548613133,456.1797415275951,9.938007168541374
2023-01-28 21:00:00,61.71550222621282,489.69265270526716,12.577221583809209
2023-01-28 22:00:00,32.67548143779034,386.16104636107764,8.439764729666589
2023-01-28 23:00:00,34.41656476711265,409.36191098473364,8.386880908251014
2023-01-29 00:00:00,61.60262150906921,337.13999870101236,18.21808178438512
2023-01-29 01:00:00,31.825855936346215,246.24071753490713,12.872416911608754
2023-01-29 02:00:00,89.14244718079013,308.9976938418929,28.75584204386216
2023-01-29 03:00:00,50.265350214818405,393.4086094151132,12.744486052005616
2023-01-29 04:00:00,46.68629656902203,338.7590316462999,13.741002363588079
2023-01-29 05:00:00,60.707294790686916,322.6115347157034,18.759311173509005
2023-01-29 06:00:00,90.30101677925609,388.1651968262982,23.203775033244167
2023-01-29 07:00:00,110.1118840953342,456.5885098392016,24.063515959792774
2023-01-29 08:00:00,137.8484949650491,380.7346658716638,36.1110759093052
2023-01-29 09:00:00,111.58604486633313,442.1833240725944,25.178304057319423
2023-01-29 10:00:00,122.62089755344259,366.96155648899827,33.324377340791266
2023-01-29 11:00:00,129.7097025185025,491.1266431902285,26.35697626075571
2023-01-29 12:00:00,98.51322073403249,496.5408254555811,19.800027594484796
2023-01-29 13:00:00,87.86210406224536,416.2284230754618,21.058513563049903
2023-01-29 14:00:00,62.81443640882544,505.59311690528506,12.399386077835224
2023-01-29 15:00:00,59.394464024043465,435.6958901310665,13.60087542985973
2023-01-29 16:00:00,85.66199627684993,469.97761554170074,18.188124753726296
2023-01-29 17:00:00,81.19674578502409,497.524921812471,16.287399532568944
2023-01-29 18:00:00,26.522210755568604,546.380555935715,4.845296470246451
2023-01-29 19:00:00,55.24238461474271,489.0623118351132,11.272522550832193
2023-01-29 20:00:00,32.416731417931544,487.6922290515376,6.633363391279313
2023-01-29 21:00:00,26.908097014792975,562.1915132910318,4.777788084474933
2023-01-29 22:00:00,44.46402899974939,345.92045968654656,12.816779108365077
2023-01-29 23:00:00,64.38139500237395,421.7354071958086,15.229714357130455
2023-01-30 00:00:00,21.4404817490461,367.8047309381538,5.813505074760424
2023-01-30 01:00:00,69.66684963316811,404.34109068246045,17.187216207434624
2023-01-30 02:00:00,48.263922229534714,364.31948713337687,13.211428333116466
2023-01-30 03:00:00,58.38014838793127,429.79780501066614,13.551635525739467
2023-01-30 04:00:00,84.26451833780831,375.33047598153706,22.391096048767086
2023-01-30 05:00:00,100.73311363667008,376.1982994471122,26.70561181859042
2023-01-30 06:00:00,40.31914995088724,481.3517653970993,8.35886853605568
2023-01-30 07:00:00,103.07290699969137,484.7096637780743,21.221094552235723
2023-01-30 08:00:00,160.08482674215531,567.1265868260676,28.1776685784933
2023-01-30 09:00:00,74.67378558651262,513.1122336744404,14.524802308789157
2023-01-30 10:00:00,115.52564321725498,546.6079857981342,21.096413166597138
2023-01-30 11:00:00,66.76337983403603,616.7898307708641,10.806811072097156
2023-01-30 12:00:00,133.22422762963924,545.3789255469377,24.38311973623045
2023-01-30 13:00:00,78.6441256605227,497.51310263680773,15.775738941373216
2023-01-30 14:00:00,95.1651475649895,498.19165445387137,19.06384986926567
2023-01-30 15:00:00,73.82611814231309,521.3982984534082,14.132151341395979
2023-01-30 16:00:00,34.86059771165175,496.7814327827124,7.00319365404471
2023-01-30 17:00:00,62.5595741225052,548.0909953622619,11.393298132895373
2023-01-30 18:00:00,39.119842286497686,732.8302678239676,5.330911520248415
2023-01-30 19:00:00,30.844715138460984,713.7781550921991,4.315285087928062
2023-01-30 20:00:00,30.16589126734779,640.9282671474691,4.699262022125258
2023-01-30 21:00:00,40.900701427597696,579.6971591240651,7.043378942871549
2023-01-30 22:00:00,31.600230715850433,453.065685076244,6.959396350451876
2023-01-30 23:00:00,26.445213158773942,446.1343662652455,5.914377232879998
2023-01-31 00:00:00,58.500537076296354,418.09260820797044,13.958856808866944
2023-01-31 01:00:00,36.29391647260284,419.6524723865024,8.628005029114721
2023-01-31 02:00:00,58.861141417993466,360.45984079875564,16.284282449724387
2023-01-31 03:00:00,47.84167386989543,382.0890264091382,12.488395796229524
2023-01-31 04:00:00,44.15108209671187,335.9623841750472,13.102673820641062
2023-01-31 05:00:00,32.27434741131658,420.5512312176967,7.656091364764518
2023-01-31 06:00:00,32.63641913885541,569.1916966186647,5.723762610433476
2023-01-31 07:00:00,47.701864943319826,506.199056168572,9.404959327736938
2023-01-31 08:00:00,103.47819626434666,519.7471301527335,19.87110255105906
2023-01-31 09:00:00,114.06712514320164,671.0705104029747,16.972493715697595
2023-01-31 10:00:00,105.8696689231895,589.0859711528564,17.941397372377953
2023-01-31 11:00:00,109.31075544039408,503.5476535722018,21.66510034611656
2023-01-31 12:00:00,157.08108593880328,480.51255070802785,32.622428160559345
2023-01-31 13:00:00,80.24164233274169,566.7781478687563,14.132569672492892
2023-01-31 14:00:00,59.31353996597813,489.50539953804355,12.092331709669137
2023-01-31 15:00:00,73.23870207624778,609.6438968781189,11.993684445333253
2023-01-31 16:00:00,71.33513525271921,521.7873429379401,13.645153467532854
2023-01-31 17:00:00,64.148412353033,574.2132436278429,11.152109772099818
2023-01-31 18:00:00,32.50523670929835,624.0201864039853,5.2006699009699515
2023-01-31 19:00:00,37.06322017953437,624.3666434541667,5.926638487594796
2023-01-31 20:00:00,41.13062102489498,543.1347887895297,7.558903027757747
2023-01-31 21:00:00,33.86230929621381,630.6753605678007,5.360713969557977
2023-01-31 22:00:00,48.4829991105299,446.51599529956917,10.833802505332836
2023-01-31 23:00:00,68.97712424123486,378.274298250379,18.186606516558477
2023-02-01 00:00:00,48.74741207695476,398.42805094030524,12.204303619186748
2023-02-01 01:00:00,47.041650221607185,406.33920085501387,11.54852028060784
2023-02-01 02:00:00,76.75335130927127,375.0445513268808,20.410706933113513
2023-02-01 03:00:00,80.10159941445687,445.17137455698617,17.953101427448498
2023-02-01 04:00:00,69.46735579250462,433.01567429260297,16.005725117123625
2023-02-01 05:00:00,48.46938294339679,408.28461448043845,11.84246395504646
2023-02-01 06:00:00,55.39683688055243,481.9696053588331,11.470046202885605
2023-02-01 07:00:00,99.76570673000046,529.9592548610398,18.789710475262492
2023-02-01 08:00:00,138.18187868457426,450.3714437354525,30.613783969364768
2023-02-01 09:00:00,145.61032526427854,401.7072049210092,36.15786444467512
2023-02-01 10:00:00,109.06096348863883,538.9490283718749,20.19838128378409
2023-02-01 11:00:00,112.00989469424704,660.5872038956502,16.930480824703793
2023-02-01 12:00:00,156.64414686373834,650.5911969642416,24.04024909997898
2023-02-01 13:00:00,83.73537321684535,511.10269350014744,16.351285451073544
2023-02-01 14:00:00,118.20402620067135,547.1407996265262,21.564537119150632
2023-02-01 15:00:00,62.13261767476331,615.6441464493445,10.07592758846813
2023-02-01 16:00:00,69.14610011306186,580.563917421057,11.88968194926707
2023-02-01 17:00:00,50.84928597461205,583.8582461877431,8.694292387268336
2023-02-01 18:00:00,38.33824643718144,698.7741500013778,5.478659998673279
2023-02-01 19:00:00,37.50358406731985,592.6082349173022,6.317901582437551
2023-02-01 20:00:00,35.90940785059558,602.4455619326129,5.950728635005786
2023-02-01 21:00:00,32.511162865820964,561.2695460421039,5.782131202849542
2023-02-01 22:00:00,36.411913645393284,546.7086646452651,6.648044114652854
2023-02-01 23:00:00,32.75186288714623,444.5374279602322,7.351091251096776
2023-02-02 00:00:00,74.30026275831071,394.3394836178257,18.794040523950475
2023-02-02 01:00:00,45.8445441291072,440.09975708433046,10.393237219657442
2023-02-02 02:00:00,67.86796902530746,380.12060417334703,17.807478336815063
2023-02-02 03:00:00,68.70789670573124,402.0596348822761,17.0465833736487
2023-02-02 04:00:00,74.64832022529073,410.43244724619075,18.14351802463044
2023-02-02 05:00:00,73.08936804424552,450.87600200625417,16.174651391032253
2023-02-02 06:00:00,48.62452633531367,430.35038642672833,11.27262843975064
2023-02-02 07:00:00,98.93863784021413,505.8497661115894,19.520308473109075
2023-02-02 08:00:00,72.77523496309732,492.01546023350045,14.761248040503585
2023-02-02 09:00:00,95.78327151310764,584.8126701225633,16.35049502993302
2023-02-02 10:00:00,148.8461955525633,561.7436366903013,26.450089498653696
2023-02-02 11:00:00,103.94162345135243,605.0934863020817,17.14943747135852
2023-02-02 12:00:00,83.73621239260449,559.7353272330497,14.93328640551347
2023-02-02 13:00:00,87.89334532971614,515.3686917911893,17.02143192005504
2023-02-02 14:00:00,126.13770037453666,562.6456710909621,22.37889987345975
2023-02-02 15:00:00,66.97500325966546,492.7858366851679,13.563573169549603
2023-02-02 16:00:00,72.02835799283471,449.92368792630117,15.973513905219148
2023-02-02 17:00:00,40.537503622694494,585.4158496651903,6.912757157883621
2023-02-02 18:00:00,41.03068774617838,610.0974732050937,6.714262379613515
2023-02-02 19:00:00,27.810494343802606,474.83900760959784,5.844517557211225
2023-02-02 20:00:00,29.8887143066327,684.4041064340892,4.360743395911782
2023-02-02 21:00:00,38.72729928262147,515.2333571937057,7.501897880669085
2023-02-02 22:00:00,28.729314251763363,433.4655450707304,6.612564466322932
2023-02-02 23:00:00,70.68166427967496,489.32225796317647,14.415348912221562
2023-02-03 00:00:00,45.28685028552964,339.862398548575,13.28596245240467
2023-02-03 01:00:00,50.187102363396086,379.9329582694042,13.174786080836476
2023-02-03 02:00:00,55.02030971291474,396.94084818705335,13.826253314676626
2023-02-03 03:00:00,48.09731474447251,447.2191099814775,10.730759504310317
2023-02-03 04:00:00,109.83240653045141,475.30588174663404,23.059216931710203
2023-02-03 05:00:00,80.12823955521401,414.3857141223664,19.290080720399892
2023-02-03 06:00:00,36.46638824091456,456.9667108878868,7.962672258473775
2023-02-03 07:00:00,74.26424550644714,516.4353128372909,14.352372879080976
2023-02-03 08:00:00,109.2177055481774,503.8341900429994,21.634371780341333
2023-02-03 09:00:00,117.54320359689808,595.6107429967715,19.70182484587512
2023-02-03 10:00:00,122.6544362177031,595.5838720692069,20.559462291913
2023-02-03 11:00:00,62.89039535744038,568.481709566105,11.043444293471223
2023-02-03 12:00:00,136.97774395416153,592.1188062796518,23.0944867206887
2023-02-03 13:00:00,108.49945930435604,521.0083815464517,20.785003294952087
2023-02-03 14:00:00,69.324429343178,497.1479234733003,13.916434471877036
2023-02-03 15:00:00,83.82374432697613,480.8847524778214,17.394977511938208
2023-02-03 16:00:00,51.85605578192644,511.29032043947615,10.122396171264944
2023-02-03 17:00:00,40.2038154518326,605.7275206843852,6.626337866870275
2023-02-03 18:00:00,28.10153674674775,644.5947039004725,4.352814014267378
2023-02-03 19:00:00,37.96686442944126,616.694652616293,6.146542513947579
2023-02-03 20:00:00,25.585385227088288,492.33733539838136,5.186184663365787
2023-02-03 21:00:00,40.21312646119647,585.2255046376716,6.8596685308072685
2023-02-03 22:00:00,45.040963126021325,434.64695102502026,10.338867980149026
2023-02-03 23:00:00,60.603953665453915,506.64248033498825,11.938314072033918
2023-02-04 00:00:00,32.874189552351446,329.6993962819715,9.940807247292705
2023-02-04 01:00:00,41.82994198578988,319.82502563628196,13.038241609372555
2023-02-04 02:00:00,45.71708432992551,352.5648814058379,12.930323890807852
2023-02-04 03:00:00,64.68419518774405,315.6762582166182,20.425969269694253
2023-02-04 04:00:00,37.73969267603894,380.15740433551133,9.901340560819545
2023-02-04 05:00:00,105.09418624675232,380.9417047940961,27.515766130700065
2023-02-04 06:00:00,79.42703803818276,370.145418739727,21.40051689386001
2023-02-04 07:00:00,47.67291956208814,409.0125111888274,11.627186551908126
2023-02-04 08:00:00,108.05259560565779,436.5125092638889,24.697029986058084
2023-02-04 09:00:00,79.9305906318397,421.6475913352017,18.91187653035665
2023-02-04 10:00:00,61.25060535361142,425.023734328204,14.37727535302637
2023-02-04 11:00:00,99.21853150009629,457.7775597275678,21.626718525425357
2023-02-04 12:00:00,110.80060174840416,519.2560212156743,21.297322324016182
2023-02-04 13:00:00,88.74732074265985,469.58340793128195,18.85899911618205
2023-02-04 14:00:00,61.131599812084445,387.28210210928836,15.744119927237323
2023-02-04 15:00:00,81.32107591976774,437.504141477505,18.54511012045697
2023-02-04 16:00:00,61.92773681715035,479.6887523764016,12.883125829550938
2023-02-04 17:00:00,48.68778926666336,544.1346414016521,8.931332843107741
2023-02-04 18:00:00,46.091922902113915,537.0897564228645,8.565842845350879
2023-02-04 19:00:00,29.351861123254764,477.9082893294147,6.128910644740424
2023-02-04 20:00:00,57.10567642221916,456.01111809314966,12.495467650872264
2023-02-04 21:00:00,30.848954868037023,583.6960834075866,5.276066617079164
2023-02-04 22:00:00,34.093540803912205,416.5378442199655,8.165377408508913
2023-02-04 23:00:00,30.462138563664197,372.1723013352945,8.163022404037976
2023-02-05 00:00:00,37.774445387804,301.69898456470816,12.479211135156262
2023-02-05 01:00:00,55.24150201506936,281.85864240688556,19.529720409110123
2023-02-05 02:00:00,41.50791201320446,331.2022877823392,12.494770066243696
2023-02-05 03:00:00,77.97387293260792,323.38179141993896,24.03768491174781
2023-02-05 04:00:00,93.76849389276379,311.5822872829624,29.998018988158684
2023-02-05 05:00:00,49.15560345344849,361.01762530857854,13.578234875042057
2023-02-05 06:00:00,44.950438562454686,501.1422915944477,8.951733266625277
2023-02-05 07:00:00,84.10727673516641,424.85799946532313,19.750075574667026
2023-02-05 08:00:00,103.45201178755443,384.3310264256199,26.847568633958332
2023-02-05 09:00:00,113.01443667657321,375.26935877532827,30.035514197703915
2023-02-05 10:00:00,103.37521154314179,455.17790877637174,22.661161260620922
2023-02-05 11:00:00,78.86646646328334,499.3632845944662,15.76184122446213
2023-02-05 12:00:00,102.19491934562753,466.034498948981,21.881663897551032
2023-02-05 13:00:00,127.12245543830824,434.9796822694989,29.157885242855897
2023-02-05 14:00:00,100.7617726728421,490.9675184556692,20.48138726498499
2023-02-05 15:00:00,70.76352818604757,525.570508123477,13.438566553646417
2023-02-05 16:00:00,62.07706448350957,487.91463397854335,12.696912746987627
2023-02-05 17:00:00,53.69636490202129,411.2732028556189,13.024461577927525
2023-02-05 18:00:00,27.23452244324069,537.0188072424835,5.062001936851655
2023-02-05 19:00:00,23.06189055962311,461.24536339465516,4.989101543444441
2023-02-05 20:00:00,29.01027196703582,613.97482236208,4.7173105161621365
2023-02-05 21:00:00,40.15871359003043,611.7892593813368,6.553429743624111
2023-02-05 22:00:00,30.83834716920682,366.3777290745834,8.394179812393078
2023-02-05 23:00:00,30.544277321796255,443.0356623214604,6.878789231051372
2023-02-06 00:00:00,30.562233853281313,352.25435817314275,8.651622590400331
2023-02-06 01:00:00,35.85284989603268,400.1017922142881,8.938591298260354
2023-02-06 02:00:00,36.35892548564253,417.1487504868355,8.695213232925159
2023-02-06 03:00:00,53.75053041901019,368.2442311657169,14.556904585704128
2023-02-06 04:00:00,66.47096066435067,453.33941421572365,14.630243070390934
2023-02-06 05:00:00,47.743773253955986,393.05750053023706,12.115940742077687
2023-02-06 06:00:00,108.77134568469657,530.3399728860094,20.471139239515065
2023-02-06 07:00:00,110.50698847372428,578.3719935688356,19.073581343312696
2023-02-06 08:00:00,85.54598784295294,484.9107893135418,17.60528675722675
2023-02-06 09:00:00,84.24003397291185,560.3835938598363,15.005788358315385
2023-02-06 10:00:00,101.57834976908097,613.6569037039293,16.526024381564532
2023-02-06 11:00:00,123.85510703583458,579.5905976919,21.332606405996316
2023-02-06 12:00:00,112.01137973962766,624.0959437400758,17.919070002188924
2023-02-06 13:00:00,106.6064272946603,536.537462832184,19.832371632847888
2023-02-06 14:00:00,86.66972496537589,589.0685633532728,14.688077004618686
2023-02-06 15:00:00,62.55124899634521,640.6225016376045,9.74891760134604
2023-02-06 16:00:00,85.82698553950547,465.9531073021264,18.38021510026573
2023-02-06 17:00:00,64.22171454411681,581.4512070346221,11.026110645573668
2023-02-06 18:00:00,27.932358743835785,757.8084576868924,3.6810816301366964
2023-02-06 19:00:00,34.07903087505611,585.5407044271703,5.81017321011651
2023-02-06 20:00:00,38.615814487884414,628.0002477340342,6.13923676930135
2023-02-06 21:00:00,27.451215465831694,493.2891820580809,5.553675148529969
2023-02-06 22:00:00,40.44381443306899,400.19212977966083,10.08090922802528
2023-02-06 23:00:00,54.04523485973344,414.5284799470988,13.006385234199584
2023-02-07 00:00:00,71.34029922450944,420.4824414564038,16.926042987223358
2023-02-07 01:00:00,50.01682628995719,342.7080303546949,14.552126186386026
2023-02-07 02:00:00,32.123329583366925,351.2450846422146,9.119596265195726
2023-02-07 03:00:00,85.73043915339149,338.26220416499876,25.26966991928663
2023-02-07 04:00:00,78.09528928420028,358.53382291358815,21.72126356606233
2023-02-07 05:00:00,48.443485147001276,436.9300096420085,11.061924070150393
2023-02-07 06:00:00,43.685898930161976,532.7381464308611,8.184893514224568
2023-02-07 07:00:00,81.22543946802993,541.5825847870992,14.970152331723199
2023-02-07 08:00:00,82.73103513035099,464.5619117947548,17.770146791308687
2023-02-07 09:00:00,94.09009726387185,502.45523359897624,18.688870625351104
2023-02-07 10:00:00,71.7770494822914,569.4155151748936,12.583291928916772
2023-02-07 11:00:00,176.376801143772,555.7345916314355,31.680589601397614
2023-02-07 12:00:00,111.19926072892282,561.7217065998038,19.760968774571452
2023-02-07 13:00:00,68.46714481403264,590.5975933299823,11.57326290471282
2023-02-07 14:00:00,86.87352341826384,584.184999253797,14.84548023770966
2023-02-07 15:00:00,66.25273613933851,575.7325610230497,11.487601119973986
2023-02-07 16:00:00,85.74378335679882,530.1516295607432,16.14299544326128
2023-02-07 17:00:00,52.12871838405527,542.7653070439062,9.586620865432694
2023-02-07 18:00:00,50.140973267077506,745.4541556036738,6.7172207282478595
2023-02-07 19:00:00,31.9429929619649,617.9168693496274,5.161112023902557
2023-02-07 20:00:00,23.808356838050916,558.4785163150755,4.255455061056003
2023-02-07 21:00:00,36.92185996211735,629.6297937491651,5.854759849294899
2023-02-07 22:00:00,39.19812407166346,375.4461160867675,10.412678573798496
2023-02-07 23:00:00,39.84778679451503,401.98916406077444,9.888054158326108
2023-02-08 00:00:00,39.59461220970297,365.95938052407655,10.789916898474035
2023-02-08 01:00:00,45.62125566836937,507.3786623223227,8.973873029990497
2023-02-08 02:00:00,48.997583198985225,391.9703989608038,12.468517559734165
2023-02-08 03:00:00,83.06357547983656,374.45333781755875,22.123541626416177
2023-02-08 04:00:00,43.63895370909185,414.9403953824734,10.491636348271518
2023-02-08 05:00:00,56.96892522194153,395.7563594630508,14.358667192893968
2023-02-08 06:00:00,49.85159754033374,498.4061879355784,9.982174579455636
2023-02-08 07:00:00,120.7447078981415,545.8955992739444,22.078200676407253
2023-02-08 08:00:00,54.769134187290206,591.3646827085752,9.245847327841943
2023-02-08 09:00:00,104.6221217949873,570.8823756296582,18.29434272734764
2023-02-08 10:00:00,126.82057766120245,635.271640464237,19.931829362797234
2023-02-08 11:00:00,58.00686064948774,579.068779184288,9.999997022949403
2023-02-08 12:00:00,119.51209010552051,532.5912653416751,22.397684870083694
2023-02-08 13:00:00,116.12416085812788,574.2774731160432,20.18576535408743
2023-02-08 14:00:00,84.2353955562926,435.7977856899578,19.284757916809472
2023-02-08 15:00:00,83.24478436714332,631.0302227390707,13.171013247812732
2023-02-08 16:00:00,82.0546346489489,634.3994995244287,12.913865168348973
2023-02-08 17:00:00,63.800713438917974,645.132377429017,9.874248012889126
2023-02-08 18:00:00,70.97355590344921,557.6726304478851,12.70396150363587
2023-02-08 19:00:00,30.25857116207325,640.2935073701592,4.718365430855327
2023-02-08 20:00:00,28.652120091600906,604.5866777727647,4.73129960470367
2023-02-08 21:00:00,41.541955112664525,713.3601785432646,5.815267474368124
2023-02-08 22:00:00,41.1807302717986,488.0595483130157,8.420391834460505
2023-02-08 23:00:00,46.43581263287948,453.804978168799,10.21004933144004
2023-02-09 00:00:00,42.235730880590964,401.0553501420181,10.50495432175496
2023-02-09 01:00:00,64.75140183143338,443.50626453102103,14.567039206916405
2023-02-09 02:00:00,66.40664986850632,386.6917422318622,17.128724353584836
2023-02-09 03:00:00,67.64725989588045,423.91794140524496,15.920076161567662
2023-02-09 04:00:00,55.21891826359055,381.04671766353687,14.453446584043439
2023-02-09 05:00:00,111.93980916468095,415.01142197702853,26.907869171645505
2023-02-09 06:00:00,52.150016522053505,511.7522138623952,10.170607773533426
2023-02-09 07:00:00,73.87161093234756,490.560854863246,15.0279686027682
2023-02-09 08:00:00,97.45571307840581,533.5808255724191,18.23030464552335
2023-02-09 09:00:00,103.76512868814808,526.8925364902053,19.656487166507493
2023-02-09 10:00:00,113.45416605517964,626.7488688167396,18.073177299233116
2023-02-09 11:00:00,108.88936248918634,492.7433710698175,22.053837857762122
2023-02-09 12:00:00,142.9376873006078,553.4476340087841,25.78019609663322
2023-02-09 13:00:00,64.23251316049088,586.0637702227683,10.941317863324642
2023-02-09 14:00:00,119.39130085434668,526.0327441756913,22.653488264961858
2023-02-09 15:00:00,71.98793424103934,559.6661903633787,12.83971380446225
2023-02-09 16:00:00,76.95671387068008,635.6208017936469,12.088312799999375
2023-02-09 17:00:00,118.54023710696416,632.6655368790695,18.707067089493098
2023-02-09 18:00:00,35.40921136520427,717.2862285411318,4.929679834892812
2023-02-09 19:00:00,25.85486333188978,530.9395930007199,4.860488610377756
2023-02-09 20:00:00,34.6116107914992,616.5244455910251,5.604897269835666
2023-02-09 21:00:00,33.34061905058172,712.3581393982557,4.673756029293474
2023-02-09 22:00:00,38.84977486718145,371.1101253439624,10.440397135463703
2023-02-09 23:00:00,58.09268678463897,438.2047862597273,13.226788186749266
2023-02-10 00:00:00,40.47917629993782,410.90583778279716,9.82728880897361
2023-02-10 01:00:00,40.866601696561276,320.20132860795917,12.72304877245412
2023-02-10 02:00:00,45.684094022156444,343.0491413642415,13.278363038782048
2023-02-10 03:00:00,88.95533217659549,355.9695895627443,24.919582725676378
2023-02-10 04:00:00,86.31562340371623,406.11760446122855,21.201643568802346
2023-02-10 05:00:00,55.72937907516198,413.87360474815915,13.43285724551973
2023-02-10 06:00:00,51.45859984719662,565.3381515189586,9.086196949504647
2023-02-10 07:00:00,59.34634041228555,556.990653266489,10.63572302956525
2023-02-10 08:00:00,107.02376204486453,425.4850433608742,25.09437639394669
2023-02-10 09:00:00,151.1425759682504,610.14575480209,24.731019528589474
2023-02-10 10:00:00,97.08077968029073,553.783679356576,17.498852848894643
2023-02-10 11:00:00,87.80590090655404,565.2492937332008,15.506580207396334
2023-02-10 12:00:00,114.74719947429121,613.157515004505,18.683675876448326
2023-02-10 13:00:00,72.29769194480677,536.8404645220572,13.442218783046174
2023-02-10 14:00:00,101.18118542236999,500.3535782447139,20.18160232876264
2023-02-10 15:00:00,89.57484183037677,605.4448435852918,14.770484534226032
2023-02-10 16:00:00,84.13085029968795,584.0479100452417,14.380164231880109
2023-02-10 17:00:00,49.836797791862566,575.1182434784222,8.650446042285266
2023-02-10 18:00:00,32.769544527688126,595.9963034033902,5.48906992235524
2023-02-10 19:00:00,56.04988037574485,609.4103551623915,9.182327904780307
2023-02-10 20:00:00,30.53149773413462,602.1789060169201,5.061764831225409
2023-02-10 21:00:00,39.40039468214334,585.0200241256315,6.723387096017841
2023-02-10 22:00:00,50.849417046161136,452.73227519208433,11.206920870822865
2023-02-10 23:00:00,49.98781577621991,513.9814294460793,9.706722013255401
2023-02-11 00:00:00,33.35774026341836,373.242104888435,8.913411887035695
2023-02-11 01:00:00,48.79765605288318,277.6392190085638,17.512845545042747
2023-02-11 02:00:00,42.48226060573088,379.6306420667386,11.1610196107864
2023-02-11 03:00:00,85.24000442287596,338.27215378253834,25.12437389055862
2023-02-11 04:00:00,108.32811753496316,310.93140822153003,34.72818532529106
2023-02-11 05:00:00,54.773483521080266,326.58392905731256,16.720442812534113
2023-02-11 06:00:00,69.82990933587794,475.7765568662853,14.646254798023163
2023-02-11 07:00:00,74.21452479099372,457.4373071919079,16.18858754004646
2023-02-11 08:00:00,114.13930705399,475.141688730854,23.971710470936916
2023-02-11 09:00:00,90.73362905582097,492.5467447245924,18.383999089377422
2023-02-11 10:00:00,110.52025353358181,440.7357508078059,25.019540150751325
2023-02-11 11:00:00,107.38849908580904,425.5810210557104,25.174232744823495
2023-02-11 12:00:00,100.50825371117828,450.44777354082623,22.26353957244379
2023-02-11 13:00:00,67.57450835027132,495.0829532709116,13.621614672449505
2023-02-11 14:00:00,96.52254277228035,526.9432714488194,18.282748922511377
2023-02-11 15:00:00,89.62801241196453,462.0614181286821,19.355534471899674
2023-02-11 16:00:00,51.05731106286155,464.9369729621082,10.95798660026358
2023-02-11 17:00:00,61.81726319784303,499.18576090088106,12.358861053242379
2023-02-11 18:00:00,71.34150081628047,497.67129049912484,14.306318044673093
2023-02-11 19:00:00,40.96678681784854,583.2343681559887,7.012046714600422
2023-02-11 20:00:00,33.22489759335681,590.7563976247257,5.614624147152365
2023-02-11 21:00:00,45.53170812769494,553.9017455675286,8.205364011087612
2023-02-11 22:00:00,28.93790083891335,403.382073761553,7.156079044190472
2023-02-11 23:00:00,31.90170285683956,347.3121888461548,9.158939560088191
2023-02-12 00:00:00,70.48041951337038,338.7876827170681,20.74248805894989
2023-02-12 01:00:00,66.35002868620725,323.3431657548289,20.45673708949405
2023-02-12 02:00:00,40.978227764985576,332.57113129973135,12.284704496254644
2023-02-12 03:00:00,46.26233880127143,315.8491233220122,14.600746978951003
2023-02-12 04:00:00,55.19948420371209,268.8415790670075,20.45625599826662
2023-02-12 05:00:00,57.786092549185376,341.87739131982926,16.853281672130915
2023-02-12 06:00:00,73.6341123550261,368.9511161495124,19.903741100018074
2023-02-12 07:00:00,71.252092780409,458.7729721448049,15.49723387349708
2023-02-12 08:00:00,87.96516890471429,403.6038459514227,21.741060987165085
2023-02-12 09:00:00,123.16011783080877,500.1480767578483,24.575594229072337
2023-02-12 10:00:00,52.714260525683244,442.62068527245947,11.88273276601329
2023-02-12 11:00:00,115.71922422738743,499.4854582693329,23.12139589980133
2023-02-12 12:00:00,126.67835572608178,424.2863586885096,29.786602165357525
2023-02-12 13:00:00,109.06468192021832,439.143496636531,24.77934645261465
2023-02-12 14:00:00,99.46887239261012,552.5571104779333,17.969035264804045
2023-02-12 15:00:00,116.89028044411737,430.59758804107094,27.083163502988356
2023-02-12 16:00:00,69.76339096078995,483.8011342231825,14.39010473285604
2023-02-12 17:00:00,58.67946854652315,459.42068946872064,12.744750591949588
2023-02-12 18:00:00,31.0072870051767,470.97437466310475,6.569697142415771
2023-02-12 19:00:00,46.69405704339076,431.83119696345443,10.788052564365714
2023-02-12 20:00:00,44.02900842331961,440.8737787018099,9.964159573503851
2023-02-12 21:00:00,30.26508600497906,542.7383647488036,5.566111933072983
2023-02-12 22:00:00,38.802884086352904,420.3983390337487,9.208124591882951
2023-02-12 23:00:00,53.44385965682335,374.884098716004,14.218175187347416
2023-02-13 00:00:00,43.636601324354736,425.72645429803424,10.225895508666557
2023-02-13 01:00:00,81.25518711572991,414.52656249513257,19.554751597061074
2023-02-13 02:00:00,43.347910904516375,376.1083806908891,11.494815051603986
2023-02-13 03:00:00,74.79639341321192,346.0190312004843,21.55397447640259
2023-02-13 04:00:00,56.1842061911695,472.86700463164794,11.856534774950894
2023-02-13 05:00:00,79.93743478799087,343.10896523211863,23.230267986208695
2023-02-13 06:00:00,51.84119199047126,528.2246828807517,9.79568672199525
2023-02-13 07:00:00,69.97740862505019,589.3348521294563,11.853850128046417
2023-02-13 08:00:00,131.8213321271653,472.6560139052442,27.830604543645972
2023-02-13 09:00:00,105.79693957989852,609.4892408044582,17.329861446941642
2023-02-13 10:00:00,93.3029206603282,582.0799739712753,16.00173643846061
2023-02-13 11:00:00,134.32042529923055,589.4541287639836,22.74866391067631
2023-02-13 12:00:00,100.70386940050898,576.7052625504366,17.431703660777544
2023-02-13 13:00:00,110.61057015233342,679.1223807813495,16.26333337615797
2023-02-13 14:00:00,98.3707263539561,573.7262567995277,17.116100959394508
2023-02-13 15:00:00,91.82465567256278,528.954342103686,17.3268993906266
2023-02-13 16:00:00,60.974632064181186,573.2646863324118,10.617862026934068
2023-02-13 17:00:00,40.37886964371923,561.4867986373113,7.178634190445298
2023-02-13 18:00:00,54.88383840994365,566.545083473239,9.670392715600283
2023-02-13 19:00:00,37.706872792329605,594.6158769932405,6.330736679263762
2023-02-13 20:00:00,36.53179311660191,653.0785741127596,5.585230056825562
2023-02-13 21:00:00,40.65073331964746,651.413812835308,6.230820457798786
2023-02-13 22:00:00,31.496314159130893,470.18785019612545,6.684449555738966
2023-02-13 23:00:00,60.972686303613294,445.8643425469885,13.644562901592874
2023-02-14 00:00:00,64.7858835286331,442.762712228509,14.599217496956475
2023-02-14 01:00:00,31.5889605327871,380.18408510096685,8.287061755062496
2023-02-14 02:00:00,32.46210272910174,356.2008526905042,9.087913000372497
2023-02-14 03:00:00,94.29108285595572,400.276890178315,23.49776056479497
2023-02-14 04:00:00,40.69912290936333,450.2793450247733,9.018609727668595
2023-02-14 05:00:00,78.64923249618376,354.5469650807781,22.120631089711353
2023-02-14 06:00:00,56.0916619285709,583.4862138647886,9.596746783414604
2023-02-14 07:00:00,108.97373701932007,541.6191976769114,20.08291219438308
2023-02-14 08:00:00,116.32193598205558,507.066321827437,22.895029838557956
2023-02-14 09:00:00,92.09406007386082,636.4700317052944,14.446806201618644
2023-02-14 10:00:00,59.33103874226978,584.3106510288718,10.136675052465968
2023-02-14 11:00:00,84.03388927524054,465.2887875609291,18.02185502139272
2023-02-14 12:00:00,130.28882533930525,621.450797570627,20.931586214976598
2023-02-14 13:00:00,95.74321093657404,620.2596296417402,15.411143162768518
2023-02-14 14:00:00,88.94984650152374,500.4303196517365,17.73922377954787
2023-02-14 15:00:00,82.2930960339646,553.15316850382,14.850243707195787
2023-02-14 16:00:00,57.840397966945936,418.7668768451135,13.779171525314995
2023-02-14 17:00:00,67.04649856012469,668.7930711552132,10.010031672093515
2023-02-14 18:00:00,41.780892914035356,512.5681422579415,8.135413682465286
2023-02-14 19:00:00,42.338150300499215,584.1545352765444,7.235379331118092
2023-02-14 20:00:00,62.81970691954716,519.9884112465832,12.057793525433079
2023-02-14 21:00:00,29.99241803341876,623.7522642994992,4.800689768935472
2023-02-14 22:00:00,40.76593122023418,466.40034560856816,8.721844475137434
2023-02-14 23:00:00,42.930423285419344,402.39718296684737,10.642221884069905
2023-02-15 00:00:00,44.00884119959423,410.51721448273406,10.694289242531966
2023-02-15 01:00:00,53.53208633745558,363.4912354639546,14.68679658903609
2023-02-15 02:00:00,67.68394156785305,425.43032509957123,15.872215830815712
2023-02-15 03:00:00,73.01151256156487,365.9113282342945,19.898952946730148
2023-02-15 04:00:00,59.358489402228756,353.5742779293543,16.74077706619638
2023-02-15 05:00:00,92.31304848474933,455.75989651373425,20.210410149695264
2023-02-15 06:00:00,118.2559994176846,575.980776051241,20.49565675775347
2023-02-15 07:00:00,107.21112527641301,466.21869589144524,22.946668491477215
2023-02-15 08:00:00,134.30866797532929,493.46857646320865,27.162225137945168
2023-02-15 09:00:00,150.1489252365202,690.9495481937603,21.699403609477518
2023-02-15 10:00:00,89.53001389996474,593.6674937196753,15.055474672064209
2023-02-15 11:00:00,85.82878858564952,589.4143477847832,14.537043164292424
2023-02-15 12:00:00,104.57260946956822,557.8758115321864,18.711242696812572
2023-02-15 13:00:00,123.70969340312428,612.9418760449552,20.150066029062625
2023-02-15 14:00:00,119.23578819752159,672.5861250168377,17.701639592790162
2023-02-15 15:00:00,91.07657483824265,584.4436304855444,15.55684784933218
2023-02-15 16:00:00,88.06561861623685,611.1844290899769,14.385471833569495
2023-02-15 17:00:00,46.00736444033279,725.5919008919441,6.331940169420473
2023-02-15 18:00:00,40.48359518883165,592.3298262815692,6.8231181706378345
2023-02-15 19:00:00,33.43965192855152,726.228237429638,4.598233430366065
2023-02-15 20:00:00,24.827721718256782,618.9495967024593,4.004796817405251
2023-02-15 21:00:00,35.60625423825085,620.2531906854762,5.731359576433523
2023-02-15 22:00:00,36.22142918271638,425.18600039391487,8.498972080086551
2023-02-15 23:00:00,69.35735286194277,477.7074587786454,14.488462962097621
2023-02-16 00:00:00,62.16712005127346,330.7047462897126,18.741703501877655
2023-02-16 01:00:00,42.521936072995416,362.22308895763,11.706837303494106
2023-02-16 02:00:00,36.695454633559876,398.1542461884063,9.193301833557124
2023-02-16 03:00:00,50.675388368204544,389.9752080436421,12.961279213015462
2023-02-16 04:00:00,79.12112966814095,431.06803969848625,18.312192154586285
2023-02-16 05:00:00,71.77243095567918,436.29714311932105,16.412737216555595
2023-02-16 06:00:00,84.33140464695599,505.3695308476677,16.65412302864755
2023-02-16 07:00:00,76.06840677329886,623.8165916224326,12.174517737401228
2023-02-16 08:00:00,132.89331313865506,553.1389780274403,23.981946480594683
2023-02-16 09:00:00,160.14020015393154,537.787174051888,29.722348241814164
2023-02-16 10:00:00,150.8287241201469,558.7394992075282,26.94623558524782
2023-02-16 11:00:00,110.52799713117513,582.690118192881,18.936074757162675
2023-02-16 12:00:00,83.10081669191709,602.5065051763321,13.769663786413828
2023-02-16 13:00:00,117.77447645530009,527.4848008337635,22.285310054233026
2023-02-16 14:00:00,106.50453869149361,599.7499358932267,17.728597595792834
2023-02-16 15:00:00,66.85439545934756,599.8190933409709,11.127208872073414
2023-02-16 16:00:00,92.82307571366529,553.7657552429882,16.73194043367162
2023-02-16 17:00:00,28.91641196850569,638.1578645307617,4.5241424025556976
2023-02-16 18:00:00,42.21201284635181,681.7350565455326,6.182780925288055
2023-02-16 19:00:00,31.0533147461941,660.9721114747417,4.691030665478265
2023-02-16 20:00:00,26.188843230600618,630.3964840658001,4.147765135143101
2023-02-16 21:00:00,40.058323935760995,656.3668137828347,6.093755129688447
2023-02-16 22:00:00,55.14085403596786,416.20293888565647,13.21679424963984
2023-02-16 23:00:00,76.79015019277269,379.7622754076081,20.167478543027514
2023-02-17 00:00:00,32.9562425699494,347.9390618424838,9.444698565970906
2023-02-17 01:00:00,39.04854324328939,423.90984313583607,9.18984200392041
2023-02-17 02:00:00,80.66793274484945,327.9576129733086,24.52228784606204
2023-02-17 03:00:00,52.22316848234465,356.5417292724142,14.606174386586174
2023-02-17 04:00:00,35.416606672196366,424.54176888888907,8.322709839899126
2023-02-17 05:00:00,100.1365668446287,453.4039572801271,22.03690466165931
2023-02-17 06:00:00,29.863604315545388,532.54208288646,5.597235021084643
2023-02-17 07:00:00,99.3631025839565,548.7604797144281,18.073889675658467
2023-02-17 08:00:00,104.04927231768559,519.036125090757,20.008085457433722
2023-02-17 09:00:00,128.47431580863022,640.3757144262747,20.031054016997423
2023-02-17 10:00:00,126.58163297947543,628.8062639816682,20.098503336441865
2023-02-17 11:00:00,150.2117082825483,492.6623570278315,30.428025581476476
2023-02-17 12:00:00,124.90683671400626,572.5026760144001,21.779643223647305
2023-02-17 13:00:00,105.07980787015514,610.8107318426494,17.175214882824324
2023-02-17 14:00:00,100.36537638745361,517.8181131854758,19.345002388452333
2023-02-17 15:00:00,85.8644436309766,478.3392192134953,17.913085386975816
2023-02-17 16:00:00,69.15089639280168,513.8566064226633,13.43109819902619
2023-02-17 17:00:00,29.301524379074962,798.762984272925,3.663776013053838
2023-02-17 18:00:00,51.591855468630584,734.3407484990853,7.016047400329095
2023-02-17 19:00:00,53.07762350875303,625.4119379705761,8.473277773203327
2023-02-17 20:00:00,37.423436373945535,611.2400304899389,6.1125432036839875
2023-02-17 21:00:00,62.69364667979593,676.5124696980738,9.253504471694031
2023-02-17 22:00:00,68.65086460364319,443.2766231633359,15.452279283756972
2023-02-17 23:00:00,40.07111329513741,425.6232303704513,9.392623383481089
2023-02-18 00:00:00,50.41668528399088,289.91838744016417,17.330181748776724
2023-02-18 01:00:00,48.539625598819185,350.3597989381034,13.81479205803225
2023-02-18 02:00:00,88.85058634383026,369.98961164988117,23.94961571799546
2023-02-18 03:00:00,55.63891164501335,325.63263947539235,17.034094245564532
2023-02-18 04:00:00,97.11030854832164,334.99589625825274,28.90223054203044
2023-02-18 05:00:00,118.35135708495213,359.61828607693377,32.81901158492646
2023-02-18 06:00:00,94.34718032035366,369.5977898432312,25.458106579713824
2023-02-18 07:00:00,80.07139783784001,509.96629281062894,15.670583160661748
2023-02-18 08:00:00,142.23477782652105,504.1419353298807,28.15738862259283
2023-02-18 09:00:00,102.72909814519616,584.1968430227588,17.554622751305743
2023-02-18 10:00:00,135.5675004273097,410.2404839608912,32.9655045441008
2023-02-18 11:00:00,93.20137527429858,557.7799454143808,16.679441708521264
2023-02-18 12:00:00,105.64821974577747,486.89436307312076,21.653912761017892
2023-02-18 13:00:00,115.20816901735753,431.94857043178337,26.610128058041497
2023-02-18 14:00:00,99.78229028209327,537.6277460479249,18.525278546125072
2023-02-18 15:00:00,79.5187164745047,549.3462015796447,14.448853511891997
2023-02-18 16:00:00,88.22234359947367,498.53193837392615,17.66100159414323
2023-02-18 17:00:00,30.659339898400123,621.4559694158033,4.925543557269598
2023-02-18 18:00:00,41.79103801504402,565.8473869245523,7.372537825706945
2023-02-18 19:00:00,46.42129492225991,475.9287715424767,9.733381102617226
2023-02-18 20:00:00,33.551595872509985,548.0394010822853,6.110963221650747
2023-02-18 21:00:00,38.5360484915424,470.2904724027955,8.176708579546032
2023-02-18 22:00:00,48.268653495587245,421.70146529654363,11.419088282962223
2023-02-18 23:00:00,55.906796510124856,284.2898561737544,19.596489430060597
2023-02-19 00:00:00,78.54459072278908,375.5330829599262,20.859944126383297
2023-02-19 01:00:00,92.69365739947436,291.17017324242903,31.725913829869803
2023-02-19 02:00:00,65.49201893716963,336.086682468933,19.42883606598893
2023-02-19 03:00:00,91.50373302286684,312.7674035874237,29.16291876615269
2023-02-19 04:00:00,95.44096910470162,294.50945596623166,32.29709478928072
2023-02-19 05:00:00,69.99758762707685,311.49813025059416,22.399362060485085
2023-02-19 06:00:00,69.04066305908232,433.5272582366041,15.88868402393505
2023-02-19 07:00:00,76.63575516541908,438.76957582921136,17.426343107277912
2023-02-19 08:00:00,129.10739293001467,484.9754260576146,26.56665049452694
2023-02-19 09:00:00,95.99680938868792,536.4225791335431,17.862444399611626
2023-02-19 10:00:00,122.8844415401253,515.515316629691,23.791054705203585
2023-02-19 11:00:00,114.8650398071651,473.6832181348084,24.198251680038084
2023-02-19 12:00:00,136.98449232585375,436.5262243766128,31.308864404877493
2023-02-19 13:00:00,147.3760992624986,455.8100331901189,32.26201014747905
2023-02-19 14:00:00,110.97643424753291,521.3334419154339,21.24628165498545
2023-02-19 15:00:00,76.46497778278014,579.5146084892093,13.171929984980126
2023-02-19 16:00:00,70.72886281301122,533.4792464954477,13.233229031206854
2023-02-19 17:00:00,52.32493948218441,505.1776827363918,10.337267182408414
2023-02-19 18:00:00,39.40785239712149,545.784518417468,7.207199741349248
2023-02-19 19:00:00,52.81757019812915,566.1507660941159,9.31279182815462
2023-02-19 20:00:00,48.06453245141623,575.5024767848702,8.337263825728916
2023-02-19 21:00:00,44.43425655106314,590.1903079617574,7.516066476843778
2023-02-19 22:00:00,49.21513925007537,387.2082884087852,12.67750862605272
2023-02-19 23:00:00,40.294508520901026,399.97533496060123,10.049123975383738
2023-02-20 00:00:00,54.65982151996146,476.2650672939208,11.45271784291297
2023-02-20 01:00:00,65.3825682956765,455.09970015332954,14.335148274312939
2023-02-20 02:00:00,56.34682089664567,387.01040165368227,14.521987208718668
2023-02-20 03:00:00,63.71174680450049,442.0830832860949,14.379187382191787
2023-02-20 04:00:00,45.341576573940245,405.63407060728036,11.150461766822854
2023-02-20 05:00:00,106.71811067977895,419.2978897199299,25.39106507312985
2023-02-20 06:00:00,127.58942271779688,518.0237208896176,24.582580252614644
2023-02-20 07:00:00,75.35503255333248,492.7842570524844,15.260719935290075
2023-02-20 08:00:00,104.10960266739446,490.40416769175755,21.186145643904904
2023-02-20 09:00:00,131.262134595806,547.5236285509335,23.930078443943927
2023-02-20 10:00:00,143.8926297073187,619.2338246247058,23.199739194228236
2023-02-20 11:00:00,108.41847916709254,583.7250668413674,18.541787468212963
2023-02-20 12:00:00,133.8012229891118,603.6470870232923,22.128812965563412
2023-02-20 13:00:00,160.41695050354417,577.3533523197628,27.736841130100697
2023-02-20 14:00:00,98.0937096005843,556.6123806029393,17.591738098518686
2023-02-20 15:00:00,76.09350076644364,501.0247294032733,15.157321205449664
2023-02-20 16:00:00,65.21740895790431,582.6316103482375,11.174413414480894
2023-02-20 17:00:00,53.23811215475972,563.6118267859039,9.429152849635077
2023-02-20 18:00:00,45.15622935909916,626.8698699664163,7.191972655339312
2023-02-20 19:00:00,56.70954335114824,554.0611649510778,10.216809773774486
2023-02-20 20:00:00,45.88341817374827,693.4818471177853,6.606856372729116
2023-02-20 21:00:00,37.21496856033548,529.4832231363284,7.015296042787697
2023-02-20 22:00:00,52.52631793704032,540.7128263636866,9.696340086615566
2023-02-20 23:00:00,30.379860768894066,592.4242576080421,5.1194167375881054
2023-02-21 00:00:00,89.73606405390707,398.8029161513564,22.445074917846526
2023-02-21 01:00:00,67.93397181287013,439.2742483898808,15.429921704780657
2023-02-21 02:00:00,43.92811478743155,395.62804170755976,11.075393105921759
2023-02-21 03:00:00,91.6691054138102,394.67905202535644,23.16754069860027
2023-02-21 04:00:00,62.69828607064059,347.0668956077943,18.01328619923962
2023-02-21 05:00:00,63.164203123216915,342.8614982426703,18.36908274000499
2023-02-21 06:00:00,68.60845443242604,542.3516526929171,12.626897165471783
2023-02-21 07:00:00,143.05408197081192,582.9517277174111,24.497586903285846
2023-02-21 08:00:00,122.81601761297937,537.0980072961181,22.82409820287498
2023-02-21 09:00:00,139.01845161926505,615.3218591973871,22.556144901351313
2023-02-21 10:00:00,101.76510994451793,521.6148489264643,19.472295927595624
2023-02-21 11:00:00,118.88117592421324,511.65084998326097,23.189501378588357
2023-02-21 12:00:00,120.79659585492992,716.3464780151506,16.839365572570447
2023-02-21 13:00:00,87.20380841368409,597.7598797054853,14.564070067048817
2023-02-21 14:00:00,71.51690454513785,594.0736004460128,12.018161197461172
2023-02-21 15:00:00,76.87764412137008,590.4769161315216,12.997573028577072
2023-02-21 16:00:00,78.04379426698321,590.3933675043224,13.196596133015102
2023-02-21 17:00:00,73.69928890172504,747.5294663890053,9.845876777204127
2023-02-21 18:00:00,54.939664892636046,644.0232323036237,8.517470711314626
2023-02-21 19:00:00,36.50659098032185,654.7683064367271,5.566995327768901
2023-02-21 20:00:00,32.2730903612916,723.7868494982918,4.452769856907795
2023-02-21 21:00:00,39.8368042928302,540.834258683329,7.352212167173527
2023-02-21 22:00:00,50.078449371391734,410.00636855257716,12.184348760276096
2023-02-21 23:00:00,63.6909830665424,503.4665855011734,12.625411652045734
2023-02-22 00:00:00,63.64697738578729,404.64842582466787,15.69018226963297
2023-02-22 01:00:00,41.68664550977654,341.6470208913319,12.16606098057895
2023-02-22 02:00:00,84.92622134119333,461.4347086572194,18.365018834290193
2023-02-22 03:00:00,55.52377852771459,382.4398189100808,14.480441464201528
2023-02-22 04:00:00,147.35098708489372,399.7754792351259,36.76646769061593
2023-02-22 05:00:00,56.94501058937,395.59052606743705,14.358641179362655
2023-02-22 06:00:00,85.20789654541286,519.8195845802352,16.360348010739237
2023-02-22 07:00:00,55.84504924462013,557.058585166248,10.007022690634471
2023-02-22 08:00:00,103.17494068615015,522.4744201367456,19.70964324468769
2023-02-22 09:00:00,77.04760172272404,553.1887527920541,13.90277253635176
2023-02-22 10:00:00,176.3304011400215,612.64476569585,28.734931184505335
2023-02-22 11:00:00,78.12753628528334,632.6839872734033,12.329100601302581
2023-02-22 12:00:00,101.45189758950465,553.2347488432065,18.304860494809123
2023-02-22 13:00:00,78.89235345153918,623.5999917200292,12.630860470280298
2023-02-22 14:00:00,111.612751483958,591.2134836910444,18.84670892467993
2023-02-22 15:00:00,77.11745184363662,616.8501778691066,12.481577995106475
2023-02-22 16:00:00,98.4422648704299,604.2070242764943,16.265882734608788
2023-02-22 17:00:00,84.16680993665523,626.0899836029996,13.421807417982912
2023-02-22 18:00:00,26.277751888826675,621.3962649193294,4.222029174971449
2023-02-22 19:00:00,50.05588647465414,692.6904804983315,7.215881993752476
2023-02-22 20:00:00,44.99676237685034,686.6876206814915,6.543197961344571
2023-02-22 21:00:00,33.85826648835573,520.5725764919193,6.491573371453952
2023-02-22 22:00:00,24.297708364459282,463.5003264790238,5.230934614974169
2023-02-22 23:00:00,39.99613233168998,450.71613147796484,8.85426256548047
2023-02-23 00:00:00,52.89790908212053,418.1993465900659,12.61879569050218
2023-02-23 01:00:00,65.25282515536533,356.93840822348307,18.23018252755484
2023-02-23 02:00:00,43.608415160306926,386.0117514961259,11.267982171529345
2023-02-23 03:00:00,69.19927990859561,413.5817977978324,16.691345417518814
2023-02-23 04:00:00,66.07733752529634,374.18409355518116,17.611977336021535
2023-02-23 05:00:00,46.11674125319925,452.917992624981,10.159707701056055
2023-02-23 06:00:00,107.84310852684838,543.0656056308428,19.82171036189736
2023-02-23 07:00:00,107.21118947834361,585.5220787344981,18.279139586640365
2023-02-23 08:00:00,97.63706758269822,570.5254090490262,17.083591741819266
2023-02-23 09:00:00,104.76121363052087,551.5298312756508,18.960281907069863
2023-02-23 10:00:00,93.87818551704169,630.4498263589157,14.867085490919335
2023-02-23 11:00:00,143.32190245887253,570.3479984166951,25.084869966472713
2023-02-23 12:00:00,118.10387141332657,592.3154623165678,19.905746422349495
2023-02-23 13:00:00,121.29303133505232,629.8710361385683,19.226279918866144
2023-02-23 14:00:00,141.57114858440565,488.02270469046636,28.94981096511972
2023-02-23 15:00:00,79.50926616170953,609.8770788304155,13.015591665992424
2023-02-23 16:00:00,58.86898071060184,500.249964662956,11.744435882441557
2023-02-23 17:00:00,59.96952911426072,573.5277373308226,10.438056375288506
2023-02-23 18:00:00,38.43473540581193,495.35545193031624,7.743389390877048
2023-02-23 19:00:00,39.96620784628365,581.9736754828479,6.855576765654409
2023-02-23 20:00:00,105.0458799630608,594.998652158781,17.625187503792432
2023-02-23 21:00:00,34.80761045642946,557.8756558649973,6.228149337182371
2023-02-23 22:00:00,40.608823947702106,450.13765594959716,9.00142637444547
2023-02-23 23:00:00,43.71585388752089,449.3810084129934,9.706415916950485
2023-02-24 00:00:00,71.02904870773155,349.07001011242846,20.289955339196254
2023-02-24 01:00:00,49.117129305528834,376.3144670667062,13.017557923864423
2023-02-24 02:00:00,61.782722344780844,406.1376816067827,15.17489663470923
2023-02-24 03:00:00,77.03602979078842,407.624551842728,18.852521084058147
2023-02-24 04:00:00,47.944589755753654,457.4781673857443,10.457333231184176
2023-02-24 05:00:00,88.22711457155881,352.5281539033925,24.956177774647152
2023-02-24 06:00:00,60.013588498082974,588.9546205718414,10.172577077184677
2023-02-24 07:00:00,71.72522203998875,549.3230106325035,13.03329511109352
2023-02-24 08:00:00,76.60226565927046,442.00378281751665,17.291560169549314
2023-02-24 09:00:00,104.84945487944377,494.508963615212,21.159951197343972
2023-02-24 10:00:00,100.4885816436032,585.0118375002313,17.147875727606532
2023-02-24 11:00:00,145.83051276612943,609.4342862223427,23.889633340977273
2023-02-24 12:00:00,116.33211863956467,558.5681528767626,20.789624649204306
2023-02-24 13:00:00,97.92440618090878,645.996028523123,15.135240691420883
2023-02-24 14:00:00,109.35767991229507,562.57822508695,19.4041705382466
2023-02-24 15:00:00,142.40993795027234,629.0131251060584,22.604281129269904
2023-02-24 16:00:00,51.63693444245692,430.2013710495435,11.97513224894733
2023-02-24 17:00:00,100.19634576100569,542.820027391235,18.424541339836022
2023-02-24 18:00:00,48.2717506754481,655.8712144820872,7.348738932563539
2023-02-24 19:00:00,38.77512046115967,591.4427529001575,6.544956499399414
2023-02-24 20:00:00,66.36243365306552,567.5534203727675,11.672154502132011
2023-02-24 21:00:00,57.15324977281111,633.2202044602325,9.011578213824436
2023-02-24 22:00:00,97.4302075620734,514.035927759174,18.917167193747865
2023-02-24 23:00:00,56.07332605898104,399.8913888420424,13.987161515478405
2023-02-25 00:00:00,50.68713412275127,388.41143259060135,13.016344637225894
2023-02-25 01:00:00,40.363709390025036,323.8208880339649,12.426451277297293
2023-02-25 02:00:00,77.012200870442,351.03725708399674,21.876150697329955
2023-02-25 03:00:00,59.67242447776065,337.70083839513956,17.618032704172062
2023-02-25 04:00:00,65.38729654527447,320.4457260991627,20.341628846265376
2023-02-25 05:00:00,78.04219701215814,359.41366297220003,21.653506797875696
2023-02-25 06:00:00,85.48013872973823,455.99545577239263,18.704811535874825
2023-02-25 07:00:00,134.19091349391533,442.89396640471944,30.230398169360793
2023-02-25 08:00:00,72.02892608317899,443.83035833802717,16.192448364426628
2023-02-25 09:00:00,111.53639551731007,489.4066896830625,22.743652944333455
2023-02-25 10:00:00,102.59591130601947,488.7706399930314,20.94774633846554
2023-02-25 11:00:00,95.37422554373559,406.13198434271675,23.425873970012436
2023-02-25 12:00:00,114.61105336983005,495.49515695929443,23.084022424659125
2023-02-25 13:00:00,78.80461780050054,511.03460479784184,15.390486709704641
2023-02-25 14:00:00,94.80118232802769,501.3108570524269,18.873010805365325
2023-02-25 15:00:00,107.21409144320748,523.4690701221449,20.44240500554935
2023-02-25 16:00:00,97.48144313374014,483.6455100694778,20.113968067044592
2023-02-25 17:00:00,92.14469280655169,552.1087081652619,16.659418202293068
2023-02-25 18:00:00,63.43916780685345,513.6134653402086,12.327537478039776
2023-02-25 19:00:00,36.167538624761626,582.2379744927604,6.201163196929415
2023-02-25 20:00:00,35.46509311462548,577.4745411299803,6.130795842000013
2023-02-25 21:00:00,53.10696926408897,475.67694753834223,11.141081929458572
2023-02-25 22:00:00,38.71772017930043,368.68975974683076,10.473030198568367
2023-02-25 23:00:00,77.86957048190405,460.55558142388935,16.871114469394573
2023-02-26 00:00:00,37.85216727430579,394.6633311718791,9.566761509638742
2023-02-26 01:00:00,69.91093918911506,419.03056083944136,16.644250611049902
2023-02-26 02:00:00,73.00714194100016,393.50570623409936,18.50597869367136
2023-02-26 03:00:00,51.500708775338985,389.19974104100595,13.198550218906167
2023-02-26 04:00:00,55.843866730730646,338.6695065539762,16.44064764520056
2023-02-26 05:00:00,60.73704960318925,392.7874783274325,15.423814353153878
2023-02-26 06:00:00,68.33784037821908,464.3240110071092,14.686076531987732
2023-02-26 07:00:00,91.81768959235217,393.46267332194225,23.276648413680146
2023-02-26 08:00:00,109.70665619853293,488.10845695706587,22.429924209665224
2023-02-26 09:00:00,125.85603622552851,443.7104643313374,28.30066893405904
2023-02-26 10:00:00,118.39282647030782,513.739588960664,23.00052861862842
2023-02-26 11:00:00,150.74576407710043,390.0745519095738,38.546554190505496
2023-02-26 12:00:00,82.9791855130247,490.63911533024134,16.8780682670634
2023-02-26 13:00:00,109.97848595321305,544.8372839335973,20.148584420735954
2023-02-26 14:00:00,114.52455185114121,514.2299056726744,22.227854126910614
2023-02-26 15:00:00,86.87176321006395,531.9794752318875,16.29926990570659
2023-02-26 16:00:00,82.61466652747451,530.1420056485101,15.554157955668414
2023-02-26 17:00:00,53.52791374178805,513.9881068126709,10.394009693365415
2023-02-26 18:00:00,42.21705479897182,645.918963810085,6.525864468453799
2023-02-26 19:00:00,45.30964287587467,589.1241725038475,7.677984564439996
2023-02-26 20:00:00,41.83495343124123,581.3234168263691,7.1841441065927665
2023-02-26 21:00:00,38.72281541677416,560.1334357046204,6.900821257986448
2023-02-26 22:00:00,25.85100776641004,385.81001743242325,6.683127789193381
2023-02-26 23:00:00,36.82362647381327,465.209961479263,7.898507006794445
2023-02-27 00:00:00,91.90180226267182,347.52080871521883,26.369100485407763
2023-02-27 01:00:00,66.63177113531658,428.5599463676234,15.51163503458774
2023-02-27 02:00:00,70.05401862277,468.8511010346024,14.909833874713181
2023-02-27 03:00:00,66.50281132117716,440.6057752237152,15.059316488215575
2023-02-27 04:00:00,102.96152238440499,378.874143663912,27.10411437623369
2023-02-27 05:00:00,67.971331523772,484.1559467256712,14.010202695135884
2023-02-27 06:00:00,94.40312072600739,590.8508410284766,15.950491945227332
2023-02-27 07:00:00,141.18047973920008,604.4721584186616,23.31741893928325
2023-02-27 08:00:00,67.42842700367507,566.6447290873081,11.878631747728969
2023-02-27 09:00:00,91.52238765729204,560.6064703759066,16.296533691293174
2023-02-27 10:00:00,119.15037075527904,717.8385492709284,16.575400815124006
2023-02-27 11:00:00,124.64127047349348,486.703554406061,25.556768932161074
2023-02-27 12:00:00,113.13329285705757,669.7893021643413,16.865697245323727
2023-02-27 13:00:00,101.34520757035094,537.208878597063,18.830088391429964
2023-02-27 14:00:00,107.18576284863616,661.1510666909136,16.18750889948646
2023-02-27 15:00:00,76.81848638739092,615.7387453089158,12.455595983176575
2023-02-27 16:00:00,54.82067558588487,607.3749781221602,9.011001036744975
2023-02-27 17:00:00,69.38202745125885,646.1348459902548,10.721417318378135
2023-02-27 18:00:00,36.24865287231697,678.4347952945328,5.335118707984817
2023-02-27 19:00:00,42.79903520888984,605.477918709973,7.05698161277278
2023-02-27 20:00:00,70.3243005548077,674.3165237561647,10.413531741183869
2023-02-27 21:00:00,38.161853514500194,649.0971192706304,5.8701772986343155
2023-02-27 22:00:00,67.97751229045006,488.6020207012482,13.884238507244536
2023-02-27 23:00:00,33.4944263658636,400.6320835959442,8.33957936477011
2023-02-28 00:00:00,45.86686458315686,470.9626078685567,9.718325947535858
2023-02-28 01:00:00,77.72444174912619,400.8238455456977,19.342914217440814
2023-02-28 02:00:00,54.94551137368186,462.9910976808463,11.84193223713008
2023-02-28 03:00:00,59.832618421528295,396.19915680906513,15.063631781648022
2023-02-28 04:00:00,87.47206828655723,390.4810172143878,22.343885000854247
2023-02-28 05:00:00,64.66741927425858,333.1068371346779,19.35531156107148
2023-02-28 06:00:00,53.982571224338635,541.3068600383909,9.954248268317517
2023-02-28 07:00:00,99.55203254818721,525.367927414438,18.91301262164564
2023-02-28 08:00:00,89.35733808754308,450.9232380895639,19.772680525411243
2023-02-28 09:00:00,107.66534889508259,624.4201315884625,17.214883796853584
2023-02-28 10:00:00,134.58635461001236,675.2302290535074,19.902445768860044
2023-02-28 11:00:00,126.20331771214445,524.2920040289645,24.025364320067897
2023-02-28 12:00:00,116.13713924460266,613.039752677611,18.91361898609488
2023-02-28 13:00:00,97.3501767114241,624.7481735787014,15.55740485100756
2023-02-28 14:00:00,94.96484693768777,615.3696673853984,15.407125295526416
2023-02-28 15:00:00,71.56003435965587,577.6694205850339,12.366306532546474
2023-02-28 16:00:00,44.326366481091014,475.1580229522341,9.309171397819254
2023-02-28 17:00:00,57.43547812838378,562.1987211146732,10.198083904506827
2023-02-28 18:00:00,34.57580981689982,761.6828495798109,4.533445302454207
2023-02-28 19:00:00,92.07987177997524,726.425660722752,12.658320533879293
2023-02-28 20:00:00,30.03625748318953,766.1946040048646,3.91507673886078
2023-02-28 21:00:00,41.871393742030826,613.7554028852732,6.811065595440557
2023-02-28 22:00:00,68.66433578466456,486.2617727782796,14.091878251222703
2023-02-28 23:00:00,34.54758932354936,494.3779696740905,6.973985812545973
2023-03-01 00:00:00,34.530864834931236,335.61651387468504,10.258220678913668
2023-03-01 01:00:00,107.40815183796418,419.9230403279386,25.517289753082448
2023-03-01 02:00:00,46.17124420552706,481.3426275704975,9.572291886803812
2023-03-01 03:00:00,35.72749672118373,341.14875921209943,10.442094486461695
2023-03-01 04:00:00,76.87347844553338,406.62889875106225,18.858691982110862
2023-03-01 05:00:00,43.17341733607457,377.81923269094534,11.396838811322189
2023-03-01 06:00:00,73.20878049466407,498.8269600596591,14.646825070405548
2023-03-01 07:00:00,75.42770035130775,495.2472890375066,15.199619628674059
2023-03-01 08:00:00,154.84385360027616,622.4494240403434,24.836634316989315
2023-03-01 09:00:00,115.94873159150623,565.5651590864005,20.465206822543813
2023-03-01 10:00:00,132.34681206731446,613.3010040770124,21.54429362624364
2023-03-01 11:00:00,121.69770042992229,571.7732635258491,21.247098665322063
2023-03-01 12:00:00,111.22063497692811,477.8837412021667,23.22497621191423
2023-03-01 13:00:00,113.97787141376907,609.0604615421184,18.683045140420077
2023-03-01 14:00:00,88.54649714151259,588.4838059497757,15.021022841984024
2023-03-01 15:00:00,91.8028720085312,620.7417974579079,14.765433558413173
2023-03-01 16:00:00,65.19576148629787,573.4554414325335,11.349141601604055
2023-03-01 17:00:00,94.55351370600053,644.7271182842483,14.642952267087253
2023-03-01 18:00:00,59.9265204342411,578.1338334323914,10.347611721986707
2023-03-01 19:00:00,50.923046437514934,651.1381099175288,7.8086291328618715
2023-03-01 20:00:00,51.73841783205644,511.5103400997257,10.095097363692025
2023-03-01 21:00:00,44.25106070279696,631.0699287777305,7.000975475667345
2023-03-01 22:00:00,42.503426607411924,501.0612111721549,8.465785777033004
2023-03-01 23:00:00,75.14915138551422,434.7541474624296,17.245768473607818
2023-03-02 00:00:00,48.82778835302311,359.4049229146389,13.548035903102205
2023-03-02 01:00:00,48.836372856035,469.8783710930606,10.371334903888242
2023-03-02 02:00:00,72.53992358802893,392.76586609446866,18.42209542119779
2023-03-02 03:00:00,87.39017545244171,430.445728913844,20.255195403705752
2023-03-02 04:00:00,76.30977377082682,380.06730303577507,20.025274580869187
2023-03-02 05:00:00,92.30027390092329,368.7582090109043,24.962332586969374
2023-03-02 06:00:00,89.86585572177081,466.0324359531635,19.241887458708124
2023-03-02 07:00:00,78.7127357928986,577.474381047816,13.606952766053835
2023-03-02 08:00:00,93.9839226425033,377.87651142880117,24.805951228825343
2023-03-02 09:00:00,110.2838257843832,607.4491074621711,18.12539856363251
2023-03-02 10:00:00,160.1083869687414,629.8772676233687,25.378690148703456
2023-03-02 11:00:00,111.78229314753081,609.974695452705,18.2957320457773
2023-03-02 12:00:00,128.14905684402737,584.418005441929,21.890180290455586
2023-03-02 13:00:00,117.5640359415794,616.9297690143985,19.025468886066893
2023-03-02 14:00:00,94.83712042549746,635.5759940668444,14.898004528825975
2023-03-02 15:00:00,125.52401109689995,658.9059587070344,19.02149987292756
2023-03-02 16:00:00,77.21577221738468,682.5290343173709,11.296633842993778
2023-03-02 17:00:00,64.88354855626585,629.3394833719577,10.293429218359568
2023-03-02 18:00:00,32.826397777742585,706.8604206005532,4.637411108519454
2023-03-02 19:00:00,41.94661781968218,745.3020679193809,5.620595148104756
2023-03-02 20:00:00,44.947524362815294,646.5036485563344,6.9416634891602085
2023-03-02 21:00:00,51.8833487109472,756.9272220290658,6.845426210190604
2023-03-02 22:00:00,50.58752949344256,437.3944335872122,11.539272768475723
2023-03-02 23:00:00,51.2593259237108,425.81836821529544,12.009634481769679
2023-03-03 00:00:00,79.3870143716943,354.25450207765755,22.346518877990334
2023-03-03 01:00:00,79.35055603242517,468.61086955987406,16.89708675329292
2023-03-03 02:00:00,52.969516658926146,406.5022363099495,12.998583060201197
2023-03-03 03:00:00,99.58290987318091,390.6333408131686,25.427587361794004
2023-03-03 04:00:00,80.24850615231304,419.11186116473607,19.101699706794435
2023-03-03 05:00:00,73.93920842254826,368.0734915205984,20.03373586055059
2023-03-03 06:00:00,90.76857552710422,496.36063950723155,18.25005203810151
2023-03-03 07:00:00,76.61768349327558,488.34906357483396,15.65706143045654
2023-03-03 08:00:00,86.07022147127626,463.784838190436,18.518293713361356
2023-03-03 09:00:00,129.88121071843645,599.3902992564417,21.6327963458585
2023-03-03 10:00:00,123.65699485718477,560.3337194578387,22.029140700226996
2023-03-03 11:00:00,101.95295386108867,557.6897430845477,18.24858163641997
2023-03-03 12:00:00,126.42562221768301,654.3706985701695,19.29070409975719
2023-03-03 13:00:00,103.90479978706935,585.056108417421,17.729496936334755
2023-03-03 14:00:00,110.99552456079094,573.5910387191377,19.31730867369931
2023-03-03 15:00:00,58.49244635978621,580.2381336539438,10.06342202499248
2023-03-03 16:00:00,93.6585222451344,642.2456503438929,14.56030401372517
2023-03-03 17:00:00,52.873562926972774,745.8033770963849,7.079984444171673
2023-03-03 18:00:00,49.27980578500721,605.5532456854961,8.124563859074506
2023-03-03 19:00:00,54.966314525684574,684.437580594221,8.019156825050803
2023-03-03 20:00:00,47.35196334512831,650.531457065189,7.26779387727867
2023-03-03 21:00:00,16.969848240846503,722.6134401290456,2.345153821053985
2023-03-03 22:00:00,44.63807913414672,418.9619489279836,10.62907705045473
2023-03-03 23:00:00,30.684355969280176,493.7167634770858,6.20240877903896
2023-03-04 00:00:00,63.367438722546346,311.26005666125894,20.29316186004783
2023-03-04 01:00:00,46.23344935352158,304.8914308084061,15.114332961644724
2023-03-04 02:00:00,68.88136820648816,329.79979528435393,20.82267558457165
2023-03-04 03:00:00,84.08197776112908,315.6777806016441,26.55127164317778
2023-03-04 04:00:00,90.78708054450964,390.1503945992079,23.210274563965243
2023-03-04 05:00:00,85.94759549552239,374.4201933661173,22.893706043058952
2023-03-04 06:00:00,84.38882002815211,514.8259001794372,16.359942375672933
2023-03-04 07:00:00,165.29945323608433,373.54981450172073,44.132835429644814
2023-03-04 08:00:00,112.92170690322008,487.8453206313713,23.099680438257103
2023-03-04 09:00:00,99.51155147522454,397.89773544978624,24.946632339995116
2023-03-04 10:00:00,158.55062984567388,470.1060112199795,33.65497914897966
2023-03-04 11:00:00,93.30605376808796,454.8751800976296,20.467456409472803
2023-03-04 12:00:00,116.20949126066047,457.8253629314084,25.327608421253096
2023-03-04 13:00:00,113.94448638384992,531.0143473328332,21.417558935222697
2023-03-04 14:00:00,145.66231210113932,494.5270185221004,29.39543287378644
2023-03-04 15:00:00,140.48183633703633,472.8292315017221,29.64819960385364
2023-03-04 16:00:00,66.75328127586704,438.8154739448973,15.177565417862104
2023-03-04 17:00:00,45.995627853269944,519.7336021005567,8.832851897348448
2023-03-04 18:00:00,59.703616626481946,618.8946675143783,9.631251848943698
2023-03-04 19:00:00,58.48770718493562,570.1894863384935,10.239633008629143
2023-03-04 20:00:00,46.58400000048327,509.1159831026252,9.132040858071193
2023-03-04 21:00:00,55.90660722581232,604.5914757602212,9.231736156066383
2023-03-04 22:00:00,55.95721223670442,394.6751322102433,14.142211041701596
2023-03-04 23:00:00,39.90342236750935,390.95638412003024,10.180577223431467
2023-03-05 00:00:00,69.06451850104122,366.1895280450512,18.808956472355487
2023-03-05 01:00:00,49.43612116250645,423.34454909908595,11.649995567861753
2023-03-05 02:00:00,70.71775700874517,343.7073151958927,20.51530498230279
2023-03-05 03:00:00,60.520423115920295,351.3313400902441,17.17713306469386
2023-03-05 04:00:00,75.59315312378675,349.53567536877677,21.565038435605704
2023-03-05 05:00:00,81.0962044447443,375.23586919299413,21.554618016270307
2023-03-05 06:00:00,63.507754372298834,452.37017832886676,14.007924960214615
2023-03-05 07:00:00,113.79127624026364,472.67599404153236,24.023019463022717
2023-03-05 08:00:00,112.84866778360026,506.61329341003795,22.231227835958936
2023-03-05 09:00:00,108.65950654314145,523.0180385400754,20.735833225487614
2023-03-05 10:00:00,95.28593350946028,446.6743173837641,21.284654895174032
2023-03-05 11:00:00,114.00905677417464,496.3306952658941,22.92419467759185
2023-03-05 12:00:00,94.03767699736511,452.6633432290299,20.728515627477226
2023-03-05 13:00:00,103.49668159190966,534.5652214239002,19.32475774224928
2023-03-05 14:00:00,102.64408369971967,461.1825302362225,22.208559818835656
2023-03-05 15:00:00,122.98309590284723,534.8677588801448,22.950269700841304
2023-03-05 16:00:00,76.184829212464,514.4944654920724,14.77898101965861
2023-03-05 17:00:00,64.31450269740408,559.2539471600576,11.479526922285158
2023-03-05 18:00:00,39.63213411989855,579.6234505124563,6.825789431157037
2023-03-05 19:00:00,47.85355958420327,497.92773332747,9.591280738205567
2023-03-05 20:00:00,35.58242713707559,532.5048964331012,6.6695596188473685
2023-03-05 21:00:00,34.80997494593614,523.1819268617243,6.640819372454019
2023-03-05 22:00:00,51.03412848548632,460.24373013826823,11.064460100127038
2023-03-05 23:00:00,77.14907594409709,407.0840507068849,18.90519264608826
2023-03-06 00:00:00,67.97750929566922,364.14040487331,18.61681380324231
2023-03-06 01:00:00,59.25397502770032,477.58295420751955,12.381129437804224
2023-03-06 02:00:00,92.80356655778496,406.712148741246,22.762031213517414
2023-03-06 03:00:00,106.68777981038207,441.7510842480363,24.09655980664157
2023-03-06 04:00:00,59.37960254348289,403.513214410626,14.679273860063809
2023-03-06 05:00:00,95.58783063102089,416.9540966040289,22.870413619029826
2023-03-06 06:00:00,98.56742253972331,592.9480344232335,16.59529400336166
2023-03-06 07:00:00,75.84350153217959,533.5923701853028,14.187164980654396
2023-03-06 08:00:00,118.68438089150419,535.5532441294785,22.119776963432887
2023-03-06 09:00:00,117.28116217099415,481.71507557813356,24.296146547842945
2023-03-06 10:00:00,124.22696925244011,560.7733024354156,22.11336293730724
2023-03-06 11:00:00,121.37918047327886,530.8102519238186,22.823775967874035
2023-03-06 12:00:00,167.8895049247941,579.1076088926376,28.941096850164907
2023-03-06 13:00:00,128.96565475231824,586.6702539764552,21.945241209619773
2023-03-06 14:00:00,111.85209483886075,565.4842444503792,19.744961300271147
2023-03-06 15:00:00,105.51964875097332,635.3906866111812,16.580954273996657
2023-03-06 16:00:00,77.22275707542744,634.8358678609992,12.145077209187763
2023-03-06 17:00:00,45.88998804970143,617.348109401755,7.4213840637597315
2023-03-06 18:00:00,59.01247783298092,684.4870668586639,8.60883898268329
2023-03-06 19:00:00,43.65641207827629,642.8519942298179,6.780504288178608
2023-03-06 20:00:00,56.79287659726126,597.3698537655542,9.491266353052795
2023-03-06 21:00:00,38.496190701425206,718.2501783756466,5.3522671052185125
2023-03-06 22:00:00,57.951526471523536,367.69287494369524,15.718103172016432
2023-03-06 23:00:00,56.748821222348994,416.74064425774867,13.584701896360032
2023-03-07 00:00:00,57.10900690596842,377.89662047916585,15.072450853149965
2023-03-07 01:00:00,120.39798626558718,437.8796710219174,27.433028735471908
2023-03-07 02:00:00,61.00910910568086,312.18294008912346,19.480342412112005
2023-03-07 03:00:00,74.38292057359232,371.4650562940124,19.970442680903933
2023-03-07 04:00:00,75.22191441245482,363.0691420854629,20.661436446266286
2023-03-07 05:00:00,88.95049159293795,374.2921470326218,23.70166610099785
2023-03-07 06:00:00,70.64345376576006,465.00399724338035,15.159409400701993
2023-03-07 07:00:00,72.55889363444388,605.4731047100958,11.964074428185604
2023-03-07 08:00:00,124.82137614628947,491.9547570862636,25.32106128442262
2023-03-07 09:00:00,115.50151980573847,650.4758152229331,17.72921067932724
2023-03-07 10:00:00,114.5445802292774,681.3033901459178,16.78792482692792
2023-03-07 11:00:00,114.71258403846042,636.6177688777192,17.99080728888215
2023-03-07 12:00:00,105.51506748150362,624.2496325061799,16.875670451587307
2023-03-07 13:00:00,141.52215276486066,696.900207046252,20.278279234767663
2023-03-07 14:00:00,128.89025197782277,629.5448928613279,20.441090465888344
2023-03-07 15:00:00,72.50114934339385,509.742169063574,14.195254227063705
2023-03-07 16:00:00,83.80337035000005,631.488122393806,13.24979353490872
2023-03-07 17:00:00,77.09606500150133,632.3499838251373,12.172742870518004
2023-03-07 18:00:00,51.88824925942248,717.332923984174,7.223426287024212
2023-03-07 19:00:00,50.146714956348745,658.9061470794059,7.5990677126265105
2023-03-07 20:00:00,58.96819452344489,565.4993220820314,10.40922596459984
2023-03-07 21:00:00,64.90456443394967,549.5802464563279,11.78839321818966
2023-03-07 22:00:00,32.40716971236503,516.8291492221061,6.258274521827858
2023-03-07 23:00:00,54.18689908092305,566.6038556843137,9.546605178640714
2023-03-08 00:00:00,36.01113753343829,451.78547750865795,7.953244819507202
2023-03-08 01:00:00,48.90111064336157,392.6452327790689,12.422635045807105
2023-03-08 02:00:00,69.30507741078952,423.1881020917774,16.338288855587624
2023-03-08 03:00:00,112.02839410633416,326.79990302458043,34.17584723871428
2023-03-08 04:00:00,69.70917699519285,461.6776446071634,15.06646750879426
2023-03-08 05:00:00,58.58521998191641,450.9355714197385,12.963179640379526
2023-03-08 06:00:00,121.10099028662432,423.6510456732841,28.517765709164507
2023-03-08 07:00:00,67.31315955027915,528.1580000416292,12.720805420117165
2023-03-08 08:00:00,146.44156091672212,654.8845796433399,22.327337074513146
2023-03-08 09:00:00,132.98831427849152,593.3699244529483,22.374670858538565
2023-03-08 10:00:00,122.89288384155869,572.5519301588698,21.42663591202949
2023-03-08 11:00:00,97.21734356086795,528.2486511379594,18.368935537546843
2023-03-08 12:00:00,123.72057155482229,606.622778478621,20.36141104923626
2023-03-08 13:00:00,107.10592517356692,574.5031898654973,18.610830845020857
2023-03-08 14:00:00,165.3428829884326,513.3788204705069,32.144185648466625
2023-03-08 15:00:00,72.8622961654386,676.8070937305299,10.749709886395177
2023-03-08 16:00:00,78.45988895095941,601.6478594371602,13.019193169330531
2023-03-08 17:00:00,50.69550695279236,653.025223624822,7.751307613461947
2023-03-08 18:00:00,53.3368219890387,697.0117916849613,7.641249420770759
2023-03-08 19:00:00,49.43041935848885,716.2173200867624,6.89197234563566
2023-03-08 20:00:00,42.08844480783796,658.8705858672487,6.378287759640376
2023-03-08 21:00:00,38.1953413731093,593.426215618985,6.425581572531406
2023-03-08 22:00:00,60.78939217826603,408.3927883629392,14.848671961552574
2023-03-08 23:00:00,58.43596999842329,483.5648954342399,12.059472435793404
2023-03-09 00:00:00,49.44965805890284,356.7744171744837,13.821462822699994
