Date,Wind Speed,Solar Irradiance
2023-01-01 00:00:00,10.25979457189229,-69.46131212242001
2023-01-01 01:00:00,9.441497042716206,145.72281278079745
2023-01-01 02:00:00,11.297988683954463,206.75414670083296
2023-01-01 03:00:00,11.094228748388757,363.9102234779813
2023-01-01 04:00:00,9.829073132635482,406.8391010014976
2023-01-01 05:00:00,9.375386126236823,476.8458221874633
2023-01-01 06:00:00,9.64987858913392,506.4607118288286
2023-01-01 07:00:00,9.616960972783271,523.8132067586762
2023-01-01 08:00:00,10.579856937533249,409.17132309610656
2023-01-01 09:00:00,10.279145974115362,217.11792090464365
2023-01-01 10:00:00,10.90796659460614,204.32121495550166
2023-01-01 11:00:00,11.57341725265569,137.2079760758454
2023-01-01 12:00:00,10.38472344708622,59.0914663180672
2023-01-01 13:00:00,10.679123887670528,14.985148010633207
2023-01-01 14:00:00,12.542368299721407,49.78526260625552
2023-01-01 15:00:00,10.656743327678221,7.882159668920714
2023-01-01 16:00:00,9.596393176802751,10.902189404318179
2023-01-01 17:00:00,10.017742591521044,-12.102633019398528
2023-01-01 18:00:00,8.420240383543224,52.47076493643402
2023-01-01 19:00:00,10.631531283203637,82.30278768285363
2023-01-01 20:00:00,9.536557029784525,-48.230278995691286
2023-01-01 21:00:00,9.1952923729446,11.236105963871674
2023-01-01 22:00:00,9.220983403693646,-59.59646543031807
2023-01-01 23:00:00,11.229522791207993,83.5732411916528
2023-01-02 00:00:00,9.913263620635998,8.547536616806298
2023-01-02 01:00:00,10.93643158512425,130.64114867826862
2023-01-02 02:00:00,10.55784838632935,197.37144665369183
2023-01-02 03:00:00,10.372458521325674,348.3675594077791
2023-01-02 04:00:00,9.788869328209746,436.68500375329
2023-01-02 05:00:00,10.667849113077605,437.57246040402765
2023-01-02 06:00:00,9.746206694479694,516.1528936910352
2023-01-02 07:00:00,10.328566618986327,448.3405410738025
2023-01-02 08:00:00,11.278349502698777,462.19897907983915
2023-01-02 09:00:00,11.489121877554759,310.3334091717147
2023-01-02 10:00:00,9.736071384817333,262.15754155475
2023-01-02 11:00:00,10.544292749064399,121.95232480532411
2023-01-02 12:00:00,10.756381337344875,15.069128099966674
2023-01-02 13:00:00,10.40953960067421,8.283000256633924
2023-01-02 14:00:00,10.935671338046024,4.738307489498782
2023-01-02 15:00:00,10.94676129240787,-36.98156826318953
2023-01-02 16:00:00,12.009751092214321,27.70108304085796
2023-01-02 17:00:00,12.328380307237058,14.367968098028644
2023-01-02 18:00:00,10.007279562923058,31.857583306382907
2023-01-02 19:00:00,11.832407280043814,-1.2667808245416108
2023-01-02 20:00:00,10.611202795058393,-8.975442664751114
2023-01-02 21:00:00,9.994619219544347,-50.746980622354286
2023-01-02 22:00:00,10.779197823141764,-33.03710528714024
2023-01-02 23:00:00,9.939104929573064,-23.6628023512825
2023-01-03 00:00:00,10.21541901759417,48.07143996383301
2023-01-03 01:00:00,9.161559876982427,70.52388798686744
2023-01-03 02:00:00,10.33852295935444,189.4821861710993
2023-01-03 03:00:00,11.190776019141461,359.1460256593524
2023-01-03 04:00:00,10.97865791832561,405.87087884565506
2023-01-03 05:00:00,10.621792480712148,476.304543402106
2023-01-03 06:00:00,11.994845504729707,490.9233048276075
2023-01-03 07:00:00,12.392208845697581,463.8828384988127
2023-01-03 08:00:00,10.756368659448727,406.03692184976535
2023-01-03 09:00:00,11.855813898296677,316.0920128726534
2023-01-03 10:00:00,10.607277419451467,237.97832694339547
2023-01-03 11:00:00,10.346089470523008,59.63169923917657
2023-01-03 12:00:00,11.218946289825798,30.282931292619256
2023-01-03 13:00:00,10.187597874306759,-44.21846829801279
2023-01-03 14:00:00,7.898454000129221,22.659389261008066
2023-01-03 15:00:00,9.999357268372613,-32.96803556587254
2023-01-03 16:00:00,8.752467206726191,51.86891912985069
2023-01-03 17:00:00,9.870201666939245,2.0129092926399283
2023-01-03 18:00:00,9.712905588111532,-53.830344662947326
2023-01-03 19:00:00,9.718883810474033,124.9024305408651
2023-01-03 20:00:00,9.206511931288455,-20.888376662368586
2023-01-03 21:00:00,9.05924035260597,-27.8274448104632
2023-01-03 22:00:00,9.61110744839028,-24.416317868092168
2023-01-03 23:00:00,9.887102364595332,19.897363865200944
2023-01-04 00:00:00,10.045907356780123,-72.63714311448885
2023-01-04 01:00:00,10.60292852385184,140.65551454478046
2023-01-04 02:00:00,11.050382525905597,174.3401996528088
2023-01-04 03:00:00,9.334214831654716,362.0303410820878
2023-01-04 04:00:00,9.469352921409815,504.2393962776173
2023-01-04 05:00:00,12.008740607324743,471.84681162445725
2023-01-04 06:00:00,11.101353625223098,561.5849593603929
2023-01-04 07:00:00,9.568400252160421,416.1074348903369
2023-01-04 08:00:00,9.090589848929683,416.82607543854243
2023-01-04 09:00:00,9.84552462327975,304.4931246914552
2023-01-04 10:00:00,10.0908487785795,354.0101935378515
2023-01-04 11:00:00,11.025875023547515,113.47252424698702
2023-01-04 12:00:00,8.04203824660907,-32.521900946460384
2023-01-04 13:00:00,9.379386498532584,-12.888237793454541
2023-01-04 14:00:00,12.143967765146009,0.3345919881896677
2023-01-04 15:00:00,10.360241883579386,-18.55154847785926
2023-01-04 16:00:00,10.406354154159466,-59.55758111759827
2023-01-04 17:00:00,9.779582530831552,67.46700023954105
2023-01-04 18:00:00,11.132690153819867,54.40808737457618
2023-01-04 19:00:00,8.540271881152082,16.65902799503778
2023-01-04 20:00:00,9.919039987371114,13.99337278664893
2023-01-04 21:00:00,8.262831099940408,10.769200546143141
2023-01-04 22:00:00,10.324200765693973,-22.831789770600146
2023-01-04 23:00:00,9.89795619872747,-28.26057637009275
2023-01-05 00:00:00,8.799949041282849,79.70103607834585
2023-01-05 01:00:00,11.440366166901791,166.22709862032153
2023-01-05 02:00:00,11.119904157943534,194.25544271949815
2023-01-05 03:00:00,11.459594816714144,346.1667961837141
2023-01-05 04:00:00,8.923159112546488,476.00693026137117
2023-01-05 05:00:00,9.42615382103187,522.1180643130549
2023-01-05 06:00:00,11.631903652766093,547.8873371943945
2023-01-05 07:00:00,11.24033277186542,429.4199123691318
2023-01-05 08:00:00,11.833367623234954,467.6322471686539
2023-01-05 09:00:00,10.189877593045402,424.5230436573313
2023-01-05 10:00:00,10.320479653385616,185.48369035839937
2023-01-05 11:00:00,11.045950102641482,221.95213762259124
2023-01-05 12:00:00,9.078698953166246,16.50433921381338
2023-01-05 13:00:00,10.625631832611322,5.4863204449792375
2023-01-05 14:00:00,12.964873725371229,-47.57923995444296
2023-01-05 15:00:00,10.071985704542888,-31.84198911909914
2023-01-05 16:00:00,8.826389060874785,-18.87715823293317
2023-01-05 17:00:00,10.840922288554065,-71.29269495321768
2023-01-05 18:00:00,9.528664052725821,-15.741559109365575
2023-01-05 19:00:00,10.322840368618149,-44.60634193476514
2023-01-05 20:00:00,11.51739269572191,34.14787784406649
2023-01-05 21:00:00,10.987934353366741,-152.3091624981649
2023-01-05 22:00:00,9.941303897436388,-12.351837223359269
2023-01-05 23:00:00,11.26831622069677,-48.384489223688725
2023-01-06 00:00:00,8.8475783094156,0.13418352698714958
2023-01-06 01:00:00,10.712615568365372,253.77244252082573
2023-01-06 02:00:00,10.131511032963083,346.5957300476676
2023-01-06 03:00:00,8.155813581004924,347.0306484855191
2023-01-06 04:00:00,9.304796036707275,446.062003504251
2023-01-06 05:00:00,10.500894198297832,465.9684576438893
2023-01-06 06:00:00,11.262216426678584,518.2322666543821
2023-01-06 07:00:00,10.537279891228607,544.66736219259
2023-01-06 08:00:00,10.219440054180804,389.6507711439738
2023-01-06 09:00:00,11.325292465447479,450.11466779952804
2023-01-06 10:00:00,10.78975201966983,308.60913583919785
2023-01-06 11:00:00,11.5127831007995,179.62523109525677
2023-01-06 12:00:00,11.089938586819024,19.12358174751705
2023-01-06 13:00:00,9.803483027920837,-45.180077470213334
2023-01-06 14:00:00,11.186416527272193,50.60504039063352
2023-01-06 15:00:00,11.47645511482211,-15.98654078893153
2023-01-06 16:00:00,11.915683455015579,-84.42639868063983
2023-01-06 17:00:00,9.988370317693633,3.9789666196800426
2023-01-06 18:00:00,10.152382359349474,-57.951186011325326
2023-01-06 19:00:00,11.395899870428869,-30.2541447184354
2023-01-06 20:00:00,11.357062961753138,35.3355727153627
2023-01-06 21:00:00,10.005189093852255,-5.981368885972976
2023-01-06 22:00:00,9.843080119855768,-1.8723898653393438
2023-01-06 23:00:00,10.082480769587148,58.41998384004861
2023-01-07 00:00:00,10.68029767743847,-112.80582014877069
2023-01-07 01:00:00,9.713228856139759,193.43201277440693
2023-01-07 02:00:00,11.020771701306524,272.4003884868808
2023-01-07 03:00:00,8.874236802666747,371.3459741154422
2023-01-07 04:00:00,9.769351864546918,457.1524877714928
2023-01-07 05:00:00,10.785059110091868,543.9802809746666
2023-01-07 06:00:00,9.68167683098993,581.349773216017
2023-01-07 07:00:00,10.18266956574,500.17049087884897
2023-01-07 08:00:00,10.47374032761735,452.3299505054895
2023-01-07 09:00:00,12.722079109893794,405.25067128856125
2023-01-07 10:00:00,9.29493716292038,160.12217093794237
2023-01-07 11:00:00,10.836722182179962,132.2526395755645
2023-01-07 12:00:00,9.576205887826246,24.904117231431684
2023-01-07 13:00:00,9.53870280427521,-24.66567818252374
2023-01-07 14:00:00,9.72600157169526,-39.9305123362336
2023-01-07 15:00:00,10.44451004786635,-7.616764853121039
2023-01-07 16:00:00,12.034841729387999,-29.246730946101856
2023-01-07 17:00:00,11.77587628603446,-12.28259312416804
2023-01-07 18:00:00,10.142860665603338,-23.605696600368287
2023-01-07 19:00:00,10.334562825023077,78.08181279076419
2023-01-07 20:00:00,11.19237490459436,-56.97637611791271
2023-01-07 21:00:00,10.658697373085923,41.73902839680634
2023-01-07 22:00:00,9.964391970337273,-29.36143109100604
2023-01-07 23:00:00,11.262456541609303,16.290777792874795
2023-01-08 00:00:00,12.30736394567903,32.35132312101212
2023-01-08 01:00:00,11.744820820598498,214.81210971352547
2023-01-08 02:00:00,12.042974242607217,286.8058360050852
2023-01-08 03:00:00,10.54701645407763,357.9997879097116
2023-01-08 04:00:00,9.60375897589471,466.02313201977785
2023-01-08 05:00:00,8.686119716237696,612.0370300660608
2023-01-08 06:00:00,8.614422884438655,542.4923425595489
2023-01-08 07:00:00,10.483044927756813,450.7219797018307
2023-01-08 08:00:00,11.193220084796465,443.5698799522608
2023-01-08 09:00:00,11.529475941572104,357.3684358718583
2023-01-08 10:00:00,10.929488186031579,303.658268932009
2023-01-08 11:00:00,9.964782530181626,77.19279814609953
2023-01-08 12:00:00,11.340893503614517,-25.38870798522174
2023-01-08 13:00:00,9.48824058873653,10.676041790186638
2023-01-08 14:00:00,9.58264736966594,-14.02099455101764
2023-01-08 15:00:00,11.299331578056597,4.545987844680289
2023-01-08 16:00:00,9.453214082319597,7.379375979628443
2023-01-08 17:00:00,9.921121948882814,10.724528011728156
2023-01-08 18:00:00,9.708707541918056,-46.34818619810544
2023-01-08 19:00:00,10.855529707329936,39.87920986674381
2023-01-08 20:00:00,11.274599372964898,-26.76422472479579
2023-01-08 21:00:00,11.300349673405842,-0.5795652670151716
2023-01-08 22:00:00,10.106080270155848,-60.594147528844985
2023-01-08 23:00:00,10.518549730012046,1.9946988799460175
2023-01-09 00:00:00,11.506613625041716,9.508874077977357
2023-01-09 01:00:00,10.241168879160545,141.20553545964086
2023-01-09 02:00:00,9.858630219017554,230.2729588964782
2023-01-09 03:00:00,10.12997057860373,437.22844061525524
2023-01-09 04:00:00,10.163680377963827,495.59355884290846
2023-01-09 05:00:00,10.802241486458685,513.2806058893972
2023-01-09 06:00:00,10.744670063083364,531.1736669087662
2023-01-09 07:00:00,10.60412853979221,483.31836896520446
2023-01-09 08:00:00,9.971446999934804,435.2804165547654
2023-01-09 09:00:00,9.839283968348198,453.674334149909
2023-01-09 10:00:00,11.420738643929099,251.37250120870715
2023-01-09 11:00:00,11.114693832572218,277.5897320983478
2023-01-09 12:00:00,10.336727769629148,-57.982335769391085
2023-01-09 13:00:00,10.714660467370916,18.438747071795596
2023-01-09 14:00:00,11.983680204087246,11.310339345393396
2023-01-09 15:00:00,10.699621565120447,1.8126539427838828
2023-01-09 16:00:00,10.765291662128096,-79.60388670021999
2023-01-09 17:00:00,12.298940680172171,-68.56134961543619
2023-01-09 18:00:00,11.841888502669798,9.778623993052864
2023-01-09 19:00:00,10.130715674108686,-51.20315238132335
2023-01-09 20:00:00,11.84193719162782,60.45250903331893
2023-01-09 21:00:00,10.601608589542874,-11.198746584989127
2023-01-09 22:00:00,9.720943372058041,12.750334056599014
2023-01-09 23:00:00,12.075711520829348,-2.022637537786256
2023-01-10 00:00:00,10.146959566130672,-3.4098614005129284
2023-01-10 01:00:00,10.346505501819166,216.53189580506722
2023-01-10 02:00:00,10.47513793434129,325.6284791748323
2023-01-10 03:00:00,12.893452731532916,391.55000121894517
2023-01-10 04:00:00,9.904502384842816,503.84655150417956
2023-01-10 05:00:00,10.253830346377887,582.9827404320133
2023-01-10 06:00:00,10.514168174230772,512.9320021261435
2023-01-10 07:00:00,11.38367716011399,446.57893989141854
2023-01-10 08:00:00,10.786969922553574,497.74978473531496
2023-01-10 09:00:00,10.189152230971606,446.1329908432476
2023-01-10 10:00:00,11.480258420965932,185.67747968206822
2023-01-10 11:00:00,12.212965344903873,110.17723830179564
2023-01-10 12:00:00,9.233313831551724,-12.070587891995887
2023-01-10 13:00:00,10.174933380849177,-49.12431734839446
2023-01-10 14:00:00,11.368402705378035,-7.230944248429862
2023-01-10 15:00:00,9.623635588249313,-55.6743362079642
2023-01-10 16:00:00,10.701572622207653,-15.954354632903167
2023-01-10 17:00:00,12.127198474101375,34.96835636085601
2023-01-10 18:00:00,11.479120501072813,-103.4743815077523
2023-01-10 19:00:00,11.377471512342048,-52.555016852029
2023-01-10 20:00:00,11.603805152181735,70.03459519877612
2023-01-10 21:00:00,11.181390927239544,-41.216054240649015
2023-01-10 22:00:00,10.519229711574711,-129.92897783971233
2023-01-10 23:00:00,11.821332433779665,8.559007328728757
2023-01-11 00:00:00,10.465301138444342,-3.7376416200377065
2023-01-11 01:00:00,10.779619916330105,148.99542679526084
2023-01-11 02:00:00,9.285234862314143,276.3976738756682
2023-01-11 03:00:00,10.463369133991314,450.4732380618982
2023-01-11 04:00:00,11.019760114412867,438.6118901905619
2023-01-11 05:00:00,10.967549704952749,523.7258827603242
2023-01-11 06:00:00,11.864965643984402,525.4222803437686
2023-01-11 07:00:00,10.503260150812997,562.2343048491721
2023-01-11 08:00:00,10.543576181747634,512.6421328800704
2023-01-11 09:00:00,10.399969401375031,405.4476637077593
2023-01-11 10:00:00,11.18249432743898,381.21846802168386
2023-01-11 11:00:00,12.487436900413242,169.25391743789885
2023-01-11 12:00:00,8.63075624612728,62.749951736937135
2023-01-11 13:00:00,10.453461248062517,-44.268601003525305
2023-01-11 14:00:00,10.590150457354891,-34.91051235183772
2023-01-11 15:00:00,8.809518363641685,99.01683874647671
2023-01-11 16:00:00,10.817066376995008,-67.69641918227397
2023-01-11 17:00:00,10.587820960713266,38.39247379013241
2023-01-11 18:00:00,10.502267598439653,64.33444765169281
2023-01-11 19:00:00,9.837777374561213,58.77736247961543
2023-01-11 20:00:00,10.85375402399369,-79.76629896493017
2023-01-11 21:00:00,9.774686790589397,-17.540451302960594
2023-01-11 22:00:00,10.09907955582483,31.109701728671606
2023-01-11 23:00:00,10.741691665038843,37.10068257124224
2023-01-12 00:00:00,12.047121134926254,-0.45042528648183017
2023-01-12 01:00:00,11.435854989787961,107.8753474261089
2023-01-12 02:00:00,11.639385124285802,261.96375354390915
2023-01-12 03:00:00,12.987122559339976,358.899503216593
2023-01-12 04:00:00,11.466010083659551,415.28291950323205
2023-01-12 05:00:00,9.978698230110012,517.538090674959
2023-01-12 06:00:00,10.462772903627586,643.7409390022658
2023-01-12 07:00:00,10.16842467294986,518.5483979085805
2023-01-12 08:00:00,10.889796546141207,401.7798797022356
2023-01-12 09:00:00,10.61412884463053,371.87728911854515
2023-01-12 10:00:00,10.082886006679447,362.04004423406843
2023-01-12 11:00:00,11.949548092541386,63.03433840143076
2023-01-12 12:00:00,12.021072176826381,-0.04693020262681067
2023-01-12 13:00:00,11.204942077327315,36.8870465361694
2023-01-12 14:00:00,10.023574283797478,-57.04775676622469
2023-01-12 15:00:00,11.147084189039207,9.539734808429714
2023-01-12 16:00:00,10.41371678239956,-45.66321505004613
2023-01-12 17:00:00,12.311306796834836,-61.28780573283
2023-01-12 18:00:00,9.829846981895766,31.133396341716647
2023-01-12 19:00:00,11.683130248061712,91.15273287064792
2023-01-12 20:00:00,11.662014106602632,-19.35170842732251
2023-01-12 21:00:00,11.921969157745718,29.037695596253695
2023-01-12 22:00:00,11.221817550664511,24.187147033883324
2023-01-12 23:00:00,10.695419613190834,8.699787527938122
2023-01-13 00:00:00,13.502721167615157,-34.436828098674575
2023-01-13 01:00:00,10.232547504906307,93.10374969993808
2023-01-13 02:00:00,11.827715415016177,237.8809495138423
2023-01-13 03:00:00,11.128039652620245,383.84664838862113
2023-01-13 04:00:00,11.452501398552412,460.0956054303418
2023-01-13 05:00:00,11.447148113982577,479.09819267864674
2023-01-13 06:00:00,10.027117889176903,545.2223668151978
2023-01-13 07:00:00,9.767334728020963,504.76756660568935
2023-01-13 08:00:00,9.832412496118756,508.90818790752473
2023-01-13 09:00:00,10.663582428017305,373.2367549923585
2023-01-13 10:00:00,11.35782624013435,319.9277294031216
2023-01-13 11:00:00,10.422248909942093,155.25494920481788
2023-01-13 12:00:00,9.673221804489568,-24.83284717014005
2023-01-13 13:00:00,12.028159801203284,-8.17094128214901
2023-01-13 14:00:00,9.570968654009507,-6.755545571159867
2023-01-13 15:00:00,11.589368302331925,8.308044084589563
2023-01-13 16:00:00,10.358207494518215,18.05096439753023
2023-01-13 17:00:00,12.3271807867991,-22.51353106591335
2023-01-13 18:00:00,10.584002689714099,-11.92628838872482
2023-01-13 19:00:00,9.349040465781314,5.717782474451671
2023-01-13 20:00:00,11.07003853569954,-147.8582062986924
2023-01-13 21:00:00,10.269238984042712,27.649986189225196
2023-01-13 22:00:00,11.920451909279585,-47.68595328606724
2023-01-13 23:00:00,11.439345013246948,-14.453003837017691
2023-01-14 00:00:00,10.564280626942502,-33.86814138724501
2023-01-14 01:00:00,10.190668526010725,182.27749650664956
2023-01-14 02:00:00,10.095794556088396,331.07043604623044
2023-01-14 03:00:00,10.607455737691602,390.12966474210714
2023-01-14 04:00:00,12.557094293940803,479.71805423468413
2023-01-14 05:00:00,11.04961235440443,538.6527036094008
2023-01-14 06:00:00,12.140393602735964,558.8824059058512
2023-01-14 07:00:00,9.712488275115923,590.6482719219055
2023-01-14 08:00:00,9.27238412102306,635.2073478663551
2023-01-14 09:00:00,10.247938913663194,387.14680711247365
2023-01-14 10:00:00,11.850450306080967,308.2585513946353
2023-01-14 11:00:00,10.904491658153741,102.51546808690804
2023-01-14 12:00:00,12.083042650999868,-37.76314942719702
2023-01-14 13:00:00,12.457173991822273,-51.01228821113351
2023-01-14 14:00:00,10.236137874574,66.97308082603936
2023-01-14 15:00:00,12.027693636424308,35.178827309373105
2023-01-14 16:00:00,12.581401224717677,-19.24415125813271
2023-01-14 17:00:00,12.226882539012108,10.646561629315558
2023-01-14 18:00:00,9.599421677382399,38.2242061017078
2023-01-14 19:00:00,9.338431083295538,59.800162945268234
2023-01-14 20:00:00,10.744737602685664,20.425210879770688
2023-01-14 21:00:00,10.782588240657052,4.597827929743632
2023-01-14 22:00:00,12.036228380973387,65.9492103491316
2023-01-14 23:00:00,10.225721865631975,-55.174693758170676
2023-01-15 00:00:00,11.692508861949005,-96.09223035699604
2023-01-15 01:00:00,10.193564169686702,208.741857351848
2023-01-15 02:00:00,11.621829206767776,259.45712596172643
2023-01-15 03:00:00,10.819671329413678,465.5426058970835
2023-01-15 04:00:00,11.635270188457682,584.273358592341
2023-01-15 05:00:00,10.912940254795565,637.3217487140889
2023-01-15 06:00:00,9.069353121505875,413.2313373198499
2023-01-15 07:00:00,11.785736733409166,584.6755516267032
2023-01-15 08:00:00,12.446804240701006,462.8524857588257
2023-01-15 09:00:00,10.440928284120002,366.0738105510176
2023-01-15 10:00:00,12.086296287704492,300.5185840525654
2023-01-15 11:00:00,10.663407472698214,114.59919067280488
2023-01-15 12:00:00,9.926860774063089,37.46345557436588
2023-01-15 13:00:00,10.665457559884452,66.06648069592391
2023-01-15 14:00:00,11.092953341137655,-10.100384890595821
2023-01-15 15:00:00,9.956346887690048,17.947713674392702
2023-01-15 16:00:00,12.626398773450411,-22.900272602720026
2023-01-15 17:00:00,9.745935095677417,23.40013685924794
2023-01-15 18:00:00,10.73534110089077,70.86089998023708
2023-01-15 19:00:00,10.354511694795026,20.498480666236464
2023-01-15 20:00:00,12.630567020392817,-5.953320824333793
2023-01-15 21:00:00,9.76939327298297,65.5242868929183
2023-01-15 22:00:00,12.101944055425328,-20.345708598968475
2023-01-15 23:00:00,11.473917877047658,-19.109657771043604
2023-01-16 00:00:00,10.112057367111744,-33.20818299636411
2023-01-16 01:00:00,11.008219073761829,68.57204421292225
2023-01-16 02:00:00,11.17722246073189,240.99225526012356
2023-01-16 03:00:00,11.944742733519757,404.37985463447876
2023-01-16 04:00:00,10.714827697172673,503.3534435963383
2023-01-16 05:00:00,11.991233557253793,500.2524294842132
2023-01-16 06:00:00,11.408565402114055,542.4763565850463
2023-01-16 07:00:00,11.81100317574616,454.00782795594137
2023-01-16 08:00:00,10.478568941091044,601.2492452872456
2023-01-16 09:00:00,11.11866530169154,474.96606656427184
2023-01-16 10:00:00,11.470021456922725,248.20572094274715
2023-01-16 11:00:00,11.441437581871266,153.8830343029624
2023-01-16 12:00:00,11.320235000103525,-43.98236802070673
2023-01-16 13:00:00,13.452090032637113,51.220477603417194
2023-01-16 14:00:00,11.934085284957778,32.153336167477164
2023-01-16 15:00:00,12.08724178906697,-65.71208082184452
2023-01-16 16:00:00,11.606687182554417,-48.70618806197515
2023-01-16 17:00:00,11.893052499969404,-3.4803657909280283
2023-01-16 18:00:00,11.558395975365347,69.2154335004948
2023-01-16 19:00:00,13.177565492235326,-18.95496784683388
2023-01-16 20:00:00,11.299711120036582,65.37710646803112
2023-01-16 21:00:00,12.191133319214421,15.544149719283187
2023-01-16 22:00:00,13.445104770112671,-41.62996501877594
2023-01-16 23:00:00,12.012840666306722,-20.905491285600952
2023-01-17 00:00:00,11.157912053127228,31.618960461274813
2023-01-17 01:00:00,10.708389633549011,190.12505671482833
2023-01-17 02:00:00,10.946853829922732,332.64680376752733
2023-01-17 03:00:00,11.834121938767408,415.25594017323914
2023-01-17 04:00:00,13.226666424089911,517.7600117210693
2023-01-17 05:00:00,12.046036821581765,665.4548907770718
2023-01-17 06:00:00,11.055860204394264,692.4733871970695
2023-01-17 07:00:00,11.1374869771992,554.9947271709111
2023-01-17 08:00:00,11.292966567422866,407.06880114319216
2023-01-17 09:00:00,10.101782421087437,411.01637219415704
2023-01-17 10:00:00,10.984688356842382,291.85708102210026
2023-01-17 11:00:00,10.940858162524734,84.95328440166179
2023-01-17 12:00:00,14.220524398478863,6.2301559371559065
2023-01-17 13:00:00,12.369286549732452,-52.24117892118632
2023-01-17 14:00:00,10.369325437640496,18.838483082465245
2023-01-17 15:00:00,9.873206357018123,29.748476659810123
2023-01-17 16:00:00,10.136399605052967,26.34632867119085
2023-01-17 17:00:00,12.856039969055109,49.46061539900664
2023-01-17 18:00:00,10.09337231253034,23.467572285063003
2023-01-17 19:00:00,13.052147927448463,39.4316684075588
2023-01-17 20:00:00,11.682145597566103,64.59655232015291
2023-01-17 21:00:00,11.19643313277016,-22.096424220173233
2023-01-17 22:00:00,10.297785306470304,-7.194949258732011
2023-01-17 23:00:00,12.706252531242425,-17.76603022753566
2023-01-18 00:00:00,12.070823369842277,-37.264258291312785
2023-01-18 01:00:00,12.42470945720638,134.22421570211839
2023-01-18 02:00:00,11.252086259076446,329.8625621521757
2023-01-18 03:00:00,12.191252395065307,443.81393526122685
2023-01-18 04:00:00,13.00622493517444,414.3174811663555
2023-01-18 05:00:00,12.119876370173174,642.3687367372407
2023-01-18 06:00:00,10.46890070703749,618.5838102841047
2023-01-18 07:00:00,12.04453256272023,567.9768742384612
2023-01-18 08:00:00,12.27940121816628,429.9704339008182
2023-01-18 09:00:00,13.201465665475471,348.18981641607945
2023-01-18 10:00:00,12.109592114996653,363.2660082909334
2023-01-18 11:00:00,12.626121918390915,199.3639791132972
2023-01-18 12:00:00,12.140901464942967,56.4323495179841
2023-01-18 13:00:00,10.169635610396472,-6.631180842222557
2023-01-18 14:00:00,12.35399072669955,65.33043610474736
2023-01-18 15:00:00,11.644575570742878,-68.48037727180382
2023-01-18 16:00:00,13.521571993708486,-61.669790463323906
2023-01-18 17:00:00,10.08533426571926,50.43335443040314
2023-01-18 18:00:00,10.392459907127872,-45.88073619161603
2023-01-18 19:00:00,12.250003675461999,-1.9940140146958159
2023-01-18 20:00:00,13.036216092378597,-88.74755667002073
2023-01-18 21:00:00,11.404340877391782,-142.21797473627336
2023-01-18 22:00:00,11.409619875129707,-51.07938920262987
2023-01-18 23:00:00,11.731754712968147,-18.941246701838555
2023-01-19 00:00:00,11.122204305433932,-46.24275893511556
2023-01-19 01:00:00,12.593885731385578,181.2204340308973
2023-01-19 02:00:00,11.12373324973997,340.70354808280507
2023-01-19 03:00:00,12.306681645275136,440.85077576723893
2023-01-19 04:00:00,10.283090028755081,444.74239360833053
2023-01-19 05:00:00,13.324881995891952,586.7808362598124
2023-01-19 06:00:00,9.485983772967035,518.905839256156
2023-01-19 07:00:00,10.543092941466643,653.7078196345419
2023-01-19 08:00:00,13.85979056563809,505.00987781830355
2023-01-19 09:00:00,11.70736893735938,367.55290705450403
2023-01-19 10:00:00,10.946544691914186,292.8031297060046
2023-01-19 11:00:00,10.329243138406095,158.60768690659427
2023-01-19 12:00:00,11.17028423175686,35.376099868627534
2023-01-19 13:00:00,11.896112532781517,-94.40177054285351
2023-01-19 14:00:00,12.093048273104916,-34.80808684456853
2023-01-19 15:00:00,11.928612243926075,24.079168220187373
2023-01-19 16:00:00,9.820104446286553,38.939728191141334
2023-01-19 17:00:00,11.745280167019386,163.52461787116934
2023-01-19 18:00:00,11.94532900904124,68.91762148406433
2023-01-19 19:00:00,11.95498047412383,-34.43341136157856
2023-01-19 20:00:00,11.635811764622094,88.71266861553522
2023-01-19 21:00:00,10.377368689476402,28.996443195375775
2023-01-19 22:00:00,10.684810163574312,68.3246792856405
2023-01-19 23:00:00,12.81944403016739,23.337823146681725
2023-01-20 00:00:00,10.911923070918496,71.85388992836947
2023-01-20 01:00:00,10.96558866598862,205.39195997295994
2023-01-20 02:00:00,11.391354853037061,319.80507044730643
2023-01-20 03:00:00,10.470982632953755,391.30290495805195
2023-01-20 04:00:00,12.321420637946648,484.0113160371963
2023-01-20 05:00:00,10.419157645806317,516.9704659275667
2023-01-20 06:00:00,12.771620098724593,580.6613724687143
2023-01-20 07:00:00,10.342817392285564,619.8296603769338
2023-01-20 08:00:00,11.408034101572863,535.1402334294356
2023-01-20 09:00:00,12.031393569677576,374.46498091225936
2023-01-20 10:00:00,12.478182474390373,340.59636624833047
2023-01-20 11:00:00,11.462607337819644,92.44685886180837
2023-01-20 12:00:00,10.984881125514303,16.621508070118757
2023-01-20 13:00:00,13.106659320214609,69.74189910821607
2023-01-20 14:00:00,11.869082074101025,-58.804314659140076
2023-01-20 15:00:00,11.516962164286415,8.525812574858818
2023-01-20 16:00:00,9.868973931947016,-34.93142961981533
2023-01-20 17:00:00,11.879185339139568,81.41863804727811
2023-01-20 18:00:00,11.682631027554235,112.48179858523532
2023-01-20 19:00:00,10.331733000930946,27.764734170764747
2023-01-20 20:00:00,10.906486478869278,43.91075474644442
2023-01-20 21:00:00,11.780969246321805,68.31738361153843
2023-01-20 22:00:00,12.155010228068916,38.24618710445981
2023-01-20 23:00:00,10.66921601138833,-41.168804993285455
2023-01-21 00:00:00,10.75954486336889,-22.24142148261416
2023-01-21 01:00:00,11.884034871440036,129.69549543655265
2023-01-21 02:00:00,10.92716272759091,207.56455364019845
2023-01-21 03:00:00,11.567694464513208,464.9684144944156
2023-01-21 04:00:00,13.543699004062626,446.99920727037625
2023-01-21 05:00:00,11.72572076954687,609.7994210845308
2023-01-21 06:00:00,12.7911305596282,552.0754849082813
2023-01-21 07:00:00,10.522878343306893,557.254512393595
2023-01-21 08:00:00,11.00053201629952,537.49100503605
2023-01-21 09:00:00,10.979320687418829,492.4524574572349
2023-01-21 10:00:00,10.66444400524893,337.6826172295854
2023-01-21 11:00:00,9.99996687407576,146.39928840717621
2023-01-21 12:00:00,11.961447595915919,-1.709965491906773
2023-01-21 13:00:00,12.155267836658686,-58.85325412475749
2023-01-21 14:00:00,10.822702991389095,31.83643906594656
2023-01-21 15:00:00,11.023218816633735,-4.102525092152674
2023-01-21 16:00:00,11.846349848310021,-46.52031473610238
2023-01-21 17:00:00,11.78918861205859,38.911631928472104
2023-01-21 18:00:00,12.801470335727805,70.9627754496724
2023-01-21 19:00:00,12.902088531583532,-8.917002711941011
2023-01-21 20:00:00,11.100067670768778,-28.123929324715135
2023-01-21 21:00:00,11.700732361330543,-28.91011644653917
2023-01-21 22:00:00,10.767556849890703,20.082365182125557
2023-01-21 23:00:00,13.270620844720138,-59.61914095795221
2023-01-22 00:00:00,12.11493075094886,3.7762044098660574
2023-01-22 01:00:00,12.842386858697738,133.0317221168048
2023-01-22 02:00:00,11.485357017728427,321.48846492428356
2023-01-22 03:00:00,12.869381258021486,448.00449684977065
2023-01-22 04:00:00,12.592977756426626,456.9254334775245
2023-01-22 05:00:00,13.127525278474886,605.6306880087119
2023-01-22 06:00:00,10.504810056044828,615.3196351781942
2023-01-22 07:00:00,11.923422209883602,562.7149823648153
2023-01-22 08:00:00,12.946163418879138,491.5353179297335
2023-01-22 09:00:00,10.912953209722408,397.67464719831275
2023-01-22 10:00:00,12.370502436112385,287.6576810215683
2023-01-22 11:00:00,12.419955357931743,106.76670271741065
2023-01-22 12:00:00,12.549670241244382,-34.217385390419985
2023-01-22 13:00:00,12.182360456539518,10.216906435475314
2023-01-22 14:00:00,12.46622601517879,-28.578010037161594
2023-01-22 15:00:00,12.281369741417654,43.90865598298286
2023-01-22 16:00:00,13.03353543812348,-6.564452241389185
2023-01-22 17:00:00,11.130923175261838,-23.744434402870336
2023-01-22 18:00:00,12.189035686229735,16.575656348224925
2023-01-22 19:00:00,13.067415540656212,-20.296470934268946
2023-01-22 20:00:00,11.064899852296266,-38.985704101501256
2023-01-22 21:00:00,11.157511820624928,-16.897128833692413
2023-01-22 22:00:00,12.372989802893319,-102.11979178353343
2023-01-22 23:00:00,13.230715714630461,-98.54051343406073
2023-01-23 00:00:00,11.79405991621138,-46.01584373805912
2023-01-23 01:00:00,12.023852301840968,94.67993712993851
2023-01-23 02:00:00,12.292167960064553,330.71275816510445
2023-01-23 03:00:00,11.441544088542027,484.7218882411022
2023-01-23 04:00:00,14.122053955598966,532.7510227616544
2023-01-23 05:00:00,11.003688663088763,481.2582910242163
2023-01-23 06:00:00,12.018362290622457,525.9273272170212
2023-01-23 07:00:00,12.034434405663154,593.6016634075496
2023-01-23 08:00:00,9.739946928283038,507.9269781318306
2023-01-23 09:00:00,11.085999072738636,328.9004826260226
2023-01-23 10:00:00,10.576130117697382,255.3416595215972
2023-01-23 11:00:00,12.648592695723789,100.6234918521497
2023-01-23 12:00:00,10.235114796167693,72.85104041427007
2023-01-23 13:00:00,12.870196272795186,35.263852816357414
2023-01-23 14:00:00,10.74854849388679,-14.374400996101866
2023-01-23 15:00:00,12.88983641940425,11.437065482984208
2023-01-23 16:00:00,10.531861569517718,7.2897132617129445
2023-01-23 17:00:00,12.352352869180235,3.9591649278402774
2023-01-23 18:00:00,12.86345693036305,91.33204818522674
2023-01-23 19:00:00,12.501427796563373,70.43901147493436
2023-01-23 20:00:00,10.707198308958692,76.24507598883477
2023-01-23 21:00:00,13.058088165185662,16.539400449886006
2023-01-23 22:00:00,12.474103094505534,-16.890650072852967
2023-01-23 23:00:00,9.570464487735448,-62.033176849229434
2023-01-24 00:00:00,12.118133535179759,-49.765416807275365
2023-01-24 01:00:00,14.841151112181809,206.09278930391605
2023-01-24 02:00:00,13.123921557405366,236.47288484703847
2023-01-24 03:00:00,11.508428869284304,415.55193130158807
2023-01-24 04:00:00,12.551472921978482,450.67744357152446
2023-01-24 05:00:00,11.614600210988453,575.0483823179493
2023-01-24 06:00:00,13.022012977959498,547.3034595691868
2023-01-24 07:00:00,11.193236864219022,613.1142560469167
2023-01-24 08:00:00,13.216013626272181,507.74030679845407
2023-01-24 09:00:00,12.927841686461871,384.079074974007
2023-01-24 10:00:00,12.650059357606471,252.36948072267987
2023-01-24 11:00:00,14.078263213731539,162.0777873741762
2023-01-24 12:00:00,13.013284646910648,2.5356061276859596
2023-01-24 13:00:00,13.029024134593719,-27.61252980688922
2023-01-24 14:00:00,13.13384171918229,-15.908425133065993
2023-01-24 15:00:00,12.721190706996053,-24.642262316437503
2023-01-24 16:00:00,12.47163631228843,-108.9444849899783
2023-01-24 17:00:00,11.330171734802326,-1.9481000845541698
2023-01-24 18:00:00,11.343905938499345,-77.79039681005567
2023-01-24 19:00:00,12.439490442833478,-44.36981636973154
2023-01-24 20:00:00,12.616643282066923,16.04252382501718
2023-01-24 21:00:00,12.02526447223499,-11.980049287650006
2023-01-24 22:00:00,11.525860594692345,76.40128369373697
2023-01-24 23:00:00,11.871332189478021,-39.86428663309706
2023-01-25 00:00:00,12.033133578847549,-20.55947181820382
2023-01-25 01:00:00,12.361027750410527,164.5166430737482
2023-01-25 02:00:00,11.863816342929855,300.29134599264523
2023-01-25 03:00:00,13.251676655664603,479.68618292226415
2023-01-25 04:00:00,11.975273664039102,555.343511053618
2023-01-25 05:00:00,11.442650061644228,653.1170919380739
2023-01-25 06:00:00,12.005170924129578,523.5116480574554
2023-01-25 07:00:00,10.984580217363726,623.0207953718907
2023-01-25 08:00:00,14.099290813871855,474.27009867143687
2023-01-25 09:00:00,12.74148338920514,449.5336246207139
2023-01-25 10:00:00,12.073343334646193,289.9586507804447
2023-01-25 11:00:00,13.502425652262378,121.9687893239965
2023-01-25 12:00:00,11.880923064545485,58.69887233178786
2023-01-25 13:00:00,12.05250583969723,-83.87134001305037
2023-01-25 14:00:00,11.381816957209143,90.6447171850797
2023-01-25 15:00:00,11.145419904300823,31.558233961856335
2023-01-25 16:00:00,12.296793290848866,8.45483852712061
2023-01-25 17:00:00,13.149986038347501,-7.429598514342809
2023-01-25 18:00:00,11.207700526960988,-18.53013674439111
2023-01-25 19:00:00,11.84669528708508,23.424852594619434
2023-01-25 20:00:00,11.882407803784666,-69.68759270324968
2023-01-25 21:00:00,12.857516458358107,-153.6588648983095
2023-01-25 22:00:00,11.654532914974805,4.285138273671175
2023-01-25 23:00:00,12.83909239652277,-37.29484804306919
2023-01-26 00:00:00,12.879297154547155,-45.80149368103474
2023-01-26 01:00:00,11.501914237551524,78.63162388096694
2023-01-26 02:00:00,11.870838503766636,364.30828149601695
2023-01-26 03:00:00,12.24435852903507,521.0887009114676
2023-01-26 04:00:00,11.726878002774695,524.125039039625
2023-01-26 05:00:00,11.269027172355226,579.6874281215894
2023-01-26 06:00:00,13.646288148241247,629.3511134604529
2023-01-26 07:00:00,10.381232059739272,605.6397040458309
2023-01-26 08:00:00,12.396688882177651,500.7006765441993
2023-01-26 09:00:00,13.528411122071683,490.70630157831977
2023-01-26 10:00:00,11.358172470702025,360.71478276732876
2023-01-26 11:00:00,12.19022891461587,194.55760103469407
2023-01-26 12:00:00,13.066663700111787,88.90594556762998
2023-01-26 13:00:00,9.121410409114183,38.71430587973022
2023-01-26 14:00:00,12.113486204011624,-32.81017628492656
2023-01-26 15:00:00,10.591589170067213,3.953363154378934
2023-01-26 16:00:00,13.127218986803188,46.996711135500924
2023-01-26 17:00:00,11.371447263064585,-52.57721471682435
2023-01-26 18:00:00,13.948328362170768,-13.639280125862141
2023-01-26 19:00:00,11.208945203790714,-79.15886185451299
2023-01-26 20:00:00,12.613528593752298,100.57690780580674
2023-01-26 21:00:00,11.287492408266067,20.361668328726243
2023-01-26 22:00:00,11.926580416917025,29.81719981420598
2023-01-26 23:00:00,12.159615314186555,-75.42546813257255
2023-01-27 00:00:00,12.266943053656426,55.600393844014675
2023-01-27 01:00:00,13.895997868015073,173.96453441891126
2023-01-27 02:00:00,13.668485308038347,216.10890414908062
2023-01-27 03:00:00,11.491766598067793,455.628290515646
2023-01-27 04:00:00,12.283996037085181,481.1659329594344
2023-01-27 05:00:00,11.077434172535078,594.0283634252377
2023-01-27 06:00:00,10.849806324419252,649.6956056226237
2023-01-27 07:00:00,11.574236387783825,600.9476630681322
2023-01-27 08:00:00,13.924478156994248,437.85063450816784
2023-01-27 09:00:00,10.553553622283566,446.0155276258359
2023-01-27 10:00:00,12.817451232909985,348.6404450700826
2023-01-27 11:00:00,12.701481601106261,148.39437372208795
2023-01-27 12:00:00,11.497936237233098,25.78783836866068
2023-01-27 13:00:00,12.886132463547584,26.629196444212084
2023-01-27 14:00:00,12.881575870376276,-101.06144709451496
2023-01-27 15:00:00,12.203675533708111,62.517501482091475
2023-01-27 16:00:00,12.090756852616716,-27.981939788684162
2023-01-27 17:00:00,11.995631326452967,-36.224231641545394
2023-01-27 18:00:00,11.397217353139784,-34.74673695441876
2023-01-27 19:00:00,12.406537879997082,61.52311012717868
2023-01-27 20:00:00,11.73603418975513,73.68457209717782
2023-01-27 21:00:00,12.402671302181155,23.61940995285184
2023-01-27 22:00:00,11.631088524406254,-24.053489859656786
2023-01-27 23:00:00,11.58386872252515,145.4559819298364
2023-01-28 00:00:00,11.77301267427901,-0.896361148033898
2023-01-28 01:00:00,13.586766061382473,126.7744655485082
2023-01-28 02:00:00,10.940362473547918,359.17730781992606
2023-01-28 03:00:00,14.090334930446934,429.44289589387256
2023-01-28 04:00:00,13.085832895114066,637.8995055032563
2023-01-28 05:00:00,10.754721242634801,552.5848079461582
2023-01-28 06:00:00,11.739453472010789,606.8483425841945
2023-01-28 07:00:00,10.695151114318616,671.5421078511812
2023-01-28 08:00:00,12.96460634133602,557.7810335251431
2023-01-28 09:00:00,13.594396491032047,420.68245407356085
2023-01-28 10:00:00,12.546943919574826,261.81526558415857
2023-01-28 11:00:00,13.536804536710125,102.60550438484658
2023-01-28 12:00:00,12.501424441220632,-64.73662383175447
2023-01-28 13:00:00,13.28873038357213,48.58976440463454
2023-01-28 14:00:00,12.609727483361747,39.28111329466058
2023-01-28 15:00:00,12.331794810325395,26.053607466243616
2023-01-28 16:00:00,13.091416305353311,-55.25121975855871
2023-01-28 17:00:00,12.161430325289064,-14.55312326659485
2023-01-28 18:00:00,13.774693187759757,16.306434263018474
2023-01-28 19:00:00,12.002293006389232,63.0345540730918
2023-01-28 20:00:00,12.884912554707503,18.050753172553495
2023-01-28 21:00:00,11.61108508071845,6.595488562777141
2023-01-28 22:00:00,10.744552342841818,-46.41386723850755
2023-01-28 23:00:00,12.675705214969733,45.08384207287786
2023-01-29 00:00:00,10.589683388119848,-13.916691969285033
2023-01-29 01:00:00,14.54283377435057,89.8986761693558
2023-01-29 02:00:00,12.039507092830364,265.61436923453647
2023-01-29 03:00:00,12.315900631822247,472.3596684665182
2023-01-29 04:00:00,12.083634962421627,572.4642131164519
2023-01-29 05:00:00,12.534442773006175,464.51595277258514
2023-01-29 06:00:00,12.73385466700369,615.10667155361
2023-01-29 07:00:00,11.553790955396261,533.9397416183363
2023-01-29 08:00:00,9.839555897502615,556.4503594188045
2023-01-29 09:00:00,11.292891890978666,467.60639244550356
2023-01-29 10:00:00,11.908419027193007,256.14183775216367
2023-01-29 11:00:00,12.673891917836889,160.8799459084973
2023-01-29 12:00:00,12.577225243543388,41.804909960014314
2023-01-29 13:00:00,13.146894581015639,51.182360626504554
2023-01-29 14:00:00,10.750748879740376,-42.26811021901107
2023-01-29 15:00:00,11.50091203317532,53.948334782271935
2023-01-29 16:00:00,11.952714431335473,12.896172718904126
2023-01-29 17:00:00,13.917783076222936,-24.67381743578934
2023-01-29 18:00:00,15.114181928054471,-4.527822058456365
2023-01-29 19:00:00,11.045220056910232,40.010779562203176
2023-01-29 20:00:00,13.485292444375432,39.15483236298587
2023-01-29 21:00:00,12.480561695994236,45.37658340015912
2023-01-29 22:00:00,12.949851988523921,-33.62612321369269
2023-01-29 23:00:00,11.069273227759139,11.211456832945514
2023-01-30 00:00:00,13.823930019752211,-11.99133658579956
2023-01-30 01:00:00,10.247782374923068,171.9603468596901
2023-01-30 02:00:00,11.154176660122735,286.37357007395036
2023-01-30 03:00:00,12.19909358401481,520.2119619062862
2023-01-30 04:00:00,11.87563964210141,539.0133898193124
2023-01-30 05:00:00,12.49470464293306,595.2489061935352
2023-01-30 06:00:00,11.78417445263076,645.6538846687814
2023-01-30 07:00:00,12.112237404780293,657.6519548344683
2023-01-30 08:00:00,12.2844749541618,542.1771436194749
2023-01-30 09:00:00,12.245535490672282,425.22565126219513
2023-01-30 10:00:00,12.617460095633431,356.2303355555676
2023-01-30 11:00:00,13.364961913934076,248.43894400899472
2023-01-30 12:00:00,11.715306462493006,71.04138729333064
2023-01-30 13:00:00,13.816573395801235,-49.199595142805194
2023-01-30 14:00:00,12.518056614220006,38.645370616010176
2023-01-30 15:00:00,13.729920215067006,-3.5053694835773967
2023-01-30 16:00:00,12.126369951192798,63.68782556998082
2023-01-30 17:00:00,11.6026385954664,91.66832203251796
2023-01-30 18:00:00,12.549108787323146,-118.6755106292178
2023-01-30 19:00:00,15.032779719903218,0.676791327603862
2023-01-30 20:00:00,11.103718386110762,-22.828931213905342
2023-01-30 21:00:00,13.146202213655487,-35.53987253892125
2023-01-30 22:00:00,12.646330834545186,-46.153172207910025
2023-01-30 23:00:00,12.872880592605592,-22.343954532877714
2023-01-31 00:00:00,11.337599817617614,-14.471856477877843
2023-01-31 01:00:00,13.000488715639674,144.78756367485192
2023-01-31 02:00:00,12.838793996822341,212.48241036316995
2023-01-31 03:00:00,11.05979296422456,449.8767738571011
2023-01-31 04:00:00,12.674601778921064,595.9099926937062
2023-01-31 05:00:00,12.30039007977278,577.9058450313715
2023-01-31 06:00:00,12.189508663338703,545.0789372753608
2023-01-31 07:00:00,12.49772228972776,610.5632916664943
2023-01-31 08:00:00,13.63102792220534,596.1782856627437
2023-01-31 09:00:00,13.001498206085431,451.3240902536229
2023-01-31 10:00:00,11.499960901726533,277.2293416158227
2023-01-31 11:00:00,13.040462393757288,109.86141978597539
2023-01-31 12:00:00,12.499045542520802,35.30009265600278
2023-01-31 13:00:00,11.927108768373863,-11.598267170876534
2023-01-31 14:00:00,11.303666718806912,-25.9556670683061
2023-01-31 15:00:00,13.350348908177567,-30.361231200250433
2023-01-31 16:00:00,11.972864532082701,10.997874833570805
2023-01-31 17:00:00,13.451427260063602,5.847039918137466
2023-01-31 18:00:00,11.466823938968144,2.7154683867399543
2023-01-31 19:00:00,14.53812693538589,-48.24231097239225
2023-01-31 20:00:00,15.177084546189473,-51.26754882711463
2023-01-31 21:00:00,13.085642950558494,-32.53453748138328
2023-01-31 22:00:00,13.839783042531673,14.505610055998568
2023-01-31 23:00:00,12.089955567755498,27.475855940396233
2023-02-01 00:00:00,12.064780807174033,73.33008337389157
2023-02-01 01:00:00,13.811141044727695,121.44287626487682
2023-02-01 02:00:00,12.768481006073218,351.70465377458754
2023-02-01 03:00:00,11.245048862194519,360.0928267069285
2023-02-01 04:00:00,12.69436542336716,563.8440117656177
2023-02-01 05:00:00,11.395205512886564,533.7376143665063
2023-02-01 06:00:00,12.431921623688936,569.5822056164338
2023-02-01 07:00:00,13.665903639578849,647.0072481830233
2023-02-01 08:00:00,14.076492075080878,553.9793791102852
2023-02-01 09:00:00,12.893353319148597,430.23094249160977
2023-02-01 10:00:00,13.955110227873975,245.7270457998887
2023-02-01 11:00:00,12.157136827785402,181.73241384339286
2023-02-01 12:00:00,14.317770846573392,4.3278383218374685
2023-02-01 13:00:00,11.894130186774824,36.17073828387707
2023-02-01 14:00:00,11.807878701132484,-86.83155027392789
2023-02-01 15:00:00,12.156184512248842,31.00585864470396
2023-02-01 16:00:00,11.869635367692181,-27.11106761399642
2023-02-01 17:00:00,13.134498042024877,14.5557638086556
2023-02-01 18:00:00,13.869337519871747,-3.1357825979861134
2023-02-01 19:00:00,12.632586394880075,-42.56295157609038
2023-02-01 20:00:00,12.9283779957687,-20.59512343082784
2023-02-01 21:00:00,11.234642712770073,-43.852925028360836
2023-02-01 22:00:00,12.71334085139143,-26.261672896902382
2023-02-01 23:00:00,14.387816925426828,-45.45426729849675
2023-02-02 00:00:00,14.102718187699061,20.07864126716298
2023-02-02 01:00:00,11.595249892412994,121.22714071581112
2023-02-02 02:00:00,12.251881454428611,345.13914879884203
2023-02-02 03:00:00,16.09655994212572,611.9480814039013
2023-02-02 04:00:00,13.108126288770316,536.6491149342776
2023-02-02 05:00:00,14.205332812709699,533.7798343545787
2023-02-02 06:00:00,14.283799549884684,739.7030167528455
2023-02-02 07:00:00,11.574289177117087,630.3312795686224
2023-02-02 08:00:00,13.413904477735574,542.986365463504
2023-02-02 09:00:00,12.877313425822406,429.93595406134983
2023-02-02 10:00:00,14.431694520776183,264.6919270711147
2023-02-02 11:00:00,14.65217984543165,147.29273196805602
2023-02-02 12:00:00,11.858253262677756,-38.99498483371202
2023-02-02 13:00:00,16.131545453530546,-38.53396090520398
2023-02-02 14:00:00,12.85905670915879,29.294450506328584
2023-02-02 15:00:00,13.32232199641577,48.56405971106176
2023-02-02 16:00:00,10.037779491388273,-11.28750723261189
2023-02-02 17:00:00,13.698335070074686,25.100699179978847
2023-02-02 18:00:00,10.535878645317322,104.77974556982635
2023-02-02 19:00:00,12.546098952635418,-42.0330831208682
2023-02-02 20:00:00,12.137137751911842,-81.69160825760459
2023-02-02 21:00:00,13.156149833706943,41.639580620915105
2023-02-02 22:00:00,12.869351805502912,-36.68879641602159
2023-02-02 23:00:00,13.276965717711334,-26.36931629894308
2023-02-03 00:00:00,14.008109062739248,6.152114672661013
2023-02-03 01:00:00,11.758210077952675,227.11134755329266
2023-02-03 02:00:00,12.557770723389451,325.6059977467026
2023-02-03 03:00:00,11.916740799941552,345.2359973764432
2023-02-03 04:00:00,11.841469349115577,570.530135460341
2023-02-03 05:00:00,14.69486623604557,627.9433794487994
2023-02-03 06:00:00,11.493253478382591,595.0971397933754
2023-02-03 07:00:00,11.940083498526217,531.2525629764068
2023-02-03 08:00:00,14.956438111190762,533.5069614650024
2023-02-03 09:00:00,12.635340695785974,336.0571708158327
2023-02-03 10:00:00,12.697728099658116,229.71712767507967
2023-02-03 11:00:00,13.162698789006543,97.6048730155322
2023-02-03 12:00:00,11.557241263023444,-62.63044543870804
2023-02-03 13:00:00,11.840106963094538,43.95831015433317
2023-02-03 14:00:00,12.145558730534612,-7.540607785562649
2023-02-03 15:00:00,13.8043982594118,17.427258972547392
2023-02-03 16:00:00,13.433743127613303,10.404664366371794
2023-02-03 17:00:00,12.131930189321297,-76.93393141695266
2023-02-03 18:00:00,12.628666455602943,-28.183250022899443
2023-02-03 19:00:00,13.54161515855482,-11.411458302824302
2023-02-03 20:00:00,10.377321083193845,-6.649217539928333
2023-02-03 21:00:00,13.064424830385919,23.950891542873094
2023-02-03 22:00:00,13.520129384365747,46.25382538943115
2023-02-03 23:00:00,11.843742845652773,18.49109083641744
2023-02-04 00:00:00,13.483634418873358,88.08326533182313
2023-02-04 01:00:00,12.848509639836625,188.0038092003343
2023-02-04 02:00:00,14.644205978770033,294.11550926325145
2023-02-04 03:00:00,12.310446030648556,517.93692708274
2023-02-04 04:00:00,13.424401944955976,494.729018406513
2023-02-04 05:00:00,11.363535850553074,646.5164700871621
2023-02-04 06:00:00,12.908708792116478,634.1682275505825
2023-02-04 07:00:00,13.648805314318672,576.9025539210828
2023-02-04 08:00:00,12.308104114416482,566.1716974876416
2023-02-04 09:00:00,13.953103314314706,439.45905038448603
2023-02-04 10:00:00,13.753703510910519,228.55039270166344
2023-02-04 11:00:00,12.977331249377835,175.28775755487337
2023-02-04 12:00:00,12.562242133625212,-51.60935943672181
2023-02-04 13:00:00,9.749531574985998,6.124183659410427
2023-02-04 14:00:00,12.184884666266024,-6.357828163343468
2023-02-04 15:00:00,13.934316545236246,21.52639077014104
2023-02-04 16:00:00,12.560108111644698,-113.62112026857638
2023-02-04 17:00:00,13.285391543446357,-49.54494207688504
2023-02-04 18:00:00,12.369511117293609,5.372270393600499
2023-02-04 19:00:00,11.406639868765886,144.1498727802069
2023-02-04 20:00:00,13.581380535362193,6.941144573937429
2023-02-04 21:00:00,11.60518442217857,-22.001684040809607
2023-02-04 22:00:00,12.571255052505453,43.65642868800895
2023-02-04 23:00:00,13.197867949748767,-29.453634962921782
2023-02-05 00:00:00,12.225752771316506,21.62980136980483
2023-02-05 01:00:00,14.474364826838311,169.58984744270407
2023-02-05 02:00:00,14.87630883631441,376.19992009367
2023-02-05 03:00:00,12.094444299821987,489.3064641803599
2023-02-05 04:00:00,12.133700439927017,534.8013484046023
2023-02-05 05:00:00,12.465500227173836,548.1123385220934
2023-02-05 06:00:00,14.05704972043192,591.7400399211612
2023-02-05 07:00:00,13.38993501097453,638.0354315344119
2023-02-05 08:00:00,13.65499356863649,556.1704054386377
2023-02-05 09:00:00,14.21932721324088,457.58949896262493
2023-02-05 10:00:00,11.998442101418437,335.30790135513706
2023-02-05 11:00:00,13.406741345498892,126.04745757543523
2023-02-05 12:00:00,12.955317767654869,-5.223088682039408
2023-02-05 13:00:00,13.33409684708737,-0.5000177325116032
2023-02-05 14:00:00,14.05314463197232,-71.88569525469849
2023-02-05 15:00:00,12.75229542264963,-30.586626447608634
2023-02-05 16:00:00,12.20725320061856,19.571375931317693
2023-02-05 17:00:00,11.85289990606444,34.94873364098922
2023-02-05 18:00:00,14.658186194117754,-40.38897654337272
2023-02-05 19:00:00,12.8619775133096,24.971433048723455
2023-02-05 20:00:00,11.536151774218787,-30.722359875437157
2023-02-05 21:00:00,14.286992675698647,-43.95426575447172
2023-02-05 22:00:00,11.19406964320442,95.50901713871892
2023-02-05 23:00:00,11.354084938227233,-20.753320385891953
2023-02-06 00:00:00,12.657644268425228,-73.74237089030996
2023-02-06 01:00:00,12.426793392071678,145.98941544459495
2023-02-06 02:00:00,13.285565881630864,311.02803000067615
2023-02-06 03:00:00,11.047268109952844,504.3233779877713
2023-02-06 04:00:00,13.299706962313412,543.8252925312188
2023-02-06 05:00:00,14.252041793447152,645.4982627404808
2023-02-06 06:00:00,11.991720077375682,701.8214115967543
2023-02-06 07:00:00,12.595267889541216,597.4061451450701
2023-02-06 08:00:00,12.17208106384382,576.3205227474427
2023-02-06 09:00:00,13.294016195200165,455.53925443371304
2023-02-06 10:00:00,11.898169540380659,335.6031681252086
2023-02-06 11:00:00,11.772837216382586,172.9374980569259
2023-02-06 12:00:00,12.822527191830355,7.307021037790627
2023-02-06 13:00:00,13.310665210779637,-14.277061740446486
2023-02-06 14:00:00,13.124122049133922,1.2581832803338877
2023-02-06 15:00:00,12.534037274185614,-13.640233636633834
2023-02-06 16:00:00,13.641962852082424,116.56053016381622
2023-02-06 17:00:00,13.203998655234317,30.258187948461607
2023-02-06 18:00:00,11.80443813372805,0.11462792732957984
2023-02-06 19:00:00,10.297773849408212,-16.895646459517437
2023-02-06 20:00:00,13.495259399084018,48.93471960313816
2023-02-06 21:00:00,12.717057155960344,-40.76610990774435
2023-02-06 22:00:00,11.863685099015544,-64.16928477112866
2023-02-06 23:00:00,14.598996355805237,-67.92343909085534
2023-02-07 00:00:00,14.657254923822954,64.87459671305537
2023-02-07 01:00:00,14.315944138011217,231.05841497065097
2023-02-07 02:00:00,13.268571468515594,334.0510139153592
2023-02-07 03:00:00,9.878025920297624,433.1046678346016
2023-02-07 04:00:00,14.217651111151028,537.2769127681278
2023-02-07 05:00:00,12.121830344390094,732.002061846557
2023-02-07 06:00:00,12.483225674452974,647.5791552312334
2023-02-07 07:00:00,13.941603571445732,647.0510381509627
2023-02-07 08:00:00,15.074198310496028,542.7530064345168
2023-02-07 09:00:00,14.583464193543216,465.6387797472202
2023-02-07 10:00:00,13.21504393478127,344.9525074737832
2023-02-07 11:00:00,13.781338184210172,259.09371461642564
2023-02-07 12:00:00,11.936659576752792,-4.347189437172898
2023-02-07 13:00:00,11.419791539630184,25.83338737599073
2023-02-07 14:00:00,14.12235738009924,-17.865302465375787
2023-02-07 15:00:00,13.364973456445622,9.309745597659395
2023-02-07 16:00:00,11.594067929391702,17.09400741262658
2023-02-07 17:00:00,12.994386281574059,-10.22566558855552
2023-02-07 18:00:00,13.659332490421441,11.844829736310993
2023-02-07 19:00:00,13.949169229079072,-35.46216934560841
2023-02-07 20:00:00,13.670554992877133,25.135859375785223
2023-02-07 21:00:00,12.67920331345967,2.7813437925028737
2023-02-07 22:00:00,12.194052309503663,-27.61988440130434
2023-02-07 23:00:00,13.159504884786893,-5.870657483573477
2023-02-08 00:00:00,13.912374621228205,65.37380378470614
2023-02-08 01:00:00,14.015482000384676,164.43172278397586
2023-02-08 02:00:00,14.690558732967965,349.13635111507335
2023-02-08 03:00:00,13.14523804728887,484.750501972379
2023-02-08 04:00:00,11.999951876612549,596.6795424196459
2023-02-08 05:00:00,14.196732022301921,577.9448368711954
2023-02-08 06:00:00,13.193206911437594,603.7520083010558
2023-02-08 07:00:00,11.827534185791746,595.7604363574384
2023-02-08 08:00:00,13.73395217155761,598.0341042622441
2023-02-08 09:00:00,14.522107796108912,476.61447551868116
2023-02-08 10:00:00,13.493260903653656,338.3423922698962
2023-02-08 11:00:00,14.534308933029408,163.61402294389447
2023-02-08 12:00:00,12.625717579077001,-66.23630702319556
2023-02-08 13:00:00,12.38269357081937,-30.018966065354284
2023-02-08 14:00:00,13.964757170663937,10.558348441392361
2023-02-08 15:00:00,12.757480714179831,-8.52342892307504
2023-02-08 16:00:00,14.315437491576143,8.9334157890184
2023-02-08 17:00:00,13.280999886957314,-77.85911725559335
2023-02-08 18:00:00,14.328942522020323,-0.6602493555532795
2023-02-08 19:00:00,13.741503502976565,-104.35659195402569
2023-02-08 20:00:00,12.210179040136264,-65.19788377609984
2023-02-08 21:00:00,11.118715156725617,-48.56605484128785
2023-02-08 22:00:00,13.892172057665807,-92.13517953578435
2023-02-08 23:00:00,13.675384174752983,-40.0785864804326
2023-02-09 00:00:00,12.159196682649057,13.84466232536578
2023-02-09 01:00:00,13.975739589126555,228.83284146685563
2023-02-09 02:00:00,14.56777217373918,302.6548316020726
2023-02-09 03:00:00,12.469843903959708,433.0474532281207
2023-02-09 04:00:00,11.243631906299237,564.5741218172752
2023-02-09 05:00:00,14.147782342646524,623.0049008164274
2023-02-09 06:00:00,14.449583375558577,608.210841351368
2023-02-09 07:00:00,12.443276191619685,663.488467392295
2023-02-09 08:00:00,13.951165705198088,555.87285989313
2023-02-09 09:00:00,13.508778236547839,432.9319928473387
2023-02-09 10:00:00,13.067627822116531,300.9893327908344
2023-02-09 11:00:00,13.75772592986302,288.0894737140833
2023-02-09 12:00:00,12.675101405711649,38.737573358729314
2023-02-09 13:00:00,12.075820687024002,-16.974832787373227
2023-02-09 14:00:00,13.583001566587104,-121.81548714122175
2023-02-09 15:00:00,13.445286117711165,-85.20301914875408
2023-02-09 16:00:00,10.630295843241417,4.32453960752983
2023-02-09 17:00:00,11.996009689459184,-14.535149588205728
2023-02-09 18:00:00,12.504959947234164,-57.605198158570204
2023-02-09 19:00:00,13.702084561117218,-6.598464738459787
2023-02-09 20:00:00,11.654562186355355,-37.23493681312494
2023-02-09 21:00:00,12.8575365246119,-32.05877906913203
2023-02-09 22:00:00,15.114829313299643,-8.665961121902404
2023-02-09 23:00:00,13.243956472772997,-50.805950620984554
2023-02-10 00:00:00,13.37223820448261,-69.28387462612018
2023-02-10 01:00:00,13.182141470240659,103.66226666767795
2023-02-10 02:00:00,14.225202050387587,310.8261722582153
2023-02-10 03:00:00,13.284882691206723,389.0606077269927
2023-02-10 04:00:00,13.023247845869435,682.9558575031717
2023-02-10 05:00:00,13.395339504296853,686.2693322459363
2023-02-10 06:00:00,14.56890001867584,698.14733345583
2023-02-10 07:00:00,13.6452080821803,595.338832677285
2023-02-10 08:00:00,13.300625672721106,531.032076564922
2023-02-10 09:00:00,14.42074360593462,397.40778154683096
2023-02-10 10:00:00,12.72097292978164,422.9984735569881
2023-02-10 11:00:00,10.041089567438815,238.54846795227218
2023-02-10 12:00:00,13.69088712094384,33.616059983721925
2023-02-10 13:00:00,13.679229795963684,-6.052697271329663
2023-02-10 14:00:00,12.620923493510293,-19.41085434205678
2023-02-10 15:00:00,12.974189236914746,25.295735945440196
2023-02-10 16:00:00,14.50109906325674,79.8867735526779
2023-02-10 17:00:00,13.697083534326378,32.141314088898376
2023-02-10 18:00:00,14.717812398259815,-55.64499996810234
2023-02-10 19:00:00,13.511706537165297,-38.31859275246294
2023-02-10 20:00:00,13.08948124930971,23.398916555138744
2023-02-10 21:00:00,13.95094398276837,-43.183679463372684
2023-02-10 22:00:00,13.611271809604986,-23.5472921201307
2023-02-10 23:00:00,13.681909370961606,75.52263901819187
2023-02-11 00:00:00,13.077881333335434,-15.70644811900098
2023-02-11 01:00:00,12.736197044729632,93.44023339156008
2023-02-11 02:00:00,12.77382308629014,476.99178076968894
2023-02-11 03:00:00,13.828108349498546,524.8983509636987
2023-02-11 04:00:00,13.95765900692527,573.0780562195735
2023-02-11 05:00:00,10.679537718278622,642.3721986127138
2023-02-11 06:00:00,12.575382974641402,559.0810338560414
2023-02-11 07:00:00,11.71761273250915,623.0874101052316
2023-02-11 08:00:00,12.80986893055011,539.053601791428
2023-02-11 09:00:00,12.704880116233292,475.4021263941382
2023-02-11 10:00:00,13.456297481184874,414.0883988875792
2023-02-11 11:00:00,13.49409648521106,194.22609305326353
2023-02-11 12:00:00,15.438551632248464,101.5152461103439
2023-02-11 13:00:00,13.68104537503944,-69.80872562358303
2023-02-11 14:00:00,13.946699990481767,-77.11010999697484
2023-02-11 15:00:00,11.886271456180115,62.10239613626278
2023-02-11 16:00:00,12.973379752390162,5.201822138350872
2023-02-11 17:00:00,12.224857229632363,23.365387041812987
2023-02-11 18:00:00,13.906729881998029,-1.3453942039744942
2023-02-11 19:00:00,13.360311437482213,9.758476336610435
2023-02-11 20:00:00,12.96662062973235,34.395887199459665
2023-02-11 21:00:00,14.264617025384847,12.639356673499474
2023-02-11 22:00:00,13.038882402923157,-28.56628009124377
2023-02-11 23:00:00,14.64213836238487,116.50995436332832
2023-02-12 00:00:00,14.692865986461001,4.71683302048858
2023-02-12 01:00:00,12.736565925294219,163.0758175670486
2023-02-12 02:00:00,14.48570801432553,317.03119258673155
2023-02-12 03:00:00,13.484905747710899,489.82347254979214
2023-02-12 04:00:00,12.978168409924985,566.9055379302163
2023-02-12 05:00:00,13.767033673859578,544.371854738305
2023-02-12 06:00:00,11.78516545814271,655.9038830365243
2023-02-12 07:00:00,12.834307502796097,591.668062990101
2023-02-12 08:00:00,13.790005907479959,592.408904887241
2023-02-12 09:00:00,13.077893560632251,471.2758752313901
2023-02-12 10:00:00,14.45035402431559,301.11543512905
2023-02-12 11:00:00,12.974150559258197,220.1017019686584
2023-02-12 12:00:00,13.49369168057032,-3.529044295034823
2023-02-12 13:00:00,13.251913464172386,-18.845181175874128
2023-02-12 14:00:00,11.844276169924507,-18.105300925886155
2023-02-12 15:00:00,13.764598111685235,-19.22335397980757
2023-02-12 16:00:00,13.689378931287841,25.342832090508203
2023-02-12 17:00:00,11.439501763742843,-38.97095871025293
2023-02-12 18:00:00,10.902451772657253,3.514764464776537
2023-02-12 19:00:00,12.918722845545368,-25.20216059768193
2023-02-12 20:00:00,14.602814164200446,-32.15250436288008
2023-02-12 21:00:00,16.090556701918548,23.630368180569786
2023-02-12 22:00:00,11.551351830965462,-46.752807076045
2023-02-12 23:00:00,14.997818872993584,26.039918465159356
2023-02-13 00:00:00,14.596796368008201,15.483334080182203
2023-02-13 01:00:00,12.851916946337674,240.23118992020107
2023-02-13 02:00:00,15.318449629753255,247.93358695446236
2023-02-13 03:00:00,13.901803838066957,525.9604089186995
2023-02-13 04:00:00,13.207794491505783,566.637592195202
2023-02-13 05:00:00,11.654815933243729,559.4909296776684
2023-02-13 06:00:00,13.537348080749547,638.812361183182
2023-02-13 07:00:00,13.4766714991655,674.4683221840759
2023-02-13 08:00:00,15.674067792312782,577.467899333295
2023-02-13 09:00:00,12.489402909387069,542.3982155558612
2023-02-13 10:00:00,12.549170265323546,318.96468707029425
2023-02-13 11:00:00,12.924596165419146,172.1928092194706
2023-02-13 12:00:00,16.091464760444364,-9.245549115391302
2023-02-13 13:00:00,12.284764871834094,-51.07537149802527
2023-02-13 14:00:00,14.743370711729382,-1.4356428750249295
2023-02-13 15:00:00,11.877474979807403,-10.959370106086164
2023-02-13 16:00:00,13.86691557408102,4.38028074243661
2023-02-13 17:00:00,13.53347777475814,2.9661656575252273
2023-02-13 18:00:00,12.735531994142057,0.08492399015555682
2023-02-13 19:00:00,14.153110866482495,4.8233519620188465
2023-02-13 20:00:00,12.634832104071887,54.976528552150405
2023-02-13 21:00:00,11.820096490281495,-48.88572330583241
2023-02-13 22:00:00,13.123641709356463,-36.193806735215134
2023-02-13 23:00:00,12.517955981279517,70.84158603365326
2023-02-14 00:00:00,13.756529780292558,63.53323276218824
2023-02-14 01:00:00,13.211185991676755,187.6175478608717
2023-02-14 02:00:00,15.061316127225409,438.6395072811592
2023-02-14 03:00:00,13.178107498058932,501.64027078572235
2023-02-14 04:00:00,13.773032238163289,678.1449537022781
2023-02-14 05:00:00,12.335105501917614,724.8563237881266
2023-02-14 06:00:00,13.070665378428506,756.2414350889883
2023-02-14 07:00:00,12.585660663983392,594.4429310064855
2023-02-14 08:00:00,14.68207427937955,617.861062614899
2023-02-14 09:00:00,12.739720118738145,473.03864013040595
2023-02-14 10:00:00,12.846890877862004,270.5205765598386
2023-02-14 11:00:00,13.79612519087368,241.47339357296852
2023-02-14 12:00:00,12.783583532746862,59.71661047097187
2023-02-14 13:00:00,14.906944247044772,-7.263549680402556
2023-02-14 14:00:00,15.455030497197455,-30.886477003853486
2023-02-14 15:00:00,12.599852720928968,2.9012217648840535
2023-02-14 16:00:00,14.342921730145006,-90.7249268259251
2023-02-14 17:00:00,12.652292515782493,-67.36031284965513
2023-02-14 18:00:00,13.140717628151094,-14.976918001557172
2023-02-14 19:00:00,14.187464802979967,30.77842899657149
2023-02-14 20:00:00,13.6371274114305,-9.268521731088603
2023-02-14 21:00:00,13.663634728513378,-27.790918798584634
2023-02-14 22:00:00,14.595596651248139,-41.392408252382744
2023-02-14 23:00:00,14.58865451423611,121.92743967055361
2023-02-15 00:00:00,13.609391857852467,-53.69520821251217
2023-02-15 01:00:00,12.923827382247591,84.06344442229053
2023-02-15 02:00:00,13.559205417851405,310.1728674021583
2023-02-15 03:00:00,12.549525992246728,505.2503793054923
2023-02-15 04:00:00,14.344328311087587,592.4988322533566
2023-02-15 05:00:00,13.370033380823001,617.2669688965138
2023-02-15 06:00:00,12.452732942071219,687.5298347242694
2023-02-15 07:00:00,14.899240223272617,710.2663471866799
2023-02-15 08:00:00,13.5443271133119,597.2937892288802
2023-02-15 09:00:00,12.810258747896494,487.05107112714165
2023-02-15 10:00:00,14.701253466330982,346.81691990525235
2023-02-15 11:00:00,14.81578047011676,138.16635040910364
2023-02-15 12:00:00,11.671304836612105,22.471348625744955
2023-02-15 13:00:00,14.665655310972754,52.09356846661839
2023-02-15 14:00:00,13.716035890314116,67.61151915044961
2023-02-15 15:00:00,14.529692880229394,21.484170454848854
2023-02-15 16:00:00,13.49033237506787,0.7347097524786559
2023-02-15 17:00:00,13.937519106116671,93.83656412135083
2023-02-15 18:00:00,13.254040454298952,6.0167489882444585
2023-02-15 19:00:00,14.550564085914507,-24.205989936772458
2023-02-15 20:00:00,12.886920678509403,-34.454780784660215
2023-02-15 21:00:00,14.584486145047757,-40.18681255503858
2023-02-15 22:00:00,13.736950709614637,-25.164473896877688
2023-02-15 23:00:00,14.314999008188247,96.32510226811303
2023-02-16 00:00:00,12.608961810844255,-37.83496753361875
2023-02-16 01:00:00,14.041000224573386,252.5708784064359
2023-02-16 02:00:00,14.151426783528674,330.18720847505847
2023-02-16 03:00:00,15.472536545220539,533.5747868965701
2023-02-16 04:00:00,14.315963668098956,535.7549021022131
2023-02-16 05:00:00,13.030083960436265,656.8182119307779
2023-02-16 06:00:00,12.988709034025065,600.1061709976367
2023-02-16 07:00:00,14.379331544648577,658.8166561789137
2023-02-16 08:00:00,13.078249370258058,629.0259676592948
2023-02-16 09:00:00,13.098749885172326,529.8106312944185
2023-02-16 10:00:00,12.759072185265923,340.22647545787595
2023-02-16 11:00:00,13.751324966264196,158.31283644615627
2023-02-16 12:00:00,13.837475850088085,4.358627912971981
2023-02-16 13:00:00,13.29206428458966,-28.60024714301894
2023-02-16 14:00:00,15.313221390841239,-28.670095096357596
2023-02-16 15:00:00,14.189309557170487,-20.40880154770658
2023-02-16 16:00:00,15.376479079064042,11.39378168821494
2023-02-16 17:00:00,13.749084931981614,71.80873675732256
2023-02-16 18:00:00,12.885396455307665,64.94812310428264
2023-02-16 19:00:00,12.62364020284987,-15.932969908875336
2023-02-16 20:00:00,13.495190868597938,-40.76632324449355
2023-02-16 21:00:00,14.371481609059929,-36.63580802116876
2023-02-16 22:00:00,13.321082563875828,-73.95161863741696
2023-02-16 23:00:00,14.475118341363524,36.398441569712894
2023-02-17 00:00:00,15.080405343828534,-69.67630727022464
2023-02-17 01:00:00,12.870401715768999,64.10442040179373
2023-02-17 02:00:00,12.577587337262205,378.37423109356547
2023-02-17 03:00:00,14.625253395526123,517.831864314077
2023-02-17 04:00:00,13.946062668861877,538.1893933592709
2023-02-17 05:00:00,14.002549237860421,675.6822639746184
2023-02-17 06:00:00,14.374448060296073,617.9259465545734
2023-02-17 07:00:00,12.151145892038059,655.6837556055904
2023-02-17 08:00:00,14.118333945893607,610.1799883082674
2023-02-17 09:00:00,13.857556304887051,518.2375664018255
2023-02-17 10:00:00,14.13898131381638,361.7364954841401
2023-02-17 11:00:00,12.722304192528314,82.28424183668577
2023-02-17 12:00:00,13.757743630276513,15.110575439752106
2023-02-17 13:00:00,13.193448724459179,109.0440060425375
2023-02-17 14:00:00,14.720801002880087,19.637553860141477
2023-02-17 15:00:00,13.590319647220777,-69.2572040500688
2023-02-17 16:00:00,13.077035834309068,-35.506950511906865
2023-02-17 17:00:00,12.686245503196902,-25.580398501985457
2023-02-17 18:00:00,14.54993398522077,-116.58074447979321
2023-02-17 19:00:00,14.65828185311923,5.031196435143968
2023-02-17 20:00:00,15.60049012950125,-17.520342952809674
2023-02-17 21:00:00,13.355022902974866,-15.178314280494243
2023-02-17 22:00:00,12.664136462797623,-6.225993898392995
2023-02-17 23:00:00,13.55113898427459,-36.10435326481298
2023-02-18 00:00:00,13.037108932643264,42.751130877331754
2023-02-18 01:00:00,13.105749918965406,186.9399709482202
2023-02-18 02:00:00,14.209282539111198,316.6824274181845
2023-02-18 03:00:00,14.826908034777812,507.8495140204239
2023-02-18 04:00:00,14.148050583563004,612.5114507125265
2023-02-18 05:00:00,13.848084540975826,615.5933277230143
2023-02-18 06:00:00,14.55538361259967,678.0955598494758
2023-02-18 07:00:00,13.507385108112127,654.621835258688
2023-02-18 08:00:00,15.184782425696493,565.4752999564895
2023-02-18 09:00:00,16.73395909828138,417.7642383048854
2023-02-18 10:00:00,13.105237998433685,312.5584132012709
2023-02-18 11:00:00,14.944099937352282,241.0591896297894
2023-02-18 12:00:00,14.945663082759804,-32.45079526155471
2023-02-18 13:00:00,14.262010535277286,44.94925469489321
2023-02-18 14:00:00,15.0212626482224,-1.7652379361814543
2023-02-18 15:00:00,14.089668807785415,8.383526856322748
2023-02-18 16:00:00,14.383705568232402,-61.209536890848746
2023-02-18 17:00:00,13.816816186802761,58.1974036224723
2023-02-18 18:00:00,13.87523573624858,103.00797601691092
2023-02-18 19:00:00,14.370966918943614,-34.90944853277752
2023-02-18 20:00:00,14.156177198094566,65.1758622824799
2023-02-18 21:00:00,12.687881092748466,-63.46216437297342
2023-02-18 22:00:00,14.243966131566763,-2.6903703311775566
2023-02-18 23:00:00,13.489314032272743,-58.615436187980585
2023-02-19 00:00:00,13.235529300728686,18.870005769129357
2023-02-19 01:00:00,14.761463774329926,168.2710908573954
2023-02-19 02:00:00,12.857658266222506,342.24670475946874
2023-02-19 03:00:00,13.520417243093197,553.2013746366748
2023-02-19 04:00:00,12.725471841531201,659.3670066005968
2023-02-19 05:00:00,13.389386572423254,657.4696983622088
2023-02-19 06:00:00,16.18437637599143,744.9412163695705
2023-02-19 07:00:00,13.026695756968385,723.5976592668029
2023-02-19 08:00:00,13.640203975490076,652.6636968354352
2023-02-19 09:00:00,15.183555735407278,494.99138388159434
2023-02-19 10:00:00,14.23003980339228,361.3177422073801
2023-02-19 11:00:00,13.652963436861814,164.2930973291752
2023-02-19 12:00:00,13.098625391265658,116.70093018416856
2023-02-19 13:00:00,14.46509317609072,19.950224848274303
2023-02-19 14:00:00,13.467629161441689,-4.107363018873497
2023-02-19 15:00:00,15.966214787916089,25.157809582491915
2023-02-19 16:00:00,13.508935640805026,13.581266616636908
2023-02-19 17:00:00,15.481524702382558,103.12177208699099
2023-02-19 18:00:00,14.669119814661116,-1.0958537155948964
2023-02-19 19:00:00,14.660530686592088,38.28390938802311
2023-02-19 20:00:00,13.633305573912187,-5.974111497978884
2023-02-19 21:00:00,13.332102930929866,-84.37484401879803
2023-02-19 22:00:00,13.531606800558707,0.0731688925772315
2023-02-19 23:00:00,14.836980877586262,42.673368139968396
2023-02-20 00:00:00,14.371229736327319,6.797682509942472
2023-02-20 01:00:00,11.981109562763262,121.38223117537007
2023-02-20 02:00:00,12.558556536390702,425.44026404796165
2023-02-20 03:00:00,13.7118978701099,430.083292787465
2023-02-20 04:00:00,14.38332630977593,560.946886792182
2023-02-20 05:00:00,13.617878973836653,612.5096035066719
2023-02-20 06:00:00,13.34433913987118,640.5390050835192
2023-02-20 07:00:00,12.862885439843804,671.0122481630884
2023-02-20 08:00:00,14.760087499598258,630.1438556439936
2023-02-20 09:00:00,13.946590382507056,460.2209906986945
2023-02-20 10:00:00,15.527531399517592,374.39403022656916
2023-02-20 11:00:00,12.547366804176946,217.64831978207567
2023-02-20 12:00:00,14.538296349429983,-16.447021153341485
2023-02-20 13:00:00,14.394750474283192,-75.69023282698211
2023-02-20 14:00:00,14.694217829934294,75.69788595654822
2023-02-20 15:00:00,14.673740949577207,-33.53157658823264
2023-02-20 16:00:00,13.340033023594783,-110.50386778341456
2023-02-20 17:00:00,13.666428418706383,-19.451999673058634
2023-02-20 18:00:00,14.013485160925832,29.186272567486338
2023-02-20 19:00:00,12.844250118996072,36.68044435718724
2023-02-20 20:00:00,14.878716953250683,-56.849065369711596
2023-02-20 21:00:00,11.37256930121896,-92.43539998020792
2023-02-20 22:00:00,12.6848117287495,15.294945662998327
2023-02-20 23:00:00,12.168975986485417,25.84592594307344
2023-02-21 00:00:00,15.00123974199192,55.896082022878836
2023-02-21 01:00:00,14.117088610571995,230.05945326945942
2023-02-21 02:00:00,13.368549316867636,354.8706655236552
2023-02-21 03:00:00,13.997791269440555,445.5621218027892
2023-02-21 04:00:00,14.16572607362343,577.8204811283036
2023-02-21 05:00:00,12.661863376002762,659.2420123377124
2023-02-21 06:00:00,14.047432015936208,649.306133544515
2023-02-21 07:00:00,15.290269249198962,725.438690450106
2023-02-21 08:00:00,15.466431994808659,653.3446678929296
2023-02-21 09:00:00,14.754787955962877,421.6932795075136
2023-02-21 10:00:00,14.159775706103506,331.45304713291625
2023-02-21 11:00:00,14.826027926987004,283.00735769350814
2023-02-21 12:00:00,14.607190352848969,58.14413335826613
2023-02-21 13:00:00,12.777524438655403,9.410657795960132
2023-02-21 14:00:00,12.98782152494838,54.793807235111245
2023-02-21 15:00:00,14.536134628926185,82.469719668333
2023-02-21 16:00:00,13.232971637621665,4.730524969167041
2023-02-21 17:00:00,12.876247565590566,-67.84604852413881
2023-02-21 18:00:00,15.19084869627133,42.98357125570814
2023-02-21 19:00:00,13.964207020687637,45.57364592160668
2023-02-21 20:00:00,13.836539141529824,-50.2870864949127
2023-02-21 21:00:00,12.698539560894952,13.025570243220216
2023-02-21 22:00:00,13.452788674782306,-39.533035252799216
2023-02-21 23:00:00,13.558051349198928,-82.23702581975154
2023-02-22 00:00:00,13.04960904688765,11.034974439467657
2023-02-22 01:00:00,12.739262856325237,253.19427243854406
2023-02-22 02:00:00,15.702636838256895,364.93004165292945
2023-02-22 03:00:00,15.364130154164181,502.21838740452483
2023-02-22 04:00:00,13.849754808015481,537.6258984855731
2023-02-22 05:00:00,12.62712215116307,705.3753697804765
2023-02-22 06:00:00,12.229341584067438,670.0597852010168
2023-02-22 07:00:00,13.503159545692016,635.062309966051
2023-02-22 08:00:00,11.7012182127409,648.3689598484748
2023-02-22 09:00:00,13.501935353050609,432.59334605266594
2023-02-22 10:00:00,11.933314635402859,338.27714131922903
2023-02-22 11:00:00,13.860464506970647,123.1942095992269
2023-02-22 12:00:00,14.151141161782464,-14.974114330831398
2023-02-22 13:00:00,13.76788243347908,-109.60996617743588
2023-02-22 14:00:00,16.126489750651103,27.08037498438459
2023-02-22 15:00:00,13.748432092823336,19.50895481917483
2023-02-22 16:00:00,15.68500772179038,108.84190091788435
2023-02-22 17:00:00,14.250981246420869,12.11695515444352
2023-02-22 18:00:00,15.967478127865139,-45.10883174032516
2023-02-22 19:00:00,12.199119418389124,49.58356977649433
2023-02-22 20:00:00,12.872241767241128,48.445034152062455
2023-02-22 21:00:00,13.667755329187493,65.33583958937564
2023-02-22 22:00:00,15.557877572013817,-98.03909753280678
2023-02-22 23:00:00,13.715672036440083,-35.05331175478473
2023-02-23 00:00:00,13.326622132521727,-45.37836242991713
2023-02-23 01:00:00,14.613503894218578,257.6921126386013
2023-02-23 02:00:00,14.912716868109957,390.4472140220541
2023-02-23 03:00:00,13.239678523037222,551.7381811332381
2023-02-23 04:00:00,13.318165731869467,552.2650320081489
2023-02-23 05:00:00,15.701739760051602,683.1052126003588
2023-02-23 06:00:00,15.255624327786023,618.9727502599281
2023-02-23 07:00:00,15.523216942855937,621.3613332077935
2023-02-23 08:00:00,14.9474737563284,612.6888934373982
2023-02-23 09:00:00,13.153208668582472,506.30072559192234
2023-02-23 10:00:00,13.973838722208932,369.8379439222735
2023-02-23 11:00:00,12.945348108699358,148.7471882366585
2023-02-23 12:00:00,14.982631350711907,21.268629968665802
2023-02-23 13:00:00,13.463319724534582,0.23053266251821064
2023-02-23 14:00:00,12.29510657197215,78.5016188549974
2023-02-23 15:00:00,14.12047973444139,-21.330910315481063
2023-02-23 16:00:00,15.132019659024133,-91.72725586020196
2023-02-23 17:00:00,12.629724513353445,30.838701984462034
2023-02-23 18:00:00,13.88177116020218,16.79244538216878
2023-02-23 19:00:00,13.452275579075373,-44.49239857517849
2023-02-23 20:00:00,14.99790230287507,-16.325047321974175
2023-02-23 21:00:00,11.959726398240639,9.696363995221077
2023-02-23 22:00:00,15.141787108651322,-18.969959680259784
2023-02-23 23:00:00,13.301708814240804,-55.52243404623164
2023-02-24 00:00:00,13.897704818272368,-9.98543536410899
2023-02-24 01:00:00,14.916298863532925,226.1366287027431
2023-02-24 02:00:00,15.536592470265315,333.36146719052925
2023-02-24 03:00:00,14.109018696552859,507.602598827963
2023-02-24 04:00:00,13.332697582016154,599.642671901301
2023-02-24 05:00:00,13.526195102683088,617.1811992964138
2023-02-24 06:00:00,15.223787268476112,697.5666242209523
2023-02-24 07:00:00,13.173500612897682,656.672038622614
2023-02-24 08:00:00,14.386573478617459,646.6422002179215
2023-02-24 09:00:00,14.065133816837237,558.781263684392
2023-02-24 10:00:00,14.816960643517287,395.52713171461556
2023-02-24 11:00:00,14.09183477021898,145.16153534277123
2023-02-24 12:00:00,13.623813224149671,-58.140114882534256
2023-02-24 13:00:00,13.55360430901687,-75.6848693371107
2023-02-24 14:00:00,13.534900736575938,8.468204557444382
2023-02-24 15:00:00,12.67823064442622,-35.458301100882885
2023-02-24 16:00:00,14.56374327754922,-55.64651011791732
2023-02-24 17:00:00,14.267653975409205,98.09452191628533
2023-02-24 18:00:00,12.591572395089724,24.3107667675525
2023-02-24 19:00:00,13.652070111145632,16.808837166514234
2023-02-24 20:00:00,13.78219393103371,14.313769965974624
2023-02-24 21:00:00,13.47227889873766,80.93875530502585
2023-02-24 22:00:00,13.937811994233371,-8.351878115704677
2023-02-24 23:00:00,13.950761494721426,30.89107183554231
2023-02-25 00:00:00,15.001737434086627,45.169619353264586
2023-02-25 01:00:00,14.102702997945462,275.4500880794582
2023-02-25 02:00:00,14.701016184937343,352.61106234565864
2023-02-25 03:00:00,12.716507337999214,560.5013973285859
2023-02-25 04:00:00,13.04584081120693,519.4469213258795
2023-02-25 05:00:00,12.73359832511014,787.2039588879109
2023-02-25 06:00:00,13.711649455308095,726.4995246766669
2023-02-25 07:00:00,14.162979657688172,719.097487366886
2023-02-25 08:00:00,15.775096113935277,546.6733408591424
2023-02-25 09:00:00,13.277716094547463,431.3422691820068
2023-02-25 10:00:00,14.95669307301557,320.3760977982142
2023-02-25 11:00:00,13.275089574529753,183.55318772370663
2023-02-25 12:00:00,14.131278718960065,-12.7253494835864
2023-02-25 13:00:00,13.955090366585434,-20.49908663677806
2023-02-25 14:00:00,13.183562211674037,-9.845716114775726
2023-02-25 15:00:00,13.261790543655689,-116.7324216451564
2023-02-25 16:00:00,15.70487554610608,21.32564492426498
2023-02-25 17:00:00,13.574174696575321,-8.491783949741414
2023-02-25 18:00:00,15.106021919000646,47.555378661537056
2023-02-25 19:00:00,14.786058716349014,-23.794249212563262
2023-02-25 20:00:00,13.496319203746541,-18.601134700176754
2023-02-25 21:00:00,14.103992730167782,7.904284663478552
2023-02-25 22:00:00,14.228087157201271,34.20134107884255
2023-02-25 23:00:00,14.59433710453762,57.532688002926115
2023-02-26 00:00:00,13.750808203813719,-2.0341712452910796
2023-02-26 01:00:00,12.649057862119296,204.6179529505926
2023-02-26 02:00:00,13.455411054090348,355.54982582146346
2023-02-26 03:00:00,15.321417653723884,485.79123632755085
2023-02-26 04:00:00,14.124458597501096,516.8445987372407
2023-02-26 05:00:00,13.735059671972683,693.9717682449209
2023-02-26 06:00:00,12.68075505488743,662.2590365341051
2023-02-26 07:00:00,15.392928535479834,727.2123658421408
2023-02-26 08:00:00,13.948574958973333,569.5599651815756
2023-02-26 09:00:00,15.243350114069093,472.07414721361954
2023-02-26 10:00:00,14.838256842053772,312.7992548835143
2023-02-26 11:00:00,14.951108739850534,209.8522916574475
2023-02-26 12:00:00,15.81530420167063,-15.161052908937977
2023-02-26 13:00:00,14.276758755545988,28.41723378903524
2023-02-26 14:00:00,14.022367922425289,-133.5113564239242
2023-02-26 15:00:00,15.71973962372497,99.70761853257757
2023-02-26 16:00:00,14.989826287444387,-50.51567624283781
2023-02-26 17:00:00,13.451040774259866,38.43390868372691
2023-02-26 18:00:00,15.199214109178001,24.99762361053788
2023-02-26 19:00:00,15.670843263768669,35.58364094348164
2023-02-26 20:00:00,11.855865143777113,-40.89007757410813
2023-02-26 21:00:00,12.91135642114217,-16.94843209322716
2023-02-26 22:00:00,13.345763082004158,19.91853434627807
2023-02-26 23:00:00,14.878915449590329,0.19751617235763
2023-02-27 00:00:00,14.991984494473488,-45.4669474885838
2023-02-27 01:00:00,14.722630584863762,212.46969678648566
2023-02-27 02:00:00,15.07948708946819,469.2633927377663
2023-02-27 03:00:00,13.094895114467759,481.06739645489426
2023-02-27 04:00:00,12.997046032922748,639.419328812919
2023-02-27 05:00:00,15.45623348897696,697.3495299221377
2023-02-27 06:00:00,14.306877812463073,691.6146599659623
2023-02-27 07:00:00,15.411765081785374,726.2708709366943
2023-02-27 08:00:00,13.504505848808142,654.6429480708313
2023-02-27 09:00:00,13.146969338707727,474.6644363341301
2023-02-27 10:00:00,12.932226876381447,426.7270787630454
2023-02-27 11:00:00,15.004101604925124,184.33543228164925
2023-02-27 12:00:00,15.335093157772844,53.77792741908289
2023-02-27 13:00:00,14.74486260756324,17.2167647339474
2023-02-27 14:00:00,13.71971888990743,1.9791088364697438
2023-02-27 15:00:00,14.840230332535585,-0.4153494824897248
2023-02-27 16:00:00,14.81279331536742,33.81050827633519
2023-02-27 17:00:00,12.177856520404383,-54.99664075294623
2023-02-27 18:00:00,13.852685204901283,18.566318333723267
2023-02-27 19:00:00,14.482536753325958,65.51085230674181
2023-02-27 20:00:00,15.311145468590835,25.52901738941662
2023-02-27 21:00:00,14.117960103288862,-87.3349483729893
2023-02-27 22:00:00,14.352134005465382,-69.15215838274997
2023-02-27 23:00:00,14.13572502543483,1.0505090508276207
2023-02-28 00:00:00,14.51436961327021,-39.34732052602543
2023-02-28 01:00:00,12.880295314352272,228.88046461882885
2023-02-28 02:00:00,13.643633958262352,332.51520482960365
2023-02-28 03:00:00,12.017639586942792,531.3470857524411
2023-02-28 04:00:00,13.807131042325722,713.9718100661273
2023-02-28 05:00:00,14.744757877853333,689.3287365731136
2023-02-28 06:00:00,13.457062119565352,661.8637827211259
2023-02-28 07:00:00,13.997558641188414,707.9694910088994
2023-02-28 08:00:00,14.639789140580449,631.1401462636696
2023-02-28 09:00:00,16.97161751684773,516.2828264228172
2023-02-28 10:00:00,14.167464402895712,424.62848696498975
2023-02-28 11:00:00,14.968293566875849,125.08858444196358
2023-02-28 12:00:00,14.062242944615084,49.97436234614556
2023-02-28 13:00:00,14.60505303772203,-30.309368368495313
2023-02-28 14:00:00,14.220710255480615,69.02963571676084
2023-02-28 15:00:00,13.827076922931873,-106.11316664574406
2023-02-28 16:00:00,14.046567288435897,111.53089211495575
2023-02-28 17:00:00,15.496197048428415,-13.541062499726033
2023-02-28 18:00:00,14.538231645213555,-60.513933837346556
2023-02-28 19:00:00,13.052106871792162,45.37737828101305
2023-02-28 20:00:00,13.824847344734627,25.582092421107173
2023-02-28 21:00:00,13.357182470341801,22.659452010884532
2023-02-28 22:00:00,15.17651082694201,46.47994638673139
2023-02-28 23:00:00,13.489688084389636,1.8196465090244391
2023-03-01 00:00:00,15.1556482610263,-14.628014329584497
2023-03-01 01:00:00,15.27040109972042,127.00605597437739
2023-03-01 02:00:00,14.438132202803812,351.65294342787337
2023-03-01 03:00:00,14.838248533091576,479.7905572285402
2023-03-01 04:00:00,13.79236132657157,618.5222915001757
2023-03-01 05:00:00,15.142972269553576,695.9847570320343
2023-03-01 06:00:00,13.054059279681798,801.5596880631413
2023-03-01 07:00:00,13.831135795412045,652.9728839989327
2023-03-01 08:00:00,13.986163990901721,611.887846635821
2023-03-01 09:00:00,15.28031262374397,483.59242062136434
2023-03-01 10:00:00,15.999066576359683,287.2010755861164
2023-03-01 11:00:00,13.838866707076196,330.5620711371125
2023-03-01 12:00:00,14.197081911805201,-46.80639971470016
2023-03-01 13:00:00,13.112652661048624,18.469992284807674
2023-03-01 14:00:00,14.210700358051634,85.01087638978798
2023-03-01 15:00:00,15.395317417295434,-61.96897809569023
2023-03-01 16:00:00,12.498050791874567,43.802977266925744
2023-03-01 17:00:00,14.312306680991599,-76.96922571968523
2023-03-01 18:00:00,15.011843627953075,-40.11997554697665
2023-03-01 19:00:00,14.350862416566393,28.065797378636308
2023-03-01 20:00:00,14.10446735134754,-13.636068985336749
2023-03-01 21:00:00,15.17031109578502,72.7259497554019
2023-03-01 22:00:00,13.485070128466347,6.425228761053607
2023-03-01 23:00:00,13.514384540371829,26.04983704286436
2023-03-02 00:00:00,12.491049738060099,-34.49272592754885
2023-03-02 01:00:00,14.662626189212835,133.61117470920482
2023-03-02 02:00:00,14.55843425942545,300.6342355926635
2023-03-02 03:00:00,13.76381723698036,460.15214303891537
2023-03-02 04:00:00,13.443626576736998,586.0751498323849
2023-03-02 05:00:00,14.289862927475259,750.2925237054607
2023-03-02 06:00:00,14.433413672117446,737.0341852438485
2023-03-02 07:00:00,13.13974260746408,628.5509606840109
2023-03-02 08:00:00,12.391293266852646,600.2291576631783
2023-03-02 09:00:00,12.611901479168575,505.3815042902772
2023-03-02 10:00:00,12.883719502325649,505.10464907018445
2023-03-02 11:00:00,13.131698568766312,185.96700249505147
2023-03-02 12:00:00,14.253273187511775,22.681418596388824
2023-03-02 13:00:00,14.422170309483539,-49.61833573667557
2023-03-02 14:00:00,14.169302156845047,36.03244006060527
2023-03-02 15:00:00,14.69601843534852,69.02246242321617
2023-03-02 16:00:00,14.738083926075527,-7.541033288038952
2023-03-02 17:00:00,14.667217327974758,30.774826639417896
2023-03-02 18:00:00,14.426397768952738,28.77398726591401
2023-03-02 19:00:00,13.280902556708476,3.472672616849621
2023-03-02 20:00:00,13.00222578696093,64.54840753775085
2023-03-02 21:00:00,13.775218458180753,-39.93446563271346
2023-03-02 22:00:00,15.472697679860833,-43.60880964509668
2023-03-02 23:00:00,16.681493458725914,0.22252026798355828
2023-03-03 00:00:00,14.936679269651721,-18.666979229195668
2023-03-03 01:00:00,14.737382499226586,40.50958910677704
2023-03-03 02:00:00,15.446429519348184,322.9196701368358
2023-03-03 03:00:00,15.89255516011956,401.8870211564566
2023-03-03 04:00:00,13.457240397922558,606.6187155254939
2023-03-03 05:00:00,17.28249226890363,730.1362111177829
2023-03-03 06:00:00,15.967372657136211,721.6799763406456
2023-03-03 07:00:00,13.012974559642576,701.1460501649442
2023-03-03 08:00:00,13.380975318480754,614.8708431613609
2023-03-03 09:00:00,17.196366012320404,518.9747294946065
2023-03-03 10:00:00,15.416287855537288,500.73308118059293
2023-03-03 11:00:00,13.782278355343937,168.47709282468696
2023-03-03 12:00:00,14.458652224481144,-0.6628055673875185
2023-03-03 13:00:00,15.133561279122494,-43.22664411552222
2023-03-03 14:00:00,15.268170492023295,-95.18457362071872
2023-03-03 15:00:00,15.747723016163821,13.276614032006762
2023-03-03 16:00:00,14.621701483063207,56.587203254462395
2023-03-03 17:00:00,14.659904948924039,116.00235547093432
2023-03-03 18:00:00,14.015641363938789,-9.377124322165693
2023-03-03 19:00:00,13.45049968925913,-12.958921705162513
2023-03-03 20:00:00,13.404369254365395,46.776837522948696
2023-03-03 21:00:00,14.235686863493981,85.60971228303742
2023-03-03 22:00:00,14.723653859089362,-61.78635404820094
2023-03-03 23:00:00,12.924177301363015,33.228073031692084
2023-03-04 00:00:00,16.466659820844164,91.39271542534924
2023-03-04 01:00:00,13.724695349400548,174.16526141584043
2023-03-04 02:00:00,13.56308351596839,302.6010755842368
2023-03-04 03:00:00,14.392072658742041,549.0963732427498
2023-03-04 04:00:00,12.050392880833636,557.1427043176875
2023-03-04 05:00:00,14.78205678298734,755.9651113712783
2023-03-04 06:00:00,13.430095316785401,820.5504654913668
2023-03-04 07:00:00,12.49832328590129,671.4430319716582
2023-03-04 08:00:00,14.5637887358675,707.3207290059768
2023-03-04 09:00:00,14.56250857552539,541.3995891628648
2023-03-04 10:00:00,16.36559521878032,429.8065286326576
2023-03-04 11:00:00,14.59996439733134,154.11919011472685
2023-03-04 12:00:00,14.592525116052299,31.170494013701628
2023-03-04 13:00:00,14.46164204941975,12.109199682711951
2023-03-04 14:00:00,11.841920520349596,-39.28115851809502
2023-03-04 15:00:00,14.497161753472634,-17.596727375060944
2023-03-04 16:00:00,14.371882241813724,28.805924236402653
2023-03-04 17:00:00,14.275599673901453,-56.24635495934025
2023-03-04 18:00:00,13.586512310284931,-60.072504956745846
2023-03-04 19:00:00,14.98538598180745,-63.85399609404434
2023-03-04 20:00:00,13.443706108522756,-38.78451305616855
2023-03-04 21:00:00,15.125734630159581,14.314361792730287
2023-03-04 22:00:00,14.808513526709078,-25.32705236353825
2023-03-04 23:00:00,15.822706328484449,63.884664849735294
2023-03-05 00:00:00,13.995886296973485,-72.20098662558824
2023-03-05 01:00:00,15.797097201735394,212.7799922053237
2023-03-05 02:00:00,14.67221809654764,343.1495577945834
2023-03-05 03:00:00,14.384696022260139,505.9963064992147
2023-03-05 04:00:00,13.60677571992794,660.3510723846052
2023-03-05 05:00:00,14.855497229583962,566.6355917760463
2023-03-05 06:00:00,13.983818225516012,616.1086267105544
2023-03-05 07:00:00,14.432030432374612,695.2266437470942
2023-03-05 08:00:00,15.237323847623689,615.0076099800351
2023-03-05 09:00:00,14.429174903709981,439.8287155640729
2023-03-05 10:00:00,14.777139197182812,461.757043838385
2023-03-05 11:00:00,15.973549421167577,129.19525328050682
2023-03-05 12:00:00,15.022730298134196,-26.614978882479406
2023-03-05 13:00:00,13.780759145153176,57.49997098386594
2023-03-05 14:00:00,14.054424301998429,-33.75444918927101
2023-03-05 15:00:00,14.600617870809804,-43.39240688326008
2023-03-05 16:00:00,16.581467559348923,19.453287580542796
2023-03-05 17:00:00,13.125213676881028,-37.15523575341332
2023-03-05 18:00:00,14.65005938757835,19.742363395638517
2023-03-05 19:00:00,15.824344766552105,25.653793942563553
2023-03-05 20:00:00,15.07453015691664,18.963035459932563
2023-03-05 21:00:00,14.32776295750538,58.948557295603486
2023-03-05 22:00:00,12.740276973893595,-19.29298509573005
2023-03-05 23:00:00,15.971349822999601,-25.20273354778451
2023-03-06 00:00:00,14.024946521003889,-4.276406372473738
2023-03-06 01:00:00,13.545169361119717,46.13225415097108
2023-03-06 02:00:00,14.749075407000781,373.138004673204
2023-03-06 03:00:00,15.925296159880114,496.1051157094681
2023-03-06 04:00:00,14.903033520811928,646.9113088916641
2023-03-06 05:00:00,14.133543685293962,655.3910481965029
2023-03-06 06:00:00,14.746155221061567,792.1717901668758
2023-03-06 07:00:00,14.616614232313358,689.8191819855975
2023-03-06 08:00:00,14.030037713107587,669.5664998154632
2023-03-06 09:00:00,14.56541230964422,487.2125189654875
2023-03-06 10:00:00,13.673869078709746,385.7884065686601
2023-03-06 11:00:00,13.509165126933805,109.85962762771537
2023-03-06 12:00:00,15.050699786344753,-109.82611262999195
2023-03-06 13:00:00,14.103701417129892,-10.345874553998904
2023-03-06 14:00:00,14.472470928551322,-1.0062475384775822
2023-03-06 15:00:00,13.726275053357368,-4.80925135491094
2023-03-06 16:00:00,13.931187243240903,-14.460110853982467
2023-03-06 17:00:00,14.014698429130187,-20.07894162957477
2023-03-06 18:00:00,13.910869830266144,33.76823630031478
2023-03-06 19:00:00,14.088295510885331,89.19467511780248
2023-03-06 20:00:00,14.695590795698427,129.3705411529527
2023-03-06 21:00:00,15.888098165473258,54.72498704393863
2023-03-06 22:00:00,15.259063486399814,-114.38226586290821
2023-03-06 23:00:00,14.163582319119044,52.54457227898538
2023-03-07 00:00:00,13.902492518373975,51.908043804571214
2023-03-07 01:00:00,12.756061606144408,183.05979243560915
2023-03-07 02:00:00,13.861924260427694,409.7385757412475
2023-03-07 03:00:00,13.43666655300572,531.9003865158373
2023-03-07 04:00:00,14.589585638125437,628.6500624364644
2023-03-07 05:00:00,16.2036437376318,714.6522715839569
2023-03-07 06:00:00,14.139880231852779,699.0485951477347
2023-03-07 07:00:00,13.082340294964725,610.0016779957504
2023-03-07 08:00:00,14.339073746362537,535.5154586143251
2023-03-07 09:00:00,14.0942502709259,559.7406623404135
2023-03-07 10:00:00,15.796161075965065,312.0861341479033
2023-03-07 11:00:00,12.650270251218233,111.62216248916928
2023-03-07 12:00:00,13.543432285608894,-77.49374245655328
2023-03-07 13:00:00,15.29606444781892,-23.803274299533015
2023-03-07 14:00:00,12.965510457241999,75.79384650700965
2023-03-07 15:00:00,15.108857285505364,-7.256681090751031
2023-03-07 16:00:00,13.869717140607658,-71.55628759557806
2023-03-07 17:00:00,15.561332702143355,74.08601162067838
2023-03-07 18:00:00,14.486107244912429,16.32996818484443
2023-03-07 19:00:00,14.37540224766226,-17.325823085340037
2023-03-07 20:00:00,15.133873541695467,24.272794033918714
2023-03-07 21:00:00,14.55412682814652,0.583706144995477
2023-03-07 22:00:00,13.298949844790917,-35.867548184017075
2023-03-07 23:00:00,14.014227977745007,-27.336340473690296
2023-03-08 00:00:00,12.943490335960155,-61.84304376396421
2023-03-08 01:00:00,13.70630356229651,165.07204409199858
2023-03-08 02:00:00,12.431831556241445,410.78339114693426
2023-03-08 03:00:00,16.908855543395507,560.2976341905031
2023-03-08 04:00:00,14.544319741061734,622.1320564154707
2023-03-08 05:00:00,15.103699441508432,695.4611662692776
2023-03-08 06:00:00,13.73539681764529,676.8576859629887
2023-03-08 07:00:00,15.09629075361512,723.507110044919
2023-03-08 08:00:00,15.34442977216616,561.7626086828087
2023-03-08 09:00:00,15.50687308042793,556.73752702059
2023-03-08 10:00:00,14.488014233441925,385.20018374577205
2023-03-08 11:00:00,15.586074336009565,175.29950801426958
2023-03-08 12:00:00,13.96298694257844,21.773015920880916
2023-03-08 13:00:00,14.944790143510094,-17.060070101073656
2023-03-08 14:00:00,14.618910679872462,9.434479718427982
2023-03-08 15:00:00,13.395488483759157,10.742734217294911
2023-03-08 16:00:00,12.740823164739286,58.33043322088231
2023-03-08 17:00:00,14.271657798286121,24.471602427364914
2023-03-08 18:00:00,14.275317658254018,52.43215987601908
2023-03-08 19:00:00,14.301005366651488,19.65726841927001
2023-03-08 20:00:00,15.620624652841888,-2.8676307093401086
2023-03-08 21:00:00,15.946832723662506,25.73982832967245
2023-03-08 22:00:00,15.227854297333788,17.2462727370605
2023-03-08 23:00:00,15.15788463746135,-18.060997677306087
2023-03-09 00:00:00,14.52493662536129,-70.38227710624608
2023-03-09 01:00:00,14.781439890800973,162.88894940118854
2023-03-09 02:00:00,15.034430888796074,338.63911760559563
2023-03-09 03:00:00,14.744916920466475,544.1216935675559
2023-03-09 04:00:00,15.197405407137053,629.1549525303109
2023-03-09 05:00:00,14.650654422643623,664.7339654590029
2023-03-09 06:00:00,14.109631899801697,722.012419833561
2023-03-09 07:00:00,14.86633151390104,689.3289519476567
2023-03-09 08:00:00,14.368852989501821,586.4674834960507
2023-03-09 09:00:00,16.057168642379224,589.7147264317229
2023-03-09 10:00:00,14.17746681362594,355.81161067423244
2023-03-09 11:00:00,17.46456573852201,149.41073020334827
2023-03-09 12:00:00,16.24453357708886,-83.11222455015267
2023-03-09 13:00:00,13.472251775394685,4.373287187732406
2023-03-09 14:00:00,15.8565172627176,25.905137145724254
2023-03-09 15:00:00,14.479373656915389,-32.58099023186566
2023-03-09 16:00:00,15.170401855239298,7.0144315602243354
2023-03-09 17:00:00,16.18154003315624,-54.568995144954
2023-03-09 18:00:00,13.829843592085002,-11.466869249106844
2023-03-09 19:00:00,14.141463168095088,54.2345075920023
2023-03-09 20:00:00,15.358281035967433,-11.674447035421524
2023-03-09 21:00:00,14.238086895277293,-32.21393379293958
2023-03-09 22:00:00,12.38000873322391,67.1093262396029
2023-03-09 23:00:00,15.568554837762974,9.891524410550163
2023-03-10 00:00:00,15.007114763574753,-25.155204868253268
2023-03-10 01:00:00,14.614373920978176,146.14689828541566
2023-03-10 02:00:00,14.76284733256261,308.498836117431
2023-03-10 03:00:00,16.876021226931144,538.8602593586498
2023-03-10 04:00:00,15.650371918077875,672.1820319220391
2023-03-10 05:00:00,13.77674372176778,706.9525765979791
2023-03-10 06:00:00,14.76077701232484,721.9642634674982
2023-03-10 07:00:00,15.823674726166297,736.3613927841986
2023-03-10 08:00:00,15.802596632107477,562.9325899653575
2023-03-10 09:00:00,13.13525821327786,521.3157979644111
2023-03-10 10:00:00,14.136427930294627,366.8036834745277
2023-03-10 11:00:00,13.50376187374301,210.15799187956281
2023-03-10 12:00:00,15.277373256720553,23.945924946502796
2023-03-10 13:00:00,13.730599796319355,-20.3984179711011
2023-03-10 14:00:00,16.192381526851882,92.72087644697467
2023-03-10 15:00:00,15.933017772777024,-54.23206954445201
2023-03-10 16:00:00,14.390898937111034,-23.825224679244908
2023-03-10 17:00:00,13.372897246815057,42.90194383695251
2023-03-10 18:00:00,13.84872150711248,-31.746010700586886
2023-03-10 19:00:00,15.088780530896571,5.5717202330687545
2023-03-10 20:00:00,15.489895300377876,-26.624746804116306
2023-03-10 21:00:00,14.599254466707409,-19.564936611499313
2023-03-10 22:00:00,12.06968115628567,-64.72300666998515
2023-03-10 23:00:00,15.317753593498288,38.03798729144754
2023-03-11 00:00:00,12.64877158299621,39.14982868776941
2023-03-11 01:00:00,12.550070089199625,228.81055562865345
2023-03-11 02:00:00,15.667468949124023,345.2650776083543
2023-03-11 03:00:00,13.483212843559256,535.2416434917321
2023-03-11 04:00:00,14.91979523518573,734.9512582852112
2023-03-11 05:00:00,14.761130235226133,722.9758287816684
2023-03-11 06:00:00,13.86386628237398,675.6492597737226
2023-03-11 07:00:00,14.875312760207155,665.7666813407548
2023-03-11 08:00:00,14.11885089186898,590.1350322300168
2023-03-11 09:00:00,14.716750083036471,584.6785310950299
2023-03-11 10:00:00,14.28298764008168,386.44493918567343
2023-03-11 11:00:00,14.16773021335143,111.13297378898983
2023-03-11 12:00:00,14.009542947181206,65.14645645903919
2023-03-11 13:00:00,13.770736078211756,28.333260866263487
2023-03-11 14:00:00,15.521696503016578,8.720629517427161
2023-03-11 15:00:00,14.216272175919064,75.86312457746396
2023-03-11 16:00:00,13.537602970822398,-11.452148515430334
2023-03-11 17:00:00,14.260206700309674,68.09689918165654
2023-03-11 18:00:00,14.141360168930381,-110.4775531921055
2023-03-11 19:00:00,14.275113291466113,-36.64952640829686
2023-03-11 20:00:00,15.38261184690857,39.589254603105424
2023-03-11 21:00:00,14.041414325593609,83.9101793974732
2023-03-11 22:00:00,14.289627701197531,-60.88920362555355
2023-03-11 23:00:00,15.312334572929462,-20.90413531830793
2023-03-12 00:00:00,15.143210877237184,8.310484307306266
2023-03-12 01:00:00,14.012192853044635,143.25257351372187
2023-03-12 02:00:00,15.665308834211595,354.3192718761673
2023-03-12 03:00:00,15.608697166289245,598.820802020011
2023-03-12 04:00:00,15.538448264117733,584.9282577435524
2023-03-12 05:00:00,15.001843621858011,697.9019428875407
2023-03-12 06:00:00,14.525622590088592,748.6134276844227
2023-03-12 07:00:00,13.625099689844935,733.1928081990648
2023-03-12 08:00:00,13.315680284072226,593.2604669494312
2023-03-12 09:00:00,14.61448826093063,510.7832458777341
2023-03-12 10:00:00,14.7134823930119,352.98985903623645
2023-03-12 11:00:00,14.438087811009455,205.40427995805393
2023-03-12 12:00:00,14.588279142875853,-58.80832976024348
2023-03-12 13:00:00,16.062893641506115,63.57074830184656
2023-03-12 14:00:00,16.326645394774335,12.902074564398022
2023-03-12 15:00:00,13.59333425335937,53.35548713050898
2023-03-12 16:00:00,14.987794732523328,-28.562715344596818
2023-03-12 17:00:00,14.751249155483743,-61.00989788353591
2023-03-12 18:00:00,15.374245112343608,-47.727071025179235
2023-03-12 19:00:00,16.4328241929424,35.03353242545305
2023-03-12 20:00:00,16.88728025748567,-22.039606924073006
2023-03-12 21:00:00,15.418900516508481,-80.99168092374374
2023-03-12 22:00:00,14.739351078536904,9.024734679417417
2023-03-12 23:00:00,14.33671624561616,-16.039357044823586
2023-03-13 00:00:00,17.21476129445582,-14.766482191681114
2023-03-13 01:00:00,13.960566637038271,105.08322991624902
2023-03-13 02:00:00,15.550691204761218,292.7500377520908
2023-03-13 03:00:00,14.463779173525792,493.3129013282201
2023-03-13 04:00:00,13.38935155613285,591.3636386654202
2023-03-13 05:00:00,16.44349630013515,682.839383131598
2023-03-13 06:00:00,12.985723892958045,778.0247941178153
2023-03-13 07:00:00,12.579217348464855,658.1007131300788
2023-03-13 08:00:00,15.428097562684023,592.454877252448
2023-03-13 09:00:00,14.423660618116283,494.3571358843458
2023-03-13 10:00:00,15.159576216195148,320.0321926281922
2023-03-13 11:00:00,14.72084641702703,179.8240825646808
2023-03-13 12:00:00,15.32859726586784,51.38238385113963
2023-03-13 13:00:00,14.432285683607537,-14.37463437625404
2023-03-13 14:00:00,15.630218270860945,12.910784295566238
2023-03-13 15:00:00,15.659027281037089,-116.05649072643298
2023-03-13 16:00:00,16.27689423457519,4.076916713316619
2023-03-13 17:00:00,15.992011160483639,73.79078950699139
2023-03-13 18:00:00,14.621533179462965,4.9131164624950525
2023-03-13 19:00:00,15.424142080580586,6.410186228408879
2023-03-13 20:00:00,15.145347178187828,14.277304124688477
2023-03-13 21:00:00,15.149076512264635,78.40038197344447
2023-03-13 22:00:00,13.404213559935148,67.68893675006674
2023-03-13 23:00:00,15.481201391335674,-51.09782119377776
2023-03-14 00:00:00,15.364021845297714,60.13165202830515
2023-03-14 01:00:00,16.575566581994064,259.7510216221068
2023-03-14 02:00:00,15.920865469721752,283.3752291346959
2023-03-14 03:00:00,14.904855829601146,522.9838691759044
2023-03-14 04:00:00,14.653531161221235,665.1999796863429
2023-03-14 05:00:00,13.751206624644297,572.6067516758619
2023-03-14 06:00:00,16.57299629905729,703.7459128250863
2023-03-14 07:00:00,13.689866468093946,676.8366944774086
2023-03-14 08:00:00,12.886290286545673,606.6670698172721
2023-03-14 09:00:00,15.655162414602941,573.9096363601485
2023-03-14 10:00:00,14.842241207738955,366.05432374567664
2023-03-14 11:00:00,15.01969461626558,212.00682196184675
2023-03-14 12:00:00,14.941851751692887,4.472405984191518
2023-03-14 13:00:00,13.697236969228873,123.40569112285817
2023-03-14 14:00:00,15.12413499401,49.82100386210958
2023-03-14 15:00:00,14.43249811565832,-0.8784680045679012
2023-03-14 16:00:00,14.292511371048578,-13.20108109658996
2023-03-14 17:00:00,16.17831662503235,-34.8269508581059
2023-03-14 18:00:00,15.546373946393548,-48.66063670269594
2023-03-14 19:00:00,12.454359287911705,-59.845340114043225
2023-03-14 20:00:00,14.971590255846843,49.102491498678305
2023-03-14 21:00:00,15.821338276354563,-44.75022018141461
2023-03-14 22:00:00,13.509331065991422,32.101714694082034
2023-03-14 23:00:00,13.891614719484036,-25.176205792688904
2023-03-15 00:00:00,15.781439368832523,-37.55458610372541
2023-03-15 01:00:00,14.327187483112317,174.76942370014
2023-03-15 02:00:00,12.802953375847034,459.1249622734076
2023-03-15 03:00:00,15.980916025307804,674.4775390010665
2023-03-15 04:00:00,14.606868105512657,621.7188454395942
2023-03-15 05:00:00,15.154876453740448,690.96694259461
2023-03-15 06:00:00,14.731891962349565,786.8092180394692
2023-03-15 07:00:00,15.902151180657157,721.510660757325
2023-03-15 08:00:00,13.682196664268481,607.3782355893866
2023-03-15 09:00:00,15.4452905526002,547.1325204230438
2023-03-15 10:00:00,16.099874952122065,407.9053591552124
2023-03-15 11:00:00,13.431804346074935,179.28163041141903
2023-03-15 12:00:00,14.041631612093795,-10.603096413669297
2023-03-15 13:00:00,16.42580970781804,85.74886668722544
2023-03-15 14:00:00,15.862337036688784,-41.04257145057573
2023-03-15 15:00:00,13.961857841573428,-27.001739076477644
2023-03-15 16:00:00,13.566673465612336,-23.12700540829633
2023-03-15 17:00:00,15.063856826570804,84.95273276693108
2023-03-15 18:00:00,15.11078704017282,-98.83378101590422
2023-03-15 19:00:00,14.722031368854905,41.12049573887979
2023-03-15 20:00:00,17.11451993775658,-1.474935487056583
2023-03-15 21:00:00,15.427925180175277,90.67451110324481
2023-03-15 22:00:00,13.940730065945804,17.781454986343014
2023-03-15 23:00:00,15.83882432886378,-107.56936591524087
2023-03-16 00:00:00,14.863826418836053,80.57442547167626
2023-03-16 01:00:00,14.12893311967175,179.7987269635917
2023-03-16 02:00:00,15.706687456436558,268.10688707259607
2023-03-16 03:00:00,16.281240306934766,503.18746668916555
2023-03-16 04:00:00,15.021498249732002,642.9085344713133
2023-03-16 05:00:00,13.828383454668945,662.6004271691326
2023-03-16 06:00:00,14.918764784279238,663.7126427515293
2023-03-16 07:00:00,13.84947255445617,729.8875117759139
2023-03-16 08:00:00,15.032152754624015,578.912479904731
2023-03-16 09:00:00,15.5601290468099,472.16103031693524
2023-03-16 10:00:00,12.829027024237412,438.00806061198347
2023-03-16 11:00:00,15.521168097509106,175.0714447816054
2023-03-16 12:00:00,14.431887628032374,-60.86011564251756
2023-03-16 13:00:00,14.243370570942906,-44.779121581365715
2023-03-16 14:00:00,13.47831521599806,19.310376288646445
2023-03-16 15:00:00,13.73214696590585,21.095984471624917
2023-03-16 16:00:00,16.57029774348314,33.28565109940956
2023-03-16 17:00:00,15.654995047483194,40.2138499008454
2023-03-16 18:00:00,16.100343206995166,16.67615927864487
2023-03-16 19:00:00,13.948317736181282,30.4010679873994
2023-03-16 20:00:00,16.60430638059346,-23.780718543790794
2023-03-16 21:00:00,14.73904790342428,-55.89100156755992
2023-03-16 22:00:00,14.016822590842255,67.89815541092501
2023-03-16 23:00:00,13.727603754124855,44.01273190195902
2023-03-17 00:00:00,13.780345360891257,-14.071792334953837
2023-03-17 01:00:00,14.082056670039195,158.6791785879286
2023-03-17 02:00:00,13.934823986535188,485.02447246385225
2023-03-17 03:00:00,15.732985708903458,479.0495844518882
2023-03-17 04:00:00,17.429861448257334,653.4630180137701
2023-03-17 05:00:00,14.581677780096218,682.6591478481861
2023-03-17 06:00:00,14.601007606898232,720.8754882947712
2023-03-17 07:00:00,12.970851947665457,678.6596328783128
2023-03-17 08:00:00,13.90343795717726,533.8920193843984
2023-03-17 09:00:00,13.207838448803834,543.7818494812591
2023-03-17 10:00:00,15.64214647995759,403.55685640233844
2023-03-17 11:00:00,16.762119552548963,158.6662627350748
2023-03-17 12:00:00,13.74766032228542,130.31490659843345
2023-03-17 13:00:00,14.625644911988164,14.165032287374954
2023-03-17 14:00:00,14.58023374528289,8.363724992004345
2023-03-17 15:00:00,15.512092163772612,19.34752854738274
2023-03-17 16:00:00,14.93401010602283,-29.648672916698395
2023-03-17 17:00:00,16.94315280012237,-48.88035582870278
2023-03-17 18:00:00,14.07953591220541,-38.06727158989445
2023-03-17 19:00:00,15.728254779082247,-27.254414940432532
2023-03-17 20:00:00,14.233472792112236,28.032316776985734
2023-03-17 21:00:00,13.226828422876991,-18.88973399731602
2023-03-17 22:00:00,16.255321317933586,30.936471335714614
2023-03-17 23:00:00,16.702136523354895,-63.079577936517985
2023-03-18 00:00:00,15.260308307135592,-32.21481254388336
2023-03-18 01:00:00,14.220213108871691,156.56259324382413
2023-03-18 02:00:00,13.711802226892141,180.40582092260178
2023-03-18 03:00:00,15.410924401140116,502.1397214217021
2023-03-18 04:00:00,12.723530192129067,591.1573993590989
2023-03-18 05:00:00,15.722055350646826,740.071223499651
2023-03-18 06:00:00,14.432435483100662,779.1467851421295
2023-03-18 07:00:00,14.410930726271367,647.2023369010129
2023-03-18 08:00:00,13.777223527366305,630.7654835198575
2023-03-18 09:00:00,13.413093952294542,461.05211758493886
2023-03-18 10:00:00,14.792175139040362,387.48232394828244
2023-03-18 11:00:00,15.045831759377421,157.82564620684724
2023-03-18 12:00:00,14.75859185842658,-26.702365030246995
2023-03-18 13:00:00,15.945061584650718,-10.839687600620477
2023-03-18 14:00:00,14.910220628265503,14.295810442194243
2023-03-18 15:00:00,15.565897083527691,2.755103819703707
2023-03-18 16:00:00,13.381626583672231,19.660106600116855
2023-03-18 17:00:00,14.408423725101159,35.938469775576024
2023-03-18 18:00:00,16.33382994274344,-6.6555813682410205
2023-03-18 19:00:00,15.822018432760379,-51.779688124432845
2023-03-18 20:00:00,15.183957199662267,-80.06486351014411
2023-03-18 21:00:00,14.471731495738439,-38.14172245387339
2023-03-18 22:00:00,13.914093856117274,11.242278092263456
2023-03-18 23:00:00,14.320689922225528,-69.15419213019916
2023-03-19 00:00:00,15.507985223467085,53.68920932351207
2023-03-19 01:00:00,12.887687526313147,139.89411651592707
2023-03-19 02:00:00,16.665537752669547,366.11720163365567
2023-03-19 03:00:00,16.109335510876946,599.5679116540883
2023-03-19 04:00:00,16.08641612136823,634.7993670253204
2023-03-19 05:00:00,15.485098743428738,663.585784509186
2023-03-19 06:00:00,14.978462045818167,618.0176006907484
2023-03-19 07:00:00,15.248293761828087,738.4976997485668
2023-03-19 08:00:00,14.504451133619758,659.4211736337529
2023-03-19 09:00:00,16.9882775481298,554.5559796707716
2023-03-19 10:00:00,14.73200627958034,377.4170896419567
2023-03-19 11:00:00,14.394840614435278,165.61434944092548
2023-03-19 12:00:00,14.605027649097739,-39.31838411336015
2023-03-19 13:00:00,14.147278704375388,2.08620569690265
2023-03-19 14:00:00,15.679541499166058,49.498257915940975
2023-03-19 15:00:00,14.351451767352364,-147.97155215192373
2023-03-19 16:00:00,14.744653569933716,46.93459629313771
2023-03-19 17:00:00,16.206845108131915,-14.524912088102479
2023-03-19 18:00:00,15.941323160004046,-8.362574190245661
2023-03-19 19:00:00,13.846678597637988,34.76197520623002
2023-03-19 20:00:00,16.051261768467956,-8.53860186306578
2023-03-19 21:00:00,13.454067231592912,11.289574704836298
2023-03-19 22:00:00,13.369349296520632,-81.69441150940663
2023-03-19 23:00:00,14.543905346168028,-13.871052445716185
2023-03-20 00:00:00,15.18217284870179,25.320281995533566
2023-03-20 01:00:00,14.664618746172774,173.09865780565343
2023-03-20 02:00:00,15.328157561634058,355.64921647083986
2023-03-20 03:00:00,14.512587672314492,534.6164875702303
2023-03-20 04:00:00,12.82991865523088,666.2780687629954
2023-03-20 05:00:00,14.698602480918943,795.1781293163365
2023-03-20 06:00:00,13.368648634438946,766.4399840731007
2023-03-20 07:00:00,14.892387129201099,786.6709465490234
2023-03-20 08:00:00,13.636361987863625,639.872639944054
2023-03-20 09:00:00,15.40656119468948,407.98659983767254
2023-03-20 10:00:00,16.243917216612658,350.8257993461652
2023-03-20 11:00:00,13.160209980667457,152.17684077838155
2023-03-20 12:00:00,12.84736259842973,-3.1524883173654223
2023-03-20 13:00:00,14.58885378051459,-16.058792385323713
2023-03-20 14:00:00,16.018602872521814,13.170097759950359
2023-03-20 15:00:00,15.045235994922718,-33.516894046351844
2023-03-20 16:00:00,14.462568139006121,10.78444715434331
2023-03-20 17:00:00,13.813464815678817,18.485689525526187
2023-03-20 18:00:00,15.612725512045518,1.7709826199969538
2023-03-20 19:00:00,16.42661363613434,-73.16465898514896
2023-03-20 20:00:00,13.01986564097512,44.68828135674704
2023-03-20 21:00:00,15.18304415406215,30.986647969664688
2023-03-20 22:00:00,17.43414180915398,-9.565556125034982
2023-03-20 23:00:00,14.283615176581328,-90.55740486002385
2023-03-21 00:00:00,14.715785475947014,15.10094640165994
2023-03-21 01:00:00,14.871930610067668,166.5093513416454
2023-03-21 02:00:00,14.498038300637207,345.18656892669696
2023-03-21 03:00:00,16.003600030143897,523.1129075594291
2023-03-21 04:00:00,16.708080272385814,718.2370642318665
2023-03-21 05:00:00,13.201967289853366,727.2771524412134
2023-03-21 06:00:00,13.972150830007967,739.79351630888
2023-03-21 07:00:00,16.152711424244497,693.8560221435355
2023-03-21 08:00:00,15.506847094384064,647.0268075438413
2023-03-21 09:00:00,15.34324792313376,526.969059500706
2023-03-21 10:00:00,15.603077480512153,402.81473649933247
2023-03-21 11:00:00,15.002661547767476,166.3308705524783
2023-03-21 12:00:00,15.387716720602487,-40.602712546861746
2023-03-21 13:00:00,14.58109518700087,-22.143259373712368
2023-03-21 14:00:00,14.67852064669853,-4.352895940255954
2023-03-21 15:00:00,14.811296269338328,-1.061727338200319
2023-03-21 16:00:00,14.499178700308892,-0.4877939906106709
2023-03-21 17:00:00,15.375349355396114,-49.54742173215785
2023-03-21 18:00:00,15.204161262829041,-4.272425546614323
2023-03-21 19:00:00,13.04036631819097,34.181456517600466
2023-03-21 20:00:00,14.703253394327565,63.61266604969392
2023-03-21 21:00:00,14.927243685092652,49.2208734331534
2023-03-21 22:00:00,16.436676451201976,-3.038833247278322
2023-03-21 23:00:00,14.619810995750187,-7.915547119117304
2023-03-22 00:00:00,15.018816355830998,62.15229549088399
2023-03-22 01:00:00,14.845605100059704,187.6160241426797
2023-03-22 02:00:00,16.24454811623946,416.41514765285706
2023-03-22 03:00:00,13.727531830728244,526.1306160627241
2023-03-22 04:00:00,14.137434514455324,526.1990180875666
2023-03-22 05:00:00,14.07046763827018,753.8960837996926
2023-03-22 06:00:00,14.936380810701719,794.4311528824477
2023-03-22 07:00:00,13.428554950564475,704.2916658284415
2023-03-22 08:00:00,16.38752352172432,588.2929923858126
2023-03-22 09:00:00,15.33789079058244,603.6651711743132
2023-03-22 10:00:00,15.507761748753945,365.7664059576268
2023-03-22 11:00:00,17.024672082374583,175.92080745359357
2023-03-22 12:00:00,14.578360840980997,22.443616995756962
2023-03-22 13:00:00,15.77834791891227,136.81519306599895
2023-03-22 14:00:00,15.504652665132717,24.205633157907982
2023-03-22 15:00:00,16.461772546170543,8.912651230278342
2023-03-22 16:00:00,15.613612366940712,3.4890112783347353
2023-03-22 17:00:00,14.413196325248594,82.70528992353815
2023-03-22 18:00:00,15.346372753332762,26.366235785842857
2023-03-22 19:00:00,14.27556846043589,43.190843638777736
2023-03-22 20:00:00,14.45525497889025,15.196523997689331
2023-03-22 21:00:00,14.90875787172897,26.792887107584974
2023-03-22 22:00:00,14.736594235872653,-13.919825758736366
2023-03-22 23:00:00,14.028476542958437,8.466280349172232
2023-03-23 00:00:00,12.66730044296851,-34.306092888471305
2023-03-23 01:00:00,15.233195794592469,167.89437994583005
2023-03-23 02:00:00,15.304378187149144,397.940796653506
2023-03-23 03:00:00,15.300455330150259,492.9139698361326
2023-03-23 04:00:00,16.842701221983567,653.3053487574581
2023-03-23 05:00:00,13.400591227568091,703.0080344828258
2023-03-23 06:00:00,16.489912297927976,690.6312630452106
2023-03-23 07:00:00,17.42876249377126,732.7772311094956
2023-03-23 08:00:00,16.70052812416735,685.5532897769602
2023-03-23 09:00:00,14.58740353508416,462.3326049986508
2023-03-23 10:00:00,15.38976392067534,403.86645905787094
2023-03-23 11:00:00,14.165527848893207,137.54297710553558
2023-03-23 12:00:00,14.260733028010947,67.777790920596
2023-03-23 13:00:00,16.660058303318,28.353001924413224
2023-03-23 14:00:00,15.63582643107233,-65.76359501708635
2023-03-23 15:00:00,15.696706928471462,42.648725653687016
2023-03-23 16:00:00,13.813748665089584,-30.662021194683163
2023-03-23 17:00:00,13.463450753874382,-48.27201021826447
2023-03-23 18:00:00,15.991488277991479,36.08800430029266
2023-03-23 19:00:00,15.358420466121377,60.338128775054464
2023-03-23 20:00:00,14.638354359239763,23.815970323354207
2023-03-23 21:00:00,16.673147510925133,-18.581585740987453
2023-03-23 22:00:00,15.530045464211987,8.478102758904985
2023-03-23 23:00:00,14.086666671357902,-29.107848974455404
2023-03-24 00:00:00,13.01158445543731,-8.718975833109802
2023-03-24 01:00:00,15.547904273059448,213.8665331852554
2023-03-24 02:00:00,14.4802616919811,302.4270956864426
2023-03-24 03:00:00,14.810839176099618,550.865869317692
2023-03-24 04:00:00,14.727943303081814,576.7158915662062
2023-03-24 05:00:00,16.38052111315535,658.3253772556837
2023-03-24 06:00:00,15.79246073564481,780.1756872166764
2023-03-24 07:00:00,14.8534033777533,679.8102371490571
2023-03-24 08:00:00,14.82647838398841,597.7862557338935
2023-03-24 09:00:00,15.237742988235652,513.770168617937
2023-03-24 10:00:00,16.267715008676614,344.1727956293469
2023-03-24 11:00:00,15.032617285350117,205.03210819803255
2023-03-24 12:00:00,14.375054711699383,8.733282088954825
2023-03-24 13:00:00,13.74478691271373,-49.279143322461124
2023-03-24 14:00:00,14.864023012506623,-85.54810682988612
2023-03-24 15:00:00,13.751369351509734,-10.141756070217504
2023-03-24 16:00:00,15.29109834380458,55.0260793590709
2023-03-24 17:00:00,15.402678675292853,-3.2914568949587415
2023-03-24 18:00:00,16.140419016117352,-17.380124497751545
2023-03-24 19:00:00,14.74021619302824,86.51801304244422
2023-03-24 20:00:00,15.982000210342429,37.63036430557137
2023-03-24 21:00:00,16.56121700574738,-86.38178369368134
2023-03-24 22:00:00,15.023385841014308,-13.94850677819103
2023-03-24 23:00:00,17.184850699942825,11.153106685098475
2023-03-25 00:00:00,16.398037699750837,-53.38162745090679
2023-03-25 01:00:00,14.48170904969738,178.96542598384886
2023-03-25 02:00:00,17.905530804938465,375.09258118467994
2023-03-25 03:00:00,14.893405634985454,517.7688952900731
2023-03-25 04:00:00,16.360680925299967,587.2953412608458
2023-03-25 05:00:00,15.589627476359905,795.9765321918607
2023-03-25 06:00:00,15.264507902120451,761.3966525885713
2023-03-25 07:00:00,16.269948563861252,679.6056394015515
2023-03-25 08:00:00,15.11195922041924,691.6395353698514
2023-03-25 09:00:00,14.884691304902157,524.9049789715465
2023-03-25 10:00:00,14.914908023278096,423.6154894033681
2023-03-25 11:00:00,13.817276702038214,188.3963528021345
2023-03-25 12:00:00,16.027749482684584,-73.80619767575435
2023-03-25 13:00:00,14.301366185308234,-53.35948534962134
2023-03-25 14:00:00,15.1712472240815,57.0540985738996
2023-03-25 15:00:00,14.981259954913357,51.63811886554925
2023-03-25 16:00:00,15.568520921668242,-66.46705144556276
2023-03-25 17:00:00,14.948021236081736,69.65186873268372
2023-03-25 18:00:00,14.692742656641201,51.28909476980192
2023-03-25 19:00:00,15.375775350767679,-31.710766835912587
2023-03-25 20:00:00,15.290055772224035,-3.9026213941436017
2023-03-25 21:00:00,13.89936528699819,-110.13865800725962
2023-03-25 22:00:00,14.851155073489426,-35.03803379416482
2023-03-25 23:00:00,16.2310757562404,-10.572151738821912
2023-03-26 00:00:00,17.428362840673252,15.46547312385347
2023-03-26 01:00:00,13.263547973128793,187.95168200504477
2023-03-26 02:00:00,15.798820284453843,381.2146950694553
2023-03-26 03:00:00,15.076872624916358,480.89836159202923
2023-03-26 04:00:00,14.379111656251716,664.4596411844192
2023-03-26 05:00:00,14.543104296762912,807.2056239401205
2023-03-26 06:00:00,14.031343301358882,770.5267642411941
2023-03-26 07:00:00,13.60883736176495,724.7434818729874
2023-03-26 08:00:00,15.356377334632796,611.2384359339843
2023-03-26 09:00:00,16.754353707646487,511.48251727474604
2023-03-26 10:00:00,15.323748514858105,308.6716528339889
2023-03-26 11:00:00,15.142661266117388,121.45859532370628
2023-03-26 12:00:00,14.347515801228182,-3.5031225144665323
2023-03-26 13:00:00,14.04075849766509,27.720754522491443
2023-03-26 14:00:00,14.992892751062353,-42.78298808616309
2023-03-26 15:00:00,13.941801094117245,59.787849974908816
2023-03-26 16:00:00,16.09418473815227,-28.04194052442653
2023-03-26 17:00:00,14.393541897201523,-4.496097615163959
2023-03-26 18:00:00,14.127636455863609,47.27397156965769
2023-03-26 19:00:00,17.22176696260083,-15.653893460679797
2023-03-26 20:00:00,16.2699498716616,31.379029527415657
2023-03-26 21:00:00,13.776044068319049,28.633098963810312
2023-03-26 22:00:00,14.088862879788064,-33.69650131813013
2023-03-26 23:00:00,14.77619547626323,-32.35265973130721
2023-03-27 00:00:00,14.818698442249438,61.11865558729641
2023-03-27 01:00:00,14.520807219319364,259.84761949292346
2023-03-27 02:00:00,16.316334048466732,405.7667448037432
2023-03-27 03:00:00,15.190108362909827,486.22197477657767
2023-03-27 04:00:00,14.942675987467283,692.0593488640973
2023-03-27 05:00:00,14.371527493563633,709.5551317511878
2023-03-27 06:00:00,13.927979338699805,685.5463262713093
2023-03-27 07:00:00,14.355065596511693,691.6241004490545
2023-03-27 08:00:00,14.103782597654249,637.4491519443958
2023-03-27 09:00:00,13.72025231736121,583.9361289829467
2023-03-27 10:00:00,16.057638601982433,334.3636069281784
2023-03-27 11:00:00,15.90973794484215,145.56270747382294
2023-03-27 12:00:00,14.60496944788636,-24.137749105148597
2023-03-27 13:00:00,16.297306280554217,-6.0945683307273315
2023-03-27 14:00:00,15.569871575171005,33.651249077874915
2023-03-27 15:00:00,13.89913171846317,28.521195757620337
2023-03-27 16:00:00,13.521667844441838,-112.47993430007817
2023-03-27 17:00:00,15.285608182568877,-17.790775978833693
2023-03-27 18:00:00,15.455610741644914,6.195271224117801
2023-03-27 19:00:00,13.686852171838499,-43.51982814105649
2023-03-27 20:00:00,14.453947346680913,-39.022284329437205
2023-03-27 21:00:00,15.832737283519483,31.22906649510021
2023-03-27 22:00:00,16.5504787687106,34.158838937104626
2023-03-27 23:00:00,15.06400458816643,-8.860331068792584
2023-03-28 00:00:00,15.042883336399397,20.096830360107006
2023-03-28 01:00:00,14.535544778392449,217.1005635920909
2023-03-28 02:00:00,16.473853534819373,319.82464309685764
2023-03-28 03:00:00,15.54250633577737,475.6856284407338
2023-03-28 04:00:00,14.145540325273435,629.2774328283322
2023-03-28 05:00:00,15.768740239414463,689.1488610271072
2023-03-28 06:00:00,14.285691532648627,719.4976182259861
2023-03-28 07:00:00,14.03483930398917,719.0419456320078
2023-03-28 08:00:00,14.539418160250621,644.3563980215181
2023-03-28 09:00:00,14.12610251323437,401.8343147776145
2023-03-28 10:00:00,14.08188504016025,379.4457000168874
2023-03-28 11:00:00,13.58749121987767,181.34425790428105
2023-03-28 12:00:00,14.287957501384428,11.281050217499052
2023-03-28 13:00:00,14.453599412441209,-32.0467720013046
2023-03-28 14:00:00,13.63527764428453,-31.77094896797157
2023-03-28 15:00:00,15.526774417489415,-19.527011736029294
2023-03-28 16:00:00,13.220238658758328,53.42847722563305
2023-03-28 17:00:00,14.605472527828413,-20.839840969229428
2023-03-28 18:00:00,15.647834123272022,55.541565586916406
2023-03-28 19:00:00,16.118783259588124,48.85509743145665
2023-03-28 20:00:00,14.411873624349777,-16.918861823393897
2023-03-28 21:00:00,15.999969734760953,-25.552078126268146
2023-03-28 22:00:00,14.619160303131142,-23.809177588602854
2023-03-28 23:00:00,17.241706765122835,-7.203339846515366
2023-03-29 00:00:00,13.532368941284709,-27.94229548899262
2023-03-29 01:00:00,13.985195910674852,230.79873085739848
2023-03-29 02:00:00,15.153214620976481,342.5189937654919
2023-03-29 03:00:00,13.730820419971016,573.2052978031027
2023-03-29 04:00:00,14.284131917163474,602.555574120702
2023-03-29 05:00:00,15.445079491008405,640.6968586088941
2023-03-29 06:00:00,15.183325177432392,659.7514551411422
2023-03-29 07:00:00,14.957111969063478,697.0492110518977
2023-03-29 08:00:00,14.967506019763062,608.8015418731093
2023-03-29 09:00:00,12.5309377858481,487.4162317753532
2023-03-29 10:00:00,15.140774455802783,423.9549532711405
2023-03-29 11:00:00,14.35617488258969,157.437165266988
2023-03-29 12:00:00,14.622472793822874,-98.2797051543025
2023-03-29 13:00:00,13.402003230867606,28.237225027020006
2023-03-29 14:00:00,15.665364122430104,66.80336519776112
2023-03-29 15:00:00,15.543992590098748,22.493027283247997
2023-03-29 16:00:00,13.827342325528612,-33.506415492820345
2023-03-29 17:00:00,15.171581692331877,8.579881978286565
2023-03-29 18:00:00,16.63861145833181,-40.1658801242457
2023-03-29 19:00:00,15.132285399983713,-48.58031227307454
2023-03-29 20:00:00,12.977930298136414,-9.880752164597837
2023-03-29 21:00:00,14.42170139764767,-2.848960105799545
2023-03-29 22:00:00,15.119147578709073,-10.139284754497076
2023-03-29 23:00:00,17.10829443180762,83.58309436976089
2023-03-30 00:00:00,13.787097848487445,2.139609908238169
2023-03-30 01:00:00,14.848854074167763,242.0527615572882
2023-03-30 02:00:00,13.928845128633462,486.5003774617053
2023-03-30 03:00:00,15.875482402479232,506.5203556004623
2023-03-30 04:00:00,14.629936496993178,656.7858908543782
2023-03-30 05:00:00,12.264690700248622,765.1119397739548
2023-03-30 06:00:00,14.602991489301328,755.9155923181447
2023-03-30 07:00:00,14.884153759209823,710.4077353788081
2023-03-30 08:00:00,15.3842150301026,766.53302312804
2023-03-30 09:00:00,15.177929883319575,590.1149131310808
2023-03-30 10:00:00,15.653478635660692,269.8219103848164
2023-03-30 11:00:00,14.872738162327991,261.9329934788534
2023-03-30 12:00:00,15.080883404576161,80.01696442505923
2023-03-30 13:00:00,15.008458738179801,59.76763365246478
2023-03-30 14:00:00,14.581110715794232,37.53315837888256
2023-03-30 15:00:00,15.564417029263906,77.54763666359307
2023-03-30 16:00:00,15.842953377634736,44.13134232110135
2023-03-30 17:00:00,14.952533201270933,28.936180512162203
2023-03-30 18:00:00,14.504575316561905,6.707515045492693
2023-03-30 19:00:00,13.91373143594857,-53.58022517957832
2023-03-30 20:00:00,15.35119374498335,-68.63646199383125
2023-03-30 21:00:00,13.9927312750664,38.64774780436521
2023-03-30 22:00:00,15.155693568758672,37.75269294256829
2023-03-30 23:00:00,15.127376207432222,-2.135670876415781
2023-03-31 00:00:00,16.065893367147673,-42.833267285871436
2023-03-31 01:00:00,16.386038050909473,137.59835433855108
2023-03-31 02:00:00,11.960727344854435,356.8614449682132
2023-03-31 03:00:00,14.797339198147773,565.3828229104673
2023-03-31 04:00:00,12.897918253435156,761.3887845918487
2023-03-31 05:00:00,16.160409385145524,723.1629020643117
2023-03-31 06:00:00,14.975654514160562,764.3299276190093
2023-03-31 07:00:00,16.150507945545485,780.685685711225
2023-03-31 08:00:00,15.257003077011108,646.2779590268414
2023-03-31 09:00:00,13.648543411167156,548.7265730905553
2023-03-31 10:00:00,14.03118735327474,416.0702394181439
2023-03-31 11:00:00,14.86455727661068,249.20064191288273
2023-03-31 12:00:00,15.568382655298407,2.7068770428432187
2023-03-31 13:00:00,15.055621207796746,-24.029566549089303
2023-03-31 14:00:00,15.176347814164677,10.205115583469587
2023-03-31 15:00:00,14.641399663408189,-84.86534470894007
2023-03-31 16:00:00,16.128812895639964,14.685302550837884
2023-03-31 17:00:00,15.14491066725375,43.34438250941962
2023-03-31 18:00:00,15.047265204675918,84.91194638932518
2023-03-31 19:00:00,15.294273591487551,46.23231170084798
2023-03-31 20:00:00,14.583839854994604,-128.30215305873025
2023-03-31 21:00:00,14.648644585925872,69.58890696921448
2023-03-31 22:00:00,15.48015773996572,73.34746564266678
2023-03-31 23:00:00,15.775153344833782,-46.0317666418826
2023-04-01 00:00:00,15.880753714018422,-20.03102349119934
2023-04-01 01:00:00,14.804712498652421,266.06710791999205
2023-04-01 02:00:00,15.123232766433174,377.7768845918335
2023-04-01 03:00:00,14.393459799809651,500.95159025477665
2023-04-01 04:00:00,15.7865622209323,611.9441548314239
2023-04-01 05:00:00,14.055127624024282,856.1717176859586
2023-04-01 06:00:00,15.222091901584417,789.3715487985398
2023-04-01 07:00:00,15.878934446363237,710.5120347062508
2023-04-01 08:00:00,15.125662969758004,720.9482200066103
2023-04-01 09:00:00,15.29995637332419,525.8168362043215
2023-04-01 10:00:00,14.727173913763039,435.5693349215284
2023-04-01 11:00:00,13.14604004958442,223.17530586075327
2023-04-01 12:00:00,14.326349851062353,-16.932089485953288
2023-04-01 13:00:00,15.044309479710378,24.915060610195557
2023-04-01 14:00:00,14.310896131116317,26.93616365509311
2023-04-01 15:00:00,15.485164331073083,40.041166974246295
2023-04-01 16:00:00,13.535930378970766,81.42076025476494
2023-04-01 17:00:00,13.062461141927965,110.5918492291089
2023-04-01 18:00:00,15.69499363754865,20.55714855304607
2023-04-01 19:00:00,14.68831243774426,-95.40080800912855
2023-04-01 20:00:00,15.34633331847645,43.832645222068194
2023-04-01 21:00:00,14.478919645415708,-13.037899603238895
2023-04-01 22:00:00,15.564694383719129,-84.56112666322478
2023-04-01 23:00:00,16.35737184527012,34.53475177091427
2023-04-02 00:00:00,16.42794705807259,21.970151399129822
2023-04-02 01:00:00,14.351621985576184,153.83181289234452
2023-04-02 02:00:00,14.577662472741514,315.6933720545508
2023-04-02 03:00:00,15.16972420158299,600.1064872701098
2023-04-02 04:00:00,16.870499951626893,674.8088684135403
2023-04-02 05:00:00,13.846756562352322,684.8752256623069
2023-04-02 06:00:00,13.853813907913075,783.1063961644875
2023-04-02 07:00:00,15.868529192142157,703.4132852728043
2023-04-02 08:00:00,14.333816255431975,676.7393646330667
2023-04-02 09:00:00,15.658740244443074,546.0192965003748
2023-04-02 10:00:00,14.414569891078948,246.7667674232902
2023-04-02 11:00:00,15.351865472822462,199.52317684715635
2023-04-02 12:00:00,14.489604239228843,-8.327665456051143
2023-04-02 13:00:00,13.994897290639416,-37.016184851197416
2023-04-02 14:00:00,15.145889658084263,-63.20111773615579
2023-04-02 15:00:00,13.787049985330189,-10.87580184784759
2023-04-02 16:00:00,15.455886093723286,-17.636868973548097
2023-04-02 17:00:00,14.76530670806379,32.570506656720205
2023-04-02 18:00:00,13.638564096819133,-7.258025230995675
2023-04-02 19:00:00,15.29951882572411,4.429192660331805
2023-04-02 20:00:00,15.278458061484374,16.358259690972528
2023-04-02 21:00:00,12.64739839072687,-23.195623212671812
2023-04-02 22:00:00,14.948676799988855,-49.81777730143391
2023-04-02 23:00:00,15.009479573204684,110.67184651710913
2023-04-03 00:00:00,15.09040622053229,-3.885690881333387
2023-04-03 01:00:00,13.17896620298198,183.58501708506896
2023-04-03 02:00:00,15.351436396949719,445.61688606858644
2023-04-03 03:00:00,15.51075758918105,624.6063365608751
2023-04-03 04:00:00,14.05974123219272,721.7058457102822
2023-04-03 05:00:00,13.598589878706216,704.8180672604635
2023-04-03 06:00:00,14.018336104908023,767.2503392744034
2023-04-03 07:00:00,15.126511771699072,753.561805401259
2023-04-03 08:00:00,13.759916320680055,761.2625218910639
2023-04-03 09:00:00,13.644119057155379,551.2614517943937
2023-04-03 10:00:00,17.097202234255747,398.17371435308667
2023-04-03 11:00:00,14.99242118204798,143.42898388798332
2023-04-03 12:00:00,14.686540676301576,-62.764435190171646
2023-04-03 13:00:00,14.32726209550555,67.71949763589687
2023-04-03 14:00:00,14.574629273970613,17.29090379857231
2023-04-03 15:00:00,16.79959249730652,22.364042937250584
2023-04-03 16:00:00,15.813989854674087,53.67995291736104
2023-04-03 17:00:00,17.384462168579347,42.6153192057571
2023-04-03 18:00:00,15.389671253533049,36.089618700157
2023-04-03 19:00:00,14.041484512456627,31.796214520303558
2023-04-03 20:00:00,15.268900053581767,6.9344485398395594
2023-04-03 21:00:00,15.546352737092676,10.455644969839026
2023-04-03 22:00:00,15.61164417759899,45.80212250731241
2023-04-03 23:00:00,14.555570571068216,-46.92022832695257
2023-04-04 00:00:00,16.798274501941247,-52.52100019514775
2023-04-04 01:00:00,13.724828535696393,198.1266439259135
2023-04-04 02:00:00,15.333849600865326,382.31661254458913
2023-04-04 03:00:00,14.702003582101794,566.3550322916242
2023-04-04 04:00:00,14.21744834810075,638.16154252179
2023-04-04 05:00:00,15.24150417649673,685.2781926456173
2023-04-04 06:00:00,16.250976314561868,779.8077784770396
2023-04-04 07:00:00,15.39837765043604,791.5034852778406
2023-04-04 08:00:00,15.267490973814997,667.5284391422801
2023-04-04 09:00:00,12.974776742929912,457.43378485131745
2023-04-04 10:00:00,15.91560215692523,388.6374905280729
2023-04-04 11:00:00,14.58834325922818,97.47267762068569
2023-04-04 12:00:00,15.528574371821122,-2.0540224347720617
2023-04-04 13:00:00,15.914586356652933,-100.48854842269964
2023-04-04 14:00:00,15.187278176898413,-21.506417051432976
2023-04-04 15:00:00,12.993233575798138,25.55258486040575
2023-04-04 16:00:00,16.41092206436436,-14.271524414029955
2023-04-04 17:00:00,16.799609678535464,57.43647897769697
2023-04-04 18:00:00,15.807505209680336,10.953566819077162
2023-04-04 19:00:00,14.267931227906796,-56.182080207746644
2023-04-04 20:00:00,16.22422673853373,45.03343210737111
2023-04-04 21:00:00,14.712337364263062,34.461695709067754
2023-04-04 22:00:00,14.927426214300636,63.6911342994799
2023-04-04 23:00:00,16.191920633831867,35.48666056809628
2023-04-05 00:00:00,15.637081084775096,23.494443661373534
2023-04-05 01:00:00,12.636641267636335,144.33187881956133
2023-04-05 02:00:00,15.19743992052513,415.39918611078957
2023-04-05 03:00:00,16.174929652999325,522.6401830510437
2023-04-05 04:00:00,13.625997637997575,689.3711751530012
2023-04-05 05:00:00,15.96706623218243,835.4482703572174
2023-04-05 06:00:00,13.319828206483201,809.8171614465674
2023-04-05 07:00:00,14.774792347555842,738.1939084165755
2023-04-05 08:00:00,15.531017230633195,652.7350985732345
2023-04-05 09:00:00,14.736470670166579,509.0758712599549
2023-04-05 10:00:00,16.16722072517568,258.59103709776105
2023-04-05 11:00:00,13.574897332552826,196.30248391464744
2023-04-05 12:00:00,15.804819454568788,-25.689138412111415
2023-04-05 13:00:00,15.042490510422413,16.09516848811114
2023-04-05 14:00:00,14.137029948799439,-25.812993453765863
2023-04-05 15:00:00,15.428342471372321,11.052747928441498
2023-04-05 16:00:00,14.919251927660419,62.30326332565507
2023-04-05 17:00:00,16.46914423267116,7.835268899254258
2023-04-05 18:00:00,15.57299355641715,-54.30822870099844
2023-04-05 19:00:00,15.402236435817631,-41.53913058793362
2023-04-05 20:00:00,14.316631673749262,34.535487716059215
2023-04-05 21:00:00,15.136153301699375,37.65385680277736
2023-04-05 22:00:00,14.414423187980201,-43.584044853549116
2023-04-05 23:00:00,14.92729018643315,-1.4362270730288669
2023-04-06 00:00:00,16.228645317264846,45.23403648787321
2023-04-06 01:00:00,14.697541681245317,279.93647127087496
2023-04-06 02:00:00,13.537136791172484,383.4034799785199
2023-04-06 03:00:00,15.477823421667335,519.7869375732764
2023-04-06 04:00:00,15.770141608678417,630.3119694018754
2023-04-06 05:00:00,16.57225963869441,730.7941336276873
2023-04-06 06:00:00,15.847667830271222,818.6183298493033
2023-04-06 07:00:00,14.711620777638194,730.8755967345318
2023-04-06 08:00:00,15.244089397711637,673.7955622840512
2023-04-06 09:00:00,15.372607481419255,458.658313893778
2023-04-06 10:00:00,15.417479681144547,454.3016629711892
2023-04-06 11:00:00,12.509210979230243,260.7410572291549
2023-04-06 12:00:00,14.409812935933655,-14.806624981668007
2023-04-06 13:00:00,15.460340651227604,-5.2174035682838324
2023-04-06 14:00:00,16.08266902212038,58.9679961070375
2023-04-06 15:00:00,14.349026158782683,147.2641807550873
2023-04-06 16:00:00,14.56834415677054,-84.23907644330613
2023-04-06 17:00:00,14.744808958200979,-25.546936010271192
2023-04-06 18:00:00,14.84840293536688,-19.709597359944272
2023-04-06 19:00:00,15.837742814776517,52.04818470122089
2023-04-06 20:00:00,14.244831674386534,17.71850500348494
2023-04-06 21:00:00,15.848097732442564,-25.618160156269496
2023-04-06 22:00:00,16.402078979640862,-70.81185877096456
2023-04-06 23:00:00,14.589614966872672,50.565036472878575
2023-04-07 00:00:00,14.545640412246353,-10.012617137610121
2023-04-07 01:00:00,15.133069034882984,135.90295621693033
2023-04-07 02:00:00,14.389039295412273,340.2781815790394
2023-04-07 03:00:00,14.887622879715424,508.20499958928104
2023-04-07 04:00:00,13.5058679967589,633.4595665086936
2023-04-07 05:00:00,15.831232705237348,671.0262158656959
2023-04-07 06:00:00,16.638548279198883,697.1707494597924
2023-04-07 07:00:00,14.302313707589564,841.7387903560369
2023-04-07 08:00:00,13.329301064058233,664.9345645111431
2023-04-07 09:00:00,15.89640966432735,508.8930873224141
2023-04-07 10:00:00,14.557032252463307,393.2867488871443
2023-04-07 11:00:00,14.30768848981419,201.8254045617581
2023-04-07 12:00:00,14.853535995863323,-45.33280621428977
2023-04-07 13:00:00,13.754679874873796,-95.7720581689979
2023-04-07 14:00:00,15.457530278868598,-26.54402339273546
2023-04-07 15:00:00,13.710919035918383,-9.12608268329854
2023-04-07 16:00:00,13.79115426190949,-5.4778714872011225
2023-04-07 17:00:00,13.77772345338513,-91.57104992840756
2023-04-07 18:00:00,15.139524655767206,124.00338756632203
2023-04-07 19:00:00,13.16183696330099,120.13580852076309
2023-04-07 20:00:00,17.063798998174818,22.241187410552133
2023-04-07 21:00:00,14.59999864138097,1.2746458523438131
2023-04-07 22:00:00,12.859323564469793,-28.241046792799533
2023-04-07 23:00:00,13.9147892754028,28.926321006907607
2023-04-08 00:00:00,15.565069118425344,-5.850270231998376
2023-04-08 01:00:00,16.314628890630054,256.28939232931265
2023-04-08 02:00:00,15.129472685619916,419.8619731218972
2023-04-08 03:00:00,15.051923040898487,486.60935619403216
2023-04-08 04:00:00,13.436108484993358,613.672910259909
2023-04-08 05:00:00,16.455141741176714,771.299323540474
2023-04-08 06:00:00,15.522213646803012,783.0460944226282
2023-04-08 07:00:00,15.287366003655995,667.1547462506834
2023-04-08 08:00:00,14.983198000628756,625.2040667431538
2023-04-08 09:00:00,15.49731365184523,521.4400634220165
2023-04-08 10:00:00,14.166231169252217,372.3194263092881
2023-04-08 11:00:00,15.905624632764148,190.08376340353928
2023-04-08 12:00:00,15.769674115167035,44.96196719257496
2023-04-08 13:00:00,14.86813955941219,7.288705750864236
2023-04-08 14:00:00,14.694193210715312,4.037566521847294
2023-04-08 15:00:00,12.807847790822265,-37.83836157438701
2023-04-08 16:00:00,13.234077062844628,8.377777340841696
2023-04-08 17:00:00,15.512050687062997,-1.4360532850238001
2023-04-08 18:00:00,15.871015448244242,-23.99292055863016
2023-04-08 19:00:00,16.036334493953145,-57.53335069243223
2023-04-08 20:00:00,13.619109261863121,63.84738711391166
2023-04-08 21:00:00,17.259735712372105,88.98612657677242
2023-04-08 22:00:00,15.966575308753036,12.225107760111857
2023-04-08 23:00:00,14.392832317838314,71.73001395732508
2023-04-09 00:00:00,15.1188937079376,11.476733952725397
2023-04-09 01:00:00,13.25819076810367,124.19627112687215
2023-04-09 02:00:00,14.338667566352077,388.90396080122775
2023-04-09 03:00:00,15.493833034898646,511.7840187615903
2023-04-09 04:00:00,15.018260108932372,671.3875473787783
2023-04-09 05:00:00,16.69871385022051,800.8381332341755
2023-04-09 06:00:00,13.476123903111052,722.4434252971203
2023-04-09 07:00:00,14.838437716451624,741.6738704759784
2023-04-09 08:00:00,13.818954526254608,690.6513814244954
2023-04-09 09:00:00,16.49062469021666,596.4685591851724
2023-04-09 10:00:00,15.220927083889102,423.1777900093865
2023-04-09 11:00:00,14.964013798022586,137.79240460810647
2023-04-09 12:00:00,14.82243241508321,-55.805340234483864
2023-04-09 13:00:00,14.078486545361605,38.24634942663583
2023-04-09 14:00:00,16.15401727781457,-19.231066988237842
2023-04-09 15:00:00,15.126175906091323,-49.192847322980754
2023-04-09 16:00:00,15.200322240218934,59.41713147057737
2023-04-09 17:00:00,15.537891827248021,-18.48358109560143
2023-04-09 18:00:00,14.093788313022701,81.51849839321538
2023-04-09 19:00:00,16.95085754766387,-22.02378381221933
2023-04-09 20:00:00,16.52508281387687,-37.340645174507266
2023-04-09 21:00:00,14.919611639560399,-3.2176734080663802
2023-04-09 22:00:00,14.654483330223847,37.91345493754893
2023-04-09 23:00:00,15.595212006290057,14.646532646522328
2023-04-10 00:00:00,16.06357655773662,94.5839372847068
2023-04-10 01:00:00,16.69366326714105,201.9568835628227
2023-04-10 02:00:00,15.588202147253146,364.75839004274775
2023-04-10 03:00:00,15.079955412677656,603.7862978262102
2023-04-10 04:00:00,15.080522999899804,676.8274719384499
2023-04-10 05:00:00,13.062700733037916,701.0312221532885
2023-04-10 06:00:00,14.513091515594502,759.0998485166637
2023-04-10 07:00:00,15.30460966458568,732.6184758443743
2023-04-10 08:00:00,12.68565718551745,636.7960681518502
2023-04-10 09:00:00,15.123324606368087,537.4493493941968
2023-04-10 10:00:00,14.131362053202697,309.20407710215676
2023-04-10 11:00:00,16.52040687169985,175.58097328747522
2023-04-10 12:00:00,14.65870662394278,21.562856627756236
2023-04-10 13:00:00,14.67975922167566,-26.412378885121058
2023-04-10 14:00:00,14.805974150515999,-44.57702343345685
2023-04-10 15:00:00,14.938737614256258,-2.0321765089348185
2023-04-10 16:00:00,15.73621856005462,-23.635963182044147
2023-04-10 17:00:00,14.59908623937219,-66.10446149786576
2023-04-10 18:00:00,14.966819726350456,-64.85624927104158
2023-04-10 19:00:00,15.74218070640371,20.403995991383304
2023-04-10 20:00:00,14.951918082491682,4.528347918371561
2023-04-10 21:00:00,15.59881878714378,15.70154695350016
2023-04-10 22:00:00,14.497822219619705,-14.932316175753888
2023-04-10 23:00:00,15.294394389593993,-75.67040372396923
2023-04-11 00:00:00,16.238732359156405,-43.70657044354232
2023-04-11 01:00:00,15.532194220541445,177.10813679667302
2023-04-11 02:00:00,13.058722321739372,395.0480196262523
2023-04-11 03:00:00,15.485105684054648,440.4151821626439
2023-04-11 04:00:00,13.775752311623876,530.9164095241292
2023-04-11 05:00:00,14.004762423568707,793.4969707744281
2023-04-11 06:00:00,15.42162043884103,776.3810539786596
2023-04-11 07:00:00,13.960176677484542,677.2470138546132
2023-04-11 08:00:00,13.819935213314588,634.7430336370398
2023-04-11 09:00:00,14.926245542876798,506.7846648927665
2023-04-11 10:00:00,14.31632024871617,387.72667810774095
2023-04-11 11:00:00,13.299982305631152,167.83451353283897
2023-04-11 12:00:00,15.485125998412064,-57.43001598667184
2023-04-11 13:00:00,15.915160786023375,24.465628062972637
2023-04-11 14:00:00,15.834445481732644,90.71981351635945
2023-04-11 15:00:00,14.031425506853218,26.489403494481984
2023-04-11 16:00:00,15.340641816070258,3.75371252774596
2023-04-11 17:00:00,14.435662442575216,-10.713019802286066
2023-04-11 18:00:00,13.662243784728645,-39.437235250815206
2023-04-11 19:00:00,14.182412885470077,-20.378150524977904
2023-04-11 20:00:00,12.110403733739828,19.617063228175095
2023-04-11 21:00:00,13.872441685408084,59.36161312408408
2023-04-11 22:00:00,13.463033576013265,61.594678577188155
2023-04-11 23:00:00,15.13264834824832,8.51856845784326
2023-04-12 00:00:00,15.206129088450375,9.33983202421707
2023-04-12 01:00:00,13.224908362540909,195.62037939852794
2023-04-12 02:00:00,15.74261241090229,401.4163821170261
2023-04-12 03:00:00,14.306871349229427,529.7165567902662
2023-04-12 04:00:00,13.845233484742863,649.0459759832422
2023-04-12 05:00:00,13.1243094679038,677.3100493498414
2023-04-12 06:00:00,14.113765266649276,701.5306040857602
2023-04-12 07:00:00,14.775411892237274,685.7642597203127
2023-04-12 08:00:00,15.910430041830272,657.8186834699846
2023-04-12 09:00:00,14.809339200025244,511.99189547361584
2023-04-12 10:00:00,14.599762353054833,501.9847277090702
2023-04-12 11:00:00,15.495126805189093,212.40604907114997
2023-04-12 12:00:00,15.054726167412756,78.54037982510884
2023-04-12 13:00:00,13.409568269466643,74.23728343777705
2023-04-12 14:00:00,14.477908419884667,21.233491469597624
2023-04-12 15:00:00,14.339625481536697,-2.041936693629185
2023-04-12 16:00:00,14.764693014097741,-44.94961610030368
2023-04-12 17:00:00,14.439329160192822,-30.093218240401566
2023-04-12 18:00:00,14.108160515439874,42.01843534951713
2023-04-12 19:00:00,16.37950980002758,13.482433282116741
2023-04-12 20:00:00,14.869420436673844,-32.12249514060318
2023-04-12 21:00:00,15.391491913540811,-10.371042031050546
2023-04-12 22:00:00,14.797282673777021,16.472531583087715
2023-04-12 23:00:00,15.729849160696547,1.2404131552649669
2023-04-13 00:00:00,14.8072214317273,-11.908474130456007
2023-04-13 01:00:00,15.870437852292232,190.0555684864484
2023-04-13 02:00:00,12.027799373424404,251.6753291345159
2023-04-13 03:00:00,14.997757906813774,527.6366227837799
2023-04-13 04:00:00,15.1591608358463,592.1910929632149
2023-04-13 05:00:00,15.20270384857854,737.6952382394312
2023-04-13 06:00:00,13.814255461191708,751.6015113769744
2023-04-13 07:00:00,14.17539178269553,756.9417700768473
2023-04-13 08:00:00,13.85475816229264,683.0145907333864
2023-04-13 09:00:00,15.385156051484973,612.708580731712
2023-04-13 10:00:00,15.802340864517252,273.2950118752931
2023-04-13 11:00:00,13.254195499430475,186.4922845699092
2023-04-13 12:00:00,15.103241581006005,-102.02374363060818
2023-04-13 13:00:00,14.03345549106732,24.5348291291931
2023-04-13 14:00:00,16.645642869563687,-8.351510818936163
2023-04-13 15:00:00,15.46068553476978,-23.5380541057625
2023-04-13 16:00:00,14.546122008986728,13.350924918699445
2023-04-13 17:00:00,14.763167824553237,-52.642768904295664
2023-04-13 18:00:00,16.195125003928958,92.39241109363621
2023-04-13 19:00:00,14.955262697626909,-12.220829147376689
2023-04-13 20:00:00,13.109445299913219,3.826663495267863
2023-04-13 21:00:00,16.415393625565027,-6.426301851419218
2023-04-13 22:00:00,15.710905685223304,46.12049252807696
2023-04-13 23:00:00,14.360707386210711,-60.11023225536313
2023-04-14 00:00:00,15.48076691632339,41.41043704842248
2023-04-14 01:00:00,14.266572017832447,166.6338189117513
2023-04-14 02:00:00,14.24005223684067,346.50965324303706
2023-04-14 03:00:00,14.758907903638415,570.0589589668555
2023-04-14 04:00:00,15.480055430746127,630.915048938526
2023-04-14 05:00:00,15.350508155498055,749.3404535818678
2023-04-14 06:00:00,15.818390625819383,775.6253238171819
2023-04-14 07:00:00,15.354869117095127,701.1945653219334
2023-04-14 08:00:00,16.333386979040245,655.9721803676368
2023-04-14 09:00:00,16.6044383032576,501.89451392849753
2023-04-14 10:00:00,15.182211638722034,371.02303513438505
2023-04-14 11:00:00,14.543657426352427,216.24632460942493
2023-04-14 12:00:00,14.700598333798386,-47.83768602312398
2023-04-14 13:00:00,12.954588909535422,22.014661177823807
2023-04-14 14:00:00,14.900691904414137,15.883166019000017
2023-04-14 15:00:00,14.263118831199792,-74.44997580192285
2023-04-14 16:00:00,14.17512274674007,-37.303878058146935
2023-04-14 17:00:00,14.84217235157476,-34.57406258121812
2023-04-14 18:00:00,12.781108214109707,-22.21941647214564
2023-04-14 19:00:00,14.701172146736711,-47.79455836485775
2023-04-14 20:00:00,15.0840872655945,46.95797811111683
2023-04-14 21:00:00,13.344519777245859,53.026794959399915
2023-04-14 22:00:00,16.234427063491935,-39.39386387896492
2023-04-14 23:00:00,15.322926905168622,-57.70850039369212
2023-04-15 00:00:00,16.15128994887071,-0.6669457318234466
2023-04-15 01:00:00,15.294800250878103,258.8196302362098
2023-04-15 02:00:00,15.221434408377018,479.2247686727882
2023-04-15 03:00:00,16.382684139894497,491.6722828795589
2023-04-15 04:00:00,16.176046041586076,529.7344780755128
2023-04-15 05:00:00,16.802214042230254,643.3373665022473
2023-04-15 06:00:00,14.73654819398664,653.9066077171907
2023-04-15 07:00:00,14.06593791720235,738.5534088191908
2023-04-15 08:00:00,13.702881423460727,648.3588559840701
2023-04-15 09:00:00,13.883211600967979,536.260759073478
2023-04-15 10:00:00,15.53896286329526,427.81129747793494
2023-04-15 11:00:00,17.586951792308973,273.7571434250283
2023-04-15 12:00:00,16.36918550302446,42.147790088358654
2023-04-15 13:00:00,14.680967771816782,36.759664620038535
2023-04-15 14:00:00,15.626959220243888,-73.7029139895547
2023-04-15 15:00:00,14.307192440466467,-25.429718463415863
2023-04-15 16:00:00,14.369392000359007,69.24107956537247
2023-04-15 17:00:00,13.826164928505369,-27.483016877771792
2023-04-15 18:00:00,13.892765380227907,55.277718336841396
2023-04-15 19:00:00,15.415993380636706,6.169038312895095
2023-04-15 20:00:00,16.34327182966713,39.15929665444011
2023-04-15 21:00:00,15.90169175063752,-43.59196755576373
2023-04-15 22:00:00,16.318242056919694,38.15669668732497
2023-04-15 23:00:00,15.64439508934235,-31.973874034199092
2023-04-16 00:00:00,14.805365058774038,11.527275449230562
2023-04-16 01:00:00,14.314160111303291,190.58483374962285
2023-04-16 02:00:00,15.416543155253644,430.59412802881036
2023-04-16 03:00:00,13.16005940096815,566.2658645503609
2023-04-16 04:00:00,14.235172069437022,554.2918490632496
2023-04-16 05:00:00,14.052060314585095,676.1819320140295
2023-04-16 06:00:00,16.083772767157004,710.1898306536968
2023-04-16 07:00:00,13.462105408707234,751.2889118713408
2023-04-16 08:00:00,15.769285011888298,617.8093362128253
2023-04-16 09:00:00,15.227108035264962,470.1939722441493
2023-04-16 10:00:00,15.239330261461884,302.759854666762
2023-04-16 11:00:00,14.372158061625978,228.40738516690084
2023-04-16 12:00:00,13.376452146746095,-103.67675655456763
2023-04-16 13:00:00,15.339961628783183,52.75685651436574
2023-04-16 14:00:00,15.72557017912486,-64.3455946964775
2023-04-16 15:00:00,15.336840140389192,-22.385885431063894
2023-04-16 16:00:00,14.695657336322423,-58.425178480809095
2023-04-16 17:00:00,13.701767963952094,-45.957828735954706
2023-04-16 18:00:00,14.216617440315114,-11.170810195229297
2023-04-16 19:00:00,15.289930657286593,-6.836480140943923
2023-04-16 20:00:00,14.049592523936765,-77.31727901198467
2023-04-16 21:00:00,13.877693385368499,-20.26848681966032
2023-04-16 22:00:00,13.39307953695876,5.1616725320101775
2023-04-16 23:00:00,15.374923653973172,23.39759023824395
2023-04-17 00:00:00,15.331554913818255,-102.12092326684959
2023-04-17 01:00:00,15.971507026628862,167.80868563856635
2023-04-17 02:00:00,12.673261958800818,267.7529224732083
2023-04-17 03:00:00,15.989214015712282,498.4607936401128
2023-04-17 04:00:00,15.930829002014807,620.0870546430674
2023-04-17 05:00:00,16.026003671684535,747.0803127346212
2023-04-17 06:00:00,14.936969510186868,789.5389103124471
2023-04-17 07:00:00,15.039143598940163,664.5336740994313
2023-04-17 08:00:00,15.034462765859047,656.3233132294605
2023-04-17 09:00:00,13.904348890377777,556.623074388656
2023-04-17 10:00:00,13.946836451199623,333.0813586186602
2023-04-17 11:00:00,15.043099165338932,230.40092885740708
2023-04-17 12:00:00,14.568244137654494,6.798368772538464
2023-04-17 13:00:00,15.533461289372504,-13.672820005030959
2023-04-17 14:00:00,14.460829657392114,7.088111537959635
2023-04-17 15:00:00,13.348659744708037,-79.010089184183
2023-04-17 16:00:00,13.395348862111097,7.023196225948186
2023-04-17 17:00:00,14.0560843596413,-42.2901683164408
2023-04-17 18:00:00,15.543482068007787,1.4414102711610883
2023-04-17 19:00:00,14.298089975034458,-20.290987946463066
2023-04-17 20:00:00,15.11582534100161,14.419610667250243
2023-04-17 21:00:00,13.14507743684234,59.59346848971669
2023-04-17 22:00:00,14.97939178724405,6.356946124305128
2023-04-17 23:00:00,14.855135326491386,50.022619141283265
2023-04-18 00:00:00,15.983792525754247,-51.146072485501236
2023-04-18 01:00:00,14.947832855785311,263.127123414988
2023-04-18 02:00:00,15.556456164059263,319.20317084823574
2023-04-18 03:00:00,16.73933203048312,460.3604397911229
2023-04-18 04:00:00,14.833489408185766,626.8396928929782
2023-04-18 05:00:00,16.327387896886915,692.2524941308484
2023-04-18 06:00:00,14.91755115251408,660.5797999989593
2023-04-18 07:00:00,14.25931998350742,658.0832848264696
2023-04-18 08:00:00,14.684939580496138,460.8683210389132
2023-04-18 09:00:00,14.286913589804477,455.47136092491
2023-04-18 10:00:00,14.32300904885583,336.8477133955124
2023-04-18 11:00:00,14.220109537887165,265.93551132304196
2023-04-18 12:00:00,14.49023802317312,35.65200201441637
2023-04-18 13:00:00,15.504336400510512,16.174998591943297
2023-04-18 14:00:00,13.092319257479284,108.26438307793393
2023-04-18 15:00:00,15.080721240449872,-89.62095820950971
2023-04-18 16:00:00,14.913815563588031,-3.3849818234967244
2023-04-18 17:00:00,16.178004162050495,101.7721184088443
2023-04-18 18:00:00,14.42791894737178,-25.367155355703286
2023-04-18 19:00:00,15.92529065839371,-41.388995729984615
2023-04-18 20:00:00,13.93368980465979,40.86690596932315
2023-04-18 21:00:00,14.338592633088378,-27.835951608687594
2023-04-18 22:00:00,15.21024559118674,62.96501201634439
2023-04-18 23:00:00,15.401357372843714,41.57454286114942
2023-04-19 00:00:00,14.50323991456066,-9.524532676074541
2023-04-19 01:00:00,14.991247265405283,240.14586496745022
2023-04-19 02:00:00,14.604056206289762,357.4327377614154
2023-04-19 03:00:00,15.55978457676713,528.7775843156049
2023-04-19 04:00:00,14.621812865840468,668.7528462485013
2023-04-19 05:00:00,14.54546153358367,693.7823476418812
2023-04-19 06:00:00,15.759681259908216,813.9346781182522
2023-04-19 07:00:00,14.978660448971915,716.7584538600428
2023-04-19 08:00:00,15.436732426679356,653.9730858851881
2023-04-19 09:00:00,17.266972496917774,456.322441337343
2023-04-19 10:00:00,12.78320700493696,336.9830277615761
2023-04-19 11:00:00,13.74093964039998,199.26142811099933
2023-04-19 12:00:00,13.840622786909336,43.43676199291713
2023-04-19 13:00:00,13.91483507613574,70.64654185126714
2023-04-19 14:00:00,16.19153845219672,-53.03399505943626
2023-04-19 15:00:00,12.101269088161107,-41.33091235337052
2023-04-19 16:00:00,15.250072308657119,-61.49245586276984
2023-04-19 17:00:00,13.23568684939957,24.680639551964223
2023-04-19 18:00:00,14.79397739355824,70.66646826893941
2023-04-19 19:00:00,15.027803667034249,-7.898659047531474
2023-04-19 20:00:00,15.674693731837554,2.918720446290796
2023-04-19 21:00:00,14.50287964070155,6.626518021094853
2023-04-19 22:00:00,14.595298635856736,-23.453506715317644
2023-04-19 23:00:00,12.718897913538411,-61.06541471268624
2023-04-20 00:00:00,17.021950256671904,52.99813952717558
2023-04-20 01:00:00,15.04823498594901,198.4856916988999
2023-04-20 02:00:00,15.18059467026616,341.13616717548814
2023-04-20 03:00:00,15.814843500511435,671.4579568587503
2023-04-20 04:00:00,14.674356633979295,638.1972375363388
2023-04-20 05:00:00,15.16566764093933,626.3736367974292
2023-04-20 06:00:00,15.457155099812299,769.8308381698612
2023-04-20 07:00:00,13.267050876625756,619.8975590031198
2023-04-20 08:00:00,15.272439504467467,661.6395995716404
2023-04-20 09:00:00,16.816974266545042,543.1748419853967
2023-04-20 10:00:00,16.488641449335027,437.53953819600633
2023-04-20 11:00:00,16.27387231027579,140.65758890391663
2023-04-20 12:00:00,16.652337259854388,-14.683122615057263
2023-04-20 13:00:00,13.48221471643018,-3.4537064585288775
2023-04-20 14:00:00,14.216933519488098,43.28779961609953
2023-04-20 15:00:00,13.83037653150657,21.712149540127715
2023-04-20 16:00:00,18.236921113609796,25.93963784050719
2023-04-20 17:00:00,14.985730670422313,60.9412994040622
2023-04-20 18:00:00,13.327547344537907,-11.107481978977795
2023-04-20 19:00:00,13.640140200623463,73.13631147633227
2023-04-20 20:00:00,14.84891700187238,-4.416787188525354
2023-04-20 21:00:00,13.378861198824362,44.77305521945658
2023-04-20 22:00:00,16.610490623405866,-24.775694505317887
2023-04-20 23:00:00,15.532326721638553,29.751554571457934
2023-04-21 00:00:00,15.026892461515141,57.90755700115625
2023-04-21 01:00:00,13.660201945372139,136.30704103922864
2023-04-21 02:00:00,13.39275224031187,415.06263369440404
2023-04-21 03:00:00,15.062972572351098,529.1493760983043
2023-04-21 04:00:00,14.851258547153034,739.0462548719809
2023-04-21 05:00:00,13.430449107026686,697.4275801507465
2023-04-21 06:00:00,14.659954336313351,750.3649973390561
2023-04-21 07:00:00,14.66252732337372,702.8185738096637
2023-04-21 08:00:00,15.45187151200821,670.2685472917951
2023-04-21 09:00:00,16.82020431565884,411.05157184676636
2023-04-21 10:00:00,12.634280858319148,297.3261724838851
2023-04-21 11:00:00,15.514980512791462,223.83890893502092
2023-04-21 12:00:00,14.017311809132446,1.3260339957034568
2023-04-21 13:00:00,15.135347526280984,-100.17292084887082
2023-04-21 14:00:00,14.844515029540586,-31.703247317258104
2023-04-21 15:00:00,15.213939855063318,-19.64158797321023
2023-04-21 16:00:00,13.470709085307053,-24.254742411141578
2023-04-21 17:00:00,15.683427001043789,46.57778649749794
2023-04-21 18:00:00,14.754663504575484,62.81802212207168
2023-04-21 19:00:00,16.10553867830217,-111.89378786808923
2023-04-21 20:00:00,16.306252666879118,-5.9740835256878535
2023-04-21 21:00:00,14.950642952638557,5.687408767319307
2023-04-21 22:00:00,15.703693986016727,-74.08146980559927
2023-04-21 23:00:00,15.6171821676899,62.65584275653093
2023-04-22 00:00:00,16.023114156626455,18.549174524508334
2023-04-22 01:00:00,15.950725787060964,232.55587569951265
2023-04-22 02:00:00,13.520421551511328,344.82060798499987
2023-04-22 03:00:00,14.96264134747392,480.22594742910434
2023-04-22 04:00:00,13.296075191389281,607.3822067498586
2023-04-22 05:00:00,14.162498237930315,703.7008127700713
2023-04-22 06:00:00,14.203069238304149,712.9449829938582
2023-04-22 07:00:00,15.269510439134995,754.4802051007684
2023-04-22 08:00:00,14.454244735126844,769.1556521394331
2023-04-22 09:00:00,14.52477741094329,548.3002277550763
2023-04-22 10:00:00,15.683557268710198,269.7479359293186
2023-04-22 11:00:00,15.563833182625046,197.7838139875246
2023-04-22 12:00:00,14.960368652630146,-59.38994634133794
2023-04-22 13:00:00,15.433575903181694,-20.383627078510468
2023-04-22 14:00:00,15.33034783981289,-1.7809997860194455
2023-04-22 15:00:00,16.649259087302084,-12.957075831945241
2023-04-22 16:00:00,14.47562620370559,-51.75237018659903
2023-04-22 17:00:00,13.932446590996072,26.09697518493885
2023-04-22 18:00:00,14.88830295890978,-99.69439668050045
2023-04-22 19:00:00,13.73403426118104,19.317850911992522
2023-04-22 20:00:00,14.31645724789821,-45.101852825070296
2023-04-22 21:00:00,15.134528995232506,13.934918610227015
2023-04-22 22:00:00,14.1770510657427,-67.23430175295036
2023-04-22 23:00:00,14.456310367337496,11.574585347972452
2023-04-23 00:00:00,14.38065096923382,68.86567037902503
2023-04-23 01:00:00,14.220338364626592,159.89735414618576
2023-04-23 02:00:00,13.557147629562733,335.5094377078116
2023-04-23 03:00:00,15.665853635461406,539.708664919161
2023-04-23 04:00:00,16.02369829338796,645.073821152741
2023-04-23 05:00:00,15.605233131790389,638.6287755844194
2023-04-23 06:00:00,15.596353738663659,788.0623390347134
2023-04-23 07:00:00,14.237922366729784,748.1629312330219
2023-04-23 08:00:00,14.828838632473332,698.6248799610385
2023-04-23 09:00:00,13.874246329580378,545.3787656243047
2023-04-23 10:00:00,14.518816289850598,460.7310036539503
2023-04-23 11:00:00,14.607702231764167,96.00130166072138
2023-04-23 12:00:00,13.268497923178067,76.19568744430521
2023-04-23 13:00:00,14.78576713849488,-19.496068727257587
2023-04-23 14:00:00,14.122778323421972,-27.19844895762168
2023-04-23 15:00:00,14.918848740394607,-35.72261525906204
2023-04-23 16:00:00,14.418526462140235,25.467524959797316
2023-04-23 17:00:00,15.000037228903043,40.01216312049856
2023-04-23 18:00:00,15.351410210425046,-23.317165261821692
2023-04-23 19:00:00,13.400241653045269,13.678901347439535
2023-04-23 20:00:00,14.334008492852988,138.19216350463412
2023-04-23 21:00:00,14.005635502164624,-33.49390948568569
2023-04-23 22:00:00,15.831938633792106,-19.723929141774605
2023-04-23 23:00:00,16.351403561577794,70.99461605305312
2023-04-24 00:00:00,14.663874881764468,-78.77562502009121
2023-04-24 01:00:00,15.025953215674267,201.47132665949462
2023-04-24 02:00:00,13.14747327940602,244.7663938176189
2023-04-24 03:00:00,14.924547254911063,447.9713909319327
2023-04-24 04:00:00,14.362688651278576,573.6236529144646
2023-04-24 05:00:00,15.980007451721448,662.3368059224659
2023-04-24 06:00:00,14.393966875850118,668.7127724043578
2023-04-24 07:00:00,13.800857943561116,716.2111376791082
2023-04-24 08:00:00,13.278650783500405,703.119738930328
2023-04-24 09:00:00,14.802510674786769,618.899443519111
2023-04-24 10:00:00,14.078014873287872,314.06533729330664
2023-04-24 11:00:00,15.838746821005689,225.63689143625143
2023-04-24 12:00:00,15.254696467263093,60.425219667757695
2023-04-24 13:00:00,14.520483395568148,6.046117712020463
2023-04-24 14:00:00,15.248724244049688,35.42456144682979
2023-04-24 15:00:00,16.36465334195677,23.00209578976693
2023-04-24 16:00:00,13.46154418867545,22.926637154586555
2023-04-24 17:00:00,13.98636478690384,-36.83179640799657
2023-04-24 18:00:00,16.563107980832076,-99.69661728864085
2023-04-24 19:00:00,13.867022374552207,-17.434514670800286
2023-04-24 20:00:00,15.28378110037857,-38.343553847072684
2023-04-24 21:00:00,15.808497060715645,-13.893843758803204
2023-04-24 22:00:00,14.605680295081973,48.07256126491227
2023-04-24 23:00:00,15.31090415591066,71.78376521872251
2023-04-25 00:00:00,14.293990545733614,7.536568768776178
2023-04-25 01:00:00,16.404582897823758,129.58071179698416
2023-04-25 02:00:00,14.146040842820566,345.2332077640961
2023-04-25 03:00:00,13.63332726432104,477.1417743006564
2023-04-25 04:00:00,15.476635585061375,637.8733618808352
2023-04-25 05:00:00,15.29787357137748,681.2046666885274
2023-04-25 06:00:00,14.736974611542673,774.5290202430067
2023-04-25 07:00:00,14.620967557512403,662.1446096527068
2023-04-25 08:00:00,14.091922172646838,740.8470160771234
2023-04-25 09:00:00,13.853235227884676,442.1425496774523
2023-04-25 10:00:00,13.982189463632524,379.98378307698033
2023-04-25 11:00:00,14.900621622226627,108.25451868961996
2023-04-25 12:00:00,14.381176608824676,52.39469247101916
2023-04-25 13:00:00,13.096890987999883,2.3441431328063222
2023-04-25 14:00:00,14.167410591266234,10.287689926796853
2023-04-25 15:00:00,14.375224645278463,-44.86282653164888
2023-04-25 16:00:00,15.097713672835365,54.29756818613603
2023-04-25 17:00:00,14.879924750966314,32.142136619413186
2023-04-25 18:00:00,16.343346198484028,-27.270760767317594
2023-04-25 19:00:00,13.608403095212857,-0.8278315593503949
2023-04-25 20:00:00,15.140966966331899,-44.516138813713845
2023-04-25 21:00:00,15.222716993299732,-48.45740487423403
2023-04-25 22:00:00,14.867176350610851,-30.765351507605864
2023-04-25 23:00:00,14.290803405115813,-13.697656323085356
2023-04-26 00:00:00,13.869461873588593,0.08738066274367165
2023-04-26 01:00:00,14.512230207617835,186.11377109620443
2023-04-26 02:00:00,12.765105415147076,320.5660217214007
2023-04-26 03:00:00,13.629113987529005,552.4791364258557
2023-04-26 04:00:00,13.578192969271141,684.6398446174783
2023-04-26 05:00:00,15.05672666776651,748.5370983194483
2023-04-26 06:00:00,15.178407604324779,762.9615074409688
2023-04-26 07:00:00,13.480745245740058,577.7298187313194
2023-04-26 08:00:00,13.24542026796409,580.2412496600356
2023-04-26 09:00:00,13.089861814082091,440.107293226057
2023-04-26 10:00:00,15.530787801093307,275.19339602739535
2023-04-26 11:00:00,15.468084755981819,245.52550695644453
2023-04-26 12:00:00,15.202521549472587,84.75704160231984
2023-04-26 13:00:00,16.05631060789191,0.3785147418428117
2023-04-26 14:00:00,16.330901886292537,23.566496242670173
2023-04-26 15:00:00,13.559632871088287,-17.964365222314633
2023-04-26 16:00:00,14.158615653748097,58.48441627077796
2023-04-26 17:00:00,15.333300823906889,14.00133130350728
2023-04-26 18:00:00,11.792325876062646,-26.07097681052448
2023-04-26 19:00:00,14.302297792605525,28.114835990913278
2023-04-26 20:00:00,15.515696479761328,-9.081896087140015
2023-04-26 21:00:00,14.204401644757866,9.77922269318655
2023-04-26 22:00:00,15.284758049534272,34.66650545934838
2023-04-26 23:00:00,12.552640542709424,188.0077624287642
2023-04-27 00:00:00,14.80081644313768,89.31072730484262
2023-04-27 01:00:00,14.055891849245445,195.36179074318522
2023-04-27 02:00:00,14.291503938200055,315.9329493639229
2023-04-27 03:00:00,13.568911569269105,400.5688859009356
2023-04-27 04:00:00,16.11599227541104,692.8072093104882
2023-04-27 05:00:00,14.585714703364912,757.097651528205
2023-04-27 06:00:00,14.662505646218936,694.4408591283384
2023-04-27 07:00:00,16.57837063632696,696.7271240378727
2023-04-27 08:00:00,13.591897266194263,638.9950155466524
2023-04-27 09:00:00,14.656692166387689,542.9490915382651
2023-04-27 10:00:00,13.835565480095946,445.644824119007
2023-04-27 11:00:00,13.787155834306843,122.70812510886408
2023-04-27 12:00:00,14.82458942034048,33.682643140646206
2023-04-27 13:00:00,14.23492324241174,10.941217606080384
2023-04-27 14:00:00,16.494992902020986,-25.50680307140943
2023-04-27 15:00:00,16.299037126982718,40.32303659585771
2023-04-27 16:00:00,14.354296916408652,-5.564801655605475
2023-04-27 17:00:00,12.975759041447208,-4.020236025271928
2023-04-27 18:00:00,14.225614708574756,15.689511538956552
2023-04-27 19:00:00,15.56429835565535,-22.89876013420202
2023-04-27 20:00:00,13.630265597535603,32.7197848998284
2023-04-27 21:00:00,16.121423749668427,-19.86755643032801
2023-04-27 22:00:00,15.097943679434707,84.50715201179256
2023-04-27 23:00:00,13.345923266983487,11.416686722774823
2023-04-28 00:00:00,13.81909261178554,-33.501990630324904
2023-04-28 01:00:00,13.96038499894962,202.81341398870188
2023-04-28 02:00:00,13.673172760737339,411.45494319978
2023-04-28 03:00:00,13.333736022805018,433.15745344028744
2023-04-28 04:00:00,13.904127747989227,690.3204857913286
2023-04-28 05:00:00,14.098499669270602,716.3058412841378
2023-04-28 06:00:00,15.778290288650325,722.4414332774875
2023-04-28 07:00:00,14.917870712997177,664.976332843471
2023-04-28 08:00:00,14.977377736137452,644.3202192202623
2023-04-28 09:00:00,14.828795053762537,467.7343064060177
2023-04-28 10:00:00,13.683085573518586,262.51915553148723
2023-04-28 11:00:00,15.626306390673577,151.72355449806417
2023-04-28 12:00:00,14.044835684395075,-13.627353398601787
2023-04-28 13:00:00,14.143353257324357,30.65715974268658
2023-04-28 14:00:00,14.85831137897307,-10.940201607804767
2023-04-28 15:00:00,16.97893332436582,-57.25467372766785
2023-04-28 16:00:00,13.913823069215967,-33.05526138744772
2023-04-28 17:00:00,12.849710249872105,1.0319951827499851
2023-04-28 18:00:00,14.768531893551382,32.27985690418068
2023-04-28 19:00:00,15.163052251233685,40.659234709829065
2023-04-28 20:00:00,14.044838691136745,-68.09850780277613
2023-04-28 21:00:00,13.885447177931352,2.5578214343823666
2023-04-28 22:00:00,13.207861583744164,38.686027977860626
2023-04-28 23:00:00,14.816243107689134,-43.65328679148591
2023-04-29 00:00:00,16.384619139034438,90.01098627136048
2023-04-29 01:00:00,16.152742491445416,162.14664327806372
2023-04-29 02:00:00,14.741108181276966,412.0051925211278
2023-04-29 03:00:00,14.024093614657453,545.0996623827469
2023-04-29 04:00:00,14.822260549178171,590.895102437516
2023-04-29 05:00:00,14.115404776498687,698.2210723221777
2023-04-29 06:00:00,13.79966373694657,790.2212242773985
2023-04-29 07:00:00,14.603145690988807,670.5683825841224
2023-04-29 08:00:00,15.718208741327226,634.1465727068576
2023-04-29 09:00:00,14.25097995933852,435.25807002019604
2023-04-29 10:00:00,14.239207037593484,378.98651168953
2023-04-29 11:00:00,14.175527110431908,166.64475437135812
2023-04-29 12:00:00,15.232923726476288,26.193101725530703
2023-04-29 13:00:00,15.292442517126842,-42.218766852412074
2023-04-29 14:00:00,13.363895967461431,15.986049399721983
2023-04-29 15:00:00,14.263700847704737,-17.512392472924954
2023-04-29 16:00:00,15.546544381724587,-131.89580278244307
2023-04-29 17:00:00,14.105650530749033,4.39322602645159
2023-04-29 18:00:00,15.832785359549284,63.05380647004859
2023-04-29 19:00:00,15.126767917981557,-54.821937172339396
2023-04-29 20:00:00,16.196672433914948,-32.22801291460715
2023-04-29 21:00:00,14.129039554772653,66.26735333700961
2023-04-29 22:00:00,15.14203793653675,27.824131046295967
2023-04-29 23:00:00,15.173164737863255,-16.445998254424886
2023-04-30 00:00:00,15.4775167010673,14.788154037372514
2023-04-30 01:00:00,14.753448002226579,155.06698067579555
2023-04-30 02:00:00,15.513464052411571,483.57505293397793
2023-04-30 03:00:00,13.7692809000077,553.4624063780404
2023-04-30 04:00:00,14.344253091803429,708.981301429124
2023-04-30 05:00:00,12.912008620166512,700.0652137714994
2023-04-30 06:00:00,14.13031499724546,656.3112869808546
2023-04-30 07:00:00,13.54901264000747,720.6364750163514
2023-04-30 08:00:00,14.731111991306326,686.2965462291731
2023-04-30 09:00:00,15.386124661376845,573.9757262550977
2023-04-30 10:00:00,14.964681614697824,275.6184315233488
2023-04-30 11:00:00,15.180283486483853,196.92168464027804
2023-04-30 12:00:00,14.495605762159878,-79.89558083665351
2023-04-30 13:00:00,14.259306013005807,-29.295168637067427
2023-04-30 14:00:00,13.22707837422545,29.27105442858451
2023-04-30 15:00:00,12.475497681663265,66.569301513378
2023-04-30 16:00:00,12.892123186376086,11.12419613204619
2023-04-30 17:00:00,13.736959155082657,-57.387288446397186
2023-04-30 18:00:00,15.312439724286259,29.968538418872892
2023-04-30 19:00:00,13.171297988543568,-42.54357192241761
2023-04-30 20:00:00,13.578367570170178,-14.616061478178132
2023-04-30 21:00:00,13.929635768187097,4.52202924239278
2023-04-30 22:00:00,15.68827102306808,-33.492743112963964
2023-04-30 23:00:00,14.361798523866385,31.822542901297098
2023-05-01 00:00:00,14.493520237721006,37.6229127755697
2023-05-01 01:00:00,14.769231520306054,237.22236880990985
2023-05-01 02:00:00,15.753451003890625,430.22991155008043
2023-05-01 03:00:00,14.44224958675142,500.4920410809023
2023-05-01 04:00:00,12.593252840497446,560.3948934247051
2023-05-01 05:00:00,14.485460517862933,636.936222916475
2023-05-01 06:00:00,15.799013898266985,804.684550107374
2023-05-01 07:00:00,14.999561259621947,774.228313169795
2023-05-01 08:00:00,14.57355937812636,688.660933668295
2023-05-01 09:00:00,14.712273179498272,478.3754266704415
2023-05-01 10:00:00,12.521367357412297,443.3685067846397
2023-05-01 11:00:00,12.38194757265141,177.32886730295849
2023-05-01 12:00:00,15.252645807600496,17.15382915904681
2023-05-01 13:00:00,15.644206963271468,41.32177044217365
2023-05-01 14:00:00,13.729038313981228,63.060852301141956
2023-05-01 15:00:00,14.551823536079953,27.061503354185092
2023-05-01 16:00:00,14.97932636715054,68.75053155628942
2023-05-01 17:00:00,16.018597363757763,0.6641972436399035
2023-05-01 18:00:00,14.278591002723548,-10.143649983189631
2023-05-01 19:00:00,15.096305608181149,-16.016971253437955
2023-05-01 20:00:00,16.35171761420486,-57.46866597695527
2023-05-01 21:00:00,14.07808271777603,-139.91535472546104
2023-05-01 22:00:00,14.423325822081697,52.071251482562154
2023-05-01 23:00:00,13.252954555845147,-11.705725105340944
2023-05-02 00:00:00,13.26042913414473,37.15721524028838
2023-05-02 01:00:00,15.191157473833647,215.17288394561527
2023-05-02 02:00:00,15.509591718162493,365.79753888497623
2023-05-02 03:00:00,15.479337244480567,553.3609803320377
2023-05-02 04:00:00,13.282576162899801,673.4637224481542
2023-05-02 05:00:00,14.110016589323099,643.8096250891222
2023-05-02 06:00:00,14.794186535143265,792.4320056788318
2023-05-02 07:00:00,12.039401947604855,734.6139702414879
2023-05-02 08:00:00,14.772690303095734,576.1089943389168
2023-05-02 09:00:00,16.1961791342474,473.6757841169079
2023-05-02 10:00:00,15.452402758127423,295.7493582529356
2023-05-02 11:00:00,11.905397562239799,216.64934640206423
2023-05-02 12:00:00,14.713054982832126,-8.842602625232242
2023-05-02 13:00:00,14.531674166963892,-124.64417282370357
2023-05-02 14:00:00,14.587371734351343,-27.71541208266788
2023-05-02 15:00:00,14.422843957815928,-19.045720380725935
2023-05-02 16:00:00,13.989253973782848,5.283672202931917
2023-05-02 17:00:00,11.990363470403405,-76.9587935326689
2023-05-02 18:00:00,14.626632175230382,5.832553021032356
2023-05-02 19:00:00,14.943093631786237,75.03669271978578
2023-05-02 20:00:00,13.760349974331543,9.350377935498285
2023-05-02 21:00:00,15.57428479042191,29.472448209227043
2023-05-02 22:00:00,12.675524363509972,78.16919563504985
2023-05-02 23:00:00,12.590389230679415,-4.7271760094747215
2023-05-03 00:00:00,14.356598126850066,-6.340720834176751
2023-05-03 01:00:00,13.58990362967857,201.93087292397956
2023-05-03 02:00:00,15.243652069054761,312.5475424582783
2023-05-03 03:00:00,13.84404412060496,469.8496356357393
2023-05-03 04:00:00,15.629648490921346,516.0187791033679
2023-05-03 05:00:00,13.549584341369023,803.6831377636215
2023-05-03 06:00:00,14.415318810683642,755.1156501089949
2023-05-03 07:00:00,12.287111191331483,641.8993514808398
2023-05-03 08:00:00,14.218356164997969,669.1717363188488
2023-05-03 09:00:00,14.344305114129904,464.1753205187535
2023-05-03 10:00:00,15.481189967720445,360.1930600131597
2023-05-03 11:00:00,12.760526964635444,187.83747273334123
2023-05-03 12:00:00,13.988625638311426,-22.308784114376433
2023-05-03 13:00:00,15.724443800398022,-40.64143201807301
2023-05-03 14:00:00,15.856997843746457,60.42738419782366
2023-05-03 15:00:00,13.43724376879355,4.224801798735117
2023-05-03 16:00:00,13.585921013456268,84.0966470720953
2023-05-03 17:00:00,12.571941455275073,-52.0476032137271
2023-05-03 18:00:00,12.148607670882578,-23.640807363557094
2023-05-03 19:00:00,13.882727984112465,-2.2840757490214645
2023-05-03 20:00:00,13.62633240706381,55.16053948640668
2023-05-03 21:00:00,16.333130333595193,-39.4606139459389
2023-05-03 22:00:00,14.619320080806718,28.564602894820478
2023-05-03 23:00:00,14.062972010011125,17.145860680018103
2023-05-04 00:00:00,14.882244827414269,71.42227528102211
2023-05-04 01:00:00,15.254702202320075,208.99980426928897
2023-05-04 02:00:00,15.439920616456611,265.8399872932648
2023-05-04 03:00:00,14.48582568022761,452.2780080170636
2023-05-04 04:00:00,14.202615811880344,567.8509155346277
2023-05-04 05:00:00,14.384434523997308,664.4502909306141
2023-05-04 06:00:00,14.16777340187964,777.5320114547653
2023-05-04 07:00:00,13.697017622190142,673.8155010170119
2023-05-04 08:00:00,15.26943578976372,617.7411027219098
2023-05-04 09:00:00,14.033388186188262,491.7260344071283
2023-05-04 10:00:00,13.211902441131153,382.59818684012663
2023-05-04 11:00:00,14.246818599889908,148.00869622316216
2023-05-04 12:00:00,14.942909241531355,-8.529937984380423
2023-05-04 13:00:00,12.7703062730198,-9.134978848028389
2023-05-04 14:00:00,13.95737309929375,-3.545838269686689
2023-05-04 15:00:00,13.424134326012215,-28.28955149370674
2023-05-04 16:00:00,16.408937538104073,-66.75090789422975
2023-05-04 17:00:00,14.31800531990164,46.63215649515175
2023-05-04 18:00:00,15.778440046314193,-5.820268259631653
2023-05-04 19:00:00,14.470365107192949,56.425604214743515
2023-05-04 20:00:00,14.559694465897408,23.973527775173874
2023-05-04 21:00:00,14.164829418898579,25.733657441800474
2023-05-04 22:00:00,14.003232863672633,56.53349650833087
2023-05-04 23:00:00,14.152373518027696,129.89529105360467
2023-05-05 00:00:00,13.52224188273579,65.18656068095183
2023-05-05 01:00:00,14.168567850759953,227.817764257001
2023-05-05 02:00:00,12.555935681463188,369.1059276550317
2023-05-05 03:00:00,14.353072915124669,564.2663212384052
2023-05-05 04:00:00,12.97479537576959,576.6695881224623
2023-05-05 05:00:00,14.27405842507255,714.0610672439835
2023-05-05 06:00:00,14.500585580901047,772.8419390315727
2023-05-05 07:00:00,15.596696575079587,732.4429216510316
2023-05-05 08:00:00,14.496397819518823,610.1863327072894
2023-05-05 09:00:00,13.913274444494757,524.0971572705148
2023-05-05 10:00:00,13.550760691635702,338.0330162660943
2023-05-05 11:00:00,14.895949311041894,145.0863913974483
2023-05-05 12:00:00,14.08050595096122,72.53967225191184
2023-05-05 13:00:00,13.427222606117924,-21.710970087463096
2023-05-05 14:00:00,14.333013133895044,-22.13406166019769
2023-05-05 15:00:00,12.32268429539228,-21.03265230946759
2023-05-05 16:00:00,14.259625012482887,-34.79492236016769
2023-05-05 17:00:00,13.399196758385237,-36.236351849879696
2023-05-05 18:00:00,13.853279653658179,-86.2627210784741
2023-05-05 19:00:00,16.173821246337802,-77.60695313943016
2023-05-05 20:00:00,13.694338476068323,-9.632940907432754
2023-05-05 21:00:00,14.969463545583512,22.82007246584181
2023-05-05 22:00:00,15.22884132844906,-83.80912485945319
2023-05-05 23:00:00,15.033388350353226,9.094590142030915
2023-05-06 00:00:00,14.502934940508053,64.15466058770139
2023-05-06 01:00:00,13.024144181619468,159.30304652174647
2023-05-06 02:00:00,13.481223117253865,303.8294695769826
2023-05-06 03:00:00,12.966005036590529,496.62731141741466
2023-05-06 04:00:00,13.779815078141803,637.8837970485063
2023-05-06 05:00:00,13.791451181732869,654.5476110450743
2023-05-06 06:00:00,13.218012129083853,754.2318092311305
2023-05-06 07:00:00,14.679124303191509,705.9781619202577
2023-05-06 08:00:00,13.638344620910605,698.4756543642088
2023-05-06 09:00:00,13.769010001535996,415.5630760273954
2023-05-06 10:00:00,12.562914788739604,282.7084432377735
2023-05-06 11:00:00,14.201048555347302,161.95615331557437
2023-05-06 12:00:00,14.03754862486522,-66.9544534512341
2023-05-06 13:00:00,13.532294596833859,78.69459958263072
2023-05-06 14:00:00,14.512892162604468,11.642202847180188
2023-05-06 15:00:00,14.250637859909512,-16.49553004392707
2023-05-06 16:00:00,14.719345378659082,77.684490036117
2023-05-06 17:00:00,14.764428099689656,14.629643147307906
2023-05-06 18:00:00,14.846828495375643,-10.44310802273295
2023-05-06 19:00:00,15.800466612253613,-39.083275057767345
2023-05-06 20:00:00,14.260369140061082,27.790559979957948
2023-05-06 21:00:00,13.18570390914243,26.111108720408666
2023-05-06 22:00:00,13.701820490883666,34.09149068818322
2023-05-06 23:00:00,13.72852439150847,40.308371548231065
2023-05-07 00:00:00,13.162876242146087,72.52826918081405
2023-05-07 01:00:00,11.569343746503376,140.84480928309472
2023-05-07 02:00:00,14.313914091112013,463.9062257274452
2023-05-07 03:00:00,14.116356907023945,587.899926716006
2023-05-07 04:00:00,15.996596475693755,695.6609102600709
2023-05-07 05:00:00,15.933101190615167,669.8317312020994
2023-05-07 06:00:00,14.762514820382624,668.4355526875179
2023-05-07 07:00:00,14.645371037225223,685.3872872177838
2023-05-07 08:00:00,13.253055286509108,623.9707378692788
2023-05-07 09:00:00,14.271323061899155,540.7589990672858
2023-05-07 10:00:00,13.966155883366314,343.8554484798198
2023-05-07 11:00:00,14.22846492607667,228.31083414466494
2023-05-07 12:00:00,13.313757964921244,-17.372180945565013
2023-05-07 13:00:00,14.501805429178525,2.3874595124492775
2023-05-07 14:00:00,12.713348151236326,36.1402219035468
2023-05-07 15:00:00,17.118183668396433,6.087547823863074
2023-05-07 16:00:00,15.529757406130255,-33.791976633799706
2023-05-07 17:00:00,15.409915747225362,-45.09690957600175
2023-05-07 18:00:00,12.807314923232234,53.25824731557949
2023-05-07 19:00:00,12.461980921932701,24.813123944339406
2023-05-07 20:00:00,14.357461354095378,69.36640477278763
2023-05-07 21:00:00,13.778239763425514,57.25915799024168
2023-05-07 22:00:00,15.930416211437924,-14.079964256569099
2023-05-07 23:00:00,14.710459735839422,50.3340614656046
2023-05-08 00:00:00,13.991157625465906,17.622089355522853
2023-05-08 01:00:00,15.512282999134072,175.9144507959851
2023-05-08 02:00:00,14.21452639854194,483.308848406817
2023-05-08 03:00:00,14.261396115855568,613.4193023812726
2023-05-08 04:00:00,15.074521567499751,640.1428108616172
2023-05-08 05:00:00,13.35490200137786,635.2156081722524
2023-05-08 06:00:00,15.05109391667963,677.6997348152927
2023-05-08 07:00:00,14.59842767467226,650.6169418720951
2023-05-08 08:00:00,13.111668617669507,648.3344809669294
2023-05-08 09:00:00,15.990453827050791,515.3220505166779
2023-05-08 10:00:00,13.574930287427343,335.19833446821445
2023-05-08 11:00:00,12.397918030811622,284.90833847588715
2023-05-08 12:00:00,13.254812526557647,-21.48531636999705
2023-05-08 13:00:00,12.99667017097062,93.18366870514143
2023-05-08 14:00:00,14.228093234873402,58.54045005652906
2023-05-08 15:00:00,15.6549175035838,32.199382005212165
2023-05-08 16:00:00,14.28109888685754,-38.944714516252795
2023-05-08 17:00:00,15.61826243290163,80.21353089451412
2023-05-08 18:00:00,15.099010686508459,98.64932966154521
2023-05-08 19:00:00,11.365910099684605,11.808808206884978
2023-05-08 20:00:00,14.931868803357634,62.38719815554782
2023-05-08 21:00:00,13.451416159872597,4.910520271643115
2023-05-08 22:00:00,14.545103986344255,75.25090706788956
2023-05-08 23:00:00,13.974523618660797,-47.41623526990899
2023-05-09 00:00:00,16.767051788549743,49.46814695131546
2023-05-09 01:00:00,14.41698276569169,54.993713924720325
2023-05-09 02:00:00,14.564717437079041,291.03088792311814
2023-05-09 03:00:00,15.059168361640427,441.320713276425
2023-05-09 04:00:00,12.491800923948848,606.0783231889167
2023-05-09 05:00:00,15.064371955189024,631.0358745024633
2023-05-09 06:00:00,13.765309742831539,655.2361525503514
2023-05-09 07:00:00,13.289463900946089,666.25890439266
2023-05-09 08:00:00,14.800945280667278,599.0075373814179
2023-05-09 09:00:00,12.492591094975484,436.643695042416
2023-05-09 10:00:00,14.919853229699854,282.3692084614639
2023-05-09 11:00:00,13.823429068515818,138.37469910006203
2023-05-09 12:00:00,13.880773664047368,50.09863129674137
2023-05-09 13:00:00,11.736710277333264,131.8501817123655
2023-05-09 14:00:00,14.88133477049636,72.97806898471883
2023-05-09 15:00:00,14.22854080617012,-17.85880201505635
2023-05-09 16:00:00,13.513736586429712,20.81478104041503
2023-05-09 17:00:00,13.053476159366895,-0.07980561645299464
2023-05-09 18:00:00,14.762495454700204,-7.1507425737191515
2023-05-09 19:00:00,14.329097096056458,5.483866087929311
2023-05-09 20:00:00,13.986097746633288,13.858604486044038
2023-05-09 21:00:00,12.992661007774885,-87.30994579908304
2023-05-09 22:00:00,14.28370090810013,-30.96303112755223
2023-05-09 23:00:00,14.22415441913507,-2.126428229386306
2023-05-10 00:00:00,15.244139375025881,119.21868331608782
2023-05-10 01:00:00,12.730800847538069,212.09918215597108
2023-05-10 02:00:00,13.212417147815808,403.3051834814262
2023-05-10 03:00:00,15.871862444492567,486.924941441289
2023-05-10 04:00:00,14.119792256340363,675.0606774397138
2023-05-10 05:00:00,14.180978633466603,686.8965512600398
2023-05-10 06:00:00,14.894208050882026,737.6998281081147
2023-05-10 07:00:00,15.740626177439415,681.4407935102855
2023-05-10 08:00:00,12.766395724665138,630.7133492119906
2023-05-10 09:00:00,16.110083390647883,468.6526733117869
2023-05-10 10:00:00,13.884602614603969,439.6934162480122
2023-05-10 11:00:00,14.192098771421788,156.16192688190483
2023-05-10 12:00:00,13.988314080372033,-47.43622422468643
2023-05-10 13:00:00,15.426063289076744,8.017027231441801
2023-05-10 14:00:00,14.88670738563687,93.65624167870129
2023-05-10 15:00:00,13.783290394489628,-34.15631500345936
2023-05-10 16:00:00,12.801330911255906,-9.054317966142483
2023-05-10 17:00:00,13.68535255332693,12.812626990999615
2023-05-10 18:00:00,12.590842154943529,-66.2006980967814
2023-05-10 19:00:00,14.819363768999581,-68.77741883672145
2023-05-10 20:00:00,13.249806630213808,56.25991921847875
2023-05-10 21:00:00,13.825798550780975,3.775896216847897
2023-05-10 22:00:00,15.10141381324985,-53.01553791063479
2023-05-10 23:00:00,14.735314799357692,-15.681960606656622
2023-05-11 00:00:00,14.257614950906728,-27.965912655150692
2023-05-11 01:00:00,13.078782053491524,179.94465348640776
2023-05-11 02:00:00,14.359618394072939,356.6892236523318
2023-05-11 03:00:00,13.079104432442335,383.1171677171784
2023-05-11 04:00:00,14.368774204914871,667.4807561302478
2023-05-11 05:00:00,12.567369111447212,673.7741537344875
2023-05-11 06:00:00,15.081590206790962,661.8027614848289
2023-05-11 07:00:00,14.073970142314677,714.299554081465
2023-05-11 08:00:00,13.861648708949781,549.0555502170357
2023-05-11 09:00:00,14.265605902348314,474.82028273817156
2023-05-11 10:00:00,13.758954418782386,286.03281439259194
2023-05-11 11:00:00,13.942426903480815,216.76761918502592
2023-05-11 12:00:00,15.165718760083024,59.678267419618145
2023-05-11 13:00:00,14.931551947334833,19.204177568921295
2023-05-11 14:00:00,14.587406357482426,-9.453536283252994
2023-05-11 15:00:00,14.126406721838748,-63.78602693180101
2023-05-11 16:00:00,13.557961956714774,-22.868908833971332
2023-05-11 17:00:00,14.947314924057249,11.588694056946892
2023-05-11 18:00:00,12.963883852001118,-28.724974761802947
2023-05-11 19:00:00,15.658404702023068,-22.746295696723827
2023-05-11 20:00:00,14.586012168572024,-56.108500431040994
2023-05-11 21:00:00,15.056253961294278,-37.16679804700668
2023-05-11 22:00:00,14.342243449366572,-73.3276269580379
2023-05-11 23:00:00,13.752083511276911,13.830075993254656
2023-05-12 00:00:00,14.767795719649376,2.490512254652566
2023-05-12 01:00:00,12.412090248968251,183.56216208685248
2023-05-12 02:00:00,13.230816935379941,327.455664484676
2023-05-12 03:00:00,13.62836713996259,459.05776548153625
2023-05-12 04:00:00,12.438513523242076,583.5037009690903
2023-05-12 05:00:00,14.456478602163358,646.1126413943075
2023-05-12 06:00:00,15.08532703228395,698.6316537278619
2023-05-12 07:00:00,12.110604292283313,759.076993571527
2023-05-12 08:00:00,13.403946808731064,588.939963542099
2023-05-12 09:00:00,13.649860827778399,458.99506006431244
2023-05-12 10:00:00,14.142377612307492,333.0226653525046
2023-05-12 11:00:00,14.674400126922954,154.22283663162506
2023-05-12 12:00:00,13.540585693108268,-24.812255343472934
2023-05-12 13:00:00,14.760301787851223,-29.217673317588826
2023-05-12 14:00:00,13.90782513996686,34.25003297070799
2023-05-12 15:00:00,13.21659707954187,33.60554134916918
2023-05-12 16:00:00,14.050045825238346,45.11845796467922
2023-05-12 17:00:00,12.556177891650112,55.704198384004634
2023-05-12 18:00:00,13.564873264533201,-18.229648794465618
2023-05-12 19:00:00,13.643949059497725,-78.38515476865958
2023-05-12 20:00:00,13.214625703832644,98.4784707850066
2023-05-12 21:00:00,16.352043761362882,-112.87539513640066
2023-05-12 22:00:00,15.12099325028431,-17.082868197567798
2023-05-12 23:00:00,14.019250747883552,-71.32663669516609
2023-05-13 00:00:00,14.19099290564234,20.141221109346063
2023-05-13 01:00:00,14.280269111199075,130.26729603275066
2023-05-13 02:00:00,14.387899977502995,400.6640672908484
2023-05-13 03:00:00,15.325415817399552,498.2306949862061
2023-05-13 04:00:00,14.69078456848687,671.5404214790036
2023-05-13 05:00:00,11.777635859653643,669.7969438027461
2023-05-13 06:00:00,14.596913560474647,746.1306419075559
2023-05-13 07:00:00,12.926629147077849,610.4373560797297
2023-05-13 08:00:00,13.209118770254573,645.2235546430835
2023-05-13 09:00:00,14.74465510362303,479.8562305916672
2023-05-13 10:00:00,11.900163321994194,355.977276341168
2023-05-13 11:00:00,15.475907107789897,224.48629632940515
2023-05-13 12:00:00,14.580663634260503,19.328200771384665
2023-05-13 13:00:00,14.097047570916724,-39.53018679996262
2023-05-13 14:00:00,14.597188778233125,-24.4735530446
2023-05-13 15:00:00,14.91182424034671,-52.88309618115553
2023-05-13 16:00:00,13.986223232407777,35.765188656597154
2023-05-13 17:00:00,14.537376796421377,-17.285350669109384
2023-05-13 18:00:00,12.78345989016107,-22.43913560766413
2023-05-13 19:00:00,14.57526638666201,10.126155404958807
2023-05-13 20:00:00,14.371031583906365,-11.84594930440535
2023-05-13 21:00:00,15.202559666115764,58.445563386746926
2023-05-13 22:00:00,13.937476771129797,39.25417574110639
2023-05-13 23:00:00,14.069759490775875,36.14506791788025
2023-05-14 00:00:00,12.782790522495704,-20.76251310216523
2023-05-14 01:00:00,13.7055623275876,212.86092349665157
2023-05-14 02:00:00,14.317485346941659,367.82296438636627
2023-05-14 03:00:00,14.412197477194967,423.7731160922374
2023-05-14 04:00:00,15.419256407712904,581.1844967577032
2023-05-14 05:00:00,14.167595486971237,653.3891393932463
2023-05-14 06:00:00,13.613348890996804,760.0798508361331
2023-05-14 07:00:00,14.262776203558444,640.9641512782973
2023-05-14 08:00:00,13.148688114501693,617.6126500322694
2023-05-14 09:00:00,15.031169485606062,549.6325081771611
2023-05-14 10:00:00,13.012583073680268,296.52505336692025
2023-05-14 11:00:00,13.300948029706728,191.3404497952709
2023-05-14 12:00:00,12.630611922485107,101.6231969003575
2023-05-14 13:00:00,13.78896633597,-78.43844604291355
2023-05-14 14:00:00,14.351295029315892,-30.341323412389432
2023-05-14 15:00:00,15.35938469256502,13.645962029691047
2023-05-14 16:00:00,13.648722317781255,18.216574476096085
2023-05-14 17:00:00,13.481695207844062,7.87050513307818
2023-05-14 18:00:00,11.03755227231962,27.285711568405645
2023-05-14 19:00:00,13.929243888496156,63.04784167283377
2023-05-14 20:00:00,13.7337097085279,2.7123402501988023
2023-05-14 21:00:00,13.721908264575749,-3.7121828894678957
2023-05-14 22:00:00,15.211916354124355,29.731588926141754
2023-05-14 23:00:00,14.252240079737922,99.49723724255139
2023-05-15 00:00:00,13.231689916461917,29.99851608383689
2023-05-15 01:00:00,12.742031648411768,228.5565765312998
2023-05-15 02:00:00,12.490465231620785,262.5351131119742
2023-05-15 03:00:00,13.202216669770564,473.54248572448495
2023-05-15 04:00:00,14.021798821143385,530.2840068203299
2023-05-15 05:00:00,11.53809201092266,659.8988820259506
2023-05-15 06:00:00,13.512740673195518,753.7366718779058
2023-05-15 07:00:00,14.449616637629726,594.5487562443304
2023-05-15 08:00:00,12.612474901144237,677.8225177003894
2023-05-15 09:00:00,13.469622046529686,482.29098405336504
2023-05-15 10:00:00,12.656207300417073,385.83307816386525
2023-05-15 11:00:00,10.939613734394827,228.05561485220306
2023-05-15 12:00:00,12.847427310426465,99.7764886986357
2023-05-15 13:00:00,12.584249624161709,29.055363061237628
2023-05-15 14:00:00,14.422891177408678,-43.59292952100258
2023-05-15 15:00:00,14.128324098857599,50.62285843827215
2023-05-15 16:00:00,12.605985220606634,-133.52760537245575
2023-05-15 17:00:00,14.940436880775358,-45.36702180050656
2023-05-15 18:00:00,14.37299252545126,-29.028787428819648
2023-05-15 19:00:00,13.391344722087885,-105.18610850481885
2023-05-15 20:00:00,13.977843398466533,84.20208075239285
2023-05-15 21:00:00,12.702415861676089,66.45450159209368
2023-05-15 22:00:00,11.185835446679048,22.55044122046761
2023-05-15 23:00:00,13.73866385832917,48.985647394121266
2023-05-16 00:00:00,12.22427803969415,18.315039507861798
2023-05-16 01:00:00,13.361549929409628,219.0429698102887
2023-05-16 02:00:00,13.999392974536711,402.8299898574786
2023-05-16 03:00:00,11.644728713964593,408.11343116094963
2023-05-16 04:00:00,13.795037297797812,634.1633214438791
2023-05-16 05:00:00,14.414830315082085,712.7283317359368
2023-05-16 06:00:00,11.509424101005648,649.8924328099075
2023-05-16 07:00:00,14.293822327732085,644.7133765870817
2023-05-16 08:00:00,15.487365460502783,549.6301235987139
2023-05-16 09:00:00,13.333307474356188,495.9789179048728
2023-05-16 10:00:00,14.328803155415514,359.2506238675331
2023-05-16 11:00:00,12.583705003884706,185.63730729200105
2023-05-16 12:00:00,14.508617002338017,-38.32098081360317
2023-05-16 13:00:00,14.098523007389971,68.58925296047205
2023-05-16 14:00:00,13.806138429177485,-29.090996769224496
2023-05-16 15:00:00,13.749244812613021,27.632367014939234
2023-05-16 16:00:00,13.982833296015192,39.42470197559042
2023-05-16 17:00:00,13.524384541341423,-85.57665097868127
2023-05-16 18:00:00,12.615454433816755,16.744347084886815
2023-05-16 19:00:00,13.440533266174572,62.680051211082855
2023-05-16 20:00:00,13.540700236243609,-0.7075109887224076
2023-05-16 21:00:00,12.414478176696537,44.94919889901529
2023-05-16 22:00:00,13.477901181529482,-33.90273680660358
2023-05-16 23:00:00,13.52663309124845,52.710636334042945
2023-05-17 00:00:00,13.00729720322134,-56.85051106310222
2023-05-17 01:00:00,13.880208758094923,173.9707885255665
2023-05-17 02:00:00,14.117445467766455,399.9433780930834
2023-05-17 03:00:00,12.864234085219467,537.2638563753214
2023-05-17 04:00:00,13.677048161096062,520.7906802950152
2023-05-17 05:00:00,14.437110212920517,642.6466217342935
2023-05-17 06:00:00,12.517548984833715,646.4215708606106
2023-05-17 07:00:00,11.86469838554162,712.3347234774611
2023-05-17 08:00:00,12.58676882567636,582.0512594640339
2023-05-17 09:00:00,14.054810318913868,485.6986140589929
2023-05-17 10:00:00,13.071204855977982,362.2901884035386
2023-05-17 11:00:00,12.2893763810927,114.37146044200203
2023-05-17 12:00:00,14.797316109809396,14.949096211784758
2023-05-17 13:00:00,12.347574611170279,-50.508454189844265
2023-05-17 14:00:00,13.357340836614936,-24.488401010142475
2023-05-17 15:00:00,14.264491699651163,-22.173370585468156
2023-05-17 16:00:00,14.198053419332934,24.200447152303823
2023-05-17 17:00:00,13.945233053332613,-39.643019889379794
2023-05-17 18:00:00,12.859966125322307,-23.726198658197195
2023-05-17 19:00:00,14.085817588647153,16.201591052901605
2023-05-17 20:00:00,13.542685528144677,69.26523957219094
2023-05-17 21:00:00,13.93447708509035,21.880559702213056
2023-05-17 22:00:00,14.898559132093073,56.53010225766156
2023-05-17 23:00:00,12.334170538302006,-106.19882879940808
2023-05-18 00:00:00,13.851638914407589,71.75919061238122
2023-05-18 01:00:00,13.608547638802671,131.4006558166215
2023-05-18 02:00:00,14.410759461789635,306.2208004478607
2023-05-18 03:00:00,15.244722229440297,573.1818188356482
2023-05-18 04:00:00,15.213565702162603,591.6280845349089
2023-05-18 05:00:00,14.301411475077662,612.8851836150224
2023-05-18 06:00:00,12.867719927027949,642.7328246625477
2023-05-18 07:00:00,13.044101644010071,581.2189507284014
2023-05-18 08:00:00,14.187795424965401,583.8427176408858
2023-05-18 09:00:00,12.179853904420485,459.3101729613759
2023-05-18 10:00:00,13.232913882601506,370.1324080948715
2023-05-18 11:00:00,12.728210746273312,260.2158132830211
2023-05-18 12:00:00,12.289658941564554,-62.69391628500202
2023-05-18 13:00:00,13.714207817062837,29.797683127329144
2023-05-18 14:00:00,14.255990096305599,-76.66175615155397
2023-05-18 15:00:00,14.066705634266475,21.739596804834836
2023-05-18 16:00:00,13.58458152634263,-58.66930086041955
2023-05-18 17:00:00,13.114141891735345,-67.33038339014303
2023-05-18 18:00:00,12.941785929726281,127.52895150370446
2023-05-18 19:00:00,14.337854345686175,107.39701834718957
2023-05-18 20:00:00,12.95490539587821,-35.39859693506435
2023-05-18 21:00:00,12.926307663709851,95.10704156387341
2023-05-18 22:00:00,13.877564385967254,-1.9781065635132773
2023-05-18 23:00:00,12.485323089751232,-68.54349076296661
2023-05-19 00:00:00,13.489035116788482,32.47074374607137
2023-05-19 01:00:00,12.874673042798838,220.92109691609014
2023-05-19 02:00:00,12.73241831013121,372.71830475066423
2023-05-19 03:00:00,13.153910592175352,389.40617491652824
2023-05-19 04:00:00,14.158316840487021,523.2470685862368
2023-05-19 05:00:00,13.58062324614607,694.2100068739646
2023-05-19 06:00:00,13.696991788663585,612.5818800384101
2023-05-19 07:00:00,14.162811509475604,698.2701132092383
2023-05-19 08:00:00,14.027559099189554,562.2612757410056
2023-05-19 09:00:00,13.225279156721108,391.6704449101338
2023-05-19 10:00:00,13.960388393772716,269.14816751163426
2023-05-19 11:00:00,13.235427392675389,196.16329487965018
2023-05-19 12:00:00,13.842095819453878,25.092991489040855
2023-05-19 13:00:00,14.445485568520466,78.09235631916475
2023-05-19 14:00:00,13.924505215196394,0.9991216808747391
2023-05-19 15:00:00,12.157458639946956,-9.96655093204898
2023-05-19 16:00:00,12.907083317945224,89.87809563771006
2023-05-19 17:00:00,14.051433497754243,-41.96996330416025
2023-05-19 18:00:00,11.248785739073032,-14.165110021299816
2023-05-19 19:00:00,13.72745211857172,23.739660155530593
2023-05-19 20:00:00,13.67122179187142,-44.785516180908054
2023-05-19 21:00:00,16.13121473617654,22.330328602243387
2023-05-19 22:00:00,13.836146627368397,0.22007780188142298
2023-05-19 23:00:00,13.295375705003863,56.75847717182716
2023-05-20 00:00:00,14.503992931343703,-20.896640700794837
2023-05-20 01:00:00,12.995919790894446,140.7032835386641
2023-05-20 02:00:00,13.382588102650669,429.4559233890765
2023-05-20 03:00:00,13.42916880130992,514.226204388481
2023-05-20 04:00:00,13.940539832840466,631.9687797294865
2023-05-20 05:00:00,12.417033638571757,686.0655655163905
2023-05-20 06:00:00,14.173825524686622,633.3169449758267
2023-05-20 07:00:00,12.814580893089065,596.3016991060215
2023-05-20 08:00:00,15.399756120626188,530.1973811822259
2023-05-20 09:00:00,11.827207533871626,442.8798453291073
2023-05-20 10:00:00,12.582959955057174,393.5173666870538
2023-05-20 11:00:00,11.311030077232779,171.35258381847896
2023-05-20 12:00:00,16.305170650850805,46.994857518696115
2023-05-20 13:00:00,12.11341065586132,41.162575931849034
2023-05-20 14:00:00,14.100369994609949,80.11772157896021
2023-05-20 15:00:00,14.067354864848243,40.07280710100286
2023-05-20 16:00:00,12.434317167851015,10.646413674662343
2023-05-20 17:00:00,14.113353912387057,-64.9381353467793
2023-05-20 18:00:00,12.271329409417813,97.06393216617857
2023-05-20 19:00:00,12.526766175767836,53.23601307745035
2023-05-20 20:00:00,11.778418917577397,21.209648208554306
2023-05-20 21:00:00,14.0099780778856,10.626789548086554
2023-05-20 22:00:00,11.381461761899093,-89.02487735922048
2023-05-20 23:00:00,13.733777347419297,21.096171851784224
2023-05-21 00:00:00,13.152177023814138,-26.51167329304313
2023-05-21 01:00:00,15.018807065204356,89.80613861574896
2023-05-21 02:00:00,13.30839346095856,307.6839762135274
2023-05-21 03:00:00,14.123749368796775,481.4197469956949
2023-05-21 04:00:00,13.787117950303855,593.5321268109043
2023-05-21 05:00:00,13.172587319427903,582.2545128109147
2023-05-21 06:00:00,14.390703696864366,595.6848466467275
2023-05-21 07:00:00,13.655680965759299,626.0293023604527
2023-05-21 08:00:00,14.174475903165284,603.3953132100426
2023-05-21 09:00:00,12.348011503698629,429.7229973447647
2023-05-21 10:00:00,13.804059611244288,309.67295043781843
2023-05-21 11:00:00,14.077535842432429,181.2140431331169
2023-05-21 12:00:00,12.186778005108104,-41.023908097633246
2023-05-21 13:00:00,13.201906563044354,-100.33142990568449
2023-05-21 14:00:00,11.537442344731264,15.536544169152059
2023-05-21 15:00:00,11.68878180809045,-87.3352837092494
2023-05-21 16:00:00,13.21590485479093,16.507841202512356
2023-05-21 17:00:00,15.07601592338049,-11.049862042920937
2023-05-21 18:00:00,15.153326309392751,-11.43845070063953
2023-05-21 19:00:00,12.97087152521566,-55.145543959005
2023-05-21 20:00:00,12.324302266126475,-16.59933978899188
2023-05-21 21:00:00,14.202922933127278,-43.932023430960584
2023-05-21 22:00:00,11.272226103002081,142.3947045068571
2023-05-21 23:00:00,12.872606179487306,-40.19345847965199
2023-05-22 00:00:00,12.462099075180323,51.92662809199038
2023-05-22 01:00:00,13.123955443277614,142.6932810558313
2023-05-22 02:00:00,14.585592078967988,342.4128428226169
2023-05-22 03:00:00,10.621974811643513,467.43424069464686
2023-05-22 04:00:00,13.520629556326668,563.7519325236032
2023-05-22 05:00:00,13.553509522154597,628.1691138427136
2023-05-22 06:00:00,13.149285273716274,672.8884430421894
2023-05-22 07:00:00,13.501651804689189,706.8285897418585
2023-05-22 08:00:00,13.724536773046475,515.4597966750619
2023-05-22 09:00:00,13.368605274154035,378.6417046443926
2023-05-22 10:00:00,11.175267628899688,288.73567640430275
2023-05-22 11:00:00,12.321073803636315,177.34756860909897
2023-05-22 12:00:00,14.807867820456796,-14.791362521627573
2023-05-22 13:00:00,12.043243040996806,77.10055924470954
2023-05-22 14:00:00,13.290887729746098,70.98853324788108
2023-05-22 15:00:00,12.488945916747062,-22.73295254420416
2023-05-22 16:00:00,13.805079948222176,77.24592950136501
2023-05-22 17:00:00,13.007632526352154,21.030190701742686
2023-05-22 18:00:00,13.8650114102875,-36.44059601069255
2023-05-22 19:00:00,13.593310354741574,-5.987332937282126
2023-05-22 20:00:00,12.820496790539712,-9.656369382152063
2023-05-22 21:00:00,10.981179137263396,-36.79957347891424
2023-05-22 22:00:00,12.343874531311766,-31.697454490683235
2023-05-22 23:00:00,12.003982818845532,22.57003055110492
2023-05-23 00:00:00,11.929984032158183,-19.993700965525726
2023-05-23 01:00:00,13.647339684208092,155.95461744188447
2023-05-23 02:00:00,15.16842642368788,318.23482759979794
2023-05-23 03:00:00,10.678636898759102,456.29625159967077
2023-05-23 04:00:00,11.637556824263934,615.1780981959687
2023-05-23 05:00:00,13.375905802260197,593.4749766862627
2023-05-23 06:00:00,12.890400264285116,668.7101186056299
2023-05-23 07:00:00,13.597132019668496,559.1442840232197
2023-05-23 08:00:00,13.097029176533782,543.0585509285133
2023-05-23 09:00:00,14.461358674847022,399.3306703786927
2023-05-23 10:00:00,13.714149931272182,409.49369958053325
2023-05-23 11:00:00,14.0207716413787,176.78802217873022
2023-05-23 12:00:00,14.161759312170581,-21.290992117076456
2023-05-23 13:00:00,11.951198710278367,-86.84370416703327
2023-05-23 14:00:00,13.730992583617581,-66.96924589049283
2023-05-23 15:00:00,13.786672660019693,42.581491892224356
2023-05-23 16:00:00,12.80212489640684,17.733400562291703
2023-05-23 17:00:00,12.795747143228406,-72.04813701698289
2023-05-23 18:00:00,12.823747410542419,-71.81663869876849
2023-05-23 19:00:00,12.26437390866133,92.4001004424133
2023-05-23 20:00:00,11.763391053562728,67.7634735828224
2023-05-23 21:00:00,15.289433383178192,14.767434359383918
2023-05-23 22:00:00,14.22395286551327,5.802643199778433
2023-05-23 23:00:00,13.169775610023663,-8.402065532361105
2023-05-24 00:00:00,11.60900157457229,-62.87481685906139
2023-05-24 01:00:00,13.62221518261873,212.23994623325115
2023-05-24 02:00:00,12.712273279476385,317.13590847611897
2023-05-24 03:00:00,12.919803899974749,498.8364077277241
2023-05-24 04:00:00,15.324277785538124,546.014852089916
2023-05-24 05:00:00,14.974359081082042,649.6932359197895
2023-05-24 06:00:00,10.711370634450354,629.808431876876
2023-05-24 07:00:00,13.441737197015277,635.0184784738979
2023-05-24 08:00:00,13.24199732144805,606.0973665650537
2023-05-24 09:00:00,13.431577277117597,435.5591931117549
2023-05-24 10:00:00,12.518603416549613,427.8902284575851
2023-05-24 11:00:00,13.079317665010047,140.32298554191203
2023-05-24 12:00:00,11.982531631177478,6.822384986508987
2023-05-24 13:00:00,14.113925585395934,69.10408539053347
2023-05-24 14:00:00,14.083366010887959,72.514004715897
2023-05-24 15:00:00,14.717404845975508,23.366683141661795
2023-05-24 16:00:00,12.302694700470711,13.443686796131349
2023-05-24 17:00:00,13.346107864475998,3.450256224411135
2023-05-24 18:00:00,15.119858936503167,67.81793634094838
2023-05-24 19:00:00,12.401100233396766,47.86355395433534
2023-05-24 20:00:00,12.067021936424753,54.48002863989314
2023-05-24 21:00:00,13.376723397503756,81.72361108046789
2023-05-24 22:00:00,14.241540149500505,22.898590274127795
2023-05-24 23:00:00,12.409313740854442,-20.348370798173086
2023-05-25 00:00:00,14.940972529873983,17.563999215928185
2023-05-25 01:00:00,12.092367413578538,171.14309963386762
2023-05-25 02:00:00,13.66629419133623,315.74955588254915
2023-05-25 03:00:00,12.331459136143135,439.6914238714409
2023-05-25 04:00:00,12.542197113681732,590.6529291249531
2023-05-25 05:00:00,13.830749335865788,660.1230463353529
2023-05-25 06:00:00,12.798901984489286,615.6054572830706
2023-05-25 07:00:00,11.488982494047391,644.0434838003433
2023-05-25 08:00:00,12.209464680518538,644.4313209905099
2023-05-25 09:00:00,13.729814028739247,422.5806161628597
2023-05-25 10:00:00,13.405600063636154,393.6525456288196
2023-05-25 11:00:00,13.733687225645781,124.6115115486425
2023-05-25 12:00:00,12.405445379784279,18.065989091652295
2023-05-25 13:00:00,11.948162231968404,-89.05047268332261
2023-05-25 14:00:00,12.189315723335554,31.989646823849267
2023-05-25 15:00:00,12.257770114317456,-11.04013829155051
2023-05-25 16:00:00,12.961285990356533,-87.24059264236173
2023-05-25 17:00:00,11.824147660813363,-23.559625149119046
2023-05-25 18:00:00,14.073536957757732,88.3096143756514
2023-05-25 19:00:00,13.523864978734299,28.496512685154197
2023-05-25 20:00:00,12.143487599478215,5.649410971402307
2023-05-25 21:00:00,12.809532860862713,26.516795850733327
2023-05-25 22:00:00,12.12140516602577,50.49258355180935
2023-05-25 23:00:00,12.858808538610646,76.18255527382955
2023-05-26 00:00:00,12.104102242124723,-14.549647581339714
2023-05-26 01:00:00,15.081261904119108,197.08330722654722
2023-05-26 02:00:00,11.348149776664206,347.2266890118841
2023-05-26 03:00:00,11.66936979234473,462.7927495562119
2023-05-26 04:00:00,12.701133243532526,550.9487072648257
2023-05-26 05:00:00,13.032659989456421,705.1024051636027
2023-05-26 06:00:00,13.039061757404312,660.0980585589914
2023-05-26 07:00:00,13.856700354447664,564.0322793491207
2023-05-26 08:00:00,13.381435282314301,415.0226241158092
2023-05-26 09:00:00,12.017222510941366,505.16891365261574
2023-05-26 10:00:00,14.00104943381303,301.9569026788473
2023-05-26 11:00:00,13.567188004366427,159.83234663071238
2023-05-26 12:00:00,14.325772209624219,20.392197257863774
2023-05-26 13:00:00,12.990288588809653,123.04062352105154
2023-05-26 14:00:00,14.029031582719217,67.68743463784016
2023-05-26 15:00:00,10.21625768083283,-11.335050904247105
2023-05-26 16:00:00,12.453266307849395,36.536366999051964
2023-05-26 17:00:00,12.026288147544925,-30.115425987076584
2023-05-26 18:00:00,13.6408048493587,38.69294832007777
2023-05-26 19:00:00,12.199350228122103,-41.13272276953809
2023-05-26 20:00:00,13.9145523590161,9.131249105901839
2023-05-26 21:00:00,13.726316152487946,10.7980888342206
2023-05-26 22:00:00,12.331529189463424,-52.578090555314716
2023-05-26 23:00:00,13.17768304405687,-29.42537043756102
2023-05-27 00:00:00,12.654403636461666,-108.72185286077584
2023-05-27 01:00:00,12.98522120157075,147.574043522289
2023-05-27 02:00:00,13.618504562593333,377.5001506595291
2023-05-27 03:00:00,12.542915417655419,554.9283005262143
2023-05-27 04:00:00,11.21277617325041,631.8215495244267
2023-05-27 05:00:00,13.464464301164266,602.2328652850324
2023-05-27 06:00:00,13.94133095764722,643.0992526375675
2023-05-27 07:00:00,11.169113953356232,617.9568266322414
2023-05-27 08:00:00,12.832317600756053,546.7623970402142
2023-05-27 09:00:00,11.937132267808781,503.6989060899958
2023-05-27 10:00:00,13.995799081207249,294.1493643958631
2023-05-27 11:00:00,14.051320069502827,239.15518307065867
2023-05-27 12:00:00,12.05917935178929,6.93716324706653
2023-05-27 13:00:00,11.55324503515828,-58.29770659586313
2023-05-27 14:00:00,13.113557951857898,-4.860531328157766
2023-05-27 15:00:00,11.759722360090189,23.95103157232995
2023-05-27 16:00:00,13.726621582062325,48.846572752376375
2023-05-27 17:00:00,12.737686077750498,37.711342744264456
2023-05-27 18:00:00,14.474362871270934,-15.81199109879759
2023-05-27 19:00:00,14.518807836541772,-25.9224708456112
2023-05-27 20:00:00,14.42090894869705,86.52342670328068
2023-05-27 21:00:00,13.271798880190822,1.3266180165539747
2023-05-27 22:00:00,11.923103710203295,-56.68231347732576
2023-05-27 23:00:00,11.385738024608273,-29.270671120462406
2023-05-28 00:00:00,13.392559588141197,-98.10311507096941
2023-05-28 01:00:00,13.467312839947299,84.17672691252285
2023-05-28 02:00:00,13.059971192883557,293.45882348876967
2023-05-28 03:00:00,11.46908024540445,412.6899058415295
2023-05-28 04:00:00,12.000302865634023,519.8391701232907
2023-05-28 05:00:00,12.881267843520305,656.6054162028297
2023-05-28 06:00:00,12.184814334532815,683.6023523753053
2023-05-28 07:00:00,12.022065282181703,559.8609830487673
2023-05-28 08:00:00,11.831408425479916,648.7442810463676
2023-05-28 09:00:00,12.662630970995705,457.5080535221359
2023-05-28 10:00:00,12.590492995133435,320.338189388831
2023-05-28 11:00:00,11.971300991336465,126.02101240336532
2023-05-28 12:00:00,12.808198969141044,-15.017377496661387
2023-05-28 13:00:00,13.047383000967239,101.43038446514079
2023-05-28 14:00:00,13.150897893171342,-54.06265620112538
2023-05-28 15:00:00,11.84052386419356,13.365417420292944
2023-05-28 16:00:00,12.490816603357311,-27.12166333485813
2023-05-28 17:00:00,12.813988798009337,-90.4831511737614
2023-05-28 18:00:00,12.923123555310767,-76.79338632039122
2023-05-28 19:00:00,11.462950909595671,30.534475549519314
2023-05-28 20:00:00,12.456735140071029,-86.13235568357669
2023-05-28 21:00:00,13.390666289326767,-61.7459748114204
2023-05-28 22:00:00,12.20407725242347,41.09413041289645
2023-05-28 23:00:00,13.153602602641445,35.05678810115738
2023-05-29 00:00:00,12.740811357521222,2.9304681834703987
2023-05-29 01:00:00,12.266298274840985,105.78539601911899
2023-05-29 02:00:00,13.98790951597676,259.067699796753
2023-05-29 03:00:00,12.423526162300007,383.7390690101979
2023-05-29 04:00:00,12.51580383248235,544.3762986423678
2023-05-29 05:00:00,12.241429012633882,646.6859983574516
2023-05-29 06:00:00,14.206678926663761,615.1042088867857
2023-05-29 07:00:00,14.116937308246065,658.8685170965617
2023-05-29 08:00:00,13.872974647671507,631.5628130374442
2023-05-29 09:00:00,13.595675950206028,469.493911658242
2023-05-29 10:00:00,11.842005919842858,255.48674870093618
2023-05-29 11:00:00,12.276398452195911,168.98847961710936
2023-05-29 12:00:00,11.955528360740242,67.67627986059507
2023-05-29 13:00:00,13.756530664327018,-31.54652715268016
2023-05-29 14:00:00,15.0617885639904,-32.891055071380556
2023-05-29 15:00:00,13.405463284976129,56.99334050791413
2023-05-29 16:00:00,14.40221161911892,-71.80064635008773
2023-05-29 17:00:00,13.18356693463059,9.92267180934856
2023-05-29 18:00:00,13.042975790450958,-30.880622082524262
2023-05-29 19:00:00,12.146096484893222,-21.641126167063486
2023-05-29 20:00:00,13.339229293400871,85.16728561345526
2023-05-29 21:00:00,13.639179156435436,-24.044256124946223
2023-05-29 22:00:00,13.779918583252082,6.079595672583288
2023-05-29 23:00:00,12.8296290529328,51.57367815183561
2023-05-30 00:00:00,12.851555319521337,-64.10672896531001
2023-05-30 01:00:00,12.592649737673273,205.54874577738235
2023-05-30 02:00:00,12.089040264763518,293.934309833734
2023-05-30 03:00:00,13.534887690298016,383.3646453978546
2023-05-30 04:00:00,10.758394213454872,523.3013392302424
2023-05-30 05:00:00,10.981269677340672,614.2335068553399
2023-05-30 06:00:00,12.1066813787303,644.6890374514159
2023-05-30 07:00:00,11.380055766061053,573.6735556741393
2023-05-30 08:00:00,13.739647537186068,537.116939037474
2023-05-30 09:00:00,12.210926511936677,377.73423839161615
2023-05-30 10:00:00,13.530706008255878,280.95214167629325
2023-05-30 11:00:00,13.95840722170401,95.65032756240569
2023-05-30 12:00:00,12.715018817783207,-3.9639468961880313
2023-05-30 13:00:00,12.98073282970412,-41.87508925056954
2023-05-30 14:00:00,13.88037564691266,103.73559508465087
2023-05-30 15:00:00,13.652894343572937,19.14592565211672
2023-05-30 16:00:00,10.582723985469896,-81.31379360201653
2023-05-30 17:00:00,12.241408367900855,-37.313684381339925
2023-05-30 18:00:00,13.1662554123411,35.12276497520185
2023-05-30 19:00:00,12.869331700377112,12.229845230805488
2023-05-30 20:00:00,11.661077322035316,-78.55244224426605
2023-05-30 21:00:00,10.946104670171692,-39.362611138475145
2023-05-30 22:00:00,13.264869318145145,32.1645616631642
2023-05-30 23:00:00,11.810252631477843,18.561706450424463
2023-05-31 00:00:00,12.445975569584075,28.80946387760477
2023-05-31 01:00:00,12.725044404003489,148.80128640835449
2023-05-31 02:00:00,12.417546842964684,271.67885322651927
2023-05-31 03:00:00,11.64855947868246,380.9801556052517
2023-05-31 04:00:00,12.49759507750561,592.2225375583574
2023-05-31 05:00:00,12.03585385539537,704.7607212300807
2023-05-31 06:00:00,14.23609984078331,642.8658510680302
2023-05-31 07:00:00,12.793676902932257,654.3719386902234
2023-05-31 08:00:00,15.146750383047031,504.79399666478594
2023-05-31 09:00:00,11.261901883933657,443.7384898170031
2023-05-31 10:00:00,12.279429065093467,311.3599734537687
2023-05-31 11:00:00,12.275987292539824,182.04972054356656
2023-05-31 12:00:00,11.803454972300518,3.881175172395864
2023-05-31 13:00:00,12.229069327453875,138.85337243451684
2023-05-31 14:00:00,12.10034331631826,39.981243622237734
2023-05-31 15:00:00,11.601607294224882,64.96476227775415
2023-05-31 16:00:00,14.374946197747299,13.54143801966281
2023-05-31 17:00:00,12.4968724333787,-106.29576562490865
2023-05-31 18:00:00,13.507286491874122,22.415810162109885
2023-05-31 19:00:00,13.570547556471741,54.76277889688842
2023-05-31 20:00:00,14.008423397202922,69.67307401787292
2023-05-31 21:00:00,11.598000082258418,-3.3610282451651248
2023-05-31 22:00:00,13.846689324468791,-71.76022361824667
2023-05-31 23:00:00,12.506282438127378,-14.464037355942025
2023-06-01 00:00:00,14.54189549575035,-72.49200948256845
2023-06-01 01:00:00,13.031044207507044,226.19903967820474
2023-06-01 02:00:00,11.353423330901935,335.3483968715062
2023-06-01 03:00:00,13.764060614375662,416.5392721356691
2023-06-01 04:00:00,13.665467198021494,578.6411373125419
2023-06-01 05:00:00,11.214448282954582,677.4603154463487
2023-06-01 06:00:00,13.251107138017678,664.5184351159003
2023-06-01 07:00:00,14.109728497436961,703.9878024857811
2023-06-01 08:00:00,12.985073445683991,497.25827115229566
2023-06-01 09:00:00,11.532403863987334,490.811057835344
2023-06-01 10:00:00,13.516505651158216,239.69973350271107
2023-06-01 11:00:00,13.171701569942728,256.5374628042539
2023-06-01 12:00:00,12.275462052261172,36.40468666619145
2023-06-01 13:00:00,12.045967026630247,-18.673641501356077
2023-06-01 14:00:00,13.167019369088253,-57.78702671299046
2023-06-01 15:00:00,11.595510296845646,-26.99639961818464
2023-06-01 16:00:00,12.708043519370095,-12.974540689493171
2023-06-01 17:00:00,13.704866584736747,10.808321808790064
2023-06-01 18:00:00,14.026065344613988,-0.8516041481888389
2023-06-01 19:00:00,11.9808864060848,-31.67915906672884
2023-06-01 20:00:00,10.919474481483114,57.8726333289172
2023-06-01 21:00:00,11.798969113246656,-84.96205427865223
2023-06-01 22:00:00,13.322601224151226,28.664771758697576
2023-06-01 23:00:00,11.765419433566027,9.286129310714939
2023-06-02 00:00:00,13.514084646224212,-0.34964281002560427
2023-06-02 01:00:00,11.68844523283314,192.38005036301087
2023-06-02 02:00:00,11.874013671191285,277.39616200593184
2023-06-02 03:00:00,12.25849017534523,401.0277470721603
2023-06-02 04:00:00,13.375946215881347,523.8157310277687
2023-06-02 05:00:00,10.847748806903569,574.060059735418
2023-06-02 06:00:00,12.711346074272143,609.7192517928595
2023-06-02 07:00:00,12.693439502356908,636.3900352268732
2023-06-02 08:00:00,11.439946709024225,543.8150306798285
2023-06-02 09:00:00,12.787425595515515,441.00103436861735
2023-06-02 10:00:00,12.251445846811325,322.3456835383217
2023-06-02 11:00:00,11.300156855637805,144.3627111301226
2023-06-02 12:00:00,12.357426937846261,45.173180447948994
2023-06-02 13:00:00,11.389102812574203,28.2743452688341
2023-06-02 14:00:00,11.790864241708418,0.27791280643274935
2023-06-02 15:00:00,13.311323246860725,-56.62617727611997
2023-06-02 16:00:00,12.119288621887213,65.46776549309027
2023-06-02 17:00:00,13.290834417097734,33.22697370542838
2023-06-02 18:00:00,12.274431144353413,28.35582306106418
2023-06-02 19:00:00,11.468729316960907,84.96077008455133
2023-06-02 20:00:00,12.911268778235554,34.7739975158633
2023-06-02 21:00:00,12.99152478124072,-2.4272606532839016
2023-06-02 22:00:00,11.200929105716035,-25.53265560024684
2023-06-02 23:00:00,13.567093276186991,-27.480856574763884
2023-06-03 00:00:00,13.876656974675893,13.785392597732555
2023-06-03 01:00:00,12.98247317025274,208.22936258931622
2023-06-03 02:00:00,12.433172186851706,357.7921275256077
2023-06-03 03:00:00,14.367493041616585,367.81991795925194
2023-06-03 04:00:00,12.894852668836572,581.2505079800962
2023-06-03 05:00:00,12.55302104103512,581.9231509269996
2023-06-03 06:00:00,14.055695744001175,588.3715074812817
2023-06-03 07:00:00,13.958466279023668,615.0418605956212
2023-06-03 08:00:00,10.916622875758764,574.405641255729
2023-06-03 09:00:00,11.851627128788946,375.1824028350392
2023-06-03 10:00:00,12.941463834263025,319.76366086961355
2023-06-03 11:00:00,13.583147205826396,78.83524597121419
2023-06-03 12:00:00,11.190269906318083,39.59562152677722
2023-06-03 13:00:00,13.263660761809504,-55.479252447858975
2023-06-03 14:00:00,11.951226250449201,9.537344826823684
2023-06-03 15:00:00,13.073263308024051,-18.321676300626795
2023-06-03 16:00:00,11.788827514100976,-28.522685379846617
2023-06-03 17:00:00,10.022898077325076,-100.02321474348234
2023-06-03 18:00:00,10.584636819876993,-69.95717330232117
2023-06-03 19:00:00,11.229716992594188,-3.7592898225081743
2023-06-03 20:00:00,11.764242601092699,-46.50597208496238
2023-06-03 21:00:00,12.348613909438845,-15.931253592682513
2023-06-03 22:00:00,11.838207374022963,-39.34071129120926
2023-06-03 23:00:00,12.308424731670478,-13.913950742674455
2023-06-04 00:00:00,11.783149296513729,-60.086173719188
2023-06-04 01:00:00,12.274842884499511,135.1010865618913
2023-06-04 02:00:00,13.210202724975128,293.59016211745256
2023-06-04 03:00:00,12.264560438982041,435.6236220070753
2023-06-04 04:00:00,12.820384574619851,440.4742664793348
2023-06-04 05:00:00,12.993896436758156,595.6171410239788
2023-06-04 06:00:00,12.121696047202533,558.3818043195251
2023-06-04 07:00:00,10.48868295196553,524.7510723154945
2023-06-04 08:00:00,12.532229193019228,593.2866385918896
2023-06-04 09:00:00,11.605437400337836,470.62334981158045
2023-06-04 10:00:00,13.141942829306405,334.53808108116164
2023-06-04 11:00:00,13.645192431778193,147.86958645050152
2023-06-04 12:00:00,12.021992340194863,-29.041314652516768
2023-06-04 13:00:00,12.4434619971322,74.36408666829367
2023-06-04 14:00:00,12.947395805522229,6.742700854082667
2023-06-04 15:00:00,11.4666439799527,-44.943454924990675
2023-06-04 16:00:00,12.288760749846713,-49.74052230324704
2023-06-04 17:00:00,10.732025541679578,15.559104046247404
2023-06-04 18:00:00,13.323850263942859,-17.40115774437558
2023-06-04 19:00:00,13.965630313566923,51.66180828815421
2023-06-04 20:00:00,12.37947566930564,3.6054656463189936
2023-06-04 21:00:00,11.527730742836257,-60.03077945289945
2023-06-04 22:00:00,12.541040780441831,93.04913616495395
2023-06-04 23:00:00,11.004634484109049,-51.028413937439
2023-06-05 00:00:00,11.766655786103696,-61.10189116131056
2023-06-05 01:00:00,11.784402799207351,153.71775240364386
2023-06-05 02:00:00,11.680868471849186,328.354330029361
2023-06-05 03:00:00,12.421798200829862,386.457660194839
2023-06-05 04:00:00,12.636531201264251,563.1643291081135
2023-06-05 05:00:00,12.216851743197227,564.6653710027161
2023-06-05 06:00:00,13.10350257830085,732.3882211417267
2023-06-05 07:00:00,12.59293990465692,606.013573404899
2023-06-05 08:00:00,11.708535688279749,474.13960183532964
2023-06-05 09:00:00,12.094565866993396,396.2491981936897
2023-06-05 10:00:00,12.121697753901067,329.722346170577
2023-06-05 11:00:00,11.819347784264643,117.30602732311672
2023-06-05 12:00:00,12.71224271264863,-3.8134964678737147
2023-06-05 13:00:00,10.071148216365899,98.48719088305434
2023-06-05 14:00:00,12.234703512722122,31.990287069230373
2023-06-05 15:00:00,12.51190075946818,29.7402516942946
2023-06-05 16:00:00,12.801646739413794,99.19850757262138
2023-06-05 17:00:00,13.310929086747064,-37.94579114395749
2023-06-05 18:00:00,12.061916945548095,-0.8280778847851512
2023-06-05 19:00:00,13.034360136382613,-15.165886025962596
2023-06-05 20:00:00,12.813154188567836,-31.322090931681018
2023-06-05 21:00:00,12.466836915183217,-12.761144131542013
2023-06-05 22:00:00,10.811210761812063,-22.78393598757649
2023-06-05 23:00:00,13.293066834403774,-32.9055980612491
2023-06-06 00:00:00,12.221335251211247,-14.773032175570622
2023-06-06 01:00:00,11.872960539215542,124.19780560061788
2023-06-06 02:00:00,10.968021421681188,319.33471896402756
2023-06-06 03:00:00,9.680845582846441,380.9491259897749
2023-06-06 04:00:00,14.0272836969681,575.8721841180798
2023-06-06 05:00:00,12.431857245405991,621.8813097511672
2023-06-06 06:00:00,11.018010674407986,628.5516838708012
2023-06-06 07:00:00,10.864325574689133,562.6571954897952
2023-06-06 08:00:00,11.846336726596617,527.2315181799997
2023-06-06 09:00:00,12.933035423728299,422.43003915723347
2023-06-06 10:00:00,12.756172759331255,304.4730090709986
2023-06-06 11:00:00,12.806963749548256,89.9560607243818
2023-06-06 12:00:00,11.237615984594575,5.228473668226475
2023-06-06 13:00:00,11.94615877082743,16.25542643182359
2023-06-06 14:00:00,12.252088056599277,72.20279387951987
2023-06-06 15:00:00,12.068281701653252,-50.34175583556072
2023-06-06 16:00:00,12.670861638338472,-59.272680250096684
2023-06-06 17:00:00,13.698700664859814,49.17277250879889
2023-06-06 18:00:00,12.335373350960264,-75.60910451932196
2023-06-06 19:00:00,11.540109762242503,72.77819101166709
2023-06-06 20:00:00,10.67219934652887,59.15200997738659
2023-06-06 21:00:00,12.300851523403743,29.06051185629123
2023-06-06 22:00:00,11.46531729349362,-75.86563376064473
2023-06-06 23:00:00,12.553609635057594,-7.973094191410247
2023-06-07 00:00:00,12.41142135171147,-2.624013220163502
2023-06-07 01:00:00,13.610298214387706,170.35925101557316
2023-06-07 02:00:00,12.260605222944841,328.86575169886106
2023-06-07 03:00:00,12.502372756679305,388.4499861253857
2023-06-07 04:00:00,11.391514072455964,574.6962200215887
2023-06-07 05:00:00,10.614609302304501,607.836569000271
2023-06-07 06:00:00,13.12124757880955,627.8682314023397
2023-06-07 07:00:00,13.253297254491079,570.6432695832519
2023-06-07 08:00:00,11.716015848317591,541.0486157764334
2023-06-07 09:00:00,10.112842261839319,318.77530798856435
2023-06-07 10:00:00,13.407645897242332,321.05021038007635
2023-06-07 11:00:00,13.234981117778819,238.7863213269224
2023-06-07 12:00:00,11.930026141860735,39.0444097334466
2023-06-07 13:00:00,13.115599036933958,33.20499653427623
2023-06-07 14:00:00,12.005751076329926,38.64530659221809
2023-06-07 15:00:00,12.263824583647924,60.464878405302436
2023-06-07 16:00:00,10.42073655595696,-9.960805964979375
2023-06-07 17:00:00,13.268807671855459,49.26099142783178
2023-06-07 18:00:00,10.293745259861895,22.87290238277482
2023-06-07 19:00:00,13.768233134537327,3.2243180856193128
2023-06-07 20:00:00,13.869651228866678,67.5293779428363
2023-06-07 21:00:00,9.492233461986197,-34.382300298015245
2023-06-07 22:00:00,13.603740623306127,-32.48664393428796
2023-06-07 23:00:00,11.808017842878154,-117.83498867872855
2023-06-08 00:00:00,12.390200184230334,-46.45498819354497
2023-06-08 01:00:00,10.557425464047684,132.86710148175473
2023-06-08 02:00:00,11.6453663502057,296.6939564074596
2023-06-08 03:00:00,10.786859257902757,445.57718162231697
2023-06-08 04:00:00,11.178670009273006,562.2891367966071
2023-06-08 05:00:00,13.190185090755072,511.5453800141817
2023-06-08 06:00:00,12.967101481150353,603.8819653669348
2023-06-08 07:00:00,12.78843015381748,528.8491323343442
2023-06-08 08:00:00,11.428847804153747,451.7228932854649
2023-06-08 09:00:00,11.27761395832306,439.34280339803337
2023-06-08 10:00:00,10.318585681451305,304.28060907736307
2023-06-08 11:00:00,12.645951985369505,179.54625365025368
2023-06-08 12:00:00,13.904588246737058,28.987965413505133
2023-06-08 13:00:00,13.42373381900577,-24.114592289796878
2023-06-08 14:00:00,11.998638279299255,54.71784302921671
2023-06-08 15:00:00,12.46129101734056,-45.924532088663526
2023-06-08 16:00:00,12.215380473194307,-52.77985758738599
2023-06-08 17:00:00,12.877407789631391,19.909628979786866
2023-06-08 18:00:00,13.710051400673125,10.734508408630694
2023-06-08 19:00:00,11.398362591431287,-40.48954821755095
2023-06-08 20:00:00,11.435549797164157,-41.63758653267174
2023-06-08 21:00:00,11.68081689089255,18.99401010592547
2023-06-08 22:00:00,11.935101557905918,12.509100847933855
2023-06-08 23:00:00,12.696278011506747,-51.910237799899015
2023-06-09 00:00:00,11.821331507860195,-32.14977814369374
2023-06-09 01:00:00,11.035119604613241,108.3083723606286
2023-06-09 02:00:00,11.048324256628575,191.22138664838891
2023-06-09 03:00:00,10.713306869846358,488.53257526515404
2023-06-09 04:00:00,11.781509346469045,526.710845367278
2023-06-09 05:00:00,12.922340410663576,632.0907418528265
2023-06-09 06:00:00,12.308876935604848,579.1462096051372
2023-06-09 07:00:00,12.451925217236186,525.569885350216
2023-06-09 08:00:00,10.80433095540006,471.0645202487157
2023-06-09 09:00:00,10.71574503455495,376.5589281779272
2023-06-09 10:00:00,12.066913518943181,271.276969369951
2023-06-09 11:00:00,13.134864300848628,76.46294557749226
2023-06-09 12:00:00,12.733377237892384,-19.334669766263335
2023-06-09 13:00:00,11.214973905009177,-28.730459859086803
2023-06-09 14:00:00,14.179765738126799,43.65975795770753
2023-06-09 15:00:00,9.858818037239603,26.862764333359962
2023-06-09 16:00:00,11.917553562431863,-19.12565091185537
2023-06-09 17:00:00,11.991266064988514,23.797467138382327
2023-06-09 18:00:00,11.679401811930964,-54.76705815021287
2023-06-09 19:00:00,12.414203253019565,-63.14178583965309
2023-06-09 20:00:00,11.686265367409318,-4.708878654006433
2023-06-09 21:00:00,10.393166222825997,5.108689750752724
2023-06-09 22:00:00,11.799989423113457,-7.008522934036418
2023-06-09 23:00:00,12.053130168693526,67.79758381603662
2023-06-10 00:00:00,12.720127959033121,34.36609407508715
2023-06-10 01:00:00,13.226125055052114,204.56219225284366
2023-06-10 02:00:00,10.953080798176947,267.5518968369916
2023-06-10 03:00:00,13.480763763092321,434.1225707994808
2023-06-10 04:00:00,11.380458490119077,459.1514327324496
2023-06-10 05:00:00,11.298068533354245,533.7429053828782
2023-06-10 06:00:00,11.397586465758758,606.9846806211774
2023-06-10 07:00:00,9.857286193018204,525.828674305565
2023-06-10 08:00:00,11.386054859275664,471.76252401855646
2023-06-10 09:00:00,13.119574667560393,439.02921022583445
2023-06-10 10:00:00,12.285921714168152,257.01903353251925
2023-06-10 11:00:00,12.036130878033,200.92392165112128
2023-06-10 12:00:00,12.159269189850246,-10.713442798537184
2023-06-10 13:00:00,13.070015786358093,-8.641205765978276
2023-06-10 14:00:00,10.930578636563094,12.56328820486931
2023-06-10 15:00:00,12.712447257436239,-6.73517603950501
2023-06-10 16:00:00,11.875091155228382,13.999071382730225
2023-06-10 17:00:00,11.024704645156307,-45.87515638697372
2023-06-10 18:00:00,12.272215965390377,-136.05757827123236
2023-06-10 19:00:00,11.89239215595572,-70.64506332449623
2023-06-10 20:00:00,11.001838457213422,-22.7671884943309
2023-06-10 21:00:00,10.739033396888697,24.52223891070453
2023-06-10 22:00:00,11.373676035329728,107.93361463993591
2023-06-10 23:00:00,11.297558305685309,-29.654787997774523
2023-06-11 00:00:00,12.949023416267304,-32.70400282426608
2023-06-11 01:00:00,11.51381179673385,168.63117813184562
2023-06-11 02:00:00,11.354970702371487,304.2829007602817
2023-06-11 03:00:00,12.856866700069721,427.4341645156029
2023-06-11 04:00:00,13.077723072375331,495.0546441286739
2023-06-11 05:00:00,10.896590093606365,467.38754977369626
2023-06-11 06:00:00,10.484288880426222,596.2695911850924
2023-06-11 07:00:00,12.243287610422927,564.0437495248805
2023-06-11 08:00:00,11.520676566854872,428.3916301100573
2023-06-11 09:00:00,11.18284360490144,443.7213923637341
2023-06-11 10:00:00,12.766367889213424,329.6883906857028
2023-06-11 11:00:00,11.467477706946614,179.67244753052702
2023-06-11 12:00:00,13.646258678262456,-20.345026353543613
2023-06-11 13:00:00,11.775747491406577,11.046415067681004
2023-06-11 14:00:00,11.892188776134056,-44.89492117096699
2023-06-11 15:00:00,13.967825613874732,-69.27416152030001
2023-06-11 16:00:00,12.037708728203608,-4.9478684068755445
2023-06-11 17:00:00,11.021813974171986,-75.10683250145823
2023-06-11 18:00:00,10.70759330682,-6.673459069326262
2023-06-11 19:00:00,11.266136031235725,-2.5986446506724796
2023-06-11 20:00:00,11.964078853742004,-40.86784818393927
2023-06-11 21:00:00,12.639067149911366,97.04371597300107
2023-06-11 22:00:00,10.223949743909078,-29.932122884206354
2023-06-11 23:00:00,11.731221319988576,10.610923417810186
2023-06-12 00:00:00,12.925790181646407,-9.546790842976536
2023-06-12 01:00:00,11.909224522646587,197.69809011769001
2023-06-12 02:00:00,13.002912444397433,274.4492611216384
2023-06-12 03:00:00,10.139081939577501,348.4322211025325
2023-06-12 04:00:00,11.420467264055649,525.0773558036321
2023-06-12 05:00:00,11.767509510108226,487.36722609510053
2023-06-12 06:00:00,12.200211998466797,539.9456069576806
2023-06-12 07:00:00,10.795654796420711,536.9910130672707
2023-06-12 08:00:00,12.063004159142753,480.70594581908966
2023-06-12 09:00:00,12.140978265049087,394.4633326086384
2023-06-12 10:00:00,11.573537158467506,269.87518274210186
2023-06-12 11:00:00,12.116982379883705,157.00590515092122
2023-06-12 12:00:00,11.96335565562489,-33.99155074751306
2023-06-12 13:00:00,10.988666862562043,21.74902783390651
2023-06-12 14:00:00,11.48892039001135,-42.08726370590734
2023-06-12 15:00:00,10.398061755105745,-63.4689037693993
2023-06-12 16:00:00,10.151143984844786,-56.56758649795375
2023-06-12 17:00:00,11.901374465818432,-20.571912052514136
2023-06-12 18:00:00,9.753035367060292,48.551465345192696
2023-06-12 19:00:00,11.405204955373737,-1.375916409276074
2023-06-12 20:00:00,12.060444837299885,-23.04479719454691
2023-06-12 21:00:00,11.663482371659645,-2.014519460413835
2023-06-12 22:00:00,13.832474802190704,-60.49663533556022
2023-06-12 23:00:00,12.073802222615424,-85.31828649541008
2023-06-13 00:00:00,11.296935027809532,-49.38295953989807
2023-06-13 01:00:00,12.173580444306333,97.22970872246816
2023-06-13 02:00:00,10.253372323015633,409.1010940948332
2023-06-13 03:00:00,12.56573764264041,504.98943363566826
2023-06-13 04:00:00,11.060556733152428,596.371474879489
2023-06-13 05:00:00,12.672085529278869,497.7612089189517
2023-06-13 06:00:00,11.965881227780436,666.0149780500772
2023-06-13 07:00:00,12.191169118032414,522.9444772258139
2023-06-13 08:00:00,11.011675881174114,583.0474531042867
2023-06-13 09:00:00,10.4207945465909,430.8357553143864
2023-06-13 10:00:00,10.403037395890466,239.51365377117094
2023-06-13 11:00:00,9.849811802721456,232.41913901233403
2023-06-13 12:00:00,11.182086205202701,80.73894133566228
2023-06-13 13:00:00,10.9781212281875,-53.03909042020937
2023-06-13 14:00:00,12.577347524615954,16.28234203428268
2023-06-13 15:00:00,10.53194083614371,-96.84824431466367
2023-06-13 16:00:00,13.759484004979388,-19.753162253959225
2023-06-13 17:00:00,10.563966389443975,-19.396903593826238
2023-06-13 18:00:00,10.658052953889598,-20.4496984727609
2023-06-13 19:00:00,10.085533546868815,80.58898816353802
2023-06-13 20:00:00,11.57522981605035,-66.7941332985839
2023-06-13 21:00:00,11.243625097850643,-11.1935710387383
2023-06-13 22:00:00,11.457657899602534,37.740987835009136
2023-06-13 23:00:00,11.972409482012571,-65.76211535886482
2023-06-14 00:00:00,12.46621758759535,-44.173665157454835
2023-06-14 01:00:00,10.313736799776411,204.36944739535937
2023-06-14 02:00:00,11.503167898734457,354.3374434668034
2023-06-14 03:00:00,12.338898211249152,384.3415809927599
2023-06-14 04:00:00,10.389436253304602,540.1281912611194
2023-06-14 05:00:00,14.247900707753454,632.4519213633112
2023-06-14 06:00:00,13.82481262411443,553.8191668067797
2023-06-14 07:00:00,11.408425853682205,594.1959930448219
2023-06-14 08:00:00,10.376905829639359,476.11264047798653
2023-06-14 09:00:00,10.505627491609683,338.3440238060538
2023-06-14 10:00:00,11.717300146993894,287.2699158564988
2023-06-14 11:00:00,12.12328608562638,136.38594649310102
2023-06-14 12:00:00,9.641360755177683,-46.33095070040108
2023-06-14 13:00:00,10.537572227131097,-16.964021469090927
2023-06-14 14:00:00,11.625366296592544,-11.340117828560938
2023-06-14 15:00:00,10.07915360816824,13.934094931162164
2023-06-14 16:00:00,11.186493513397613,51.97513885744777
2023-06-14 17:00:00,11.9147612927382,52.03616763868341
2023-06-14 18:00:00,11.321545332361,-4.32642185031258
2023-06-14 19:00:00,10.749307406751475,-27.349197552270127
2023-06-14 20:00:00,11.570576280927062,66.99356761929207
2023-06-14 21:00:00,11.990451016910502,-4.984513635398103
2023-06-14 22:00:00,10.562721144215026,-29.855400508645946
2023-06-14 23:00:00,11.827915880090092,8.508077886076316
2023-06-15 00:00:00,11.72568537750177,-91.2897992693118
2023-06-15 01:00:00,11.920333347543854,124.0575864625907
2023-06-15 02:00:00,11.664029036653982,258.1583766645478
2023-06-15 03:00:00,11.53122348106255,363.611852481102
2023-06-15 04:00:00,11.245187701918573,512.6871640122147
2023-06-15 05:00:00,11.102047903353789,604.5105012976989
2023-06-15 06:00:00,12.124146399605834,654.6854409031457
2023-06-15 07:00:00,11.305697284358487,525.8476726002084
2023-06-15 08:00:00,11.936240544802374,479.5452506575323
2023-06-15 09:00:00,11.920578116060671,369.1057908970499
2023-06-15 10:00:00,10.461384569831909,311.93502708077557
2023-06-15 11:00:00,11.082504024607516,54.165896253564455
2023-06-15 12:00:00,11.348316901595485,-19.4595400690741
2023-06-15 13:00:00,11.491265567922579,14.574225075005309
2023-06-15 14:00:00,11.830417542248648,-31.155807825777714
2023-06-15 15:00:00,11.57985445789288,-21.44909556334699
2023-06-15 16:00:00,11.443112005232756,49.568659568241394
2023-06-15 17:00:00,10.965918063052719,-2.8390317842509822
2023-06-15 18:00:00,12.458082053627326,59.73409107792654
2023-06-15 19:00:00,11.748661919558964,81.86709305467035
2023-06-15 20:00:00,11.289051308720667,26.53366832816568
2023-06-15 21:00:00,11.011528231051091,-14.538453458507187
2023-06-15 22:00:00,11.680993815709567,79.08243221328928
2023-06-15 23:00:00,11.430752899897811,-126.325622048737
2023-06-16 00:00:00,9.794458170572163,-77.58241758701652
2023-06-16 01:00:00,10.32777134369217,184.9875685046287
2023-06-16 02:00:00,12.62290378101688,406.67140944315116
2023-06-16 03:00:00,11.688777169187656,434.29015486581466
2023-06-16 04:00:00,10.67860953261873,499.33613825281924
2023-06-16 05:00:00,10.945442823234082,523.30953971001
2023-06-16 06:00:00,10.456359887286716,593.7268257922555
2023-06-16 07:00:00,10.793680120805075,604.5380306467653
2023-06-16 08:00:00,12.342828172227811,527.53509945148
2023-06-16 09:00:00,11.137272816861598,403.3042100313425
2023-06-16 10:00:00,12.151524341018865,334.63346427403013
2023-06-16 11:00:00,12.945995379800943,161.72162543056623
2023-06-16 12:00:00,10.923180018573207,25.502210329506397
2023-06-16 13:00:00,10.023221635114568,48.537904085670164
2023-06-16 14:00:00,11.751254529011192,-46.704426874340896
2023-06-16 15:00:00,10.498020355421676,-1.119600416771135
2023-06-16 16:00:00,11.318934403179183,5.692675549726506
2023-06-16 17:00:00,11.486849190156125,-60.0365231322013
2023-06-16 18:00:00,13.175522788069456,-54.48567056039897
2023-06-16 19:00:00,11.641230821930858,-31.293087083217852
2023-06-16 20:00:00,10.861226236945804,52.08150595744675
2023-06-16 21:00:00,11.944170095773744,-9.784452071958052
2023-06-16 22:00:00,12.133483602390863,6.498189251218155
2023-06-16 23:00:00,12.523173152441737,15.42082621155177
2023-06-17 00:00:00,10.312220891486982,31.5582377491887
2023-06-17 01:00:00,12.526027955721068,170.4498925336144
2023-06-17 02:00:00,13.521279277920582,284.2518183492806
2023-06-17 03:00:00,12.503716101350292,390.3004922563897
2023-06-17 04:00:00,12.685628876274922,541.2213658331125
2023-06-17 05:00:00,10.800376208101039,517.970005174861
2023-06-17 06:00:00,12.924535868310237,629.7622316792706
2023-06-17 07:00:00,10.759030016000725,514.073492580789
2023-06-17 08:00:00,11.196342393613971,472.31117095912697
2023-06-17 09:00:00,10.770584845934152,432.63706687042725
2023-06-17 10:00:00,10.653931520860759,399.14217013453236
2023-06-17 11:00:00,11.229870768883432,48.58371308534271
2023-06-17 12:00:00,10.081355658147414,43.290392744206386
2023-06-17 13:00:00,10.547960524090268,23.63164796759241
2023-06-17 14:00:00,10.262486972584654,-22.667906770978455
2023-06-17 15:00:00,12.769303696462506,17.95885420562846
2023-06-17 16:00:00,12.855150123256992,-60.04534346102108
2023-06-17 17:00:00,13.780474236761847,-39.64436267125635
2023-06-17 18:00:00,11.16819553885461,21.399467249765717
2023-06-17 19:00:00,11.264543767495962,-50.41505269080251
2023-06-17 20:00:00,12.00657115890889,7.550066159134381
2023-06-17 21:00:00,9.958723396708633,-33.19084295337375
2023-06-17 22:00:00,10.256683903729776,-22.668735434259023
2023-06-17 23:00:00,9.637943974668593,53.790953854236975
2023-06-18 00:00:00,11.988317996503879,-58.2556127739127
2023-06-18 01:00:00,10.290408515819792,142.6209277972339
2023-06-18 02:00:00,12.153174629640413,302.7146582556903
2023-06-18 03:00:00,10.689729911874633,407.16800574465464
2023-06-18 04:00:00,11.155267112805253,453.29214523155497
2023-06-18 05:00:00,10.980383571885678,556.8419642808202
2023-06-18 06:00:00,11.34185893242214,506.0910752240783
2023-06-18 07:00:00,10.662510509679256,514.2307373699805
2023-06-18 08:00:00,12.191206980250577,562.410183593487
2023-06-18 09:00:00,10.983899826495545,426.2349255353226
2023-06-18 10:00:00,11.515516456353998,278.92628325006814
2023-06-18 11:00:00,11.261083391226723,166.80851951781094
2023-06-18 12:00:00,10.137935467456687,-40.30999317036434
2023-06-18 13:00:00,12.500768070477053,14.065201435002885
2023-06-18 14:00:00,10.499890141178886,-22.56800235059915
2023-06-18 15:00:00,11.96027630105728,-28.99770871058817
2023-06-18 16:00:00,11.880502115057826,-6.19496107525441
2023-06-18 17:00:00,9.652599460300298,-30.067437971387655
2023-06-18 18:00:00,10.971804505109832,7.058119386716577
2023-06-18 19:00:00,11.731349322379991,20.825251355721758
2023-06-18 20:00:00,10.862002218696098,-13.64247028034653
2023-06-18 21:00:00,11.02355928577712,-142.58589783177882
2023-06-18 22:00:00,11.368575326818045,-43.429820096497224
2023-06-18 23:00:00,10.775574449894954,-54.0829530395175
2023-06-19 00:00:00,11.424802893465202,18.514715318773924
2023-06-19 01:00:00,11.110186971029108,106.74350996853686
2023-06-19 02:00:00,10.870612752212237,251.64726434299527
2023-06-19 03:00:00,10.097077875518009,433.2856048323363
2023-06-19 04:00:00,11.473180047265329,440.21433920579443
2023-06-19 05:00:00,8.658564547163474,544.6674477803255
2023-06-19 06:00:00,11.32989823878919,522.490069547056
2023-06-19 07:00:00,11.082459952860125,510.97176452169197
2023-06-19 08:00:00,10.254557013540204,421.0634734039185
2023-06-19 09:00:00,9.678123698756847,365.23470389528154
2023-06-19 10:00:00,11.485864713498174,302.07542843940655
2023-06-19 11:00:00,10.820499619885917,94.97261758740441
2023-06-19 12:00:00,11.206235691216726,-35.776449435934914
2023-06-19 13:00:00,9.230160219696621,109.49831587954225
2023-06-19 14:00:00,11.544187216467437,12.835090752678353
2023-06-19 15:00:00,12.007265923065736,16.920033108624104
2023-06-19 16:00:00,10.91493951708115,-31.30956807592964
2023-06-19 17:00:00,10.170696193459383,52.11000926381002
2023-06-19 18:00:00,11.501737584011128,60.24818786949826
2023-06-19 19:00:00,10.783401969769582,-30.24846872716734
2023-06-19 20:00:00,11.930954355886854,53.433392626824784
2023-06-19 21:00:00,11.088342605332496,66.99071928828057
2023-06-19 22:00:00,8.925324852987579,-103.44952040710214
2023-06-19 23:00:00,8.718510896545908,42.98286665855825
2023-06-20 00:00:00,10.272933131960524,-38.20969183464518
2023-06-20 01:00:00,11.436263891461692,208.41124116629146
2023-06-20 02:00:00,10.491036557968274,234.55355747516245
2023-06-20 03:00:00,11.475497264925188,418.66957813686355
2023-06-20 04:00:00,10.321288924497495,387.6177304022067
2023-06-20 05:00:00,13.045986753730997,586.2324770293877
2023-06-20 06:00:00,10.795379542766788,552.8417105769494
2023-06-20 07:00:00,11.252573974787431,595.0211721483747
2023-06-20 08:00:00,10.024812826534928,439.76801318735335
2023-06-20 09:00:00,10.565163824500663,398.98161412008454
2023-06-20 10:00:00,11.477240470818227,350.5379574538412
2023-06-20 11:00:00,10.937167387073753,140.84731211493312
2023-06-20 12:00:00,8.201746551446128,21.48286892079907
2023-06-20 13:00:00,11.482467482599354,34.966601954078996
2023-06-20 14:00:00,11.592513437702879,-77.60259263098837
2023-06-20 15:00:00,11.714198186582008,-26.05487202151993
2023-06-20 16:00:00,12.082758717795617,56.89388411795964
2023-06-20 17:00:00,11.16411802672481,-102.38126840514725
2023-06-20 18:00:00,13.378948310102512,55.90387632287667
2023-06-20 19:00:00,11.216961109664545,-29.43586740660687
2023-06-20 20:00:00,8.680859248859347,102.76359976644383
2023-06-20 21:00:00,11.20703962689546,21.843817535187824
2023-06-20 22:00:00,12.104202658043263,-40.02635219235685
2023-06-20 23:00:00,9.605602720756606,48.973264505017674
2023-06-21 00:00:00,10.628331168300722,71.6616445372739
2023-06-21 01:00:00,12.111678199119297,171.2507950215313
2023-06-21 02:00:00,10.334191608799982,250.17497577482348
2023-06-21 03:00:00,10.661256794629876,457.24584917805714
2023-06-21 04:00:00,11.67963697941846,425.48771717205835
2023-06-21 05:00:00,9.616781705413212,579.9498430846661
2023-06-21 06:00:00,10.887075294812346,424.52533162285465
2023-06-21 07:00:00,9.927092422910675,532.2549643797321
2023-06-21 08:00:00,10.630674320308044,444.02380572040084
2023-06-21 09:00:00,11.135624372498386,316.71288905436165
2023-06-21 10:00:00,11.959146190041421,337.7151170234764
2023-06-21 11:00:00,11.21129770800297,33.67930150156171
2023-06-21 12:00:00,10.333681972818633,69.19081447628683
2023-06-21 13:00:00,12.096051134248778,-76.63867711986707
2023-06-21 14:00:00,11.51419617478667,52.66768794710045
2023-06-21 15:00:00,8.957182387306371,-38.96591823129697
2023-06-21 16:00:00,11.736799344416566,-97.68570145316838
2023-06-21 17:00:00,10.963748653669965,-22.641030164133472
2023-06-21 18:00:00,10.865957742143399,28.19273682924141
2023-06-21 19:00:00,12.089262593517182,-44.91829049748534
2023-06-21 20:00:00,10.694522674448116,13.0122092232133
2023-06-21 21:00:00,11.792981947722547,34.489712433045966
2023-06-21 22:00:00,12.176222494208414,74.65162429875639
2023-06-21 23:00:00,10.96104971551661,3.1625893525234776
2023-06-22 00:00:00,11.26139918366602,58.287123124922815
2023-06-22 01:00:00,11.508040970290907,182.4076945803251
2023-06-22 02:00:00,11.276515817301062,265.7326178318655
2023-06-22 03:00:00,11.703376822169226,439.69014407421935
2023-06-22 04:00:00,9.769636216234773,512.9644774354342
2023-06-22 05:00:00,10.172623681273643,513.9728622395854
2023-06-22 06:00:00,9.554456008312645,576.3749314625553
2023-06-22 07:00:00,12.500062126547757,535.8631632759177
2023-06-22 08:00:00,9.13828850482759,495.6645465137877
2023-06-22 09:00:00,12.134749664733324,476.47087043705994
2023-06-22 10:00:00,11.28629702774489,230.13799553968636
2023-06-22 11:00:00,9.937826729082946,152.67878858218805
2023-06-22 12:00:00,9.54267249698019,1.5303520647478055
2023-06-22 13:00:00,10.77602539968604,39.41178160998103
2023-06-22 14:00:00,10.58960084893252,-22.5944595384979
2023-06-22 15:00:00,11.209531731299318,-28.320907530712475
2023-06-22 16:00:00,8.614575194340343,-3.217339996389781
2023-06-22 17:00:00,10.62547275286753,23.752286580467164
2023-06-22 18:00:00,9.937472578061644,-22.855233694361058
2023-06-22 19:00:00,12.090552527445034,-132.72791827724174
2023-06-22 20:00:00,11.22334029074225,-47.607547134181466
2023-06-22 21:00:00,10.306527071862313,70.72376594529638
2023-06-22 22:00:00,12.235328584413384,77.34627697826349
2023-06-22 23:00:00,10.37834250619587,-24.81347169509127
2023-06-23 00:00:00,10.62493776952019,89.87383884529811
2023-06-23 01:00:00,10.999574395483071,122.51456536816013
2023-06-23 02:00:00,11.638244572376482,191.47635046270062
2023-06-23 03:00:00,10.740883069395569,364.0244072819104
2023-06-23 04:00:00,12.149388308856118,500.8493668198448
2023-06-23 05:00:00,10.327194829496895,489.90560671152696
2023-06-23 06:00:00,9.748077696083383,566.6173521006232
2023-06-23 07:00:00,12.321555150150207,531.5155816177465
2023-06-23 08:00:00,10.41557398805835,450.2578333027862
2023-06-23 09:00:00,11.322253745957774,418.14409124214853
2023-06-23 10:00:00,11.497291947123758,329.6811891877579
2023-06-23 11:00:00,12.811708591498789,147.93095503193348
2023-06-23 12:00:00,10.431890046511889,29.485383565500335
2023-06-23 13:00:00,11.25666632063575,-72.822877755353
2023-06-23 14:00:00,9.946008589731745,69.57598763266054
2023-06-23 15:00:00,10.247767209657578,-26.64977151778877
2023-06-23 16:00:00,9.971206485171408,-43.085017999064604
2023-06-23 17:00:00,11.575945762709619,44.33796933008154
2023-06-23 18:00:00,11.6488061659458,-19.189802707999323
2023-06-23 19:00:00,11.097856631465865,-34.711906935581624
2023-06-23 20:00:00,9.953251492237404,-14.680240591033348
2023-06-23 21:00:00,10.078060401549799,-60.80197487677081
2023-06-23 22:00:00,10.027142567248887,-35.24083275401671
2023-06-23 23:00:00,11.085913899352514,51.114783514695304
2023-06-24 00:00:00,9.062722225477067,58.28802474327882
2023-06-24 01:00:00,10.247060635809964,141.01165881616632
2023-06-24 02:00:00,9.30464234169134,232.12090429133912
2023-06-24 03:00:00,11.150111200157083,397.0038218095028
2023-06-24 04:00:00,9.652631776094513,366.06933961312455
2023-06-24 05:00:00,12.601864197242262,572.6028295913741
2023-06-24 06:00:00,11.689103103768632,528.705006274863
2023-06-24 07:00:00,10.554666054121885,462.3345088657072
2023-06-24 08:00:00,11.057197927991048,535.2438815313989
2023-06-24 09:00:00,11.11213175540515,378.4426656521024
2023-06-24 10:00:00,9.683500769823176,244.78282156844452
2023-06-24 11:00:00,11.881908701570499,240.2205513215792
2023-06-24 12:00:00,10.548041176178508,-26.269171729879805
2023-06-24 13:00:00,9.875824847193147,37.43311215922962
2023-06-24 14:00:00,11.185327717351917,34.66397510449827
2023-06-24 15:00:00,9.520915300266726,-42.37403845580865
2023-06-24 16:00:00,11.299574743379184,-6.983406334587642
2023-06-24 17:00:00,10.986759645977177,-12.601437435545416
2023-06-24 18:00:00,9.993726461785098,-88.33604426313536
2023-06-24 19:00:00,11.600230861092674,-98.2019179730499
2023-06-24 20:00:00,11.349046401077478,-108.78928725929977
2023-06-24 21:00:00,10.321880470703332,-22.48978074069178
2023-06-24 22:00:00,11.182799830965678,-49.66422325722038
2023-06-24 23:00:00,9.311561493994004,-46.58515537185364
2023-06-25 00:00:00,11.049797371305683,-21.037120855322538
2023-06-25 01:00:00,9.099298126812075,136.81808715919604
2023-06-25 02:00:00,10.686688534352534,248.32221943079477
2023-06-25 03:00:00,11.247551862727427,338.0569256747504
2023-06-25 04:00:00,10.896714783345923,553.7348533049886
2023-06-25 05:00:00,12.111672025620413,499.87186552858526
2023-06-25 06:00:00,9.764895645835592,577.8336351470529
2023-06-25 07:00:00,10.967026241826588,448.09960329967936
2023-06-25 08:00:00,8.425900907393796,523.9472301247627
2023-06-25 09:00:00,10.046114156041485,345.8685114832807
2023-06-25 10:00:00,10.255642564934426,404.0360398934189
2023-06-25 11:00:00,12.125656631819531,71.0421698804559
2023-06-25 12:00:00,10.534684005876711,-53.35241553459153
2023-06-25 13:00:00,11.471399522856082,-9.436361008654881
2023-06-25 14:00:00,9.653890619788468,-17.742182321114246
2023-06-25 15:00:00,10.225379870536266,-58.63210800412209
2023-06-25 16:00:00,9.721568253065092,73.69699434231723
2023-06-25 17:00:00,9.564473152639804,68.43883244368517
2023-06-25 18:00:00,9.633055209659053,-17.02005057948784
2023-06-25 19:00:00,9.944359565375423,50.48188157605896
2023-06-25 20:00:00,12.60103258710354,71.10837173726811
2023-06-25 21:00:00,10.499804987879664,-0.4807715360217138
2023-06-25 22:00:00,9.205514027310404,-33.48484404202874
2023-06-25 23:00:00,10.034008735535602,64.09165371472906
2023-06-26 00:00:00,11.48922605132667,56.30595010682916
2023-06-26 01:00:00,9.77096623637678,72.86155404170344
2023-06-26 02:00:00,11.960304024259102,332.61954920026835
2023-06-26 03:00:00,11.502318235047131,319.2592660429295
2023-06-26 04:00:00,10.278352455337284,472.43349273346735
2023-06-26 05:00:00,9.816696197115219,464.98885948179355
2023-06-26 06:00:00,9.521893174163628,531.8384347061977
2023-06-26 07:00:00,10.665082508955335,511.5737447881526
2023-06-26 08:00:00,10.88766375921704,565.0878422113085
2023-06-26 09:00:00,11.812697655270243,289.1711781634437
2023-06-26 10:00:00,10.829483634467,223.28863519335533
2023-06-26 11:00:00,10.120304924021266,112.25661040269334
2023-06-26 12:00:00,11.847046945404283,16.443711381007788
2023-06-26 13:00:00,11.291950382112734,-15.599829780246838
2023-06-26 14:00:00,9.785023810315042,-109.89836237598614
2023-06-26 15:00:00,10.389589785791397,36.8498705636366
2023-06-26 16:00:00,11.133142841248088,66.7393678413501
2023-06-26 17:00:00,10.777575418142868,21.6300573918427
2023-06-26 18:00:00,9.464827369340995,-22.822485976671622
2023-06-26 19:00:00,10.648548401322177,10.23440212706714
2023-06-26 20:00:00,9.797043814120325,-60.844629928818094
2023-06-26 21:00:00,10.536182239534543,53.058810884096886
2023-06-26 22:00:00,9.173018918232986,24.87521175717776
2023-06-26 23:00:00,9.581777278539176,-26.673066626947673
2023-06-27 00:00:00,12.485572071545601,4.100426284423155
2023-06-27 01:00:00,9.960694757775755,185.98386520228524
2023-06-27 02:00:00,11.500388984569776,317.8970563727874
2023-06-27 03:00:00,10.26106604178256,363.5173101820614
2023-06-27 04:00:00,9.184013055691826,557.0942434814874
2023-06-27 05:00:00,9.30695915087203,570.052972432455
2023-06-27 06:00:00,9.59397073655965,545.7420895616353
2023-06-27 07:00:00,12.532666331175351,481.8773932048187
2023-06-27 08:00:00,10.155818516746098,431.5118446661686
2023-06-27 09:00:00,10.567998081654903,377.26187371374175
2023-06-27 10:00:00,11.068718639094191,254.1578810023981
2023-06-27 11:00:00,10.891523916371202,219.43581066792024
2023-06-27 12:00:00,11.25192199278618,-46.85144888854144
2023-06-27 13:00:00,9.861514975704404,25.28538955484802
2023-06-27 14:00:00,9.203095052680151,-100.09063510659723
2023-06-27 15:00:00,9.442381958762253,18.857918382301072
2023-06-27 16:00:00,8.855068463473975,43.59540023197943
2023-06-27 17:00:00,9.866759329270097,72.0182228011677
2023-06-27 18:00:00,6.660791121148345,-29.57278114243167
2023-06-27 19:00:00,11.111531018279367,-35.60087697226162
2023-06-27 20:00:00,10.959025090936843,51.16649994398353
2023-06-27 21:00:00,9.411463725707788,59.7493178725081
2023-06-27 22:00:00,9.010070621898684,-11.354203892389068
2023-06-27 23:00:00,11.91485250790801,-97.97462315378029
2023-06-28 00:00:00,11.267551968019557,-52.93931786860162
2023-06-28 01:00:00,10.043686928951924,128.68141693555395
2023-06-28 02:00:00,9.625950037859456,186.62612466468636
2023-06-28 03:00:00,10.339105591414986,400.6340906019172
2023-06-28 04:00:00,8.86017165967315,407.41618327747415
2023-06-28 05:00:00,10.594033134341393,493.8854226868401
2023-06-28 06:00:00,9.098950427186852,569.7914441892171
2023-06-28 07:00:00,7.910192056085583,515.8851905472864
2023-06-28 08:00:00,9.487233636443953,543.2679427361783
2023-06-28 09:00:00,9.285982741988569,434.0858112312276
2023-06-28 10:00:00,12.107981252908306,205.5822984986611
2023-06-28 11:00:00,11.975764563480277,162.9514362504292
2023-06-28 12:00:00,9.184741829518027,7.645372166972457
2023-06-28 13:00:00,10.20097432478172,59.35842577190574
2023-06-28 14:00:00,9.644761809510467,26.168239961495072
2023-06-28 15:00:00,12.13887207286092,-24.98748780268776
2023-06-28 16:00:00,8.480885596700164,23.80383663081939
2023-06-28 17:00:00,10.766186335785394,-18.450974952417365
2023-06-28 18:00:00,11.57904794968605,-32.3144222511846
2023-06-28 19:00:00,9.755392845821135,-5.566842342263658
2023-06-28 20:00:00,10.324670904250075,12.438706613026076
2023-06-28 21:00:00,11.354162475067406,65.0119770782588
2023-06-28 22:00:00,9.194132318221332,-24.832932985504304
2023-06-28 23:00:00,10.937609318364808,-95.83369298910777
2023-06-29 00:00:00,8.66669488643732,-9.852482348854963
2023-06-29 01:00:00,8.6197607594895,145.01153350489355
2023-06-29 02:00:00,11.06571291387423,264.49651120117596
2023-06-29 03:00:00,9.248153204805881,348.4723910856864
2023-06-29 04:00:00,10.394448899674588,489.8079179544749
2023-06-29 05:00:00,9.036984055412868,508.96859328406106
2023-06-29 06:00:00,10.495717790671469,540.9061567206493
2023-06-29 07:00:00,8.555991208343166,401.5039463702846
2023-06-29 08:00:00,11.510748879774427,433.64467839385856
2023-06-29 09:00:00,11.02853403510609,354.2011093284266
2023-06-29 10:00:00,9.613826508910387,339.5737782983938
2023-06-29 11:00:00,8.352099603734164,126.8826666338242
2023-06-29 12:00:00,10.010419438724556,-33.00754502640441
2023-06-29 13:00:00,9.856774226180098,-35.94321262464271
2023-06-29 14:00:00,9.670730147756005,48.96170114646053
2023-06-29 15:00:00,11.265741616284885,-29.023037134405012
2023-06-29 16:00:00,11.428640463896755,-42.646962177427035
2023-06-29 17:00:00,10.642670232358057,45.835909827484436
2023-06-29 18:00:00,11.705701819531487,19.597260804954733
2023-06-29 19:00:00,7.411949227728784,-11.806771206760985
2023-06-29 20:00:00,9.911023533876461,-66.38032861314124
2023-06-29 21:00:00,9.863351132778876,27.712988661080573
2023-06-29 22:00:00,11.057212205020408,41.34663232789526
2023-06-29 23:00:00,9.896680759284704,-47.66392529676269
2023-06-30 00:00:00,10.684524217357737,18.24133354612677
2023-06-30 01:00:00,9.647473275509117,126.04562211488717
2023-06-30 02:00:00,9.45506128322083,209.0241332507676
2023-06-30 03:00:00,10.93016394182533,335.90938107694893
2023-06-30 04:00:00,10.127260262906887,436.2491816636582
2023-06-30 05:00:00,10.436202803302745,423.2803299937375
2023-06-30 06:00:00,8.888797078715811,534.9956654800367
2023-06-30 07:00:00,10.80692518174543,453.68057942677547
2023-06-30 08:00:00,9.05201303695615,405.07829754210286
2023-06-30 09:00:00,11.842256852637803,383.39648874853407
2023-06-30 10:00:00,9.872599454201396,230.59027799864594
2023-06-30 11:00:00,9.715062858819943,120.30495754582832
2023-06-30 12:00:00,11.021279585055836,-5.277936930953878
2023-06-30 13:00:00,10.077386324756471,-38.75753967788642
2023-06-30 14:00:00,10.846587949277351,-25.897909156979747
2023-06-30 15:00:00,9.830189338029221,-0.8854506730308008
2023-06-30 16:00:00,10.842616546033675,-0.7737806553457929
2023-06-30 17:00:00,10.052651466087328,26.351610703324074
2023-06-30 18:00:00,10.995943874459217,28.56408515064912
2023-06-30 19:00:00,11.279838533055896,60.93349717289044
2023-06-30 20:00:00,8.544532787258895,-75.31873525263319
2023-06-30 21:00:00,10.486883270124158,45.647344497727914
2023-06-30 22:00:00,11.958726296916346,-17.026979861461903
2023-06-30 23:00:00,10.746874573785528,32.913569917486676
2023-07-01 00:00:00,12.481518517288844,16.971124111826445
2023-07-01 01:00:00,9.114847404137235,101.1052579901407
2023-07-01 02:00:00,10.300909308610937,327.0810088136875
2023-07-01 03:00:00,10.530690205919928,393.1353912774428
2023-07-01 04:00:00,9.516165498301369,455.9118457774927
2023-07-01 05:00:00,8.80739557414293,594.5459961661816
2023-07-01 06:00:00,12.212842012299596,453.438362060337
2023-07-01 07:00:00,11.165239174285828,486.2953912724472
2023-07-01 08:00:00,10.600905026481467,462.982379484631
2023-07-01 09:00:00,10.090907706770393,301.724101481424
2023-07-01 10:00:00,10.18342138317851,217.87758432164293
2023-07-01 11:00:00,10.671065711775928,179.80082234334807
2023-07-01 12:00:00,11.485382034245077,-24.819634963364617
2023-07-01 13:00:00,9.33614034292809,43.594282645846306
2023-07-01 14:00:00,10.148683443697934,-31.479678801386985
2023-07-01 15:00:00,9.673050779100848,101.00427894258883
2023-07-01 16:00:00,8.986140005632974,-117.1321269036048
2023-07-01 17:00:00,9.429340826868609,50.43160122088337
2023-07-01 18:00:00,10.259320265094233,12.544637283931129
2023-07-01 19:00:00,9.743735989179221,-76.53327265458343
2023-07-01 20:00:00,10.070318456526497,-11.151961080911132
2023-07-01 21:00:00,10.767672866576525,-96.3257073783348
2023-07-01 22:00:00,11.198114901698268,17.616714530538736
2023-07-01 23:00:00,12.696844946611346,-29.84352114049359
2023-07-02 00:00:00,10.72820800945844,-97.49010124469531
2023-07-02 01:00:00,9.340067821837138,137.1362815592007
2023-07-02 02:00:00,11.059691374886798,256.1656946225101
2023-07-02 03:00:00,9.639077123958991,457.3776976471
2023-07-02 04:00:00,9.257784946842893,472.54946203165105
2023-07-02 05:00:00,10.579781573654426,361.5099343196274
2023-07-02 06:00:00,11.370705710423351,471.43043037319785
2023-07-02 07:00:00,9.35143832098316,536.1205547156648
2023-07-02 08:00:00,10.272365186153483,349.8107246502199
2023-07-02 09:00:00,10.413315325371324,313.4535612859874
2023-07-02 10:00:00,9.008400754167006,249.01457756451333
2023-07-02 11:00:00,8.525520860722214,102.4505969213651
2023-07-02 12:00:00,8.55411095842712,79.55931985313318
2023-07-02 13:00:00,11.235814340442271,9.1571643203941
2023-07-02 14:00:00,9.493112800217888,1.665642418970945
2023-07-02 15:00:00,9.326686728985129,-45.83638080307452
2023-07-02 16:00:00,10.275418779398455,-55.12159374113009
2023-07-02 17:00:00,11.257778768460167,5.201094140004811
2023-07-02 18:00:00,8.792265758066533,-4.009690931333407
2023-07-02 19:00:00,8.068779893734751,-60.85555674172345
2023-07-02 20:00:00,11.432541984761079,11.701639128851813
2023-07-02 21:00:00,10.470759162742738,2.8691734010695145
2023-07-02 22:00:00,8.884262500142842,-15.41181968903368
2023-07-02 23:00:00,9.518659809521736,59.62523156407836
2023-07-03 00:00:00,8.868541912189961,-0.6179944617055407
2023-07-03 01:00:00,10.51085039057248,115.83680996673691
2023-07-03 02:00:00,10.893736249800142,303.3312220516789
2023-07-03 03:00:00,10.540189983257745,341.44322802760973
2023-07-03 04:00:00,10.037320884263508,407.3486602617563
2023-07-03 05:00:00,10.249006398705642,418.2221256580954
2023-07-03 06:00:00,9.129230802245518,496.57720475266166
2023-07-03 07:00:00,9.426737916655428,523.3500366871883
2023-07-03 08:00:00,9.87690550515701,406.574746139677
2023-07-03 09:00:00,9.594230624446729,282.5237602041961
2023-07-03 10:00:00,9.871470897931657,297.3192591772011
2023-07-03 11:00:00,8.253343877002049,180.25323999693768
2023-07-03 12:00:00,10.752139845021315,29.24769291640227
2023-07-03 13:00:00,8.79878373598587,4.8053252692270725
2023-07-03 14:00:00,7.762761107282665,21.00521020058771
2023-07-03 15:00:00,9.155600194636026,-77.5074443793033
2023-07-03 16:00:00,9.655266862021639,-29.107488026103628
2023-07-03 17:00:00,11.888577353084134,33.77923884066361
2023-07-03 18:00:00,9.38206179343422,16.916319430889263
2023-07-03 19:00:00,10.080632767244909,45.12738566390404
2023-07-03 20:00:00,10.191594219685483,76.69257673947949
2023-07-03 21:00:00,8.356030991735103,-61.75684614610921
2023-07-03 22:00:00,9.76565412854593,24.17860846428409
2023-07-03 23:00:00,9.606463494552207,-12.91847537589049
2023-07-04 00:00:00,9.8685460711303,-22.323662716160612
2023-07-04 01:00:00,10.2079476838165,250.2183982750476
2023-07-04 02:00:00,10.635687447004466,166.11019997236582
2023-07-04 03:00:00,8.928426266770822,336.84992419527913
2023-07-04 04:00:00,10.268091827149684,411.8846305656673
2023-07-04 05:00:00,9.056434512362571,474.95732717427427
2023-07-04 06:00:00,8.874665009877344,390.62383553571857
2023-07-04 07:00:00,11.537466430332222,423.51827775276706
2023-07-04 08:00:00,7.971643230019664,426.14028238842576
2023-07-04 09:00:00,9.268249008862313,276.1822971004475
2023-07-04 10:00:00,10.007194932109412,292.29496304162967
2023-07-04 11:00:00,9.185422272416137,155.6068486836638
2023-07-04 12:00:00,9.935224549560061,-79.3608832800441
2023-07-04 13:00:00,8.442015761973312,-11.517817425047182
2023-07-04 14:00:00,7.939654479817795,18.776095021977703
2023-07-04 15:00:00,8.91052003659782,-68.78849623719769
2023-07-04 16:00:00,9.937015479861943,-78.87294423161279
2023-07-04 17:00:00,9.613338750576407,-47.87740105986702
2023-07-04 18:00:00,10.421045707494956,134.37356398462504
2023-07-04 19:00:00,8.360207258885191,54.716904021511745
2023-07-04 20:00:00,9.209268215798824,-30.429739014848995
2023-07-04 21:00:00,9.712944550266753,-66.55488994008114
2023-07-04 22:00:00,8.815904585184853,-41.266025307830084
2023-07-04 23:00:00,9.922864728271064,76.11757102002052
2023-07-05 00:00:00,9.417702149393085,101.6883300115613
2023-07-05 01:00:00,10.185771095429637,84.91968836766549
2023-07-05 02:00:00,9.9877044323615,258.02788933052574
2023-07-05 03:00:00,7.845494078966999,329.79711860547644
2023-07-05 04:00:00,11.17149305122113,483.4920129314587
2023-07-05 05:00:00,7.526631070489156,413.7256153862056
2023-07-05 06:00:00,8.147038848747897,533.8964567825323
2023-07-05 07:00:00,9.623987639834548,401.4154894727703
2023-07-05 08:00:00,9.994897124290182,467.3639144281639
2023-07-05 09:00:00,9.416654315220736,300.3726184896078
2023-07-05 10:00:00,9.156938365136838,226.7509295062864
2023-07-05 11:00:00,9.616714323894241,93.24224084902005
2023-07-05 12:00:00,10.226129403257506,98.0568123523673
2023-07-05 13:00:00,8.5524109402965,49.69963688488202
2023-07-05 14:00:00,8.584640904354714,-20.567569262545256
2023-07-05 15:00:00,8.833384001819166,-41.23759645369329
2023-07-05 16:00:00,11.019016984333913,65.67999915998412
2023-07-05 17:00:00,10.071865915642952,-169.91642654876867
2023-07-05 18:00:00,10.271314121065897,23.958892674856603
2023-07-05 19:00:00,11.289964952688617,-47.96441293292737
2023-07-05 20:00:00,10.486340257953406,112.7081097951971
2023-07-05 21:00:00,9.85536982244004,136.53544361753976
2023-07-05 22:00:00,11.257245404758258,1.534502511714615
2023-07-05 23:00:00,8.727264209868386,-18.27229777412037
2023-07-06 00:00:00,9.34775266688319,3.4003403303517894
2023-07-06 01:00:00,10.769325608067966,93.32154313368014
2023-07-06 02:00:00,7.4191064408372105,200.6050028212605
2023-07-06 03:00:00,8.816300298937106,351.6016948339472
2023-07-06 04:00:00,10.402652311171774,447.44559041615406
2023-07-06 05:00:00,9.719661299486011,470.939258825689
2023-07-06 06:00:00,10.126886290285922,495.15854891689304
2023-07-06 07:00:00,7.696648573465579,432.64770719232774
2023-07-06 08:00:00,8.772092930296097,369.5670877179978
2023-07-06 09:00:00,10.262255817936664,292.69496766605755
2023-07-06 10:00:00,8.711102474660546,278.9242079640031
2023-07-06 11:00:00,10.437916375623079,128.3830222738666
2023-07-06 12:00:00,9.900525424912082,10.076309097584383
2023-07-06 13:00:00,8.441038362953893,17.066702927820202
2023-07-06 14:00:00,9.958569440515214,-2.8909426582107582
2023-07-06 15:00:00,10.362018401241986,5.422860102424265
2023-07-06 16:00:00,9.974566303728631,64.79061104766409
2023-07-06 17:00:00,10.15010655270049,38.84580182678117
2023-07-06 18:00:00,7.884338896521476,-8.61786908189753
2023-07-06 19:00:00,11.86811417629517,-23.609360555594073
2023-07-06 20:00:00,12.433882988555718,51.364020054330304
2023-07-06 21:00:00,11.04178257520177,16.638540556499837
2023-07-06 22:00:00,9.728617852321376,-15.399434125157283
2023-07-06 23:00:00,9.208139693195616,-64.56743758128464
2023-07-07 00:00:00,9.143501981094568,84.70213878436887
2023-07-07 01:00:00,10.31123021726291,66.94014488303716
2023-07-07 02:00:00,10.596326472110173,252.4042474898534
2023-07-07 03:00:00,8.877697186297807,428.10356428535493
2023-07-07 04:00:00,9.505801116168309,395.48380275781636
2023-07-07 05:00:00,10.78425476358882,457.8601758008015
2023-07-07 06:00:00,9.424770849692544,519.052200983144
2023-07-07 07:00:00,9.639246265692192,400.4772574874929
2023-07-07 08:00:00,10.903910343523625,329.05485344298194
2023-07-07 09:00:00,10.74285251357904,318.9862649471453
2023-07-07 10:00:00,10.332212877630525,242.21813553204606
2023-07-07 11:00:00,8.45822590480178,126.76221854420702
2023-07-07 12:00:00,8.47056352040956,70.86010209606715
2023-07-07 13:00:00,8.791585227056627,-47.29504389832325
2023-07-07 14:00:00,9.005400237540073,-7.185542925701559
2023-07-07 15:00:00,9.743287108495235,75.36341147508328
2023-07-07 16:00:00,9.434191643582594,-13.892234493468461
2023-07-07 17:00:00,9.365741679752176,99.34878354978707
2023-07-07 18:00:00,9.269394035930155,-11.714822442988579
2023-07-07 19:00:00,8.649921323129986,-34.70205783692986
2023-07-07 20:00:00,9.066085872140704,-1.958210463186954
2023-07-07 21:00:00,11.960885538898733,12.979595367699112
2023-07-07 22:00:00,10.226532431825392,-20.577300630104865
2023-07-07 23:00:00,9.547360067063074,19.906960428193514
2023-07-08 00:00:00,7.941269483578333,-7.458813028767898
2023-07-08 01:00:00,8.451261477253656,185.65884846303038
2023-07-08 02:00:00,9.399426299698451,261.43725522039904
2023-07-08 03:00:00,10.801292257681649,334.352768167758
2023-07-08 04:00:00,9.670756754300081,393.0124764230017
2023-07-08 05:00:00,9.657256929201479,496.14140945509996
2023-07-08 06:00:00,10.551709259597136,473.6436781089753
2023-07-08 07:00:00,8.470427188543106,433.37558034141796
2023-07-08 08:00:00,10.847880562202125,372.68079897707037
2023-07-08 09:00:00,9.058289439005405,368.78451274059796
2023-07-08 10:00:00,10.599815648028377,212.46086726694008
2023-07-08 11:00:00,11.111829973043603,107.18854367061039
2023-07-08 12:00:00,8.534444513782873,27.662871343220896
2023-07-08 13:00:00,9.441741439313938,53.54488935198384
2023-07-08 14:00:00,10.230818157322089,29.757647253154996
2023-07-08 15:00:00,9.15502301709078,42.63814181783183
2023-07-08 16:00:00,9.182892361179093,35.47887303305778
2023-07-08 17:00:00,9.043307912118546,0.41513518689805984
2023-07-08 18:00:00,7.581111936039342,19.729195772165927
2023-07-08 19:00:00,10.499189741990687,91.2946070977701
2023-07-08 20:00:00,8.43202596459979,-9.79683712580166
2023-07-08 21:00:00,7.152441563390436,-54.6224670628185
2023-07-08 22:00:00,10.48859438834908,-126.3188527232293
2023-07-08 23:00:00,9.926518294030231,96.77877085840291
2023-07-09 00:00:00,8.03818062965469,99.04034759442224
2023-07-09 01:00:00,10.442468480053735,71.53603524928397
2023-07-09 02:00:00,10.02173680630983,298.2046871091841
2023-07-09 03:00:00,9.356580237599388,382.4205323154872
2023-07-09 04:00:00,9.005890942149861,437.19908249676035
2023-07-09 05:00:00,9.233900449849946,477.0324884448437
2023-07-09 06:00:00,9.562758628170524,430.5812873451796
2023-07-09 07:00:00,8.567610774888653,458.3384568592167
2023-07-09 08:00:00,10.474308271388953,422.5362994962352
2023-07-09 09:00:00,9.911896539416455,334.28057626929655
2023-07-09 10:00:00,9.221235916150787,231.16994566090287
2023-07-09 11:00:00,11.09935435058203,186.09847323158584
2023-07-09 12:00:00,9.054692759092124,50.78429346835188
2023-07-09 13:00:00,10.905543028495394,43.71215954623992
2023-07-09 14:00:00,9.648934996610468,46.61929707151262
2023-07-09 15:00:00,10.113856330473535,11.46628395140753
2023-07-09 16:00:00,8.98914506303397,58.299902275618656
2023-07-09 17:00:00,7.486583824125903,-59.90581857095438
2023-07-09 18:00:00,9.835558132456564,3.4778809104828112
2023-07-09 19:00:00,8.168334814276925,35.40247325573175
2023-07-09 20:00:00,8.743561819205457,27.172354022622546
2023-07-09 21:00:00,9.432076432259981,18.717643986690284
2023-07-09 22:00:00,8.714498036414751,46.35437956836649
2023-07-09 23:00:00,9.3245466269613,72.05210099286565
2023-07-10 00:00:00,9.470567013215783,-53.177072538986096
2023-07-10 01:00:00,7.796797009224952,134.99357909047947
2023-07-10 02:00:00,9.54518804092035,195.65854101614994
2023-07-10 03:00:00,8.649802927961616,381.28144938374106
2023-07-10 04:00:00,8.202951740564187,437.64562682796276
2023-07-10 05:00:00,7.269624562779602,399.2384129668973
2023-07-10 06:00:00,7.716626614440829,463.2163077720997
2023-07-10 07:00:00,9.294962634424115,372.69834443388805
2023-07-10 08:00:00,9.313463892222874,448.93925015226296
2023-07-10 09:00:00,9.789399653003032,300.98816057570116
2023-07-10 10:00:00,10.986748415638665,175.26461729121274
2023-07-10 11:00:00,10.627116745082109,102.69495448363561
2023-07-10 12:00:00,10.26677341862225,29.192741956077903
2023-07-10 13:00:00,10.457435376018578,14.34499653655271
2023-07-10 14:00:00,9.45182970411379,-24.45534182273827
2023-07-10 15:00:00,9.433737618163882,-5.247217317746736
2023-07-10 16:00:00,10.808265713293865,-14.588344744716405
2023-07-10 17:00:00,9.487419411319166,-46.70401031005779
2023-07-10 18:00:00,9.508763648339743,-93.28322399575929
2023-07-10 19:00:00,10.436704772241473,-0.3220322966233551
2023-07-10 20:00:00,8.994481442239836,29.250338692151395
2023-07-10 21:00:00,9.136477835025826,-0.7970961741644287
2023-07-10 22:00:00,7.909672698171976,102.48734126317672
2023-07-10 23:00:00,8.808440482830946,-29.78923466832918
2023-07-11 00:00:00,8.856258617378463,-2.0942655727766457
2023-07-11 01:00:00,8.912686903459921,143.17999168967026
2023-07-11 02:00:00,9.996439938303897,251.68417996748218
2023-07-11 03:00:00,8.177231899831225,311.97823303583516
2023-07-11 04:00:00,10.6750904136468,395.0531168539524
2023-07-11 05:00:00,7.125797136405788,439.4817509935713
2023-07-11 06:00:00,9.784158052625612,493.46144748767557
2023-07-11 07:00:00,10.002610253864038,408.9029678639957
2023-07-11 08:00:00,9.877925928633106,276.07684137643434
2023-07-11 09:00:00,10.281526598374791,307.6172224428844
2023-07-11 10:00:00,8.97433257190462,314.04149011166805
2023-07-11 11:00:00,10.438980489460743,158.9391931964664
2023-07-11 12:00:00,8.495169519245271,-78.43153550396784
2023-07-11 13:00:00,8.579054438076167,33.75496721175033
2023-07-11 14:00:00,11.254965802203861,10.421608389543522
2023-07-11 15:00:00,9.36278174647549,-18.746679457128536
2023-07-11 16:00:00,10.137716013269515,-53.90601772500799
2023-07-11 17:00:00,9.682096201837073,-40.679523379349256
2023-07-11 18:00:00,9.909284833210046,-27.996753980269045
2023-07-11 19:00:00,7.1807081351664035,91.76255761062217
2023-07-11 20:00:00,9.562274293787594,32.00525399816658
2023-07-11 21:00:00,9.201738085687852,-35.47931622822264
2023-07-11 22:00:00,10.159269231550914,-27.100092837150513
2023-07-11 23:00:00,8.390258524250466,-1.8724264070773105
2023-07-12 00:00:00,10.294431165071249,-21.658834697488714
2023-07-12 01:00:00,7.89476330128053,118.56173730598164
2023-07-12 02:00:00,8.649460515618408,220.2425304169273
2023-07-12 03:00:00,7.522874404984671,326.6384055478393
2023-07-12 04:00:00,8.020609448989624,294.1762706617843
2023-07-12 05:00:00,9.10811452412483,479.5671378310473
2023-07-12 06:00:00,10.469573535540002,427.0517728115387
2023-07-12 07:00:00,9.13613845034548,484.89506969108663
2023-07-12 08:00:00,7.817223357319067,503.895750516598
2023-07-12 09:00:00,6.990279776824755,249.14138705717266
2023-07-12 10:00:00,9.774768437905621,232.45069414643118
2023-07-12 11:00:00,8.443780454788081,96.77389526907834
2023-07-12 12:00:00,8.577460772729221,19.740639199070053
2023-07-12 13:00:00,10.177819783521757,-105.36735018922963
2023-07-12 14:00:00,8.966282939387387,-17.91195049840081
2023-07-12 15:00:00,8.80252964889883,-40.9311129715438
2023-07-12 16:00:00,9.262724880537617,81.35143568385601
2023-07-12 17:00:00,10.583116963937625,92.96512344018936
2023-07-12 18:00:00,9.355180807197067,-14.306053633652684
2023-07-12 19:00:00,6.941866980125637,-57.36280994727978
2023-07-12 20:00:00,8.283211743633638,-41.92969439675552
2023-07-12 21:00:00,8.816658240793407,1.9526889899904607
2023-07-12 22:00:00,9.964606225394704,-70.06674116877134
2023-07-12 23:00:00,7.858563085803815,25.9529287659443
2023-07-13 00:00:00,9.165468470277842,-9.81346154826859
2023-07-13 01:00:00,8.934800022363097,134.5001528820184
2023-07-13 02:00:00,10.03316649359197,245.1356416959598
2023-07-13 03:00:00,8.019709049773097,387.7570169821578
2023-07-13 04:00:00,9.18391644514337,422.1829290717728
2023-07-13 05:00:00,10.549746515487751,450.1179866710956
2023-07-13 06:00:00,9.91557868965277,463.29403824432427
2023-07-13 07:00:00,9.615916218548696,336.55670336043227
2023-07-13 08:00:00,8.706090677421207,399.41479587554335
2023-07-13 09:00:00,9.168022503450558,349.3932864207668
2023-07-13 10:00:00,8.903834710267068,219.35483708358225
2023-07-13 11:00:00,9.873204213996544,199.92503173152724
2023-07-13 12:00:00,9.543091129906811,-74.26988636849595
2023-07-13 13:00:00,8.389110555220833,-36.993003416105864
2023-07-13 14:00:00,10.762070559476083,-31.76134100701404
2023-07-13 15:00:00,10.220989350276918,0.46329759611203786
2023-07-13 16:00:00,8.15004663628796,-32.32414970667157
2023-07-13 17:00:00,8.672740955369727,-62.02744929088898
2023-07-13 18:00:00,8.858216164900103,-17.789181147717073
2023-07-13 19:00:00,9.832914130421525,50.739654108034834
2023-07-13 20:00:00,8.207523571610285,37.70931154477542
2023-07-13 21:00:00,8.347447275849254,-34.74580220941678
2023-07-13 22:00:00,9.894999964640883,-18.667357078928763
2023-07-13 23:00:00,9.575308326749983,-38.88183182804085
2023-07-14 00:00:00,6.9839243986892345,-63.07302411453938
2023-07-14 01:00:00,9.589991669576957,136.94255017140807
2023-07-14 02:00:00,7.4581237913905625,159.25411567585365
2023-07-14 03:00:00,8.297771095922766,348.9506815605941
2023-07-14 04:00:00,8.567553857649804,477.71619905179796
2023-07-14 05:00:00,8.463112531736114,450.1856255343965
2023-07-14 06:00:00,8.283041537995812,477.7579036567156
2023-07-14 07:00:00,7.894620906687084,461.11561225185056
2023-07-14 08:00:00,9.444811197519273,362.3506404855009
2023-07-14 09:00:00,7.319310424091296,334.30685318557016
2023-07-14 10:00:00,8.400709023437743,238.92819052259307
2023-07-14 11:00:00,9.723482963083297,84.29916442323527
2023-07-14 12:00:00,9.329859274084107,-125.81575856225633
2023-07-14 13:00:00,7.547818510646677,-52.39590100316591
2023-07-14 14:00:00,7.002832942089303,-47.104195336612726
2023-07-14 15:00:00,7.843173075801627,25.050128979889656
2023-07-14 16:00:00,6.7543145145981764,-73.94535007749275
2023-07-14 17:00:00,9.024073100046419,93.54569950587707
2023-07-14 18:00:00,8.472893597775494,81.46162691847519
2023-07-14 19:00:00,8.549874929696573,52.608991559713004
2023-07-14 20:00:00,9.44278894511244,-25.50380698229459
2023-07-14 21:00:00,9.806017867864202,-103.9279665013444
2023-07-14 22:00:00,9.170670108243447,41.60918663356894
2023-07-14 23:00:00,8.709503441256517,-37.39419262306324
2023-07-15 00:00:00,8.146069684414634,39.377183234021054
2023-07-15 01:00:00,8.497611880440774,144.5690942890307
2023-07-15 02:00:00,9.05576957256058,199.20933951273227
2023-07-15 03:00:00,9.773924554122422,251.83277487900554
2023-07-15 04:00:00,7.45895396283027,392.50942922340306
2023-07-15 05:00:00,7.7205538983823345,348.86347580263964
2023-07-15 06:00:00,8.842322473236152,456.47999040675245
2023-07-15 07:00:00,6.737376689753264,450.85638787078017
2023-07-15 08:00:00,9.13379891031195,350.1740900093161
2023-07-15 09:00:00,9.904905559446298,237.683949553108
2023-07-15 10:00:00,11.206879321356322,302.6251858455584
2023-07-15 11:00:00,8.930541566151648,87.76734043575466
2023-07-15 12:00:00,9.707781931218353,-10.364063987812811
2023-07-15 13:00:00,8.870359966530676,54.571359324986105
2023-07-15 14:00:00,10.468055313842465,-28.415329607512103
2023-07-15 15:00:00,8.425244007302412,-38.075081112127876
2023-07-15 16:00:00,9.17781421600518,100.50641332624663
2023-07-15 17:00:00,9.452145298711693,-36.633210677502646
2023-07-15 18:00:00,9.237033177260832,60.84064335989138
2023-07-15 19:00:00,8.076823493738901,7.65050240221338
2023-07-15 20:00:00,7.474690777116886,6.594956357465126
2023-07-15 21:00:00,9.869681363013566,-25.32650489148175
2023-07-15 22:00:00,9.099673149489705,-9.978583279990119
2023-07-15 23:00:00,8.923766049527865,89.35691300176613
2023-07-16 00:00:00,9.65680129653519,42.76011061448111
2023-07-16 01:00:00,9.610042748000538,45.2899650590909
2023-07-16 02:00:00,9.123123628511523,169.55148628158776
2023-07-16 03:00:00,9.400474202471102,329.03302260482087
2023-07-16 04:00:00,8.239747845550513,411.46895722498704
2023-07-16 05:00:00,9.298708195654987,461.6467518627471
2023-07-16 06:00:00,7.195501151496684,434.40467955829376
2023-07-16 07:00:00,8.784649571373928,380.8421378583334
2023-07-16 08:00:00,9.512111464686837,339.0312566606382
2023-07-16 09:00:00,8.046059935850778,194.85631213228498
2023-07-16 10:00:00,8.907313043505678,300.7998067694082
2023-07-16 11:00:00,9.066166884346085,-18.037137769019253
2023-07-16 12:00:00,7.874175076555935,-12.07215354096196
2023-07-16 13:00:00,9.893973341326307,-88.5763015308324
2023-07-16 14:00:00,9.085235916725773,-29.221481167282874
2023-07-16 15:00:00,7.0889531565135115,28.809854173499428
2023-07-16 16:00:00,8.855592326751763,-114.32792037947881
2023-07-16 17:00:00,10.21865797323846,17.630102779962698
2023-07-16 18:00:00,8.760917844441924,43.5744281148606
2023-07-16 19:00:00,8.114231878939446,-20.862336199547855
2023-07-16 20:00:00,8.220252635234184,136.96822312450087
2023-07-16 21:00:00,8.604770446162474,-112.24956312112313
2023-07-16 22:00:00,7.552506880398687,-85.64614329922466
2023-07-16 23:00:00,10.167325147429267,-15.157747954729468
2023-07-17 00:00:00,9.605737453804412,-14.143098438346065
2023-07-17 01:00:00,9.758955485410066,118.07266870771969
2023-07-17 02:00:00,7.178126490660135,263.45595320573426
2023-07-17 03:00:00,8.810217052590497,244.14662702500826
2023-07-17 04:00:00,9.759793772707054,308.01948661770086
2023-07-17 05:00:00,7.734791155543796,384.56786958277235
2023-07-17 06:00:00,8.609431722033314,485.6306856624376
2023-07-17 07:00:00,7.582229513801422,459.76615758032204
2023-07-17 08:00:00,9.515597438251529,372.4386766002265
2023-07-17 09:00:00,8.467035780336172,281.5062701371698
2023-07-17 10:00:00,8.58919781364841,209.40229634590068
2023-07-17 11:00:00,7.553051712231375,130.45218390089306
2023-07-17 12:00:00,10.229666145054152,4.948765865570128
2023-07-17 13:00:00,8.732597203735725,-70.4147741349499
2023-07-17 14:00:00,9.473178749060356,-73.90933474278879
2023-07-17 15:00:00,9.065721409402682,-12.934017579756743
2023-07-17 16:00:00,7.772610654331982,36.24458533644068
2023-07-17 17:00:00,7.04048386728552,-53.04106629504754
2023-07-17 18:00:00,8.49027910070567,20.374104267141245
2023-07-17 19:00:00,9.788154442065636,-89.4279268604848
2023-07-17 20:00:00,6.712123123482006,3.554433379725435
2023-07-17 21:00:00,10.629891001299077,-39.08103077994376
2023-07-17 22:00:00,9.515379828534876,-104.49488435181024
2023-07-17 23:00:00,8.872372951718942,-27.32187631589295
2023-07-18 00:00:00,8.483007307864428,-63.16608997870933
2023-07-18 01:00:00,9.457583081416516,97.45180832235499
2023-07-18 02:00:00,7.378144908056297,235.60308406233315
2023-07-18 03:00:00,9.041254817806823,326.8549695641128
2023-07-18 04:00:00,8.907028136642278,273.4861647019683
2023-07-18 05:00:00,10.394266106541302,444.04472184567817
2023-07-18 06:00:00,8.2335967843772,450.5889044484636
2023-07-18 07:00:00,8.64349097246463,394.10875073129813
2023-07-18 08:00:00,8.532268341758781,308.9256180985271
2023-07-18 09:00:00,8.081951355549867,283.60863703258894
2023-07-18 10:00:00,10.07708921655281,295.5329548436544
2023-07-18 11:00:00,7.62419840331011,141.10392077691122
2023-07-18 12:00:00,7.081208667847065,48.626384332526705
2023-07-18 13:00:00,8.842767684826645,-49.44630201357113
2023-07-18 14:00:00,7.874134070012024,-26.62585088143047
2023-07-18 15:00:00,8.852990389238034,-64.84813984387853
2023-07-18 16:00:00,9.232238067449565,-33.26626793756
2023-07-18 17:00:00,8.744969825901814,67.91100564206796
2023-07-18 18:00:00,8.62282427435847,-22.45872666889183
2023-07-18 19:00:00,6.537040914846519,-34.45528859957131
2023-07-18 20:00:00,9.15837649677649,11.93652145893877
2023-07-18 21:00:00,8.79507331163851,-28.725300741313337
2023-07-18 22:00:00,10.473065530047691,4.6366828845979695
2023-07-18 23:00:00,9.736069592241293,-28.43636584531352
2023-07-19 00:00:00,7.034451528430598,9.543925765593107
2023-07-19 01:00:00,9.577137907603134,91.20780648615005
2023-07-19 02:00:00,7.216819527632992,157.01336147555764
2023-07-19 03:00:00,9.350135602714156,353.8058749996142
2023-07-19 04:00:00,9.970033225419021,459.6707564123434
2023-07-19 05:00:00,10.38344747392885,436.19076756243436
2023-07-19 06:00:00,8.120368981386225,350.7328712495737
2023-07-19 07:00:00,9.2224482491781,399.9003872638772
2023-07-19 08:00:00,9.52592361111749,381.0173368822111
2023-07-19 09:00:00,8.987055617730661,216.84121913739662
2023-07-19 10:00:00,6.844994842892802,186.10249464568247
2023-07-19 11:00:00,8.67088944303152,39.976509503505696
2023-07-19 12:00:00,9.085473535635833,-51.48565840548019
2023-07-19 13:00:00,8.514840430980751,16.97311068122393
2023-07-19 14:00:00,7.657761662642009,-2.4741736290460605
2023-07-19 15:00:00,8.315547965322168,-54.75086657581526
2023-07-19 16:00:00,9.417628809498757,-3.3538417997167183
2023-07-19 17:00:00,8.909963058265093,-18.119717603104647
2023-07-19 18:00:00,8.981897329828092,44.14263971552167
2023-07-19 19:00:00,8.267823781811254,-103.6914449585246
2023-07-19 20:00:00,8.94291400553357,-37.04334006883733
2023-07-19 21:00:00,6.410032567712129,75.87066463964268
2023-07-19 22:00:00,8.472402288630372,-58.201874948729305
2023-07-19 23:00:00,8.1354929536564,-54.056020969910534
2023-07-20 00:00:00,8.461611626424988,-25.90058676876567
2023-07-20 01:00:00,7.261660598142042,172.5880828903745
2023-07-20 02:00:00,8.804715034319432,230.97209749962303
2023-07-20 03:00:00,10.356853342818438,245.0822831164835
2023-07-20 04:00:00,8.51522799234009,361.0002139381119
2023-07-20 05:00:00,8.480987027153422,389.7716402042965
2023-07-20 06:00:00,10.942203697398867,444.2130801656602
2023-07-20 07:00:00,7.486946643803892,405.2584293835327
2023-07-20 08:00:00,8.929369277790904,375.04380168006037
2023-07-20 09:00:00,10.014847048598334,282.1229528824276
2023-07-20 10:00:00,8.044119339602652,276.9864430490483
2023-07-20 11:00:00,9.287329943990809,107.00972556168837
2023-07-20 12:00:00,8.601259160715934,-31.31739938946977
2023-07-20 13:00:00,7.359833714427556,53.029632151200715
2023-07-20 14:00:00,8.270156050368922,29.528371831562932
2023-07-20 15:00:00,8.402676756823666,-45.48478442015701
2023-07-20 16:00:00,7.798519521102216,-197.0004188981034
2023-07-20 17:00:00,6.827861605148312,27.021096606267527
2023-07-20 18:00:00,8.022551100667073,-21.793386820169232
2023-07-20 19:00:00,6.939379434877225,2.1229052022936936
2023-07-20 20:00:00,8.976159869805468,59.111161326318125
2023-07-20 21:00:00,8.983656853217592,-47.64818955527258
2023-07-20 22:00:00,7.159740522551221,-56.23694499225964
2023-07-20 23:00:00,8.516461285628694,-69.80573152251507
2023-07-21 00:00:00,7.008922867600898,110.17043369768002
2023-07-21 01:00:00,7.99107687569944,167.67993750514935
2023-07-21 02:00:00,7.684137801893499,242.40519228097935
2023-07-21 03:00:00,8.833170558505325,198.97492696003025
2023-07-21 04:00:00,6.733649937681768,290.50457664560116
2023-07-21 05:00:00,9.336046402695398,438.54663014030336
2023-07-21 06:00:00,9.58072141574148,437.7269779734165
2023-07-21 07:00:00,8.208740706758865,389.82689937447026
2023-07-21 08:00:00,7.007459392180219,294.0901835586186
2023-07-21 09:00:00,6.2595304089193355,348.08353278757625
2023-07-21 10:00:00,9.44822521635132,298.4193910658021
2023-07-21 11:00:00,10.336865583622892,130.0261618427541
2023-07-21 12:00:00,8.39651225417731,-37.79976285078327
2023-07-21 13:00:00,7.190206992877155,76.20964103248829
2023-07-21 14:00:00,7.257803604122406,8.428253162963708
2023-07-21 15:00:00,9.534573781163395,81.49453922304244
2023-07-21 16:00:00,8.521901431541501,-17.90007631783923
2023-07-21 17:00:00,7.383657373796657,103.10432853182732
2023-07-21 18:00:00,10.65214757953589,-22.424085207363564
2023-07-21 19:00:00,9.398370029333746,-33.06976839931627
2023-07-21 20:00:00,8.90242762470207,41.461128205678406
2023-07-21 21:00:00,7.794986094803477,-3.6583236773153573
2023-07-21 22:00:00,9.59193964001682,19.373240007794553
2023-07-21 23:00:00,9.23484517707044,-50.92428718651111
2023-07-22 00:00:00,8.16544563827551,-50.03224231245685
2023-07-22 01:00:00,9.360289840793623,87.97636400612437
2023-07-22 02:00:00,9.317684613309236,224.7170664498333
2023-07-22 03:00:00,8.545881701067126,253.56284936638144
2023-07-22 04:00:00,7.12506323155229,411.6448385630687
2023-07-22 05:00:00,7.250584138023087,394.1388611409672
2023-07-22 06:00:00,6.687155962303034,498.96219374463396
2023-07-22 07:00:00,9.59654978966923,346.89842540711425
2023-07-22 08:00:00,6.811138334264533,375.30314815426703
2023-07-22 09:00:00,8.30604034797337,315.41896921015496
2023-07-22 10:00:00,6.681026907607605,220.35575459771084
2023-07-22 11:00:00,9.955589424489538,104.6006310459335
2023-07-22 12:00:00,7.109411897841232,42.35871600439474
2023-07-22 13:00:00,8.594721552418555,-61.78836504972374
2023-07-22 14:00:00,6.7039853494041,14.143724079730754
2023-07-22 15:00:00,9.14273872278339,-49.320874549839054
2023-07-22 16:00:00,9.356704044278452,-28.958465451463532
2023-07-22 17:00:00,8.289522513319483,13.421510833466327
2023-07-22 18:00:00,8.206134817517013,47.407874887146676
2023-07-22 19:00:00,9.082897696363437,-68.68808438326867
2023-07-22 20:00:00,7.662333693301637,82.5404759297852
2023-07-22 21:00:00,9.360799723555763,50.11710708751824
2023-07-22 22:00:00,8.56846653963985,2.175845341366127
2023-07-22 23:00:00,6.698902532982985,-53.37575105953749
2023-07-23 00:00:00,10.038120928706952,76.44389031360947
2023-07-23 01:00:00,8.375443016281421,129.1200112964902
2023-07-23 02:00:00,7.853233219687661,227.85922586178657
2023-07-23 03:00:00,8.35680020681457,255.72291549730784
2023-07-23 04:00:00,7.47303759859354,364.40735917088
2023-07-23 05:00:00,8.038546311675507,364.31162674099977
2023-07-23 06:00:00,8.980764710615142,470.3365346227596
2023-07-23 07:00:00,8.879126656250214,457.61165967833176
2023-07-23 08:00:00,8.81112619104828,347.0222221704605
2023-07-23 09:00:00,7.590400004844261,260.35349091948285
2023-07-23 10:00:00,7.330632246940903,244.353214360692
2023-07-23 11:00:00,8.579323908435592,138.58418125083725
2023-07-23 12:00:00,8.96221112189517,-58.313999177557754
2023-07-23 13:00:00,7.458828173035861,-14.57785264161157
2023-07-23 14:00:00,7.963640487192525,109.64450063222645
2023-07-23 15:00:00,8.58391539272263,-0.40383325288103666
2023-07-23 16:00:00,8.095680196135575,11.754679574134173
2023-07-23 17:00:00,9.348631056504754,27.25025111733444
2023-07-23 18:00:00,6.883480838803749,-27.936167619399026
2023-07-23 19:00:00,6.738442828189324,38.31580879220938
2023-07-23 20:00:00,9.287299693291615,18.90406575041757
2023-07-23 21:00:00,8.80854022554106,56.26063631733118
2023-07-23 22:00:00,8.281963025470626,-84.26317668574481
2023-07-23 23:00:00,7.857535442293515,17.706421386158777
2023-07-24 00:00:00,8.582128263050041,10.499009641698304
2023-07-24 01:00:00,8.300317249214466,34.11713164470818
2023-07-24 02:00:00,8.410914496128289,189.46402566505364
2023-07-24 03:00:00,8.043862881195967,306.49053743184237
2023-07-24 04:00:00,8.646544532715195,353.7413876127054
2023-07-24 05:00:00,9.029808111320015,390.5158519886894
2023-07-24 06:00:00,9.015406616807496,404.85476190821475
2023-07-24 07:00:00,8.568717868592866,368.48223588032585
2023-07-24 08:00:00,8.107771258763266,451.5120644421328
2023-07-24 09:00:00,8.555974999149917,303.19908519347126
2023-07-24 10:00:00,9.306504904418183,218.2744909776161
2023-07-24 11:00:00,7.956975561329664,38.60172910318093
2023-07-24 12:00:00,7.838994598765261,-15.778928689678365
2023-07-24 13:00:00,8.605036149865168,-26.44822847534673
2023-07-24 14:00:00,8.849772775551191,-1.54475869029498
2023-07-24 15:00:00,8.010965115644753,-16.077468041530466
2023-07-24 16:00:00,8.561969620410135,-30.869546756629695
2023-07-24 17:00:00,7.271139677520321,-11.421837674420821
2023-07-24 18:00:00,8.100495499575448,-54.14508425928333
2023-07-24 19:00:00,9.66439671675483,29.760007726121263
2023-07-24 20:00:00,8.719184731791717,40.25047719711329
2023-07-24 21:00:00,7.464425740377525,24.903375319367367
2023-07-24 22:00:00,7.59831763167514,42.78961706468907
2023-07-24 23:00:00,6.867959941483159,39.28108518057288
2023-07-25 00:00:00,9.655542495124857,-64.21639926166813
2023-07-25 01:00:00,7.037465166439622,178.57558680972153
2023-07-25 02:00:00,5.503020156646457,244.25601923602656
2023-07-25 03:00:00,6.625477949667454,188.51210867374292
2023-07-25 04:00:00,8.085056438243857,309.79601343398434
2023-07-25 05:00:00,7.315033389860813,326.2865136724037
2023-07-25 06:00:00,8.161403140879417,423.30205621373034
2023-07-25 07:00:00,8.373559831864085,361.21745158304907
2023-07-25 08:00:00,7.408064133668776,348.99636242513117
2023-07-25 09:00:00,7.11234059432203,370.70124004059835
2023-07-25 10:00:00,8.942922022474425,273.0144946479918
2023-07-25 11:00:00,8.330454827596796,56.05319046610159
2023-07-25 12:00:00,5.355996487648101,22.894281903590027
2023-07-25 13:00:00,6.494840362155565,91.35564910529985
2023-07-25 14:00:00,6.239258592932176,-45.73852506511671
2023-07-25 15:00:00,7.872566406081165,48.39720802624251
2023-07-25 16:00:00,8.234866177441665,-8.411223678423056
2023-07-25 17:00:00,7.860551441995595,-47.04166745173359
2023-07-25 18:00:00,7.403636468805217,75.70760620261859
2023-07-25 19:00:00,9.053985027620294,-21.424174201021575
2023-07-25 20:00:00,8.352537520808978,-7.4760922667230005
2023-07-25 21:00:00,7.119929190349694,-17.744830686777217
2023-07-25 22:00:00,7.184888526044764,52.67305917079577
2023-07-25 23:00:00,7.26987566211464,49.171076784938386
2023-07-26 00:00:00,7.60579377686108,-37.094282273274544
2023-07-26 01:00:00,7.988405118296653,108.71973628141939
2023-07-26 02:00:00,8.366605234941623,217.26946979163478
2023-07-26 03:00:00,7.129892779484679,329.96026811703285
2023-07-26 04:00:00,6.596855472472086,314.0003103547571
2023-07-26 05:00:00,8.346712979057575,453.2348190429458
2023-07-26 06:00:00,8.78212525312428,438.38523794158556
2023-07-26 07:00:00,9.663376062880237,336.62698783822395
2023-07-26 08:00:00,8.357967776862317,368.6167624477895
2023-07-26 09:00:00,7.223286672705554,305.6533288707471
2023-07-26 10:00:00,8.563882165829895,163.37644633381484
2023-07-26 11:00:00,7.8023864096618105,124.24826643782612
2023-07-26 12:00:00,6.6079952056502,0.12052205450952351
2023-07-26 13:00:00,7.9047574398095675,-76.56549883766307
2023-07-26 14:00:00,8.235833986455416,-159.7970888575521
2023-07-26 15:00:00,9.3867976568935,102.45659549273958
2023-07-26 16:00:00,8.024566814205661,-6.204125657797508
2023-07-26 17:00:00,7.1378832375128365,5.399580387726259
2023-07-26 18:00:00,6.066307529092271,-51.32553084759197
2023-07-26 19:00:00,6.724131771720059,-29.920351689561375
2023-07-26 20:00:00,6.9829912371925955,108.41349105409162
2023-07-26 21:00:00,9.619472700115676,120.89728614369908
2023-07-26 22:00:00,7.762244365041268,-92.76751147558802
2023-07-26 23:00:00,7.863621003185872,2.8746927022782582
2023-07-27 00:00:00,8.976189004330013,93.40409614517098
2023-07-27 01:00:00,8.477635636021654,111.80618732915131
2023-07-27 02:00:00,7.612919083343043,231.07994697516648
2023-07-27 03:00:00,9.021467305007528,269.9463318859488
2023-07-27 04:00:00,7.190988439431949,366.76284605803926
2023-07-27 05:00:00,8.158660944859523,452.6110675439127
2023-07-27 06:00:00,6.619739763365837,419.83510380321025
2023-07-27 07:00:00,8.135209560952045,319.54895446607463
2023-07-27 08:00:00,8.892740744373498,309.4624301427744
2023-07-27 09:00:00,8.746299873368317,317.09188952297507
2023-07-27 10:00:00,8.777143979584928,193.4829327009522
2023-07-27 11:00:00,10.762770843543034,74.64765819464793
2023-07-27 12:00:00,7.607432104543807,-54.50138059978719
2023-07-27 13:00:00,6.971251969215234,-49.8409372105713
2023-07-27 14:00:00,8.33104269954647,-35.755391939090096
2023-07-27 15:00:00,6.99466650909574,22.837473122267753
2023-07-27 16:00:00,6.742088120276956,-25.861421205793167
2023-07-27 17:00:00,7.62259619249658,8.896882408388285
2023-07-27 18:00:00,9.855276963952518,7.882650757219854
2023-07-27 19:00:00,8.564031902372394,38.44727127952224
2023-07-27 20:00:00,8.25549227146243,-41.09721936548467
2023-07-27 21:00:00,6.202217956665375,80.82114866381116
2023-07-27 22:00:00,7.252076389506636,-87.95116460946537
2023-07-27 23:00:00,9.307558252829175,-16.280850652887217
2023-07-28 00:00:00,7.527437745530224,-21.23684785210768
2023-07-28 01:00:00,9.992345150422752,61.415153881312705
2023-07-28 02:00:00,8.245454471071161,84.72136769741583
2023-07-28 03:00:00,7.646941065315921,336.3501274258703
2023-07-28 04:00:00,7.483429378483929,379.10609914699313
2023-07-28 05:00:00,7.732355450297408,401.52474978241924
2023-07-28 06:00:00,6.345585492625172,353.55547694847724
2023-07-28 07:00:00,8.770467844801324,351.30411420561984
2023-07-28 08:00:00,8.23910425405869,320.82541179250524
2023-07-28 09:00:00,7.54121330589705,263.69602771609766
2023-07-28 10:00:00,7.685895126388702,234.68990358362805
2023-07-28 11:00:00,8.607196233766594,76.17923313225137
2023-07-28 12:00:00,9.827172520805117,-42.836295291526724
2023-07-28 13:00:00,9.328978552116912,7.331118574583397
2023-07-28 14:00:00,7.983162829664005,2.1274803846655597
2023-07-28 15:00:00,6.974795991096124,25.17564029862342
2023-07-28 16:00:00,6.264095643330388,69.43776666562489
2023-07-28 17:00:00,7.920100296179808,-20.34941663106232
2023-07-28 18:00:00,7.014168979291652,46.608415135462366
2023-07-28 19:00:00,7.952604207767458,7.107176067134388
2023-07-28 20:00:00,8.088054443493236,51.21924150234963
2023-07-28 21:00:00,8.514332758212047,61.606534134422766
2023-07-28 22:00:00,6.625875426862573,-37.86453109902771
2023-07-28 23:00:00,6.9102716365527845,98.97361040955921
2023-07-29 00:00:00,7.40627781818182,9.054896259688046
2023-07-29 01:00:00,7.980967284581768,42.54497069370999
2023-07-29 02:00:00,7.922049961522363,136.0650307599982
2023-07-29 03:00:00,10.298539052642623,346.6164004644701
2023-07-29 04:00:00,5.461205377676475,400.02371102641524
2023-07-29 05:00:00,8.830700924036309,427.6960715361948
2023-07-29 06:00:00,8.779186137783025,358.96260695896797
2023-07-29 07:00:00,6.8051678349962295,354.1880625907396
2023-07-29 08:00:00,7.248145317002061,255.51956549795796
2023-07-29 09:00:00,9.482040936624156,258.36595242825126
2023-07-29 10:00:00,7.098299868408399,201.54366799195614
2023-07-29 11:00:00,7.114916595853216,174.91914372426493
2023-07-29 12:00:00,7.840400341525817,-13.773650389127742
2023-07-29 13:00:00,8.232811758536323,-16.685700951014873
2023-07-29 14:00:00,8.718026515765493,14.469190542095376
2023-07-29 15:00:00,8.761148041910413,42.52811708638697
2023-07-29 16:00:00,8.502317459636613,77.64006166026839
2023-07-29 17:00:00,5.812448361099541,-34.97110466264048
2023-07-29 18:00:00,7.679122059925572,-8.548251918723885
2023-07-29 19:00:00,8.385335764338132,6.8477105671213705
2023-07-29 20:00:00,8.405218204805227,-13.312573839094435
2023-07-29 21:00:00,7.010498647392926,-31.0245515352961
2023-07-29 22:00:00,6.697788027310787,-12.848529585911686
2023-07-29 23:00:00,6.6289090047235595,-60.90979817670994
2023-07-30 00:00:00,8.109729965970566,-30.31228481321272
2023-07-30 01:00:00,8.65145855796586,37.27039778273102
2023-07-30 02:00:00,7.786076573477997,191.71179431142141
2023-07-30 03:00:00,6.574276153662462,250.68508490066242
2023-07-30 04:00:00,7.823806893678926,303.7290631872743
2023-07-30 05:00:00,6.692317887553371,369.9850791620471
2023-07-30 06:00:00,6.907216359932825,258.5410558014079
2023-07-30 07:00:00,7.275586683570129,353.33631460016886
2023-07-30 08:00:00,6.845680949220362,340.7344992907175
2023-07-30 09:00:00,6.513984730019123,319.0035344979144
2023-07-30 10:00:00,9.19357460740223,221.5611607205497
2023-07-30 11:00:00,5.756349498428033,162.44768763110642
2023-07-30 12:00:00,7.0526229865952335,-71.67117429292355
2023-07-30 13:00:00,7.428420574790862,52.32451665543714
2023-07-30 14:00:00,8.8721649485679,14.939699203404325
2023-07-30 15:00:00,7.938869543359765,-26.84956498974878
2023-07-30 16:00:00,7.362658293790201,5.404831566863723
2023-07-30 17:00:00,6.903011048075653,156.27321194775155
2023-07-30 18:00:00,8.79147451627413,7.266340771924732
2023-07-30 19:00:00,6.837577686931422,4.016583853530615
2023-07-30 20:00:00,7.8553521206632295,42.953134062877524
2023-07-30 21:00:00,7.474809071918233,-10.948307182978494
2023-07-30 22:00:00,8.12425581377143,-39.624616447634516
2023-07-30 23:00:00,9.215310167639599,70.202179582298
2023-07-31 00:00:00,8.274131336436334,-71.9673612619526
2023-07-31 01:00:00,7.439719498368754,100.1042020002116
2023-07-31 02:00:00,9.244343045168902,185.97602568130483
2023-07-31 03:00:00,9.148451312166497,225.94077453328768
2023-07-31 04:00:00,8.708157900787093,261.8390281978562
2023-07-31 05:00:00,7.850672218639441,359.1626421967656
2023-07-31 06:00:00,6.797526831750287,396.7427687319481
2023-07-31 07:00:00,5.202596293895105,417.91370249618217
2023-07-31 08:00:00,7.780073484341619,289.1604146386454
2023-07-31 09:00:00,8.342630032765815,228.3690140338402
2023-07-31 10:00:00,6.231518022213642,265.5223349921703
2023-07-31 11:00:00,7.9841211665724146,74.55261947864977
2023-07-31 12:00:00,7.123202521911036,-16.69277133863743
2023-07-31 13:00:00,8.078886751427373,60.940970450497936
2023-07-31 14:00:00,6.952087049974784,-82.3046628880149
2023-07-31 15:00:00,6.84258238511185,-60.06559040439814
2023-07-31 16:00:00,7.507550366475984,69.59845017015824
2023-07-31 17:00:00,6.392250930186736,-30.07655040152568
2023-07-31 18:00:00,8.530201252086835,-26.697453099827996
2023-07-31 19:00:00,7.588878347653595,-22.48994279282146
2023-07-31 20:00:00,6.424056145467454,-16.01075276392419
2023-07-31 21:00:00,6.953056665734061,-22.961669242187323
2023-07-31 22:00:00,8.158860135050274,7.124159755460262
2023-07-31 23:00:00,7.267203072411413,62.63849109642046
2023-08-01 00:00:00,8.203708609136129,-40.17629456660495
2023-08-01 01:00:00,6.498668207835439,67.42100681075861
2023-08-01 02:00:00,7.214074496931739,188.94729631817464
2023-08-01 03:00:00,7.421587944637628,343.5225581862005
2023-08-01 04:00:00,9.720697257020563,309.7171744341886
2023-08-01 05:00:00,6.765838281685342,316.97067485231906
2023-08-01 06:00:00,8.120325162734606,273.7185138381017
2023-08-01 07:00:00,7.9652549797298935,323.8742747270015
2023-08-01 08:00:00,9.241590566752368,281.11201463386175
2023-08-01 09:00:00,8.853366071739202,205.36494341754576
2023-08-01 10:00:00,7.031232431768539,190.86164645089391
2023-08-01 11:00:00,6.4444855442717195,83.8277590653636
2023-08-01 12:00:00,6.078040907363623,71.30184280125557
2023-08-01 13:00:00,7.7297644139162465,10.771207251881147
2023-08-01 14:00:00,8.507598407148725,50.42773973341952
2023-08-01 15:00:00,8.637605345314848,-8.56105086031753
2023-08-01 16:00:00,7.232697871195846,-43.92210254748823
2023-08-01 17:00:00,7.538165479647252,30.944050684238988
2023-08-01 18:00:00,8.91984137336515,-56.44299771304267
2023-08-01 19:00:00,6.730595216878259,57.872527837342645
2023-08-01 20:00:00,5.018461915512264,-37.3906670425485
2023-08-01 21:00:00,8.646988818349685,37.01768359968007
2023-08-01 22:00:00,6.333421681038256,18.813193026838725
2023-08-01 23:00:00,7.203204952661628,-48.553554066295575
2023-08-02 00:00:00,7.87627912276818,60.52714898975149
2023-08-02 01:00:00,6.957507737652186,192.04091553687755
2023-08-02 02:00:00,8.500026734331165,148.02402607721197
2023-08-02 03:00:00,10.091015383216366,229.59947480499528
2023-08-02 04:00:00,6.612643115641031,324.7172697125519
2023-08-02 05:00:00,7.553579423162895,401.72651589562633
2023-08-02 06:00:00,7.424675687449289,432.20742350925315
2023-08-02 07:00:00,7.732491867293009,340.43165220036684
2023-08-02 08:00:00,6.816285538658097,328.17453384810426
2023-08-02 09:00:00,6.769502330646519,244.7325643554702
2023-08-02 10:00:00,6.793170938967311,164.84538405850304
2023-08-02 11:00:00,6.95822540404571,69.43680778026919
2023-08-02 12:00:00,6.974039353582382,-68.17694452678244
2023-08-02 13:00:00,4.914470531391345,43.15844214410313
2023-08-02 14:00:00,7.508302251476837,5.098171996676702
2023-08-02 15:00:00,7.118494415824768,76.29209428490901
2023-08-02 16:00:00,6.701245247556962,41.21526320343977
2023-08-02 17:00:00,7.512723045018397,-20.008956488792965
2023-08-02 18:00:00,7.4141941730732706,-57.06234419276897
2023-08-02 19:00:00,7.022015714134286,93.36909098255175
2023-08-02 20:00:00,7.428460605694228,-84.92714691033262
2023-08-02 21:00:00,6.83779399665228,-17.094222848891224
2023-08-02 22:00:00,6.250693016906222,-16.31381085592264
2023-08-02 23:00:00,9.38077127229462,-32.35406578612113
2023-08-03 00:00:00,6.85041261231113,-42.567489485056
2023-08-03 01:00:00,7.611891433748001,34.00588474547342
2023-08-03 02:00:00,9.942809781946757,147.38004773928714
2023-08-03 03:00:00,6.932652529721328,257.172827571912
2023-08-03 04:00:00,7.806549024517175,333.3910181844683
2023-08-03 05:00:00,9.673041156229882,328.5533022418059
2023-08-03 06:00:00,5.696393869522821,340.80820266603945
2023-08-03 07:00:00,8.68017219274454,302.6809869698141
2023-08-03 08:00:00,7.568473917830843,326.483463052084
2023-08-03 09:00:00,6.841169898022366,262.13806123925974
2023-08-03 10:00:00,7.394827820875097,202.6355468887894
2023-08-03 11:00:00,6.984513553766179,68.00776244459468
2023-08-03 12:00:00,8.922602233491595,-45.53567964718599
2023-08-03 13:00:00,7.3303391998118945,-0.9774567417716138
2023-08-03 14:00:00,8.044170579306337,26.02837627547879
2023-08-03 15:00:00,6.8174446402876905,-44.35441808797343
2023-08-03 16:00:00,7.638720845136433,-31.379054365353298
2023-08-03 17:00:00,6.963542748891779,-61.23229371594816
2023-08-03 18:00:00,5.926431472380356,-58.58915235790205
2023-08-03 19:00:00,8.6547576254329,-27.334782911014866
2023-08-03 20:00:00,7.694473845384665,-42.06577508098992
2023-08-03 21:00:00,8.1175746041071,40.02083386191196
2023-08-03 22:00:00,6.61793050902511,1.4979733433971465
2023-08-03 23:00:00,8.53106325863988,63.25696263556733
2023-08-04 00:00:00,7.741630776703556,63.76178195485161
2023-08-04 01:00:00,7.424029882345032,94.8892514164535
2023-08-04 02:00:00,8.303068288048683,81.65397002160742
2023-08-04 03:00:00,6.944549134691571,277.08678667559025
2023-08-04 04:00:00,8.568529755004954,372.17354407613493
2023-08-04 05:00:00,6.6115457012578345,382.92040086833015
2023-08-04 06:00:00,7.307071885105033,381.127438464696
2023-08-04 07:00:00,6.337297681502314,338.89992717547875
2023-08-04 08:00:00,6.125580162625224,256.06358472927
2023-08-04 09:00:00,6.808037049033776,288.44587489763524
2023-08-04 10:00:00,7.112909518983603,172.0817443137263
2023-08-04 11:00:00,7.825575657295095,109.73943391379933
2023-08-04 12:00:00,6.630749229576073,-29.354569660243616
2023-08-04 13:00:00,7.860705762587176,99.96850752109665
2023-08-04 14:00:00,6.9538494143363545,11.952112511646899
2023-08-04 15:00:00,6.779727561810698,-18.99080022298538
2023-08-04 16:00:00,7.90323974916716,-56.81699423708289
2023-08-04 17:00:00,6.729359709741637,-69.93455959133095
2023-08-04 18:00:00,9.099002736355981,31.0336256310902
2023-08-04 19:00:00,7.706129724647943,-29.112253869220027
2023-08-04 20:00:00,5.9062012190273485,-22.495763199812846
2023-08-04 21:00:00,7.1546063523013075,-27.141918906924033
2023-08-04 22:00:00,6.626585953225237,-54.60329926322084
2023-08-04 23:00:00,5.632504161680369,-14.509639501655045
2023-08-05 00:00:00,8.259933874683025,2.8195404685593535
2023-08-05 01:00:00,8.282955219142165,42.871152330032736
2023-08-05 02:00:00,6.477289196510355,196.64769566301442
2023-08-05 03:00:00,7.912676181178963,193.45571476724405
2023-08-05 04:00:00,8.07902041103872,289.8084692075475
2023-08-05 05:00:00,7.189408416795363,366.0628541333136
2023-08-05 06:00:00,8.154333945732109,359.41965433749994
2023-08-05 07:00:00,7.496566955180727,265.7693835674591
2023-08-05 08:00:00,8.347497610246801,172.54516857424872
2023-08-05 09:00:00,6.029581895651968,282.97973804188524
2023-08-05 10:00:00,7.350022169653802,214.56223997815883
2023-08-05 11:00:00,7.403585629050312,115.07001129839576
2023-08-05 12:00:00,6.045566108937871,-11.362482461091933
2023-08-05 13:00:00,6.141204362154682,-12.401414786551019
2023-08-05 14:00:00,5.61800346235038,-5.3323092394106215
2023-08-05 15:00:00,7.2472566086473655,29.260881561008055
2023-08-05 16:00:00,6.761710211912205,-6.673609011070453
2023-08-05 17:00:00,5.911289069928474,18.69862537534424
2023-08-05 18:00:00,8.419312420964305,65.7131148892156
2023-08-05 19:00:00,7.602356903619667,-48.35256367743511
2023-08-05 20:00:00,6.477504363415116,-9.268144425000028
2023-08-05 21:00:00,7.4052956477194805,-42.91946628951865
2023-08-05 22:00:00,6.964070944902485,-19.674699191430253
2023-08-05 23:00:00,5.63966782623816,-5.060662553887909
2023-08-06 00:00:00,7.405003422360713,-43.98173113358557
2023-08-06 01:00:00,8.7709964559369,11.080425047340583
2023-08-06 02:00:00,8.543146010731258,112.95194151629184
2023-08-06 03:00:00,7.234521149511188,274.3014825609227
2023-08-06 04:00:00,6.695148035340117,275.3710287839168
2023-08-06 05:00:00,7.694004195121419,333.47183111374613
2023-08-06 06:00:00,7.397681461280908,359.0299945026139
2023-08-06 07:00:00,6.992526557600828,389.7700291716597
2023-08-06 08:00:00,8.991263110744972,294.5965249868558
2023-08-06 09:00:00,6.735031887833027,264.44500241683704
2023-08-06 10:00:00,8.088257431104607,121.6751591493777
2023-08-06 11:00:00,7.274997185187601,84.24135553720913
2023-08-06 12:00:00,7.27982546667009,-48.88127300904158
2023-08-06 13:00:00,5.480211777134183,-7.060286050471194
2023-08-06 14:00:00,8.232555910435716,6.378396892348814
2023-08-06 15:00:00,7.9678937713218545,-11.708387182651485
2023-08-06 16:00:00,7.3191577372849945,-21.1592994915221
2023-08-06 17:00:00,8.165937817113718,13.457086902205562
2023-08-06 18:00:00,7.546684743134897,-20.161009887895315
2023-08-06 19:00:00,5.833734860012456,-20.705083936659264
2023-08-06 20:00:00,6.160544434773453,-52.64365523254943
2023-08-06 21:00:00,7.070523455823875,25.290767817822356
2023-08-06 22:00:00,5.439686623522336,-2.1143403524798945
2023-08-06 23:00:00,8.253572437156347,-23.98081593313192
2023-08-07 00:00:00,6.8455235948775055,-51.934657540472486
2023-08-07 01:00:00,7.198003909056815,208.2206386732376
2023-08-07 02:00:00,6.079584673036527,25.697925363090548
2023-08-07 03:00:00,7.707571124845057,211.73100223119746
2023-08-07 04:00:00,6.918359548059482,281.6364892905229
2023-08-07 05:00:00,6.734991836249486,387.0508654227155
2023-08-07 06:00:00,8.472026993447987,337.32611323780134
2023-08-07 07:00:00,8.37050659989094,350.1213549741025
2023-08-07 08:00:00,7.810790723142844,283.6938481892908
2023-08-07 09:00:00,7.270128701867746,341.8291378137285
2023-08-07 10:00:00,6.544983890652113,196.294357408985
2023-08-07 11:00:00,6.772245443285311,58.859949062137325
2023-08-07 12:00:00,6.726320967410347,35.18641397879052
2023-08-07 13:00:00,7.453244324876953,-12.370529907861462
2023-08-07 14:00:00,7.029346554963717,91.33314992044306
2023-08-07 15:00:00,7.054272492945599,67.57374249720043
2023-08-07 16:00:00,8.601962879572186,14.719483422711413
2023-08-07 17:00:00,8.20479610390263,-11.836689779738476
2023-08-07 18:00:00,6.279879822447557,-31.74970479057998
2023-08-07 19:00:00,7.358050741419154,44.104404634218255
2023-08-07 20:00:00,6.285344366173877,72.59379423803996
2023-08-07 21:00:00,7.663778673324025,-14.585837884165926
2023-08-07 22:00:00,8.990281622796541,22.460229755073637
2023-08-07 23:00:00,6.70501414317267,25.272184361712945
2023-08-08 00:00:00,7.782477452773386,44.50176629804349
2023-08-08 01:00:00,8.605438658074656,51.55517622101556
2023-08-08 02:00:00,6.855647459468515,196.99482568495708
2023-08-08 03:00:00,7.486182261135879,359.3952721371179
2023-08-08 04:00:00,8.706711738708027,307.5537279303382
2023-08-08 05:00:00,6.055819006801245,360.3637662089481
2023-08-08 06:00:00,5.955203612391359,368.5335390137344
2023-08-08 07:00:00,5.747615104933654,365.3579392037948
2023-08-08 08:00:00,7.746833548411869,244.8849664277795
2023-08-08 09:00:00,5.978742001912802,349.58305295840944
2023-08-08 10:00:00,7.551727671645644,179.796023023617
2023-08-08 11:00:00,8.35149393817964,117.71287860919904
2023-08-08 12:00:00,6.330001640246503,4.404321811999477
2023-08-08 13:00:00,6.229795745618283,47.167258168006754
2023-08-08 14:00:00,7.661800030674192,-25.09229827153773
2023-08-08 15:00:00,7.039740390199112,-65.35843087242367
2023-08-08 16:00:00,4.628981455633573,-5.875091642527775
2023-08-08 17:00:00,8.523756119449706,23.965110775218317
2023-08-08 18:00:00,7.5438775883460965,-17.33099573085938
2023-08-08 19:00:00,6.61151278777619,-33.57054018003503
2023-08-08 20:00:00,6.571009333542907,17.422506806341005
2023-08-08 21:00:00,7.6921508540412065,-46.378349860637634
2023-08-08 22:00:00,6.947000627781865,48.96787274552038
2023-08-08 23:00:00,7.049128630848277,-15.615370861979057
2023-08-09 00:00:00,7.074286605910414,24.871403222439394
2023-08-09 01:00:00,6.1045263540740615,31.54042849442576
2023-08-09 02:00:00,6.562826367893749,240.76065672747671
2023-08-09 03:00:00,6.735251526480346,268.22879158435694
2023-08-09 04:00:00,6.162938664573864,330.4818231527877
2023-08-09 05:00:00,7.198301597628482,269.8515632726042
2023-08-09 06:00:00,7.407907329768862,308.69921721701974
2023-08-09 07:00:00,8.610072038178721,344.3372089307611
2023-08-09 08:00:00,6.162604152192326,245.66249751133228
2023-08-09 09:00:00,7.8140340952603555,213.4372722856529
2023-08-09 10:00:00,8.348507525852183,210.8407731437046
2023-08-09 11:00:00,7.8731657751324775,59.304695909652985
2023-08-09 12:00:00,6.425507665349495,18.689446821742553
2023-08-09 13:00:00,6.614303402747961,-41.35290260305123
2023-08-09 14:00:00,8.441508375715191,30.042323871224635
2023-08-09 15:00:00,6.737087262773238,-56.04406779649241
2023-08-09 16:00:00,6.8934498257820715,29.69434446593244
2023-08-09 17:00:00,6.436868815919598,108.17440999279913
2023-08-09 18:00:00,7.697395358593106,-26.749047980353307
2023-08-09 19:00:00,4.46276625254239,-33.064172609816204
2023-08-09 20:00:00,6.113570867292171,56.962636196904285
2023-08-09 21:00:00,5.943681745770964,3.2394459630249175
2023-08-09 22:00:00,8.51196140468924,-58.48297753113456
2023-08-09 23:00:00,7.15579051694316,16.965911572134228
2023-08-10 00:00:00,6.654433060191151,10.827579564294453
2023-08-10 01:00:00,6.652173289801098,57.094897794036115
2023-08-10 02:00:00,5.474624027247975,137.8469564667995
2023-08-10 03:00:00,8.212380973884095,285.8348346713897
2023-08-10 04:00:00,6.504818867937833,247.47667692395183
2023-08-10 05:00:00,7.449302982020546,262.59473794136863
2023-08-10 06:00:00,6.199675169707027,304.0587021020256
2023-08-10 07:00:00,6.796224152357249,374.4049179413927
2023-08-10 08:00:00,5.937314251650285,283.807667065051
2023-08-10 09:00:00,6.6081438908351435,214.18652512191105
2023-08-10 10:00:00,7.89696830240874,167.98088146920986
2023-08-10 11:00:00,6.962007494481553,113.09965515666751
2023-08-10 12:00:00,7.2303104906332765,76.73585960587371
2023-08-10 13:00:00,6.918837308515276,17.54653368414722
2023-08-10 14:00:00,8.487343459092884,98.00094064598869
2023-08-10 15:00:00,6.03964648567114,36.569397722154235
2023-08-10 16:00:00,6.7180871759226495,-14.880787830187659
2023-08-10 17:00:00,7.04409385882214,44.552615243410635
2023-08-10 18:00:00,5.860219548781482,31.84853886575335
2023-08-10 19:00:00,6.982649719477431,58.106062611110254
2023-08-10 20:00:00,6.885830919602412,36.847497971749796
2023-08-10 21:00:00,6.97009808484276,5.696478981592632
2023-08-10 22:00:00,6.974481621166164,-24.046461203210523
2023-08-10 23:00:00,6.18458682731932,6.743364642363421
2023-08-11 00:00:00,5.165152710415991,-74.10047186413273
2023-08-11 01:00:00,6.972808078081166,79.71826293984198
2023-08-11 02:00:00,5.896348406034376,110.7612094649475
2023-08-11 03:00:00,6.697281461263177,262.96176024994753
2023-08-11 04:00:00,6.041284008895149,335.71363153288945
2023-08-11 05:00:00,5.3089690134995715,343.69457502286696
2023-08-11 06:00:00,7.150360574573389,331.3563370415245
2023-08-11 07:00:00,7.49007629993904,313.65608086649365
2023-08-11 08:00:00,7.893014865482124,354.0540385236665
2023-08-11 09:00:00,6.3426754990847884,289.3791368639413
2023-08-11 10:00:00,6.829416436302865,116.6777706023943
2023-08-11 11:00:00,7.130351227953721,100.62761443838342
2023-08-11 12:00:00,7.810948691832779,16.260080824994912
2023-08-11 13:00:00,5.039653449161736,-10.27319830642034
2023-08-11 14:00:00,5.3210067393829785,-68.28551466607168
2023-08-11 15:00:00,8.178012285468707,-102.72870440992965
2023-08-11 16:00:00,5.104661791625968,8.61233144273931
2023-08-11 17:00:00,7.707095754133118,-84.65731084100877
2023-08-11 18:00:00,8.120737796702572,-26.1770352403914
2023-08-11 19:00:00,7.59312806555484,34.220625055734
2023-08-11 20:00:00,5.786502743462809,20.79560066794582
2023-08-11 21:00:00,5.897917943147377,-29.829329590142756
2023-08-11 22:00:00,6.732142814046549,44.77376371796819
2023-08-11 23:00:00,8.54122565297079,26.302117576523283
2023-08-12 00:00:00,8.467601406636094,-24.40228256362191
2023-08-12 01:00:00,7.023151511697523,163.07551626077137
2023-08-12 02:00:00,5.129830855069167,192.4742324727639
2023-08-12 03:00:00,6.886527591758503,198.75031687992472
2023-08-12 04:00:00,6.516468667470234,188.51856377196782
2023-08-12 05:00:00,6.746964161122246,335.9497360936966
2023-08-12 06:00:00,5.067787644862384,310.96573693010066
2023-08-12 07:00:00,6.968054021999646,325.8031298521192
2023-08-12 08:00:00,5.220906009226049,279.33199732780787
2023-08-12 09:00:00,4.194236988355246,127.82934104443427
2023-08-12 10:00:00,6.948620809986161,153.49811257971638
2023-08-12 11:00:00,8.64284511651434,31.890925051659487
2023-08-12 12:00:00,5.8885831801885775,-25.40802078326968
2023-08-12 13:00:00,6.251436031085648,-28.94955077931691
2023-08-12 14:00:00,7.619967899148656,3.1947160165377215
2023-08-12 15:00:00,7.886853286707283,14.988723456205156
2023-08-12 16:00:00,6.829740708555127,23.06774702620409
2023-08-12 17:00:00,6.0158024020623415,-119.89359763023874
2023-08-12 18:00:00,8.050335295959245,71.06191414423456
2023-08-12 19:00:00,5.493960014081193,-81.59654022028522
2023-08-12 20:00:00,6.20305429962453,-0.6725525325628926
2023-08-12 21:00:00,7.312498369253688,-41.42855763684644
2023-08-12 22:00:00,5.155531519078529,14.776349315059733
2023-08-12 23:00:00,7.1125547136501215,-91.47408314960788
2023-08-13 00:00:00,7.798300471141213,77.4619373385648
2023-08-13 01:00:00,8.336220019800018,68.21719573986059
2023-08-13 02:00:00,6.269612357944227,191.51894782333866
2023-08-13 03:00:00,6.219534929869441,195.4248271450834
2023-08-13 04:00:00,7.3746407252140544,371.41719797677547
2023-08-13 05:00:00,6.041876923651194,253.0337301427152
2023-08-13 06:00:00,6.3509465931561095,201.4346175896849
2023-08-13 07:00:00,6.9817848139809655,389.78342106574917
2023-08-13 08:00:00,7.031981241614265,229.56353624884852
2023-08-13 09:00:00,4.752565249546589,231.96003829101213
2023-08-13 10:00:00,5.493273213167159,244.4112828657682
2023-08-13 11:00:00,4.8266674086260375,65.91812634191999
2023-08-13 12:00:00,4.9919068028097096,13.014619358504799
2023-08-13 13:00:00,5.5409702903539975,40.74849499230002
2023-08-13 14:00:00,6.4374166612747326,1.5025692686386487
2023-08-13 15:00:00,6.534209523352148,65.05547264636671
2023-08-13 16:00:00,4.507921887509964,35.269717398203056
2023-08-13 17:00:00,5.726506171879749,-44.70123550787283
2023-08-13 18:00:00,5.141476903614079,36.58806958467349
2023-08-13 19:00:00,6.459449912761719,-1.7181056812126911
2023-08-13 20:00:00,6.00342103942846,-1.4782675565336951
2023-08-13 21:00:00,7.9182155720511584,16.62090511650703
2023-08-13 22:00:00,6.520213870522661,46.02731797097048
2023-08-13 23:00:00,6.052685003959342,-48.133866902239156
2023-08-14 00:00:00,6.33384336736183,65.27319928246787
2023-08-14 01:00:00,5.952492204219657,147.555808696622
2023-08-14 02:00:00,7.937575089936051,133.2846190793509
2023-08-14 03:00:00,6.2608859539712185,321.14012782625906
2023-08-14 04:00:00,7.05218030669052,276.9507362108766
2023-08-14 05:00:00,7.385798283887755,346.93274906945976
2023-08-14 06:00:00,5.935157348393133,306.7234976748827
2023-08-14 07:00:00,4.792495750581423,359.5435994433791
2023-08-14 08:00:00,6.115424976559508,263.3732101840138
2023-08-14 09:00:00,7.233432930427799,241.19538515774863
2023-08-14 10:00:00,4.900646196944818,33.966749903142784
2023-08-14 11:00:00,6.848940791010786,61.7686620901068
2023-08-14 12:00:00,7.435865277049738,-28.260761473532515
2023-08-14 13:00:00,7.987746531458624,-94.56900977428089
2023-08-14 14:00:00,7.273954110241807,38.421758521555674
2023-08-14 15:00:00,6.888835159019599,-19.280998386879293
2023-08-14 16:00:00,6.782212892233636,-90.90094209711629
2023-08-14 17:00:00,5.3882193932055475,30.08188115992399
2023-08-14 18:00:00,5.649581788919701,54.47470956744189
2023-08-14 19:00:00,4.863911457653015,-6.723198100569159
2023-08-14 20:00:00,6.6680776111342785,-75.48499026157293
2023-08-14 21:00:00,7.03685400640473,-94.19511700240764
2023-08-14 22:00:00,6.713841240937416,-61.22777241658729
2023-08-14 23:00:00,6.879810829703388,-41.486628316404264
2023-08-15 00:00:00,7.293259853794056,85.48651926089926
2023-08-15 01:00:00,5.206479373115593,74.34470755357398
2023-08-15 02:00:00,6.596439290583762,99.70971611387492
2023-08-15 03:00:00,6.780097763109618,200.24968561470314
2023-08-15 04:00:00,6.064681126207631,336.445028869746
2023-08-15 05:00:00,4.407845006405476,343.3069862941384
2023-08-15 06:00:00,5.5093941235533705,329.0142389890958
2023-08-15 07:00:00,6.025326484682121,307.1176669216738
2023-08-15 08:00:00,6.683191093794846,283.09723783173007
2023-08-15 09:00:00,6.567051210523188,238.78951763107233
2023-08-15 10:00:00,8.456913242138429,153.62846619629394
2023-08-15 11:00:00,7.477265234643755,89.65914417100764
2023-08-15 12:00:00,6.510574070304361,-15.032550915560648
2023-08-15 13:00:00,6.6547737166901,-42.78362337563847
2023-08-15 14:00:00,7.804271006178006,-13.175874376515786
2023-08-15 15:00:00,7.842675969904915,16.507497022362017
2023-08-15 16:00:00,6.867688266221757,-36.37780319194842
2023-08-15 17:00:00,8.266906699930214,21.049343939985167
2023-08-15 18:00:00,5.635597868796883,41.4841215477838
2023-08-15 19:00:00,6.504742598602396,17.058755616391043
2023-08-15 20:00:00,9.699834195590116,-28.08258266747111
2023-08-15 21:00:00,7.243876401228642,4.800646138221979
2023-08-15 22:00:00,6.392628226391547,7.673873454487234
2023-08-15 23:00:00,6.637530589256778,9.964520670885287
2023-08-16 00:00:00,6.6517256999200445,74.50064936273918
2023-08-16 01:00:00,8.14202087058235,25.851850621216407
2023-08-16 02:00:00,7.276280348856941,172.14354105782954
2023-08-16 03:00:00,6.393362275894987,208.81586162649643
2023-08-16 04:00:00,4.7960515335152785,217.966262389549
2023-08-16 05:00:00,5.745388733615413,249.68106224750997
2023-08-16 06:00:00,6.532147369776159,367.4722770522912
2023-08-16 07:00:00,6.342476859961975,242.37001327811066
2023-08-16 08:00:00,7.567944258073848,295.1852747007665
2023-08-16 09:00:00,6.2407289133160155,235.39634828616087
2023-08-16 10:00:00,7.3107511856735865,118.89798670305117
2023-08-16 11:00:00,5.000007364435952,125.55878497805577
2023-08-16 12:00:00,5.947598503508269,-59.07707367403011
2023-08-16 13:00:00,7.166761543158762,-27.453854213187572
2023-08-16 14:00:00,8.539368021403757,-54.56276777777697
2023-08-16 15:00:00,6.330066828848047,38.24303095091047
2023-08-16 16:00:00,7.30087442678795,59.17724744341015
2023-08-16 17:00:00,7.8082281726938705,12.429308546624114
2023-08-16 18:00:00,7.425283613019471,126.96306605763242
2023-08-16 19:00:00,7.220355311291373,22.286685480127026
2023-08-16 20:00:00,6.1181220751693415,31.609785961057863
2023-08-16 21:00:00,7.991561636045082,50.32608118198186
2023-08-16 22:00:00,5.154048395600073,-33.6167924029153
2023-08-16 23:00:00,5.205144709037397,20.416638180256104
2023-08-17 00:00:00,8.279011402553941,-48.347522567457546
2023-08-17 01:00:00,6.773235330730793,17.0673991307213
2023-08-17 02:00:00,5.173635458117718,214.90098677772136
2023-08-17 03:00:00,4.978007527092076,184.18606781090972
2023-08-17 04:00:00,4.9358292753703985,286.8011003394556
2023-08-17 05:00:00,8.445971885026395,391.2344577282417
2023-08-17 06:00:00,6.330370439751107,230.02906024981718
2023-08-17 07:00:00,5.894310074214338,342.216074116062
2023-08-17 08:00:00,8.040397881428046,276.5369023884761
2023-08-17 09:00:00,6.662891768251475,223.16647793604892
2023-08-17 10:00:00,6.084188971212951,163.2696545723021
2023-08-17 11:00:00,7.4724886386294775,83.84749037639745
2023-08-17 12:00:00,7.0093237197005465,26.164638575897648
2023-08-17 13:00:00,7.012073076752793,-52.566131320922324
2023-08-17 14:00:00,6.14139768735765,25.10772745767097
2023-08-17 15:00:00,5.516272556593816,-56.37875078347041
2023-08-17 16:00:00,5.401146388981642,105.19496513408835
2023-08-17 17:00:00,6.514524765595647,-5.249916907545167
2023-08-17 18:00:00,6.4191423205663485,8.971253966207508
2023-08-17 19:00:00,6.894423812229028,88.5398052404166
2023-08-17 20:00:00,5.986795676440793,-38.73034829419079
2023-08-17 21:00:00,7.69192216145672,-0.5623130899416044
2023-08-17 22:00:00,5.0860722277454915,-70.50237171016389
2023-08-17 23:00:00,6.829664261280125,-48.50667983265707
2023-08-18 00:00:00,5.442731041743659,-71.19865294073679
2023-08-18 01:00:00,6.109041631306385,122.11399379737807
2023-08-18 02:00:00,5.431475972812782,187.28012192157908
2023-08-18 03:00:00,5.9845744557472305,202.728457477335
2023-08-18 04:00:00,5.28192167151848,249.72396659231924
2023-08-18 05:00:00,5.351379314083955,355.3215707193096
2023-08-18 06:00:00,7.315976536834022,317.3582347413496
2023-08-18 07:00:00,4.962781636645651,263.42518897536706
2023-08-18 08:00:00,7.002170089837772,328.7172152247145
2023-08-18 09:00:00,7.204042787329856,217.51240813011307
2023-08-18 10:00:00,7.082626453174971,192.66951413588947
2023-08-18 11:00:00,6.325582609771207,85.79347649921993
2023-08-18 12:00:00,5.260127963279898,103.88662443842533
2023-08-18 13:00:00,4.8069939221537075,-10.342140213555945
2023-08-18 14:00:00,5.1721374232563955,-100.4237249098136
2023-08-18 15:00:00,5.178391541309223,-11.391977801227148
2023-08-18 16:00:00,6.627213117892122,13.319787796350424
2023-08-18 17:00:00,4.936679748624859,22.987656920095663
2023-08-18 18:00:00,6.145483762781041,40.437744760395844
2023-08-18 19:00:00,6.392382102952048,-29.042825160653823
2023-08-18 20:00:00,6.04914780761307,78.1958076152389
2023-08-18 21:00:00,6.081674973113405,48.24172319099917
2023-08-18 22:00:00,7.6285812897004455,6.546960613692865
2023-08-18 23:00:00,6.851923979913526,-34.69946504147332
2023-08-19 00:00:00,6.996932959435047,96.39881460197991
2023-08-19 01:00:00,5.922278151677179,117.90949553083908
2023-08-19 02:00:00,7.07841651686301,132.73466410199697
2023-08-19 03:00:00,6.597592534572763,292.62725110191695
2023-08-19 04:00:00,6.5040666372771945,283.54824607097663
2023-08-19 05:00:00,5.902525199061899,379.43489006910795
2023-08-19 06:00:00,6.5306860842143095,272.5402648818074
2023-08-19 07:00:00,8.402198022933277,293.9495685281976
2023-08-19 08:00:00,6.897456423158415,341.6324528571672
2023-08-19 09:00:00,8.003001676433595,189.08035907354028
2023-08-19 10:00:00,4.406944075131616,144.6743660432627
2023-08-19 11:00:00,6.366190856945067,-55.43674243464635
2023-08-19 12:00:00,7.114862295125573,20.61033540614433
2023-08-19 13:00:00,6.68056958789002,57.70889119877904
2023-08-19 14:00:00,6.808910015114554,-46.06481014978274
2023-08-19 15:00:00,5.905143412362403,22.3785629622461
2023-08-19 16:00:00,7.505189316390654,-27.051111251547443
2023-08-19 17:00:00,4.693117748433888,-75.45779385245727
2023-08-19 18:00:00,6.144296406635428,-16.266552476953805
2023-08-19 19:00:00,6.418088745449679,-28.732381169160327
2023-08-19 20:00:00,5.72108040842155,6.3695648676493715
2023-08-19 21:00:00,6.321827127070443,-15.292222253335064
2023-08-19 22:00:00,4.329140924393189,66.86589591596913
2023-08-19 23:00:00,4.997495150722131,-27.88451574042878
2023-08-20 00:00:00,7.50690510070945,-6.469679770918936
2023-08-20 01:00:00,6.480077257538378,92.68533461861509
2023-08-20 02:00:00,5.857865374756129,153.36775104434946
2023-08-20 03:00:00,7.216423314298336,193.7237624430747
2023-08-20 04:00:00,7.623850552403601,272.6227846602366
2023-08-20 05:00:00,8.046394511682026,327.44162066790716
2023-08-20 06:00:00,4.349707289176721,356.7677498361495
2023-08-20 07:00:00,7.619535341570188,195.31364741737357
2023-08-20 08:00:00,5.0757001655503835,295.38601634257805
2023-08-20 09:00:00,6.538320866749327,186.7749209255088
2023-08-20 10:00:00,6.847994240599168,213.81573924260124
2023-08-20 11:00:00,7.845544003965809,127.32605640554534
2023-08-20 12:00:00,6.705954047527032,46.279762314279814
2023-08-20 13:00:00,6.515654952989266,-29.18414311127518
2023-08-20 14:00:00,5.398870818145725,-69.64561016069462
2023-08-20 15:00:00,4.549010190736301,63.554937172588325
2023-08-20 16:00:00,5.372777399964245,58.446044991324875
2023-08-20 17:00:00,7.643266449714285,-100.18144944510654
2023-08-20 18:00:00,6.269477598715207,68.75631585281381
2023-08-20 19:00:00,7.897915826311584,17.74381291077356
2023-08-20 20:00:00,5.51923826384491,6.59753477816007
2023-08-20 21:00:00,7.022041103464426,-41.12142950402687
2023-08-20 22:00:00,6.404429840271896,50.71717176151179
2023-08-20 23:00:00,7.531923667713011,-22.998900602411673
2023-08-21 00:00:00,5.957239395898779,-23.23157466819393
2023-08-21 01:00:00,6.053055257257896,-26.824765152390043
2023-08-21 02:00:00,7.397675105904309,117.31429356799316
2023-08-21 03:00:00,4.0909300424441986,168.91802199904373
2023-08-21 04:00:00,6.03742179873439,163.78118285848382
2023-08-21 05:00:00,4.519481652298456,376.4413723563111
2023-08-21 06:00:00,6.151095756017193,302.7891947913231
2023-08-21 07:00:00,5.760159008648122,227.21322792015332
2023-08-21 08:00:00,6.782806301980842,219.43556846390524
2023-08-21 09:00:00,6.646776757805369,189.47483747010415
2023-08-21 10:00:00,5.8949550631193866,124.69920483232038
2023-08-21 11:00:00,5.2188258957689735,120.0123787819073
2023-08-21 12:00:00,6.258886852966956,-13.463215875318609
2023-08-21 13:00:00,7.485601104031797,4.930392233029659
2023-08-21 14:00:00,5.200278925144713,-13.236968128639404
2023-08-21 15:00:00,4.677303227956083,58.14422794008893
2023-08-21 16:00:00,4.337376282033617,68.88218094969166
2023-08-21 17:00:00,4.6459140141102475,-6.689943214464515
2023-08-21 18:00:00,6.173301882427235,-47.311393596747514
2023-08-21 19:00:00,4.775150671567243,-5.4766002393461966
2023-08-21 20:00:00,5.805601408890485,-155.50008207778913
2023-08-21 21:00:00,6.642192899554731,15.678731767383619
2023-08-21 22:00:00,4.051994549004673,-67.94757075650023
2023-08-21 23:00:00,7.167379533888727,-11.050641666606314
2023-08-22 00:00:00,7.553028177643959,23.580844289033642
2023-08-22 01:00:00,7.990166098717939,50.756207812356564
2023-08-22 02:00:00,7.599635847945848,131.21729222920746
2023-08-22 03:00:00,8.538282311787976,229.47124575680598
2023-08-22 04:00:00,6.355633622264209,237.3394485464195
2023-08-22 05:00:00,6.931583534664024,342.0615941070365
2023-08-22 06:00:00,5.874402134758573,344.92451727798806
2023-08-22 07:00:00,6.78836882969785,324.2108357887555
2023-08-22 08:00:00,6.263059389113736,233.73035779692114
2023-08-22 09:00:00,4.462584485132954,245.24549562959356
2023-08-22 10:00:00,4.621297808618058,115.99202486314388
2023-08-22 11:00:00,7.934570579788793,74.90768801848785
2023-08-22 12:00:00,6.280723267817855,-131.7899385969004
2023-08-22 13:00:00,7.545906742098133,57.859707371105465
2023-08-22 14:00:00,5.558802585769446,86.34326371668634
2023-08-22 15:00:00,5.233118028896939,11.240237338354317
2023-08-22 16:00:00,6.039762032285103,-79.08060343488205
2023-08-22 17:00:00,6.9107618352452045,-10.88371679210099
2023-08-22 18:00:00,7.517664654068515,3.553205255875738
2023-08-22 19:00:00,6.311804942050912,0.8012678987538359
2023-08-22 20:00:00,6.779234058631661,127.05020632909405
2023-08-22 21:00:00,5.98192962352365,-12.227574568261321
2023-08-22 22:00:00,7.5814031197593525,-28.86725375080717
2023-08-22 23:00:00,7.596608613299699,8.149050873715206
2023-08-23 00:00:00,5.286502717418884,-7.13784290768829
2023-08-23 01:00:00,6.454826476621341,41.101573165445394
2023-08-23 02:00:00,5.076174291409039,63.70631836806784
2023-08-23 03:00:00,6.888020317222067,251.2868142051981
2023-08-23 04:00:00,5.677390796386751,219.70394640030526
2023-08-23 05:00:00,5.274472320770078,242.92063062971664
2023-08-23 06:00:00,4.031740903560387,263.03493832869486
2023-08-23 07:00:00,7.154751213026344,220.14734013821163
2023-08-23 08:00:00,6.264560372202732,295.71599225787577
2023-08-23 09:00:00,6.3228252872145605,240.7919202628445
2023-08-23 10:00:00,6.903560131282307,161.29178270473446
2023-08-23 11:00:00,5.309918624025904,114.06272670032176
2023-08-23 12:00:00,5.153545185098605,21.581908036780135
2023-08-23 13:00:00,6.621059570751386,29.389257597937966
2023-08-23 14:00:00,7.2298666723268905,91.22240612781835
2023-08-23 15:00:00,6.60386423770835,49.08839775423816
2023-08-23 16:00:00,7.674523292292159,8.786319951981413
2023-08-23 17:00:00,6.636143865584241,-46.68513555166049
2023-08-23 18:00:00,6.58160434678406,-79.79615033176451
2023-08-23 19:00:00,6.893975317442559,-87.9724086763241
2023-08-23 20:00:00,5.839817597442823,47.31689926273584
2023-08-23 21:00:00,4.829265913790163,-27.895452150022614
2023-08-23 22:00:00,6.090760892085812,3.963063427247477
2023-08-23 23:00:00,6.785599578959507,-47.651609183772884
2023-08-24 00:00:00,5.159610306963798,110.27549568394825
2023-08-24 01:00:00,4.613021102173965,-11.900919550423112
2023-08-24 02:00:00,5.293094408882091,157.40923838135419
2023-08-24 03:00:00,7.3544359737247325,194.87671273386314
2023-08-24 04:00:00,6.514736021035381,261.5511483000278
2023-08-24 05:00:00,5.893103539558188,274.6687384918704
2023-08-24 06:00:00,5.051390363351725,256.3838525221035
2023-08-24 07:00:00,6.294386343426904,234.7949512338413
2023-08-24 08:00:00,6.2042458703803085,363.0560501768014
2023-08-24 09:00:00,6.4753413778206115,197.91310435308415
2023-08-24 10:00:00,8.523246282423194,167.5882204112794
2023-08-24 11:00:00,6.51295599825638,-1.8059443373753936
2023-08-24 12:00:00,5.325011525937407,-105.84864585650875
2023-08-24 13:00:00,4.634007075477584,-33.832227338818804
2023-08-24 14:00:00,5.459552729075934,43.653730895293045
2023-08-24 15:00:00,5.562177412997101,1.4159153411803573
2023-08-24 16:00:00,6.847864286524879,-26.996355014501074
2023-08-24 17:00:00,5.400931530733871,21.490698017561076
2023-08-24 18:00:00,5.027214204400062,-27.516673293844907
2023-08-24 19:00:00,6.55712741970022,68.83088110218455
2023-08-24 20:00:00,5.400176273465021,70.87778734000561
2023-08-24 21:00:00,6.595644222180084,-28.862865958449426
2023-08-24 22:00:00,5.173067481684344,-38.83553592105197
2023-08-24 23:00:00,5.547150837004925,-3.662520749374032
2023-08-25 00:00:00,5.385643665229552,21.33370201275001
2023-08-25 01:00:00,6.37892239945697,63.536470503303825
2023-08-25 02:00:00,5.82367509843001,201.48924977070402
2023-08-25 03:00:00,4.745913122160202,224.26284649992925
2023-08-25 04:00:00,4.662257304658068,312.8185639866946
2023-08-25 05:00:00,5.651653518682746,232.1017171073376
2023-08-25 06:00:00,4.552160382113849,268.7488632142909
2023-08-25 07:00:00,5.553388225039393,314.8710717991004
2023-08-25 08:00:00,6.223984526780412,261.0505027206362
2023-08-25 09:00:00,4.78512825008343,201.60390347660197
2023-08-25 10:00:00,6.816019144339811,123.23404134150272
2023-08-25 11:00:00,7.351192135173691,81.56317312977247
2023-08-25 12:00:00,7.051083072628434,71.4123112967203
2023-08-25 13:00:00,6.636413742831107,-100.45576686907903
2023-08-25 14:00:00,6.3894342137273705,-7.598634879387599
2023-08-25 15:00:00,6.207480393018769,-5.422663668970876
2023-08-25 16:00:00,6.337533341620306,-54.37195739639431
2023-08-25 17:00:00,5.362622233871203,-7.799640722490164
2023-08-25 18:00:00,5.942513149341492,-81.97149534747126
2023-08-25 19:00:00,6.116204466522621,-29.208973900084327
2023-08-25 20:00:00,6.608650675709354,-13.424110413745815
2023-08-25 21:00:00,4.377517735374764,-0.2597021727497993
2023-08-25 22:00:00,6.1786087718665,93.7583321370482
2023-08-25 23:00:00,7.029551931655293,-40.80827756559576
2023-08-26 00:00:00,5.314796770197339,-66.22810135737687
2023-08-26 01:00:00,5.807853123607035,126.1817485376643
2023-08-26 02:00:00,4.0538237814652005,-75.21568278474464
2023-08-26 03:00:00,5.983689908215594,178.25597363013847
2023-08-26 04:00:00,4.428647353851392,239.94348892591293
2023-08-26 05:00:00,5.363953434947593,238.7239015614511
2023-08-26 06:00:00,5.868465764184447,291.1209511122037
2023-08-26 07:00:00,5.310491730040542,253.3583395786724
2023-08-26 08:00:00,5.753289185207784,169.15429697916068
2023-08-26 09:00:00,6.290608213634784,240.11341562677183
2023-08-26 10:00:00,5.878924763128636,180.77392271352537
2023-08-26 11:00:00,6.058557655137204,27.20337482994357
2023-08-26 12:00:00,4.047609709144098,-27.059933945954093
2023-08-26 13:00:00,5.759658169398591,92.8026043376134
2023-08-26 14:00:00,3.697049220984145,22.423112660631777
2023-08-26 15:00:00,5.521415377943574,0.010001472941697972
2023-08-26 16:00:00,7.758492900558737,80.87277097522691
2023-08-26 17:00:00,6.853793520090873,-81.08258238462362
2023-08-26 18:00:00,4.489716514520592,-101.6454505941818
2023-08-26 19:00:00,5.374163641573932,8.345325463516906
2023-08-26 20:00:00,5.74134216771542,42.00502598593596
2023-08-26 21:00:00,6.423797218576616,-85.53494893899718
2023-08-26 22:00:00,6.767907053744941,-64.98000967019877
2023-08-26 23:00:00,7.546704754545928,39.653262234180694
2023-08-27 00:00:00,4.913767708212845,-57.61400019534633
2023-08-27 01:00:00,6.0862121040320485,63.13134074144234
2023-08-27 02:00:00,4.105038753386042,157.20026936214416
2023-08-27 03:00:00,6.278029147822526,255.21619089585806
2023-08-27 04:00:00,6.360891867831103,238.77992880125737
2023-08-27 05:00:00,5.888278308173384,308.0336191898753
2023-08-27 06:00:00,6.521803080618305,231.43501906795112
2023-08-27 07:00:00,5.007054806442067,312.8572960189079
2023-08-27 08:00:00,4.548691922591534,208.66384141796726
2023-08-27 09:00:00,4.917531784652557,138.44065253977368
2023-08-27 10:00:00,6.238258610001015,249.96543589370305
2023-08-27 11:00:00,7.178755319765081,167.44017282245585
2023-08-27 12:00:00,5.009728103403639,7.406434117221749
2023-08-27 13:00:00,5.1848207164311715,77.35616829393437
2023-08-27 14:00:00,5.983494262612758,-16.287660298296853
2023-08-27 15:00:00,9.314441695334441,-6.800969416434942
2023-08-27 16:00:00,5.420575247942493,-8.826793184963151
2023-08-27 17:00:00,6.832276824017531,-45.66947998180774
2023-08-27 18:00:00,5.689698575039409,-117.20600299313266
2023-08-27 19:00:00,5.327895825156265,-15.464788258650783
2023-08-27 20:00:00,4.538854685604759,65.12037483847344
2023-08-27 21:00:00,5.5642773272752475,13.791005441670839
2023-08-27 22:00:00,6.717500363263119,40.72650982902133
2023-08-27 23:00:00,4.998379116093088,19.654921080219793
2023-08-28 00:00:00,5.916717040158333,-42.32803141763837
2023-08-28 01:00:00,4.9666131258963,87.73245691426341
2023-08-28 02:00:00,5.402737258478932,128.8931570188442
2023-08-28 03:00:00,4.305938271901118,152.65402507530047
2023-08-28 04:00:00,8.138613442494679,298.00763040802866
2023-08-28 05:00:00,6.126809109198379,215.83823995395278
2023-08-28 06:00:00,5.493934927954507,258.0678997818969
2023-08-28 07:00:00,7.111134925269693,391.95131028602026
2023-08-28 08:00:00,5.729886536565072,287.1044548260612
2023-08-28 09:00:00,6.279496975581633,218.03419664233624
2023-08-28 10:00:00,7.382866098023516,36.83613951489386
2023-08-28 11:00:00,7.29408669310494,69.42562080684839
2023-08-28 12:00:00,4.676807491105385,-58.22702438208677
2023-08-28 13:00:00,5.8330688816554,-3.898540489789701
2023-08-28 14:00:00,7.097453595207227,-9.517669964657664
2023-08-28 15:00:00,4.739031988344649,-42.83242547387664
2023-08-28 16:00:00,5.562587009210453,58.62255933069979
2023-08-28 17:00:00,5.526104806556065,47.74348716677388
2023-08-28 18:00:00,6.321467074511601,-56.298174331404205
2023-08-28 19:00:00,6.6228940621791335,78.70358117731179
2023-08-28 20:00:00,6.97043714213331,-57.48162212575687
2023-08-28 21:00:00,5.903026817126817,83.21185885097857
2023-08-28 22:00:00,4.779618512421204,-10.54468464642241
2023-08-28 23:00:00,5.465773069680812,-20.0244338113928
2023-08-29 00:00:00,4.715984009319309,74.4510636670437
2023-08-29 01:00:00,5.091641201549324,66.50974371792236
2023-08-29 02:00:00,6.482695893665421,199.22391569200911
2023-08-29 03:00:00,4.338698445006332,139.0770398734124
2023-08-29 04:00:00,5.22096482167032,251.43546303902372
2023-08-29 05:00:00,6.6645492764765475,302.57793123273444
2023-08-29 06:00:00,6.458294237912443,348.50773296335007
2023-08-29 07:00:00,4.971429837699993,314.4740097415372
2023-08-29 08:00:00,4.873923016481463,252.25733721171414
2023-08-29 09:00:00,7.349182573234515,227.81465043291686
2023-08-29 10:00:00,6.148543761097594,107.9567054913002
2023-08-29 11:00:00,4.960863787894665,104.92123370636234
2023-08-29 12:00:00,5.732670942668351,23.88365733211423
2023-08-29 13:00:00,6.860235860314455,-38.880190626408925
2023-08-29 14:00:00,4.87971510812137,6.150582071038271
2023-08-29 15:00:00,4.8588892457309,38.55922783775888
2023-08-29 16:00:00,5.994367274176605,122.19228911767284
2023-08-29 17:00:00,4.421485888629773,59.275659247740805
2023-08-29 18:00:00,5.100497882010801,11.250375439102324
2023-08-29 19:00:00,5.338730709535082,14.230924507561918
2023-08-29 20:00:00,3.1168163316780757,-7.264907758731319
2023-08-29 21:00:00,5.8568831852694645,5.569574283456406
2023-08-29 22:00:00,6.386290872058581,38.8153139547966
2023-08-29 23:00:00,7.723998265737621,37.57758363416925
2023-08-30 00:00:00,6.325108822529909,-4.260464189251312
2023-08-30 01:00:00,4.702301057022703,19.163553031684067
2023-08-30 02:00:00,5.276535769115433,132.50804006218272
2023-08-30 03:00:00,7.589570237385061,160.7397676165932
2023-08-30 04:00:00,6.182271003884787,187.2674050407529
2023-08-30 05:00:00,6.776521149488894,307.0828939512355
2023-08-30 06:00:00,5.15501266051006,303.69331016959757
2023-08-30 07:00:00,5.512257574240726,230.7165278748208
2023-08-30 08:00:00,5.659409831776171,231.81887733273277
2023-08-30 09:00:00,6.648736112456083,217.8675076268628
2023-08-30 10:00:00,5.2999180810622875,156.0886729899476
2023-08-30 11:00:00,6.33109763323319,96.09567308861426
2023-08-30 12:00:00,5.727700717805494,-38.11065500353327
2023-08-30 13:00:00,4.515260773138413,17.901835199001074
2023-08-30 14:00:00,5.725509589226226,-2.382796105187444
2023-08-30 15:00:00,6.832622631014313,38.59395054263807
2023-08-30 16:00:00,5.734491159184764,53.74200193698637
2023-08-30 17:00:00,5.39974709334959,151.4614833708717
2023-08-30 18:00:00,7.152107379990585,65.48185819435145
2023-08-30 19:00:00,6.118280009011493,6.3011851412919
2023-08-30 20:00:00,4.3467661089700576,-1.8895020042953605
2023-08-30 21:00:00,5.439533627997219,-46.79723803907669
2023-08-30 22:00:00,5.996248417897614,-45.55797377399565
2023-08-30 23:00:00,5.963723750346657,13.57764541541682
2023-08-31 00:00:00,6.195251535152859,15.127767035591793
2023-08-31 01:00:00,5.522959393332211,207.37774241499042
2023-08-31 02:00:00,5.472407598550367,105.72193339033154
2023-08-31 03:00:00,5.69837018077221,159.38740369963884
2023-08-31 04:00:00,6.478772410954946,258.64143786696616
2023-08-31 05:00:00,4.999882857840389,249.34075090035046
2023-08-31 06:00:00,5.612228739816414,303.67701280996636
2023-08-31 07:00:00,5.932230699533819,250.8442802972767
2023-08-31 08:00:00,5.146149575014169,231.86744660671548
2023-08-31 09:00:00,6.146684545440173,222.44782082607296
2023-08-31 10:00:00,6.0332011282231335,113.76050441659982
2023-08-31 11:00:00,3.615442072105001,55.534288633717324
2023-08-31 12:00:00,5.718200250213355,26.43149306135559
2023-08-31 13:00:00,7.101547735312595,2.3275182528554343
2023-08-31 14:00:00,7.18073810645747,-31.987196357940228
2023-08-31 15:00:00,6.366766099288143,-24.097328843679865
2023-08-31 16:00:00,6.954299197878653,52.12049907514784
2023-08-31 17:00:00,5.531297204604463,15.516037245391558
2023-08-31 18:00:00,6.253825796654701,-18.074910599500935
2023-08-31 19:00:00,5.848118414414296,43.29376037661251
2023-08-31 20:00:00,6.352985076330321,21.809164290799398
2023-08-31 21:00:00,7.529114792009352,67.74318834171184
2023-08-31 22:00:00,6.686607808359601,44.2902310777434
2023-08-31 23:00:00,5.3418079610469125,58.323705418365215
2023-09-01 00:00:00,7.221812445815933,-17.01006133927892
2023-09-01 01:00:00,5.889430071091914,28.561431756721134
2023-09-01 02:00:00,6.2932945520374854,179.62866419172587
2023-09-01 03:00:00,5.405389478845512,238.52207459089388
2023-09-01 04:00:00,6.3788401183992605,239.04822144401876
2023-09-01 05:00:00,6.040445476870521,220.2901762886161
2023-09-01 06:00:00,6.773161594347453,297.42115168163065
2023-09-01 07:00:00,5.139100481584395,291.8842197758494
2023-09-01 08:00:00,6.592095473782494,176.39574376141533
2023-09-01 09:00:00,3.2027539546179535,218.1697048177269
2023-09-01 10:00:00,5.025540975587487,198.5688291204197
2023-09-01 11:00:00,4.296138718576193,7.313246872027591
2023-09-01 12:00:00,5.978878607130488,26.458636097615347
2023-09-01 13:00:00,6.602835389189807,65.51735262387861
2023-09-01 14:00:00,5.632285501344214,68.64269528236039
2023-09-01 15:00:00,6.997188467823694,-93.72004010766494
2023-09-01 16:00:00,4.867121720452717,54.381854860787506
2023-09-01 17:00:00,4.240024674033413,-15.677515346015426
2023-09-01 18:00:00,6.364613611370922,-21.48131764848502
2023-09-01 19:00:00,6.811899716931141,125.61774554547202
2023-09-01 20:00:00,5.7469140351622245,10.995019036771577
2023-09-01 21:00:00,7.463666178096378,-19.14102056418927
2023-09-01 22:00:00,6.149855064047168,39.96107239662302
2023-09-01 23:00:00,6.039154777193539,84.28260758775893
2023-09-02 00:00:00,5.169618421980902,8.665558295397018
2023-09-02 01:00:00,4.296757403093707,45.78495287783096
2023-09-02 02:00:00,5.333230541135441,144.5603459587304
2023-09-02 03:00:00,7.180836899468748,252.53062138178615
2023-09-02 04:00:00,5.790855654237935,226.9395056822372
2023-09-02 05:00:00,5.208716420389886,325.0469908660424
2023-09-02 06:00:00,4.694942032134748,272.9765710370238
2023-09-02 07:00:00,6.1387328864595965,177.72549912997687
2023-09-02 08:00:00,4.474939737539212,318.48013677095685
2023-09-02 09:00:00,5.956905633602634,214.7525303101002
2023-09-02 10:00:00,5.138751440914578,192.69752194431072
2023-09-02 11:00:00,5.339277319410607,87.58381873701781
2023-09-02 12:00:00,6.2420589190946645,1.8595605861947975
2023-09-02 13:00:00,4.6500069847398535,36.84460330092522
2023-09-02 14:00:00,5.606475063701341,-7.698449949081467
2023-09-02 15:00:00,4.072738411057961,90.66877361255798
2023-09-02 16:00:00,5.486882187294108,-1.5219577640968645
2023-09-02 17:00:00,6.096929633238738,90.93671112091077
2023-09-02 18:00:00,6.391337419754167,30.232384407860806
2023-09-02 19:00:00,6.7341969429942345,-119.05803178690822
2023-09-02 20:00:00,6.258511907698885,-49.49496987281227
2023-09-02 21:00:00,5.1931497492525605,42.48310019182241
2023-09-02 22:00:00,3.78956067633056,-45.92464235785125
2023-09-02 23:00:00,6.590595888530314,-67.81865428683703
2023-09-03 00:00:00,5.035114889116493,64.205352780782
2023-09-03 01:00:00,4.11309680593312,-7.462998476035963
2023-09-03 02:00:00,7.43127596295152,177.89107445578148
2023-09-03 03:00:00,5.499160668318949,178.40092993518286
2023-09-03 04:00:00,6.048685893802363,275.8579617864321
2023-09-03 05:00:00,5.787829272552075,281.84304102130363
2023-09-03 06:00:00,5.545299773900571,174.3260158571409
2023-09-03 07:00:00,5.17269351019382,252.76643608279488
2023-09-03 08:00:00,4.97592417737044,228.53407813849716
2023-09-03 09:00:00,7.785202896043623,217.0192006147603
2023-09-03 10:00:00,4.1021181784633045,154.9187689021242
2023-09-03 11:00:00,5.126671209962514,59.68981833087462
2023-09-03 12:00:00,4.669437487070941,-56.70622120478746
2023-09-03 13:00:00,6.07752082058768,24.055583279492478
2023-09-03 14:00:00,5.145734773775069,43.55794692396439
2023-09-03 15:00:00,5.060743272727954,16.541384389596722
2023-09-03 16:00:00,6.201485978285008,-10.97306411328631
2023-09-03 17:00:00,7.4948352388435255,-18.52195868707521
2023-09-03 18:00:00,4.729301313248514,-45.886624519401934
2023-09-03 19:00:00,4.008379575724936,12.42019348088975
2023-09-03 20:00:00,5.622250393878406,9.585296624050734
2023-09-03 21:00:00,6.3973259590346245,41.810466822112964
2023-09-03 22:00:00,5.344414249354561,-31.145881855591668
2023-09-03 23:00:00,6.19260219547786,5.960224020045046
2023-09-04 00:00:00,4.972547912081316,-65.80497562416376
2023-09-04 01:00:00,7.912679110337573,54.471505041607074
2023-09-04 02:00:00,6.135073023476721,109.93222950705884
2023-09-04 03:00:00,5.036336803690374,248.07168024139594
2023-09-04 04:00:00,4.768779680883239,324.3758274905629
2023-09-04 05:00:00,5.791178320508237,207.81673941050505
2023-09-04 06:00:00,6.194602453537018,321.423901883356
2023-09-04 07:00:00,4.213151916753397,300.66227065910215
2023-09-04 08:00:00,5.531923629995445,211.60740419797963
2023-09-04 09:00:00,6.263668618433277,157.60194058893063
2023-09-04 10:00:00,5.854557603284566,99.79854480487225
2023-09-04 11:00:00,6.1447224008464385,52.575120435225706
2023-09-04 12:00:00,7.011720501852653,-17.939434722932113
2023-09-04 13:00:00,2.411414400634661,-7.64207369524689
2023-09-04 14:00:00,5.739213932067429,-25.497477394344966
2023-09-04 15:00:00,3.1694005213768106,40.29805847413703
2023-09-04 16:00:00,5.475740360215934,25.439369872074113
2023-09-04 17:00:00,6.819901700457747,-8.66163185467309
2023-09-04 18:00:00,5.392210389970062,-26.97197444722452
2023-09-04 19:00:00,4.586372031280897,-28.30683180476854
2023-09-04 20:00:00,6.346375820602333,21.937572470496985
2023-09-04 21:00:00,5.660649084004269,2.8087505602041376
2023-09-04 22:00:00,5.709897887439201,9.937391637859266
2023-09-04 23:00:00,7.67822332471148,42.91978468667233
2023-09-05 00:00:00,3.976201818690738,-2.715969556707984
2023-09-05 01:00:00,4.846863373503375,139.46685605109775
2023-09-05 02:00:00,5.859331935528289,36.96040952246838
2023-09-05 03:00:00,6.702223476831365,128.1047160106395
2023-09-05 04:00:00,4.522757108361342,327.9347589540382
2023-09-05 05:00:00,5.072357670501988,244.93199675043215
2023-09-05 06:00:00,5.414757283050859,288.974012887667
2023-09-05 07:00:00,5.331079745502441,327.47532892548736
2023-09-05 08:00:00,6.180694029140193,254.59290120652344
2023-09-05 09:00:00,5.433067945785258,239.51174156288332
2023-09-05 10:00:00,6.132809103438339,167.86153305672923
2023-09-05 11:00:00,4.280333915760558,120.10410937981467
2023-09-05 12:00:00,5.627872845076815,24.651069372401505
2023-09-05 13:00:00,5.517794993130912,36.556444504054674
2023-09-05 14:00:00,6.326899645525924,-28.996677370813845
2023-09-05 15:00:00,8.00302538675135,26.15405396160651
2023-09-05 16:00:00,6.439510332311927,-2.0230774625728842
2023-09-05 17:00:00,4.779678496307884,-4.352722523674086
2023-09-05 18:00:00,6.116486844768018,-83.9589385182647
2023-09-05 19:00:00,5.4330428199703835,-21.08073960265882
2023-09-05 20:00:00,5.144520577771003,-6.719022431503888
2023-09-05 21:00:00,4.954346972918213,77.78313647559165
2023-09-05 22:00:00,4.901238859404016,-13.965911227425037
2023-09-05 23:00:00,4.338827522167469,14.143660247561037
2023-09-06 00:00:00,4.151515129042441,68.76693189062183
2023-09-06 01:00:00,6.102009701251036,8.605597574772936
2023-09-06 02:00:00,5.090693941877136,117.02474169147754
2023-09-06 03:00:00,5.629042610919821,236.56171900875958
2023-09-06 04:00:00,4.577172631352926,359.3261084689271
2023-09-06 05:00:00,6.026036983772737,163.8158690658098
2023-09-06 06:00:00,4.743325751736259,266.48390901919777
2023-09-06 07:00:00,4.1080986935652515,294.47916699196685
2023-09-06 08:00:00,7.015096928382942,277.9141839593923
2023-09-06 09:00:00,5.654722100816398,304.885321570641
2023-09-06 10:00:00,5.134754709976187,103.91680800438908
2023-09-06 11:00:00,5.254811939643147,58.73895674462923
2023-09-06 12:00:00,5.087745361049688,-81.40442256102554
2023-09-06 13:00:00,5.940215222974018,6.405921020545806
2023-09-06 14:00:00,3.89954978289217,25.557483986893143
2023-09-06 15:00:00,3.6417567773115787,104.60201933305314
2023-09-06 16:00:00,5.559532516700575,85.19829413887184
2023-09-06 17:00:00,3.7044467701585213,75.8105734551768
2023-09-06 18:00:00,3.5403773036924777,-34.76525963717659
2023-09-06 19:00:00,6.349921900938319,21.316153507821205
2023-09-06 20:00:00,5.613761710796794,19.45820436580269
2023-09-06 21:00:00,5.627257876893752,23.355463621168955
2023-09-06 22:00:00,4.328147214567217,-2.1291442423593216
2023-09-06 23:00:00,6.8371387370053425,56.54620539876276
2023-09-07 00:00:00,6.418032958236241,-17.79541971506703
2023-09-07 01:00:00,4.052958024985861,86.50893794308416
2023-09-07 02:00:00,5.303326368835568,207.96271058570568
2023-09-07 03:00:00,5.002474886839098,299.02481605323203
2023-09-07 04:00:00,5.367442338197848,192.91453376830458
2023-09-07 05:00:00,6.499751411907766,288.91441737653196
2023-09-07 06:00:00,5.0311952280535355,293.3219712552345
2023-09-07 07:00:00,6.395805993916112,322.37762480747466
2023-09-07 08:00:00,3.6815193756429636,316.0295713490402
2023-09-07 09:00:00,4.7969278813355505,174.6726233342647
2023-09-07 10:00:00,5.0103374545756,131.52396563788372
2023-09-07 11:00:00,4.871517449100766,73.69879954729551
2023-09-07 12:00:00,5.436444426475704,23.934738206156474
2023-09-07 13:00:00,5.56998805326829,41.34363860213014
2023-09-07 14:00:00,5.64250780197474,-18.765371128430424
2023-09-07 15:00:00,6.29834058935855,92.85009171431194
2023-09-07 16:00:00,6.1455387697787955,-91.46124436971017
2023-09-07 17:00:00,3.91000991324644,-59.71096017568396
2023-09-07 18:00:00,5.56200020851813,30.383339142500155
2023-09-07 19:00:00,4.800026134530174,-8.212538284846582
2023-09-07 20:00:00,6.231698238008261,-28.301352692514293
2023-09-07 21:00:00,6.707615999726948,47.974980555685825
2023-09-07 22:00:00,6.253702385259948,40.62909129536555
2023-09-07 23:00:00,7.318112760332253,62.459498622386
2023-09-08 00:00:00,6.1315922074964915,-51.78079433358802
2023-09-08 01:00:00,6.377443537369263,110.23411063702841
2023-09-08 02:00:00,4.584504554772281,174.57009186779953
2023-09-08 03:00:00,5.3536678862300375,139.78664908877911
2023-09-08 04:00:00,6.068466292039451,234.86410889847053
2023-09-08 05:00:00,5.667103354868747,308.2050593310232
2023-09-08 06:00:00,4.464988938037629,336.0362289291744
2023-09-08 07:00:00,4.455034436628264,252.42295227400123
2023-09-08 08:00:00,3.568074907911954,177.95909289386987
2023-09-08 09:00:00,5.750605299762655,266.7716674938274
2023-09-08 10:00:00,4.34811154631815,136.4525699800036
2023-09-08 11:00:00,6.05021037949734,-24.846215733073038
2023-09-08 12:00:00,6.102669298406358,-11.980192484637742
2023-09-08 13:00:00,5.600369783167488,56.640859939888344
2023-09-08 14:00:00,5.773469445777755,-60.96571670156167
2023-09-08 15:00:00,6.397088460069606,5.860950417591324
2023-09-08 16:00:00,6.528603659708462,-16.363698824517844
2023-09-08 17:00:00,3.147885630140631,-1.8737244138261135
2023-09-08 18:00:00,6.083763398181044,-21.812217629810185
2023-09-08 19:00:00,5.86557228550256,25.15801510372842
2023-09-08 20:00:00,5.674462979283996,-11.130698002460797
2023-09-08 21:00:00,5.851583403953389,32.84317415755863
2023-09-08 22:00:00,5.063043831353993,-18.380250631063124
2023-09-08 23:00:00,2.9813165975692417,55.92899575756416
2023-09-09 00:00:00,4.740782128653612,0.647567384564948
2023-09-09 01:00:00,3.5182575962225524,8.820402502128786
2023-09-09 02:00:00,3.6945478720038354,90.85653877380072
2023-09-09 03:00:00,6.415976794649902,131.12746877940575
2023-09-09 04:00:00,4.8017081794186645,176.45454633223278
2023-09-09 05:00:00,5.615198963996399,192.54968002062617
2023-09-09 06:00:00,5.350758105524923,213.0180862622142
2023-09-09 07:00:00,6.685210233873643,257.9365884891932
2023-09-09 08:00:00,5.421089870211144,268.4282927349525
2023-09-09 09:00:00,4.74883239254389,121.39211229438408
2023-09-09 10:00:00,6.827281067457061,93.42994804351125
2023-09-09 11:00:00,4.847619008721795,109.3400768115136
2023-09-09 12:00:00,5.763617343559499,-7.897016265574396
2023-09-09 13:00:00,5.84408468756455,-85.55167896077802
2023-09-09 14:00:00,4.104383532071031,1.88871386236863
2023-09-09 15:00:00,6.266850603960318,18.101609541831877
2023-09-09 16:00:00,6.700339103658793,15.714680185487898
2023-09-09 17:00:00,4.212674764569212,112.29804596313069
2023-09-09 18:00:00,5.3759242281351645,-37.658956397643514
2023-09-09 19:00:00,6.686258170313639,55.005722298280624
2023-09-09 20:00:00,3.7210201389647013,-1.220117390805477
2023-09-09 21:00:00,5.974945480151791,23.416395012075057
2023-09-09 22:00:00,4.097194484071991,-32.572873015241996
2023-09-09 23:00:00,5.026877827400269,-33.64437901396014
2023-09-10 00:00:00,5.104478667809431,-62.542994681426244
2023-09-10 01:00:00,4.137458528514218,-4.611390257760888
2023-09-10 02:00:00,4.404893668457191,166.44783911229064
2023-09-10 03:00:00,5.242922608554853,161.11545506760348
2023-09-10 04:00:00,6.692382577466182,357.4262274887918
2023-09-10 05:00:00,5.796573508743747,233.0435687696864
2023-09-10 06:00:00,3.6764365948902453,299.4159270406281
2023-09-10 07:00:00,5.781301776013633,259.48063025106904
2023-09-10 08:00:00,5.356600159967025,138.90720064615994
2023-09-10 09:00:00,4.682527312014328,120.63557425094945
2023-09-10 10:00:00,4.8783459688457675,57.36427695871255
2023-09-10 11:00:00,5.813147495009966,142.23496881174327
2023-09-10 12:00:00,3.7435938012486414,64.92574752611924
2023-09-10 13:00:00,4.668650415022057,96.3853003434091
2023-09-10 14:00:00,4.170140398573264,-111.02122436205832
2023-09-10 15:00:00,4.516430544638463,-68.46740851705408
2023-09-10 16:00:00,5.644941247843209,30.239616825880837
2023-09-10 17:00:00,5.364356598358928,-38.37768181466604
2023-09-10 18:00:00,5.98678226507212,34.71258194384065
2023-09-10 19:00:00,3.0620467981953787,-22.26885336850008
2023-09-10 20:00:00,5.045684124602959,-27.38704680879515
2023-09-10 21:00:00,5.208671860572547,-90.79671792691032
2023-09-10 22:00:00,3.6773362286191884,-28.837469293446894
2023-09-10 23:00:00,4.627212545552485,18.53347600755841
2023-09-11 00:00:00,5.2649050657745,-49.39819414872972
2023-09-11 01:00:00,5.60691232509264,71.84309914890004
2023-09-11 02:00:00,5.633533253915367,79.81642175211047
2023-09-11 03:00:00,3.3150055147501707,148.17318096527768
2023-09-11 04:00:00,4.655952882309888,193.64928840395368
2023-09-11 05:00:00,3.7565685845402914,278.5354076364919
2023-09-11 06:00:00,5.280329924675548,307.2221560245077
2023-09-11 07:00:00,4.855167088015895,347.21004955944795
2023-09-11 08:00:00,4.660882845519136,267.86172379058075
2023-09-11 09:00:00,8.453370901774136,205.08489410643693
2023-09-11 10:00:00,4.234360187527841,220.89972697760209
2023-09-11 11:00:00,5.269678752785165,82.13482152630536
2023-09-11 12:00:00,5.764773807834626,30.718026084781496
2023-09-11 13:00:00,5.644085442455038,47.821656284822446
2023-09-11 14:00:00,5.864626067236695,8.684935445836642
2023-09-11 15:00:00,5.641547161252396,-3.4052791727262557
2023-09-11 16:00:00,4.955838225437129,-8.325737880123183
2023-09-11 17:00:00,5.29723908773742,-28.640031691400765
2023-09-11 18:00:00,4.630183529899775,-24.80507555884735
2023-09-11 19:00:00,4.544132468409448,53.10147854881031
2023-09-11 20:00:00,3.9679498911466355,-54.83962507368777
2023-09-11 21:00:00,6.073759792397942,6.890544826736873
2023-09-11 22:00:00,6.390037641652238,-1.1864096052946838
2023-09-11 23:00:00,4.698998572870223,-71.25742257203586
2023-09-12 00:00:00,5.180711102380442,41.909175289301615
2023-09-12 01:00:00,6.857981846754612,1.2300417088871143
2023-09-12 02:00:00,6.380072622927362,94.19240793263751
2023-09-12 03:00:00,6.1492526452401,181.62554027548063
2023-09-12 04:00:00,5.527524882282078,302.18472714843983
2023-09-12 05:00:00,4.630344209795176,279.9902639465599
2023-09-12 06:00:00,4.7428264385875165,278.4546720644706
2023-09-12 07:00:00,5.493409084595108,321.53425433317386
2023-09-12 08:00:00,5.696721953066984,214.4735860764719
2023-09-12 09:00:00,4.2893073117918386,285.8163726206484
2023-09-12 10:00:00,6.504321589386579,156.6337071862974
2023-09-12 11:00:00,6.665713133448779,74.72321347017314
2023-09-12 12:00:00,6.052108710902574,-89.83542854642918
2023-09-12 13:00:00,6.761731534970667,48.798635872850454
2023-09-12 14:00:00,5.896444102949987,26.873094811280986
2023-09-12 15:00:00,5.532343984299393,-11.126542024690206
2023-09-12 16:00:00,5.309407547610864,-25.249415551272
2023-09-12 17:00:00,4.94125090752242,100.67239097618076
2023-09-12 18:00:00,5.252993497278302,-39.84441977052891
2023-09-12 19:00:00,4.21733189000734,17.44242892643236
2023-09-12 20:00:00,5.174590785446871,1.732911829232547
2023-09-12 21:00:00,4.089844106014034,34.4204273996352
2023-09-12 22:00:00,4.4573710934070405,-96.11849610141641
2023-09-12 23:00:00,6.48674370376985,33.62816742886402
2023-09-13 00:00:00,6.413763782930444,79.99189847462824
2023-09-13 01:00:00,4.394362505299421,-27.408893232596498
2023-09-13 02:00:00,6.101699308543803,83.37109007306705
2023-09-13 03:00:00,4.643218706717463,213.22964619021343
2023-09-13 04:00:00,4.567728892872552,219.84250312399425
2023-09-13 05:00:00,6.623900879829869,286.65033346647766
2023-09-13 06:00:00,4.13721014270868,298.7974325478136
2023-09-13 07:00:00,3.4442887587562394,263.9249602566985
2023-09-13 08:00:00,4.566089868532216,314.6754182410253
2023-09-13 09:00:00,4.62965936565846,222.589437213026
2023-09-13 10:00:00,4.858498795942745,64.50574663002324
2023-09-13 11:00:00,3.510881310743019,102.74015251080081
2023-09-13 12:00:00,5.582861058862087,-1.631265027477779
2023-09-13 13:00:00,7.128016353811917,27.377807077115722
2023-09-13 14:00:00,5.533207492249829,58.4055936745777
2023-09-13 15:00:00,5.010338560944117,80.77193437978309
2023-09-13 16:00:00,5.899752527715792,4.213228337153634
2023-09-13 17:00:00,5.306518659067282,41.91941582551684
2023-09-13 18:00:00,5.288692429753562,-54.010294554643025
2023-09-13 19:00:00,5.1492810619924345,-23.1811614546454
2023-09-13 20:00:00,5.449156765169661,-28.13373313869456
2023-09-13 21:00:00,4.8207942984662235,51.705218156041745
2023-09-13 22:00:00,3.60332221926262,86.36239515632982
2023-09-13 23:00:00,7.080341716257148,159.46271554003079
2023-09-14 00:00:00,5.73639197968427,43.06420885832472
2023-09-14 01:00:00,4.504845297401037,123.5856677028898
2023-09-14 02:00:00,5.557563987696837,43.63796557913918
2023-09-14 03:00:00,4.076433062205113,94.67422726330726
2023-09-14 04:00:00,5.586836895482178,182.00396207298957
2023-09-14 05:00:00,5.948936003910334,188.73537049028343
2023-09-14 06:00:00,6.2393520330030565,285.90730061681387
2023-09-14 07:00:00,5.775208408488951,338.24898135390345
2023-09-14 08:00:00,5.016461587367582,226.04190106131026
2023-09-14 09:00:00,6.2306374717907955,151.28857036873606
2023-09-14 10:00:00,4.654400635283648,145.42763021607612
2023-09-14 11:00:00,5.504662497127397,31.418778860077374
2023-09-14 12:00:00,4.476903688856051,-27.155028976127028
2023-09-14 13:00:00,5.436183467883483,-9.749913659565884
2023-09-14 14:00:00,6.70056034813063,19.400302442180177
2023-09-14 15:00:00,5.9792637895948,-83.33530489253071
2023-09-14 16:00:00,6.1284703845443795,-101.48089677852741
2023-09-14 17:00:00,6.320108735884306,-42.97641125210844
2023-09-14 18:00:00,5.136273653544276,26.1169021425076
2023-09-14 19:00:00,4.333386485438732,-63.25779429089427
2023-09-14 20:00:00,3.3528186273320975,91.71431452205645
2023-09-14 21:00:00,4.122379430228814,42.60299580923011
2023-09-14 22:00:00,5.323417248241987,33.46464872979044
2023-09-14 23:00:00,3.173511955126481,42.76051685236864
2023-09-15 00:00:00,5.359691828279116,21.326094060592155
2023-09-15 01:00:00,5.676551185015538,92.41616385531091
2023-09-15 02:00:00,3.6184661204639053,191.6657143477523
2023-09-15 03:00:00,6.061880910351492,233.23615560344868
2023-09-15 04:00:00,4.761225178538699,239.43654448258684
2023-09-15 05:00:00,3.547332026934466,346.47847731068833
2023-09-15 06:00:00,3.4898217188414735,263.00539955845164
2023-09-15 07:00:00,5.127010117433472,227.5524749992052
2023-09-15 08:00:00,5.267460266292645,150.25547121374436
2023-09-15 09:00:00,5.167874239901183,147.1135362226049
2023-09-15 10:00:00,6.219623218141143,189.68265755152808
2023-09-15 11:00:00,5.24472359920827,65.36279323412717
2023-09-15 12:00:00,4.602235761131157,23.967386456989992
2023-09-15 13:00:00,4.862162067187309,4.040589683503185
2023-09-15 14:00:00,6.2641760635422274,-60.141916974304486
2023-09-15 15:00:00,4.062073998935257,-14.40087310283996
2023-09-15 16:00:00,5.3416666350165825,-41.703221572676775
2023-09-15 17:00:00,5.3877074959672395,-21.752447463104215
2023-09-15 18:00:00,6.205480399868216,-44.38242648100877
2023-09-15 19:00:00,5.294338452759748,24.099211373109373
2023-09-15 20:00:00,4.226073023467226,40.62226910459034
2023-09-15 21:00:00,5.374826107447238,1.7509876370101845
2023-09-15 22:00:00,5.9019697503220385,-99.47929404184252
2023-09-15 23:00:00,5.322412285396595,-67.6342649395714
2023-09-16 00:00:00,6.256701513115461,32.29583961305461
2023-09-16 01:00:00,3.8535486260241347,29.001426259753067
2023-09-16 02:00:00,5.002730517797297,91.28217672593496
2023-09-16 03:00:00,5.166316238333072,185.89199117845772
2023-09-16 04:00:00,5.93273233957257,184.09822230489084
2023-09-16 05:00:00,6.059802349522684,143.1507356437084
2023-09-16 06:00:00,5.184542331525616,211.79633772805784
2023-09-16 07:00:00,4.799441567299254,229.0384544100626
2023-09-16 08:00:00,5.3484224983533615,195.70719027800212
2023-09-16 09:00:00,4.019692257106383,217.50058552829373
2023-09-16 10:00:00,4.671029970025413,133.44309911288843
2023-09-16 11:00:00,5.73028826817574,67.6744604781196
2023-09-16 12:00:00,5.513889202227436,57.84392194549257
2023-09-16 13:00:00,4.498029511035556,-78.0016719670261
2023-09-16 14:00:00,4.3784466491497405,78.23336630207186
2023-09-16 15:00:00,4.360891365320475,82.5719581064147
2023-09-16 16:00:00,4.4297824447038305,-5.781521422248331
2023-09-16 17:00:00,5.307588287527246,-19.640278817624402
2023-09-16 18:00:00,6.361493067622667,67.13672036722666
2023-09-16 19:00:00,6.482391445981732,-13.192338637544736
2023-09-16 20:00:00,4.23844376587837,17.667863614445444
2023-09-16 21:00:00,5.490264421888208,13.909547833424751
2023-09-16 22:00:00,5.442037829142432,24.45752951000041
2023-09-16 23:00:00,5.372135875815181,-54.99575118699029
2023-09-17 00:00:00,4.162600204144979,21.98797450526715
2023-09-17 01:00:00,4.397223805828574,22.40213269199245
2023-09-17 02:00:00,5.484292081434249,98.54016330060318
2023-09-17 03:00:00,4.754600125486785,228.13192318654723
2023-09-17 04:00:00,5.229946972860894,197.3740930311549
2023-09-17 05:00:00,4.125793041078726,216.31729279739358
2023-09-17 06:00:00,4.6497923914547865,267.16034907612436
2023-09-17 07:00:00,3.8054690463941347,315.54213241499906
2023-09-17 08:00:00,5.403714252433243,342.7886384688701
2023-09-17 09:00:00,4.791235258438858,238.82500964890858
2023-09-17 10:00:00,5.405137728491171,184.94333428561455
2023-09-17 11:00:00,4.772799222972495,65.31405025451107
2023-09-17 12:00:00,5.375072659766316,127.9760129587104
2023-09-17 13:00:00,6.944561482202941,9.931187733651878
2023-09-17 14:00:00,4.615632080469805,-1.7817784452181344
2023-09-17 15:00:00,5.630855284088582,19.13385677536732
2023-09-17 16:00:00,4.480109540950039,13.221937137028213
2023-09-17 17:00:00,5.007362167698555,-65.68981163779799
2023-09-17 18:00:00,5.612332656835948,-34.857536533338944
2023-09-17 19:00:00,5.422654606028796,19.028747279542337
2023-09-17 20:00:00,5.830230513241321,-39.468541312840024
2023-09-17 21:00:00,6.095845029203296,32.382246624055725
2023-09-17 22:00:00,5.804202850044183,1.8031197041191116
2023-09-17 23:00:00,6.05964955783198,46.837042118105956
2023-09-18 00:00:00,5.332951179134488,-6.187031771974444
2023-09-18 01:00:00,4.3913561579945615,90.3421484788652
2023-09-18 02:00:00,5.920599605652817,37.411145628301355
2023-09-18 03:00:00,4.7385500682364805,100.54766300431518
2023-09-18 04:00:00,5.813857986611406,181.53468883042075
2023-09-18 05:00:00,3.864909904731943,262.82016477105134
2023-09-18 06:00:00,4.76417354359598,216.93699297962374
2023-09-18 07:00:00,4.428747125375983,283.6743956699974
2023-09-18 08:00:00,5.512409847126588,241.0370058550479
2023-09-18 09:00:00,4.542842507546479,158.07903323618012
2023-09-18 10:00:00,5.1047161404042685,139.19160606507856
2023-09-18 11:00:00,4.9746158275937535,44.05541613958379
2023-09-18 12:00:00,6.14650457628506,15.75525149270788
2023-09-18 13:00:00,5.590795475679528,-25.520754823601777
2023-09-18 14:00:00,5.409671194907694,19.824510430087532
2023-09-18 15:00:00,5.140291018196403,68.03090496428575
2023-09-18 16:00:00,4.352858265678043,-61.792682607975216
2023-09-18 17:00:00,4.243245501296442,-34.716041841617624
2023-09-18 18:00:00,5.397184229657194,-32.64561897366251
2023-09-18 19:00:00,3.7058775147961254,15.557007583918784
2023-09-18 20:00:00,5.0823194382649,41.88288911349418
2023-09-18 21:00:00,5.22725637999541,-86.9774450084044
2023-09-18 22:00:00,3.709280553934724,-9.173292973597738
2023-09-18 23:00:00,5.063761734378626,1.4119592511695414
2023-09-19 00:00:00,5.10819935201044,44.095775995397815
2023-09-19 01:00:00,7.180630480575418,21.232379362482504
2023-09-19 02:00:00,5.111351630673903,164.03834162486174
2023-09-19 03:00:00,5.9771235915413765,195.03057607763247
2023-09-19 04:00:00,5.548461865705737,309.6242047809552
2023-09-19 05:00:00,5.359895118199232,356.10072351461184
2023-09-19 06:00:00,5.931916076986983,294.88814813354077
2023-09-19 07:00:00,3.6586517576340674,233.3826495708414
2023-09-19 08:00:00,5.013313538787002,245.45381350255752
2023-09-19 09:00:00,5.383278647977187,209.45515080135013
2023-09-19 10:00:00,4.1394204094878315,153.8841750075313
2023-09-19 11:00:00,5.05521866991483,87.04233084744924
2023-09-19 12:00:00,5.195991879199539,26.7067594916878
2023-09-19 13:00:00,4.93322943393274,52.482433418751015
2023-09-19 14:00:00,4.214429272661494,109.90016740968665
2023-09-19 15:00:00,4.348147954644309,-90.4673554772674
2023-09-19 16:00:00,4.781272420779596,64.98684380941171
2023-09-19 17:00:00,5.486557170479507,7.079082135674403
2023-09-19 18:00:00,5.197025292220717,-39.49245216885224
2023-09-19 19:00:00,5.301197085306595,-67.5398293812745
2023-09-19 20:00:00,4.870709477763557,15.275571374677488
2023-09-19 21:00:00,4.261521046440876,1.8009918538200695
2023-09-19 22:00:00,4.795077545064741,-53.93571292807415
2023-09-19 23:00:00,4.269114836570943,-1.5342374956312537
2023-09-20 00:00:00,2.0574400518483573,51.84086449594175
2023-09-20 01:00:00,5.071821210184609,143.38464989038198
2023-09-20 02:00:00,4.825094377659505,133.50476550981094
2023-09-20 03:00:00,6.321902926876881,186.01668858447465
2023-09-20 04:00:00,5.774405152380175,251.3475635361457
2023-09-20 05:00:00,5.5615361839967585,303.8582992769413
2023-09-20 06:00:00,4.0858595192783635,263.44290983378556
2023-09-20 07:00:00,6.105028400821096,263.117699907124
2023-09-20 08:00:00,5.226593825536167,200.24080835979714
2023-09-20 09:00:00,4.728247401578398,171.90941004956971
2023-09-20 10:00:00,4.3025058145288515,95.3370848044443
2023-09-20 11:00:00,4.430422763544266,14.077281677994002
2023-09-20 12:00:00,4.828807928048014,-60.24681850078624
2023-09-20 13:00:00,4.0586530385674155,-43.1058512245812
2023-09-20 14:00:00,5.123692642292319,-46.54768312392116
2023-09-20 15:00:00,4.920156226332567,14.93689919694526
2023-09-20 16:00:00,5.771965433173895,22.398251758688517
2023-09-20 17:00:00,4.936148254653236,-21.029607083378632
2023-09-20 18:00:00,3.2644162085577992,-41.95468230830972
2023-09-20 19:00:00,4.775833746645241,107.59001308771101
2023-09-20 20:00:00,3.9562813026879633,-22.051628201705064
2023-09-20 21:00:00,4.488736179110073,-29.66311271203888
2023-09-20 22:00:00,4.141485597715285,-78.65022121690674
2023-09-20 23:00:00,7.175494186509196,25.850641140244857
2023-09-21 00:00:00,4.730412211647074,90.95710324971272
2023-09-21 01:00:00,5.787842889847799,56.28057465358291
2023-09-21 02:00:00,4.76388878462778,109.40886823982007
2023-09-21 03:00:00,4.843403253327514,193.09514471424671
2023-09-21 04:00:00,4.595036873931547,234.9246968865212
2023-09-21 05:00:00,4.374199510924858,120.0941140637842
2023-09-21 06:00:00,4.395439876971445,285.889779023528
2023-09-21 07:00:00,5.444731049191282,338.62863737487305
2023-09-21 08:00:00,5.010386500096138,222.3439656461408
2023-09-21 09:00:00,6.399401311153769,173.8273928306421
2023-09-21 10:00:00,4.850042426929365,166.48973084938407
2023-09-21 11:00:00,4.793998704579179,99.4104248760033
2023-09-21 12:00:00,5.1109363532986825,8.652565902591457
2023-09-21 13:00:00,5.676113778142969,38.651618107438715
2023-09-21 14:00:00,5.186281162409776,41.024946731328086
2023-09-21 15:00:00,6.415984784499275,-58.65865099904166
2023-09-21 16:00:00,7.648240053981514,-57.431976247231866
2023-09-21 17:00:00,5.889491266284848,-64.5707491564147
2023-09-21 18:00:00,5.446260258274493,-75.67868395775444
2023-09-21 19:00:00,3.0694065278011102,40.52516597875445
2023-09-21 20:00:00,6.455068397443467,40.644289575075696
2023-09-21 21:00:00,6.297546109797683,22.388018183414975
2023-09-21 22:00:00,6.604864809612228,83.0964222240818
2023-09-21 23:00:00,5.866556336203072,-15.41705544975235
2023-09-22 00:00:00,4.10736650741429,-34.49932605510757
2023-09-22 01:00:00,4.09140494541305,71.56929650201126
2023-09-22 02:00:00,3.9661500081323053,183.52046569126617
2023-09-22 03:00:00,5.1369815271131145,149.2366292084785
2023-09-22 04:00:00,4.355551821007602,316.0592206410715
2023-09-22 05:00:00,5.915614672939045,240.6301128165565
2023-09-22 06:00:00,4.484808747217464,278.47946144541476
2023-09-22 07:00:00,4.7308085665275685,252.34505018081833
2023-09-22 08:00:00,5.320956070867769,199.10834526149858
2023-09-22 09:00:00,4.578504431656026,224.2927281384238
2023-09-22 10:00:00,4.148505038060785,-47.33656796117853
2023-09-22 11:00:00,3.243653787755274,48.50678023382592
2023-09-22 12:00:00,5.9873994889950115,39.761120711991175
2023-09-22 13:00:00,4.135437646430636,-72.58944216678739
2023-09-22 14:00:00,4.673379711026081,-35.04342423369703
2023-09-22 15:00:00,4.685615442154507,-24.65708059941996
2023-09-22 16:00:00,2.995600413755838,-16.50296158247085
2023-09-22 17:00:00,5.343482402927082,-30.11771378831328
2023-09-22 18:00:00,6.461607424482174,-50.930954211240696
2023-09-22 19:00:00,6.016188535714079,-3.5489052424495506
2023-09-22 20:00:00,4.680492622604834,40.27851984873656
2023-09-22 21:00:00,6.11118042295004,19.124486692787183
2023-09-22 22:00:00,3.3227448623583875,51.33997464801398
2023-09-22 23:00:00,5.888784737188098,-10.028982435969745
2023-09-23 00:00:00,4.313370939474863,62.95915363763343
2023-09-23 01:00:00,6.012526843316711,1.494181283186741
2023-09-23 02:00:00,5.080033408706942,191.67255379498823
2023-09-23 03:00:00,3.8402668837397247,232.95723845353587
2023-09-23 04:00:00,5.29157925978131,139.5487795436601
2023-09-23 05:00:00,5.045380053078905,267.033948004278
2023-09-23 06:00:00,5.28273017261185,245.90886245039596
2023-09-23 07:00:00,4.242416248083018,238.31665660630722
2023-09-23 08:00:00,3.8732774072593643,221.73147593638802
2023-09-23 09:00:00,5.658047643034905,147.38299533939593
2023-09-23 10:00:00,4.977301494598668,173.050505343907
2023-09-23 11:00:00,5.617095225276104,65.48415636906275
2023-09-23 12:00:00,5.598982230491608,-56.23244370266786
2023-09-23 13:00:00,5.752380092164602,-1.8820801904413889
2023-09-23 14:00:00,6.662935411920342,-23.710364723210127
2023-09-23 15:00:00,5.243682727956495,30.794799394331875
2023-09-23 16:00:00,4.047245168030274,-65.7624012353531
2023-09-23 17:00:00,4.270742729374253,100.1378370006108
2023-09-23 18:00:00,4.754274476585765,6.026387475382149
2023-09-23 19:00:00,5.2556973059997265,-61.81239755036001
2023-09-23 20:00:00,6.423396496327179,-10.095418720364705
2023-09-23 21:00:00,4.903950305683277,-24.13039070767201
2023-09-23 22:00:00,6.7238492793925015,-39.75176349859946
2023-09-23 23:00:00,6.812194745807906,21.25262971176732
2023-09-24 00:00:00,5.4642633061190455,111.5228665091668
2023-09-24 01:00:00,5.663682221922399,158.61030827928363
2023-09-24 02:00:00,4.5743707610398685,135.90776179148008
2023-09-24 03:00:00,6.714253214958035,138.93781678166982
2023-09-24 04:00:00,4.396516472640532,231.96134118564783
2023-09-24 05:00:00,6.2356853749446435,280.01391118024594
2023-09-24 06:00:00,4.001259715064547,261.8670654250487
2023-09-24 07:00:00,5.673865972554327,280.36401729940036
2023-09-24 08:00:00,6.148093843266835,240.16073284765176
2023-09-24 09:00:00,5.9421362338232635,192.2030006532703
2023-09-24 10:00:00,4.56671373988998,65.03230634644981
2023-09-24 11:00:00,4.764129847729137,58.62398094037664
2023-09-24 12:00:00,6.571892647981209,95.54164558630873
2023-09-24 13:00:00,4.5279068084049605,24.485288751271288
2023-09-24 14:00:00,4.562100390112086,58.418167557463796
2023-09-24 15:00:00,6.538204929310129,100.56631445066466
2023-09-24 16:00:00,4.971052994934275,-58.961951657708724
2023-09-24 17:00:00,4.978538233264993,129.95378277897558
2023-09-24 18:00:00,6.87246456135525,48.65548832420932
2023-09-24 19:00:00,4.388420099251727,58.10392429430525
2023-09-24 20:00:00,4.302296613328326,-33.50615369839572
2023-09-24 21:00:00,5.212942761942792,36.21019265996123
2023-09-24 22:00:00,5.066126257889227,-40.06235777651569
2023-09-24 23:00:00,4.255333440051714,7.481089962385086
2023-09-25 00:00:00,5.830504112251816,16.841824087647666
2023-09-25 01:00:00,5.039753583486193,53.08093451151794
2023-09-25 02:00:00,5.089388342107294,183.1415917241917
2023-09-25 03:00:00,5.020400706551772,151.64839832021715
2023-09-25 04:00:00,3.9784189431510715,116.95767598369505
2023-09-25 05:00:00,4.207359514087307,230.4750960474956
2023-09-25 06:00:00,3.4423800033689504,313.90009264756327
2023-09-25 07:00:00,6.163405461164692,365.45838478504777
2023-09-25 08:00:00,5.026181140742753,283.35129063417276
2023-09-25 09:00:00,6.019246432819693,230.98549054013884
2023-09-25 10:00:00,4.574240424666234,106.67878612967819
2023-09-25 11:00:00,6.17259421998205,180.1939465454804
2023-09-25 12:00:00,3.4076689004832836,34.21512364536134
2023-09-25 13:00:00,5.996526347201042,36.1660580484684
2023-09-25 14:00:00,4.946462015340355,31.410960290461897
2023-09-25 15:00:00,3.6389575896540034,-57.91287525696338
2023-09-25 16:00:00,2.201953536459247,19.194414414481585
2023-09-25 17:00:00,5.5261787392115655,-72.7336202762772
2023-09-25 18:00:00,6.0141566846787695,41.349012065050026
2023-09-25 19:00:00,5.08644099539979,16.80998214463755
2023-09-25 20:00:00,5.627596582125154,-31.6001249496634
2023-09-25 21:00:00,5.470871896162143,56.31121026424651
2023-09-25 22:00:00,5.079978913550877,-17.91992195083816
2023-09-25 23:00:00,5.983710965783164,-16.71300646959901
2023-09-26 00:00:00,3.539224171820397,26.698525484775416
2023-09-26 01:00:00,5.115158441877587,64.12905769723294
2023-09-26 02:00:00,5.699469627118383,137.08781849779893
2023-09-26 03:00:00,4.570662540486786,228.98418482277327
2023-09-26 04:00:00,5.27249047058278,180.31154397124268
2023-09-26 05:00:00,3.8396554484651118,201.13497014914708
2023-09-26 06:00:00,5.092272726720822,239.19648662521624
2023-09-26 07:00:00,4.295729418618648,239.14133590313423
2023-09-26 08:00:00,4.499531739863201,249.3351130109605
2023-09-26 09:00:00,5.5884584366930214,274.4557558723988
2023-09-26 10:00:00,3.2551728393280497,123.27764994186856
2023-09-26 11:00:00,3.925908331240068,66.7312921443715
2023-09-26 12:00:00,5.741544482859971,-32.575750653493856
2023-09-26 13:00:00,4.859869881894171,-38.64399793758901
2023-09-26 14:00:00,4.282045915742712,33.86460758704724
2023-09-26 15:00:00,5.467193871584232,1.9519483961079866
2023-09-26 16:00:00,3.909364861143394,62.351917773404196
2023-09-26 17:00:00,3.877096304362514,56.90873316050655
2023-09-26 18:00:00,4.8087108947771915,43.47238639209665
2023-09-26 19:00:00,4.878258218109858,-73.04812526330882
2023-09-26 20:00:00,4.2739841058859005,34.16526140287616
2023-09-26 21:00:00,4.752882414705376,-46.737794106009524
2023-09-26 22:00:00,6.349915298559934,-94.19583983041208
2023-09-26 23:00:00,4.980525134146138,11.047476483352535
2023-09-27 00:00:00,3.8603055818468164,67.8982241838256
2023-09-27 01:00:00,5.034765041296799,100.4260590200144
2023-09-27 02:00:00,2.8910557446381366,81.17292055517807
2023-09-27 03:00:00,6.622417255123618,316.9686461505893
2023-09-27 04:00:00,3.823801383825951,257.79103009979883
2023-09-27 05:00:00,5.2168204553193975,199.89710278616843
2023-09-27 06:00:00,5.172581343798386,148.23835120882248
2023-09-27 07:00:00,4.22968236960917,231.75608988166516
2023-09-27 08:00:00,6.309812577192238,118.758482063221
2023-09-27 09:00:00,7.068032997553439,125.6561987131654
2023-09-27 10:00:00,4.262321325738307,40.310187587482076
2023-09-27 11:00:00,5.721641666000266,27.157758858662703
2023-09-27 12:00:00,4.022790919911914,-26.67758115113852
2023-09-27 13:00:00,6.331790059740677,-43.6858864462605
2023-09-27 14:00:00,6.275237633001197,115.01041925319757
2023-09-27 15:00:00,6.01981722869469,-9.335332852894615
2023-09-27 16:00:00,3.353965471499375,66.40641423220819
2023-09-27 17:00:00,4.46784344259318,28.46282308236355
2023-09-27 18:00:00,4.481894448195545,-10.351697384103915
2023-09-27 19:00:00,4.414522946717497,-23.90652388955247
2023-09-27 20:00:00,6.338956643682505,67.55030228407279
2023-09-27 21:00:00,3.1992923707132177,-51.80773864280229
2023-09-27 22:00:00,5.400140804437728,-31.342580472049235
2023-09-27 23:00:00,5.754608137382724,-32.088572893839526
2023-09-28 00:00:00,4.30321329108326,3.7372571329964495
2023-09-28 01:00:00,5.510489323868006,19.339951695528207
2023-09-28 02:00:00,5.447275679206567,171.97675172023938
2023-09-28 03:00:00,4.7338765287359745,230.7105785862699
2023-09-28 04:00:00,6.092389887453309,180.85932144666612
2023-09-28 05:00:00,4.462470831739755,268.12348481455683
2023-09-28 06:00:00,6.094810173997182,208.2751195111265
2023-09-28 07:00:00,5.137461229505208,250.6921054788343
2023-09-28 08:00:00,4.693962795505631,275.25342405216935
2023-09-28 09:00:00,4.781767883451696,182.13848919418774
2023-09-28 10:00:00,3.617061503428034,119.88695833008369
2023-09-28 11:00:00,4.643503476205022,179.16044155250552
2023-09-28 12:00:00,3.8834548515642733,18.01443578612063
2023-09-28 13:00:00,5.270358795631877,-42.1556159689311
2023-09-28 14:00:00,5.906124895871604,-46.043546502446404
2023-09-28 15:00:00,5.462583207774307,113.9656472615568
2023-09-28 16:00:00,4.292549562626681,-37.03084967867773
2023-09-28 17:00:00,4.740252467680801,-35.06947759730063
2023-09-28 18:00:00,5.282273635099976,1.33937889637143
2023-09-28 19:00:00,5.335079500492395,36.59301391138778
2023-09-28 20:00:00,6.642736863865135,-62.028013760195755
2023-09-28 21:00:00,5.628944446119551,-13.925609635068636
2023-09-28 22:00:00,5.153638882959733,-67.06921608512224
2023-09-28 23:00:00,5.109813648521217,-7.642782588518872
2023-09-29 00:00:00,4.654288153869933,41.07659553826318
2023-09-29 01:00:00,5.002426660450944,52.178134888616476
2023-09-29 02:00:00,5.719343620331692,223.52456119475409
2023-09-29 03:00:00,4.2954728561831,134.52021508433774
2023-09-29 04:00:00,5.412637077895079,227.49342735752327
2023-09-29 05:00:00,4.893411652823336,306.96260200360564
2023-09-29 06:00:00,6.720051678604837,300.55855600308394
2023-09-29 07:00:00,5.297541499563468,373.72183126575186
2023-09-29 08:00:00,5.329983805937747,232.79350985668003
2023-09-29 09:00:00,4.146108133079205,132.11427763350895
2023-09-29 10:00:00,6.466582008395916,129.2491825138282
2023-09-29 11:00:00,5.509240894988816,22.82702808017607
2023-09-29 12:00:00,6.3665223583444455,6.027031990576426
2023-09-29 13:00:00,4.818258581067258,61.67540323776459
2023-09-29 14:00:00,5.000628283026295,34.832568792849706
2023-09-29 15:00:00,3.631695056128976,-5.2202295860490935
2023-09-29 16:00:00,6.8470744618996076,-34.34592470600149
2023-09-29 17:00:00,5.371665225919444,16.25551830662411
2023-09-29 18:00:00,6.8579809510237215,26.488390944389543
2023-09-29 19:00:00,4.653041583932336,-62.69952340260904
2023-09-29 20:00:00,5.4741156827367154,-50.95514333413015
2023-09-29 21:00:00,5.995034599945863,-14.481196324834785
2023-09-29 22:00:00,5.332089295085891,-66.57625791368913
2023-09-29 23:00:00,4.669494178617191,-90.54547641884035
2023-09-30 00:00:00,4.525782759661378,-51.53132001257418
2023-09-30 01:00:00,4.653411522507368,83.84010113592635
2023-09-30 02:00:00,7.670817670085568,130.10589763771688
2023-09-30 03:00:00,4.378920451844324,154.5496215950829
2023-09-30 04:00:00,3.0140214636207587,169.71461789778354
2023-09-30 05:00:00,5.037653724894011,259.9412676342658
2023-09-30 06:00:00,5.0250667084561575,265.84155144615244
2023-09-30 07:00:00,4.685565596681895,303.64556030569395
2023-09-30 08:00:00,4.379649700238378,90.9590067363708
2023-09-30 09:00:00,4.726546766278665,89.49143323976935
2023-09-30 10:00:00,3.6807302958884396,171.91697786165778
2023-09-30 11:00:00,6.778923162970575,88.38543786424275
2023-09-30 12:00:00,5.245428785466192,46.70750746750226
2023-09-30 13:00:00,5.118297299831207,-44.60714094009157
2023-09-30 14:00:00,6.051520842521603,-19.457311062810128
2023-09-30 15:00:00,7.710325918927788,-63.88211056880768
2023-09-30 16:00:00,4.598635419472316,-116.75864428848028
2023-09-30 17:00:00,5.307114403106015,6.977981543584693
2023-09-30 18:00:00,5.802353921056628,70.78327482921134
2023-09-30 19:00:00,5.691480355597482,-8.37886549369217
2023-09-30 20:00:00,5.9051942999715585,-35.81629868354373
2023-09-30 21:00:00,5.918034817383499,-55.980295553986025
2023-09-30 22:00:00,4.589223574402261,55.69265141637828
2023-09-30 23:00:00,6.195618378736173,4.054292454933646
2023-10-01 00:00:00,4.887989344302801,6.063140175570146
2023-10-01 01:00:00,5.280766838722897,-7.491089212236886
2023-10-01 02:00:00,5.614833628192166,79.1599350626931
2023-10-01 03:00:00,4.288886047017597,213.52055392031068
2023-10-01 04:00:00,5.433773176724138,190.1942269587459
2023-10-01 05:00:00,5.6204968277629375,208.90747701546567
2023-10-01 06:00:00,3.1069099867915466,375.4796464365551
2023-10-01 07:00:00,6.401699985042728,244.9614266049901
2023-10-01 08:00:00,4.181129963448107,207.89223438995157
2023-10-01 09:00:00,5.273050574066387,169.98935438210972
2023-10-01 10:00:00,6.529054970589596,91.09923602444236
2023-10-01 11:00:00,5.65393237012753,61.07965948197533
2023-10-01 12:00:00,6.040435192080887,97.00532052227659
2023-10-01 13:00:00,6.110200033349816,20.65389138773976
2023-10-01 14:00:00,4.507902875423162,-79.76862634543622
2023-10-01 15:00:00,3.9630938206837087,-21.865197981822114
2023-10-01 16:00:00,5.4152464691384035,5.212833428738443
2023-10-01 17:00:00,5.712762883508644,-75.31604034303847
2023-10-01 18:00:00,6.103681954049,-23.393018506258038
2023-10-01 19:00:00,5.780867842128553,-48.051238626036266
2023-10-01 20:00:00,4.508350638460798,-19.809029288210592
2023-10-01 21:00:00,5.879758623760984,3.501121482147624
2023-10-01 22:00:00,2.8984416808096594,34.93400590419618
2023-10-01 23:00:00,6.27229693352143,-57.692982625862314
2023-10-02 00:00:00,4.111809362738428,-4.283347072292352
2023-10-02 01:00:00,4.090515047334435,48.354927463984694
2023-10-02 02:00:00,7.489426235272985,114.01809666251609
2023-10-02 03:00:00,5.058234083405467,135.84878626713476
2023-10-02 04:00:00,4.74572396481778,214.18351348878574
2023-10-02 05:00:00,3.8479748849563573,266.2216138177046
2023-10-02 06:00:00,5.443786085657598,180.46638690114622
2023-10-02 07:00:00,5.79441517046842,327.9575256211921
2023-10-02 08:00:00,4.6499794005794595,263.6378483554563
2023-10-02 09:00:00,2.8533103647477582,98.0880464848167
2023-10-02 10:00:00,6.627775728674239,197.37098426016763
2023-10-02 11:00:00,4.71217998040176,140.44799952752956
2023-10-02 12:00:00,4.689905115192689,-25.140301071717055
2023-10-02 13:00:00,4.965799373265104,10.283577101295311
2023-10-02 14:00:00,4.196021213091814,4.524068868599236
2023-10-02 15:00:00,6.2750048930113955,-68.87480725524877
2023-10-02 16:00:00,5.7276095123461,51.3486275408513
2023-10-02 17:00:00,5.488978515195406,-94.04316578007709
2023-10-02 18:00:00,7.312605564522242,14.469434118374549
2023-10-02 19:00:00,4.303762089160905,78.3999351453534
2023-10-02 20:00:00,6.2779226659290766,-84.43739872143468
2023-10-02 21:00:00,2.777178201795558,-14.654974572467626
2023-10-02 22:00:00,5.644919143815329,56.992257462539044
2023-10-02 23:00:00,7.259492957901651,20.115281227033428
2023-10-03 00:00:00,3.9539743710645974,41.6747273040809
2023-10-03 01:00:00,6.6477490729561755,30.388338577848117
2023-10-03 02:00:00,3.621025459497865,78.05795592082819
2023-10-03 03:00:00,7.0819161070786025,166.92473904557193
2023-10-03 04:00:00,4.543173494172533,229.93558856778532
2023-10-03 05:00:00,4.263186376630065,271.65589309630695
2023-10-03 06:00:00,4.4682090336065095,272.41776760372784
2023-10-03 07:00:00,5.03562299607831,290.59950505018696
2023-10-03 08:00:00,4.851724091044949,222.4595932404971
2023-10-03 09:00:00,4.95140115998958,124.53049149771259
2023-10-03 10:00:00,5.3198842935996105,57.33996693915077
2023-10-03 11:00:00,5.243350631650251,102.66996484312548
2023-10-03 12:00:00,5.009966734918884,50.29250188449
2023-10-03 13:00:00,4.561478604914916,98.5673024222859
2023-10-03 14:00:00,5.4321140814648885,121.1770626280227
2023-10-03 15:00:00,5.3795542210013725,48.619122882102126
2023-10-03 16:00:00,5.332574301394643,18.329164762770418
2023-10-03 17:00:00,5.002046236099882,-21.02344364819718
2023-10-03 18:00:00,4.310863015098246,-43.68802571709243
2023-10-03 19:00:00,5.077698551753385,3.3416839283723894
2023-10-03 20:00:00,4.726170434127169,-5.246670454728417
2023-10-03 21:00:00,2.937517979303341,95.25968518045079
2023-10-03 22:00:00,6.00305380527416,29.300764407181763
2023-10-03 23:00:00,5.2635820998431555,-11.49143998836809
2023-10-04 00:00:00,4.987571441927429,-44.08579749193508
2023-10-04 01:00:00,5.532591447976195,91.5141602771075
2023-10-04 02:00:00,4.252944954396087,132.0958680066215
2023-10-04 03:00:00,6.367244993061653,154.47846464313858
2023-10-04 04:00:00,6.214535196191635,182.52048564990147
2023-10-04 05:00:00,3.845702389703087,269.31595860980434
2023-10-04 06:00:00,4.375442370586759,230.03224722494033
2023-10-04 07:00:00,5.682919348376646,225.689076813281
2023-10-04 08:00:00,5.254525055505757,192.6144128628123
2023-10-04 09:00:00,4.990188218315876,318.77299253507397
2023-10-04 10:00:00,5.447528277683979,133.08743735384675
2023-10-04 11:00:00,3.13597296792141,23.64568904009758
2023-10-04 12:00:00,4.0860303763995836,-128.64387604661658
2023-10-04 13:00:00,4.4058567076250235,-82.03014832452232
2023-10-04 14:00:00,5.770677582961207,-14.645273173606398
2023-10-04 15:00:00,2.85393041588208,84.75201166357745
2023-10-04 16:00:00,5.188915986141486,114.3431504720577
2023-10-04 17:00:00,4.631124788370498,-11.913573999538412
2023-10-04 18:00:00,5.6590376348809865,18.209004830281167
2023-10-04 19:00:00,5.815948774079058,-8.26952037571992
2023-10-04 20:00:00,6.705943148574185,22.765387979944677
2023-10-04 21:00:00,3.834101764694255,-12.022786340601384
2023-10-04 22:00:00,4.1863326112191155,-27.860881113273805
2023-10-04 23:00:00,5.05656457033527,-32.835667736510416
2023-10-05 00:00:00,6.423461685843486,35.502218862273686
2023-10-05 01:00:00,5.4506144685280455,130.01656557716422
2023-10-05 02:00:00,5.118844467600694,102.86912500752308
2023-10-05 03:00:00,6.237796206251934,213.6195796026366
2023-10-05 04:00:00,4.616050262805018,224.91902708400988
2023-10-05 05:00:00,6.182910406384602,223.0030979263201
2023-10-05 06:00:00,6.748432148305255,284.5786054932937
2023-10-05 07:00:00,4.860290959116316,309.52580096687615
2023-10-05 08:00:00,3.4637959881714737,175.8800371044971
2023-10-05 09:00:00,5.159025851606388,161.118024396467
2023-10-05 10:00:00,6.657655814929371,198.67069208106886
2023-10-05 11:00:00,5.506935861002047,62.749308648326796
2023-10-05 12:00:00,3.637494773683975,-39.73335527517085
2023-10-05 13:00:00,6.283644512703018,8.493818028538803
2023-10-05 14:00:00,5.808771719354233,0.432177448902613
2023-10-05 15:00:00,6.012988618961474,52.78008336825604
2023-10-05 16:00:00,6.146317406393369,-2.1828555096231264
2023-10-05 17:00:00,4.4708381302637905,-0.5074710973536706
2023-10-05 18:00:00,6.071930383399582,-2.593467798151532
2023-10-05 19:00:00,4.367838580750265,8.37661900479297
2023-10-05 20:00:00,3.831739515323962,75.8292424437832
2023-10-05 21:00:00,4.18446527581922,36.24202780055274
2023-10-05 22:00:00,5.706156472985324,-52.122123032894706
2023-10-05 23:00:00,4.6042270441566435,14.078594415560385
2023-10-06 00:00:00,6.495985598940063,17.28773114585534
2023-10-06 01:00:00,6.134868680519079,83.79940824446099
2023-10-06 02:00:00,5.694360247802778,51.518723024269704
2023-10-06 03:00:00,6.400460545899918,184.8120675882227
2023-10-06 04:00:00,3.845349778045856,188.99449108056479
2023-10-06 05:00:00,5.976945104538613,167.60016479960703
2023-10-06 06:00:00,5.594619469296065,311.48312776988814
2023-10-06 07:00:00,3.7469840474359835,228.35414292200477
2023-10-06 08:00:00,4.300320470094992,204.02414709881364
2023-10-06 09:00:00,4.861666634851957,221.60361622714
2023-10-06 10:00:00,4.833037105898607,176.71391458160645
2023-10-06 11:00:00,4.97931026627207,52.5284676790753
2023-10-06 12:00:00,4.4009875479227745,1.465401802065621
2023-10-06 13:00:00,6.499544070653437,-50.505697395874435
2023-10-06 14:00:00,3.786014220874196,-47.11954185876022
2023-10-06 15:00:00,3.8154176813430425,64.89038383192836
2023-10-06 16:00:00,4.077894347714996,2.273058934685796
2023-10-06 17:00:00,4.3850059880716,48.499461186630825
2023-10-06 18:00:00,4.3069942606709235,-8.262779040264366
2023-10-06 19:00:00,6.700105793366723,21.0064955935204
2023-10-06 20:00:00,4.361859995700398,-87.18726592669978
2023-10-06 21:00:00,4.898828866288979,43.035349788124904
2023-10-06 22:00:00,3.7581190641191564,-1.4497378017006985
2023-10-06 23:00:00,4.551210227192902,-23.49823446128314
2023-10-07 00:00:00,5.63028105052773,31.42806307244902
2023-10-07 01:00:00,5.709387454096279,114.76546458051936
2023-10-07 02:00:00,6.013071910683396,105.43321400966653
2023-10-07 03:00:00,4.031271898067442,117.99431839537749
2023-10-07 04:00:00,4.355535276656459,301.03646360272234
2023-10-07 05:00:00,5.84653336300096,232.09553711721207
2023-10-07 06:00:00,5.004735255760198,155.49412643758768
2023-10-07 07:00:00,4.968454256854579,221.78082209877755
2023-10-07 08:00:00,5.619029529432668,240.23875711778956
2023-10-07 09:00:00,6.025555761259115,173.7062575813341
2023-10-07 10:00:00,4.330281342349955,119.27062766867704
2023-10-07 11:00:00,4.925208680670173,47.48444992202357
2023-10-07 12:00:00,4.909048708644189,-21.049700303839618
2023-10-07 13:00:00,4.06016087043093,-63.89672121006558
2023-10-07 14:00:00,5.328593645240582,-64.8811292889561
2023-10-07 15:00:00,4.48979764960149,18.199084929721746
2023-10-07 16:00:00,5.023711847260444,61.5222485687561
2023-10-07 17:00:00,5.678385463875261,-13.793431926093938
2023-10-07 18:00:00,5.297497199807473,69.29056191600547
2023-10-07 19:00:00,4.141895004185253,54.941235109963586
2023-10-07 20:00:00,5.232671620679996,-6.593947050030651
2023-10-07 21:00:00,5.167666669329478,31.89545295335026
2023-10-07 22:00:00,4.467681450661212,24.467341742212803
2023-10-07 23:00:00,4.165760350502122,-25.249222464895393
2023-10-08 00:00:00,5.192872460241283,-107.88779734544944
2023-10-08 01:00:00,3.641687844873616,72.14601211007529
2023-10-08 02:00:00,3.9709360407570236,161.0466741706024
2023-10-08 03:00:00,3.755557495892899,150.47584379079103
2023-10-08 04:00:00,3.82690054751244,318.54605142630635
2023-10-08 05:00:00,4.560014142729225,294.98269422703976
2023-10-08 06:00:00,6.100901942232561,178.31472015165332
2023-10-08 07:00:00,5.6572235107715505,233.62950153878447
2023-10-08 08:00:00,6.162047343320069,176.19874913230927
2023-10-08 09:00:00,4.428098424715522,159.78304294551688
2023-10-08 10:00:00,3.0278685712343347,158.68290317827973
2023-10-08 11:00:00,4.441531027470587,52.62065587613303
2023-10-08 12:00:00,6.16653644094658,-28.51619394293841
2023-10-08 13:00:00,4.645325519819124,4.704321351219679
2023-10-08 14:00:00,5.0170637338457835,37.989027308873446
2023-10-08 15:00:00,4.824230291875368,37.49079330615788
2023-10-08 16:00:00,5.736281698668452,30.76675919002641
2023-10-08 17:00:00,5.8692701738175,68.51004704585064
2023-10-08 18:00:00,3.4897650156985165,-4.524287177296514
2023-10-08 19:00:00,2.6086895896294062,-18.06048253743617
2023-10-08 20:00:00,5.693754332558346,-7.772474724825239
2023-10-08 21:00:00,4.826226865089374,-40.469979061568864
2023-10-08 22:00:00,5.69441210877392,-41.636328418850226
2023-10-08 23:00:00,4.758357116987268,36.94040069319323
2023-10-09 00:00:00,5.571166222464398,41.530229100756365
2023-10-09 01:00:00,4.915052414850403,-66.93791831772579
2023-10-09 02:00:00,4.330805165565825,173.27028566082987
2023-10-09 03:00:00,4.653746419897501,157.991960281208
2023-10-09 04:00:00,4.881877050337598,187.06820121343137
2023-10-09 05:00:00,5.661575480350829,227.56463567468495
2023-10-09 06:00:00,4.878717754580299,189.4095839861149
2023-10-09 07:00:00,3.9784470749924306,235.51041943538513
2023-10-09 08:00:00,6.715039146668373,314.43147713898054
2023-10-09 09:00:00,5.361693619116595,101.1718731865363
2023-10-09 10:00:00,6.411349941188939,157.17546140977873
2023-10-09 11:00:00,3.9578299743943544,114.08653535820095
2023-10-09 12:00:00,4.796739770570291,29.09791315090403
2023-10-09 13:00:00,5.241208350307438,76.6865193413656
2023-10-09 14:00:00,5.7082672930854805,49.080112948341224
2023-10-09 15:00:00,3.162889768951972,33.54739936474449
2023-10-09 16:00:00,3.1926074594249156,51.902504245149395
2023-10-09 17:00:00,4.388982467243747,49.59415812247073
2023-10-09 18:00:00,5.597161237307281,-17.450991511632157
2023-10-09 19:00:00,4.377497468662332,31.55849103686379
2023-10-09 20:00:00,4.923375072370801,-13.64661434407745
2023-10-09 21:00:00,5.102189416149015,-66.70438445244423
2023-10-09 22:00:00,4.2220104701907255,91.83544188777381
2023-10-09 23:00:00,6.514540875707012,-27.67051845818431
2023-10-10 00:00:00,4.2681879054014535,54.773486852011544
2023-10-10 01:00:00,2.9981362531161615,92.26005873756293
2023-10-10 02:00:00,4.080903126576423,81.78609129542679
2023-10-10 03:00:00,4.229692606648878,140.22077081209898
2023-10-10 04:00:00,5.2369019930738,239.11217133152167
2023-10-10 05:00:00,5.2882831180280085,264.50881793030595
2023-10-10 06:00:00,5.650042050770651,234.3537631848532
2023-10-10 07:00:00,6.9426937426577435,165.4422235227412
2023-10-10 08:00:00,5.09162426921425,259.40540778434934
2023-10-10 09:00:00,5.907757095036454,32.760190682383865
2023-10-10 10:00:00,4.618242840064398,143.98817110394296
2023-10-10 11:00:00,5.3528096922415305,122.16496586526341
2023-10-10 12:00:00,4.7146283350804685,-92.46214997615851
2023-10-10 13:00:00,4.913944810488403,7.998743120536755
2023-10-10 14:00:00,5.229602329925341,-19.189469387974448
2023-10-10 15:00:00,6.047150885406138,9.748458136157918
2023-10-10 16:00:00,5.009418446865961,48.894425982560406
2023-10-10 17:00:00,5.006657625879613,-67.3210623556718
2023-10-10 18:00:00,5.3767512725215765,-11.165386211434049
2023-10-10 19:00:00,5.941844226519327,-8.224032293341512
2023-10-10 20:00:00,3.655208430688056,-97.4368528694135
2023-10-10 21:00:00,5.307163864586455,28.680048579597255
2023-10-10 22:00:00,3.7321620399693005,81.42947470873476
2023-10-10 23:00:00,6.372463492516727,33.529327773706555
2023-10-11 00:00:00,5.416377199387783,6.492571873877087
2023-10-11 01:00:00,6.304216974382153,110.00578138507754
2023-10-11 02:00:00,3.412794498307692,97.19226274063426
2023-10-11 03:00:00,4.908750595586581,135.44708226386132
2023-10-11 04:00:00,5.947987860861928,245.5499213414128
2023-10-11 05:00:00,6.481767575834197,256.67769927709304
2023-10-11 06:00:00,5.4280752328812385,269.5761217666051
2023-10-11 07:00:00,4.650002581738764,202.28721571282952
2023-10-11 08:00:00,4.80770670743193,144.61839120125765
2023-10-11 09:00:00,4.035487576829588,127.56435186190714
2023-10-11 10:00:00,6.540410965441774,84.30154582524156
2023-10-11 11:00:00,5.728931157060144,-36.348390959922085
2023-10-11 12:00:00,4.89834133332522,23.75893026975269
2023-10-11 13:00:00,5.621567085708786,-64.46717391608674
2023-10-11 14:00:00,4.96717784751926,-67.23058603262818
2023-10-11 15:00:00,4.776287168761037,-13.096084108006925
2023-10-11 16:00:00,4.322215436374038,-45.30387202481976
2023-10-11 17:00:00,4.33971241365318,-78.89067045883436
2023-10-11 18:00:00,5.4583134631742265,-73.36378803119486
2023-10-11 19:00:00,6.125168423294357,26.777265937227906
2023-10-11 20:00:00,4.741227865025065,-16.821163275871726
2023-10-11 21:00:00,4.284793482481762,-75.68073410392189
2023-10-11 22:00:00,6.030086824929386,72.79702919004978
2023-10-11 23:00:00,5.156669400859434,-35.56428162827674
2023-10-12 00:00:00,2.861199515196807,26.49233578482005
2023-10-12 01:00:00,4.38820086211766,60.51021188937096
2023-10-12 02:00:00,5.562034720519641,132.23203757562035
2023-10-12 03:00:00,4.303734333200093,181.11772262247507
2023-10-12 04:00:00,5.1446557852817065,151.61302497833526
2023-10-12 05:00:00,3.8492241912107703,358.199355233074
2023-10-12 06:00:00,4.68202095856841,216.6462207118834
2023-10-12 07:00:00,4.006563468381386,287.2655471995046
2023-10-12 08:00:00,3.8617928521054363,181.01723667326854
2023-10-12 09:00:00,4.3348258334195044,124.80649491606376
2023-10-12 10:00:00,5.966101412671202,195.7994493314665
2023-10-12 11:00:00,5.510406497981205,143.75101227179147
2023-10-12 12:00:00,7.145290655760428,22.683848946877813
2023-10-12 13:00:00,4.495705481482713,40.35369001839257
2023-10-12 14:00:00,6.112656066956588,-62.70608807566701
2023-10-12 15:00:00,6.951676485748979,32.971583339108115
2023-10-12 16:00:00,6.211426911329335,32.45033007713054
2023-10-12 17:00:00,6.229173566691708,21.926820903225522
2023-10-12 18:00:00,5.214267906384973,82.33096997016618
2023-10-12 19:00:00,5.324960564701413,-114.01463020439128
2023-10-12 20:00:00,4.1723668315721625,-8.960008440539967
2023-10-12 21:00:00,2.421413380077709,74.10563827750167
2023-10-12 22:00:00,5.2978544984663385,-55.61912201396203
2023-10-12 23:00:00,4.133947441007033,32.476011892306204
2023-10-13 00:00:00,4.685674628341227,-24.291685600346963
2023-10-13 01:00:00,4.284681222265999,70.56016948676394
2023-10-13 02:00:00,5.4348302657960135,74.90028715634193
2023-10-13 03:00:00,4.911152191995466,293.8380924597072
2023-10-13 04:00:00,6.368145417365404,163.94433682079432
2023-10-13 05:00:00,4.387569705616926,240.32173546494502
2023-10-13 06:00:00,5.291332917489914,242.56738166556477
2023-10-13 07:00:00,4.919654781137664,300.54717049052374
2023-10-13 08:00:00,4.816535931844398,224.78794833608004
2023-10-13 09:00:00,5.033752632782416,101.85968281923347
2023-10-13 10:00:00,6.631254945871108,95.60092433726112
2023-10-13 11:00:00,5.953845531768386,-41.97161226883797
2023-10-13 12:00:00,4.654452272203646,3.6405321529138104
2023-10-13 13:00:00,4.500002831735809,89.0513999443052
2023-10-13 14:00:00,4.3284123665888234,-9.9628857640547
2023-10-13 15:00:00,5.226404994798559,17.000726338516642
2023-10-13 16:00:00,3.5945855421054627,55.109609591794026
2023-10-13 17:00:00,4.895233598901692,-34.53668833513548
2023-10-13 18:00:00,5.4928252661362915,54.98698573507692
2023-10-13 19:00:00,4.385304430095213,95.61938675855512
2023-10-13 20:00:00,5.151408906672042,-88.73119916760335
2023-10-13 21:00:00,5.376158471372505,56.84849334300945
2023-10-13 22:00:00,3.3485630646096185,-74.13048614350234
2023-10-13 23:00:00,5.317186746302548,-38.73813630384323
2023-10-14 00:00:00,4.670634096659038,56.57079508878442
2023-10-14 01:00:00,6.976977844515816,82.48876547845418
2023-10-14 02:00:00,5.327608582325595,105.29726756150879
2023-10-14 03:00:00,4.21059315359105,293.03908650862417
2023-10-14 04:00:00,3.3124468095954533,205.6229446553346
2023-10-14 05:00:00,5.07993286894182,302.5543243796045
2023-10-14 06:00:00,6.435573200703383,241.19929404932165
2023-10-14 07:00:00,4.52443287947529,270.62679548522823
2023-10-14 08:00:00,5.4441037180936815,246.71418398901562
2023-10-14 09:00:00,5.86977082394151,185.37200869832415
2023-10-14 10:00:00,5.817346860287104,57.30747104397825
2023-10-14 11:00:00,5.125450589509002,80.23370206087709
2023-10-14 12:00:00,4.471247778732733,-28.97584525850155
2023-10-14 13:00:00,4.869825989610625,-22.893050851968315
2023-10-14 14:00:00,4.05967902393806,29.669222753414598
2023-10-14 15:00:00,4.186745470974695,26.22544454087129
2023-10-14 16:00:00,6.119223204879855,-37.79122804335383
2023-10-14 17:00:00,5.4646244935256405,10.875704429991943
2023-10-14 18:00:00,5.417125511087099,1.0173658013628473
2023-10-14 19:00:00,4.412176587663828,-43.09030607106237
2023-10-14 20:00:00,6.326790554825244,-40.009770825364754
2023-10-14 21:00:00,4.897060971150406,-39.212341573510166
2023-10-14 22:00:00,5.260722668084591,-0.5500273224189463
2023-10-14 23:00:00,6.294358506707455,-15.209303055831535
2023-10-15 00:00:00,4.426990279503822,10.465115160689825
2023-10-15 01:00:00,4.51435546749852,22.659285717116084
2023-10-15 02:00:00,6.183266334248847,120.0855987812414
2023-10-15 03:00:00,5.9635963654451265,177.18418697999456
2023-10-15 04:00:00,5.493340343089657,239.30309373830028
2023-10-15 05:00:00,2.971937156599738,322.19970201295877
2023-10-15 06:00:00,6.428799578421401,311.19874063569694
2023-10-15 07:00:00,4.539691291011906,244.98822372568407
2023-10-15 08:00:00,4.56976372389037,143.24836447702538
2023-10-15 09:00:00,4.949567344520569,156.41895140917063
2023-10-15 10:00:00,3.95181508532763,174.7909697694219
2023-10-15 11:00:00,6.368145780009428,63.88155582182831
2023-10-15 12:00:00,5.321896799421119,-62.881578469781054
2023-10-15 13:00:00,5.849061296773055,-10.277763977578788
2023-10-15 14:00:00,4.375087186672822,-23.53870027053449
2023-10-15 15:00:00,6.136297735749464,63.04041567290295
2023-10-15 16:00:00,6.573367081473522,-29.12218317579859
2023-10-15 17:00:00,3.8751571335200676,20.71198276683135
2023-10-15 18:00:00,4.024686235034119,34.41344106975207
2023-10-15 19:00:00,4.344473097272185,-61.93037776981133
2023-10-15 20:00:00,6.0744295202380645,-37.233298494445485
2023-10-15 21:00:00,5.330678576824948,-21.347267279890385
2023-10-15 22:00:00,5.083426822971654,6.887164621723277
2023-10-15 23:00:00,5.51694616854489,-29.743056714730955
2023-10-16 00:00:00,7.103443257840684,-68.78073195289923
2023-10-16 01:00:00,3.4255665345092354,16.56090914844713
2023-10-16 02:00:00,4.8613657843738025,176.28699762551474
2023-10-16 03:00:00,2.0949165931053924,286.4379971834231
2023-10-16 04:00:00,5.677919637573848,239.19297894899267
2023-10-16 05:00:00,6.258310524387358,303.69038009777734
2023-10-16 06:00:00,4.864637406838236,276.26268150202657
2023-10-16 07:00:00,5.824080829350841,284.6749057806547
2023-10-16 08:00:00,3.6353508423320804,260.95900705535587
2023-10-16 09:00:00,5.649955434564346,216.72276894324386
2023-10-16 10:00:00,7.625973902280302,147.05367982408828
2023-10-16 11:00:00,4.789330790552357,74.04670256863871
2023-10-16 12:00:00,5.588777191816162,-20.286727920886793
2023-10-16 13:00:00,4.581375467061738,26.27710419999073
2023-10-16 14:00:00,5.347288456651794,15.5192928181898
2023-10-16 15:00:00,6.279057297888071,-45.3627832819957
2023-10-16 16:00:00,5.770543273563739,59.4307032483285
2023-10-16 17:00:00,5.068958428517315,49.5795875286175
2023-10-16 18:00:00,5.052391754755655,9.66441398471482
2023-10-16 19:00:00,3.969672771636169,58.892035955406584
2023-10-16 20:00:00,6.189447292453593,36.37138841498614
2023-10-16 21:00:00,5.920439737794133,-22.006363057730624
2023-10-16 22:00:00,3.9158625838608225,-90.7568030608858
2023-10-16 23:00:00,5.347185755081703,-92.44895891081221
2023-10-17 00:00:00,4.267485995655062,63.116701577933355
2023-10-17 01:00:00,4.738804571777914,65.80593450018029
2023-10-17 02:00:00,6.0059617741924844,111.34003714370635
2023-10-17 03:00:00,6.183982979501092,150.67050629629054
2023-10-17 04:00:00,5.905490003668827,228.10368130600236
2023-10-17 05:00:00,4.923725683419107,296.60183216568197
2023-10-17 06:00:00,5.654908094509321,219.1014289449568
2023-10-17 07:00:00,4.421762448704234,255.60051069911802
2023-10-17 08:00:00,5.947127964153466,357.824819261025
2023-10-17 09:00:00,5.176085158532259,274.3974059172783
2023-10-17 10:00:00,4.719528716180472,18.266004451853263
2023-10-17 11:00:00,4.465548348800551,-23.514543861941462
2023-10-17 12:00:00,5.872790864493691,90.29644881007371
2023-10-17 13:00:00,5.05746468349633,44.797648576094986
2023-10-17 14:00:00,4.704758886954255,2.571400193591674
2023-10-17 15:00:00,4.700931822791799,26.423318467235667
2023-10-17 16:00:00,3.9510158475321413,-15.81963752104418
2023-10-17 17:00:00,5.36087654875492,-33.291131378874844
2023-10-17 18:00:00,5.481677292821326,36.51847350955202
2023-10-17 19:00:00,3.7126741597559807,-4.846182368725833
2023-10-17 20:00:00,4.118300353135645,43.22660607945402
2023-10-17 21:00:00,3.5461971245883523,-27.43428017148237
2023-10-17 22:00:00,6.398966492819501,35.64292755788737
2023-10-17 23:00:00,5.812687049226921,15.599783748452559
2023-10-18 00:00:00,6.32281997273264,-66.73124446117846
2023-10-18 01:00:00,6.839095611084261,141.25171067245574
2023-10-18 02:00:00,5.658069047778925,60.08029658444612
2023-10-18 03:00:00,5.158744387536967,251.06213566475833
2023-10-18 04:00:00,5.414041447062342,248.7277961665181
2023-10-18 05:00:00,4.574095091340831,284.08308052015445
2023-10-18 06:00:00,4.415247819590526,236.29415117508844
2023-10-18 07:00:00,4.798337995825055,233.6036221931924
2023-10-18 08:00:00,4.970695199502879,226.17394507068067
2023-10-18 09:00:00,3.558633707313554,120.068548010943
2023-10-18 10:00:00,3.9824017000379,159.23176925974747
2023-10-18 11:00:00,3.948517972173098,49.614619390183755
2023-10-18 12:00:00,3.9066093022179125,-105.9937312910136
2023-10-18 13:00:00,5.856141492067433,94.36804517479881
2023-10-18 14:00:00,4.884435102880876,13.255933604332554
2023-10-18 15:00:00,5.026062277317298,16.276703330916224
2023-10-18 16:00:00,5.6016142861826586,-34.55081429266993
2023-10-18 17:00:00,6.041659379759536,16.61670166026348
2023-10-18 18:00:00,5.674474244851306,36.78717067356181
2023-10-18 19:00:00,6.856545929931694,-72.69863376738259
2023-10-18 20:00:00,5.258401148291085,30.18049068552841
2023-10-18 21:00:00,5.416108954636096,-52.96677012021339
2023-10-18 22:00:00,4.613576573047206,-64.32048268195433
2023-10-18 23:00:00,3.3245999109432542,-44.02471048247671
2023-10-19 00:00:00,5.323707686710027,105.03011048039934
2023-10-19 01:00:00,6.108601738704904,107.03985355016266
2023-10-19 02:00:00,4.502431123059502,130.23480310519636
2023-10-19 03:00:00,4.733921987640965,270.5458306505708
2023-10-19 04:00:00,6.20508289074149,180.97329986283967
2023-10-19 05:00:00,5.195730246560292,201.9651661497125
2023-10-19 06:00:00,4.321373592207006,216.41376757281722
2023-10-19 07:00:00,4.28677866330818,347.1989284734883
2023-10-19 08:00:00,5.901020443352588,270.5343185822751
2023-10-19 09:00:00,5.113544696395015,144.6409547912081
2023-10-19 10:00:00,5.0993794553485845,96.53252826713336
2023-10-19 11:00:00,3.865003034823106,82.02931971176093
2023-10-19 12:00:00,5.721725022608328,-56.68114740792767
2023-10-19 13:00:00,6.277194899705494,-8.904569050262664
2023-10-19 14:00:00,4.882303889201753,-49.659820948169134
2023-10-19 15:00:00,5.654042969725111,-3.4521117429984245
2023-10-19 16:00:00,4.837837970521995,40.77822513566775
2023-10-19 17:00:00,5.838580159555187,87.14680961988425
2023-10-19 18:00:00,5.738565190166446,-78.26474349358436
2023-10-19 19:00:00,4.86040842963124,29.998173651779474
2023-10-19 20:00:00,3.1174641060017567,33.89022036924818
2023-10-19 21:00:00,4.445261166258876,-11.58450680617953
2023-10-19 22:00:00,5.589332015344061,-29.629581759753005
2023-10-19 23:00:00,6.128694797269506,-29.687000577404206
2023-10-20 00:00:00,4.667282175200413,-92.6506567627302
2023-10-20 01:00:00,6.6165480660405205,107.17236508288507
2023-10-20 02:00:00,6.765803097524253,93.58339872239787
2023-10-20 03:00:00,5.970355298054159,102.95753746731168
2023-10-20 04:00:00,4.136030366824539,244.4270485948379
2023-10-20 05:00:00,5.9833778197763925,270.29254968536065
2023-10-20 06:00:00,4.733616116081653,305.9495435291025
2023-10-20 07:00:00,4.678779108445942,345.49320348177497
2023-10-20 08:00:00,5.724992016874342,230.29682229536357
2023-10-20 09:00:00,5.70057618391005,171.42704226571973
2023-10-20 10:00:00,5.728056071348833,112.26491056949484
2023-10-20 11:00:00,5.928957879254117,53.50957528062092
2023-10-20 12:00:00,5.215081566499847,-36.88829935289777
2023-10-20 13:00:00,3.8231688800000603,-21.69593280293338
2023-10-20 14:00:00,7.3547238451607475,-36.070079050089916
2023-10-20 15:00:00,4.881098022317252,-51.94043977916204
2023-10-20 16:00:00,4.559211595259339,86.83560995812407
2023-10-20 17:00:00,4.057165319092874,69.27994825232663
2023-10-20 18:00:00,5.423704763553117,-93.14411524064123
2023-10-20 19:00:00,5.3077175451445475,15.892716781089936
2023-10-20 20:00:00,5.151698790624324,-3.2475905592435765
2023-10-20 21:00:00,6.77039905375496,7.246397307152395
2023-10-20 22:00:00,5.93059297892554,-72.54903111079417
2023-10-20 23:00:00,4.254331556741884,-92.36929513974188
2023-10-21 00:00:00,7.374602338293845,-2.757028856217654
2023-10-21 01:00:00,3.785465339646585,50.10868893176411
2023-10-21 02:00:00,5.184971205137312,105.04765887253099
2023-10-21 03:00:00,4.57049813809347,177.06474464592756
2023-10-21 04:00:00,5.671199058834099,259.5136382963362
2023-10-21 05:00:00,5.93685716484618,300.0724647442789
2023-10-21 06:00:00,4.887817681450413,215.9800329778527
2023-10-21 07:00:00,6.351174402135831,211.63050674876354
2023-10-21 08:00:00,5.499788124376549,237.02801900524136
2023-10-21 09:00:00,6.761723596227842,248.55594396939634
2023-10-21 10:00:00,6.229795731167695,121.82775620525682
2023-10-21 11:00:00,4.829469139673141,75.84084451546835
2023-10-21 12:00:00,6.355892514411031,-68.17656788401227
2023-10-21 13:00:00,4.655475355479222,-109.77758606363537
2023-10-21 14:00:00,5.927224135561055,115.66346128861878
2023-10-21 15:00:00,5.8272115573018874,13.859242790780216
2023-10-21 16:00:00,4.783681715191883,-50.90780334765037
2023-10-21 17:00:00,3.3063869901098117,-107.1277135219183
2023-10-21 18:00:00,6.77843088324486,72.28875911348894
2023-10-21 19:00:00,5.719558152756469,-47.20865422880806
2023-10-21 20:00:00,5.32127223333548,-47.26504700709987
2023-10-21 21:00:00,5.319456338488361,-35.83703021296672
2023-10-21 22:00:00,6.275496194344652,6.865726854886642
2023-10-21 23:00:00,7.485996382171924,31.93272461297973
2023-10-22 00:00:00,6.233562297561506,-14.985301628631253
2023-10-22 01:00:00,5.698371189543087,16.55981364705812
2023-10-22 02:00:00,5.616779874329257,248.15362800200523
2023-10-22 03:00:00,5.694843030979543,163.89632858057038
2023-10-22 04:00:00,4.3270278270943034,231.36665194644615
2023-10-22 05:00:00,5.915846155740162,182.41936446649262
2023-10-22 06:00:00,4.020226357103313,295.5011088089673
2023-10-22 07:00:00,5.772692437108327,312.0380042501836
2023-10-22 08:00:00,4.859196125796194,187.82387669989888
2023-10-22 09:00:00,6.196551942662647,96.45587634718453
2023-10-22 10:00:00,5.711491196736763,114.18122605106136
2023-10-22 11:00:00,4.980012752353186,163.79305651358058
2023-10-22 12:00:00,4.320282010125169,-32.03088575810378
2023-10-22 13:00:00,6.807006693449079,126.63832949722416
2023-10-22 14:00:00,5.244450113504282,-28.034925232397367
2023-10-22 15:00:00,7.070641101116223,-91.23440218215111
2023-10-22 16:00:00,4.099731870400096,-25.49928168259766
2023-10-22 17:00:00,5.0778796348235185,-93.54701909637524
2023-10-22 18:00:00,3.080129473156079,-35.95902990081796
2023-10-22 19:00:00,6.087057898901186,19.108143729072438
2023-10-22 20:00:00,6.168994520719999,-23.245077422963977
2023-10-22 21:00:00,4.725713422605038,55.055266808734906
2023-10-22 22:00:00,4.676444380513339,-26.80107583087896
2023-10-22 23:00:00,4.942383788043336,-74.58513087136953
2023-10-23 00:00:00,5.122408880065929,7.389760593289088
2023-10-23 01:00:00,4.802792638359362,61.97434679213818
2023-10-23 02:00:00,6.443209759548001,132.87712676668468
2023-10-23 03:00:00,4.893441458550889,125.91485101351284
2023-10-23 04:00:00,3.4659716083594123,245.5828484905095
2023-10-23 05:00:00,5.107431429141247,328.42271752959437
2023-10-23 06:00:00,4.849876740480929,202.40906723328436
2023-10-23 07:00:00,4.054485011958263,163.46253477541606
2023-10-23 08:00:00,5.55139138526418,154.98531735386172
2023-10-23 09:00:00,3.436240064735749,188.15042249364353
2023-10-23 10:00:00,5.743166677754568,53.67310448764128
2023-10-23 11:00:00,5.329237383507729,85.71673753358529
2023-10-23 12:00:00,4.798942684458735,17.830923751495387
2023-10-23 13:00:00,4.216375394270783,18.369876282606644
2023-10-23 14:00:00,3.89891858317404,129.45111848945206
2023-10-23 15:00:00,6.243994027225765,-93.28170303548792
2023-10-23 16:00:00,5.062816758846856,-85.36702755973015
2023-10-23 17:00:00,3.683581449158991,63.92878379169201
2023-10-23 18:00:00,5.350504486332545,26.63104746586623
2023-10-23 19:00:00,5.0891030298854085,57.3853242383607
2023-10-23 20:00:00,6.775264846763073,-102.05695440774225
2023-10-23 21:00:00,4.950342604360378,-67.99165529870483
2023-10-23 22:00:00,6.3416935879226175,48.935442307186314
2023-10-23 23:00:00,5.143516165858895,-8.355751347925885
2023-10-24 00:00:00,4.213515785479537,65.70949485761449
2023-10-24 01:00:00,5.866689386831386,48.97259727707277
2023-10-24 02:00:00,6.612755945407095,124.27758174407082
2023-10-24 03:00:00,6.302032777374803,305.26553005127107
2023-10-24 04:00:00,5.709105733336627,181.58729388101955
2023-10-24 05:00:00,6.3924301849360985,297.59964470527314
2023-10-24 06:00:00,5.565468789843307,191.3869903951035
2023-10-24 07:00:00,5.477066301396557,217.25802827066542
2023-10-24 08:00:00,3.9225330070528788,270.48560189201794
2023-10-24 09:00:00,5.607453745500254,120.01097734095421
2023-10-24 10:00:00,6.903096434843523,178.70224993036632
2023-10-24 11:00:00,3.759125998785647,58.782954067187575
2023-10-24 12:00:00,4.082972118475646,-48.76671593410829
2023-10-24 13:00:00,5.068060564280795,-5.355035348758412
2023-10-24 14:00:00,4.039420945495769,-29.292919800364437
2023-10-24 15:00:00,6.079423773985391,-35.575332186696414
2023-10-24 16:00:00,3.667601154548465,-24.73859358579458
2023-10-24 17:00:00,6.075739984193608,-69.63512682315188
2023-10-24 18:00:00,6.399485108355646,-88.1253199602232
2023-10-24 19:00:00,6.052046034458199,-106.33273668351045
2023-10-24 20:00:00,5.415578623216956,25.171919210807363
2023-10-24 21:00:00,5.92941458035974,21.612994779148412
2023-10-24 22:00:00,4.239842388630286,-39.68277950530793
2023-10-24 23:00:00,5.6548554341345225,-6.476259598089339
2023-10-25 00:00:00,4.810965549380844,69.26258467219736
2023-10-25 01:00:00,6.320131779375304,38.954328068657276
2023-10-25 02:00:00,6.139589169963509,122.37703150775376
2023-10-25 03:00:00,4.6189761975732715,288.886388340699
2023-10-25 04:00:00,5.781018798348809,254.49595227832089
2023-10-25 05:00:00,5.822475935631939,307.48989264008145
2023-10-25 06:00:00,4.955286508594745,306.9690402746194
2023-10-25 07:00:00,5.45181548693713,287.4887177968801
2023-10-25 08:00:00,5.940899976394949,198.8261146838434
2023-10-25 09:00:00,4.972652144893751,143.2913666288081
2023-10-25 10:00:00,4.543502296446755,169.45076628568972
2023-10-25 11:00:00,5.657203420217572,96.4307968717111
2023-10-25 12:00:00,6.912750144339691,11.600376777786186
2023-10-25 13:00:00,5.276783181132513,14.591425938313577
2023-10-25 14:00:00,5.0771835286028555,-38.61452436794242
2023-10-25 15:00:00,4.636750263545862,-58.88928588063327
2023-10-25 16:00:00,6.579435141088063,-36.65738188231249
2023-10-25 17:00:00,6.3045495143699615,-12.538455283660857
2023-10-25 18:00:00,5.283140825875727,-29.742625587589767
2023-10-25 19:00:00,4.641983013316212,78.39544404984913
2023-10-25 20:00:00,4.632724302916388,73.78442727183659
2023-10-25 21:00:00,4.573931026633546,42.62574087242079
2023-10-25 22:00:00,4.9360939776213355,61.03036477901048
2023-10-25 23:00:00,4.868591052843474,-64.6977502408469
2023-10-26 00:00:00,4.726844457302214,35.89149353086714
2023-10-26 01:00:00,6.580058140554629,68.94295253733671
2023-10-26 02:00:00,7.050195533527201,113.58904278839978
2023-10-26 03:00:00,4.375609392770381,179.07778005635925
2023-10-26 04:00:00,4.893580429239828,223.12475868188614
2023-10-26 05:00:00,4.517024622474191,244.98243197179866
2023-10-26 06:00:00,5.7834156632408416,242.48335862131015
2023-10-26 07:00:00,5.125132575349826,196.90606385986064
2023-10-26 08:00:00,4.434307722879491,158.02951015072065
2023-10-26 09:00:00,7.117542940500432,213.29988490302034
2023-10-26 10:00:00,5.952632085572357,-3.843677751145947
2023-10-26 11:00:00,4.485483694882601,167.9915430141938
2023-10-26 12:00:00,6.971637174572631,-31.08316212586986
2023-10-26 13:00:00,4.318078746063086,-89.98939998045812
2023-10-26 14:00:00,6.079382471895411,26.108690047916166
2023-10-26 15:00:00,7.882772224527759,-6.767229392938727
2023-10-26 16:00:00,5.333738068914228,-47.388784207537896
2023-10-26 17:00:00,5.176642455977049,-28.708338589796995
2023-10-26 18:00:00,5.6325274594056705,-4.4545415238096755
2023-10-26 19:00:00,7.690421032166517,54.20934985972039
2023-10-26 20:00:00,6.94115420415686,-132.24519374940826
2023-10-26 21:00:00,5.021543185671874,15.923763732815258
2023-10-26 22:00:00,5.769463801578773,82.28656172009646
2023-10-26 23:00:00,6.387843135094417,-40.7383276175063
2023-10-27 00:00:00,5.072860669192553,37.40541155911178
2023-10-27 01:00:00,4.370252762425811,104.7680054390816
2023-10-27 02:00:00,6.586194149795169,231.6133578505109
2023-10-27 03:00:00,6.011606734597999,206.25610808439774
2023-10-27 04:00:00,5.820710455129031,273.4128322487785
2023-10-27 05:00:00,6.608711896648449,318.9832608778884
2023-10-27 06:00:00,4.356561524898141,305.95495558697337
2023-10-27 07:00:00,5.270134142044877,221.073261880233
2023-10-27 08:00:00,8.14003319240261,201.80650013200608
2023-10-27 09:00:00,6.069495738630401,207.8861983196775
2023-10-27 10:00:00,6.129859041654787,180.92127109928416
2023-10-27 11:00:00,5.607688076930414,88.10614251765911
2023-10-27 12:00:00,3.6607182182761075,-51.81232791113771
2023-10-27 13:00:00,4.683850059736054,-12.26664506582325
2023-10-27 14:00:00,6.415299457412083,-69.35366531849533
2023-10-27 15:00:00,4.960018906629054,29.396714158158126
2023-10-27 16:00:00,5.3319142001693605,98.97226701317618
2023-10-27 17:00:00,5.7932401198986945,26.341697232248006
2023-10-27 18:00:00,4.524951851758626,-97.774576769411
2023-10-27 19:00:00,4.219400727822498,5.252934729508957
2023-10-27 20:00:00,5.489273914139473,-0.7293650758091345
2023-10-27 21:00:00,5.131062955783685,-26.52468101805806
2023-10-27 22:00:00,5.729653047836636,-102.24336579991575
2023-10-27 23:00:00,4.0700380965055185,23.92802056691398
2023-10-28 00:00:00,5.005377092459278,47.37812381032132
2023-10-28 01:00:00,6.229025194062562,27.494780372317692
2023-10-28 02:00:00,8.485899040585513,93.81570909086386
2023-10-28 03:00:00,5.65940465615043,179.99909223958886
2023-10-28 04:00:00,6.210935616126082,327.0302820131453
2023-10-28 05:00:00,6.027678383443085,253.39408805672178
2023-10-28 06:00:00,5.8335519586165745,238.71470576599714
2023-10-28 07:00:00,6.222121900476141,247.59524317841465
2023-10-28 08:00:00,4.581237349779687,268.83992056486466
2023-10-28 09:00:00,5.182927137713524,94.71648366547167
2023-10-28 10:00:00,5.789989881879496,126.91108547220128
2023-10-28 11:00:00,4.573720702612,54.303627306716294
2023-10-28 12:00:00,5.973421365593129,-5.406099226195759
2023-10-28 13:00:00,3.6236539717587384,-34.78299587745647
2023-10-28 14:00:00,6.35226972685933,-66.54349598226177
2023-10-28 15:00:00,5.389683279051889,46.613692985688196
2023-10-28 16:00:00,6.234204092521966,-91.91778852110644
2023-10-28 17:00:00,6.537005747795292,78.2372444389449
2023-10-28 18:00:00,6.949800257636353,17.389708840651238
2023-10-28 19:00:00,5.808777599046494,34.061238350185754
2023-10-28 20:00:00,3.8068515315072893,3.1572447517986566
2023-10-28 21:00:00,3.778754675536697,58.915139342365066
2023-10-28 22:00:00,4.275415920579561,26.814323654001537
2023-10-28 23:00:00,6.2603371276521065,65.23839354435178
2023-10-29 00:00:00,4.17102538628076,42.29967493939593
2023-10-29 01:00:00,5.345452239545335,128.09884615304253
2023-10-29 02:00:00,5.157465968453069,103.75313337802852
2023-10-29 03:00:00,5.9405210462621625,178.23792267841432
2023-10-29 04:00:00,6.294905182737712,242.41104695349284
2023-10-29 05:00:00,5.674579962519225,269.6501182208382
2023-10-29 06:00:00,6.381418424033946,307.7475216618764
2023-10-29 07:00:00,4.4790231054367675,231.9923129162228
2023-10-29 08:00:00,6.600464416698787,241.29388582350035
2023-10-29 09:00:00,5.7110997242612935,228.62486877805273
2023-10-29 10:00:00,6.339284204083141,43.71933103840922
2023-10-29 11:00:00,5.062473658080659,125.04280009048621
2023-10-29 12:00:00,3.528892800342339,102.24980308312395
2023-10-29 13:00:00,6.245271727086364,-45.768221588342016
2023-10-29 14:00:00,5.436234381294207,73.98335942643811
2023-10-29 15:00:00,6.781496001167721,11.33019943486045
2023-10-29 16:00:00,6.001523156165165,-44.27554078417109
2023-10-29 17:00:00,8.531576253805682,41.387262666172354
2023-10-29 18:00:00,6.850547384133735,96.98242904564503
2023-10-29 19:00:00,5.331116890428135,-20.15491192970212
2023-10-29 20:00:00,3.994782538493692,-53.31511203787941
2023-10-29 21:00:00,4.708258556705168,-111.73075602718856
2023-10-29 22:00:00,4.6420634851710005,-7.235035014206678
2023-10-29 23:00:00,5.058641833350796,8.162332152543026
2023-10-30 00:00:00,5.495207600017786,90.7128289950373
2023-10-30 01:00:00,5.938308917240452,165.76022824523756
2023-10-30 02:00:00,6.994675747259387,107.35769486725354
2023-10-30 03:00:00,4.749741223463658,239.09772543822174
2023-10-30 04:00:00,4.2320324887328304,185.83082946689808
2023-10-30 05:00:00,6.451534770891522,275.0981265298329
2023-10-30 06:00:00,6.952813335165628,274.52913083279867
2023-10-30 07:00:00,5.130075039899787,227.64461916575723
2023-10-30 08:00:00,6.661668536946633,237.35971687858307
2023-10-30 09:00:00,6.390807335543728,240.87196012220534
2023-10-30 10:00:00,3.9121618116366266,195.3330060913834
2023-10-30 11:00:00,4.9838931141156575,65.48757862667125
2023-10-30 12:00:00,5.143786316026186,-4.353036208737215
2023-10-30 13:00:00,7.609144658503036,-91.96797461281395
2023-10-30 14:00:00,6.129147580305146,13.693144247749423
2023-10-30 15:00:00,5.117141359405663,-13.274477590000682
2023-10-30 16:00:00,4.923398944176029,-4.518954421425319
2023-10-30 17:00:00,4.050618719904261,-24.07015113034911
2023-10-30 18:00:00,6.686676772864388,-47.445122238552685
2023-10-30 19:00:00,6.01616699965027,-43.66981218801927
2023-10-30 20:00:00,6.239987708066609,-33.8342281629827
2023-10-30 21:00:00,4.334964353136206,-66.33782498555718
2023-10-30 22:00:00,6.356337354479105,14.571329334745842
2023-10-30 23:00:00,5.382466696272856,28.023165973629954
2023-10-31 00:00:00,4.935590208875573,-6.887506175252412
2023-10-31 01:00:00,6.175818305855211,82.11694818435996
2023-10-31 02:00:00,4.462629242151574,130.09289837822703
2023-10-31 03:00:00,5.841756480995423,257.32324701603034
2023-10-31 04:00:00,5.397267563903849,247.90561253874003
2023-10-31 05:00:00,6.735243573033273,287.37137208986695
2023-10-31 06:00:00,6.554609664456866,323.3152459893068
2023-10-31 07:00:00,5.753584333369318,272.294905494312
2023-10-31 08:00:00,5.943643218801965,314.85889173845294
2023-10-31 09:00:00,6.261323112371008,166.97432869439484
2023-10-31 10:00:00,5.653617662336978,227.8706549908917
2023-10-31 11:00:00,4.845018734078733,63.44369772458391
2023-10-31 12:00:00,5.179805822634922,-32.63092634586719
2023-10-31 13:00:00,4.442141507976411,-78.43942285402457
2023-10-31 14:00:00,6.588126659682336,43.57661297194741
2023-10-31 15:00:00,6.0606215006803374,-18.274049965693425
2023-10-31 16:00:00,5.239642317896139,7.178621862871689
2023-10-31 17:00:00,4.937857089099992,13.062432369181673
2023-10-31 18:00:00,5.899040091848448,-24.384324175453674
2023-10-31 19:00:00,4.2497373443427575,53.66994511508235
2023-10-31 20:00:00,4.594041103717773,22.743927153056287
2023-10-31 21:00:00,5.64313172029896,-42.58389151181032
2023-10-31 22:00:00,8.103821648895511,-67.20691177060834
2023-10-31 23:00:00,6.115112319809818,39.062289124221
2023-11-01 00:00:00,5.891479406365627,-12.053971805226713
2023-11-01 01:00:00,4.53539843715725,108.73866333549434
2023-11-01 02:00:00,4.773146844261084,130.17319267591603
2023-11-01 03:00:00,7.062492425982832,212.3512689416526
2023-11-01 04:00:00,5.244287964838649,287.35587432991474
2023-11-01 05:00:00,5.776834525077409,200.52672194484427
2023-11-01 06:00:00,6.2979895339219265,369.6139613487096
2023-11-01 07:00:00,5.286133937993654,294.3688226083375
2023-11-01 08:00:00,5.198484878328948,144.8834370643363
2023-11-01 09:00:00,3.981400368992018,269.1499948589789
2023-11-01 10:00:00,4.490373769960427,192.0878157341576
2023-11-01 11:00:00,6.293001231778005,64.34833467919904
2023-11-01 12:00:00,5.267641398870909,69.78822682194102
2023-11-01 13:00:00,6.374677313459696,-31.939000767560266
2023-11-01 14:00:00,4.121391017915911,-6.511658095764307
2023-11-01 15:00:00,6.517506027605787,117.22237162367473
2023-11-01 16:00:00,5.666525459440796,26.0440441701709
2023-11-01 17:00:00,4.23551695728,54.19501290138451
2023-11-01 18:00:00,6.835370859075286,40.84244912623236
2023-11-01 19:00:00,4.299520029271599,-69.28831565983707
2023-11-01 20:00:00,6.783481486100568,14.9533283971749
2023-11-01 21:00:00,5.6738652301406765,10.358056293746875
2023-11-01 22:00:00,4.81251414626531,59.29097868723549
2023-11-01 23:00:00,7.554584610904159,75.04617036308022
2023-11-02 00:00:00,6.156144159663122,64.4889131675992
2023-11-02 01:00:00,6.965647099533625,50.768440169871994
2023-11-02 02:00:00,6.183506670392186,71.91871390081266
2023-11-02 03:00:00,5.53447064941828,228.31172008145575
2023-11-02 04:00:00,4.880171587904069,244.58806017119778
2023-11-02 05:00:00,5.569714976333329,225.15994531832627
2023-11-02 06:00:00,5.914334443388239,252.7325652978984
2023-11-02 07:00:00,6.5675298359986485,274.79865139452244
2023-11-02 08:00:00,5.357773394510575,261.9303244510666
2023-11-02 09:00:00,6.264458891359956,175.5248465103245
2023-11-02 10:00:00,7.429409362562607,142.97793133730104
2023-11-02 11:00:00,5.909122369762716,70.77558470284367
2023-11-02 12:00:00,3.7918479916011396,13.74232985950853
2023-11-02 13:00:00,5.799418731859448,-48.79430924769379
2023-11-02 14:00:00,5.656217818058283,-34.9064951772831
2023-11-02 15:00:00,5.62456707230924,67.4299417481984
2023-11-02 16:00:00,4.155246629818305,-12.953082209699296
2023-11-02 17:00:00,6.0273821005103985,23.82242221311616
2023-11-02 18:00:00,5.219024776940113,-60.900632900843696
2023-11-02 19:00:00,5.645383451667639,59.38712934047938
2023-11-02 20:00:00,6.698918324088825,57.5792178770015
2023-11-02 21:00:00,4.939388998261513,14.944715843103761
2023-11-02 22:00:00,5.648520299405098,-30.699282749450603
2023-11-02 23:00:00,5.548652895206267,-71.8137003112243
2023-11-03 00:00:00,5.631135609657239,113.71626350470454
2023-11-03 01:00:00,5.353166894966409,54.743992990632684
2023-11-03 02:00:00,5.406974576938469,73.23756904706565
2023-11-03 03:00:00,7.4719703156045325,175.1180328184845
2023-11-03 04:00:00,5.374035517716949,270.9782744298423
2023-11-03 05:00:00,6.067627161449321,217.59815708105683
2023-11-03 06:00:00,5.9018665061847315,260.3256656030872
2023-11-03 07:00:00,5.869757677167937,207.92201690071124
2023-11-03 08:00:00,6.277145040344719,323.1744586351434
2023-11-03 09:00:00,5.1639488648218945,200.80816630004182
2023-11-03 10:00:00,7.198324811161329,72.30611938619522
2023-11-03 11:00:00,4.876853676141283,30.01310591593947
2023-11-03 12:00:00,5.632375466678347,-32.25851697413493
2023-11-03 13:00:00,4.610345522869461,1.1518798432128714
2023-11-03 14:00:00,6.6939476772612565,-45.57763056778434
2023-11-03 15:00:00,4.875725609259576,-18.25711749233295
2023-11-03 16:00:00,6.552607902514433,-31.8660667795719
2023-11-03 17:00:00,6.061806025370506,-71.83143999028484
2023-11-03 18:00:00,5.973096829238968,-45.75626983639726
2023-11-03 19:00:00,6.913149118728178,-38.580562923149486
2023-11-03 20:00:00,5.192397600520463,-60.96633208288355
2023-11-03 21:00:00,7.263902570921516,-72.17418605084382
2023-11-03 22:00:00,5.412933159180621,-29.758753253509468
2023-11-03 23:00:00,6.228617624323946,43.231720125251975
2023-11-04 00:00:00,5.650770216231877,-7.396347432236322
2023-11-04 01:00:00,6.461385221686438,-83.52333768990562
2023-11-04 02:00:00,4.841433821050579,196.60907717322715
2023-11-04 03:00:00,5.9512614447843175,171.97097637472632
2023-11-04 04:00:00,5.862366098584776,324.95644141499554
2023-11-04 05:00:00,6.280213609937134,322.587691983738
2023-11-04 06:00:00,6.2496197940043485,276.87453502555803
2023-11-04 07:00:00,4.983576289706658,272.498678170784
2023-11-04 08:00:00,7.150366967672097,196.01421045783235
2023-11-04 09:00:00,5.7866079300186435,239.19749332196199
2023-11-04 10:00:00,6.574645549871294,226.93135291431975
2023-11-04 11:00:00,4.58326488721881,39.282704134727524
2023-11-04 12:00:00,5.429481884476461,-30.148491081198305
2023-11-04 13:00:00,6.922756882721929,98.67924599730021
2023-11-04 14:00:00,7.479496222435471,4.3156389522917795
2023-11-04 15:00:00,6.268476665608273,-76.20166796842133
2023-11-04 16:00:00,5.756060221494849,-68.19283331708425
2023-11-04 17:00:00,4.78188487807874,85.21361704802858
2023-11-04 18:00:00,6.641435267492184,23.684931440466713
2023-11-04 19:00:00,6.150671343174781,-52.5129635330695
2023-11-04 20:00:00,3.490890173327027,16.86476054790422
2023-11-04 21:00:00,4.111357210325013,-41.60771558580979
2023-11-04 22:00:00,6.194412977982727,-96.0040719082475
2023-11-04 23:00:00,5.011956258275614,-17.274989635903268
2023-11-05 00:00:00,4.853046865205728,-0.4362750579951075
2023-11-05 01:00:00,5.788568078792075,-2.0997300037971627
2023-11-05 02:00:00,6.235820737262942,84.47097062205414
2023-11-05 03:00:00,7.323054400687111,158.24869866130246
2023-11-05 04:00:00,5.075200193316897,244.941014959775
2023-11-05 05:00:00,6.328425934005404,291.0253510380597
2023-11-05 06:00:00,4.866008594283464,222.4870040017509
2023-11-05 07:00:00,5.39746366097317,255.48714693496296
2023-11-05 08:00:00,6.081509662304015,231.62315498335576
2023-11-05 09:00:00,5.744969533699703,121.45493040112112
2023-11-05 10:00:00,4.526450513177934,158.555720408313
2023-11-05 11:00:00,6.406072848066781,106.09712986032685
2023-11-05 12:00:00,6.633856553275434,15.595779170038922
2023-11-05 13:00:00,8.251895185389932,-66.0829892497884
2023-11-05 14:00:00,6.114530972456048,29.897531407046745
2023-11-05 15:00:00,6.066353612927618,-5.062795168966499
2023-11-05 16:00:00,6.195878867069249,49.12511701804655
2023-11-05 17:00:00,4.528454521853568,23.913350897908007
2023-11-05 18:00:00,4.596969498352973,15.606476675033301
2023-11-05 19:00:00,5.810007155780671,-14.102089940112172
2023-11-05 20:00:00,3.5956022743592344,47.80774156147957
2023-11-05 21:00:00,4.76189774987134,-57.17236127284014
2023-11-05 22:00:00,5.3950429006919745,-63.19435433849472
2023-11-05 23:00:00,6.90142903160954,137.10083800280054
2023-11-06 00:00:00,6.201656876547727,-97.12746444763111
2023-11-06 01:00:00,4.424377580504694,17.33262145210918
2023-11-06 02:00:00,5.90203110204627,188.7435837998492
2023-11-06 03:00:00,6.525745557119057,128.73818407317333
2023-11-06 04:00:00,6.656480664154503,294.1326494689952
2023-11-06 05:00:00,6.987814436403118,348.33256900445775
2023-11-06 06:00:00,7.140357418778858,364.42128359328456
2023-11-06 07:00:00,6.512208090309272,290.32711216118014
2023-11-06 08:00:00,6.4293984926118934,198.66273105434064
2023-11-06 09:00:00,6.174859247522615,164.37187534858626
2023-11-06 10:00:00,6.784685356625562,211.8131196265239
2023-11-06 11:00:00,5.154459225420824,-16.395908523534644
2023-11-06 12:00:00,5.737887090023753,41.16734787031842
2023-11-06 13:00:00,5.2429241609519925,-80.39805916108996
2023-11-06 14:00:00,6.375852639157298,-4.758530457789893
2023-11-06 15:00:00,5.683457546303214,-31.14780075185456
2023-11-06 16:00:00,6.955743661544448,-22.154028457912357
2023-11-06 17:00:00,5.994541429945074,67.0746785991272
2023-11-06 18:00:00,7.005824957073826,-26.951185828868233
2023-11-06 19:00:00,3.8311236408805445,52.14062156696278
2023-11-06 20:00:00,5.222480778460772,-35.985448442994326
2023-11-06 21:00:00,6.880473889009593,13.106885739810892
2023-11-06 22:00:00,5.962628454619266,-6.364494430152923
2023-11-06 23:00:00,6.998179686206969,-68.64835210363813
2023-11-07 00:00:00,6.244097051863282,-67.51624086229954
2023-11-07 01:00:00,5.059340787601195,64.42529525118653
2023-11-07 02:00:00,7.786637394885582,130.14491416551905
2023-11-07 03:00:00,5.329746323909034,245.7219849576778
2023-11-07 04:00:00,5.247553945529908,166.7568108975958
2023-11-07 05:00:00,6.812883792304448,248.0136195172081
2023-11-07 06:00:00,5.081793922704609,321.1849381379079
2023-11-07 07:00:00,4.699985850989454,276.9907934912209
2023-11-07 08:00:00,5.225535872081253,186.77471793691026
2023-11-07 09:00:00,6.813359349546233,229.8956578427133
2023-11-07 10:00:00,8.13276822197503,192.265533924672
2023-11-07 11:00:00,5.998080209009868,27.669061295296146
2023-11-07 12:00:00,5.269046081354249,48.34087704365257
2023-11-07 13:00:00,7.227799729774581,-29.81020377394089
2023-11-07 14:00:00,5.377909454613786,-17.814978159608945
2023-11-07 15:00:00,5.549054878291382,-26.635496208337432
2023-11-07 16:00:00,6.409780661831928,50.70538069448121
2023-11-07 17:00:00,7.13429537363425,-8.154694060297043
2023-11-07 18:00:00,6.063714312444969,38.65465814731261
2023-11-07 19:00:00,5.638478651528606,-24.275772630965456
2023-11-07 20:00:00,8.314479892273567,17.960263005520517
2023-11-07 21:00:00,5.322502600562376,-54.37236852707883
2023-11-07 22:00:00,5.433461371391353,50.05859420103973
2023-11-07 23:00:00,5.60487468611317,-15.333468854565957
2023-11-08 00:00:00,6.596411074977869,62.45930708029939
2023-11-08 01:00:00,5.578155079000604,75.61504234724087
2023-11-08 02:00:00,6.86252826833142,155.9158833356854
2023-11-08 03:00:00,5.993471821725859,328.05757339357046
2023-11-08 04:00:00,5.726211857253414,299.03777305988706
2023-11-08 05:00:00,5.483278600679746,301.689457594685
2023-11-08 06:00:00,6.020139692426031,241.30445781168453
2023-11-08 07:00:00,6.492390585743237,254.20150580459466
2023-11-08 08:00:00,6.010138791613654,301.03738365432673
2023-11-08 09:00:00,6.277790729768569,197.10944269762626
2023-11-08 10:00:00,5.270110425598882,140.77746416040134
2023-11-08 11:00:00,5.329287068340121,24.125266494181467
2023-11-08 12:00:00,6.040507480166157,20.251574928095117
2023-11-08 13:00:00,6.16485152792017,5.210177448712586
2023-11-08 14:00:00,6.093050742345639,35.644242429007406
2023-11-08 15:00:00,5.454955687642081,61.897465520526616
2023-11-08 16:00:00,6.118150551808687,22.435129824468447
2023-11-08 17:00:00,6.070685686583886,-58.6426209421594
2023-11-08 18:00:00,5.924111921319675,-75.59951943392501
2023-11-08 19:00:00,5.3930711923366195,36.53951656460046
2023-11-08 20:00:00,6.564523068709329,6.00592456325441
2023-11-08 21:00:00,6.033431516916084,87.56307448451385
2023-11-08 22:00:00,5.295018858241643,1.24576245384472
2023-11-08 23:00:00,5.920288630450495,-86.36958890760043
2023-11-09 00:00:00,5.515764796097625,-63.29179547036365
2023-11-09 01:00:00,6.101676917079018,41.410303413339356
2023-11-09 02:00:00,7.5267832794526335,239.52900624475785
2023-11-09 03:00:00,6.246391565465628,274.05711604207977
2023-11-09 04:00:00,6.29999604804666,237.26957702802062
2023-11-09 05:00:00,7.522844756744082,284.85113749481025
2023-11-09 06:00:00,6.369592586796155,236.80325440994525
2023-11-09 07:00:00,6.532253136212443,224.6875382089452
2023-11-09 08:00:00,6.242851086669654,320.0170439838235
2023-11-09 09:00:00,5.7137853252884545,262.65966265230634
2023-11-09 10:00:00,6.546608703224001,138.66143973449934
2023-11-09 11:00:00,7.800686003180436,171.07542380534807
2023-11-09 12:00:00,4.777676482670211,21.718523300147698
2023-11-09 13:00:00,5.6413152122826595,10.588212868033434
2023-11-09 14:00:00,5.245522707117339,10.879028932477375
2023-11-09 15:00:00,5.3572537446488635,-53.08735854057678
2023-11-09 16:00:00,7.321957655011763,47.21653331498799
2023-11-09 17:00:00,5.940286448762503,47.59704849142933
2023-11-09 18:00:00,6.821487562353186,12.03107782565096
2023-11-09 19:00:00,5.431489299361234,-55.916062983439
2023-11-09 20:00:00,5.453674254826669,54.4592781821721
2023-11-09 21:00:00,5.080832743864539,-90.01582639647505
2023-11-09 22:00:00,7.543563483096306,-38.693849272456795
2023-11-09 23:00:00,6.873630463563503,29.01340597594153
2023-11-10 00:00:00,5.1024160295912875,-20.414245362184694
2023-11-10 01:00:00,7.2951939703796995,30.136312096531377
2023-11-10 02:00:00,5.893425834343612,223.02975564435866
2023-11-10 03:00:00,6.606143828102102,274.20976841458514
2023-11-10 04:00:00,6.19993750413016,319.7521225912273
2023-11-10 05:00:00,4.716304041753773,313.7682967401241
2023-11-10 06:00:00,5.325182585629662,309.38775657274005
2023-11-10 07:00:00,7.506869976120781,384.06139220961296
2023-11-10 08:00:00,7.092225656608989,338.19401573300104
2023-11-10 09:00:00,5.131266698127407,213.32513709164888
2023-11-10 10:00:00,6.36091008846693,289.3870060213371
2023-11-10 11:00:00,5.938278578078511,73.36960327412443
2023-11-10 12:00:00,7.2948799803804665,19.273329191142665
2023-11-10 13:00:00,5.9480491380319025,69.5239530741699
2023-11-10 14:00:00,5.384760887209032,18.578715781349224
2023-11-10 15:00:00,6.890014429945523,-13.215215239779393
2023-11-10 16:00:00,7.3420304082099115,19.085103700833738
2023-11-10 17:00:00,6.546467152736828,-0.26273393161883984
2023-11-10 18:00:00,6.7250281793955615,-106.52700615471242
2023-11-10 19:00:00,4.957750262408709,50.16923865516456
2023-11-10 20:00:00,4.875008135629826,-31.12031032544802
2023-11-10 21:00:00,4.802928220012895,-57.52889970455097
2023-11-10 22:00:00,7.203719362926244,60.24694374477229
2023-11-10 23:00:00,5.765693150241726,18.909025401473095
2023-11-11 00:00:00,7.034771152736965,33.97872395316662
2023-11-11 01:00:00,5.608215923839035,74.02688760131556
2023-11-11 02:00:00,6.193927577000147,166.4261677269886
2023-11-11 03:00:00,5.402786042696491,204.46646570663165
2023-11-11 04:00:00,5.8809011139358764,225.76605209975463
2023-11-11 05:00:00,4.49889057360136,334.11273517089046
2023-11-11 06:00:00,5.890824166865264,322.32011003949543
2023-11-11 07:00:00,5.802526180699738,385.9218001691929
2023-11-11 08:00:00,4.5135629452620325,157.05197607375248
2023-11-11 09:00:00,6.633260052142436,278.4432591628525
2023-11-11 10:00:00,6.782753871835819,135.81622764926803
2023-11-11 11:00:00,5.546430853233977,56.19389028403137
2023-11-11 12:00:00,5.003234466539045,29.222876849635355
2023-11-11 13:00:00,7.938872171287546,-44.410669157335555
2023-11-11 14:00:00,6.464633606212906,-22.47889341354666
2023-11-11 15:00:00,3.8284526561724546,29.72581215290411
2023-11-11 16:00:00,5.7801438822185816,-26.754891114844774
2023-11-11 17:00:00,5.556876236220394,-35.28629686810727
2023-11-11 18:00:00,5.483025021295138,-35.393973357309136
2023-11-11 19:00:00,7.300657109566578,17.54361978858251
2023-11-11 20:00:00,6.461425314872393,-60.231741633462676
2023-11-11 21:00:00,6.84377911111972,37.783622024335
2023-11-11 22:00:00,6.070564832007122,105.77890505498941
2023-11-11 23:00:00,7.061822476899466,0.16698482961589498
2023-11-12 00:00:00,5.891836165528394,21.762381107455848
2023-11-12 01:00:00,6.4979857812421296,94.31326629809756
2023-11-12 02:00:00,6.752442296309813,109.94182870675422
2023-11-12 03:00:00,5.642211542182201,237.32661038375537
2023-11-12 04:00:00,4.168538362907205,282.40585208457554
2023-11-12 05:00:00,4.5719360009042,391.1802299073165
2023-11-12 06:00:00,8.577044561221808,325.64987804846714
2023-11-12 07:00:00,6.9162634182062055,364.6769314687939
2023-11-12 08:00:00,6.963327656427849,292.74633596250976
2023-11-12 09:00:00,7.686617458353026,196.0530943290635
2023-11-12 10:00:00,5.1402309999986855,97.36872045546428
2023-11-12 11:00:00,5.540835219791758,96.48423160563551
2023-11-12 12:00:00,5.160347165517573,38.014736947160195
2023-11-12 13:00:00,8.621725974824363,-4.451379837143973
2023-11-12 14:00:00,5.267302516635488,-31.651746216684074
2023-11-12 15:00:00,7.519387099556205,70.34690076180158
2023-11-12 16:00:00,5.606233742224087,-22.069837098576947
2023-11-12 17:00:00,6.350438985530019,-57.5942468679695
2023-11-12 18:00:00,7.535454192907089,-3.2499416517025876
2023-11-12 19:00:00,6.551132396788432,3.8846955599118673
2023-11-12 20:00:00,6.133489555511833,-36.77156971181007
2023-11-12 21:00:00,8.533520192820673,-4.572712512239315
2023-11-12 22:00:00,4.431229568719137,-84.75987838537982
2023-11-12 23:00:00,5.32106050727104,21.19092502465153
2023-11-13 00:00:00,6.0133047726729165,-52.49424618814943
2023-11-13 01:00:00,7.367192317685596,62.73084678042282
2023-11-13 02:00:00,5.819286194711625,124.23636568612156
2023-11-13 03:00:00,7.290631238431474,293.6291853705501
2023-11-13 04:00:00,4.600488697822759,258.6202566038433
2023-11-13 05:00:00,7.471198610207668,263.20358475153404
2023-11-13 06:00:00,7.216481009828527,420.66638506589425
2023-11-13 07:00:00,5.248166997474947,395.10479714092537
2023-11-13 08:00:00,6.288420343360401,315.6079741986365
2023-11-13 09:00:00,6.0535063698236415,251.65097220314865
2023-11-13 10:00:00,6.773078895295195,114.80037413554902
2023-11-13 11:00:00,7.484089720570303,136.18344699842328
2023-11-13 12:00:00,5.639879147060511,18.237546184533798
2023-11-13 13:00:00,6.692386875403728,-31.841517603570484
2023-11-13 14:00:00,6.568545898603389,7.041600291403376
2023-11-13 15:00:00,6.447891861741237,-23.21412280102202
2023-11-13 16:00:00,7.778255263943681,-76.1190556328211
2023-11-13 17:00:00,6.483457836277315,68.27127544665929
2023-11-13 18:00:00,5.107919468207955,-90.6855875207533
2023-11-13 19:00:00,7.06075437137256,107.83302301419609
2023-11-13 20:00:00,7.923873699927368,-10.692484177561768
2023-11-13 21:00:00,6.462913106989683,22.603965690697525
2023-11-13 22:00:00,7.674967767335739,26.715327188312394
2023-11-13 23:00:00,5.903582479984399,-49.484242761355134
2023-11-14 00:00:00,6.796051837942253,-10.520922052005748
2023-11-14 01:00:00,4.819058539971915,77.51498145709542
2023-11-14 02:00:00,5.771958871509777,129.36572955419533
2023-11-14 03:00:00,6.550442620559753,277.49387338959326
2023-11-14 04:00:00,7.051508233458582,215.86097327892196
2023-11-14 05:00:00,6.818412737036712,318.1519954441226
2023-11-14 06:00:00,7.662100988378664,233.5806527173113
2023-11-14 07:00:00,4.8527987745290435,320.17951653990605
2023-11-14 08:00:00,7.851526240856469,284.8246305078348
2023-11-14 09:00:00,5.6680870246967725,321.01373174921935
2023-11-14 10:00:00,5.153167790448855,128.80256758939555
2023-11-14 11:00:00,7.418777885954202,74.11525747101183
2023-11-14 12:00:00,5.269329665132586,-11.996616728402861
2023-11-14 13:00:00,7.79537058924268,84.06726163261446
2023-11-14 14:00:00,4.199679382716893,-28.792735441709986
2023-11-14 15:00:00,5.626086310832282,11.264154361826478
2023-11-14 16:00:00,7.258854964893578,-14.669323432015908
2023-11-14 17:00:00,7.054109315028653,-7.584334573232038
2023-11-14 18:00:00,3.747609535037008,0.5595665260976291
2023-11-14 19:00:00,5.7180276841230375,54.90551186282004
2023-11-14 20:00:00,4.666018030619398,72.69102102049375
2023-11-14 21:00:00,6.520285991144475,-69.39499430408975
2023-11-14 22:00:00,6.432947139916557,39.061650624874474
2023-11-14 23:00:00,6.134082559078517,62.74256873742169
2023-11-15 00:00:00,6.3350042255073165,16.999277325165682
2023-11-15 01:00:00,5.340191251927187,142.5681305438291
2023-11-15 02:00:00,5.70770433770908,98.59735292596518
2023-11-15 03:00:00,7.508410407413049,253.15103802300558
2023-11-15 04:00:00,5.952029331082339,341.3658855690852
2023-11-15 05:00:00,5.870213930292081,279.6049687667429
2023-11-15 06:00:00,7.581515122410348,257.68007436165715
2023-11-15 07:00:00,5.262817076959225,368.2031309827244
2023-11-15 08:00:00,7.921367251041165,257.79526639233853
2023-11-15 09:00:00,8.006489682046187,198.83450111173994
2023-11-15 10:00:00,5.426187118528277,67.02392649712525
2023-11-15 11:00:00,7.3623737493862835,57.685115123368796
2023-11-15 12:00:00,4.2797083586591835,-34.92607650338155
2023-11-15 13:00:00,6.543453899998585,-90.13559112324641
2023-11-15 14:00:00,5.433148930903568,-29.25726044992734
2023-11-15 15:00:00,6.947017653456261,59.258790556217654
2023-11-15 16:00:00,6.756576477813434,17.108306154687746
2023-11-15 17:00:00,6.165037139694704,-81.85349862213765
2023-11-15 18:00:00,5.3486794378792855,19.499676006746114
2023-11-15 19:00:00,7.359013529368508,36.33545535572333
2023-11-15 20:00:00,6.410411275501781,5.199423019090441
2023-11-15 21:00:00,5.7343025602580635,-1.7604851834507884
2023-11-15 22:00:00,5.9284241067039645,-39.6497042304544
2023-11-15 23:00:00,6.346135335164684,20.915044118090282
2023-11-16 00:00:00,6.403418765646976,29.25474263343113
2023-11-16 01:00:00,6.812609990083328,98.17872890661404
2023-11-16 02:00:00,7.45854493042279,249.83543580622427
2023-11-16 03:00:00,7.55020399614432,219.6328489329113
2023-11-16 04:00:00,6.276286741890978,216.40458530718433
2023-11-16 05:00:00,6.927741934776791,397.7704088719569
2023-11-16 06:00:00,6.302071434928054,230.65940412612943
2023-11-16 07:00:00,7.716187434016385,294.1224594982804
2023-11-16 08:00:00,6.370304823799998,235.52626162045044
2023-11-16 09:00:00,6.623676421503235,224.8077374538385
2023-11-16 10:00:00,6.4769188225031815,155.75747859100153
2023-11-16 11:00:00,6.963771482236399,36.33627345615364
2023-11-16 12:00:00,7.134192595506788,53.37067636970888
2023-11-16 13:00:00,7.8877682984499335,-6.736582191608026
2023-11-16 14:00:00,7.714141287387047,60.94554919542794
2023-11-16 15:00:00,6.545948113884702,-58.45336022713937
2023-11-16 16:00:00,6.459649808033538,-53.98532737672566
2023-11-16 17:00:00,6.277702985625682,-55.322728111740915
2023-11-16 18:00:00,7.510898777694811,25.949269820043913
2023-11-16 19:00:00,6.74802536562508,87.37335137458587
2023-11-16 20:00:00,8.964404874513823,-15.193530899379112
2023-11-16 21:00:00,6.439156864681188,-115.68085150752697
2023-11-16 22:00:00,8.024202489125216,23.72780027241243
2023-11-16 23:00:00,8.032898089848507,33.235018532439064
2023-11-17 00:00:00,8.068279563553007,-51.70352302322222
2023-11-17 01:00:00,6.23515226390087,113.2349865742097
2023-11-17 02:00:00,6.480425791078774,204.65823086207172
2023-11-17 03:00:00,6.40264313934208,129.63568436750683
2023-11-17 04:00:00,8.038314707324306,340.0668084829972
2023-11-17 05:00:00,6.114556763542579,375.9909305795267
2023-11-17 06:00:00,5.986406061266204,312.8265396150197
2023-11-17 07:00:00,7.258545776372188,349.30952300394773
2023-11-17 08:00:00,5.236979193439046,383.083297199806
2023-11-17 09:00:00,7.33290775204531,199.2265511243097
2023-11-17 10:00:00,5.423518396410714,222.1539076877025
2023-11-17 11:00:00,6.153053019215754,97.21203657965299
2023-11-17 12:00:00,7.720159671273501,-56.98922195275008
2023-11-17 13:00:00,6.00897752185695,-91.03155617577936
2023-11-17 14:00:00,6.871279130004009,36.09366467344613
2023-11-17 15:00:00,7.7734127140470966,-65.31271564621744
2023-11-17 16:00:00,5.425957816759123,48.396479329143354
2023-11-17 17:00:00,6.737843785884696,-109.2270268161587
2023-11-17 18:00:00,7.211585578589854,7.452243814992643
2023-11-17 19:00:00,5.144866156617544,-16.02191100280137
2023-11-17 20:00:00,5.527032960196316,83.84597890475641
2023-11-17 21:00:00,8.18052853000721,11.28368498964807
2023-11-17 22:00:00,5.418667330191964,30.632957363991903
2023-11-17 23:00:00,6.21516394836211,-21.541494054779236
2023-11-18 00:00:00,4.61194583874649,-8.930335759606537
2023-11-18 01:00:00,5.84196344582117,138.38736597388476
2023-11-18 02:00:00,7.403948757440768,166.51064486654212
2023-11-18 03:00:00,7.5863504675642615,188.37839358258378
2023-11-18 04:00:00,7.421557342915697,344.00963045241645
2023-11-18 05:00:00,6.592933511045611,404.3910159277438
2023-11-18 06:00:00,5.55272049686838,406.5304915244401
2023-11-18 07:00:00,7.041281978127219,384.6109262965412
2023-11-18 08:00:00,6.186224604016514,272.85349930137926
2023-11-18 09:00:00,5.019579978709243,185.26085336052984
2023-11-18 10:00:00,6.656671003427918,106.3732086874022
2023-11-18 11:00:00,7.897845820790121,20.40771719354467
2023-11-18 12:00:00,7.738113712593435,-4.675951614846587
2023-11-18 13:00:00,7.8052967433784275,88.56532950302254
2023-11-18 14:00:00,6.930570520595251,-82.70133771445664
2023-11-18 15:00:00,5.6981555269613064,0.8386308951085159
2023-11-18 16:00:00,7.214894918478184,-16.006590197812567
2023-11-18 17:00:00,6.778879970468327,-58.78225878680379
2023-11-18 18:00:00,6.370673670130757,-12.670255259623655
2023-11-18 19:00:00,7.29454906600707,64.48575684172783
2023-11-18 20:00:00,7.084613272060102,11.36664629639762
2023-11-18 21:00:00,6.008034325431397,31.360040695325864
2023-11-18 22:00:00,5.961467468034117,53.44974443078382
2023-11-18 23:00:00,5.475036277287206,19.334810951456394
2023-11-19 00:00:00,6.948468582220584,-18.414008654997495
2023-11-19 01:00:00,7.599000110781066,91.61783259340393
2023-11-19 02:00:00,6.1004737073263735,113.63162277256927
2023-11-19 03:00:00,5.625754892292068,239.45255203354102
2023-11-19 04:00:00,7.195223175919508,295.8629434316192
2023-11-19 05:00:00,8.270673601331291,389.0476405772902
2023-11-19 06:00:00,8.682011127258018,318.38077557290393
2023-11-19 07:00:00,8.207189265741324,306.97629606480825
2023-11-19 08:00:00,6.642459182457862,213.98197810877173
2023-11-19 09:00:00,5.791102693495727,269.0158329276464
2023-11-19 10:00:00,7.299520188311096,93.83175497996218
2023-11-19 11:00:00,6.621205374055694,61.706004325382835
2023-11-19 12:00:00,6.492640210409932,-35.510654017546145
2023-11-19 13:00:00,8.592413966208717,44.53447020543904
2023-11-19 14:00:00,8.077274360699743,24.397002479610748
2023-11-19 15:00:00,7.328705334751396,35.38683654870544
2023-11-19 16:00:00,6.5953698272293275,47.279868116289805
2023-11-19 17:00:00,6.699396653855621,-31.973591579632732
2023-11-19 18:00:00,5.1477398297154195,-43.384955507365106
2023-11-19 19:00:00,7.737855588318799,-84.19144235806087
2023-11-19 20:00:00,7.989104221383032,6.378316491832167
2023-11-19 21:00:00,5.927339379616512,-39.12493399232104
2023-11-19 22:00:00,6.063809056000527,22.5603708580379
2023-11-19 23:00:00,7.6669790089050425,58.019992421137246
2023-11-20 00:00:00,6.432454435894465,46.50837196811328
2023-11-20 01:00:00,7.8924765922081885,93.48345806125702
2023-11-20 02:00:00,5.974912254125017,172.8200411881632
2023-11-20 03:00:00,6.445011269621373,238.42924866269618
2023-11-20 04:00:00,7.275454737213255,398.8233573967634
2023-11-20 05:00:00,6.433165492418147,297.2125556263298
2023-11-20 06:00:00,6.375342935592503,341.80301699560215
2023-11-20 07:00:00,6.352854523116703,317.2811393485096
2023-11-20 08:00:00,7.451838741016216,253.42329725700296
2023-11-20 09:00:00,7.7197563944815,219.90008811500746
2023-11-20 10:00:00,7.249603776847229,170.31741090828262
2023-11-20 11:00:00,6.0592957621086,28.201594074238336
2023-11-20 12:00:00,8.124734900416339,82.42876168442075
2023-11-20 13:00:00,7.012194528108456,36.31145678506209
2023-11-20 14:00:00,7.807385113511962,54.5980970454734
2023-11-20 15:00:00,5.466757457939813,-8.066102976881123
2023-11-20 16:00:00,7.9243674961651855,-15.652594903264895
2023-11-20 17:00:00,6.3845384309287425,-10.695347539066704
2023-11-20 18:00:00,6.314428264927796,-34.818185608730516
2023-11-20 19:00:00,7.1620846666098,64.99193513606087
2023-11-20 20:00:00,4.7063035745154425,69.8354350565154
2023-11-20 21:00:00,7.106782878154613,27.484110828284948
2023-11-20 22:00:00,6.480126079167601,84.90388323395374
2023-11-20 23:00:00,8.170940529925813,119.8198908414516
2023-11-21 00:00:00,7.094089033993689,92.3400723943986
2023-11-21 01:00:00,5.829626539162176,64.83624913676539
2023-11-21 02:00:00,6.021677837971335,49.62539340324554
2023-11-21 03:00:00,4.363409109256175,278.363959489883
2023-11-21 04:00:00,9.251664613982761,316.780437208464
2023-11-21 05:00:00,4.318603008643909,334.9647225047048
2023-11-21 06:00:00,6.282192913951159,329.5470134082301
2023-11-21 07:00:00,7.564111532231679,397.0512626496233
2023-11-21 08:00:00,8.290364533581133,218.11709096260842
2023-11-21 09:00:00,8.627055019971843,317.82355352298276
2023-11-21 10:00:00,6.723229002281471,257.25703125844933
2023-11-21 11:00:00,7.32513098304634,95.80287427329344
2023-11-21 12:00:00,6.517358584961562,14.21112541519292
2023-11-21 13:00:00,5.266849155537404,-59.28734581795937
2023-11-21 14:00:00,5.777442825038033,50.22434812599893
2023-11-21 15:00:00,5.106257083095334,63.562844477256675
2023-11-21 16:00:00,7.138915900116821,38.21617799038163
2023-11-21 17:00:00,6.480594699327736,-61.97573203318279
2023-11-21 18:00:00,6.635341490995327,-80.47059727719473
2023-11-21 19:00:00,7.4950275153011345,-12.015525699054495
2023-11-21 20:00:00,7.070292454065,3.959960012774339
2023-11-21 21:00:00,7.485186196877465,50.760044101825365
2023-11-21 22:00:00,8.634375453789684,-12.025671984545342
2023-11-21 23:00:00,6.028688359611009,53.130841018424256
2023-11-22 00:00:00,5.016305548721348,56.458869607164
2023-11-22 01:00:00,6.309442263481978,112.8384520841621
2023-11-22 02:00:00,6.6830779995171765,215.69606419451884
2023-11-22 03:00:00,7.325375257606021,222.78667195956274
2023-11-22 04:00:00,7.613862130003518,241.25396971515246
2023-11-22 05:00:00,5.825161512840003,304.3033457987292
2023-11-22 06:00:00,5.677196559251269,302.85168500186074
2023-11-22 07:00:00,8.254268284527459,393.2821018830074
2023-11-22 08:00:00,7.208436181376845,341.46606616391284
2023-11-22 09:00:00,7.243080202268068,142.0677461259486
2023-11-22 10:00:00,7.154099152375847,181.18580976367355
2023-11-22 11:00:00,7.037657262428577,-0.12829914558248845
2023-11-22 12:00:00,6.665180354438,-54.19616157853062
2023-11-22 13:00:00,6.180747972327718,41.60120646773103
2023-11-22 14:00:00,6.350283736126449,-86.21495001657921
2023-11-22 15:00:00,9.055891170910355,-68.21005849720875
2023-11-22 16:00:00,8.69418371057978,-51.20455636247038
2023-11-22 17:00:00,7.816905736580659,-79.24791296808141
2023-11-22 18:00:00,6.822566153604716,-71.01245994780719
2023-11-22 19:00:00,7.455017218391845,-2.8060035878763583
2023-11-22 20:00:00,5.465476381183056,-84.2383662874005
2023-11-22 21:00:00,7.886256213467284,-12.450762301828576
2023-11-22 22:00:00,6.649473417228532,0.45447095728542314
2023-11-22 23:00:00,6.905120740121751,37.59510689037034
2023-11-23 00:00:00,7.0556172530433745,46.46644842170672
2023-11-23 01:00:00,6.778546079739368,21.227382963110145
2023-11-23 02:00:00,7.761319368359445,107.75078282774757
2023-11-23 03:00:00,8.55241745993391,177.01034127231202
2023-11-23 04:00:00,7.814591485101411,340.8165789690402
2023-11-23 05:00:00,7.023538500855545,353.3061842559362
2023-11-23 06:00:00,5.891589678235409,330.221128024172
2023-11-23 07:00:00,6.9971692886496655,276.42452973033636
2023-11-23 08:00:00,6.880379252466428,309.0378485729564
2023-11-23 09:00:00,7.7820932089236345,314.43027246303654
2023-11-23 10:00:00,6.313055307257359,239.12581236681513
2023-11-23 11:00:00,6.069545081147055,16.376367407167223
2023-11-23 12:00:00,7.256010477542666,53.552621716322214
2023-11-23 13:00:00,7.877991367048518,-74.31683118952228
2023-11-23 14:00:00,7.1105354207760225,-20.114541863420186
2023-11-23 15:00:00,7.923962117138748,-26.002238416551783
2023-11-23 16:00:00,5.681703404529216,13.315118073566726
2023-11-23 17:00:00,7.431135614867932,-50.12344316540066
2023-11-23 18:00:00,5.675735512375166,5.144549193320005
2023-11-23 19:00:00,9.62493064254055,-54.04557847500112
2023-11-23 20:00:00,8.298382547857454,8.599329367233748
2023-11-23 21:00:00,7.342614597580563,-65.86451354529792
2023-11-23 22:00:00,5.353693104018718,-19.886856466596754
2023-11-23 23:00:00,5.582536736630061,0.1842949808553475
2023-11-24 00:00:00,8.921791380266667,-12.50953760619061
2023-11-24 01:00:00,5.86874941577545,133.17218275920914
2023-11-24 02:00:00,7.526505738848635,62.71459343295005
2023-11-24 03:00:00,8.849699408737536,257.1508121751141
2023-11-24 04:00:00,7.1322945355351655,262.7395949553454
2023-11-24 05:00:00,5.831380305389412,368.8938316114139
2023-11-24 06:00:00,5.251053455554377,352.8483708360034
2023-11-24 07:00:00,7.409204089130637,393.7418028823696
2023-11-24 08:00:00,5.922405249164419,292.60740249724824
2023-11-24 09:00:00,7.028653554592474,310.1311452393544
2023-11-24 10:00:00,5.961026335276796,183.49059088512095
2023-11-24 11:00:00,6.424923900987027,26.26421192084672
2023-11-24 12:00:00,6.456960360230363,-40.67002968790813
2023-11-24 13:00:00,6.765134166604015,-29.33101764169601
2023-11-24 14:00:00,6.285967963092937,5.731477623100019
2023-11-24 15:00:00,7.311147997823176,44.988694368168446
2023-11-24 16:00:00,8.023685474645516,30.53814499601254
2023-11-24 17:00:00,6.666144665297708,33.231804659792466
2023-11-24 18:00:00,7.287221972366738,-37.3207705368283
2023-11-24 19:00:00,6.091130372517489,44.11701910846333
2023-11-24 20:00:00,5.458886014616338,5.198267168741033
2023-11-24 21:00:00,7.428051631068838,39.731856125760714
2023-11-24 22:00:00,7.906000297439817,-73.87255219237088
2023-11-24 23:00:00,5.11275030419745,22.623202530319304
2023-11-25 00:00:00,7.004675706447927,-30.541062953277542
2023-11-25 01:00:00,7.528234721955064,28.562770887893656
2023-11-25 02:00:00,7.385343892437124,209.72576424016972
2023-11-25 03:00:00,6.505904861593917,229.43067476710144
2023-11-25 04:00:00,7.14357660014623,333.78443121385703
2023-11-25 05:00:00,8.022382621991833,293.7979459578361
2023-11-25 06:00:00,6.236164887128522,456.3811538467784
2023-11-25 07:00:00,8.650862770745332,336.75986563992893
2023-11-25 08:00:00,5.708079055129518,283.80486278077
2023-11-25 09:00:00,7.993774638388129,300.3807253271727
2023-11-25 10:00:00,7.1499945144508965,173.11354072447966
2023-11-25 11:00:00,6.581224925948649,250.11499343853401
2023-11-25 12:00:00,5.254183052267087,58.25313321817427
2023-11-25 13:00:00,8.286192094825713,-23.670262944720726
2023-11-25 14:00:00,6.161912071631498,3.7136112515354696
2023-11-25 15:00:00,7.066018478443518,3.314226809523562
2023-11-25 16:00:00,7.567030241019388,-52.764239197158346
2023-11-25 17:00:00,9.475237222494659,64.17747393838238
2023-11-25 18:00:00,6.740322627623124,-21.478577208107094
2023-11-25 19:00:00,7.147051764703413,-12.365473234226918
2023-11-25 20:00:00,7.510066977920379,10.931575095666503
2023-11-25 21:00:00,7.21241749299101,-45.78294824713628
2023-11-25 22:00:00,6.334730149517534,10.566889929561944
2023-11-25 23:00:00,8.581312180505403,-25.143375735188016
2023-11-26 00:00:00,6.705555268927823,-23.827591732959124
2023-11-26 01:00:00,7.634617038928111,84.63416417314467
2023-11-26 02:00:00,6.94960100605867,142.41466657263712
2023-11-26 03:00:00,6.56064486434069,175.13833492249302
2023-11-26 04:00:00,8.214734047863711,319.0083890542085
2023-11-26 05:00:00,7.429437406099447,231.6371825947462
2023-11-26 06:00:00,4.982135864513055,245.6503492808065
2023-11-26 07:00:00,7.464241299113777,348.35130134237903
2023-11-26 08:00:00,6.539401782418889,301.2246602200953
2023-11-26 09:00:00,5.57765469737121,266.3398863367693
2023-11-26 10:00:00,8.12303410556746,212.3807386623418
2023-11-26 11:00:00,6.402936061379358,-6.122030300362198
2023-11-26 12:00:00,7.428853755675226,-30.734979685045385
2023-11-26 13:00:00,8.086311758167389,-22.383564791071958
2023-11-26 14:00:00,6.924024859255845,15.613917667359978
2023-11-26 15:00:00,7.417698678470133,11.412059879475857
2023-11-26 16:00:00,6.485691771471903,-20.25190954770363
2023-11-26 17:00:00,8.27041440830821,2.2077880610157385
2023-11-26 18:00:00,6.9847450275344505,-13.743093980030114
2023-11-26 19:00:00,7.703966443035881,-45.634918948542555
2023-11-26 20:00:00,8.671885928553404,2.6964724394082507
2023-11-26 21:00:00,5.315002297286888,-107.21078505286488
2023-11-26 22:00:00,6.481305982345435,12.264736612527205
2023-11-26 23:00:00,6.993711302115009,70.61763152631109
2023-11-27 00:00:00,7.365437993171466,-17.346372391767826
2023-11-27 01:00:00,7.853210370549197,196.76456810280655
2023-11-27 02:00:00,8.458634789445291,211.0979078626771
2023-11-27 03:00:00,6.492413461197066,328.81580937079264
2023-11-27 04:00:00,7.036114285881385,332.6968488424381
2023-11-27 05:00:00,8.35960635101231,377.1386487936453
2023-11-27 06:00:00,7.575841083891207,369.0528551935306
2023-11-27 07:00:00,5.537206863171549,271.1702666136577
2023-11-27 08:00:00,5.454481284858931,215.14011945124707
2023-11-27 09:00:00,6.748805709825396,243.83057590755828
2023-11-27 10:00:00,7.789828021228853,150.81040737791153
2023-11-27 11:00:00,7.77115887918085,65.13432962062663
2023-11-27 12:00:00,6.3446647226069715,-63.21030797417515
2023-11-27 13:00:00,7.901406803724842,55.427999696790366
2023-11-27 14:00:00,7.48975475395481,-51.55924345055832
2023-11-27 15:00:00,6.156493127438095,-54.793118897428414
2023-11-27 16:00:00,6.636388750006888,1.9184848372446253
2023-11-27 17:00:00,5.293214804560346,54.17166589258573
2023-11-27 18:00:00,6.046885452918939,42.41601431598253
2023-11-27 19:00:00,5.35406949035089,-32.480252683149004
2023-11-27 20:00:00,5.691069920814129,-10.618963362545713
2023-11-27 21:00:00,8.917141085106488,82.01518694161403
2023-11-27 22:00:00,6.837752498666509,55.30339708755056
2023-11-27 23:00:00,5.463879585486568,43.83342274404884
2023-11-28 00:00:00,7.728710581320143,19.262895718145824
2023-11-28 01:00:00,7.599869857565798,99.60641544799583
2023-11-28 02:00:00,7.502886395240724,283.1779896165417
2023-11-28 03:00:00,6.436761017096761,314.8753241831416
2023-11-28 04:00:00,7.932703195328188,322.63624168288476
2023-11-28 05:00:00,6.212170384449269,389.20625288797555
2023-11-28 06:00:00,8.103621369006904,353.0357873417086
2023-11-28 07:00:00,8.194580858240586,272.82561357459275
2023-11-28 08:00:00,7.245732275879414,265.41134252362787
2023-11-28 09:00:00,5.845655777448626,235.41037457066574
2023-11-28 10:00:00,8.11246984355067,156.47635716537425
2023-11-28 11:00:00,6.726411335016464,58.443870148507
2023-11-28 12:00:00,7.584333514536513,-33.881128527036374
2023-11-28 13:00:00,8.000746192889007,65.30532000026264
2023-11-28 14:00:00,6.500315924320763,91.63249548202032
2023-11-28 15:00:00,9.455673184535188,65.61786588145357
2023-11-28 16:00:00,7.2660967540331285,-107.86964107136437
2023-11-28 17:00:00,6.639232673170777,53.89531439510894
2023-11-28 18:00:00,8.309405997084284,36.82527746618396
2023-11-28 19:00:00,8.859831400395354,-1.8614031130757496
2023-11-28 20:00:00,5.243228806747238,-24.848792926762698
2023-11-28 21:00:00,5.928836112186831,-15.245739101802485
2023-11-28 22:00:00,6.534371008632778,49.49934455009217
2023-11-28 23:00:00,9.423407564307203,19.28414951374003
2023-11-29 00:00:00,6.903804032187228,60.978153935415314
2023-11-29 01:00:00,8.903767893975601,136.27583649906228
2023-11-29 02:00:00,7.603032597162257,256.5990417513528
2023-11-29 03:00:00,5.932619116832335,292.7239741127276
2023-11-29 04:00:00,8.263546211070125,262.8285498032711
2023-11-29 05:00:00,7.69987119203666,276.5641158291969
2023-11-29 06:00:00,6.520657446753656,401.44816090318125
2023-11-29 07:00:00,6.722164759643815,386.59692919327404
2023-11-29 08:00:00,6.33331893972067,288.83256737367253
2023-11-29 09:00:00,6.758183867848197,273.3909298441618
2023-11-29 10:00:00,8.04137716278175,161.8513450386466
2023-11-29 11:00:00,6.479226457395591,70.88369407680406
2023-11-29 12:00:00,7.4673090883263615,-71.66290987054356
2023-11-29 13:00:00,7.696773743643296,2.2388846023929365
2023-11-29 14:00:00,7.328382135167633,-25.8438464467219
2023-11-29 15:00:00,5.76725703800553,18.918403583368086
2023-11-29 16:00:00,8.13179777294372,-87.6655656879716
2023-11-29 17:00:00,6.217504508647284,30.094193732937384
2023-11-29 18:00:00,6.807862667695267,-25.763492830599994
2023-11-29 19:00:00,6.922777090410896,-53.33058935767575
2023-11-29 20:00:00,7.351071064928263,-21.995508533786108
2023-11-29 21:00:00,7.479153258090271,-79.91038042220802
2023-11-29 22:00:00,8.068776396753515,-14.546157087081529
2023-11-29 23:00:00,7.071126320420595,6.159675507731524
2023-11-30 00:00:00,6.239866237133185,3.6337311841841067
2023-11-30 01:00:00,8.543715412956406,119.49410001000491
2023-11-30 02:00:00,7.055616505364612,158.03274357609632
2023-11-30 03:00:00,7.2717057823823295,302.6007633785588
2023-11-30 04:00:00,6.455844844105647,336.1906369443945
2023-11-30 05:00:00,6.591011880604804,400.92499819553154
2023-11-30 06:00:00,8.899082925880313,455.7874609502265
2023-11-30 07:00:00,6.081563808187347,282.5667606615201
2023-11-30 08:00:00,6.229397867595586,303.7508328177189
2023-11-30 09:00:00,6.994380033896496,225.48976448277318
2023-11-30 10:00:00,7.77479459144074,293.32824495971056
2023-11-30 11:00:00,6.4892115763199065,126.36074302588099
2023-11-30 12:00:00,5.878498198807436,14.358138143784831
2023-11-30 13:00:00,6.236121823121547,59.7989114344773
2023-11-30 14:00:00,7.040805211552656,0.6213026458763172
2023-11-30 15:00:00,6.45601054401258,23.333303566771306
2023-11-30 16:00:00,9.679972665524064,-22.80253145289767
2023-11-30 17:00:00,9.438846457199464,-68.22314440991521
2023-11-30 18:00:00,8.622236415909523,44.87318102764899
2023-11-30 19:00:00,7.833076089716165,-47.99095977016046
2023-11-30 20:00:00,7.835013183374705,37.429888967882505
2023-11-30 21:00:00,8.778730823288184,54.18172021588099
2023-11-30 22:00:00,7.587401446983912,-112.22242188019054
2023-11-30 23:00:00,6.633156284730033,52.240922082916676
2023-12-01 00:00:00,9.654335896418928,12.728652771679815
2023-12-01 01:00:00,8.106350098781627,48.97070149430211
2023-12-01 02:00:00,8.984171122090443,101.28954132627516
2023-12-01 03:00:00,9.343251342988324,262.72410207983074
2023-12-01 04:00:00,5.758884582083085,317.17761204793266
2023-12-01 05:00:00,6.6671497740411905,418.32728692392965
2023-12-01 06:00:00,7.327796539128249,379.7932253717977
2023-12-01 07:00:00,8.032062349469694,309.3406369307945
2023-12-01 08:00:00,8.447660818883307,248.42043663016534
2023-12-01 09:00:00,7.467945932925428,273.5873640964538
2023-12-01 10:00:00,8.82392170752264,188.4900734609443
2023-12-01 11:00:00,8.14053448060256,163.48068375651064
2023-12-01 12:00:00,8.128227894580837,-24.59239034394141
2023-12-01 13:00:00,7.25433560572146,20.93392467977204
2023-12-01 14:00:00,7.846895403658332,-6.638685381557255
2023-12-01 15:00:00,7.840027864198639,-135.11624220621104
2023-12-01 16:00:00,8.493917345549317,35.80231945579178
2023-12-01 17:00:00,6.213869913572391,-21.30489792920817
2023-12-01 18:00:00,8.233269371925108,32.955963117763886
2023-12-01 19:00:00,5.884733123980189,8.46215436609725
2023-12-01 20:00:00,6.677806259017992,-49.43857139178801
2023-12-01 21:00:00,8.138806649059976,-8.711542543617824
2023-12-01 22:00:00,6.692970295328312,-1.5683150741283383
2023-12-01 23:00:00,7.558400498391148,9.200700646755413
2023-12-02 00:00:00,6.685067756467776,25.616360342372058
2023-12-02 01:00:00,8.205609720712147,99.95890648757937
2023-12-02 02:00:00,7.653717115165612,277.46880522003516
2023-12-02 03:00:00,7.581587420197178,310.9513282921421
2023-12-02 04:00:00,8.706045887063377,379.16301909921475
2023-12-02 05:00:00,8.023167373968425,408.60366058734553
2023-12-02 06:00:00,8.10006395119613,384.1375724080219
2023-12-02 07:00:00,8.71521308248419,403.9501834029021
2023-12-02 08:00:00,8.818086639226255,391.8043050120616
2023-12-02 09:00:00,6.656183183889678,275.22547178574416
2023-12-02 10:00:00,8.343288748298198,242.69603106874075
2023-12-02 11:00:00,8.03974431154538,33.32134513980556
2023-12-02 12:00:00,8.918295472249962,54.95055645028298
2023-12-02 13:00:00,6.319486991471553,-38.54718731842855
2023-12-02 14:00:00,6.915707681189902,-65.21996121767546
2023-12-02 15:00:00,7.409229245762508,-13.954874987391207
2023-12-02 16:00:00,9.009040994389458,10.368941625070399
2023-12-02 17:00:00,7.319427251636332,16.73728160394349
2023-12-02 18:00:00,7.5648446571223635,64.52447360214619
2023-12-02 19:00:00,6.92229652365452,-27.860816429039048
2023-12-02 20:00:00,8.390426539853104,82.20042856115882
2023-12-02 21:00:00,8.282705677696615,82.30690921472626
2023-12-02 22:00:00,7.062564909443203,11.281314410137725
2023-12-02 23:00:00,6.561451123196239,-41.375558440568724
2023-12-03 00:00:00,8.454402497765354,124.54027266002005
2023-12-03 01:00:00,8.19103344811517,185.65920547299248
2023-12-03 02:00:00,7.018564418152615,201.57912528745817
2023-12-03 03:00:00,8.376493953251313,203.49736081910055
2023-12-03 04:00:00,8.321614344221029,363.6765126292534
2023-12-03 05:00:00,8.912230455754202,341.52827577976785
2023-12-03 06:00:00,8.529102314871396,427.812673276298
2023-12-03 07:00:00,7.343351336969257,382.49925120932005
2023-12-03 08:00:00,6.920388762721856,252.84920192459305
2023-12-03 09:00:00,9.697453463650044,212.61037646142967
2023-12-03 10:00:00,7.168386133570256,153.94736494845444
2023-12-03 11:00:00,5.847790211376424,181.4605538533897
2023-12-03 12:00:00,6.474191685420969,-32.49667972989093
2023-12-03 13:00:00,5.654905421839846,-113.68759838565737
2023-12-03 14:00:00,8.903538047248226,-10.079558649326756
2023-12-03 15:00:00,9.503731289206607,-13.0676758822581
2023-12-03 16:00:00,7.932106074022598,79.49055013292167
2023-12-03 17:00:00,6.078554667703562,75.72824251188563
2023-12-03 18:00:00,8.883956049906294,-65.43811527621313
2023-12-03 19:00:00,8.148008072041744,19.670941802196975
2023-12-03 20:00:00,8.913244705636796,39.58749962808267
2023-12-03 21:00:00,8.272246945283541,-6.057601166641924
2023-12-03 22:00:00,6.2974881210337665,8.803930363656702
2023-12-03 23:00:00,8.34371136395346,55.280135094474566
2023-12-04 00:00:00,6.203852950822504,14.636989510475603
2023-12-04 01:00:00,6.987086576754809,133.9309826201252
2023-12-04 02:00:00,8.79195536475489,264.315841061874
2023-12-04 03:00:00,8.74275210361064,251.98837620762512
2023-12-04 04:00:00,6.81498802324541,375.77444697082166
2023-12-04 05:00:00,6.619142651447788,352.50280088373717
2023-12-04 06:00:00,7.78526372481723,441.6193816008404
2023-12-04 07:00:00,9.76205233838672,343.65415701429055
2023-12-04 08:00:00,8.31971080998382,357.6940452736953
2023-12-04 09:00:00,10.111568446667334,262.9205401702272
2023-12-04 10:00:00,7.5942961595377545,223.32277783141132
2023-12-04 11:00:00,8.642136938072566,58.16776164203718
2023-12-04 12:00:00,7.4428989871117945,-13.877862604896427
2023-12-04 13:00:00,6.958735155902248,-2.6318394671179015
2023-12-04 14:00:00,6.807311214737325,-53.72559094028527
2023-12-04 15:00:00,8.112377550226533,-30.381019326404108
2023-12-04 16:00:00,9.053637962210367,-81.98129200039483
2023-12-04 17:00:00,7.432218347824774,18.85851212268408
2023-12-04 18:00:00,9.18020313191712,39.71028552962223
2023-12-04 19:00:00,9.589639770921918,-69.56958135057769
2023-12-04 20:00:00,8.626536292353661,-58.55641911486299
2023-12-04 21:00:00,8.085670102891394,-47.940577076517386
2023-12-04 22:00:00,7.08842394183012,-63.66810682600196
2023-12-04 23:00:00,9.061683186932449,19.967780253368545
2023-12-05 00:00:00,6.695244570300446,-34.591192910069445
2023-12-05 01:00:00,8.443391623811207,113.91677984094966
2023-12-05 02:00:00,6.547037465947366,158.5271930912182
2023-12-05 03:00:00,6.778721715753018,260.02949627257306
2023-12-05 04:00:00,7.774753306603386,391.2386515992006
2023-12-05 05:00:00,8.540107084270682,320.6807868900682
2023-12-05 06:00:00,8.840933381560113,363.71341271676397
2023-12-05 07:00:00,7.840154147453235,399.33880889845796
2023-12-05 08:00:00,7.4185858742333535,323.3880782361932
2023-12-05 09:00:00,7.046034223072893,286.4814942668121
2023-12-05 10:00:00,8.536140577141365,195.98986871213384
2023-12-05 11:00:00,8.497555542659347,26.07020913255262
2023-12-05 12:00:00,8.013634836824345,69.95413907820436
2023-12-05 13:00:00,8.137785903214967,-4.96682175570043
2023-12-05 14:00:00,9.43775603976771,79.73868441498858
2023-12-05 15:00:00,8.85276858328568,16.90390926321867
2023-12-05 16:00:00,6.420844231442409,65.83305157298986
2023-12-05 17:00:00,8.723691870137374,51.113816315206975
2023-12-05 18:00:00,9.217396422193298,61.444096327201514
2023-12-05 19:00:00,7.016518369865079,-11.139270114858814
2023-12-05 20:00:00,8.784432217874498,89.35596880976253
2023-12-05 21:00:00,10.841866463233444,-23.599835147102425
2023-12-05 22:00:00,8.318502714604033,18.134419214474477
2023-12-05 23:00:00,7.600419667442473,43.15656155766018
2023-12-06 00:00:00,7.813246752831012,158.61234065829024
2023-12-06 01:00:00,8.045208789532117,157.11170678610486
2023-12-06 02:00:00,6.3368526589382,171.5467334332514
2023-12-06 03:00:00,6.290599942482694,293.27114461628827
2023-12-06 04:00:00,8.184492500784346,275.37226078171216
2023-12-06 05:00:00,7.865274246807016,455.71448044002113
2023-12-06 06:00:00,8.577067991277595,239.36253848946365
2023-12-06 07:00:00,7.631548836356695,373.5942508406519
2023-12-06 08:00:00,7.9966025370470355,452.47260059800215
2023-12-06 09:00:00,8.864623209077209,317.79243456141876
2023-12-06 10:00:00,5.638080944339745,222.3397512562173
2023-12-06 11:00:00,6.997661743599883,42.82471614309627
2023-12-06 12:00:00,7.390508244727865,66.54197199914354
2023-12-06 13:00:00,7.755404486579298,-45.72092358237654
2023-12-06 14:00:00,6.496796675948124,-45.30704499153203
2023-12-06 15:00:00,7.0054520179525355,66.45434159707622
2023-12-06 16:00:00,8.613284389209873,-47.38264938265011
2023-12-06 17:00:00,8.37898770168367,-73.17378911378249
2023-12-06 18:00:00,5.121423492606147,-48.20242680595662
2023-12-06 19:00:00,7.68881494898018,9.458850809368283
2023-12-06 20:00:00,7.771774873164473,-25.1235117824802
2023-12-06 21:00:00,7.0009320832932,90.83504299927743
2023-12-06 22:00:00,7.772010368975556,1.7098106696036686
2023-12-06 23:00:00,8.30665940492657,-62.00914247287051
2023-12-07 00:00:00,8.707594988599372,-93.39986220093117
2023-12-07 01:00:00,8.093791559345805,148.4550701998559
2023-12-07 02:00:00,8.639411724977244,214.82644373354384
2023-12-07 03:00:00,8.003473571141019,312.99856352610686
2023-12-07 04:00:00,5.707791782501154,324.74119231135256
2023-12-07 05:00:00,7.858744028222686,393.72096713784975
2023-12-07 06:00:00,6.76360805958485,459.1602801511674
2023-12-07 07:00:00,8.10600089738036,386.2875823156992
2023-12-07 08:00:00,7.772560879943336,288.723250672504
2023-12-07 09:00:00,7.763132778276949,318.71854580285463
2023-12-07 10:00:00,7.154747732028646,182.36636294126887
2023-12-07 11:00:00,7.593697088738043,151.74114990307106
2023-12-07 12:00:00,8.299555265237785,1.2735880282656746
2023-12-07 13:00:00,7.079143189195749,43.09083042207803
2023-12-07 14:00:00,7.37133189545732,25.351052202776202
2023-12-07 15:00:00,6.239957189683334,64.9009380920958
2023-12-07 16:00:00,8.271694259480817,48.10376395078798
2023-12-07 17:00:00,6.716428790583654,-65.24041680886033
2023-12-07 18:00:00,8.020403725890949,-93.68159685712433
2023-12-07 19:00:00,8.69889935265821,-3.8476969152250344
2023-12-07 20:00:00,9.263851713428354,30.091107385754068
2023-12-07 21:00:00,7.671082562905221,-36.26702386197558
2023-12-07 22:00:00,8.617279314890064,22.282915243776035
2023-12-07 23:00:00,7.985162712076837,20.176195623668324
2023-12-08 00:00:00,6.199279417175193,-3.649286408483661
2023-12-08 01:00:00,6.585358967119645,72.72315342895968
2023-12-08 02:00:00,8.918955813431584,150.82332658127302
2023-12-08 03:00:00,9.229205412462933,409.3357821026258
2023-12-08 04:00:00,5.952726816567951,243.47787643854292
2023-12-08 05:00:00,8.40541221347452,327.8902175100156
2023-12-08 06:00:00,8.340666264690604,533.6071815195437
2023-12-08 07:00:00,7.269137277733808,338.18138566676924
2023-12-08 08:00:00,7.279497943493513,321.382087509058
2023-12-08 09:00:00,7.0152170863495344,319.3807932424747
2023-12-08 10:00:00,6.150567378059372,225.8455905892462
2023-12-08 11:00:00,7.017759517929029,126.6083755269477
2023-12-08 12:00:00,8.768021156851846,74.76999399095956
2023-12-08 13:00:00,7.721127870448533,-47.90239845931931
2023-12-08 14:00:00,8.805606838564637,8.747879712376776
2023-12-08 15:00:00,6.070412205828351,-2.6848439223121177
2023-12-08 16:00:00,8.51130524722192,-43.951462866163524
2023-12-08 17:00:00,8.849212963968068,5.18758086681531
2023-12-08 18:00:00,5.4583870896565525,28.017047338505428
2023-12-08 19:00:00,7.544768095603648,29.24425925445164
2023-12-08 20:00:00,8.415607513098617,53.47180521932903
2023-12-08 21:00:00,9.374729355803517,-2.000610695298962
2023-12-08 22:00:00,6.692714368888887,-50.36839231587449
2023-12-08 23:00:00,9.4589172851279,-69.20392295593682
2023-12-09 00:00:00,8.59002794044769,-23.070556506145557
2023-12-09 01:00:00,7.148629960178469,37.853460878920515
2023-12-09 02:00:00,9.14413307396331,168.24912911072437
2023-12-09 03:00:00,10.454171469466084,229.10383097981818
2023-12-09 04:00:00,7.815923086144616,320.2242159950825
2023-12-09 05:00:00,7.733361819542387,482.85358007808935
2023-12-09 06:00:00,7.199353530808336,401.401614764147
2023-12-09 07:00:00,9.989681358922795,472.2956037239867
2023-12-09 08:00:00,7.421859842317711,373.8487214156298
2023-12-09 09:00:00,7.1825133289305985,257.0734712221561
2023-12-09 10:00:00,7.527248119675242,197.61965277138088
2023-12-09 11:00:00,7.539022847720808,22.952486544977887
2023-12-09 12:00:00,7.57299148591613,-16.554981364810175
2023-12-09 13:00:00,7.362527611964022,-65.54178954925275
2023-12-09 14:00:00,7.435395129715468,29.927617384553585
2023-12-09 15:00:00,8.294629014029685,-21.74456470855183
2023-12-09 16:00:00,9.501114109169382,-15.18060841371092
2023-12-09 17:00:00,7.159414852186764,-20.89673074511862
2023-12-09 18:00:00,6.848569681165683,44.91969211978191
2023-12-09 19:00:00,8.477696582545281,-44.491787033616774
2023-12-09 20:00:00,8.684330208560292,-47.79204534618394
2023-12-09 21:00:00,9.692323138772881,17.129839649149964
2023-12-09 22:00:00,9.560198104536896,54.31640107061123
2023-12-09 23:00:00,6.5662011453963105,16.56393409449335
2023-12-10 00:00:00,6.2339878680050465,109.34265623456622
2023-12-10 01:00:00,8.797073415975294,59.81226167653014
2023-12-10 02:00:00,8.770186133628545,97.46261068952396
2023-12-10 03:00:00,9.713463418084034,315.39321088740735
2023-12-10 04:00:00,8.624201068583714,348.7752496109925
2023-12-10 05:00:00,7.668785708680529,421.1348762848154
2023-12-10 06:00:00,9.271050395708267,454.3997413319177
2023-12-10 07:00:00,7.18708229710848,321.2890319379536
2023-12-10 08:00:00,10.238492596180023,342.10448392751294
2023-12-10 09:00:00,8.504001506300732,320.33472270114214
2023-12-10 10:00:00,7.494289391532875,218.56484239902028
2023-12-10 11:00:00,7.345108092588506,97.72477484628625
2023-12-10 12:00:00,8.426775745072526,36.912528897762606
2023-12-10 13:00:00,8.15182134243694,49.83237367853203
2023-12-10 14:00:00,8.094826286458495,-102.55905086200177
2023-12-10 15:00:00,6.921395617911008,78.7891145255204
2023-12-10 16:00:00,8.069836587392222,-61.139748516597926
2023-12-10 17:00:00,9.05836729187871,29.772133900552365
2023-12-10 18:00:00,7.476778936123906,-16.53003164530509
2023-12-10 19:00:00,8.487845958251555,62.746575071905866
2023-12-10 20:00:00,9.350511943703248,36.05324925724794
2023-12-10 21:00:00,8.861724624603102,29.466414674571123
2023-12-10 22:00:00,7.021612221285842,11.099466423944843
2023-12-10 23:00:00,8.55296324284923,-26.865896373702974
2023-12-11 00:00:00,9.77729793728993,-49.50440036329908
2023-12-11 01:00:00,8.80963926519272,38.41788480726818
2023-12-11 02:00:00,9.492604786653406,176.52509969842265
2023-12-11 03:00:00,9.292525207949245,339.49378629122214
2023-12-11 04:00:00,7.174096271070187,309.84067648131736
2023-12-11 05:00:00,10.092612997169471,461.90832871314217
2023-12-11 06:00:00,9.566160178857128,364.3288718679605
2023-12-11 07:00:00,8.029336290475515,393.23795936719137
2023-12-11 08:00:00,9.608230344128248,382.4917654219203
2023-12-11 09:00:00,8.184602239718844,345.21424709437053
2023-12-11 10:00:00,8.223064025622211,189.47992011634216
2023-12-11 11:00:00,7.418538794785517,131.63261432956998
2023-12-11 12:00:00,7.277600220025802,10.62858270051727
2023-12-11 13:00:00,8.461664219660426,-12.488943082569845
2023-12-11 14:00:00,8.059105453439628,-51.93435089612384
2023-12-11 15:00:00,6.825204747296303,22.002235823546343
2023-12-11 16:00:00,8.662540999165808,1.3931531490247773
2023-12-11 17:00:00,8.822907664481539,-15.977181172798879
2023-12-11 18:00:00,8.611411933707638,5.738782888239933
2023-12-11 19:00:00,8.602659715096635,28.55778722397678
2023-12-11 20:00:00,8.720192948658482,-83.993709651742
2023-12-11 21:00:00,8.478912889255898,-27.312761697760102
2023-12-11 22:00:00,8.661565183097865,-48.70925032214959
2023-12-11 23:00:00,8.81803583552981,-44.92621754167189
2023-12-12 00:00:00,7.808256631836818,-39.44516807632965
2023-12-12 01:00:00,7.1275926528364595,163.54242746350513
2023-12-12 02:00:00,8.712903787414056,226.50339078867515
2023-12-12 03:00:00,8.545095249268293,241.7620750663865
2023-12-12 04:00:00,8.84668156911131,372.7470066712987
2023-12-12 05:00:00,9.53189732467119,426.7932689573901
2023-12-12 06:00:00,8.35912612420133,401.74772106850327
2023-12-12 07:00:00,8.26056056446113,341.0160354699115
2023-12-12 08:00:00,8.861980144963269,309.02528187075615
2023-12-12 09:00:00,7.373158701807155,217.45230054511416
2023-12-12 10:00:00,8.435503528628926,316.8381714054083
2023-12-12 11:00:00,8.291384904024234,22.188535811485565
2023-12-12 12:00:00,9.270162804146151,-62.71040079705237
2023-12-12 13:00:00,7.935118767063085,-1.1743250620442574
2023-12-12 14:00:00,8.484558088783835,-91.36966263441249
2023-12-12 15:00:00,8.238051750838657,-57.94262704036986
2023-12-12 16:00:00,5.906228456307994,5.746471342895399
2023-12-12 17:00:00,7.865635900022996,10.160050106979067
2023-12-12 18:00:00,8.385198798817486,20.485922203406588
2023-12-12 19:00:00,7.502191334676653,35.77235587334578
2023-12-12 20:00:00,8.271382089712139,-2.0164329733417494
2023-12-12 21:00:00,9.73252373170173,-34.44353869947881
2023-12-12 22:00:00,9.35690529153328,22.8698519498094
2023-12-12 23:00:00,6.52763616632613,69.5251692037962
2023-12-13 00:00:00,9.234984648629853,30.88202326037843
2023-12-13 01:00:00,9.037143845249824,66.49169017963885
2023-12-13 02:00:00,8.382130443314567,242.5930487608823
2023-12-13 03:00:00,6.130625392157523,327.6108245171127
2023-12-13 04:00:00,9.25807835260638,305.14072165417696
2023-12-13 05:00:00,8.046156075823168,397.67770579059976
2023-12-13 06:00:00,8.686235917521849,452.1006663290849
2023-12-13 07:00:00,7.50754543381197,467.38820923823636
2023-12-13 08:00:00,7.733136549064548,334.66670947655194
2023-12-13 09:00:00,9.411618669609735,226.7868227256091
2023-12-13 10:00:00,10.098075992999505,237.31474405971434
2023-12-13 11:00:00,8.048380305907704,97.27220831491222
2023-12-13 12:00:00,9.988250901915821,11.983272974733772
2023-12-13 13:00:00,8.046503623705037,9.513844436557427
2023-12-13 14:00:00,8.034490191615085,7.425884081865935
2023-12-13 15:00:00,7.05757599612078,-20.678935011082963
2023-12-13 16:00:00,8.972715864845565,45.3290835319073
2023-12-13 17:00:00,8.27999161831007,-42.44331543072371
2023-12-13 18:00:00,8.33637042908155,13.265092274456752
2023-12-13 19:00:00,8.095784807680387,19.508707822448514
2023-12-13 20:00:00,7.483665933047244,-9.776607148679481
2023-12-13 21:00:00,9.101047829593023,39.66245138636253
2023-12-13 22:00:00,8.414046244592596,-23.256926734154117
2023-12-13 23:00:00,9.283400997119253,114.84080688761111
2023-12-14 00:00:00,7.61343536235158,11.829934060851329
2023-12-14 01:00:00,8.796655232585337,172.65894242664427
2023-12-14 02:00:00,10.69464871027633,258.3422943422073
2023-12-14 03:00:00,7.846353708204559,373.7335488867168
2023-12-14 04:00:00,8.073011652712577,374.9584871387969
2023-12-14 05:00:00,8.061234818925554,469.6565248681263
2023-12-14 06:00:00,7.515027661352258,500.67926524523494
2023-12-14 07:00:00,10.215236792751778,427.69964200119523
2023-12-14 08:00:00,6.2539899881942365,335.62615138123545
2023-12-14 09:00:00,7.334924086885399,394.0443870333197
2023-12-14 10:00:00,9.02563681367447,214.8902421697817
2023-12-14 11:00:00,7.8273238956374485,114.67240163657685
2023-12-14 12:00:00,8.527104401936095,13.51695689595413
2023-12-14 13:00:00,8.528797935524336,-39.16134682810439
2023-12-14 14:00:00,9.054648825321337,17.006740557356657
2023-12-14 15:00:00,8.63946697379028,17.41134986836462
2023-12-14 16:00:00,8.168880170064398,-0.5044703177092745
2023-12-14 17:00:00,8.687016057334567,-3.329339837857692
2023-12-14 18:00:00,8.379105190582203,-11.10963529387132
2023-12-14 19:00:00,10.252080709909626,-19.005926341251154
2023-12-14 20:00:00,7.981955687192468,36.329222610845974
2023-12-14 21:00:00,9.1129593382725,14.51732940481089
2023-12-14 22:00:00,9.471172345018518,46.56057405274747
2023-12-14 23:00:00,7.236120619015941,-26.07390283284013
2023-12-15 00:00:00,7.527377842142472,56.38994954614832
2023-12-15 01:00:00,10.570961153676093,156.3844945187315
2023-12-15 02:00:00,7.963160107593324,203.85949817351573
2023-12-15 03:00:00,8.652362760046014,272.16380766233743
2023-12-15 04:00:00,8.466389705947465,403.8679344397443
2023-12-15 05:00:00,8.601973493155741,337.9897853861205
2023-12-15 06:00:00,8.267921586791593,411.25872081464803
2023-12-15 07:00:00,8.76126968446129,431.06444697252454
2023-12-15 08:00:00,7.827414395246843,366.6410639565687
2023-12-15 09:00:00,8.41641500999394,251.91739766409864
2023-12-15 10:00:00,6.669002978977344,220.52478645956597
2023-12-15 11:00:00,8.523858593793943,61.87236827451686
2023-12-15 12:00:00,8.97506822734056,13.037615605641623
2023-12-15 13:00:00,9.599484472210671,-19.57149294011267
2023-12-15 14:00:00,9.787832925102972,-6.922671775627788
2023-12-15 15:00:00,8.262914344085978,-41.10337051053289
2023-12-15 16:00:00,9.480812833648857,38.68884482458247
2023-12-15 17:00:00,7.489083545287903,-7.302964779912088
2023-12-15 18:00:00,8.122857501398224,-36.900250125955885
2023-12-15 19:00:00,10.26103453251615,-6.036764140292724
2023-12-15 20:00:00,8.822628565471755,86.74097922385515
2023-12-15 21:00:00,8.873103286371137,16.740262948605068
2023-12-15 22:00:00,8.461826180402474,53.79344844692309
2023-12-15 23:00:00,10.50897860323742,-80.58339828388999
2023-12-16 00:00:00,9.254065648087284,-9.868282790180011
2023-12-16 01:00:00,10.208220734182108,62.89088078994305
2023-12-16 02:00:00,8.13149632696547,192.11323894647342
2023-12-16 03:00:00,7.750995139391114,270.08537774326214
2023-12-16 04:00:00,7.958034960303834,442.1966676293739
2023-12-16 05:00:00,9.352293452996188,457.14630724310916
2023-12-16 06:00:00,10.370650788099066,398.3922298971805
2023-12-16 07:00:00,9.473179600750116,398.0664107279813
2023-12-16 08:00:00,9.60049912276655,395.87008925551163
2023-12-16 09:00:00,8.896117936155642,352.9435109361602
2023-12-16 10:00:00,7.450155664783723,270.13049415299025
2023-12-16 11:00:00,10.746510915674143,144.6429174522448
2023-12-16 12:00:00,9.387564060343259,90.70633421685257
2023-12-16 13:00:00,9.246620842877487,21.338597619022064
2023-12-16 14:00:00,9.597024996116247,-22.24496996477685
2023-12-16 15:00:00,7.009299853284247,-40.739617821586044
2023-12-16 16:00:00,8.222110276174142,-53.97665613112827
2023-12-16 17:00:00,9.345154409017052,-60.48775954218178
2023-12-16 18:00:00,8.578336075497495,33.73242910202441
2023-12-16 19:00:00,8.646706662380254,79.54130886021093
2023-12-16 20:00:00,10.004662356067472,5.237057368668411
2023-12-16 21:00:00,8.840509062078766,91.40314343848476
2023-12-16 22:00:00,11.101315468826376,1.3761342966870662
2023-12-16 23:00:00,8.682437153767818,30.344810264335422
2023-12-17 00:00:00,9.611573450596609,-79.11502308316517
2023-12-17 01:00:00,9.290675503606154,154.5778689561541
2023-12-17 02:00:00,8.23235608316658,188.30952555149048
2023-12-17 03:00:00,7.775592663638241,352.8916446914347
2023-12-17 04:00:00,8.843724159694858,445.49406996073697
2023-12-17 05:00:00,10.727138231102378,440.56814795271237
2023-12-17 06:00:00,8.413017398294103,461.9940528120954
2023-12-17 07:00:00,9.325531227403403,431.2530188706551
2023-12-17 08:00:00,8.549486807334315,413.31877137039606
2023-12-17 09:00:00,9.02819649165725,405.0167173539732
2023-12-17 10:00:00,9.948648478219392,220.74062076157534
2023-12-17 11:00:00,8.921610804900773,122.20802075751646
2023-12-17 12:00:00,8.191296341856377,-88.92368937795642
2023-12-17 13:00:00,10.412679733800667,21.10317436832362
2023-12-17 14:00:00,8.201721706029534,-39.05593519822637
2023-12-17 15:00:00,9.483367396982787,-9.891690938779755
2023-12-17 16:00:00,7.315977107382929,23.86908515996492
2023-12-17 17:00:00,10.091354860976503,-80.80165336813582
2023-12-17 18:00:00,11.411291076685785,23.2807701908106
2023-12-17 19:00:00,8.779615732956104,12.55701623118507
2023-12-17 20:00:00,7.780564723351485,35.16009788477654
2023-12-17 21:00:00,9.57413672637831,-31.924883077765426
2023-12-17 22:00:00,8.897486123466056,55.62846090300347
2023-12-17 23:00:00,10.948109241565758,15.244879830204972
2023-12-18 00:00:00,8.291180778213976,-35.51925784076986
2023-12-18 01:00:00,7.553439929776742,46.57794876055864
2023-12-18 02:00:00,9.194172268327032,195.18705158588918
2023-12-18 03:00:00,9.473715675868503,357.85971504445104
2023-12-18 04:00:00,8.121416445889901,407.24087518595763
2023-12-18 05:00:00,9.850883074658256,322.08902938065137
2023-12-18 06:00:00,8.946328937015764,427.8691354699535
2023-12-18 07:00:00,8.61956992515764,435.6413243242986
2023-12-18 08:00:00,9.435116086909279,480.4381936942546
2023-12-18 09:00:00,8.602790566714614,378.7129791180556
2023-12-18 10:00:00,8.155387091278355,213.33165643286307
2023-12-18 11:00:00,7.276507832817384,124.10814077330392
2023-12-18 12:00:00,8.27316362521971,-68.13284835632616
2023-12-18 13:00:00,11.384990250046341,-131.33608699756533
2023-12-18 14:00:00,8.926314410686427,-19.8464138185738
2023-12-18 15:00:00,7.873270600362135,50.1566332850657
2023-12-18 16:00:00,10.15721419291661,9.051295292155396
2023-12-18 17:00:00,8.84340428507868,-37.45152282089454
2023-12-18 18:00:00,9.182415470913467,45.622259209539294
2023-12-18 19:00:00,9.16471986159553,89.6686190653442
2023-12-18 20:00:00,10.375699452453043,-74.45057301352709
2023-12-18 21:00:00,7.561718293541098,-2.6283432160192612
2023-12-18 22:00:00,10.349762684505565,-26.639198835810653
2023-12-18 23:00:00,9.635578118439687,2.218099741080196
2023-12-19 00:00:00,9.051786606904164,-22.806482860277335
2023-12-19 01:00:00,8.120541622656493,255.72985931685298
2023-12-19 02:00:00,8.727625885207207,218.3909532844397
2023-12-19 03:00:00,9.016836067354195,332.3063573334894
2023-12-19 04:00:00,10.783267536695822,396.98952232518906
2023-12-19 05:00:00,10.409518541410067,370.77745483018833
2023-12-19 06:00:00,8.586769902099444,458.8999914097486
2023-12-19 07:00:00,10.983839833452375,359.83285519611655
2023-12-19 08:00:00,9.925422201754175,478.767265686976
2023-12-19 09:00:00,9.445808067757966,362.45876100913375
2023-12-19 10:00:00,8.693235544270417,195.52188979101274
2023-12-19 11:00:00,8.397230612658515,107.7929161455497
2023-12-19 12:00:00,9.517109203662923,51.31098970306065
2023-12-19 13:00:00,9.358252620894108,13.64033742686791
2023-12-19 14:00:00,8.583921134117325,-82.57733219605808
2023-12-19 15:00:00,10.088455205311503,8.413730436418737
2023-12-19 16:00:00,9.137904225364625,54.271596923626916
2023-12-19 17:00:00,9.392508080362237,-116.68883770507988
2023-12-19 18:00:00,10.047234834061811,6.898765774856253
2023-12-19 19:00:00,9.801074994107603,-41.780109589390754
2023-12-19 20:00:00,7.354730010287609,63.37362543751792
2023-12-19 21:00:00,9.73642137721701,-22.6467021644592
2023-12-19 22:00:00,9.002464209474928,-27.78289417031261
2023-12-19 23:00:00,8.527357516343859,41.3858136183842
2023-12-20 00:00:00,9.110984431047191,-44.87627059791053
2023-12-20 01:00:00,8.752713665987846,121.42319271706879
2023-12-20 02:00:00,9.185626635550685,240.52783679480964
2023-12-20 03:00:00,9.03810147953357,310.580209858377
2023-12-20 04:00:00,9.746524082784484,327.0696916636045
2023-12-20 05:00:00,7.527016257795028,393.9287755107382
2023-12-20 06:00:00,9.24265853441777,446.4113769197895
2023-12-20 07:00:00,9.030235134683378,342.8049004409701
2023-12-20 08:00:00,11.310442208281977,396.53386211217986
2023-12-20 09:00:00,7.101688019350317,307.11502575245106
2023-12-20 10:00:00,9.980913991176513,255.08448672801075
2023-12-20 11:00:00,9.492237416560831,149.7077577988117
2023-12-20 12:00:00,9.82519271005131,-56.124020734655375
2023-12-20 13:00:00,8.611555345393633,-25.968882526398286
2023-12-20 14:00:00,9.378227167704493,-46.38981026503965
2023-12-20 15:00:00,9.204289999168486,-26.320599639387392
2023-12-20 16:00:00,12.594914525277343,-12.598211362883644
2023-12-20 17:00:00,8.749602169773878,55.98554505411941
2023-12-20 18:00:00,8.273794685834835,-29.796856853194058
2023-12-20 19:00:00,11.059923719377817,44.33018049208275
2023-12-20 20:00:00,9.402760424387429,13.013511792222786
2023-12-20 21:00:00,9.572860048244015,69.29468579667876
2023-12-20 22:00:00,10.18581055308374,-17.66961841683308
2023-12-20 23:00:00,9.135638001643633,-40.67263126377258
2023-12-21 00:00:00,8.724418902173543,7.200858256662128
2023-12-21 01:00:00,9.27598259788775,37.96799431702125
2023-12-21 02:00:00,8.302692815003692,236.47062183763708
2023-12-21 03:00:00,7.691118015530057,351.56034624521675
2023-12-21 04:00:00,8.300532043697356,450.8490534775275
2023-12-21 05:00:00,6.781701274654486,461.90305440465073
2023-12-21 06:00:00,8.779183439944712,450.03239716510234
2023-12-21 07:00:00,8.64363014633328,538.6518433997493
2023-12-21 08:00:00,9.747187034998667,395.4594939658396
2023-12-21 09:00:00,9.272637883751084,270.3431556170732
2023-12-21 10:00:00,9.004350073826684,226.8666966402949
2023-12-21 11:00:00,10.321107454484899,51.113122651253505
2023-12-21 12:00:00,8.726397134436557,-61.691180322404556
2023-12-21 13:00:00,8.033732215184992,12.082374506241143
2023-12-21 14:00:00,6.6159832479641585,-66.29376587584258
2023-12-21 15:00:00,9.168252233284491,-30.83186329744556
2023-12-21 16:00:00,9.09050254020489,-58.429528334171664
2023-12-21 17:00:00,10.412615408567147,7.01450186907277
2023-12-21 18:00:00,8.275940929803147,-35.59158566068663
2023-12-21 19:00:00,9.893574028403382,26.605612540004632
2023-12-21 20:00:00,6.660516608757762,22.566873419205624
2023-12-21 21:00:00,7.844374494531202,-65.21776406950501
2023-12-21 22:00:00,9.527080043489068,46.042822661656366
2023-12-21 23:00:00,9.832871345328396,-8.578225428710102
2023-12-22 00:00:00,7.569049013064073,-61.22487783538569
2023-12-22 01:00:00,8.433851196223898,138.07072907337772
2023-12-22 02:00:00,9.273530158047167,318.74579943708613
2023-12-22 03:00:00,9.133320770008902,316.45422476587765
2023-12-22 04:00:00,9.776005016570986,317.1960144699494
2023-12-22 05:00:00,10.141859294637378,491.84157384877165
2023-12-22 06:00:00,7.950197674983263,540.1937212899944
2023-12-22 07:00:00,9.672429148575276,391.6886212872949
2023-12-22 08:00:00,8.508837658341935,359.81834694575343
2023-12-22 09:00:00,9.564008181099663,328.0481051417959
2023-12-22 10:00:00,8.761678076482944,134.0119517565824
2023-12-22 11:00:00,10.305186981167068,223.50921106696842
2023-12-22 12:00:00,9.815233679662478,-2.5398110548600354
2023-12-22 13:00:00,8.239601366849055,2.063292299600979
2023-12-22 14:00:00,7.549812110574693,17.869251229904677
2023-12-22 15:00:00,10.41787036862709,-12.9148807107445
2023-12-22 16:00:00,8.522493190154655,-25.76814958585574
2023-12-22 17:00:00,8.626656502847123,-47.07230617951744
2023-12-22 18:00:00,9.970458352624444,-58.91110570821291
2023-12-22 19:00:00,8.205194682546916,20.32471939594391
2023-12-22 20:00:00,9.427587488311516,67.63107717777581
2023-12-22 21:00:00,9.246907321240434,47.4977733166247
2023-12-22 22:00:00,9.146848625375823,-14.455706229170692
2023-12-22 23:00:00,10.42377910821352,-9.629100874728822
2023-12-23 00:00:00,9.779672501207182,80.91423028945479
2023-12-23 01:00:00,10.292691421828174,80.5916076338396
2023-12-23 02:00:00,9.063807876350626,149.4152121659099
2023-12-23 03:00:00,8.589524671108224,341.85973669498054
2023-12-23 04:00:00,10.352493342681116,445.9164380980683
2023-12-23 05:00:00,8.742965706554944,325.4116546435864
2023-12-23 06:00:00,9.437231413836,485.59389090694737
2023-12-23 07:00:00,9.73713960806599,393.3956796833062
2023-12-23 08:00:00,8.54398438686354,332.3642184958726
2023-12-23 09:00:00,8.547124960172374,314.8268854333549
2023-12-23 10:00:00,9.042009541038999,175.09866644831254
2023-12-23 11:00:00,10.0576441544527,32.02651191842493
2023-12-23 12:00:00,9.659687124371985,5.412472628340068
2023-12-23 13:00:00,7.960272529160994,-2.215859628494756
2023-12-23 14:00:00,11.266384988983155,-85.89902993128936
2023-12-23 15:00:00,9.69363100961765,-70.3482896876578
2023-12-23 16:00:00,8.889945263509695,23.24942042328953
2023-12-23 17:00:00,9.161049433564967,26.424907096051264
2023-12-23 18:00:00,9.071463098082932,-132.30709626503486
2023-12-23 19:00:00,8.94145851488387,-63.17704859634401
2023-12-23 20:00:00,10.479355833841586,-4.13176202014896
2023-12-23 21:00:00,11.690040808547712,21.15690612492237
2023-12-23 22:00:00,8.800806036890837,20.540588922215576
2023-12-23 23:00:00,8.856014128527192,30.148399480272076
2023-12-24 00:00:00,9.30879561292522,-36.019390111106944
2023-12-24 01:00:00,8.022410909986583,130.52586456713578
2023-12-24 02:00:00,9.926904388918675,215.28095782717793
2023-12-24 03:00:00,9.585781685256793,304.2798126536353
2023-12-24 04:00:00,9.548509514573155,331.4092810247954
2023-12-24 05:00:00,7.545973126100595,468.8024025149179
2023-12-24 06:00:00,7.137015891934107,387.4867998848558
2023-12-24 07:00:00,9.031341377689454,395.40935866207803
2023-12-24 08:00:00,10.060501071516356,441.3111654130279
2023-12-24 09:00:00,7.620896341985852,324.00708099551366
2023-12-24 10:00:00,10.294273220793624,287.55014704831797
2023-12-24 11:00:00,9.095617601558919,104.80719654766962
2023-12-24 12:00:00,8.57005275022859,-27.77477486348217
2023-12-24 13:00:00,9.48222045370703,57.34908211533409
2023-12-24 14:00:00,8.101331303607418,-20.011070589802536
2023-12-24 15:00:00,6.860654187021544,14.062468211045875
2023-12-24 16:00:00,10.605267512122454,-8.116796166480382
2023-12-24 17:00:00,9.350251714341775,6.010435919569466
2023-12-24 18:00:00,8.677552088611186,-11.0702278076098
2023-12-24 19:00:00,8.821047791055882,43.89701080416294
2023-12-24 20:00:00,8.62397860217462,3.404748207279764
2023-12-24 21:00:00,9.046147085286451,-16.609725015459393
2023-12-24 22:00:00,9.286545695804351,12.702006627774088
2023-12-24 23:00:00,10.086522323822155,-77.39843061230228
2023-12-25 00:00:00,8.788751468164783,50.633591565182336
2023-12-25 01:00:00,8.427097817403439,47.41255761595524
2023-12-25 02:00:00,8.94844023557073,203.92500588368895
2023-12-25 03:00:00,11.948474307277696,312.70115623781203
2023-12-25 04:00:00,9.641260671438832,423.1559062078381
2023-12-25 05:00:00,9.884169274393038,539.0785145401355
2023-12-25 06:00:00,9.229741780862154,525.787407217491
2023-12-25 07:00:00,11.217796466892137,384.45267249868806
2023-12-25 08:00:00,10.34419308357151,366.3978036477855
2023-12-25 09:00:00,8.443805347543545,265.352526915721
2023-12-25 10:00:00,9.642111198111516,172.11554845856688
2023-12-25 11:00:00,9.097548075466138,93.2333147234831
2023-12-25 12:00:00,9.895660363542016,65.4868471772884
2023-12-25 13:00:00,10.481030723967338,-12.283345416185266
2023-12-25 14:00:00,8.261428571719133,-5.792319949650202
2023-12-25 15:00:00,9.843482301046327,11.4442715246276
2023-12-25 16:00:00,8.677252893879457,-46.97633412948903
2023-12-25 17:00:00,10.900900408588104,-3.53977196946875
2023-12-25 18:00:00,10.450949488943145,12.33991409242367
2023-12-25 19:00:00,7.494600497529574,122.95614530809466
2023-12-25 20:00:00,8.357763130746235,46.19636210370919
2023-12-25 21:00:00,8.140761204336526,82.29904749765473
2023-12-25 22:00:00,9.422930846924897,1.4480704830412277
2023-12-25 23:00:00,9.785929330889491,26.422689999221273
2023-12-26 00:00:00,10.361625195408813,13.077840045928854
2023-12-26 01:00:00,9.324468481877904,34.41649430894539
2023-12-26 02:00:00,9.287770029786664,116.13505925596357
2023-12-26 03:00:00,9.854467845548964,282.1162602164802
2023-12-26 04:00:00,12.720527512287413,476.57455744038543
2023-12-26 05:00:00,8.055364700152829,442.4496026324767
2023-12-26 06:00:00,7.690948926236098,517.432446375388
2023-12-26 07:00:00,9.03403753064761,527.4362182083679
2023-12-26 08:00:00,8.85148300533284,350.2405524780578
2023-12-26 09:00:00,8.832311510063526,412.1518002030913
2023-12-26 10:00:00,9.557844471107924,181.13277994221593
2023-12-26 11:00:00,8.399901600624172,113.52843085656328
2023-12-26 12:00:00,8.974918521705797,-53.98904316054964
2023-12-26 13:00:00,9.275664402809713,11.852620122022806
2023-12-26 14:00:00,9.299044176401235,-8.092816577046117
2023-12-26 15:00:00,9.428979260171007,39.851630436049376
2023-12-26 16:00:00,9.42055908488626,49.98392636663374
2023-12-26 17:00:00,8.762725961232503,79.00940237286203
2023-12-26 18:00:00,9.315169964493803,37.58834486213665
2023-12-26 19:00:00,9.56513582918193,40.741243434250634
2023-12-26 20:00:00,10.530482897501603,-22.409249412187663
2023-12-26 21:00:00,8.089345948217197,-8.898551689745005
2023-12-26 22:00:00,9.594653320017102,15.698184034361127
2023-12-26 23:00:00,9.734948227671186,-62.04090777799348
2023-12-27 00:00:00,9.840356199204342,56.16401207099329
2023-12-27 01:00:00,9.887295401337711,118.26796836646118
2023-12-27 02:00:00,8.342879854747936,251.1159741791816
2023-12-27 03:00:00,9.816760833393477,265.47883151813176
2023-12-27 04:00:00,9.76178785388421,399.9313603433979
2023-12-27 05:00:00,10.203850369757708,509.48243196148917
2023-12-27 06:00:00,9.489615568258474,503.77427680776134
2023-12-27 07:00:00,9.116341159381799,507.82606271999697
2023-12-27 08:00:00,10.657205639419269,401.2495609278974
2023-12-27 09:00:00,8.437968353545878,347.8382202287969
2023-12-27 10:00:00,8.282020243729725,236.21160013302884
2023-12-27 11:00:00,8.41541429674198,158.1825704189266
2023-12-27 12:00:00,10.00225077374156,13.041492182058734
2023-12-27 13:00:00,8.933173678964376,-19.142292432527867
2023-12-27 14:00:00,9.544808505634041,-128.0070427732382
2023-12-27 15:00:00,11.04148483462321,8.526960711784598
2023-12-27 16:00:00,8.478635924212684,-83.90022123885947
2023-12-27 17:00:00,7.954478055246943,34.456309913536096
2023-12-27 18:00:00,10.485756571284448,41.597406605921044
2023-12-27 19:00:00,8.821578176226923,-114.2247733919308
2023-12-27 20:00:00,8.484286245221302,14.976341178192287
2023-12-27 21:00:00,9.548355140492463,13.74535591432732
2023-12-27 22:00:00,9.464872083950617,18.804964485669473
2023-12-27 23:00:00,8.788144425426239,-61.61472319206155
2023-12-28 00:00:00,10.303940466684592,23.84292679708384
2023-12-28 01:00:00,8.962774567272888,63.11176932341564
2023-12-28 02:00:00,8.917222800866131,278.0558801437307
2023-12-28 03:00:00,7.876303510550903,366.1205638068811
2023-12-28 04:00:00,7.286943977699752,405.33902756868315
2023-12-28 05:00:00,9.978202975061617,491.73752755925085
2023-12-28 06:00:00,8.421072054015319,439.7465708786879
2023-12-28 07:00:00,9.58919416495179,442.5669626866571
2023-12-28 08:00:00,11.669445053763052,480.03681223260503
2023-12-28 09:00:00,10.20721851578837,400.6592820751095
2023-12-28 10:00:00,9.770065561335567,188.6702694346419
2023-12-28 11:00:00,10.16615591893583,95.11395613975796
2023-12-28 12:00:00,11.899392809771696,-27.773019063339984
2023-12-28 13:00:00,7.855681437909437,3.1029914128283935
2023-12-28 14:00:00,9.605961966339398,-6.704875372064962
2023-12-28 15:00:00,11.216479159208792,64.59031275697747
2023-12-28 16:00:00,10.049966289441945,76.69565268009923
2023-12-28 17:00:00,10.946472111038396,90.16297805929514
2023-12-28 18:00:00,9.116283730885234,107.9716447272874
2023-12-28 19:00:00,8.491409478794923,-78.98808766481889
2023-12-28 20:00:00,11.653187325834278,-9.448192612604883
2023-12-28 21:00:00,9.817053349702176,-34.69238346458514
2023-12-28 22:00:00,10.567896546501853,-44.89083465840651
2023-12-28 23:00:00,10.630330193914787,70.43837382570457
2023-12-29 00:00:00,11.107412234095005,21.037910075387263
2023-12-29 01:00:00,10.122336482710313,47.72528662999872
2023-12-29 02:00:00,10.16581772607729,375.37241703852663
2023-12-29 03:00:00,10.325302976085984,256.6977444646863
2023-12-29 04:00:00,9.186302234464378,407.86565422690876
2023-12-29 05:00:00,10.87832772686906,479.04150467905146
2023-12-29 06:00:00,9.256421454577653,434.82196026160193
2023-12-29 07:00:00,10.934317364044537,502.1572143185968
2023-12-29 08:00:00,10.622868744563833,394.67900387147586
2023-12-29 09:00:00,7.621405532302991,388.6187819001721
2023-12-29 10:00:00,10.634584010157967,265.64512269889764
2023-12-29 11:00:00,10.061519519927831,1.9703548631885326
2023-12-29 12:00:00,11.16176543591087,-77.51475046469139
2023-12-29 13:00:00,11.56060862129767,42.43666694307475
2023-12-29 14:00:00,9.938684046607882,20.20497576671415
2023-12-29 15:00:00,10.184911880405464,-51.30040278104365
2023-12-29 16:00:00,8.544622867988894,-33.46428150423367
2023-12-29 17:00:00,9.659462819115051,-4.394255811290276
2023-12-29 18:00:00,11.483726571716048,-101.2559747773359
2023-12-29 19:00:00,9.82827433151303,113.57672629951279
2023-12-29 20:00:00,10.755378083432173,-49.019690568283494
2023-12-29 21:00:00,9.806131207232198,1.5394596984468065
2023-12-29 22:00:00,9.71108836711819,83.53464397304948
2023-12-29 23:00:00,10.402479213048553,-9.205086402105035
2023-12-30 00:00:00,7.001699124994129,16.10097434390278
2023-12-30 01:00:00,10.285614746748927,80.44741993546626
2023-12-30 02:00:00,7.6644769150736405,220.43318924418648
2023-12-30 03:00:00,9.831307855964871,304.2514996090696
2023-12-30 04:00:00,9.078591763639796,493.27047443930985
2023-12-30 05:00:00,8.758734556404324,445.4406200326979
2023-12-30 06:00:00,11.39194523178098,458.5400633635759
2023-12-30 07:00:00,11.03353530756424,435.7407050350784
2023-12-30 08:00:00,9.557789752418753,448.40974466156507
2023-12-30 09:00:00,12.292087689575919,379.5846228910979
2023-12-30 10:00:00,10.907709898452485,147.95908633857644
2023-12-30 11:00:00,9.755813776806065,131.6870967754784
2023-12-30 12:00:00,8.026339483516578,15.073882806777247
2023-12-30 13:00:00,9.815245804756307,70.2550852334353
2023-12-30 14:00:00,9.282419116003842,-61.1882099445751
2023-12-30 15:00:00,9.451450803115804,-56.06129090870516
2023-12-30 16:00:00,10.3274451758762,32.076759108953404
2023-12-30 17:00:00,9.285697231689712,-3.0550738452218664
2023-12-30 18:00:00,11.234879548045127,68.93727762877087
2023-12-30 19:00:00,9.383870781699006,55.06503299472496
2023-12-30 20:00:00,8.891729567374188,13.966257767323844
2023-12-30 21:00:00,10.563505705890783,-3.3143549707174027
2023-12-30 22:00:00,9.88607946888181,-7.87151637690236
2023-12-30 23:00:00,10.76924257217067,-1.499216454705917
2023-12-31 00:00:00,10.17127177734364,3.040608063006184
