Date,Hour,HOEP
2020-01-01,2,0.0
2020-01-01,3,0.0
2020-01-01,4,0.0
2020-01-01,5,0.0
2020-01-01,6,0.0
2020-01-01,7,0.0
2020-01-01,8,-0.04
2020-01-01,9,0.0
2020-01-01,10,0.0
2020-01-01,11,0.0
2020-01-01,12,0.0
2020-01-01,13,2.92
2020-01-01,14,1.8
2020-01-01,15,0.0
2020-01-01,16,0.0
2020-01-01,17,1.39
2020-01-01,18,5.44
2020-01-01,19,1.72
2020-01-01,20,0.0
2020-01-01,21,0.0
2020-01-01,22,0.0
2020-01-01,23,0.0
2020-01-01,24,0.0
2020-01-02,1,-0.04
2020-01-02,2,-0.12
2020-01-02,3,-2.86
2020-01-02,4,-3.0
2020-01-02,5,-0.1
2020-01-02,6,-0.03
2020-01-02,7,0.0
2020-01-02,8,1.73
2020-01-02,9,0.0
2020-01-02,10,0.39
2020-01-02,11,0.0
2020-01-02,12,0.0
2020-01-02,13,0.0
2020-01-02,14,0.0
2020-01-02,15,0.0
2020-01-02,16,0.0
2020-01-02,17,0.0
2020-01-02,18,0.0
2020-01-02,19,1.6
2020-01-02,20,2.67
2020-01-02,21,0.0
2020-01-02,22,0.0
2020-01-02,23,0.0
2020-01-02,24,0.0
2020-01-03,1,-0.04
2020-01-03,2,-0.01
2020-01-03,3,0.0
2020-01-03,4,-0.04
2020-01-03,5,0.0
2020-01-03,6,4.3
2020-01-03,7,3.18
2020-01-03,8,10.17
2020-01-03,9,14.37
2020-01-03,10,22.13
2020-01-03,11,86.16
2020-01-03,12,30.77
2020-01-03,13,21.43
2020-01-03,14,19.76
2020-01-03,15,21.42
2020-01-03,16,19.51
2020-01-03,17,19.66
2020-01-03,18,20.18
2020-01-03,19,18.76
2020-01-03,20,20.15
2020-01-03,21,19.73
2020-01-03,22,17.04
2020-01-03,23,15.73
2020-01-03,24,13.71
2020-01-04,1,16.93
2020-01-04,2,15.17
2020-01-04,3,14.36
2020-01-04,4,14.38
2020-01-04,5,14.49
2020-01-04,6,24.84
2020-01-04,7,16.96
2020-01-04,8,16.73
2020-01-04,9,15.41
2020-01-04,10,19.95
2020-01-04,11,22.0
2020-01-04,12,16.98
2020-01-04,13,20.61
2020-01-04,14,20.89
2020-01-04,15,13.33
2020-01-04,16,13.33
2020-01-04,17,4.8
2020-01-04,18,13.35
2020-01-04,19,9.6
2020-01-04,20,13.36
2020-01-04,21,18.69
2020-01-04,22,17.28
2020-01-04,23,7.36
2020-01-04,24,0.47
2020-01-05,1,0.0
2020-01-05,2,0.0
2020-01-05,3,0.0
2020-01-05,4,0.0
2020-01-05,5,2.13
2020-01-05,6,0.4
2020-01-05,7,0.0
2020-01-05,8,0.0
2020-01-05,9,1.83
2020-01-05,10,8.29
2020-01-05,11,5.86
2020-01-05,12,10.94
2020-01-05,13,1.41
2020-01-05,14,8.12
2020-01-05,15,10.86
2020-01-05,16,3.17
2020-01-05,17,3.66
2020-01-05,18,20.07
2020-01-05,19,13.62
2020-01-05,20,10.87
2020-01-05,21,12.08
2020-01-05,22,12.74
2020-01-05,23,6.78
2020-01-05,24,3.61
2020-01-06,1,1.58
2020-01-06,2,0.0
2020-01-06,3,0.0
2020-01-06,4,0.0
2020-01-06,5,0.0
2020-01-06,6,0.0
2020-01-06,7,0.86
2020-01-06,8,13.67
2020-01-06,9,12.64
2020-01-06,10,10.35
2020-01-06,11,7.61
2020-01-06,12,4.33
2020-01-06,13,0.0
2020-01-06,14,0.0
2020-01-06,15,0.0
2020-01-06,16,0.0
2020-01-06,17,6.32
2020-01-06,18,12.63
2020-01-06,19,5.35
2020-01-06,20,5.86
2020-01-06,21,0.79
2020-01-06,22,0.82
2020-01-06,23,0.0
2020-01-06,24,0.0
2020-01-07,1,0.0
2020-01-07,2,0.0
2020-01-07,3,1.85
2020-01-07,4,4.76
2020-01-07,5,5.22
2020-01-07,6,10.14
2020-01-07,7,10.27
2020-01-07,8,44.49
2020-01-07,9,19.16
2020-01-07,10,14.35
2020-01-07,11,16.47
2020-01-07,12,18.93
2020-01-07,13,12.87
2020-01-07,14,1.57
2020-01-07,15,5.33
2020-01-07,16,0.0
2020-01-07,17,0.0
2020-01-07,18,5.86
2020-01-07,19,3.44
2020-01-07,20,7.28
2020-01-07,21,3.27
2020-01-07,22,5.04
2020-01-07,23,3.03
2020-01-07,24,2.05
2020-01-08,1,0.0
2020-01-08,2,0.0
2020-01-08,3,0.0
2020-01-08,4,0.0
2020-01-08,5,0.0
2020-01-08,6,0.0
2020-01-08,7,0.87
2020-01-08,8,15.22
2020-01-08,9,13.34
2020-01-08,10,4.24
2020-01-08,11,2.6
2020-01-08,12,1.37
2020-01-08,13,0.0
2020-01-08,14,0.0
2020-01-08,15,0.0
2020-01-08,16,0.0
2020-01-08,17,2.85
2020-01-08,18,16.92
2020-01-08,19,25.84
2020-01-08,20,41.25
2020-01-08,21,26.48
2020-01-08,22,16.71
2020-01-08,23,20.82
2020-01-08,24,13.43
2020-01-09,1,14.49
2020-01-09,2,13.45
2020-01-09,3,13.82
2020-01-09,4,14.01
2020-01-09,5,14.38
2020-01-09,6,5.71
2020-01-09,7,0.0
2020-01-09,8,0.82
2020-01-09,9,1.92
2020-01-09,10,0.0
2020-01-09,11,0.0
2020-01-09,12,0.0
2020-01-09,13,0.0
2020-01-09,14,11.53
2020-01-09,15,56.27
2020-01-09,16,13.74
2020-01-09,17,9.06
2020-01-09,18,49.95
2020-01-09,19,20.38
2020-01-09,20,29.51
2020-01-09,21,13.16
2020-01-09,22,5.27
2020-01-09,23,1.94
2020-01-09,24,0.0
2020-01-10,1,0.0
2020-01-10,2,0.0
2020-01-10,3,0.0
2020-01-10,4,0.0
2020-01-10,5,0.0
2020-01-10,6,0.0
2020-01-10,7,0.97
2020-01-10,8,8.1
2020-01-10,9,10.27
2020-01-10,10,3.8
2020-01-10,11,12.14
2020-01-10,12,11.51
2020-01-10,13,3.73
2020-01-10,14,6.64
2020-01-10,15,8.47
2020-01-10,16,20.03
2020-01-10,17,53.08
2020-01-10,18,22.86
2020-01-10,19,11.47
2020-01-10,20,6.04
2020-01-10,21,10.93
2020-01-10,22,14.25
2020-01-10,23,41.22
2020-01-10,24,3.17
2020-01-11,1,0.0
2020-01-11,2,0.0
2020-01-11,3,0.0
2020-01-11,4,0.0
2020-01-11,5,0.0
2020-01-11,6,0.0
2020-01-11,7,0.0
2020-01-11,8,0.0
2020-01-11,9,0.0
2020-01-11,10,9.63
2020-01-11,11,7.25
2020-01-11,12,13.57
2020-01-11,13,15.7
2020-01-11,14,17.8
2020-01-11,15,13.4
2020-01-11,16,5.71
2020-01-11,17,2.8
2020-01-11,18,5.25
2020-01-11,19,9.74
2020-01-11,20,13.34
2020-01-11,21,13.36
2020-01-11,22,13.86
2020-01-11,23,6.19
2020-01-11,24,1.42
2020-01-12,1,0.0
2020-01-12,2,0.0
2020-01-12,3,0.46
2020-01-12,4,0.0
2020-01-12,5,0.0
2020-01-12,6,0.89
2020-01-12,7,5.75
2020-01-12,8,0.0
2020-01-12,9,1.86
2020-01-12,10,20.92
2020-01-12,11,109.98
2020-01-12,12,46.56
2020-01-12,13,24.6
2020-01-12,14,29.8
2020-01-12,15,25.28
2020-01-12,16,4.33
2020-01-12,17,13.28
2020-01-12,18,20.77
2020-01-12,19,19.36
2020-01-12,20,20.79
2020-01-12,21,17.37
2020-01-12,22,15.25
2020-01-12,23,13.8
2020-01-12,24,12.99
2020-01-13,1,8.44
2020-01-13,2,10.82
2020-01-13,3,16.96
2020-01-13,4,16.15
2020-01-13,5,13.34
2020-01-13,6,7.49
2020-01-13,7,20.43
2020-01-13,8,23.59
2020-01-13,9,22.11
2020-01-13,10,25.13
2020-01-13,11,22.12
2020-01-13,12,22.22
2020-01-13,13,27.02
2020-01-13,14,23.46
2020-01-13,15,22.36
2020-01-13,16,24.27
2020-01-13,17,23.16
2020-01-13,18,24.05
2020-01-13,19,24.03
2020-01-13,20,24.0
2020-01-13,21,23.98
2020-01-13,22,22.99
2020-01-13,23,20.06
2020-01-13,24,13.07
2020-01-14,1,13.36
2020-01-14,2,12.89
2020-01-14,3,4.66
2020-01-14,4,0.0
2020-01-14,5,-0.11
2020-01-14,6,0.0
2020-01-14,7,8.72
2020-01-14,8,17.42
2020-01-14,9,13.36
2020-01-14,10,16.46
2020-01-14,11,22.76
2020-01-14,12,22.73
2020-01-14,13,21.28
2020-01-14,14,23.85
2020-01-14,15,15.69
2020-01-14,16,18.54
2020-01-14,17,19.69
2020-01-14,18,21.68
2020-01-14,19,17.09
2020-01-14,20,17.39
2020-01-14,21,14.4
2020-01-14,22,14.0
2020-01-14,23,16.27
2020-01-14,24,7.23
2020-01-15,1,0.0
2020-01-15,2,0.0
2020-01-15,3,0.0
2020-01-15,4,0.0
2020-01-15,5,0.9
2020-01-15,6,4.76
2020-01-15,7,14.86
2020-01-15,8,21.05
2020-01-15,9,13.41
2020-01-15,10,16.43
2020-01-15,11,16.29
2020-01-15,12,21.97
2020-01-15,13,15.88
2020-01-15,14,16.38
2020-01-15,15,15.64
2020-01-15,16,13.79
2020-01-15,17,10.31
2020-01-15,18,15.95
2020-01-15,19,21.95
2020-01-15,20,21.96
2020-01-15,21,23.44
2020-01-15,22,29.22
2020-01-15,23,15.66
2020-01-15,24,4.75
2020-01-16,1,0.47
2020-01-16,2,0.0
2020-01-16,3,0.0
2020-01-16,4,0.0
2020-01-16,5,0.0
2020-01-16,6,0.0
2020-01-16,7,6.0
2020-01-16,8,49.62
2020-01-16,9,19.06
2020-01-16,10,0.0
2020-01-16,11,3.98
2020-01-16,12,4.89
2020-01-16,13,0.08
2020-01-16,14,5.13
2020-01-16,15,3.81
2020-01-16,16,6.15
2020-01-16,17,9.51
2020-01-16,18,16.84
2020-01-16,19,15.85
2020-01-16,20,16.84
2020-01-16,21,14.37
2020-01-16,22,15.12
2020-01-16,23,30.98
2020-01-16,24,11.17
2020-01-17,1,16.8
2020-01-17,2,35.39
2020-01-17,3,42.18
2020-01-17,4,38.43
2020-01-17,5,24.41
2020-01-17,6,22.08
2020-01-17,7,40.3
2020-01-17,8,1258.05
2020-01-17,9,101.05
2020-01-17,10,22.59
2020-01-17,11,19.83
2020-01-17,12,21.93
2020-01-17,13,21.14
2020-01-17,14,19.11
2020-01-17,15,15.13
2020-01-17,16,16.18
2020-01-17,17,15.1
2020-01-17,18,22.12
2020-01-17,19,21.96
2020-01-17,20,24.03
2020-01-17,21,24.12
2020-01-17,22,22.5
2020-01-17,23,20.77
2020-01-17,24,14.08
2020-01-18,1,6.24
2020-01-18,2,0.0
2020-01-18,3,0.0
2020-01-18,4,0.0
2020-01-18,5,0.0
2020-01-18,6,4.45
2020-01-18,7,13.35
2020-01-18,8,3.34
2020-01-18,9,7.36
2020-01-18,10,13.87
2020-01-18,11,113.93
2020-01-18,12,23.22
2020-01-18,13,13.37
2020-01-18,14,13.36
2020-01-18,15,15.1
2020-01-18,16,15.88
2020-01-18,17,20.08
2020-01-18,18,20.53
2020-01-18,19,20.3
2020-01-18,20,20.17
2020-01-18,21,16.81
2020-01-18,22,20.03
2020-01-18,23,18.56
2020-01-18,24,2.71
2020-01-19,1,1.84
2020-01-19,2,0.0
2020-01-19,3,6.68
2020-01-19,4,0.39
2020-01-19,5,0.0
2020-01-19,6,0.0
2020-01-19,7,1.28
2020-01-19,8,0.87
2020-01-19,9,10.49
2020-01-19,10,42.43
2020-01-19,11,16.15
2020-01-19,12,9.7
2020-01-19,13,13.33
2020-01-19,14,13.88
2020-01-19,15,11.96
2020-01-19,16,12.73
2020-01-19,17,11.34
2020-01-19,18,17.29
2020-01-19,19,19.13
2020-01-19,20,20.81
2020-01-19,21,23.11
2020-01-19,22,20.87
2020-01-19,23,20.46
2020-01-19,24,15.78
2020-01-20,1,25.57
2020-01-20,2,22.31
2020-01-20,3,16.69
2020-01-20,4,29.97
2020-01-20,5,20.44
2020-01-20,6,21.85
2020-01-20,7,21.28
2020-01-20,8,21.6
2020-01-20,9,22.27
2020-01-20,10,22.46
2020-01-20,11,21.09
2020-01-20,12,21.31
2020-01-20,13,21.06
2020-01-20,14,14.01
2020-01-20,15,13.36
2020-01-20,16,13.44
2020-01-20,17,14.87
2020-01-20,18,21.04
2020-01-20,19,18.98
2020-01-20,20,14.29
2020-01-20,21,18.25
2020-01-20,22,19.74
2020-01-20,23,17.82
2020-01-20,24,16.65
2020-01-21,1,20.67
2020-01-21,2,29.45
2020-01-21,3,18.3
2020-01-21,4,15.32
2020-01-21,5,13.36
2020-01-21,6,16.95
2020-01-21,7,20.95
2020-01-21,8,21.99
2020-01-21,9,21.03
2020-01-21,10,19.2
2020-01-21,11,20.28
2020-01-21,12,16.55
2020-01-21,13,16.17
2020-01-21,14,20.5
2020-01-21,15,16.34
2020-01-21,16,18.55
2020-01-21,17,14.38
2020-01-21,18,13.09
2020-01-21,19,13.3
2020-01-21,20,10.07
2020-01-21,21,7.41
2020-01-21,22,14.52
2020-01-21,23,11.34
2020-01-21,24,8.3
2020-01-22,1,3.16
2020-01-22,2,3.8
2020-01-22,3,5.29
2020-01-22,4,0.0
2020-01-22,5,0.0
2020-01-22,6,6.01
2020-01-22,7,11.77
2020-01-22,8,15.54
2020-01-22,9,14.67
2020-01-22,10,13.5
2020-01-22,11,23.06
2020-01-22,12,16.15
2020-01-22,13,9.08
2020-01-22,14,7.01
2020-01-22,15,14.74
2020-01-22,16,15.36
2020-01-22,17,13.51
2020-01-22,18,19.83
2020-01-22,19,15.51
2020-01-22,20,13.37
2020-01-22,21,13.73
2020-01-22,22,12.75
2020-01-22,23,12.29
2020-01-22,24,13.44
2020-01-23,1,12.85
2020-01-23,2,5.16
2020-01-23,3,6.02
2020-01-23,4,2.76
2020-01-23,5,1.27
2020-01-23,6,8.75
2020-01-23,7,14.94
2020-01-23,8,16.78
2020-01-23,9,15.03
2020-01-23,10,16.39
2020-01-23,11,17.54
2020-01-23,12,18.89
2020-01-23,13,18.9
2020-01-23,14,14.17
2020-01-23,15,18.69
2020-01-23,16,15.2
2020-01-23,17,13.21
2020-01-23,18,19.17
2020-01-23,19,17.13
2020-01-23,20,13.35
2020-01-23,21,15.44
2020-01-23,22,17.42
2020-01-23,23,17.41
2020-01-23,24,4.7
2020-01-24,1,0.44
2020-01-24,2,4.48
2020-01-24,3,1.45
2020-01-24,4,0.42
2020-01-24,5,0.0
2020-01-24,6,0.0
2020-01-24,7,0.48
2020-01-24,8,6.25
2020-01-24,9,4.15
2020-01-24,10,3.66
2020-01-24,11,2.32
2020-01-24,12,8.35
2020-01-24,13,6.13
2020-01-24,14,0.0
2020-01-24,15,0.0
2020-01-24,16,2.21
2020-01-24,17,5.52
2020-01-24,18,6.8
2020-01-24,19,5.83
2020-01-24,20,4.9
2020-01-24,21,5.71
2020-01-24,22,1.69
2020-01-24,23,0.46
2020-01-24,24,0.0
2020-01-25,1,3.88
2020-01-25,2,0.0
2020-01-25,3,0.0
2020-01-25,4,2.23
2020-01-25,5,10.86
2020-01-25,6,12.72
2020-01-25,7,3.79
2020-01-25,8,2.94
2020-01-25,9,3.71
2020-01-25,10,7.8
2020-01-25,11,12.35
2020-01-25,12,13.34
2020-01-25,13,11.3
2020-01-25,14,7.13
2020-01-25,15,13.33
2020-01-25,16,9.1
2020-01-25,17,7.53
2020-01-25,18,11.86
2020-01-25,19,10.33
2020-01-25,20,9.97
2020-01-25,21,12.87
2020-01-25,22,6.58
2020-01-25,23,4.37
2020-01-25,24,5.45
2020-01-26,1,4.36
2020-01-26,2,6.53
2020-01-26,3,5.81
2020-01-26,4,5.24
2020-01-26,5,5.95
2020-01-26,6,5.82
2020-01-26,7,5.73
2020-01-26,8,0.0
2020-01-26,9,2.27
2020-01-26,10,4.41
2020-01-26,11,0.0
2020-01-26,12,0.0
2020-01-26,13,0.0
2020-01-26,14,0.0
2020-01-26,15,0.0
2020-01-26,16,5.05
2020-01-26,17,2.3
2020-01-26,18,5.84
2020-01-26,19,5.91
2020-01-26,20,5.84
2020-01-26,21,5.93
2020-01-26,22,8.98
2020-01-26,23,7.83
2020-01-26,24,6.52
2020-01-27,1,7.12
2020-01-27,2,11.7
2020-01-27,3,12.76
2020-01-27,4,7.76
2020-01-27,5,5.13
2020-01-27,6,2.81
2020-01-27,7,14.83
2020-01-27,8,10.61
2020-01-27,9,13.34
2020-01-27,10,13.35
2020-01-27,11,19.14
2020-01-27,12,17.48
2020-01-27,13,17.92
2020-01-27,14,13.36
2020-01-27,15,12.96
2020-01-27,16,11.93
2020-01-27,17,11.47
2020-01-27,18,70.98
2020-01-27,19,18.01
2020-01-27,20,19.17
2020-01-27,21,23.42
2020-01-27,22,20.43
2020-01-27,23,12.9
2020-01-27,24,34.38
2020-01-28,1,2.63
2020-01-28,2,4.53
2020-01-28,3,12.1
2020-01-28,4,5.14
2020-01-28,5,1.11
2020-01-28,6,6.27
2020-01-28,7,14.92
2020-01-28,8,22.23
2020-01-28,9,17.8
2020-01-28,10,34.98
2020-01-28,11,15.72
2020-01-28,12,16.01
2020-01-28,13,14.73
2020-01-28,14,14.57
2020-01-28,15,13.36
2020-01-28,16,14.46
2020-01-28,17,16.21
2020-01-28,18,23.62
2020-01-28,19,22.06
2020-01-28,20,21.83
2020-01-28,21,21.64
2020-01-28,22,17.99
2020-01-28,23,17.24
2020-01-28,24,14.94
2020-01-29,1,19.62
2020-01-29,2,13.64
2020-01-29,3,13.47
2020-01-29,4,13.35
2020-01-29,5,13.61
2020-01-29,6,15.06
2020-01-29,7,14.27
2020-01-29,8,20.32
2020-01-29,9,20.05
2020-01-29,10,19.56
2020-01-29,11,18.79
2020-01-29,12,19.59
2020-01-29,13,17.37
2020-01-29,14,17.19
2020-01-29,15,13.18
2020-01-29,16,14.58
2020-01-29,17,15.77
2020-01-29,18,19.51
2020-01-29,19,20.01
2020-01-29,20,17.61
2020-01-29,21,20.64
2020-01-29,22,30.61
2020-01-29,23,17.52
2020-01-29,24,17.6
2020-01-30,1,17.77
2020-01-30,2,24.39
2020-01-30,3,21.93
2020-01-30,4,10.08
2020-01-30,5,14.52
2020-01-30,6,20.23
2020-01-30,7,21.73
2020-01-30,8,26.69
2020-01-30,9,21.46
2020-01-30,10,20.1
2020-01-30,11,20.29
2020-01-30,12,20.12
2020-01-30,13,20.12
2020-01-30,14,17.91
2020-01-30,15,20.37
2020-01-30,16,17.32
2020-01-30,17,17.9
2020-01-30,18,20.91
2020-01-30,19,21.9
2020-01-30,20,30.23
2020-01-30,21,22.52
2020-01-30,22,21.37
2020-01-30,23,19.16
2020-01-30,24,18.7
2020-01-31,1,16.73
2020-01-31,2,13.58
2020-01-31,3,13.94
2020-01-31,4,13.36
2020-01-31,5,14.38
2020-01-31,6,15.8
2020-01-31,7,21.03
2020-01-31,8,20.68
2020-01-31,9,21.27
2020-01-31,10,20.01
2020-01-31,11,21.21
2020-01-31,12,21.65
2020-01-31,13,21.2
2020-01-31,14,20.84
2020-01-31,15,23.38
2020-01-31,16,21.54
2020-01-31,17,21.41
2020-01-31,18,21.31
2020-01-31,19,23.33
2020-01-31,20,21.27
2020-01-31,21,21.25
2020-01-31,22,21.09
2020-01-31,23,17.77
2020-01-31,24,14.98
2020-02-01,1,19.48
2020-02-01,2,13.91
2020-02-01,3,12.46
2020-02-01,4,13.36
2020-02-01,5,13.36
2020-02-01,6,15.07
2020-02-01,7,13.53
2020-02-01,8,10.86
2020-02-01,9,12.36
2020-02-01,10,15.9
2020-02-01,11,14.98
2020-02-01,12,13.33
2020-02-01,13,8.97
2020-02-01,14,12.41
2020-02-01,15,13.33
2020-02-01,16,13.42
2020-02-01,17,14.83
2020-02-01,18,19.96
2020-02-01,19,15.96
2020-02-01,20,15.17
2020-02-01,21,10.26
2020-02-01,22,14.02
2020-02-01,23,13.36
2020-02-01,24,14.07
2020-02-02,1,10.25
2020-02-02,2,5.18
2020-02-02,3,4.57
2020-02-02,4,4.02
2020-02-02,5,0.8
2020-02-02,6,0.39
2020-02-02,7,2.88
2020-02-02,8,0.0
2020-02-02,9,5.31
2020-02-02,10,10.29
2020-02-02,11,27.87
2020-02-02,12,21.04
2020-02-02,13,16.55
2020-02-02,14,13.39
2020-02-02,15,18.13
2020-02-02,16,17.33
2020-02-02,17,14.7
2020-02-02,18,26.02
2020-02-02,19,15.53
2020-02-02,20,13.08
2020-02-02,21,1.47
2020-02-02,22,4.46
2020-02-02,23,4.14
2020-02-02,24,4.72
2020-02-03,1,2.48
2020-02-03,2,0.0
2020-02-03,3,0.0
2020-02-03,4,0.0
2020-02-03,5,0.4
2020-02-03,6,0.89
2020-02-03,7,11.67
2020-02-03,8,17.52
2020-02-03,9,14.44
2020-02-03,10,17.06
2020-02-03,11,15.68
2020-02-03,12,17.9
2020-02-03,13,15.78
2020-02-03,14,13.37
2020-02-03,15,16.0
2020-02-03,16,18.85
2020-02-03,17,19.59
2020-02-03,18,18.5
2020-02-03,19,21.02
2020-02-03,20,17.04
2020-02-03,21,18.24
2020-02-03,22,18.2
2020-02-03,23,17.01
2020-02-03,24,21.07
2020-02-04,1,18.04
2020-02-04,2,12.88
2020-02-04,3,7.24
2020-02-04,4,7.93
2020-02-04,5,0.41
2020-02-04,6,0.41
2020-02-04,7,9.84
2020-02-04,8,16.03
2020-02-04,9,15.37
2020-02-04,10,21.91
2020-02-04,11,19.29
2020-02-04,12,17.33
2020-02-04,13,17.59
2020-02-04,14,15.1
2020-02-04,15,15.29
2020-02-04,16,13.46
2020-02-04,17,15.49
2020-02-04,18,12.77
2020-02-04,19,13.35
2020-02-04,20,13.55
2020-02-04,21,15.13
2020-02-04,22,13.56
2020-02-04,23,8.26
2020-02-04,24,5.84
2020-02-05,1,0.0
2020-02-05,2,0.0
2020-02-05,3,0.0
2020-02-05,4,0.0
2020-02-05,5,2.72
2020-02-05,6,20.02
2020-02-05,7,21.42
2020-02-05,8,21.82
2020-02-05,9,21.01
2020-02-05,10,20.25
2020-02-05,11,20.03
2020-02-05,12,20.06
2020-02-05,13,20.06
2020-02-05,14,16.74
2020-02-05,15,19.92
2020-02-05,16,19.62
2020-02-05,17,21.12
2020-02-05,18,21.35
2020-02-05,19,22.21
2020-02-05,20,21.08
2020-02-05,21,20.9
2020-02-05,22,20.95
2020-02-05,23,19.73
2020-02-05,24,21.98
2020-02-06,1,22.31
2020-02-06,2,7.13
2020-02-06,3,6.88
2020-02-06,4,13.94
2020-02-06,5,4.43
2020-02-06,6,14.09
2020-02-06,7,12.72
2020-02-06,8,20.48
2020-02-06,9,20.07
2020-02-06,10,20.26
2020-02-06,11,20.25
2020-02-06,12,20.06
2020-02-06,13,22.6
2020-02-06,14,21.13
2020-02-06,15,20.4
2020-02-06,16,19.25
2020-02-06,17,19.95
2020-02-06,18,21.11
2020-02-06,19,21.18
2020-02-06,20,20.74
2020-02-06,21,20.3
2020-02-06,22,18.85
2020-02-06,23,17.01
2020-02-06,24,6.87
2020-02-07,1,17.63
2020-02-07,2,0.41
2020-02-07,3,6.8
2020-02-07,4,12.72
2020-02-07,5,0.0
2020-02-07,6,-0.21
2020-02-07,7,0.05
2020-02-07,8,4.84
2020-02-07,9,12.73
2020-02-07,10,13.92
2020-02-07,11,20.09
2020-02-07,12,20.08
2020-02-07,13,16.91
2020-02-07,14,13.35
2020-02-07,15,9.02
2020-02-07,16,9.95
2020-02-07,17,12.75
2020-02-07,18,18.15
2020-02-07,19,23.7
2020-02-07,20,18.73
2020-02-07,21,17.64
2020-02-07,22,18.21
2020-02-07,23,21.26
2020-02-07,24,16.17
2020-02-08,1,15.81
2020-02-08,2,14.29
2020-02-08,3,13.35
2020-02-08,4,13.33
2020-02-08,5,13.36
2020-02-08,6,13.98
2020-02-08,7,17.82
2020-02-08,8,20.02
2020-02-08,9,20.02
2020-02-08,10,24.84
2020-02-08,11,75.56
2020-02-08,12,24.44
2020-02-08,13,25.45
2020-02-08,14,20.97
2020-02-08,15,20.73
2020-02-08,16,19.58
2020-02-08,17,18.59
2020-02-08,18,19.64
2020-02-08,19,21.19
2020-02-08,20,18.19
2020-02-08,21,17.82
2020-02-08,22,20.11
2020-02-08,23,19.17
2020-02-08,24,17.91
2020-02-09,1,20.62
2020-02-09,2,16.75
2020-02-09,3,13.68
2020-02-09,4,13.54
2020-02-09,5,14.62
2020-02-09,6,21.25
2020-02-09,7,20.27
2020-02-09,8,20.37
2020-02-09,9,19.78
2020-02-09,10,23.39
2020-02-09,11,22.18
2020-02-09,12,19.89
2020-02-09,13,14.69
2020-02-09,14,14.38
2020-02-09,15,13.36
2020-02-09,16,16.18
2020-02-09,17,13.38
2020-02-09,18,13.35
2020-02-09,19,11.49
2020-02-09,20,13.35
2020-02-09,21,11.5
2020-02-09,22,10.91
2020-02-09,23,9.24
2020-02-09,24,8.2
2020-02-10,1,6.96
2020-02-10,2,0.0
2020-02-10,3,3.56
2020-02-10,4,2.94
2020-02-10,5,1.74
2020-02-10,6,7.7
2020-02-10,7,16.28
2020-02-10,8,24.92
2020-02-10,9,52.09
2020-02-10,10,51.43
2020-02-10,11,20.21
2020-02-10,12,17.42
2020-02-10,13,17.08
2020-02-10,14,17.16
2020-02-10,15,18.41
2020-02-10,16,20.39
2020-02-10,17,21.32
2020-02-10,18,21.23
2020-02-10,19,20.4
2020-02-10,20,20.25
2020-02-10,21,29.7
2020-02-10,22,20.23
2020-02-10,23,17.65
2020-02-10,24,14.63
2020-02-11,1,15.41
2020-02-11,2,15.01
2020-02-11,3,13.35
2020-02-11,4,13.35
2020-02-11,5,13.34
2020-02-11,6,13.39
2020-02-11,7,18.38
2020-02-11,8,21.14
2020-02-11,9,20.73
2020-02-11,10,20.65
2020-02-11,11,20.39
2020-02-11,12,16.41
2020-02-11,13,14.28
2020-02-11,14,13.85
2020-02-11,15,19.2
2020-02-11,16,10.88
2020-02-11,17,6.33
2020-02-11,18,12.43
2020-02-11,19,13.73
2020-02-11,20,8.2
2020-02-11,21,7.62
2020-02-11,22,12.78
2020-02-11,23,10.87
2020-02-11,24,5.78
2020-02-12,1,13.35
2020-02-12,2,6.4
2020-02-12,3,5.79
2020-02-12,4,5.54
2020-02-12,5,2.02
2020-02-12,6,7.75
2020-02-12,7,15.59
2020-02-12,8,18.71
2020-02-12,9,14.05
2020-02-12,10,9.65
2020-02-12,11,5.69
2020-02-12,12,0.39
2020-02-12,13,1.53
2020-02-12,14,11.68
2020-02-12,15,3.43
2020-02-12,16,4.18
2020-02-12,17,12.99
2020-02-12,18,102.41
2020-02-12,19,40.7
2020-02-12,20,15.98
2020-02-12,21,38.85
2020-02-12,22,17.15
2020-02-12,23,5.17
2020-02-12,24,10.23
2020-02-13,1,34.35
2020-02-13,2,13.36
2020-02-13,3,12.72
2020-02-13,4,6.48
2020-02-13,5,14.57
2020-02-13,6,20.5
2020-02-13,7,20.41
2020-02-13,8,19.86
2020-02-13,9,20.54
2020-02-13,10,20.91
2020-02-13,11,20.33
2020-02-13,12,20.32
2020-02-13,13,20.32
2020-02-13,14,18.3
2020-02-13,15,19.13
2020-02-13,16,20.44
2020-02-13,17,19.31
2020-02-13,18,17.58
2020-02-13,19,20.4
2020-02-13,20,20.36
2020-02-13,21,20.6
2020-02-13,22,20.3
2020-02-13,23,16.12
2020-02-13,24,13.74
2020-02-14,1,14.65
2020-02-14,2,14.82
2020-02-14,3,15.91
2020-02-14,4,15.92
2020-02-14,5,15.93
2020-02-14,6,20.25
2020-02-14,7,20.59
2020-02-14,8,34.43
2020-02-14,9,21.31
2020-02-14,10,57.97
2020-02-14,11,22.71
2020-02-14,12,21.43
2020-02-14,13,19.42
2020-02-14,14,20.45
2020-02-14,15,19.48
2020-02-14,16,18.23
2020-02-14,17,18.46
2020-02-14,18,21.1
2020-02-14,19,21.91
2020-02-14,20,20.1
2020-02-14,21,20.12
2020-02-14,22,20.31
2020-02-14,23,18.41
2020-02-14,24,18.14
2020-02-15,1,21.37
2020-02-15,2,19.41
2020-02-15,3,18.79
2020-02-15,4,15.53
2020-02-15,5,13.35
2020-02-15,6,8.87
2020-02-15,7,9.73
2020-02-15,8,13.35
2020-02-15,9,13.58
2020-02-15,10,11.5
2020-02-15,11,2.29
2020-02-15,12,0.0
2020-02-15,13,5.07
2020-02-15,14,13.33
2020-02-15,15,9.6
2020-02-15,16,6.98
2020-02-15,17,3.45
2020-02-15,18,9.49
2020-02-15,19,5.85
2020-02-15,20,5.3
2020-02-15,21,7.74
2020-02-15,22,8.99
2020-02-15,23,8.49
2020-02-15,24,5.28
2020-02-16,1,0.0
2020-02-16,2,0.0
2020-02-16,3,0.49
2020-02-16,4,10.83
2020-02-16,5,8.27
2020-02-16,6,13.24
2020-02-16,7,14.92
2020-02-16,8,13.34
2020-02-16,9,13.06
2020-02-16,10,14.52
2020-02-16,11,5.16
2020-02-16,12,6.5
2020-02-16,13,10.64
2020-02-16,14,5.8
2020-02-16,15,12.71
2020-02-16,16,12.09
2020-02-16,17,12.48
2020-02-16,18,16.87
2020-02-16,19,16.75
2020-02-16,20,15.1
2020-02-16,21,15.7
2020-02-16,22,17.99
2020-02-16,23,30.86
2020-02-16,24,13.35
2020-02-17,1,24.48
2020-02-17,2,12.73
2020-02-17,3,13.33
2020-02-17,4,5.6
2020-02-17,5,14.79
2020-02-17,6,16.85
2020-02-17,7,20.01
2020-02-17,8,19.03
2020-02-17,9,13.34
2020-02-17,10,19.81
2020-02-17,11,19.98
2020-02-17,12,19.99
2020-02-17,13,19.47
2020-02-17,14,13.95
2020-02-17,15,8.48
2020-02-17,16,6.87
2020-02-17,17,13.91
2020-02-17,18,17.29
2020-02-17,19,17.31
2020-02-17,20,15.14
2020-02-17,21,12.06
2020-02-17,22,13.13
2020-02-17,23,7.04
2020-02-17,24,1.27
2020-02-18,1,0.0
2020-02-18,2,4.72
2020-02-18,3,0.0
2020-02-18,4,0.0
2020-02-18,5,1.39
2020-02-18,6,14.7
2020-02-18,7,5.64
2020-02-18,8,3.3
2020-02-18,9,11.5
2020-02-18,10,69.51
2020-02-18,11,15.65
2020-02-18,12,10.24
2020-02-18,13,7.09
2020-02-18,14,3.4
2020-02-18,15,0.0
2020-02-18,16,16.39
2020-02-18,17,15.32
2020-02-18,18,15.0
2020-02-18,19,13.07
2020-02-18,20,13.36
2020-02-18,21,10.84
2020-02-18,22,15.08
2020-02-18,23,16.8
2020-02-18,24,5.92
2020-02-19,1,1.73
2020-02-19,2,2.3
2020-02-19,3,13.37
2020-02-19,4,13.44
2020-02-19,5,0.0
2020-02-19,6,0.0
2020-02-19,7,7.58
2020-02-19,8,19.37
2020-02-19,9,19.51
2020-02-19,10,15.28
2020-02-19,11,17.78
2020-02-19,12,19.77
2020-02-19,13,18.74
2020-02-19,14,2.84
2020-02-19,15,5.36
2020-02-19,16,7.83
2020-02-19,17,16.15
2020-02-19,18,18.75
2020-02-19,19,22.0
2020-02-19,20,21.78
2020-02-19,21,20.83
2020-02-19,22,19.94
2020-02-19,23,16.36
2020-02-19,24,13.26
2020-02-20,1,14.97
2020-02-20,2,13.35
2020-02-20,3,12.17
2020-02-20,4,15.82
2020-02-20,5,14.12
2020-02-20,6,20.68
2020-02-20,7,25.14
2020-02-20,8,22.27
2020-02-20,9,22.21
2020-02-20,10,21.54
2020-02-20,11,21.42
2020-02-20,12,22.8
2020-02-20,13,23.48
2020-02-20,14,21.61
2020-02-20,15,17.25
2020-02-20,16,17.44
2020-02-20,17,19.25
2020-02-20,18,21.92
2020-02-20,19,23.22
2020-02-20,20,23.1
2020-02-20,21,23.27
2020-02-20,22,25.03
2020-02-20,23,21.86
2020-02-20,24,17.32
2020-02-21,1,14.69
2020-02-21,2,16.24
2020-02-21,3,13.37
2020-02-21,4,12.96
2020-02-21,5,13.87
2020-02-21,6,15.26
2020-02-21,7,15.75
2020-02-21,8,21.21
2020-02-21,9,17.92
2020-02-21,10,9.33
2020-02-21,11,11.94
2020-02-21,12,0.0
2020-02-21,13,0.0
2020-02-21,14,0.0
2020-02-21,15,0.0
2020-02-21,16,0.0
2020-02-21,17,0.0
2020-02-21,18,2.08
2020-02-21,19,5.88
2020-02-21,20,2.32
2020-02-21,21,2.22
2020-02-21,22,4.24
2020-02-21,23,12.07
2020-02-21,24,5.18
2020-02-22,1,2.28
2020-02-22,2,2.91
2020-02-22,3,3.94
2020-02-22,4,0.0
2020-02-22,5,0.0
2020-02-22,6,0.0
2020-02-22,7,0.47
2020-02-22,8,3.71
2020-02-22,9,0.0
2020-02-22,10,0.0
2020-02-22,11,4.73
2020-02-22,12,5.69
2020-02-22,13,4.94
2020-02-22,14,0.0
2020-02-22,15,0.0
2020-02-22,16,0.0
2020-02-22,17,1.39
2020-02-22,18,0.94
2020-02-22,19,1.63
2020-02-22,20,4.31
2020-02-22,21,1.87
2020-02-22,22,4.37
2020-02-22,23,3.42
2020-02-22,24,0.48
2020-02-23,1,1.77
2020-02-23,2,2.46
2020-02-23,3,0.0
2020-02-23,4,5.76
2020-02-23,5,0.79
2020-02-23,6,5.12
2020-02-23,7,5.34
2020-02-23,8,4.85
2020-02-23,9,0.0
2020-02-23,10,0.0
2020-02-23,11,0.0
2020-02-23,12,0.0
2020-02-23,13,3.77
2020-02-23,14,0.0
2020-02-23,15,0.0
2020-02-23,16,0.0
2020-02-23,17,0.0
2020-02-23,18,0.0
2020-02-23,19,0.0
2020-02-23,20,2.38
2020-02-23,21,1.92
2020-02-23,22,3.35
2020-02-23,23,2.36
2020-02-23,24,0.0
2020-02-24,1,0.0
2020-02-24,2,0.0
2020-02-24,3,0.0
2020-02-24,4,0.0
2020-02-24,5,0.0
2020-02-24,6,1.95
2020-02-24,7,14.82
2020-02-24,8,18.8
2020-02-24,9,19.86
2020-02-24,10,19.41
2020-02-24,11,17.76
2020-02-24,12,16.9
2020-02-24,13,15.86
2020-02-24,14,16.17
2020-02-24,15,21.29
2020-02-24,16,21.25
2020-02-24,17,20.58
2020-02-24,18,21.17
2020-02-24,19,21.76
2020-02-24,20,21.37
2020-02-24,21,20.37
2020-02-24,22,25.07
2020-02-24,23,16.82
2020-02-24,24,14.52
2020-02-25,1,8.29
2020-02-25,2,4.18
2020-02-25,3,3.81
2020-02-25,4,2.58
2020-02-25,5,0.0
2020-02-25,6,0.0
2020-02-25,7,14.44
2020-02-25,8,20.15
2020-02-25,9,20.0
2020-02-25,10,19.79
2020-02-25,11,19.9
2020-02-25,12,19.93
2020-02-25,13,19.89
2020-02-25,14,19.89
2020-02-25,15,12.8
2020-02-25,16,11.28
2020-02-25,17,12.06
2020-02-25,18,13.6
2020-02-25,19,21.53
2020-02-25,20,21.18
2020-02-25,21,13.36
2020-02-25,22,17.57
2020-02-25,23,5.19
2020-02-25,24,2.73
2020-02-26,1,1.58
2020-02-26,2,4.09
2020-02-26,3,4.48
2020-02-26,4,5.18
2020-02-26,5,0.0
2020-02-26,6,2.75
2020-02-26,7,14.66
2020-02-26,8,19.69
2020-02-26,9,20.13
2020-02-26,10,40.01
2020-02-26,11,23.58
2020-02-26,12,20.04
2020-02-26,13,19.84
2020-02-26,14,19.99
2020-02-26,15,20.53
2020-02-26,16,21.53
2020-02-26,17,20.6
2020-02-26,18,19.41
2020-02-26,19,19.12
2020-02-26,20,16.56
2020-02-26,21,18.53
2020-02-26,22,22.73
2020-02-26,23,21.29
2020-02-26,24,16.58
2020-02-27,1,19.96
2020-02-27,2,13.54
2020-02-27,3,7.9
2020-02-27,4,4.94
2020-02-27,5,1.16
2020-02-27,6,3.35
2020-02-27,7,6.7
2020-02-27,8,15.98
2020-02-27,9,16.8
2020-02-27,10,23.58
2020-02-27,11,28.65
2020-02-27,12,32.22
2020-02-27,13,15.94
2020-02-27,14,15.6
2020-02-27,15,15.71
2020-02-27,16,15.77
2020-02-27,17,12.5
2020-02-27,18,16.2
2020-02-27,19,33.03
2020-02-27,20,18.89
2020-02-27,21,18.51
2020-02-27,22,18.61
2020-02-27,23,18.04
2020-02-27,24,9.44
2020-02-28,1,10.23
2020-02-28,2,7.09
2020-02-28,3,5.7
2020-02-28,4,6.56
2020-02-28,5,4.03
2020-02-28,6,6.77
2020-02-28,7,11.14
2020-02-28,8,20.5
2020-02-28,9,21.64
2020-02-28,10,23.64
2020-02-28,11,24.54
2020-02-28,12,15.93
2020-02-28,13,14.25
2020-02-28,14,13.35
2020-02-28,15,13.35
2020-02-28,16,14.88
2020-02-28,17,16.73
2020-02-28,18,20.75
2020-02-28,19,19.77
2020-02-28,20,16.03
2020-02-28,21,18.73
2020-02-28,22,17.42
2020-02-28,23,19.72
2020-02-28,24,17.49
2020-02-29,1,17.4
2020-02-29,2,18.18
2020-02-29,3,19.14
2020-02-29,4,18.66
2020-02-29,5,18.16
2020-02-29,6,19.04
2020-02-29,7,26.56
2020-02-29,8,20.97
2020-02-29,9,19.85
2020-02-29,10,24.29
2020-02-29,11,19.32
2020-02-29,12,18.75
2020-02-29,13,15.5
2020-02-29,14,15.85
2020-02-29,15,13.34
2020-02-29,16,13.34
2020-02-29,17,14.77
2020-02-29,18,18.24
2020-02-29,19,20.23
2020-02-29,20,20.29
2020-02-29,21,18.01
2020-02-29,22,17.08
2020-02-29,23,15.6
2020-02-29,24,19.41
2020-03-01,1,19.08
2020-03-01,2,19.85
2020-03-01,3,19.7
2020-03-01,4,17.17
2020-03-01,5,21.75
2020-03-01,6,32.44
2020-03-01,7,32.5
2020-03-01,8,17.58
2020-03-01,9,18.68
2020-03-01,10,24.65
2020-03-01,11,30.16
2020-03-01,12,20.56
2020-03-01,13,6.91
2020-03-01,14,0.47
2020-03-01,15,5.44
2020-03-01,16,7.66
2020-03-01,17,12.55
2020-03-01,18,16.89
2020-03-01,19,16.87
2020-03-01,20,14.37
2020-03-01,21,8.48
2020-03-01,22,5.99
2020-03-01,23,0.89
2020-03-01,24,0.0
2020-03-02,1,0.0
2020-03-02,2,0.0
2020-03-02,3,0.0
2020-03-02,4,0.0
2020-03-02,5,0.0
2020-03-02,6,0.0
2020-03-02,7,0.39
2020-03-02,8,1.68
2020-03-02,9,2.67
2020-03-02,10,13.34
2020-03-02,11,13.43
2020-03-02,12,15.06
2020-03-02,13,18.5
2020-03-02,14,18.92
2020-03-02,15,16.99
2020-03-02,16,18.13
2020-03-02,17,20.13
2020-03-02,18,17.86
2020-03-02,19,20.08
2020-03-02,20,18.94
2020-03-02,21,21.18
2020-03-02,22,27.37
2020-03-02,23,31.4
2020-03-02,24,21.45
2020-03-03,1,5.24
2020-03-03,2,13.33
2020-03-03,3,13.35
2020-03-03,4,14.57
2020-03-03,5,15.64
2020-03-03,6,18.54
2020-03-03,7,18.84
2020-03-03,8,20.32
2020-03-03,9,19.9
2020-03-03,10,20.18
2020-03-03,11,24.35
2020-03-03,12,45.49
2020-03-03,13,54.4
2020-03-03,14,49.03
2020-03-03,15,26.58
2020-03-03,16,19.05
2020-03-03,17,13.68
2020-03-03,18,14.77
2020-03-03,19,15.3
2020-03-03,20,17.24
2020-03-03,21,18.47
2020-03-03,22,15.13
2020-03-03,23,9.19
2020-03-03,24,0.0
2020-03-04,1,0.0
2020-03-04,2,0.0
2020-03-04,3,0.0
2020-03-04,4,0.0
2020-03-04,5,0.0
2020-03-04,6,2.02
2020-03-04,7,7.28
2020-03-04,8,13.22
2020-03-04,9,13.54
2020-03-04,10,13.85
2020-03-04,11,17.45
2020-03-04,12,19.33
2020-03-04,13,22.47
2020-03-04,14,16.33
2020-03-04,15,12.11
2020-03-04,16,15.39
2020-03-04,17,18.17
2020-03-04,18,22.32
2020-03-04,19,49.54
2020-03-04,20,19.55
2020-03-04,21,19.61
2020-03-04,22,17.47
2020-03-04,23,28.81
2020-03-04,24,15.72
2020-03-05,1,31.42
2020-03-05,2,19.58
2020-03-05,3,19.82
2020-03-05,4,20.1
2020-03-05,5,15.91
2020-03-05,6,15.32
2020-03-05,7,19.62
2020-03-05,8,18.44
2020-03-05,9,17.11
2020-03-05,10,14.25
2020-03-05,11,19.31
2020-03-05,12,19.32
2020-03-05,13,19.23
2020-03-05,14,19.03
2020-03-05,15,13.87
2020-03-05,16,16.29
2020-03-05,17,16.06
2020-03-05,18,15.27
2020-03-05,19,14.61
2020-03-05,20,16.73
2020-03-05,21,17.26
2020-03-05,22,17.36
2020-03-05,23,72.65
2020-03-05,24,37.28
2020-03-06,1,22.3
2020-03-06,2,17.61
2020-03-06,3,13.37
2020-03-06,4,13.36
2020-03-06,5,16.5
2020-03-06,6,6.74
2020-03-06,7,12.57
2020-03-06,8,20.44
2020-03-06,9,26.7
2020-03-06,10,37.82
2020-03-06,11,18.95
2020-03-06,12,15.66
2020-03-06,13,11.33
2020-03-06,14,13.87
2020-03-06,15,11.38
2020-03-06,16,15.34
2020-03-06,17,35.32
2020-03-06,18,18.71
2020-03-06,19,17.01
2020-03-06,20,16.05
2020-03-06,21,16.62
2020-03-06,22,13.69
2020-03-06,23,14.82
2020-03-06,24,12.72
2020-03-07,1,13.66
2020-03-07,2,14.2
2020-03-07,3,14.39
2020-03-07,4,21.82
2020-03-07,5,21.44
2020-03-07,6,21.04
2020-03-07,7,32.72
2020-03-07,8,19.43
2020-03-07,9,18.57
2020-03-07,10,18.54
2020-03-07,11,18.54
2020-03-07,12,18.55
2020-03-07,13,18.7
2020-03-07,14,14.32
2020-03-07,15,13.97
2020-03-07,16,14.22
2020-03-07,17,16.04
2020-03-07,18,16.12
2020-03-07,19,16.79
2020-03-07,20,14.79
2020-03-07,21,13.77
2020-03-07,22,10.24
2020-03-07,23,7.02
2020-03-07,24,1.5
2020-03-08,1,3.25
2020-03-08,2,6.27
2020-03-08,3,0.41
2020-03-08,4,5.51
2020-03-08,5,5.71
2020-03-08,6,0.0
2020-03-08,7,0.0
2020-03-08,8,0.0
2020-03-08,9,1.74
2020-03-08,10,1.26
2020-03-08,11,0.0
2020-03-08,12,0.0
2020-03-08,13,0.0
2020-03-08,14,0.0
2020-03-08,15,0.0
2020-03-08,16,0.9
2020-03-08,17,6.81
2020-03-08,18,4.37
2020-03-08,19,9.25
2020-03-08,20,2.65
2020-03-08,21,0.85
2020-03-08,22,1.31
2020-03-08,23,0.0
2020-03-08,24,0.0
2020-03-09,1,0.0
2020-03-09,2,0.0
2020-03-09,3,0.0
2020-03-09,4,0.0
2020-03-09,5,0.0
2020-03-09,6,2.51
2020-03-09,7,5.49
2020-03-09,8,0.0
2020-03-09,9,0.0
2020-03-09,10,0.0
2020-03-09,11,0.0
2020-03-09,12,0.0
2020-03-09,13,0.0
2020-03-09,14,1.4
2020-03-09,15,2.33
2020-03-09,16,2.45
2020-03-09,17,12.84
2020-03-09,18,5.11
2020-03-09,19,4.72
2020-03-09,20,0.83
2020-03-09,21,3.83
2020-03-09,22,4.58
2020-03-09,23,1.46
2020-03-09,24,0.82
2020-03-10,1,0.0
2020-03-10,2,0.0
2020-03-10,3,0.0
2020-03-10,4,0.0
2020-03-10,5,0.0
2020-03-10,6,0.98
2020-03-10,7,6.33
2020-03-10,8,9.76
2020-03-10,9,5.58
2020-03-10,10,1.52
2020-03-10,11,2.26
2020-03-10,12,14.27
2020-03-10,13,13.97
2020-03-10,14,16.74
2020-03-10,15,15.69
2020-03-10,16,18.27
2020-03-10,17,13.46
2020-03-10,18,14.44
2020-03-10,19,32.55
2020-03-10,20,48.79
2020-03-10,21,18.16
2020-03-10,22,17.56
2020-03-10,23,18.0
2020-03-10,24,38.05
2020-03-11,1,43.26
2020-03-11,2,26.77
2020-03-11,3,14.0
2020-03-11,4,15.62
2020-03-11,5,19.65
2020-03-11,6,19.43
2020-03-11,7,30.11
2020-03-11,8,20.49
2020-03-11,9,20.43
2020-03-11,10,20.3
2020-03-11,11,20.41
2020-03-11,12,20.42
2020-03-11,13,17.36
2020-03-11,14,16.18
2020-03-11,15,19.91
2020-03-11,16,24.64
2020-03-11,17,24.68
2020-03-11,18,19.04
2020-03-11,19,22.57
2020-03-11,20,40.84
2020-03-11,21,41.7
2020-03-11,22,19.68
2020-03-11,23,15.41
2020-03-11,24,19.4
2020-03-12,1,16.58
2020-03-12,2,20.09
2020-03-12,3,14.58
2020-03-12,4,13.35
2020-03-12,5,10.19
2020-03-12,6,19.49
2020-03-12,7,23.58
2020-03-12,8,27.59
2020-03-12,9,24.5
2020-03-12,10,21.82
2020-03-12,11,18.51
2020-03-12,12,18.89
2020-03-12,13,14.74
2020-03-12,14,16.68
2020-03-12,15,20.09
2020-03-12,16,23.93
2020-03-12,17,14.15
2020-03-12,18,11.61
2020-03-12,19,11.14
2020-03-12,20,10.86
2020-03-12,21,11.43
2020-03-12,22,3.55
2020-03-12,23,11.51
2020-03-12,24,17.32
2020-03-13,1,5.28
2020-03-13,2,0.0
2020-03-13,3,0.0
2020-03-13,4,0.0
2020-03-13,5,0.0
2020-03-13,6,1.37
2020-03-13,7,9.19
2020-03-13,8,13.35
2020-03-13,9,7.25
2020-03-13,10,5.65
2020-03-13,11,11.5
2020-03-13,12,9.76
2020-03-13,13,5.52
2020-03-13,14,12.73
2020-03-13,15,5.86
2020-03-13,16,2.63
2020-03-13,17,3.3
2020-03-13,18,2.19
2020-03-13,19,7.08
2020-03-13,20,10.31
2020-03-13,21,3.72
2020-03-13,22,2.82
2020-03-13,23,0.89
2020-03-13,24,1.65
2020-03-14,1,5.22
2020-03-14,2,1.65
2020-03-14,3,4.79
2020-03-14,4,5.57
2020-03-14,5,12.36
2020-03-14,6,12.06
2020-03-14,7,16.15
2020-03-14,8,16.65
2020-03-14,9,18.57
2020-03-14,10,18.17
2020-03-14,11,19.52
2020-03-14,12,18.76
2020-03-14,13,17.28
2020-03-14,14,15.02
2020-03-14,15,14.92
2020-03-14,16,17.32
2020-03-14,17,21.02
2020-03-14,18,19.26
2020-03-14,19,19.18
2020-03-14,20,13.36
2020-03-14,21,16.32
2020-03-14,22,19.14
2020-03-14,23,16.68
2020-03-14,24,16.27
2020-03-15,1,13.34
2020-03-15,2,13.34
2020-03-15,3,13.33
2020-03-15,4,13.36
2020-03-15,5,13.34
2020-03-15,6,13.6
2020-03-15,7,13.34
2020-03-15,8,17.37
2020-03-15,9,13.34
2020-03-15,10,13.33
2020-03-15,11,13.36
2020-03-15,12,14.82
2020-03-15,13,11.61
2020-03-15,14,13.36
2020-03-15,15,10.89
2020-03-15,16,11.49
2020-03-15,17,11.83
2020-03-15,18,12.49
2020-03-15,19,22.47
2020-03-15,20,21.92
2020-03-15,21,18.54
2020-03-15,22,15.6
2020-03-15,23,17.0
2020-03-15,24,20.4
2020-03-16,1,14.58
2020-03-16,2,13.36
2020-03-16,3,12.75
2020-03-16,4,11.01
2020-03-16,5,10.87
2020-03-16,6,16.44
2020-03-16,7,20.08
2020-03-16,8,19.76
2020-03-16,9,20.89
2020-03-16,10,20.92
2020-03-16,11,33.82
2020-03-16,12,21.15
2020-03-16,13,20.41
2020-03-16,14,20.28
2020-03-16,15,17.98
2020-03-16,16,18.52
2020-03-16,17,35.61
2020-03-16,18,30.17
2020-03-16,19,18.17
2020-03-16,20,18.39
2020-03-16,21,19.24
2020-03-16,22,17.55
2020-03-16,23,18.48
2020-03-16,24,17.69
2020-03-17,1,13.62
2020-03-17,2,7.45
2020-03-17,3,3.45
2020-03-17,4,2.5
2020-03-17,5,7.75
2020-03-17,6,5.49
2020-03-17,7,19.28
2020-03-17,8,17.36
2020-03-17,9,18.64
2020-03-17,10,18.42
2020-03-17,11,21.77
2020-03-17,12,19.45
2020-03-17,13,18.57
2020-03-17,14,14.78
2020-03-17,15,14.01
2020-03-17,16,15.77
2020-03-17,17,19.44
2020-03-17,18,14.64
2020-03-17,19,16.11
2020-03-17,20,21.86
2020-03-17,21,17.78
2020-03-17,22,18.15
2020-03-17,23,66.08
2020-03-17,24,27.12
2020-03-18,1,28.6
2020-03-18,2,18.86
2020-03-18,3,16.39
2020-03-18,4,2.92
2020-03-18,5,7.03
2020-03-18,6,20.04
2020-03-18,7,20.2
2020-03-18,8,20.17
2020-03-18,9,14.03
2020-03-18,10,19.74
2020-03-18,11,20.19
2020-03-18,12,26.02
2020-03-18,13,32.94
2020-03-18,14,32.3
2020-03-18,15,27.08
2020-03-18,16,18.56
2020-03-18,17,18.94
2020-03-18,18,18.28
2020-03-18,19,17.36
2020-03-18,20,13.45
2020-03-18,21,15.52
2020-03-18,22,16.21
2020-03-18,23,15.59
2020-03-18,24,13.35
2020-03-19,1,13.35
2020-03-19,2,13.33
2020-03-19,3,17.35
2020-03-19,4,13.76
2020-03-19,5,13.68
2020-03-19,6,18.33
2020-03-19,7,19.7
2020-03-19,8,18.3
2020-03-19,9,17.95
2020-03-19,10,19.09
2020-03-19,11,19.05
2020-03-19,12,24.28
2020-03-19,13,22.68
2020-03-19,14,23.34
2020-03-19,15,16.2
2020-03-19,16,17.04
2020-03-19,17,14.82
2020-03-19,18,11.2
2020-03-19,19,7.68
2020-03-19,20,1.4
2020-03-19,21,2.77
2020-03-19,22,6.51
2020-03-19,23,2.57
2020-03-19,24,0.41
2020-03-20,1,0.0
2020-03-20,2,0.0
2020-03-20,3,0.0
2020-03-20,4,0.0
2020-03-20,5,0.0
2020-03-20,6,0.0
2020-03-20,7,6.9
2020-03-20,8,5.82
2020-03-20,9,7.65
2020-03-20,10,3.0
2020-03-20,11,0.0
2020-03-20,12,1.81
2020-03-20,13,0.0
2020-03-20,14,0.0
2020-03-20,15,0.0
2020-03-20,16,2.33
2020-03-20,17,5.06
2020-03-20,18,4.1
2020-03-20,19,6.86
2020-03-20,20,5.85
2020-03-20,21,7.79
2020-03-20,22,9.12
2020-03-20,23,11.01
2020-03-20,24,6.31
2020-03-21,1,7.5
2020-03-21,2,12.18
2020-03-21,3,14.06
2020-03-21,4,1.34
2020-03-21,5,3.46
2020-03-21,6,12.26
2020-03-21,7,16.46
2020-03-21,8,14.39
2020-03-21,9,16.99
2020-03-21,10,16.27
2020-03-21,11,17.93
2020-03-21,12,18.12
2020-03-21,13,17.15
2020-03-21,14,13.34
2020-03-21,15,7.83
2020-03-21,16,11.33
2020-03-21,17,18.88
2020-03-21,18,39.21
2020-03-21,19,38.98
2020-03-21,20,74.21
2020-03-21,21,40.3
2020-03-21,22,43.59
2020-03-21,23,16.5
2020-03-21,24,21.29
2020-03-22,1,17.3
2020-03-22,2,13.34
2020-03-22,3,13.36
2020-03-22,4,13.35
2020-03-22,5,13.36
2020-03-22,6,13.36
2020-03-22,7,10.96
2020-03-22,8,7.89
2020-03-22,9,10.34
2020-03-22,10,4.05
2020-03-22,11,6.4
2020-03-22,12,7.57
2020-03-22,13,6.99
2020-03-22,14,6.26
2020-03-22,15,10.5
2020-03-22,16,13.1
2020-03-22,17,14.38
2020-03-22,18,12.73
2020-03-22,19,16.35
2020-03-22,20,14.34
2020-03-22,21,9.73
2020-03-22,22,8.47
2020-03-22,23,13.84
2020-03-22,24,13.45
2020-03-23,1,18.03
2020-03-23,2,14.07
2020-03-23,3,15.27
2020-03-23,4,13.35
2020-03-23,5,11.14
2020-03-23,6,17.73
2020-03-23,7,17.02
2020-03-23,8,18.89
2020-03-23,9,19.03
2020-03-23,10,19.32
2020-03-23,11,19.4
2020-03-23,12,19.74
2020-03-23,13,20.0
2020-03-23,14,19.44
2020-03-23,15,18.24
2020-03-23,16,20.08
2020-03-23,17,19.23
2020-03-23,18,14.94
2020-03-23,19,16.16
2020-03-23,20,16.34
2020-03-23,21,14.29
2020-03-23,22,14.3
2020-03-23,23,11.62
2020-03-23,24,12.23
2020-03-24,1,15.47
2020-03-24,2,14.93
2020-03-24,3,18.84
2020-03-24,4,17.92
2020-03-24,5,17.96
2020-03-24,6,18.27
2020-03-24,7,18.48
2020-03-24,8,19.0
2020-03-24,9,18.89
2020-03-24,10,18.88
2020-03-24,11,19.12
2020-03-24,12,18.97
2020-03-24,13,17.16
2020-03-24,14,18.96
2020-03-24,15,17.17
2020-03-24,16,18.0
2020-03-24,17,19.17
2020-03-24,18,17.93
2020-03-24,19,17.72
2020-03-24,20,17.55
2020-03-24,21,17.61
2020-03-24,22,18.12
2020-03-24,23,14.09
2020-03-24,24,17.65
2020-03-25,1,14.19
2020-03-25,2,13.79
2020-03-25,3,13.35
2020-03-25,4,12.18
2020-03-25,5,14.16
2020-03-25,6,18.1
2020-03-25,7,14.04
2020-03-25,8,15.07
2020-03-25,9,18.24
2020-03-25,10,19.45
2020-03-25,11,19.06
2020-03-25,12,16.1
2020-03-25,13,14.66
2020-03-25,14,10.81
2020-03-25,15,10.25
2020-03-25,16,14.36
2020-03-25,17,18.63
2020-03-25,18,15.27
2020-03-25,19,18.11
2020-03-25,20,13.6
2020-03-25,21,10.64
2020-03-25,22,1.44
2020-03-25,23,-0.01
2020-03-25,24,0.0
2020-03-26,1,0.0
2020-03-26,2,0.0
2020-03-26,3,0.0
2020-03-26,4,0.0
2020-03-26,5,0.0
2020-03-26,6,0.0
2020-03-26,7,0.0
2020-03-26,8,0.0
2020-03-26,9,0.0
2020-03-26,10,0.0
2020-03-26,11,2.09
2020-03-26,12,14.29
2020-03-26,13,10.33
2020-03-26,14,5.94
2020-03-26,15,8.45
2020-03-26,16,16.36
2020-03-26,17,18.05
2020-03-26,18,16.51
2020-03-26,19,14.75
2020-03-26,20,14.18
2020-03-26,21,20.97
2020-03-26,22,23.95
2020-03-26,23,13.86
2020-03-26,24,13.56
2020-03-27,1,14.37
2020-03-27,2,14.34
2020-03-27,3,14.82
2020-03-27,4,14.36
2020-03-27,5,16.06
2020-03-27,6,18.59
2020-03-27,7,18.84
2020-03-27,8,18.46
2020-03-27,9,20.78
2020-03-27,10,18.74
2020-03-27,11,18.03
2020-03-27,12,14.83
2020-03-27,13,12.81
2020-03-27,14,14.22
2020-03-27,15,10.58
2020-03-27,16,13.46
2020-03-27,17,15.34
2020-03-27,18,14.95
2020-03-27,19,24.09
2020-03-27,20,16.29
2020-03-27,21,13.99
2020-03-27,22,9.04
2020-03-27,23,9.14
2020-03-27,24,1.42
2020-03-28,1,0.0
2020-03-28,2,0.0
2020-03-28,3,0.0
2020-03-28,4,0.0
2020-03-28,5,0.0
2020-03-28,6,0.0
2020-03-28,7,0.0
2020-03-28,8,0.0
2020-03-28,9,3.66
2020-03-28,10,13.39
2020-03-28,11,19.82
2020-03-28,12,22.45
2020-03-28,13,13.45
2020-03-28,14,10.93
2020-03-28,15,13.34
2020-03-28,16,33.35
2020-03-28,17,157.38
2020-03-28,18,36.93
2020-03-28,19,13.33
2020-03-28,20,5.85
2020-03-28,21,0.41
2020-03-28,22,0.0
2020-03-28,23,-0.02
2020-03-28,24,-0.02
2020-03-29,1,0.0
2020-03-29,2,0.0
2020-03-29,3,0.0
2020-03-29,4,0.0
2020-03-29,5,0.0
2020-03-29,6,0.0
2020-03-29,7,0.0
2020-03-29,8,1.35
2020-03-29,9,0.0
2020-03-29,10,0.0
2020-03-29,11,0.0
2020-03-29,12,4.73
2020-03-29,13,0.0
2020-03-29,14,0.0
2020-03-29,15,0.0
2020-03-29,16,2.7
2020-03-29,17,3.88
2020-03-29,18,0.0
2020-03-29,19,0.0
2020-03-29,20,0.0
2020-03-29,21,0.0
2020-03-29,22,0.0
2020-03-29,23,0.0
2020-03-29,24,0.0
2020-03-30,1,0.0
2020-03-30,2,0.0
2020-03-30,3,-0.01
2020-03-30,4,0.0
2020-03-30,5,0.0
2020-03-30,6,0.0
2020-03-30,7,0.0
2020-03-30,8,0.41
2020-03-30,9,0.0
2020-03-30,10,0.0
2020-03-30,11,5.03
2020-03-30,12,0.41
2020-03-30,13,6.76
2020-03-30,14,5.87
2020-03-30,15,0.41
2020-03-30,16,8.75
2020-03-30,17,18.09
2020-03-30,18,15.29
2020-03-30,19,13.35
2020-03-30,20,21.33
2020-03-30,21,16.27
2020-03-30,22,11.54
2020-03-30,23,12.73
2020-03-30,24,13.33
2020-03-31,1,9.82
2020-03-31,2,10.32
2020-03-31,3,5.26
2020-03-31,4,5.69
2020-03-31,5,2.15
2020-03-31,6,5.49
2020-03-31,7,13.52
2020-03-31,8,14.45
2020-03-31,9,13.99
2020-03-31,10,15.84
2020-03-31,11,17.36
2020-03-31,12,17.71
2020-03-31,13,17.17
2020-03-31,14,14.19
2020-03-31,15,13.37
2020-03-31,16,13.35
2020-03-31,17,13.38
2020-03-31,18,13.37
2020-03-31,19,13.33
2020-03-31,20,11.31
2020-03-31,21,13.34
2020-03-31,22,10.22
2020-03-31,23,8.78
2020-03-31,24,6.09
2020-04-01,1,5.49
2020-04-01,2,0.41
2020-04-01,3,7.55
2020-04-01,4,13.33
2020-04-01,5,13.33
2020-04-01,6,14.0
2020-04-01,7,13.35
2020-04-01,8,11.56
2020-04-01,9,7.81
2020-04-01,10,5.84
2020-04-01,11,13.31
2020-04-01,12,14.52
2020-04-01,13,13.35
2020-04-01,14,13.32
2020-04-01,15,13.32
2020-04-01,16,7.93
2020-04-01,17,5.08
2020-04-01,18,5.96
2020-04-01,19,17.6
2020-04-01,20,26.32
2020-04-01,21,22.09
2020-04-01,22,12.18
2020-04-01,23,7.28
2020-04-01,24,5.4
2020-04-02,1,0.0
2020-04-02,2,0.0
2020-04-02,3,1.63
2020-04-02,4,4.37
2020-04-02,5,0.41
2020-04-02,6,8.99
2020-04-02,7,4.77
2020-04-02,8,6.78
2020-04-02,9,12.76
2020-04-02,10,3.52
2020-04-02,11,0.86
2020-04-02,12,3.39
2020-04-02,13,0.41
2020-04-02,14,-0.01
2020-04-02,15,0.0
2020-04-02,16,0.0
2020-04-02,17,0.41
2020-04-02,18,3.68
2020-04-02,19,2.23
2020-04-02,20,0.0
2020-04-02,21,0.0
2020-04-02,22,7.6
2020-04-02,23,7.85
2020-04-02,24,2.39
2020-04-03,1,0.4
2020-04-03,2,0.47
2020-04-03,3,12.73
2020-04-03,4,5.28
2020-04-03,5,0.4
2020-04-03,6,3.82
2020-04-03,7,9.68
2020-04-03,8,12.18
2020-04-03,9,12.74
2020-04-03,10,12.79
2020-04-03,11,13.3
2020-04-03,12,12.72
2020-04-03,13,13.32
2020-04-03,14,9.24
2020-04-03,15,2.66
2020-04-03,16,14.15
2020-04-03,17,16.16
2020-04-03,18,13.36
2020-04-03,19,18.73
2020-04-03,20,13.89
2020-04-03,21,12.73
2020-04-03,22,10.83
2020-04-03,23,12.14
2020-04-03,24,13.38
2020-04-04,1,14.17
2020-04-04,2,12.24
2020-04-04,3,12.91
2020-04-04,4,5.83
2020-04-04,5,13.36
2020-04-04,6,13.57
2020-04-04,7,13.33
2020-04-04,8,5.03
2020-04-04,9,5.88
2020-04-04,10,5.93
2020-04-04,11,9.17
2020-04-04,12,15.96
2020-04-04,13,13.77
2020-04-04,14,13.4
2020-04-04,15,14.94
2020-04-04,16,19.92
2020-04-04,17,31.32
2020-04-04,18,14.7
2020-04-04,19,15.54
2020-04-04,20,13.18
2020-04-04,21,13.34
2020-04-04,22,9.58
2020-04-04,23,9.51
2020-04-04,24,3.32
2020-04-05,1,-0.04
2020-04-05,2,-0.04
2020-04-05,3,0.0
2020-04-05,4,0.0
2020-04-05,5,0.0
2020-04-05,6,0.4
2020-04-05,7,5.43
2020-04-05,8,4.23
2020-04-05,9,8.95
2020-04-05,10,1.23
2020-04-05,11,4.49
2020-04-05,12,5.27
2020-04-05,13,5.09
2020-04-05,14,1.26
2020-04-05,15,0.0
2020-04-05,16,-1.11
2020-04-05,17,3.15
2020-04-05,18,5.38
2020-04-05,19,9.08
2020-04-05,20,13.33
2020-04-05,21,13.35
2020-04-05,22,10.28
2020-04-05,23,9.01
2020-04-05,24,12.71
2020-04-06,1,12.73
2020-04-06,2,12.68
2020-04-06,3,5.34
2020-04-06,4,4.03
2020-04-06,5,0.47
2020-04-06,6,10.17
2020-04-06,7,13.34
2020-04-06,8,10.86
2020-04-06,9,7.07
2020-04-06,10,6.26
2020-04-06,11,5.39
2020-04-06,12,7.59
2020-04-06,13,6.42
2020-04-06,14,0.0
2020-04-06,15,2.48
2020-04-06,16,5.15
2020-04-06,17,9.57
2020-04-06,18,12.72
2020-04-06,19,13.31
2020-04-06,20,13.32
2020-04-06,21,5.69
2020-04-06,22,10.28
2020-04-06,23,10.22
2020-04-06,24,5.61
2020-04-07,1,5.84
2020-04-07,2,5.66
2020-04-07,3,7.12
2020-04-07,4,4.67
2020-04-07,5,-3.01
2020-04-07,6,-0.87
2020-04-07,7,-0.01
2020-04-07,8,1.31
2020-04-07,9,0.0
2020-04-07,10,5.29
2020-04-07,11,10.94
2020-04-07,12,13.36
2020-04-07,13,13.36
2020-04-07,14,5.8
2020-04-07,15,0.0
2020-04-07,16,4.13
2020-04-07,17,9.71
2020-04-07,18,5.92
2020-04-07,19,5.7
2020-04-07,20,4.5
2020-04-07,21,4.43
2020-04-07,22,1.35
2020-04-07,23,2.01
2020-04-07,24,11.55
2020-04-08,1,13.34
2020-04-08,2,12.74
2020-04-08,3,5.84
2020-04-08,4,5.32
2020-04-08,5,-1.04
2020-04-08,6,12.2
2020-04-08,7,14.81
2020-04-08,8,65.64
2020-04-08,9,30.39
2020-04-08,10,12.14
2020-04-08,11,13.33
2020-04-08,12,8.52
2020-04-08,13,8.25
2020-04-08,14,5.45
2020-04-08,15,5.72
2020-04-08,16,8.39
2020-04-08,17,11.55
2020-04-08,18,10.35
2020-04-08,19,11.54
2020-04-08,20,10.94
2020-04-08,21,14.22
2020-04-08,22,10.87
2020-04-08,23,3.67
2020-04-08,24,0.87
2020-04-09,1,1.26
2020-04-09,2,0.0
2020-04-09,3,0.0
2020-04-09,4,-0.07
2020-04-09,5,0.0
2020-04-09,6,0.0
2020-04-09,7,0.59
2020-04-09,8,8.48
2020-04-09,9,2.34
2020-04-09,10,0.0
2020-04-09,11,0.0
2020-04-09,12,0.0
2020-04-09,13,0.0
2020-04-09,14,0.0
2020-04-09,15,0.0
2020-04-09,16,0.0
2020-04-09,17,0.0
2020-04-09,18,0.0
2020-04-09,19,0.0
2020-04-09,20,0.0
2020-04-09,21,0.0
2020-04-09,22,0.0
2020-04-09,23,0.0
2020-04-09,24,0.0
2020-04-10,1,-0.03
2020-04-10,2,-0.06
2020-04-10,3,-0.11
2020-04-10,4,-0.11
2020-04-10,5,-0.07
2020-04-10,6,-0.01
2020-04-10,7,0.0
2020-04-10,8,0.0
2020-04-10,9,0.0
2020-04-10,10,0.0
2020-04-10,11,0.0
2020-04-10,12,0.0
2020-04-10,13,0.0
2020-04-10,14,0.0
2020-04-10,15,0.0
2020-04-10,16,0.0
2020-04-10,17,0.41
2020-04-10,18,0.85
2020-04-10,19,5.5
2020-04-10,20,12.95
2020-04-10,21,14.31
2020-04-10,22,4.23
2020-04-10,23,0.0
2020-04-10,24,0.0
2020-04-11,1,0.0
2020-04-11,2,0.0
2020-04-11,3,1.63
2020-04-11,4,5.53
2020-04-11,5,0.0
2020-04-11,6,0.0
2020-04-11,7,2.55
2020-04-11,8,0.0
2020-04-11,9,0.41
2020-04-11,10,5.56
2020-04-11,11,5.87
2020-04-11,12,5.52
2020-04-11,13,0.0
2020-04-11,14,0.0
2020-04-11,15,0.0
2020-04-11,16,0.88
2020-04-11,17,2.75
2020-04-11,18,5.87
2020-04-11,19,5.06
2020-04-11,20,6.33
2020-04-11,21,3.46
2020-04-11,22,0.0
2020-04-11,23,0.0
2020-04-11,24,0.0
2020-04-12,1,0.0
2020-04-12,2,0.0
2020-04-12,3,-0.01
2020-04-12,4,-0.03
2020-04-12,5,0.0
2020-04-12,6,4.36
2020-04-12,7,7.28
2020-04-12,8,7.43
2020-04-12,9,5.89
2020-04-12,10,13.41
2020-04-12,11,15.22
2020-04-12,12,12.75
2020-04-12,13,5.86
2020-04-12,14,0.41
2020-04-12,15,5.58
2020-04-12,16,10.32
2020-04-12,17,13.32
2020-04-12,18,9.65
2020-04-12,19,0.0
2020-04-12,20,0.0
2020-04-12,21,0.0
2020-04-12,22,0.0
2020-04-12,23,0.0
2020-04-12,24,0.0
2020-04-13,1,-0.05
2020-04-13,2,-0.16
2020-04-13,3,-0.17
2020-04-13,4,-0.02
2020-04-13,5,-0.21
2020-04-13,6,0.0
2020-04-13,7,0.0
2020-04-13,8,0.0
2020-04-13,9,0.0
2020-04-13,10,0.0
2020-04-13,11,0.0
2020-04-13,12,0.0
2020-04-13,13,0.0
2020-04-13,14,0.0
2020-04-13,15,0.0
2020-04-13,16,0.0
2020-04-13,17,0.0
2020-04-13,18,0.0
2020-04-13,19,0.0
2020-04-13,20,0.0
2020-04-13,21,0.0
2020-04-13,22,0.0
2020-04-13,23,-0.03
2020-04-13,24,-0.04
2020-04-14,1,-0.1
2020-04-14,2,-0.01
2020-04-14,3,0.0
2020-04-14,4,0.0
2020-04-14,5,2.65
2020-04-14,6,6.68
2020-04-14,7,11.71
2020-04-14,8,5.7
2020-04-14,9,0.42
2020-04-14,10,0.41
2020-04-14,11,0.0
2020-04-14,12,0.0
2020-04-14,13,0.0
2020-04-14,14,0.0
2020-04-14,15,0.0
2020-04-14,16,0.0
2020-04-14,17,0.86
2020-04-14,18,0.0
2020-04-14,19,0.41
2020-04-14,20,8.45
2020-04-14,21,9.66
2020-04-14,22,2.61
2020-04-14,23,3.72
2020-04-14,24,13.33
2020-04-15,1,13.5
2020-04-15,2,12.15
2020-04-15,3,13.54
2020-04-15,4,5.8
2020-04-15,5,1.88
2020-04-15,6,3.69
2020-04-15,7,10.25
2020-04-15,8,12.89
2020-04-15,9,8.99
2020-04-15,10,6.08
2020-04-15,11,12.62
2020-04-15,12,14.76
2020-04-15,13,12.08
2020-04-15,14,7.08
2020-04-15,15,6.02
2020-04-15,16,7.67
2020-04-15,17,15.29
2020-04-15,18,13.33
2020-04-15,19,15.38
2020-04-15,20,20.03
2020-04-15,21,22.34
2020-04-15,22,14.57
2020-04-15,23,7.41
2020-04-15,24,2.83
2020-04-16,1,8.49
2020-04-16,2,4.99
2020-04-16,3,6.9
2020-04-16,4,12.57
2020-04-16,5,9.74
2020-04-16,6,10.87
2020-04-16,7,13.72
2020-04-16,8,10.12
2020-04-16,9,4.97
2020-04-16,10,2.09
2020-04-16,11,5.33
2020-04-16,12,1.46
2020-04-16,13,0.0
2020-04-16,14,6.29
2020-04-16,15,0.99
2020-04-16,16,1.55
2020-04-16,17,0.88
2020-04-16,18,2.17
2020-04-16,19,14.88
2020-04-16,20,24.95
2020-04-16,21,5.37
2020-04-16,22,3.27
2020-04-16,23,2.27
2020-04-16,24,5.94
2020-04-17,1,6.93
2020-04-17,2,0.0
2020-04-17,3,4.69
2020-04-17,4,0.0
2020-04-17,5,1.38
2020-04-17,6,7.18
2020-04-17,7,14.69
2020-04-17,8,14.8
2020-04-17,9,16.24
2020-04-17,10,13.33
2020-04-17,11,13.57
2020-04-17,12,4.59
2020-04-17,13,5.55
2020-04-17,14,4.11
2020-04-17,15,4.88
2020-04-17,16,12.01
2020-04-17,17,13.49
2020-04-17,18,19.49
2020-04-17,19,14.59
2020-04-17,20,13.98
2020-04-17,21,13.86
2020-04-17,22,13.51
2020-04-17,23,10.19
2020-04-17,24,13.38
2020-04-18,1,11.71
2020-04-18,2,12.35
2020-04-18,3,13.31
2020-04-18,4,13.28
2020-04-18,5,13.32
2020-04-18,6,11.26
2020-04-18,7,5.78
2020-04-18,8,5.45
2020-04-18,9,5.89
2020-04-18,10,5.49
2020-04-18,11,2.23
2020-04-18,12,0.0
2020-04-18,13,0.0
2020-04-18,14,0.0
2020-04-18,15,0.0
2020-04-18,16,0.0
2020-04-18,17,0.0
2020-04-18,18,0.0
2020-04-18,19,0.82
2020-04-18,20,5.85
2020-04-18,21,3.28
2020-04-18,22,0.0
2020-04-18,23,0.0
2020-04-18,24,0.0
2020-04-19,1,-0.04
2020-04-19,2,-0.1
2020-04-19,3,-0.32
2020-04-19,4,-0.14
2020-04-19,5,-0.09
2020-04-19,6,0.0
2020-04-19,7,0.0
2020-04-19,8,0.0
2020-04-19,9,0.0
2020-04-19,10,1.75
2020-04-19,11,5.85
2020-04-19,12,4.29
2020-04-19,13,0.0
2020-04-19,14,0.0
2020-04-19,15,0.0
2020-04-19,16,0.0
2020-04-19,17,0.0
2020-04-19,18,0.0
2020-04-19,19,0.0
2020-04-19,20,0.0
2020-04-19,21,1.64
2020-04-19,22,5.7
2020-04-19,23,13.65
2020-04-19,24,14.37
2020-04-20,1,5.95
2020-04-20,2,5.93
2020-04-20,3,5.99
2020-04-20,4,6.0
2020-04-20,5,5.88
2020-04-20,6,7.6
2020-04-20,7,5.97
2020-04-20,8,5.81
2020-04-20,9,6.17
2020-04-20,10,6.44
2020-04-20,11,5.37
2020-04-20,12,3.56
2020-04-20,13,0.41
2020-04-20,14,0.0
2020-04-20,15,0.0
2020-04-20,16,0.0
2020-04-20,17,0.0
2020-04-20,18,0.41
2020-04-20,19,0.0
2020-04-20,20,3.68
2020-04-20,21,0.0
2020-04-20,22,-0.31
2020-04-20,23,-1.73
2020-04-20,24,-0.01
2020-04-21,1,-0.03
2020-04-21,2,-0.12
2020-04-21,3,-0.81
2020-04-21,4,-0.13
2020-04-21,5,-0.07
2020-04-21,6,0.0
2020-04-21,7,0.0
2020-04-21,8,0.0
2020-04-21,9,0.0
2020-04-21,10,-0.01
2020-04-21,11,-0.03
2020-04-21,12,-0.01
2020-04-21,13,0.0
2020-04-21,14,-0.09
2020-04-21,15,-0.08
2020-04-21,16,-0.01
2020-04-21,17,0.0
2020-04-21,18,0.0
2020-04-21,19,0.0
2020-04-21,20,0.0
2020-04-21,21,0.0
2020-04-21,22,0.0
2020-04-21,23,0.0
2020-04-21,24,0.0
2020-04-22,1,4.99
2020-04-22,2,5.9
2020-04-22,3,5.64
2020-04-22,4,2.17
2020-04-22,5,5.28
2020-04-22,6,7.9
2020-04-22,7,10.95
2020-04-22,8,6.58
2020-04-22,9,5.83
2020-04-22,10,3.77
2020-04-22,11,13.32
2020-04-22,12,13.32
2020-04-22,13,13.41
2020-04-22,14,13.35
2020-04-22,15,13.44
2020-04-22,16,11.61
2020-04-22,17,12.85
2020-04-22,18,11.79
2020-04-22,19,16.74
2020-04-22,20,78.19
2020-04-22,21,157.75
2020-04-22,22,91.24
2020-04-22,23,30.96
2020-04-22,24,8.54
2020-04-23,1,13.35
2020-04-23,2,6.18
2020-04-23,3,4.18
2020-04-23,4,3.7
2020-04-23,5,5.38
2020-04-23,6,3.43
2020-04-23,7,5.28
2020-04-23,8,5.81
2020-04-23,9,5.68
2020-04-23,10,5.33
2020-04-23,11,5.9
2020-04-23,12,13.32
2020-04-23,13,7.95
2020-04-23,14,13.32
2020-04-23,15,5.11
2020-04-23,16,7.87
2020-04-23,17,16.05
2020-04-23,18,19.27
2020-04-23,19,13.36
2020-04-23,20,13.33
2020-04-23,21,10.63
2020-04-23,22,8.66
2020-04-23,23,5.92
2020-04-23,24,5.89
2020-04-24,1,13.31
2020-04-24,2,13.33
2020-04-24,3,11.41
2020-04-24,4,5.54
2020-04-24,5,5.75
2020-04-24,6,5.74
2020-04-24,7,9.67
2020-04-24,8,13.35
2020-04-24,9,17.38
2020-04-24,10,17.64
2020-04-24,11,13.46
2020-04-24,12,13.47
2020-04-24,13,13.34
2020-04-24,14,13.77
2020-04-24,15,17.4
2020-04-24,16,14.37
2020-04-24,17,15.53
2020-04-24,18,10.16
2020-04-24,19,10.46
2020-04-24,20,5.91
2020-04-24,21,9.79
2020-04-24,22,6.89
2020-04-24,23,6.21
2020-04-24,24,10.86
2020-04-25,1,6.03
2020-04-25,2,3.35
2020-04-25,3,5.78
2020-04-25,4,4.93
2020-04-25,5,5.48
2020-04-25,6,5.58
2020-04-25,7,1.62
2020-04-25,8,5.62
2020-04-25,9,4.77
2020-04-25,10,2.12
2020-04-25,11,0.0
2020-04-25,12,0.81
2020-04-25,13,-0.25
2020-04-25,14,0.4
2020-04-25,15,0.0
2020-04-25,16,-0.01
2020-04-25,17,3.65
2020-04-25,18,4.58
2020-04-25,19,5.9
2020-04-25,20,5.65
2020-04-25,21,4.17
2020-04-25,22,1.76
2020-04-25,23,0.0
2020-04-25,24,0.0
2020-04-26,1,-3.0
2020-04-26,2,-1.3
2020-04-26,3,-2.86
2020-04-26,4,-1.86
2020-04-26,5,-0.13
2020-04-26,6,0.0
2020-04-26,7,-0.05
2020-04-26,8,0.0
2020-04-26,9,0.0
2020-04-26,10,0.0
2020-04-26,11,0.0
2020-04-26,12,0.0
2020-04-26,13,0.0
2020-04-26,14,0.0
2020-04-26,15,0.0
2020-04-26,16,0.94
2020-04-26,17,3.89
2020-04-26,18,1.62
2020-04-26,19,4.59
2020-04-26,20,5.58
2020-04-26,21,5.9
2020-04-26,22,5.84
2020-04-26,23,7.62
2020-04-26,24,2.56
2020-04-27,1,5.8
2020-04-27,2,5.91
2020-04-27,3,4.64
2020-04-27,4,0.0
2020-04-27,5,0.0
2020-04-27,6,0.0
2020-04-27,7,3.15
2020-04-27,8,-0.28
2020-04-27,9,-3.0
2020-04-27,10,5.36
2020-04-27,11,4.67
2020-04-27,12,2.84
2020-04-27,13,0.0
2020-04-27,14,0.0
2020-04-27,15,2.97
2020-04-27,16,1.27
2020-04-27,17,5.2
2020-04-27,18,5.68
2020-04-27,19,5.72
2020-04-27,20,5.98
2020-04-27,21,5.93
2020-04-27,22,9.67
2020-04-27,23,3.48
2020-04-27,24,0.47
2020-04-28,1,-0.05
2020-04-28,2,0.0
2020-04-28,3,0.0
2020-04-28,4,1.76
2020-04-28,5,5.42
2020-04-28,6,4.34
2020-04-28,7,6.48
2020-04-28,8,5.92
2020-04-28,9,6.2
2020-04-28,10,13.56
2020-04-28,11,13.33
2020-04-28,12,7.23
2020-04-28,13,5.95
2020-04-28,14,5.82
2020-04-28,15,5.91
2020-04-28,16,5.84
2020-04-28,17,5.66
2020-04-28,18,4.39
2020-04-28,19,0.88
2020-04-28,20,0.0
2020-04-28,21,0.0
2020-04-28,22,-0.01
2020-04-28,23,0.0
2020-04-28,24,0.0
2020-04-29,1,0.0
2020-04-29,2,0.0
2020-04-29,3,0.0
2020-04-29,4,0.0
2020-04-29,5,0.0
2020-04-29,6,0.0
2020-04-29,7,0.0
2020-04-29,8,0.0
2020-04-29,9,0.0
2020-04-29,10,0.0
2020-04-29,11,0.0
2020-04-29,12,0.0
2020-04-29,13,0.0
2020-04-29,14,0.0
2020-04-29,15,0.0
2020-04-29,16,0.89
2020-04-29,17,6.13
2020-04-29,18,3.01
2020-04-29,19,0.0
2020-04-29,20,0.0
2020-04-29,21,0.0
2020-04-29,22,0.0
2020-04-29,23,-0.01
2020-04-29,24,0.0
2020-04-30,1,0.0
2020-04-30,2,-0.09
2020-04-30,3,0.0
2020-04-30,4,-0.03
2020-04-30,5,0.0
2020-04-30,6,0.0
2020-04-30,7,2.01
2020-04-30,8,0.24
2020-04-30,9,1.96
2020-04-30,10,1.72
2020-04-30,11,10.06
2020-04-30,12,5.99
2020-04-30,13,4.33
2020-04-30,14,2.58
2020-04-30,15,5.26
2020-04-30,16,5.71
2020-04-30,17,7.24
2020-04-30,18,6.08
2020-04-30,19,6.38
2020-04-30,20,10.08
2020-04-30,21,9.29
2020-04-30,22,4.03
2020-04-30,23,0.19
2020-04-30,24,0.0
2020-05-01,1,0.41
2020-05-01,2,0.0
2020-05-01,3,0.0
2020-05-01,4,-0.01
2020-05-01,5,-0.06
2020-05-01,6,-0.03
2020-05-01,7,0.0
2020-05-01,8,0.0
2020-05-01,9,0.0
2020-05-01,10,0.0
2020-05-01,11,0.0
2020-05-01,12,-0.28
2020-05-01,13,0.0
2020-05-01,14,0.0
2020-05-01,15,-0.11
2020-05-01,16,-0.02
2020-05-01,17,3.69
2020-05-01,18,4.47
2020-05-01,19,2.04
2020-05-01,20,6.35
2020-05-01,21,9.11
2020-05-01,22,10.11
2020-05-01,23,4.3
2020-05-01,24,1.84
2020-05-02,1,-1.28
2020-05-02,2,0.0
2020-05-02,3,-0.18
2020-05-02,4,0.0
2020-05-02,5,0.0
2020-05-02,6,0.0
2020-05-02,7,0.0
2020-05-02,8,0.0
2020-05-02,9,0.0
2020-05-02,10,0.0
2020-05-02,11,0.0
2020-05-02,12,0.0
2020-05-02,13,0.0
2020-05-02,14,0.0
2020-05-02,15,0.0
2020-05-02,16,0.0
2020-05-02,17,3.1
2020-05-02,18,0.0
2020-05-02,19,0.0
2020-05-02,20,0.4
2020-05-02,21,0.0
2020-05-02,22,0.0
2020-05-02,23,0.0
2020-05-02,24,0.0
2020-05-03,1,0.0
2020-05-03,2,0.0
2020-05-03,3,-0.03
2020-05-03,4,-0.07
2020-05-03,5,-4.12
2020-05-03,6,-3.09
2020-05-03,7,-4.11
2020-05-03,8,-0.27
2020-05-03,9,-0.05
2020-05-03,10,0.0
2020-05-03,11,0.0
2020-05-03,12,0.0
2020-05-03,13,0.0
2020-05-03,14,-0.05
2020-05-03,15,0.0
2020-05-03,16,3.2
2020-05-03,17,5.99
2020-05-03,18,9.23
2020-05-03,19,5.98
2020-05-03,20,0.0
2020-05-03,21,0.0
2020-05-03,22,0.81
2020-05-03,23,0.0
2020-05-03,24,-0.01
2020-05-04,1,-0.12
2020-05-04,2,-0.01
2020-05-04,3,0.0
2020-05-04,4,-0.13
2020-05-04,5,-3.0
2020-05-04,6,0.0
2020-05-04,7,0.0
2020-05-04,8,0.0
2020-05-04,9,0.88
2020-05-04,10,5.77
2020-05-04,11,0.0
2020-05-04,12,0.0
2020-05-04,13,0.0
2020-05-04,14,0.0
2020-05-04,15,0.0
2020-05-04,16,1.76
2020-05-04,17,3.38
2020-05-04,18,5.64
2020-05-04,19,10.96
2020-05-04,20,16.41
2020-05-04,21,13.93
2020-05-04,22,6.53
2020-05-04,23,4.19
2020-05-04,24,1.37
2020-05-05,1,0.0
2020-05-05,2,5.22
2020-05-05,3,5.21
2020-05-05,4,0.8
2020-05-05,5,0.0
2020-05-05,6,4.66
2020-05-05,7,5.85
2020-05-05,8,14.68
2020-05-05,9,6.32
2020-05-05,10,6.22
2020-05-05,11,4.38
2020-05-05,12,0.8
2020-05-05,13,0.81
2020-05-05,14,0.0
2020-05-05,15,0.0
2020-05-05,16,0.0
2020-05-05,17,0.0
2020-05-05,18,0.0
2020-05-05,19,0.4
2020-05-05,20,5.75
2020-05-05,21,6.12
2020-05-05,22,6.97
2020-05-05,23,8.84
2020-05-05,24,4.23
2020-05-06,1,5.76
2020-05-06,2,5.71
2020-05-06,3,5.37
2020-05-06,4,0.0
2020-05-06,5,0.0
2020-05-06,6,0.0
2020-05-06,7,2.33
2020-05-06,8,5.51
2020-05-06,9,2.27
2020-05-06,10,-0.3
2020-05-06,11,0.0
2020-05-06,12,0.0
2020-05-06,13,0.0
2020-05-06,14,-0.02
2020-05-06,15,-0.08
2020-05-06,16,-0.03
2020-05-06,17,0.0
2020-05-06,18,1.28
2020-05-06,19,4.93
2020-05-06,20,6.08
2020-05-06,21,6.09
2020-05-06,22,4.38
2020-05-06,23,3.18
2020-05-06,24,5.79
2020-05-07,1,5.4
2020-05-07,2,2.07
2020-05-07,3,0.0
2020-05-07,4,0.0
2020-05-07,5,0.0
2020-05-07,6,0.4
2020-05-07,7,8.95
2020-05-07,8,13.32
2020-05-07,9,8.97
2020-05-07,10,3.1
2020-05-07,11,0.0
2020-05-07,12,0.0
2020-05-07,13,0.0
2020-05-07,14,0.0
2020-05-07,15,0.0
2020-05-07,16,0.0
2020-05-07,17,2.3
2020-05-07,18,4.68
2020-05-07,19,7.01
2020-05-07,20,13.34
2020-05-07,21,5.77
2020-05-07,22,5.04
2020-05-07,23,0.84
2020-05-07,24,0.0
2020-05-08,1,0.9
2020-05-08,2,6.26
2020-05-08,3,5.86
2020-05-08,4,5.48
2020-05-08,5,5.87
2020-05-08,6,4.88
2020-05-08,7,4.68
2020-05-08,8,5.76
2020-05-08,9,5.69
2020-05-08,10,7.66
2020-05-08,11,7.43
2020-05-08,12,12.25
2020-05-08,13,10.48
2020-05-08,14,0.92
2020-05-08,15,0.0
2020-05-08,16,0.0
2020-05-08,17,2.17
2020-05-08,18,5.62
2020-05-08,19,6.75
2020-05-08,20,12.02
2020-05-08,21,23.05
2020-05-08,22,20.43
2020-05-08,23,13.35
2020-05-08,24,10.34
2020-05-09,1,6.04
2020-05-09,2,5.96
2020-05-09,3,7.31
2020-05-09,4,6.25
2020-05-09,5,6.01
2020-05-09,6,6.0
2020-05-09,7,5.59
2020-05-09,8,2.98
2020-05-09,9,2.22
2020-05-09,10,2.58
2020-05-09,11,5.47
2020-05-09,12,5.78
2020-05-09,13,3.85
2020-05-09,14,4.19
2020-05-09,15,3.48
2020-05-09,16,4.9
2020-05-09,17,8.52
2020-05-09,18,10.35
2020-05-09,19,10.21
2020-05-09,20,13.41
2020-05-09,21,13.32
2020-05-09,22,13.96
2020-05-09,23,10.01
2020-05-09,24,7.76
2020-05-10,1,3.16
2020-05-10,2,0.0
2020-05-10,3,5.86
2020-05-10,4,5.78
2020-05-10,5,5.89
2020-05-10,6,4.94
2020-05-10,7,2.09
2020-05-10,8,5.83
2020-05-10,9,5.81
2020-05-10,10,4.98
2020-05-10,11,5.63
2020-05-10,12,5.71
2020-05-10,13,5.6
2020-05-10,14,0.19
2020-05-10,15,0.8
2020-05-10,16,4.9
2020-05-10,17,11.24
2020-05-10,18,13.98
2020-05-10,19,17.68
2020-05-10,20,117.43
2020-05-10,21,12.96
2020-05-10,22,11.5
2020-05-10,23,7.62
2020-05-10,24,1.48
2020-05-11,1,0.41
2020-05-11,2,4.17
2020-05-11,3,5.44
2020-05-11,4,6.97
2020-05-11,5,2.18
2020-05-11,6,1.69
2020-05-11,7,8.1
2020-05-11,8,14.99
2020-05-11,9,18.14
2020-05-11,10,16.23
2020-05-11,11,13.35
2020-05-11,12,13.55
2020-05-11,13,13.6
2020-05-11,14,9.34
2020-05-11,15,9.58
2020-05-11,16,9.08
2020-05-11,17,14.63
2020-05-11,18,14.99
2020-05-11,19,15.39
2020-05-11,20,16.33
2020-05-11,21,16.54
2020-05-11,22,12.65
2020-05-11,23,6.9
2020-05-11,24,6.92
2020-05-12,1,13.54
2020-05-12,2,13.7
2020-05-12,3,6.24
2020-05-12,4,5.82
2020-05-12,5,5.82
2020-05-12,6,9.1
2020-05-12,7,18.7
2020-05-12,8,28.37
2020-05-12,9,19.0
2020-05-12,10,7.2
2020-05-12,11,10.61
2020-05-12,12,6.81
2020-05-12,13,6.66
2020-05-12,14,0.0
2020-05-12,15,0.0
2020-05-12,16,0.0
2020-05-12,17,4.69
2020-05-12,18,6.88
2020-05-12,19,5.86
2020-05-12,20,18.24
2020-05-12,21,13.39
2020-05-12,22,13.94
2020-05-12,23,12.76
2020-05-12,24,13.37
2020-05-13,1,13.28
2020-05-13,2,6.11
2020-05-13,3,13.32
2020-05-13,4,15.49
2020-05-13,5,13.8
2020-05-13,6,13.36
2020-05-13,7,13.43
2020-05-13,8,13.45
2020-05-13,9,21.92
2020-05-13,10,14.18
2020-05-13,11,13.17
2020-05-13,12,11.57
2020-05-13,13,7.16
2020-05-13,14,5.73
2020-05-13,15,5.98
2020-05-13,16,7.15
2020-05-13,17,9.65
2020-05-13,18,9.73
2020-05-13,19,13.35
2020-05-13,20,13.36
2020-05-13,21,15.68
2020-05-13,22,6.44
2020-05-13,23,7.96
2020-05-13,24,2.33
2020-05-14,1,-0.01
2020-05-14,2,0.0
2020-05-14,3,0.0
2020-05-14,4,0.0
2020-05-14,5,0.0
2020-05-14,6,-0.08
2020-05-14,7,0.92
2020-05-14,8,3.15
2020-05-14,9,5.88
2020-05-14,10,2.06
2020-05-14,11,0.44
2020-05-14,12,6.79
2020-05-14,13,19.45
2020-05-14,14,22.79
2020-05-14,15,17.2
2020-05-14,16,54.73
2020-05-14,17,166.64
2020-05-14,18,12.76
2020-05-14,19,3.59
2020-05-14,20,-0.05
2020-05-14,21,-2.14
2020-05-14,22,0.0
2020-05-14,23,0.0
2020-05-14,24,0.0
2020-05-15,1,0.0
2020-05-15,2,0.0
2020-05-15,3,0.0
2020-05-15,4,0.0
2020-05-15,5,5.49
2020-05-15,6,6.07
2020-05-15,7,9.71
2020-05-15,8,13.36
2020-05-15,9,10.82
2020-05-15,10,0.0
2020-05-15,11,0.0
2020-05-15,12,7.0
2020-05-15,13,14.97
2020-05-15,14,46.84
2020-05-15,15,5.78
2020-05-15,16,8.03
2020-05-15,17,5.4
2020-05-15,18,4.92
2020-05-15,19,8.29
2020-05-15,20,13.35
2020-05-15,21,18.64
2020-05-15,22,10.38
2020-05-15,23,7.85
2020-05-15,24,8.99
2020-05-16,1,5.95
2020-05-16,2,5.76
2020-05-16,3,5.65
2020-05-16,4,0.86
2020-05-16,5,4.29
2020-05-16,6,1.26
2020-05-16,7,5.85
2020-05-16,8,7.92
2020-05-16,9,5.98
2020-05-16,10,6.21
2020-05-16,11,5.61
2020-05-16,12,5.83
2020-05-16,13,5.34
2020-05-16,14,1.65
2020-05-16,15,1.59
2020-05-16,16,1.28
2020-05-16,17,5.48
2020-05-16,18,5.61
2020-05-16,19,5.63
2020-05-16,20,5.82
2020-05-16,21,4.35
2020-05-16,22,6.04
2020-05-16,23,0.0
2020-05-16,24,-0.21
2020-05-17,1,-2.93
2020-05-17,2,-3.55
2020-05-17,3,-4.1
2020-05-17,4,-4.1
2020-05-17,5,-3.0
2020-05-17,6,-3.73
2020-05-17,7,-4.1
2020-05-17,8,-0.82
2020-05-17,9,-0.01
2020-05-17,10,-0.1
2020-05-17,11,0.0
2020-05-17,12,0.0
2020-05-17,13,0.0
2020-05-17,14,0.0
2020-05-17,15,0.0
2020-05-17,16,0.43
2020-05-17,17,5.66
2020-05-17,18,5.15
2020-05-17,19,0.0
2020-05-17,20,0.0
2020-05-17,21,0.0
2020-05-17,22,0.0
2020-05-17,23,0.0
2020-05-17,24,0.0
2020-05-18,1,-0.02
2020-05-18,2,-0.01
2020-05-18,3,-0.04
2020-05-18,4,-0.11
2020-05-18,5,-0.13
2020-05-18,6,-0.11
2020-05-18,7,-0.03
2020-05-18,8,0.0
2020-05-18,9,0.0
2020-05-18,10,0.0
2020-05-18,11,0.0
2020-05-18,12,0.0
2020-05-18,13,0.0
2020-05-18,14,0.0
2020-05-18,15,0.0
2020-05-18,16,0.0
2020-05-18,17,0.0
2020-05-18,18,0.0
2020-05-18,19,0.0
2020-05-18,20,0.0
2020-05-18,21,0.0
2020-05-18,22,0.0
2020-05-18,23,0.0
2020-05-18,24,-0.03
2020-05-19,1,-0.07
2020-05-19,2,-0.1
2020-05-19,3,-0.1
2020-05-19,4,-0.09
2020-05-19,5,-1.02
2020-05-19,6,-0.08
2020-05-19,7,-0.04
2020-05-19,8,0.0
2020-05-19,9,0.0
2020-05-19,10,0.0
2020-05-19,11,0.0
2020-05-19,12,0.0
2020-05-19,13,0.0
2020-05-19,14,0.0
2020-05-19,15,0.0
2020-05-19,16,0.0
2020-05-19,17,0.0
2020-05-19,18,0.0
2020-05-19,19,0.0
2020-05-19,20,0.0
2020-05-19,21,0.0
2020-05-19,22,0.0
2020-05-19,23,-0.01
2020-05-19,24,-0.54
2020-05-20,1,0.0
2020-05-20,2,0.0
2020-05-20,3,-0.03
2020-05-20,4,-0.05
2020-05-20,5,0.0
2020-05-20,6,0.0
2020-05-20,7,0.0
2020-05-20,8,2.75
2020-05-20,9,0.0
2020-05-20,10,-0.13
2020-05-20,11,-1.8
2020-05-20,12,0.0
2020-05-20,13,0.0
2020-05-20,14,-0.01
2020-05-20,15,-0.12
2020-05-20,16,-0.03
2020-05-20,17,4.35
2020-05-20,18,3.81
2020-05-20,19,5.82
2020-05-20,20,5.87
2020-05-20,21,4.71
2020-05-20,22,0.96
2020-05-20,23,-0.23
2020-05-20,24,-3.2
2020-05-21,1,-4.1
2020-05-21,2,-0.29
2020-05-21,3,0.0
2020-05-21,4,0.0
2020-05-21,5,0.0
2020-05-21,6,0.0
2020-05-21,7,2.48
2020-05-21,8,6.08
2020-05-21,9,12.14
2020-05-21,10,12.73
2020-05-21,11,6.27
2020-05-21,12,13.32
2020-05-21,13,9.21
2020-05-21,14,5.88
2020-05-21,15,6.17
2020-05-21,16,15.5
2020-05-21,17,17.81
2020-05-21,18,34.54
2020-05-21,19,21.03
2020-05-21,20,15.17
2020-05-21,21,16.51
2020-05-21,22,14.0
2020-05-21,23,12.46
2020-05-21,24,9.03
2020-05-22,1,7.34
2020-05-22,2,5.54
2020-05-22,3,0.0
2020-05-22,4,0.85
2020-05-22,5,4.28
2020-05-22,6,9.63
2020-05-22,7,12.03
2020-05-22,8,11.75
2020-05-22,9,7.0
2020-05-22,10,6.32
2020-05-22,11,9.5
2020-05-22,12,13.31
2020-05-22,13,13.39
2020-05-22,14,13.33
2020-05-22,15,13.43
2020-05-22,16,10.24
2020-05-22,17,13.62
2020-05-22,18,13.34
2020-05-22,19,13.31
2020-05-22,20,13.34
2020-05-22,21,18.25
2020-05-22,22,17.6
2020-05-22,23,20.29
2020-05-22,24,16.64
2020-05-23,1,13.18
2020-05-23,2,12.02
2020-05-23,3,7.32
2020-05-23,4,6.21
2020-05-23,5,6.14
2020-05-23,6,5.02
2020-05-23,7,4.75
2020-05-23,8,6.04
2020-05-23,9,12.75
2020-05-23,10,8.4
2020-05-23,11,10.37
2020-05-23,12,13.23
2020-05-23,13,13.53
2020-05-23,14,13.32
2020-05-23,15,13.5
2020-05-23,16,35.09
2020-05-23,17,114.6
2020-05-23,18,13.76
2020-05-23,19,13.34
2020-05-23,20,15.24
2020-05-23,21,320.19
2020-05-23,22,23.32
2020-05-23,23,8.94
2020-05-23,24,1.92
2020-05-24,1,0.5
2020-05-24,2,0.0
2020-05-24,3,0.0
2020-05-24,4,0.0
2020-05-24,5,0.0
2020-05-24,6,0.0
2020-05-24,7,0.0
2020-05-24,8,0.0
2020-05-24,9,4.47
2020-05-24,10,7.09
2020-05-24,11,6.09
2020-05-24,12,10.54
2020-05-24,13,9.88
2020-05-24,14,13.22
2020-05-24,15,2.43
2020-05-24,16,1.41
2020-05-24,17,10.22
2020-05-24,18,13.35
2020-05-24,19,13.93
2020-05-24,20,6.31
2020-05-24,21,5.87
2020-05-24,22,3.88
2020-05-24,23,1.92
2020-05-24,24,0.48
2020-05-25,1,0.0
2020-05-25,2,0.44
2020-05-25,3,0.0
2020-05-25,4,0.44
2020-05-25,5,2.79
2020-05-25,6,5.75
2020-05-25,7,10.92
2020-05-25,8,12.82
2020-05-25,9,16.66
2020-05-25,10,18.23
2020-05-25,11,18.6
2020-05-25,12,18.46
2020-05-25,13,19.56
2020-05-25,14,19.76
2020-05-25,15,20.02
2020-05-25,16,23.78
2020-05-25,17,31.28
2020-05-25,18,23.96
2020-05-25,19,23.3
2020-05-25,20,20.35
2020-05-25,21,18.51
2020-05-25,22,14.66
2020-05-25,23,8.71
2020-05-25,24,10.77
2020-05-26,1,14.27
2020-05-26,2,13.95
2020-05-26,3,9.93
2020-05-26,4,7.82
2020-05-26,5,6.89
2020-05-26,6,8.4
2020-05-26,7,12.88
2020-05-26,8,17.18
2020-05-26,9,21.45
2020-05-26,10,20.72
2020-05-26,11,27.79
2020-05-26,12,34.84
2020-05-26,13,23.29
2020-05-26,14,21.97
2020-05-26,15,21.85
2020-05-26,16,30.73
2020-05-26,17,26.86
2020-05-26,18,24.76
2020-05-26,19,24.49
2020-05-26,20,22.79
2020-05-26,21,22.43
2020-05-26,22,17.98
2020-05-26,23,16.3
2020-05-26,24,15.77
2020-05-27,1,14.27
2020-05-27,2,9.2
2020-05-27,3,4.72
2020-05-27,4,0.41
2020-05-27,5,0.0
2020-05-27,6,1.99
2020-05-27,7,15.59
2020-05-27,8,19.47
2020-05-27,9,18.16
2020-05-27,10,19.68
2020-05-27,11,20.14
2020-05-27,12,21.12
2020-05-27,13,20.98
2020-05-27,14,19.83
2020-05-27,15,20.16
2020-05-27,16,19.54
2020-05-27,17,21.09
2020-05-27,18,20.11
2020-05-27,19,18.01
2020-05-27,20,16.71
2020-05-27,21,17.06
2020-05-27,22,16.33
2020-05-27,23,16.83
2020-05-27,24,14.79
2020-05-28,1,9.59
2020-05-28,2,4.54
2020-05-28,3,4.36
2020-05-28,4,1.42
2020-05-28,5,0.0
2020-05-28,6,0.0
2020-05-28,7,6.03
2020-05-28,8,11.83
2020-05-28,9,16.14
2020-05-28,10,15.82
2020-05-28,11,17.28
2020-05-28,12,19.0
2020-05-28,13,16.86
2020-05-28,14,14.91
2020-05-28,15,14.64
2020-05-28,16,15.15
2020-05-28,17,14.78
2020-05-28,18,13.38
2020-05-28,19,13.3
2020-05-28,20,9.49
2020-05-28,21,9.77
2020-05-28,22,3.36
2020-05-28,23,1.38
2020-05-28,24,0.0
2020-05-29,1,0.47
2020-05-29,2,0.0
2020-05-29,3,0.41
2020-05-29,4,1.24
2020-05-29,5,2.74
2020-05-29,6,3.56
2020-05-29,7,12.92
2020-05-29,8,15.22
2020-05-29,9,19.57
2020-05-29,10,18.61
2020-05-29,11,11.7
2020-05-29,12,1.37
2020-05-29,13,6.91
2020-05-29,14,15.88
2020-05-29,15,18.38
2020-05-29,16,14.08
2020-05-29,17,17.53
2020-05-29,18,13.37
2020-05-29,19,13.37
2020-05-29,20,13.46
2020-05-29,21,14.77
2020-05-29,22,13.45
2020-05-29,23,13.82
2020-05-29,24,11.15
2020-05-30,1,3.94
2020-05-30,2,0.4
2020-05-30,3,0.47
2020-05-30,4,0.0
2020-05-30,5,0.0
2020-05-30,6,0.0
2020-05-30,7,-0.29
2020-05-30,8,-0.01
2020-05-30,9,0.0
2020-05-30,10,0.0
2020-05-30,11,0.0
2020-05-30,12,0.0
2020-05-30,13,0.0
2020-05-30,14,0.0
2020-05-30,15,1.84
2020-05-30,16,3.54
2020-05-30,17,3.35
2020-05-30,18,5.83
2020-05-30,19,2.31
2020-05-30,20,4.17
2020-05-30,21,5.3
2020-05-30,22,0.89
2020-05-30,23,0.42
2020-05-30,24,0.0
2020-05-31,1,0.0
2020-05-31,2,-0.01
2020-05-31,3,-0.55
2020-05-31,4,-0.31
2020-05-31,5,-0.86
2020-05-31,6,-1.03
2020-05-31,7,0.0
2020-05-31,8,1.82
2020-05-31,9,-0.09
2020-05-31,10,5.96
2020-05-31,11,10.35
2020-05-31,12,11.57
2020-05-31,13,6.2
2020-05-31,14,0.93
2020-05-31,15,1.3
2020-05-31,16,4.88
2020-05-31,17,7.28
2020-05-31,18,3.23
2020-05-31,19,6.08
2020-05-31,20,8.01
2020-05-31,21,30.07
2020-05-31,22,11.68
2020-05-31,23,2.88
2020-05-31,24,-0.02
2020-06-01,1,-2.83
2020-06-01,2,-3.11
2020-06-01,3,-3.43
2020-06-01,4,-4.51
2020-06-01,5,-4.32
2020-06-01,6,-1.55
2020-06-01,7,0.54
2020-06-01,8,6.14
2020-06-01,9,11.01
2020-06-01,10,13.31
2020-06-01,11,12.16
2020-06-01,12,8.61
2020-06-01,13,3.18
2020-06-01,14,0.0
2020-06-01,15,0.0
2020-06-01,16,1.87
2020-06-01,17,8.92
2020-06-01,18,13.33
2020-06-01,19,14.31
2020-06-01,20,13.47
2020-06-01,21,14.35
2020-06-01,22,11.24
2020-06-01,23,1.98
2020-06-01,24,0.49
2020-06-02,1,0.0
2020-06-02,2,0.0
2020-06-02,3,0.0
2020-06-02,4,0.0
2020-06-02,5,0.0
2020-06-02,6,0.9
2020-06-02,7,5.09
2020-06-02,8,17.87
2020-06-02,9,18.33
2020-06-02,10,17.92
2020-06-02,11,13.39
2020-06-02,12,16.4
2020-06-02,13,18.7
2020-06-02,14,15.29
2020-06-02,15,16.0
2020-06-02,16,15.29
2020-06-02,17,26.3
2020-06-02,18,15.96
2020-06-02,19,14.5
2020-06-02,20,19.92
2020-06-02,21,16.03
2020-06-02,22,10.87
2020-06-02,23,3.84
2020-06-02,24,5.72
2020-06-03,1,10.3
2020-06-03,2,0.96
2020-06-03,3,0.89
2020-06-03,4,-2.38
2020-06-03,5,-0.7
2020-06-03,6,3.45
2020-06-03,7,2.27
2020-06-03,8,7.23
2020-06-03,9,8.51
2020-06-03,10,4.49
2020-06-03,11,6.45
2020-06-03,12,10.84
2020-06-03,13,14.54
2020-06-03,14,13.35
2020-06-03,15,13.34
2020-06-03,16,14.52
2020-06-03,17,14.28
2020-06-03,18,16.04
2020-06-03,19,15.99
2020-06-03,20,16.06
2020-06-03,21,16.01
2020-06-03,22,13.67
2020-06-03,23,15.13
2020-06-03,24,10.25
2020-06-04,1,5.5
2020-06-04,2,0.89
2020-06-04,3,3.18
2020-06-04,4,5.59
2020-06-04,5,0.0
2020-06-04,6,0.21
2020-06-04,7,2.06
2020-06-04,8,11.69
2020-06-04,9,16.22
2020-06-04,10,16.07
2020-06-04,11,19.07
2020-06-04,12,19.01
2020-06-04,13,18.68
2020-06-04,14,17.57
2020-06-04,15,17.16
2020-06-04,16,16.3
2020-06-04,17,20.46
2020-06-04,18,18.2
2020-06-04,19,16.92
2020-06-04,20,14.36
2020-06-04,21,15.83
2020-06-04,22,17.95
2020-06-04,23,14.88
2020-06-04,24,12.35
2020-06-05,1,11.1
2020-06-05,2,4.31
2020-06-05,3,4.15
2020-06-05,4,1.76
2020-06-05,5,0.0
2020-06-05,6,2.58
2020-06-05,7,16.3
2020-06-05,8,16.17
2020-06-05,9,18.08
2020-06-05,10,20.06
2020-06-05,11,21.68
2020-06-05,12,21.27
2020-06-05,13,20.68
2020-06-05,14,17.98
2020-06-05,15,17.82
2020-06-05,16,19.05
2020-06-05,17,20.51
2020-06-05,18,16.39
2020-06-05,19,13.37
2020-06-05,20,15.87
2020-06-05,21,24.92
2020-06-05,22,14.31
2020-06-05,23,12.42
2020-06-05,24,6.92
2020-06-06,1,1.39
2020-06-06,2,0.98
2020-06-06,3,1.21
2020-06-06,4,0.0
2020-06-06,5,0.0
2020-06-06,6,2.81
2020-06-06,7,11.17
2020-06-06,8,13.74
2020-06-06,9,13.99
2020-06-06,10,13.46
2020-06-06,11,29.22
2020-06-06,12,15.48
2020-06-06,13,13.99
2020-06-06,14,2.38
2020-06-06,15,0.46
2020-06-06,16,2.38
2020-06-06,17,6.02
2020-06-06,18,6.43
2020-06-06,19,6.02
2020-06-06,20,6.31
2020-06-06,21,5.59
2020-06-06,22,4.21
2020-06-06,23,1.26
2020-06-06,24,0.0
2020-06-07,1,-0.2
2020-06-07,2,-2.23
2020-06-07,3,-4.19
2020-06-07,4,-4.37
2020-06-07,5,-4.4
2020-06-07,6,-4.3
2020-06-07,7,-3.32
2020-06-07,8,6.01
2020-06-07,9,5.8
2020-06-07,10,5.71
2020-06-07,11,5.93
2020-06-07,12,5.97
2020-06-07,13,0.43
2020-06-07,14,0.0
2020-06-07,15,0.92
2020-06-07,16,6.44
2020-06-07,17,22.81
2020-06-07,18,380.82
2020-06-07,19,13.33
2020-06-07,20,5.9
2020-06-07,21,12.15
2020-06-07,22,9.92
2020-06-07,23,10.23
2020-06-07,24,4.83
2020-06-08,1,5.72
2020-06-08,2,-0.03
2020-06-08,3,-0.1
2020-06-08,4,-0.11
2020-06-08,5,0.46
2020-06-08,6,2.26
2020-06-08,7,8.32
2020-06-08,8,9.1
2020-06-08,9,6.62
2020-06-08,10,13.2
2020-06-08,11,7.67
2020-06-08,12,13.36
2020-06-08,13,13.38
2020-06-08,14,16.17
2020-06-08,15,17.41
2020-06-08,16,19.16
2020-06-08,17,20.28
2020-06-08,18,17.52
2020-06-08,19,18.46
2020-06-08,20,17.93
2020-06-08,21,16.64
2020-06-08,22,13.85
2020-06-08,23,7.11
2020-06-08,24,7.69
2020-06-09,1,1.84
2020-06-09,2,-0.01
2020-06-09,3,0.0
2020-06-09,4,0.0
2020-06-09,5,-0.01
2020-06-09,6,2.27
2020-06-09,7,4.19
2020-06-09,8,15.23
2020-06-09,9,15.32
2020-06-09,10,18.41
2020-06-09,11,18.97
2020-06-09,12,19.28
2020-06-09,13,19.02
2020-06-09,14,19.19
2020-06-09,15,19.23
2020-06-09,16,19.94
2020-06-09,17,20.54
2020-06-09,18,20.93
2020-06-09,19,17.76
2020-06-09,20,15.03
2020-06-09,21,16.53
2020-06-09,22,14.56
2020-06-09,23,8.39
2020-06-09,24,4.91
2020-06-10,1,4.43
2020-06-10,2,0.0
2020-06-10,3,0.0
2020-06-10,4,0.0
2020-06-10,5,0.0
2020-06-10,6,0.0
2020-06-10,7,0.0
2020-06-10,8,1.92
2020-06-10,9,10.24
2020-06-10,10,12.17
2020-06-10,11,5.24
2020-06-10,12,11.94
2020-06-10,13,17.79
2020-06-10,14,17.87
2020-06-10,15,18.55
2020-06-10,16,15.15
2020-06-10,17,13.97
2020-06-10,18,14.22
2020-06-10,19,16.26
2020-06-10,20,16.0
2020-06-10,21,18.44
2020-06-10,22,7.07
2020-06-10,23,1.46
2020-06-10,24,1.76
2020-06-11,1,0.0
2020-06-11,2,0.0
2020-06-11,3,-0.02
2020-06-11,4,-0.11
2020-06-11,5,-0.1
2020-06-11,6,0.0
2020-06-11,7,0.0
2020-06-11,8,0.0
2020-06-11,9,0.0
2020-06-11,10,0.0
2020-06-11,11,0.0
2020-06-11,12,0.0
2020-06-11,13,0.0
2020-06-11,14,0.0
2020-06-11,15,0.0
2020-06-11,16,3.3
2020-06-11,17,7.05
2020-06-11,18,13.33
2020-06-11,19,13.36
2020-06-11,20,10.17
2020-06-11,21,9.13
2020-06-11,22,2.46
2020-06-11,23,-0.01
2020-06-11,24,0.0
2020-06-12,1,-0.01
2020-06-12,2,-0.77
2020-06-12,3,-2.93
2020-06-12,4,-3.0
2020-06-12,5,-3.0
2020-06-12,6,0.55
2020-06-12,7,12.13
2020-06-12,8,12.38
2020-06-12,9,5.79
2020-06-12,10,3.82
2020-06-12,11,3.9
2020-06-12,12,0.0
2020-06-12,13,3.65
2020-06-12,14,0.0
2020-06-12,15,0.82
2020-06-12,16,2.28
2020-06-12,17,4.19
2020-06-12,18,5.75
2020-06-12,19,5.74
2020-06-12,20,5.88
2020-06-12,21,6.05
2020-06-12,22,8.96
2020-06-12,23,4.24
2020-06-12,24,1.83
2020-06-13,1,-0.02
2020-06-13,2,-3.89
2020-06-13,3,-4.28
2020-06-13,4,-4.42
2020-06-13,5,-4.48
2020-06-13,6,-4.48
2020-06-13,7,-2.01
2020-06-13,8,3.08
2020-06-13,9,0.0
2020-06-13,10,-3.0
2020-06-13,11,-0.01
2020-06-13,12,0.0
2020-06-13,13,0.0
2020-06-13,14,0.0
2020-06-13,15,-0.04
2020-06-13,16,-1.68
2020-06-13,17,0.44
2020-06-13,18,0.0
2020-06-13,19,0.0
2020-06-13,20,0.0
2020-06-13,21,5.74
2020-06-13,22,4.76
2020-06-13,23,2.39
2020-06-13,24,0.88
2020-06-14,1,0.85
2020-06-14,2,-0.03
2020-06-14,3,-3.11
2020-06-14,4,-3.0
2020-06-14,5,-3.28
2020-06-14,6,-4.38
2020-06-14,7,-4.46
2020-06-14,8,-4.1
2020-06-14,9,-3.09
2020-06-14,10,-2.07
2020-06-14,11,-0.11
2020-06-14,12,-0.07
2020-06-14,13,-0.02
2020-06-14,14,-0.02
2020-06-14,15,0.0
2020-06-14,16,0.41
2020-06-14,17,1.38
2020-06-14,18,2.13
2020-06-14,19,0.0
2020-06-14,20,2.45
2020-06-14,21,5.79
2020-06-14,22,4.05
2020-06-14,23,2.29
2020-06-14,24,1.81
2020-06-15,1,0.0
2020-06-15,2,0.0
2020-06-15,3,0.0
2020-06-15,4,-0.01
2020-06-15,5,-0.03
2020-06-15,6,0.44
2020-06-15,7,10.36
2020-06-15,8,11.25
2020-06-15,9,5.54
2020-06-15,10,0.0
2020-06-15,11,-0.03
2020-06-15,12,2.9
2020-06-15,13,0.41
2020-06-15,14,0.0
2020-06-15,15,1.06
2020-06-15,16,8.32
2020-06-15,17,13.47
2020-06-15,18,13.86
2020-06-15,19,16.25
2020-06-15,20,13.21
2020-06-15,21,13.03
2020-06-15,22,9.12
2020-06-15,23,5.44
2020-06-15,24,1.91
2020-06-16,1,0.0
2020-06-16,2,0.0
2020-06-16,3,1.83
2020-06-16,4,5.62
2020-06-16,5,3.55
2020-06-16,6,3.43
2020-06-16,7,6.79
2020-06-16,8,11.76
2020-06-16,9,8.42
2020-06-16,10,11.2
2020-06-16,11,11.52
2020-06-16,12,13.64
2020-06-16,13,13.56
2020-06-16,14,13.32
2020-06-16,15,13.32
2020-06-16,16,14.83
2020-06-16,17,13.69
2020-06-16,18,14.19
2020-06-16,19,14.47
2020-06-16,20,14.97
2020-06-16,21,17.92
2020-06-16,22,19.05
2020-06-16,23,11.1
2020-06-16,24,9.06
2020-06-17,1,5.53
2020-06-17,2,3.27
2020-06-17,3,4.69
2020-06-17,4,0.0
2020-06-17,5,3.61
2020-06-17,6,2.41
2020-06-17,7,7.45
2020-06-17,8,17.3
2020-06-17,9,24.39
2020-06-17,10,14.79
2020-06-17,11,16.57
2020-06-17,12,16.94
2020-06-17,13,16.39
2020-06-17,14,16.95
2020-06-17,15,17.0
2020-06-17,16,17.8
2020-06-17,17,20.23
2020-06-17,18,26.56
2020-06-17,19,29.38
2020-06-17,20,18.92
2020-06-17,21,16.83
2020-06-17,22,15.31
2020-06-17,23,14.78
2020-06-17,24,9.66
2020-06-18,1,9.15
2020-06-18,2,7.78
2020-06-18,3,6.99
2020-06-18,4,0.85
2020-06-18,5,-2.85
2020-06-18,6,2.01
2020-06-18,7,15.03
2020-06-18,8,61.34
2020-06-18,9,21.59
2020-06-18,10,16.26
2020-06-18,11,17.97
2020-06-18,12,20.37
2020-06-18,13,15.68
2020-06-18,14,13.39
2020-06-18,15,13.95
2020-06-18,16,18.85
2020-06-18,17,18.51
2020-06-18,18,17.91
2020-06-18,19,20.36
2020-06-18,20,18.07
2020-06-18,21,18.04
2020-06-18,22,19.11
2020-06-18,23,19.23
2020-06-18,24,19.84
2020-06-19,1,15.81
2020-06-19,2,7.54
2020-06-19,3,3.23
2020-06-19,4,9.98
2020-06-19,5,-1.04
2020-06-19,6,9.08
2020-06-19,7,12.17
2020-06-19,8,16.99
2020-06-19,9,18.12
2020-06-19,10,17.77
2020-06-19,11,19.2
2020-06-19,12,23.93
2020-06-19,13,22.72
2020-06-19,14,19.65
2020-06-19,15,20.06
2020-06-19,16,22.15
2020-06-19,17,20.78
2020-06-19,18,21.0
2020-06-19,19,19.56
2020-06-19,20,14.35
2020-06-19,21,16.74
2020-06-19,22,16.0
2020-06-19,23,16.15
2020-06-19,24,21.05
2020-06-20,1,12.65
2020-06-20,2,16.44
2020-06-20,3,13.34
2020-06-20,4,13.36
2020-06-20,5,13.32
2020-06-20,6,7.37
2020-06-20,7,-1.51
2020-06-20,8,6.25
2020-06-20,9,16.86
2020-06-20,10,18.15
2020-06-20,11,18.91
2020-06-20,12,19.73
2020-06-20,13,19.73
2020-06-20,14,19.85
2020-06-20,15,19.65
2020-06-20,16,19.75
2020-06-20,17,19.9
2020-06-20,18,21.76
2020-06-20,19,19.87
2020-06-20,20,20.82
2020-06-20,21,25.26
2020-06-20,22,36.18
2020-06-20,23,15.8
2020-06-20,24,16.21
2020-06-21,1,14.46
2020-06-21,2,12.6
2020-06-21,3,8.96
2020-06-21,4,4.95
2020-06-21,5,2.53
2020-06-21,6,6.55
2020-06-21,7,8.22
2020-06-21,8,15.41
2020-06-21,9,27.82
2020-06-21,10,18.4
2020-06-21,11,32.13
2020-06-21,12,19.86
2020-06-21,13,19.91
2020-06-21,14,19.58
2020-06-21,15,19.58
2020-06-21,16,20.19
2020-06-21,17,19.91
2020-06-21,18,19.87
2020-06-21,19,18.72
2020-06-21,20,19.58
2020-06-21,21,19.72
2020-06-21,22,17.45
2020-06-21,23,18.01
2020-06-21,24,16.53
2020-06-22,1,13.81
2020-06-22,2,14.12
2020-06-22,3,15.07
2020-06-22,4,14.04
2020-06-22,5,12.58
2020-06-22,6,8.08
2020-06-22,7,15.08
2020-06-22,8,18.12
2020-06-22,9,19.01
2020-06-22,10,21.41
2020-06-22,11,62.11
2020-06-22,12,46.76
2020-06-22,13,45.34
2020-06-22,14,26.15
2020-06-22,15,26.9
2020-06-22,16,26.84
2020-06-22,17,33.98
2020-06-22,18,21.39
2020-06-22,19,21.1
2020-06-22,20,20.36
2020-06-22,21,19.66
2020-06-22,22,16.77
2020-06-22,23,16.64
2020-06-22,24,14.93
2020-06-23,1,24.04
2020-06-23,2,13.78
2020-06-23,3,13.44
2020-06-23,4,12.73
2020-06-23,5,7.8
2020-06-23,6,15.1
2020-06-23,7,17.46
2020-06-23,8,17.55
2020-06-23,9,18.61
2020-06-23,10,17.5
2020-06-23,11,18.82
2020-06-23,12,18.58
2020-06-23,13,14.32
2020-06-23,14,14.4
2020-06-23,15,15.69
2020-06-23,16,14.83
2020-06-23,17,12.89
2020-06-23,18,9.83
2020-06-23,19,11.61
2020-06-23,20,13.34
2020-06-23,21,12.79
2020-06-23,22,11.51
2020-06-23,23,1.95
2020-06-23,24,0.0
2020-06-24,1,0.0
2020-06-24,2,0.0
2020-06-24,3,0.0
2020-06-24,4,0.0
2020-06-24,5,0.0
2020-06-24,6,0.0
2020-06-24,7,0.0
2020-06-24,8,0.0
2020-06-24,9,0.88
2020-06-24,10,6.5
2020-06-24,11,5.9
2020-06-24,12,8.41
2020-06-24,13,13.26
2020-06-24,14,5.99
2020-06-24,15,10.25
2020-06-24,16,7.72
2020-06-24,17,5.97
2020-06-24,18,5.91
2020-06-24,19,12.15
2020-06-24,20,13.34
2020-06-24,21,13.36
2020-06-24,22,11.01
2020-06-24,23,9.38
2020-06-24,24,2.31
2020-06-25,1,2.83
2020-06-25,2,5.65
2020-06-25,3,6.06
2020-06-25,4,6.1
2020-06-25,5,-0.61
2020-06-25,6,2.95
2020-06-25,7,2.61
2020-06-25,8,13.3
2020-06-25,9,13.34
2020-06-25,10,13.35
2020-06-25,11,13.66
2020-06-25,12,13.5
2020-06-25,13,13.79
2020-06-25,14,16.75
2020-06-25,15,13.23
2020-06-25,16,12.58
2020-06-25,17,12.74
2020-06-25,18,13.38
2020-06-25,19,16.95
2020-06-25,20,15.13
2020-06-25,21,19.96
2020-06-25,22,20.41
2020-06-25,23,12.69
2020-06-25,24,9.37
2020-06-26,1,10.84
2020-06-26,2,5.92
2020-06-26,3,6.05
2020-06-26,4,5.79
2020-06-26,5,5.93
2020-06-26,6,2.42
2020-06-26,7,11.21
2020-06-26,8,16.56
2020-06-26,9,16.31
2020-06-26,10,18.06
2020-06-26,11,17.88
2020-06-26,12,17.91
2020-06-26,13,18.45
2020-06-26,14,17.89
2020-06-26,15,18.15
2020-06-26,16,17.72
2020-06-26,17,16.39
2020-06-26,18,18.82
2020-06-26,19,20.29
2020-06-26,20,20.06
2020-06-26,21,15.56
2020-06-26,22,16.21
2020-06-26,23,13.74
2020-06-26,24,10.42
2020-06-27,1,1.89
2020-06-27,2,5.89
2020-06-27,3,5.96
2020-06-27,4,6.07
2020-06-27,5,5.74
2020-06-27,6,3.18
2020-06-27,7,1.84
2020-06-27,8,5.8
2020-06-27,9,17.54
2020-06-27,10,24.88
2020-06-27,11,29.07
2020-06-27,12,15.57
2020-06-27,13,14.29
2020-06-27,14,13.37
2020-06-27,15,16.28
2020-06-27,16,19.09
2020-06-27,17,18.31
2020-06-27,18,18.54
2020-06-27,19,18.56
2020-06-27,20,18.15
2020-06-27,21,24.69
2020-06-27,22,19.08
2020-06-27,23,12.9
2020-06-27,24,7.51
2020-06-28,1,5.2
2020-06-28,2,4.8
2020-06-28,3,5.55
2020-06-28,4,1.25
2020-06-28,5,-0.45
2020-06-28,6,1.31
2020-06-28,7,0.4
2020-06-28,8,9.19
2020-06-28,9,14.3
2020-06-28,10,12.79
2020-06-28,11,14.92
2020-06-28,12,17.6
2020-06-28,13,17.57
2020-06-28,14,17.46
2020-06-28,15,15.73
2020-06-28,16,17.22
2020-06-28,17,19.54
2020-06-28,18,20.58
2020-06-28,19,25.44
2020-06-28,20,21.48
2020-06-28,21,19.88
2020-06-28,22,22.1
2020-06-28,23,14.42
2020-06-28,24,14.31
2020-06-29,1,11.43
2020-06-29,2,6.89
2020-06-29,3,5.78
2020-06-29,4,2.54
2020-06-29,5,1.36
2020-06-29,6,8.98
2020-06-29,7,15.23
2020-06-29,8,17.0
2020-06-29,9,20.61
2020-06-29,10,18.28
2020-06-29,11,19.7
2020-06-29,12,19.46
2020-06-29,13,19.29
2020-06-29,14,19.75
2020-06-29,15,19.74
2020-06-29,16,25.71
2020-06-29,17,49.14
2020-06-29,18,25.76
2020-06-29,19,19.65
2020-06-29,20,19.09
2020-06-29,21,17.73
2020-06-29,22,16.95
2020-06-29,23,15.13
2020-06-29,24,14.07
2020-06-30,1,13.35
2020-06-30,2,12.05
2020-06-30,3,9.71
2020-06-30,4,5.73
2020-06-30,5,0.0
2020-06-30,6,3.47
2020-06-30,7,7.95
2020-06-30,8,17.27
2020-06-30,9,17.69
2020-06-30,10,18.62
2020-06-30,11,20.19
2020-06-30,12,20.92
2020-06-30,13,20.77
2020-06-30,14,20.59
2020-06-30,15,20.32
2020-06-30,16,20.36
2020-06-30,17,20.7
2020-06-30,18,17.68
2020-06-30,19,16.83
2020-06-30,20,16.31
2020-06-30,21,16.58
2020-06-30,22,16.48
2020-06-30,23,15.61
2020-06-30,24,24.1
2020-07-01,1,10.28
2020-07-01,2,10.28
2020-07-01,3,7.16
2020-07-01,4,4.26
2020-07-01,5,5.73
2020-07-01,6,8.98
2020-07-01,7,14.8
2020-07-01,8,21.65
2020-07-01,9,19.81
2020-07-01,10,18.05
2020-07-01,11,15.35
2020-07-01,12,18.43
2020-07-01,13,18.74
2020-07-01,14,17.48
2020-07-01,15,17.41
2020-07-01,16,20.51
2020-07-01,17,21.67
2020-07-01,18,19.21
2020-07-01,19,18.71
2020-07-01,20,22.66
2020-07-01,21,17.37
2020-07-01,22,22.69
2020-07-01,23,18.42
2020-07-01,24,12.71
2020-07-02,1,7.91
2020-07-02,2,3.74
2020-07-02,3,-0.75
2020-07-02,4,0.44
2020-07-02,5,0.0
2020-07-02,6,-2.93
2020-07-02,7,5.79
2020-07-02,8,17.24
2020-07-02,9,18.66
2020-07-02,10,18.37
2020-07-02,11,19.88
2020-07-02,12,20.53
2020-07-02,13,20.99
2020-07-02,14,21.75
2020-07-02,15,22.59
2020-07-02,16,24.12
2020-07-02,17,25.44
2020-07-02,18,22.24
2020-07-02,19,21.9
2020-07-02,20,21.69
2020-07-02,21,21.85
2020-07-02,22,18.81
2020-07-02,23,17.07
2020-07-02,24,15.57
2020-07-03,1,15.22
2020-07-03,2,9.0
2020-07-03,3,5.93
2020-07-03,4,1.29
2020-07-03,5,0.0
2020-07-03,6,7.2
2020-07-03,7,6.56
2020-07-03,8,17.52
2020-07-03,9,17.36
2020-07-03,10,17.81
2020-07-03,11,19.46
2020-07-03,12,20.23
2020-07-03,13,20.75
2020-07-03,14,21.57
2020-07-03,15,23.22
2020-07-03,16,22.63
2020-07-03,17,41.91
2020-07-03,18,26.83
2020-07-03,19,22.32
2020-07-03,20,18.41
2020-07-03,21,17.09
2020-07-03,22,15.34
2020-07-03,23,15.65
2020-07-03,24,17.36
2020-07-04,1,51.63
2020-07-04,2,16.4
2020-07-04,3,15.14
2020-07-04,4,3.89
2020-07-04,5,-0.01
2020-07-04,6,-0.02
2020-07-04,7,8.89
2020-07-04,8,15.74
2020-07-04,9,17.83
2020-07-04,10,17.69
2020-07-04,11,17.5
2020-07-04,12,17.68
2020-07-04,13,17.66
2020-07-04,14,17.68
2020-07-04,15,18.01
2020-07-04,16,21.47
2020-07-04,17,33.54
2020-07-04,18,50.26
2020-07-04,19,44.1
2020-07-04,20,21.21
2020-07-04,21,16.61
2020-07-04,22,16.17
2020-07-04,23,15.15
2020-07-04,24,11.69
2020-07-05,1,4.72
2020-07-05,2,7.28
2020-07-05,3,3.82
2020-07-05,4,5.84
2020-07-05,5,5.37
2020-07-05,6,-3.78
2020-07-05,7,5.61
2020-07-05,8,1.97
2020-07-05,9,10.12
2020-07-05,10,17.34
2020-07-05,11,16.5
2020-07-05,12,17.24
2020-07-05,13,17.69
2020-07-05,14,17.95
2020-07-05,15,17.91
2020-07-05,16,19.61
2020-07-05,17,21.78
2020-07-05,18,22.5
2020-07-05,19,22.21
2020-07-05,20,18.9
2020-07-05,21,17.65
2020-07-05,22,17.65
2020-07-05,23,16.12
2020-07-05,24,14.14
2020-07-06,1,14.44
2020-07-06,2,13.47
2020-07-06,3,13.35
2020-07-06,4,9.73
2020-07-06,5,11.54
2020-07-06,6,16.18
2020-07-06,7,15.67
2020-07-06,8,18.22
2020-07-06,9,18.52
2020-07-06,10,20.43
2020-07-06,11,38.55
2020-07-06,12,72.62
2020-07-06,13,97.9
2020-07-06,14,26.26
2020-07-06,15,40.78
2020-07-06,16,53.41
2020-07-06,17,118.28
2020-07-06,18,69.91
2020-07-06,19,58.54
2020-07-06,20,21.09
2020-07-06,21,18.75
2020-07-06,22,16.18
2020-07-06,23,14.42
2020-07-06,24,10.66
2020-07-07,1,8.62
2020-07-07,2,11.48
2020-07-07,3,5.99
2020-07-07,4,0.0
2020-07-07,5,2.16
2020-07-07,6,7.18
2020-07-07,7,13.22
2020-07-07,8,18.54
2020-07-07,9,20.04
2020-07-07,10,20.23
2020-07-07,11,24.39
2020-07-07,12,41.17
2020-07-07,13,58.18
2020-07-07,14,55.06
2020-07-07,15,27.98
2020-07-07,16,34.63
2020-07-07,17,23.02
2020-07-07,18,21.75
2020-07-07,19,48.6
2020-07-07,20,33.4
2020-07-07,21,40.83
2020-07-07,22,23.09
2020-07-07,23,16.56
2020-07-07,24,12.55
2020-07-08,1,15.04
2020-07-08,2,23.76
2020-07-08,3,22.22
2020-07-08,4,17.52
2020-07-08,5,16.53
2020-07-08,6,16.41
2020-07-08,7,17.48
2020-07-08,8,19.38
2020-07-08,9,22.94
2020-07-08,10,22.44
2020-07-08,11,22.91
2020-07-08,12,39.97
2020-07-08,13,36.62
2020-07-08,14,67.54
2020-07-08,15,18.33
2020-07-08,16,22.61
2020-07-08,17,93.98
2020-07-08,18,119.56
2020-07-08,19,40.58
2020-07-08,20,39.95
2020-07-08,21,22.88
2020-07-08,22,22.34
2020-07-08,23,18.03
2020-07-08,24,17.15
2020-07-09,1,20.25
2020-07-09,2,19.22
2020-07-09,3,15.78
2020-07-09,4,15.22
2020-07-09,5,13.46
2020-07-09,6,12.85
2020-07-09,7,15.18
2020-07-09,8,16.53
2020-07-09,9,19.15
2020-07-09,10,26.8
2020-07-09,11,26.19
2020-07-09,12,49.82
2020-07-09,13,90.23
2020-07-09,14,119.54
2020-07-09,15,151.41
2020-07-09,16,203.46
2020-07-09,17,120.26
2020-07-09,18,160.16
2020-07-09,19,108.73
2020-07-09,20,23.67
2020-07-09,21,31.57
2020-07-09,22,23.36
2020-07-09,23,23.11
2020-07-09,24,23.13
2020-07-10,1,28.75
2020-07-10,2,16.83
2020-07-10,3,18.16
2020-07-10,4,14.71
2020-07-10,5,13.39
2020-07-10,6,13.15
2020-07-10,7,15.32
2020-07-10,8,18.67
2020-07-10,9,23.3
2020-07-10,10,56.28
2020-07-10,11,106.53
2020-07-10,12,59.55
2020-07-10,13,104.71
2020-07-10,14,26.85
2020-07-10,15,35.2
2020-07-10,16,29.72
2020-07-10,17,31.73
2020-07-10,18,18.45
2020-07-10,19,18.42
2020-07-10,20,18.85
2020-07-10,21,24.81
2020-07-10,22,21.02
2020-07-10,23,23.94
2020-07-10,24,16.85
2020-07-11,1,15.34
2020-07-11,2,14.56
2020-07-11,3,14.81
2020-07-11,4,14.42
2020-07-11,5,13.35
2020-07-11,6,13.36
2020-07-11,7,11.71
2020-07-11,8,9.48
2020-07-11,9,14.67
2020-07-11,10,17.03
2020-07-11,11,17.82
2020-07-11,12,17.52
2020-07-11,13,17.4
2020-07-11,14,16.41
2020-07-11,15,13.5
2020-07-11,16,13.27
2020-07-11,17,13.11
2020-07-11,18,13.34
2020-07-11,19,13.38
2020-07-11,20,17.52
2020-07-11,21,20.18
2020-07-11,22,17.95
2020-07-11,23,12.47
2020-07-11,24,9.0
2020-07-12,1,2.28
2020-07-12,2,3.13
2020-07-12,3,6.64
2020-07-12,4,5.07
2020-07-12,5,4.49
2020-07-12,6,4.29
2020-07-12,7,10.36
2020-07-12,8,9.36
2020-07-12,9,13.48
2020-07-12,10,15.07
2020-07-12,11,17.13
2020-07-12,12,18.09
2020-07-12,13,18.56
2020-07-12,14,17.31
2020-07-12,15,17.0
2020-07-12,16,14.85
2020-07-12,17,14.48
2020-07-12,18,14.46
2020-07-12,19,12.21
2020-07-12,20,12.99
2020-07-12,21,13.74
2020-07-12,22,12.1
2020-07-12,23,8.52
2020-07-12,24,5.31
2020-07-13,1,5.03
2020-07-13,2,5.86
2020-07-13,3,6.09
2020-07-13,4,5.89
2020-07-13,5,5.86
2020-07-13,6,2.48
2020-07-13,7,9.17
2020-07-13,8,16.01
2020-07-13,9,15.59
2020-07-13,10,16.66
2020-07-13,11,16.82
2020-07-13,12,17.13
2020-07-13,13,14.88
2020-07-13,14,17.34
2020-07-13,15,16.89
2020-07-13,16,16.84
2020-07-13,17,17.9
2020-07-13,18,17.4
2020-07-13,19,17.23
2020-07-13,20,16.39
2020-07-13,21,17.46
2020-07-13,22,18.29
2020-07-13,23,17.63
2020-07-13,24,8.94
2020-07-14,1,8.67
2020-07-14,2,10.75
2020-07-14,3,13.36
2020-07-14,4,13.34
2020-07-14,5,8.39
2020-07-14,6,7.63
2020-07-14,7,15.54
2020-07-14,8,15.34
2020-07-14,9,15.29
2020-07-14,10,17.4
2020-07-14,11,19.21
2020-07-14,12,18.91
2020-07-14,13,17.64
2020-07-14,14,17.27
2020-07-14,15,17.01
2020-07-14,16,17.26
2020-07-14,17,18.46
2020-07-14,18,18.2
2020-07-14,19,17.52
2020-07-14,20,17.26
2020-07-14,21,17.43
2020-07-14,22,16.01
2020-07-14,23,14.4
2020-07-14,24,3.62
2020-07-15,1,5.08
2020-07-15,2,13.35
2020-07-15,3,13.34
2020-07-15,4,6.08
2020-07-15,5,5.33
2020-07-15,6,6.79
2020-07-15,7,10.45
2020-07-15,8,19.88
2020-07-15,9,15.82
2020-07-15,10,16.73
2020-07-15,11,17.5
2020-07-15,12,16.81
2020-07-15,13,16.68
2020-07-15,14,16.77
2020-07-15,15,16.75
2020-07-15,16,17.41
2020-07-15,17,18.42
2020-07-15,18,16.96
2020-07-15,19,16.7
2020-07-15,20,15.66
2020-07-15,21,16.13
2020-07-15,22,16.54
2020-07-15,23,14.85
2020-07-15,24,4.6
2020-07-16,1,1.86
2020-07-16,2,0.48
2020-07-16,3,5.83
2020-07-16,4,0.0
2020-07-16,5,5.08
2020-07-16,6,16.2
2020-07-16,7,18.57
2020-07-16,8,19.21
2020-07-16,9,17.0
2020-07-16,10,16.68
2020-07-16,11,17.08
2020-07-16,12,18.77
2020-07-16,13,18.97
2020-07-16,14,16.75
2020-07-16,15,16.68
2020-07-16,16,16.7
2020-07-16,17,16.41
2020-07-16,18,16.5
2020-07-16,19,15.08
2020-07-16,20,16.31
2020-07-16,21,16.28
2020-07-16,22,15.61
2020-07-16,23,18.6
2020-07-16,24,12.52
2020-07-17,1,9.73
2020-07-17,2,3.38
2020-07-17,3,3.27
2020-07-17,4,0.0
2020-07-17,5,6.0
2020-07-17,6,0.97
2020-07-17,7,11.41
2020-07-17,8,12.27
2020-07-17,9,17.37
2020-07-17,10,19.26
2020-07-17,11,19.27
2020-07-17,12,19.75
2020-07-17,13,19.78
2020-07-17,14,19.79
2020-07-17,15,18.82
2020-07-17,16,18.63
2020-07-17,17,21.0
2020-07-17,18,21.0
2020-07-17,19,20.69
2020-07-17,20,18.34
2020-07-17,21,17.44
2020-07-17,22,16.3
2020-07-17,23,15.99
2020-07-17,24,14.71
2020-07-18,1,10.29
2020-07-18,2,7.53
2020-07-18,3,2.36
2020-07-18,4,1.79
2020-07-18,5,6.0
2020-07-18,6,1.89
2020-07-18,7,0.91
2020-07-18,8,10.99
2020-07-18,9,16.6
2020-07-18,10,18.53
2020-07-18,11,17.91
2020-07-18,12,16.55
2020-07-18,13,16.55
2020-07-18,14,16.42
2020-07-18,15,17.96
2020-07-18,16,18.67
2020-07-18,17,20.26
2020-07-18,18,20.25
2020-07-18,19,19.51
2020-07-18,20,17.08
2020-07-18,21,17.54
2020-07-18,22,18.42
2020-07-18,23,17.67
2020-07-18,24,14.62
2020-07-19,1,9.17
2020-07-19,2,2.85
2020-07-19,3,0.0
2020-07-19,4,0.45
2020-07-19,5,0.0
2020-07-19,6,0.0
2020-07-19,7,0.0
2020-07-19,8,1.31
2020-07-19,9,7.37
2020-07-19,10,18.0
2020-07-19,11,75.4
2020-07-19,12,138.8
2020-07-19,13,10.32
2020-07-19,14,0.0
2020-07-19,15,2.34
2020-07-19,16,8.43
2020-07-19,17,10.27
2020-07-19,18,5.55
2020-07-19,19,0.0
2020-07-19,20,0.0
2020-07-19,21,1.95
2020-07-19,22,8.31
2020-07-19,23,10.92
2020-07-19,24,7.17
2020-07-20,1,2.2
2020-07-20,2,0.8
2020-07-20,3,0.0
2020-07-20,4,0.8
2020-07-20,5,0.0
2020-07-20,6,0.0
2020-07-20,7,11.08
2020-07-20,8,19.58
2020-07-20,9,19.74
2020-07-20,10,19.54
2020-07-20,11,19.62
2020-07-20,12,19.65
2020-07-20,13,19.23
2020-07-20,14,16.29
2020-07-20,15,16.63
2020-07-20,16,17.8
2020-07-20,17,18.36
2020-07-20,18,19.94
2020-07-20,19,18.54
2020-07-20,20,16.56
2020-07-20,21,17.4
2020-07-20,22,23.26
2020-07-20,23,15.61
2020-07-20,24,10.34
2020-07-21,1,9.57
2020-07-21,2,7.32
2020-07-21,3,8.96
2020-07-21,4,6.04
2020-07-21,5,5.69
2020-07-21,6,2.6
2020-07-21,7,9.88
2020-07-21,8,15.4
2020-07-21,9,16.27
2020-07-21,10,16.1
2020-07-21,11,16.43
2020-07-21,12,15.2
2020-07-21,13,17.1
2020-07-21,14,16.13
2020-07-21,15,15.62
2020-07-21,16,16.33
2020-07-21,17,17.72
2020-07-21,18,17.13
2020-07-21,19,16.42
2020-07-21,20,15.69
2020-07-21,21,15.95
2020-07-21,22,16.15
2020-07-21,23,18.01
2020-07-21,24,28.93
2020-07-22,1,33.06
2020-07-22,2,13.32
2020-07-22,3,12.72
2020-07-22,4,5.89
2020-07-22,5,1.27
2020-07-22,6,7.75
2020-07-22,7,13.7
2020-07-22,8,14.07
2020-07-22,9,16.25
2020-07-22,10,15.66
2020-07-22,11,17.76
2020-07-22,12,18.96
2020-07-22,13,18.74
2020-07-22,14,17.53
2020-07-22,15,16.48
2020-07-22,16,14.98
2020-07-22,17,16.86
2020-07-22,18,17.1
2020-07-22,19,21.95
2020-07-22,20,17.49
2020-07-22,21,21.5
2020-07-22,22,22.61
2020-07-22,23,18.3
2020-07-22,24,16.92
2020-07-23,1,10.98
2020-07-23,2,12.32
2020-07-23,3,7.59
2020-07-23,4,3.47
2020-07-23,5,7.89
2020-07-23,6,14.5
2020-07-23,7,20.78
2020-07-23,8,18.13
2020-07-23,9,16.9
2020-07-23,10,17.14
2020-07-23,11,17.8
2020-07-23,12,17.43
2020-07-23,13,17.72
2020-07-23,14,17.76
2020-07-23,15,17.78
2020-07-23,16,16.67
2020-07-23,17,15.65
2020-07-23,18,15.61
2020-07-23,19,15.74
2020-07-23,20,15.85
2020-07-23,21,16.27
2020-07-23,22,15.09
2020-07-23,23,17.25
2020-07-23,24,9.85
2020-07-24,1,3.45
2020-07-24,2,0.41
2020-07-24,3,0.0
2020-07-24,4,5.57
2020-07-24,5,7.86
2020-07-24,6,9.6
2020-07-24,7,13.7
2020-07-24,8,15.7
2020-07-24,9,16.15
2020-07-24,10,17.04
2020-07-24,11,17.09
2020-07-24,12,15.99
2020-07-24,13,16.06
2020-07-24,14,18.85
2020-07-24,15,19.42
2020-07-24,16,20.05
2020-07-24,17,20.14
2020-07-24,18,20.24
2020-07-24,19,19.77
2020-07-24,20,19.99
2020-07-24,21,17.35
2020-07-24,22,20.67
2020-07-24,23,17.37
2020-07-24,24,20.08
2020-07-25,1,12.74
2020-07-25,2,10.29
2020-07-25,3,5.8
2020-07-25,4,2.16
2020-07-25,5,0.36
2020-07-25,6,-2.55
2020-07-25,7,1.89
2020-07-25,8,14.49
2020-07-25,9,18.51
2020-07-25,10,18.5
2020-07-25,11,18.85
2020-07-25,12,18.85
2020-07-25,13,20.14
2020-07-25,14,20.51
2020-07-25,15,18.47
2020-07-25,16,20.25
2020-07-25,17,20.84
2020-07-25,18,20.85
2020-07-25,19,20.47
2020-07-25,20,18.26
2020-07-25,21,18.32
2020-07-25,22,16.35
2020-07-25,23,15.77
2020-07-25,24,11.0
2020-07-26,1,1.29
2020-07-26,2,0.0
2020-07-26,3,0.41
2020-07-26,4,0.0
2020-07-26,5,0.0
2020-07-26,6,0.0
2020-07-26,7,2.09
2020-07-26,8,5.94
2020-07-26,9,12.52
2020-07-26,10,18.76
2020-07-26,11,19.37
2020-07-26,12,25.04
2020-07-26,13,20.72
2020-07-26,14,20.0
2020-07-26,15,19.39
2020-07-26,16,20.56
2020-07-26,17,42.18
2020-07-26,18,45.41
2020-07-26,19,38.05
2020-07-26,20,19.23
2020-07-26,21,17.4
2020-07-26,22,16.7
2020-07-26,23,18.44
2020-07-26,24,31.15
2020-07-27,1,18.46
2020-07-27,2,8.13
2020-07-27,3,8.07
2020-07-27,4,6.12
2020-07-27,5,8.81
2020-07-27,6,7.87
2020-07-27,7,19.63
2020-07-27,8,20.74
2020-07-27,9,21.52
2020-07-27,10,20.78
2020-07-27,11,20.81
2020-07-27,12,20.85
2020-07-27,13,21.39
2020-07-27,14,21.68
2020-07-27,15,75.93
2020-07-27,16,106.86
2020-07-27,17,22.0
2020-07-27,18,22.03
2020-07-27,19,20.22
2020-07-27,20,20.93
2020-07-27,21,111.6
2020-07-27,22,20.87
2020-07-27,23,18.55
2020-07-27,24,17.55
2020-07-28,1,15.04
2020-07-28,2,8.03
2020-07-28,3,6.06
2020-07-28,4,5.98
2020-07-28,5,11.72
2020-07-28,6,12.66
2020-07-28,7,13.78
2020-07-28,8,18.7
2020-07-28,9,19.05
2020-07-28,10,19.56
2020-07-28,11,19.61
2020-07-28,12,19.21
2020-07-28,13,16.71
2020-07-28,14,16.59
2020-07-28,15,14.37
2020-07-28,16,13.85
2020-07-28,17,14.83
2020-07-28,18,16.24
2020-07-28,19,16.56
2020-07-28,20,15.49
2020-07-28,21,16.04
2020-07-28,22,15.79
2020-07-28,23,17.08
2020-07-28,24,6.73
2020-07-29,1,7.85
2020-07-29,2,0.0
2020-07-29,3,5.9
2020-07-29,4,14.22
2020-07-29,5,13.35
2020-07-29,6,3.93
2020-07-29,7,5.37
2020-07-29,8,17.07
2020-07-29,9,20.6
2020-07-29,10,19.91
2020-07-29,11,18.53
2020-07-29,12,24.24
2020-07-29,13,20.43
2020-07-29,14,19.15
2020-07-29,15,20.41
2020-07-29,16,20.2
2020-07-29,17,43.38
2020-07-29,18,38.61
2020-07-29,19,20.8
2020-07-29,20,20.5
2020-07-29,21,25.16
2020-07-29,22,25.35
2020-07-29,23,19.71
2020-07-29,24,20.73
2020-07-30,1,15.04
2020-07-30,2,5.69
2020-07-30,3,3.99
2020-07-30,4,2.56
2020-07-30,5,0.37
2020-07-30,6,-0.71
2020-07-30,7,11.66
2020-07-30,8,17.12
2020-07-30,9,18.36
2020-07-30,10,19.93
2020-07-30,11,17.84
2020-07-30,12,17.3
2020-07-30,13,17.87
2020-07-30,14,18.61
2020-07-30,15,20.17
2020-07-30,16,20.5
2020-07-30,17,20.62
2020-07-30,18,21.04
2020-07-30,19,19.53
2020-07-30,20,16.8
2020-07-30,21,28.81
2020-07-30,22,35.35
2020-07-30,23,32.4
2020-07-30,24,13.64
2020-07-31,1,8.83
2020-07-31,2,3.36
2020-07-31,3,0.48
2020-07-31,4,0.0
2020-07-31,5,0.0
2020-07-31,6,2.54
2020-07-31,7,13.97
2020-07-31,8,20.11
2020-07-31,9,20.3
2020-07-31,10,20.24
2020-07-31,11,20.31
2020-07-31,12,20.87
2020-07-31,13,20.57
2020-07-31,14,20.26
2020-07-31,15,18.02
2020-07-31,16,19.11
2020-07-31,17,21.09
2020-07-31,18,21.07
2020-07-31,19,20.7
2020-07-31,20,17.85
2020-07-31,21,17.66
2020-07-31,22,17.3
2020-07-31,23,23.6
2020-07-31,24,17.17
2020-08-01,1,14.73
2020-08-01,2,12.72
2020-08-01,3,1.84
2020-08-01,4,4.71
2020-08-01,5,6.55
2020-08-01,6,3.51
2020-08-01,7,3.03
2020-08-01,8,16.08
2020-08-01,9,19.27
2020-08-01,10,19.63
2020-08-01,11,22.56
2020-08-01,12,47.67
2020-08-01,13,20.43
2020-08-01,14,24.76
2020-08-01,15,21.84
2020-08-01,16,20.72
2020-08-01,17,19.68
2020-08-01,18,20.39
2020-08-01,19,19.68
2020-08-01,20,25.02
2020-08-01,21,62.96
2020-08-01,22,68.07
2020-08-01,23,25.47
2020-08-01,24,18.52
2020-08-02,1,21.78
2020-08-02,2,22.99
2020-08-02,3,8.22
2020-08-02,4,12.82
2020-08-02,5,0.89
2020-08-02,6,0.0
2020-08-02,7,0.0
2020-08-02,8,0.81
2020-08-02,9,13.31
2020-08-02,10,19.14
2020-08-02,11,22.69
2020-08-02,12,19.24
2020-08-02,13,19.15
2020-08-02,14,19.14
2020-08-02,15,17.2
2020-08-02,16,17.28
2020-08-02,17,14.15
2020-08-02,18,7.23
2020-08-02,19,8.97
2020-08-02,20,14.38
2020-08-02,21,38.97
2020-08-02,22,15.9
2020-08-02,23,18.83
2020-08-02,24,24.78
2020-08-03,1,13.35
2020-08-03,2,7.87
2020-08-03,3,5.85
2020-08-03,4,5.79
2020-08-03,5,6.09
2020-08-03,6,1.92
2020-08-03,7,3.45
2020-08-03,8,12.94
2020-08-03,9,14.96
2020-08-03,10,17.69
2020-08-03,11,19.16
2020-08-03,12,19.75
2020-08-03,13,19.55
2020-08-03,14,20.04
2020-08-03,15,19.9
2020-08-03,16,26.05
2020-08-03,17,18.46
2020-08-03,18,19.24
2020-08-03,19,17.47
2020-08-03,20,18.21
2020-08-03,21,17.76
2020-08-03,22,20.72
2020-08-03,23,16.66
2020-08-03,24,14.48
2020-08-04,1,13.33
2020-08-04,2,8.09
2020-08-04,3,13.04
2020-08-04,4,11.09
2020-08-04,5,14.37
2020-08-04,6,11.56
2020-08-04,7,19.62
2020-08-04,8,19.62
2020-08-04,9,19.63
2020-08-04,10,20.45
2020-08-04,11,21.06
2020-08-04,12,21.33
2020-08-04,13,20.58
2020-08-04,14,19.67
2020-08-04,15,16.52
2020-08-04,16,16.44
2020-08-04,17,14.87
2020-08-04,18,13.5
2020-08-04,19,13.42
2020-08-04,20,35.89
2020-08-04,21,104.86
2020-08-04,22,31.63
2020-08-04,23,13.24
2020-08-04,24,8.05
2020-08-05,1,8.63
2020-08-05,2,14.34
2020-08-05,3,11.49
2020-08-05,4,0.44
2020-08-05,5,0.0
2020-08-05,6,-1.84
2020-08-05,7,6.85
2020-08-05,8,14.35
2020-08-05,9,7.53
2020-08-05,10,10.98
2020-08-05,11,12.12
2020-08-05,12,13.64
2020-08-05,13,18.46
2020-08-05,14,17.55
2020-08-05,15,15.84
2020-08-05,16,12.9
2020-08-05,17,14.71
2020-08-05,18,9.11
2020-08-05,19,9.14
2020-08-05,20,9.22
2020-08-05,21,15.6
2020-08-05,22,20.65
2020-08-05,23,13.15
2020-08-05,24,0.15
2020-08-06,1,2.5
2020-08-06,2,-2.4
2020-08-06,3,-4.1
2020-08-06,4,-2.55
2020-08-06,5,2.92
2020-08-06,6,-0.95
2020-08-06,7,6.63
2020-08-06,8,9.26
2020-08-06,9,16.97
2020-08-06,10,20.21
2020-08-06,11,18.88
2020-08-06,12,17.8
2020-08-06,13,19.61
2020-08-06,14,18.0
2020-08-06,15,16.11
2020-08-06,16,17.23
2020-08-06,17,42.82
2020-08-06,18,55.09
2020-08-06,19,38.9
2020-08-06,20,22.81
2020-08-06,21,21.12
2020-08-06,22,16.9
2020-08-06,23,22.5
2020-08-06,24,14.63
2020-08-07,1,5.59
2020-08-07,2,0.08
2020-08-07,3,5.91
2020-08-07,4,4.73
2020-08-07,5,1.27
2020-08-07,6,10.26
2020-08-07,7,18.09
2020-08-07,8,20.25
2020-08-07,9,21.11
2020-08-07,10,19.02
2020-08-07,11,21.18
2020-08-07,12,21.88
2020-08-07,13,21.42
2020-08-07,14,22.36
2020-08-07,15,22.41
2020-08-07,16,22.42
2020-08-07,17,23.51
2020-08-07,18,22.34
2020-08-07,19,20.57
2020-08-07,20,21.14
2020-08-07,21,45.68
2020-08-07,22,23.91
2020-08-07,23,28.93
2020-08-07,24,31.12
2020-08-08,1,14.27
2020-08-08,2,13.71
2020-08-08,3,6.38
2020-08-08,4,4.64
2020-08-08,5,-0.07
2020-08-08,6,-2.64
2020-08-08,7,0.79
2020-08-08,8,8.85
2020-08-08,9,11.34
2020-08-08,10,20.51
2020-08-08,11,21.29
2020-08-08,12,21.97
2020-08-08,13,21.88
2020-08-08,14,22.0
2020-08-08,15,21.65
2020-08-08,16,20.75
2020-08-08,17,21.83
2020-08-08,18,20.83
2020-08-08,19,19.63
2020-08-08,20,19.03
2020-08-08,21,17.58
2020-08-08,22,20.29
2020-08-08,23,18.51
2020-08-08,24,1.42
2020-08-09,1,3.12
2020-08-09,2,0.94
2020-08-09,3,3.35
2020-08-09,4,1.36
2020-08-09,5,0.45
2020-08-09,6,1.36
2020-08-09,7,9.56
2020-08-09,8,10.77
2020-08-09,9,10.39
2020-08-09,10,18.03
2020-08-09,11,21.06
2020-08-09,12,22.01
2020-08-09,13,21.93
2020-08-09,14,21.03
2020-08-09,15,22.03
2020-08-09,16,22.27
2020-08-09,17,22.94
2020-08-09,18,23.15
2020-08-09,19,23.88
2020-08-09,20,23.01
2020-08-09,21,21.85
2020-08-09,22,19.94
2020-08-09,23,15.08
2020-08-09,24,11.23
2020-08-10,1,10.88
2020-08-10,2,5.26
2020-08-10,3,1.88
2020-08-10,4,13.29
2020-08-10,5,2.09
2020-08-10,6,3.45
2020-08-10,7,16.75
2020-08-10,8,18.46
2020-08-10,9,20.9
2020-08-10,10,24.78
2020-08-10,11,56.47
2020-08-10,12,52.31
2020-08-10,13,25.95
2020-08-10,14,23.02
2020-08-10,15,22.07
2020-08-10,16,22.52
2020-08-10,17,23.51
2020-08-10,18,29.62
2020-08-10,19,42.41
2020-08-10,20,24.7
2020-08-10,21,21.66
2020-08-10,22,19.68
2020-08-10,23,15.4
2020-08-10,24,10.72
2020-08-11,1,4.93
2020-08-11,2,9.6
2020-08-11,3,10.75
2020-08-11,4,11.85
2020-08-11,5,16.48
2020-08-11,6,17.66
2020-08-11,7,18.8
2020-08-11,8,20.93
2020-08-11,9,22.73
2020-08-11,10,35.34
2020-08-11,11,59.59
2020-08-11,12,24.77
2020-08-11,13,24.28
2020-08-11,14,23.98
2020-08-11,15,23.97
2020-08-11,16,41.78
2020-08-11,17,39.04
2020-08-11,18,23.27
2020-08-11,19,27.58
2020-08-11,20,21.91
2020-08-11,21,23.87
2020-08-11,22,18.78
2020-08-11,23,17.37
2020-08-11,24,15.79
2020-08-12,1,16.79
2020-08-12,2,15.63
2020-08-12,3,15.33
2020-08-12,4,14.34
2020-08-12,5,14.36
2020-08-12,6,14.94
2020-08-12,7,18.19
2020-08-12,8,20.85
2020-08-12,9,21.35
2020-08-12,10,20.61
2020-08-12,11,22.82
2020-08-12,12,24.02
2020-08-12,13,24.62
2020-08-12,14,38.72
2020-08-12,15,31.27
2020-08-12,16,70.28
2020-08-12,17,81.2
2020-08-12,18,37.38
2020-08-12,19,29.23
2020-08-12,20,22.34
2020-08-12,21,21.21
2020-08-12,22,19.96
2020-08-12,23,18.3
2020-08-12,24,17.09
2020-08-13,1,15.43
2020-08-13,2,16.72
2020-08-13,3,14.49
2020-08-13,4,15.95
2020-08-13,5,16.45
2020-08-13,6,17.79
2020-08-13,7,18.67
2020-08-13,8,19.13
2020-08-13,9,19.64
2020-08-13,10,20.74
2020-08-13,11,19.72
2020-08-13,12,21.01
2020-08-13,13,23.54
2020-08-13,14,23.9
2020-08-13,15,25.72
2020-08-13,16,28.52
2020-08-13,17,23.46
2020-08-13,18,22.57
2020-08-13,19,22.5
2020-08-13,20,23.21
2020-08-13,21,23.86
2020-08-13,22,20.72
2020-08-13,23,19.4
2020-08-13,24,19.33
2020-08-14,1,15.52
2020-08-14,2,4.58
2020-08-14,3,0.0
2020-08-14,4,0.0
2020-08-14,5,0.0
2020-08-14,6,4.39
2020-08-14,7,10.25
2020-08-14,8,20.04
2020-08-14,9,20.9
2020-08-14,10,18.48
2020-08-14,11,20.19
2020-08-14,12,22.16
2020-08-14,13,23.38
2020-08-14,14,23.84
2020-08-14,15,23.62
2020-08-14,16,22.87
2020-08-14,17,22.78
2020-08-14,18,24.09
2020-08-14,19,26.15
2020-08-14,20,23.19
2020-08-14,21,20.36
2020-08-14,22,19.12
2020-08-14,23,18.78
2020-08-14,24,14.35
2020-08-15,1,7.64
2020-08-15,2,0.89
2020-08-15,3,1.37
2020-08-15,4,0.0
2020-08-15,5,2.41
2020-08-15,6,0.0
2020-08-15,7,6.9
2020-08-15,8,12.25
2020-08-15,9,19.76
2020-08-15,10,21.45
2020-08-15,11,23.25
2020-08-15,12,22.59
2020-08-15,13,24.38
2020-08-15,14,24.39
2020-08-15,15,28.8
2020-08-15,16,206.87
2020-08-15,17,73.85
2020-08-15,18,42.02
2020-08-15,19,28.07
2020-08-15,20,25.37
2020-08-15,21,24.19
2020-08-15,22,21.81
2020-08-15,23,20.26
2020-08-15,24,19.53
2020-08-16,1,15.63
2020-08-16,2,17.51
2020-08-16,3,23.65
2020-08-16,4,19.27
2020-08-16,5,6.59
2020-08-16,6,2.67
2020-08-16,7,13.07
2020-08-16,8,16.04
2020-08-16,9,21.91
2020-08-16,10,22.32
2020-08-16,11,22.1
2020-08-16,12,20.86
2020-08-16,13,20.72
2020-08-16,14,20.06
2020-08-16,15,20.23
2020-08-16,16,20.41
2020-08-16,17,24.03
2020-08-16,18,23.4
2020-08-16,19,22.26
2020-08-16,20,22.02
2020-08-16,21,20.62
2020-08-16,22,21.42
2020-08-16,23,20.09
2020-08-16,24,20.6
2020-08-17,1,21.41
2020-08-17,2,13.65
2020-08-17,3,14.35
2020-08-17,4,14.35
2020-08-17,5,14.36
2020-08-17,6,8.92
2020-08-17,7,14.06
2020-08-17,8,18.2
2020-08-17,9,19.65
2020-08-17,10,20.54
2020-08-17,11,23.28
2020-08-17,12,24.14
2020-08-17,13,24.32
2020-08-17,14,23.09
2020-08-17,15,20.52
2020-08-17,16,23.93
2020-08-17,17,23.65
2020-08-17,18,22.54
2020-08-17,19,20.05
2020-08-17,20,20.09
2020-08-17,21,17.92
2020-08-17,22,20.35
2020-08-17,23,16.29
2020-08-17,24,17.22
2020-08-18,1,32.55
2020-08-18,2,2.91
2020-08-18,3,0.54
2020-08-18,4,2.91
2020-08-18,5,0.0
2020-08-18,6,13.77
2020-08-18,7,15.76
2020-08-18,8,20.14
2020-08-18,9,20.85
2020-08-18,10,19.62
2020-08-18,11,17.3
2020-08-18,12,20.33
2020-08-18,13,18.24
2020-08-18,14,18.09
2020-08-18,15,19.41
2020-08-18,16,16.06
2020-08-18,17,16.02
2020-08-18,18,13.67
2020-08-18,19,13.57
2020-08-18,20,18.49
2020-08-18,21,20.38
2020-08-18,22,16.46
2020-08-18,23,16.27
2020-08-18,24,15.37
2020-08-19,1,13.38
2020-08-19,2,10.28
2020-08-19,3,10.17
2020-08-19,4,10.18
2020-08-19,5,11.46
2020-08-19,6,10.6
2020-08-19,7,12.6
2020-08-19,8,23.15
2020-08-19,9,23.06
2020-08-19,10,20.49
2020-08-19,11,17.88
2020-08-19,12,17.17
2020-08-19,13,14.87
2020-08-19,14,16.1
2020-08-19,15,18.97
2020-08-19,16,16.71
2020-08-19,17,20.84
2020-08-19,18,16.71
2020-08-19,19,18.25
2020-08-19,20,16.34
2020-08-19,21,17.09
2020-08-19,22,18.65
2020-08-19,23,16.02
2020-08-19,24,14.96
2020-08-20,1,14.37
2020-08-20,2,14.37
2020-08-20,3,13.76
2020-08-20,4,11.36
2020-08-20,5,5.41
2020-08-20,6,-1.0
2020-08-20,7,5.65
2020-08-20,8,26.53
2020-08-20,9,19.64
2020-08-20,10,14.36
2020-08-20,11,10.99
2020-08-20,12,17.89
2020-08-20,13,14.0
2020-08-20,14,0.0
2020-08-20,15,1.39
2020-08-20,16,6.85
2020-08-20,17,17.91
2020-08-20,18,18.97
2020-08-20,19,18.42
2020-08-20,20,16.42
2020-08-20,21,15.32
2020-08-20,22,14.14
2020-08-20,23,7.02
2020-08-20,24,7.44
2020-08-21,1,1.72
2020-08-21,2,0.0
2020-08-21,3,4.87
2020-08-21,4,13.34
2020-08-21,5,17.27
2020-08-21,6,10.52
2020-08-21,7,16.57
2020-08-21,8,12.56
2020-08-21,9,19.57
2020-08-21,10,21.88
2020-08-21,11,22.0
2020-08-21,12,22.41
2020-08-21,13,23.1
2020-08-21,14,24.73
2020-08-21,15,24.19
2020-08-21,16,24.88
2020-08-21,17,24.93
2020-08-21,18,25.19
2020-08-21,19,24.45
2020-08-21,20,44.73
2020-08-21,21,32.97
2020-08-21,22,22.41
2020-08-21,23,22.16
2020-08-21,24,17.81
2020-08-22,1,31.08
2020-08-22,2,30.02
2020-08-22,3,27.75
2020-08-22,4,43.66
2020-08-22,5,28.89
2020-08-22,6,14.35
2020-08-22,7,7.58
2020-08-22,8,7.51
2020-08-22,9,15.44
2020-08-22,10,19.21
2020-08-22,11,24.06
2020-08-22,12,25.7
2020-08-22,13,24.15
2020-08-22,14,24.16
2020-08-22,15,23.96
2020-08-22,16,25.0
2020-08-22,17,32.84
2020-08-22,18,25.41
2020-08-22,19,24.97
2020-08-22,20,26.47
2020-08-22,21,25.29
2020-08-22,22,21.72
2020-08-22,23,19.97
2020-08-22,24,19.7
2020-08-23,1,18.4
2020-08-23,2,12.11
2020-08-23,3,14.64
2020-08-23,4,9.32
2020-08-23,5,6.5
2020-08-23,6,11.94
2020-08-23,7,-0.31
2020-08-23,8,11.76
2020-08-23,9,19.22
2020-08-23,10,21.03
2020-08-23,11,22.55
2020-08-23,12,24.08
2020-08-23,13,25.74
2020-08-23,14,31.4
2020-08-23,15,35.74
2020-08-23,16,29.45
2020-08-23,17,25.55
2020-08-23,18,24.9
2020-08-23,19,27.27
2020-08-23,20,31.26
2020-08-23,21,28.99
2020-08-23,22,22.15
2020-08-23,23,19.49
2020-08-23,24,2.61
2020-08-24,1,-0.01
2020-08-24,2,3.87
2020-08-24,3,21.09
2020-08-24,4,21.62
2020-08-24,5,20.73
2020-08-24,6,19.79
2020-08-24,7,2.22
2020-08-24,8,11.62
2020-08-24,9,22.22
2020-08-24,10,25.41
2020-08-24,11,26.16
2020-08-24,12,29.17
2020-08-24,13,25.17
2020-08-24,14,25.3
2020-08-24,15,25.45
2020-08-24,16,48.35
2020-08-24,17,77.75
2020-08-24,18,39.83
2020-08-24,19,30.27
2020-08-24,20,37.81
2020-08-24,21,35.49
2020-08-24,22,22.43
2020-08-24,23,19.99
2020-08-24,24,23.71
2020-08-25,1,21.8
2020-08-25,2,22.1
2020-08-25,3,21.75
2020-08-25,4,21.68
2020-08-25,5,14.52
2020-08-25,6,18.27
2020-08-25,7,22.45
2020-08-25,8,23.08
2020-08-25,9,22.02
2020-08-25,10,22.79
2020-08-25,11,25.8
2020-08-25,12,26.3
2020-08-25,13,26.28
2020-08-25,14,27.16
2020-08-25,15,26.3
2020-08-25,16,26.46
2020-08-25,17,26.84
2020-08-25,18,26.3
2020-08-25,19,26.15
2020-08-25,20,26.36
2020-08-25,21,27.75
2020-08-25,22,21.94
2020-08-25,23,19.74
2020-08-25,24,17.72
2020-08-26,1,14.27
2020-08-26,2,14.97
2020-08-26,3,14.35
2020-08-26,4,14.37
2020-08-26,5,17.98
2020-08-26,6,16.76
2020-08-26,7,16.74
2020-08-26,8,15.43
2020-08-26,9,18.34
2020-08-26,10,21.75
2020-08-26,11,22.35
2020-08-26,12,22.61
2020-08-26,13,23.79
2020-08-26,14,23.45
2020-08-26,15,23.92
2020-08-26,16,23.43
2020-08-26,17,22.57
2020-08-26,18,22.46
2020-08-26,19,22.76
2020-08-26,20,25.53
2020-08-26,21,21.88
2020-08-26,22,21.37
2020-08-26,23,16.93
2020-08-26,24,12.99
2020-08-27,1,14.13
2020-08-27,2,8.89
2020-08-27,3,3.44
2020-08-27,4,0.0
2020-08-27,5,0.0
2020-08-27,6,7.16
2020-08-27,7,8.33
2020-08-27,8,17.82
2020-08-27,9,17.47
2020-08-27,10,21.36
2020-08-27,11,23.2
2020-08-27,12,24.86
2020-08-27,13,23.68
2020-08-27,14,22.04
2020-08-27,15,21.8
2020-08-27,16,21.79
2020-08-27,17,22.24
2020-08-27,18,22.03
2020-08-27,19,22.88
2020-08-27,20,24.3
2020-08-27,21,24.96
2020-08-27,22,24.12
2020-08-27,23,22.61
2020-08-27,24,19.75
2020-08-28,1,19.15
2020-08-28,2,19.53
2020-08-28,3,14.82
2020-08-28,4,13.59
2020-08-28,5,15.41
2020-08-28,6,14.05
2020-08-28,7,17.69
2020-08-28,8,21.27
2020-08-28,9,15.33
2020-08-28,10,17.29
2020-08-28,11,23.74
2020-08-28,12,23.56
2020-08-28,13,24.88
2020-08-28,14,23.11
2020-08-28,15,21.64
2020-08-28,16,21.22
2020-08-28,17,2.08
2020-08-28,18,0.0
2020-08-28,19,0.0
2020-08-28,20,8.77
2020-08-28,21,19.12
2020-08-28,22,19.51
2020-08-28,23,10.93
2020-08-28,24,1.11
2020-08-29,1,0.99
2020-08-29,2,13.33
2020-08-29,3,3.45
2020-08-29,4,3.71
2020-08-29,5,13.3
2020-08-29,6,13.31
2020-08-29,7,2.21
2020-08-29,8,0.0
2020-08-29,9,12.74
2020-08-29,10,13.35
2020-08-29,11,10.87
2020-08-29,12,12.72
2020-08-29,13,13.33
2020-08-29,14,1.29
2020-08-29,15,0.0
2020-08-29,16,6.37
2020-08-29,17,15.75
2020-08-29,18,27.61
2020-08-29,19,17.68
2020-08-29,20,5.93
2020-08-29,21,0.88
2020-08-29,22,0.0
2020-08-29,23,0.0
2020-08-29,24,0.0
2020-08-30,1,0.0
2020-08-30,2,-1.1
2020-08-30,3,-3.0
2020-08-30,4,-4.03
2020-08-30,5,-3.83
2020-08-30,6,-4.0
2020-08-30,7,-0.21
2020-08-30,8,0.47
2020-08-30,9,2.88
2020-08-30,10,5.02
2020-08-30,11,8.27
2020-08-30,12,23.1
2020-08-30,13,22.74
2020-08-30,14,23.22
2020-08-30,15,17.98
2020-08-30,16,22.63
2020-08-30,17,22.04
2020-08-30,18,18.89
2020-08-30,19,22.12
2020-08-30,20,22.19
2020-08-30,21,29.81
2020-08-30,22,21.16
2020-08-30,23,15.28
2020-08-30,24,8.54
2020-08-31,1,6.98
2020-08-31,2,0.92
2020-08-31,3,10.5
2020-08-31,4,4.61
2020-08-31,5,12.7
2020-08-31,6,7.44
2020-08-31,7,4.88
2020-08-31,8,20.45
2020-08-31,9,14.01
2020-08-31,10,20.57
2020-08-31,11,17.92
2020-08-31,12,21.66
2020-08-31,13,21.96
2020-08-31,14,15.53
2020-08-31,15,17.96
2020-08-31,16,20.74
2020-08-31,17,23.01
2020-08-31,18,21.71
2020-08-31,19,21.16
2020-08-31,20,18.9
2020-08-31,21,15.4
2020-08-31,22,16.13
2020-08-31,23,18.3
2020-08-31,24,12.8
2020-09-01,1,4.04
2020-09-01,2,2.47
2020-09-01,3,14.34
2020-09-01,4,5.58
2020-09-01,5,2.14
2020-09-01,6,13.16
2020-09-01,7,17.92
2020-09-01,8,20.48
2020-09-01,9,22.03
2020-09-01,10,19.45
2020-09-01,11,20.05
2020-09-01,12,20.56
2020-09-01,13,20.21
2020-09-01,14,20.2
2020-09-01,15,23.73
2020-09-01,16,23.87
2020-09-01,17,23.93
2020-09-01,18,22.32
2020-09-01,19,21.53
2020-09-01,20,20.85
2020-09-01,21,20.05
2020-09-01,22,21.43
2020-09-01,23,28.23
2020-09-01,24,22.0
2020-09-02,1,17.25
2020-09-02,2,15.57
2020-09-02,3,12.28
2020-09-02,4,12.43
2020-09-02,5,5.35
2020-09-02,6,6.92
2020-09-02,7,11.47
2020-09-02,8,21.03
2020-09-02,9,19.94
2020-09-02,10,18.22
2020-09-02,11,19.32
2020-09-02,12,20.2
2020-09-02,13,19.98
2020-09-02,14,20.11
2020-09-02,15,20.18
2020-09-02,16,20.65
2020-09-02,17,20.38
2020-09-02,18,19.34
2020-09-02,19,17.15
2020-09-02,20,19.17
2020-09-02,21,17.45
2020-09-02,22,17.78
2020-09-02,23,30.66
2020-09-02,24,35.3
2020-09-03,1,22.74
2020-09-03,2,14.34
2020-09-03,3,9.44
2020-09-03,4,5.22
2020-09-03,5,7.46
2020-09-03,6,0.0
2020-09-03,7,0.82
2020-09-03,8,4.91
2020-09-03,9,11.02
2020-09-03,10,17.11
2020-09-03,11,14.35
2020-09-03,12,7.41
2020-09-03,13,14.36
2020-09-03,14,20.11
2020-09-03,15,15.15
2020-09-03,16,14.2
2020-09-03,17,18.21
2020-09-03,18,19.93
2020-09-03,19,20.8
2020-09-03,20,17.1
2020-09-03,21,15.28
2020-09-03,22,13.49
2020-09-03,23,9.46
2020-09-03,24,6.52
2020-09-04,1,0.0
2020-09-04,2,0.0
2020-09-04,3,0.0
2020-09-04,4,0.0
2020-09-04,5,0.0
2020-09-04,6,11.47
2020-09-04,7,24.59
2020-09-04,8,13.58
2020-09-04,9,13.35
2020-09-04,10,0.41
2020-09-04,11,0.0
2020-09-04,12,0.0
2020-09-04,13,2.18
2020-09-04,14,5.81
2020-09-04,15,6.0
2020-09-04,16,14.1
2020-09-04,17,18.44
2020-09-04,18,16.55
2020-09-04,19,16.03
2020-09-04,20,19.69
2020-09-04,21,17.14
2020-09-04,22,11.98
2020-09-04,23,8.68
2020-09-04,24,10.32
2020-09-05,1,7.21
2020-09-05,2,0.51
2020-09-05,3,0.0
2020-09-05,4,0.0
2020-09-05,5,11.1
2020-09-05,6,3.49
2020-09-05,7,12.14
2020-09-05,8,14.6
2020-09-05,9,38.55
2020-09-05,10,46.27
2020-09-05,11,25.61
2020-09-05,12,14.32
2020-09-05,13,13.64
2020-09-05,14,14.35
2020-09-05,15,8.56
2020-09-05,16,11.43
2020-09-05,17,13.63
2020-09-05,18,6.0
2020-09-05,19,7.64
2020-09-05,20,14.34
2020-09-05,21,25.9
2020-09-05,22,142.37
2020-09-05,23,20.83
2020-09-05,24,12.24
2020-09-06,1,14.34
2020-09-06,2,14.35
2020-09-06,3,14.33
2020-09-06,4,14.33
2020-09-06,5,3.94
2020-09-06,6,1.91
2020-09-06,7,-0.22
2020-09-06,8,0.4
2020-09-06,9,1.76
2020-09-06,10,5.86
2020-09-06,11,8.83
2020-09-06,12,8.27
2020-09-06,13,4.91
2020-09-06,14,5.07
2020-09-06,15,5.23
2020-09-06,16,14.34
2020-09-06,17,17.62
2020-09-06,18,16.62
2020-09-06,19,16.76
2020-09-06,20,14.66
2020-09-06,21,8.29
2020-09-06,22,0.41
2020-09-06,23,0.0
2020-09-06,24,0.0
2020-09-07,1,0.0
2020-09-07,2,0.0
2020-09-07,3,0.0
2020-09-07,4,0.0
2020-09-07,5,0.0
2020-09-07,6,0.0
2020-09-07,7,-0.12
2020-09-07,8,0.0
2020-09-07,9,0.0
2020-09-07,10,2.31
2020-09-07,11,3.28
2020-09-07,12,9.04
2020-09-07,13,19.91
2020-09-07,14,20.15
2020-09-07,15,18.55
2020-09-07,16,20.45
2020-09-07,17,20.26
2020-09-07,18,18.62
2020-09-07,19,17.16
2020-09-07,20,21.88
2020-09-07,21,21.09
2020-09-07,22,24.3
2020-09-07,23,56.41
2020-09-07,24,22.27
2020-09-08,1,14.61
2020-09-08,2,13.66
2020-09-08,3,13.66
2020-09-08,4,14.35
2020-09-08,5,11.73
2020-09-08,6,16.99
2020-09-08,7,19.91
2020-09-08,8,20.16
2020-09-08,9,22.53
2020-09-08,10,21.71
2020-09-08,11,21.29
2020-09-08,12,19.48
2020-09-08,13,19.32
2020-09-08,14,19.25
2020-09-08,15,18.76
2020-09-08,16,18.47
2020-09-08,17,20.16
2020-09-08,18,18.94
2020-09-08,19,18.49
2020-09-08,20,19.48
2020-09-08,21,17.85
2020-09-08,22,20.52
2020-09-08,23,22.38
2020-09-08,24,18.8
2020-09-09,1,24.12
2020-09-09,2,20.75
2020-09-09,3,20.02
2020-09-09,4,14.36
2020-09-09,5,9.38
2020-09-09,6,9.45
2020-09-09,7,17.33
2020-09-09,8,21.39
2020-09-09,9,22.53
2020-09-09,10,21.69
2020-09-09,11,21.94
2020-09-09,12,21.83
2020-09-09,13,21.75
2020-09-09,14,21.75
2020-09-09,15,21.75
2020-09-09,16,21.75
2020-09-09,17,23.06
2020-09-09,18,20.78
2020-09-09,19,22.88
2020-09-09,20,22.47
2020-09-09,21,21.09
2020-09-09,22,23.62
2020-09-09,23,42.94
2020-09-09,24,19.44
2020-09-10,1,18.48
2020-09-10,2,48.41
2020-09-10,3,20.28
2020-09-10,4,12.78
2020-09-10,5,6.5
2020-09-10,6,18.59
2020-09-10,7,20.58
2020-09-10,8,21.92
2020-09-10,9,25.27
2020-09-10,10,21.48
2020-09-10,11,22.64
2020-09-10,12,21.96
2020-09-10,13,21.92
2020-09-10,14,22.22
2020-09-10,15,21.88
2020-09-10,16,21.51
2020-09-10,17,20.4
2020-09-10,18,19.34
2020-09-10,19,19.45
2020-09-10,20,19.08
2020-09-10,21,19.04
2020-09-10,22,19.64
2020-09-10,23,21.34
2020-09-10,24,26.48
2020-09-11,1,30.84
2020-09-11,2,14.37
2020-09-11,3,16.69
2020-09-11,4,14.37
2020-09-11,5,12.2
2020-09-11,6,9.33
2020-09-11,7,18.11
2020-09-11,8,20.47
2020-09-11,9,19.38
2020-09-11,10,19.55
2020-09-11,11,37.91
2020-09-11,12,21.13
2020-09-11,13,20.28
2020-09-11,14,18.45
2020-09-11,15,18.3
2020-09-11,16,19.67
2020-09-11,17,30.62
2020-09-11,18,52.89
2020-09-11,19,20.78
2020-09-11,20,15.49
2020-09-11,21,19.23
2020-09-11,22,15.17
2020-09-11,23,9.51
2020-09-11,24,6.47
2020-09-12,1,8.63
2020-09-12,2,8.78
2020-09-12,3,3.69
2020-09-12,4,0.0
2020-09-12,5,1.36
2020-09-12,6,6.19
2020-09-12,7,4.93
2020-09-12,8,6.72
2020-09-12,9,14.33
2020-09-12,10,14.33
2020-09-12,11,19.16
2020-09-12,12,18.42
2020-09-12,13,18.68
2020-09-12,14,18.45
2020-09-12,15,17.17
2020-09-12,16,20.36
2020-09-12,17,20.43
2020-09-12,18,13.37
2020-09-12,19,15.54
2020-09-12,20,18.26
2020-09-12,21,15.01
2020-09-12,22,13.38
2020-09-12,23,4.81
2020-09-12,24,0.47
2020-09-13,1,0.0
2020-09-13,2,0.0
2020-09-13,3,0.0
2020-09-13,4,0.0
2020-09-13,5,0.88
2020-09-13,6,9.32
2020-09-13,7,14.33
2020-09-13,8,10.8
2020-09-13,9,5.51
2020-09-13,10,7.83
2020-09-13,11,2.26
2020-09-13,12,3.25
2020-09-13,13,7.29
2020-09-13,14,14.34
2020-09-13,15,14.35
2020-09-13,16,15.11
2020-09-13,17,17.27
2020-09-13,18,14.25
2020-09-13,19,14.35
2020-09-13,20,16.83
2020-09-13,21,15.81
2020-09-13,22,15.95
2020-09-13,23,11.51
2020-09-13,24,2.88
2020-09-14,1,0.0
2020-09-14,2,0.0
2020-09-14,3,0.0
2020-09-14,4,5.88
2020-09-14,5,0.0
2020-09-14,6,10.02
2020-09-14,7,16.14
2020-09-14,8,14.59
2020-09-14,9,15.26
2020-09-14,10,18.38
2020-09-14,11,14.37
2020-09-14,12,14.45
2020-09-14,13,15.08
2020-09-14,14,15.72
2020-09-14,15,14.5
2020-09-14,16,16.64
2020-09-14,17,18.6
2020-09-14,18,14.39
2020-09-14,19,14.37
2020-09-14,20,15.83
2020-09-14,21,18.42
2020-09-14,22,19.3
2020-09-14,23,15.33
2020-09-14,24,7.74
2020-09-15,1,14.34
2020-09-15,2,14.35
2020-09-15,3,14.35
2020-09-15,4,11.55
2020-09-15,5,11.56
2020-09-15,6,12.36
2020-09-15,7,15.5
2020-09-15,8,39.27
2020-09-15,9,49.8
2020-09-15,10,18.1
2020-09-15,11,14.35
2020-09-15,12,13.2
2020-09-15,13,14.35
2020-09-15,14,14.36
2020-09-15,15,14.36
2020-09-15,16,10.11
2020-09-15,17,6.58
2020-09-15,18,5.66
2020-09-15,19,12.71
2020-09-15,20,12.58
2020-09-15,21,10.09
2020-09-15,22,2.58
2020-09-15,23,0.0
2020-09-15,24,0.0
2020-09-16,1,0.0
2020-09-16,2,-0.02
2020-09-16,3,0.0
2020-09-16,4,-0.29
2020-09-16,5,-0.03
2020-09-16,6,0.0
2020-09-16,7,0.0
2020-09-16,8,0.0
2020-09-16,9,2.86
2020-09-16,10,9.01
2020-09-16,11,5.18
2020-09-16,12,5.09
2020-09-16,13,5.01
2020-09-16,14,5.0
2020-09-16,15,0.41
2020-09-16,16,1.28
2020-09-16,17,4.48
2020-09-16,18,3.75
2020-09-16,19,7.15
2020-09-16,20,13.99
2020-09-16,21,16.22
2020-09-16,22,12.87
2020-09-16,23,13.65
2020-09-16,24,7.15
2020-09-17,1,14.33
2020-09-17,2,6.49
2020-09-17,3,5.89
2020-09-17,4,6.23
2020-09-17,5,0.49
2020-09-17,6,7.8
2020-09-17,7,17.1
2020-09-17,8,24.02
2020-09-17,9,25.66
2020-09-17,10,20.68
2020-09-17,11,23.7
2020-09-17,12,21.18
2020-09-17,13,19.96
2020-09-17,14,13.34
2020-09-17,15,13.34
2020-09-17,16,15.99
2020-09-17,17,17.02
2020-09-17,18,17.81
2020-09-17,19,15.39
2020-09-17,20,14.82
2020-09-17,21,18.6
2020-09-17,22,10.24
2020-09-17,23,7.44
2020-09-17,24,3.01
2020-09-18,1,0.95
2020-09-18,2,0.96
2020-09-18,3,0.47
2020-09-18,4,0.0
2020-09-18,5,2.77
2020-09-18,6,12.91
2020-09-18,7,28.87
2020-09-18,8,17.06
2020-09-18,9,15.45
2020-09-18,10,10.78
2020-09-18,11,0.0
2020-09-18,12,2.27
2020-09-18,13,10.14
2020-09-18,14,8.74
2020-09-18,15,14.09
2020-09-18,16,13.34
2020-09-18,17,14.64
2020-09-18,18,15.21
2020-09-18,19,15.74
2020-09-18,20,16.43
2020-09-18,21,13.75
2020-09-18,22,12.21
2020-09-18,23,10.73
2020-09-18,24,3.32
2020-09-19,1,1.96
2020-09-19,2,5.11
2020-09-19,3,3.76
2020-09-19,4,8.49
2020-09-19,5,8.56
2020-09-19,6,14.34
2020-09-19,7,13.62
2020-09-19,8,3.19
2020-09-19,9,15.02
2020-09-19,10,14.39
2020-09-19,11,14.32
2020-09-19,12,13.58
2020-09-19,13,5.23
2020-09-19,14,1.21
2020-09-19,15,13.73
2020-09-19,16,14.26
2020-09-19,17,15.55
2020-09-19,18,15.13
2020-09-19,19,16.66
2020-09-19,20,17.74
2020-09-19,21,14.87
2020-09-19,22,14.39
2020-09-19,23,10.05
2020-09-19,24,13.14
2020-09-20,1,17.18
2020-09-20,2,14.33
2020-09-20,3,13.62
2020-09-20,4,5.78
2020-09-20,5,1.18
2020-09-20,6,4.96
2020-09-20,7,5.58
2020-09-20,8,7.07
2020-09-20,9,9.69
2020-09-20,10,5.86
2020-09-20,11,5.79
2020-09-20,12,5.75
2020-09-20,13,4.35
2020-09-20,14,5.44
2020-09-20,15,8.81
2020-09-20,16,8.51
2020-09-20,17,12.75
2020-09-20,18,14.35
2020-09-20,19,22.75
2020-09-20,20,15.1
2020-09-20,21,11.94
2020-09-20,22,6.61
2020-09-20,23,4.25
2020-09-20,24,1.19
2020-09-21,1,0.0
2020-09-21,2,2.93
2020-09-21,3,8.29
2020-09-21,4,5.68
2020-09-21,5,4.31
2020-09-21,6,10.39
2020-09-21,7,12.51
2020-09-21,8,13.34
2020-09-21,9,14.36
2020-09-21,10,14.37
2020-09-21,11,14.33
2020-09-21,12,14.38
2020-09-21,13,14.83
2020-09-21,14,14.38
2020-09-21,15,14.62
2020-09-21,16,15.53
2020-09-21,17,16.57
2020-09-21,18,14.65
2020-09-21,19,14.8
2020-09-21,20,14.65
2020-09-21,21,13.63
2020-09-21,22,9.09
2020-09-21,23,9.32
2020-09-21,24,9.22
2020-09-22,1,14.06
2020-09-22,2,14.36
2020-09-22,3,14.37
2020-09-22,4,13.64
2020-09-22,5,1.41
2020-09-22,6,14.65
2020-09-22,7,15.79
2020-09-22,8,16.72
2020-09-22,9,16.06
2020-09-22,10,16.01
2020-09-22,11,15.92
2020-09-22,12,15.5
2020-09-22,13,15.88
2020-09-22,14,14.32
2020-09-22,15,14.15
2020-09-22,16,12.26
2020-09-22,17,14.3
2020-09-22,18,13.33
2020-09-22,19,13.3
2020-09-22,20,10.96
2020-09-22,21,9.87
2020-09-22,22,6.13
2020-09-22,23,3.52
2020-09-22,24,0.0
2020-09-23,1,5.68
2020-09-23,2,5.8
2020-09-23,3,5.82
2020-09-23,4,3.75
2020-09-23,5,7.16
2020-09-23,6,16.05
2020-09-23,7,38.85
2020-09-23,8,56.51
2020-09-23,9,34.07
2020-09-23,10,14.89
2020-09-23,11,14.59
2020-09-23,12,14.38
2020-09-23,13,14.33
2020-09-23,14,14.36
2020-09-23,15,14.31
2020-09-23,16,14.34
2020-09-23,17,15.46
2020-09-23,18,14.98
2020-09-23,19,14.94
2020-09-23,20,15.19
2020-09-23,21,14.85
2020-09-23,22,16.41
2020-09-23,23,15.64
2020-09-23,24,14.42
2020-09-24,1,10.79
2020-09-24,2,8.36
2020-09-24,3,7.77
2020-09-24,4,13.34
2020-09-24,5,9.06
2020-09-24,6,7.14
2020-09-24,7,13.22
2020-09-24,8,13.36
2020-09-24,9,15.37
2020-09-24,10,16.9
2020-09-24,11,19.22
2020-09-24,12,16.65
2020-09-24,13,15.1
2020-09-24,14,16.39
2020-09-24,15,17.22
2020-09-24,16,17.76
2020-09-24,17,19.19
2020-09-24,18,18.05
2020-09-24,19,17.16
2020-09-24,20,14.42
2020-09-24,21,16.22
2020-09-24,22,18.05
2020-09-24,23,22.34
2020-09-24,24,15.89
2020-09-25,1,33.29
2020-09-25,2,25.33
2020-09-25,3,14.71
2020-09-25,4,13.34
2020-09-25,5,13.7
2020-09-25,6,16.8
2020-09-25,7,18.19
2020-09-25,8,16.16
2020-09-25,9,20.74
2020-09-25,10,19.13
2020-09-25,11,19.06
2020-09-25,12,16.32
2020-09-25,13,14.26
2020-09-25,14,13.87
2020-09-25,15,18.47
2020-09-25,16,19.54
2020-09-25,17,20.02
2020-09-25,18,19.32
2020-09-25,19,18.5
2020-09-25,20,13.34
2020-09-25,21,8.59
2020-09-25,22,12.01
2020-09-25,23,6.87
2020-09-25,24,4.92
2020-09-26,1,0.0
2020-09-26,2,0.0
2020-09-26,3,0.0
2020-09-26,4,5.32
2020-09-26,5,14.35
2020-09-26,6,14.35
2020-09-26,7,14.35
2020-09-26,8,9.09
2020-09-26,9,14.52
2020-09-26,10,14.34
2020-09-26,11,14.33
2020-09-26,12,14.32
2020-09-26,13,14.35
2020-09-26,14,14.34
2020-09-26,15,11.62
2020-09-26,16,12.79
2020-09-26,17,15.05
2020-09-26,18,14.34
2020-09-26,19,14.36
2020-09-26,20,16.12
2020-09-26,21,9.9
2020-09-26,22,0.0
2020-09-26,23,0.0
2020-09-26,24,0.0
2020-09-27,1,0.0
2020-09-27,2,0.0
2020-09-27,3,0.0
2020-09-27,4,0.0
2020-09-27,5,0.0
2020-09-27,6,0.0
2020-09-27,7,0.0
2020-09-27,8,0.0
2020-09-27,9,0.86
2020-09-27,10,0.0
2020-09-27,11,6.51
2020-09-27,12,12.75
2020-09-27,13,13.74
2020-09-27,14,15.22
2020-09-27,15,14.88
2020-09-27,16,16.08
2020-09-27,17,16.61
2020-09-27,18,17.39
2020-09-27,19,19.76
2020-09-27,20,18.59
2020-09-27,21,21.4
2020-09-27,22,18.97
2020-09-27,23,17.41
2020-09-27,24,11.48
2020-09-28,1,14.33
2020-09-28,2,15.16
2020-09-28,3,20.81
2020-09-28,4,14.36
2020-09-28,5,15.36
2020-09-28,6,18.18
2020-09-28,7,16.87
2020-09-28,8,17.34
2020-09-28,9,18.18
2020-09-28,10,18.45
2020-09-28,11,24.99
2020-09-28,12,69.2
2020-09-28,13,130.53
2020-09-28,14,36.71
2020-09-28,15,19.33
2020-09-28,16,20.65
2020-09-28,17,18.86
2020-09-28,18,16.37
2020-09-28,19,16.88
2020-09-28,20,19.71
2020-09-28,21,28.72
2020-09-28,22,17.66
2020-09-28,23,22.91
2020-09-28,24,13.87
2020-09-29,1,13.66
2020-09-29,2,0.0
2020-09-29,3,8.46
2020-09-29,4,0.49
2020-09-29,5,8.66
2020-09-29,6,15.83
2020-09-29,7,25.9
2020-09-29,8,17.43
2020-09-29,9,17.38
2020-09-29,10,17.38
2020-09-29,11,17.03
2020-09-29,12,16.45
2020-09-29,13,14.95
2020-09-29,14,15.81
2020-09-29,15,15.02
2020-09-29,16,16.05
2020-09-29,17,20.05
2020-09-29,18,16.91
2020-09-29,19,16.79
2020-09-29,20,15.5
2020-09-29,21,16.68
2020-09-29,22,18.79
2020-09-29,23,19.35
2020-09-29,24,8.54
2020-09-30,1,14.3
2020-09-30,2,13.43
2020-09-30,3,13.36
2020-09-30,4,8.28
2020-09-30,5,4.07
2020-09-30,6,1.29
2020-09-30,7,7.08
2020-09-30,8,12.73
2020-09-30,9,12.84
2020-09-30,10,6.32
2020-09-30,11,4.73
2020-09-30,12,0.0
2020-09-30,13,0.45
2020-09-30,14,0.0
2020-09-30,15,1.94
2020-09-30,16,13.61
2020-09-30,17,15.36
2020-09-30,18,14.08
2020-09-30,19,14.34
2020-09-30,20,11.47
2020-09-30,21,3.63
2020-09-30,22,0.44
2020-09-30,23,9.91
2020-09-30,24,4.78
2020-10-01,1,0.0
2020-10-01,2,0.0
2020-10-01,3,0.0
2020-10-01,4,0.0
2020-10-01,5,0.41
2020-10-01,6,12.07
2020-10-01,7,15.02
2020-10-01,8,15.76
2020-10-01,9,15.86
2020-10-01,10,14.48
2020-10-01,11,13.35
2020-10-01,12,13.66
2020-10-01,13,14.59
2020-10-01,14,14.26
2020-10-01,15,14.93
2020-10-01,16,12.84
2020-10-01,17,14.01
2020-10-01,18,15.88
2020-10-01,19,16.38
2020-10-01,20,15.28
2020-10-01,21,15.16
2020-10-01,22,14.76
2020-10-01,23,13.93
2020-10-01,24,13.93
2020-10-02,1,5.09
2020-10-02,2,0.41
2020-10-02,3,3.82
2020-10-02,4,6.58
2020-10-02,5,3.93
2020-10-02,6,15.01
2020-10-02,7,20.86
2020-10-02,8,15.31
2020-10-02,9,14.89
2020-10-02,10,14.86
2020-10-02,11,14.83
2020-10-02,12,14.83
2020-10-02,13,14.79
2020-10-02,14,13.48
2020-10-02,15,13.39
2020-10-02,16,13.48
2020-10-02,17,13.33
2020-10-02,18,13.72
2020-10-02,19,13.52
2020-10-02,20,14.34
2020-10-02,21,14.25
2020-10-02,22,13.92
2020-10-02,23,14.7
2020-10-02,24,14.14
2020-10-03,1,14.24
2020-10-03,2,13.61
2020-10-03,3,14.29
2020-10-03,4,14.29
2020-10-03,5,14.32
2020-10-03,6,12.81
2020-10-03,7,13.27
2020-10-03,8,12.92
2020-10-03,9,12.33
2020-10-03,10,13.33
2020-10-03,11,13.63
2020-10-03,12,12.6
2020-10-03,13,11.81
2020-10-03,14,12.6
2020-10-03,15,13.12
2020-10-03,16,18.62
2020-10-03,17,15.15
2020-10-03,18,14.33
2020-10-03,19,14.35
2020-10-03,20,13.92
2020-10-03,21,13.76
2020-10-03,22,13.45
2020-10-03,23,12.33
2020-10-03,24,10.67
2020-10-04,1,8.02
2020-10-04,2,11.7
2020-10-04,3,11.49
2020-10-04,4,9.76
2020-10-04,5,13.31
2020-10-04,6,12.94
2020-10-04,7,-0.5
2020-10-04,8,5.73
2020-10-04,9,7.62
2020-10-04,10,12.68
2020-10-04,11,13.05
2020-10-04,12,13.39
2020-10-04,13,13.28
2020-10-04,14,12.72
2020-10-04,15,13.32
2020-10-04,16,15.32
2020-10-04,17,24.82
2020-10-04,18,13.32
2020-10-04,19,13.57
2020-10-04,20,15.73
2020-10-04,21,11.36
2020-10-04,22,10.52
2020-10-04,23,10.94
2020-10-04,24,10.93
2020-10-05,1,8.43
2020-10-05,2,10.0
2020-10-05,3,13.31
2020-10-05,4,9.16
2020-10-05,5,2.99
2020-10-05,6,7.75
2020-10-05,7,11.46
2020-10-05,8,12.67
2020-10-05,9,13.21
2020-10-05,10,12.7
2020-10-05,11,12.67
2020-10-05,12,12.67
2020-10-05,13,12.5
2020-10-05,14,11.26
2020-10-05,15,11.14
2020-10-05,16,9.85
2020-10-05,17,9.51
2020-10-05,18,10.23
2020-10-05,19,10.55
2020-10-05,20,9.75
2020-10-05,21,5.02
2020-10-05,22,1.29
2020-10-05,23,0.0
2020-10-05,24,0.0
2020-10-06,1,0.0
2020-10-06,2,-0.05
2020-10-06,3,-0.12
2020-10-06,4,-0.07
2020-10-06,5,0.0
2020-10-06,6,0.0
2020-10-06,7,2.32
2020-10-06,8,0.0
2020-10-06,9,0.0
2020-10-06,10,0.0
2020-10-06,11,0.0
2020-10-06,12,0.0
2020-10-06,13,0.0
2020-10-06,14,0.0
2020-10-06,15,0.49
2020-10-06,16,5.93
2020-10-06,17,13.73
2020-10-06,18,7.75
2020-10-06,19,5.92
2020-10-06,20,8.56
2020-10-06,21,3.25
2020-10-06,22,0.0
2020-10-06,23,0.0
2020-10-06,24,-0.02
2020-10-07,1,-2.07
2020-10-07,2,-3.0
2020-10-07,3,-3.0
2020-10-07,4,-3.0
2020-10-07,5,-3.0
2020-10-07,6,-0.03
2020-10-07,7,0.0
2020-10-07,8,7.7
2020-10-07,9,8.93
2020-10-07,10,0.89
2020-10-07,11,0.0
2020-10-07,12,0.0
2020-10-07,13,0.0
2020-10-07,14,0.0
2020-10-07,15,0.0
2020-10-07,16,0.0
2020-10-07,17,2.78
2020-10-07,18,3.76
2020-10-07,19,11.73
2020-10-07,20,13.92
2020-10-07,21,11.22
2020-10-07,22,8.12
2020-10-07,23,0.82
2020-10-07,24,0.0
2020-10-08,1,0.0
2020-10-08,2,0.0
2020-10-08,3,0.0
2020-10-08,4,3.29
2020-10-08,5,4.12
2020-10-08,6,12.8
2020-10-08,7,26.76
2020-10-08,8,30.82
2020-10-08,9,26.06
2020-10-08,10,14.35
2020-10-08,11,5.82
2020-10-08,12,12.73
2020-10-08,13,14.35
2020-10-08,14,14.0
2020-10-08,15,14.14
2020-10-08,16,14.2
2020-10-08,17,14.68
2020-10-08,18,15.23
2020-10-08,19,16.6
2020-10-08,20,16.64
2020-10-08,21,21.8
2020-10-08,22,16.42
2020-10-08,23,14.43
2020-10-08,24,14.3
2020-10-09,1,14.32
2020-10-09,2,14.33
2020-10-09,3,13.11
2020-10-09,4,11.64
2020-10-09,5,12.82
2020-10-09,6,14.11
2020-10-09,7,14.38
2020-10-09,8,14.32
2020-10-09,9,14.34
2020-10-09,10,14.07
2020-10-09,11,14.26
2020-10-09,12,11.44
2020-10-09,13,11.58
2020-10-09,14,11.53
2020-10-09,15,8.26
2020-10-09,16,10.35
2020-10-09,17,13.31
2020-10-09,18,8.82
2020-10-09,19,11.55
2020-10-09,20,3.74
2020-10-09,21,2.3
2020-10-09,22,0.0
2020-10-09,23,0.0
2020-10-09,24,-0.09
2020-10-10,1,-0.47
2020-10-10,2,-1.93
2020-10-10,3,-3.0
2020-10-10,4,-3.0
2020-10-10,5,-2.93
2020-10-10,6,-1.13
2020-10-10,7,-0.01
2020-10-10,8,0.0
2020-10-10,9,0.0
2020-10-10,10,0.0
2020-10-10,11,0.0
2020-10-10,12,1.21
2020-10-10,13,4.06
2020-10-10,14,5.77
2020-10-10,15,2.17
2020-10-10,16,0.0
2020-10-10,17,6.59
2020-10-10,18,8.66
2020-10-10,19,10.58
2020-10-10,20,10.86
2020-10-10,21,7.85
2020-10-10,22,5.47
2020-10-10,23,2.78
2020-10-10,24,5.59
2020-10-11,1,7.38
2020-10-11,2,4.26
2020-10-11,3,3.05
2020-10-11,4,0.0
2020-10-11,5,0.0
2020-10-11,6,0.47
2020-10-11,7,5.69
2020-10-11,8,6.29
2020-10-11,9,5.85
2020-10-11,10,5.76
2020-10-11,11,5.8
2020-10-11,12,5.86
2020-10-11,13,9.28
2020-10-11,14,5.75
2020-10-11,15,3.39
2020-10-11,16,9.22
2020-10-11,17,12.31
2020-10-11,18,14.04
2020-10-11,19,15.75
2020-10-11,20,7.92
2020-10-11,21,4.65
2020-10-11,22,0.0
2020-10-11,23,0.0
2020-10-11,24,0.0
2020-10-12,1,0.0
2020-10-12,2,0.0
2020-10-12,3,0.0
2020-10-12,4,0.0
2020-10-12,5,0.0
2020-10-12,6,0.0
2020-10-12,7,0.0
2020-10-12,8,0.86
2020-10-12,9,5.86
2020-10-12,10,10.9
2020-10-12,11,5.9
2020-10-12,12,5.65
2020-10-12,13,5.1
2020-10-12,14,5.09
2020-10-12,15,6.03
2020-10-12,16,6.04
2020-10-12,17,5.6
2020-10-12,18,0.0
2020-10-12,19,0.0
2020-10-12,20,0.0
2020-10-12,21,0.46
2020-10-12,22,0.0
2020-10-12,23,0.0
2020-10-12,24,0.0
2020-10-13,1,0.0
2020-10-13,2,0.0
2020-10-13,3,0.0
2020-10-13,4,0.0
2020-10-13,5,0.0
2020-10-13,6,5.4
2020-10-13,7,7.33
2020-10-13,8,14.4
2020-10-13,9,14.4
2020-10-13,10,14.39
2020-10-13,11,14.72
2020-10-13,12,13.97
2020-10-13,13,12.99
2020-10-13,14,9.76
2020-10-13,15,13.25
2020-10-13,16,11.45
2020-10-13,17,12.43
2020-10-13,18,6.07
2020-10-13,19,6.44
2020-10-13,20,3.8
2020-10-13,21,5.23
2020-10-13,22,3.37
2020-10-13,23,6.77
2020-10-13,24,0.0
2020-10-14,1,0.0
2020-10-14,2,0.0
2020-10-14,3,5.57
2020-10-14,4,13.77
2020-10-14,5,36.89
2020-10-14,6,33.51
2020-10-14,7,70.61
2020-10-14,8,13.76
2020-10-14,9,12.97
2020-10-14,10,7.71
2020-10-14,11,13.98
2020-10-14,12,1.94
2020-10-14,13,5.72
2020-10-14,14,5.71
2020-10-14,15,5.69
2020-10-14,16,3.65
2020-10-14,17,10.62
2020-10-14,18,7.25
2020-10-14,19,5.94
2020-10-14,20,2.41
2020-10-14,21,3.91
2020-10-14,22,0.0
2020-10-14,23,0.0
2020-10-14,24,0.0
2020-10-15,1,0.0
2020-10-15,2,-0.03
2020-10-15,3,-0.01
2020-10-15,4,0.0
2020-10-15,5,0.0
2020-10-15,6,0.0
2020-10-15,7,4.74
2020-10-15,8,5.83
2020-10-15,9,12.41
2020-10-15,10,25.45
2020-10-15,11,14.38
2020-10-15,12,8.59
2020-10-15,13,5.86
2020-10-15,14,5.73
2020-10-15,15,10.46
2020-10-15,16,12.53
2020-10-15,17,18.41
2020-10-15,18,13.68
2020-10-15,19,5.73
2020-10-15,20,11.72
2020-10-15,21,15.31
2020-10-15,22,15.89
2020-10-15,23,13.13
2020-10-15,24,3.94
2020-10-16,1,8.29
2020-10-16,2,5.93
2020-10-16,3,10.21
2020-10-16,4,6.53
2020-10-16,5,1.94
2020-10-16,6,17.64
2020-10-16,7,26.11
2020-10-16,8,48.68
2020-10-16,9,26.25
2020-10-16,10,9.99
2020-10-16,11,1.23
2020-10-16,12,0.5
2020-10-16,13,0.0
2020-10-16,14,1.72
2020-10-16,15,3.34
2020-10-16,16,4.03
2020-10-16,17,6.87
2020-10-16,18,18.76
2020-10-16,19,19.33
2020-10-16,20,19.48
2020-10-16,21,19.4
2020-10-16,22,15.42
2020-10-16,23,9.96
2020-10-16,24,8.01
2020-10-17,1,1.41
2020-10-17,2,0.94
2020-10-17,3,0.0
2020-10-17,4,0.0
2020-10-17,5,1.85
2020-10-17,6,8.01
2020-10-17,7,8.33
2020-10-17,8,9.67
2020-10-17,9,13.35
2020-10-17,10,15.24
2020-10-17,11,12.75
2020-10-17,12,20.87
2020-10-17,13,15.05
2020-10-17,14,11.54
2020-10-17,15,0.87
2020-10-17,16,3.41
2020-10-17,17,15.88
2020-10-17,18,18.22
2020-10-17,19,6.52
2020-10-17,20,0.81
2020-10-17,21,1.28
2020-10-17,22,0.0
2020-10-17,23,0.0
2020-10-17,24,0.0
2020-10-18,1,-0.71
2020-10-18,2,-0.39
2020-10-18,3,-0.85
2020-10-18,4,-3.0
2020-10-18,5,-2.15
2020-10-18,6,-2.08
2020-10-18,7,-0.23
2020-10-18,8,0.0
2020-10-18,9,0.0
2020-10-18,10,3.37
2020-10-18,11,7.61
2020-10-18,12,5.81
2020-10-18,13,0.4
2020-10-18,14,0.0
2020-10-18,15,0.0
2020-10-18,16,1.24
2020-10-18,17,3.56
2020-10-18,18,4.27
2020-10-18,19,5.96
2020-10-18,20,5.76
2020-10-18,21,12.97
2020-10-18,22,34.35
2020-10-18,23,9.57
2020-10-18,24,5.71
2020-10-19,1,13.92
2020-10-19,2,7.45
2020-10-19,3,5.7
2020-10-19,4,9.32
2020-10-19,5,12.06
2020-10-19,6,22.55
2020-10-19,7,29.69
2020-10-19,8,35.95
2020-10-19,9,38.09
2020-10-19,10,36.33
2020-10-19,11,33.35
2020-10-19,12,31.11
2020-10-19,13,32.84
2020-10-19,14,26.0
2020-10-19,15,25.56
2020-10-19,16,27.17
2020-10-19,17,29.57
2020-10-19,18,29.22
2020-10-19,19,25.24
2020-10-19,20,22.57
2020-10-19,21,21.2
2020-10-19,22,19.19
2020-10-19,23,12.04
2020-10-19,24,10.33
2020-10-20,1,14.39
2020-10-20,2,20.14
2020-10-20,3,15.7
2020-10-20,4,-1.5
2020-10-20,5,2.69
2020-10-20,6,20.08
2020-10-20,7,24.3
2020-10-20,8,27.31
2020-10-20,9,25.25
2020-10-20,10,18.42
2020-10-20,11,12.35
2020-10-20,12,17.7
2020-10-20,13,15.91
2020-10-20,14,19.61
2020-10-20,15,15.72
2020-10-20,16,21.77
2020-10-20,17,21.19
2020-10-20,18,21.53
2020-10-20,19,21.75
2020-10-20,20,7.4
2020-10-20,21,2.64
2020-10-20,22,2.09
2020-10-20,23,6.89
2020-10-20,24,1.89
2020-10-21,1,0.0
2020-10-21,2,0.0
2020-10-21,3,0.0
2020-10-21,4,0.0
2020-10-21,5,0.0
2020-10-21,6,0.0
2020-10-21,7,2.8
2020-10-21,8,7.63
2020-10-21,9,37.69
2020-10-21,10,16.43
2020-10-21,11,5.47
2020-10-21,12,5.16
2020-10-21,13,5.24
2020-10-21,14,0.49
2020-10-21,15,9.76
2020-10-21,16,23.43
2020-10-21,17,28.87
2020-10-21,18,26.57
2020-10-21,19,27.57
2020-10-21,20,23.82
2020-10-21,21,22.04
2020-10-21,22,11.72
2020-10-21,23,11.75
2020-10-21,24,8.23
2020-10-22,1,11.61
2020-10-22,2,13.09
2020-10-22,3,6.05
2020-10-22,4,5.87
2020-10-22,5,11.38
2020-10-22,6,22.77
2020-10-22,7,22.81
2020-10-22,8,26.79
2020-10-22,9,28.48
2020-10-22,10,26.78
2020-10-22,11,25.69
2020-10-22,12,20.86
2020-10-22,13,23.57
2020-10-22,14,23.19
2020-10-22,15,24.14
2020-10-22,16,27.06
2020-10-22,17,26.29
2020-10-22,18,24.23
2020-10-22,19,18.22
2020-10-22,20,11.7
2020-10-22,21,4.66
2020-10-22,22,5.64
2020-10-22,23,-0.01
2020-10-22,24,-0.02
2020-10-23,1,0.0
2020-10-23,2,0.0
2020-10-23,3,-0.11
2020-10-23,4,-0.01
2020-10-23,5,0.0
2020-10-23,6,0.0
2020-10-23,7,0.0
2020-10-23,8,2.83
2020-10-23,9,2.07
2020-10-23,10,0.0
2020-10-23,11,0.0
2020-10-23,12,0.0
2020-10-23,13,0.0
2020-10-23,14,0.0
2020-10-23,15,0.0
2020-10-23,16,2.2
2020-10-23,17,0.91
2020-10-23,18,0.0
2020-10-23,19,0.0
2020-10-23,20,0.0
2020-10-23,21,0.0
2020-10-23,22,0.0
2020-10-23,23,0.0
2020-10-23,24,0.0
2020-10-24,1,-0.01
2020-10-24,2,-0.04
2020-10-24,3,0.0
2020-10-24,4,-0.03
2020-10-24,5,0.0
2020-10-24,6,2.82
2020-10-24,7,3.14
2020-10-24,8,15.98
2020-10-24,9,39.89
2020-10-24,10,14.39
2020-10-24,11,6.7
2020-10-24,12,15.3
2020-10-24,13,22.54
2020-10-24,14,15.3
2020-10-24,15,5.97
2020-10-24,16,16.07
2020-10-24,17,23.48
2020-10-24,18,28.18
2020-10-24,19,24.34
2020-10-24,20,14.48
2020-10-24,21,5.76
2020-10-24,22,3.95
2020-10-24,23,1.88
2020-10-24,24,15.45
2020-10-25,1,10.23
2020-10-25,2,8.8
2020-10-25,3,5.83
2020-10-25,4,5.87
2020-10-25,5,5.67
2020-10-25,6,5.95
2020-10-25,7,4.86
2020-10-25,8,6.49
2020-10-25,9,5.74
2020-10-25,10,5.96
2020-10-25,11,14.32
2020-10-25,12,24.77
2020-10-25,13,19.44
2020-10-25,14,6.75
2020-10-25,15,5.92
2020-10-25,16,8.75
2020-10-25,17,35.54
2020-10-25,18,41.92
2020-10-25,19,28.94
2020-10-25,20,10.09
2020-10-25,21,6.55
2020-10-25,22,2.69
2020-10-25,23,3.98
2020-10-25,24,14.36
2020-10-26,1,21.52
2020-10-26,2,15.52
2020-10-26,3,13.36
2020-10-26,4,10.97
2020-10-26,5,8.49
2020-10-26,6,12.86
2020-10-26,7,29.01
2020-10-26,8,27.26
2020-10-26,9,29.49
2020-10-26,10,28.92
2020-10-26,11,28.29
2020-10-26,12,27.97
2020-10-26,13,29.43
2020-10-26,14,28.85
2020-10-26,15,27.23
2020-10-26,16,27.07
2020-10-26,17,29.1
2020-10-26,18,27.73
2020-10-26,19,29.54
2020-10-26,20,26.61
2020-10-26,21,21.07
2020-10-26,22,19.16
2020-10-26,23,20.0
2020-10-26,24,10.92
2020-10-27,1,13.0
2020-10-27,2,14.37
2020-10-27,3,15.29
2020-10-27,4,6.88
2020-10-27,5,9.99
2020-10-27,6,25.47
2020-10-27,7,29.01
2020-10-27,8,28.19
2020-10-27,9,25.72
2020-10-27,10,27.69
2020-10-27,11,27.97
2020-10-27,12,27.78
2020-10-27,13,27.43
2020-10-27,14,23.37
2020-10-27,15,26.76
2020-10-27,16,31.22
2020-10-27,17,57.55
2020-10-27,18,31.75
2020-10-27,19,28.96
2020-10-27,20,27.34
2020-10-27,21,22.06
2020-10-27,22,16.24
2020-10-27,23,10.09
2020-10-27,24,22.52
2020-10-28,1,4.95
2020-10-28,2,3.33
2020-10-28,3,5.9
2020-10-28,4,5.81
2020-10-28,5,0.35
2020-10-28,6,4.71
2020-10-28,7,10.89
2020-10-28,8,14.4
2020-10-28,9,11.63
2020-10-28,10,3.42
2020-10-28,11,0.0
2020-10-28,12,0.0
2020-10-28,13,0.0
2020-10-28,14,0.0
2020-10-28,15,0.0
2020-10-28,16,3.27
2020-10-28,17,9.84
2020-10-28,18,23.75
2020-10-28,19,25.85
2020-10-28,20,18.95
2020-10-28,21,15.81
2020-10-28,22,9.52
2020-10-28,23,12.45
2020-10-28,24,9.45
2020-10-29,1,5.96
2020-10-29,2,6.75
2020-10-29,3,14.37
2020-10-29,4,13.83
2020-10-29,5,8.79
2020-10-29,6,7.72
2020-10-29,7,28.59
2020-10-29,8,29.76
2020-10-29,9,27.32
2020-10-29,10,27.42
2020-10-29,11,29.48
2020-10-29,12,26.14
2020-10-29,13,26.32
2020-10-29,14,8.71
2020-10-29,15,4.37
2020-10-29,16,4.78
2020-10-29,17,9.1
2020-10-29,18,9.37
2020-10-29,19,6.81
2020-10-29,20,5.54
2020-10-29,21,3.65
2020-10-29,22,1.42
2020-10-29,23,1.35
2020-10-29,24,5.7
2020-10-30,1,5.26
2020-10-30,2,4.36
2020-10-30,3,0.0
2020-10-30,4,1.42
2020-10-30,5,9.04
2020-10-30,6,13.49
2020-10-30,7,28.23
2020-10-30,8,30.68
2020-10-30,9,28.96
2020-10-30,10,27.64
2020-10-30,11,9.54
2020-10-30,12,13.94
2020-10-30,13,15.83
2020-10-30,14,17.81
2020-10-30,15,16.52
2020-10-30,16,24.6
2020-10-30,17,27.13
2020-10-30,18,27.86
2020-10-30,19,27.93
2020-10-30,20,27.69
2020-10-30,21,25.1
2020-10-30,22,20.6
2020-10-30,23,11.32
2020-10-30,24,13.68
2020-10-31,1,18.31
2020-10-31,2,13.68
2020-10-31,3,15.38
2020-10-31,4,23.8
2020-10-31,5,25.01
2020-10-31,6,8.98
2020-10-31,7,23.27
2020-10-31,8,24.95
2020-10-31,9,10.06
2020-10-31,10,5.69
2020-10-31,11,4.17
2020-10-31,12,0.47
2020-10-31,13,0.0
2020-10-31,14,0.0
2020-10-31,15,0.0
2020-10-31,16,1.77
2020-10-31,17,0.0
2020-10-31,18,0.0
2020-10-31,19,0.0
2020-10-31,20,0.0
2020-10-31,21,0.0
2020-10-31,22,0.0
2020-10-31,23,-0.25
2020-10-31,24,-0.36
2020-11-01,1,-0.07
2020-11-01,2,-0.04
2020-11-01,3,-0.04
2020-11-01,4,0.0
2020-11-01,5,-0.01
2020-11-01,6,-0.01
2020-11-01,7,0.0
2020-11-01,8,0.0
2020-11-01,9,0.0
2020-11-01,10,5.56
2020-11-01,11,5.73
2020-11-01,12,5.63
2020-11-01,13,5.95
2020-11-01,14,5.6
2020-11-01,15,0.0
2020-11-01,16,0.0
2020-11-01,17,4.77
2020-11-01,18,15.24
2020-11-01,19,9.86
2020-11-01,20,5.85
2020-11-01,21,4.66
2020-11-01,22,2.75
2020-11-01,23,0.4
2020-11-01,24,0.0
2020-11-02,1,0.0
2020-11-02,2,0.0
2020-11-02,3,0.0
2020-11-02,4,0.0
2020-11-02,5,0.0
2020-11-02,6,2.37
2020-11-02,7,5.57
2020-11-02,8,12.24
2020-11-02,9,15.41
2020-11-02,10,14.36
2020-11-02,11,17.06
2020-11-02,12,10.89
2020-11-02,13,2.31
2020-11-02,14,5.54
2020-11-02,15,4.93
2020-11-02,16,1.77
2020-11-02,17,10.09
2020-11-02,18,39.41
2020-11-02,19,15.58
2020-11-02,20,5.72
2020-11-02,21,0.0
2020-11-02,22,0.0
2020-11-02,23,0.0
2020-11-02,24,0.0
2020-11-03,1,0.0
2020-11-03,2,0.0
2020-11-03,3,0.0
2020-11-03,4,0.0
2020-11-03,5,0.0
2020-11-03,6,6.29
2020-11-03,7,24.01
2020-11-03,8,34.46
2020-11-03,9,35.19
2020-11-03,10,58.75
2020-11-03,11,31.67
2020-11-03,12,31.25
2020-11-03,13,29.89
2020-11-03,14,25.65
2020-11-03,15,25.7
2020-11-03,16,28.6
2020-11-03,17,26.33
2020-11-03,18,31.48
2020-11-03,19,30.91
2020-11-03,20,16.52
2020-11-03,21,11.88
2020-11-03,22,4.43
2020-11-03,23,1.37
2020-11-03,24,0.0
2020-11-04,1,0.0
2020-11-04,2,0.0
2020-11-04,3,0.0
2020-11-04,4,0.0
2020-11-04,5,0.0
2020-11-04,6,0.0
2020-11-04,7,0.0
2020-11-04,8,0.0
2020-11-04,9,0.0
2020-11-04,10,0.0
2020-11-04,11,0.0
2020-11-04,12,0.0
2020-11-04,13,0.0
2020-11-04,14,0.0
2020-11-04,15,0.0
2020-11-04,16,1.26
2020-11-04,17,1.77
2020-11-04,18,5.83
2020-11-04,19,0.4
2020-11-04,20,0.0
2020-11-04,21,0.0
2020-11-04,22,0.0
2020-11-04,23,0.0
2020-11-04,24,0.0
2020-11-05,1,0.0
2020-11-05,2,0.0
2020-11-05,3,0.0
2020-11-05,4,-0.01
2020-11-05,5,0.0
2020-11-05,6,0.0
2020-11-05,7,0.0
2020-11-05,8,0.0
2020-11-05,9,0.0
2020-11-05,10,0.0
2020-11-05,11,5.69
2020-11-05,12,12.27
2020-11-05,13,11.61
2020-11-05,14,5.75
2020-11-05,15,4.46
2020-11-05,16,4.11
2020-11-05,17,9.63
2020-11-05,18,13.76
2020-11-05,19,4.59
2020-11-05,20,3.97
2020-11-05,21,3.94
2020-11-05,22,6.05
2020-11-05,23,1.86
2020-11-05,24,0.0
2020-11-06,1,0.0
2020-11-06,2,0.0
2020-11-06,3,0.0
2020-11-06,4,0.0
2020-11-06,5,0.0
2020-11-06,6,0.0
2020-11-06,7,2.82
2020-11-06,8,5.88
2020-11-06,9,12.97
2020-11-06,10,14.35
2020-11-06,11,14.35
2020-11-06,12,5.88
2020-11-06,13,0.0
2020-11-06,14,5.62
2020-11-06,15,3.57
2020-11-06,16,3.98
2020-11-06,17,4.38
2020-11-06,18,0.4
2020-11-06,19,0.0
2020-11-06,20,0.0
2020-11-06,21,0.43
2020-11-06,22,0.0
2020-11-06,23,0.85
2020-11-06,24,0.0
2020-11-07,1,0.0
2020-11-07,2,-0.03
2020-11-07,3,-0.47
2020-11-07,4,-0.08
2020-11-07,5,-0.03
2020-11-07,6,-0.02
2020-11-07,7,0.0
2020-11-07,8,0.0
2020-11-07,9,0.0
2020-11-07,10,4.77
2020-11-07,11,5.83
2020-11-07,12,5.75
2020-11-07,13,5.6
2020-11-07,14,4.23
2020-11-07,15,0.79
2020-11-07,16,1.28
2020-11-07,17,1.63
2020-11-07,18,6.15
2020-11-07,19,5.35
2020-11-07,20,3.24
2020-11-07,21,2.04
2020-11-07,22,4.53
2020-11-07,23,0.83
2020-11-07,24,0.0
2020-11-08,1,0.0
2020-11-08,2,0.0
2020-11-08,3,-0.01
2020-11-08,4,-0.02
2020-11-08,5,-0.24
2020-11-08,6,0.0
2020-11-08,7,2.24
2020-11-08,8,5.41
2020-11-08,9,5.57
2020-11-08,10,6.01
2020-11-08,11,14.34
2020-11-08,12,14.34
2020-11-08,13,5.96
2020-11-08,14,6.07
2020-11-08,15,4.48
2020-11-08,16,3.55
2020-11-08,17,9.48
2020-11-08,18,36.17
2020-11-08,19,8.85
2020-11-08,20,4.46
2020-11-08,21,3.71
2020-11-08,22,2.73
2020-11-08,23,0.0
2020-11-08,24,0.47
2020-11-09,1,0.47
2020-11-09,2,0.0
2020-11-09,3,0.0
2020-11-09,4,0.0
2020-11-09,5,0.0
2020-11-09,6,0.0
2020-11-09,7,0.0
2020-11-09,8,3.62
2020-11-09,9,5.74
2020-11-09,10,6.22
2020-11-09,11,14.34
2020-11-09,12,14.36
2020-11-09,13,5.99
2020-11-09,14,5.82
2020-11-09,15,8.05
2020-11-09,16,5.51
2020-11-09,17,10.23
2020-11-09,18,14.87
2020-11-09,19,9.29
2020-11-09,20,1.34
2020-11-09,21,0.47
2020-11-09,22,0.0
2020-11-09,23,0.0
2020-11-09,24,0.0
2020-11-10,1,0.0
2020-11-10,2,-0.12
2020-11-10,3,-0.11
2020-11-10,4,-3.0
2020-11-10,5,-0.71
2020-11-10,6,-0.04
2020-11-10,7,0.0
2020-11-10,8,0.0
2020-11-10,9,0.0
2020-11-10,10,1.71
2020-11-10,11,5.64
2020-11-10,12,2.75
2020-11-10,13,0.0
2020-11-10,14,2.08
2020-11-10,15,5.29
2020-11-10,16,5.48
2020-11-10,17,0.4
2020-11-10,18,1.24
2020-11-10,19,3.19
2020-11-10,20,5.1
2020-11-10,21,3.13
2020-11-10,22,0.83
2020-11-10,23,0.38
2020-11-10,24,0.0
2020-11-11,1,-0.04
2020-11-11,2,-0.15
2020-11-11,3,-0.39
2020-11-11,4,-1.03
2020-11-11,5,-2.08
2020-11-11,6,-0.05
2020-11-11,7,0.0
2020-11-11,8,2.28
2020-11-11,9,3.19
2020-11-11,10,5.66
2020-11-11,11,0.0
2020-11-11,12,3.98
2020-11-11,13,5.65
2020-11-11,14,5.73
2020-11-11,15,11.86
2020-11-11,16,3.25
2020-11-11,17,7.36
2020-11-11,18,16.19
2020-11-11,19,9.08
2020-11-11,20,12.82
2020-11-11,21,18.97
2020-11-11,22,12.72
2020-11-11,23,9.35
2020-11-11,24,6.06
2020-11-12,1,0.95
2020-11-12,2,0.0
2020-11-12,3,5.78
2020-11-12,4,14.38
2020-11-12,5,10.25
2020-11-12,6,7.99
2020-11-12,7,14.36
2020-11-12,8,30.62
2020-11-12,9,12.48
2020-11-12,10,5.11
2020-11-12,11,5.34
2020-11-12,12,10.25
2020-11-12,13,2.33
2020-11-12,14,1.83
2020-11-12,15,6.63
2020-11-12,16,17.95
2020-11-12,17,24.87
2020-11-12,18,25.15
2020-11-12,19,25.61
2020-11-12,20,23.3
2020-11-12,21,23.02
2020-11-12,22,13.83
2020-11-12,23,7.2
2020-11-12,24,3.79
2020-11-13,1,5.88
2020-11-13,2,14.35
2020-11-13,3,19.06
2020-11-13,4,14.56
2020-11-13,5,12.74
2020-11-13,6,6.45
2020-11-13,7,10.04
2020-11-13,8,11.45
2020-11-13,9,22.95
2020-11-13,10,218.62
2020-11-13,11,109.1
2020-11-13,12,10.64
2020-11-13,13,2.91
2020-11-13,14,7.24
2020-11-13,15,0.4
2020-11-13,16,9.13
2020-11-13,17,50.78
2020-11-13,18,75.82
2020-11-13,19,67.48
2020-11-13,20,14.34
2020-11-13,21,15.14
2020-11-13,22,10.21
2020-11-13,23,11.85
2020-11-13,24,6.78
2020-11-14,1,4.31
2020-11-14,2,0.47
2020-11-14,3,5.67
2020-11-14,4,4.24
2020-11-14,5,5.82
2020-11-14,6,13.99
2020-11-14,7,10.55
2020-11-14,8,19.47
2020-11-14,9,14.18
2020-11-14,10,5.93
2020-11-14,11,13.49
2020-11-14,12,10.14
2020-11-14,13,5.88
2020-11-14,14,5.9
2020-11-14,15,13.15
2020-11-14,16,14.96
2020-11-14,17,20.9
2020-11-14,18,34.45
2020-11-14,19,14.78
2020-11-14,20,5.6
2020-11-14,21,5.71
2020-11-14,22,5.27
2020-11-14,23,1.15
2020-11-14,24,0.0
2020-11-15,1,0.0
2020-11-15,2,0.0
2020-11-15,3,-0.06
2020-11-15,4,-0.02
2020-11-15,5,-0.13
2020-11-15,6,-0.06
2020-11-15,7,0.0
2020-11-15,8,0.0
2020-11-15,9,0.0
2020-11-15,10,0.0
2020-11-15,11,2.36
2020-11-15,12,5.24
2020-11-15,13,5.54
2020-11-15,14,9.33
2020-11-15,15,5.34
2020-11-15,16,0.79
2020-11-15,17,0.0
2020-11-15,18,4.87
2020-11-15,19,3.77
2020-11-15,20,2.08
2020-11-15,21,0.0
2020-11-15,22,0.0
2020-11-15,23,0.0
2020-11-15,24,-0.1
2020-11-16,1,-1.49
2020-11-16,2,-3.0
2020-11-16,3,-3.0
2020-11-16,4,-3.0
2020-11-16,5,-1.78
2020-11-16,6,-0.03
2020-11-16,7,0.0
2020-11-16,8,1.4
2020-11-16,9,5.72
2020-11-16,10,5.79
2020-11-16,11,5.68
2020-11-16,12,4.13
2020-11-16,13,6.83
2020-11-16,14,5.85
2020-11-16,15,14.37
2020-11-16,16,10.19
2020-11-16,17,19.42
2020-11-16,18,22.97
2020-11-16,19,20.42
2020-11-16,20,14.98
2020-11-16,21,8.81
2020-11-16,22,15.54
2020-11-16,23,7.27
2020-11-16,24,10.74
2020-11-17,1,7.34
2020-11-17,2,5.65
2020-11-17,3,1.27
2020-11-17,4,0.0
2020-11-17,5,0.0
2020-11-17,6,0.0
2020-11-17,7,0.0
2020-11-17,8,0.0
2020-11-17,9,5.86
2020-11-17,10,2.33
2020-11-17,11,0.0
2020-11-17,12,0.0
2020-11-17,13,1.41
2020-11-17,14,4.89
2020-11-17,15,14.36
2020-11-17,16,6.95
2020-11-17,17,9.89
2020-11-17,18,20.93
2020-11-17,19,14.38
2020-11-17,20,13.13
2020-11-17,21,13.33
2020-11-17,22,13.99
2020-11-17,23,10.87
2020-11-17,24,14.35
2020-11-18,1,14.36
2020-11-18,2,14.35
2020-11-18,3,14.35
2020-11-18,4,14.33
2020-11-18,5,15.64
2020-11-18,6,8.77
2020-11-18,7,19.0
2020-11-18,8,30.75
2020-11-18,9,42.15
2020-11-18,10,941.85
2020-11-18,11,41.51
2020-11-18,12,23.05
2020-11-18,13,23.72
2020-11-18,14,14.34
2020-11-18,15,12.13
2020-11-18,16,7.03
2020-11-18,17,15.21
2020-11-18,18,22.28
2020-11-18,19,9.72
2020-11-18,20,8.63
2020-11-18,21,6.14
2020-11-18,22,0.41
2020-11-18,23,0.0
2020-11-18,24,0.0
2020-11-19,1,0.0
2020-11-19,2,0.0
2020-11-19,3,0.0
2020-11-19,4,0.0
2020-11-19,5,0.0
2020-11-19,6,0.0
2020-11-19,7,0.0
2020-11-19,8,0.0
2020-11-19,9,2.48
2020-11-19,10,0.0
2020-11-19,11,0.4
2020-11-19,12,0.0
2020-11-19,13,0.0
2020-11-19,14,0.0
2020-11-19,15,0.0
2020-11-19,16,0.0
2020-11-19,17,3.29
2020-11-19,18,5.73
2020-11-19,19,6.47
2020-11-19,20,5.94
2020-11-19,21,5.78
2020-11-19,22,0.0
2020-11-19,23,0.0
2020-11-19,24,-0.01
2020-11-20,1,-0.84
2020-11-20,2,-2.62
2020-11-20,3,-3.0
2020-11-20,4,-3.0
2020-11-20,5,-3.0
2020-11-20,6,-2.21
2020-11-20,7,-0.01
2020-11-20,8,0.0
2020-11-20,9,4.31
2020-11-20,10,0.0
2020-11-20,11,0.0
2020-11-20,12,0.0
2020-11-20,13,0.0
2020-11-20,14,0.94
2020-11-20,15,0.0
2020-11-20,16,0.0
2020-11-20,17,2.23
2020-11-20,18,4.5
2020-11-20,19,5.94
2020-11-20,20,12.56
2020-11-20,21,11.11
2020-11-20,22,5.81
2020-11-20,23,0.93
2020-11-20,24,0.0
2020-11-21,1,0.0
2020-11-21,2,0.0
2020-11-21,3,-0.04
2020-11-21,4,-0.06
2020-11-21,5,-0.02
2020-11-21,6,2.33
2020-11-21,7,5.3
2020-11-21,8,5.84
2020-11-21,9,9.41
2020-11-21,10,14.47
2020-11-21,11,20.56
2020-11-21,12,22.51
2020-11-21,13,14.46
2020-11-21,14,14.35
2020-11-21,15,14.35
2020-11-21,16,15.88
2020-11-21,17,28.31
2020-11-21,18,86.29
2020-11-21,19,33.38
2020-11-21,20,17.53
2020-11-21,21,11.43
2020-11-21,22,9.47
2020-11-21,23,7.92
2020-11-21,24,6.1
2020-11-22,1,7.34
2020-11-22,2,5.82
2020-11-22,3,5.88
2020-11-22,4,5.8
2020-11-22,5,5.73
2020-11-22,6,5.86
2020-11-22,7,5.8
2020-11-22,8,4.83
2020-11-22,9,3.18
2020-11-22,10,5.96
2020-11-22,11,8.81
2020-11-22,12,13.72
2020-11-22,13,17.63
2020-11-22,14,18.32
2020-11-22,15,20.34
2020-11-22,16,13.91
2020-11-22,17,14.93
2020-11-22,18,20.8
2020-11-22,19,19.33
2020-11-22,20,15.01
2020-11-22,21,19.98
2020-11-22,22,17.57
2020-11-22,23,12.27
2020-11-22,24,13.86
2020-11-23,1,13.66
2020-11-23,2,9.43
2020-11-23,3,5.91
2020-11-23,4,8.77
2020-11-23,5,12.25
2020-11-23,6,3.82
2020-11-23,7,2.39
2020-11-23,8,8.95
2020-11-23,9,13.36
2020-11-23,10,14.57
2020-11-23,11,22.14
2020-11-23,12,19.78
2020-11-23,13,7.32
2020-11-23,14,8.94
2020-11-23,15,14.43
2020-11-23,16,14.42
2020-11-23,17,16.29
2020-11-23,18,17.08
2020-11-23,19,14.88
2020-11-23,20,12.1
2020-11-23,21,16.12
2020-11-23,22,15.03
2020-11-23,23,12.98
2020-11-23,24,14.47
2020-11-24,1,11.68
2020-11-24,2,13.34
2020-11-24,3,13.35
2020-11-24,4,13.32
2020-11-24,5,5.06
2020-11-24,6,11.22
2020-11-24,7,17.43
2020-11-24,8,21.38
2020-11-24,9,22.86
2020-11-24,10,21.8
2020-11-24,11,22.54
2020-11-24,12,22.48
2020-11-24,13,22.88
2020-11-24,14,21.02
2020-11-24,15,16.41
2020-11-24,16,18.55
2020-11-24,17,17.92
2020-11-24,18,20.64
2020-11-24,19,18.77
2020-11-24,20,16.78
2020-11-24,21,15.92
2020-11-24,22,7.32
2020-11-24,23,1.91
2020-11-24,24,2.42
2020-11-25,1,9.45
2020-11-25,2,14.36
2020-11-25,3,6.63
2020-11-25,4,5.72
2020-11-25,5,0.44
2020-11-25,6,0.0
2020-11-25,7,0.0
2020-11-25,8,4.85
2020-11-25,9,13.36
2020-11-25,10,18.15
2020-11-25,11,16.07
2020-11-25,12,15.2
2020-11-25,13,20.55
2020-11-25,14,21.91
2020-11-25,15,22.28
2020-11-25,16,17.53
2020-11-25,17,20.04
2020-11-25,18,16.67
2020-11-25,19,14.49
2020-11-25,20,6.61
2020-11-25,21,14.36
2020-11-25,22,16.51
2020-11-25,23,5.6
2020-11-25,24,1.46
2020-11-26,1,0.97
2020-11-26,2,5.69
2020-11-26,3,6.63
2020-11-26,4,5.92
2020-11-26,5,8.03
2020-11-26,6,1.86
2020-11-26,7,1.43
2020-11-26,8,3.31
2020-11-26,9,6.62
2020-11-26,10,11.91
2020-11-26,11,5.93
2020-11-26,12,5.94
2020-11-26,13,18.1
2020-11-26,14,18.24
2020-11-26,15,17.89
2020-11-26,16,12.32
2020-11-26,17,19.06
2020-11-26,18,21.87
2020-11-26,19,18.02
2020-11-26,20,17.57
2020-11-26,21,23.7
2020-11-26,22,9.42
2020-11-26,23,9.39
2020-11-26,24,6.28
2020-11-27,1,3.27
2020-11-27,2,5.96
2020-11-27,3,8.2
2020-11-27,4,5.95
2020-11-27,5,8.1
2020-11-27,6,4.93
2020-11-27,7,4.5
2020-11-27,8,9.02
2020-11-27,9,20.02
2020-11-27,10,21.11
2020-11-27,11,20.29
2020-11-27,12,19.54
2020-11-27,13,20.45
2020-11-27,14,19.83
2020-11-27,15,21.06
2020-11-27,16,17.25
2020-11-27,17,17.45
2020-11-27,18,15.98
2020-11-27,19,14.23
2020-11-27,20,14.36
2020-11-27,21,13.58
2020-11-27,22,9.62
2020-11-27,23,4.25
2020-11-27,24,0.46
2020-11-28,1,-0.02
2020-11-28,2,0.0
2020-11-28,3,0.0
2020-11-28,4,0.0
2020-11-28,5,0.0
2020-11-28,6,4.32
2020-11-28,7,1.35
2020-11-28,8,3.21
2020-11-28,9,5.88
2020-11-28,10,6.01
2020-11-28,11,3.35
2020-11-28,12,1.7
2020-11-28,13,5.97
2020-11-28,14,5.92
2020-11-28,15,8.83
2020-11-28,16,5.96
2020-11-28,17,5.19
2020-11-28,18,5.84
2020-11-28,19,4.21
2020-11-28,20,5.79
2020-11-28,21,5.97
2020-11-28,22,6.08
2020-11-28,23,2.7
2020-11-28,24,0.0
2020-11-29,1,0.0
2020-11-29,2,0.0
2020-11-29,3,0.0
2020-11-29,4,0.0
2020-11-29,5,0.0
2020-11-29,6,0.0
2020-11-29,7,0.0
2020-11-29,8,0.0
2020-11-29,9,0.0
2020-11-29,10,5.66
2020-11-29,11,0.47
2020-11-29,12,5.63
2020-11-29,13,6.18
2020-11-29,14,6.69
2020-11-29,15,2.9
2020-11-29,16,1.44
2020-11-29,17,6.32
2020-11-29,18,13.72
2020-11-29,19,14.88
2020-11-29,20,9.54
2020-11-29,21,14.37
2020-11-29,22,16.42
2020-11-29,23,14.98
2020-11-29,24,14.37
2020-11-30,1,18.93
2020-11-30,2,14.32
2020-11-30,3,5.98
2020-11-30,4,14.34
2020-11-30,5,7.39
2020-11-30,6,7.29
2020-11-30,7,4.31
2020-11-30,8,6.29
2020-11-30,9,14.12
2020-11-30,10,6.78
2020-11-30,11,14.4
2020-11-30,12,14.4
2020-11-30,13,7.12
2020-11-30,14,6.52
2020-11-30,15,5.86
2020-11-30,16,5.78
2020-11-30,17,8.44
2020-11-30,18,13.5
2020-11-30,19,6.66
2020-11-30,20,5.83
2020-11-30,21,6.63
2020-11-30,22,7.23
2020-11-30,23,5.8
2020-11-30,24,0.47
2020-12-01,1,0.0
2020-12-01,2,0.0
2020-12-01,3,0.0
2020-12-01,4,0.0
2020-12-01,5,0.0
2020-12-01,6,0.0
2020-12-01,7,4.09
2020-12-01,8,5.77
2020-12-01,9,10.92
2020-12-01,10,14.4
2020-12-01,11,18.09
2020-12-01,12,8.1
2020-12-01,13,6.04
2020-12-01,14,5.9
2020-12-01,15,5.87
2020-12-01,16,5.78
2020-12-01,17,8.02
2020-12-01,18,13.01
2020-12-01,19,14.46
2020-12-01,20,14.39
2020-12-01,21,8.94
2020-12-01,22,6.58
2020-12-01,23,7.26
2020-12-01,24,1.82
2020-12-02,1,0.0
2020-12-02,2,0.0
2020-12-02,3,0.0
2020-12-02,4,0.0
2020-12-02,5,0.0
2020-12-02,6,0.0
2020-12-02,7,2.37
2020-12-02,8,5.32
2020-12-02,9,5.87
2020-12-02,10,11.63
2020-12-02,11,16.7
2020-12-02,12,14.4
2020-12-02,13,7.43
2020-12-02,14,5.83
2020-12-02,15,5.88
2020-12-02,16,8.73
2020-12-02,17,8.73
2020-12-02,18,14.4
2020-12-02,19,6.58
2020-12-02,20,6.64
2020-12-02,21,5.42
2020-12-02,22,0.0
2020-12-02,23,0.47
2020-12-02,24,0.0
2020-12-03,1,0.0
2020-12-03,2,0.0
2020-12-03,3,0.0
2020-12-03,4,0.0
2020-12-03,5,0.0
2020-12-03,6,0.0
2020-12-03,7,1.35
2020-12-03,8,13.68
2020-12-03,9,5.32
2020-12-03,10,5.44
2020-12-03,11,0.95
2020-12-03,12,10.22
2020-12-03,13,7.37
2020-12-03,14,5.92
2020-12-03,15,5.73
2020-12-03,16,0.0
2020-12-03,17,5.69
2020-12-03,18,18.06
2020-12-03,19,11.66
2020-12-03,20,13.34
2020-12-03,21,16.03
2020-12-03,22,8.42
2020-12-03,23,3.75
2020-12-03,24,1.89
2020-12-04,1,0.0
2020-12-04,2,0.0
2020-12-04,3,0.0
2020-12-04,4,0.0
2020-12-04,5,0.0
2020-12-04,6,1.41
2020-12-04,7,2.36
2020-12-04,8,7.48
2020-12-04,9,11.58
2020-12-04,10,17.62
2020-12-04,11,14.85
2020-12-04,12,19.38
2020-12-04,13,15.66
2020-12-04,14,20.81
2020-12-04,15,19.9
2020-12-04,16,22.4
2020-12-04,17,31.08
2020-12-04,18,28.71
2020-12-04,19,22.16
2020-12-04,20,21.98
2020-12-04,21,20.38
2020-12-04,22,18.09
2020-12-04,23,20.62
2020-12-04,24,18.53
2020-12-05,1,13.19
2020-12-05,2,5.95
2020-12-05,3,5.93
2020-12-05,4,5.42
2020-12-05,5,5.85
2020-12-05,6,2.8
2020-12-05,7,1.97
2020-12-05,8,13.56
2020-12-05,9,14.02
2020-12-05,10,21.18
2020-12-05,11,21.11
2020-12-05,12,19.28
2020-12-05,13,16.63
2020-12-05,14,14.83
2020-12-05,15,14.34
2020-12-05,16,14.76
2020-12-05,17,32.52
2020-12-05,18,25.82
2020-12-05,19,38.98
2020-12-05,20,18.44
2020-12-05,21,20.93
2020-12-05,22,21.53
2020-12-05,23,20.85
2020-12-05,24,15.89
2020-12-06,1,16.54
2020-12-06,2,14.35
2020-12-06,3,17.79
2020-12-06,4,13.68
2020-12-06,5,13.64
2020-12-06,6,16.84
2020-12-06,7,18.16
2020-12-06,8,18.0
2020-12-06,9,15.78
2020-12-06,10,19.26
2020-12-06,11,21.2
2020-12-06,12,22.62
2020-12-06,13,20.25
2020-12-06,14,21.38
2020-12-06,15,17.45
2020-12-06,16,20.3
2020-12-06,17,26.07
2020-12-06,18,46.21
2020-12-06,19,25.03
2020-12-06,20,25.23
2020-12-06,21,22.4
2020-12-06,22,20.35
2020-12-06,23,19.54
2020-12-06,24,17.8
2020-12-07,1,15.62
2020-12-07,2,14.65
2020-12-07,3,8.21
2020-12-07,4,11.61
2020-12-07,5,6.8
2020-12-07,6,20.87
2020-12-07,7,21.8
2020-12-07,8,24.51
2020-12-07,9,26.31
2020-12-07,10,25.33
2020-12-07,11,25.31
2020-12-07,12,21.92
2020-12-07,13,18.67
2020-12-07,14,15.76
2020-12-07,15,16.12
2020-12-07,16,15.49
2020-12-07,17,18.67
2020-12-07,18,25.57
2020-12-07,19,21.58
2020-12-07,20,21.33
2020-12-07,21,22.45
2020-12-07,22,24.52
2020-12-07,23,21.39
2020-12-07,24,19.55
2020-12-08,1,19.4
2020-12-08,2,17.32
2020-12-08,3,15.2
2020-12-08,4,15.47
2020-12-08,5,14.7
2020-12-08,6,12.4
2020-12-08,7,18.67
2020-12-08,8,23.02
2020-12-08,9,23.27
2020-12-08,10,24.85
2020-12-08,11,24.03
2020-12-08,12,22.93
2020-12-08,13,22.85
2020-12-08,14,23.39
2020-12-08,15,22.74
2020-12-08,16,20.1
2020-12-08,17,24.06
2020-12-08,18,23.01
2020-12-08,19,17.73
2020-12-08,20,15.85
2020-12-08,21,17.3
2020-12-08,22,9.16
2020-12-08,23,3.15
2020-12-08,24,0.0
2020-12-09,1,0.0
2020-12-09,2,0.0
2020-12-09,3,0.0
2020-12-09,4,5.88
2020-12-09,5,4.78
2020-12-09,6,6.98
2020-12-09,7,11.35
2020-12-09,8,20.06
2020-12-09,9,23.61
2020-12-09,10,22.68
2020-12-09,11,23.8
2020-12-09,12,28.4
2020-12-09,13,23.83
2020-12-09,14,22.96
2020-12-09,15,22.06
2020-12-09,16,20.41
2020-12-09,17,22.44
2020-12-09,18,25.57
2020-12-09,19,23.03
2020-12-09,20,23.96
2020-12-09,21,23.74
2020-12-09,22,23.19
2020-12-09,23,20.12
2020-12-09,24,22.27
2020-12-10,1,10.6
2020-12-10,2,5.9
2020-12-10,3,14.66
2020-12-10,4,14.66
2020-12-10,5,13.0
2020-12-10,6,12.3
2020-12-10,7,11.74
2020-12-10,8,21.82
2020-12-10,9,25.21
2020-12-10,10,47.96
2020-12-10,11,32.86
2020-12-10,12,29.46
2020-12-10,13,25.08
2020-12-10,14,24.65
2020-12-10,15,23.96
2020-12-10,16,19.93
2020-12-10,17,21.33
2020-12-10,18,32.73
2020-12-10,19,22.94
2020-12-10,20,24.34
2020-12-10,21,21.79
2020-12-10,22,23.31
2020-12-10,23,19.43
2020-12-10,24,14.59
2020-12-11,1,3.8
2020-12-11,2,5.83
2020-12-11,3,6.71
2020-12-11,4,5.82
2020-12-11,5,5.63
2020-12-11,6,11.16
2020-12-11,7,20.02
2020-12-11,8,23.36
2020-12-11,9,23.74
2020-12-11,10,23.68
2020-12-11,11,23.67
2020-12-11,12,23.79
2020-12-11,13,25.62
2020-12-11,14,24.38
2020-12-11,15,24.89
2020-12-11,16,21.5
2020-12-11,17,25.02
2020-12-11,18,27.35
2020-12-11,19,20.14
2020-12-11,20,24.36
2020-12-11,21,21.21
2020-12-11,22,22.82
2020-12-11,23,20.95
2020-12-11,24,20.01
2020-12-12,1,13.0
2020-12-12,2,0.0
2020-12-12,3,1.44
2020-12-12,4,2.12
2020-12-12,5,1.76
2020-12-12,6,5.25
2020-12-12,7,1.37
2020-12-12,8,3.31
2020-12-12,9,12.95
2020-12-12,10,9.73
2020-12-12,11,15.81
2020-12-12,12,20.92
2020-12-12,13,13.37
2020-12-12,14,6.24
2020-12-12,15,5.95
2020-12-12,16,5.88
2020-12-12,17,7.36
2020-12-12,18,12.73
2020-12-12,19,8.18
2020-12-12,20,5.99
2020-12-12,21,5.9
2020-12-12,22,7.79
2020-12-12,23,4.39
2020-12-12,24,7.26
2020-12-13,1,12.75
2020-12-13,2,10.93
2020-12-13,3,13.34
2020-12-13,4,5.89
2020-12-13,5,5.88
2020-12-13,6,3.33
2020-12-13,7,7.41
2020-12-13,8,21.04
2020-12-13,9,20.38
2020-12-13,10,19.56
2020-12-13,11,23.58
2020-12-13,12,23.59
2020-12-13,13,24.02
2020-12-13,14,24.15
2020-12-13,15,24.37
2020-12-13,16,23.54
2020-12-13,17,25.86
2020-12-13,18,26.46
2020-12-13,19,28.44
2020-12-13,20,26.05
2020-12-13,21,24.68
2020-12-13,22,23.38
2020-12-13,23,22.87
2020-12-13,24,25.72
2020-12-14,1,26.29
2020-12-14,2,16.85
2020-12-14,3,23.08
2020-12-14,4,15.38
2020-12-14,5,14.4
2020-12-14,6,23.35
2020-12-14,7,22.02
2020-12-14,8,20.81
2020-12-14,9,22.41
2020-12-14,10,22.07
2020-12-14,11,23.56
2020-12-14,12,24.54
2020-12-14,13,22.57
2020-12-14,14,21.28
2020-12-14,15,18.29
2020-12-14,16,16.41
2020-12-14,17,19.41
2020-12-14,18,26.03
2020-12-14,19,25.89
2020-12-14,20,23.26
2020-12-14,21,19.82
2020-12-14,22,15.79
2020-12-14,23,20.36
2020-12-14,24,20.55
2020-12-15,1,9.33
2020-12-15,2,10.15
2020-12-15,3,15.24
2020-12-15,4,14.36
2020-12-15,5,8.65
2020-12-15,6,8.64
2020-12-15,7,20.97
2020-12-15,8,25.82
2020-12-15,9,27.49
2020-12-15,10,27.51
2020-12-15,11,27.15
2020-12-15,12,25.72
2020-12-15,13,26.2
2020-12-15,14,25.71
2020-12-15,15,25.06
2020-12-15,16,25.18
2020-12-15,17,28.01
2020-12-15,18,30.16
2020-12-15,19,26.6
2020-12-15,20,25.31
2020-12-15,21,24.09
2020-12-15,22,23.02
2020-12-15,23,20.29
2020-12-15,24,16.9
2020-12-16,1,14.89
2020-12-16,2,5.33
2020-12-16,3,11.11
2020-12-16,4,3.3
2020-12-16,5,7.67
2020-12-16,6,14.36
2020-12-16,7,23.21
2020-12-16,8,26.98
2020-12-16,9,27.43
2020-12-16,10,26.2
2020-12-16,11,24.27
2020-12-16,12,25.46
2020-12-16,13,28.27
2020-12-16,14,26.52
2020-12-16,15,32.66
2020-12-16,16,30.41
2020-12-16,17,38.23
2020-12-16,18,41.52
2020-12-16,19,29.37
2020-12-16,20,30.09
2020-12-16,21,25.79
2020-12-16,22,25.03
2020-12-16,23,19.59
2020-12-16,24,14.9
2020-12-17,1,19.73
2020-12-17,2,17.23
2020-12-17,3,23.5
2020-12-17,4,21.91
2020-12-17,5,24.98
2020-12-17,6,26.6
2020-12-17,7,28.49
2020-12-17,8,58.32
2020-12-17,9,32.24
2020-12-17,10,30.79
2020-12-17,11,32.19
2020-12-17,12,33.42
2020-12-17,13,53.85
2020-12-17,14,31.2
2020-12-17,15,31.37
2020-12-17,16,28.98
2020-12-17,17,37.01
2020-12-17,18,62.37
2020-12-17,19,51.98
2020-12-17,20,33.16
2020-12-17,21,62.72
2020-12-17,22,48.52
2020-12-17,23,26.79
2020-12-17,24,24.81
2020-12-18,1,28.11
2020-12-18,2,28.05
2020-12-18,3,28.08
2020-12-18,4,27.95
2020-12-18,5,31.77
2020-12-18,6,27.56
2020-12-18,7,29.46
2020-12-18,8,75.09
2020-12-18,9,63.89
2020-12-18,10,36.2
2020-12-18,11,29.06
2020-12-18,12,29.93
2020-12-18,13,27.73
2020-12-18,14,27.11
2020-12-18,15,27.49
2020-12-18,16,27.87
2020-12-18,17,30.23
2020-12-18,18,29.42
2020-12-18,19,29.1
2020-12-18,20,26.62
2020-12-18,21,26.7
2020-12-18,22,24.63
2020-12-18,23,22.44
2020-12-18,24,18.34
2020-12-19,1,11.36
2020-12-19,2,7.42
2020-12-19,3,2.95
2020-12-19,4,0.0
2020-12-19,5,0.0
2020-12-19,6,1.85
2020-12-19,7,0.0
2020-12-19,8,7.97
2020-12-19,9,13.66
2020-12-19,10,15.81
2020-12-19,11,26.39
2020-12-19,12,30.87
2020-12-19,13,27.24
2020-12-19,14,25.28
2020-12-19,15,24.41
2020-12-19,16,25.43
2020-12-19,17,25.77
2020-12-19,18,27.5
2020-12-19,19,24.56
2020-12-19,20,23.94
2020-12-19,21,23.88
2020-12-19,22,26.23
2020-12-19,23,18.39
2020-12-19,24,16.18
2020-12-20,1,12.25
2020-12-20,2,4.74
2020-12-20,3,14.34
2020-12-20,4,14.36
2020-12-20,5,13.67
2020-12-20,6,10.23
2020-12-20,7,9.09
2020-12-20,8,7.8
2020-12-20,9,18.03
2020-12-20,10,30.33
2020-12-20,11,38.45
2020-12-20,12,23.58
2020-12-20,13,15.27
2020-12-20,14,16.1
2020-12-20,15,13.31
2020-12-20,16,13.04
2020-12-20,17,21.46
2020-12-20,18,24.45
2020-12-20,19,22.89
2020-12-20,20,13.35
2020-12-20,21,12.72
2020-12-20,22,15.82
2020-12-20,23,15.68
2020-12-20,24,5.5
2020-12-21,1,3.77
2020-12-21,2,7.35
2020-12-21,3,5.73
2020-12-21,4,0.0
2020-12-21,5,3.85
2020-12-21,6,5.55
2020-12-21,7,19.93
2020-12-21,8,23.6
2020-12-21,9,24.25
2020-12-21,10,24.63
2020-12-21,11,24.74
2020-12-21,12,26.12
2020-12-21,13,25.98
2020-12-21,14,26.27
2020-12-21,15,26.91
2020-12-21,16,25.17
2020-12-21,17,25.83
2020-12-21,18,27.84
2020-12-21,19,27.23
2020-12-21,20,25.32
2020-12-21,21,24.67
2020-12-21,22,26.3
2020-12-21,23,25.49
2020-12-21,24,23.4
2020-12-22,1,10.34
2020-12-22,2,15.86
2020-12-22,3,13.62
2020-12-22,4,2.86
2020-12-22,5,6.05
2020-12-22,6,0.96
2020-12-22,7,6.34
2020-12-22,8,4.1
2020-12-22,9,5.76
2020-12-22,10,0.0
2020-12-22,11,5.74
2020-12-22,12,14.27
2020-12-22,13,14.36
2020-12-22,14,6.6
2020-12-22,15,7.27
2020-12-22,16,17.93
2020-12-22,17,19.36
2020-12-22,18,26.31
2020-12-22,19,24.84
2020-12-22,20,26.15
2020-12-22,21,25.69
2020-12-22,22,37.72
2020-12-22,23,13.7
2020-12-22,24,9.55
2020-12-23,1,12.81
2020-12-23,2,8.91
2020-12-23,3,10.12
2020-12-23,4,0.94
2020-12-23,5,0.47
2020-12-23,6,0.0
2020-12-23,7,0.0
2020-12-23,8,11.42
2020-12-23,9,13.37
2020-12-23,10,13.36
2020-12-23,11,13.35
2020-12-23,12,12.72
2020-12-23,13,3.39
2020-12-23,14,0.82
2020-12-23,15,5.79
2020-12-23,16,0.0
2020-12-23,17,3.31
2020-12-23,18,5.89
2020-12-23,19,4.66
2020-12-23,20,5.86
2020-12-23,21,6.36
2020-12-23,22,5.46
2020-12-23,23,2.18
2020-12-23,24,0.0
2020-12-24,1,0.0
2020-12-24,2,0.0
2020-12-24,3,0.0
2020-12-24,4,-0.01
2020-12-24,5,-0.02
2020-12-24,6,0.0
2020-12-24,7,0.0
2020-12-24,8,0.0
2020-12-24,9,0.0
2020-12-24,10,1.65
2020-12-24,11,1.85
2020-12-24,12,1.76
2020-12-24,13,3.32
2020-12-24,14,14.44
2020-12-24,15,15.94
2020-12-24,16,13.49
2020-12-24,17,32.25
2020-12-24,18,27.93
2020-12-24,19,14.38
2020-12-24,20,14.15
2020-12-24,21,9.26
2020-12-24,22,14.36
2020-12-24,23,15.72
2020-12-24,24,12.3
2020-12-25,1,12.72
2020-12-25,2,5.76
2020-12-25,3,2.38
2020-12-25,4,0.0
2020-12-25,5,0.0
2020-12-25,6,0.0
2020-12-25,7,0.0
2020-12-25,8,0.47
2020-12-25,9,6.02
2020-12-25,10,14.22
2020-12-25,11,14.32
2020-12-25,12,7.91
2020-12-25,13,6.03
2020-12-25,14,5.92
2020-12-25,15,5.89
2020-12-25,16,5.92
2020-12-25,17,14.07
2020-12-25,18,16.49
2020-12-25,19,7.71
2020-12-25,20,5.78
2020-12-25,21,5.87
2020-12-25,22,9.45
2020-12-25,23,4.26
2020-12-25,24,0.0
2020-12-26,1,0.0
2020-12-26,2,0.0
2020-12-26,3,0.0
2020-12-26,4,0.0
2020-12-26,5,0.0
2020-12-26,6,0.0
2020-12-26,7,0.0
2020-12-26,8,0.0
2020-12-26,9,3.73
2020-12-26,10,6.76
2020-12-26,11,11.56
2020-12-26,12,15.52
2020-12-26,13,14.79
2020-12-26,14,14.37
2020-12-26,15,13.62
2020-12-26,16,7.45
2020-12-26,17,11.47
2020-12-26,18,16.59
2020-12-26,19,16.47
2020-12-26,20,17.38
2020-12-26,21,20.8
2020-12-26,22,28.79
2020-12-26,23,33.95
2020-12-26,24,14.84
2020-12-27,1,16.03
2020-12-27,2,14.34
2020-12-27,3,14.36
2020-12-27,4,14.35
2020-12-27,5,14.33
2020-12-27,6,5.92
2020-12-27,7,9.66
2020-12-27,8,5.93
2020-12-27,9,6.21
2020-12-27,10,5.96
2020-12-27,11,14.34
2020-12-27,12,22.51
2020-12-27,13,16.7
2020-12-27,14,11.68
2020-12-27,15,5.85
2020-12-27,16,5.73
2020-12-27,17,5.71
2020-12-27,18,13.58
2020-12-27,19,5.95
2020-12-27,20,6.65
2020-12-27,21,9.55
2020-12-27,22,5.4
2020-12-27,23,2.75
2020-12-27,24,0.0
2020-12-28,1,0.0
2020-12-28,2,0.0
2020-12-28,3,0.0
2020-12-28,4,0.0
2020-12-28,5,0.0
2020-12-28,6,0.0
2020-12-28,7,0.0
2020-12-28,8,0.0
2020-12-28,9,0.0
2020-12-28,10,3.44
2020-12-28,11,7.51
2020-12-28,12,8.05
2020-12-28,13,6.08
2020-12-28,14,5.78
2020-12-28,15,5.35
2020-12-28,16,0.0
2020-12-28,17,1.87
2020-12-28,18,12.97
2020-12-28,19,9.59
2020-12-28,20,8.86
2020-12-28,21,7.26
2020-12-28,22,6.53
2020-12-28,23,3.57
2020-12-28,24,1.77
2020-12-29,1,2.79
2020-12-29,2,3.71
2020-12-29,3,5.27
2020-12-29,4,2.29
2020-12-29,5,0.0
2020-12-29,6,0.0
2020-12-29,7,1.45
2020-12-29,8,5.5
2020-12-29,9,10.24
2020-12-29,10,17.8
2020-12-29,11,13.65
2020-12-29,12,6.07
2020-12-29,13,9.37
2020-12-29,14,11.62
2020-12-29,15,13.72
2020-12-29,16,14.9
2020-12-29,17,18.29
2020-12-29,18,31.28
2020-12-29,19,24.1
2020-12-29,20,16.52
2020-12-29,21,15.7
2020-12-29,22,15.21
2020-12-29,23,19.02
2020-12-29,24,13.57
2020-12-30,1,9.52
2020-12-30,2,3.89
2020-12-30,3,2.9
2020-12-30,4,5.33
2020-12-30,5,3.66
2020-12-30,6,0.0
2020-12-30,7,0.0
2020-12-30,8,0.0
2020-12-30,9,2.13
2020-12-30,10,5.92
2020-12-30,11,10.4
2020-12-30,12,14.36
2020-12-30,13,14.36
2020-12-30,14,14.33
2020-12-30,15,13.75
2020-12-30,16,5.9
2020-12-30,17,3.19
2020-12-30,18,10.72
2020-12-30,19,5.59
2020-12-30,20,5.82
2020-12-30,21,6.01
2020-12-30,22,7.31
2020-12-30,23,9.68
2020-12-30,24,11.0
2020-12-31,1,5.93
2020-12-31,2,5.84
2020-12-31,3,4.29
2020-12-31,4,3.12
2020-12-31,5,3.12
2020-12-31,6,2.76
2020-12-31,7,4.2
2020-12-31,8,11.95
2020-12-31,9,14.97
2020-12-31,10,22.9
2020-12-31,11,23.14
2020-12-31,12,22.61
2020-12-31,13,21.38
2020-12-31,14,22.0
2020-12-31,15,23.13
2020-12-31,16,20.68
2020-12-31,17,24.22
2020-12-31,18,77.75
2020-12-31,19,36.85
2020-12-31,20,19.69
2020-12-31,21,20.78
2020-12-31,22,27.85
2020-12-31,23,19.68
2020-12-31,24,27.37
2021-01-01,2,17.61
2021-01-01,3,14.36
2021-01-01,4,10.26
2021-01-01,5,6.03
2021-01-01,6,6.09
2021-01-01,7,5.87
2021-01-01,8,5.67
2021-01-01,9,5.32
2021-01-01,10,5.63
2021-01-01,11,4.97
2021-01-01,12,5.79
2021-01-01,13,5.85
2021-01-01,14,5.67
2021-01-01,15,13.85
2021-01-01,16,13.35
2021-01-01,17,5.71
2021-01-01,18,5.89
2021-01-01,19,8.41
2021-01-01,20,13.35
2021-01-01,21,13.37
2021-01-01,22,13.35
2021-01-01,23,12.25
2021-01-01,24,13.33
2021-01-02,1,19.16
2021-01-02,2,13.66
2021-01-02,3,14.34
2021-01-02,4,18.69
2021-01-02,5,14.37
2021-01-02,6,13.68
2021-01-02,7,6.89
2021-01-02,8,10.35
2021-01-02,9,10.51
2021-01-02,10,17.32
2021-01-02,11,37.12
2021-01-02,12,20.51
2021-01-02,13,21.2
2021-01-02,14,19.41
2021-01-02,15,19.73
2021-01-02,16,19.49
2021-01-02,17,21.11
2021-01-02,18,24.18
2021-01-02,19,21.94
2021-01-02,20,20.13
2021-01-02,21,21.62
2021-01-02,22,22.83
2021-01-02,23,18.07
2021-01-02,24,16.96
2021-01-03,1,8.9
2021-01-03,2,8.95
2021-01-03,3,7.38
2021-01-03,4,1.79
2021-01-03,5,6.64
2021-01-03,6,8.39
2021-01-03,7,2.45
2021-01-03,8,1.96
2021-01-03,9,13.65
2021-01-03,10,11.96
2021-01-03,11,21.91
2021-01-03,12,22.11
2021-01-03,13,21.88
2021-01-03,14,21.3
2021-01-03,15,21.36
2021-01-03,16,14.77
2021-01-03,17,18.87
2021-01-03,18,22.11
2021-01-03,19,20.4
2021-01-03,20,20.96
2021-01-03,21,19.75
2021-01-03,22,21.5
2021-01-03,23,19.07
2021-01-03,24,20.86
2021-01-04,1,7.3
2021-01-04,2,8.01
2021-01-04,3,5.26
2021-01-04,4,5.28
2021-01-04,5,11.45
2021-01-04,6,20.73
2021-01-04,7,22.57
2021-01-04,8,20.18
2021-01-04,9,23.66
2021-01-04,10,21.54
2021-01-04,11,22.65
2021-01-04,12,23.14
2021-01-04,13,22.28
2021-01-04,14,22.41
2021-01-04,15,21.67
2021-01-04,16,19.55
2021-01-04,17,24.57
2021-01-04,18,29.08
2021-01-04,19,24.05
2021-01-04,20,20.07
2021-01-04,21,20.26
2021-01-04,22,18.32
2021-01-04,23,18.53
2021-01-04,24,15.4
2021-01-05,1,7.31
2021-01-05,2,15.64
2021-01-05,3,18.02
2021-01-05,4,16.36
2021-01-05,5,23.61
2021-01-05,6,22.19
2021-01-05,7,21.03
2021-01-05,8,22.68
2021-01-05,9,26.23
2021-01-05,10,25.62
2021-01-05,11,25.68
2021-01-05,12,25.88
2021-01-05,13,26.67
2021-01-05,14,25.77
2021-01-05,15,24.66
2021-01-05,16,23.82
2021-01-05,17,24.21
2021-01-05,18,26.62
2021-01-05,19,24.44
2021-01-05,20,24.59
2021-01-05,21,25.05
2021-01-05,22,24.96
2021-01-05,23,20.9
2021-01-05,24,16.56
2021-01-06,1,14.35
2021-01-06,2,13.63
2021-01-06,3,14.38
2021-01-06,4,6.4
2021-01-06,5,2.07
2021-01-06,6,20.47
2021-01-06,7,19.59
2021-01-06,8,18.91
2021-01-06,9,24.55
2021-01-06,10,27.34
2021-01-06,11,26.07
2021-01-06,12,27.72
2021-01-06,13,27.66
2021-01-06,14,24.85
2021-01-06,15,21.88
2021-01-06,16,23.72
2021-01-06,17,21.99
2021-01-06,18,26.26
2021-01-06,19,24.05
2021-01-06,20,24.11
2021-01-06,21,24.62
2021-01-06,22,23.89
2021-01-06,23,22.55
2021-01-06,24,20.06
2021-01-07,1,16.07
2021-01-07,2,14.17
2021-01-07,3,3.14
2021-01-07,4,1.98
2021-01-07,5,6.01
2021-01-07,6,8.2
2021-01-07,7,9.11
2021-01-07,8,20.34
2021-01-07,9,23.94
2021-01-07,10,23.95
2021-01-07,11,24.78
2021-01-07,12,25.41
2021-01-07,13,24.82
2021-01-07,14,24.79
2021-01-07,15,23.96
2021-01-07,16,23.0
2021-01-07,17,25.63
2021-01-07,18,27.61
2021-01-07,19,25.66
2021-01-07,20,23.71
2021-01-07,21,24.65
2021-01-07,22,23.34
2021-01-07,23,23.57
2021-01-07,24,22.03
2021-01-08,1,32.26
2021-01-08,2,38.0
2021-01-08,3,21.09
2021-01-08,4,7.98
2021-01-08,5,2.69
2021-01-08,6,15.84
2021-01-08,7,24.81
2021-01-08,8,25.16
2021-01-08,9,26.9
2021-01-08,10,26.61
2021-01-08,11,26.66
2021-01-08,12,26.62
2021-01-08,13,26.31
2021-01-08,14,21.57
2021-01-08,15,19.91
2021-01-08,16,23.89
2021-01-08,17,25.13
2021-01-08,18,26.87
2021-01-08,19,26.58
2021-01-08,20,26.9
2021-01-08,21,26.75
2021-01-08,22,25.24
2021-01-08,23,23.12
2021-01-08,24,16.18
2021-01-09,1,15.03
2021-01-09,2,14.06
2021-01-09,3,19.62
2021-01-09,4,9.52
2021-01-09,5,14.37
2021-01-09,6,14.37
2021-01-09,7,13.69
2021-01-09,8,23.91
2021-01-09,9,23.91
2021-01-09,10,22.92
2021-01-09,11,23.89
2021-01-09,12,24.4
2021-01-09,13,24.03
2021-01-09,14,24.07
2021-01-09,15,24.36
2021-01-09,16,24.78
2021-01-09,17,23.38
2021-01-09,18,26.96
2021-01-09,19,26.55
2021-01-09,20,24.0
2021-01-09,21,23.85
2021-01-09,22,18.95
2021-01-09,23,16.58
2021-01-09,24,14.96
2021-01-10,1,14.36
2021-01-10,2,14.38
2021-01-10,3,14.39
2021-01-10,4,14.36
2021-01-10,5,14.35
2021-01-10,6,14.35
2021-01-10,7,14.57
2021-01-10,8,17.67
2021-01-10,9,14.28
2021-01-10,10,19.1
2021-01-10,11,24.27
2021-01-10,12,24.11
2021-01-10,13,23.96
2021-01-10,14,23.7
2021-01-10,15,23.55
2021-01-10,16,24.17
2021-01-10,17,26.85
2021-01-10,18,27.92
2021-01-10,19,27.69
2021-01-10,20,25.44
2021-01-10,21,24.37
2021-01-10,22,24.34
2021-01-10,23,24.31
2021-01-10,24,23.13
2021-01-11,1,18.42
2021-01-11,2,13.87
2021-01-11,3,10.9
2021-01-11,4,7.2
2021-01-11,5,5.83
2021-01-11,6,11.67
2021-01-11,7,17.16
2021-01-11,8,24.44
2021-01-11,9,25.35
2021-01-11,10,22.29
2021-01-11,11,14.92
2021-01-11,12,15.29
2021-01-11,13,22.83
2021-01-11,14,15.15
2021-01-11,15,15.49
2021-01-11,16,14.09
2021-01-11,17,20.71
2021-01-11,18,23.51
2021-01-11,19,16.44
2021-01-11,20,11.69
2021-01-11,21,9.16
2021-01-11,22,16.5
2021-01-11,23,14.24
2021-01-11,24,14.2
2021-01-12,1,12.73
2021-01-12,2,14.4
2021-01-12,3,14.4
2021-01-12,4,14.38
2021-01-12,5,5.94
2021-01-12,6,6.83
2021-01-12,7,8.1
2021-01-12,8,19.32
2021-01-12,9,27.17
2021-01-12,10,27.3
2021-01-12,11,27.89
2021-01-12,12,27.66
2021-01-12,13,27.1
2021-01-12,14,23.79
2021-01-12,15,20.38
2021-01-12,16,23.4
2021-01-12,17,21.19
2021-01-12,18,28.08
2021-01-12,19,26.71
2021-01-12,20,25.35
2021-01-12,21,25.36
2021-01-12,22,22.58
2021-01-12,23,21.45
2021-01-12,24,12.39
2021-01-13,1,5.76
2021-01-13,2,6.86
2021-01-13,3,5.8
2021-01-13,4,1.92
2021-01-13,5,0.48
2021-01-13,6,0.0
2021-01-13,7,14.58
2021-01-13,8,10.84
2021-01-13,9,14.39
2021-01-13,10,14.4
2021-01-13,11,24.87
2021-01-13,12,13.68
2021-01-13,13,14.35
2021-01-13,14,6.64
2021-01-13,15,8.05
2021-01-13,16,13.67
2021-01-13,17,13.36
2021-01-13,18,20.46
2021-01-13,19,21.58
2021-01-13,20,18.05
2021-01-13,21,7.87
2021-01-13,22,3.78
2021-01-13,23,7.84
2021-01-13,24,7.36
2021-01-14,1,5.81
2021-01-14,2,10.67
2021-01-14,3,10.12
2021-01-14,4,10.9
2021-01-14,5,10.89
2021-01-14,6,7.31
2021-01-14,7,14.23
2021-01-14,8,23.44
2021-01-14,9,24.43
2021-01-14,10,24.55
2021-01-14,11,21.53
2021-01-14,12,24.61
2021-01-14,13,24.13
2021-01-14,14,23.32
2021-01-14,15,20.46
2021-01-14,16,19.21
2021-01-14,17,25.29
2021-01-14,18,24.85
2021-01-14,19,19.07
2021-01-14,20,7.88
2021-01-14,21,5.34
2021-01-14,22,7.38
2021-01-14,23,3.07
2021-01-14,24,0.0
2021-01-15,1,0.0
2021-01-15,2,-0.09
2021-01-15,3,-0.13
2021-01-15,4,-0.13
2021-01-15,5,-0.04
2021-01-15,6,-0.01
2021-01-15,7,0.0
2021-01-15,8,0.0
2021-01-15,9,0.41
2021-01-15,10,0.0
2021-01-15,11,5.39
2021-01-15,12,13.07
2021-01-15,13,14.37
2021-01-15,14,14.38
2021-01-15,15,14.37
2021-01-15,16,13.08
2021-01-15,17,19.77
2021-01-15,18,23.34
2021-01-15,19,18.06
2021-01-15,20,14.64
2021-01-15,21,10.22
2021-01-15,22,14.93
2021-01-15,23,11.59
2021-01-15,24,12.2
2021-01-16,1,13.69
2021-01-16,2,8.88
2021-01-16,3,14.37
2021-01-16,4,14.37
2021-01-16,5,20.41
2021-01-16,6,13.68
2021-01-16,7,14.37
2021-01-16,8,12.99
2021-01-16,9,12.28
2021-01-16,10,23.5
2021-01-16,11,24.92
2021-01-16,12,24.95
2021-01-16,13,24.71
2021-01-16,14,24.62
2021-01-16,15,25.11
2021-01-16,16,19.07
2021-01-16,17,20.05
2021-01-16,18,27.03
2021-01-16,19,24.32
2021-01-16,20,22.09
2021-01-16,21,17.49
2021-01-16,22,14.05
2021-01-16,23,2.44
2021-01-16,24,0.98
2021-01-17,1,0.44
2021-01-17,2,0.0
2021-01-17,3,0.0
2021-01-17,4,0.0
2021-01-17,5,0.0
2021-01-17,6,0.0
2021-01-17,7,0.49
2021-01-17,8,7.03
2021-01-17,9,9.65
2021-01-17,10,10.86
2021-01-17,11,27.89
2021-01-17,12,18.3
2021-01-17,13,14.4
2021-01-17,14,12.29
2021-01-17,15,14.38
2021-01-17,16,12.32
2021-01-17,17,23.01
2021-01-17,18,38.68
2021-01-17,19,26.02
2021-01-17,20,25.19
2021-01-17,21,25.85
2021-01-17,22,21.85
2021-01-17,23,16.87
2021-01-17,24,12.29
2021-01-18,1,17.03
2021-01-18,2,5.94
2021-01-18,3,14.35
2021-01-18,4,14.35
2021-01-18,5,14.35
2021-01-18,6,16.01
2021-01-18,7,20.28
2021-01-18,8,27.66
2021-01-18,9,33.4
2021-01-18,10,24.72
2021-01-18,11,25.64
2021-01-18,12,24.22
2021-01-18,13,23.54
2021-01-18,14,24.15
2021-01-18,15,19.48
2021-01-18,16,23.44
2021-01-18,17,24.78
2021-01-18,18,28.55
2021-01-18,19,25.58
2021-01-18,20,24.36
2021-01-18,21,23.7
2021-01-18,22,15.11
2021-01-18,23,9.42
2021-01-18,24,7.17
2021-01-19,1,7.19
2021-01-19,2,4.84
2021-01-19,3,4.87
2021-01-19,4,5.2
2021-01-19,5,0.89
2021-01-19,6,0.0
2021-01-19,7,0.95
2021-01-19,8,11.06
2021-01-19,9,9.09
2021-01-19,10,13.35
2021-01-19,11,13.37
2021-01-19,12,5.92
2021-01-19,13,5.93
2021-01-19,14,12.73
2021-01-19,15,7.23
2021-01-19,16,12.75
2021-01-19,17,13.68
2021-01-19,18,24.28
2021-01-19,19,21.08
2021-01-19,20,16.63
2021-01-19,21,13.62
2021-01-19,22,9.94
2021-01-19,23,4.8
2021-01-19,24,9.03
2021-01-20,1,10.9
2021-01-20,2,5.22
2021-01-20,3,5.76
2021-01-20,4,1.86
2021-01-20,5,0.0
2021-01-20,6,0.0
2021-01-20,7,2.64
2021-01-20,8,20.77
2021-01-20,9,23.77
2021-01-20,10,28.37
2021-01-20,11,27.38
2021-01-20,12,23.94
2021-01-20,13,15.09
2021-01-20,14,14.36
2021-01-20,15,14.77
2021-01-20,16,18.12
2021-01-20,17,22.89
2021-01-20,18,22.67
2021-01-20,19,18.7
2021-01-20,20,7.78
2021-01-20,21,3.42
2021-01-20,22,3.39
2021-01-20,23,1.92
2021-01-20,24,0.0
2021-01-21,1,0.0
2021-01-21,2,0.0
2021-01-21,3,0.0
2021-01-21,4,0.0
2021-01-21,5,0.0
2021-01-21,6,0.0
2021-01-21,7,0.47
2021-01-21,8,4.18
2021-01-21,9,5.94
2021-01-21,10,5.85
2021-01-21,11,6.03
2021-01-21,12,6.05
2021-01-21,13,5.92
2021-01-21,14,6.03
2021-01-21,15,5.97
2021-01-21,16,11.54
2021-01-21,17,9.8
2021-01-21,18,14.34
2021-01-21,19,8.36
2021-01-21,20,5.87
2021-01-21,21,1.3
2021-01-21,22,0.0
2021-01-21,23,5.46
2021-01-21,24,1.97
2021-01-22,1,0.0
2021-01-22,2,0.0
2021-01-22,3,0.0
2021-01-22,4,0.0
2021-01-22,5,0.0
2021-01-22,6,0.0
2021-01-22,7,0.17
2021-01-22,8,6.72
2021-01-22,9,13.36
2021-01-22,10,12.12
2021-01-22,11,17.12
2021-01-22,12,14.4
2021-01-22,13,13.55
2021-01-22,14,10.91
2021-01-22,15,8.94
2021-01-22,16,3.36
2021-01-22,17,8.91
2021-01-22,18,19.57
2021-01-22,19,16.44
2021-01-22,20,18.11
2021-01-22,21,10.9
2021-01-22,22,13.75
2021-01-22,23,10.24
2021-01-22,24,8.48
2021-01-23,1,5.92
2021-01-23,2,5.71
2021-01-23,3,6.08
2021-01-23,4,6.59
2021-01-23,5,11.53
2021-01-23,6,9.71
2021-01-23,7,6.4
2021-01-23,8,7.92
2021-01-23,9,12.3
2021-01-23,10,14.36
2021-01-23,11,14.39
2021-01-23,12,14.38
2021-01-23,13,11.6
2021-01-23,14,7.78
2021-01-23,15,12.98
2021-01-23,16,17.74
2021-01-23,17,22.93
2021-01-23,18,44.71
2021-01-23,19,47.25
2021-01-23,20,22.26
2021-01-23,21,19.27
2021-01-23,22,19.27
2021-01-23,23,24.41
2021-01-23,24,29.62
2021-01-24,1,22.59
2021-01-24,2,21.46
2021-01-24,3,17.9
2021-01-24,4,13.24
2021-01-24,5,13.23
2021-01-24,6,12.08
2021-01-24,7,10.9
2021-01-24,8,12.68
2021-01-24,9,13.25
2021-01-24,10,13.24
2021-01-24,11,13.24
2021-01-24,12,21.64
2021-01-24,13,18.65
2021-01-24,14,21.61
2021-01-24,15,20.69
2021-01-24,16,13.75
2021-01-24,17,21.57
2021-01-24,18,23.13
2021-01-24,19,22.25
2021-01-24,20,21.14
2021-01-24,21,20.66
2021-01-24,22,22.32
2021-01-24,23,22.04
2021-01-24,24,18.0
2021-01-25,1,16.44
2021-01-25,2,15.76
2021-01-25,3,16.45
2021-01-25,4,20.38
2021-01-25,5,20.61
2021-01-25,6,22.53
2021-01-25,7,22.6
2021-01-25,8,26.15
2021-01-25,9,29.49
2021-01-25,10,26.89
2021-01-25,11,22.8
2021-01-25,12,24.5
2021-01-25,13,24.7
2021-01-25,14,24.7
2021-01-25,15,24.41
2021-01-25,16,24.83
2021-01-25,17,26.15
2021-01-25,18,28.05
2021-01-25,19,26.16
2021-01-25,20,25.25
2021-01-25,21,23.83
2021-01-25,22,22.15
2021-01-25,23,20.31
2021-01-25,24,14.32
2021-01-26,1,9.02
2021-01-26,2,5.32
2021-01-26,3,0.0
2021-01-26,4,0.0
2021-01-26,5,0.0
2021-01-26,6,0.0
2021-01-26,7,4.52
2021-01-26,8,17.57
2021-01-26,9,23.46
2021-01-26,10,23.21
2021-01-26,11,26.41
2021-01-26,12,27.3
2021-01-26,13,27.04
2021-01-26,14,23.7
2021-01-26,15,23.29
2021-01-26,16,23.13
2021-01-26,17,23.91
2021-01-26,18,25.65
2021-01-26,19,23.6
2021-01-26,20,23.06
2021-01-26,21,22.41
2021-01-26,22,21.85
2021-01-26,23,23.12
2021-01-26,24,15.61
2021-01-27,1,15.97
2021-01-27,2,10.31
2021-01-27,3,13.26
2021-01-27,4,13.25
2021-01-27,5,13.98
2021-01-27,6,22.1
2021-01-27,7,23.64
2021-01-27,8,23.78
2021-01-27,9,23.88
2021-01-27,10,25.95
2021-01-27,11,26.65
2021-01-27,12,26.25
2021-01-27,13,24.43
2021-01-27,14,23.01
2021-01-27,15,21.23
2021-01-27,16,22.47
2021-01-27,17,23.99
2021-01-27,18,27.15
2021-01-27,19,24.23
2021-01-27,20,22.65
2021-01-27,21,23.48
2021-01-27,22,23.64
2021-01-27,23,28.58
2021-01-27,24,20.87
2021-01-28,1,14.36
2021-01-28,2,12.92
2021-01-28,3,3.43
2021-01-28,4,0.0
2021-01-28,5,0.0
2021-01-28,6,1.37
2021-01-28,7,12.22
2021-01-28,8,13.34
2021-01-28,9,14.36
2021-01-28,10,14.35
2021-01-28,11,14.35
2021-01-28,12,15.91
2021-01-28,13,17.83
2021-01-28,14,15.91
2021-01-28,15,15.76
2021-01-28,16,13.66
2021-01-28,17,20.16
2021-01-28,18,27.01
2021-01-28,19,24.28
2021-01-28,20,24.1
2021-01-28,21,19.01
2021-01-28,22,12.27
2021-01-28,23,18.36
2021-01-28,24,17.41
2021-01-29,1,46.26
2021-01-29,2,42.94
2021-01-29,3,19.58
2021-01-29,4,14.35
2021-01-29,5,14.32
2021-01-29,6,4.15
2021-01-29,7,23.25
2021-01-29,8,27.24
2021-01-29,9,28.0
2021-01-29,10,28.04
2021-01-29,11,27.56
2021-01-29,12,25.39
2021-01-29,13,24.66
2021-01-29,14,24.2
2021-01-29,15,21.6
2021-01-29,16,24.08
2021-01-29,17,26.47
2021-01-29,18,28.72
2021-01-29,19,28.51
2021-01-29,20,28.05
2021-01-29,21,28.1
2021-01-29,22,28.03
2021-01-29,23,24.98
2021-01-29,24,26.91
2021-01-30,1,24.06
2021-01-30,2,23.96
2021-01-30,3,23.87
2021-01-30,4,23.9
2021-01-30,5,23.87
2021-01-30,6,24.41
2021-01-30,7,25.5
2021-01-30,8,27.8
2021-01-30,9,27.8
2021-01-30,10,27.75
2021-01-30,11,27.78
2021-01-30,12,27.2
2021-01-30,13,25.84
2021-01-30,14,24.25
2021-01-30,15,25.17
2021-01-30,16,24.59
2021-01-30,17,25.34
2021-01-30,18,41.57
2021-01-30,19,38.25
2021-01-30,20,27.56
2021-01-30,21,25.91
2021-01-30,22,24.63
2021-01-30,23,23.9
2021-01-30,24,15.49
2021-01-31,1,14.36
2021-01-31,2,5.07
2021-01-31,3,0.0
2021-01-31,4,0.0
2021-01-31,5,0.0
2021-01-31,6,0.0
2021-01-31,7,1.47
2021-01-31,8,11.57
2021-01-31,9,22.03
2021-01-31,10,13.67
2021-01-31,11,24.14
2021-01-31,12,21.03
2021-01-31,13,23.79
2021-01-31,14,15.06
2021-01-31,15,14.34
2021-01-31,16,8.72
2021-01-31,17,24.3
2021-01-31,18,21.56
2021-01-31,19,21.32
2021-01-31,20,24.47
2021-01-31,21,24.16
2021-01-31,22,24.83
2021-01-31,23,14.06
2021-01-31,24,7.39
2021-02-01,1,13.35
2021-02-01,2,8.5
2021-02-01,3,6.84
2021-02-01,4,6.68
2021-02-01,5,9.73
2021-02-01,6,24.46
2021-02-01,7,27.12
2021-02-01,8,28.33
2021-02-01,9,28.79
2021-02-01,10,29.49
2021-02-01,11,28.42
2021-02-01,12,28.1
2021-02-01,13,27.98
2021-02-01,14,24.3
2021-02-01,15,24.23
2021-02-01,16,24.16
2021-02-01,17,24.73
2021-02-01,18,26.52
2021-02-01,19,25.31
2021-02-01,20,24.36
2021-02-01,21,24.38
2021-02-01,22,24.34
2021-02-01,23,24.32
2021-02-01,24,25.26
2021-02-02,1,14.12
2021-02-02,2,13.33
2021-02-02,3,13.33
2021-02-02,4,13.34
2021-02-02,5,5.92
2021-02-02,6,0.0
2021-02-02,7,14.73
2021-02-02,8,25.2
2021-02-02,9,26.23
2021-02-02,10,25.92
2021-02-02,11,26.35
2021-02-02,12,26.34
2021-02-02,13,16.09
2021-02-02,14,4.47
2021-02-02,15,1.37
2021-02-02,16,4.64
2021-02-02,17,11.42
2021-02-02,18,17.77
2021-02-02,19,14.82
2021-02-02,20,12.85
2021-02-02,21,12.03
2021-02-02,22,8.99
2021-02-02,23,10.85
2021-02-02,24,0.41
2021-02-03,1,0.42
2021-02-03,2,0.96
2021-02-03,3,1.37
2021-02-03,4,4.89
2021-02-03,5,5.86
2021-02-03,6,1.45
2021-02-03,7,5.87
2021-02-03,8,28.41
2021-02-03,9,54.99
2021-02-03,10,64.78
2021-02-03,11,27.56
2021-02-03,12,17.33
2021-02-03,13,17.46
2021-02-03,14,13.15
2021-02-03,15,13.16
2021-02-03,16,17.27
2021-02-03,17,20.77
2021-02-03,18,25.98
2021-02-03,19,27.46
2021-02-03,20,25.16
2021-02-03,21,27.91
2021-02-03,22,27.98
2021-02-03,23,20.61
2021-02-03,24,24.15
2021-02-04,1,14.88
2021-02-04,2,13.26
2021-02-04,3,11.43
2021-02-04,4,12.63
2021-02-04,5,5.97
2021-02-04,6,17.0
2021-02-04,7,24.58
2021-02-04,8,27.48
2021-02-04,9,33.35
2021-02-04,10,26.82
2021-02-04,11,25.67
2021-02-04,12,26.5
2021-02-04,13,25.17
2021-02-04,14,20.05
2021-02-04,15,19.06
2021-02-04,16,14.38
2021-02-04,17,13.5
2021-02-04,18,20.65
2021-02-04,19,15.7
2021-02-04,20,7.43
2021-02-04,21,3.72
2021-02-04,22,7.5
2021-02-04,23,8.24
2021-02-04,24,1.94
2021-02-05,1,0.48
2021-02-05,2,0.0
2021-02-05,3,0.0
2021-02-05,4,0.0
2021-02-05,5,0.0
2021-02-05,6,3.61
2021-02-05,7,1.97
2021-02-05,8,6.2
2021-02-05,9,12.09
2021-02-05,10,14.36
2021-02-05,11,19.38
2021-02-05,12,23.43
2021-02-05,13,6.68
2021-02-05,14,5.92
2021-02-05,15,5.7
2021-02-05,16,6.0
2021-02-05,17,6.6
2021-02-05,18,14.41
2021-02-05,19,17.66
2021-02-05,20,20.62
2021-02-05,21,10.87
2021-02-05,22,5.83
2021-02-05,23,8.87
2021-02-05,24,9.84
2021-02-06,1,1.94
2021-02-06,2,1.44
2021-02-06,3,2.42
2021-02-06,4,0.49
2021-02-06,5,1.9
2021-02-06,6,5.92
2021-02-06,7,4.34
2021-02-06,8,8.2
2021-02-06,9,11.61
2021-02-06,10,14.34
2021-02-06,11,10.2
2021-02-06,12,6.65
2021-02-06,13,5.89
2021-02-06,14,5.92
2021-02-06,15,7.69
2021-02-06,16,20.66
2021-02-06,17,16.03
2021-02-06,18,28.95
2021-02-06,19,30.61
2021-02-06,20,21.37
2021-02-06,21,30.33
2021-02-06,22,61.33
2021-02-06,23,61.3
2021-02-06,24,23.6
2021-02-07,1,19.6
2021-02-07,2,20.4
2021-02-07,3,28.31
2021-02-07,4,14.36
2021-02-07,5,5.98
2021-02-07,6,8.79
2021-02-07,7,4.25
2021-02-07,8,8.74
2021-02-07,9,14.36
2021-02-07,10,14.35
2021-02-07,11,14.32
2021-02-07,12,14.32
2021-02-07,13,13.66
2021-02-07,14,8.85
2021-02-07,15,12.25
2021-02-07,16,15.86
2021-02-07,17,30.61
2021-02-07,18,370.44
2021-02-07,19,143.58
2021-02-07,20,52.02
2021-02-07,21,30.23
2021-02-07,22,17.6
2021-02-07,23,10.74
2021-02-07,24,7.72
2021-02-08,1,13.32
2021-02-08,2,14.52
2021-02-08,3,13.35
2021-02-08,4,19.7
2021-02-08,5,30.5
2021-02-08,6,33.77
2021-02-08,7,35.15
2021-02-08,8,137.34
2021-02-08,9,81.37
2021-02-08,10,78.4
2021-02-08,11,34.48
2021-02-08,12,34.24
2021-02-08,13,34.15
2021-02-08,14,34.15
2021-02-08,15,34.34
2021-02-08,16,33.05
2021-02-08,17,45.65
2021-02-08,18,98.45
2021-02-08,19,76.46
2021-02-08,20,54.81
2021-02-08,21,37.77
2021-02-08,22,34.64
2021-02-08,23,34.25
2021-02-08,24,34.25
2021-02-09,1,33.97
2021-02-09,2,33.88
2021-02-09,3,32.34
2021-02-09,4,32.26
2021-02-09,5,31.09
2021-02-09,6,32.78
2021-02-09,7,33.19
2021-02-09,8,37.38
2021-02-09,9,36.62
2021-02-09,10,35.52
2021-02-09,11,34.41
2021-02-09,12,35.49
2021-02-09,13,33.05
2021-02-09,14,33.11
2021-02-09,15,33.02
2021-02-09,16,32.91
2021-02-09,17,35.56
2021-02-09,18,45.39
2021-02-09,19,48.02
2021-02-09,20,36.84
2021-02-09,21,32.71
2021-02-09,22,32.13
2021-02-09,23,31.58
2021-02-09,24,26.25
2021-02-10,1,26.9
2021-02-10,2,25.45
2021-02-10,3,20.47
2021-02-10,4,23.14
2021-02-10,5,24.94
2021-02-10,6,28.39
2021-02-10,7,28.39
2021-02-10,8,30.56
2021-02-10,9,32.25
2021-02-10,10,32.19
2021-02-10,11,33.13
2021-02-10,12,32.27
2021-02-10,13,32.17
2021-02-10,14,28.82
2021-02-10,15,28.59
2021-02-10,16,28.38
2021-02-10,17,31.66
2021-02-10,18,36.3
2021-02-10,19,36.85
2021-02-10,20,32.83
2021-02-10,21,33.73
2021-02-10,22,36.18
2021-02-10,23,32.42
2021-02-10,24,29.73
2021-02-11,1,31.74
2021-02-11,2,26.94
2021-02-11,3,23.95
2021-02-11,4,21.75
2021-02-11,5,12.9
2021-02-11,6,25.17
2021-02-11,7,31.54
2021-02-11,8,36.41
2021-02-11,9,36.11
2021-02-11,10,34.76
2021-02-11,11,36.17
2021-02-11,12,36.75
2021-02-11,13,34.25
2021-02-11,14,35.19
2021-02-11,15,32.9
2021-02-11,16,34.21
2021-02-11,17,34.8
2021-02-11,18,39.11
2021-02-11,19,38.06
2021-02-11,20,36.03
2021-02-11,21,35.6
2021-02-11,22,35.29
2021-02-11,23,33.03
2021-02-11,24,23.1
2021-02-12,1,16.07
2021-02-12,2,13.32
2021-02-12,3,13.31
2021-02-12,4,13.35
2021-02-12,5,25.68
2021-02-12,6,37.88
2021-02-12,7,47.62
2021-02-12,8,53.28
2021-02-12,9,53.38
2021-02-12,10,53.32
2021-02-12,11,53.07
2021-02-12,12,51.8
2021-02-12,13,48.72
2021-02-12,14,48.61
2021-02-12,15,49.92
2021-02-12,16,52.27
2021-02-12,17,63.85
2021-02-12,18,266.36
2021-02-12,19,73.21
2021-02-12,20,58.79
2021-02-12,21,52.72
2021-02-12,22,53.3
2021-02-12,23,47.86
2021-02-12,24,46.73
2021-02-13,1,46.02
2021-02-13,2,54.74
2021-02-13,3,55.19
2021-02-13,4,42.14
2021-02-13,5,49.68
2021-02-13,6,57.34
2021-02-13,7,56.72
2021-02-13,8,56.26
2021-02-13,9,57.67
2021-02-13,10,60.27
2021-02-13,11,57.76
2021-02-13,12,55.83
2021-02-13,13,56.41
2021-02-13,14,52.1
2021-02-13,15,52.39
2021-02-13,16,55.05
2021-02-13,17,63.33
2021-02-13,18,59.95
2021-02-13,19,61.66
2021-02-13,20,56.68
2021-02-13,21,56.65
2021-02-13,22,60.49
2021-02-13,23,68.65
2021-02-13,24,58.16
2021-02-14,1,56.26
2021-02-14,2,53.93
2021-02-14,3,52.94
2021-02-14,4,52.87
2021-02-14,5,52.88
2021-02-14,6,53.38
2021-02-14,7,58.45
2021-02-14,8,60.71
2021-02-14,9,63.49
2021-02-14,10,55.34
2021-02-14,11,55.59
2021-02-14,12,51.47
2021-02-14,13,45.14
2021-02-14,14,43.68
2021-02-14,15,51.02
2021-02-14,16,53.19
2021-02-14,17,55.25
2021-02-14,18,56.56
2021-02-14,19,60.03
2021-02-14,20,58.39
2021-02-14,21,56.26
2021-02-14,22,56.13
2021-02-14,23,55.07
2021-02-14,24,57.38
2021-02-15,1,53.53
2021-02-15,2,53.45
2021-02-15,3,54.39
2021-02-15,4,53.43
2021-02-15,5,52.23
2021-02-15,6,45.25
2021-02-15,7,55.25
2021-02-15,8,55.13
2021-02-15,9,55.3
2021-02-15,10,55.31
2021-02-15,11,56.17
2021-02-15,12,56.02
2021-02-15,13,55.37
2021-02-15,14,55.25
2021-02-15,15,53.68
2021-02-15,16,54.17
2021-02-15,17,55.08
2021-02-15,18,56.26
2021-02-15,19,55.95
2021-02-15,20,51.44
2021-02-15,21,52.23
2021-02-15,22,44.49
2021-02-15,23,20.97
2021-02-15,24,7.44
2021-02-16,1,11.84
2021-02-16,2,4.75
2021-02-16,3,0.0
2021-02-16,4,0.0
2021-02-16,5,0.0
2021-02-16,6,2.38
2021-02-16,7,4.19
2021-02-16,8,30.55
2021-02-16,9,29.82
2021-02-16,10,42.9
2021-02-16,11,47.83
2021-02-16,12,55.94
2021-02-16,13,57.41
2021-02-16,14,57.2
2021-02-16,15,53.65
2021-02-16,16,53.67
2021-02-16,17,55.15
2021-02-16,18,55.39
2021-02-16,19,56.86
2021-02-16,20,56.33
2021-02-16,21,56.79
2021-02-16,22,55.19
2021-02-16,23,52.43
2021-02-16,24,45.32
2021-02-17,1,50.65
2021-02-17,2,52.43
2021-02-17,3,49.85
2021-02-17,4,47.27
2021-02-17,5,80.85
2021-02-17,6,84.66
2021-02-17,7,85.53
2021-02-17,8,99.41
2021-02-17,9,119.07
2021-02-17,10,85.02
2021-02-17,11,86.39
2021-02-17,12,85.37
2021-02-17,13,85.03
2021-02-17,14,84.81
2021-02-17,15,82.49
2021-02-17,16,82.2
2021-02-17,17,84.51
2021-02-17,18,110.11
2021-02-17,19,112.44
2021-02-17,20,105.73
2021-02-17,21,101.64
2021-02-17,22,88.58
2021-02-17,23,85.05
2021-02-17,24,78.12
2021-02-18,1,52.72
2021-02-18,2,48.07
2021-02-18,3,46.01
2021-02-18,4,45.3
2021-02-18,5,44.01
2021-02-18,6,46.12
2021-02-18,7,53.01
2021-02-18,8,57.65
2021-02-18,9,54.33
2021-02-18,10,53.94
2021-02-18,11,53.43
2021-02-18,12,57.19
2021-02-18,13,60.94
2021-02-18,14,53.03
2021-02-18,15,52.63
2021-02-18,16,52.79
2021-02-18,17,53.59
2021-02-18,18,59.98
2021-02-18,19,56.7
2021-02-18,20,53.22
2021-02-18,21,54.71
2021-02-18,22,53.83
2021-02-18,23,57.22
2021-02-18,24,51.39
2021-02-19,1,51.19
2021-02-19,2,48.64
2021-02-19,3,49.96
2021-02-19,4,49.12
2021-02-19,5,48.82
2021-02-19,6,51.26
2021-02-19,7,52.08
2021-02-19,8,72.45
2021-02-19,9,90.75
2021-02-19,10,117.71
2021-02-19,11,58.28
2021-02-19,12,58.21
2021-02-19,13,56.52
2021-02-19,14,51.31
2021-02-19,15,62.99
2021-02-19,16,49.44
2021-02-19,17,51.1
2021-02-19,18,51.5
2021-02-19,19,54.23
2021-02-19,20,51.35
2021-02-19,21,50.93
2021-02-19,22,66.98
2021-02-19,23,49.26
2021-02-19,24,44.37
2021-02-20,1,46.54
2021-02-20,2,29.97
2021-02-20,3,30.78
2021-02-20,4,34.94
2021-02-20,5,38.14
2021-02-20,6,28.98
2021-02-20,7,39.38
2021-02-20,8,40.32
2021-02-20,9,40.69
2021-02-20,10,40.62
2021-02-20,11,40.56
2021-02-20,12,40.5
2021-02-20,13,38.74
2021-02-20,14,38.59
2021-02-20,15,30.47
2021-02-20,16,31.55
2021-02-20,17,31.48
2021-02-20,18,35.1
2021-02-20,19,44.12
2021-02-20,20,36.63
2021-02-20,21,32.33
2021-02-20,22,29.07
2021-02-20,23,30.15
2021-02-20,24,30.91
2021-02-21,1,30.05
2021-02-21,2,24.59
2021-02-21,3,21.93
2021-02-21,4,34.9
2021-02-21,5,13.37
2021-02-21,6,20.18
2021-02-21,7,31.44
2021-02-21,8,35.05
2021-02-21,9,36.24
2021-02-21,10,13.36
2021-02-21,11,14.96
2021-02-21,12,13.34
2021-02-21,13,20.21
2021-02-21,14,21.17
2021-02-21,15,25.83
2021-02-21,16,27.16
2021-02-21,17,28.07
2021-02-21,18,36.56
2021-02-21,19,30.48
2021-02-21,20,29.1
2021-02-21,21,34.68
2021-02-21,22,12.13
2021-02-21,23,13.19
2021-02-21,24,1.02
2021-02-22,1,0.0
2021-02-22,2,5.74
2021-02-22,3,9.13
2021-02-22,4,0.44
2021-02-22,5,0.0
2021-02-22,6,8.47
2021-02-22,7,12.41
2021-02-22,8,21.83
2021-02-22,9,29.98
2021-02-22,10,33.76
2021-02-22,11,36.16
2021-02-22,12,40.06
2021-02-22,13,41.03
2021-02-22,14,34.38
2021-02-22,15,34.31
2021-02-22,16,33.23
2021-02-22,17,34.59
2021-02-22,18,44.25
2021-02-22,19,39.22
2021-02-22,20,13.29
2021-02-22,21,15.79
2021-02-22,22,9.62
2021-02-22,23,7.02
2021-02-22,24,5.92
2021-02-23,1,3.19
2021-02-23,2,4.17
2021-02-23,3,0.0
2021-02-23,4,3.45
2021-02-23,5,4.63
2021-02-23,6,1.04
2021-02-23,7,5.1
2021-02-23,8,20.1
2021-02-23,9,25.69
2021-02-23,10,22.26
2021-02-23,11,14.98
2021-02-23,12,14.35
2021-02-23,13,25.12
2021-02-23,14,22.58
2021-02-23,15,14.37
2021-02-23,16,13.71
2021-02-23,17,22.05
2021-02-23,18,24.77
2021-02-23,19,25.94
2021-02-23,20,23.45
2021-02-23,21,15.42
2021-02-23,22,18.54
2021-02-23,23,14.37
2021-02-23,24,24.64
2021-02-24,1,24.43
2021-02-24,2,25.8
2021-02-24,3,24.88
2021-02-24,4,14.37
2021-02-24,5,22.56
2021-02-24,6,13.63
2021-02-24,7,5.43
2021-02-24,8,0.0
2021-02-24,9,1.33
2021-02-24,10,4.43
2021-02-24,11,0.0
2021-02-24,12,5.96
2021-02-24,13,13.65
2021-02-24,14,14.39
2021-02-24,15,13.49
2021-02-24,16,4.41
2021-02-24,17,1.38
2021-02-24,18,7.07
2021-02-24,19,16.41
2021-02-24,20,17.3
2021-02-24,21,12.97
2021-02-24,22,14.37
2021-02-24,23,24.55
2021-02-24,24,17.24
2021-02-25,1,14.36
2021-02-25,2,9.48
2021-02-25,3,9.65
2021-02-25,4,11.83
2021-02-25,5,9.69
2021-02-25,6,11.55
2021-02-25,7,24.74
2021-02-25,8,44.15
2021-02-25,9,47.03
2021-02-25,10,28.12
2021-02-25,11,27.28
2021-02-25,12,27.41
2021-02-25,13,26.61
2021-02-25,14,27.26
2021-02-25,15,24.86
2021-02-25,16,25.02
2021-02-25,17,24.08
2021-02-25,18,31.5
2021-02-25,19,26.97
2021-02-25,20,49.99
2021-02-25,21,25.32
2021-02-25,22,18.53
2021-02-25,23,15.0
2021-02-25,24,16.39
2021-02-26,1,18.04
2021-02-26,2,18.05
2021-02-26,3,17.74
2021-02-26,4,19.27
2021-02-26,5,17.74
2021-02-26,6,24.27
2021-02-26,7,24.71
2021-02-26,8,25.0
2021-02-26,9,16.04
2021-02-26,10,9.45
2021-02-26,11,14.37
2021-02-26,12,24.11
2021-02-26,13,24.3
2021-02-26,14,14.37
2021-02-26,15,14.34
2021-02-26,16,0.97
2021-02-26,17,4.51
2021-02-26,18,19.53
2021-02-26,19,21.61
2021-02-26,20,23.57
2021-02-26,21,18.34
2021-02-26,22,13.07
2021-02-26,23,7.51
2021-02-26,24,9.47
2021-02-27,1,14.37
2021-02-27,2,13.5
2021-02-27,3,0.47
2021-02-27,4,5.85
2021-02-27,5,5.97
2021-02-27,6,10.96
2021-02-27,7,5.87
2021-02-27,8,6.66
2021-02-27,9,13.01
2021-02-27,10,59.54
2021-02-27,11,199.29
2021-02-27,12,97.82
2021-02-27,13,19.72
2021-02-27,14,12.62
2021-02-27,15,14.34
2021-02-27,16,5.85
2021-02-27,17,17.33
2021-02-27,18,24.83
2021-02-27,19,25.65
2021-02-27,20,25.0
2021-02-27,21,25.57
2021-02-27,22,24.5
2021-02-27,23,13.67
2021-02-27,24,16.66
2021-02-28,1,32.2
2021-02-28,2,35.84
2021-02-28,3,33.73
2021-02-28,4,15.58
2021-02-28,5,6.76
2021-02-28,6,1.44
2021-02-28,7,0.0
2021-02-28,8,0.0
2021-02-28,9,0.0
2021-02-28,10,0.0
2021-02-28,11,14.34
2021-02-28,12,13.69
2021-02-28,13,14.36
2021-02-28,14,14.36
2021-02-28,15,14.35
2021-02-28,16,14.37
2021-02-28,17,16.55
2021-02-28,18,21.09
2021-02-28,19,10.86
2021-02-28,20,6.89
2021-02-28,21,1.97
2021-02-28,22,4.83
2021-02-28,23,1.97
2021-02-28,24,0.0
2021-03-01,1,0.0
2021-03-01,2,0.0
2021-03-01,3,0.0
2021-03-01,4,0.0
2021-03-01,5,0.0
2021-03-01,6,0.0
2021-03-01,7,0.5
2021-03-01,8,10.49
2021-03-01,9,13.35
2021-03-01,10,21.89
2021-03-01,11,13.36
2021-03-01,12,13.37
2021-03-01,13,13.35
2021-03-01,14,13.34
2021-03-01,15,2.59
2021-03-01,16,2.68
2021-03-01,17,13.64
2021-03-01,18,22.15
2021-03-01,19,25.68
2021-03-01,20,23.35
2021-03-01,21,20.58
2021-03-01,22,19.83
2021-03-01,23,16.99
2021-03-01,24,11.6
2021-03-02,1,13.05
2021-03-02,2,14.34
2021-03-02,3,17.57
2021-03-02,4,20.5
2021-03-02,5,28.69
2021-03-02,6,29.83
2021-03-02,7,56.84
2021-03-02,8,40.83
2021-03-02,9,58.07
2021-03-02,10,45.93
2021-03-02,11,33.83
2021-03-02,12,26.03
2021-03-02,13,23.18
2021-03-02,14,15.09
2021-03-02,15,14.79
2021-03-02,16,14.96
2021-03-02,17,16.13
2021-03-02,18,24.71
2021-03-02,19,25.31
2021-03-02,20,25.61
2021-03-02,21,27.39
2021-03-02,22,24.63
2021-03-02,23,14.38
2021-03-02,24,0.0
2021-03-03,1,0.0
2021-03-03,2,0.0
2021-03-03,3,10.86
2021-03-03,4,8.99
2021-03-03,5,10.28
2021-03-03,6,10.37
2021-03-03,7,25.05
2021-03-03,8,25.54
2021-03-03,9,27.72
2021-03-03,10,27.54
2021-03-03,11,25.62
2021-03-03,12,28.55
2021-03-03,13,28.28
2021-03-03,14,27.6
2021-03-03,15,25.21
2021-03-03,16,21.34
2021-03-03,17,19.52
2021-03-03,18,25.25
2021-03-03,19,25.95
2021-03-03,20,27.31
2021-03-03,21,25.27
2021-03-03,22,25.25
2021-03-03,23,19.89
2021-03-03,24,13.07
2021-03-04,1,14.36
2021-03-04,2,13.06
2021-03-04,3,5.18
2021-03-04,4,0.0
2021-03-04,5,0.0
2021-03-04,6,7.81
2021-03-04,7,11.31
2021-03-04,8,10.15
2021-03-04,9,1.85
2021-03-04,10,0.0
2021-03-04,11,0.0
2021-03-04,12,0.0
2021-03-04,13,1.4
2021-03-04,14,0.98
2021-03-04,15,0.0
2021-03-04,16,0.0
2021-03-04,17,7.28
2021-03-04,18,22.38
2021-03-04,19,26.25
2021-03-04,20,24.9
2021-03-04,21,25.99
2021-03-04,22,26.16
2021-03-04,23,28.3
2021-03-04,24,24.07
2021-03-05,1,16.01
2021-03-05,2,18.29
2021-03-05,3,17.13
2021-03-05,4,14.33
2021-03-05,5,9.59
2021-03-05,6,14.35
2021-03-05,7,23.54
2021-03-05,8,25.0
2021-03-05,9,23.68
2021-03-05,10,16.74
2021-03-05,11,7.21
2021-03-05,12,19.31
2021-03-05,13,14.5
2021-03-05,14,4.76
2021-03-05,15,0.49
2021-03-05,16,5.83
2021-03-05,17,7.74
2021-03-05,18,19.89
2021-03-05,19,24.78
2021-03-05,20,24.74
2021-03-05,21,21.98
2021-03-05,22,18.78
2021-03-05,23,13.32
2021-03-05,24,10.84
2021-03-06,1,20.67
2021-03-06,2,34.53
2021-03-06,3,33.75
2021-03-06,4,31.88
2021-03-06,5,25.48
2021-03-06,6,19.17
2021-03-06,7,24.53
2021-03-06,8,11.47
2021-03-06,9,11.6
2021-03-06,10,5.94
2021-03-06,11,14.38
2021-03-06,12,25.16
2021-03-06,13,27.65
2021-03-06,14,23.59
2021-03-06,15,24.42
2021-03-06,16,13.45
2021-03-06,17,17.8
2021-03-06,18,24.34
2021-03-06,19,28.53
2021-03-06,20,28.13
2021-03-06,21,25.81
2021-03-06,22,25.87
2021-03-06,23,24.91
2021-03-06,24,24.48
2021-03-07,1,20.32
2021-03-07,2,9.48
2021-03-07,3,21.82
2021-03-07,4,28.45
2021-03-07,5,47.69
2021-03-07,6,31.07
2021-03-07,7,26.48
2021-03-07,8,21.05
2021-03-07,9,24.17
2021-03-07,10,13.28
2021-03-07,11,22.63
2021-03-07,12,24.25
2021-03-07,13,23.04
2021-03-07,14,13.27
2021-03-07,15,11.11
2021-03-07,16,5.9
2021-03-07,17,17.89
2021-03-07,18,21.9
2021-03-07,19,27.25
2021-03-07,20,28.48
2021-03-07,21,27.4
2021-03-07,22,25.14
2021-03-07,23,24.3
2021-03-07,24,21.07
2021-03-08,1,16.7
2021-03-08,2,14.45
2021-03-08,3,13.25
2021-03-08,4,13.27
2021-03-08,5,13.26
2021-03-08,6,12.72
2021-03-08,7,24.24
2021-03-08,8,24.49
2021-03-08,9,24.94
2021-03-08,10,24.71
2021-03-08,11,13.28
2021-03-08,12,16.71
2021-03-08,13,17.5
2021-03-08,14,19.46
2021-03-08,15,13.27
2021-03-08,16,14.97
2021-03-08,17,16.41
2021-03-08,18,24.16
2021-03-08,19,24.26
2021-03-08,20,21.4
2021-03-08,21,11.65
2021-03-08,22,10.61
2021-03-08,23,9.81
2021-03-08,24,11.4
2021-03-09,1,20.43
2021-03-09,2,14.51
2021-03-09,3,24.65
2021-03-09,4,23.38
2021-03-09,5,10.93
2021-03-09,6,12.77
2021-03-09,7,24.47
2021-03-09,8,25.42
2021-03-09,9,24.89
2021-03-09,10,23.99
2021-03-09,11,23.19
2021-03-09,12,23.59
2021-03-09,13,18.0
2021-03-09,14,13.35
2021-03-09,15,8.37
2021-03-09,16,13.34
2021-03-09,17,15.17
2021-03-09,18,22.31
2021-03-09,19,21.06
2021-03-09,20,12.65
2021-03-09,21,6.88
2021-03-09,22,5.23
2021-03-09,23,5.82
2021-03-09,24,3.0
2021-03-10,1,9.86
2021-03-10,2,5.73
2021-03-10,3,3.8
2021-03-10,4,5.83
2021-03-10,5,2.56
2021-03-10,6,1.81
2021-03-10,7,4.91
2021-03-10,8,8.87
2021-03-10,9,2.87
2021-03-10,10,3.81
2021-03-10,11,5.88
2021-03-10,12,3.17
2021-03-10,13,1.84
2021-03-10,14,7.28
2021-03-10,15,7.5
2021-03-10,16,8.22
2021-03-10,17,5.8
2021-03-10,18,8.89
2021-03-10,19,5.07
2021-03-10,20,0.41
2021-03-10,21,8.27
2021-03-10,22,7.19
2021-03-10,23,7.7
2021-03-10,24,4.64
2021-03-11,1,0.0
2021-03-11,2,0.0
2021-03-11,3,0.0
2021-03-11,4,0.0
2021-03-11,5,0.0
2021-03-11,6,0.0
2021-03-11,7,2.94
2021-03-11,8,12.1
2021-03-11,9,13.34
2021-03-11,10,5.8
2021-03-11,11,5.96
2021-03-11,12,5.32
2021-03-11,13,6.18
2021-03-11,14,4.9
2021-03-11,15,4.63
2021-03-11,16,6.84
2021-03-11,17,14.35
2021-03-11,18,4.02
2021-03-11,19,5.9
2021-03-11,20,7.51
2021-03-11,21,5.58
2021-03-11,22,5.81
2021-03-11,23,12.3
2021-03-11,24,12.39
2021-03-12,1,5.99
2021-03-12,2,6.27
2021-03-12,3,13.14
2021-03-12,4,14.37
2021-03-12,5,11.23
2021-03-12,6,8.95
2021-03-12,7,11.63
2021-03-12,8,14.36
2021-03-12,9,8.89
2021-03-12,10,1.4
2021-03-12,11,3.68
2021-03-12,12,6.51
2021-03-12,13,1.97
2021-03-12,14,0.86
2021-03-12,15,3.4
2021-03-12,16,0.0
2021-03-12,17,0.0
2021-03-12,18,7.92
2021-03-12,19,26.03
2021-03-12,20,49.79
2021-03-12,21,17.51
2021-03-12,22,20.79
2021-03-12,23,20.22
2021-03-12,24,28.15
2021-03-13,1,37.23
2021-03-13,2,34.68
2021-03-13,3,23.18
2021-03-13,4,28.23
2021-03-13,5,34.97
2021-03-13,6,79.46
2021-03-13,7,31.92
2021-03-13,8,7.6
2021-03-13,9,5.78
2021-03-13,10,8.4
2021-03-13,11,11.63
2021-03-13,12,9.66
2021-03-13,13,9.76
2021-03-13,14,4.6
2021-03-13,15,0.0
2021-03-13,16,0.0
2021-03-13,17,4.67
2021-03-13,18,13.18
2021-03-13,19,12.74
2021-03-13,20,12.74
2021-03-13,21,10.83
2021-03-13,22,0.0
2021-03-13,23,0.47
2021-03-13,24,3.34
2021-03-14,1,4.81
2021-03-14,2,1.83
2021-03-14,3,8.23
2021-03-14,4,8.23
2021-03-14,5,1.75
2021-03-14,6,0.0
2021-03-14,7,0.0
2021-03-14,8,0.0
2021-03-14,9,0.0
2021-03-14,10,0.0
2021-03-14,11,0.0
2021-03-14,12,0.0
2021-03-14,13,0.0
2021-03-14,14,0.0
2021-03-14,15,0.0
2021-03-14,16,0.0
2021-03-14,17,1.88
2021-03-14,18,5.76
2021-03-14,19,12.57
2021-03-14,20,20.1
2021-03-14,21,14.37
2021-03-14,22,18.31
2021-03-14,23,9.69
2021-03-14,24,13.28
2021-03-15,1,6.87
2021-03-15,2,6.0
2021-03-15,3,9.63
2021-03-15,4,12.78
2021-03-15,5,15.46
2021-03-15,6,27.79
2021-03-15,7,28.32
2021-03-15,8,28.43
2021-03-15,9,26.68
2021-03-15,10,25.25
2021-03-15,11,23.4
2021-03-15,12,23.36
2021-03-15,13,20.07
2021-03-15,14,17.81
2021-03-15,15,17.85
2021-03-15,16,21.27
2021-03-15,17,25.99
2021-03-15,18,27.01
2021-03-15,19,27.3
2021-03-15,20,24.41
2021-03-15,21,22.83
2021-03-15,22,22.2
2021-03-15,23,16.35
2021-03-15,24,14.98
2021-03-16,1,13.16
2021-03-16,2,14.37
2021-03-16,3,12.56
2021-03-16,4,14.37
2021-03-16,5,16.6
2021-03-16,6,26.64
2021-03-16,7,33.08
2021-03-16,8,112.59
2021-03-16,9,28.82
2021-03-16,10,27.58
2021-03-16,11,27.05
2021-03-16,12,26.36
2021-03-16,13,26.36
2021-03-16,14,25.69
2021-03-16,15,25.09
2021-03-16,16,24.76
2021-03-16,17,26.31
2021-03-16,18,24.15
2021-03-16,19,24.08
2021-03-16,20,22.82
2021-03-16,21,23.38
2021-03-16,22,25.23
2021-03-16,23,21.7
2021-03-16,24,15.33
2021-03-17,1,23.19
2021-03-17,2,25.4
2021-03-17,3,22.51
2021-03-17,4,13.27
2021-03-17,5,17.52
2021-03-17,6,24.55
2021-03-17,7,26.66
2021-03-17,8,26.07
2021-03-17,9,26.67
2021-03-17,10,24.66
2021-03-17,11,24.79
2021-03-17,12,22.26
2021-03-17,13,22.26
2021-03-17,14,21.95
2021-03-17,15,22.18
2021-03-17,16,21.98
2021-03-17,17,22.2
2021-03-17,18,22.25
2021-03-17,19,23.55
2021-03-17,20,21.9
2021-03-17,21,20.49
2021-03-17,22,20.52
2021-03-17,23,11.47
2021-03-17,24,18.68
2021-03-18,1,13.26
2021-03-18,2,10.19
2021-03-18,3,0.0
2021-03-18,4,0.0
2021-03-18,5,0.88
2021-03-18,6,4.7
2021-03-18,7,19.41
2021-03-18,8,21.69
2021-03-18,9,13.94
2021-03-18,10,20.48
2021-03-18,11,13.7
2021-03-18,12,13.69
2021-03-18,13,12.76
2021-03-18,14,12.63
2021-03-18,15,9.75
2021-03-18,16,15.17
2021-03-18,17,19.58
2021-03-18,18,13.17
2021-03-18,19,12.6
2021-03-18,20,15.63
2021-03-18,21,7.2
2021-03-18,22,5.34
2021-03-18,23,4.02
2021-03-18,24,4.92
2021-03-19,1,0.0
2021-03-19,2,0.44
2021-03-19,3,3.8
2021-03-19,4,9.4
2021-03-19,5,6.17
2021-03-19,6,23.63
2021-03-19,7,28.21
2021-03-19,8,24.21
2021-03-19,9,9.11
2021-03-19,10,9.32
2021-03-19,11,14.16
2021-03-19,12,22.31
2021-03-19,13,22.17
2021-03-19,14,21.47
2021-03-19,15,21.31
2021-03-19,16,17.84
2021-03-19,17,17.28
2021-03-19,18,19.82
2021-03-19,19,21.44
2021-03-19,20,21.47
2021-03-19,21,24.3
2021-03-19,22,29.57
2021-03-19,23,15.74
2021-03-19,24,13.8
2021-03-20,1,13.36
2021-03-20,2,13.36
2021-03-20,3,17.4
2021-03-20,4,13.36
2021-03-20,5,13.33
2021-03-20,6,17.29
2021-03-20,7,32.72
2021-03-20,8,35.7
2021-03-20,9,35.34
2021-03-20,10,24.79
2021-03-20,11,22.71
2021-03-20,12,17.21
2021-03-20,13,14.8
2021-03-20,14,11.62
2021-03-20,15,13.73
2021-03-20,16,7.38
2021-03-20,17,12.27
2021-03-20,18,14.37
2021-03-20,19,19.76
2021-03-20,20,18.41
2021-03-20,21,14.01
2021-03-20,22,15.08
2021-03-20,23,11.51
2021-03-20,24,10.97
2021-03-21,1,13.36
2021-03-21,2,16.94
2021-03-21,3,15.11
2021-03-21,4,18.77
2021-03-21,5,14.09
2021-03-21,6,18.3
2021-03-21,7,19.64
2021-03-21,8,13.37
2021-03-21,9,23.09
2021-03-21,10,22.64
2021-03-21,11,13.91
2021-03-21,12,18.17
2021-03-21,13,9.06
2021-03-21,14,3.45
2021-03-21,15,4.14
2021-03-21,16,6.47
2021-03-21,17,12.19
2021-03-21,18,9.9
2021-03-21,19,13.35
2021-03-21,20,6.62
2021-03-21,21,6.67
2021-03-21,22,5.17
2021-03-21,23,10.36
2021-03-21,24,8.19
2021-03-22,1,10.29
2021-03-22,2,0.88
2021-03-22,3,0.0
2021-03-22,4,0.0
2021-03-22,5,0.47
2021-03-22,6,2.06
2021-03-22,7,5.3
2021-03-22,8,10.95
2021-03-22,9,19.1
2021-03-22,10,21.59
2021-03-22,11,17.75
2021-03-22,12,19.92
2021-03-22,13,12.98
2021-03-22,14,1.0
2021-03-22,15,8.3
2021-03-22,16,4.19
2021-03-22,17,10.37
2021-03-22,18,19.14
2021-03-22,19,20.73
2021-03-22,20,21.54
2021-03-22,21,16.2
2021-03-22,22,15.92
2021-03-22,23,13.47
2021-03-22,24,20.71
2021-03-23,1,24.85
2021-03-23,2,7.35
2021-03-23,3,14.35
2021-03-23,4,4.64
2021-03-23,5,0.95
2021-03-23,6,3.74
2021-03-23,7,20.24
2021-03-23,8,21.7
2021-03-23,9,21.95
2021-03-23,10,21.88
2021-03-23,11,22.76
2021-03-23,12,23.06
2021-03-23,13,20.12
2021-03-23,14,17.8
2021-03-23,15,19.67
2021-03-23,16,16.09
2021-03-23,17,20.54
2021-03-23,18,19.33
2021-03-23,19,21.7
2021-03-23,20,13.41
2021-03-23,21,2.37
2021-03-23,22,7.83
2021-03-23,23,7.22
2021-03-23,24,9.69
2021-03-24,1,6.69
2021-03-24,2,0.0
2021-03-24,3,0.0
2021-03-24,4,0.0
2021-03-24,5,0.49
2021-03-24,6,0.41
2021-03-24,7,7.28
2021-03-24,8,6.14
2021-03-24,9,7.33
2021-03-24,10,2.85
2021-03-24,11,6.26
2021-03-24,12,16.13
2021-03-24,13,14.4
2021-03-24,14,15.78
2021-03-24,15,18.15
2021-03-24,16,18.65
2021-03-24,17,17.59
2021-03-24,18,14.37
2021-03-24,19,14.35
2021-03-24,20,5.12
2021-03-24,21,1.43
2021-03-24,22,2.82
2021-03-24,23,0.0
2021-03-24,24,0.0
2021-03-25,1,0.0
2021-03-25,2,0.0
2021-03-25,3,0.0
2021-03-25,4,0.0
2021-03-25,5,0.0
2021-03-25,6,0.0
2021-03-25,7,13.13
2021-03-25,8,6.86
2021-03-25,9,14.97
2021-03-25,10,5.96
2021-03-25,11,5.91
2021-03-25,12,9.62
2021-03-25,13,13.78
2021-03-25,14,7.2
2021-03-25,15,15.69
2021-03-25,16,21.15
2021-03-25,17,22.93
2021-03-25,18,22.18
2021-03-25,19,19.81
2021-03-25,20,16.9
2021-03-25,21,13.63
2021-03-25,22,10.59
2021-03-25,23,2.09
2021-03-25,24,3.11
2021-03-26,1,1.45
2021-03-26,2,0.0
2021-03-26,3,0.0
2021-03-26,4,0.47
2021-03-26,5,8.94
2021-03-26,6,9.35
2021-03-26,7,12.97
2021-03-26,8,3.87
2021-03-26,9,14.36
2021-03-26,10,37.82
2021-03-26,11,30.74
2021-03-26,12,13.77
2021-03-26,13,12.97
2021-03-26,14,1.59
2021-03-26,15,17.19
2021-03-26,16,22.55
2021-03-26,17,27.08
2021-03-26,18,24.78
2021-03-26,19,14.47
2021-03-26,20,15.23
2021-03-26,21,22.09
2021-03-26,22,19.78
2021-03-26,23,13.68
2021-03-26,24,11.61
2021-03-27,1,15.49
2021-03-27,2,13.29
2021-03-27,3,17.34
2021-03-27,4,13.29
2021-03-27,5,16.21
2021-03-27,6,10.83
2021-03-27,7,21.98
2021-03-27,8,97.37
2021-03-27,9,77.05
2021-03-27,10,30.2
2021-03-27,11,22.85
2021-03-27,12,24.48
2021-03-27,13,18.34
2021-03-27,14,7.28
2021-03-27,15,11.13
2021-03-27,16,17.61
2021-03-27,17,19.37
2021-03-27,18,16.64
2021-03-27,19,14.21
2021-03-27,20,10.17
2021-03-27,21,6.87
2021-03-27,22,2.37
2021-03-27,23,3.08
2021-03-27,24,10.21
2021-03-28,1,13.26
2021-03-28,2,5.2
2021-03-28,3,5.7
2021-03-28,4,7.28
2021-03-28,5,5.98
2021-03-28,6,0.81
2021-03-28,7,10.48
2021-03-28,8,6.64
2021-03-28,9,245.15
2021-03-28,10,1660.8
2021-03-28,11,4.75
2021-03-28,12,0.0
2021-03-28,13,4.54
2021-03-28,14,6.84
2021-03-28,15,12.74
2021-03-28,16,12.34
2021-03-28,17,22.65
2021-03-28,18,5.88
2021-03-28,19,9.02
2021-03-28,20,7.44
2021-03-28,21,4.76
2021-03-28,22,2.82
2021-03-28,23,1.88
2021-03-28,24,0.0
2021-03-29,1,0.0
2021-03-29,2,0.0
2021-03-29,3,0.0
2021-03-29,4,0.81
2021-03-29,5,4.82
2021-03-29,6,20.48
2021-03-29,7,30.41
2021-03-29,8,23.77
2021-03-29,9,20.1
2021-03-29,10,20.29
2021-03-29,11,21.94
2021-03-29,12,22.24
2021-03-29,13,18.73
2021-03-29,14,11.24
2021-03-29,15,5.99
2021-03-29,16,6.17
2021-03-29,17,14.22
2021-03-29,18,14.51
2021-03-29,19,21.41
2021-03-29,20,15.33
2021-03-29,21,5.0
2021-03-29,22,2.89
2021-03-29,23,1.92
2021-03-29,24,0.5
2021-03-30,1,0.44
2021-03-30,2,0.0
2021-03-30,3,0.0
2021-03-30,4,0.0
2021-03-30,5,0.0
2021-03-30,6,1.43
2021-03-30,7,5.39
2021-03-30,8,2.83
2021-03-30,9,2.33
2021-03-30,10,0.0
2021-03-30,11,0.0
2021-03-30,12,0.0
2021-03-30,13,0.0
2021-03-30,14,0.0
2021-03-30,15,0.0
2021-03-30,16,3.11
2021-03-30,17,9.32
2021-03-30,18,2.24
2021-03-30,19,6.49
2021-03-30,20,2.36
2021-03-30,21,1.85
2021-03-30,22,0.0
2021-03-30,23,0.0
2021-03-30,24,0.0
2021-03-31,1,0.0
2021-03-31,2,0.0
2021-03-31,3,0.0
2021-03-31,4,0.95
2021-03-31,5,3.24
2021-03-31,6,3.22
2021-03-31,7,97.0
2021-03-31,8,188.21
2021-03-31,9,12.63
2021-03-31,10,7.21
2021-03-31,11,13.38
2021-03-31,12,16.1
2021-03-31,13,13.37
2021-03-31,14,8.99
2021-03-31,15,5.82
2021-03-31,16,9.4
2021-03-31,17,17.97
2021-03-31,18,14.07
2021-03-31,19,10.9
2021-03-31,20,22.62
2021-03-31,21,14.22
2021-03-31,22,17.68
2021-03-31,23,2.97
2021-03-31,24,2.02
2021-04-01,1,0.88
2021-04-01,2,4.36
2021-04-01,3,5.76
2021-04-01,4,4.81
2021-04-01,5,1.99
2021-04-01,6,4.34
2021-04-01,7,12.12
2021-04-01,8,8.11
2021-04-01,9,3.83
2021-04-01,10,5.82
2021-04-01,11,13.35
2021-04-01,12,0.49
2021-04-01,13,0.0
2021-04-01,14,0.41
2021-04-01,15,0.49
2021-04-01,16,0.0
2021-04-01,17,0.49
2021-04-01,18,0.0
2021-04-01,19,2.79
2021-04-01,20,5.72
2021-04-01,21,6.11
2021-04-01,22,18.44
2021-04-01,23,15.53
2021-04-01,24,12.21
2021-04-02,1,11.82
2021-04-02,2,13.35
2021-04-02,3,12.81
2021-04-02,4,6.03
2021-04-02,5,9.22
2021-04-02,6,12.82
2021-04-02,7,13.35
2021-04-02,8,8.03
2021-04-02,9,3.12
2021-04-02,10,0.0
2021-04-02,11,0.0
2021-04-02,12,2.96
2021-04-02,13,4.88
2021-04-02,14,0.31
2021-04-02,15,0.31
2021-04-02,16,2.37
2021-04-02,17,9.95
2021-04-02,18,14.54
2021-04-02,19,12.77
2021-04-02,20,35.27
2021-04-02,21,14.34
2021-04-02,22,11.57
2021-04-02,23,9.4
2021-04-02,24,6.91
2021-04-03,1,4.78
2021-04-03,2,5.85
2021-04-03,3,5.82
2021-04-03,4,5.85
2021-04-03,5,6.14
2021-04-03,6,5.95
2021-04-03,7,0.0
2021-04-03,8,0.87
2021-04-03,9,2.17
2021-04-03,10,0.0
2021-04-03,11,0.0
2021-04-03,12,0.0
2021-04-03,13,0.0
2021-04-03,14,0.0
2021-04-03,15,0.39
2021-04-03,16,6.79
2021-04-03,17,14.35
2021-04-03,18,12.22
2021-04-03,19,13.27
2021-04-03,20,5.57
2021-04-03,21,2.39
2021-04-03,22,6.67
2021-04-03,23,18.39
2021-04-03,24,25.61
2021-04-04,1,5.94
2021-04-04,2,5.92
2021-04-04,3,5.82
2021-04-04,4,2.71
2021-04-04,5,9.56
2021-04-04,6,14.94
2021-04-04,7,13.67
2021-04-04,8,5.92
2021-04-04,9,12.29
2021-04-04,10,9.03
2021-04-04,11,11.29
2021-04-04,12,9.39
2021-04-04,13,13.71
2021-04-04,14,5.91
2021-04-04,15,6.64
2021-04-04,16,7.4
2021-04-04,17,10.31
2021-04-04,18,13.32
2021-04-04,19,9.01
2021-04-04,20,13.35
2021-04-04,21,12.86
2021-04-04,22,12.15
2021-04-04,23,8.49
2021-04-04,24,6.82
2021-04-05,1,0.9
2021-04-05,2,0.9
2021-04-05,3,1.86
2021-04-05,4,0.0
2021-04-05,5,0.0
2021-04-05,6,0.0
2021-04-05,7,5.26
2021-04-05,8,6.8
2021-04-05,9,13.46
2021-04-05,10,14.25
2021-04-05,11,13.26
2021-04-05,12,23.27
2021-04-05,13,9.13
2021-04-05,14,2.98
2021-04-05,15,0.0
2021-04-05,16,0.0
2021-04-05,17,0.0
2021-04-05,18,4.47
2021-04-05,19,4.85
2021-04-05,20,3.42
2021-04-05,21,5.24
2021-04-05,22,3.41
2021-04-05,23,0.9
2021-04-05,24,3.69
2021-04-06,1,2.73
2021-04-06,2,5.58
2021-04-06,3,4.25
2021-04-06,4,0.0
2021-04-06,5,0.0
2021-04-06,6,2.34
2021-04-06,7,0.0
2021-04-06,8,0.0
2021-04-06,9,5.41
2021-04-06,10,5.2
2021-04-06,11,5.84
2021-04-06,12,6.0
2021-04-06,13,5.9
2021-04-06,14,6.02
2021-04-06,15,13.43
2021-04-06,16,11.58
2021-04-06,17,13.31
2021-04-06,18,10.12
2021-04-06,19,8.48
2021-04-06,20,5.91
2021-04-06,21,5.95
2021-04-06,22,5.99
2021-04-06,23,23.93
2021-04-06,24,9.06
2021-04-07,1,5.96
2021-04-07,2,13.29
2021-04-07,3,13.27
2021-04-07,4,13.5
2021-04-07,5,6.58
2021-04-07,6,3.77
2021-04-07,7,11.46
2021-04-07,8,15.83
2021-04-07,9,15.46
2021-04-07,10,13.83
2021-04-07,11,7.42
2021-04-07,12,5.83
2021-04-07,13,4.52
2021-04-07,14,2.33
2021-04-07,15,5.95
2021-04-07,16,0.46
2021-04-07,17,5.89
2021-04-07,18,0.0
2021-04-07,19,0.0
2021-04-07,20,2.3
2021-04-07,21,0.41
2021-04-07,22,0.0
2021-04-07,23,0.0
2021-04-07,24,0.0
2021-04-08,1,0.0
2021-04-08,2,-0.02
2021-04-08,3,-0.01
2021-04-08,4,0.0
2021-04-08,5,0.0
2021-04-08,6,0.0
2021-04-08,7,0.0
2021-04-08,8,0.0
2021-04-08,9,5.79
2021-04-08,10,6.32
2021-04-08,11,6.81
2021-04-08,12,11.63
2021-04-08,13,4.71
2021-04-08,14,0.95
2021-04-08,15,0.0
2021-04-08,16,0.0
2021-04-08,17,8.36
2021-04-08,18,10.26
2021-04-08,19,7.84
2021-04-08,20,3.88
2021-04-08,21,2.24
2021-04-08,22,2.63
2021-04-08,23,0.0
2021-04-08,24,0.0
2021-04-09,1,0.0
2021-04-09,2,0.0
2021-04-09,3,0.0
2021-04-09,4,0.0
2021-04-09,5,0.0
2021-04-09,6,0.47
2021-04-09,7,1.97
2021-04-09,8,9.18
2021-04-09,9,12.48
2021-04-09,10,13.35
2021-04-09,11,13.35
2021-04-09,12,13.36
2021-04-09,13,14.09
2021-04-09,14,12.8
2021-04-09,15,6.82
2021-04-09,16,5.73
2021-04-09,17,5.96
2021-04-09,18,1.65
2021-04-09,19,0.0
2021-04-09,20,0.0
2021-04-09,21,0.0
2021-04-09,22,0.0
2021-04-09,23,0.0
2021-04-09,24,0.0
2021-04-10,1,0.0
2021-04-10,2,0.0
2021-04-10,3,0.0
2021-04-10,4,0.0
2021-04-10,5,2.59
2021-04-10,6,15.18
2021-04-10,7,12.41
2021-04-10,8,5.85
2021-04-10,9,5.97
2021-04-10,10,10.56
2021-04-10,11,7.36
2021-04-10,12,8.16
2021-04-10,13,8.17
2021-04-10,14,5.88
2021-04-10,15,6.58
2021-04-10,16,5.97
2021-04-10,17,5.87
2021-04-10,18,5.81
2021-04-10,19,5.79
2021-04-10,20,4.08
2021-04-10,21,7.2
2021-04-10,22,7.35
2021-04-10,23,1.96
2021-04-10,24,0.0
2021-04-11,1,0.0
2021-04-11,2,0.0
2021-04-11,3,-0.29
2021-04-11,4,-0.07
2021-04-11,5,0.0
2021-04-11,6,0.0
2021-04-11,7,0.0
2021-04-11,8,0.88
2021-04-11,9,9.4
2021-04-11,10,24.12
2021-04-11,11,15.36
2021-04-11,12,14.36
2021-04-11,13,14.37
2021-04-11,14,5.96
2021-04-11,15,5.85
2021-04-11,16,13.45
2021-04-11,17,39.56
2021-04-11,18,64.65
2021-04-11,19,6.06
2021-04-11,20,0.41
2021-04-11,21,2.72
2021-04-11,22,5.38
2021-04-11,23,4.92
2021-04-11,24,12.29
2021-04-12,1,5.94
2021-04-12,2,14.35
2021-04-12,3,14.35
2021-04-12,4,14.33
2021-04-12,5,2.91
2021-04-12,6,5.7
2021-04-12,7,10.95
2021-04-12,8,12.59
2021-04-12,9,26.55
2021-04-12,10,57.32
2021-04-12,11,20.2
2021-04-12,12,16.4
2021-04-12,13,16.47
2021-04-12,14,13.32
2021-04-12,15,15.78
2021-04-12,16,17.78
2021-04-12,17,22.25
2021-04-12,18,19.85
2021-04-12,19,18.63
2021-04-12,20,13.31
2021-04-12,21,14.69
2021-04-12,22,14.64
2021-04-12,23,18.76
2021-04-12,24,11.82
2021-04-13,1,13.08
2021-04-13,2,8.2
2021-04-13,3,6.9
2021-04-13,4,6.05
2021-04-13,5,0.97
2021-04-13,6,7.84
2021-04-13,7,20.72
2021-04-13,8,59.56
2021-04-13,9,14.37
2021-04-13,10,14.34
2021-04-13,11,14.36
2021-04-13,12,9.5
2021-04-13,13,5.36
2021-04-13,14,9.24
2021-04-13,15,5.9
2021-04-13,16,7.42
2021-04-13,17,6.59
2021-04-13,18,7.07
2021-04-13,19,11.15
2021-04-13,20,6.32
2021-04-13,21,11.62
2021-04-13,22,25.27
2021-04-13,23,7.28
2021-04-13,24,2.2
2021-04-14,1,0.0
2021-04-14,2,0.0
2021-04-14,3,2.93
2021-04-14,4,11.79
2021-04-14,5,16.82
2021-04-14,6,10.91
2021-04-14,7,14.02
2021-04-14,8,14.38
2021-04-14,9,11.1
2021-04-14,10,9.35
2021-04-14,11,12.23
2021-04-14,12,6.56
2021-04-14,13,1.92
2021-04-14,14,0.48
2021-04-14,15,2.75
2021-04-14,16,3.56
2021-04-14,17,18.5
2021-04-14,18,12.24
2021-04-14,19,13.32
2021-04-14,20,7.88
2021-04-14,21,2.79
2021-04-14,22,2.75
2021-04-14,23,3.35
2021-04-14,24,7.66
2021-04-15,1,12.34
2021-04-15,2,14.35
2021-04-15,3,6.0
2021-04-15,4,5.88
2021-04-15,5,5.32
2021-04-15,6,5.54
2021-04-15,7,16.65
2021-04-15,8,74.03
2021-04-15,9,78.94
2021-04-15,10,52.61
2021-04-15,11,26.31
2021-04-15,12,39.9
2021-04-15,13,20.47
2021-04-15,14,12.58
2021-04-15,15,12.0
2021-04-15,16,24.71
2021-04-15,17,28.69
2021-04-15,18,14.36
2021-04-15,19,31.8
2021-04-15,20,6.29
2021-04-15,21,9.76
2021-04-15,22,7.18
2021-04-15,23,3.5
2021-04-15,24,2.37
2021-04-16,1,0.0
2021-04-16,2,0.0
2021-04-16,3,0.0
2021-04-16,4,0.0
2021-04-16,5,0.0
2021-04-16,6,0.47
2021-04-16,7,4.4
2021-04-16,8,6.04
2021-04-16,9,1.64
2021-04-16,10,5.32
2021-04-16,11,5.75
2021-04-16,12,5.83
2021-04-16,13,5.88
2021-04-16,14,5.82
2021-04-16,15,4.3
2021-04-16,16,8.39
2021-04-16,17,17.01
2021-04-16,18,15.2
2021-04-16,19,11.88
2021-04-16,20,15.89
2021-04-16,21,17.36
2021-04-16,22,13.02
2021-04-16,23,11.79
2021-04-16,24,10.88
2021-04-17,1,5.92
2021-04-17,2,5.94
2021-04-17,3,5.98
2021-04-17,4,9.63
2021-04-17,5,10.54
2021-04-17,6,11.54
2021-04-17,7,9.16
2021-04-17,8,13.27
2021-04-17,9,13.08
2021-04-17,10,7.53
2021-04-17,11,11.08
2021-04-17,12,6.05
2021-04-17,13,5.94
2021-04-17,14,0.95
2021-04-17,15,0.95
2021-04-17,16,3.76
2021-04-17,17,4.37
2021-04-17,18,5.87
2021-04-17,19,5.93
2021-04-17,20,13.68
2021-04-17,21,9.03
2021-04-17,22,7.52
2021-04-17,23,7.92
2021-04-17,24,9.68
2021-04-18,1,7.71
2021-04-18,2,8.66
2021-04-18,3,7.2
2021-04-18,4,13.82
2021-04-18,5,10.76
2021-04-18,6,12.48
2021-04-18,7,5.76
2021-04-18,8,6.07
2021-04-18,9,6.08
2021-04-18,10,5.91
2021-04-18,11,5.95
2021-04-18,12,10.65
2021-04-18,13,5.87
2021-04-18,14,4.23
2021-04-18,15,5.9
2021-04-18,16,8.67
2021-04-18,17,14.41
2021-04-18,18,11.61
2021-04-18,19,5.95
2021-04-18,20,5.73
2021-04-18,21,4.71
2021-04-18,22,4.91
2021-04-18,23,4.76
2021-04-18,24,4.21
2021-04-19,1,2.38
2021-04-19,2,5.18
2021-04-19,3,0.41
2021-04-19,4,5.9
2021-04-19,5,8.48
2021-04-19,6,5.24
2021-04-19,7,2.8
2021-04-19,8,5.96
2021-04-19,9,1.97
2021-04-19,10,0.0
2021-04-19,11,0.0
2021-04-19,12,0.48
2021-04-19,13,0.0
2021-04-19,14,0.0
2021-04-19,15,3.77
2021-04-19,16,5.53
2021-04-19,17,4.05
2021-04-19,18,2.91
2021-04-19,19,6.52
2021-04-19,20,6.08
2021-04-19,21,5.1
2021-04-19,22,5.27
2021-04-19,23,3.73
2021-04-19,24,6.54
2021-04-20,1,2.68
2021-04-20,2,0.0
2021-04-20,3,0.0
2021-04-20,4,0.0
2021-04-20,5,0.0
2021-04-20,6,0.0
2021-04-20,7,6.43
2021-04-20,8,11.61
2021-04-20,9,6.79
2021-04-20,10,0.0
2021-04-20,11,13.0
2021-04-20,12,25.09
2021-04-20,13,9.84
2021-04-20,14,8.17
2021-04-20,15,16.06
2021-04-20,16,28.16
2021-04-20,17,20.4
2021-04-20,18,18.95
2021-04-20,19,16.92
2021-04-20,20,20.53
2021-04-20,21,11.11
2021-04-20,22,10.12
2021-04-20,23,7.72
2021-04-20,24,7.54
2021-04-21,1,16.1
2021-04-21,2,18.72
2021-04-21,3,14.38
2021-04-21,4,12.64
2021-04-21,5,9.5
2021-04-21,6,12.73
2021-04-21,7,23.52
2021-04-21,8,42.0
2021-04-21,9,32.86
2021-04-21,10,50.24
2021-04-21,11,99.4
2021-04-21,12,31.41
2021-04-21,13,18.33
2021-04-21,14,17.52
2021-04-21,15,28.91
2021-04-21,16,25.12
2021-04-21,17,27.25
2021-04-21,18,27.73
2021-04-21,19,25.9
2021-04-21,20,27.72
2021-04-21,21,35.24
2021-04-21,22,25.97
2021-04-21,23,19.22
2021-04-21,24,15.41
2021-04-22,1,10.34
2021-04-22,2,14.37
2021-04-22,3,13.0
2021-04-22,4,5.92
2021-04-22,5,10.91
2021-04-22,6,11.73
2021-04-22,7,21.67
2021-04-22,8,26.04
2021-04-22,9,11.25
2021-04-22,10,12.46
2021-04-22,11,7.13
2021-04-22,12,7.1
2021-04-22,13,4.51
2021-04-22,14,0.0
2021-04-22,15,5.29
2021-04-22,16,9.47
2021-04-22,17,16.11
2021-04-22,18,15.31
2021-04-22,19,15.89
2021-04-22,20,30.58
2021-04-22,21,80.76
2021-04-22,22,6.63
2021-04-22,23,0.98
2021-04-22,24,0.49
2021-04-23,1,5.36
2021-04-23,2,9.53
2021-04-23,3,5.92
2021-04-23,4,6.62
2021-04-23,5,16.42
2021-04-23,6,14.66
2021-04-23,7,6.22
2021-04-23,8,6.95
2021-04-23,9,8.54
2021-04-23,10,5.5
2021-04-23,11,10.23
2021-04-23,12,3.9
2021-04-23,13,0.0
2021-04-23,14,0.0
2021-04-23,15,0.0
2021-04-23,16,0.0
2021-04-23,17,1.4
2021-04-23,18,1.41
2021-04-23,19,3.57
2021-04-23,20,4.49
2021-04-23,21,0.0
2021-04-23,22,1.76
2021-04-23,23,0.49
2021-04-23,24,0.0
2021-04-24,1,0.0
2021-04-24,2,5.51
2021-04-24,3,0.48
2021-04-24,4,7.2
2021-04-24,5,10.77
2021-04-24,6,15.36
2021-04-24,7,10.11
2021-04-24,8,13.12
2021-04-24,9,7.59
2021-04-24,10,6.01
2021-04-24,11,5.81
2021-04-24,12,5.91
2021-04-24,13,5.98
2021-04-24,14,5.98
2021-04-24,15,11.65
2021-04-24,16,13.92
2021-04-24,17,9.1
2021-04-24,18,10.99
2021-04-24,19,7.04
2021-04-24,20,5.9
2021-04-24,21,6.66
2021-04-24,22,9.67
2021-04-24,23,7.69
2021-04-24,24,7.9
2021-04-25,1,8.86
2021-04-25,2,5.96
2021-04-25,3,5.18
2021-04-25,4,3.96
2021-04-25,5,0.0
2021-04-25,6,0.0
2021-04-25,7,0.0
2021-04-25,8,0.0
2021-04-25,9,0.0
2021-04-25,10,0.0
2021-04-25,11,4.92
2021-04-25,12,0.0
2021-04-25,13,0.0
2021-04-25,14,0.0
2021-04-25,15,0.0
2021-04-25,16,0.0
2021-04-25,17,3.27
2021-04-25,18,2.29
2021-04-25,19,3.25
2021-04-25,20,5.28
2021-04-25,21,5.89
2021-04-25,22,5.85
2021-04-25,23,5.8
2021-04-25,24,5.91
2021-04-26,1,11.74
2021-04-26,2,10.6
2021-04-26,3,6.05
2021-04-26,4,13.26
2021-04-26,5,7.38
2021-04-26,6,12.07
2021-04-26,7,9.42
2021-04-26,8,9.24
2021-04-26,9,6.32
2021-04-26,10,5.93
2021-04-26,11,13.26
2021-04-26,12,22.58
2021-04-26,13,11.55
2021-04-26,14,9.22
2021-04-26,15,5.88
2021-04-26,16,8.94
2021-04-26,17,13.29
2021-04-26,18,10.49
2021-04-26,19,5.92
2021-04-26,20,5.14
2021-04-26,21,4.26
2021-04-26,22,7.21
2021-04-26,23,9.64
2021-04-26,24,3.54
2021-04-27,1,0.0
2021-04-27,2,0.0
2021-04-27,3,0.0
2021-04-27,4,0.0
2021-04-27,5,0.47
2021-04-27,6,0.95
2021-04-27,7,4.92
2021-04-27,8,11.08
2021-04-27,9,6.36
2021-04-27,10,5.81
2021-04-27,11,3.66
2021-04-27,12,0.38
2021-04-27,13,4.66
2021-04-27,14,9.02
2021-04-27,15,5.84
2021-04-27,16,4.59
2021-04-27,17,7.67
2021-04-27,18,7.25
2021-04-27,19,12.29
2021-04-27,20,5.99
2021-04-27,21,5.1
2021-04-27,22,3.51
2021-04-27,23,2.43
2021-04-27,24,3.86
2021-04-28,1,0.0
2021-04-28,2,0.0
2021-04-28,3,0.0
2021-04-28,4,0.0
2021-04-28,5,0.0
2021-04-28,6,0.0
2021-04-28,7,0.0
2021-04-28,8,1.85
2021-04-28,9,9.25
2021-04-28,10,13.69
2021-04-28,11,30.48
2021-04-28,12,17.21
2021-04-28,13,1.97
2021-04-28,14,-0.05
2021-04-28,15,0.0
2021-04-28,16,2.92
2021-04-28,17,9.57
2021-04-28,18,11.48
2021-04-28,19,8.87
2021-04-28,20,13.31
2021-04-28,21,6.7
2021-04-28,22,11.11
2021-04-28,23,10.17
2021-04-28,24,8.12
2021-04-29,1,6.08
2021-04-29,2,14.37
2021-04-29,3,13.67
2021-04-29,4,14.38
2021-04-29,5,13.57
2021-04-29,6,8.9
2021-04-29,7,20.08
2021-04-29,8,31.69
2021-04-29,9,26.93
2021-04-29,10,20.95
2021-04-29,11,14.79
2021-04-29,12,10.29
2021-04-29,13,12.49
2021-04-29,14,12.31
2021-04-29,15,22.21
2021-04-29,16,84.0
2021-04-29,17,13.77
2021-04-29,18,11.34
2021-04-29,19,6.89
2021-04-29,20,2.24
2021-04-29,21,0.46
2021-04-29,22,-0.01
2021-04-29,23,0.0
2021-04-29,24,0.0
2021-04-30,1,-0.02
2021-04-30,2,-2.77
2021-04-30,3,-3.0
2021-04-30,4,-3.0
2021-04-30,5,-1.74
2021-04-30,6,0.0
2021-04-30,7,0.0
2021-04-30,8,0.0
2021-04-30,9,0.0
2021-04-30,10,0.0
2021-04-30,11,0.0
2021-04-30,12,0.0
2021-04-30,13,0.0
2021-04-30,14,0.0
2021-04-30,15,0.0
2021-04-30,16,0.0
2021-04-30,17,0.0
2021-04-30,18,0.0
2021-04-30,19,0.0
2021-04-30,20,0.41
2021-04-30,21,0.0
2021-04-30,22,0.0
2021-04-30,23,0.41
2021-04-30,24,0.0
2021-05-01,1,0.0
2021-05-01,2,0.0
2021-05-01,3,3.39
2021-05-01,4,8.81
2021-05-01,5,5.4
2021-05-01,6,8.15
2021-05-01,7,5.94
2021-05-01,8,5.51
2021-05-01,9,5.34
2021-05-01,10,5.87
2021-05-01,11,1.89
2021-05-01,12,2.33
2021-05-01,13,0.0
2021-05-01,14,-0.01
2021-05-01,15,-0.03
2021-05-01,16,0.0
2021-05-01,17,0.0
2021-05-01,18,0.0
2021-05-01,19,0.0
2021-05-01,20,0.0
2021-05-01,21,0.0
2021-05-01,22,0.0
2021-05-01,23,0.0
2021-05-01,24,-0.07
2021-05-02,1,-1.97
2021-05-02,2,-2.46
2021-05-02,3,-3.0
2021-05-02,4,-3.0
2021-05-02,5,-3.0
2021-05-02,6,-2.53
2021-05-02,7,-0.07
2021-05-02,8,0.0
2021-05-02,9,1.83
2021-05-02,10,5.85
2021-05-02,11,5.87
2021-05-02,12,4.11
2021-05-02,13,0.0
2021-05-02,14,0.0
2021-05-02,15,0.0
2021-05-02,16,0.89
2021-05-02,17,0.0
2021-05-02,18,0.0
2021-05-02,19,0.0
2021-05-02,20,0.0
2021-05-02,21,0.0
2021-05-02,22,0.0
2021-05-02,23,-0.02
2021-05-02,24,0.0
2021-05-03,1,-0.03
2021-05-03,2,-0.02
2021-05-03,3,-0.08
2021-05-03,4,0.0
2021-05-03,5,0.0
2021-05-03,6,-0.02
2021-05-03,7,0.0
2021-05-03,8,17.85
2021-05-03,9,9.72
2021-05-03,10,15.63
2021-05-03,11,46.47
2021-05-03,12,35.19
2021-05-03,13,125.28
2021-05-03,14,28.01
2021-05-03,15,21.12
2021-05-03,16,21.09
2021-05-03,17,29.65
2021-05-03,18,33.09
2021-05-03,19,23.1
2021-05-03,20,21.21
2021-05-03,21,8.38
2021-05-03,22,2.97
2021-05-03,23,4.06
2021-05-03,24,11.64
2021-05-04,1,13.34
2021-05-04,2,12.29
2021-05-04,3,12.22
2021-05-04,4,7.65
2021-05-04,5,4.88
2021-05-04,6,6.78
2021-05-04,7,16.54
2021-05-04,8,21.79
2021-05-04,9,22.8
2021-05-04,10,23.17
2021-05-04,11,24.68
2021-05-04,12,25.63
2021-05-04,13,24.89
2021-05-04,14,25.13
2021-05-04,15,23.56
2021-05-04,16,24.02
2021-05-04,17,23.5
2021-05-04,18,13.44
2021-05-04,19,7.27
2021-05-04,20,6.79
2021-05-04,21,25.73
2021-05-04,22,21.38
2021-05-04,23,8.98
2021-05-04,24,1.96
2021-05-05,1,3.76
2021-05-05,2,0.78
2021-05-05,3,11.11
2021-05-05,4,5.98
2021-05-05,5,6.64
2021-05-05,6,4.63
2021-05-05,7,16.25
2021-05-05,8,14.11
2021-05-05,9,13.35
2021-05-05,10,6.18
2021-05-05,11,9.1
2021-05-05,12,21.18
2021-05-05,13,12.72
2021-05-05,14,6.53
2021-05-05,15,12.31
2021-05-05,16,10.34
2021-05-05,17,11.61
2021-05-05,18,14.03
2021-05-05,19,24.99
2021-05-05,20,40.23
2021-05-05,21,22.18
2021-05-05,22,27.86
2021-05-05,23,15.74
2021-05-05,24,14.34
2021-05-06,1,17.18
2021-05-06,2,15.51
2021-05-06,3,13.28
2021-05-06,4,14.2
2021-05-06,5,17.21
2021-05-06,6,14.96
2021-05-06,7,18.89
2021-05-06,8,16.44
2021-05-06,9,14.64
2021-05-06,10,21.83
2021-05-06,11,13.28
2021-05-06,12,14.6
2021-05-06,13,13.25
2021-05-06,14,13.26
2021-05-06,15,12.04
2021-05-06,16,9.85
2021-05-06,17,11.45
2021-05-06,18,10.36
2021-05-06,19,15.39
2021-05-06,20,17.83
2021-05-06,21,18.89
2021-05-06,22,48.2
2021-05-06,23,18.01
2021-05-06,24,10.3
2021-05-07,1,14.39
2021-05-07,2,14.39
2021-05-07,3,16.66
2021-05-07,4,21.86
2021-05-07,5,20.67
2021-05-07,6,24.64
2021-05-07,7,24.82
2021-05-07,8,25.78
2021-05-07,9,24.85
2021-05-07,10,24.46
2021-05-07,11,24.5
2021-05-07,12,22.92
2021-05-07,13,22.28
2021-05-07,14,24.59
2021-05-07,15,22.24
2021-05-07,16,14.94
2021-05-07,17,11.72
2021-05-07,18,13.18
2021-05-07,19,19.5
2021-05-07,20,24.04
2021-05-07,21,30.79
2021-05-07,22,27.55
2021-05-07,23,13.46
2021-05-07,24,6.47
2021-05-08,1,5.39
2021-05-08,2,4.43
2021-05-08,3,4.12
2021-05-08,4,0.0
2021-05-08,5,0.0
2021-05-08,6,1.44
2021-05-08,7,5.94
2021-05-08,8,4.75
2021-05-08,9,5.96
2021-05-08,10,9.7
2021-05-08,11,15.69
2021-05-08,12,30.55
2021-05-08,13,13.12
2021-05-08,14,3.53
2021-05-08,15,5.9
2021-05-08,16,18.21
2021-05-08,17,15.03
2021-05-08,18,10.97
2021-05-08,19,19.33
2021-05-08,20,27.84
2021-05-08,21,22.29
2021-05-08,22,20.65
2021-05-08,23,21.5
2021-05-08,24,8.05
2021-05-09,1,11.31
2021-05-09,2,7.97
2021-05-09,3,6.38
2021-05-09,4,8.24
2021-05-09,5,5.98
2021-05-09,6,6.0
2021-05-09,7,5.95
2021-05-09,8,6.0
2021-05-09,9,11.32
2021-05-09,10,6.15
2021-05-09,11,9.81
2021-05-09,12,13.38
2021-05-09,13,13.8
2021-05-09,14,1.3
2021-05-09,15,6.02
2021-05-09,16,0.0
2021-05-09,17,1.44
2021-05-09,18,8.58
2021-05-09,19,18.73
2021-05-09,20,58.83
2021-05-09,21,95.18
2021-05-09,22,15.89
2021-05-09,23,10.86
2021-05-09,24,5.71
2021-05-10,1,5.94
2021-05-10,2,5.87
2021-05-10,3,11.51
2021-05-10,4,13.98
2021-05-10,5,14.81
2021-05-10,6,14.73
2021-05-10,7,59.65
2021-05-10,8,86.66
2021-05-10,9,14.38
2021-05-10,10,14.36
2021-05-10,11,15.08
2021-05-10,12,26.97
2021-05-10,13,10.38
2021-05-10,14,0.0
2021-05-10,15,0.0
2021-05-10,16,0.0
2021-05-10,17,5.25
2021-05-10,18,11.62
2021-05-10,19,20.06
2021-05-10,20,27.83
2021-05-10,21,23.23
2021-05-10,22,12.24
2021-05-10,23,14.02
2021-05-10,24,14.54
2021-05-11,1,5.34
2021-05-11,2,0.47
2021-05-11,3,4.62
2021-05-11,4,5.94
2021-05-11,5,1.41
2021-05-11,6,6.53
2021-05-11,7,13.31
2021-05-11,8,13.3
2021-05-11,9,8.4
2021-05-11,10,12.28
2021-05-11,11,7.76
2021-05-11,12,7.17
2021-05-11,13,4.89
2021-05-11,14,13.31
2021-05-11,15,15.35
2021-05-11,16,19.61
2021-05-11,17,25.74
2021-05-11,18,20.32
2021-05-11,19,52.29
2021-05-11,20,20.67
2021-05-11,21,19.33
2021-05-11,22,10.06
2021-05-11,23,10.69
2021-05-11,24,11.8
2021-05-12,1,12.27
2021-05-12,2,6.89
2021-05-12,3,6.01
2021-05-12,4,5.82
2021-05-12,5,0.48
2021-05-12,6,2.63
2021-05-12,7,10.13
2021-05-12,8,14.4
2021-05-12,9,8.18
2021-05-12,10,5.36
2021-05-12,11,11.72
2021-05-12,12,11.53
2021-05-12,13,5.1
2021-05-12,14,3.31
2021-05-12,15,0.0
2021-05-12,16,0.54
2021-05-12,17,6.13
2021-05-12,18,11.68
2021-05-12,19,8.43
2021-05-12,20,12.48
2021-05-12,21,14.39
2021-05-12,22,20.77
2021-05-12,23,9.41
2021-05-12,24,11.51
2021-05-13,1,7.51
2021-05-13,2,6.83
2021-05-13,3,6.0
2021-05-13,4,5.83
2021-05-13,5,10.95
2021-05-13,6,12.98
2021-05-13,7,17.97
2021-05-13,8,24.4
2021-05-13,9,14.39
2021-05-13,10,11.99
2021-05-13,11,14.36
2021-05-13,12,14.35
2021-05-13,13,13.1
2021-05-13,14,5.87
2021-05-13,15,7.74
2021-05-13,16,7.27
2021-05-13,17,18.75
2021-05-13,18,14.38
2021-05-13,19,13.77
2021-05-13,20,14.38
2021-05-13,21,13.69
2021-05-13,22,14.42
2021-05-13,23,5.88
2021-05-13,24,4.5
2021-05-14,1,13.34
2021-05-14,2,5.76
2021-05-14,3,5.34
2021-05-14,4,4.32
2021-05-14,5,6.11
2021-05-14,6,9.49
2021-05-14,7,17.13
2021-05-14,8,15.57
2021-05-14,9,37.59
2021-05-14,10,19.09
2021-05-14,11,14.4
2021-05-14,12,15.9
2021-05-14,13,14.38
2021-05-14,14,11.61
2021-05-14,15,8.21
2021-05-14,16,1.73
2021-05-14,17,0.88
2021-05-14,18,10.92
2021-05-14,19,13.24
2021-05-14,20,12.66
2021-05-14,21,4.32
2021-05-14,22,10.28
2021-05-14,23,8.34
2021-05-14,24,8.35
2021-05-15,1,2.38
2021-05-15,2,5.28
2021-05-15,3,0.0
2021-05-15,4,1.84
2021-05-15,5,8.39
2021-05-15,6,13.32
2021-05-15,7,13.26
2021-05-15,8,8.66
2021-05-15,9,12.15
2021-05-15,10,6.07
2021-05-15,11,5.92
2021-05-15,12,6.96
2021-05-15,13,5.82
2021-05-15,14,6.71
2021-05-15,15,5.91
2021-05-15,16,6.76
2021-05-15,17,11.56
2021-05-15,18,8.75
2021-05-15,19,13.64
2021-05-15,20,39.23
2021-05-15,21,84.6
2021-05-15,22,13.66
2021-05-15,23,13.75
2021-05-15,24,13.68
2021-05-16,1,17.01
2021-05-16,2,13.24
2021-05-16,3,11.72
2021-05-16,4,13.22
2021-05-16,5,13.25
2021-05-16,6,13.27
2021-05-16,7,13.25
2021-05-16,8,14.2
2021-05-16,9,18.42
2021-05-16,10,27.68
2021-05-16,11,17.62
2021-05-16,12,20.0
2021-05-16,13,31.46
2021-05-16,14,19.45
2021-05-16,15,19.88
2021-05-16,16,18.28
2021-05-16,17,26.88
2021-05-16,18,31.72
2021-05-16,19,23.82
2021-05-16,20,17.43
2021-05-16,21,33.42
2021-05-16,22,18.4
2021-05-16,23,19.28
2021-05-16,24,19.25
2021-05-17,1,17.69
2021-05-17,2,22.24
2021-05-17,3,13.23
2021-05-17,4,15.43
2021-05-17,5,3.3
2021-05-17,6,13.26
2021-05-17,7,14.96
2021-05-17,8,23.58
2021-05-17,9,17.21
2021-05-17,10,15.11
2021-05-17,11,14.49
2021-05-17,12,17.76
2021-05-17,13,24.66
2021-05-17,14,24.95
2021-05-17,15,24.95
2021-05-17,16,25.67
2021-05-17,17,24.18
2021-05-17,18,21.42
2021-05-17,19,20.99
2021-05-17,20,22.47
2021-05-17,21,17.87
2021-05-17,22,12.84
2021-05-17,23,11.46
2021-05-17,24,13.66
2021-05-18,1,0.0
2021-05-18,2,0.0
2021-05-18,3,0.0
2021-05-18,4,-0.37
2021-05-18,5,-3.94
2021-05-18,6,4.01
2021-05-18,7,9.84
2021-05-18,8,14.36
2021-05-18,9,14.34
2021-05-18,10,14.35
2021-05-18,11,21.75
2021-05-18,12,25.79
2021-05-18,13,22.83
2021-05-18,14,21.58
2021-05-18,15,19.85
2021-05-18,16,20.11
2021-05-18,17,24.3
2021-05-18,18,28.03
2021-05-18,19,22.66
2021-05-18,20,20.08
2021-05-18,21,22.92
2021-05-18,22,20.24
2021-05-18,23,14.29
2021-05-18,24,6.27
2021-05-19,1,0.0
2021-05-19,2,2.56
2021-05-19,3,0.94
2021-05-19,4,0.0
2021-05-19,5,12.59
2021-05-19,6,14.09
2021-05-19,7,19.81
2021-05-19,8,32.83
2021-05-19,9,34.35
2021-05-19,10,26.26
2021-05-19,11,25.48
2021-05-19,12,27.75
2021-05-19,13,25.98
2021-05-19,14,30.75
2021-05-19,15,30.52
2021-05-19,16,36.58
2021-05-19,17,106.39
2021-05-19,18,673.96
2021-05-19,19,31.48
2021-05-19,20,28.75
2021-05-19,21,24.61
2021-05-19,22,17.63
2021-05-19,23,18.31
2021-05-19,24,14.03
2021-05-20,1,15.22
2021-05-20,2,13.36
2021-05-20,3,19.2
2021-05-20,4,45.21
2021-05-20,5,6.51
2021-05-20,6,2.47
2021-05-20,7,5.99
2021-05-20,8,22.59
2021-05-20,9,19.2
2021-05-20,10,23.9
2021-05-20,11,24.83
2021-05-20,12,25.17
2021-05-20,13,26.3
2021-05-20,14,29.0
2021-05-20,15,28.75
2021-05-20,16,29.99
2021-05-20,17,31.3
2021-05-20,18,28.96
2021-05-20,19,28.88
2021-05-20,20,28.8
2021-05-20,21,27.64
2021-05-20,22,25.02
2021-05-20,23,23.73
2021-05-20,24,8.1
2021-05-21,1,9.23
2021-05-21,2,0.22
2021-05-21,3,0.09
2021-05-21,4,0.0
2021-05-21,5,0.0
2021-05-21,6,0.14
2021-05-21,7,1.96
2021-05-21,8,8.54
2021-05-21,9,19.01
2021-05-21,10,24.54
2021-05-21,11,24.69
2021-05-21,12,27.42
2021-05-21,13,28.82
2021-05-21,14,28.84
2021-05-21,15,28.84
2021-05-21,16,28.84
2021-05-21,17,28.65
2021-05-21,18,27.13
2021-05-21,19,28.76
2021-05-21,20,28.27
2021-05-21,21,26.35
2021-05-21,22,25.02
2021-05-21,23,21.28
2021-05-21,24,14.26
2021-05-22,1,2.72
2021-05-22,2,0.0
2021-05-22,3,0.0
2021-05-22,4,0.0
2021-05-22,5,0.0
2021-05-22,6,0.0
2021-05-22,7,0.0
2021-05-22,8,5.94
2021-05-22,9,12.22
2021-05-22,10,18.79
2021-05-22,11,24.79
2021-05-22,12,22.5
2021-05-22,13,24.39
2021-05-22,14,14.34
2021-05-22,15,16.81
2021-05-22,16,20.14
2021-05-22,17,24.4
2021-05-22,18,21.68
2021-05-22,19,24.18
2021-05-22,20,24.25
2021-05-22,21,23.2
2021-05-22,22,10.77
2021-05-22,23,6.63
2021-05-22,24,3.06
2021-05-23,1,0.47
2021-05-23,2,0.0
2021-05-23,3,0.0
2021-05-23,4,0.0
2021-05-23,5,0.0
2021-05-23,6,0.0
2021-05-23,7,0.95
2021-05-23,8,3.04
2021-05-23,9,7.18
2021-05-23,10,4.81
2021-05-23,11,0.0
2021-05-23,12,0.82
2021-05-23,13,4.39
2021-05-23,14,5.87
2021-05-23,15,8.3
2021-05-23,16,5.98
2021-05-23,17,11.39
2021-05-23,18,13.3
2021-05-23,19,6.05
2021-05-23,20,11.12
2021-05-23,21,12.29
2021-05-23,22,9.64
2021-05-23,23,7.71
2021-05-23,24,4.47
2021-05-24,1,2.86
2021-05-24,2,0.0
2021-05-24,3,0.0
2021-05-24,4,0.0
2021-05-24,5,0.0
2021-05-24,6,0.0
2021-05-24,7,0.4
2021-05-24,8,4.27
2021-05-24,9,3.25
2021-05-24,10,10.31
2021-05-24,11,13.68
2021-05-24,12,8.36
2021-05-24,13,7.26
2021-05-24,14,13.17
2021-05-24,15,10.18
2021-05-24,16,14.69
2021-05-24,17,24.18
2021-05-24,18,41.84
2021-05-24,19,16.09
2021-05-24,20,14.37
2021-05-24,21,10.2
2021-05-24,22,3.58
2021-05-24,23,1.49
2021-05-24,24,0.0
2021-05-25,1,-0.01
2021-05-25,2,-1.17
2021-05-25,3,-2.93
2021-05-25,4,-3.0
2021-05-25,5,-0.52
2021-05-25,6,0.0
2021-05-25,7,1.47
2021-05-25,8,10.34
2021-05-25,9,11.82
2021-05-25,10,9.72
2021-05-25,11,4.18
2021-05-25,12,8.75
2021-05-25,13,14.38
2021-05-25,14,21.15
2021-05-25,15,24.3
2021-05-25,16,24.91
2021-05-25,17,37.56
2021-05-25,18,27.62
2021-05-25,19,23.17
2021-05-25,20,23.87
2021-05-25,21,19.03
2021-05-25,22,15.74
2021-05-25,23,5.68
2021-05-25,24,3.2
2021-05-26,1,0.47
2021-05-26,2,0.0
2021-05-26,3,0.0
2021-05-26,4,0.0
2021-05-26,5,0.0
2021-05-26,6,0.0
2021-05-26,7,6.29
2021-05-26,8,16.04
2021-05-26,9,32.36
2021-05-26,10,39.5
2021-05-26,11,22.0
2021-05-26,12,23.53
2021-05-26,13,14.97
2021-05-26,14,17.1
2021-05-26,15,15.31
2021-05-26,16,14.39
2021-05-26,17,12.31
2021-05-26,18,13.07
2021-05-26,19,11.73
2021-05-26,20,8.1
2021-05-26,21,5.89
2021-05-26,22,2.4
2021-05-26,23,0.99
2021-05-26,24,0.0
2021-05-27,1,0.0
2021-05-27,2,0.0
2021-05-27,3,0.0
2021-05-27,4,0.0
2021-05-27,5,4.58
2021-05-27,6,2.95
2021-05-27,7,13.73
2021-05-27,8,20.36
2021-05-27,9,21.63
2021-05-27,10,22.97
2021-05-27,11,13.83
2021-05-27,12,15.51
2021-05-27,13,13.36
2021-05-27,14,9.18
2021-05-27,15,6.88
2021-05-27,16,7.14
2021-05-27,17,1.46
2021-05-27,18,6.61
2021-05-27,19,12.77
2021-05-27,20,61.82
2021-05-27,21,23.56
2021-05-27,22,18.85
2021-05-27,23,9.13
2021-05-27,24,8.93
2021-05-28,1,2.95
2021-05-28,2,0.0
2021-05-28,3,0.0
2021-05-28,4,0.0
2021-05-28,5,0.0
2021-05-28,6,0.0
2021-05-28,7,2.18
2021-05-28,8,0.4
2021-05-28,9,5.7
2021-05-28,10,5.92
2021-05-28,11,5.93
2021-05-28,12,5.88
2021-05-28,13,0.42
2021-05-28,14,0.0
2021-05-28,15,0.0
2021-05-28,16,0.0
2021-05-28,17,0.0
2021-05-28,18,0.0
2021-05-28,19,0.0
2021-05-28,20,0.89
2021-05-28,21,12.35
2021-05-28,22,2.92
2021-05-28,23,0.47
2021-05-28,24,0.0
2021-05-29,1,0.0
2021-05-29,2,0.0
2021-05-29,3,0.0
2021-05-29,4,0.0
2021-05-29,5,0.0
2021-05-29,6,0.0
2021-05-29,7,0.0
2021-05-29,8,0.0
2021-05-29,9,0.0
2021-05-29,10,0.0
2021-05-29,11,0.0
2021-05-29,12,0.0
2021-05-29,13,0.0
2021-05-29,14,0.0
2021-05-29,15,0.0
2021-05-29,16,0.0
2021-05-29,17,2.4
2021-05-29,18,7.87
2021-05-29,19,12.15
2021-05-29,20,14.92
2021-05-29,21,13.35
2021-05-29,22,31.86
2021-05-29,23,18.24
2021-05-29,24,12.83
2021-05-30,1,11.08
2021-05-30,2,12.71
2021-05-30,3,6.1
2021-05-30,4,6.13
2021-05-30,5,11.23
2021-05-30,6,6.63
2021-05-30,7,8.02
2021-05-30,8,6.26
2021-05-30,9,9.41
2021-05-30,10,5.83
2021-05-30,11,8.2
2021-05-30,12,13.34
2021-05-30,13,11.17
2021-05-30,14,10.46
2021-05-30,15,5.67
2021-05-30,16,13.99
2021-05-30,17,18.82
2021-05-30,18,17.09
2021-05-30,19,13.36
2021-05-30,20,13.33
2021-05-30,21,5.78
2021-05-30,22,13.56
2021-05-30,23,20.19
2021-05-30,24,4.26
2021-05-31,1,5.57
2021-05-31,2,12.3
2021-05-31,3,8.02
2021-05-31,4,5.86
2021-05-31,5,1.18
2021-05-31,6,6.66
2021-05-31,7,14.97
2021-05-31,8,13.37
2021-05-31,9,15.18
2021-05-31,10,13.32
2021-05-31,11,10.63
2021-05-31,12,13.33
2021-05-31,13,13.33
2021-05-31,14,13.36
2021-05-31,15,13.33
2021-05-31,16,13.34
2021-05-31,17,17.51
2021-05-31,18,16.71
2021-05-31,19,13.37
2021-05-31,20,13.34
2021-05-31,21,11.5
2021-05-31,22,8.74
2021-05-31,23,2.58
2021-05-31,24,2.15
2021-06-01,1,2.91
2021-06-01,2,5.49
2021-06-01,3,13.32
2021-06-01,4,13.34
2021-06-01,5,9.65
2021-06-01,6,10.89
2021-06-01,7,28.42
2021-06-01,8,31.64
2021-06-01,9,21.25
2021-06-01,10,13.36
2021-06-01,11,23.85
2021-06-01,12,16.06
2021-06-01,13,22.81
2021-06-01,14,17.48
2021-06-01,15,26.79
2021-06-01,16,27.23
2021-06-01,17,32.01
2021-06-01,18,25.78
2021-06-01,19,25.54
2021-06-01,20,25.16
2021-06-01,21,25.63
2021-06-01,22,16.19
2021-06-01,23,14.06
2021-06-01,24,6.91
2021-06-02,1,6.24
2021-06-02,2,20.15
2021-06-02,3,13.37
2021-06-02,4,25.54
2021-06-02,5,14.27
2021-06-02,6,36.89
2021-06-02,7,16.55
2021-06-02,8,39.92
2021-06-02,9,26.16
2021-06-02,10,25.38
2021-06-02,11,24.84
2021-06-02,12,26.04
2021-06-02,13,23.23
2021-06-02,14,26.32
2021-06-02,15,26.41
2021-06-02,16,28.98
2021-06-02,17,32.53
2021-06-02,18,26.68
2021-06-02,19,25.33
2021-06-02,20,26.05
2021-06-02,21,23.48
2021-06-02,22,13.2
2021-06-02,23,9.08
2021-06-02,24,8.28
2021-06-03,1,13.73
2021-06-03,2,14.36
2021-06-03,3,15.0
2021-06-03,4,13.3
2021-06-03,5,16.54
2021-06-03,6,18.59
2021-06-03,7,25.35
2021-06-03,8,33.13
2021-06-03,9,27.95
2021-06-03,10,26.58
2021-06-03,11,27.0
2021-06-03,12,27.03
2021-06-03,13,26.47
2021-06-03,14,27.19
2021-06-03,15,26.18
2021-06-03,16,31.17
2021-06-03,17,33.0
2021-06-03,18,28.04
2021-06-03,19,27.01
2021-06-03,20,33.5
2021-06-03,21,26.87
2021-06-03,22,28.93
2021-06-03,23,24.02
2021-06-03,24,13.91
2021-06-04,1,6.57
2021-06-04,2,0.0
2021-06-04,3,0.0
2021-06-04,4,5.47
2021-06-04,5,14.1
2021-06-04,6,17.02
2021-06-04,7,22.35
2021-06-04,8,24.44
2021-06-04,9,20.2
2021-06-04,10,23.44
2021-06-04,11,26.12
2021-06-04,12,29.34
2021-06-04,13,26.88
2021-06-04,14,28.03
2021-06-04,15,26.58
2021-06-04,16,27.95
2021-06-04,17,25.64
2021-06-04,18,25.73
2021-06-04,19,29.93
2021-06-04,20,25.27
2021-06-04,21,25.29
2021-06-04,22,22.2
2021-06-04,23,9.72
2021-06-04,24,1.61
2021-06-05,1,0.0
2021-06-05,2,0.0
2021-06-05,3,0.0
2021-06-05,4,0.0
2021-06-05,5,0.0
2021-06-05,6,0.0
2021-06-05,7,0.0
2021-06-05,8,4.96
2021-06-05,9,22.69
2021-06-05,10,18.96
2021-06-05,11,26.23
2021-06-05,12,25.39
2021-06-05,13,24.46
2021-06-05,14,25.7
2021-06-05,15,25.76
2021-06-05,16,26.54
2021-06-05,17,24.71
2021-06-05,18,30.66
2021-06-05,19,39.92
2021-06-05,20,26.44
2021-06-05,21,26.12
2021-06-05,22,14.26
2021-06-05,23,5.32
2021-06-05,24,0.41
2021-06-06,1,0.0
2021-06-06,2,0.0
2021-06-06,3,0.0
2021-06-06,4,0.4
2021-06-06,5,1.34
2021-06-06,6,0.0
2021-06-06,7,6.47
2021-06-06,8,18.32
2021-06-06,9,25.92
2021-06-06,10,25.15
2021-06-06,11,28.88
2021-06-06,12,29.63
2021-06-06,13,29.62
2021-06-06,14,29.62
2021-06-06,15,33.6
2021-06-06,16,36.58
2021-06-06,17,31.96
2021-06-06,18,30.92
2021-06-06,19,31.0
2021-06-06,20,34.12
2021-06-06,21,29.88
2021-06-06,22,26.9
2021-06-06,23,22.86
2021-06-06,24,11.89
2021-06-07,1,4.38
2021-06-07,2,0.0
2021-06-07,3,0.0
2021-06-07,4,7.22
2021-06-07,5,7.06
2021-06-07,6,5.51
2021-06-07,7,18.55
2021-06-07,8,27.11
2021-06-07,9,32.32
2021-06-07,10,30.34
2021-06-07,11,31.65
2021-06-07,12,42.19
2021-06-07,13,37.39
2021-06-07,14,61.76
2021-06-07,15,56.32
2021-06-07,16,32.65
2021-06-07,17,31.15
2021-06-07,18,30.84
2021-06-07,19,30.88
2021-06-07,20,33.98
2021-06-07,21,32.3
2021-06-07,22,32.8
2021-06-07,23,30.45
2021-06-07,24,23.68
2021-06-08,1,17.73
2021-06-08,2,15.5
2021-06-08,3,24.18
2021-06-08,4,27.02
2021-06-08,5,18.91
2021-06-08,6,18.07
2021-06-08,7,23.61
2021-06-08,8,27.22
2021-06-08,9,31.84
2021-06-08,10,32.19
2021-06-08,11,37.61
2021-06-08,12,41.17
2021-06-08,13,79.05
2021-06-08,14,58.09
2021-06-08,15,66.26
2021-06-08,16,46.9
2021-06-08,17,32.67
2021-06-08,18,32.81
2021-06-08,19,34.74
2021-06-08,20,41.77
2021-06-08,21,43.45
2021-06-08,22,32.64
2021-06-08,23,30.13
2021-06-08,24,26.68
2021-06-09,1,22.47
2021-06-09,2,24.4
2021-06-09,3,17.09
2021-06-09,4,23.82
2021-06-09,5,23.11
2021-06-09,6,26.15
2021-06-09,7,28.75
2021-06-09,8,30.52
2021-06-09,9,32.43
2021-06-09,10,54.66
2021-06-09,11,99.22
2021-06-09,12,104.21
2021-06-09,13,55.36
2021-06-09,14,34.74
2021-06-09,15,34.05
2021-06-09,16,44.72
2021-06-09,17,86.26
2021-06-09,18,86.71
2021-06-09,19,92.05
2021-06-09,20,84.82
2021-06-09,21,36.67
2021-06-09,22,34.13
2021-06-09,23,29.18
2021-06-09,24,26.49
2021-06-10,1,27.36
2021-06-10,2,24.83
2021-06-10,3,13.35
2021-06-10,4,11.88
2021-06-10,5,10.83
2021-06-10,6,5.44
2021-06-10,7,16.19
2021-06-10,8,13.35
2021-06-10,9,16.09
2021-06-10,10,29.25
2021-06-10,11,28.74
2021-06-10,12,29.39
2021-06-10,13,27.41
2021-06-10,14,29.7
2021-06-10,15,27.42
2021-06-10,16,31.51
2021-06-10,17,75.45
2021-06-10,18,58.24
2021-06-10,19,29.34
2021-06-10,20,27.41
2021-06-10,21,27.23
2021-06-10,22,23.36
2021-06-10,23,16.47
2021-06-10,24,18.06
2021-06-11,1,6.35
2021-06-11,2,14.34
2021-06-11,3,0.0
2021-06-11,4,2.38
2021-06-11,5,14.35
2021-06-11,6,18.97
2021-06-11,7,22.89
2021-06-11,8,26.11
2021-06-11,9,28.59
2021-06-11,10,31.29
2021-06-11,11,30.72
2021-06-11,12,30.88
2021-06-11,13,30.88
2021-06-11,14,30.11
2021-06-11,15,30.58
2021-06-11,16,29.3
2021-06-11,17,29.11
2021-06-11,18,31.57
2021-06-11,19,30.12
2021-06-11,20,30.9
2021-06-11,21,28.62
2021-06-11,22,28.14
2021-06-11,23,31.56
2021-06-11,24,21.74
2021-06-12,1,14.91
2021-06-12,2,19.57
2021-06-12,3,34.03
2021-06-12,4,27.25
2021-06-12,5,18.22
2021-06-12,6,20.95
2021-06-12,7,31.54
2021-06-12,8,28.35
2021-06-12,9,16.66
2021-06-12,10,22.82
2021-06-12,11,24.17
2021-06-12,12,26.97
2021-06-12,13,27.94
2021-06-12,14,28.06
2021-06-12,15,29.48
2021-06-12,16,29.7
2021-06-12,17,30.98
2021-06-12,18,31.16
2021-06-12,19,32.11
2021-06-12,20,31.75
2021-06-12,21,30.95
2021-06-12,22,31.06
2021-06-12,23,28.24
2021-06-12,24,25.63
2021-06-13,1,15.21
2021-06-13,2,13.28
2021-06-13,3,32.98
2021-06-13,4,2.02
2021-06-13,5,5.59
2021-06-13,6,14.34
2021-06-13,7,12.74
2021-06-13,8,11.49
2021-06-13,9,13.33
2021-06-13,10,27.69
2021-06-13,11,31.34
2021-06-13,12,31.77
2021-06-13,13,31.63
2021-06-13,14,30.99
2021-06-13,15,31.09
2021-06-13,16,31.34
2021-06-13,17,30.62
2021-06-13,18,31.47
2021-06-13,19,31.05
2021-06-13,20,30.78
2021-06-13,21,30.79
2021-06-13,22,30.18
2021-06-13,23,30.66
2021-06-13,24,36.36
2021-06-14,1,16.54
2021-06-14,2,5.39
2021-06-14,3,0.0
2021-06-14,4,6.53
2021-06-14,5,0.54
2021-06-14,6,0.0
2021-06-14,7,3.19
2021-06-14,8,16.86
2021-06-14,9,27.18
2021-06-14,10,27.8
2021-06-14,11,27.84
2021-06-14,12,28.1
2021-06-14,13,31.63
2021-06-14,14,30.64
2021-06-14,15,28.47
2021-06-14,16,28.02
2021-06-14,17,27.45
2021-06-14,18,27.78
2021-06-14,19,27.93
2021-06-14,20,27.89
2021-06-14,21,27.92
2021-06-14,22,23.76
2021-06-14,23,12.16
2021-06-14,24,4.91
2021-06-15,1,13.72
2021-06-15,2,11.81
2021-06-15,3,0.0
2021-06-15,4,0.0
2021-06-15,5,11.92
2021-06-15,6,5.4
2021-06-15,7,20.06
2021-06-15,8,21.65
2021-06-15,9,14.49
2021-06-15,10,14.39
2021-06-15,11,6.78
2021-06-15,12,0.0
2021-06-15,13,9.01
2021-06-15,14,0.0
2021-06-15,15,6.25
2021-06-15,16,0.0
2021-06-15,17,10.82
2021-06-15,18,5.91
2021-06-15,19,6.78
2021-06-15,20,14.39
2021-06-15,21,16.23
2021-06-15,22,20.78
2021-06-15,23,13.5
2021-06-15,24,5.88
2021-06-16,1,0.0
2021-06-16,2,0.0
2021-06-16,3,0.0
2021-06-16,4,0.0
2021-06-16,5,-0.76
2021-06-16,6,6.26
2021-06-16,7,29.44
2021-06-16,8,27.33
2021-06-16,9,20.06
2021-06-16,10,22.81
2021-06-16,11,26.24
2021-06-16,12,21.49
2021-06-16,13,11.32
2021-06-16,14,1.1
2021-06-16,15,14.37
2021-06-16,16,16.05
2021-06-16,17,27.64
2021-06-16,18,24.74
2021-06-16,19,25.02
2021-06-16,20,14.39
2021-06-16,21,30.43
2021-06-16,22,25.69
2021-06-16,23,23.61
2021-06-16,24,14.64
2021-06-17,1,15.9
2021-06-17,2,13.77
2021-06-17,3,7.11
2021-06-17,4,12.42
2021-06-17,5,14.48
2021-06-17,6,24.36
2021-06-17,7,19.62
2021-06-17,8,21.55
2021-06-17,9,27.67
2021-06-17,10,28.41
2021-06-17,11,28.84
2021-06-17,12,28.06
2021-06-17,13,18.64
2021-06-17,14,24.96
2021-06-17,15,27.1
2021-06-17,16,26.6
2021-06-17,17,28.9
2021-06-17,18,28.39
2021-06-17,19,28.33
2021-06-17,20,31.02
2021-06-17,21,24.25
2021-06-17,22,6.87
2021-06-17,23,0.0
2021-06-17,24,0.0
2021-06-18,1,0.0
2021-06-18,2,0.0
2021-06-18,3,0.0
2021-06-18,4,0.0
2021-06-18,5,0.0
2021-06-18,6,0.0
2021-06-18,7,1.81
2021-06-18,8,19.67
2021-06-18,9,15.85
2021-06-18,10,28.23
2021-06-18,11,23.31
2021-06-18,12,11.51
2021-06-18,13,9.38
2021-06-18,14,13.06
2021-06-18,15,14.4
2021-06-18,16,9.06
2021-06-18,17,7.99
2021-06-18,18,11.27
2021-06-18,19,27.75
2021-06-18,20,32.12
2021-06-18,21,29.34
2021-06-18,22,21.83
2021-06-18,23,13.21
2021-06-18,24,9.66
2021-06-19,1,4.62
2021-06-19,2,17.5
2021-06-19,3,22.03
2021-06-19,4,14.39
2021-06-19,5,0.0
2021-06-19,6,0.0
2021-06-19,7,5.91
2021-06-19,8,25.04
2021-06-19,9,52.16
2021-06-19,10,27.1
2021-06-19,11,14.39
2021-06-19,12,17.33
2021-06-19,13,26.09
2021-06-19,14,28.71
2021-06-19,15,28.97
2021-06-19,16,28.92
2021-06-19,17,29.13
2021-06-19,18,29.71
2021-06-19,19,31.55
2021-06-19,20,31.65
2021-06-19,21,30.96
2021-06-19,22,23.63
2021-06-19,23,17.51
2021-06-19,24,14.36
2021-06-20,1,18.0
2021-06-20,2,26.05
2021-06-20,3,14.36
2021-06-20,4,14.38
2021-06-20,5,8.28
2021-06-20,6,13.7
2021-06-20,7,12.4
2021-06-20,8,20.46
2021-06-20,9,27.15
2021-06-20,10,18.81
2021-06-20,11,28.58
2021-06-20,12,28.25
2021-06-20,13,29.59
2021-06-20,14,29.87
2021-06-20,15,30.97
2021-06-20,16,31.45
2021-06-20,17,32.8
2021-06-20,18,32.19
2021-06-20,19,32.01
2021-06-20,20,33.02
2021-06-20,21,31.81
2021-06-20,22,30.1
2021-06-20,23,45.42
2021-06-20,24,46.81
2021-06-21,1,22.76
2021-06-21,2,7.31
2021-06-21,3,4.42
2021-06-21,4,0.0
2021-06-21,5,0.0
2021-06-21,6,0.0
2021-06-21,7,13.41
2021-06-21,8,25.87
2021-06-21,9,19.8
2021-06-21,10,23.33
2021-06-21,11,28.69
2021-06-21,12,56.35
2021-06-21,13,28.37
2021-06-21,14,22.8
2021-06-21,15,25.74
2021-06-21,16,28.37
2021-06-21,17,14.39
2021-06-21,18,14.36
2021-06-21,19,8.8
2021-06-21,20,14.21
2021-06-21,21,12.3
2021-06-21,22,10.97
2021-06-21,23,0.5
2021-06-21,24,0.0
2021-06-22,1,0.0
2021-06-22,2,0.4
2021-06-22,3,3.25
2021-06-22,4,4.37
2021-06-22,5,2.68
2021-06-22,6,11.66
2021-06-22,7,22.34
2021-06-22,8,14.39
2021-06-22,9,24.63
2021-06-22,10,27.52
2021-06-22,11,27.54
2021-06-22,12,20.6
2021-06-22,13,26.17
2021-06-22,14,19.26
2021-06-22,15,14.38
2021-06-22,16,14.37
2021-06-22,17,13.77
2021-06-22,18,21.53
2021-06-22,19,19.19
2021-06-22,20,26.97
2021-06-22,21,26.24
2021-06-22,22,16.11
2021-06-22,23,10.26
2021-06-22,24,5.86
2021-06-23,1,3.61
2021-06-23,2,0.0
2021-06-23,3,0.0
2021-06-23,4,1.19
2021-06-23,5,13.68
2021-06-23,6,22.82
2021-06-23,7,12.26
2021-06-23,8,19.13
2021-06-23,9,32.12
2021-06-23,10,23.75
2021-06-23,11,30.17
2021-06-23,12,14.38
2021-06-23,13,10.37
2021-06-23,14,6.1
2021-06-23,15,1.21
2021-06-23,16,6.54
2021-06-23,17,13.1
2021-06-23,18,16.03
2021-06-23,19,14.37
2021-06-23,20,14.92
2021-06-23,21,19.64
2021-06-23,22,20.43
2021-06-23,23,4.08
2021-06-23,24,0.0
2021-06-24,1,0.0
2021-06-24,2,0.0
2021-06-24,3,0.0
2021-06-24,4,0.0
2021-06-24,5,0.0
2021-06-24,6,0.0
2021-06-24,7,0.47
2021-06-24,8,5.9
2021-06-24,9,0.0
2021-06-24,10,0.0
2021-06-24,11,1.41
2021-06-24,12,10.25
2021-06-24,13,14.38
2021-06-24,14,18.34
2021-06-24,15,113.9
2021-06-24,16,30.32
2021-06-24,17,25.26
2021-06-24,18,28.95
2021-06-24,19,25.39
2021-06-24,20,36.33
2021-06-24,21,55.19
2021-06-24,22,26.69
2021-06-24,23,13.17
2021-06-24,24,0.61
2021-06-25,1,0.0
2021-06-25,2,0.0
2021-06-25,3,0.0
2021-06-25,4,11.75
2021-06-25,5,10.52
2021-06-25,6,3.39
2021-06-25,7,1.66
2021-06-25,8,13.0
2021-06-25,9,13.25
2021-06-25,10,29.77
2021-06-25,11,33.39
2021-06-25,12,35.42
2021-06-25,13,27.83
2021-06-25,14,13.26
2021-06-25,15,10.81
2021-06-25,16,13.26
2021-06-25,17,21.72
2021-06-25,18,12.62
2021-06-25,19,13.28
2021-06-25,20,24.17
2021-06-25,21,26.18
2021-06-25,22,11.69
2021-06-25,23,7.23
2021-06-25,24,0.0
2021-06-26,1,0.0
2021-06-26,2,0.5
2021-06-26,3,8.07
2021-06-26,4,15.36
2021-06-26,5,27.97
2021-06-26,6,13.24
2021-06-26,7,17.93
2021-06-26,8,19.38
2021-06-26,9,20.48
2021-06-26,10,16.09
2021-06-26,11,13.26
2021-06-26,12,14.4
2021-06-26,13,15.56
2021-06-26,14,24.07
2021-06-26,15,29.14
2021-06-26,16,24.83
2021-06-26,17,24.02
2021-06-26,18,13.26
2021-06-26,19,15.72
2021-06-26,20,21.05
2021-06-26,21,29.1
2021-06-26,22,17.17
2021-06-26,23,6.62
2021-06-26,24,0.41
2021-06-27,1,0.0
2021-06-27,2,0.0
2021-06-27,3,0.0
2021-06-27,4,0.0
2021-06-27,5,0.0
2021-06-27,6,0.0
2021-06-27,7,1.7
2021-06-27,8,11.26
2021-06-27,9,24.05
2021-06-27,10,17.63
2021-06-27,11,13.75
2021-06-27,12,30.65
2021-06-27,13,32.4
2021-06-27,14,33.66
2021-06-27,15,33.62
2021-06-27,16,33.44
2021-06-27,17,33.7
2021-06-27,18,33.17
2021-06-27,19,34.14
2021-06-27,20,34.36
2021-06-27,21,37.21
2021-06-27,22,35.26
2021-06-27,23,33.03
2021-06-27,24,30.93
2021-06-28,1,35.94
2021-06-28,2,35.54
2021-06-28,3,29.19
2021-06-28,4,18.49
2021-06-28,5,1.78
2021-06-28,6,29.92
2021-06-28,7,37.1
2021-06-28,8,76.97
2021-06-28,9,84.68
2021-06-28,10,130.14
2021-06-28,11,201.15
2021-06-28,12,155.65
2021-06-28,13,100.67
2021-06-28,14,109.86
2021-06-28,15,72.34
2021-06-28,16,148.15
2021-06-28,17,188.98
2021-06-28,18,232.79
2021-06-28,19,140.19
2021-06-28,20,56.51
2021-06-28,21,96.42
2021-06-28,22,85.1
2021-06-28,23,72.78
2021-06-28,24,31.98
2021-06-29,1,35.57
2021-06-29,2,32.36
2021-06-29,3,30.52
2021-06-29,4,29.83
2021-06-29,5,27.9
2021-06-29,6,29.79
2021-06-29,7,31.22
2021-06-29,8,35.65
2021-06-29,9,38.62
2021-06-29,10,70.31
2021-06-29,11,64.51
2021-06-29,12,67.11
2021-06-29,13,39.27
2021-06-29,14,39.11
2021-06-29,15,38.93
2021-06-29,16,37.24
2021-06-29,17,40.4
2021-06-29,18,39.39
2021-06-29,19,36.03
2021-06-29,20,38.83
2021-06-29,21,35.9
2021-06-29,22,37.2
2021-06-29,23,32.37
2021-06-29,24,24.31
2021-06-30,1,33.68
2021-06-30,2,24.68
2021-06-30,3,28.62
2021-06-30,4,28.27
2021-06-30,5,16.58
2021-06-30,6,20.33
2021-06-30,7,29.61
2021-06-30,8,35.82
2021-06-30,9,37.58
2021-06-30,10,38.99
2021-06-30,11,39.74
2021-06-30,12,40.95
2021-06-30,13,40.47
2021-06-30,14,41.13
2021-06-30,15,43.25
2021-06-30,16,39.29
2021-06-30,17,37.58
2021-06-30,18,35.55
2021-06-30,19,37.3
2021-06-30,20,33.2
2021-06-30,21,37.73
2021-06-30,22,36.85
2021-06-30,23,38.18
2021-06-30,24,32.74
2021-07-01,1,36.8
2021-07-01,2,40.74
2021-07-01,3,22.1
2021-07-01,4,28.7
2021-07-01,5,26.58
2021-07-01,6,26.02
2021-07-01,7,24.28
2021-07-01,8,29.91
2021-07-01,9,32.44
2021-07-01,10,35.64
2021-07-01,11,37.39
2021-07-01,12,35.98
2021-07-01,13,37.23
2021-07-01,14,34.26
2021-07-01,15,29.0
2021-07-01,16,30.61
2021-07-01,17,13.35
2021-07-01,18,12.11
2021-07-01,19,10.02
2021-07-01,20,13.34
2021-07-01,21,24.74
2021-07-01,22,17.24
2021-07-01,23,15.93
2021-07-01,24,9.12
2021-07-02,1,10.92
2021-07-02,2,6.69
2021-07-02,3,5.26
2021-07-02,4,5.6
2021-07-02,5,5.76
2021-07-02,6,2.42
2021-07-02,7,5.69
2021-07-02,8,6.71
2021-07-02,9,5.77
2021-07-02,10,11.88
2021-07-02,11,13.66
2021-07-02,12,6.96
2021-07-02,13,18.19
2021-07-02,14,8.57
2021-07-02,15,5.32
2021-07-02,16,3.74
2021-07-02,17,5.06
2021-07-02,18,9.1
2021-07-02,19,13.32
2021-07-02,20,13.33
2021-07-02,21,13.37
2021-07-02,22,19.24
2021-07-02,23,11.0
2021-07-02,24,10.93
2021-07-03,1,5.84
2021-07-03,2,5.82
2021-07-03,3,5.38
2021-07-03,4,1.45
2021-07-03,5,5.93
2021-07-03,6,10.44
2021-07-03,7,7.91
2021-07-03,8,13.01
2021-07-03,9,14.36
2021-07-03,10,7.08
2021-07-03,11,28.53
2021-07-03,12,16.63
2021-07-03,13,28.78
2021-07-03,14,14.38
2021-07-03,15,14.37
2021-07-03,16,8.83
2021-07-03,17,15.77
2021-07-03,18,21.36
2021-07-03,19,25.6
2021-07-03,20,25.73
2021-07-03,21,26.37
2021-07-03,22,12.12
2021-07-03,23,20.08
2021-07-03,24,19.15
2021-07-04,1,21.91
2021-07-04,2,14.35
2021-07-04,3,16.67
2021-07-04,4,14.34
2021-07-04,5,10.17
2021-07-04,6,13.75
2021-07-04,7,16.36
2021-07-04,8,30.28
2021-07-04,9,30.09
2021-07-04,10,32.2
2021-07-04,11,26.19
2021-07-04,12,20.07
2021-07-04,13,13.35
2021-07-04,14,16.09
2021-07-04,15,28.9
2021-07-04,16,32.37
2021-07-04,17,37.01
2021-07-04,18,35.99
2021-07-04,19,36.44
2021-07-04,20,37.23
2021-07-04,21,32.67
2021-07-04,22,23.31
2021-07-04,23,12.42
2021-07-04,24,2.67
2021-07-05,1,0.0
2021-07-05,2,2.65
2021-07-05,3,7.4
2021-07-05,4,15.52
2021-07-05,5,14.51
2021-07-05,6,6.7
2021-07-05,7,5.06
2021-07-05,8,19.01
2021-07-05,9,18.51
2021-07-05,10,30.69
2021-07-05,11,31.73
2021-07-05,12,31.1
2021-07-05,13,30.98
2021-07-05,14,27.93
2021-07-05,15,24.94
2021-07-05,16,28.59
2021-07-05,17,28.78
2021-07-05,18,31.07
2021-07-05,19,32.51
2021-07-05,20,31.05
2021-07-05,21,30.23
2021-07-05,22,29.54
2021-07-05,23,25.04
2021-07-05,24,30.23
2021-07-06,1,21.19
2021-07-06,2,12.18
2021-07-06,3,14.39
2021-07-06,4,18.71
2021-07-06,5,17.53
2021-07-06,6,29.71
2021-07-06,7,30.01
2021-07-06,8,34.29
2021-07-06,9,32.48
2021-07-06,10,32.75
2021-07-06,11,34.47
2021-07-06,12,37.35
2021-07-06,13,39.69
2021-07-06,14,36.96
2021-07-06,15,36.6
2021-07-06,16,38.14
2021-07-06,17,32.39
2021-07-06,18,38.08
2021-07-06,19,41.78
2021-07-06,20,50.32
2021-07-06,21,34.43
2021-07-06,22,34.52
2021-07-06,23,32.68
2021-07-06,24,27.19
2021-07-07,1,30.93
2021-07-07,2,31.05
2021-07-07,3,32.13
2021-07-07,4,16.9
2021-07-07,5,18.53
2021-07-07,6,22.44
2021-07-07,7,31.78
2021-07-07,8,31.48
2021-07-07,9,41.13
2021-07-07,10,31.81
2021-07-07,11,31.74
2021-07-07,12,31.81
2021-07-07,13,31.99
2021-07-07,14,34.08
2021-07-07,15,33.13
2021-07-07,16,31.78
2021-07-07,17,31.53
2021-07-07,18,31.72
2021-07-07,19,31.69
2021-07-07,20,33.77
2021-07-07,21,34.33
2021-07-07,22,30.65
2021-07-07,23,13.2
2021-07-07,24,12.3
2021-07-08,1,10.26
2021-07-08,2,27.31
2021-07-08,3,21.5
2021-07-08,4,20.25
2021-07-08,5,14.33
2021-07-08,6,13.76
2021-07-08,7,23.43
2021-07-08,8,26.69
2021-07-08,9,31.12
2021-07-08,10,31.38
2021-07-08,11,31.88
2021-07-08,12,33.29
2021-07-08,13,36.98
2021-07-08,14,38.9
2021-07-08,15,31.63
2021-07-08,16,30.18
2021-07-08,17,29.6
2021-07-08,18,32.33
2021-07-08,19,34.23
2021-07-08,20,31.58
2021-07-08,21,31.22
2021-07-08,22,31.17
2021-07-08,23,25.62
2021-07-08,24,28.26
2021-07-09,1,26.09
2021-07-09,2,23.08
2021-07-09,3,16.72
2021-07-09,4,14.37
2021-07-09,5,14.35
2021-07-09,6,13.64
2021-07-09,7,19.54
2021-07-09,8,12.8
2021-07-09,9,13.37
2021-07-09,10,31.58
2021-07-09,11,31.84
2021-07-09,12,28.02
2021-07-09,13,14.36
2021-07-09,14,14.38
2021-07-09,15,14.38
2021-07-09,16,14.35
2021-07-09,17,19.04
2021-07-09,18,13.37
2021-07-09,19,22.81
2021-07-09,20,20.77
2021-07-09,21,29.39
2021-07-09,22,26.45
2021-07-09,23,17.43
2021-07-09,24,10.28
2021-07-10,1,19.0
2021-07-10,2,14.38
2021-07-10,3,14.35
2021-07-10,4,14.34
2021-07-10,5,14.34
2021-07-10,6,14.35
2021-07-10,7,18.14
2021-07-10,8,15.91
2021-07-10,9,15.48
2021-07-10,10,27.29
2021-07-10,11,19.87
2021-07-10,12,14.34
2021-07-10,13,14.37
2021-07-10,14,14.37
2021-07-10,15,32.83
2021-07-10,16,30.51
2021-07-10,17,33.63
2021-07-10,18,53.06
2021-07-10,19,38.66
2021-07-10,20,27.09
2021-07-10,21,22.96
2021-07-10,22,25.52
2021-07-10,23,20.34
2021-07-10,24,17.63
2021-07-11,1,16.77
2021-07-11,2,19.34
2021-07-11,3,26.26
2021-07-11,4,14.38
2021-07-11,5,14.36
2021-07-11,6,11.33
2021-07-11,7,8.19
2021-07-11,8,23.14
2021-07-11,9,30.47
2021-07-11,10,14.86
2021-07-11,11,14.33
2021-07-11,12,14.35
2021-07-11,13,14.37
2021-07-11,14,20.17
2021-07-11,15,17.18
2021-07-11,16,18.02
2021-07-11,17,14.34
2021-07-11,18,14.35
2021-07-11,19,14.34
2021-07-11,20,23.05
2021-07-11,21,31.53
2021-07-11,22,17.21
2021-07-11,23,26.22
2021-07-11,24,19.72
2021-07-12,1,24.66
2021-07-12,2,22.98
2021-07-12,3,14.34
2021-07-12,4,14.38
2021-07-12,5,14.35
2021-07-12,6,13.85
2021-07-12,7,23.69
2021-07-12,8,30.03
2021-07-12,9,34.49
2021-07-12,10,35.08
2021-07-12,11,35.54
2021-07-12,12,35.6
2021-07-12,13,35.6
2021-07-12,14,35.97
2021-07-12,15,36.52
2021-07-12,16,38.51
2021-07-12,17,47.65
2021-07-12,18,35.83
2021-07-12,19,35.42
2021-07-12,20,35.74
2021-07-12,21,37.99
2021-07-12,22,36.75
2021-07-12,23,35.94
2021-07-12,24,28.37
2021-07-13,1,40.03
2021-07-13,2,35.34
2021-07-13,3,24.05
2021-07-13,4,31.91
2021-07-13,5,17.08
2021-07-13,6,14.19
2021-07-13,7,30.76
2021-07-13,8,33.21
2021-07-13,9,34.01
2021-07-13,10,34.83
2021-07-13,11,36.28
2021-07-13,12,35.24
2021-07-13,13,35.02
2021-07-13,14,35.39
2021-07-13,15,34.27
2021-07-13,16,37.05
2021-07-13,17,38.08
2021-07-13,18,36.46
2021-07-13,19,37.52
2021-07-13,20,37.82
2021-07-13,21,37.47
2021-07-13,22,35.83
2021-07-13,23,33.18
2021-07-13,24,23.28
2021-07-14,1,41.42
2021-07-14,2,40.89
2021-07-14,3,24.44
2021-07-14,4,21.24
2021-07-14,5,14.36
2021-07-14,6,21.92
2021-07-14,7,35.06
2021-07-14,8,35.67
2021-07-14,9,36.27
2021-07-14,10,35.96
2021-07-14,11,36.43
2021-07-14,12,36.99
2021-07-14,13,37.21
2021-07-14,14,37.81
2021-07-14,15,37.86
2021-07-14,16,37.54
2021-07-14,17,41.03
2021-07-14,18,141.68
2021-07-14,19,168.9
2021-07-14,20,39.51
2021-07-14,21,36.23
2021-07-14,22,35.9
2021-07-14,23,35.47
2021-07-14,24,26.49
2021-07-15,1,10.09
2021-07-15,2,7.52
2021-07-15,3,14.45
2021-07-15,4,16.55
2021-07-15,5,14.34
2021-07-15,6,8.24
2021-07-15,7,20.29
2021-07-15,8,32.16
2021-07-15,9,32.13
2021-07-15,10,31.7
2021-07-15,11,33.82
2021-07-15,12,34.28
2021-07-15,13,33.52
2021-07-15,14,34.39
2021-07-15,15,35.9
2021-07-15,16,37.73
2021-07-15,17,37.25
2021-07-15,18,36.31
2021-07-15,19,34.49
2021-07-15,20,32.88
2021-07-15,21,34.71
2021-07-15,22,34.75
2021-07-15,23,33.81
2021-07-15,24,32.02
2021-07-16,1,28.49
2021-07-16,2,32.81
2021-07-16,3,30.71
2021-07-16,4,32.58
2021-07-16,5,14.37
2021-07-16,6,5.28
2021-07-16,7,26.4
2021-07-16,8,34.48
2021-07-16,9,36.52
2021-07-16,10,37.09
2021-07-16,11,36.74
2021-07-16,12,36.52
2021-07-16,13,35.37
2021-07-16,14,36.58
2021-07-16,15,37.07
2021-07-16,16,37.8
2021-07-16,17,37.11
2021-07-16,18,36.51
2021-07-16,19,35.28
2021-07-16,20,38.74
2021-07-16,21,33.49
2021-07-16,22,30.05
2021-07-16,23,19.63
2021-07-16,24,24.12
2021-07-17,1,14.38
2021-07-17,2,25.15
2021-07-17,3,18.71
2021-07-17,4,20.87
2021-07-17,5,14.35
2021-07-17,6,14.34
2021-07-17,7,10.85
2021-07-17,8,17.36
2021-07-17,9,39.95
2021-07-17,10,38.85
2021-07-17,11,32.7
2021-07-17,12,11.85
2021-07-17,13,13.84
2021-07-17,14,16.31
2021-07-17,15,15.8
2021-07-17,16,28.14
2021-07-17,17,34.59
2021-07-17,18,41.68
2021-07-17,19,37.37
2021-07-17,20,42.46
2021-07-17,21,42.31
2021-07-17,22,35.74
2021-07-17,23,17.54
2021-07-17,24,22.32
2021-07-18,1,15.96
2021-07-18,2,16.49
2021-07-18,3,12.55
2021-07-18,4,3.43
2021-07-18,5,1.03
2021-07-18,6,0.49
2021-07-18,7,-2.38
2021-07-18,8,5.29
2021-07-18,9,23.5
2021-07-18,10,30.09
2021-07-18,11,21.36
2021-07-18,12,32.28
2021-07-18,13,33.13
2021-07-18,14,34.93
2021-07-18,15,34.33
2021-07-18,16,36.63
2021-07-18,17,40.47
2021-07-18,18,36.69
2021-07-18,19,36.45
2021-07-18,20,36.99
2021-07-18,21,52.07
2021-07-18,22,37.29
2021-07-18,23,25.62
2021-07-18,24,16.89
2021-07-19,1,30.95
2021-07-19,2,23.37
2021-07-19,3,22.12
2021-07-19,4,14.37
2021-07-19,5,24.84
2021-07-19,6,25.33
2021-07-19,7,34.21
2021-07-19,8,33.45
2021-07-19,9,33.0
2021-07-19,10,34.72
2021-07-19,11,35.95
2021-07-19,12,36.79
2021-07-19,13,38.05
2021-07-19,14,38.83
2021-07-19,15,39.0
2021-07-19,16,37.73
2021-07-19,17,34.24
2021-07-19,18,33.19
2021-07-19,19,32.92
2021-07-19,20,34.19
2021-07-19,21,35.65
2021-07-19,22,35.42
2021-07-19,23,36.64
2021-07-19,24,32.25
2021-07-20,1,29.54
2021-07-20,2,21.13
2021-07-20,3,14.36
2021-07-20,4,17.21
2021-07-20,5,14.36
2021-07-20,6,31.84
2021-07-20,7,33.37
2021-07-20,8,36.51
2021-07-20,9,36.91
2021-07-20,10,37.92
2021-07-20,11,37.94
2021-07-20,12,38.79
2021-07-20,13,38.55
2021-07-20,14,39.08
2021-07-20,15,39.9
2021-07-20,16,39.05
2021-07-20,17,38.91
2021-07-20,18,37.61
2021-07-20,19,36.35
2021-07-20,20,37.51
2021-07-20,21,32.73
2021-07-20,22,24.41
2021-07-20,23,19.62
2021-07-20,24,9.95
2021-07-21,1,0.5
2021-07-21,2,0.54
2021-07-21,3,0.0
2021-07-21,4,8.86
2021-07-21,5,4.45
2021-07-21,6,5.53
2021-07-21,7,10.62
2021-07-21,8,24.04
2021-07-21,9,22.33
2021-07-21,10,14.4
2021-07-21,11,14.4
2021-07-21,12,34.9
2021-07-21,13,35.16
2021-07-21,14,32.79
2021-07-21,15,30.85
2021-07-21,16,34.95
2021-07-21,17,35.13
2021-07-21,18,36.3
2021-07-21,19,37.85
2021-07-21,20,37.25
2021-07-21,21,36.13
2021-07-21,22,28.94
2021-07-21,23,8.99
2021-07-21,24,3.14
2021-07-22,1,4.39
2021-07-22,2,17.65
2021-07-22,3,15.43
2021-07-22,4,15.43
2021-07-22,5,22.46
2021-07-22,6,26.0
2021-07-22,7,27.14
2021-07-22,8,27.78
2021-07-22,9,35.1
2021-07-22,10,31.55
2021-07-22,11,35.11
2021-07-22,12,35.15
2021-07-22,13,35.28
2021-07-22,14,36.54
2021-07-22,15,36.82
2021-07-22,16,38.52
2021-07-22,17,38.74
2021-07-22,18,38.71
2021-07-22,19,38.55
2021-07-22,20,38.17
2021-07-22,21,36.86
2021-07-22,22,34.62
2021-07-22,23,23.46
2021-07-22,24,16.19
2021-07-23,1,13.7
2021-07-23,2,19.35
2021-07-23,3,29.75
2021-07-23,4,33.48
2021-07-23,5,33.26
2021-07-23,6,26.82
2021-07-23,7,31.73
2021-07-23,8,17.48
2021-07-23,9,34.51
2021-07-23,10,34.94
2021-07-23,11,35.21
2021-07-23,12,36.29
2021-07-23,13,36.5
2021-07-23,14,37.55
2021-07-23,15,37.75
2021-07-23,16,38.51
2021-07-23,17,44.55
2021-07-23,18,39.74
2021-07-23,19,39.28
2021-07-23,20,37.93
2021-07-23,21,37.84
2021-07-23,22,36.32
2021-07-23,23,26.13
2021-07-23,24,11.27
2021-07-24,1,3.44
2021-07-24,2,3.0
2021-07-24,3,5.85
2021-07-24,4,0.0
2021-07-24,5,0.0
2021-07-24,6,0.0
2021-07-24,7,0.49
2021-07-24,8,6.46
2021-07-24,9,8.66
2021-07-24,10,12.66
2021-07-24,11,33.72
2021-07-24,12,20.25
2021-07-24,13,14.38
2021-07-24,14,12.29
2021-07-24,15,10.92
2021-07-24,16,5.73
2021-07-24,17,3.04
2021-07-24,18,5.92
2021-07-24,19,10.89
2021-07-24,20,9.61
2021-07-24,21,52.9
2021-07-24,22,58.25
2021-07-24,23,47.05
2021-07-24,24,36.71
2021-07-25,1,14.36
2021-07-25,2,12.47
2021-07-25,3,0.0
2021-07-25,4,10.25
2021-07-25,5,14.36
2021-07-25,6,15.48
2021-07-25,7,20.63
2021-07-25,8,24.05
2021-07-25,9,14.36
2021-07-25,10,24.46
2021-07-25,11,34.06
2021-07-25,12,35.62
2021-07-25,13,35.6
2021-07-25,14,35.24
2021-07-25,15,34.84
2021-07-25,16,38.82
2021-07-25,17,39.25
2021-07-25,18,40.31
2021-07-25,19,39.93
2021-07-25,20,38.71
2021-07-25,21,39.01
2021-07-25,22,35.88
2021-07-25,23,29.84
2021-07-25,24,19.97
2021-07-26,1,9.13
2021-07-26,2,14.35
2021-07-26,3,20.13
2021-07-26,4,15.5
2021-07-26,5,13.76
2021-07-26,6,6.47
2021-07-26,7,34.58
2021-07-26,8,34.3
2021-07-26,9,33.77
2021-07-26,10,34.66
2021-07-26,11,36.35
2021-07-26,12,34.69
2021-07-26,13,39.25
2021-07-26,14,39.58
2021-07-26,15,39.8
2021-07-26,16,40.78
2021-07-26,17,40.93
2021-07-26,18,38.55
2021-07-26,19,42.46
2021-07-26,20,42.16
2021-07-26,21,42.17
2021-07-26,22,37.35
2021-07-26,23,37.67
2021-07-26,24,34.16
2021-07-27,1,23.33
2021-07-27,2,23.31
2021-07-27,3,18.99
2021-07-27,4,14.37
2021-07-27,5,21.58
2021-07-27,6,17.96
2021-07-27,7,16.48
2021-07-27,8,17.24
2021-07-27,9,36.35
2021-07-27,10,36.2
2021-07-27,11,36.19
2021-07-27,12,36.17
2021-07-27,13,36.71
2021-07-27,14,35.56
2021-07-27,15,36.49
2021-07-27,16,40.11
2021-07-27,17,42.4
2021-07-27,18,47.14
2021-07-27,19,38.06
2021-07-27,20,36.93
2021-07-27,21,38.6
2021-07-27,22,36.25
2021-07-27,23,25.07
2021-07-27,24,23.42
2021-07-28,1,22.39
2021-07-28,2,16.26
2021-07-28,3,15.18
2021-07-28,4,23.09
2021-07-28,5,28.04
2021-07-28,6,34.44
2021-07-28,7,31.52
2021-07-28,8,30.05
2021-07-28,9,35.92
2021-07-28,10,35.59
2021-07-28,11,35.25
2021-07-28,12,37.78
2021-07-28,13,37.36
2021-07-28,14,37.25
2021-07-28,15,37.34
2021-07-28,16,38.7
2021-07-28,17,40.26
2021-07-28,18,36.22
2021-07-28,19,38.23
2021-07-28,20,35.76
2021-07-28,21,35.42
2021-07-28,22,35.71
2021-07-28,23,14.71
2021-07-28,24,5.05
2021-07-29,1,6.58
2021-07-29,2,15.85
2021-07-29,3,4.1
2021-07-29,4,0.0
2021-07-29,5,0.0
2021-07-29,6,12.13
2021-07-29,7,19.76
2021-07-29,8,17.57
2021-07-29,9,37.13
2021-07-29,10,34.95
2021-07-29,11,16.78
2021-07-29,12,24.5
2021-07-29,13,35.61
2021-07-29,14,35.04
2021-07-29,15,35.07
2021-07-29,16,35.75
2021-07-29,17,37.66
2021-07-29,18,36.82
2021-07-29,19,37.18
2021-07-29,20,34.79
2021-07-29,21,35.17
2021-07-29,22,34.85
2021-07-29,23,87.87
2021-07-29,24,25.09
2021-07-30,1,14.35
2021-07-30,2,13.77
2021-07-30,3,2.4
2021-07-30,4,0.0
2021-07-30,5,13.66
2021-07-30,6,25.74
2021-07-30,7,37.25
2021-07-30,8,77.47
2021-07-30,9,26.65
2021-07-30,10,37.65
2021-07-30,11,15.75
2021-07-30,12,14.36
2021-07-30,13,15.75
2021-07-30,14,21.24
2021-07-30,15,20.19
2021-07-30,16,7.12
2021-07-30,17,18.79
2021-07-30,18,30.4
2021-07-30,19,34.18
2021-07-30,20,33.29
2021-07-30,21,40.29
2021-07-30,22,23.73
2021-07-30,23,23.12
2021-07-30,24,25.99
2021-07-31,1,7.97
2021-07-31,2,14.37
2021-07-31,3,14.35
2021-07-31,4,13.74
2021-07-31,5,13.67
2021-07-31,6,3.43
2021-07-31,7,1.94
2021-07-31,8,5.71
2021-07-31,9,16.98
2021-07-31,10,36.34
2021-07-31,11,34.91
2021-07-31,12,13.78
2021-07-31,13,14.38
2021-07-31,14,9.67
2021-07-31,15,6.04
2021-07-31,16,5.71
2021-07-31,17,9.08
2021-07-31,18,10.22
2021-07-31,19,14.34
2021-07-31,20,14.38
2021-07-31,21,24.41
2021-07-31,22,31.77
2021-07-31,23,37.62
2021-07-31,24,33.57
2021-08-01,1,14.35
2021-08-01,2,14.34
2021-08-01,3,14.35
2021-08-01,4,14.36
2021-08-01,5,14.34
2021-08-01,6,14.36
2021-08-01,7,10.43
2021-08-01,8,12.98
2021-08-01,9,16.92
2021-08-01,10,37.24
2021-08-01,11,20.2
2021-08-01,12,14.35
2021-08-01,13,13.74
2021-08-01,14,14.34
2021-08-01,15,6.64
2021-08-01,16,5.6
2021-08-01,17,3.8
2021-08-01,18,5.68
2021-08-01,19,9.42
2021-08-01,20,14.37
2021-08-01,21,22.89
2021-08-01,22,9.13
2021-08-01,23,10.82
2021-08-01,24,9.38
2021-08-02,1,9.96
2021-08-02,2,0.0
2021-08-02,3,2.25
2021-08-02,4,1.58
2021-08-02,5,-0.01
2021-08-02,6,-0.2
2021-08-02,7,9.59
2021-08-02,8,13.34
2021-08-02,9,13.29
2021-08-02,10,13.28
2021-08-02,11,13.3
2021-08-02,12,13.3
2021-08-02,13,13.3
2021-08-02,14,15.25
2021-08-02,15,28.42
2021-08-02,16,23.05
2021-08-02,17,31.25
2021-08-02,18,33.16
2021-08-02,19,36.24
2021-08-02,20,32.69
2021-08-02,21,31.75
2021-08-02,22,21.63
2021-08-02,23,22.58
2021-08-02,24,10.68
2021-08-03,1,6.68
2021-08-03,2,0.0
2021-08-03,3,1.64
2021-08-03,4,1.11
2021-08-03,5,8.78
2021-08-03,6,7.73
2021-08-03,7,23.48
2021-08-03,8,28.36
2021-08-03,9,27.0
2021-08-03,10,30.84
2021-08-03,11,31.84
2021-08-03,12,32.25
2021-08-03,13,34.26
2021-08-03,14,26.0
2021-08-03,15,32.37
2021-08-03,16,37.67
2021-08-03,17,37.79
2021-08-03,18,38.68
2021-08-03,19,38.59
2021-08-03,20,38.58
2021-08-03,21,38.22
2021-08-03,22,35.51
2021-08-03,23,31.11
2021-08-03,24,24.79
2021-08-04,1,20.67
2021-08-04,2,17.76
2021-08-04,3,21.04
2021-08-04,4,29.29
2021-08-04,5,24.3
2021-08-04,6,21.07
2021-08-04,7,25.2
2021-08-04,8,27.31
2021-08-04,9,35.03
2021-08-04,10,35.06
2021-08-04,11,35.37
2021-08-04,12,37.13
2021-08-04,13,36.96
2021-08-04,14,38.62
2021-08-04,15,39.5
2021-08-04,16,44.72
2021-08-04,17,50.63
2021-08-04,18,42.05
2021-08-04,19,38.51
2021-08-04,20,37.23
2021-08-04,21,39.28
2021-08-04,22,38.2
2021-08-04,23,37.03
2021-08-04,24,25.42
2021-08-05,1,23.21
2021-08-05,2,25.76
2021-08-05,3,35.74
2021-08-05,4,31.5
2021-08-05,5,29.89
2021-08-05,6,18.65
2021-08-05,7,11.58
2021-08-05,8,34.38
2021-08-05,9,37.08
2021-08-05,10,40.45
2021-08-05,11,40.43
2021-08-05,12,41.14
2021-08-05,13,40.96
2021-08-05,14,42.08
2021-08-05,15,42.67
2021-08-05,16,43.65
2021-08-05,17,50.51
2021-08-05,18,45.66
2021-08-05,19,41.18
2021-08-05,20,36.82
2021-08-05,21,36.91
2021-08-05,22,37.22
2021-08-05,23,36.73
2021-08-05,24,22.42
2021-08-06,1,19.39
2021-08-06,2,22.6
2021-08-06,3,14.38
2021-08-06,4,14.36
2021-08-06,5,17.98
2021-08-06,6,19.39
2021-08-06,7,9.9
2021-08-06,8,34.23
2021-08-06,9,38.25
2021-08-06,10,44.69
2021-08-06,11,44.41
2021-08-06,12,41.54
2021-08-06,13,40.87
2021-08-06,14,40.82
2021-08-06,15,41.18
2021-08-06,16,40.95
2021-08-06,17,42.42
2021-08-06,18,42.16
2021-08-06,19,42.43
2021-08-06,20,42.17
2021-08-06,21,39.55
2021-08-06,22,38.91
2021-08-06,23,37.68
2021-08-06,24,27.38
2021-08-07,1,17.22
2021-08-07,2,23.87
2021-08-07,3,47.82
2021-08-07,4,31.29
2021-08-07,5,29.28
2021-08-07,6,28.89
2021-08-07,7,34.82
2021-08-07,8,33.4
2021-08-07,9,36.43
2021-08-07,10,40.01
2021-08-07,11,42.38
2021-08-07,12,51.11
2021-08-07,13,63.66
2021-08-07,14,43.54
2021-08-07,15,40.85
2021-08-07,16,41.73
2021-08-07,17,42.5
2021-08-07,18,42.64
2021-08-07,19,42.56
2021-08-07,20,47.17
2021-08-07,21,42.74
2021-08-07,22,42.09
2021-08-07,23,38.62
2021-08-07,24,37.5
2021-08-08,1,32.63
2021-08-08,2,16.36
2021-08-08,3,13.35
2021-08-08,4,21.4
2021-08-08,5,34.54
2021-08-08,6,31.97
2021-08-08,7,15.33
2021-08-08,8,34.51
2021-08-08,9,35.42
2021-08-08,10,35.93
2021-08-08,11,36.79
2021-08-08,12,39.98
2021-08-08,13,43.35
2021-08-08,14,43.58
2021-08-08,15,40.63
2021-08-08,16,41.83
2021-08-08,17,41.82
2021-08-08,18,41.73
2021-08-08,19,41.37
2021-08-08,20,46.75
2021-08-08,21,39.88
2021-08-08,22,37.98
2021-08-08,23,33.72
2021-08-08,24,11.77
2021-08-09,1,13.06
2021-08-09,2,15.39
2021-08-09,3,40.78
2021-08-09,4,40.81
2021-08-09,5,20.0
2021-08-09,6,25.2
2021-08-09,7,37.45
2021-08-09,8,37.54
2021-08-09,9,37.46
2021-08-09,10,40.21
2021-08-09,11,42.9
2021-08-09,12,47.29
2021-08-09,13,41.28
2021-08-09,14,44.93
2021-08-09,15,54.86
2021-08-09,16,114.58
2021-08-09,17,63.56
2021-08-09,18,51.68
2021-08-09,19,41.35
2021-08-09,20,45.45
2021-08-09,21,42.81
2021-08-09,22,41.78
2021-08-09,23,38.84
2021-08-09,24,37.69
2021-08-10,1,41.11
2021-08-10,2,33.22
2021-08-10,3,37.11
2021-08-10,4,25.67
2021-08-10,5,17.24
2021-08-10,6,14.37
2021-08-10,7,25.75
2021-08-10,8,33.96
2021-08-10,9,36.08
2021-08-10,10,38.67
2021-08-10,11,42.17
2021-08-10,12,37.91
2021-08-10,13,33.5
2021-08-10,14,35.71
2021-08-10,15,37.44
2021-08-10,16,41.81
2021-08-10,17,43.52
2021-08-10,18,44.86
2021-08-10,19,58.75
2021-08-10,20,45.11
2021-08-10,21,53.34
2021-08-10,22,43.89
2021-08-10,23,40.27
2021-08-10,24,36.46
2021-08-11,1,35.36
2021-08-11,2,9.44
2021-08-11,3,13.66
2021-08-11,4,22.43
2021-08-11,5,33.23
2021-08-11,6,24.43
2021-08-11,7,34.09
2021-08-11,8,38.31
2021-08-11,9,38.58
2021-08-11,10,42.4
2021-08-11,11,64.19
2021-08-11,12,55.83
2021-08-11,13,50.74
2021-08-11,14,43.22
2021-08-11,15,41.92
2021-08-11,16,45.37
2021-08-11,17,51.07
2021-08-11,18,41.46
2021-08-11,19,40.89
2021-08-11,20,47.5
2021-08-11,21,43.09
2021-08-11,22,38.4
2021-08-11,23,26.28
2021-08-11,24,19.06
2021-08-12,1,8.93
2021-08-12,2,12.88
2021-08-12,3,22.66
2021-08-12,4,23.44
2021-08-12,5,28.44
2021-08-12,6,26.36
2021-08-12,7,29.75
2021-08-12,8,29.71
2021-08-12,9,27.49
2021-08-12,10,37.62
2021-08-12,11,42.32
2021-08-12,12,42.7
2021-08-12,13,43.75
2021-08-12,14,43.89
2021-08-12,15,42.42
2021-08-12,16,42.53
2021-08-12,17,51.15
2021-08-12,18,50.04
2021-08-12,19,50.25
2021-08-12,20,45.56
2021-08-12,21,41.71
2021-08-12,22,33.92
2021-08-12,23,32.05
2021-08-12,24,27.26
2021-08-13,1,28.51
2021-08-13,2,31.8
2021-08-13,3,30.66
2021-08-13,4,32.8
2021-08-13,5,32.48
2021-08-13,6,30.97
2021-08-13,7,38.56
2021-08-13,8,40.6
2021-08-13,9,50.1
2021-08-13,10,71.95
2021-08-13,11,59.64
2021-08-13,12,59.68
2021-08-13,13,48.31
2021-08-13,14,59.2
2021-08-13,15,45.0
2021-08-13,16,42.74
2021-08-13,17,60.2
2021-08-13,18,66.2
2021-08-13,19,55.19
2021-08-13,20,42.22
2021-08-13,21,42.82
2021-08-13,22,38.65
2021-08-13,23,41.1
2021-08-13,24,36.12
2021-08-14,1,32.35
2021-08-14,2,26.21
2021-08-14,3,26.79
2021-08-14,4,18.55
2021-08-14,5,14.38
2021-08-14,6,14.37
2021-08-14,7,9.76
2021-08-14,8,22.75
2021-08-14,9,34.57
2021-08-14,10,30.11
2021-08-14,11,32.69
2021-08-14,12,17.71
2021-08-14,13,34.49
2021-08-14,14,30.23
2021-08-14,15,35.01
2021-08-14,16,36.28
2021-08-14,17,36.28
2021-08-14,18,38.38
2021-08-14,19,38.39
2021-08-14,20,38.38
2021-08-14,21,35.1
2021-08-14,22,35.83
2021-08-14,23,20.77
2021-08-14,24,14.73
2021-08-15,1,19.71
2021-08-15,2,14.37
2021-08-15,3,14.38
2021-08-15,4,14.37
2021-08-15,5,12.2
2021-08-15,6,8.86
2021-08-15,7,14.37
2021-08-15,8,24.45
2021-08-15,9,25.55
2021-08-15,10,33.68
2021-08-15,11,31.33
2021-08-15,12,28.69
2021-08-15,13,15.68
2021-08-15,14,15.67
2021-08-15,15,20.45
2021-08-15,16,35.24
2021-08-15,17,37.87
2021-08-15,18,39.01
2021-08-15,19,36.45
2021-08-15,20,40.25
2021-08-15,21,36.3
2021-08-15,22,35.59
2021-08-15,23,35.58
2021-08-15,24,19.22
2021-08-16,1,17.51
2021-08-16,2,30.91
2021-08-16,3,35.1
2021-08-16,4,17.5
2021-08-16,5,16.06
2021-08-16,6,17.36
2021-08-16,7,7.69
2021-08-16,8,32.16
2021-08-16,9,34.94
2021-08-16,10,34.29
2021-08-16,11,35.12
2021-08-16,12,38.51
2021-08-16,13,40.13
2021-08-16,14,40.42
2021-08-16,15,39.91
2021-08-16,16,39.43
2021-08-16,17,39.37
2021-08-16,18,39.54
2021-08-16,19,39.44
2021-08-16,20,40.73
2021-08-16,21,41.26
2021-08-16,22,40.8
2021-08-16,23,39.54
2021-08-16,24,35.88
2021-08-17,1,40.4
2021-08-17,2,40.02
2021-08-17,3,29.98
2021-08-17,4,30.53
2021-08-17,5,36.29
2021-08-17,6,35.31
2021-08-17,7,37.42
2021-08-17,8,38.81
2021-08-17,9,39.24
2021-08-17,10,39.45
2021-08-17,11,42.09
2021-08-17,12,47.69
2021-08-17,13,83.9
2021-08-17,14,55.76
2021-08-17,15,52.2
2021-08-17,16,65.61
2021-08-17,17,55.31
2021-08-17,18,64.7
2021-08-17,19,45.4
2021-08-17,20,52.01
2021-08-17,21,47.73
2021-08-17,22,42.63
2021-08-17,23,42.11
2021-08-17,24,36.84
2021-08-18,1,36.4
2021-08-18,2,35.96
2021-08-18,3,34.37
2021-08-18,4,34.07
2021-08-18,5,31.29
2021-08-18,6,34.71
2021-08-18,7,33.07
2021-08-18,8,36.8
2021-08-18,9,39.94
2021-08-18,10,40.09
2021-08-18,11,40.25
2021-08-18,12,41.53
2021-08-18,13,41.83
2021-08-18,14,90.32
2021-08-18,15,58.86
2021-08-18,16,72.44
2021-08-18,17,39.67
2021-08-18,18,40.4
2021-08-18,19,40.15
2021-08-18,20,62.75
2021-08-18,21,50.75
2021-08-18,22,39.56
2021-08-18,23,38.25
2021-08-18,24,40.36
2021-08-19,1,37.95
2021-08-19,2,34.81
2021-08-19,3,34.82
2021-08-19,4,25.69
2021-08-19,5,29.59
2021-08-19,6,34.84
2021-08-19,7,35.19
2021-08-19,8,37.86
2021-08-19,9,44.51
2021-08-19,10,46.36
2021-08-19,11,69.04
2021-08-19,12,111.27
2021-08-19,13,50.08
2021-08-19,14,57.08
2021-08-19,15,57.66
2021-08-19,16,66.03
2021-08-19,17,56.48
2021-08-19,18,57.18
2021-08-19,19,86.14
2021-08-19,20,111.64
2021-08-19,21,90.58
2021-08-19,22,43.5
2021-08-19,23,38.31
2021-08-19,24,35.98
2021-08-20,1,36.89
2021-08-20,2,33.82
2021-08-20,3,34.74
2021-08-20,4,34.37
2021-08-20,5,31.04
2021-08-20,6,30.06
2021-08-20,7,32.63
2021-08-20,8,37.67
2021-08-20,9,39.38
2021-08-20,10,41.21
2021-08-20,11,42.12
2021-08-20,12,82.33
2021-08-20,13,79.38
2021-08-20,14,90.15
2021-08-20,15,42.0
2021-08-20,16,41.29
2021-08-20,17,41.63
2021-08-20,18,40.49
2021-08-20,19,51.92
2021-08-20,20,113.38
2021-08-20,21,101.69
2021-08-20,22,57.54
2021-08-20,23,40.18
2021-08-20,24,37.72
2021-08-21,1,34.52
2021-08-21,2,30.8
2021-08-21,3,26.76
2021-08-21,4,26.26
2021-08-21,5,22.8
2021-08-21,6,21.75
2021-08-21,7,27.24
2021-08-21,8,37.01
2021-08-21,9,36.81
2021-08-21,10,53.29
2021-08-21,11,80.86
2021-08-21,12,115.25
2021-08-21,13,108.68
2021-08-21,14,44.76
2021-08-21,15,42.98
2021-08-21,16,44.81
2021-08-21,17,62.69
2021-08-21,18,44.06
2021-08-21,19,43.01
2021-08-21,20,42.35
2021-08-21,21,41.29
2021-08-21,22,40.99
2021-08-21,23,37.59
2021-08-21,24,32.48
2021-08-22,1,36.63
2021-08-22,2,32.78
2021-08-22,3,18.53
2021-08-22,4,14.37
2021-08-22,5,21.3
2021-08-22,6,29.58
2021-08-22,7,24.75
2021-08-22,8,31.42
2021-08-22,9,31.41
2021-08-22,10,36.3
2021-08-22,11,43.4
2021-08-22,12,43.39
2021-08-22,13,50.47
2021-08-22,14,51.53
2021-08-22,15,41.94
2021-08-22,16,42.2
2021-08-22,17,43.55
2021-08-22,18,42.97
2021-08-22,19,42.15
2021-08-22,20,45.37
2021-08-22,21,42.23
2021-08-22,22,41.09
2021-08-22,23,33.3
2021-08-22,24,31.72
2021-08-23,1,31.26
2021-08-23,2,31.63
2021-08-23,3,29.34
2021-08-23,4,28.99
2021-08-23,5,30.27
2021-08-23,6,33.91
2021-08-23,7,33.7
2021-08-23,8,36.4
2021-08-23,9,42.4
2021-08-23,10,52.7
2021-08-23,11,56.64
2021-08-23,12,76.18
2021-08-23,13,43.89
2021-08-23,14,44.24
2021-08-23,15,41.68
2021-08-23,16,41.57
2021-08-23,17,46.74
2021-08-23,18,43.62
2021-08-23,19,42.76
2021-08-23,20,45.08
2021-08-23,21,43.75
2021-08-23,22,34.45
2021-08-23,23,30.04
2021-08-23,24,29.66
2021-08-24,1,30.61
2021-08-24,2,26.68
2021-08-24,3,28.8
2021-08-24,4,22.65
2021-08-24,5,16.22
2021-08-24,6,35.34
2021-08-24,7,31.59
2021-08-24,8,33.2
2021-08-24,9,42.52
2021-08-24,10,60.16
2021-08-24,11,60.7
2021-08-24,12,83.01
2021-08-24,13,46.71
2021-08-24,14,112.89
2021-08-24,15,152.08
2021-08-24,16,156.9
2021-08-24,17,154.2
2021-08-24,18,152.74
2021-08-24,19,152.74
2021-08-24,20,152.74
2021-08-24,21,116.18
2021-08-24,22,55.22
2021-08-24,23,57.17
2021-08-24,24,32.04
2021-08-25,1,32.37
2021-08-25,2,30.67
2021-08-25,3,28.62
2021-08-25,4,30.31
2021-08-25,5,36.36
2021-08-25,6,35.31
2021-08-25,7,33.03
2021-08-25,8,37.48
2021-08-25,9,45.09
2021-08-25,10,60.5
2021-08-25,11,44.71
2021-08-25,12,45.53
2021-08-25,13,96.62
2021-08-25,14,138.75
2021-08-25,15,151.98
2021-08-25,16,150.04
2021-08-25,17,67.11
2021-08-25,18,45.86
2021-08-25,19,76.11
2021-08-25,20,88.64
2021-08-25,21,43.23
2021-08-25,22,39.22
2021-08-25,23,36.41
2021-08-25,24,35.28
2021-08-26,1,32.31
2021-08-26,2,36.63
2021-08-26,3,36.58
2021-08-26,4,36.62
2021-08-26,5,31.37
2021-08-26,6,32.64
2021-08-26,7,38.21
2021-08-26,8,44.13
2021-08-26,9,93.08
2021-08-26,10,120.57
2021-08-26,11,160.03
2021-08-26,12,143.23
2021-08-26,13,140.92
2021-08-26,14,155.03
2021-08-26,15,136.36
2021-08-26,16,70.3
2021-08-26,17,78.17
2021-08-26,18,75.37
2021-08-26,19,46.01
2021-08-26,20,45.39
2021-08-26,21,59.9
2021-08-26,22,51.31
2021-08-26,23,38.36
2021-08-26,24,38.13
2021-08-27,1,28.79
2021-08-27,2,26.25
2021-08-27,3,22.36
2021-08-27,4,21.03
2021-08-27,5,20.08
2021-08-27,6,26.56
2021-08-27,7,37.2
2021-08-27,8,36.31
2021-08-27,9,36.61
2021-08-27,10,39.82
2021-08-27,11,42.72
2021-08-27,12,42.74
2021-08-27,13,48.04
2021-08-27,14,42.96
2021-08-27,15,50.98
2021-08-27,16,87.58
2021-08-27,17,48.71
2021-08-27,18,42.46
2021-08-27,19,42.48
2021-08-27,20,43.54
2021-08-27,21,39.63
2021-08-27,22,35.82
2021-08-27,23,38.28
2021-08-27,24,34.61
2021-08-28,1,34.24
2021-08-28,2,36.57
2021-08-28,3,40.1
2021-08-28,4,21.61
2021-08-28,5,28.62
2021-08-28,6,28.19
2021-08-28,7,15.19
2021-08-28,8,21.6
2021-08-28,9,40.49
2021-08-28,10,45.51
2021-08-28,11,69.06
2021-08-28,12,92.17
2021-08-28,13,73.69
2021-08-28,14,94.58
2021-08-28,15,114.3
2021-08-28,16,137.44
2021-08-28,17,70.8
2021-08-28,18,64.61
2021-08-28,19,55.9
2021-08-28,20,53.9
2021-08-28,21,43.03
2021-08-28,22,44.6
2021-08-28,23,41.22
2021-08-28,24,40.11
2021-08-29,1,35.5
2021-08-29,2,26.35
2021-08-29,3,31.19
2021-08-29,4,35.47
2021-08-29,5,25.24
2021-08-29,6,14.38
2021-08-29,7,12.73
2021-08-29,8,24.64
2021-08-29,9,39.81
2021-08-29,10,55.87
2021-08-29,11,103.11
2021-08-29,12,54.17
2021-08-29,13,45.01
2021-08-29,14,45.05
2021-08-29,15,44.95
2021-08-29,16,45.2
2021-08-29,17,58.13
2021-08-29,18,52.32
2021-08-29,19,77.06
2021-08-29,20,75.13
2021-08-29,21,40.75
2021-08-29,22,40.39
2021-08-29,23,34.76
2021-08-29,24,29.67
2021-08-30,1,31.55
2021-08-30,2,35.92
2021-08-30,3,39.21
2021-08-30,4,38.74
2021-08-30,5,33.8
2021-08-30,6,39.33
2021-08-30,7,38.62
2021-08-30,8,41.88
2021-08-30,9,49.0
2021-08-30,10,45.45
2021-08-30,11,45.58
2021-08-30,12,49.95
2021-08-30,13,61.14
2021-08-30,14,92.97
2021-08-30,15,63.61
2021-08-30,16,48.77
2021-08-30,17,73.76
2021-08-30,18,44.02
2021-08-30,19,41.33
2021-08-30,20,40.66
2021-08-30,21,44.7
2021-08-30,22,43.1
2021-08-30,23,36.92
2021-08-30,24,37.54
2021-08-31,1,25.91
2021-08-31,2,21.22
2021-08-31,3,14.9
2021-08-31,4,14.93
2021-08-31,5,14.32
2021-08-31,6,15.46
2021-08-31,7,31.94
2021-08-31,8,33.84
2021-08-31,9,36.88
2021-08-31,10,40.79
2021-08-31,11,40.67
2021-08-31,12,37.95
2021-08-31,13,43.94
2021-08-31,14,45.32
2021-08-31,15,43.74
2021-08-31,16,37.96
2021-08-31,17,43.7
2021-08-31,18,39.69
2021-08-31,19,34.1
2021-08-31,20,38.21
2021-08-31,21,34.09
2021-08-31,22,34.74
2021-08-31,23,33.05
2021-08-31,24,27.44
2021-09-01,1,17.12
2021-09-01,2,17.12
2021-09-01,3,14.38
2021-09-01,4,14.35
2021-09-01,5,0.0
2021-09-01,6,13.67
2021-09-01,7,28.27
2021-09-01,8,45.17
2021-09-01,9,44.4
2021-09-01,10,38.85
2021-09-01,11,38.78
2021-09-01,12,33.42
2021-09-01,13,38.89
2021-09-01,14,38.88
2021-09-01,15,38.86
2021-09-01,16,38.27
2021-09-01,17,38.77
2021-09-01,18,38.47
2021-09-01,19,38.95
2021-09-01,20,39.77
2021-09-01,21,38.5
2021-09-01,22,28.82
2021-09-01,23,12.43
2021-09-01,24,6.48
2021-09-02,1,11.96
2021-09-02,2,17.61
2021-09-02,3,18.16
2021-09-02,4,22.56
2021-09-02,5,19.89
2021-09-02,6,22.69
2021-09-02,7,25.58
2021-09-02,8,39.1
2021-09-02,9,41.97
2021-09-02,10,41.22
2021-09-02,11,40.93
2021-09-02,12,40.74
2021-09-02,13,40.68
2021-09-02,14,40.7
2021-09-02,15,38.02
2021-09-02,16,38.43
2021-09-02,17,40.6
2021-09-02,18,35.82
2021-09-02,19,36.74
2021-09-02,20,41.27
2021-09-02,21,40.34
2021-09-02,22,40.53
2021-09-02,23,60.75
2021-09-02,24,43.87
2021-09-03,1,33.32
2021-09-03,2,34.86
2021-09-03,3,31.74
2021-09-03,4,42.22
2021-09-03,5,11.36
2021-09-03,6,21.43
2021-09-03,7,19.74
2021-09-03,8,31.74
2021-09-03,9,38.77
2021-09-03,10,39.33
2021-09-03,11,40.95
2021-09-03,12,43.33
2021-09-03,13,44.61
2021-09-03,14,43.27
2021-09-03,15,41.32
2021-09-03,16,42.06
2021-09-03,17,42.98
2021-09-03,18,43.67
2021-09-03,19,42.2
2021-09-03,20,43.58
2021-09-03,21,44.53
2021-09-03,22,42.49
2021-09-03,23,40.36
2021-09-03,24,37.38
2021-09-04,1,32.85
2021-09-04,2,35.19
2021-09-04,3,36.36
2021-09-04,4,34.0
2021-09-04,5,33.51
2021-09-04,6,29.69
2021-09-04,7,16.29
2021-09-04,8,19.4
2021-09-04,9,17.32
2021-09-04,10,29.46
2021-09-04,11,13.31
2021-09-04,12,38.81
2021-09-04,13,37.87
2021-09-04,14,39.89
2021-09-04,15,40.7
2021-09-04,16,41.54
2021-09-04,17,41.27
2021-09-04,18,52.46
2021-09-04,19,40.22
2021-09-04,20,40.96
2021-09-04,21,21.17
2021-09-04,22,3.82
2021-09-04,23,7.07
2021-09-04,24,2.76
2021-09-05,1,8.84
2021-09-05,2,34.42
2021-09-05,3,40.34
2021-09-05,4,40.32
2021-09-05,5,42.08
2021-09-05,6,39.04
2021-09-05,7,35.4
2021-09-05,8,37.2
2021-09-05,9,24.16
2021-09-05,10,29.98
2021-09-05,11,37.93
2021-09-05,12,41.71
2021-09-05,13,41.12
2021-09-05,14,34.75
2021-09-05,15,18.73
2021-09-05,16,20.98
2021-09-05,17,41.45
2021-09-05,18,42.25
2021-09-05,19,42.11
2021-09-05,20,41.58
2021-09-05,21,31.2
2021-09-05,22,3.29
2021-09-05,23,3.07
2021-09-05,24,18.19
2021-09-06,1,39.72
2021-09-06,2,31.15
2021-09-06,3,0.0
2021-09-06,4,0.99
2021-09-06,5,0.0
2021-09-06,6,0.0
2021-09-06,7,8.21
2021-09-06,8,33.93
2021-09-06,9,47.86
2021-09-06,10,7.52
2021-09-06,11,0.0
2021-09-06,12,5.78
2021-09-06,13,5.8
2021-09-06,14,12.99
2021-09-06,15,13.67
2021-09-06,16,31.23
2021-09-06,17,43.04
2021-09-06,18,51.25
2021-09-06,19,43.82
2021-09-06,20,45.16
2021-09-06,21,44.93
2021-09-06,22,46.29
2021-09-06,23,39.12
2021-09-06,24,47.24
2021-09-07,1,30.25
2021-09-07,2,18.9
2021-09-07,3,14.37
2021-09-07,4,26.44
2021-09-07,5,4.65
2021-09-07,6,10.18
2021-09-07,7,6.5
2021-09-07,8,12.32
2021-09-07,9,43.06
2021-09-07,10,42.2
2021-09-07,11,25.19
2021-09-07,12,50.56
2021-09-07,13,14.89
2021-09-07,14,13.66
2021-09-07,15,14.82
2021-09-07,16,42.74
2021-09-07,17,55.27
2021-09-07,18,66.04
2021-09-07,19,50.81
2021-09-07,20,41.58
2021-09-07,21,31.91
2021-09-07,22,53.11
2021-09-07,23,15.35
2021-09-07,24,0.0
2021-09-08,1,0.0
2021-09-08,2,6.46
2021-09-08,3,51.31
2021-09-08,4,63.17
2021-09-08,5,40.07
2021-09-08,6,46.23
2021-09-08,7,42.11
2021-09-08,8,34.31
2021-09-08,9,39.41
2021-09-08,10,41.69
2021-09-08,11,34.92
2021-09-08,12,10.78
2021-09-08,13,13.68
2021-09-08,14,22.9
2021-09-08,15,26.9
2021-09-08,16,41.12
2021-09-08,17,41.57
2021-09-08,18,42.74
2021-09-08,19,42.65
2021-09-08,20,42.57
2021-09-08,21,36.68
2021-09-08,22,17.5
2021-09-08,23,18.45
2021-09-08,24,16.86
2021-09-09,1,22.1
2021-09-09,2,44.61
2021-09-09,3,42.46
2021-09-09,4,14.35
2021-09-09,5,12.53
2021-09-09,6,28.4
2021-09-09,7,33.26
2021-09-09,8,42.08
2021-09-09,9,35.74
2021-09-09,10,35.17
2021-09-09,11,34.22
2021-09-09,12,25.71
2021-09-09,13,36.71
2021-09-09,14,8.75
2021-09-09,15,26.7
2021-09-09,16,43.92
2021-09-09,17,44.8
2021-09-09,18,44.89
2021-09-09,19,47.41
2021-09-09,20,45.18
2021-09-09,21,45.15
2021-09-09,22,43.63
2021-09-09,23,49.34
2021-09-09,24,27.85
2021-09-10,1,18.63
2021-09-10,2,32.04
2021-09-10,3,44.99
2021-09-10,4,41.2
2021-09-10,5,16.74
2021-09-10,6,31.64
2021-09-10,7,40.56
2021-09-10,8,38.08
2021-09-10,9,37.74
2021-09-10,10,42.51
2021-09-10,11,44.09
2021-09-10,12,45.86
2021-09-10,13,49.69
2021-09-10,14,46.24
2021-09-10,15,45.73
2021-09-10,16,45.77
2021-09-10,17,46.47
2021-09-10,18,49.53
2021-09-10,19,46.0
2021-09-10,20,45.89
2021-09-10,21,45.91
2021-09-10,22,44.6
2021-09-10,23,22.9
2021-09-10,24,5.8
2021-09-11,1,0.51
2021-09-11,2,0.54
2021-09-11,3,0.0
2021-09-11,4,0.0
2021-09-11,5,0.0
2021-09-11,6,0.0
2021-09-11,7,0.88
2021-09-11,8,21.67
2021-09-11,9,30.32
2021-09-11,10,18.17
2021-09-11,11,0.0
2021-09-11,12,0.0
2021-09-11,13,0.0
2021-09-11,14,6.63
2021-09-11,15,2.21
2021-09-11,16,2.77
2021-09-11,17,5.92
2021-09-11,18,6.17
2021-09-11,19,5.88
2021-09-11,20,12.27
2021-09-11,21,9.44
2021-09-11,22,13.75
2021-09-11,23,5.09
2021-09-11,24,0.0
2021-09-12,1,2.04
2021-09-12,2,13.67
2021-09-12,3,4.67
2021-09-12,4,3.42
2021-09-12,5,13.58
2021-09-12,6,28.79
2021-09-12,7,20.73
2021-09-12,8,48.49
2021-09-12,9,53.05
2021-09-12,10,39.26
2021-09-12,11,37.78
2021-09-12,12,44.58
2021-09-12,13,44.21
2021-09-12,14,44.48
2021-09-12,15,44.37
2021-09-12,16,50.82
2021-09-12,17,87.24
2021-09-12,18,72.39
2021-09-12,19,47.88
2021-09-12,20,47.63
2021-09-12,21,45.67
2021-09-12,22,46.58
2021-09-12,23,27.97
2021-09-12,24,32.33
2021-09-13,1,42.34
2021-09-13,2,41.84
2021-09-13,3,40.29
2021-09-13,4,34.74
2021-09-13,5,29.33
2021-09-13,6,28.74
2021-09-13,7,38.45
2021-09-13,8,44.23
2021-09-13,9,44.24
2021-09-13,10,43.58
2021-09-13,11,44.27
2021-09-13,12,40.65
2021-09-13,13,34.03
2021-09-13,14,34.39
2021-09-13,15,33.79
2021-09-13,16,41.45
2021-09-13,17,39.51
2021-09-13,18,38.55
2021-09-13,19,44.43
2021-09-13,20,44.85
2021-09-13,21,40.06
2021-09-13,22,48.28
2021-09-13,23,45.56
2021-09-13,24,17.33
2021-09-14,1,22.8
2021-09-14,2,7.27
2021-09-14,3,8.05
2021-09-14,4,5.85
2021-09-14,5,0.0
2021-09-14,6,2.69
2021-09-14,7,17.68
2021-09-14,8,36.28
2021-09-14,9,38.22
2021-09-14,10,18.62
2021-09-14,11,0.0
2021-09-14,12,0.0
2021-09-14,13,0.0
2021-09-14,14,3.4
2021-09-14,15,23.74
2021-09-14,16,44.12
2021-09-14,17,46.9
2021-09-14,18,36.46
2021-09-14,19,38.8
2021-09-14,20,42.4
2021-09-14,21,44.66
2021-09-14,22,46.42
2021-09-14,23,67.67
2021-09-14,24,31.25
2021-09-15,1,47.66
2021-09-15,2,48.83
2021-09-15,3,43.9
2021-09-15,4,28.71
2021-09-15,5,7.86
2021-09-15,6,36.38
2021-09-15,7,51.67
2021-09-15,8,51.57
2021-09-15,9,49.39
2021-09-15,10,50.82
2021-09-15,11,49.41
2021-09-15,12,50.25
2021-09-15,13,50.48
2021-09-15,14,52.11
2021-09-15,15,51.82
2021-09-15,16,52.22
2021-09-15,17,52.79
2021-09-15,18,52.12
2021-09-15,19,52.35
2021-09-15,20,52.44
2021-09-15,21,50.65
2021-09-15,22,49.8
2021-09-15,23,50.41
2021-09-15,24,20.24
2021-09-16,1,15.3
2021-09-16,2,23.32
2021-09-16,3,36.41
2021-09-16,4,37.97
2021-09-16,5,16.88
2021-09-16,6,38.16
2021-09-16,7,48.14
2021-09-16,8,50.25
2021-09-16,9,40.93
2021-09-16,10,49.97
2021-09-16,11,50.53
2021-09-16,12,50.73
2021-09-16,13,50.71
2021-09-16,14,51.32
2021-09-16,15,51.27
2021-09-16,16,53.15
2021-09-16,17,105.15
2021-09-16,18,59.16
2021-09-16,19,53.3
2021-09-16,20,50.02
2021-09-16,21,34.28
2021-09-16,22,6.27
2021-09-16,23,2.7
2021-09-16,24,3.15
2021-09-17,1,16.92
2021-09-17,2,23.01
2021-09-17,3,19.96
2021-09-17,4,42.45
2021-09-17,5,8.85
2021-09-17,6,7.46
2021-09-17,7,2.22
2021-09-17,8,44.07
2021-09-17,9,51.83
2021-09-17,10,52.18
2021-09-17,11,51.91
2021-09-17,12,51.82
2021-09-17,13,49.58
2021-09-17,14,50.49
2021-09-17,15,51.75
2021-09-17,16,53.28
2021-09-17,17,53.6
2021-09-17,18,53.34
2021-09-17,19,53.35
2021-09-17,20,52.42
2021-09-17,21,50.57
2021-09-17,22,47.67
2021-09-17,23,34.39
2021-09-17,24,39.32
2021-09-18,1,33.09
2021-09-18,2,52.02
2021-09-18,3,34.77
2021-09-18,4,2.72
2021-09-18,5,10.84
2021-09-18,6,17.69
2021-09-18,7,24.76
2021-09-18,8,45.39
2021-09-18,9,12.78
2021-09-18,10,36.87
2021-09-18,11,81.42
2021-09-18,12,232.74
2021-09-18,13,60.42
2021-09-18,14,48.36
2021-09-18,15,48.76
2021-09-18,16,47.32
2021-09-18,17,49.15
2021-09-18,18,49.52
2021-09-18,19,48.43
2021-09-18,20,38.79
2021-09-18,21,22.22
2021-09-18,22,9.84
2021-09-18,23,7.76
2021-09-18,24,7.77
2021-09-19,1,4.87
2021-09-19,2,12.22
2021-09-19,3,14.36
2021-09-19,4,13.75
2021-09-19,5,8.18
2021-09-19,6,11.66
2021-09-19,7,6.57
2021-09-19,8,3.43
2021-09-19,9,19.84
2021-09-19,10,49.72
2021-09-19,11,13.77
2021-09-19,12,13.09
2021-09-19,13,14.38
2021-09-19,14,14.38
2021-09-19,15,35.71
2021-09-19,16,52.49
2021-09-19,17,108.68
2021-09-19,18,108.83
2021-09-19,19,46.7
2021-09-19,20,33.78
2021-09-19,21,9.49
2021-09-19,22,1.69
2021-09-19,23,0.0
2021-09-19,24,0.0
2021-09-20,1,0.0
2021-09-20,2,0.0
2021-09-20,3,0.0
2021-09-20,4,3.22
2021-09-20,5,0.47
2021-09-20,6,5.75
2021-09-20,7,8.95
2021-09-20,8,18.98
2021-09-20,9,44.68
2021-09-20,10,47.82
2021-09-20,11,56.44
2021-09-20,12,52.38
2021-09-20,13,51.12
2021-09-20,14,47.76
2021-09-20,15,47.89
2021-09-20,16,51.29
2021-09-20,17,51.8
2021-09-20,18,48.7
2021-09-20,19,48.09
2021-09-20,20,43.01
2021-09-20,21,8.12
2021-09-20,22,2.4
2021-09-20,23,2.15
2021-09-20,24,0.0
2021-09-21,1,2.16
2021-09-21,2,12.95
2021-09-21,3,2.42
2021-09-21,4,0.0
2021-09-21,5,0.0
2021-09-21,6,0.0
2021-09-21,7,3.82
2021-09-21,8,5.78
2021-09-21,9,0.48
2021-09-21,10,0.08
2021-09-21,11,7.51
2021-09-21,12,23.28
2021-09-21,13,46.35
2021-09-21,14,48.97
2021-09-21,15,43.92
2021-09-21,16,45.61
2021-09-21,17,47.66
2021-09-21,18,45.67
2021-09-21,19,50.28
2021-09-21,20,46.62
2021-09-21,21,46.59
2021-09-21,22,29.45
2021-09-21,23,3.82
2021-09-21,24,0.0
2021-09-22,1,0.49
2021-09-22,2,0.95
2021-09-22,3,4.28
2021-09-22,4,0.95
2021-09-22,5,0.0
2021-09-22,6,0.0
2021-09-22,7,2.87
2021-09-22,8,9.8
2021-09-22,9,9.11
2021-09-22,10,9.23
2021-09-22,11,0.51
2021-09-22,12,1.32
2021-09-22,13,5.79
2021-09-22,14,0.42
2021-09-22,15,0.0
2021-09-22,16,0.0
2021-09-22,17,6.57
2021-09-22,18,14.37
2021-09-22,19,14.38
2021-09-22,20,1.45
2021-09-22,21,6.74
2021-09-22,22,4.69
2021-09-22,23,3.27
2021-09-22,24,1.38
2021-09-23,1,0.0
2021-09-23,2,0.0
2021-09-23,3,1.91
2021-09-23,4,5.39
2021-09-23,5,3.82
2021-09-23,6,5.75
2021-09-23,7,11.54
2021-09-23,8,7.32
2021-09-23,9,28.84
2021-09-23,10,13.29
2021-09-23,11,13.27
2021-09-23,12,39.97
2021-09-23,13,22.73
2021-09-23,14,9.05
2021-09-23,15,10.23
2021-09-23,16,21.68
2021-09-23,17,20.13
2021-09-23,18,16.21
2021-09-23,19,59.82
2021-09-23,20,35.98
2021-09-23,21,7.41
2021-09-23,22,10.43
2021-09-23,23,2.79
2021-09-23,24,0.0
2021-09-24,1,0.0
2021-09-24,2,0.47
2021-09-24,3,0.0
2021-09-24,4,0.0
2021-09-24,5,0.0
2021-09-24,6,4.55
2021-09-24,7,31.81
2021-09-24,8,16.11
2021-09-24,9,14.39
2021-09-24,10,15.42
2021-09-24,11,15.41
2021-09-24,12,9.03
2021-09-24,13,0.0
2021-09-24,14,0.0
2021-09-24,15,2.35
2021-09-24,16,29.57
2021-09-24,17,30.13
2021-09-24,18,44.16
2021-09-24,19,33.2
2021-09-24,20,19.85
2021-09-24,21,14.68
2021-09-24,22,8.61
2021-09-24,23,2.16
2021-09-24,24,0.0
2021-09-25,1,0.0
2021-09-25,2,0.0
2021-09-25,3,0.0
2021-09-25,4,0.0
2021-09-25,5,0.0
2021-09-25,6,0.0
2021-09-25,7,0.0
2021-09-25,8,5.81
2021-09-25,9,6.29
2021-09-25,10,3.34
2021-09-25,11,4.32
2021-09-25,12,3.35
2021-09-25,13,5.88
2021-09-25,14,9.54
2021-09-25,15,5.72
2021-09-25,16,7.26
2021-09-25,17,30.04
2021-09-25,18,51.74
2021-09-25,19,25.19
2021-09-25,20,10.17
2021-09-25,21,4.59
2021-09-25,22,2.58
2021-09-25,23,3.63
2021-09-25,24,3.45
2021-09-26,1,0.0
2021-09-26,2,0.0
2021-09-26,3,0.0
2021-09-26,4,0.0
2021-09-26,5,-3.0
2021-09-26,6,-0.04
2021-09-26,7,0.0
2021-09-26,8,8.23
2021-09-26,9,13.37
2021-09-26,10,10.38
2021-09-26,11,12.81
2021-09-26,12,10.47
2021-09-26,13,27.98
2021-09-26,14,36.36
2021-09-26,15,15.18
2021-09-26,16,16.73
2021-09-26,17,41.13
2021-09-26,18,29.75
2021-09-26,19,2.35
2021-09-26,20,0.0
2021-09-26,21,0.0
2021-09-26,22,0.4
2021-09-26,23,4.94
2021-09-26,24,0.0
2021-09-27,1,0.0
2021-09-27,2,0.0
2021-09-27,3,-0.02
2021-09-27,4,-0.08
2021-09-27,5,0.0
2021-09-27,6,0.47
2021-09-27,7,29.1
2021-09-27,8,22.3
2021-09-27,9,10.54
2021-09-27,10,12.87
2021-09-27,11,21.92
2021-09-27,12,30.13
2021-09-27,13,41.2
2021-09-27,14,33.3
2021-09-27,15,41.83
2021-09-27,16,40.65
2021-09-27,17,53.69
2021-09-27,18,54.21
2021-09-27,19,41.96
2021-09-27,20,39.32
2021-09-27,21,35.5
2021-09-27,22,37.89
2021-09-27,23,37.56
2021-09-27,24,29.55
2021-09-28,1,27.33
2021-09-28,2,32.67
2021-09-28,3,19.72
2021-09-28,4,14.37
2021-09-28,5,7.3
2021-09-28,6,7.96
2021-09-28,7,30.45
2021-09-28,8,37.07
2021-09-28,9,39.85
2021-09-28,10,13.8
2021-09-28,11,39.65
2021-09-28,12,9.52
2021-09-28,13,8.84
2021-09-28,14,15.78
2021-09-28,15,34.33
2021-09-28,16,33.7
2021-09-28,17,60.42
2021-09-28,18,45.51
2021-09-28,19,72.33
2021-09-28,20,51.86
2021-09-28,21,50.31
2021-09-28,22,23.02
2021-09-28,23,13.76
2021-09-28,24,20.43
2021-09-29,1,39.54
2021-09-29,2,46.45
2021-09-29,3,37.52
2021-09-29,4,43.27
2021-09-29,5,31.55
2021-09-29,6,55.22
2021-09-29,7,98.15
2021-09-29,8,284.48
2021-09-29,9,306.65
2021-09-29,10,47.59
2021-09-29,11,49.4
2021-09-29,12,47.87
2021-09-29,13,48.47
2021-09-29,14,49.33
2021-09-29,15,48.95
2021-09-29,16,40.08
2021-09-29,17,46.34
2021-09-29,18,50.4
2021-09-29,19,51.62
2021-09-29,20,47.53
2021-09-29,21,42.89
2021-09-29,22,30.26
2021-09-29,23,49.93
2021-09-29,24,34.4
2021-09-30,1,13.68
2021-09-30,2,10.22
2021-09-30,3,10.19
2021-09-30,4,14.36
2021-09-30,5,7.69
2021-09-30,6,36.64
2021-09-30,7,48.81
2021-09-30,8,47.85
2021-09-30,9,38.49
2021-09-30,10,43.22
2021-09-30,11,32.63
2021-09-30,12,14.39
2021-09-30,13,39.57
2021-09-30,14,37.56
2021-09-30,15,48.44
2021-09-30,16,44.82
2021-09-30,17,50.58
2021-09-30,18,47.83
2021-09-30,19,53.64
2021-09-30,20,52.53
2021-09-30,21,49.78
2021-09-30,22,48.52
2021-09-30,23,31.78
2021-09-30,24,31.17
2021-10-01,1,111.11
2021-10-01,2,40.86
2021-10-01,3,44.63
2021-10-01,4,46.8
2021-10-01,5,27.18
2021-10-01,6,59.97
2021-10-01,7,133.16
2021-10-01,8,70.78
2021-10-01,9,49.33
2021-10-01,10,49.32
2021-10-01,11,49.29
2021-10-01,12,46.09
2021-10-01,13,40.16
2021-10-01,14,18.48
2021-10-01,15,48.55
2021-10-01,16,49.33
2021-10-01,17,46.37
2021-10-01,18,49.79
2021-10-01,19,49.41
2021-10-01,20,49.53
2021-10-01,21,38.93
2021-10-01,22,27.57
2021-10-01,23,23.32
2021-10-01,24,8.61
2021-10-02,1,0.0
2021-10-02,2,5.88
2021-10-02,3,5.83
2021-10-02,4,19.38
2021-10-02,5,18.7
2021-10-02,6,34.47
2021-10-02,7,32.31
2021-10-02,8,34.77
2021-10-02,9,47.88
2021-10-02,10,48.59
2021-10-02,11,48.41
2021-10-02,12,48.44
2021-10-02,13,50.72
2021-10-02,14,48.4
2021-10-02,15,45.72
2021-10-02,16,49.08
2021-10-02,17,52.81
2021-10-02,18,52.88
2021-10-02,19,51.39
2021-10-02,20,48.23
2021-10-02,21,34.33
2021-10-02,22,28.34
2021-10-02,23,13.7
2021-10-02,24,38.97
2021-10-03,1,89.37
2021-10-03,2,104.25
2021-10-03,3,100.7
2021-10-03,4,81.45
2021-10-03,5,63.78
2021-10-03,6,53.98
2021-10-03,7,38.18
2021-10-03,8,40.45
2021-10-03,9,48.14
2021-10-03,10,51.95
2021-10-03,11,55.65
2021-10-03,12,55.93
2021-10-03,13,57.45
2021-10-03,14,52.91
2021-10-03,15,52.94
2021-10-03,16,53.05
2021-10-03,17,53.13
2021-10-03,18,54.5
2021-10-03,19,53.48
2021-10-03,20,52.79
2021-10-03,21,51.18
2021-10-03,22,51.57
2021-10-03,23,30.09
2021-10-03,24,33.45
2021-10-04,1,44.99
2021-10-04,2,47.21
2021-10-04,3,49.05
2021-10-04,4,38.9
2021-10-04,5,14.35
2021-10-04,6,34.0
2021-10-04,7,42.48
2021-10-04,8,45.71
2021-10-04,9,48.67
2021-10-04,10,48.14
2021-10-04,11,54.49
2021-10-04,12,53.27
2021-10-04,13,51.59
2021-10-04,14,46.01
2021-10-04,15,46.42
2021-10-04,16,45.99
2021-10-04,17,37.05
2021-10-04,18,37.53
2021-10-04,19,42.08
2021-10-04,20,42.57
2021-10-04,21,39.12
2021-10-04,22,45.0
2021-10-04,23,50.84
2021-10-04,24,38.29
2021-10-05,1,38.49
2021-10-05,2,44.11
2021-10-05,3,34.03
2021-10-05,4,39.68
2021-10-05,5,24.11
2021-10-05,6,48.49
2021-10-05,7,60.84
2021-10-05,8,64.04
2021-10-05,9,61.71
2021-10-05,10,58.34
2021-10-05,11,57.2
2021-10-05,12,54.4
2021-10-05,13,53.98
2021-10-05,14,54.34
2021-10-05,15,52.69
2021-10-05,16,53.53
2021-10-05,17,56.87
2021-10-05,18,90.22
2021-10-05,19,64.26
2021-10-05,20,56.32
2021-10-05,21,54.13
2021-10-05,22,56.47
2021-10-05,23,53.48
2021-10-05,24,28.61
2021-10-06,1,32.46
2021-10-06,2,39.74
2021-10-06,3,39.45
2021-10-06,4,45.09
2021-10-06,5,15.23
2021-10-06,6,48.39
2021-10-06,7,56.18
2021-10-06,8,56.47
2021-10-06,9,56.29
2021-10-06,10,56.18
2021-10-06,11,56.21
2021-10-06,12,54.38
2021-10-06,13,55.89
2021-10-06,14,48.45
2021-10-06,15,53.17
2021-10-06,16,51.12
2021-10-06,17,56.95
2021-10-06,18,54.9
2021-10-06,19,57.09
2021-10-06,20,56.29
2021-10-06,21,55.52
2021-10-06,22,52.71
2021-10-06,23,54.76
2021-10-06,24,45.42
2021-10-07,1,47.95
2021-10-07,2,24.59
2021-10-07,3,22.05
2021-10-07,4,37.81
2021-10-07,5,43.08
2021-10-07,6,50.3
2021-10-07,7,58.19
2021-10-07,8,63.59
2021-10-07,9,59.66
2021-10-07,10,57.99
2021-10-07,11,56.6
2021-10-07,12,54.45
2021-10-07,13,56.91
2021-10-07,14,57.87
2021-10-07,15,62.36
2021-10-07,16,58.29
2021-10-07,17,66.82
2021-10-07,18,59.56
2021-10-07,19,61.85
2021-10-07,20,61.97
2021-10-07,21,58.25
2021-10-07,22,56.25
2021-10-07,23,53.49
2021-10-07,24,50.41
2021-10-08,1,44.24
2021-10-08,2,37.5
2021-10-08,3,22.94
2021-10-08,4,22.95
2021-10-08,5,37.76
2021-10-08,6,51.65
2021-10-08,7,54.44
2021-10-08,8,55.03
2021-10-08,9,55.07
2021-10-08,10,56.53
2021-10-08,11,59.96
2021-10-08,12,56.05
2021-10-08,13,59.93
2021-10-08,14,55.11
2021-10-08,15,59.17
2021-10-08,16,71.95
2021-10-08,17,58.13
2021-10-08,18,55.91
2021-10-08,19,56.67
2021-10-08,20,55.44
2021-10-08,21,52.14
2021-10-08,22,51.94
2021-10-08,23,60.92
2021-10-08,24,77.1
2021-10-09,1,138.55
2021-10-09,2,80.55
2021-10-09,3,101.66
2021-10-09,4,62.52
2021-10-09,5,17.15
2021-10-09,6,30.93
2021-10-09,7,49.25
2021-10-09,8,66.48
2021-10-09,9,73.0
2021-10-09,10,83.32
2021-10-09,11,101.03
2021-10-09,12,103.56
2021-10-09,13,123.89
2021-10-09,14,61.08
2021-10-09,15,58.94
2021-10-09,16,69.71
2021-10-09,17,215.58
2021-10-09,18,76.44
2021-10-09,19,100.26
2021-10-09,20,49.52
2021-10-09,21,49.18
2021-10-09,22,44.16
2021-10-09,23,20.44
2021-10-09,24,5.37
2021-10-10,1,14.35
2021-10-10,2,50.92
2021-10-10,3,36.85
2021-10-10,4,14.39
2021-10-10,5,21.93
2021-10-10,6,27.64
2021-10-10,7,13.66
2021-10-10,8,9.32
2021-10-10,9,40.26
2021-10-10,10,60.64
2021-10-10,11,194.49
2021-10-10,12,1150.22
2021-10-10,13,163.86
2021-10-10,14,27.91
2021-10-10,15,2.42
2021-10-10,16,47.24
2021-10-10,17,47.64
2021-10-10,18,22.62
2021-10-10,19,11.6
2021-10-10,20,28.27
2021-10-10,21,9.71
2021-10-10,22,11.03
2021-10-10,23,13.69
2021-10-10,24,21.37
2021-10-11,1,5.86
2021-10-11,2,13.23
2021-10-11,3,1.91
2021-10-11,4,0.95
2021-10-11,5,2.39
2021-10-11,6,2.64
2021-10-11,7,5.58
2021-10-11,8,23.49
2021-10-11,9,28.53
2021-10-11,10,14.38
2021-10-11,11,13.01
2021-10-11,12,48.35
2021-10-11,13,14.37
2021-10-11,14,10.95
2021-10-11,15,35.84
2021-10-11,16,47.64
2021-10-11,17,48.95
2021-10-11,18,49.53
2021-10-11,19,47.51
2021-10-11,20,30.58
2021-10-11,21,14.06
2021-10-11,22,19.65
2021-10-11,23,19.25
2021-10-11,24,1.46
2021-10-12,1,0.47
2021-10-12,2,0.0
2021-10-12,3,0.0
2021-10-12,4,0.0
2021-10-12,5,0.48
2021-10-12,6,5.8
2021-10-12,7,19.77
2021-10-12,8,25.2
2021-10-12,9,38.05
2021-10-12,10,46.94
2021-10-12,11,46.57
2021-10-12,12,47.16
2021-10-12,13,45.7
2021-10-12,14,40.75
2021-10-12,15,38.65
2021-10-12,16,41.17
2021-10-12,17,54.82
2021-10-12,18,60.23
2021-10-12,19,51.9
2021-10-12,20,45.2
2021-10-12,21,43.53
2021-10-12,22,43.42
2021-10-12,23,40.02
2021-10-12,24,32.46
2021-10-13,1,46.22
2021-10-13,2,51.79
2021-10-13,3,52.63
2021-10-13,4,39.87
2021-10-13,5,16.23
2021-10-13,6,31.96
2021-10-13,7,45.09
2021-10-13,8,47.99
2021-10-13,9,52.64
2021-10-13,10,54.42
2021-10-13,11,53.55
2021-10-13,12,52.24
2021-10-13,13,54.88
2021-10-13,14,56.2
2021-10-13,15,55.34
2021-10-13,16,51.08
2021-10-13,17,62.32
2021-10-13,18,68.44
2021-10-13,19,64.38
2021-10-13,20,48.48
2021-10-13,21,50.9
2021-10-13,22,39.4
2021-10-13,23,25.85
2021-10-13,24,22.86
2021-10-14,1,30.64
2021-10-14,2,25.01
2021-10-14,3,24.06
2021-10-14,4,39.7
2021-10-14,5,13.68
2021-10-14,6,27.33
2021-10-14,7,49.8
2021-10-14,8,47.56
2021-10-14,9,48.44
2021-10-14,10,52.8
2021-10-14,11,56.35
2021-10-14,12,54.97
2021-10-14,13,54.77
2021-10-14,14,53.98
2021-10-14,15,51.46
2021-10-14,16,52.11
2021-10-14,17,57.12
2021-10-14,18,51.04
2021-10-14,19,48.36
2021-10-14,20,48.36
2021-10-14,21,49.49
2021-10-14,22,48.27
2021-10-14,23,47.76
2021-10-14,24,40.37
2021-10-15,1,33.99
2021-10-15,2,47.29
2021-10-15,3,50.72
2021-10-15,4,55.42
2021-10-15,5,10.49
2021-10-15,6,42.34
2021-10-15,7,55.42
2021-10-15,8,61.85
2021-10-15,9,60.38
2021-10-15,10,85.27
2021-10-15,11,62.57
2021-10-15,12,56.88
2021-10-15,13,54.76
2021-10-15,14,58.02
2021-10-15,15,66.21
2021-10-15,16,54.52
2021-10-15,17,75.26
2021-10-15,18,70.26
2021-10-15,19,56.77
2021-10-15,20,49.37
2021-10-15,21,25.11
2021-10-15,22,19.75
2021-10-15,23,32.18
2021-10-15,24,89.57
2021-10-16,1,41.96
2021-10-16,2,12.37
2021-10-16,3,13.86
2021-10-16,4,17.47
2021-10-16,5,43.3
2021-10-16,6,12.63
2021-10-16,7,5.35
2021-10-16,8,1.88
2021-10-16,9,8.81
2021-10-16,10,45.51
2021-10-16,11,23.7
2021-10-16,12,9.25
2021-10-16,13,7.63
2021-10-16,14,0.87
2021-10-16,15,3.29
2021-10-16,16,8.95
2021-10-16,17,10.44
2021-10-16,18,4.94
2021-10-16,19,5.87
2021-10-16,20,3.36
2021-10-16,21,3.34
2021-10-16,22,4.51
2021-10-16,23,6.69
2021-10-16,24,5.36
2021-10-17,1,3.82
2021-10-17,2,0.0
2021-10-17,3,0.0
2021-10-17,4,0.0
2021-10-17,5,0.0
2021-10-17,6,0.0
2021-10-17,7,7.38
2021-10-17,8,13.7
2021-10-17,9,15.45
2021-10-17,10,45.78
2021-10-17,11,8.19
2021-10-17,12,0.0
2021-10-17,13,0.0
2021-10-17,14,0.4
2021-10-17,15,0.0
2021-10-17,16,1.88
2021-10-17,17,32.64
2021-10-17,18,46.29
2021-10-17,19,45.65
2021-10-17,20,23.22
2021-10-17,21,8.78
2021-10-17,22,3.45
2021-10-17,23,0.0
2021-10-17,24,0.0
2021-10-18,1,0.0
2021-10-18,2,0.0
2021-10-18,3,0.0
2021-10-18,4,0.0
2021-10-18,5,1.36
2021-10-18,6,6.23
2021-10-18,7,42.41
2021-10-18,8,46.46
2021-10-18,9,45.58
2021-10-18,10,27.02
2021-10-18,11,11.56
2021-10-18,12,24.13
2021-10-18,13,14.37
2021-10-18,14,14.35
2021-10-18,15,12.42
2021-10-18,16,38.23
2021-10-18,17,51.83
2021-10-18,18,56.19
2021-10-18,19,54.4
2021-10-18,20,48.97
2021-10-18,21,51.19
2021-10-18,22,47.36
2021-10-18,23,39.4
2021-10-18,24,8.37
2021-10-19,1,11.62
2021-10-19,2,14.37
2021-10-19,3,25.56
2021-10-19,4,16.62
2021-10-19,5,31.25
2021-10-19,6,41.57
2021-10-19,7,89.05
2021-10-19,8,44.8
2021-10-19,9,44.78
2021-10-19,10,44.55
2021-10-19,11,44.59
2021-10-19,12,44.01
2021-10-19,13,43.34
2021-10-19,14,30.82
2021-10-19,15,38.9
2021-10-19,16,41.15
2021-10-19,17,46.05
2021-10-19,18,47.23
2021-10-19,19,47.18
2021-10-19,20,43.06
2021-10-19,21,24.24
2021-10-19,22,5.65
2021-10-19,23,2.74
2021-10-19,24,0.97
2021-10-20,1,3.77
2021-10-20,2,13.71
2021-10-20,3,8.28
2021-10-20,4,3.71
2021-10-20,5,1.43
2021-10-20,6,29.96
2021-10-20,7,43.2
2021-10-20,8,43.13
2021-10-20,9,43.34
2021-10-20,10,44.86
2021-10-20,11,45.83
2021-10-20,12,46.1
2021-10-20,13,44.99
2021-10-20,14,34.19
2021-10-20,15,36.38
2021-10-20,16,38.54
2021-10-20,17,44.27
2021-10-20,18,45.72
2021-10-20,19,45.6
2021-10-20,20,42.36
2021-10-20,21,41.84
2021-10-20,22,27.61
2021-10-20,23,24.8
2021-10-20,24,11.83
2021-10-21,1,26.23
2021-10-21,2,19.36
2021-10-21,3,12.68
2021-10-21,4,8.92
2021-10-21,5,14.06
2021-10-21,6,29.42
2021-10-21,7,42.61
2021-10-21,8,43.94
2021-10-21,9,46.2
2021-10-21,10,45.05
2021-10-21,11,44.67
2021-10-21,12,42.9
2021-10-21,13,34.01
2021-10-21,14,32.51
2021-10-21,15,42.21
2021-10-21,16,42.66
2021-10-21,17,22.94
2021-10-21,18,27.61
2021-10-21,19,23.59
2021-10-21,20,20.64
2021-10-21,21,21.11
2021-10-21,22,15.9
2021-10-21,23,2.48
2021-10-21,24,6.14
2021-10-22,1,5.2
2021-10-22,2,7.09
2021-10-22,3,10.9
2021-10-22,4,29.18
2021-10-22,5,25.17
2021-10-22,6,32.0
2021-10-22,7,47.01
2021-10-22,8,45.67
2021-10-22,9,45.19
2021-10-22,10,45.88
2021-10-22,11,46.92
2021-10-22,12,47.26
2021-10-22,13,52.48
2021-10-22,14,49.25
2021-10-22,15,49.13
2021-10-22,16,49.29
2021-10-22,17,45.56
2021-10-22,18,49.03
2021-10-22,19,49.04
2021-10-22,20,48.71
2021-10-22,21,48.77
2021-10-22,22,42.59
2021-10-22,23,41.01
2021-10-22,24,37.57
2021-10-23,1,46.62
2021-10-23,2,33.07
2021-10-23,3,47.11
2021-10-23,4,46.15
2021-10-23,5,42.07
2021-10-23,6,42.75
2021-10-23,7,42.38
2021-10-23,8,47.92
2021-10-23,9,47.71
2021-10-23,10,49.62
2021-10-23,11,46.0
2021-10-23,12,44.77
2021-10-23,13,39.22
2021-10-23,14,38.45
2021-10-23,15,39.76
2021-10-23,16,44.75
2021-10-23,17,44.81
2021-10-23,18,68.63
2021-10-23,19,48.36
2021-10-23,20,45.68
2021-10-23,21,45.43
2021-10-23,22,45.76
2021-10-23,23,36.17
2021-10-23,24,38.9
2021-10-24,1,26.61
2021-10-24,2,28.2
2021-10-24,3,42.55
2021-10-24,4,35.45
2021-10-24,5,42.11
2021-10-24,6,45.56
2021-10-24,7,37.27
2021-10-24,8,44.94
2021-10-24,9,14.36
2021-10-24,10,14.36
2021-10-24,11,14.38
2021-10-24,12,41.9
2021-10-24,13,44.9
2021-10-24,14,48.48
2021-10-24,15,48.97
2021-10-24,16,36.54
2021-10-24,17,43.85
2021-10-24,18,49.22
2021-10-24,19,45.92
2021-10-24,20,42.94
2021-10-24,21,33.01
2021-10-24,22,26.32
2021-10-24,23,10.18
2021-10-24,24,11.87
2021-10-25,1,8.05
2021-10-25,2,3.73
2021-10-25,3,0.0
2021-10-25,4,0.0
2021-10-25,5,5.27
2021-10-25,6,14.71
2021-10-25,7,38.7
2021-10-25,8,45.04
2021-10-25,9,44.44
2021-10-25,10,34.42
2021-10-25,11,26.04
2021-10-25,12,43.64
2021-10-25,13,46.75
2021-10-25,14,45.44
2021-10-25,15,42.46
2021-10-25,16,44.5
2021-10-25,17,45.35
2021-10-25,18,44.78
2021-10-25,19,41.94
2021-10-25,20,11.54
2021-10-25,21,11.09
2021-10-25,22,3.87
2021-10-25,23,2.92
2021-10-25,24,0.0
2021-10-26,1,0.0
2021-10-26,2,0.0
2021-10-26,3,0.0
2021-10-26,4,1.42
2021-10-26,5,11.51
2021-10-26,6,26.67
2021-10-26,7,48.09
2021-10-26,8,50.67
2021-10-26,9,49.57
2021-10-26,10,47.0
2021-10-26,11,23.4
2021-10-26,12,14.35
2021-10-26,13,16.64
2021-10-26,14,14.37
2021-10-26,15,25.11
2021-10-26,16,36.94
2021-10-26,17,50.1
2021-10-26,18,45.71
2021-10-26,19,50.49
2021-10-26,20,23.4
2021-10-26,21,33.7
2021-10-26,22,30.09
2021-10-26,23,25.28
2021-10-26,24,37.8
2021-10-27,1,56.95
2021-10-27,2,55.49
2021-10-27,3,11.59
2021-10-27,4,10.98
2021-10-27,5,12.72
2021-10-27,6,49.31
2021-10-27,7,52.88
2021-10-27,8,53.75
2021-10-27,9,51.46
2021-10-27,10,50.84
2021-10-27,11,50.72
2021-10-27,12,50.83
2021-10-27,13,49.2
2021-10-27,14,37.96
2021-10-27,15,47.64
2021-10-27,16,50.64
2021-10-27,17,51.71
2021-10-27,18,54.15
2021-10-27,19,52.95
2021-10-27,20,51.88
2021-10-27,21,50.36
2021-10-27,22,36.47
2021-10-27,23,39.43
2021-10-27,24,20.74
2021-10-28,1,15.37
2021-10-28,2,4.49
2021-10-28,3,0.0
2021-10-28,4,0.0
2021-10-28,5,1.45
2021-10-28,6,17.71
2021-10-28,7,13.65
2021-10-28,8,14.32
2021-10-28,9,25.13
2021-10-28,10,13.81
2021-10-28,11,14.4
2021-10-28,12,14.4
2021-10-28,13,14.06
2021-10-28,14,8.57
2021-10-28,15,4.38
2021-10-28,16,5.76
2021-10-28,17,10.65
2021-10-28,18,13.64
2021-10-28,19,12.95
2021-10-28,20,13.89
2021-10-28,21,8.13
2021-10-28,22,7.78
2021-10-28,23,5.76
2021-10-28,24,4.22
2021-10-29,1,5.68
2021-10-29,2,0.47
2021-10-29,3,0.0
2021-10-29,4,0.0
2021-10-29,5,0.47
2021-10-29,6,6.96
2021-10-29,7,15.85
2021-10-29,8,31.49
2021-10-29,9,58.69
2021-10-29,10,76.02
2021-10-29,11,16.08
2021-10-29,12,14.4
2021-10-29,13,47.87
2021-10-29,14,13.89
2021-10-29,15,13.89
2021-10-29,16,16.4
2021-10-29,17,14.4
2021-10-29,18,14.38
2021-10-29,19,8.48
2021-10-29,20,14.15
2021-10-29,21,39.46
2021-10-29,22,36.8
2021-10-29,23,8.25
2021-10-29,24,0.94
2021-10-30,1,13.42
2021-10-30,2,10.45
2021-10-30,3,1.97
2021-10-30,4,8.56
2021-10-30,5,13.77
2021-10-30,6,33.8
2021-10-30,7,34.35
2021-10-30,8,42.36
2021-10-30,9,45.3
2021-10-30,10,49.06
2021-10-30,11,57.62
2021-10-30,12,49.5
2021-10-30,13,48.86
2021-10-30,14,49.01
2021-10-30,15,50.9
2021-10-30,16,50.95
2021-10-30,17,51.55
2021-10-30,18,51.54
2021-10-30,19,49.82
2021-10-30,20,49.91
2021-10-30,21,48.65
2021-10-30,22,49.01
2021-10-30,23,33.86
2021-10-30,24,39.98
2021-10-31,1,33.92
2021-10-31,2,50.94
2021-10-31,3,43.96
2021-10-31,4,14.37
2021-10-31,5,19.41
2021-10-31,6,46.65
2021-10-31,7,29.53
2021-10-31,8,27.82
2021-10-31,9,49.77
2021-10-31,10,18.29
2021-10-31,11,7.81
2021-10-31,12,6.79
2021-10-31,13,7.43
2021-10-31,14,8.13
2021-10-31,15,14.06
2021-10-31,16,14.38
2021-10-31,17,12.84
2021-10-31,18,1.28
2021-10-31,19,2.26
2021-10-31,20,0.0
2021-10-31,21,2.47
2021-10-31,22,0.0
2021-10-31,23,0.0
2021-10-31,24,0.0
2021-11-01,1,0.0
2021-11-01,2,0.0
2021-11-01,3,0.0
2021-11-01,4,0.0
2021-11-01,5,0.48
2021-11-01,6,5.71
2021-11-01,7,34.55
2021-11-01,8,21.98
2021-11-01,9,14.23
2021-11-01,10,16.03
2021-11-01,11,11.81
2021-11-01,12,1.45
2021-11-01,13,2.82
2021-11-01,14,5.8
2021-11-01,15,24.16
2021-11-01,16,22.17
2021-11-01,17,37.6
2021-11-01,18,48.54
2021-11-01,19,38.33
2021-11-01,20,11.92
2021-11-01,21,5.64
2021-11-01,22,9.18
2021-11-01,23,9.47
2021-11-01,24,4.11
2021-11-02,1,3.4
2021-11-02,2,0.0
2021-11-02,3,7.73
2021-11-02,4,14.38
2021-11-02,5,14.39
2021-11-02,6,25.03
2021-11-02,7,39.9
2021-11-02,8,46.26
2021-11-02,9,45.9
2021-11-02,10,47.16
2021-11-02,11,40.4
2021-11-02,12,45.26
2021-11-02,13,50.17
2021-11-02,14,46.16
2021-11-02,15,46.38
2021-11-02,16,43.74
2021-11-02,17,46.67
2021-11-02,18,48.03
2021-11-02,19,47.19
2021-11-02,20,46.66
2021-11-02,21,39.76
2021-11-02,22,13.71
2021-11-02,23,22.23
2021-11-02,24,36.86
2021-11-03,1,36.02
2021-11-03,2,58.19
2021-11-03,3,49.15
2021-11-03,4,48.47
2021-11-03,5,45.18
2021-11-03,6,48.6
2021-11-03,7,66.52
2021-11-03,8,56.76
2021-11-03,9,54.2
2021-11-03,10,48.93
2021-11-03,11,48.59
2021-11-03,12,48.61
2021-11-03,13,32.55
2021-11-03,14,48.58
2021-11-03,15,48.6
2021-11-03,16,48.84
2021-11-03,17,57.53
2021-11-03,18,61.63
2021-11-03,19,54.68
2021-11-03,20,51.77
2021-11-03,21,48.63
2021-11-03,22,46.63
2021-11-03,23,43.3
2021-11-03,24,47.4
2021-11-04,1,42.32
2021-11-04,2,26.56
2021-11-04,3,22.83
2021-11-04,4,31.53
2021-11-04,5,32.12
2021-11-04,6,52.68
2021-11-04,7,75.31
2021-11-04,8,62.74
2021-11-04,9,66.57
2021-11-04,10,57.27
2021-11-04,11,51.02
2021-11-04,12,50.82
2021-11-04,13,50.72
2021-11-04,14,50.75
2021-11-04,15,50.38
2021-11-04,16,53.0
2021-11-04,17,57.18
2021-11-04,18,58.69
2021-11-04,19,57.68
2021-11-04,20,55.72
2021-11-04,21,50.98
2021-11-04,22,50.88
2021-11-04,23,47.97
2021-11-04,24,51.57
2021-11-05,1,54.57
2021-11-05,2,49.92
2021-11-05,3,45.67
2021-11-05,4,19.57
2021-11-05,5,16.81
2021-11-05,6,55.18
2021-11-05,7,60.33
2021-11-05,8,67.05
2021-11-05,9,57.94
2021-11-05,10,51.96
2021-11-05,11,43.42
2021-11-05,12,51.64
2021-11-05,13,43.17
2021-11-05,14,23.74
2021-11-05,15,15.81
2021-11-05,16,14.84
2021-11-05,17,51.27
2021-11-05,18,54.18
2021-11-05,19,51.41
2021-11-05,20,51.62
2021-11-05,21,51.28
2021-11-05,22,46.43
2021-11-05,23,39.29
2021-11-05,24,13.14
2021-11-06,1,14.36
2021-11-06,2,52.0
2021-11-06,3,48.35
2021-11-06,4,31.88
2021-11-06,5,13.15
2021-11-06,6,1.0
2021-11-06,7,22.05
2021-11-06,8,50.18
2021-11-06,9,50.94
2021-11-06,10,50.21
2021-11-06,11,41.54
2021-11-06,12,6.17
2021-11-06,13,11.79
2021-11-06,14,14.33
2021-11-06,15,13.66
2021-11-06,16,17.62
2021-11-06,17,48.72
2021-11-06,18,48.95
2021-11-06,19,44.32
2021-11-06,20,19.36
2021-11-06,21,60.67
2021-11-06,22,43.25
2021-11-06,23,35.24
2021-11-06,24,13.15
2021-11-07,1,24.1
2021-11-07,2,14.38
2021-11-07,3,24.36
2021-11-07,4,24.36
2021-11-07,5,45.33
2021-11-07,6,46.66
2021-11-07,7,39.67
2021-11-07,8,33.85
2021-11-07,9,14.37
2021-11-07,10,44.55
2021-11-07,11,48.84
2021-11-07,12,46.48
2021-11-07,13,28.5
2021-11-07,14,38.75
2021-11-07,15,27.55
2021-11-07,16,36.42
2021-11-07,17,45.95
2021-11-07,18,52.41
2021-11-07,19,52.01
2021-11-07,20,54.13
2021-11-07,21,52.04
2021-11-07,22,27.36
2021-11-07,23,20.1
2021-11-07,24,16.74
2021-11-08,1,19.66
2021-11-08,2,20.09
2021-11-08,3,21.98
2021-11-08,4,14.35
2021-11-08,5,14.32
2021-11-08,6,1.68
2021-11-08,7,30.54
2021-11-08,8,47.84
2021-11-08,9,47.85
2021-11-08,10,48.35
2021-11-08,11,50.0
2021-11-08,12,47.77
2021-11-08,13,39.34
2021-11-08,14,26.7
2021-11-08,15,35.0
2021-11-08,16,47.28
2021-11-08,17,48.67
2021-11-08,18,51.77
2021-11-08,19,49.44
2021-11-08,20,49.06
2021-11-08,21,49.1
2021-11-08,22,49.15
2021-11-08,23,48.27
2021-11-08,24,27.63
2021-11-09,1,31.0
2021-11-09,2,63.91
2021-11-09,3,53.72
2021-11-09,4,44.29
2021-11-09,5,17.2
2021-11-09,6,41.15
2021-11-09,7,49.64
2021-11-09,8,52.12
2021-11-09,9,53.25
2021-11-09,10,53.17
2021-11-09,11,52.76
2021-11-09,12,53.59
2021-11-09,13,55.33
2021-11-09,14,57.77
2021-11-09,15,53.65
2021-11-09,16,52.68
2021-11-09,17,59.97
2021-11-09,18,95.32
2021-11-09,19,54.71
2021-11-09,20,54.26
2021-11-09,21,52.75
2021-11-09,22,52.35
2021-11-09,23,51.42
2021-11-09,24,49.64
2021-11-10,1,49.59
2021-11-10,2,42.06
2021-11-10,3,42.36
2021-11-10,4,40.94
2021-11-10,5,36.35
2021-11-10,6,44.42
2021-11-10,7,48.7
2021-11-10,8,66.48
2021-11-10,9,52.0
2021-11-10,10,45.12
2021-11-10,11,44.98
2021-11-10,12,44.96
2021-11-10,13,45.08
2021-11-10,14,45.04
2021-11-10,15,48.57
2021-11-10,16,47.78
2021-11-10,17,50.01
2021-11-10,18,53.8
2021-11-10,19,51.99
2021-11-10,20,49.89
2021-11-10,21,50.2
2021-11-10,22,47.15
2021-11-10,23,39.42
2021-11-10,24,23.79
2021-11-11,1,9.49
2021-11-11,2,5.32
2021-11-11,3,10.77
2021-11-11,4,22.25
2021-11-11,5,33.94
2021-11-11,6,10.54
2021-11-11,7,23.12
2021-11-11,8,41.96
2021-11-11,9,42.03
2021-11-11,10,42.08
2021-11-11,11,41.49
2021-11-11,12,41.64
2021-11-11,13,15.59
2021-11-11,14,36.88
2021-11-11,15,36.91
2021-11-11,16,39.04
2021-11-11,17,31.94
2021-11-11,18,49.78
2021-11-11,19,43.04
2021-11-11,20,42.28
2021-11-11,21,42.22
2021-11-11,22,42.83
2021-11-11,23,43.32
2021-11-11,24,59.92
2021-11-12,1,24.68
2021-11-12,2,7.62
2021-11-12,3,0.11
2021-11-12,4,13.23
2021-11-12,5,43.04
2021-11-12,6,44.03
2021-11-12,7,44.03
2021-11-12,8,34.48
2021-11-12,9,13.36
2021-11-12,10,13.36
2021-11-12,11,15.49
2021-11-12,12,11.29
2021-11-12,13,12.74
2021-11-12,14,15.52
2021-11-12,15,21.93
2021-11-12,16,35.18
2021-11-12,17,45.19
2021-11-12,18,46.87
2021-11-12,19,43.66
2021-11-12,20,47.41
2021-11-12,21,46.27
2021-11-12,22,44.02
2021-11-12,23,44.56
2021-11-12,24,34.62
2021-11-13,1,37.38
2021-11-13,2,43.99
2021-11-13,3,42.16
2021-11-13,4,35.12
2021-11-13,5,31.66
2021-11-13,6,32.12
2021-11-13,7,19.98
2021-11-13,8,31.08
2021-11-13,9,38.69
2021-11-13,10,45.21
2021-11-13,11,17.88
2021-11-13,12,12.79
2021-11-13,13,27.05
2021-11-13,14,40.2
2021-11-13,15,31.89
2021-11-13,16,15.9
2021-11-13,17,22.85
2021-11-13,18,48.38
2021-11-13,19,48.13
2021-11-13,20,43.94
2021-11-13,21,51.05
2021-11-13,22,30.29
2021-11-13,23,51.03
2021-11-13,24,49.8
2021-11-14,1,53.55
2021-11-14,2,50.75
2021-11-14,3,27.72
2021-11-14,4,25.08
2021-11-14,5,36.71
2021-11-14,6,33.69
2021-11-14,7,38.98
2021-11-14,8,33.28
2021-11-14,9,44.63
2021-11-14,10,39.39
2021-11-14,11,42.94
2021-11-14,12,46.96
2021-11-14,13,49.68
2021-11-14,14,49.02
2021-11-14,15,49.12
2021-11-14,16,49.02
2021-11-14,17,51.3
2021-11-14,18,51.21
2021-11-14,19,49.51
2021-11-14,20,49.02
2021-11-14,21,49.41
2021-11-14,22,48.98
2021-11-14,23,49.67
2021-11-14,24,48.49
2021-11-15,1,50.64
2021-11-15,2,31.79
2021-11-15,3,18.97
2021-11-15,4,23.94
2021-11-15,5,39.86
2021-11-15,6,20.38
2021-11-15,7,44.25
2021-11-15,8,47.75
2021-11-15,9,48.85
2021-11-15,10,48.07
2021-11-15,11,45.32
2021-11-15,12,45.15
2021-11-15,13,44.35
2021-11-15,14,40.4
2021-11-15,15,43.49
2021-11-15,16,40.6
2021-11-15,17,47.9
2021-11-15,18,52.16
2021-11-15,19,49.24
2021-11-15,20,46.32
2021-11-15,21,49.81
2021-11-15,22,43.62
2021-11-15,23,44.07
2021-11-15,24,43.08
2021-11-16,1,41.76
2021-11-16,2,34.07
2021-11-16,3,29.65
2021-11-16,4,31.62
2021-11-16,5,17.91
2021-11-16,6,21.58
2021-11-16,7,40.58
2021-11-16,8,47.9
2021-11-16,9,47.99
2021-11-16,10,47.84
2021-11-16,11,47.68
2021-11-16,12,47.62
2021-11-16,13,46.12
2021-11-16,14,43.98
2021-11-16,15,45.05
2021-11-16,16,46.06
2021-11-16,17,49.81
2021-11-16,18,50.66
2021-11-16,19,48.57
2021-11-16,20,44.48
2021-11-16,21,43.73
2021-11-16,22,44.07
2021-11-16,23,45.27
2021-11-16,24,20.34
2021-11-17,1,48.07
2021-11-17,2,29.53
2021-11-17,3,10.56
2021-11-17,4,0.51
2021-11-17,5,6.6
2021-11-17,6,16.03
2021-11-17,7,30.86
2021-11-17,8,45.32
2021-11-17,9,53.0
2021-11-17,10,47.95
2021-11-17,11,58.8
2021-11-17,12,46.85
2021-11-17,13,47.08
2021-11-17,14,46.47
2021-11-17,15,11.34
2021-11-17,16,26.4
2021-11-17,17,49.89
2021-11-17,18,46.72
2021-11-17,19,51.19
2021-11-17,20,25.96
2021-11-17,21,36.14
2021-11-17,22,38.02
2021-11-17,23,28.03
2021-11-17,24,15.79
2021-11-18,1,41.91
2021-11-18,2,45.53
2021-11-18,3,34.47
2021-11-18,4,8.86
2021-11-18,5,0.0
2021-11-18,6,1.91
2021-11-18,7,5.06
2021-11-18,8,3.11
2021-11-18,9,8.03
2021-11-18,10,43.13
2021-11-18,11,19.29
2021-11-18,12,1.49
2021-11-18,13,0.42
2021-11-18,14,34.05
2021-11-18,15,13.46
2021-11-18,16,8.03
2021-11-18,17,27.46
2021-11-18,18,43.91
2021-11-18,19,44.31
2021-11-18,20,43.92
2021-11-18,21,43.96
2021-11-18,22,35.77
2021-11-18,23,10.94
2021-11-18,24,4.57
2021-11-19,1,9.54
2021-11-19,2,14.38
2021-11-19,3,47.48
2021-11-19,4,16.53
2021-11-19,5,24.9
2021-11-19,6,13.74
2021-11-19,7,39.13
2021-11-19,8,48.76
2021-11-19,9,45.07
2021-11-19,10,45.06
2021-11-19,11,45.02
2021-11-19,12,41.47
2021-11-19,13,45.22
2021-11-19,14,46.54
2021-11-19,15,49.59
2021-11-19,16,50.32
2021-11-19,17,82.43
2021-11-19,18,99.63
2021-11-19,19,60.81
2021-11-19,20,50.27
2021-11-19,21,49.32
2021-11-19,22,48.46
2021-11-19,23,49.11
2021-11-19,24,35.82
2021-11-20,1,33.93
2021-11-20,2,17.87
2021-11-20,3,19.11
2021-11-20,4,35.2
2021-11-20,5,37.32
2021-11-20,6,26.78
2021-11-20,7,14.75
2021-11-20,8,9.48
2021-11-20,9,35.45
2021-11-20,10,44.2
2021-11-20,11,25.71
2021-11-20,12,44.52
2021-11-20,13,44.81
2021-11-20,14,45.3
2021-11-20,15,47.45
2021-11-20,16,45.37
2021-11-20,17,45.92
2021-11-20,18,47.42
2021-11-20,19,45.33
2021-11-20,20,44.79
2021-11-20,21,44.6
2021-11-20,22,45.52
2021-11-20,23,44.74
2021-11-20,24,62.62
2021-11-21,1,54.02
2021-11-21,2,84.34
2021-11-21,3,48.19
2021-11-21,4,44.57
2021-11-21,5,37.75
2021-11-21,6,22.81
2021-11-21,7,23.65
2021-11-21,8,43.98
2021-11-21,9,25.94
2021-11-21,10,40.82
2021-11-21,11,13.64
2021-11-21,12,11.02
2021-11-21,13,44.87
2021-11-21,14,36.62
2021-11-21,15,42.23
2021-11-21,16,42.59
2021-11-21,17,45.06
2021-11-21,18,44.97
2021-11-21,19,40.38
2021-11-21,20,11.23
2021-11-21,21,29.55
2021-11-21,22,41.33
2021-11-21,23,28.25
2021-11-21,24,17.81
2021-11-22,1,4.53
2021-11-22,2,0.08
2021-11-22,3,1.78
2021-11-22,4,10.38
2021-11-22,5,6.46
2021-11-22,6,12.62
2021-11-22,7,41.78
2021-11-22,8,38.3
2021-11-22,9,44.23
2021-11-22,10,9.87
2021-11-22,11,11.3
2021-11-22,12,7.15
2021-11-22,13,20.24
2021-11-22,14,25.53
2021-11-22,15,22.07
2021-11-22,16,43.78
2021-11-22,17,74.91
2021-11-22,18,183.35
2021-11-22,19,65.69
2021-11-22,20,53.84
2021-11-22,21,52.33
2021-11-22,22,52.37
2021-11-22,23,46.29
2021-11-22,24,41.19
2021-11-23,1,40.28
2021-11-23,2,41.69
2021-11-23,3,42.87
2021-11-23,4,39.58
2021-11-23,5,15.95
2021-11-23,6,39.13
2021-11-23,7,47.8
2021-11-23,8,70.39
2021-11-23,9,66.34
2021-11-23,10,51.36
2021-11-23,11,47.87
2021-11-23,12,46.96
2021-11-23,13,44.39
2021-11-23,14,43.05
2021-11-23,15,46.89
2021-11-23,16,47.5
2021-11-23,17,51.76
2021-11-23,18,52.57
2021-11-23,19,48.49
2021-11-23,20,48.15
2021-11-23,21,46.98
2021-11-23,22,44.83
2021-11-23,23,44.18
2021-11-23,24,38.85
2021-11-24,1,35.38
2021-11-24,2,15.73
2021-11-24,3,27.93
2021-11-24,4,23.74
2021-11-24,5,7.19
2021-11-24,6,0.97
2021-11-24,7,48.74
2021-11-24,8,49.48
2021-11-24,9,49.47
2021-11-24,10,46.11
2021-11-24,11,6.09
2021-11-24,12,8.51
2021-11-24,13,18.01
2021-11-24,14,41.86
2021-11-24,15,45.05
2021-11-24,16,35.47
2021-11-24,17,41.99
2021-11-24,18,46.87
2021-11-24,19,45.87
2021-11-24,20,45.1
2021-11-24,21,45.27
2021-11-24,22,65.58
2021-11-24,23,27.39
2021-11-24,24,11.67
2021-11-25,1,24.88
2021-11-25,2,13.28
2021-11-25,3,13.35
2021-11-25,4,9.23
2021-11-25,5,18.63
2021-11-25,6,9.11
2021-11-25,7,44.35
2021-11-25,8,44.78
2021-11-25,9,48.51
2021-11-25,10,48.76
2021-11-25,11,56.96
2021-11-25,12,115.48
2021-11-25,13,80.26
2021-11-25,14,60.95
2021-11-25,15,51.98
2021-11-25,16,52.8
2021-11-25,17,92.94
2021-11-25,18,51.45
2021-11-25,19,47.68
2021-11-25,20,45.79
2021-11-25,21,45.5
2021-11-25,22,21.65
2021-11-25,23,24.8
2021-11-25,24,16.84
2021-11-26,1,8.08
2021-11-26,2,10.21
2021-11-26,3,13.34
2021-11-26,4,13.38
2021-11-26,5,13.33
2021-11-26,6,4.77
2021-11-26,7,15.01
2021-11-26,8,13.99
2021-11-26,9,40.84
2021-11-26,10,44.03
2021-11-26,11,45.61
2021-11-26,12,45.67
2021-11-26,13,45.43
2021-11-26,14,45.46
2021-11-26,15,45.56
2021-11-26,16,36.61
2021-11-26,17,42.49
2021-11-26,18,47.03
2021-11-26,19,46.4
2021-11-26,20,46.87
2021-11-26,21,47.37
2021-11-26,22,48.53
2021-11-26,23,48.22
2021-11-26,24,44.86
2021-11-27,1,47.53
2021-11-27,2,47.5
2021-11-27,3,48.56
2021-11-27,4,47.44
2021-11-27,5,46.21
2021-11-27,6,43.46
2021-11-27,7,42.98
2021-11-27,8,47.17
2021-11-27,9,49.49
2021-11-27,10,50.44
2021-11-27,11,50.44
2021-11-27,12,50.92
2021-11-27,13,50.35
2021-11-27,14,47.53
2021-11-27,15,47.59
2021-11-27,16,50.09
2021-11-27,17,50.89
2021-11-27,18,50.59
2021-11-27,19,50.56
2021-11-27,20,50.4
2021-11-27,21,50.37
2021-11-27,22,50.0
2021-11-27,23,49.15
2021-11-27,24,50.48
2021-11-28,1,47.89
2021-11-28,2,46.38
2021-11-28,3,46.1
2021-11-28,4,45.35
2021-11-28,5,45.89
2021-11-28,6,46.14
2021-11-28,7,47.19
2021-11-28,8,49.24
2021-11-28,9,72.28
2021-11-28,10,76.84
2021-11-28,11,51.49
2021-11-28,12,50.33
2021-11-28,13,50.11
2021-11-28,14,49.34
2021-11-28,15,49.06
2021-11-28,16,47.17
2021-11-28,17,42.1
2021-11-28,18,47.91
2021-11-28,19,49.91
2021-11-28,20,50.41
2021-11-28,21,50.59
2021-11-28,22,48.74
2021-11-28,23,46.94
2021-11-28,24,35.21
2021-11-29,1,46.52
2021-11-29,2,46.15
2021-11-29,3,46.12
2021-11-29,4,46.14
2021-11-29,5,43.56
2021-11-29,6,45.74
2021-11-29,7,51.08
2021-11-29,8,61.64
2021-11-29,9,60.04
2021-11-29,10,60.83
2021-11-29,11,56.05
2021-11-29,12,58.01
2021-11-29,13,53.79
2021-11-29,14,51.15
2021-11-29,15,51.37
2021-11-29,16,51.68
2021-11-29,17,60.91
2021-11-29,18,71.61
2021-11-29,19,52.3
2021-11-29,20,51.88
2021-11-29,21,51.67
2021-11-29,22,58.85
2021-11-29,23,50.07
2021-11-29,24,48.11
2021-11-30,1,39.7
2021-11-30,2,33.47
2021-11-30,3,33.25
2021-11-30,4,45.14
2021-11-30,5,38.07
2021-11-30,6,42.74
2021-11-30,7,43.65
2021-11-30,8,50.99
2021-11-30,9,52.43
2021-11-30,10,50.24
2021-11-30,11,50.36
2021-11-30,12,50.47
2021-11-30,13,50.4
2021-11-30,14,49.82
2021-11-30,15,47.01
2021-11-30,16,45.27
2021-11-30,17,43.43
2021-11-30,18,45.5
2021-11-30,19,45.52
2021-11-30,20,45.42
2021-11-30,21,45.92
2021-11-30,22,43.37
2021-11-30,23,24.09
2021-11-30,24,14.05
2021-12-01,1,24.86
2021-12-01,2,41.08
2021-12-01,3,41.45
2021-12-01,4,41.6
2021-12-01,5,40.55
2021-12-01,6,42.6
2021-12-01,7,45.78
2021-12-01,8,48.53
2021-12-01,9,48.8
2021-12-01,10,49.43
2021-12-01,11,49.26
2021-12-01,12,47.63
2021-12-01,13,46.72
2021-12-01,14,46.61
2021-12-01,15,48.01
2021-12-01,16,49.49
2021-12-01,17,58.91
2021-12-01,18,49.09
2021-12-01,19,46.79
2021-12-01,20,45.17
2021-12-01,21,44.53
2021-12-01,22,43.13
2021-12-01,23,41.9
2021-12-01,24,23.53
2021-12-02,1,5.94
2021-12-02,2,0.51
2021-12-02,3,2.4
2021-12-02,4,0.0
2021-12-02,5,0.0
2021-12-02,6,4.4
2021-12-02,7,32.62
2021-12-02,8,39.13
2021-12-02,9,37.59
2021-12-02,10,39.8
2021-12-02,11,39.87
2021-12-02,12,41.21
2021-12-02,13,39.92
2021-12-02,14,40.32
2021-12-02,15,34.85
2021-12-02,16,22.64
2021-12-02,17,19.68
2021-12-02,18,40.51
2021-12-02,19,40.56
2021-12-02,20,40.39
2021-12-02,21,45.2
2021-12-02,22,43.83
2021-12-02,23,53.57
2021-12-02,24,47.62
2021-12-03,1,49.35
2021-12-03,2,49.32
2021-12-03,3,44.05
2021-12-03,4,41.47
2021-12-03,5,37.09
2021-12-03,6,37.66
2021-12-03,7,39.86
2021-12-03,8,44.15
2021-12-03,9,44.14
2021-12-03,10,44.12
2021-12-03,11,44.32
2021-12-03,12,44.82
2021-12-03,13,44.55
2021-12-03,14,44.49
2021-12-03,15,44.8
2021-12-03,16,44.77
2021-12-03,17,56.4
2021-12-03,18,72.1
2021-12-03,19,48.51
2021-12-03,20,49.45
2021-12-03,21,46.27
2021-12-03,22,45.47
2021-12-03,23,46.83
2021-12-03,24,42.45
2021-12-04,1,40.69
2021-12-04,2,39.64
2021-12-04,3,39.15
2021-12-04,4,39.27
2021-12-04,5,39.42
2021-12-04,6,39.2
2021-12-04,7,38.6
2021-12-04,8,37.88
2021-12-04,9,38.57
2021-12-04,10,38.41
2021-12-04,11,40.09
2021-12-04,12,38.06
2021-12-04,13,38.49
2021-12-04,14,38.59
2021-12-04,15,39.23
2021-12-04,16,39.3
2021-12-04,17,42.92
2021-12-04,18,56.82
2021-12-04,19,45.66
2021-12-04,20,44.41
2021-12-04,21,43.38
2021-12-04,22,39.99
2021-12-04,23,41.07
2021-12-04,24,38.97
2021-12-05,1,39.26
2021-12-05,2,44.06
2021-12-05,3,39.35
2021-12-05,4,39.21
2021-12-05,5,42.42
2021-12-05,6,42.2
2021-12-05,7,41.72
2021-12-05,8,46.06
2021-12-05,9,45.64
2021-12-05,10,44.02
2021-12-05,11,42.77
2021-12-05,12,40.96
2021-12-05,13,40.21
2021-12-05,14,39.16
2021-12-05,15,39.29
2021-12-05,16,39.21
2021-12-05,17,42.56
2021-12-05,18,42.73
2021-12-05,19,42.81
2021-12-05,20,42.78
2021-12-05,21,95.97
2021-12-05,22,53.04
2021-12-05,23,37.83
2021-12-05,24,22.83
2021-12-06,1,19.13
2021-12-06,2,46.49
2021-12-06,3,47.7
2021-12-06,4,33.64
2021-12-06,5,38.2
2021-12-06,6,31.18
2021-12-06,7,25.23
2021-12-06,8,29.74
2021-12-06,9,37.88
2021-12-06,10,38.1
2021-12-06,11,38.9
2021-12-06,12,39.11
2021-12-06,13,39.05
2021-12-06,14,38.15
2021-12-06,15,38.18
2021-12-06,16,39.6
2021-12-06,17,39.29
2021-12-06,18,41.09
2021-12-06,19,40.89
2021-12-06,20,40.43
2021-12-06,21,47.75
2021-12-06,22,41.1
2021-12-06,23,41.39
2021-12-06,24,36.13
2021-12-07,1,30.77
2021-12-07,2,39.94
2021-12-07,3,13.34
2021-12-07,4,18.39
2021-12-07,5,22.83
2021-12-07,6,35.19
2021-12-07,7,38.16
2021-12-07,8,48.47
2021-12-07,9,41.65
2021-12-07,10,66.09
2021-12-07,11,46.63
2021-12-07,12,40.54
2021-12-07,13,51.21
2021-12-07,14,39.1
2021-12-07,15,39.15
2021-12-07,16,39.16
2021-12-07,17,79.02
2021-12-07,18,145.49
2021-12-07,19,72.47
2021-12-07,20,65.43
2021-12-07,21,45.98
2021-12-07,22,53.78
2021-12-07,23,43.59
2021-12-07,24,47.05
2021-12-08,1,65.24
2021-12-08,2,44.41
2021-12-08,3,41.76
2021-12-08,4,41.39
2021-12-08,5,41.47
2021-12-08,6,38.79
2021-12-08,7,57.96
2021-12-08,8,154.05
2021-12-08,9,190.88
2021-12-08,10,137.42
2021-12-08,11,88.88
2021-12-08,12,79.01
2021-12-08,13,86.35
2021-12-08,14,93.0
2021-12-08,15,88.83
2021-12-08,16,66.78
2021-12-08,17,64.35
2021-12-08,18,66.42
2021-12-08,19,94.44
2021-12-08,20,68.82
2021-12-08,21,61.91
2021-12-08,22,41.25
2021-12-08,23,40.53
2021-12-08,24,38.65
2021-12-09,1,40.49
2021-12-09,2,38.92
2021-12-09,3,40.18
2021-12-09,4,35.72
2021-12-09,5,35.66
2021-12-09,6,40.11
2021-12-09,7,53.33
2021-12-09,8,55.4
2021-12-09,9,54.8
2021-12-09,10,60.18
2021-12-09,11,57.96
2021-12-09,12,45.1
2021-12-09,13,41.13
2021-12-09,14,42.11
2021-12-09,15,41.45
2021-12-09,16,36.25
2021-12-09,17,35.35
2021-12-09,18,35.61
2021-12-09,19,35.33
2021-12-09,20,38.67
2021-12-09,21,39.31
2021-12-09,22,36.28
2021-12-09,23,34.03
2021-12-09,24,33.56
2021-12-10,1,34.64
2021-12-10,2,34.1
2021-12-10,3,34.05
2021-12-10,4,34.06
2021-12-10,5,34.02
2021-12-10,6,31.43
2021-12-10,7,34.65
2021-12-10,8,38.29
2021-12-10,9,38.57
2021-12-10,10,35.83
2021-12-10,11,39.29
2021-12-10,12,39.63
2021-12-10,13,40.12
2021-12-10,14,39.89
2021-12-10,15,39.71
2021-12-10,16,39.37
2021-12-10,17,39.88
2021-12-10,18,39.75
2021-12-10,19,35.73
2021-12-10,20,33.26
2021-12-10,21,30.99
2021-12-10,22,29.86
2021-12-10,23,34.61
2021-12-10,24,28.5
2021-12-11,1,20.49
2021-12-11,2,17.34
2021-12-11,3,13.69
2021-12-11,4,14.31
2021-12-11,5,7.29
2021-12-11,6,6.0
2021-12-11,7,10.63
2021-12-11,8,10.27
2021-12-11,9,11.09
2021-12-11,10,19.72
2021-12-11,11,32.27
2021-12-11,12,29.02
2021-12-11,13,34.79
2021-12-11,14,36.61
2021-12-11,15,34.73
2021-12-11,16,22.6
2021-12-11,17,32.05
2021-12-11,18,34.29
2021-12-11,19,37.42
2021-12-11,20,34.31
2021-12-11,21,36.65
2021-12-11,22,35.02
2021-12-11,23,39.79
2021-12-11,24,35.93
2021-12-12,1,27.24
2021-12-12,2,0.72
2021-12-12,3,10.55
2021-12-12,4,14.34
2021-12-12,5,13.65
2021-12-12,6,36.48
2021-12-12,7,60.04
2021-12-12,8,43.56
2021-12-12,9,14.38
2021-12-12,10,7.45
2021-12-12,11,2.79
2021-12-12,12,5.91
2021-12-12,13,11.95
2021-12-12,14,0.0
2021-12-12,15,2.76
2021-12-12,16,4.08
2021-12-12,17,24.98
2021-12-12,18,34.7
2021-12-12,19,36.29
2021-12-12,20,34.66
2021-12-12,21,34.56
2021-12-12,22,33.09
2021-12-12,23,23.51
2021-12-12,24,3.02
2021-12-13,1,2.42
2021-12-13,2,7.58
2021-12-13,3,7.03
2021-12-13,4,14.36
2021-12-13,5,0.6
2021-12-13,6,3.88
2021-12-13,7,18.9
2021-12-13,8,33.1
2021-12-13,9,34.27
2021-12-13,10,36.1
2021-12-13,11,26.52
2021-12-13,12,12.38
2021-12-13,13,10.84
2021-12-13,14,6.61
2021-12-13,15,7.24
2021-12-13,16,19.6
2021-12-13,17,33.46
2021-12-13,18,36.07
2021-12-13,19,35.54
2021-12-13,20,34.42
2021-12-13,21,34.82
2021-12-13,22,37.95
2021-12-13,23,35.21
2021-12-13,24,35.31
2021-12-14,1,44.3
2021-12-14,2,41.13
2021-12-14,3,41.2
2021-12-14,4,37.71
2021-12-14,5,37.69
2021-12-14,6,36.65
2021-12-14,7,35.18
2021-12-14,8,39.58
2021-12-14,9,38.26
2021-12-14,10,38.04
2021-12-14,11,37.27
2021-12-14,12,37.66
2021-12-14,13,40.64
2021-12-14,14,37.49
2021-12-14,15,36.53
2021-12-14,16,35.66
2021-12-14,17,36.14
2021-12-14,18,40.82
2021-12-14,19,37.18
2021-12-14,20,36.76
2021-12-14,21,36.3
2021-12-14,22,36.46
2021-12-14,23,36.17
2021-12-14,24,32.11
2021-12-15,1,36.17
2021-12-15,2,33.04
2021-12-15,3,17.44
2021-12-15,4,14.38
2021-12-15,5,14.31
2021-12-15,6,14.35
2021-12-15,7,33.28
2021-12-15,8,34.24
2021-12-15,9,35.87
2021-12-15,10,35.92
2021-12-15,11,37.17
2021-12-15,12,37.56
2021-12-15,13,38.84
2021-12-15,14,39.54
2021-12-15,15,35.43
2021-12-15,16,33.32
2021-12-15,17,34.27
2021-12-15,18,36.95
2021-12-15,19,36.83
2021-12-15,20,36.24
2021-12-15,21,34.79
2021-12-15,22,36.48
2021-12-15,23,24.7
2021-12-15,24,20.58
2021-12-16,1,20.03
2021-12-16,2,13.35
2021-12-16,3,12.82
2021-12-16,4,1.46
2021-12-16,5,17.05
2021-12-16,6,15.3
2021-12-16,7,25.22
2021-12-16,8,50.21
2021-12-16,9,32.2
2021-12-16,10,40.23
2021-12-16,11,35.62
2021-12-16,12,34.71
2021-12-16,13,34.69
2021-12-16,14,34.88
2021-12-16,15,34.69
2021-12-16,16,34.69
2021-12-16,17,26.7
2021-12-16,18,34.68
2021-12-16,19,40.2
2021-12-16,20,39.97
2021-12-16,21,47.62
2021-12-16,22,46.49
2021-12-16,23,28.6
2021-12-16,24,18.04
2021-12-17,1,12.83
2021-12-17,2,3.75
2021-12-17,3,16.54
2021-12-17,4,36.47
2021-12-17,5,35.79
2021-12-17,6,28.7
2021-12-17,7,27.73
2021-12-17,8,35.29
2021-12-17,9,32.98
2021-12-17,10,34.8
2021-12-17,11,35.71
2021-12-17,12,37.53
2021-12-17,13,39.56
2021-12-17,14,38.83
2021-12-17,15,38.86
2021-12-17,16,38.43
2021-12-17,17,50.18
2021-12-17,18,39.6
2021-12-17,19,39.6
2021-12-17,20,39.57
2021-12-17,21,39.06
2021-12-17,22,43.58
2021-12-17,23,37.39
2021-12-17,24,35.75
2021-12-18,1,38.1
2021-12-18,2,35.67
2021-12-18,3,34.48
2021-12-18,4,35.27
2021-12-18,5,34.33
2021-12-18,6,33.54
2021-12-18,7,29.99
2021-12-18,8,35.92
2021-12-18,9,36.62
2021-12-18,10,39.71
2021-12-18,11,39.75
2021-12-18,12,40.79
2021-12-18,13,43.38
2021-12-18,14,38.91
2021-12-18,15,38.93
2021-12-18,16,38.91
2021-12-18,17,38.85
2021-12-18,18,38.95
2021-12-18,19,39.13
2021-12-18,20,34.8
2021-12-18,21,41.72
2021-12-18,22,45.37
2021-12-18,23,44.62
2021-12-18,24,44.03
2021-12-19,1,40.72
2021-12-19,2,39.53
2021-12-19,3,34.39
2021-12-19,4,34.19
2021-12-19,5,34.15
2021-12-19,6,31.99
2021-12-19,7,36.01
2021-12-19,8,32.14
2021-12-19,9,38.42
2021-12-19,10,39.56
2021-12-19,11,38.95
2021-12-19,12,42.34
2021-12-19,13,39.81
2021-12-19,14,39.38
2021-12-19,15,37.81
2021-12-19,16,33.48
2021-12-19,17,37.66
2021-12-19,18,70.87
2021-12-19,19,52.82
2021-12-19,20,41.47
2021-12-19,21,36.62
2021-12-19,22,38.59
2021-12-19,23,35.24
2021-12-19,24,32.81
2021-12-20,1,34.25
2021-12-20,2,31.09
2021-12-20,3,31.07
2021-12-20,4,30.09
2021-12-20,5,14.38
2021-12-20,6,3.82
2021-12-20,7,17.06
2021-12-20,8,19.79
2021-12-20,9,2.0
2021-12-20,10,34.06
2021-12-20,11,34.02
2021-12-20,12,33.9
2021-12-20,13,33.36
2021-12-20,14,32.16
2021-12-20,15,32.14
2021-12-20,16,24.67
2021-12-20,17,12.59
2021-12-20,18,23.4
2021-12-20,19,12.35
2021-12-20,20,5.3
2021-12-20,21,0.0
2021-12-20,22,0.0
2021-12-20,23,0.0
2021-12-20,24,0.0
2021-12-21,1,-0.11
2021-12-21,2,0.0
2021-12-21,3,0.0
2021-12-21,4,0.0
2021-12-21,5,3.01
2021-12-21,6,32.32
2021-12-21,7,31.25
2021-12-21,8,31.31
2021-12-21,9,36.09
2021-12-21,10,35.99
2021-12-21,11,35.82
2021-12-21,12,26.71
2021-12-21,13,20.78
2021-12-21,14,14.36
2021-12-21,15,29.4
2021-12-21,16,30.02
2021-12-21,17,36.54
2021-12-21,18,36.16
2021-12-21,19,24.61
2021-12-21,20,23.87
2021-12-21,21,27.58
2021-12-21,22,30.53
2021-12-21,23,11.9
2021-12-21,24,3.94
2021-12-22,1,0.47
2021-12-22,2,0.0
2021-12-22,3,0.0
2021-12-22,4,0.0
2021-12-22,5,0.0
2021-12-22,6,3.41
2021-12-22,7,4.44
2021-12-22,8,11.28
2021-12-22,9,20.12
2021-12-22,10,26.58
2021-12-22,11,13.24
2021-12-22,12,12.67
2021-12-22,13,13.29
2021-12-22,14,20.13
2021-12-22,15,8.97
2021-12-22,16,25.07
2021-12-22,17,37.44
2021-12-22,18,39.35
2021-12-22,19,39.51
2021-12-22,20,39.23
2021-12-22,21,37.71
2021-12-22,22,37.65
2021-12-22,23,38.86
2021-12-22,24,37.43
2021-12-23,1,47.3
2021-12-23,2,45.48
2021-12-23,3,42.51
2021-12-23,4,42.34
2021-12-23,5,49.71
2021-12-23,6,46.91
2021-12-23,7,44.36
2021-12-23,8,60.15
2021-12-23,9,58.95
2021-12-23,10,97.45
2021-12-23,11,40.3
2021-12-23,12,39.58
2021-12-23,13,37.81
2021-12-23,14,41.0
2021-12-23,15,41.28
2021-12-23,16,40.73
2021-12-23,17,34.99
2021-12-23,18,38.93
2021-12-23,19,38.27
2021-12-23,20,38.71
2021-12-23,21,39.19
2021-12-23,22,37.35
2021-12-23,23,41.29
2021-12-23,24,33.03
2021-12-24,1,40.6
2021-12-24,2,36.42
2021-12-24,3,34.94
2021-12-24,4,34.17
2021-12-24,5,33.93
2021-12-24,6,36.74
2021-12-24,7,37.03
2021-12-24,8,14.63
2021-12-24,9,15.27
2021-12-24,10,37.57
2021-12-24,11,38.44
2021-12-24,12,39.71
2021-12-24,13,34.07
2021-12-24,14,33.86
2021-12-24,15,33.85
2021-12-24,16,27.95
2021-12-24,17,24.01
2021-12-24,18,25.89
2021-12-24,19,23.4
2021-12-24,20,11.06
2021-12-24,21,10.76
2021-12-24,22,5.98
2021-12-24,23,13.65
2021-12-24,24,13.66
2021-12-25,1,15.67
2021-12-25,2,8.49
2021-12-25,3,10.49
2021-12-25,4,10.47
2021-12-25,5,17.21
2021-12-25,6,8.54
2021-12-25,7,11.28
2021-12-25,8,11.36
2021-12-25,9,14.46
2021-12-25,10,32.27
2021-12-25,11,34.9
2021-12-25,12,33.93
2021-12-25,13,31.8
2021-12-25,14,19.14
2021-12-25,15,14.81
2021-12-25,16,13.35
2021-12-25,17,27.2
2021-12-25,18,33.82
2021-12-25,19,26.08
2021-12-25,20,36.05
2021-12-25,21,41.15
2021-12-25,22,45.89
2021-12-25,23,42.64
2021-12-25,24,23.64
2021-12-26,1,18.25
2021-12-26,2,21.01
2021-12-26,3,49.74
2021-12-26,4,47.17
2021-12-26,5,28.58
2021-12-26,6,12.46
2021-12-26,7,10.29
2021-12-26,8,14.99
2021-12-26,9,27.18
2021-12-26,10,33.07
2021-12-26,11,38.57
2021-12-26,12,38.84
2021-12-26,13,36.99
2021-12-26,14,34.86
2021-12-26,15,37.19
2021-12-26,16,35.67
2021-12-26,17,33.87
2021-12-26,18,36.57
2021-12-26,19,34.82
2021-12-26,20,34.86
2021-12-26,21,37.12
2021-12-26,22,35.29
2021-12-26,23,37.17
2021-12-26,24,32.08
2021-12-27,1,40.81
2021-12-27,2,12.42
2021-12-27,3,26.75
2021-12-27,4,9.92
2021-12-27,5,35.31
2021-12-27,6,26.14
2021-12-27,7,2.16
2021-12-27,8,0.0
2021-12-27,9,9.73
2021-12-27,10,15.71
2021-12-27,11,34.69
2021-12-27,12,34.01
2021-12-27,13,37.57
2021-12-27,14,34.48
2021-12-27,15,38.37
2021-12-27,16,45.24
2021-12-27,17,39.17
2021-12-27,18,39.21
2021-12-27,19,38.66
2021-12-27,20,38.6
2021-12-27,21,39.25
2021-12-27,22,39.34
2021-12-27,23,35.66
2021-12-27,24,30.75
2021-12-28,1,23.88
2021-12-28,2,27.46
2021-12-28,3,16.6
2021-12-28,4,9.33
2021-12-28,5,0.0
2021-12-28,6,2.39
2021-12-28,7,6.95
2021-12-28,8,7.44
2021-12-28,9,17.73
2021-12-28,10,36.17
2021-12-28,11,38.39
2021-12-28,12,38.96
2021-12-28,13,38.58
2021-12-28,14,40.03
2021-12-28,15,39.65
2021-12-28,16,38.38
2021-12-28,17,38.35
2021-12-28,18,40.77
2021-12-28,19,38.21
2021-12-28,20,37.44
2021-12-28,21,38.84
2021-12-28,22,40.78
2021-12-28,23,37.11
2021-12-28,24,33.99
2021-12-29,1,28.03
2021-12-29,2,39.13
2021-12-29,3,39.11
2021-12-29,4,37.75
2021-12-29,5,48.12
2021-12-29,6,32.81
2021-12-29,7,36.88
2021-12-29,8,36.98
2021-12-29,9,37.23
2021-12-29,10,38.69
2021-12-29,11,40.81
2021-12-29,12,39.5
2021-12-29,13,39.18
2021-12-29,14,38.03
2021-12-29,15,37.35
2021-12-29,16,37.42
2021-12-29,17,37.43
2021-12-29,18,38.41
2021-12-29,19,37.25
2021-12-29,20,37.48
2021-12-29,21,37.03
2021-12-29,22,36.91
2021-12-29,23,34.89
2021-12-29,24,40.35
2021-12-30,1,34.56
2021-12-30,2,37.85
2021-12-30,3,41.39
2021-12-30,4,36.99
2021-12-30,5,35.06
2021-12-30,6,35.24
2021-12-30,7,35.03
2021-12-30,8,36.31
2021-12-30,9,35.82
2021-12-30,10,37.1
2021-12-30,11,37.79
2021-12-30,12,36.99
2021-12-30,13,36.81
2021-12-30,14,37.05
2021-12-30,15,35.73
2021-12-30,16,34.81
2021-12-30,17,35.94
2021-12-30,18,37.15
2021-12-30,19,37.13
2021-12-30,20,38.12
2021-12-30,21,36.45
2021-12-30,22,39.69
2021-12-30,23,44.88
2021-12-30,24,36.32
2021-12-31,1,41.41
2021-12-31,2,21.4
2021-12-31,3,29.49
2021-12-31,4,20.35
2021-12-31,5,27.83
2021-12-31,6,14.34
2021-12-31,7,8.23
2021-12-31,8,29.31
2021-12-31,9,36.19
2021-12-31,10,35.49
2021-12-31,11,33.62
2021-12-31,12,36.68
2021-12-31,13,35.22
2021-12-31,14,35.22
2021-12-31,15,30.26
2021-12-31,16,36.21
2021-12-31,17,32.88
2021-12-31,18,39.51
2021-12-31,19,35.79
2021-12-31,20,35.66
2021-12-31,21,36.04
2021-12-31,22,33.17
2021-12-31,23,26.11
2021-12-31,24,29.43
2022-01-01,2,59.04
2022-01-01,3,18.79
2022-01-01,4,15.78
2022-01-01,5,0.41
2022-01-01,6,14.34
2022-01-01,7,5.61
2022-01-01,8,14.29
2022-01-01,9,2.2
2022-01-01,10,14.35
2022-01-01,11,22.93
2022-01-01,12,33.49
2022-01-01,13,32.78
2022-01-01,14,15.73
2022-01-01,15,14.37
2022-01-01,16,12.98
2022-01-01,17,27.56
2022-01-01,18,33.39
2022-01-01,19,26.43
2022-01-01,20,32.87
2022-01-01,21,22.87
2022-01-01,22,10.86
2022-01-01,23,13.06
2022-01-01,24,15.16
2022-01-02,1,14.45
2022-01-02,2,14.26
2022-01-02,3,10.4
2022-01-02,4,10.41
2022-01-02,5,10.38
2022-01-02,6,10.4
2022-01-02,7,4.81
2022-01-02,8,1.21
2022-01-02,9,10.45
2022-01-02,10,16.07
2022-01-02,11,30.5
2022-01-02,12,25.48
2022-01-02,13,30.65
2022-01-02,14,35.43
2022-01-02,15,36.42
2022-01-02,16,35.16
2022-01-02,17,36.51
2022-01-02,18,38.13
2022-01-02,19,38.03
2022-01-02,20,38.08
2022-01-02,21,38.02
2022-01-02,22,38.01
2022-01-02,23,36.65
2022-01-02,24,33.01
2022-01-03,1,36.63
2022-01-03,2,36.55
2022-01-03,3,34.43
2022-01-03,4,34.5
2022-01-03,5,33.5
2022-01-03,6,33.99
2022-01-03,7,35.55
2022-01-03,8,37.9
2022-01-03,9,37.02
2022-01-03,10,37.68
2022-01-03,11,38.49
2022-01-03,12,38.8
2022-01-03,13,38.46
2022-01-03,14,38.04
2022-01-03,15,34.8
2022-01-03,16,36.19
2022-01-03,17,38.36
2022-01-03,18,39.21
2022-01-03,19,38.06
2022-01-03,20,35.27
2022-01-03,21,34.76
2022-01-03,22,33.8
2022-01-03,23,32.25
2022-01-03,24,16.12
2022-01-04,1,19.02
2022-01-04,2,21.31
2022-01-04,3,13.58
2022-01-04,4,22.95
2022-01-04,5,33.37
2022-01-04,6,37.3
2022-01-04,7,38.39
2022-01-04,8,38.93
2022-01-04,9,41.99
2022-01-04,10,37.31
2022-01-04,11,36.93
2022-01-04,12,37.23
2022-01-04,13,37.17
2022-01-04,14,33.55
2022-01-04,15,33.87
2022-01-04,16,31.83
2022-01-04,17,35.9
2022-01-04,18,42.0
2022-01-04,19,35.27
2022-01-04,20,35.56
2022-01-04,21,35.76
2022-01-04,22,34.15
2022-01-04,23,38.36
2022-01-04,24,21.95
2022-01-05,1,8.16
2022-01-05,2,0.82
2022-01-05,3,0.0
2022-01-05,4,0.0
2022-01-05,5,0.0
2022-01-05,6,0.0
2022-01-05,7,0.0
2022-01-05,8,0.83
2022-01-05,9,3.85
2022-01-05,10,14.34
2022-01-05,11,37.33
2022-01-05,12,37.67
2022-01-05,13,35.06
2022-01-05,14,34.3
2022-01-05,15,39.85
2022-01-05,16,35.83
2022-01-05,17,30.33
2022-01-05,18,35.98
2022-01-05,19,33.62
2022-01-05,20,19.66
2022-01-05,21,31.96
2022-01-05,22,16.25
2022-01-05,23,8.19
2022-01-05,24,0.47
2022-01-06,1,0.0
2022-01-06,2,0.0
2022-01-06,3,5.68
2022-01-06,4,14.36
2022-01-06,5,12.93
2022-01-06,6,7.53
2022-01-06,7,18.86
2022-01-06,8,38.12
2022-01-06,9,35.79
2022-01-06,10,37.84
2022-01-06,11,37.82
2022-01-06,12,37.98
2022-01-06,13,39.03
2022-01-06,14,40.24
2022-01-06,15,38.64
2022-01-06,16,41.54
2022-01-06,17,44.39
2022-01-06,18,54.44
2022-01-06,19,44.56
2022-01-06,20,42.13
2022-01-06,21,42.67
2022-01-06,22,41.4
2022-01-06,23,38.87
2022-01-06,24,38.52
2022-01-07,1,39.22
2022-01-07,2,37.14
2022-01-07,3,37.12
2022-01-07,4,36.91
2022-01-07,5,32.41
2022-01-07,6,34.74
2022-01-07,7,39.16
2022-01-07,8,41.81
2022-01-07,9,41.69
2022-01-07,10,41.96
2022-01-07,11,40.97
2022-01-07,12,40.94
2022-01-07,13,40.82
2022-01-07,14,38.82
2022-01-07,15,37.35
2022-01-07,16,36.82
2022-01-07,17,41.2
2022-01-07,18,50.68
2022-01-07,19,47.08
2022-01-07,20,47.15
2022-01-07,21,51.26
2022-01-07,22,49.93
2022-01-07,23,42.68
2022-01-07,24,41.09
2022-01-08,1,41.44
2022-01-08,2,40.52
2022-01-08,3,38.99
2022-01-08,4,39.61
2022-01-08,5,42.26
2022-01-08,6,42.59
2022-01-08,7,36.07
2022-01-08,8,35.67
2022-01-08,9,29.43
2022-01-08,10,27.06
2022-01-08,11,35.74
2022-01-08,12,34.99
2022-01-08,13,35.01
2022-01-08,14,33.86
2022-01-08,15,35.21
2022-01-08,16,35.6
2022-01-08,17,39.66
2022-01-08,18,104.99
2022-01-08,19,45.21
2022-01-08,20,37.51
2022-01-08,21,37.08
2022-01-08,22,31.78
2022-01-08,23,27.07
2022-01-08,24,18.21
2022-01-09,1,14.31
2022-01-09,2,24.24
2022-01-09,3,2.18
2022-01-09,4,0.0
2022-01-09,5,0.0
2022-01-09,6,0.0
2022-01-09,7,3.35
2022-01-09,8,13.58
2022-01-09,9,14.38
2022-01-09,10,21.3
2022-01-09,11,14.38
2022-01-09,12,10.24
2022-01-09,13,3.71
2022-01-09,14,5.62
2022-01-09,15,0.0
2022-01-09,16,0.0
2022-01-09,17,2.58
2022-01-09,18,12.25
2022-01-09,19,5.95
2022-01-09,20,7.49
2022-01-09,21,16.24
2022-01-09,22,21.07
2022-01-09,23,13.44
2022-01-09,24,5.41
2022-01-10,1,10.41
2022-01-10,2,19.44
2022-01-10,3,13.35
2022-01-10,4,13.35
2022-01-10,5,25.53
2022-01-10,6,16.69
2022-01-10,7,32.51
2022-01-10,8,38.08
2022-01-10,9,37.7
2022-01-10,10,37.7
2022-01-10,11,37.09
2022-01-10,12,36.91
2022-01-10,13,35.72
2022-01-10,14,35.31
2022-01-10,15,34.76
2022-01-10,16,31.9
2022-01-10,17,34.58
2022-01-10,18,38.31
2022-01-10,19,37.34
2022-01-10,20,36.96
2022-01-10,21,37.59
2022-01-10,22,23.95
2022-01-10,23,15.34
2022-01-10,24,35.18
2022-01-11,1,36.57
2022-01-11,2,25.2
2022-01-11,3,27.37
2022-01-11,4,37.5
2022-01-11,5,38.47
2022-01-11,6,38.49
2022-01-11,7,44.77
2022-01-11,8,78.66
2022-01-11,9,151.6
2022-01-11,10,230.87
2022-01-11,11,160.14
2022-01-11,12,51.64
2022-01-11,13,46.04
2022-01-11,14,42.75
2022-01-11,15,43.09
2022-01-11,16,42.64
2022-01-11,17,43.31
2022-01-11,18,44.58
2022-01-11,19,42.09
2022-01-11,20,43.35
2022-01-11,21,44.86
2022-01-11,22,38.58
2022-01-11,23,38.35
2022-01-11,24,36.2
2022-01-12,1,31.56
2022-01-12,2,10.17
2022-01-12,3,0.0
2022-01-12,4,0.0
2022-01-12,5,0.0
2022-01-12,6,0.0
2022-01-12,7,4.37
2022-01-12,8,28.09
2022-01-12,9,37.03
2022-01-12,10,38.65
2022-01-12,11,41.42
2022-01-12,12,53.97
2022-01-12,13,49.66
2022-01-12,14,41.07
2022-01-12,15,45.79
2022-01-12,16,46.57
2022-01-12,17,42.28
2022-01-12,18,48.92
2022-01-12,19,50.3
2022-01-12,20,52.49
2022-01-12,21,76.31
2022-01-12,22,67.61
2022-01-12,23,51.36
2022-01-12,24,49.42
2022-01-13,1,41.98
2022-01-13,2,41.95
2022-01-13,3,41.76
2022-01-13,4,41.93
2022-01-13,5,43.4
2022-01-13,6,44.53
2022-01-13,7,44.67
2022-01-13,8,43.42
2022-01-13,9,45.18
2022-01-13,10,46.05
2022-01-13,11,49.35
2022-01-13,12,62.73
2022-01-13,13,56.54
2022-01-13,14,46.01
2022-01-13,15,46.01
2022-01-13,16,44.41
2022-01-13,17,45.66
2022-01-13,18,48.3
2022-01-13,19,48.84
2022-01-13,20,46.8
2022-01-13,21,45.71
2022-01-13,22,43.88
2022-01-13,23,43.19
2022-01-13,24,47.32
2022-01-14,1,47.35
2022-01-14,2,41.86
2022-01-14,3,41.75
2022-01-14,4,43.42
2022-01-14,5,41.74
2022-01-14,6,41.24
2022-01-14,7,41.95
2022-01-14,8,44.64
2022-01-14,9,45.07
2022-01-14,10,42.26
2022-01-14,11,42.54
2022-01-14,12,42.83
2022-01-14,13,44.21
2022-01-14,14,42.64
2022-01-14,15,42.23
2022-01-14,16,41.73
2022-01-14,17,43.75
2022-01-14,18,43.76
2022-01-14,19,43.62
2022-01-14,20,42.69
2022-01-14,21,42.76
2022-01-14,22,43.91
2022-01-14,23,42.77
2022-01-14,24,42.12
2022-01-15,1,39.93
2022-01-15,2,40.3
2022-01-15,3,42.87
2022-01-15,4,49.16
2022-01-15,5,46.33
2022-01-15,6,53.65
2022-01-15,7,49.83
2022-01-15,8,55.17
2022-01-15,9,148.36
2022-01-15,10,47.9
2022-01-15,11,46.45
2022-01-15,12,45.66
2022-01-15,13,43.84
2022-01-15,14,42.89
2022-01-15,15,42.86
2022-01-15,16,42.66
2022-01-15,17,52.37
2022-01-15,18,157.73
2022-01-15,19,84.49
2022-01-15,20,88.86
2022-01-15,21,49.36
2022-01-15,22,54.87
2022-01-15,23,58.98
2022-01-15,24,54.87
2022-01-16,1,62.42
2022-01-16,2,57.03
2022-01-16,3,50.58
2022-01-16,4,48.4
2022-01-16,5,59.2
2022-01-16,6,57.93
2022-01-16,7,44.84
2022-01-16,8,57.51
2022-01-16,9,44.97
2022-01-16,10,43.11
2022-01-16,11,44.18
2022-01-16,12,45.07
2022-01-16,13,48.1
2022-01-16,14,49.44
2022-01-16,15,39.37
2022-01-16,16,41.3
2022-01-16,17,43.61
2022-01-16,18,64.69
2022-01-16,19,57.12
2022-01-16,20,45.04
2022-01-16,21,43.81
2022-01-16,22,54.81
2022-01-16,23,49.23
2022-01-16,24,64.31
2022-01-17,1,57.62
2022-01-17,2,51.13
2022-01-17,3,30.12
2022-01-17,4,15.77
2022-01-17,5,11.6
2022-01-17,6,6.82
2022-01-17,7,20.57
2022-01-17,8,24.7
2022-01-17,9,36.1
2022-01-17,10,38.13
2022-01-17,11,39.16
2022-01-17,12,39.35
2022-01-17,13,39.27
2022-01-17,14,39.25
2022-01-17,15,36.92
2022-01-17,16,38.3
2022-01-17,17,39.11
2022-01-17,18,39.21
2022-01-17,19,38.66
2022-01-17,20,38.65
2022-01-17,21,39.13
2022-01-17,22,29.18
2022-01-17,23,16.15
2022-01-17,24,8.72
2022-01-18,1,0.0
2022-01-18,2,12.23
2022-01-18,3,32.95
2022-01-18,4,22.42
2022-01-18,5,35.51
2022-01-18,6,6.66
2022-01-18,7,37.17
2022-01-18,8,32.87
2022-01-18,9,39.89
2022-01-18,10,39.84
2022-01-18,11,40.7
2022-01-18,12,43.47
2022-01-18,13,43.46
2022-01-18,14,40.71
2022-01-18,15,38.68
2022-01-18,16,39.02
2022-01-18,17,38.02
2022-01-18,18,41.07
2022-01-18,19,39.0
2022-01-18,20,37.99
2022-01-18,21,39.5
2022-01-18,22,38.87
2022-01-18,23,24.52
2022-01-18,24,22.17
2022-01-19,1,9.19
2022-01-19,2,25.26
2022-01-19,3,24.77
2022-01-19,4,14.06
2022-01-19,5,0.41
2022-01-19,6,0.0
2022-01-19,7,38.44
2022-01-19,8,44.17
2022-01-19,9,44.85
2022-01-19,10,44.76
2022-01-19,11,44.83
2022-01-19,12,44.78
2022-01-19,13,44.78
2022-01-19,14,41.41
2022-01-19,15,41.36
2022-01-19,16,41.09
2022-01-19,17,44.33
2022-01-19,18,57.86
2022-01-19,19,59.04
2022-01-19,20,45.75
2022-01-19,21,46.38
2022-01-19,22,41.37
2022-01-19,23,40.78
2022-01-19,24,44.49
2022-01-20,1,42.56
2022-01-20,2,44.23
2022-01-20,3,44.21
2022-01-20,4,45.49
2022-01-20,5,43.1
2022-01-20,6,43.28
2022-01-20,7,47.96
2022-01-20,8,406.34
2022-01-20,9,60.01
2022-01-20,10,47.67
2022-01-20,11,49.35
2022-01-20,12,54.59
2022-01-20,13,46.38
2022-01-20,14,45.6
2022-01-20,15,45.06
2022-01-20,16,45.55
2022-01-20,17,59.91
2022-01-20,18,270.64
2022-01-20,19,157.99
2022-01-20,20,69.89
2022-01-20,21,130.16
2022-01-20,22,92.82
2022-01-20,23,58.56
2022-01-20,24,55.25
2022-01-21,1,54.17
2022-01-21,2,48.26
2022-01-21,3,54.3
2022-01-21,4,47.06
2022-01-21,5,51.15
2022-01-21,6,57.92
2022-01-21,7,47.61
2022-01-21,8,114.73
2022-01-21,9,81.96
2022-01-21,10,64.97
2022-01-21,11,58.79
2022-01-21,12,55.8
2022-01-21,13,84.68
2022-01-21,14,51.7
2022-01-21,15,45.43
2022-01-21,16,47.41
2022-01-21,17,52.07
2022-01-21,18,74.57
2022-01-21,19,109.22
2022-01-21,20,83.7
2022-01-21,21,56.73
2022-01-21,22,53.68
2022-01-21,23,46.49
2022-01-21,24,44.9
2022-01-22,1,52.39
2022-01-22,2,48.21
2022-01-22,3,50.19
2022-01-22,4,46.16
2022-01-22,5,42.41
2022-01-22,6,41.15
2022-01-22,7,40.95
2022-01-22,8,41.0
2022-01-22,9,39.15
2022-01-22,10,38.18
2022-01-22,11,37.45
2022-01-22,12,37.48
2022-01-22,13,38.47
2022-01-22,14,37.62
2022-01-22,15,37.38
2022-01-22,16,37.62
2022-01-22,17,37.44
2022-01-22,18,37.91
2022-01-22,19,37.86
2022-01-22,20,37.53
2022-01-22,21,37.48
2022-01-22,22,37.25
2022-01-22,23,37.81
2022-01-22,24,35.18
2022-01-23,1,14.83
2022-01-23,2,24.46
2022-01-23,3,25.56
2022-01-23,4,36.8
2022-01-23,5,74.31
2022-01-23,6,37.56
2022-01-23,7,37.87
2022-01-23,8,40.35
2022-01-23,9,39.99
2022-01-23,10,40.97
2022-01-23,11,40.97
2022-01-23,12,40.75
2022-01-23,13,40.46
2022-01-23,14,38.71
2022-01-23,15,35.77
2022-01-23,16,37.58
2022-01-23,17,40.87
2022-01-23,18,53.1
2022-01-23,19,47.82
2022-01-23,20,43.52
2022-01-23,21,41.81
2022-01-23,22,41.57
2022-01-23,23,41.01
2022-01-23,24,37.98
2022-01-24,1,41.1
2022-01-24,2,41.65
2022-01-24,3,40.73
2022-01-24,4,37.59
2022-01-24,5,37.6
2022-01-24,6,39.87
2022-01-24,7,39.54
2022-01-24,8,42.55
2022-01-24,9,48.68
2022-01-24,10,72.92
2022-01-24,11,71.59
2022-01-24,12,43.92
2022-01-24,13,41.53
2022-01-24,14,41.64
2022-01-24,15,45.23
2022-01-24,16,46.36
2022-01-24,17,60.84
2022-01-24,18,67.48
2022-01-24,19,69.58
2022-01-24,20,70.51
2022-01-24,21,63.68
2022-01-24,22,51.64
2022-01-24,23,38.58
2022-01-24,24,36.51
2022-01-25,1,38.88
2022-01-25,2,32.95
2022-01-25,3,35.85
2022-01-25,4,31.37
2022-01-25,5,31.27
2022-01-25,6,36.32
2022-01-25,7,42.56
2022-01-25,8,51.69
2022-01-25,9,57.86
2022-01-25,10,43.68
2022-01-25,11,43.54
2022-01-25,12,44.65
2022-01-25,13,43.59
2022-01-25,14,42.92
2022-01-25,15,42.92
2022-01-25,16,42.89
2022-01-25,17,43.77
2022-01-25,18,92.53
2022-01-25,19,688.73
2022-01-25,20,187.78
2022-01-25,21,232.76
2022-01-25,22,62.69
2022-01-25,23,40.78
2022-01-25,24,38.33
2022-01-26,1,40.62
2022-01-26,2,42.03
2022-01-26,3,40.37
2022-01-26,4,42.59
2022-01-26,5,42.59
2022-01-26,6,42.33
2022-01-26,7,44.31
2022-01-26,8,65.25
2022-01-26,9,109.42
2022-01-26,10,163.86
2022-01-26,11,144.0
2022-01-26,12,60.07
2022-01-26,13,45.06
2022-01-26,14,42.26
2022-01-26,15,42.81
2022-01-26,16,43.45
2022-01-26,17,41.16
2022-01-26,18,43.45
2022-01-26,19,40.52
2022-01-26,20,43.28
2022-01-26,21,41.33
2022-01-26,22,41.16
2022-01-26,23,39.09
2022-01-26,24,36.71
2022-01-27,1,35.96
2022-01-27,2,22.46
2022-01-27,3,13.02
2022-01-27,4,5.13
2022-01-27,5,0.0
2022-01-27,6,0.0
2022-01-27,7,38.99
2022-01-27,8,44.41
2022-01-27,9,44.6
2022-01-27,10,45.31
2022-01-27,11,44.6
2022-01-27,12,44.63
2022-01-27,13,43.9
2022-01-27,14,43.9
2022-01-27,15,41.16
2022-01-27,16,41.24
2022-01-27,17,42.05
2022-01-27,18,44.46
2022-01-27,19,44.72
2022-01-27,20,43.48
2022-01-27,21,42.15
2022-01-27,22,38.96
2022-01-27,23,28.04
2022-01-27,24,10.31
2022-01-28,1,0.0
2022-01-28,2,0.0
2022-01-28,3,0.0
2022-01-28,4,0.0
2022-01-28,5,14.37
2022-01-28,6,21.25
2022-01-28,7,40.3
2022-01-28,8,43.36
2022-01-28,9,54.37
2022-01-28,10,44.72
2022-01-28,11,44.9
2022-01-28,12,41.15
2022-01-28,13,41.06
2022-01-28,14,41.05
2022-01-28,15,40.53
2022-01-28,16,41.41
2022-01-28,17,44.23
2022-01-28,18,68.77
2022-01-28,19,64.3
2022-01-28,20,54.13
2022-01-28,21,48.78
2022-01-28,22,48.52
2022-01-28,23,45.46
2022-01-28,24,45.09
2022-01-29,1,53.76
2022-01-29,2,51.87
2022-01-29,3,54.22
2022-01-29,4,52.5
2022-01-29,5,52.68
2022-01-29,6,52.75
2022-01-29,7,53.04
2022-01-29,8,54.67
2022-01-29,9,55.66
2022-01-29,10,57.27
2022-01-29,11,56.36
2022-01-29,12,54.67
2022-01-29,13,53.84
2022-01-29,14,53.15
2022-01-29,15,53.22
2022-01-29,16,53.28
2022-01-29,17,52.37
2022-01-29,18,59.55
2022-01-29,19,58.76
2022-01-29,20,54.67
2022-01-29,21,52.96
2022-01-29,22,53.35
2022-01-29,23,53.14
2022-01-29,24,52.85
2022-01-30,1,51.7
2022-01-30,2,53.09
2022-01-30,3,51.35
2022-01-30,4,51.81
2022-01-30,5,53.09
2022-01-30,6,50.3
2022-01-30,7,49.84
2022-01-30,8,47.81
2022-01-30,9,49.71
2022-01-30,10,49.24
2022-01-30,11,49.97
2022-01-30,12,50.73
2022-01-30,13,50.46
2022-01-30,14,50.13
2022-01-30,15,52.68
2022-01-30,16,52.83
2022-01-30,17,54.18
2022-01-30,18,60.32
2022-01-30,19,54.25
2022-01-30,20,52.73
2022-01-30,21,50.38
2022-01-30,22,51.58
2022-01-30,23,51.81
2022-01-30,24,50.37
2022-01-31,1,48.96
2022-01-31,2,49.59
2022-01-31,3,50.22
2022-01-31,4,50.56
2022-01-31,5,51.14
2022-01-31,6,51.17
2022-01-31,7,56.89
2022-01-31,8,72.6
2022-01-31,9,73.84
2022-01-31,10,64.67
2022-01-31,11,57.6
2022-01-31,12,56.12
2022-01-31,13,48.72
2022-01-31,14,46.92
2022-01-31,15,40.76
2022-01-31,16,43.96
2022-01-31,17,49.71
2022-01-31,18,54.03
2022-01-31,19,54.77
2022-01-31,20,49.84
2022-01-31,21,51.66
2022-01-31,22,50.28
2022-01-31,23,39.63
2022-01-31,24,21.29
2022-02-01,1,30.25
2022-02-01,2,13.27
2022-02-01,3,12.01
2022-02-01,4,3.6
2022-02-01,5,4.81
2022-02-01,6,26.26
2022-02-01,7,49.06
2022-02-01,8,48.83
2022-02-01,9,48.46
2022-02-01,10,46.08
2022-02-01,11,30.31
2022-02-01,12,43.84
2022-02-01,13,10.94
2022-02-01,14,7.14
2022-02-01,15,7.07
2022-02-01,16,4.19
2022-02-01,17,22.17
2022-02-01,18,49.64
2022-02-01,19,47.24
2022-02-01,20,44.81
2022-02-01,21,45.49
2022-02-01,22,41.43
2022-02-01,23,18.43
2022-02-01,24,18.42
2022-02-02,1,0.0
2022-02-02,2,6.57
2022-02-02,3,15.25
2022-02-02,4,40.16
2022-02-02,5,19.1
2022-02-02,6,15.38
2022-02-02,7,46.5
2022-02-02,8,51.65
2022-02-02,9,56.06
2022-02-02,10,52.56
2022-02-02,11,55.31
2022-02-02,12,65.41
2022-02-02,13,72.2
2022-02-02,14,51.92
2022-02-02,15,48.88
2022-02-02,16,48.28
2022-02-02,17,48.71
2022-02-02,18,44.93
2022-02-02,19,48.76
2022-02-02,20,49.27
2022-02-02,21,48.89
2022-02-02,22,39.85
2022-02-02,23,33.83
2022-02-02,24,23.91
2022-02-03,1,11.5
2022-02-03,2,13.33
2022-02-03,3,13.26
2022-02-03,4,13.27
2022-02-03,5,13.26
2022-02-03,6,4.11
2022-02-03,7,14.85
2022-02-03,8,20.22
2022-02-03,9,54.92
2022-02-03,10,55.16
2022-02-03,11,51.17
2022-02-03,12,54.95
2022-02-03,13,48.12
2022-02-03,14,27.82
2022-02-03,15,13.25
2022-02-03,16,48.26
2022-02-03,17,49.88
2022-02-03,18,55.27
2022-02-03,19,58.78
2022-02-03,20,58.35
2022-02-03,21,57.08
2022-02-03,22,53.71
2022-02-03,23,31.65
2022-02-03,24,26.04
2022-02-04,1,14.35
2022-02-04,2,51.79
2022-02-04,3,50.93
2022-02-04,4,49.2
2022-02-04,5,38.17
2022-02-04,6,22.28
2022-02-04,7,52.56
2022-02-04,8,53.9
2022-02-04,9,58.11
2022-02-04,10,85.84
2022-02-04,11,139.05
2022-02-04,12,63.48
2022-02-04,13,62.73
2022-02-04,14,55.48
2022-02-04,15,55.93
2022-02-04,16,53.56
2022-02-04,17,54.25
2022-02-04,18,56.37
2022-02-04,19,54.91
2022-02-04,20,53.13
2022-02-04,21,57.18
2022-02-04,22,63.9
2022-02-04,23,58.43
2022-02-04,24,53.2
2022-02-05,1,51.82
2022-02-05,2,50.3
2022-02-05,3,48.25
2022-02-05,4,52.27
2022-02-05,5,51.37
2022-02-05,6,48.13
2022-02-05,7,49.27
2022-02-05,8,51.27
2022-02-05,9,53.25
2022-02-05,10,63.8
2022-02-05,11,107.56
2022-02-05,12,64.04
2022-02-05,13,53.84
2022-02-05,14,49.09
2022-02-05,15,46.61
2022-02-05,16,44.39
2022-02-05,17,48.66
2022-02-05,18,49.5
2022-02-05,19,50.43
2022-02-05,20,48.0
2022-02-05,21,44.44
2022-02-05,22,45.17
2022-02-05,23,33.01
2022-02-05,24,29.24
2022-02-06,1,10.63
2022-02-06,2,12.17
2022-02-06,3,2.27
2022-02-06,4,13.32
2022-02-06,5,12.75
2022-02-06,6,2.87
2022-02-06,7,2.69
2022-02-06,8,44.21
2022-02-06,9,48.5
2022-02-06,10,48.64
2022-02-06,11,48.48
2022-02-06,12,48.53
2022-02-06,13,45.67
2022-02-06,14,18.27
2022-02-06,15,38.08
2022-02-06,16,35.54
2022-02-06,17,43.32
2022-02-06,18,49.22
2022-02-06,19,47.49
2022-02-06,20,46.71
2022-02-06,21,45.5
2022-02-06,22,42.92
2022-02-06,23,25.71
2022-02-06,24,7.45
2022-02-07,1,2.14
2022-02-07,2,0.0
2022-02-07,3,0.0
2022-02-07,4,0.0
2022-02-07,5,0.39
2022-02-07,6,3.78
2022-02-07,7,47.62
2022-02-07,8,48.87
2022-02-07,9,49.52
2022-02-07,10,50.61
2022-02-07,11,50.03
2022-02-07,12,48.55
2022-02-07,13,44.62
2022-02-07,14,44.79
2022-02-07,15,45.44
2022-02-07,16,45.9
2022-02-07,17,47.99
2022-02-07,18,51.65
2022-02-07,19,52.08
2022-02-07,20,51.08
2022-02-07,21,47.96
2022-02-07,22,48.44
2022-02-07,23,49.13
2022-02-07,24,46.91
2022-02-08,1,41.31
2022-02-08,2,42.03
2022-02-08,3,40.72
2022-02-08,4,40.59
2022-02-08,5,37.63
2022-02-08,6,41.06
2022-02-08,7,43.59
2022-02-08,8,43.76
2022-02-08,9,43.99
2022-02-08,10,43.99
2022-02-08,11,43.82
2022-02-08,12,43.88
2022-02-08,13,43.45
2022-02-08,14,42.34
2022-02-08,15,40.14
2022-02-08,16,39.79
2022-02-08,17,38.99
2022-02-08,18,42.88
2022-02-08,19,43.55
2022-02-08,20,42.97
2022-02-08,21,41.13
2022-02-08,22,40.9
2022-02-08,23,36.29
2022-02-08,24,8.83
2022-02-09,1,3.78
2022-02-09,2,4.37
2022-02-09,3,0.0
2022-02-09,4,4.05
2022-02-09,5,0.0
2022-02-09,6,0.91
2022-02-09,7,16.2
2022-02-09,8,41.25
2022-02-09,9,38.08
2022-02-09,10,12.35
2022-02-09,11,17.84
2022-02-09,12,3.61
2022-02-09,13,5.95
2022-02-09,14,11.58
2022-02-09,15,9.44
2022-02-09,16,9.8
2022-02-09,17,17.05
2022-02-09,18,25.92
2022-02-09,19,40.02
2022-02-09,20,40.56
2022-02-09,21,37.86
2022-02-09,22,19.12
2022-02-09,23,5.96
2022-02-09,24,1.36
2022-02-10,1,0.48
2022-02-10,2,0.0
2022-02-10,3,0.0
2022-02-10,4,0.0
2022-02-10,5,0.0
2022-02-10,6,3.58
2022-02-10,7,11.27
2022-02-10,8,38.05
2022-02-10,9,40.66
2022-02-10,10,40.4
2022-02-10,11,39.6
2022-02-10,12,39.59
2022-02-10,13,40.47
2022-02-10,14,37.59
2022-02-10,15,37.6
2022-02-10,16,36.47
2022-02-10,17,35.13
2022-02-10,18,36.05
2022-02-10,19,53.62
2022-02-10,20,37.93
2022-02-10,21,37.56
2022-02-10,22,32.13
2022-02-10,23,35.74
2022-02-10,24,23.23
2022-02-11,1,14.36
2022-02-11,2,16.64
2022-02-11,3,7.64
2022-02-11,4,1.91
2022-02-11,5,0.0
2022-02-11,6,0.41
2022-02-11,7,2.63
2022-02-11,8,17.07
2022-02-11,9,15.47
2022-02-11,10,37.41
2022-02-11,11,37.46
2022-02-11,12,21.01
2022-02-11,13,36.24
2022-02-11,14,28.98
2022-02-11,15,35.73
2022-02-11,16,34.0
2022-02-11,17,36.23
2022-02-11,18,35.55
2022-02-11,19,27.47
2022-02-11,20,36.23
2022-02-11,21,35.4
2022-02-11,22,22.6
2022-02-11,23,10.06
2022-02-11,24,2.36
2022-02-12,1,0.0
2022-02-12,2,0.0
2022-02-12,3,0.0
2022-02-12,4,0.0
2022-02-12,5,0.0
2022-02-12,6,0.0
2022-02-12,7,5.27
2022-02-12,8,11.47
2022-02-12,9,13.31
2022-02-12,10,26.96
2022-02-12,11,35.9
2022-02-12,12,34.69
2022-02-12,13,15.5
2022-02-12,14,18.51
2022-02-12,15,32.9
2022-02-12,16,35.52
2022-02-12,17,37.14
2022-02-12,18,39.85
2022-02-12,19,41.46
2022-02-12,20,41.05
2022-02-12,21,40.99
2022-02-12,22,40.93
2022-02-12,23,40.22
2022-02-12,24,37.61
2022-02-13,1,41.83
2022-02-13,2,39.23
2022-02-13,3,37.96
2022-02-13,4,45.76
2022-02-13,5,37.59
2022-02-13,6,37.5
2022-02-13,7,41.73
2022-02-13,8,45.66
2022-02-13,9,42.93
2022-02-13,10,42.53
2022-02-13,11,44.3
2022-02-13,12,47.64
2022-02-13,13,42.34
2022-02-13,14,41.75
2022-02-13,15,41.47
2022-02-13,16,41.36
2022-02-13,17,41.8
2022-02-13,18,68.23
2022-02-13,19,55.98
2022-02-13,20,51.44
2022-02-13,21,43.38
2022-02-13,22,53.39
2022-02-13,23,42.46
2022-02-13,24,41.57
2022-02-14,1,42.4
2022-02-14,2,43.78
2022-02-14,3,45.78
2022-02-14,4,58.49
2022-02-14,5,53.31
2022-02-14,6,50.66
2022-02-14,7,50.98
2022-02-14,8,47.38
2022-02-14,9,53.17
2022-02-14,10,76.81
2022-02-14,11,73.69
2022-02-14,12,66.45
2022-02-14,13,43.41
2022-02-14,14,41.89
2022-02-14,15,40.91
2022-02-14,16,42.33
2022-02-14,17,49.78
2022-02-14,18,56.61
2022-02-14,19,62.29
2022-02-14,20,66.42
2022-02-14,21,66.87
2022-02-14,22,68.27
2022-02-14,23,44.73
2022-02-14,24,50.37
2022-02-15,1,41.76
2022-02-15,2,43.0
2022-02-15,3,45.38
2022-02-15,4,43.36
2022-02-15,5,43.16
2022-02-15,6,43.2
2022-02-15,7,47.22
2022-02-15,8,156.17
2022-02-15,9,111.64
2022-02-15,10,118.87
2022-02-15,11,48.41
2022-02-15,12,46.12
2022-02-15,13,42.61
2022-02-15,14,37.17
2022-02-15,15,37.37
2022-02-15,16,37.5
2022-02-15,17,45.05
2022-02-15,18,75.06
2022-02-15,19,69.63
2022-02-15,20,54.08
2022-02-15,21,43.32
2022-02-15,22,41.0
2022-02-15,23,38.31
2022-02-15,24,34.08
2022-02-16,1,6.52
2022-02-16,2,0.0
2022-02-16,3,0.0
2022-02-16,4,0.0
2022-02-16,5,0.41
2022-02-16,6,7.84
2022-02-16,7,35.12
2022-02-16,8,42.9
2022-02-16,9,43.23
2022-02-16,10,40.63
2022-02-16,11,39.78
2022-02-16,12,14.36
2022-02-16,13,33.98
2022-02-16,14,33.94
2022-02-16,15,39.63
2022-02-16,16,34.54
2022-02-16,17,36.7
2022-02-16,18,37.5
2022-02-16,19,29.59
2022-02-16,20,32.35
2022-02-16,21,37.42
2022-02-16,22,29.72
2022-02-16,23,20.34
2022-02-16,24,8.21
2022-02-17,1,10.77
2022-02-17,2,14.35
2022-02-17,3,18.57
2022-02-17,4,36.27
2022-02-17,5,41.27
2022-02-17,6,37.23
2022-02-17,7,43.05
2022-02-17,8,35.63
2022-02-17,9,39.16
2022-02-17,10,41.9
2022-02-17,11,41.17
2022-02-17,12,45.73
2022-02-17,13,70.17
2022-02-17,14,72.15
2022-02-17,15,59.51
2022-02-17,16,46.78
2022-02-17,17,53.17
2022-02-17,18,138.86
2022-02-17,19,48.91
2022-02-17,20,102.72
2022-02-17,21,49.91
2022-02-17,22,46.51
2022-02-17,23,42.0
2022-02-17,24,45.71
2022-02-18,1,52.05
2022-02-18,2,47.41
2022-02-18,3,43.69
2022-02-18,4,40.32
2022-02-18,5,15.7
2022-02-18,6,13.6
2022-02-18,7,39.45
2022-02-18,8,46.41
2022-02-18,9,46.87
2022-02-18,10,47.17
2022-02-18,11,46.87
2022-02-18,12,61.94
2022-02-18,13,49.5
2022-02-18,14,47.62
2022-02-18,15,43.79
2022-02-18,16,43.14
2022-02-18,17,43.83
2022-02-18,18,44.39
2022-02-18,19,46.8
2022-02-18,20,46.58
2022-02-18,21,45.64
2022-02-18,22,45.18
2022-02-18,23,43.85
2022-02-18,24,44.0
2022-02-19,1,36.65
2022-02-19,2,40.85
2022-02-19,3,41.23
2022-02-19,4,41.26
2022-02-19,5,41.22
2022-02-19,6,38.61
2022-02-19,7,41.02
2022-02-19,8,41.81
2022-02-19,9,41.35
2022-02-19,10,41.32
2022-02-19,11,41.04
2022-02-19,12,43.02
2022-02-19,13,40.84
2022-02-19,14,40.82
2022-02-19,15,31.31
2022-02-19,16,16.01
2022-02-19,17,40.37
2022-02-19,18,53.02
2022-02-19,19,47.81
2022-02-19,20,49.6
2022-02-19,21,47.58
2022-02-19,22,42.85
2022-02-19,23,42.75
2022-02-19,24,41.61
2022-02-20,1,43.83
2022-02-20,2,35.13
2022-02-20,3,23.05
2022-02-20,4,11.59
2022-02-20,5,13.6
2022-02-20,6,6.28
2022-02-20,7,10.17
2022-02-20,8,14.35
2022-02-20,9,17.29
2022-02-20,10,50.68
2022-02-20,11,36.37
2022-02-20,12,34.81
2022-02-20,13,18.11
2022-02-20,14,13.03
2022-02-20,15,7.48
2022-02-20,16,4.45
2022-02-20,17,13.88
2022-02-20,18,24.24
2022-02-20,19,42.66
2022-02-20,20,14.37
2022-02-20,21,31.25
2022-02-20,22,22.15
2022-02-20,23,21.9
2022-02-20,24,17.06
2022-02-21,1,34.25
2022-02-21,2,14.38
2022-02-21,3,14.38
2022-02-21,4,32.23
2022-02-21,5,37.76
2022-02-21,6,41.52
2022-02-21,7,40.63
2022-02-21,8,43.68
2022-02-21,9,42.64
2022-02-21,10,42.69
2022-02-21,11,42.68
2022-02-21,12,41.3
2022-02-21,13,41.29
2022-02-21,14,41.69
2022-02-21,15,39.63
2022-02-21,16,40.05
2022-02-21,17,37.25
2022-02-21,18,41.18
2022-02-21,19,39.57
2022-02-21,20,27.38
2022-02-21,21,18.85
2022-02-21,22,42.63
2022-02-21,23,41.13
2022-02-21,24,24.91
2022-02-22,1,17.96
2022-02-22,2,14.37
2022-02-22,3,14.37
2022-02-22,4,14.39
2022-02-22,5,22.94
2022-02-22,6,7.81
2022-02-22,7,39.65
2022-02-22,8,43.44
2022-02-22,9,44.78
2022-02-22,10,44.83
2022-02-22,11,50.87
2022-02-22,12,42.8
2022-02-22,13,42.96
2022-02-22,14,50.3
2022-02-22,15,51.15
2022-02-22,16,60.42
2022-02-22,17,93.38
2022-02-22,18,46.89
2022-02-22,19,43.18
2022-02-22,20,42.94
2022-02-22,21,42.31
2022-02-22,22,43.7
2022-02-22,23,40.55
2022-02-22,24,12.74
2022-02-23,1,7.98
2022-02-23,2,22.02
2022-02-23,3,46.6
2022-02-23,4,14.38
2022-02-23,5,6.51
2022-02-23,6,9.19
2022-02-23,7,11.34
2022-02-23,8,43.1
2022-02-23,9,42.63
2022-02-23,10,44.17
2022-02-23,11,42.09
2022-02-23,12,40.45
2022-02-23,13,16.41
2022-02-23,14,14.37
2022-02-23,15,42.13
2022-02-23,16,29.91
2022-02-23,17,43.37
2022-02-23,18,56.52
2022-02-23,19,88.15
2022-02-23,20,55.59
2022-02-23,21,67.44
2022-02-23,22,67.01
2022-02-23,23,52.06
2022-02-23,24,44.86
2022-02-24,1,44.11
2022-02-24,2,44.03
2022-02-24,3,44.25
2022-02-24,4,43.33
2022-02-24,5,38.2
2022-02-24,6,45.73
2022-02-24,7,48.81
2022-02-24,8,53.48
2022-02-24,9,49.17
2022-02-24,10,49.67
2022-02-24,11,48.17
2022-02-24,12,43.47
2022-02-24,13,42.78
2022-02-24,14,41.45
2022-02-24,15,41.42
2022-02-24,16,38.19
2022-02-24,17,43.57
2022-02-24,18,43.42
2022-02-24,19,47.79
2022-02-24,20,53.78
2022-02-24,21,60.32
2022-02-24,22,51.02
2022-02-24,23,44.38
2022-02-24,24,44.75
2022-02-25,1,47.51
2022-02-25,2,45.8
2022-02-25,3,45.97
2022-02-25,4,47.55
2022-02-25,5,49.42
2022-02-25,6,50.46
2022-02-25,7,57.36
2022-02-25,8,86.01
2022-02-25,9,73.43
2022-02-25,10,164.71
2022-02-25,11,407.42
2022-02-25,12,105.45
2022-02-25,13,57.02
2022-02-25,14,55.22
2022-02-25,15,52.9
2022-02-25,16,55.0
2022-02-25,17,74.17
2022-02-25,18,81.44
2022-02-25,19,115.16
2022-02-25,20,142.66
2022-02-25,21,82.5
2022-02-25,22,69.65
2022-02-25,23,57.49
2022-02-25,24,51.13
2022-02-26,1,48.18
2022-02-26,2,45.22
2022-02-26,3,46.7
2022-02-26,4,43.77
2022-02-26,5,46.86
2022-02-26,6,46.35
2022-02-26,7,50.78
2022-02-26,8,52.15
2022-02-26,9,47.75
2022-02-26,10,45.8
2022-02-26,11,46.05
2022-02-26,12,43.52
2022-02-26,13,43.51
2022-02-26,14,43.53
2022-02-26,15,43.08
2022-02-26,16,42.69
2022-02-26,17,42.32
2022-02-26,18,43.66
2022-02-26,19,43.63
2022-02-26,20,43.56
2022-02-26,21,43.63
2022-02-26,22,44.7
2022-02-26,23,45.38
2022-02-26,24,33.86
2022-02-27,1,12.84
2022-02-27,2,11.51
2022-02-27,3,13.34
2022-02-27,4,13.32
2022-02-27,5,13.33
2022-02-27,6,13.34
2022-02-27,7,20.76
2022-02-27,8,27.28
2022-02-27,9,25.2
2022-02-27,10,29.65
2022-02-27,11,14.37
2022-02-27,12,13.75
2022-02-27,13,10.8
2022-02-27,14,14.34
2022-02-27,15,19.21
2022-02-27,16,18.83
2022-02-27,17,40.71
2022-02-27,18,43.9
2022-02-27,19,44.58
2022-02-27,20,44.32
2022-02-27,21,43.73
2022-02-27,22,31.04
2022-02-27,23,36.44
2022-02-27,24,32.84
2022-02-28,1,43.75
2022-02-28,2,43.9
2022-02-28,3,44.89
2022-02-28,4,47.37
2022-02-28,5,39.78
2022-02-28,6,44.29
2022-02-28,7,50.14
2022-02-28,8,80.02
2022-02-28,9,49.32
2022-02-28,10,44.43
2022-02-28,11,44.35
2022-02-28,12,43.6
2022-02-28,13,43.6
2022-02-28,14,45.13
2022-02-28,15,45.15
2022-02-28,16,45.5
2022-02-28,17,45.58
2022-02-28,18,48.52
2022-02-28,19,48.28
2022-02-28,20,46.95
2022-02-28,21,47.8
2022-02-28,22,46.88
2022-02-28,23,41.84
2022-02-28,24,39.67
2022-03-01,1,41.62
2022-03-01,2,38.59
2022-03-01,3,42.31
2022-03-01,4,43.85
2022-03-01,5,45.21
2022-03-01,6,44.83
2022-03-01,7,45.24
2022-03-01,8,47.19
2022-03-01,9,48.04
2022-03-01,10,50.78
2022-03-01,11,52.63
2022-03-01,12,47.57
2022-03-01,13,46.34
2022-03-01,14,44.88
2022-03-01,15,43.23
2022-03-01,16,42.66
2022-03-01,17,44.14
2022-03-01,18,45.01
2022-03-01,19,44.58
2022-03-01,20,44.14
2022-03-01,21,44.87
2022-03-01,22,44.83
2022-03-01,23,42.79
2022-03-01,24,41.93
2022-03-02,1,41.81
2022-03-02,2,41.79
2022-03-02,3,41.76
2022-03-02,4,42.68
2022-03-02,5,39.79
2022-03-02,6,44.19
2022-03-02,7,46.49
2022-03-02,8,48.95
2022-03-02,9,47.38
2022-03-02,10,46.66
2022-03-02,11,42.37
2022-03-02,12,36.46
2022-03-02,13,33.77
2022-03-02,14,40.55
2022-03-02,15,41.08
2022-03-02,16,37.39
2022-03-02,17,41.75
2022-03-02,18,43.0
2022-03-02,19,47.66
2022-03-02,20,43.7
2022-03-02,21,40.53
2022-03-02,22,39.0
2022-03-02,23,6.45
2022-03-02,24,0.0
2022-03-03,1,0.0
2022-03-03,2,0.0
2022-03-03,3,12.74
2022-03-03,4,28.92
2022-03-03,5,19.72
2022-03-03,6,38.99
2022-03-03,7,44.75
2022-03-03,8,51.09
2022-03-03,9,47.35
2022-03-03,10,48.93
2022-03-03,11,45.72
2022-03-03,12,44.73
2022-03-03,13,39.48
2022-03-03,14,33.44
2022-03-03,15,32.46
2022-03-03,16,30.54
2022-03-03,17,36.59
2022-03-03,18,42.77
2022-03-03,19,54.63
2022-03-03,20,53.06
2022-03-03,21,48.33
2022-03-03,22,46.46
2022-03-03,23,46.46
2022-03-03,24,42.44
2022-03-04,1,42.67
2022-03-04,2,43.29
2022-03-04,3,37.66
2022-03-04,4,36.81
2022-03-04,5,39.6
2022-03-04,6,45.5
2022-03-04,7,48.57
2022-03-04,8,50.86
2022-03-04,9,51.54
2022-03-04,10,45.55
2022-03-04,11,43.73
2022-03-04,12,36.46
2022-03-04,13,33.88
2022-03-04,14,33.71
2022-03-04,15,37.87
2022-03-04,16,37.53
2022-03-04,17,35.58
2022-03-04,18,42.0
2022-03-04,19,43.36
2022-03-04,20,43.34
2022-03-04,21,43.33
2022-03-04,22,43.55
2022-03-04,23,42.25
2022-03-04,24,40.03
2022-03-05,1,44.66
2022-03-05,2,44.16
2022-03-05,3,41.8
2022-03-05,4,30.59
2022-03-05,5,13.31
2022-03-05,6,7.81
2022-03-05,7,5.75
2022-03-05,8,4.58
2022-03-05,9,11.57
2022-03-05,10,33.96
2022-03-05,11,29.24
2022-03-05,12,23.33
2022-03-05,13,16.5
2022-03-05,14,14.34
2022-03-05,15,26.92
2022-03-05,16,45.5
2022-03-05,17,38.97
2022-03-05,18,37.0
2022-03-05,19,52.33
2022-03-05,20,38.85
2022-03-05,21,11.64
2022-03-05,22,9.45
2022-03-05,23,4.11
2022-03-05,24,0.0
2022-03-06,1,0.0
2022-03-06,2,0.0
2022-03-06,3,0.0
2022-03-06,4,0.0
2022-03-06,5,0.0
2022-03-06,6,0.0
2022-03-06,7,0.0
2022-03-06,8,0.0
2022-03-06,9,0.0
2022-03-06,10,0.0
2022-03-06,11,0.0
2022-03-06,12,0.0
2022-03-06,13,0.0
2022-03-06,14,0.0
2022-03-06,15,0.0
2022-03-06,16,0.0
2022-03-06,17,7.07
2022-03-06,18,43.95
2022-03-06,19,22.0
2022-03-06,20,34.33
2022-03-06,21,36.04
2022-03-06,22,45.78
2022-03-06,23,66.45
2022-03-06,24,68.11
2022-03-07,1,51.49
2022-03-07,2,17.73
2022-03-07,3,14.37
2022-03-07,4,14.34
2022-03-07,5,12.93
2022-03-07,6,1.59
2022-03-07,7,40.65
2022-03-07,8,47.44
2022-03-07,9,48.78
2022-03-07,10,48.66
2022-03-07,11,49.17
2022-03-07,12,52.93
2022-03-07,13,50.99
2022-03-07,14,48.29
2022-03-07,15,45.7
2022-03-07,16,45.53
2022-03-07,17,48.63
2022-03-07,18,48.66
2022-03-07,19,48.88
2022-03-07,20,48.31
2022-03-07,21,45.35
2022-03-07,22,45.73
2022-03-07,23,29.51
2022-03-07,24,22.92
2022-03-08,1,25.93
2022-03-08,2,20.87
2022-03-08,3,14.37
2022-03-08,4,31.91
2022-03-08,5,29.81
2022-03-08,6,43.97
2022-03-08,7,45.21
2022-03-08,8,53.16
2022-03-08,9,55.81
2022-03-08,10,50.77
2022-03-08,11,48.82
2022-03-08,12,46.9
2022-03-08,13,45.36
2022-03-08,14,43.36
2022-03-08,15,43.22
2022-03-08,16,41.94
2022-03-08,17,45.36
2022-03-08,18,45.93
2022-03-08,19,46.9
2022-03-08,20,46.4
2022-03-08,21,50.56
2022-03-08,22,48.51
2022-03-08,23,45.5
2022-03-08,24,15.42
2022-03-09,1,36.64
2022-03-09,2,38.48
2022-03-09,3,41.32
2022-03-09,4,45.96
2022-03-09,5,44.8
2022-03-09,6,43.88
2022-03-09,7,47.86
2022-03-09,8,49.63
2022-03-09,9,48.03
2022-03-09,10,47.81
2022-03-09,11,47.81
2022-03-09,12,44.96
2022-03-09,13,44.67
2022-03-09,14,43.43
2022-03-09,15,40.32
2022-03-09,16,39.98
2022-03-09,17,34.44
2022-03-09,18,40.66
2022-03-09,19,43.94
2022-03-09,20,43.52
2022-03-09,21,44.27
2022-03-09,22,45.05
2022-03-09,23,39.21
2022-03-09,24,24.69
2022-03-10,1,42.82
2022-03-10,2,41.34
2022-03-10,3,42.15
2022-03-10,4,43.54
2022-03-10,5,43.06
2022-03-10,6,42.34
2022-03-10,7,42.49
2022-03-10,8,45.38
2022-03-10,9,45.63
2022-03-10,10,43.96
2022-03-10,11,43.68
2022-03-10,12,43.59
2022-03-10,13,42.47
2022-03-10,14,41.5
2022-03-10,15,31.76
2022-03-10,16,42.67
2022-03-10,17,41.06
2022-03-10,18,43.41
2022-03-10,19,42.7
2022-03-10,20,43.26
2022-03-10,21,46.72
2022-03-10,22,47.37
2022-03-10,23,49.61
2022-03-10,24,44.84
2022-03-11,1,43.14
2022-03-11,2,42.34
2022-03-11,3,39.93
2022-03-11,4,38.17
2022-03-11,5,37.71
2022-03-11,6,43.83
2022-03-11,7,45.12
2022-03-11,8,50.19
2022-03-11,9,52.55
2022-03-11,10,48.04
2022-03-11,11,47.93
2022-03-11,12,52.99
2022-03-11,13,54.13
2022-03-11,14,49.68
2022-03-11,15,48.63
2022-03-11,16,47.86
2022-03-11,17,46.99
2022-03-11,18,47.3
2022-03-11,19,48.39
2022-03-11,20,46.34
2022-03-11,21,44.32
2022-03-11,22,44.66
2022-03-11,23,41.3
2022-03-11,24,18.16
2022-03-12,1,6.96
2022-03-12,2,12.79
2022-03-12,3,14.32
2022-03-12,4,14.33
2022-03-12,5,14.36
2022-03-12,6,13.6
2022-03-12,7,13.64
2022-03-12,8,24.32
2022-03-12,9,41.34
2022-03-12,10,38.82
2022-03-12,11,41.86
2022-03-12,12,44.43
2022-03-12,13,36.21
2022-03-12,14,14.36
2022-03-12,15,14.35
2022-03-12,16,29.26
2022-03-12,17,30.13
2022-03-12,18,45.09
2022-03-12,19,45.86
2022-03-12,20,45.35
2022-03-12,21,44.94
2022-03-12,22,45.54
2022-03-12,23,47.75
2022-03-12,24,47.22
2022-03-13,1,45.63
2022-03-13,2,44.89
2022-03-13,3,43.01
2022-03-13,4,44.94
2022-03-13,5,44.55
2022-03-13,6,44.44
2022-03-13,7,44.4
2022-03-13,8,44.8
2022-03-13,9,36.18
2022-03-13,10,42.81
2022-03-13,11,44.78
2022-03-13,12,44.01
2022-03-13,13,41.8
2022-03-13,14,31.65
2022-03-13,15,44.03
2022-03-13,16,46.6
2022-03-13,17,48.0
2022-03-13,18,48.22
2022-03-13,19,47.94
2022-03-13,20,47.88
2022-03-13,21,45.46
2022-03-13,22,44.97
2022-03-13,23,44.86
2022-03-13,24,47.46
2022-03-14,1,51.08
2022-03-14,2,41.82
2022-03-14,3,44.42
2022-03-14,4,34.59
2022-03-14,5,44.63
2022-03-14,6,45.03
2022-03-14,7,47.78
2022-03-14,8,47.9
2022-03-14,9,47.81
2022-03-14,10,46.83
2022-03-14,11,46.12
2022-03-14,12,44.74
2022-03-14,13,43.49
2022-03-14,14,36.57
2022-03-14,15,41.11
2022-03-14,16,40.34
2022-03-14,17,44.8
2022-03-14,18,44.63
2022-03-14,19,45.39
2022-03-14,20,44.91
2022-03-14,21,44.62
2022-03-14,22,44.85
2022-03-14,23,45.62
2022-03-14,24,42.82
2022-03-15,1,41.37
2022-03-15,2,42.0
2022-03-15,3,43.7
2022-03-15,4,43.89
2022-03-15,5,40.63
2022-03-15,6,41.47
2022-03-15,7,42.72
2022-03-15,8,46.38
2022-03-15,9,45.11
2022-03-15,10,43.92
2022-03-15,11,43.71
2022-03-15,12,44.59
2022-03-15,13,46.57
2022-03-15,14,46.9
2022-03-15,15,46.55
2022-03-15,16,44.03
2022-03-15,17,44.06
2022-03-15,18,46.58
2022-03-15,19,46.82
2022-03-15,20,46.37
2022-03-15,21,43.19
2022-03-15,22,41.25
2022-03-15,23,42.36
2022-03-15,24,44.48
2022-03-16,1,43.11
2022-03-16,2,43.23
2022-03-16,3,41.41
2022-03-16,4,42.32
2022-03-16,5,39.64
2022-03-16,6,42.51
2022-03-16,7,45.1
2022-03-16,8,49.96
2022-03-16,9,44.32
2022-03-16,10,44.29
2022-03-16,11,43.24
2022-03-16,12,43.03
2022-03-16,13,42.81
2022-03-16,14,42.9
2022-03-16,15,42.83
2022-03-16,16,42.59
2022-03-16,17,42.5
2022-03-16,18,42.16
2022-03-16,19,41.33
2022-03-16,20,30.02
2022-03-16,21,22.12
2022-03-16,22,16.8
2022-03-16,23,13.98
2022-03-16,24,13.15
2022-03-17,1,14.35
2022-03-17,2,19.91
2022-03-17,3,30.91
2022-03-17,4,37.06
2022-03-17,5,22.34
2022-03-17,6,16.19
2022-03-17,7,33.4
2022-03-17,8,43.94
2022-03-17,9,43.19
2022-03-17,10,40.27
2022-03-17,11,43.42
2022-03-17,12,44.57
2022-03-17,13,43.37
2022-03-17,14,35.06
2022-03-17,15,35.71
2022-03-17,16,36.45
2022-03-17,17,43.33
2022-03-17,18,43.89
2022-03-17,19,44.83
2022-03-17,20,41.9
2022-03-17,21,31.46
2022-03-17,22,30.05
2022-03-17,23,30.03
2022-03-17,24,34.64
2022-03-18,1,42.5
2022-03-18,2,30.53
2022-03-18,3,16.12
2022-03-18,4,8.09
2022-03-18,5,15.91
2022-03-18,6,27.08
2022-03-18,7,41.71
2022-03-18,8,45.61
2022-03-18,9,47.08
2022-03-18,10,46.58
2022-03-18,11,45.61
2022-03-18,12,45.1
2022-03-18,13,45.01
2022-03-18,14,44.58
2022-03-18,15,44.73
2022-03-18,16,38.52
2022-03-18,17,36.97
2022-03-18,18,12.97
2022-03-18,19,9.8
2022-03-18,20,3.89
2022-03-18,21,10.85
2022-03-18,22,25.72
2022-03-18,23,22.35
2022-03-18,24,13.12
2022-03-19,1,11.87
2022-03-19,2,8.11
2022-03-19,3,13.54
2022-03-19,4,5.77
2022-03-19,5,7.91
2022-03-19,6,24.49
2022-03-19,7,41.91
2022-03-19,8,34.55
2022-03-19,9,29.67
2022-03-19,10,27.19
2022-03-19,11,47.16
2022-03-19,12,49.5
2022-03-19,13,46.19
2022-03-19,14,36.01
2022-03-19,15,38.29
2022-03-19,16,47.95
2022-03-19,17,26.63
2022-03-19,18,14.34
2022-03-19,19,14.31
2022-03-19,20,33.0
2022-03-19,21,27.45
2022-03-19,22,9.52
2022-03-19,23,8.22
2022-03-19,24,11.74
2022-03-20,1,11.85
2022-03-20,2,14.37
2022-03-20,3,27.1
2022-03-20,4,35.01
2022-03-20,5,13.61
2022-03-20,6,21.12
2022-03-20,7,28.18
2022-03-20,8,21.2
2022-03-20,9,47.9
2022-03-20,10,35.93
2022-03-20,11,28.27
2022-03-20,12,17.74
2022-03-20,13,19.82
2022-03-20,14,7.61
2022-03-20,15,9.0
2022-03-20,16,13.29
2022-03-20,17,32.28
2022-03-20,18,37.89
2022-03-20,19,44.87
2022-03-20,20,45.0
2022-03-20,21,44.27
2022-03-20,22,38.8
2022-03-20,23,37.73
2022-03-20,24,33.11
2022-03-21,1,14.36
2022-03-21,2,39.42
2022-03-21,3,41.57
2022-03-21,4,43.17
2022-03-21,5,40.66
2022-03-21,6,45.09
2022-03-21,7,46.22
2022-03-21,8,45.2
2022-03-21,9,44.53
2022-03-21,10,44.42
2022-03-21,11,43.58
2022-03-21,12,42.29
2022-03-21,13,43.54
2022-03-21,14,43.12
2022-03-21,15,37.68
2022-03-21,16,38.65
2022-03-21,17,44.06
2022-03-21,18,43.96
2022-03-21,19,44.23
2022-03-21,20,43.91
2022-03-21,21,43.95
2022-03-21,22,42.38
2022-03-21,23,43.46
2022-03-21,24,46.21
2022-03-22,1,48.41
2022-03-22,2,42.82
2022-03-22,3,46.24
2022-03-22,4,14.42
2022-03-22,5,28.56
2022-03-22,6,39.82
2022-03-22,7,44.33
2022-03-22,8,42.56
2022-03-22,9,37.24
2022-03-22,10,42.75
2022-03-22,11,42.28
2022-03-22,12,45.55
2022-03-22,13,52.64
2022-03-22,14,47.38
2022-03-22,15,43.73
2022-03-22,16,39.46
2022-03-22,17,39.11
2022-03-22,18,42.5
2022-03-22,19,380.39
2022-03-22,20,42.44
2022-03-22,21,40.74
2022-03-22,22,9.93
2022-03-22,23,4.88
2022-03-22,24,3.26
2022-03-23,1,7.29
2022-03-23,2,14.36
2022-03-23,3,14.36
2022-03-23,4,14.37
2022-03-23,5,10.76
2022-03-23,6,33.53
2022-03-23,7,42.28
2022-03-23,8,113.2
2022-03-23,9,63.17
2022-03-23,10,42.26
2022-03-23,11,44.51
2022-03-23,12,14.34
2022-03-23,13,8.1
2022-03-23,14,14.35
2022-03-23,15,14.33
2022-03-23,16,39.06
2022-03-23,17,43.04
2022-03-23,18,44.34
2022-03-23,19,45.94
2022-03-23,20,45.93
2022-03-23,21,45.54
2022-03-23,22,46.24
2022-03-23,23,45.58
2022-03-23,24,25.84
2022-03-24,1,15.29
2022-03-24,2,1.61
2022-03-24,3,0.0
2022-03-24,4,7.1
2022-03-24,5,7.44
2022-03-24,6,8.56
2022-03-24,7,25.52
2022-03-24,8,33.86
2022-03-24,9,18.68
2022-03-24,10,26.55
2022-03-24,11,41.08
2022-03-24,12,42.85
2022-03-24,13,14.38
2022-03-24,14,45.52
2022-03-24,15,35.43
2022-03-24,16,28.52
2022-03-24,17,38.95
2022-03-24,18,29.24
2022-03-24,19,46.33
2022-03-24,20,47.6
2022-03-24,21,46.4
2022-03-24,22,41.89
2022-03-24,23,27.0
2022-03-24,24,31.84
2022-03-25,1,32.64
2022-03-25,2,14.38
2022-03-25,3,14.35
2022-03-25,4,14.36
2022-03-25,5,12.93
2022-03-25,6,27.75
2022-03-25,7,44.53
2022-03-25,8,49.05
2022-03-25,9,48.38
2022-03-25,10,48.89
2022-03-25,11,49.17
2022-03-25,12,49.8
2022-03-25,13,48.24
2022-03-25,14,46.67
2022-03-25,15,48.77
2022-03-25,16,52.08
2022-03-25,17,47.49
2022-03-25,18,46.68
2022-03-25,19,49.63
2022-03-25,20,47.74
2022-03-25,21,45.33
2022-03-25,22,37.22
2022-03-25,23,30.75
2022-03-25,24,23.58
2022-03-26,1,14.37
2022-03-26,2,20.33
2022-03-26,3,38.44
2022-03-26,4,39.23
2022-03-26,5,40.65
2022-03-26,6,49.18
2022-03-26,7,46.99
2022-03-26,8,49.82
2022-03-26,9,40.42
2022-03-26,10,48.4
2022-03-26,11,40.08
2022-03-26,12,19.42
2022-03-26,13,9.5
2022-03-26,14,11.7
2022-03-26,15,14.35
2022-03-26,16,36.0
2022-03-26,17,14.35
2022-03-26,18,14.37
2022-03-26,19,14.35
2022-03-26,20,14.35
2022-03-26,21,14.36
2022-03-26,22,16.72
2022-03-26,23,19.93
2022-03-26,24,13.67
2022-03-27,1,14.35
2022-03-27,2,14.36
2022-03-27,3,14.36
2022-03-27,4,12.44
2022-03-27,5,14.36
2022-03-27,6,16.69
2022-03-27,7,14.37
2022-03-27,8,14.36
2022-03-27,9,16.72
2022-03-27,10,32.33
2022-03-27,11,16.74
2022-03-27,12,19.08
2022-03-27,13,14.34
2022-03-27,14,13.73
2022-03-27,15,14.34
2022-03-27,16,27.4
2022-03-27,17,49.17
2022-03-27,18,49.51
2022-03-27,19,50.21
2022-03-27,20,49.83
2022-03-27,21,65.15
2022-03-27,22,49.92
2022-03-27,23,43.97
2022-03-27,24,43.43
2022-03-28,1,44.36
2022-03-28,2,48.39
2022-03-28,3,48.5
2022-03-28,4,47.91
2022-03-28,5,48.98
2022-03-28,6,54.76
2022-03-28,7,57.99
2022-03-28,8,53.37
2022-03-28,9,51.89
2022-03-28,10,51.09
2022-03-28,11,49.04
2022-03-28,12,49.04
2022-03-28,13,44.56
2022-03-28,14,43.72
2022-03-28,15,46.1
2022-03-28,16,48.62
2022-03-28,17,52.71
2022-03-28,18,55.08
2022-03-28,19,70.69
2022-03-28,20,73.99
2022-03-28,21,56.16
2022-03-28,22,54.09
2022-03-28,23,49.74
2022-03-28,24,47.94
2022-03-29,1,48.82
2022-03-29,2,46.56
2022-03-29,3,47.34
2022-03-29,4,44.17
2022-03-29,5,45.53
2022-03-29,6,64.67
2022-03-29,7,66.09
2022-03-29,8,55.66
2022-03-29,9,52.74
2022-03-29,10,50.03
2022-03-29,11,52.03
2022-03-29,12,48.63
2022-03-29,13,48.86
2022-03-29,14,48.64
2022-03-29,15,40.56
2022-03-29,16,43.62
2022-03-29,17,48.06
2022-03-29,18,48.03
2022-03-29,19,55.74
2022-03-29,20,60.44
2022-03-29,21,50.75
2022-03-29,22,50.22
2022-03-29,23,48.8
2022-03-29,24,41.66
2022-03-30,1,45.25
2022-03-30,2,35.48
2022-03-30,3,14.35
2022-03-30,4,16.84
2022-03-30,5,39.2
2022-03-30,6,47.39
2022-03-30,7,58.98
2022-03-30,8,58.86
2022-03-30,9,48.57
2022-03-30,10,53.82
2022-03-30,11,48.57
2022-03-30,12,47.94
2022-03-30,13,47.39
2022-03-30,14,70.86
2022-03-30,15,211.52
2022-03-30,16,67.66
2022-03-30,17,49.09
2022-03-30,18,47.42
2022-03-30,19,44.8
2022-03-30,20,34.81
2022-03-30,21,48.08
2022-03-30,22,57.35
2022-03-30,23,169.3
2022-03-30,24,36.45
2022-03-31,1,29.36
2022-03-31,2,2.88
2022-03-31,3,0.0
2022-03-31,4,0.0
2022-03-31,5,7.55
2022-03-31,6,13.57
2022-03-31,7,42.67
2022-03-31,8,14.37
2022-03-31,9,8.95
2022-03-31,10,7.68
2022-03-31,11,14.35
2022-03-31,12,14.34
2022-03-31,13,18.58
2022-03-31,14,25.0
2022-03-31,15,11.6
2022-03-31,16,11.55
2022-03-31,17,10.36
2022-03-31,18,13.73
2022-03-31,19,12.24
2022-03-31,20,13.25
2022-03-31,21,49.65
2022-03-31,22,35.84
2022-03-31,23,15.87
2022-03-31,24,23.37
2022-04-01,1,27.45
2022-04-01,2,37.42
2022-04-01,3,17.45
2022-04-01,4,13.41
2022-04-01,5,28.54
2022-04-01,6,48.85
2022-04-01,7,51.33
2022-04-01,8,59.61
2022-04-01,9,52.02
2022-04-01,10,38.34
2022-04-01,11,34.08
2022-04-01,12,27.68
2022-04-01,13,13.22
2022-04-01,14,12.73
2022-04-01,15,10.28
2022-04-01,16,14.92
2022-04-01,17,37.1
2022-04-01,18,38.0
2022-04-01,19,59.92
2022-04-01,20,80.85
2022-04-01,21,34.07
2022-04-01,22,40.61
2022-04-01,23,41.68
2022-04-01,24,47.56
2022-04-02,1,54.61
2022-04-02,2,51.04
2022-04-02,3,47.76
2022-04-02,4,52.95
2022-04-02,5,52.03
2022-04-02,6,54.16
2022-04-02,7,52.66
2022-04-02,8,47.94
2022-04-02,9,42.74
2022-04-02,10,49.18
2022-04-02,11,49.95
2022-04-02,12,49.57
2022-04-02,13,51.32
2022-04-02,14,51.68
2022-04-02,15,51.36
2022-04-02,16,44.22
2022-04-02,17,50.33
2022-04-02,18,55.53
2022-04-02,19,53.79
2022-04-02,20,54.15
2022-04-02,21,53.58
2022-04-02,22,51.17
2022-04-02,23,46.46
2022-04-02,24,49.72
2022-04-03,1,28.33
2022-04-03,2,14.4
2022-04-03,3,44.17
2022-04-03,4,45.76
2022-04-03,5,48.37
2022-04-03,6,38.89
2022-04-03,7,30.22
2022-04-03,8,48.26
2022-04-03,9,51.99
2022-04-03,10,50.74
2022-04-03,11,51.35
2022-04-03,12,54.14
2022-04-03,13,54.73
2022-04-03,14,57.4
2022-04-03,15,55.05
2022-04-03,16,58.53
2022-04-03,17,63.94
2022-04-03,18,62.01
2022-04-03,19,75.99
2022-04-03,20,73.74
2022-04-03,21,63.24
2022-04-03,22,61.23
2022-04-03,23,59.17
2022-04-03,24,50.25
2022-04-04,1,51.81
2022-04-04,2,51.55
2022-04-04,3,51.57
2022-04-04,4,53.55
2022-04-04,5,53.91
2022-04-04,6,82.53
2022-04-04,7,71.21
2022-04-04,8,59.66
2022-04-04,9,61.55
2022-04-04,10,119.18
2022-04-04,11,94.24
2022-04-04,12,55.5
2022-04-04,13,70.64
2022-04-04,14,52.13
2022-04-04,15,47.94
2022-04-04,16,46.64
2022-04-04,17,59.56
2022-04-04,18,70.32
2022-04-04,19,82.48
2022-04-04,20,77.8
2022-04-04,21,59.96
2022-04-04,22,50.16
2022-04-04,23,49.1
2022-04-04,24,47.52
2022-04-05,1,40.49
2022-04-05,2,19.75
2022-04-05,3,26.43
2022-04-05,4,46.67
2022-04-05,5,40.39
2022-04-05,6,66.92
2022-04-05,7,123.8
2022-04-05,8,107.88
2022-04-05,9,107.15
2022-04-05,10,73.06
2022-04-05,11,66.68
2022-04-05,12,88.01
2022-04-05,13,58.43
2022-04-05,14,59.28
2022-04-05,15,53.15
2022-04-05,16,57.79
2022-04-05,17,55.28
2022-04-05,18,54.89
2022-04-05,19,54.76
2022-04-05,20,54.58
2022-04-05,21,56.75
2022-04-05,22,17.16
2022-04-05,23,8.07
2022-04-05,24,10.86
2022-04-06,1,13.7
2022-04-06,2,13.73
2022-04-06,3,14.31
2022-04-06,4,17.54
2022-04-06,5,25.68
2022-04-06,6,36.7
2022-04-06,7,38.07
2022-04-06,8,51.93
2022-04-06,9,46.52
2022-04-06,10,29.42
2022-04-06,11,11.06
2022-04-06,12,13.73
2022-04-06,13,25.26
2022-04-06,14,88.37
2022-04-06,15,39.85
2022-04-06,16,30.85
2022-04-06,17,41.8
2022-04-06,18,42.08
2022-04-06,19,55.0
2022-04-06,20,55.64
2022-04-06,21,100.98
2022-04-06,22,99.33
2022-04-06,23,44.6
2022-04-06,24,37.29
2022-04-07,1,13.64
2022-04-07,2,10.63
2022-04-07,3,14.32
2022-04-07,4,12.93
2022-04-07,5,5.03
2022-04-07,6,37.31
2022-04-07,7,53.08
2022-04-07,8,57.0
2022-04-07,9,56.2
2022-04-07,10,54.47
2022-04-07,11,35.99
2022-04-07,12,23.5
2022-04-07,13,13.36
2022-04-07,14,19.84
2022-04-07,15,58.44
2022-04-07,16,61.14
2022-04-07,17,65.84
2022-04-07,18,69.23
2022-04-07,19,78.16
2022-04-07,20,135.88
2022-04-07,21,61.31
2022-04-07,22,48.91
2022-04-07,23,61.15
2022-04-07,24,39.96
2022-04-08,1,30.07
2022-04-08,2,13.36
2022-04-08,3,13.37
2022-04-08,4,31.87
2022-04-08,5,37.95
2022-04-08,6,55.21
2022-04-08,7,74.54
2022-04-08,8,70.86
2022-04-08,9,81.25
2022-04-08,10,67.36
2022-04-08,11,58.0
2022-04-08,12,54.54
2022-04-08,13,40.96
2022-04-08,14,13.98
2022-04-08,15,46.93
2022-04-08,16,51.61
2022-04-08,17,33.94
2022-04-08,18,44.11
2022-04-08,19,50.41
2022-04-08,20,58.03
2022-04-08,21,55.28
2022-04-08,22,66.79
2022-04-08,23,65.6
2022-04-08,24,30.17
2022-04-09,1,41.62
2022-04-09,2,49.93
2022-04-09,3,64.45
2022-04-09,4,56.87
2022-04-09,5,51.65
2022-04-09,6,57.76
2022-04-09,7,61.07
2022-04-09,8,70.6
2022-04-09,9,70.93
2022-04-09,10,69.0
2022-04-09,11,60.79
2022-04-09,12,58.88
2022-04-09,13,58.26
2022-04-09,14,58.87
2022-04-09,15,63.31
2022-04-09,16,61.42
2022-04-09,17,58.84
2022-04-09,18,60.06
2022-04-09,19,58.62
2022-04-09,20,58.43
2022-04-09,21,58.6
2022-04-09,22,50.31
2022-04-09,23,32.02
2022-04-09,24,15.98
2022-04-10,1,7.61
2022-04-10,2,13.73
2022-04-10,3,14.37
2022-04-10,4,14.37
2022-04-10,5,14.35
2022-04-10,6,2.85
2022-04-10,7,12.81
2022-04-10,8,14.1
2022-04-10,9,14.36
2022-04-10,10,21.75
2022-04-10,11,17.44
2022-04-10,12,14.36
2022-04-10,13,14.37
2022-04-10,14,14.36
2022-04-10,15,20.45
2022-04-10,16,35.45
2022-04-10,17,14.36
2022-04-10,18,12.36
2022-04-10,19,37.32
2022-04-10,20,14.33
2022-04-10,21,8.68
2022-04-10,22,2.87
2022-04-10,23,0.41
2022-04-10,24,0.0
2022-04-11,1,0.0
2022-04-11,2,0.0
2022-04-11,3,0.92
2022-04-11,4,0.0
2022-04-11,5,1.42
2022-04-11,6,7.77
2022-04-11,7,34.05
2022-04-11,8,46.66
2022-04-11,9,33.69
2022-04-11,10,0.41
2022-04-11,11,5.12
2022-04-11,12,0.41
2022-04-11,13,1.23
2022-04-11,14,3.44
2022-04-11,15,17.0
2022-04-11,16,14.35
2022-04-11,17,12.94
2022-04-11,18,14.36
2022-04-11,19,37.45
2022-04-11,20,10.38
2022-04-11,21,7.15
2022-04-11,22,4.26
2022-04-11,23,9.37
2022-04-11,24,14.34
2022-04-12,1,48.6
2022-04-12,2,13.37
2022-04-12,3,57.11
2022-04-12,4,61.51
2022-04-12,5,58.91
2022-04-12,6,52.03
2022-04-12,7,56.42
2022-04-12,8,52.64
2022-04-12,9,47.11
2022-04-12,10,19.59
2022-04-12,11,43.1
2022-04-12,12,47.86
2022-04-12,13,38.53
2022-04-12,14,14.69
2022-04-12,15,15.0
2022-04-12,16,11.55
2022-04-12,17,48.39
2022-04-12,18,48.71
2022-04-12,19,49.57
2022-04-12,20,29.6
2022-04-12,21,15.24
2022-04-12,22,5.25
2022-04-12,23,5.9
2022-04-12,24,2.87
2022-04-13,1,0.0
2022-04-13,2,0.0
2022-04-13,3,0.0
2022-04-13,4,0.0
2022-04-13,5,0.0
2022-04-13,6,1.88
2022-04-13,7,6.17
2022-04-13,8,13.33
2022-04-13,9,13.32
2022-04-13,10,8.94
2022-04-13,11,13.15
2022-04-13,12,10.95
2022-04-13,13,11.16
2022-04-13,14,6.45
2022-04-13,15,7.03
2022-04-13,16,14.36
2022-04-13,17,17.96
2022-04-13,18,13.75
2022-04-13,19,14.37
2022-04-13,20,13.05
2022-04-13,21,6.12
2022-04-13,22,2.27
2022-04-13,23,0.0
2022-04-13,24,0.0
2022-04-14,1,0.0
2022-04-14,2,-0.01
2022-04-14,3,0.0
2022-04-14,4,0.0
2022-04-14,5,0.0
2022-04-14,6,0.0
2022-04-14,7,2.33
2022-04-14,8,11.57
2022-04-14,9,5.73
2022-04-14,10,3.03
2022-04-14,11,0.0
2022-04-14,12,0.0
2022-04-14,13,0.0
2022-04-14,14,0.0
2022-04-14,15,0.0
2022-04-14,16,0.0
2022-04-14,17,0.0
2022-04-14,18,0.0
2022-04-14,19,0.0
2022-04-14,20,0.0
2022-04-14,21,0.0
2022-04-14,22,0.09
2022-04-14,23,0.0
2022-04-14,24,0.0
2022-04-15,1,0.0
2022-04-15,2,0.0
2022-04-15,3,0.0
2022-04-15,4,0.0
2022-04-15,5,0.0
2022-04-15,6,0.0
2022-04-15,7,0.0
2022-04-15,8,0.0
2022-04-15,9,0.0
2022-04-15,10,0.0
2022-04-15,11,0.0
2022-04-15,12,0.0
2022-04-15,13,0.0
2022-04-15,14,0.0
2022-04-15,15,0.4
2022-04-15,16,3.09
2022-04-15,17,0.4
2022-04-15,18,0.0
2022-04-15,19,0.0
2022-04-15,20,0.0
2022-04-15,21,5.18
2022-04-15,22,6.02
2022-04-15,23,5.84
2022-04-15,24,5.71
2022-04-16,1,5.99
2022-04-16,2,10.74
2022-04-16,3,14.37
2022-04-16,4,14.32
2022-04-16,5,14.34
2022-04-16,6,14.36
2022-04-16,7,35.92
2022-04-16,8,305.21
2022-04-16,9,4.74
2022-04-16,10,5.97
2022-04-16,11,6.06
2022-04-16,12,14.43
2022-04-16,13,45.75
2022-04-16,14,35.04
2022-04-16,15,14.68
2022-04-16,16,14.36
2022-04-16,17,94.37
2022-04-16,18,159.14
2022-04-16,19,14.36
2022-04-16,20,14.33
2022-04-16,21,16.32
2022-04-16,22,15.34
2022-04-16,23,9.41
2022-04-16,24,2.34
2022-04-17,1,5.45
2022-04-17,2,4.03
2022-04-17,3,0.41
2022-04-17,4,5.07
2022-04-17,5,5.94
2022-04-17,6,13.33
2022-04-17,7,13.35
2022-04-17,8,13.37
2022-04-17,9,13.54
2022-04-17,10,95.75
2022-04-17,11,230.07
2022-04-17,12,61.8
2022-04-17,13,9.14
2022-04-17,14,6.73
2022-04-17,15,5.92
2022-04-17,16,10.09
2022-04-17,17,13.43
2022-04-17,18,20.9
2022-04-17,19,24.75
2022-04-17,20,13.54
2022-04-17,21,10.9
2022-04-17,22,11.55
2022-04-17,23,12.39
2022-04-17,24,23.66
2022-04-18,1,17.29
2022-04-18,2,9.13
2022-04-18,3,8.97
2022-04-18,4,5.75
2022-04-18,5,0.0
2022-04-18,6,3.25
2022-04-18,7,5.81
2022-04-18,8,5.84
2022-04-18,9,5.59
2022-04-18,10,5.85
2022-04-18,11,9.93
2022-04-18,12,28.55
2022-04-18,13,65.79
2022-04-18,14,63.61
2022-04-18,15,57.04
2022-04-18,16,165.34
2022-04-18,17,130.64
2022-04-18,18,64.51
2022-04-18,19,32.3
2022-04-18,20,29.69
2022-04-18,21,23.05
2022-04-18,22,16.74
2022-04-18,23,17.62
2022-04-18,24,31.33
2022-04-19,1,14.33
2022-04-19,2,14.36
2022-04-19,3,36.61
2022-04-19,4,13.03
2022-04-19,5,6.72
2022-04-19,6,6.5
2022-04-19,7,20.75
2022-04-19,8,14.38
2022-04-19,9,12.23
2022-04-19,10,12.46
2022-04-19,11,14.37
2022-04-19,12,13.35
2022-04-19,13,12.31
2022-04-19,14,9.62
2022-04-19,15,9.62
2022-04-19,16,12.11
2022-04-19,17,10.37
2022-04-19,18,13.33
2022-04-19,19,13.34
2022-04-19,20,13.43
2022-04-19,21,12.12
2022-04-19,22,12.29
2022-04-19,23,11.72
2022-04-19,24,13.74
2022-04-20,1,14.38
2022-04-20,2,27.46
2022-04-20,3,57.3
2022-04-20,4,38.75
2022-04-20,5,50.06
2022-04-20,6,62.29
2022-04-20,7,62.28
2022-04-20,8,62.62
2022-04-20,9,223.98
2022-04-20,10,113.53
2022-04-20,11,65.6
2022-04-20,12,13.34
2022-04-20,13,13.34
2022-04-20,14,13.33
2022-04-20,15,13.33
2022-04-20,16,13.35
2022-04-20,17,50.16
2022-04-20,18,36.0
2022-04-20,19,13.33
2022-04-20,20,31.74
2022-04-20,21,22.2
2022-04-20,22,18.88
2022-04-20,23,3.35
2022-04-20,24,0.41
2022-04-21,1,0.0
2022-04-21,2,0.0
2022-04-21,3,0.0
2022-04-21,4,0.0
2022-04-21,5,0.0
2022-04-21,6,1.45
2022-04-21,7,18.93
2022-04-21,8,19.25
2022-04-21,9,14.35
2022-04-21,10,14.35
2022-04-21,11,14.38
2022-04-21,12,14.35
2022-04-21,13,14.36
2022-04-21,14,10.41
2022-04-21,15,7.33
2022-04-21,16,5.85
2022-04-21,17,5.82
2022-04-21,18,5.0
2022-04-21,19,15.46
2022-04-21,20,13.25
2022-04-21,21,11.64
2022-04-21,22,12.16
2022-04-21,23,12.66
2022-04-21,24,12.03
2022-04-22,1,5.92
2022-04-22,2,5.94
2022-04-22,3,6.68
2022-04-22,4,12.75
2022-04-22,5,21.17
2022-04-22,6,41.47
2022-04-22,7,45.37
2022-04-22,8,61.76
2022-04-22,9,29.34
2022-04-22,10,25.01
2022-04-22,11,50.12
2022-04-22,12,55.34
2022-04-22,13,41.51
2022-04-22,14,14.34
2022-04-22,15,13.76
2022-04-22,16,38.89
2022-04-22,17,46.03
2022-04-22,18,54.9
2022-04-22,19,33.03
2022-04-22,20,14.38
2022-04-22,21,16.89
2022-04-22,22,13.37
2022-04-22,23,8.22
2022-04-22,24,6.3
2022-04-23,1,1.82
2022-04-23,2,1.21
2022-04-23,3,3.1
2022-04-23,4,0.0
2022-04-23,5,0.0
2022-04-23,6,0.0
2022-04-23,7,0.0
2022-04-23,8,2.78
2022-04-23,9,5.14
2022-04-23,10,11.64
2022-04-23,11,14.34
2022-04-23,12,12.13
2022-04-23,13,6.73
2022-04-23,14,5.15
2022-04-23,15,5.77
2022-04-23,16,6.12
2022-04-23,17,5.92
2022-04-23,18,5.77
2022-04-23,19,5.99
2022-04-23,20,6.0
2022-04-23,21,5.18
2022-04-23,22,0.0
2022-04-23,23,0.0
2022-04-23,24,0.0
2022-04-24,1,0.0
2022-04-24,2,0.0
2022-04-24,3,0.0
2022-04-24,4,0.0
2022-04-24,5,-0.03
2022-04-24,6,0.0
2022-04-24,7,0.0
2022-04-24,8,0.0
2022-04-24,9,0.0
2022-04-24,10,0.0
2022-04-24,11,0.0
2022-04-24,12,0.0
2022-04-24,13,0.0
2022-04-24,14,-0.11
2022-04-24,15,-0.08
2022-04-24,16,0.0
2022-04-24,17,0.0
2022-04-24,18,0.0
2022-04-24,19,0.0
2022-04-24,20,1.88
2022-04-24,21,6.14
2022-04-24,22,4.22
2022-04-24,23,0.8
2022-04-24,24,0.0
2022-04-25,1,-0.01
2022-04-25,2,-0.01
2022-04-25,3,-0.05
2022-04-25,4,0.0
2022-04-25,5,0.0
2022-04-25,6,3.39
2022-04-25,7,27.12
2022-04-25,8,41.14
2022-04-25,9,14.33
2022-04-25,10,33.53
2022-04-25,11,14.4
2022-04-25,12,28.95
2022-04-25,13,66.08
2022-04-25,14,55.81
2022-04-25,15,61.37
2022-04-25,16,88.72
2022-04-25,17,60.54
2022-04-25,18,49.83
2022-04-25,19,44.43
2022-04-25,20,16.38
2022-04-25,21,21.54
2022-04-25,22,10.08
2022-04-25,23,4.37
2022-04-25,24,0.0
2022-04-26,1,0.0
2022-04-26,2,0.0
2022-04-26,3,0.0
2022-04-26,4,5.63
2022-04-26,5,7.81
2022-04-26,6,9.62
2022-04-26,7,27.28
2022-04-26,8,15.9
2022-04-26,9,13.34
2022-04-26,10,13.34
2022-04-26,11,45.63
2022-04-26,12,48.39
2022-04-26,13,37.67
2022-04-26,14,37.03
2022-04-26,15,19.59
2022-04-26,16,62.9
2022-04-26,17,78.44
2022-04-26,18,14.38
2022-04-26,19,13.75
2022-04-26,20,14.35
2022-04-26,21,12.98
2022-04-26,22,13.06
2022-04-26,23,6.59
2022-04-26,24,5.71
2022-04-27,1,5.64
2022-04-27,2,5.91
2022-04-27,3,5.44
2022-04-27,4,5.77
2022-04-27,5,5.73
2022-04-27,6,1.4
2022-04-27,7,4.78
2022-04-27,8,12.7
2022-04-27,9,11.52
2022-04-27,10,9.65
2022-04-27,11,5.82
2022-04-27,12,11.58
2022-04-27,13,13.31
2022-04-27,14,7.9
2022-04-27,15,11.06
2022-04-27,16,12.39
2022-04-27,17,13.67
2022-04-27,18,17.2
2022-04-27,19,33.52
2022-04-27,20,50.63
2022-04-27,21,60.84
2022-04-27,22,75.54
2022-04-27,23,18.55
2022-04-27,24,11.9
2022-04-28,1,14.37
2022-04-28,2,14.34
2022-04-28,3,14.33
2022-04-28,4,14.36
2022-04-28,5,13.06
2022-04-28,6,12.37
2022-04-28,7,92.37
2022-04-28,8,143.35
2022-04-28,9,30.37
2022-04-28,10,13.35
2022-04-28,11,33.23
2022-04-28,12,16.89
2022-04-28,13,13.06
2022-04-28,14,5.88
2022-04-28,15,6.71
2022-04-28,16,14.35
2022-04-28,17,6.68
2022-04-28,18,19.29
2022-04-28,19,37.28
2022-04-28,20,94.63
2022-04-28,21,60.57
2022-04-28,22,60.03
2022-04-28,23,11.31
2022-04-28,24,14.35
2022-04-29,1,14.29
2022-04-29,2,11.28
2022-04-29,3,14.27
2022-04-29,4,14.32
2022-04-29,5,6.74
2022-04-29,6,7.63
2022-04-29,7,18.61
2022-04-29,8,36.43
2022-04-29,9,39.09
2022-04-29,10,13.31
2022-04-29,11,13.35
2022-04-29,12,49.63
2022-04-29,13,32.93
2022-04-29,14,12.13
2022-04-29,15,5.83
2022-04-29,16,6.68
2022-04-29,17,12.11
2022-04-29,18,20.53
2022-04-29,19,40.35
2022-04-29,20,50.16
2022-04-29,21,31.36
2022-04-29,22,15.27
2022-04-29,23,11.51
2022-04-29,24,6.63
2022-04-30,1,11.72
2022-04-30,2,5.94
2022-04-30,3,5.87
2022-04-30,4,5.87
2022-04-30,5,5.95
2022-04-30,6,5.8
2022-04-30,7,5.62
2022-04-30,8,6.55
2022-04-30,9,8.43
2022-04-30,10,4.28
2022-04-30,11,5.91
2022-04-30,12,6.13
2022-04-30,13,5.79
2022-04-30,14,0.0
2022-04-30,15,0.0
2022-04-30,16,0.9
2022-04-30,17,2.65
2022-04-30,18,1.61
2022-04-30,19,5.81
2022-04-30,20,5.89
2022-04-30,21,2.24
2022-04-30,22,0.0
2022-04-30,23,0.0
2022-04-30,24,0.0
2022-05-01,1,-0.03
2022-05-01,2,-0.13
2022-05-01,3,-0.13
2022-05-01,4,-0.01
2022-05-01,5,0.0
2022-05-01,6,0.0
2022-05-01,7,0.0
2022-05-01,8,0.0
2022-05-01,9,0.0
2022-05-01,10,0.0
2022-05-01,11,0.4
2022-05-01,12,4.09
2022-05-01,13,5.81
2022-05-01,14,5.69
2022-05-01,15,1.27
2022-05-01,16,4.88
2022-05-01,17,7.35
2022-05-01,18,12.22
2022-05-01,19,14.75
2022-05-01,20,33.28
2022-05-01,21,48.64
2022-05-01,22,44.81
2022-05-01,23,10.93
2022-05-01,24,2.83
2022-05-02,1,1.26
2022-05-02,2,0.43
2022-05-02,3,0.0
2022-05-02,4,4.48
2022-05-02,5,6.46
2022-05-02,6,28.68
2022-05-02,7,82.57
2022-05-02,8,119.76
2022-05-02,9,17.46
2022-05-02,10,14.37
2022-05-02,11,14.35
2022-05-02,12,19.88
2022-05-02,13,42.22
2022-05-02,14,48.07
2022-05-02,15,54.42
2022-05-02,16,57.02
2022-05-02,17,65.1
2022-05-02,18,64.52
2022-05-02,19,55.62
2022-05-02,20,63.47
2022-05-02,21,63.44
2022-05-02,22,49.24
2022-05-02,23,27.97
2022-05-02,24,29.0
2022-05-03,1,13.25
2022-05-03,2,12.75
2022-05-03,3,7.4
2022-05-03,4,6.64
2022-05-03,5,9.69
2022-05-03,6,7.24
2022-05-03,7,5.86
2022-05-03,8,5.91
2022-05-03,9,5.77
2022-05-03,10,5.79
2022-05-03,11,10.87
2022-05-03,12,11.02
2022-05-03,13,14.33
2022-05-03,14,6.11
2022-05-03,15,11.64
2022-05-03,16,36.73
2022-05-03,17,92.09
2022-05-03,18,59.88
2022-05-03,19,15.44
2022-05-03,20,10.93
2022-05-03,21,7.12
2022-05-03,22,4.2
2022-05-03,23,3.75
2022-05-03,24,0.0
2022-05-04,1,-0.02
2022-05-04,2,-0.01
2022-05-04,3,-0.01
2022-05-04,4,-0.01
2022-05-04,5,0.0
2022-05-04,6,0.0
2022-05-04,7,2.83
2022-05-04,8,6.06
2022-05-04,9,8.61
2022-05-04,10,5.75
2022-05-04,11,5.76
2022-05-04,12,1.29
2022-05-04,13,0.0
2022-05-04,14,0.0
2022-05-04,15,0.0
2022-05-04,16,0.0
2022-05-04,17,4.7
2022-05-04,18,11.6
2022-05-04,19,39.02
2022-05-04,20,26.45
2022-05-04,21,46.02
2022-05-04,22,50.58
2022-05-04,23,6.6
2022-05-04,24,5.79
2022-05-05,1,5.5
2022-05-05,2,3.42
2022-05-05,3,0.4
2022-05-05,4,0.4
2022-05-05,5,5.47
2022-05-05,6,10.39
2022-05-05,7,12.36
2022-05-05,8,13.75
2022-05-05,9,42.89
2022-05-05,10,5.97
2022-05-05,11,14.33
2022-05-05,12,14.32
2022-05-05,13,14.32
2022-05-05,14,6.79
2022-05-05,15,9.62
2022-05-05,16,13.75
2022-05-05,17,14.38
2022-05-05,18,14.35
2022-05-05,19,14.36
2022-05-05,20,17.15
2022-05-05,21,67.46
2022-05-05,22,33.16
2022-05-05,23,12.74
2022-05-05,24,12.27
2022-05-06,1,12.66
2022-05-06,2,5.88
2022-05-06,3,3.29
2022-05-06,4,0.0
2022-05-06,5,0.0
2022-05-06,6,1.29
2022-05-06,7,0.41
2022-05-06,8,5.71
2022-05-06,9,5.72
2022-05-06,10,5.81
2022-05-06,11,2.81
2022-05-06,12,0.0
2022-05-06,13,0.0
2022-05-06,14,0.0
2022-05-06,15,0.0
2022-05-06,16,0.0
2022-05-06,17,0.0
2022-05-06,18,0.0
2022-05-06,19,3.61
2022-05-06,20,5.5
2022-05-06,21,5.22
2022-05-06,22,0.0
2022-05-06,23,0.0
2022-05-06,24,-0.04
2022-05-07,1,-0.08
2022-05-07,2,-1.2
2022-05-07,3,-3.0
2022-05-07,4,-3.0
2022-05-07,5,-0.87
2022-05-07,6,-0.05
2022-05-07,7,0.0
2022-05-07,8,0.0
2022-05-07,9,-0.11
2022-05-07,10,-0.02
2022-05-07,11,0.0
2022-05-07,12,0.0
2022-05-07,13,0.0
2022-05-07,14,-0.35
2022-05-07,15,-1.08
2022-05-07,16,-0.01
2022-05-07,17,0.0
2022-05-07,18,0.0
2022-05-07,19,2.71
2022-05-07,20,5.92
2022-05-07,21,5.88
2022-05-07,22,5.15
2022-05-07,23,4.65
2022-05-07,24,0.0
2022-05-08,1,0.0
2022-05-08,2,0.0
2022-05-08,3,0.0
2022-05-08,4,0.0
2022-05-08,5,1.2
2022-05-08,6,4.99
2022-05-08,7,5.61
2022-05-08,8,5.43
2022-05-08,9,5.65
2022-05-08,10,1.71
2022-05-08,11,0.0
2022-05-08,12,0.4
2022-05-08,13,0.0
2022-05-08,14,-0.69
2022-05-08,15,-2.09
2022-05-08,16,-0.24
2022-05-08,17,0.0
2022-05-08,18,2.69
2022-05-08,19,5.66
2022-05-08,20,6.01
2022-05-08,21,5.16
2022-05-08,22,3.26
2022-05-08,23,1.34
2022-05-08,24,0.0
2022-05-09,1,0.0
2022-05-09,2,0.0
2022-05-09,3,0.0
2022-05-09,4,0.0
2022-05-09,5,0.0
2022-05-09,6,0.87
2022-05-09,7,4.82
2022-05-09,8,9.58
2022-05-09,9,18.35
2022-05-09,10,6.38
2022-05-09,11,34.51
2022-05-09,12,14.1
2022-05-09,13,13.62
2022-05-09,14,6.45
2022-05-09,15,28.67
2022-05-09,16,83.04
2022-05-09,17,54.95
2022-05-09,18,5.97
2022-05-09,19,12.82
2022-05-09,20,12.21
2022-05-09,21,9.41
2022-05-09,22,5.46
2022-05-09,23,2.33
2022-05-09,24,0.0
2022-05-10,1,0.0
2022-05-10,2,0.0
2022-05-10,3,0.0
2022-05-10,4,4.59
2022-05-10,5,5.27
2022-05-10,6,2.25
2022-05-10,7,5.31
2022-05-10,8,13.3
2022-05-10,9,5.9
2022-05-10,10,10.59
2022-05-10,11,9.81
2022-05-10,12,56.01
2022-05-10,13,67.14
2022-05-10,14,26.17
2022-05-10,15,43.86
2022-05-10,16,35.17
2022-05-10,17,38.24
2022-05-10,18,13.46
2022-05-10,19,15.61
2022-05-10,20,30.14
2022-05-10,21,25.21
2022-05-10,22,11.94
2022-05-10,23,6.55
2022-05-10,24,8.36
2022-05-11,1,14.38
2022-05-11,2,14.39
2022-05-11,3,11.37
2022-05-11,4,13.75
2022-05-11,5,8.31
2022-05-11,6,13.47
2022-05-11,7,39.13
2022-05-11,8,48.91
2022-05-11,9,298.32
2022-05-11,10,66.98
2022-05-11,11,42.92
2022-05-11,12,52.47
2022-05-11,13,88.79
2022-05-11,14,71.25
2022-05-11,15,89.92
2022-05-11,16,109.99
2022-05-11,17,655.97
2022-05-11,18,72.62
2022-05-11,19,68.78
2022-05-11,20,69.43
2022-05-11,21,68.0
2022-05-11,22,56.02
2022-05-11,23,25.25
2022-05-11,24,19.25
2022-05-12,1,10.58
2022-05-12,2,13.32
2022-05-12,3,13.37
2022-05-12,4,13.68
2022-05-12,5,8.67
2022-05-12,6,9.84
2022-05-12,7,11.48
2022-05-12,8,32.37
2022-05-12,9,71.5
2022-05-12,10,71.86
2022-05-12,11,71.86
2022-05-12,12,73.73
2022-05-12,13,72.17
2022-05-12,14,73.05
2022-05-12,15,74.68
2022-05-12,16,79.59
2022-05-12,17,86.0
2022-05-12,18,81.06
2022-05-12,19,78.53
2022-05-12,20,76.59
2022-05-12,21,74.46
2022-05-12,22,52.51
2022-05-12,23,23.62
2022-05-12,24,6.6
2022-05-13,1,8.69
2022-05-13,2,2.4
2022-05-13,3,0.0
2022-05-13,4,0.0
2022-05-13,5,6.55
2022-05-13,6,9.17
2022-05-13,7,31.72
2022-05-13,8,50.43
2022-05-13,9,45.55
2022-05-13,10,17.98
2022-05-13,11,61.51
2022-05-13,12,71.18
2022-05-13,13,73.8
2022-05-13,14,74.99
2022-05-13,15,76.23
2022-05-13,16,76.16
2022-05-13,17,81.8
2022-05-13,18,75.02
2022-05-13,19,73.45
2022-05-13,20,73.13
2022-05-13,21,72.73
2022-05-13,22,51.2
2022-05-13,23,9.68
2022-05-13,24,8.34
2022-05-14,1,13.31
2022-05-14,2,19.37
2022-05-14,3,13.48
2022-05-14,4,64.28
2022-05-14,5,13.48
2022-05-14,6,11.6
2022-05-14,7,15.54
2022-05-14,8,50.17
2022-05-14,9,62.33
2022-05-14,10,66.52
2022-05-14,11,73.19
2022-05-14,12,73.6
2022-05-14,13,73.8
2022-05-14,14,74.59
2022-05-14,15,75.48
2022-05-14,16,75.69
2022-05-14,17,76.94
2022-05-14,18,75.93
2022-05-14,19,78.66
2022-05-14,20,76.23
2022-05-14,21,75.25
2022-05-14,22,73.25
2022-05-14,23,72.84
2022-05-14,24,32.79
2022-05-15,1,64.03
2022-05-15,2,22.66
2022-05-15,3,13.34
2022-05-15,4,13.36
2022-05-15,5,45.47
2022-05-15,6,13.3
2022-05-15,7,10.68
2022-05-15,8,23.09
2022-05-15,9,108.29
2022-05-15,10,72.16
2022-05-15,11,73.48
2022-05-15,12,72.98
2022-05-15,13,72.85
2022-05-15,14,76.63
2022-05-15,15,75.73
2022-05-15,16,75.86
2022-05-15,17,76.74
2022-05-15,18,79.4
2022-05-15,19,81.13
2022-05-15,20,75.6
2022-05-15,21,75.27
2022-05-15,22,74.5
2022-05-15,23,66.67
2022-05-15,24,12.16
2022-05-16,1,10.51
2022-05-16,2,6.41
2022-05-16,3,35.59
2022-05-16,4,63.11
2022-05-16,5,26.88
2022-05-16,6,59.19
2022-05-16,7,72.63
2022-05-16,8,72.98
2022-05-16,9,73.37
2022-05-16,10,74.82
2022-05-16,11,74.89
2022-05-16,12,74.89
2022-05-16,13,74.66
2022-05-16,14,74.14
2022-05-16,15,73.56
2022-05-16,16,74.03
2022-05-16,17,73.04
2022-05-16,18,73.69
2022-05-16,19,71.4
2022-05-16,20,70.91
2022-05-16,21,59.97
2022-05-16,22,37.76
2022-05-16,23,17.71
2022-05-16,24,7.94
2022-05-17,1,7.29
2022-05-17,2,3.8
2022-05-17,3,2.92
2022-05-17,4,5.87
2022-05-17,5,16.23
2022-05-17,6,10.22
2022-05-17,7,10.82
2022-05-17,8,13.16
2022-05-17,9,58.32
2022-05-17,10,74.48
2022-05-17,11,57.52
2022-05-17,12,14.37
2022-05-17,13,5.97
2022-05-17,14,11.21
2022-05-17,15,48.82
2022-05-17,16,17.98
2022-05-17,17,59.44
2022-05-17,18,71.09
2022-05-17,19,74.2
2022-05-17,20,75.06
2022-05-17,21,75.48
2022-05-17,22,73.7
2022-05-17,23,64.25
2022-05-17,24,11.7
2022-05-18,1,13.74
2022-05-18,2,8.7
2022-05-18,3,14.33
2022-05-18,4,7.53
2022-05-18,5,5.86
2022-05-18,6,29.89
2022-05-18,7,70.97
2022-05-18,8,72.99
2022-05-18,9,72.79
2022-05-18,10,71.84
2022-05-18,11,76.19
2022-05-18,12,75.42
2022-05-18,13,76.33
2022-05-18,14,73.43
2022-05-18,15,68.93
2022-05-18,16,66.23
2022-05-18,17,75.49
2022-05-18,18,74.52
2022-05-18,19,78.79
2022-05-18,20,79.02
2022-05-18,21,77.33
2022-05-18,22,85.01
2022-05-18,23,80.44
2022-05-18,24,76.39
2022-05-19,1,14.35
2022-05-19,2,14.39
2022-05-19,3,46.39
2022-05-19,4,64.25
2022-05-19,5,40.13
2022-05-19,6,52.07
2022-05-19,7,72.57
2022-05-19,8,87.34
2022-05-19,9,76.36
2022-05-19,10,75.5
2022-05-19,11,74.02
2022-05-19,12,66.57
2022-05-19,13,74.62
2022-05-19,14,58.17
2022-05-19,15,63.96
2022-05-19,16,43.83
2022-05-19,17,73.52
2022-05-19,18,72.51
2022-05-19,19,75.26
2022-05-19,20,78.04
2022-05-19,21,75.41
2022-05-19,22,52.82
2022-05-19,23,7.73
2022-05-19,24,2.33
2022-05-20,1,2.33
2022-05-20,2,6.03
2022-05-20,3,5.89
2022-05-20,4,5.91
2022-05-20,5,10.23
2022-05-20,6,17.55
2022-05-20,7,9.53
2022-05-20,8,8.05
2022-05-20,9,13.74
2022-05-20,10,10.14
2022-05-20,11,5.81
2022-05-20,12,5.91
2022-05-20,13,26.03
2022-05-20,14,6.04
2022-05-20,15,5.92
2022-05-20,16,6.9
2022-05-20,17,9.47
2022-05-20,18,16.94
2022-05-20,19,20.1
2022-05-20,20,29.51
2022-05-20,21,86.44
2022-05-20,22,18.37
2022-05-20,23,5.31
2022-05-20,24,0.47
2022-05-21,1,0.88
2022-05-21,2,5.76
2022-05-21,3,13.61
2022-05-21,4,12.32
2022-05-21,5,11.61
2022-05-21,6,11.88
2022-05-21,7,2.17
2022-05-21,8,4.19
2022-05-21,9,5.33
2022-05-21,10,8.01
2022-05-21,11,59.9
2022-05-21,12,61.27
2022-05-21,13,14.49
2022-05-21,14,15.76
2022-05-21,15,28.4
2022-05-21,16,45.04
2022-05-21,17,22.01
2022-05-21,18,69.98
2022-05-21,19,74.98
2022-05-21,20,74.46
2022-05-21,21,56.24
2022-05-21,22,43.79
2022-05-21,23,53.2
2022-05-21,24,12.39
2022-05-22,1,11.86
2022-05-22,2,26.66
2022-05-22,3,11.04
2022-05-22,4,5.91
2022-05-22,5,3.95
2022-05-22,6,0.0
2022-05-22,7,0.0
2022-05-22,8,0.0
2022-05-22,9,6.14
2022-05-22,10,11.68
2022-05-22,11,52.67
2022-05-22,12,63.22
2022-05-22,13,55.25
2022-05-22,14,12.73
2022-05-22,15,6.62
2022-05-22,16,13.33
2022-05-22,17,38.92
2022-05-22,18,16.93
2022-05-22,19,13.36
2022-05-22,20,13.33
2022-05-22,21,51.1
2022-05-22,22,51.66
2022-05-22,23,13.76
2022-05-22,24,17.31
2022-05-23,1,16.11
2022-05-23,2,76.24
2022-05-23,3,69.42
2022-05-23,4,13.35
2022-05-23,5,15.78
2022-05-23,6,14.54
2022-05-23,7,12.72
2022-05-23,8,13.32
2022-05-23,9,13.29
2022-05-23,10,10.0
2022-05-23,11,25.45
2022-05-23,12,39.78
2022-05-23,13,40.83
2022-05-23,14,13.38
2022-05-23,15,13.33
2022-05-23,16,11.52
2022-05-23,17,55.59
2022-05-23,18,28.94
2022-05-23,19,34.36
2022-05-23,20,56.28
2022-05-23,21,59.99
2022-05-23,22,229.61
2022-05-23,23,41.54
2022-05-23,24,14.35
2022-05-24,1,13.34
2022-05-24,2,13.36
2022-05-24,3,58.58
2022-05-24,4,17.33
2022-05-24,5,12.87
2022-05-24,6,16.61
2022-05-24,7,47.09
2022-05-24,8,63.19
2022-05-24,9,63.43
2022-05-24,10,13.97
2022-05-24,11,13.37
2022-05-24,12,13.27
2022-05-24,13,15.86
2022-05-24,14,19.72
2022-05-24,15,13.28
2022-05-24,16,13.44
2022-05-24,17,54.3
2022-05-24,18,56.41
2022-05-24,19,69.32
2022-05-24,20,74.13
2022-05-24,21,99.92
2022-05-24,22,38.98
2022-05-24,23,20.17
2022-05-24,24,8.48
2022-05-25,1,8.53
2022-05-25,2,6.84
2022-05-25,3,5.77
2022-05-25,4,5.96
2022-05-25,5,5.27
2022-05-25,6,6.68
2022-05-25,7,18.54
2022-05-25,8,47.71
2022-05-25,9,54.87
2022-05-25,10,29.99
2022-05-25,11,13.34
2022-05-25,12,13.31
2022-05-25,13,13.33
2022-05-25,14,14.3
2022-05-25,15,18.99
2022-05-25,16,38.61
2022-05-25,17,64.67
2022-05-25,18,13.33
2022-05-25,19,13.31
2022-05-25,20,13.52
2022-05-25,21,15.09
2022-05-25,22,10.1
2022-05-25,23,8.77
2022-05-25,24,2.91
2022-05-26,1,1.83
2022-05-26,2,5.31
2022-05-26,3,5.85
2022-05-26,4,2.39
2022-05-26,5,1.89
2022-05-26,6,6.34
2022-05-26,7,12.1
2022-05-26,8,6.16
2022-05-26,9,6.24
2022-05-26,10,5.91
2022-05-26,11,5.97
2022-05-26,12,9.15
2022-05-26,13,13.35
2022-05-26,14,7.35
2022-05-26,15,13.36
2022-05-26,16,37.83
2022-05-26,17,50.51
2022-05-26,18,75.16
2022-05-26,19,59.04
2022-05-26,20,13.38
2022-05-26,21,71.88
2022-05-26,22,20.77
2022-05-26,23,6.26
2022-05-26,24,3.32
2022-05-27,1,0.47
2022-05-27,2,2.35
2022-05-27,3,10.77
2022-05-27,4,26.98
2022-05-27,5,13.3
2022-05-27,6,5.9
2022-05-27,7,7.41
2022-05-27,8,63.5
2022-05-27,9,80.22
2022-05-27,10,64.72
2022-05-27,11,65.1
2022-05-27,12,70.56
2022-05-27,13,80.8
2022-05-27,14,57.28
2022-05-27,15,67.1
2022-05-27,16,86.57
2022-05-27,17,80.48
2022-05-27,18,79.67
2022-05-27,19,80.57
2022-05-27,20,79.17
2022-05-27,21,46.81
2022-05-27,22,31.95
2022-05-27,23,12.11
2022-05-27,24,12.23
2022-05-28,1,37.67
2022-05-28,2,14.35
2022-05-28,3,14.35
2022-05-28,4,14.35
2022-05-28,5,14.35
2022-05-28,6,18.24
2022-05-28,7,20.84
2022-05-28,8,37.22
2022-05-28,9,13.35
2022-05-28,10,28.59
2022-05-28,11,24.74
2022-05-28,12,97.89
2022-05-28,13,10.28
2022-05-28,14,11.09
2022-05-28,15,13.32
2022-05-28,16,10.87
2022-05-28,17,35.71
2022-05-28,18,48.29
2022-05-28,19,13.47
2022-05-28,20,13.33
2022-05-28,21,18.73
2022-05-28,22,40.4
2022-05-28,23,23.77
2022-05-28,24,11.6
2022-05-29,1,4.76
2022-05-29,2,7.48
2022-05-29,3,5.81
2022-05-29,4,5.61
2022-05-29,5,2.81
2022-05-29,6,1.31
2022-05-29,7,8.05
2022-05-29,8,15.21
2022-05-29,9,21.31
2022-05-29,10,11.35
2022-05-29,11,11.33
2022-05-29,12,11.35
2022-05-29,13,11.31
2022-05-29,14,11.32
2022-05-29,15,11.34
2022-05-29,16,22.64
2022-05-29,17,45.01
2022-05-29,18,17.39
2022-05-29,19,13.35
2022-05-29,20,14.59
2022-05-29,21,8.4
2022-05-29,22,10.27
2022-05-29,23,8.44
2022-05-29,24,2.41
2022-05-30,1,0.0
2022-05-30,2,0.0
2022-05-30,3,0.0
2022-05-30,4,0.0
2022-05-30,5,0.0
2022-05-30,6,1.41
2022-05-30,7,8.55
2022-05-30,8,13.65
2022-05-30,9,5.91
2022-05-30,10,5.94
2022-05-30,11,5.93
2022-05-30,12,5.76
2022-05-30,13,0.48
2022-05-30,14,5.83
2022-05-30,15,35.09
2022-05-30,16,72.71
2022-05-30,17,77.71
2022-05-30,18,77.31
2022-05-30,19,78.52
2022-05-30,20,76.71
2022-05-30,21,65.53
2022-05-30,22,13.95
2022-05-30,23,1.94
2022-05-30,24,0.47
2022-05-31,1,0.49
2022-05-31,2,0.0
2022-05-31,3,0.0
2022-05-31,4,0.0
2022-05-31,5,2.83
2022-05-31,6,2.46
2022-05-31,7,11.86
2022-05-31,8,40.2
2022-05-31,9,44.32
2022-05-31,10,39.22
2022-05-31,11,62.42
2022-05-31,12,71.92
2022-05-31,13,76.08
2022-05-31,14,73.47
2022-05-31,15,73.5
2022-05-31,16,69.68
2022-05-31,17,76.09
2022-05-31,18,71.07
2022-05-31,19,83.83
2022-05-31,20,95.6
2022-05-31,21,101.07
2022-05-31,22,73.76
2022-05-31,23,43.39
2022-05-31,24,14.44
2022-06-01,1,3.59
2022-06-01,2,4.89
2022-06-01,3,11.2
2022-06-01,4,13.33
2022-06-01,5,13.31
2022-06-01,6,15.37
2022-06-01,7,52.65
2022-06-01,8,73.23
2022-06-01,9,69.52
2022-06-01,10,64.17
2022-06-01,11,63.75
2022-06-01,12,74.24
2022-06-01,13,57.29
2022-06-01,14,61.62
2022-06-01,15,68.97
2022-06-01,16,76.4
2022-06-01,17,78.57
2022-06-01,18,77.76
2022-06-01,19,74.83
2022-06-01,20,64.81
2022-06-01,21,72.38
2022-06-01,22,55.24
2022-06-01,23,17.72
2022-06-01,24,7.76
2022-06-02,1,4.86
2022-06-02,2,5.83
2022-06-02,3,5.81
2022-06-02,4,1.9
2022-06-02,5,5.81
2022-06-02,6,8.93
2022-06-02,7,14.86
2022-06-02,8,22.86
2022-06-02,9,41.33
2022-06-02,10,61.64
2022-06-02,11,64.79
2022-06-02,12,58.22
2022-06-02,13,40.17
2022-06-02,14,38.93
2022-06-02,15,22.02
2022-06-02,16,13.3
2022-06-02,17,13.31
2022-06-02,18,13.61
2022-06-02,19,58.83
2022-06-02,20,71.76
2022-06-02,21,56.92
2022-06-02,22,49.05
2022-06-02,23,42.03
2022-06-02,24,10.14
2022-06-03,1,5.94
2022-06-03,2,5.91
2022-06-03,3,5.86
2022-06-03,4,5.93
2022-06-03,5,7.84
2022-06-03,6,9.64
2022-06-03,7,10.88
2022-06-03,8,16.16
2022-06-03,9,14.38
2022-06-03,10,12.43
2022-06-03,11,14.34
2022-06-03,12,6.94
2022-06-03,13,11.9
2022-06-03,14,7.52
2022-06-03,15,6.01
2022-06-03,16,12.31
2022-06-03,17,13.33
2022-06-03,18,5.99
2022-06-03,19,7.3
2022-06-03,20,6.62
2022-06-03,21,10.97
2022-06-03,22,5.86
2022-06-03,23,3.48
2022-06-03,24,0.0
2022-06-04,1,0.0
2022-06-04,2,-0.25
2022-06-04,3,-3.0
2022-06-04,4,0.0
2022-06-04,5,-2.24
2022-06-04,6,0.2
2022-06-04,7,5.76
2022-06-04,8,5.85
2022-06-04,9,5.89
2022-06-04,10,5.82
2022-06-04,11,5.95
2022-06-04,12,5.76
2022-06-04,13,1.41
2022-06-04,14,0.0
2022-06-04,15,4.68
2022-06-04,16,5.38
2022-06-04,17,13.05
2022-06-04,18,14.3
2022-06-04,19,13.34
2022-06-04,20,13.36
2022-06-04,21,13.37
2022-06-04,22,18.28
2022-06-04,23,9.38
2022-06-04,24,3.39
2022-06-05,1,0.0
2022-06-05,2,-1.31
2022-06-05,3,-4.01
2022-06-05,4,-4.1
2022-06-05,5,-4.12
2022-06-05,6,-4.1
2022-06-05,7,-2.25
2022-06-05,8,4.27
2022-06-05,9,5.91
2022-06-05,10,7.94
2022-06-05,11,13.31
2022-06-05,12,13.43
2022-06-05,13,33.81
2022-06-05,14,27.71
2022-06-05,15,6.01
2022-06-05,16,8.56
2022-06-05,17,12.21
2022-06-05,18,7.54
2022-06-05,19,7.22
2022-06-05,20,5.93
2022-06-05,21,11.6
2022-06-05,22,8.5
2022-06-05,23,8.39
2022-06-05,24,0.47
2022-06-06,1,0.0
2022-06-06,2,0.0
2022-06-06,3,-0.11
2022-06-06,4,-0.06
2022-06-06,5,0.0
2022-06-06,6,1.41
2022-06-06,7,5.34
2022-06-06,8,7.14
2022-06-06,9,7.49
2022-06-06,10,49.71
2022-06-06,11,14.37
2022-06-06,12,8.96
2022-06-06,13,6.04
2022-06-06,14,14.37
2022-06-06,15,78.71
2022-06-06,16,90.55
2022-06-06,17,77.32
2022-06-06,18,11.7
2022-06-06,19,6.67
2022-06-06,20,5.21
2022-06-06,21,14.09
2022-06-06,22,25.07
2022-06-06,23,3.42
2022-06-06,24,0.44
2022-06-07,1,0.0
2022-06-07,2,0.0
2022-06-07,3,0.0
2022-06-07,4,0.0
2022-06-07,5,0.0
2022-06-07,6,2.92
2022-06-07,7,5.82
2022-06-07,8,5.95
2022-06-07,9,6.55
2022-06-07,10,14.35
2022-06-07,11,14.37
2022-06-07,12,14.36
2022-06-07,13,5.94
2022-06-07,14,32.68
2022-06-07,15,14.37
2022-06-07,16,7.44
2022-06-07,17,11.2
2022-06-07,18,9.04
2022-06-07,19,41.97
2022-06-07,20,105.25
2022-06-07,21,134.78
2022-06-07,22,104.0
2022-06-07,23,9.96
2022-06-07,24,11.97
2022-06-08,1,12.4
2022-06-08,2,6.01
2022-06-08,3,5.93
2022-06-08,4,5.86
2022-06-08,5,5.89
2022-06-08,6,9.49
2022-06-08,7,29.81
2022-06-08,8,22.03
2022-06-08,9,14.39
2022-06-08,10,14.37
2022-06-08,11,14.36
2022-06-08,12,14.35
2022-06-08,13,14.37
2022-06-08,14,9.59
2022-06-08,15,18.42
2022-06-08,16,69.3
2022-06-08,17,14.38
2022-06-08,18,8.2
2022-06-08,19,14.34
2022-06-08,20,87.6
2022-06-08,21,51.41
2022-06-08,22,49.89
2022-06-08,23,24.01
2022-06-08,24,6.58
2022-06-09,1,8.83
2022-06-09,2,7.36
2022-06-09,3,2.36
2022-06-09,4,1.38
2022-06-09,5,6.07
2022-06-09,6,7.66
2022-06-09,7,9.77
2022-06-09,8,12.51
2022-06-09,9,6.03
2022-06-09,10,13.33
2022-06-09,11,9.44
2022-06-09,12,7.36
2022-06-09,13,2.3
2022-06-09,14,0.0
2022-06-09,15,0.0
2022-06-09,16,5.24
2022-06-09,17,5.92
2022-06-09,18,9.64
2022-06-09,19,13.37
2022-06-09,20,43.86
2022-06-09,21,213.89
2022-06-09,22,105.94
2022-06-09,23,3.87
2022-06-09,24,2.88
2022-06-10,1,4.83
2022-06-10,2,2.31
2022-06-10,3,3.27
2022-06-10,4,2.82
2022-06-10,5,5.83
2022-06-10,6,5.67
2022-06-10,7,56.65
2022-06-10,8,87.79
2022-06-10,9,80.17
2022-06-10,10,55.3
2022-06-10,11,13.77
2022-06-10,12,15.08
2022-06-10,13,8.26
2022-06-10,14,11.62
2022-06-10,15,5.92
2022-06-10,16,7.43
2022-06-10,17,14.81
2022-06-10,18,39.54
2022-06-10,19,32.05
2022-06-10,20,7.81
2022-06-10,21,12.18
2022-06-10,22,24.11
2022-06-10,23,6.31
2022-06-10,24,5.35
2022-06-11,1,3.88
2022-06-11,2,1.41
2022-06-11,3,0.0
2022-06-11,4,-1.65
2022-06-11,5,0.0
2022-06-11,6,0.93
2022-06-11,7,0.06
2022-06-11,8,10.55
2022-06-11,9,30.13
2022-06-11,10,14.03
2022-06-11,11,13.84
2022-06-11,12,13.33
2022-06-11,13,11.11
2022-06-11,14,6.21
2022-06-11,15,5.94
2022-06-11,16,5.96
2022-06-11,17,6.0
2022-06-11,18,7.62
2022-06-11,19,12.8
2022-06-11,20,8.93
2022-06-11,21,13.32
2022-06-11,22,32.79
2022-06-11,23,6.67
2022-06-11,24,3.35
2022-06-12,1,0.0
2022-06-12,2,-0.01
2022-06-12,3,0.0
2022-06-12,4,-0.39
2022-06-12,5,-3.0
2022-06-12,6,-1.14
2022-06-12,7,0.0
2022-06-12,8,5.22
2022-06-12,9,10.97
2022-06-12,10,13.3
2022-06-12,11,34.07
2022-06-12,12,24.52
2022-06-12,13,13.32
2022-06-12,14,13.31
2022-06-12,15,29.88
2022-06-12,16,42.92
2022-06-12,17,48.49
2022-06-12,18,69.11
2022-06-12,19,12.8
2022-06-12,20,13.33
2022-06-12,21,55.41
2022-06-12,22,52.82
2022-06-12,23,27.97
2022-06-12,24,4.99
2022-06-13,1,6.1
2022-06-13,2,5.58
2022-06-13,3,-0.25
2022-06-13,4,3.71
2022-06-13,5,5.74
2022-06-13,6,20.41
2022-06-13,7,76.46
2022-06-13,8,12.77
2022-06-13,9,17.71
2022-06-13,10,12.76
2022-06-13,11,67.98
2022-06-13,12,77.91
2022-06-13,13,69.08
2022-06-13,14,20.06
2022-06-13,15,76.77
2022-06-13,16,80.32
2022-06-13,17,76.19
2022-06-13,18,78.71
2022-06-13,19,78.22
2022-06-13,20,63.18
2022-06-13,21,57.16
2022-06-13,22,15.45
2022-06-13,23,9.51
2022-06-13,24,12.66
2022-06-14,1,38.9
2022-06-14,2,8.42
2022-06-14,3,7.34
2022-06-14,4,13.35
2022-06-14,5,6.06
2022-06-14,6,3.78
2022-06-14,7,43.19
2022-06-14,8,62.97
2022-06-14,9,64.65
2022-06-14,10,80.49
2022-06-14,11,75.32
2022-06-14,12,76.22
2022-06-14,13,78.1
2022-06-14,14,77.46
2022-06-14,15,70.57
2022-06-14,16,79.47
2022-06-14,17,91.12
2022-06-14,18,104.59
2022-06-14,19,88.66
2022-06-14,20,80.72
2022-06-14,21,76.82
2022-06-14,22,20.96
2022-06-14,23,2.53
2022-06-14,24,0.44
2022-06-15,1,0.0
2022-06-15,2,5.28
2022-06-15,3,1.84
2022-06-15,4,0.0
2022-06-15,5,0.0
2022-06-15,6,2.42
2022-06-15,7,31.98
2022-06-15,8,46.07
2022-06-15,9,67.15
2022-06-15,10,62.9
2022-06-15,11,49.98
2022-06-15,12,66.18
2022-06-15,13,67.09
2022-06-15,14,59.54
2022-06-15,15,57.2
2022-06-15,16,48.87
2022-06-15,17,47.33
2022-06-15,18,52.02
2022-06-15,19,65.99
2022-06-15,20,56.24
2022-06-15,21,58.18
2022-06-15,22,55.83
2022-06-15,23,37.21
2022-06-15,24,17.21
2022-06-16,1,11.68
2022-06-16,2,20.49
2022-06-16,3,5.93
2022-06-16,4,2.28
2022-06-16,5,0.47
2022-06-16,6,7.26
2022-06-16,7,32.27
2022-06-16,8,20.64
2022-06-16,9,31.97
2022-06-16,10,48.77
2022-06-16,11,59.1
2022-06-16,12,71.51
2022-06-16,13,70.79
2022-06-16,14,68.68
2022-06-16,15,57.44
2022-06-16,16,66.31
2022-06-16,17,67.73
2022-06-16,18,56.17
2022-06-16,19,68.42
2022-06-16,20,70.86
2022-06-16,21,55.65
2022-06-16,22,36.42
2022-06-16,23,18.53
2022-06-16,24,27.59
2022-06-17,1,24.76
2022-06-17,2,14.3
2022-06-17,3,15.76
2022-06-17,4,5.92
2022-06-17,5,5.84
2022-06-17,6,4.58
2022-06-17,7,10.85
2022-06-17,8,21.7
2022-06-17,9,7.1
2022-06-17,10,6.78
2022-06-17,11,6.64
2022-06-17,12,14.36
2022-06-17,13,14.4
2022-06-17,14,14.36
2022-06-17,15,17.14
2022-06-17,16,43.81
2022-06-17,17,7.73
2022-06-17,18,9.61
2022-06-17,19,4.78
2022-06-17,20,0.94
2022-06-17,21,4.57
2022-06-17,22,3.9
2022-06-17,23,0.46
2022-06-17,24,0.0
2022-06-18,1,0.0
2022-06-18,2,-0.07
2022-06-18,3,-0.05
2022-06-18,4,-0.11
2022-06-18,5,-0.01
2022-06-18,6,0.0
2022-06-18,7,0.0
2022-06-18,8,0.0
2022-06-18,9,0.0
2022-06-18,10,0.0
2022-06-18,11,0.0
2022-06-18,12,0.0
2022-06-18,13,0.0
2022-06-18,14,0.0
2022-06-18,15,0.0
2022-06-18,16,0.0
2022-06-18,17,0.0
2022-06-18,18,0.43
2022-06-18,19,5.71
2022-06-18,20,5.94
2022-06-18,21,12.36
2022-06-18,22,5.84
2022-06-18,23,3.81
2022-06-18,24,0.0
2022-06-19,1,0.43
2022-06-19,2,-2.13
2022-06-19,3,-1.97
2022-06-19,4,-2.93
2022-06-19,5,-3.0
2022-06-19,6,-4.43
2022-06-19,7,3.28
2022-06-19,8,6.71
2022-06-19,9,10.14
2022-06-19,10,10.92
2022-06-19,11,5.94
2022-06-19,12,5.11
2022-06-19,13,5.12
2022-06-19,14,5.57
2022-06-19,15,5.84
2022-06-19,16,7.06
2022-06-19,17,10.3
2022-06-19,18,7.18
2022-06-19,19,11.23
2022-06-19,20,63.87
2022-06-19,21,65.32
2022-06-19,22,415.54
2022-06-19,23,34.19
2022-06-19,24,23.59
2022-06-20,1,12.36
2022-06-20,2,5.91
2022-06-20,3,5.89
2022-06-20,4,12.23
2022-06-20,5,6.64
2022-06-20,6,8.02
2022-06-20,7,10.46
2022-06-20,8,19.17
2022-06-20,9,41.72
2022-06-20,10,48.32
2022-06-20,11,72.73
2022-06-20,12,38.94
2022-06-20,13,31.43
2022-06-20,14,67.61
2022-06-20,15,13.37
2022-06-20,16,11.73
2022-06-20,17,12.26
2022-06-20,18,35.55
2022-06-20,19,64.71
2022-06-20,20,64.2
2022-06-20,21,40.74
2022-06-20,22,29.66
2022-06-20,23,4.81
2022-06-20,24,1.93
2022-06-21,1,1.28
2022-06-21,2,5.83
2022-06-21,3,3.63
2022-06-21,4,0.64
2022-06-21,5,0.0
2022-06-21,6,3.2
2022-06-21,7,17.05
2022-06-21,8,69.45
2022-06-21,9,67.49
2022-06-21,10,73.9
2022-06-21,11,73.71
2022-06-21,12,71.26
2022-06-21,13,70.81
2022-06-21,14,70.83
2022-06-21,15,67.01
2022-06-21,16,68.27
2022-06-21,17,73.82
2022-06-21,18,71.0
2022-06-21,19,77.09
2022-06-21,20,83.61
2022-06-21,21,98.14
2022-06-21,22,71.71
2022-06-21,23,41.34
2022-06-21,24,5.28
2022-06-22,1,3.85
2022-06-22,2,9.8
2022-06-22,3,66.6
2022-06-22,4,65.82
2022-06-22,5,21.55
2022-06-22,6,25.9
2022-06-22,7,59.81
2022-06-22,8,76.83
2022-06-22,9,67.91
2022-06-22,10,65.78
2022-06-22,11,63.42
2022-06-22,12,61.54
2022-06-22,13,64.38
2022-06-22,14,71.96
2022-06-22,15,69.3
2022-06-22,16,68.15
2022-06-22,17,77.15
2022-06-22,18,118.45
2022-06-22,19,94.79
2022-06-22,20,88.83
2022-06-22,21,82.68
2022-06-22,22,67.09
2022-06-22,23,56.71
2022-06-22,24,17.18
2022-06-23,1,12.4
2022-06-23,2,17.21
2022-06-23,3,25.06
2022-06-23,4,37.35
2022-06-23,5,13.33
2022-06-23,6,8.64
2022-06-23,7,52.87
2022-06-23,8,65.74
2022-06-23,9,67.98
2022-06-23,10,68.23
2022-06-23,11,69.24
2022-06-23,12,70.54
2022-06-23,13,68.34
2022-06-23,14,68.81
2022-06-23,15,69.15
2022-06-23,16,83.56
2022-06-23,17,99.31
2022-06-23,18,91.03
2022-06-23,19,102.16
2022-06-23,20,88.28
2022-06-23,21,69.41
2022-06-23,22,67.41
2022-06-23,23,66.09
2022-06-23,24,63.6
2022-06-24,1,67.7
2022-06-24,2,63.91
2022-06-24,3,59.16
2022-06-24,4,59.57
2022-06-24,5,53.41
2022-06-24,6,39.94
2022-06-24,7,57.89
2022-06-24,8,63.34
2022-06-24,9,63.91
2022-06-24,10,64.24
2022-06-24,11,64.75
2022-06-24,12,65.15
2022-06-24,13,65.23
2022-06-24,14,65.8
2022-06-24,15,66.85
2022-06-24,16,96.07
2022-06-24,17,131.16
2022-06-24,18,120.99
2022-06-24,19,114.03
2022-06-24,20,88.52
2022-06-24,21,64.9
2022-06-24,22,71.4
2022-06-24,23,63.88
2022-06-24,24,53.74
2022-06-25,1,37.61
2022-06-25,2,51.05
2022-06-25,3,56.41
2022-06-25,4,54.3
2022-06-25,5,41.89
2022-06-25,6,31.15
2022-06-25,7,50.9
2022-06-25,8,57.97
2022-06-25,9,64.83
2022-06-25,10,62.28
2022-06-25,11,88.85
2022-06-25,12,126.71
2022-06-25,13,118.0
2022-06-25,14,141.45
2022-06-25,15,148.97
2022-06-25,16,126.98
2022-06-25,17,195.75
2022-06-25,18,137.73
2022-06-25,19,133.39
2022-06-25,20,103.46
2022-06-25,21,70.65
2022-06-25,22,68.89
2022-06-25,23,58.87
2022-06-25,24,58.01
2022-06-26,1,62.04
2022-06-26,2,38.95
2022-06-26,3,56.7
2022-06-26,4,66.25
2022-06-26,5,21.21
2022-06-26,6,8.86
2022-06-26,7,33.87
2022-06-26,8,21.93
2022-06-26,9,14.39
2022-06-26,10,60.45
2022-06-26,11,61.54
2022-06-26,12,95.5
2022-06-26,13,67.62
2022-06-26,14,62.39
2022-06-26,15,62.77
2022-06-26,16,72.65
2022-06-26,17,99.22
2022-06-26,18,98.04
2022-06-26,19,92.28
2022-06-26,20,65.22
2022-06-26,21,61.58
2022-06-26,22,66.99
2022-06-26,23,60.12
2022-06-26,24,43.14
2022-06-27,1,13.68
2022-06-27,2,14.37
2022-06-27,3,66.87
2022-06-27,4,80.44
2022-06-27,5,14.35
2022-06-27,6,10.8
2022-06-27,7,31.93
2022-06-27,8,21.41
2022-06-27,9,29.16
2022-06-27,10,41.11
2022-06-27,11,57.61
2022-06-27,12,58.84
2022-06-27,13,60.39
2022-06-27,14,60.46
2022-06-27,15,59.63
2022-06-27,16,59.95
2022-06-27,17,60.11
2022-06-27,18,60.03
2022-06-27,19,60.09
2022-06-27,20,61.4
2022-06-27,21,61.48
2022-06-27,22,60.69
2022-06-27,23,57.89
2022-06-27,24,21.78
2022-06-28,1,4.83
2022-06-28,2,14.36
2022-06-28,3,14.4
2022-06-28,4,57.57
2022-06-28,5,14.38
2022-06-28,6,31.64
2022-06-28,7,55.89
2022-06-28,8,56.07
2022-06-28,9,54.79
2022-06-28,10,56.87
2022-06-28,11,57.28
2022-06-28,12,57.9
2022-06-28,13,56.63
2022-06-28,14,53.8
2022-06-28,15,55.93
2022-06-28,16,58.73
2022-06-28,17,59.15
2022-06-28,18,58.73
2022-06-28,19,59.15
2022-06-28,20,59.94
2022-06-28,21,59.15
2022-06-28,22,40.44
2022-06-28,23,31.31
2022-06-28,24,22.01
2022-06-29,1,18.56
2022-06-29,2,14.38
2022-06-29,3,14.39
2022-06-29,4,14.39
2022-06-29,5,6.44
2022-06-29,6,23.52
2022-06-29,7,58.05
2022-06-29,8,42.67
2022-06-29,9,45.38
2022-06-29,10,62.73
2022-06-29,11,61.76
2022-06-29,12,63.35
2022-06-29,13,63.2
2022-06-29,14,65.02
2022-06-29,15,64.74
2022-06-29,16,69.7
2022-06-29,17,73.04
2022-06-29,18,66.04
2022-06-29,19,78.09
2022-06-29,20,67.65
2022-06-29,21,65.66
2022-06-29,22,65.43
2022-06-29,23,55.5
2022-06-29,24,20.8
2022-06-30,1,9.14
2022-06-30,2,11.07
2022-06-30,3,13.04
2022-06-30,4,9.94
2022-06-30,5,13.52
2022-06-30,6,11.4
2022-06-30,7,28.7
2022-06-30,8,58.19
2022-06-30,9,100.89
2022-06-30,10,58.55
2022-06-30,11,58.96
2022-06-30,12,58.19
2022-06-30,13,59.97
2022-06-30,14,60.69
2022-06-30,15,60.1
2022-06-30,16,58.03
2022-06-30,17,62.98
2022-06-30,18,64.4
2022-06-30,19,64.02
2022-06-30,20,61.25
2022-06-30,21,55.77
2022-06-30,22,20.87
2022-06-30,23,6.7
2022-06-30,24,4.84
2022-07-01,1,0.33
2022-07-01,2,0.0
2022-07-01,3,0.0
2022-07-01,4,0.0
2022-07-01,5,0.0
2022-07-01,6,2.88
2022-07-01,7,7.46
2022-07-01,8,37.37
2022-07-01,9,54.12
2022-07-01,10,59.12
2022-07-01,11,60.52
2022-07-01,12,61.56
2022-07-01,13,60.46
2022-07-01,14,60.42
2022-07-01,15,60.52
2022-07-01,16,60.23
2022-07-01,17,60.11
2022-07-01,18,59.97
2022-07-01,19,53.65
2022-07-01,20,43.96
2022-07-01,21,59.34
2022-07-01,22,56.46
2022-07-01,23,60.45
2022-07-01,24,54.37
2022-07-02,1,47.5
2022-07-02,2,14.35
2022-07-02,3,14.34
2022-07-02,4,29.32
2022-07-02,5,11.99
2022-07-02,6,9.75
2022-07-02,7,12.02
2022-07-02,8,42.67
2022-07-02,9,53.18
2022-07-02,10,53.44
2022-07-02,11,54.9
2022-07-02,12,53.88
2022-07-02,13,53.85
2022-07-02,14,53.39
2022-07-02,15,51.98
2022-07-02,16,52.56
2022-07-02,17,54.43
2022-07-02,18,55.88
2022-07-02,19,55.7
2022-07-02,20,53.99
2022-07-02,21,49.77
2022-07-02,22,54.11
2022-07-02,23,56.95
2022-07-02,24,43.23
2022-07-03,1,13.52
2022-07-03,2,13.74
2022-07-03,3,13.83
2022-07-03,4,13.42
2022-07-03,5,13.37
2022-07-03,6,20.83
2022-07-03,7,16.25
2022-07-03,8,16.26
2022-07-03,9,16.66
2022-07-03,10,13.35
2022-07-03,11,52.36
2022-07-03,12,52.36
2022-07-03,13,39.26
2022-07-03,14,32.78
2022-07-03,15,43.0
2022-07-03,16,53.96
2022-07-03,17,56.45
2022-07-03,18,57.76
2022-07-03,19,57.87
2022-07-03,20,56.79
2022-07-03,21,55.74
2022-07-03,22,54.63
2022-07-03,23,43.0
2022-07-03,24,25.7
2022-07-04,1,18.08
2022-07-04,2,14.52
2022-07-04,3,21.05
2022-07-04,4,21.56
2022-07-04,5,19.11
2022-07-04,6,23.53
2022-07-04,7,47.35
2022-07-04,8,48.11
2022-07-04,9,51.05
2022-07-04,10,51.36
2022-07-04,11,52.34
2022-07-04,12,54.52
2022-07-04,13,55.95
2022-07-04,14,54.02
2022-07-04,15,45.78
2022-07-04,16,41.86
2022-07-04,17,45.52
2022-07-04,18,49.93
2022-07-04,19,50.12
2022-07-04,20,51.67
2022-07-04,21,53.54
2022-07-04,22,52.9
2022-07-04,23,40.67
2022-07-04,24,38.05
2022-07-05,1,17.22
2022-07-05,2,13.18
2022-07-05,3,6.54
2022-07-05,4,4.83
2022-07-05,5,7.56
2022-07-05,6,13.23
2022-07-05,7,32.15
2022-07-05,8,52.21
2022-07-05,9,52.35
2022-07-05,10,48.9
2022-07-05,11,52.38
2022-07-05,12,52.33
2022-07-05,13,51.8
2022-07-05,14,42.41
2022-07-05,15,43.71
2022-07-05,16,44.43
2022-07-05,17,53.05
2022-07-05,18,53.64
2022-07-05,19,54.81
2022-07-05,20,53.79
2022-07-05,21,55.26
2022-07-05,22,55.24
2022-07-05,23,50.37
2022-07-05,24,54.44
2022-07-06,1,56.02
2022-07-06,2,47.49
2022-07-06,3,35.99
2022-07-06,4,30.18
2022-07-06,5,25.05
2022-07-06,6,31.49
2022-07-06,7,46.96
2022-07-06,8,54.19
2022-07-06,9,55.46
2022-07-06,10,54.08
2022-07-06,11,56.72
2022-07-06,12,56.23
2022-07-06,13,54.68
2022-07-06,14,52.55
2022-07-06,15,51.96
2022-07-06,16,51.38
2022-07-06,17,50.82
2022-07-06,18,52.15
2022-07-06,19,54.14
2022-07-06,20,52.33
2022-07-06,21,52.47
2022-07-06,22,54.68
2022-07-06,23,54.16
2022-07-06,24,54.9
2022-07-07,1,43.1
2022-07-07,2,40.52
2022-07-07,3,17.31
2022-07-07,4,14.7
2022-07-07,5,14.46
2022-07-07,6,34.79
2022-07-07,7,43.7
2022-07-07,8,51.98
2022-07-07,9,53.92
2022-07-07,10,53.78
2022-07-07,11,55.13
2022-07-07,12,55.4
2022-07-07,13,54.74
2022-07-07,14,55.82
2022-07-07,15,54.7
2022-07-07,16,61.32
2022-07-07,17,86.83
2022-07-07,18,78.45
2022-07-07,19,80.44
2022-07-07,20,81.72
2022-07-07,21,66.27
2022-07-07,22,55.61
2022-07-07,23,54.44
2022-07-07,24,52.4
2022-07-08,1,39.33
2022-07-08,2,21.11
2022-07-08,3,27.51
2022-07-08,4,14.39
2022-07-08,5,20.47
2022-07-08,6,13.64
2022-07-08,7,40.51
2022-07-08,8,58.73
2022-07-08,9,59.25
2022-07-08,10,59.68
2022-07-08,11,60.8
2022-07-08,12,71.25
2022-07-08,13,65.62
2022-07-08,14,60.79
2022-07-08,15,59.88
2022-07-08,16,62.79
2022-07-08,17,59.74
2022-07-08,18,59.63
2022-07-08,19,59.63
2022-07-08,20,59.02
2022-07-08,21,57.29
2022-07-08,22,49.27
2022-07-08,23,6.68
2022-07-08,24,2.59
2022-07-09,1,2.01
2022-07-09,2,2.74
2022-07-09,3,0.49
2022-07-09,4,0.0
2022-07-09,5,0.0
2022-07-09,6,6.5
2022-07-09,7,23.32
2022-07-09,8,50.78
2022-07-09,9,17.11
2022-07-09,10,31.25
2022-07-09,11,57.46
2022-07-09,12,44.87
2022-07-09,13,13.93
2022-07-09,14,14.29
2022-07-09,15,43.08
2022-07-09,16,48.97
2022-07-09,17,58.74
2022-07-09,18,60.46
2022-07-09,19,60.77
2022-07-09,20,59.04
2022-07-09,21,58.1
2022-07-09,22,54.36
2022-07-09,23,23.8
2022-07-09,24,35.04
2022-07-10,1,23.99
2022-07-10,2,58.41
2022-07-10,3,63.98
2022-07-10,4,14.25
2022-07-10,5,14.01
2022-07-10,6,35.3
2022-07-10,7,48.28
2022-07-10,8,34.12
2022-07-10,9,52.7
2022-07-10,10,54.04
2022-07-10,11,52.12
2022-07-10,12,56.17
2022-07-10,13,52.67
2022-07-10,14,56.66
2022-07-10,15,54.57
2022-07-10,16,60.24
2022-07-10,17,75.43
2022-07-10,18,104.23
2022-07-10,19,105.4
2022-07-10,20,64.51
2022-07-10,21,63.05
2022-07-10,22,61.75
2022-07-10,23,59.23
2022-07-10,24,56.48
2022-07-11,1,58.82
2022-07-11,2,58.2
2022-07-11,3,63.26
2022-07-11,4,55.74
2022-07-11,5,48.09
2022-07-11,6,30.96
2022-07-11,7,41.25
2022-07-11,8,57.16
2022-07-11,9,58.15
2022-07-11,10,60.61
2022-07-11,11,57.86
2022-07-11,12,58.17
2022-07-11,13,60.61
2022-07-11,14,60.66
2022-07-11,15,60.32
2022-07-11,16,58.77
2022-07-11,17,60.12
2022-07-11,18,59.44
2022-07-11,19,59.12
2022-07-11,20,60.73
2022-07-11,21,60.74
2022-07-11,22,59.46
2022-07-11,23,56.27
2022-07-11,24,57.36
2022-07-12,1,61.18
2022-07-12,2,88.13
2022-07-12,3,35.42
2022-07-12,4,51.42
2022-07-12,5,20.39
2022-07-12,6,29.23
2022-07-12,7,63.47
2022-07-12,8,65.67
2022-07-12,9,66.09
2022-07-12,10,65.91
2022-07-12,11,66.0
2022-07-12,12,71.12
2022-07-12,13,101.42
2022-07-12,14,95.27
2022-07-12,15,92.13
2022-07-12,16,110.9
2022-07-12,17,117.56
2022-07-12,18,100.56
2022-07-12,19,97.46
2022-07-12,20,81.73
2022-07-12,21,78.9
2022-07-12,22,66.5
2022-07-12,23,63.84
2022-07-12,24,62.26
2022-07-13,1,64.83
2022-07-13,2,60.81
2022-07-13,3,54.09
2022-07-13,4,58.82
2022-07-13,5,50.9
2022-07-13,6,60.71
2022-07-13,7,61.78
2022-07-13,8,63.53
2022-07-13,9,64.39
2022-07-13,10,72.52
2022-07-13,11,99.09
2022-07-13,12,89.31
2022-07-13,13,65.11
2022-07-13,14,67.16
2022-07-13,15,65.71
2022-07-13,16,65.13
2022-07-13,17,65.17
2022-07-13,18,64.45
2022-07-13,19,64.4
2022-07-13,20,64.65
2022-07-13,21,64.52
2022-07-13,22,63.19
2022-07-13,23,61.26
2022-07-13,24,66.33
2022-07-14,1,67.18
2022-07-14,2,43.32
2022-07-14,3,67.31
2022-07-14,4,20.1
2022-07-14,5,12.34
2022-07-14,6,12.49
2022-07-14,7,29.26
2022-07-14,8,62.53
2022-07-14,9,62.53
2022-07-14,10,63.22
2022-07-14,11,63.72
2022-07-14,12,65.04
2022-07-14,13,64.85
2022-07-14,14,64.33
2022-07-14,15,63.61
2022-07-14,16,63.53
2022-07-14,17,64.12
2022-07-14,18,64.94
2022-07-14,19,65.79
2022-07-14,20,64.99
2022-07-14,21,64.43
2022-07-14,22,63.86
2022-07-14,23,61.94
2022-07-14,24,51.16
2022-07-15,1,60.22
2022-07-15,2,63.28
2022-07-15,3,51.67
2022-07-15,4,52.22
2022-07-15,5,17.0
2022-07-15,6,31.38
2022-07-15,7,32.61
2022-07-15,8,53.41
2022-07-15,9,59.81
2022-07-15,10,63.89
2022-07-15,11,65.11
2022-07-15,12,65.21
2022-07-15,13,66.47
2022-07-15,14,67.17
2022-07-15,15,67.65
2022-07-15,16,67.88
2022-07-15,17,68.59
2022-07-15,18,67.86
2022-07-15,19,68.5
2022-07-15,20,67.59
2022-07-15,21,67.17
2022-07-15,22,65.84
2022-07-15,23,63.33
2022-07-15,24,38.29
2022-07-16,1,38.4
2022-07-16,2,54.0
2022-07-16,3,23.22
2022-07-16,4,46.88
2022-07-16,5,53.89
2022-07-16,6,41.66
2022-07-16,7,35.03
2022-07-16,8,38.54
2022-07-16,9,58.64
2022-07-16,10,66.39
2022-07-16,11,66.79
2022-07-16,12,66.05
2022-07-16,13,66.96
2022-07-16,14,67.01
2022-07-16,15,67.11
2022-07-16,16,68.51
2022-07-16,17,76.26
2022-07-16,18,75.88
2022-07-16,19,87.21
2022-07-16,20,69.31
2022-07-16,21,67.07
2022-07-16,22,65.55
2022-07-16,23,64.23
2022-07-16,24,40.03
2022-07-17,1,39.41
2022-07-17,2,51.36
2022-07-17,3,51.15
2022-07-17,4,50.63
2022-07-17,5,47.74
2022-07-17,6,13.68
2022-07-17,7,12.22
2022-07-17,8,27.14
2022-07-17,9,54.47
2022-07-17,10,65.5
2022-07-17,11,66.64
2022-07-17,12,66.48
2022-07-17,13,67.14
2022-07-17,14,66.86
2022-07-17,15,68.28
2022-07-17,16,72.33
2022-07-17,17,71.76
2022-07-17,18,67.7
2022-07-17,19,68.8
2022-07-17,20,70.0
2022-07-17,21,67.36
2022-07-17,22,67.01
2022-07-17,23,65.95
2022-07-17,24,64.43
2022-07-18,1,63.43
2022-07-18,2,65.09
2022-07-18,3,53.57
2022-07-18,4,69.96
2022-07-18,5,28.89
2022-07-18,6,52.68
2022-07-18,7,63.37
2022-07-18,8,66.13
2022-07-18,9,66.8
2022-07-18,10,66.44
2022-07-18,11,66.39
2022-07-18,12,66.33
2022-07-18,13,64.54
2022-07-18,14,66.14
2022-07-18,15,66.34
2022-07-18,16,66.43
2022-07-18,17,71.38
2022-07-18,18,72.02
2022-07-18,19,86.27
2022-07-18,20,69.55
2022-07-18,21,67.89
2022-07-18,22,63.86
2022-07-18,23,63.16
2022-07-18,24,39.67
2022-07-19,1,27.59
2022-07-19,2,77.51
2022-07-19,3,77.17
2022-07-19,4,76.62
2022-07-19,5,14.35
2022-07-19,6,24.69
2022-07-19,7,56.96
2022-07-19,8,62.24
2022-07-19,9,74.7
2022-07-19,10,81.31
2022-07-19,11,125.93
2022-07-19,12,102.94
2022-07-19,13,83.32
2022-07-19,14,81.75
2022-07-19,15,78.93
2022-07-19,16,74.65
2022-07-19,17,84.77
2022-07-19,18,91.7
2022-07-19,19,110.78
2022-07-19,20,172.28
2022-07-19,21,146.5
2022-07-19,22,89.55
2022-07-19,23,75.52
2022-07-19,24,73.44
2022-07-20,1,54.73
2022-07-20,2,57.42
2022-07-20,3,51.37
2022-07-20,4,14.39
2022-07-20,5,14.38
2022-07-20,6,28.95
2022-07-20,7,60.57
2022-07-20,8,72.58
2022-07-20,9,73.8
2022-07-20,10,79.7
2022-07-20,11,75.79
2022-07-20,12,78.31
2022-07-20,13,76.79
2022-07-20,14,74.75
2022-07-20,15,74.24
2022-07-20,16,77.29
2022-07-20,17,67.89
2022-07-20,18,67.92
2022-07-20,19,70.79
2022-07-20,20,80.35
2022-07-20,21,89.19
2022-07-20,22,64.88
2022-07-20,23,68.1
2022-07-20,24,47.0
2022-07-21,1,33.13
2022-07-21,2,65.78
2022-07-21,3,65.57
2022-07-21,4,42.27
2022-07-21,5,14.39
2022-07-21,6,17.05
2022-07-21,7,57.13
2022-07-21,8,71.97
2022-07-21,9,70.65
2022-07-21,10,72.18
2022-07-21,11,70.16
2022-07-21,12,73.71
2022-07-21,13,70.26
2022-07-21,14,73.99
2022-07-21,15,70.45
2022-07-21,16,70.47
2022-07-21,17,76.38
2022-07-21,18,81.59
2022-07-21,19,104.26
2022-07-21,20,101.75
2022-07-21,21,84.98
2022-07-21,22,76.53
2022-07-21,23,73.99
2022-07-21,24,69.37
2022-07-22,1,34.21
2022-07-22,2,14.33
2022-07-22,3,25.41
2022-07-22,4,55.95
2022-07-22,5,13.85
2022-07-22,6,9.53
2022-07-22,7,37.5
2022-07-22,8,73.54
2022-07-22,9,78.59
2022-07-22,10,79.64
2022-07-22,11,82.63
2022-07-22,12,86.24
2022-07-22,13,84.92
2022-07-22,14,82.08
2022-07-22,15,78.73
2022-07-22,16,85.52
2022-07-22,17,81.65
2022-07-22,18,83.65
2022-07-22,19,89.29
2022-07-22,20,74.0
2022-07-22,21,74.78
2022-07-22,22,75.77
2022-07-22,23,72.36
2022-07-22,24,89.88
2022-07-23,1,107.48
2022-07-23,2,113.77
2022-07-23,3,71.9
2022-07-23,4,83.39
2022-07-23,5,17.83
2022-07-23,6,6.79
2022-07-23,7,24.33
2022-07-23,8,66.84
2022-07-23,9,81.99
2022-07-23,10,82.3
2022-07-23,11,82.48
2022-07-23,12,83.04
2022-07-23,13,82.52
2022-07-23,14,92.79
2022-07-23,15,104.2
2022-07-23,16,99.28
2022-07-23,17,88.27
2022-07-23,18,142.51
2022-07-23,19,86.13
2022-07-23,20,85.23
2022-07-23,21,85.46
2022-07-23,22,81.04
2022-07-23,23,79.52
2022-07-23,24,60.86
2022-07-24,1,37.55
2022-07-24,2,63.19
2022-07-24,3,34.23
2022-07-24,4,22.72
2022-07-24,5,13.37
2022-07-24,6,13.31
2022-07-24,7,32.75
2022-07-24,8,70.4
2022-07-24,9,71.81
2022-07-24,10,76.57
2022-07-24,11,76.4
2022-07-24,12,76.01
2022-07-24,13,77.25
2022-07-24,14,69.89
2022-07-24,15,66.25
2022-07-24,16,74.78
2022-07-24,17,78.51
2022-07-24,18,82.25
2022-07-24,19,79.89
2022-07-24,20,78.44
2022-07-24,21,77.19
2022-07-24,22,70.18
2022-07-24,23,48.76
2022-07-24,24,72.67
2022-07-25,1,80.61
2022-07-25,2,75.06
2022-07-25,3,7.25
2022-07-25,4,14.38
2022-07-25,5,5.55
2022-07-25,6,4.45
2022-07-25,7,62.06
2022-07-25,8,77.22
2022-07-25,9,64.24
2022-07-25,10,75.77
2022-07-25,11,77.14
2022-07-25,12,77.27
2022-07-25,13,76.95
2022-07-25,14,71.8
2022-07-25,15,64.59
2022-07-25,16,57.31
2022-07-25,17,76.15
2022-07-25,18,80.09
2022-07-25,19,82.17
2022-07-25,20,81.28
2022-07-25,21,80.74
2022-07-25,22,78.7
2022-07-25,23,71.95
2022-07-25,24,40.78
2022-07-26,1,36.63
2022-07-26,2,57.01
2022-07-26,3,66.44
2022-07-26,4,59.24
2022-07-26,5,14.38
2022-07-26,6,19.74
2022-07-26,7,31.64
2022-07-26,8,53.64
2022-07-26,9,70.09
2022-07-26,10,76.04
2022-07-26,11,79.38
2022-07-26,12,80.79
2022-07-26,13,81.39
2022-07-26,14,78.47
2022-07-26,15,81.83
2022-07-26,16,78.42
2022-07-26,17,82.46
2022-07-26,18,87.31
2022-07-26,19,84.25
2022-07-26,20,79.58
2022-07-26,21,81.86
2022-07-26,22,81.88
2022-07-26,23,78.39
2022-07-26,24,43.42
2022-07-27,1,33.9
2022-07-27,2,59.47
2022-07-27,3,37.59
2022-07-27,4,54.54
2022-07-27,5,37.27
2022-07-27,6,27.89
2022-07-27,7,27.65
2022-07-27,8,48.45
2022-07-27,9,74.59
2022-07-27,10,78.01
2022-07-27,11,71.48
2022-07-27,12,87.76
2022-07-27,13,88.27
2022-07-27,14,88.23
2022-07-27,15,88.16
2022-07-27,16,88.84
2022-07-27,17,93.3
2022-07-27,18,88.02
2022-07-27,19,87.02
2022-07-27,20,86.7
2022-07-27,21,87.42
2022-07-27,22,86.99
2022-07-27,23,83.26
2022-07-27,24,91.01
2022-07-28,1,103.61
2022-07-28,2,96.6
2022-07-28,3,91.55
2022-07-28,4,88.18
2022-07-28,5,82.92
2022-07-28,6,81.13
2022-07-28,7,76.1
2022-07-28,8,83.06
2022-07-28,9,83.23
2022-07-28,10,84.0
2022-07-28,11,84.68
2022-07-28,12,84.65
2022-07-28,13,83.46
2022-07-28,14,83.95
2022-07-28,15,83.96
2022-07-28,16,85.78
2022-07-28,17,84.16
2022-07-28,18,84.84
2022-07-28,19,91.57
2022-07-28,20,84.64
2022-07-28,21,83.75
2022-07-28,22,82.27
2022-07-28,23,56.24
2022-07-28,24,47.06
2022-07-29,1,26.08
2022-07-29,2,38.22
2022-07-29,3,18.23
2022-07-29,4,14.68
2022-07-29,5,14.28
2022-07-29,6,16.23
2022-07-29,7,25.88
2022-07-29,8,76.45
2022-07-29,9,78.47
2022-07-29,10,80.57
2022-07-29,11,80.77
2022-07-29,12,78.46
2022-07-29,13,80.57
2022-07-29,14,80.61
2022-07-29,15,81.03
2022-07-29,16,80.02
2022-07-29,17,85.65
2022-07-29,18,80.87
2022-07-29,19,81.32
2022-07-29,20,80.75
2022-07-29,21,82.95
2022-07-29,22,79.22
2022-07-29,23,35.64
2022-07-29,24,12.12
2022-07-30,1,10.17
2022-07-30,2,14.33
2022-07-30,3,46.43
2022-07-30,4,31.26
2022-07-30,5,14.97
2022-07-30,6,19.58
2022-07-30,7,24.96
2022-07-30,8,14.88
2022-07-30,9,51.18
2022-07-30,10,82.85
2022-07-30,11,70.8
2022-07-30,12,71.75
2022-07-30,13,71.31
2022-07-30,14,77.95
2022-07-30,15,79.35
2022-07-30,16,80.25
2022-07-30,17,83.13
2022-07-30,18,83.74
2022-07-30,19,84.57
2022-07-30,20,82.7
2022-07-30,21,82.39
2022-07-30,22,80.19
2022-07-30,23,27.5
2022-07-30,24,4.98
2022-07-31,1,1.44
2022-07-31,2,0.44
2022-07-31,3,6.33
2022-07-31,4,15.12
2022-07-31,5,15.88
2022-07-31,6,42.4
2022-07-31,7,26.39
2022-07-31,8,19.65
2022-07-31,9,44.75
2022-07-31,10,71.97
2022-07-31,11,80.05
2022-07-31,12,82.33
2022-07-31,13,82.3
2022-07-31,14,82.34
2022-07-31,15,82.41
2022-07-31,16,82.14
2022-07-31,17,87.01
2022-07-31,18,90.1
2022-07-31,19,92.15
2022-07-31,20,81.09
2022-07-31,21,81.84
2022-07-31,22,80.58
2022-07-31,23,40.27
2022-07-31,24,7.94
2022-08-01,1,4.27
2022-08-01,2,5.63
2022-08-01,3,9.52
2022-08-01,4,14.33
2022-08-01,5,14.36
2022-08-01,6,10.32
2022-08-01,7,31.18
2022-08-01,8,29.76
2022-08-01,9,33.58
2022-08-01,10,76.55
2022-08-01,11,74.76
2022-08-01,12,74.04
2022-08-01,13,75.33
2022-08-01,14,77.15
2022-08-01,15,78.93
2022-08-01,16,78.98
2022-08-01,17,79.88
2022-08-01,18,80.24
2022-08-01,19,80.32
2022-08-01,20,80.21
2022-08-01,21,79.54
2022-08-01,22,79.19
2022-08-01,23,77.42
2022-08-01,24,63.03
2022-08-02,1,37.81
2022-08-02,2,61.6
2022-08-02,3,98.82
2022-08-02,4,118.08
2022-08-02,5,14.36
2022-08-02,6,33.64
2022-08-02,7,49.17
2022-08-02,8,74.96
2022-08-02,9,76.02
2022-08-02,10,77.63
2022-08-02,11,78.11
2022-08-02,12,77.71
2022-08-02,13,84.07
2022-08-02,14,83.06
2022-08-02,15,84.04
2022-08-02,16,96.47
2022-08-02,17,143.62
2022-08-02,18,244.78
2022-08-02,19,105.54
2022-08-02,20,96.6
2022-08-02,21,85.31
2022-08-02,22,79.89
2022-08-02,23,74.88
2022-08-02,24,50.59
2022-08-03,1,13.11
2022-08-03,2,8.19
2022-08-03,3,5.68
2022-08-03,4,4.84
2022-08-03,5,0.47
2022-08-03,6,1.93
2022-08-03,7,0.49
2022-08-03,8,6.48
2022-08-03,9,68.08
2022-08-03,10,64.94
2022-08-03,11,18.11
2022-08-03,12,52.54
2022-08-03,13,55.47
2022-08-03,14,56.78
2022-08-03,15,67.06
2022-08-03,16,73.14
2022-08-03,17,76.2
2022-08-03,18,72.98
2022-08-03,19,70.93
2022-08-03,20,71.73
2022-08-03,21,94.72
2022-08-03,22,75.07
2022-08-03,23,71.9
2022-08-03,24,21.37
2022-08-04,1,14.34
2022-08-04,2,14.36
2022-08-04,3,97.02
2022-08-04,4,97.95
2022-08-04,5,50.53
2022-08-04,6,56.18
2022-08-04,7,65.33
2022-08-04,8,76.01
2022-08-04,9,93.17
2022-08-04,10,105.99
2022-08-04,11,81.55
2022-08-04,12,101.45
2022-08-04,13,134.69
2022-08-04,14,83.69
2022-08-04,15,98.47
2022-08-04,16,106.15
2022-08-04,17,111.36
2022-08-04,18,128.53
2022-08-04,19,112.52
2022-08-04,20,126.48
2022-08-04,21,144.48
2022-08-04,22,107.61
2022-08-04,23,78.55
2022-08-04,24,84.77
2022-08-05,1,79.7
2022-08-05,2,70.02
2022-08-05,3,64.15
2022-08-05,4,53.45
2022-08-05,5,43.3
2022-08-05,6,57.75
2022-08-05,7,73.83
2022-08-05,8,77.46
2022-08-05,9,85.61
2022-08-05,10,117.83
2022-08-05,11,137.26
2022-08-05,12,149.58
2022-08-05,13,140.59
2022-08-05,14,145.71
2022-08-05,15,143.63
2022-08-05,16,147.31
2022-08-05,17,123.6
2022-08-05,18,125.01
2022-08-05,19,147.12
2022-08-05,20,130.03
2022-08-05,21,127.04
2022-08-05,22,91.79
2022-08-05,23,78.65
2022-08-05,24,78.96
2022-08-06,1,48.7
2022-08-06,2,17.87
2022-08-06,3,13.75
2022-08-06,4,14.44
2022-08-06,5,33.75
2022-08-06,6,8.33
2022-08-06,7,31.21
2022-08-06,8,73.48
2022-08-06,9,78.56
2022-08-06,10,90.2
2022-08-06,11,156.67
2022-08-06,12,86.55
2022-08-06,13,120.16
2022-08-06,14,124.99
2022-08-06,15,133.67
2022-08-06,16,139.44
2022-08-06,17,170.99
2022-08-06,18,218.73
2022-08-06,19,618.29
2022-08-06,20,169.96
2022-08-06,21,146.7
2022-08-06,22,108.53
2022-08-06,23,79.76
2022-08-06,24,82.07
2022-08-07,1,78.11
2022-08-07,2,73.85
2022-08-07,3,62.7
2022-08-07,4,57.79
2022-08-07,5,70.3
2022-08-07,6,59.46
2022-08-07,7,53.77
2022-08-07,8,80.33
2022-08-07,9,83.24
2022-08-07,10,89.04
2022-08-07,11,110.76
2022-08-07,12,109.57
2022-08-07,13,119.62
2022-08-07,14,103.47
2022-08-07,15,80.86
2022-08-07,16,129.08
2022-08-07,17,114.31
2022-08-07,18,107.67
2022-08-07,19,110.27
2022-08-07,20,248.64
2022-08-07,21,689.33
2022-08-07,22,122.75
2022-08-07,23,86.17
2022-08-07,24,79.29
2022-08-08,1,80.49
2022-08-08,2,80.01
2022-08-08,3,77.27
2022-08-08,4,61.33
2022-08-08,5,67.54
2022-08-08,6,76.83
2022-08-08,7,79.09
2022-08-08,8,81.86
2022-08-08,9,95.83
2022-08-08,10,146.67
2022-08-08,11,154.12
2022-08-08,12,142.24
2022-08-08,13,115.49
2022-08-08,14,137.13
2022-08-08,15,134.06
2022-08-08,16,128.3
2022-08-08,17,138.03
2022-08-08,18,138.01
2022-08-08,19,129.47
2022-08-08,20,82.09
2022-08-08,21,86.79
2022-08-08,22,78.65
2022-08-08,23,67.36
2022-08-08,24,21.39
2022-08-09,1,36.32
2022-08-09,2,21.22
2022-08-09,3,85.91
2022-08-09,4,63.84
2022-08-09,5,31.78
2022-08-09,6,32.92
2022-08-09,7,67.7
2022-08-09,8,73.05
2022-08-09,9,73.13
2022-08-09,10,74.69
2022-08-09,11,73.18
2022-08-09,12,72.16
2022-08-09,13,67.04
2022-08-09,14,70.63
2022-08-09,15,64.72
2022-08-09,16,71.53
2022-08-09,17,75.08
2022-08-09,18,83.44
2022-08-09,19,75.76
2022-08-09,20,76.24
2022-08-09,21,80.58
2022-08-09,22,74.93
2022-08-09,23,67.45
2022-08-09,24,37.85
2022-08-10,1,24.95
2022-08-10,2,34.97
2022-08-10,3,69.23
2022-08-10,4,72.15
2022-08-10,5,14.88
2022-08-10,6,65.66
2022-08-10,7,66.2
2022-08-10,8,75.64
2022-08-10,9,76.22
2022-08-10,10,76.34
2022-08-10,11,76.02
2022-08-10,12,72.82
2022-08-10,13,73.86
2022-08-10,14,75.14
2022-08-10,15,72.43
2022-08-10,16,85.74
2022-08-10,17,124.9
2022-08-10,18,133.15
2022-08-10,19,105.43
2022-08-10,20,75.04
2022-08-10,21,75.12
2022-08-10,22,74.87
2022-08-10,23,68.16
2022-08-10,24,71.05
2022-08-11,1,44.49
2022-08-11,2,8.19
2022-08-11,3,5.39
2022-08-11,4,6.12
2022-08-11,5,9.63
2022-08-11,6,10.89
2022-08-11,7,30.19
2022-08-11,8,84.35
2022-08-11,9,68.85
2022-08-11,10,77.91
2022-08-11,11,60.21
2022-08-11,12,52.14
2022-08-11,13,56.38
2022-08-11,14,58.3
2022-08-11,15,68.13
2022-08-11,16,73.87
2022-08-11,17,73.35
2022-08-11,18,72.59
2022-08-11,19,73.54
2022-08-11,20,74.63
2022-08-11,21,48.3
2022-08-11,22,33.08
2022-08-11,23,10.94
2022-08-11,24,10.26
2022-08-12,1,13.96
2022-08-12,2,14.37
2022-08-12,3,14.34
2022-08-12,4,14.37
2022-08-12,5,14.35
2022-08-12,6,9.24
2022-08-12,7,20.93
2022-08-12,8,51.99
2022-08-12,9,79.55
2022-08-12,10,73.5
2022-08-12,11,78.48
2022-08-12,12,74.38
2022-08-12,13,65.95
2022-08-12,14,78.74
2022-08-12,15,78.13
2022-08-12,16,80.93
2022-08-12,17,80.67
2022-08-12,18,89.25
2022-08-12,19,86.46
2022-08-12,20,79.7
2022-08-12,21,79.71
2022-08-12,22,77.83
2022-08-12,23,34.41
2022-08-12,24,18.76
2022-08-13,1,25.98
2022-08-13,2,66.93
2022-08-13,3,22.33
2022-08-13,4,69.84
2022-08-13,5,36.25
2022-08-13,6,27.65
2022-08-13,7,14.61
2022-08-13,8,23.86
2022-08-13,9,23.67
2022-08-13,10,28.76
2022-08-13,11,84.11
2022-08-13,12,78.79
2022-08-13,13,81.04
2022-08-13,14,80.78
2022-08-13,15,79.37
2022-08-13,16,81.39
2022-08-13,17,82.9
2022-08-13,18,83.25
2022-08-13,19,81.29
2022-08-13,20,86.36
2022-08-13,21,81.36
2022-08-13,22,64.76
2022-08-13,23,50.94
2022-08-13,24,51.92
2022-08-14,1,19.23
2022-08-14,2,25.22
2022-08-14,3,80.0
2022-08-14,4,57.8
2022-08-14,5,14.38
2022-08-14,6,13.27
2022-08-14,7,14.35
2022-08-14,8,9.62
2022-08-14,9,64.4
2022-08-14,10,90.19
2022-08-14,11,72.51
2022-08-14,12,80.23
2022-08-14,13,80.78
2022-08-14,14,81.07
2022-08-14,15,80.94
2022-08-14,16,81.36
2022-08-14,17,82.83
2022-08-14,18,83.18
2022-08-14,19,81.81
2022-08-14,20,81.76
2022-08-14,21,86.33
2022-08-14,22,62.54
2022-08-14,23,74.93
2022-08-14,24,24.48
2022-08-15,1,29.33
2022-08-15,2,75.4
2022-08-15,3,39.88
2022-08-15,4,14.39
2022-08-15,5,14.39
2022-08-15,6,11.02
2022-08-15,7,17.51
2022-08-15,8,67.12
2022-08-15,9,76.23
2022-08-15,10,80.82
2022-08-15,11,81.27
2022-08-15,12,82.68
2022-08-15,13,83.39
2022-08-15,14,83.59
2022-08-15,15,89.76
2022-08-15,16,111.01
2022-08-15,17,129.0
2022-08-15,18,100.57
2022-08-15,19,95.32
2022-08-15,20,83.56
2022-08-15,21,83.39
2022-08-15,22,82.08
2022-08-15,23,79.14
2022-08-15,24,35.25
2022-08-16,1,19.27
2022-08-16,2,14.36
2022-08-16,3,14.4
2022-08-16,4,64.87
2022-08-16,5,14.36
2022-08-16,6,14.39
2022-08-16,7,71.49
2022-08-16,8,80.15
2022-08-16,9,87.49
2022-08-16,10,119.88
2022-08-16,11,147.45
2022-08-16,12,153.3
2022-08-16,13,114.11
2022-08-16,14,105.54
2022-08-16,15,88.27
2022-08-16,16,115.87
2022-08-16,17,152.97
2022-08-16,18,121.3
2022-08-16,19,90.26
2022-08-16,20,82.36
2022-08-16,21,85.32
2022-08-16,22,82.25
2022-08-16,23,81.38
2022-08-16,24,80.28
2022-08-17,1,86.68
2022-08-17,2,37.96
2022-08-17,3,52.4
2022-08-17,4,49.8
2022-08-17,5,55.62
2022-08-17,6,81.84
2022-08-17,7,78.33
2022-08-17,8,85.28
2022-08-17,9,85.51
2022-08-17,10,87.42
2022-08-17,11,87.36
2022-08-17,12,100.63
2022-08-17,13,91.77
2022-08-17,14,93.03
2022-08-17,15,93.49
2022-08-17,16,119.2
2022-08-17,17,117.96
2022-08-17,18,117.5
2022-08-17,19,95.45
2022-08-17,20,113.58
2022-08-17,21,89.47
2022-08-17,22,86.92
2022-08-17,23,84.93
2022-08-17,24,69.09
2022-08-18,1,84.7
2022-08-18,2,53.87
2022-08-18,3,63.35
2022-08-18,4,54.92
2022-08-18,5,35.24
2022-08-18,6,31.15
2022-08-18,7,37.28
2022-08-18,8,71.93
2022-08-18,9,87.91
2022-08-18,10,88.46
2022-08-18,11,89.15
2022-08-18,12,107.72
2022-08-18,13,89.41
2022-08-18,14,95.49
2022-08-18,15,101.11
2022-08-18,16,125.97
2022-08-18,17,150.49
2022-08-18,18,129.54
2022-08-18,19,129.88
2022-08-18,20,116.17
2022-08-18,21,100.22
2022-08-18,22,88.66
2022-08-18,23,86.19
2022-08-18,24,74.18
2022-08-19,1,45.55
2022-08-19,2,48.89
2022-08-19,3,40.2
2022-08-19,4,53.6
2022-08-19,5,46.04
2022-08-19,6,72.86
2022-08-19,7,53.47
2022-08-19,8,81.56
2022-08-19,9,88.11
2022-08-19,10,88.47
2022-08-19,11,98.1
2022-08-19,12,126.44
2022-08-19,13,131.96
2022-08-19,14,102.2
2022-08-19,15,90.09
2022-08-19,16,92.23
2022-08-19,17,120.84
2022-08-19,18,113.55
2022-08-19,19,116.71
2022-08-19,20,91.03
2022-08-19,21,88.72
2022-08-19,22,87.68
2022-08-19,23,86.53
2022-08-19,24,68.18
2022-08-20,1,41.1
2022-08-20,2,38.33
2022-08-20,3,50.44
2022-08-20,4,44.95
2022-08-20,5,53.25
2022-08-20,6,13.37
2022-08-20,7,18.72
2022-08-20,8,46.79
2022-08-20,9,85.87
2022-08-20,10,86.56
2022-08-20,11,87.03
2022-08-20,12,87.57
2022-08-20,13,89.99
2022-08-20,14,97.11
2022-08-20,15,105.39
2022-08-20,16,121.22
2022-08-20,17,129.77
2022-08-20,18,83.33
2022-08-20,19,82.24
2022-08-20,20,93.19
2022-08-20,21,106.15
2022-08-20,22,87.14
2022-08-20,23,87.02
2022-08-20,24,85.3
2022-08-21,1,87.07
2022-08-21,2,78.06
2022-08-21,3,39.1
2022-08-21,4,23.74
2022-08-21,5,13.49
2022-08-21,6,40.64
2022-08-21,7,86.66
2022-08-21,8,40.14
2022-08-21,9,79.78
2022-08-21,10,86.93
2022-08-21,11,86.99
2022-08-21,12,87.06
2022-08-21,13,86.98
2022-08-21,14,87.02
2022-08-21,15,91.87
2022-08-21,16,98.74
2022-08-21,17,94.42
2022-08-21,18,87.17
2022-08-21,19,95.08
2022-08-21,20,147.94
2022-08-21,21,91.78
2022-08-21,22,91.01
2022-08-21,23,86.1
2022-08-21,24,84.55
2022-08-22,1,82.2
2022-08-22,2,90.99
2022-08-22,3,54.89
2022-08-22,4,67.79
2022-08-22,5,37.47
2022-08-22,6,81.0
2022-08-22,7,85.37
2022-08-22,8,87.1
2022-08-22,9,87.06
2022-08-22,10,97.81
2022-08-22,11,108.66
2022-08-22,12,150.99
2022-08-22,13,164.03
2022-08-22,14,188.78
2022-08-22,15,91.6
2022-08-22,16,95.48
2022-08-22,17,87.14
2022-08-22,18,87.09
2022-08-22,19,88.56
2022-08-22,20,89.0
2022-08-22,21,86.75
2022-08-22,22,86.67
2022-08-22,23,85.07
2022-08-22,24,83.96
2022-08-23,1,91.8
2022-08-23,2,95.28
2022-08-23,3,54.38
2022-08-23,4,74.49
2022-08-23,5,51.98
2022-08-23,6,86.4
2022-08-23,7,89.32
2022-08-23,8,90.4
2022-08-23,9,90.73
2022-08-23,10,122.69
2022-08-23,11,144.31
2022-08-23,12,185.61
2022-08-23,13,137.41
2022-08-23,14,106.8
2022-08-23,15,142.82
2022-08-23,16,147.85
2022-08-23,17,159.41
2022-08-23,18,144.51
2022-08-23,19,127.41
2022-08-23,20,110.41
2022-08-23,21,99.75
2022-08-23,22,92.2
2022-08-23,23,89.84
2022-08-23,24,98.3
2022-08-24,1,86.78
2022-08-24,2,31.13
2022-08-24,3,32.6
2022-08-24,4,14.4
2022-08-24,5,14.35
2022-08-24,6,80.65
2022-08-24,7,90.7
2022-08-24,8,91.72
2022-08-24,9,91.97
2022-08-24,10,94.73
2022-08-24,11,136.25
2022-08-24,12,153.01
2022-08-24,13,149.08
2022-08-24,14,136.56
2022-08-24,15,157.3
2022-08-24,16,146.23
2022-08-24,17,154.68
2022-08-24,18,114.65
2022-08-24,19,106.31
2022-08-24,20,113.9
2022-08-24,21,109.3
2022-08-24,22,105.83
2022-08-24,23,91.71
2022-08-24,24,89.93
2022-08-25,1,93.47
2022-08-25,2,75.54
2022-08-25,3,51.07
2022-08-25,4,36.07
2022-08-25,5,32.05
2022-08-25,6,85.09
2022-08-25,7,80.06
2022-08-25,8,85.81
2022-08-25,9,87.74
2022-08-25,10,88.46
2022-08-25,11,90.81
2022-08-25,12,95.24
2022-08-25,13,97.77
2022-08-25,14,123.8
2022-08-25,15,148.88
2022-08-25,16,160.84
2022-08-25,17,108.76
2022-08-25,18,90.93
2022-08-25,19,100.18
2022-08-25,20,110.03
2022-08-25,21,96.37
2022-08-25,22,88.47
2022-08-25,23,86.74
2022-08-25,24,86.8
2022-08-26,1,85.23
2022-08-26,2,92.74
2022-08-26,3,70.91
2022-08-26,4,78.75
2022-08-26,5,85.77
2022-08-26,6,87.33
2022-08-26,7,88.26
2022-08-26,8,88.51
2022-08-26,9,89.01
2022-08-26,10,89.5
2022-08-26,11,88.89
2022-08-26,12,89.65
2022-08-26,13,90.95
2022-08-26,14,88.48
2022-08-26,15,88.96
2022-08-26,16,87.2
2022-08-26,17,86.38
2022-08-26,18,84.61
2022-08-26,19,86.21
2022-08-26,20,84.93
2022-08-26,21,90.02
2022-08-26,22,87.94
2022-08-26,23,80.66
2022-08-26,24,52.31
2022-08-27,1,73.98
2022-08-27,2,77.13
2022-08-27,3,67.28
2022-08-27,4,59.0
2022-08-27,5,32.16
2022-08-27,6,40.94
2022-08-27,7,17.73
2022-08-27,8,52.91
2022-08-27,9,41.68
2022-08-27,10,83.39
2022-08-27,11,76.59
2022-08-27,12,83.25
2022-08-27,13,83.14
2022-08-27,14,77.5
2022-08-27,15,86.48
2022-08-27,16,87.39
2022-08-27,17,89.07
2022-08-27,18,89.38
2022-08-27,19,88.97
2022-08-27,20,87.96
2022-08-27,21,87.19
2022-08-27,22,79.44
2022-08-27,23,21.07
2022-08-27,24,9.71
2022-08-28,1,8.94
2022-08-28,2,13.32
2022-08-28,3,13.31
2022-08-28,4,13.44
2022-08-28,5,14.23
2022-08-28,6,56.05
2022-08-28,7,13.54
2022-08-28,8,21.69
2022-08-28,9,22.93
2022-08-28,10,76.29
2022-08-28,11,83.55
2022-08-28,12,88.61
2022-08-28,13,88.3
2022-08-28,14,89.11
2022-08-28,15,89.83
2022-08-28,16,94.04
2022-08-28,17,127.2
2022-08-28,18,128.06
2022-08-28,19,125.03
2022-08-28,20,123.74
2022-08-28,21,91.31
2022-08-28,22,88.93
2022-08-28,23,85.66
2022-08-28,24,16.87
2022-08-29,1,8.18
2022-08-29,2,13.31
2022-08-29,3,13.43
2022-08-29,4,25.73
2022-08-29,5,9.75
2022-08-29,6,14.83
2022-08-29,7,69.21
2022-08-29,8,83.81
2022-08-29,9,88.75
2022-08-29,10,96.84
2022-08-29,11,89.43
2022-08-29,12,109.99
2022-08-29,13,117.13
2022-08-29,14,114.48
2022-08-29,15,105.91
2022-08-29,16,132.54
2022-08-29,17,188.5
2022-08-29,18,115.75
2022-08-29,19,142.05
2022-08-29,20,571.93
2022-08-29,21,255.19
2022-08-29,22,90.43
2022-08-29,23,87.25
2022-08-29,24,80.73
2022-08-30,1,77.89
2022-08-30,2,53.73
2022-08-30,3,74.25
2022-08-30,4,81.04
2022-08-30,5,82.12
2022-08-30,6,88.14
2022-08-30,7,94.51
2022-08-30,8,152.8
2022-08-30,9,95.43
2022-08-30,10,105.77
2022-08-30,11,106.26
2022-08-30,12,121.5
2022-08-30,13,96.12
2022-08-30,14,89.24
2022-08-30,15,89.31
2022-08-30,16,96.14
2022-08-30,17,89.59
2022-08-30,18,86.74
2022-08-30,19,88.79
2022-08-30,20,84.64
2022-08-30,21,86.57
2022-08-30,22,85.39
2022-08-30,23,59.9
2022-08-30,24,88.25
2022-08-31,1,96.07
2022-08-31,2,30.36
2022-08-31,3,13.41
2022-08-31,4,13.33
2022-08-31,5,0.83
2022-08-31,6,2.8
2022-08-31,7,1.44
2022-08-31,8,12.12
2022-08-31,9,73.49
2022-08-31,10,57.27
2022-08-31,11,79.26
2022-08-31,12,80.0
2022-08-31,13,79.74
2022-08-31,14,80.96
2022-08-31,15,75.12
2022-08-31,16,76.51
2022-08-31,17,75.74
2022-08-31,18,85.77
2022-08-31,19,87.08
2022-08-31,20,111.01
2022-08-31,21,81.78
2022-08-31,22,70.0
2022-08-31,23,14.84
2022-08-31,24,8.49
2022-09-01,1,6.5
2022-09-01,2,31.91
2022-09-01,3,149.71
2022-09-01,4,165.08
2022-09-01,5,71.44
2022-09-01,6,33.25
2022-09-01,7,78.82
2022-09-01,8,80.69
2022-09-01,9,79.69
2022-09-01,10,80.55
2022-09-01,11,73.17
2022-09-01,12,83.03
2022-09-01,13,79.02
2022-09-01,14,81.3
2022-09-01,15,81.96
2022-09-01,16,84.68
2022-09-01,17,89.49
2022-09-01,18,106.96
2022-09-01,19,124.46
2022-09-01,20,94.39
2022-09-01,21,85.27
2022-09-01,22,83.41
2022-09-01,23,65.87
2022-09-01,24,52.11
2022-09-02,1,11.76
2022-09-02,2,11.88
2022-09-02,3,14.36
2022-09-02,4,14.38
2022-09-02,5,10.08
2022-09-02,6,7.01
2022-09-02,7,5.37
2022-09-02,8,35.68
2022-09-02,9,81.77
2022-09-02,10,86.22
2022-09-02,11,81.75
2022-09-02,12,87.03
2022-09-02,13,89.11
2022-09-02,14,89.26
2022-09-02,15,89.42
2022-09-02,16,101.68
2022-09-02,17,103.41
2022-09-02,18,97.62
2022-09-02,19,95.85
2022-09-02,20,89.04
2022-09-02,21,87.27
2022-09-02,22,85.76
2022-09-02,23,55.14
2022-09-02,24,50.01
2022-09-03,1,172.69
2022-09-03,2,19.76
2022-09-03,3,34.43
2022-09-03,4,14.37
2022-09-03,5,50.54
2022-09-03,6,70.92
2022-09-03,7,37.42
2022-09-03,8,45.08
2022-09-03,9,78.96
2022-09-03,10,83.23
2022-09-03,11,87.36
2022-09-03,12,93.23
2022-09-03,13,100.64
2022-09-03,14,110.14
2022-09-03,15,109.1
2022-09-03,16,137.17
2022-09-03,17,132.22
2022-09-03,18,98.47
2022-09-03,19,117.75
2022-09-03,20,90.36
2022-09-03,21,89.58
2022-09-03,22,84.41
2022-09-03,23,82.73
2022-09-03,24,82.71
2022-09-04,1,97.68
2022-09-04,2,104.97
2022-09-04,3,51.55
2022-09-04,4,96.65
2022-09-04,5,29.36
2022-09-04,6,56.55
2022-09-04,7,30.49
2022-09-04,8,74.9
2022-09-04,9,81.2
2022-09-04,10,81.02
2022-09-04,11,81.21
2022-09-04,12,83.27
2022-09-04,13,81.35
2022-09-04,14,81.03
2022-09-04,15,81.02
2022-09-04,16,82.73
2022-09-04,17,81.32
2022-09-04,18,80.96
2022-09-04,19,83.57
2022-09-04,20,83.48
2022-09-04,21,82.95
2022-09-04,22,82.46
2022-09-04,23,72.56
2022-09-04,24,78.25
2022-09-05,1,104.94
2022-09-05,2,92.65
2022-09-05,3,83.45
2022-09-05,4,106.08
2022-09-05,5,96.64
2022-09-05,6,84.89
2022-09-05,7,50.02
2022-09-05,8,36.75
2022-09-05,9,76.29
2022-09-05,10,81.54
2022-09-05,11,80.62
2022-09-05,12,68.77
2022-09-05,13,81.4
2022-09-05,14,81.47
2022-09-05,15,83.89
2022-09-05,16,76.94
2022-09-05,17,84.55
2022-09-05,18,85.28
2022-09-05,19,87.28
2022-09-05,20,85.47
2022-09-05,21,82.35
2022-09-05,22,80.42
2022-09-05,23,105.52
2022-09-05,24,95.48
2022-09-06,1,26.79
2022-09-06,2,64.62
2022-09-06,3,13.47
2022-09-06,4,29.75
2022-09-06,5,18.59
2022-09-06,6,63.43
2022-09-06,7,68.82
2022-09-06,8,82.86
2022-09-06,9,81.93
2022-09-06,10,112.61
2022-09-06,11,83.81
2022-09-06,12,83.92
2022-09-06,13,84.15
2022-09-06,14,84.25
2022-09-06,15,119.59
2022-09-06,16,88.98
2022-09-06,17,91.52
2022-09-06,18,106.31
2022-09-06,19,116.28
2022-09-06,20,116.51
2022-09-06,21,100.27
2022-09-06,22,83.91
2022-09-06,23,85.05
2022-09-06,24,98.2
2022-09-07,1,89.85
2022-09-07,2,66.48
2022-09-07,3,82.54
2022-09-07,4,45.43
2022-09-07,5,55.77
2022-09-07,6,81.25
2022-09-07,7,94.3
2022-09-07,8,80.0
2022-09-07,9,80.5
2022-09-07,10,108.12
2022-09-07,11,99.66
2022-09-07,12,140.66
2022-09-07,13,93.32
2022-09-07,14,82.25
2022-09-07,15,87.17
2022-09-07,16,81.31
2022-09-07,17,105.92
2022-09-07,18,352.92
2022-09-07,19,78.7
2022-09-07,20,98.59
2022-09-07,21,109.88
2022-09-07,22,85.23
2022-09-07,23,82.59
2022-09-07,24,82.21
2022-09-08,1,56.1
2022-09-08,2,62.25
2022-09-08,3,75.28
2022-09-08,4,76.21
2022-09-08,5,48.58
2022-09-08,6,77.74
2022-09-08,7,79.25
2022-09-08,8,79.54
2022-09-08,9,93.67
2022-09-08,10,128.69
2022-09-08,11,171.45
2022-09-08,12,129.87
2022-09-08,13,125.96
2022-09-08,14,126.95
2022-09-08,15,158.0
2022-09-08,16,180.67
2022-09-08,17,111.89
2022-09-08,18,99.64
2022-09-08,19,94.23
2022-09-08,20,88.53
2022-09-08,21,89.55
2022-09-08,22,87.16
2022-09-08,23,77.29
2022-09-08,24,76.71
2022-09-09,1,42.02
2022-09-09,2,63.99
2022-09-09,3,27.07
2022-09-09,4,69.18
2022-09-09,5,49.73
2022-09-09,6,72.64
2022-09-09,7,71.28
2022-09-09,8,77.0
2022-09-09,9,104.35
2022-09-09,10,87.5
2022-09-09,11,86.54
2022-09-09,12,88.93
2022-09-09,13,87.9
2022-09-09,14,95.47
2022-09-09,15,98.97
2022-09-09,16,124.15
2022-09-09,17,124.15
2022-09-09,18,94.04
2022-09-09,19,100.07
2022-09-09,20,93.96
2022-09-09,21,83.49
2022-09-09,22,75.98
2022-09-09,23,74.91
2022-09-09,24,66.27
2022-09-10,1,49.0
2022-09-10,2,26.08
2022-09-10,3,65.41
2022-09-10,4,63.97
2022-09-10,5,100.55
2022-09-10,6,68.42
2022-09-10,7,62.51
2022-09-10,8,71.21
2022-09-10,9,71.52
2022-09-10,10,76.07
2022-09-10,11,84.88
2022-09-10,12,99.62
2022-09-10,13,87.51
2022-09-10,14,91.72
2022-09-10,15,84.15
2022-09-10,16,84.48
2022-09-10,17,76.86
2022-09-10,18,79.17
2022-09-10,19,78.71
2022-09-10,20,87.08
2022-09-10,21,70.5
2022-09-10,22,67.71
2022-09-10,23,68.13
2022-09-10,24,60.94
2022-09-11,1,90.56
2022-09-11,2,86.89
2022-09-11,3,97.28
2022-09-11,4,46.16
2022-09-11,5,47.31
2022-09-11,6,31.36
2022-09-11,7,13.77
2022-09-11,8,52.19
2022-09-11,9,58.22
2022-09-11,10,59.38
2022-09-11,11,62.19
2022-09-11,12,67.69
2022-09-11,13,73.8
2022-09-11,14,76.13
2022-09-11,15,61.37
2022-09-11,16,63.77
2022-09-11,17,76.22
2022-09-11,18,74.9
2022-09-11,19,60.0
2022-09-11,20,72.09
2022-09-11,21,74.2
2022-09-11,22,61.93
2022-09-11,23,64.88
2022-09-11,24,63.65
2022-09-12,1,54.44
2022-09-12,2,70.33
2022-09-12,3,41.94
2022-09-12,4,71.15
2022-09-12,5,66.84
2022-09-12,6,72.65
2022-09-12,7,75.19
2022-09-12,8,76.08
2022-09-12,9,76.54
2022-09-12,10,77.85
2022-09-12,11,76.54
2022-09-12,12,79.32
2022-09-12,13,76.23
2022-09-12,14,76.53
2022-09-12,15,76.5
2022-09-12,16,94.93
2022-09-12,17,106.38
2022-09-12,18,91.46
2022-09-12,19,99.05
2022-09-12,20,86.78
2022-09-12,21,85.62
2022-09-12,22,75.57
2022-09-12,23,76.02
2022-09-12,24,74.05
2022-09-13,1,74.76
2022-09-13,2,76.81
2022-09-13,3,72.0
2022-09-13,4,70.45
2022-09-13,5,71.72
2022-09-13,6,73.1
2022-09-13,7,83.62
2022-09-13,8,91.27
2022-09-13,9,104.61
2022-09-13,10,111.28
2022-09-13,11,80.38
2022-09-13,12,82.8
2022-09-13,13,73.95
2022-09-13,14,70.62
2022-09-13,15,69.74
2022-09-13,16,78.79
2022-09-13,17,83.02
2022-09-13,18,73.3
2022-09-13,19,74.13
2022-09-13,20,72.52
2022-09-13,21,66.75
2022-09-13,22,66.95
2022-09-13,23,68.59
2022-09-13,24,38.0
2022-09-14,1,12.61
2022-09-14,2,14.38
2022-09-14,3,14.37
2022-09-14,4,14.37
2022-09-14,5,6.8
2022-09-14,6,51.44
2022-09-14,7,72.04
2022-09-14,8,78.68
2022-09-14,9,76.8
2022-09-14,10,77.7
2022-09-14,11,77.49
2022-09-14,12,79.08
2022-09-14,13,79.62
2022-09-14,14,77.53
2022-09-14,15,79.18
2022-09-14,16,77.06
2022-09-14,17,79.66
2022-09-14,18,79.73
2022-09-14,19,79.96
2022-09-14,20,79.52
2022-09-14,21,78.38
2022-09-14,22,75.97
2022-09-14,23,71.22
2022-09-14,24,21.8
2022-09-15,1,7.94
2022-09-15,2,13.76
2022-09-15,3,14.38
2022-09-15,4,41.07
2022-09-15,5,17.17
2022-09-15,6,57.17
2022-09-15,7,79.37
2022-09-15,8,64.04
2022-09-15,9,79.16
2022-09-15,10,63.76
2022-09-15,11,77.38
2022-09-15,12,77.41
2022-09-15,13,67.86
2022-09-15,14,61.01
2022-09-15,15,73.84
2022-09-15,16,78.64
2022-09-15,17,78.99
2022-09-15,18,82.03
2022-09-15,19,83.3
2022-09-15,20,83.26
2022-09-15,21,79.66
2022-09-15,22,73.49
2022-09-15,23,34.93
2022-09-15,24,20.46
2022-09-16,1,20.13
2022-09-16,2,31.98
2022-09-16,3,14.37
2022-09-16,4,14.39
2022-09-16,5,23.35
2022-09-16,6,38.24
2022-09-16,7,75.91
2022-09-16,8,76.05
2022-09-16,9,76.37
2022-09-16,10,78.39
2022-09-16,11,77.94
2022-09-16,12,77.0
2022-09-16,13,79.27
2022-09-16,14,79.56
2022-09-16,15,79.57
2022-09-16,16,78.54
2022-09-16,17,79.39
2022-09-16,18,79.57
2022-09-16,19,79.57
2022-09-16,20,80.4
2022-09-16,21,90.95
2022-09-16,22,79.02
2022-09-16,23,69.92
2022-09-16,24,61.29
2022-09-17,1,14.36
2022-09-17,2,25.18
2022-09-17,3,37.01
2022-09-17,4,47.24
2022-09-17,5,14.36
2022-09-17,6,13.06
2022-09-17,7,33.32
2022-09-17,8,11.88
2022-09-17,9,51.19
2022-09-17,10,70.9
2022-09-17,11,70.17
2022-09-17,12,13.54
2022-09-17,13,11.09
2022-09-17,14,64.2
2022-09-17,15,57.79
2022-09-17,16,68.85
2022-09-17,17,73.15
2022-09-17,18,72.94
2022-09-17,19,70.37
2022-09-17,20,60.69
2022-09-17,21,69.35
2022-09-17,22,44.02
2022-09-17,23,25.86
2022-09-17,24,4.25
2022-09-18,1,8.71
2022-09-18,2,13.08
2022-09-18,3,14.36
2022-09-18,4,14.36
2022-09-18,5,26.32
2022-09-18,6,11.66
2022-09-18,7,7.21
2022-09-18,8,30.41
2022-09-18,9,56.01
2022-09-18,10,66.42
2022-09-18,11,56.92
2022-09-18,12,70.17
2022-09-18,13,71.07
2022-09-18,14,52.64
2022-09-18,15,52.52
2022-09-18,16,69.32
2022-09-18,17,69.19
2022-09-18,18,70.44
2022-09-18,19,71.0
2022-09-18,20,71.46
2022-09-18,21,70.82
2022-09-18,22,62.38
2022-09-18,23,20.38
2022-09-18,24,15.98
2022-09-19,1,5.03
2022-09-19,2,8.52
2022-09-19,3,13.71
2022-09-19,4,46.28
2022-09-19,5,48.72
2022-09-19,6,69.96
2022-09-19,7,72.74
2022-09-19,8,73.41
2022-09-19,9,73.72
2022-09-19,10,73.53
2022-09-19,11,73.49
2022-09-19,12,73.49
2022-09-19,13,71.87
2022-09-19,14,53.51
2022-09-19,15,61.91
2022-09-19,16,59.19
2022-09-19,17,68.86
2022-09-19,18,55.14
2022-09-19,19,73.41
2022-09-19,20,71.57
2022-09-19,21,54.91
2022-09-19,22,54.13
2022-09-19,23,27.95
2022-09-19,24,3.96
2022-09-20,1,10.94
2022-09-20,2,24.68
2022-09-20,3,12.53
2022-09-20,4,14.37
2022-09-20,5,21.3
2022-09-20,6,64.33
2022-09-20,7,66.07
2022-09-20,8,70.27
2022-09-20,9,71.16
2022-09-20,10,70.45
2022-09-20,11,73.2
2022-09-20,12,73.11
2022-09-20,13,72.82
2022-09-20,14,75.65
2022-09-20,15,72.21
2022-09-20,16,68.63
2022-09-20,17,75.06
2022-09-20,18,79.06
2022-09-20,19,76.02
2022-09-20,20,67.73
2022-09-20,21,61.41
2022-09-20,22,61.02
2022-09-20,23,34.96
2022-09-20,24,10.15
2022-09-21,1,9.6
2022-09-21,2,11.31
2022-09-21,3,25.61
2022-09-21,4,11.59
2022-09-21,5,3.92
2022-09-21,6,4.75
2022-09-21,7,4.71
2022-09-21,8,4.33
2022-09-21,9,13.78
2022-09-21,10,81.07
2022-09-21,11,76.33
2022-09-21,12,73.76
2022-09-21,13,70.45
2022-09-21,14,31.04
2022-09-21,15,70.63
2022-09-21,16,71.62
2022-09-21,17,71.32
2022-09-21,18,69.37
2022-09-21,19,75.17
2022-09-21,20,59.36
2022-09-21,21,24.98
2022-09-21,22,15.98
2022-09-21,23,1.94
2022-09-21,24,0.0
2022-09-22,1,3.35
2022-09-22,2,2.01
2022-09-22,3,1.83
2022-09-22,4,0.8
2022-09-22,5,0.43
2022-09-22,6,5.33
2022-09-22,7,6.68
2022-09-22,8,5.57
2022-09-22,9,4.09
2022-09-22,10,2.11
2022-09-22,11,4.08
2022-09-22,12,5.69
2022-09-22,13,4.56
2022-09-22,14,0.0
2022-09-22,15,0.42
2022-09-22,16,0.9
2022-09-22,17,3.75
2022-09-22,18,0.48
2022-09-22,19,13.8
2022-09-22,20,13.2
2022-09-22,21,60.34
2022-09-22,22,55.01
2022-09-22,23,5.22
2022-09-22,24,5.74
2022-09-23,1,5.63
2022-09-23,2,5.85
2022-09-23,3,5.72
2022-09-23,4,5.89
2022-09-23,5,8.13
2022-09-23,6,60.38
2022-09-23,7,66.29
2022-09-23,8,64.95
2022-09-23,9,66.08
2022-09-23,10,63.01
2022-09-23,11,63.01
2022-09-23,12,60.51
2022-09-23,13,41.01
2022-09-23,14,13.46
2022-09-23,15,9.44
2022-09-23,16,14.38
2022-09-23,17,22.23
2022-09-23,18,22.36
2022-09-23,19,56.02
2022-09-23,20,57.55
2022-09-23,21,44.93
2022-09-23,22,41.92
2022-09-23,23,25.23
2022-09-23,24,13.35
2022-09-24,1,68.65
2022-09-24,2,43.9
2022-09-24,3,14.37
2022-09-24,4,14.33
2022-09-24,5,14.35
2022-09-24,6,18.78
2022-09-24,7,15.38
2022-09-24,8,22.22
2022-09-24,9,51.79
2022-09-24,10,48.14
2022-09-24,11,47.55
2022-09-24,12,36.05
2022-09-24,13,42.29
2022-09-24,14,41.16
2022-09-24,15,40.66
2022-09-24,16,47.97
2022-09-24,17,48.14
2022-09-24,18,49.51
2022-09-24,19,49.1
2022-09-24,20,32.0
2022-09-24,21,48.25
2022-09-24,22,22.32
2022-09-24,23,22.61
2022-09-24,24,10.4
2022-09-25,1,5.9
2022-09-25,2,11.82
2022-09-25,3,13.3
2022-09-25,4,6.84
2022-09-25,5,12.39
2022-09-25,6,13.77
2022-09-25,7,23.66
2022-09-25,8,34.93
2022-09-25,9,54.15
2022-09-25,10,50.02
2022-09-25,11,48.7
2022-09-25,12,47.08
2022-09-25,13,40.82
2022-09-25,14,35.71
2022-09-25,15,21.51
2022-09-25,16,34.18
2022-09-25,17,40.4
2022-09-25,18,42.61
2022-09-25,19,37.6
2022-09-25,20,27.48
2022-09-25,21,27.38
2022-09-25,22,13.33
2022-09-25,23,8.41
2022-09-25,24,7.03
2022-09-26,1,5.68
2022-09-26,2,2.78
2022-09-26,3,0.0
2022-09-26,4,0.0
2022-09-26,5,2.29
2022-09-26,6,2.96
2022-09-26,7,29.84
2022-09-26,8,37.21
2022-09-26,9,29.01
2022-09-26,10,9.87
2022-09-26,11,5.84
2022-09-26,12,12.26
2022-09-26,13,18.28
2022-09-26,14,44.87
2022-09-26,15,14.35
2022-09-26,16,0.0
2022-09-26,17,4.21
2022-09-26,18,5.73
2022-09-26,19,22.16
2022-09-26,20,17.07
2022-09-26,21,36.03
2022-09-26,22,18.52
2022-09-26,23,1.41
2022-09-26,24,0.41
2022-09-27,1,5.76
2022-09-27,2,5.81
2022-09-27,3,5.47
2022-09-27,4,6.28
2022-09-27,5,10.15
2022-09-27,6,24.75
2022-09-27,7,54.66
2022-09-27,8,55.98
2022-09-27,9,55.82
2022-09-27,10,53.68
2022-09-27,11,52.86
2022-09-27,12,45.63
2022-09-27,13,39.61
2022-09-27,14,13.37
2022-09-27,15,50.81
2022-09-27,16,51.4
2022-09-27,17,51.67
2022-09-27,18,47.98
2022-09-27,19,51.11
2022-09-27,20,52.37
2022-09-27,21,51.11
2022-09-27,22,47.95
2022-09-27,23,54.98
2022-09-27,24,55.85
2022-09-28,1,37.1
2022-09-28,2,60.96
2022-09-28,3,14.39
2022-09-28,4,14.36
2022-09-28,5,8.79
2022-09-28,6,52.88
2022-09-28,7,59.17
2022-09-28,8,55.93
2022-09-28,9,56.61
2022-09-28,10,54.13
2022-09-28,11,50.08
2022-09-28,12,50.71
2022-09-28,13,47.03
2022-09-28,14,41.74
2022-09-28,15,36.0
2022-09-28,16,40.62
2022-09-28,17,53.99
2022-09-28,18,55.62
2022-09-28,19,56.55
2022-09-28,20,57.49
2022-09-28,21,56.72
2022-09-28,22,56.53
2022-09-28,23,53.48
2022-09-28,24,62.61
2022-09-29,1,75.26
2022-09-29,2,45.45
2022-09-29,3,37.89
2022-09-29,4,29.41
2022-09-29,5,11.68
2022-09-29,6,54.34
2022-09-29,7,54.89
2022-09-29,8,57.38
2022-09-29,9,53.75
2022-09-29,10,53.36
2022-09-29,11,52.94
2022-09-29,12,53.54
2022-09-29,13,53.42
2022-09-29,14,52.7
2022-09-29,15,53.27
2022-09-29,16,51.92
2022-09-29,17,51.57
2022-09-29,18,49.52
2022-09-29,19,52.58
2022-09-29,20,53.65
2022-09-29,21,57.47
2022-09-29,22,54.0
2022-09-29,23,51.88
2022-09-29,24,50.84
2022-09-30,1,14.36
2022-09-30,2,25.36
2022-09-30,3,62.39
2022-09-30,4,53.43
2022-09-30,5,39.22
2022-09-30,6,53.18
2022-09-30,7,52.56
2022-09-30,8,52.52
2022-09-30,9,52.51
2022-09-30,10,52.27
2022-09-30,11,52.24
2022-09-30,12,51.2
2022-09-30,13,41.49
2022-09-30,14,49.21
2022-09-30,15,52.52
2022-09-30,16,53.92
2022-09-30,17,70.91
2022-09-30,18,50.71
2022-09-30,19,48.34
2022-09-30,20,54.2
2022-09-30,21,51.62
2022-09-30,22,51.19
2022-09-30,23,52.43
2022-09-30,24,36.67
2022-10-01,1,56.47
2022-10-01,2,37.16
2022-10-01,3,30.09
2022-10-01,4,16.85
2022-10-01,5,31.14
2022-10-01,6,30.31
2022-10-01,7,43.28
2022-10-01,8,49.49
2022-10-01,9,149.83
2022-10-01,10,265.73
2022-10-01,11,28.99
2022-10-01,12,17.24
2022-10-01,13,5.39
2022-10-01,14,12.42
2022-10-01,15,0.0
2022-10-01,16,3.45
2022-10-01,17,15.77
2022-10-01,18,41.02
2022-10-01,19,47.7
2022-10-01,20,27.91
2022-10-01,21,6.92
2022-10-01,22,5.19
2022-10-01,23,1.85
2022-10-01,24,0.0
2022-10-02,1,0.0
2022-10-02,2,0.0
2022-10-02,3,0.0
2022-10-02,4,0.0
2022-10-02,5,0.0
2022-10-02,6,0.81
2022-10-02,7,0.4
2022-10-02,8,2.86
2022-10-02,9,0.0
2022-10-02,10,0.0
2022-10-02,11,0.0
2022-10-02,12,4.45
2022-10-02,13,6.09
2022-10-02,14,1.22
2022-10-02,15,2.19
2022-10-02,16,7.05
2022-10-02,17,41.58
2022-10-02,18,48.01
2022-10-02,19,49.53
2022-10-02,20,46.57
2022-10-02,21,49.59
2022-10-02,22,43.85
2022-10-02,23,24.38
2022-10-02,24,13.1
2022-10-03,1,14.36
2022-10-03,2,14.37
2022-10-03,3,19.72
2022-10-03,4,14.38
2022-10-03,5,34.45
2022-10-03,6,51.84
2022-10-03,7,56.31
2022-10-03,8,51.91
2022-10-03,9,50.15
2022-10-03,10,51.12
2022-10-03,11,49.76
2022-10-03,12,49.79
2022-10-03,13,49.63
2022-10-03,14,48.94
2022-10-03,15,49.9
2022-10-03,16,50.59
2022-10-03,17,66.99
2022-10-03,18,50.47
2022-10-03,19,48.4
2022-10-03,20,61.97
2022-10-03,21,57.46
2022-10-03,22,58.0
2022-10-03,23,48.9
2022-10-03,24,46.51
2022-10-04,1,50.47
2022-10-04,2,49.26
2022-10-04,3,50.02
2022-10-04,4,50.58
2022-10-04,5,52.82
2022-10-04,6,60.27
2022-10-04,7,64.8
2022-10-04,8,70.22
2022-10-04,9,62.27
2022-10-04,10,55.04
2022-10-04,11,68.37
2022-10-04,12,67.33
2022-10-04,13,53.44
2022-10-04,14,55.8
2022-10-04,15,53.55
2022-10-04,16,50.57
2022-10-04,17,63.92
2022-10-04,18,51.9
2022-10-04,19,59.68
2022-10-04,20,57.85
2022-10-04,21,61.49
2022-10-04,22,57.98
2022-10-04,23,55.03
2022-10-04,24,53.06
2022-10-05,1,45.79
2022-10-05,2,53.75
2022-10-05,3,55.85
2022-10-05,4,49.16
2022-10-05,5,53.96
2022-10-05,6,56.92
2022-10-05,7,85.84
2022-10-05,8,57.31
2022-10-05,9,61.75
2022-10-05,10,57.83
2022-10-05,11,58.47
2022-10-05,12,53.68
2022-10-05,13,51.77
2022-10-05,14,53.88
2022-10-05,15,54.6
2022-10-05,16,78.74
2022-10-05,17,81.38
2022-10-05,18,77.54
2022-10-05,19,54.57
2022-10-05,20,48.29
2022-10-05,21,48.38
2022-10-05,22,45.58
2022-10-05,23,36.78
2022-10-05,24,66.39
2022-10-06,1,50.83
2022-10-06,2,60.67
2022-10-06,3,56.59
2022-10-06,4,57.36
2022-10-06,5,53.78
2022-10-06,6,62.84
2022-10-06,7,96.71
2022-10-06,8,80.8
2022-10-06,9,74.17
2022-10-06,10,79.87
2022-10-06,11,86.26
2022-10-06,12,78.78
2022-10-06,13,71.3
2022-10-06,14,66.86
2022-10-06,15,66.21
2022-10-06,16,64.74
2022-10-06,17,54.48
2022-10-06,18,62.26
2022-10-06,19,84.3
2022-10-06,20,62.91
2022-10-06,21,64.39
2022-10-06,22,42.77
2022-10-06,23,47.17
2022-10-06,24,61.37
2022-10-07,1,18.67
2022-10-07,2,13.35
2022-10-07,3,32.77
2022-10-07,4,60.26
2022-10-07,5,13.44
2022-10-07,6,20.05
2022-10-07,7,68.29
2022-10-07,8,69.06
2022-10-07,9,69.18
2022-10-07,10,68.92
2022-10-07,11,68.2
2022-10-07,12,67.96
2022-10-07,13,66.02
2022-10-07,14,56.84
2022-10-07,15,56.68
2022-10-07,16,56.37
2022-10-07,17,63.8
2022-10-07,18,64.28
2022-10-07,19,66.07
2022-10-07,20,67.34
2022-10-07,21,60.62
2022-10-07,22,71.9
2022-10-07,23,70.6
2022-10-07,24,64.82
2022-10-08,1,56.61
2022-10-08,2,47.91
2022-10-08,3,53.52
2022-10-08,4,51.73
2022-10-08,5,55.1
2022-10-08,6,60.06
2022-10-08,7,60.45
2022-10-08,8,62.73
2022-10-08,9,106.34
2022-10-08,10,61.29
2022-10-08,11,60.81
2022-10-08,12,58.63
2022-10-08,13,43.45
2022-10-08,14,44.4
2022-10-08,15,41.67
2022-10-08,16,38.21
2022-10-08,17,55.43
2022-10-08,18,50.38
2022-10-08,19,60.5
2022-10-08,20,58.72
2022-10-08,21,53.55
2022-10-08,22,33.63
2022-10-08,23,39.06
2022-10-08,24,70.41
2022-10-09,1,15.74
2022-10-09,2,13.33
2022-10-09,3,13.34
2022-10-09,4,19.31
2022-10-09,5,48.51
2022-10-09,6,55.34
2022-10-09,7,53.47
2022-10-09,8,61.97
2022-10-09,9,64.71
2022-10-09,10,62.38
2022-10-09,11,60.52
2022-10-09,12,54.53
2022-10-09,13,53.96
2022-10-09,14,14.39
2022-10-09,15,45.37
2022-10-09,16,44.77
2022-10-09,17,60.43
2022-10-09,18,51.31
2022-10-09,19,60.33
2022-10-09,20,53.35
2022-10-09,21,67.05
2022-10-09,22,59.65
2022-10-09,23,59.95
2022-10-09,24,58.38
2022-10-10,1,56.87
2022-10-10,2,56.73
2022-10-10,3,58.13
2022-10-10,4,59.61
2022-10-10,5,59.94
2022-10-10,6,59.74
2022-10-10,7,59.38
2022-10-10,8,60.16
2022-10-10,9,59.74
2022-10-10,10,53.54
2022-10-10,11,46.06
2022-10-10,12,45.65
2022-10-10,13,44.89
2022-10-10,14,41.57
2022-10-10,15,38.86
2022-10-10,16,44.18
2022-10-10,17,54.94
2022-10-10,18,59.47
2022-10-10,19,63.6
2022-10-10,20,53.82
2022-10-10,21,52.81
2022-10-10,22,50.82
2022-10-10,23,34.28
2022-10-10,24,8.1
2022-10-11,1,14.07
2022-10-11,2,14.35
2022-10-11,3,14.36
2022-10-11,4,11.64
2022-10-11,5,7.09
2022-10-11,6,41.7
2022-10-11,7,61.15
2022-10-11,8,56.92
2022-10-11,9,59.37
2022-10-11,10,57.73
2022-10-11,11,47.67
2022-10-11,12,48.25
2022-10-11,13,44.28
2022-10-11,14,42.7
2022-10-11,15,52.31
2022-10-11,16,38.45
2022-10-11,17,39.76
2022-10-11,18,57.06
2022-10-11,19,53.91
2022-10-11,20,31.75
2022-10-11,21,19.76
2022-10-11,22,12.22
2022-10-11,23,16.59
2022-10-11,24,14.38
2022-10-12,1,53.8
2022-10-12,2,31.68
2022-10-12,3,17.68
2022-10-12,4,21.1
2022-10-12,5,14.34
2022-10-12,6,8.11
2022-10-12,7,42.66
2022-10-12,8,54.41
2022-10-12,9,54.93
2022-10-12,10,55.21
2022-10-12,11,57.12
2022-10-12,12,57.51
2022-10-12,13,27.46
2022-10-12,14,16.92
2022-10-12,15,7.72
2022-10-12,16,13.69
2022-10-12,17,14.37
2022-10-12,18,42.35
2022-10-12,19,32.78
2022-10-12,20,35.27
2022-10-12,21,9.82
2022-10-12,22,56.58
2022-10-12,23,42.98
2022-10-12,24,76.68
2022-10-13,1,37.01
2022-10-13,2,59.97
2022-10-13,3,59.75
2022-10-13,4,57.64
2022-10-13,5,44.42
2022-10-13,6,54.77
2022-10-13,7,69.25
2022-10-13,8,91.91
2022-10-13,9,62.88
2022-10-13,10,63.5
2022-10-13,11,60.74
2022-10-13,12,58.43
2022-10-13,13,46.65
2022-10-13,14,43.7
2022-10-13,15,45.23
2022-10-13,16,29.05
2022-10-13,17,42.41
2022-10-13,18,51.55
2022-10-13,19,61.55
2022-10-13,20,64.7
2022-10-13,21,61.13
2022-10-13,22,63.89
2022-10-13,23,44.85
2022-10-13,24,12.26
2022-10-14,1,45.7
2022-10-14,2,44.21
2022-10-14,3,47.94
2022-10-14,4,54.43
2022-10-14,5,50.75
2022-10-14,6,44.28
2022-10-14,7,46.44
2022-10-14,8,42.04
2022-10-14,9,58.52
2022-10-14,10,58.01
2022-10-14,11,49.59
2022-10-14,12,42.04
2022-10-14,13,11.91
2022-10-14,14,6.05
2022-10-14,15,7.35
2022-10-14,16,11.56
2022-10-14,17,32.83
2022-10-14,18,39.01
2022-10-14,19,49.67
2022-10-14,20,42.64
2022-10-14,21,25.9
2022-10-14,22,20.86
2022-10-14,23,2.86
2022-10-14,24,0.89
2022-10-15,1,4.1
2022-10-15,2,14.32
2022-10-15,3,14.37
2022-10-15,4,14.34
2022-10-15,5,12.96
2022-10-15,6,36.72
2022-10-15,7,56.55
2022-10-15,8,14.89
2022-10-15,9,5.9
2022-10-15,10,7.81
2022-10-15,11,15.57
2022-10-15,12,14.4
2022-10-15,13,37.27
2022-10-15,14,14.38
2022-10-15,15,14.33
2022-10-15,16,9.25
2022-10-15,17,15.26
2022-10-15,18,25.79
2022-10-15,19,42.37
2022-10-15,20,31.88
2022-10-15,21,22.48
2022-10-15,22,36.09
2022-10-15,23,20.99
2022-10-15,24,14.36
2022-10-16,1,58.99
2022-10-16,2,71.75
2022-10-16,3,82.32
2022-10-16,4,73.92
2022-10-16,5,71.63
2022-10-16,6,48.11
2022-10-16,7,35.42
2022-10-16,8,41.2
2022-10-16,9,119.48
2022-10-16,10,78.49
2022-10-16,11,55.71
2022-10-16,12,55.93
2022-10-16,13,55.93
2022-10-16,14,55.96
2022-10-16,15,58.83
2022-10-16,16,73.23
2022-10-16,17,111.43
2022-10-16,18,72.77
2022-10-16,19,69.43
2022-10-16,20,70.08
2022-10-16,21,69.79
2022-10-16,22,59.85
2022-10-16,23,57.78
2022-10-16,24,56.02
2022-10-17,1,55.01
2022-10-17,2,55.45
2022-10-17,3,55.9
2022-10-17,4,44.4
2022-10-17,5,51.11
2022-10-17,6,60.02
2022-10-17,7,61.15
2022-10-17,8,60.83
2022-10-17,9,60.78
2022-10-17,10,60.38
2022-10-17,11,58.28
2022-10-17,12,61.14
2022-10-17,13,58.07
2022-10-17,14,57.53
2022-10-17,15,57.13
2022-10-17,16,54.11
2022-10-17,17,49.88
2022-10-17,18,48.23
2022-10-17,19,53.26
2022-10-17,20,56.28
2022-10-17,21,57.3
2022-10-17,22,58.69
2022-10-17,23,41.02
2022-10-17,24,24.77
2022-10-18,1,14.35
2022-10-18,2,14.34
2022-10-18,3,55.97
2022-10-18,4,46.2
2022-10-18,5,19.28
2022-10-18,6,45.11
2022-10-18,7,58.49
2022-10-18,8,59.69
2022-10-18,9,60.56
2022-10-18,10,59.07
2022-10-18,11,56.8
2022-10-18,12,56.93
2022-10-18,13,52.11
2022-10-18,14,45.68
2022-10-18,15,52.31
2022-10-18,16,56.63
2022-10-18,17,57.28
2022-10-18,18,58.69
2022-10-18,19,59.81
2022-10-18,20,58.11
2022-10-18,21,57.98
2022-10-18,22,55.62
2022-10-18,23,59.45
2022-10-18,24,39.56
2022-10-19,1,59.35
2022-10-19,2,50.76
2022-10-19,3,53.82
2022-10-19,4,58.69
2022-10-19,5,52.8
2022-10-19,6,60.65
2022-10-19,7,65.53
2022-10-19,8,62.66
2022-10-19,9,62.31
2022-10-19,10,61.6
2022-10-19,11,59.02
2022-10-19,12,58.72
2022-10-19,13,55.74
2022-10-19,14,52.07
2022-10-19,15,50.3
2022-10-19,16,51.57
2022-10-19,17,57.22
2022-10-19,18,143.22
2022-10-19,19,71.69
2022-10-19,20,49.75
2022-10-19,21,44.07
2022-10-19,22,35.09
2022-10-19,23,26.71
2022-10-19,24,66.21
2022-10-20,1,81.55
2022-10-20,2,57.64
2022-10-20,3,52.13
2022-10-20,4,41.17
2022-10-20,5,28.77
2022-10-20,6,44.73
2022-10-20,7,54.9
2022-10-20,8,57.73
2022-10-20,9,71.38
2022-10-20,10,57.37
2022-10-20,11,53.31
2022-10-20,12,60.38
2022-10-20,13,58.37
2022-10-20,14,57.85
2022-10-20,15,55.07
2022-10-20,16,46.6
2022-10-20,17,51.76
2022-10-20,18,57.02
2022-10-20,19,57.87
2022-10-20,20,55.87
2022-10-20,21,52.67
2022-10-20,22,47.7
2022-10-20,23,38.07
2022-10-20,24,11.74
2022-10-21,1,11.52
2022-10-21,2,9.65
2022-10-21,3,5.8
2022-10-21,4,6.7
2022-10-21,5,10.16
2022-10-21,6,43.02
2022-10-21,7,49.77
2022-10-21,8,47.58
2022-10-21,9,46.98
2022-10-21,10,14.09
2022-10-21,11,9.75
2022-10-21,12,14.37
2022-10-21,13,14.38
2022-10-21,14,22.09
2022-10-21,15,13.71
2022-10-21,16,21.16
2022-10-21,17,32.0
2022-10-21,18,18.14
2022-10-21,19,8.09
2022-10-21,20,8.87
2022-10-21,21,10.21
2022-10-21,22,10.0
2022-10-21,23,8.56
2022-10-21,24,1.28
2022-10-22,1,0.4
2022-10-22,2,0.0
2022-10-22,3,0.0
2022-10-22,4,0.0
2022-10-22,5,0.0
2022-10-22,6,1.7
2022-10-22,7,7.92
2022-10-22,8,34.76
2022-10-22,9,29.4
2022-10-22,10,51.24
2022-10-22,11,14.4
2022-10-22,12,14.4
2022-10-22,13,12.8
2022-10-22,14,14.44
2022-10-22,15,25.67
2022-10-22,16,14.69
2022-10-22,17,33.52
2022-10-22,18,24.62
2022-10-22,19,10.24
2022-10-22,20,7.97
2022-10-22,21,10.26
2022-10-22,22,7.19
2022-10-22,23,2.31
2022-10-22,24,0.41
2022-10-23,1,0.0
2022-10-23,2,4.06
2022-10-23,3,0.81
2022-10-23,4,10.36
2022-10-23,5,30.49
2022-10-23,6,41.34
2022-10-23,7,17.05
2022-10-23,8,7.01
2022-10-23,9,35.99
2022-10-23,10,48.29
2022-10-23,11,125.21
2022-10-23,12,67.66
2022-10-23,13,45.55
2022-10-23,14,45.25
2022-10-23,15,39.21
2022-10-23,16,34.24
2022-10-23,17,45.27
2022-10-23,18,45.43
2022-10-23,19,42.86
2022-10-23,20,19.87
2022-10-23,21,13.46
2022-10-23,22,27.04
2022-10-23,23,22.32
2022-10-23,24,8.65
2022-10-24,1,13.04
2022-10-24,2,13.35
2022-10-24,3,14.36
2022-10-24,4,33.26
2022-10-24,5,31.69
2022-10-24,6,41.23
2022-10-24,7,41.51
2022-10-24,8,45.82
2022-10-24,9,45.8
2022-10-24,10,45.68
2022-10-24,11,46.07
2022-10-24,12,45.45
2022-10-24,13,45.63
2022-10-24,14,45.8
2022-10-24,15,72.05
2022-10-24,16,51.66
2022-10-24,17,46.68
2022-10-24,18,41.94
2022-10-24,19,38.72
2022-10-24,20,40.16
2022-10-24,21,46.08
2022-10-24,22,42.21
2022-10-24,23,22.82
2022-10-24,24,16.15
2022-10-25,1,13.35
2022-10-25,2,6.31
2022-10-25,3,5.56
2022-10-25,4,5.23
2022-10-25,5,8.95
2022-10-25,6,25.21
2022-10-25,7,44.53
2022-10-25,8,44.37
2022-10-25,9,45.12
2022-10-25,10,46.52
2022-10-25,11,47.79
2022-10-25,12,47.82
2022-10-25,13,47.4
2022-10-25,14,45.64
2022-10-25,15,47.01
2022-10-25,16,41.83
2022-10-25,17,42.26
2022-10-25,18,42.79
2022-10-25,19,39.47
2022-10-25,20,36.67
2022-10-25,21,27.66
2022-10-25,22,9.99
2022-10-25,23,3.93
2022-10-25,24,14.33
2022-10-26,1,13.34
2022-10-26,2,34.09
2022-10-26,3,21.86
2022-10-26,4,16.12
2022-10-26,5,5.5
2022-10-26,6,20.34
2022-10-26,7,49.41
2022-10-26,8,50.38
2022-10-26,9,48.88
2022-10-26,10,40.39
2022-10-26,11,25.58
2022-10-26,12,5.98
2022-10-26,13,2.88
2022-10-26,14,0.0
2022-10-26,15,13.34
2022-10-26,16,9.66
2022-10-26,17,13.36
2022-10-26,18,13.35
2022-10-26,19,22.69
2022-10-26,20,14.35
2022-10-26,21,12.35
2022-10-26,22,7.64
2022-10-26,23,10.8
2022-10-26,24,12.31
2022-10-27,1,7.47
2022-10-27,2,13.32
2022-10-27,3,13.33
2022-10-27,4,20.69
2022-10-27,5,39.96
2022-10-27,6,54.41
2022-10-27,7,77.61
2022-10-27,8,82.41
2022-10-27,9,55.38
2022-10-27,10,54.43
2022-10-27,11,52.2
2022-10-27,12,51.57
2022-10-27,13,40.19
2022-10-27,14,45.24
2022-10-27,15,39.44
2022-10-27,16,50.55
2022-10-27,17,49.72
2022-10-27,18,59.96
2022-10-27,19,56.86
2022-10-27,20,54.04
2022-10-27,21,50.81
2022-10-27,22,46.44
2022-10-27,23,32.89
2022-10-27,24,53.14
2022-10-28,1,73.75
2022-10-28,2,44.68
2022-10-28,3,18.74
2022-10-28,4,12.35
2022-10-28,5,28.63
2022-10-28,6,45.92
2022-10-28,7,53.34
2022-10-28,8,53.97
2022-10-28,9,51.77
2022-10-28,10,51.27
2022-10-28,11,50.65
2022-10-28,12,50.32
2022-10-28,13,50.79
2022-10-28,14,51.05
2022-10-28,15,50.13
2022-10-28,16,47.67
2022-10-28,17,53.43
2022-10-28,18,51.63
2022-10-28,19,51.03
2022-10-28,20,53.11
2022-10-28,21,51.94
2022-10-28,22,35.26
2022-10-28,23,28.04
2022-10-28,24,26.5
2022-10-29,1,32.56
2022-10-29,2,47.15
2022-10-29,3,45.12
2022-10-29,4,44.78
2022-10-29,5,45.22
2022-10-29,6,46.69
2022-10-29,7,48.7
2022-10-29,8,48.15
2022-10-29,9,47.84
2022-10-29,10,47.07
2022-10-29,11,47.77
2022-10-29,12,48.41
2022-10-29,13,48.38
2022-10-29,14,48.25
2022-10-29,15,47.99
2022-10-29,16,48.11
2022-10-29,17,44.4
2022-10-29,18,48.21
2022-10-29,19,48.34
2022-10-29,20,47.12
2022-10-29,21,41.63
2022-10-29,22,43.88
2022-10-29,23,42.81
2022-10-29,24,45.07
2022-10-30,1,48.4
2022-10-30,2,48.87
2022-10-30,3,43.2
2022-10-30,4,46.35
2022-10-30,5,45.86
2022-10-30,6,46.75
2022-10-30,7,48.23
2022-10-30,8,48.32
2022-10-30,9,48.24
2022-10-30,10,49.0
2022-10-30,11,49.07
2022-10-30,12,48.31
2022-10-30,13,48.69
2022-10-30,14,49.33
2022-10-30,15,48.78
2022-10-30,16,54.73
2022-10-30,17,52.52
2022-10-30,18,544.02
2022-10-30,19,55.89
2022-10-30,20,49.17
2022-10-30,21,47.02
2022-10-30,22,46.51
2022-10-30,23,46.67
2022-10-30,24,48.19
2022-10-31,1,48.35
2022-10-31,2,48.31
2022-10-31,3,48.3
2022-10-31,4,49.38
2022-10-31,5,50.06
2022-10-31,6,57.01
2022-10-31,7,80.8
2022-10-31,8,68.75
2022-10-31,9,78.33
2022-10-31,10,76.28
2022-10-31,11,74.34
2022-10-31,12,73.76
2022-10-31,13,70.99
2022-10-31,14,75.56
2022-10-31,15,78.9
2022-10-31,16,78.66
2022-10-31,17,69.45
2022-10-31,18,58.6
2022-10-31,19,49.5
2022-10-31,20,50.17
2022-10-31,21,57.35
2022-10-31,22,49.0
2022-10-31,23,49.22
2022-10-31,24,48.32
2022-11-01,1,49.19
2022-11-01,2,45.26
2022-11-01,3,47.76
2022-11-01,4,49.02
2022-11-01,5,49.53
2022-11-01,6,49.76
2022-11-01,7,66.86
2022-11-01,8,56.33
2022-11-01,9,52.44
2022-11-01,10,61.29
2022-11-01,11,52.66
2022-11-01,12,53.0
2022-11-01,13,51.71
2022-11-01,14,51.77
2022-11-01,15,50.02
2022-11-01,16,50.52
2022-11-01,17,50.45
2022-11-01,18,51.56
2022-11-01,19,51.78
2022-11-01,20,49.83
2022-11-01,21,45.43
2022-11-01,22,51.2
2022-11-01,23,51.07
2022-11-01,24,44.7
2022-11-02,1,43.34
2022-11-02,2,41.02
2022-11-02,3,41.58
2022-11-02,4,42.78
2022-11-02,5,44.11
2022-11-02,6,55.16
2022-11-02,7,65.7
2022-11-02,8,52.73
2022-11-02,9,50.09
2022-11-02,10,52.46
2022-11-02,11,49.08
2022-11-02,12,45.42
2022-11-02,13,45.88
2022-11-02,14,44.9
2022-11-02,15,45.95
2022-11-02,16,47.93
2022-11-02,17,44.29
2022-11-02,18,49.32
2022-11-02,19,48.07
2022-11-02,20,50.39
2022-11-02,21,44.6
2022-11-02,22,42.13
2022-11-02,23,36.86
2022-11-02,24,41.48
2022-11-03,1,44.95
2022-11-03,2,42.15
2022-11-03,3,41.61
2022-11-03,4,42.29
2022-11-03,5,43.06
2022-11-03,6,44.9
2022-11-03,7,47.48
2022-11-03,8,46.88
2022-11-03,9,51.22
2022-11-03,10,91.65
2022-11-03,11,50.38
2022-11-03,12,46.16
2022-11-03,13,42.91
2022-11-03,14,42.36
2022-11-03,15,42.21
2022-11-03,16,41.26
2022-11-03,17,42.44
2022-11-03,18,43.32
2022-11-03,19,43.12
2022-11-03,20,40.48
2022-11-03,21,37.32
2022-11-03,22,24.81
2022-11-03,23,13.84
2022-11-03,24,12.36
2022-11-04,1,14.32
2022-11-04,2,14.35
2022-11-04,3,14.33
2022-11-04,4,8.22
2022-11-04,5,11.6
2022-11-04,6,17.25
2022-11-04,7,36.77
2022-11-04,8,36.41
2022-11-04,9,39.16
2022-11-04,10,36.98
2022-11-04,11,36.93
2022-11-04,12,18.11
2022-11-04,13,14.35
2022-11-04,14,19.88
2022-11-04,15,14.34
2022-11-04,16,28.41
2022-11-04,17,36.36
2022-11-04,18,17.8
2022-11-04,19,16.54
2022-11-04,20,22.29
2022-11-04,21,16.2
2022-11-04,22,5.36
2022-11-04,23,2.59
2022-11-04,24,2.78
2022-11-05,1,0.0
2022-11-05,2,0.0
2022-11-05,3,0.0
2022-11-05,4,0.0
2022-11-05,5,0.0
2022-11-05,6,0.0
2022-11-05,7,5.47
2022-11-05,8,10.2
2022-11-05,9,13.63
2022-11-05,10,11.58
2022-11-05,11,5.66
2022-11-05,12,2.11
2022-11-05,13,0.0
2022-11-05,14,1.28
2022-11-05,15,5.73
2022-11-05,16,19.79
2022-11-05,17,15.71
2022-11-05,18,17.14
2022-11-05,19,12.95
2022-11-05,20,12.52
2022-11-05,21,7.93
2022-11-05,22,6.92
2022-11-05,23,3.63
2022-11-05,24,0.0
2022-11-06,1,0.0
2022-11-06,2,0.0
2022-11-06,3,0.0
2022-11-06,4,0.0
2022-11-06,5,0.0
2022-11-06,6,0.0
2022-11-06,7,1.78
2022-11-06,8,13.72
2022-11-06,9,13.36
2022-11-06,10,13.34
2022-11-06,11,7.38
2022-11-06,12,4.42
2022-11-06,13,0.0
2022-11-06,14,0.0
2022-11-06,15,0.0
2022-11-06,16,3.09
2022-11-06,17,9.86
2022-11-06,18,11.72
2022-11-06,19,10.11
2022-11-06,20,5.36
2022-11-06,21,1.24
2022-11-06,22,0.42
2022-11-06,23,0.0
2022-11-06,24,0.0
2022-11-07,1,0.0
2022-11-07,2,0.0
2022-11-07,3,0.0
2022-11-07,4,0.0
2022-11-07,5,0.0
2022-11-07,6,0.0
2022-11-07,7,0.0
2022-11-07,8,4.97
2022-11-07,9,4.96
2022-11-07,10,1.67
2022-11-07,11,4.18
2022-11-07,12,8.75
2022-11-07,13,13.66
2022-11-07,14,7.44
2022-11-07,15,6.43
2022-11-07,16,7.11
2022-11-07,17,22.54
2022-11-07,18,28.49
2022-11-07,19,23.38
2022-11-07,20,21.58
2022-11-07,21,20.36
2022-11-07,22,17.37
2022-11-07,23,16.96
2022-11-07,24,15.36
2022-11-08,1,14.35
2022-11-08,2,14.39
2022-11-08,3,14.38
2022-11-08,4,15.45
2022-11-08,5,18.18
2022-11-08,6,6.27
2022-11-08,7,24.96
2022-11-08,8,32.85
2022-11-08,9,35.93
2022-11-08,10,15.59
2022-11-08,11,14.36
2022-11-08,12,40.32
2022-11-08,13,35.98
2022-11-08,14,27.32
2022-11-08,15,16.83
2022-11-08,16,40.05
2022-11-08,17,49.01
2022-11-08,18,104.55
2022-11-08,19,40.8
2022-11-08,20,36.15
2022-11-08,21,25.74
2022-11-08,22,11.27
2022-11-08,23,6.84
2022-11-08,24,2.28
2022-11-09,1,5.78
2022-11-09,2,8.76
2022-11-09,3,6.02
2022-11-09,4,12.98
2022-11-09,5,6.74
2022-11-09,6,5.37
2022-11-09,7,21.0
2022-11-09,8,36.8
2022-11-09,9,39.95
2022-11-09,10,45.61
2022-11-09,11,36.91
2022-11-09,12,14.32
2022-11-09,13,14.31
2022-11-09,14,14.34
2022-11-09,15,26.4
2022-11-09,16,35.7
2022-11-09,17,39.13
2022-11-09,18,38.92
2022-11-09,19,38.87
2022-11-09,20,25.16
2022-11-09,21,9.29
2022-11-09,22,6.72
2022-11-09,23,4.34
2022-11-09,24,1.22
2022-11-10,1,0.82
2022-11-10,2,0.0
2022-11-10,3,0.0
2022-11-10,4,0.0
2022-11-10,5,0.0
2022-11-10,6,0.0
2022-11-10,7,7.22
2022-11-10,8,10.13
2022-11-10,9,7.64
2022-11-10,10,13.66
2022-11-10,11,10.23
2022-11-10,12,13.22
2022-11-10,13,15.06
2022-11-10,14,31.72
2022-11-10,15,14.36
2022-11-10,16,15.27
2022-11-10,17,20.11
2022-11-10,18,15.51
2022-11-10,19,10.14
2022-11-10,20,5.63
2022-11-10,21,4.99
2022-11-10,22,4.02
2022-11-10,23,7.03
2022-11-10,24,3.04
2022-11-11,1,0.0
2022-11-11,2,0.81
2022-11-11,3,2.38
2022-11-11,4,3.49
2022-11-11,5,7.5
2022-11-11,6,17.25
2022-11-11,7,30.9
2022-11-11,8,16.04
2022-11-11,9,46.31
2022-11-11,10,44.26
2022-11-11,11,46.98
2022-11-11,12,54.96
2022-11-11,13,81.23
2022-11-11,14,64.76
2022-11-11,15,49.78
2022-11-11,16,56.6
2022-11-11,17,44.99
2022-11-11,18,46.93
2022-11-11,19,48.59
2022-11-11,20,34.3
2022-11-11,21,40.78
2022-11-11,22,20.48
2022-11-11,23,2.21
2022-11-11,24,2.11
2022-11-12,1,0.41
2022-11-12,2,0.0
2022-11-12,3,0.0
2022-11-12,4,5.85
2022-11-12,5,9.51
2022-11-12,6,10.13
2022-11-12,7,19.75
2022-11-12,8,17.38
2022-11-12,9,14.32
2022-11-12,10,12.75
2022-11-12,11,67.39
2022-11-12,12,61.01
2022-11-12,13,13.34
2022-11-12,14,22.49
2022-11-12,15,47.47
2022-11-12,16,31.0
2022-11-12,17,14.92
2022-11-12,18,17.02
2022-11-12,19,40.44
2022-11-12,20,50.49
2022-11-12,21,41.48
2022-11-12,22,24.31
2022-11-12,23,35.14
2022-11-12,24,20.36
2022-11-13,1,26.72
2022-11-13,2,24.35
2022-11-13,3,13.34
2022-11-13,4,13.3
2022-11-13,5,13.3
2022-11-13,6,13.71
2022-11-13,7,20.1
2022-11-13,8,23.47
2022-11-13,9,13.62
2022-11-13,10,13.33
2022-11-13,11,12.73
2022-11-13,12,13.31
2022-11-13,13,12.16
2022-11-13,14,13.31
2022-11-13,15,13.57
2022-11-13,16,25.0
2022-11-13,17,35.96
2022-11-13,18,19.95
2022-11-13,19,13.48
2022-11-13,20,40.96
2022-11-13,21,47.46
2022-11-13,22,44.58
2022-11-13,23,97.38
2022-11-13,24,40.25
2022-11-14,1,16.26
2022-11-14,2,13.34
2022-11-14,3,13.31
2022-11-14,4,13.33
2022-11-14,5,13.31
2022-11-14,6,18.67
2022-11-14,7,36.61
2022-11-14,8,40.86
2022-11-14,9,53.91
2022-11-14,10,48.61
2022-11-14,11,45.93
2022-11-14,12,45.72
2022-11-14,13,48.23
2022-11-14,14,48.64
2022-11-14,15,47.92
2022-11-14,16,44.35
2022-11-14,17,48.04
2022-11-14,18,47.54
2022-11-14,19,46.14
2022-11-14,20,54.92
2022-11-14,21,49.01
2022-11-14,22,47.68
2022-11-14,23,38.92
2022-11-14,24,32.94
2022-11-15,1,13.53
2022-11-15,2,8.95
2022-11-15,3,9.57
2022-11-15,4,6.43
2022-11-15,5,5.65
2022-11-15,6,1.28
2022-11-15,7,8.91
2022-11-15,8,52.0
2022-11-15,9,59.18
2022-11-15,10,50.88
2022-11-15,11,42.16
2022-11-15,12,47.87
2022-11-15,13,38.98
2022-11-15,14,59.6
2022-11-15,15,44.61
2022-11-15,16,51.07
2022-11-15,17,60.84
2022-11-15,18,60.25
2022-11-15,19,54.85
2022-11-15,20,58.39
2022-11-15,21,60.23
2022-11-15,22,60.31
2022-11-15,23,36.59
2022-11-15,24,12.67
2022-11-16,1,18.36
2022-11-16,2,62.04
2022-11-16,3,53.75
2022-11-16,4,14.35
2022-11-16,5,13.43
2022-11-16,6,5.64
2022-11-16,7,48.41
2022-11-16,8,59.66
2022-11-16,9,60.53
2022-11-16,10,59.0
2022-11-16,11,60.44
2022-11-16,12,60.29
2022-11-16,13,59.71
2022-11-16,14,60.59
2022-11-16,15,60.6
2022-11-16,16,62.03
2022-11-16,17,56.84
2022-11-16,18,60.67
2022-11-16,19,59.93
2022-11-16,20,69.59
2022-11-16,21,76.47
2022-11-16,22,61.94
2022-11-16,23,59.62
2022-11-16,24,35.5
2022-11-17,1,30.37
2022-11-17,2,14.36
2022-11-17,3,11.58
2022-11-17,4,8.01
2022-11-17,5,5.74
2022-11-17,6,7.87
2022-11-17,7,35.18
2022-11-17,8,54.45
2022-11-17,9,55.31
2022-11-17,10,54.27
2022-11-17,11,49.68
2022-11-17,12,52.97
2022-11-17,13,27.0
2022-11-17,14,49.76
2022-11-17,15,43.71
2022-11-17,16,52.34
2022-11-17,17,54.94
2022-11-17,18,51.47
2022-11-17,19,33.68
2022-11-17,20,44.38
2022-11-17,21,26.87
2022-11-17,22,16.75
2022-11-17,23,23.8
2022-11-17,24,19.77
2022-11-18,1,14.36
2022-11-18,2,14.35
2022-11-18,3,43.17
2022-11-18,4,57.79
2022-11-18,5,14.39
2022-11-18,6,28.62
2022-11-18,7,44.54
2022-11-18,8,58.59
2022-11-18,9,61.53
2022-11-18,10,62.63
2022-11-18,11,62.74
2022-11-18,12,57.02
2022-11-18,13,55.45
2022-11-18,14,64.86
2022-11-18,15,40.71
2022-11-18,16,51.17
2022-11-18,17,57.99
2022-11-18,18,73.77
2022-11-18,19,70.23
2022-11-18,20,75.23
2022-11-18,21,61.23
2022-11-18,22,49.82
2022-11-18,23,26.06
2022-11-18,24,10.17
2022-11-19,1,11.58
2022-11-19,2,14.32
2022-11-19,3,13.65
2022-11-19,4,10.87
2022-11-19,5,5.89
2022-11-19,6,10.25
2022-11-19,7,9.6
2022-11-19,8,12.27
2022-11-19,9,21.57
2022-11-19,10,69.08
2022-11-19,11,14.37
2022-11-19,12,5.85
2022-11-19,13,5.76
2022-11-19,14,5.82
2022-11-19,15,8.79
2022-11-19,16,23.89
2022-11-19,17,25.78
2022-11-19,18,27.29
2022-11-19,19,11.53
2022-11-19,20,12.71
2022-11-19,21,5.74
2022-11-19,22,5.61
2022-11-19,23,5.73
2022-11-19,24,0.41
2022-11-20,1,10.18
2022-11-20,2,9.99
2022-11-20,3,2.97
2022-11-20,4,0.0
2022-11-20,5,5.56
2022-11-20,6,3.47
2022-11-20,7,8.69
2022-11-20,8,8.02
2022-11-20,9,2.14
2022-11-20,10,0.0
2022-11-20,11,4.64
2022-11-20,12,4.01
2022-11-20,13,0.81
2022-11-20,14,0.0
2022-11-20,15,3.15
2022-11-20,16,7.06
2022-11-20,17,48.12
2022-11-20,18,62.09
2022-11-20,19,61.54
2022-11-20,20,60.96
2022-11-20,21,41.98
2022-11-20,22,21.62
2022-11-20,23,15.39
2022-11-20,24,9.21
2022-11-21,1,5.57
2022-11-21,2,2.26
2022-11-21,3,0.81
2022-11-21,4,2.14
2022-11-21,5,0.0
2022-11-21,6,4.08
2022-11-21,7,1.28
2022-11-21,8,4.72
2022-11-21,9,13.65
2022-11-21,10,12.99
2022-11-21,11,5.77
2022-11-21,12,6.01
2022-11-21,13,4.32
2022-11-21,14,0.4
2022-11-21,15,0.0
2022-11-21,16,0.83
2022-11-21,17,20.53
2022-11-21,18,19.09
2022-11-21,19,7.39
2022-11-21,20,13.67
2022-11-21,21,58.08
2022-11-21,22,59.92
2022-11-21,23,59.7
2022-11-21,24,59.15
2022-11-22,1,61.97
2022-11-22,2,61.35
2022-11-22,3,61.41
2022-11-22,4,61.29
2022-11-22,5,52.75
2022-11-22,6,43.87
2022-11-22,7,64.26
2022-11-22,8,65.63
2022-11-22,9,64.74
2022-11-22,10,64.88
2022-11-22,11,65.23
2022-11-22,12,64.23
2022-11-22,13,60.72
2022-11-22,14,48.24
2022-11-22,15,58.24
2022-11-22,16,62.1
2022-11-22,17,57.28
2022-11-22,18,61.75
2022-11-22,19,64.44
2022-11-22,20,64.69
2022-11-22,21,64.86
2022-11-22,22,63.19
2022-11-22,23,64.15
2022-11-22,24,35.07
2022-11-23,1,62.3
2022-11-23,2,29.9
2022-11-23,3,48.99
2022-11-23,4,25.91
2022-11-23,5,14.36
2022-11-23,6,27.25
2022-11-23,7,67.38
2022-11-23,8,77.72
2022-11-23,9,73.16
2022-11-23,10,69.44
2022-11-23,11,68.11
2022-11-23,12,65.21
2022-11-23,13,62.52
2022-11-23,14,51.95
2022-11-23,15,62.58
2022-11-23,16,60.49
2022-11-23,17,58.77
2022-11-23,18,61.48
2022-11-23,19,62.96
2022-11-23,20,63.04
2022-11-23,21,61.13
2022-11-23,22,54.45
2022-11-23,23,54.84
2022-11-23,24,23.47
2022-11-24,1,10.2
2022-11-24,2,8.46
2022-11-24,3,6.04
2022-11-24,4,6.07
2022-11-24,5,9.63
2022-11-24,6,7.18
2022-11-24,7,65.15
2022-11-24,8,75.95
2022-11-24,9,68.06
2022-11-24,10,67.55
2022-11-24,11,67.59
2022-11-24,12,67.15
2022-11-24,13,33.63
2022-11-24,14,14.33
2022-11-24,15,12.31
2022-11-24,16,30.82
2022-11-24,17,42.79
2022-11-24,18,34.2
2022-11-24,19,20.7
2022-11-24,20,18.47
2022-11-24,21,12.9
2022-11-24,22,10.23
2022-11-24,23,6.75
2022-11-24,24,0.82
2022-11-25,1,0.0
2022-11-25,2,0.0
2022-11-25,3,0.0
2022-11-25,4,0.0
2022-11-25,5,0.0
2022-11-25,6,0.0
2022-11-25,7,1.8
2022-11-25,8,11.47
2022-11-25,9,32.12
2022-11-25,10,52.51
2022-11-25,11,32.14
2022-11-25,12,14.32
2022-11-25,13,14.32
2022-11-25,14,14.35
2022-11-25,15,20.29
2022-11-25,16,28.88
2022-11-25,17,49.43
2022-11-25,18,50.04
2022-11-25,19,65.79
2022-11-25,20,67.42
2022-11-25,21,66.19
2022-11-25,22,57.18
2022-11-25,23,37.53
2022-11-25,24,35.74
2022-11-26,1,20.3
2022-11-26,2,48.39
2022-11-26,3,20.52
2022-11-26,4,7.75
2022-11-26,5,5.76
2022-11-26,6,5.88
2022-11-26,7,12.12
2022-11-26,8,8.61
2022-11-26,9,5.85
2022-11-26,10,5.91
2022-11-26,11,1.22
2022-11-26,12,0.0
2022-11-26,13,0.0
2022-11-26,14,0.0
2022-11-26,15,0.0
2022-11-26,16,2.25
2022-11-26,17,4.41
2022-11-26,18,6.09
2022-11-26,19,12.36
2022-11-26,20,10.99
2022-11-26,21,6.99
2022-11-26,22,1.62
2022-11-26,23,0.0
2022-11-26,24,0.0
2022-11-27,1,0.0
2022-11-27,2,0.0
2022-11-27,3,3.22
2022-11-27,4,5.72
2022-11-27,5,14.35
2022-11-27,6,27.5
2022-11-27,7,69.25
2022-11-27,8,66.1
2022-11-27,9,54.07
2022-11-27,10,45.65
2022-11-27,11,65.47
2022-11-27,12,65.83
2022-11-27,13,65.91
2022-11-27,14,67.09
2022-11-27,15,79.55
2022-11-27,16,87.44
2022-11-27,17,75.74
2022-11-27,18,21.44
2022-11-27,19,5.73
2022-11-27,20,6.68
2022-11-27,21,12.96
2022-11-27,22,14.38
2022-11-27,23,47.82
2022-11-27,24,16.42
2022-11-28,1,10.22
2022-11-28,2,5.84
2022-11-28,3,11.59
2022-11-28,4,14.37
2022-11-28,5,37.74
2022-11-28,6,41.61
2022-11-28,7,50.02
2022-11-28,8,69.4
2022-11-28,9,73.35
2022-11-28,10,75.29
2022-11-28,11,74.75
2022-11-28,12,75.1
2022-11-28,13,74.75
2022-11-28,14,72.01
2022-11-28,15,74.53
2022-11-28,16,69.76
2022-11-28,17,74.07
2022-11-28,18,86.31
2022-11-28,19,74.97
2022-11-28,20,73.72
2022-11-28,21,73.04
2022-11-28,22,69.29
2022-11-28,23,65.86
2022-11-28,24,65.2
2022-11-29,1,33.66
2022-11-29,2,50.75
2022-11-29,3,25.06
2022-11-29,4,42.32
2022-11-29,5,14.34
2022-11-29,6,13.69
2022-11-29,7,54.03
2022-11-29,8,59.07
2022-11-29,9,59.17
2022-11-29,10,58.89
2022-11-29,11,56.58
2022-11-29,12,55.98
2022-11-29,13,52.98
2022-11-29,14,52.43
2022-11-29,15,51.64
2022-11-29,16,52.18
2022-11-29,17,46.98
2022-11-29,18,51.13
2022-11-29,19,14.72
2022-11-29,20,13.34
2022-11-29,21,20.72
2022-11-29,22,23.34
2022-11-29,23,6.85
2022-11-29,24,5.99
2022-11-30,1,1.88
2022-11-30,2,0.0
2022-11-30,3,0.0
2022-11-30,4,0.0
2022-11-30,5,0.0
2022-11-30,6,0.0
2022-11-30,7,0.0
2022-11-30,8,3.8
2022-11-30,9,5.84
2022-11-30,10,10.33
2022-11-30,11,13.36
2022-11-30,12,13.36
2022-11-30,13,39.53
2022-11-30,14,43.56
2022-11-30,15,57.72
2022-11-30,16,48.84
2022-11-30,17,68.13
2022-11-30,18,65.66
2022-11-30,19,47.79
2022-11-30,20,13.41
2022-11-30,21,39.5
2022-11-30,22,25.49
2022-11-30,23,10.66
2022-11-30,24,9.25
2022-12-01,1,10.28
2022-12-01,2,9.7
2022-12-01,3,6.02
2022-12-01,4,5.73
2022-12-01,5,8.4
2022-12-01,6,9.01
2022-12-01,7,24.86
2022-12-01,8,58.16
2022-12-01,9,53.41
2022-12-01,10,14.36
2022-12-01,11,16.99
2022-12-01,12,56.47
2022-12-01,13,46.95
2022-12-01,14,34.92
2022-12-01,15,45.25
2022-12-01,16,57.5
2022-12-01,17,57.46
2022-12-01,18,63.57
2022-12-01,19,62.57
2022-12-01,20,61.94
2022-12-01,21,62.92
2022-12-01,22,60.52
2022-12-01,23,51.21
2022-12-01,24,17.23
2022-12-02,1,13.32
2022-12-02,2,23.12
2022-12-02,3,66.24
2022-12-02,4,54.4
2022-12-02,5,25.16
2022-12-02,6,10.94
2022-12-02,7,10.34
2022-12-02,8,50.24
2022-12-02,9,21.24
2022-12-02,10,34.4
2022-12-02,11,54.76
2022-12-02,12,53.18
2022-12-02,13,45.53
2022-12-02,14,49.61
2022-12-02,15,55.63
2022-12-02,16,39.53
2022-12-02,17,20.4
2022-12-02,18,13.35
2022-12-02,19,11.53
2022-12-02,20,13.33
2022-12-02,21,13.34
2022-12-02,22,12.93
2022-12-02,23,10.87
2022-12-02,24,10.2
2022-12-03,1,6.74
2022-12-03,2,5.55
2022-12-03,3,0.0
2022-12-03,4,0.0
2022-12-03,5,0.0
2022-12-03,6,0.0
2022-12-03,7,2.36
2022-12-03,8,10.93
2022-12-03,9,15.33
2022-12-03,10,59.3
2022-12-03,11,13.36
2022-12-03,12,13.52
2022-12-03,13,13.31
2022-12-03,14,43.87
2022-12-03,15,36.99
2022-12-03,16,47.25
2022-12-03,17,46.52
2022-12-03,18,44.94
2022-12-03,19,41.4
2022-12-03,20,41.25
2022-12-03,21,53.49
2022-12-03,22,46.28
2022-12-03,23,24.54
2022-12-03,24,58.21
2022-12-04,1,49.8
2022-12-04,2,59.13
2022-12-04,3,51.2
2022-12-04,4,13.35
2022-12-04,5,13.34
2022-12-04,6,13.7
2022-12-04,7,22.86
2022-12-04,8,44.56
2022-12-04,9,44.42
2022-12-04,10,47.7
2022-12-04,11,46.77
2022-12-04,12,46.68
2022-12-04,13,10.89
2022-12-04,14,13.32
2022-12-04,15,13.69
2022-12-04,16,31.43
2022-12-04,17,42.58
2022-12-04,18,48.81
2022-12-04,19,48.3
2022-12-04,20,16.59
2022-12-04,21,13.51
2022-12-04,22,16.67
2022-12-04,23,13.71
2022-12-04,24,12.67
2022-12-05,1,13.3
2022-12-05,2,9.69
2022-12-05,3,13.31
2022-12-05,4,13.31
2022-12-05,5,13.33
2022-12-05,6,12.71
2022-12-05,7,22.05
2022-12-05,8,48.64
2022-12-05,9,48.82
2022-12-05,10,48.52
2022-12-05,11,47.94
2022-12-05,12,48.31
2022-12-05,13,48.86
2022-12-05,14,48.83
2022-12-05,15,62.53
2022-12-05,16,65.36
2022-12-05,17,80.73
2022-12-05,18,59.75
2022-12-05,19,53.56
2022-12-05,20,49.48
2022-12-05,21,52.05
2022-12-05,22,50.38
2022-12-05,23,48.49
2022-12-05,24,47.99
2022-12-06,1,42.4
2022-12-06,2,40.15
2022-12-06,3,47.1
2022-12-06,4,47.03
2022-12-06,5,43.29
2022-12-06,6,38.38
2022-12-06,7,44.38
2022-12-06,8,48.54
2022-12-06,9,52.08
2022-12-06,10,53.83
2022-12-06,11,62.69
2022-12-06,12,71.24
2022-12-06,13,61.42
2022-12-06,14,116.72
2022-12-06,15,59.55
2022-12-06,16,52.31
2022-12-06,17,47.81
2022-12-06,18,43.85
2022-12-06,19,50.28
2022-12-06,20,73.3
2022-12-06,21,51.59
2022-12-06,22,54.75
2022-12-06,23,50.0
2022-12-06,24,48.02
2022-12-07,1,24.32
2022-12-07,2,38.44
2022-12-07,3,47.1
2022-12-07,4,46.77
2022-12-07,5,46.66
2022-12-07,6,45.23
2022-12-07,7,42.53
2022-12-07,8,46.17
2022-12-07,9,47.16
2022-12-07,10,51.15
2022-12-07,11,51.66
2022-12-07,12,53.12
2022-12-07,13,49.5
2022-12-07,14,53.03
2022-12-07,15,47.35
2022-12-07,16,48.43
2022-12-07,17,49.6
2022-12-07,18,57.35
2022-12-07,19,49.04
2022-12-07,20,47.02
2022-12-07,21,47.26
2022-12-07,22,47.12
2022-12-07,23,46.8
2022-12-07,24,40.28
2022-12-08,1,41.66
2022-12-08,2,46.85
2022-12-08,3,47.48
2022-12-08,4,46.31
2022-12-08,5,39.78
2022-12-08,6,40.6
2022-12-08,7,47.14
2022-12-08,8,46.47
2022-12-08,9,47.08
2022-12-08,10,45.05
2022-12-08,11,44.45
2022-12-08,12,45.94
2022-12-08,13,40.93
2022-12-08,14,43.78
2022-12-08,15,40.89
2022-12-08,16,42.06
2022-12-08,17,42.97
2022-12-08,18,45.81
2022-12-08,19,48.14
2022-12-08,20,47.08
2022-12-08,21,50.19
2022-12-08,22,47.58
2022-12-08,23,44.98
2022-12-08,24,48.96
2022-12-09,1,49.54
2022-12-09,2,51.71
2022-12-09,3,51.5
2022-12-09,4,51.5
2022-12-09,5,48.31
2022-12-09,6,39.37
2022-12-09,7,52.16
2022-12-09,8,60.66
2022-12-09,9,57.35
2022-12-09,10,52.58
2022-12-09,11,54.17
2022-12-09,12,54.02
2022-12-09,13,53.0
2022-12-09,14,52.08
2022-12-09,15,51.4
2022-12-09,16,44.5
2022-12-09,17,51.06
2022-12-09,18,52.33
2022-12-09,19,52.07
2022-12-09,20,52.05
2022-12-09,21,53.38
2022-12-09,22,52.62
2022-12-09,23,50.77
2022-12-09,24,52.76
2022-12-10,1,62.95
2022-12-10,2,70.69
2022-12-10,3,68.34
2022-12-10,4,43.37
2022-12-10,5,11.75
2022-12-10,6,10.9
2022-12-10,7,14.53
2022-12-10,8,46.04
2022-12-10,9,57.12
2022-12-10,10,68.46
2022-12-10,11,56.05
2022-12-10,12,73.04
2022-12-10,13,57.27
2022-12-10,14,57.24
2022-12-10,15,57.36
2022-12-10,16,57.53
2022-12-10,17,62.64
2022-12-10,18,71.82
2022-12-10,19,65.45
2022-12-10,20,66.93
2022-12-10,21,64.71
2022-12-10,22,57.77
2022-12-10,23,57.3
2022-12-10,24,57.33
2022-12-11,1,54.14
2022-12-11,2,77.43
2022-12-11,3,56.38
2022-12-11,4,53.22
2022-12-11,5,55.35
2022-12-11,6,53.89
2022-12-11,7,55.29
2022-12-11,8,57.37
2022-12-11,9,57.41
2022-12-11,10,58.1
2022-12-11,11,75.92
2022-12-11,12,57.71
2022-12-11,13,57.46
2022-12-11,14,57.37
2022-12-11,15,57.78
2022-12-11,16,58.09
2022-12-11,17,93.86
2022-12-11,18,61.83
2022-12-11,19,77.22
2022-12-11,20,70.0
2022-12-11,21,60.96
2022-12-11,22,57.9
2022-12-11,23,54.89
2022-12-11,24,55.89
2022-12-12,1,51.87
2022-12-12,2,49.25
2022-12-12,3,48.8
2022-12-12,4,49.17
2022-12-12,5,53.99
2022-12-12,6,53.41
2022-12-12,7,74.32
2022-12-12,8,93.9
2022-12-12,9,116.19
2022-12-12,10,128.79
2022-12-12,11,94.28
2022-12-12,12,100.76
2022-12-12,13,92.08
2022-12-12,14,84.51
2022-12-12,15,85.25
2022-12-12,16,86.73
2022-12-12,17,90.17
2022-12-12,18,254.26
2022-12-12,19,114.63
2022-12-12,20,159.52
2022-12-12,21,88.18
2022-12-12,22,99.46
2022-12-12,23,78.49
2022-12-12,24,61.85
2022-12-13,1,71.6
2022-12-13,2,65.64
2022-12-13,3,65.78
2022-12-13,4,69.18
2022-12-13,5,69.71
2022-12-13,6,84.18
2022-12-13,7,108.99
2022-12-13,8,226.92
2022-12-13,9,204.74
2022-12-13,10,99.66
2022-12-13,11,86.04
2022-12-13,12,79.05
2022-12-13,13,81.02
2022-12-13,14,68.36
2022-12-13,15,68.84
2022-12-13,16,70.16
2022-12-13,17,75.9
2022-12-13,18,84.13
2022-12-13,19,75.05
2022-12-13,20,71.29
2022-12-13,21,68.4
2022-12-13,22,67.02
2022-12-13,23,63.21
2022-12-13,24,62.37
2022-12-14,1,57.48
2022-12-14,2,65.12
2022-12-14,3,53.79
2022-12-14,4,45.68
2022-12-14,5,48.86
2022-12-14,6,46.9
2022-12-14,7,48.27
2022-12-14,8,54.76
2022-12-14,9,62.97
2022-12-14,10,61.24
2022-12-14,11,61.34
2022-12-14,12,64.61
2022-12-14,13,57.21
2022-12-14,14,58.39
2022-12-14,15,62.55
2022-12-14,16,56.3
2022-12-14,17,65.41
2022-12-14,18,60.26
2022-12-14,19,59.03
2022-12-14,20,65.61
2022-12-14,21,65.29
2022-12-14,22,62.88
2022-12-14,23,62.74
2022-12-14,24,9.29
2022-12-15,1,3.84
2022-12-15,2,8.63
2022-12-15,3,10.93
2022-12-15,4,13.72
2022-12-15,5,4.83
2022-12-15,6,1.45
2022-12-15,7,15.06
2022-12-15,8,64.11
2022-12-15,9,59.42
2022-12-15,10,58.2
2022-12-15,11,57.43
2022-12-15,12,59.94
2022-12-15,13,62.06
2022-12-15,14,62.57
2022-12-15,15,62.69
2022-12-15,16,62.32
2022-12-15,17,62.8
2022-12-15,18,62.27
2022-12-15,19,63.52
2022-12-15,20,66.06
2022-12-15,21,62.37
2022-12-15,22,62.2
2022-12-15,23,61.17
2022-12-15,24,59.67
2022-12-16,1,63.88
2022-12-16,2,63.63
2022-12-16,3,60.44
2022-12-16,4,27.49
2022-12-16,5,27.49
2022-12-16,6,21.05
2022-12-16,7,63.68
2022-12-16,8,74.37
2022-12-16,9,83.91
2022-12-16,10,66.69
2022-12-16,11,79.21
2022-12-16,12,66.82
2022-12-16,13,65.51
2022-12-16,14,64.44
2022-12-16,15,64.68
2022-12-16,16,64.38
2022-12-16,17,75.74
2022-12-16,18,75.09
2022-12-16,19,69.89
2022-12-16,20,66.38
2022-12-16,21,72.56
2022-12-16,22,66.03
2022-12-16,23,65.92
2022-12-16,24,63.64
2022-12-17,1,63.38
2022-12-17,2,61.28
2022-12-17,3,63.63
2022-12-17,4,54.62
2022-12-17,5,45.87
2022-12-17,6,38.13
2022-12-17,7,28.09
2022-12-17,8,45.22
2022-12-17,9,63.66
2022-12-17,10,66.87
2022-12-17,11,66.94
2022-12-17,12,66.41
2022-12-17,13,66.66
2022-12-17,14,66.26
2022-12-17,15,66.23
2022-12-17,16,66.2
2022-12-17,17,66.67
2022-12-17,18,66.34
2022-12-17,19,65.45
2022-12-17,20,65.17
2022-12-17,21,65.0
2022-12-17,22,64.16
2022-12-17,23,64.17
2022-12-17,24,63.5
2022-12-18,1,29.92
2022-12-18,2,14.35
2022-12-18,3,14.36
2022-12-18,4,14.35
2022-12-18,5,14.35
2022-12-18,6,14.37
2022-12-18,7,14.34
2022-12-18,8,26.23
2022-12-18,9,25.72
2022-12-18,10,41.86
2022-12-18,11,61.56
2022-12-18,12,22.12
2022-12-18,13,50.36
2022-12-18,14,13.51
2022-12-18,15,17.62
2022-12-18,16,25.09
2022-12-18,17,61.56
2022-12-18,18,63.17
2022-12-18,19,61.56
2022-12-18,20,13.32
2022-12-18,21,9.45
2022-12-18,22,7.43
2022-12-18,23,9.36
2022-12-18,24,12.25
2022-12-19,1,14.34
2022-12-19,2,14.37
2022-12-19,3,14.4
2022-12-19,4,14.39
2022-12-19,5,11.57
2022-12-19,6,18.28
2022-12-19,7,66.26
2022-12-19,8,85.51
2022-12-19,9,101.76
2022-12-19,10,109.96
2022-12-19,11,67.55
2022-12-19,12,67.01
2022-12-19,13,70.68
2022-12-19,14,80.63
2022-12-19,15,84.35
2022-12-19,16,80.17
2022-12-19,17,103.89
2022-12-19,18,93.53
2022-12-19,19,147.2
2022-12-19,20,142.27
2022-12-19,21,175.46
2022-12-19,22,103.48
2022-12-19,23,86.06
2022-12-19,24,87.06
2022-12-20,1,68.77
2022-12-20,2,64.59
2022-12-20,3,66.18
2022-12-20,4,64.8
2022-12-20,5,66.17
2022-12-20,6,72.34
2022-12-20,7,75.43
2022-12-20,8,109.72
2022-12-20,9,103.38
2022-12-20,10,103.2
2022-12-20,11,112.72
2022-12-20,12,104.36
2022-12-20,13,103.83
2022-12-20,14,70.96
2022-12-20,15,66.35
2022-12-20,16,74.11
2022-12-20,17,98.75
2022-12-20,18,104.32
2022-12-20,19,104.92
2022-12-20,20,105.22
2022-12-20,21,109.08
2022-12-20,22,78.6
2022-12-20,23,62.9
2022-12-20,24,61.41
2022-12-21,1,59.64
2022-12-21,2,63.54
2022-12-21,3,57.18
2022-12-21,4,54.38
2022-12-21,5,54.85
2022-12-21,6,63.6
2022-12-21,7,69.24
2022-12-21,8,97.42
2022-12-21,9,99.6
2022-12-21,10,84.66
2022-12-21,11,68.78
2022-12-21,12,65.07
2022-12-21,13,64.54
2022-12-21,14,67.57
2022-12-21,15,70.04
2022-12-21,16,88.96
2022-12-21,17,98.99
2022-12-21,18,141.5
2022-12-21,19,106.34
2022-12-21,20,92.19
2022-12-21,21,93.1
2022-12-21,22,78.63
2022-12-21,23,62.86
2022-12-21,24,54.54
2022-12-22,1,60.23
2022-12-22,2,58.82
2022-12-22,3,43.95
2022-12-22,4,57.95
2022-12-22,5,56.52
2022-12-22,6,57.14
2022-12-22,7,59.22
2022-12-22,8,60.68
2022-12-22,9,64.04
2022-12-22,10,64.06
2022-12-22,11,62.94
2022-12-22,12,60.99
2022-12-22,13,61.51
2022-12-22,14,63.27
2022-12-22,15,63.88
2022-12-22,16,63.2
2022-12-22,17,60.17
2022-12-22,18,60.34
2022-12-22,19,60.12
2022-12-22,20,60.54
2022-12-22,21,60.65
2022-12-22,22,67.33
2022-12-22,23,61.27
2022-12-22,24,60.0
2022-12-23,1,56.58
2022-12-23,2,55.36
2022-12-23,3,55.29
2022-12-23,4,16.34
2022-12-23,5,14.37
2022-12-23,6,14.36
2022-12-23,7,56.46
2022-12-23,8,57.78
2022-12-23,9,57.35
2022-12-23,10,58.73
2022-12-23,11,61.35
2022-12-23,12,62.53
2022-12-23,13,58.48
2022-12-23,14,58.08
2022-12-23,15,57.92
2022-12-23,16,59.02
2022-12-23,17,64.6
2022-12-23,18,81.57
2022-12-23,19,65.49
2022-12-23,20,65.15
2022-12-23,21,66.56
2022-12-23,22,65.12
2022-12-23,23,60.43
2022-12-23,24,59.64
2022-12-24,1,54.86
2022-12-24,2,54.41
2022-12-24,3,49.96
2022-12-24,4,2.63
2022-12-24,5,31.52
2022-12-24,6,1.82
2022-12-24,7,0.0
2022-12-24,8,47.4
2022-12-24,9,72.33
2022-12-24,10,80.11
2022-12-24,11,116.48
2022-12-24,12,461.53
2022-12-24,13,587.97
2022-12-24,14,231.15
2022-12-24,15,128.98
2022-12-24,16,115.12
2022-12-24,17,273.34
2022-12-24,18,200.01
2022-12-24,19,166.82
2022-12-24,20,62.42
2022-12-24,21,120.33
2022-12-24,22,58.19
2022-12-24,23,58.15
2022-12-24,24,58.09
2022-12-25,1,55.67
2022-12-25,2,48.61
2022-12-25,3,14.1
2022-12-25,4,0.0
2022-12-25,5,0.0
2022-12-25,6,0.0
2022-12-25,7,0.0
2022-12-25,8,1.44
2022-12-25,9,57.05
2022-12-25,10,57.86
2022-12-25,11,58.03
2022-12-25,12,58.19
2022-12-25,13,58.7
2022-12-25,14,57.84
2022-12-25,15,51.32
2022-12-25,16,58.97
2022-12-25,17,58.8
2022-12-25,18,60.05
2022-12-25,19,57.04
2022-12-25,20,57.57
2022-12-25,21,56.2
2022-12-25,22,56.49
2022-12-25,23,55.4
2022-12-25,24,69.56
2022-12-26,1,108.65
2022-12-26,2,133.7
2022-12-26,3,115.84
2022-12-26,4,59.15
2022-12-26,5,59.85
2022-12-26,6,63.19
2022-12-26,7,84.58
2022-12-26,8,60.37
2022-12-26,9,85.21
2022-12-26,10,74.78
2022-12-26,11,75.36
2022-12-26,12,70.47
2022-12-26,13,71.59
2022-12-26,14,70.14
2022-12-26,15,61.75
2022-12-26,16,74.49
2022-12-26,17,94.0
2022-12-26,18,80.48
2022-12-26,19,113.08
2022-12-26,20,98.5
2022-12-26,21,101.74
2022-12-26,22,104.46
2022-12-26,23,71.63
2022-12-26,24,60.82
2022-12-27,1,60.29
2022-12-27,2,56.54
2022-12-27,3,55.24
2022-12-27,4,54.68
2022-12-27,5,57.18
2022-12-27,6,58.11
2022-12-27,7,58.17
2022-12-27,8,58.2
2022-12-27,9,70.03
2022-12-27,10,78.37
2022-12-27,11,86.12
2022-12-27,12,101.96
2022-12-27,13,58.09
2022-12-27,14,56.21
2022-12-27,15,57.88
2022-12-27,16,57.52
2022-12-27,17,57.99
2022-12-27,18,58.19
2022-12-27,19,60.97
2022-12-27,20,58.04
2022-12-27,21,59.51
2022-12-27,22,57.88
2022-12-27,23,54.9
2022-12-27,24,23.14
2022-12-28,1,12.7
2022-12-28,2,4.26
2022-12-28,3,12.69
2022-12-28,4,4.72
2022-12-28,5,3.54
2022-12-28,6,5.79
2022-12-28,7,9.64
2022-12-28,8,39.64
2022-12-28,9,52.64
2022-12-28,10,47.07
2022-12-28,11,53.07
2022-12-28,12,51.97
2022-12-28,13,53.55
2022-12-28,14,43.12
2022-12-28,15,44.76
2022-12-28,16,46.85
2022-12-28,17,40.48
2022-12-28,18,52.67
2022-12-28,19,49.58
2022-12-28,20,52.56
2022-12-28,21,47.38
2022-12-28,22,26.37
2022-12-28,23,5.52
2022-12-28,24,2.16
2022-12-29,1,3.22
2022-12-29,2,1.28
2022-12-29,3,0.0
2022-12-29,4,0.0
2022-12-29,5,0.0
2022-12-29,6,0.81
2022-12-29,7,6.89
2022-12-29,8,12.9
2022-12-29,9,13.66
2022-12-29,10,0.0
2022-12-29,11,4.42
2022-12-29,12,0.0
2022-12-29,13,8.84
2022-12-29,14,13.01
2022-12-29,15,14.31
2022-12-29,16,15.29
2022-12-29,17,28.62
2022-12-29,18,40.86
2022-12-29,19,14.36
2022-12-29,20,14.33
2022-12-29,21,14.36
2022-12-29,22,9.4
2022-12-29,23,4.57
2022-12-29,24,2.28
2022-12-30,1,0.0
2022-12-30,2,0.0
2022-12-30,3,0.0
2022-12-30,4,0.0
2022-12-30,5,0.0
2022-12-30,6,0.0
2022-12-30,7,0.0
2022-12-30,8,0.0
2022-12-30,9,0.83
2022-12-30,10,5.72
2022-12-30,11,5.44
2022-12-30,12,9.09
2022-12-30,13,13.33
2022-12-30,14,12.72
2022-12-30,15,5.74
2022-12-30,16,1.69
2022-12-30,17,10.25
2022-12-30,18,19.95
2022-12-30,19,18.42
2022-12-30,20,34.45
2022-12-30,21,39.14
2022-12-30,22,39.34
2022-12-30,23,40.68
2022-12-30,24,39.0
2022-12-31,1,23.38
2022-12-31,2,23.54
2022-12-31,3,32.37
2022-12-31,4,13.7
2022-12-31,5,12.74
2022-12-31,6,6.67
2022-12-31,7,9.76
2022-12-31,8,12.38
2022-12-31,9,38.89
2022-12-31,10,39.27
2022-12-31,11,38.39
2022-12-31,12,42.28
2022-12-31,13,40.13
2022-12-31,14,40.11
2022-12-31,15,40.15
2022-12-31,16,40.46
2022-12-31,17,41.49
2022-12-31,18,42.08
2022-12-31,19,39.19
2022-12-31,20,40.9
2022-12-31,21,46.75
2022-12-31,22,41.12
2022-12-31,23,37.95
2022-12-31,24,23.29
2023-01-01,2,19.21
2023-01-01,3,14.5
2023-01-01,4,26.26
2023-01-01,5,35.78
2023-01-01,6,14.49
2023-01-01,7,40.2
2023-01-01,8,31.48
2023-01-01,9,25.53
2023-01-01,10,39.56
2023-01-01,11,37.47
2023-01-01,12,39.6
2023-01-01,13,39.71
2023-01-01,14,44.1
2023-01-01,15,42.13
2023-01-01,16,45.3
2023-01-01,17,39.77
2023-01-01,18,39.72
2023-01-01,19,39.47
2023-01-01,20,34.18
2023-01-01,21,43.31
2023-01-01,22,39.24
2023-01-01,23,27.98
2023-01-01,24,20.85
2023-01-02,1,18.97
2023-01-02,2,14.33
2023-01-02,3,14.51
2023-01-02,4,38.58
2023-01-02,5,22.8
2023-01-02,6,31.24
2023-01-02,7,35.4
2023-01-02,8,29.08
2023-01-02,9,37.5
2023-01-02,10,39.64
2023-01-02,11,40.11
2023-01-02,12,40.0
2023-01-02,13,39.51
2023-01-02,14,44.05
2023-01-02,15,42.05
2023-01-02,16,41.04
2023-01-02,17,43.41
2023-01-02,18,44.54
2023-01-02,19,43.9
2023-01-02,20,43.45
2023-01-02,21,41.78
2023-01-02,22,40.72
2023-01-02,23,31.45
2023-01-02,24,41.89
2023-01-03,1,46.66
2023-01-03,2,37.11
2023-01-03,3,14.35
2023-01-03,4,14.38
2023-01-03,5,18.7
2023-01-03,6,14.35
2023-01-03,7,37.44
2023-01-03,8,37.42
2023-01-03,9,42.7
2023-01-03,10,42.6
2023-01-03,11,47.27
2023-01-03,12,44.9
2023-01-03,13,43.7
2023-01-03,14,45.34
2023-01-03,15,45.9
2023-01-03,16,37.48
2023-01-03,17,42.05
2023-01-03,18,43.34
2023-01-03,19,41.69
2023-01-03,20,39.73
2023-01-03,21,39.38
2023-01-03,22,41.07
2023-01-03,23,64.31
2023-01-03,24,73.3
2023-01-04,1,41.68
2023-01-04,2,38.36
2023-01-04,3,34.49
2023-01-04,4,13.39
2023-01-04,5,38.8
2023-01-04,6,36.8
2023-01-04,7,28.8
2023-01-04,8,21.12
2023-01-04,9,35.76
2023-01-04,10,37.23
2023-01-04,11,39.43
2023-01-04,12,39.24
2023-01-04,13,39.98
2023-01-04,14,37.45
2023-01-04,15,38.56
2023-01-04,16,37.32
2023-01-04,17,38.51
2023-01-04,18,38.67
2023-01-04,19,37.34
2023-01-04,20,37.37
2023-01-04,21,36.73
2023-01-04,22,36.62
2023-01-04,23,36.53
2023-01-04,24,15.5
2023-01-05,1,12.96
2023-01-05,2,12.31
2023-01-05,3,14.31
2023-01-05,4,14.35
2023-01-05,5,27.34
2023-01-05,6,31.4
2023-01-05,7,35.72
2023-01-05,8,39.66
2023-01-05,9,39.01
2023-01-05,10,37.47
2023-01-05,11,56.28
2023-01-05,12,70.98
2023-01-05,13,46.09
2023-01-05,14,47.71
2023-01-05,15,43.51
2023-01-05,16,43.0
2023-01-05,17,47.32
2023-01-05,18,49.38
2023-01-05,19,47.51
2023-01-05,20,43.19
2023-01-05,21,44.64
2023-01-05,22,40.88
2023-01-05,23,40.63
2023-01-05,24,40.62
2023-01-06,1,42.38
2023-01-06,2,41.2
2023-01-06,3,43.44
2023-01-06,4,43.16
2023-01-06,5,37.47
2023-01-06,6,37.26
2023-01-06,7,43.2
2023-01-06,8,43.36
2023-01-06,9,44.55
2023-01-06,10,43.83
2023-01-06,11,43.52
2023-01-06,12,43.59
2023-01-06,13,43.49
2023-01-06,14,43.48
2023-01-06,15,43.02
2023-01-06,16,43.44
2023-01-06,17,46.35
2023-01-06,18,46.76
2023-01-06,19,45.91
2023-01-06,20,43.11
2023-01-06,21,42.31
2023-01-06,22,43.11
2023-01-06,23,40.51
2023-01-06,24,41.73
2023-01-07,1,40.63
2023-01-07,2,36.27
2023-01-07,3,30.23
2023-01-07,4,18.35
2023-01-07,5,47.65
2023-01-07,6,38.82
2023-01-07,7,32.79
2023-01-07,8,42.06
2023-01-07,9,42.38
2023-01-07,10,42.65
2023-01-07,11,42.9
2023-01-07,12,42.98
2023-01-07,13,42.87
2023-01-07,14,42.55
2023-01-07,15,41.97
2023-01-07,16,39.36
2023-01-07,17,44.98
2023-01-07,18,45.58
2023-01-07,19,44.74
2023-01-07,20,42.02
2023-01-07,21,42.52
2023-01-07,22,41.52
2023-01-07,23,40.68
2023-01-07,24,39.34
2023-01-08,1,39.78
2023-01-08,2,39.87
2023-01-08,3,44.69
2023-01-08,4,51.23
2023-01-08,5,39.15
2023-01-08,6,35.44
2023-01-08,7,38.56
2023-01-08,8,39.69
2023-01-08,9,45.1
2023-01-08,10,41.01
2023-01-08,11,44.64
2023-01-08,12,47.92
2023-01-08,13,42.52
2023-01-08,14,41.8
2023-01-08,15,41.3
2023-01-08,16,40.34
2023-01-08,17,65.73
2023-01-08,18,84.38
2023-01-08,19,64.17
2023-01-08,20,53.37
2023-01-08,21,42.09
2023-01-08,22,41.16
2023-01-08,23,39.43
2023-01-08,24,38.33
2023-01-09,1,12.86
2023-01-09,2,14.34
2023-01-09,3,14.35
2023-01-09,4,14.36
2023-01-09,5,14.33
2023-01-09,6,14.34
2023-01-09,7,37.19
2023-01-09,8,42.17
2023-01-09,9,40.38
2023-01-09,10,38.73
2023-01-09,11,38.67
2023-01-09,12,37.92
2023-01-09,13,35.15
2023-01-09,14,38.47
2023-01-09,15,14.44
2023-01-09,16,18.84
2023-01-09,17,38.42
2023-01-09,18,38.68
2023-01-09,19,38.67
2023-01-09,20,38.48
2023-01-09,21,38.53
2023-01-09,22,38.43
2023-01-09,23,38.52
2023-01-09,24,30.29
2023-01-10,1,39.82
2023-01-10,2,26.36
2023-01-10,3,30.4
2023-01-10,4,39.01
2023-01-10,5,42.25
2023-01-10,6,41.78
2023-01-10,7,46.7
2023-01-10,8,119.54
2023-01-10,9,78.43
2023-01-10,10,46.85
2023-01-10,11,50.47
2023-01-10,12,49.31
2023-01-10,13,43.07
2023-01-10,14,40.27
2023-01-10,15,40.65
2023-01-10,16,43.11
2023-01-10,17,50.93
2023-01-10,18,57.77
2023-01-10,19,58.34
2023-01-10,20,49.87
2023-01-10,21,48.91
2023-01-10,22,46.2
2023-01-10,23,43.21
2023-01-10,24,38.96
2023-01-11,1,32.05
2023-01-11,2,14.36
2023-01-11,3,14.36
2023-01-11,4,37.05
2023-01-11,5,44.99
2023-01-11,6,37.2
2023-01-11,7,43.78
2023-01-11,8,47.34
2023-01-11,9,47.79
2023-01-11,10,47.17
2023-01-11,11,48.01
2023-01-11,12,48.17
2023-01-11,13,49.97
2023-01-11,14,41.45
2023-01-11,15,37.85
2023-01-11,16,41.62
2023-01-11,17,40.95
2023-01-11,18,41.03
2023-01-11,19,41.74
2023-01-11,20,42.03
2023-01-11,21,42.7
2023-01-11,22,41.98
2023-01-11,23,39.9
2023-01-11,24,37.75
2023-01-12,1,45.31
2023-01-12,2,33.64
2023-01-12,3,30.0
2023-01-12,4,13.01
2023-01-12,5,29.76
2023-01-12,6,39.23
2023-01-12,7,44.1
2023-01-12,8,51.81
2023-01-12,9,48.87
2023-01-12,10,40.36
2023-01-12,11,41.26
2023-01-12,12,48.23
2023-01-12,13,50.68
2023-01-12,14,43.62
2023-01-12,15,38.76
2023-01-12,16,37.33
2023-01-12,17,34.4
2023-01-12,18,33.92
2023-01-12,19,35.77
2023-01-12,20,36.63
2023-01-12,21,32.5
2023-01-12,22,20.73
2023-01-12,23,12.82
2023-01-12,24,13.29
2023-01-13,1,7.08
2023-01-13,2,12.51
2023-01-13,3,14.36
2023-01-13,4,27.42
2023-01-13,5,18.94
2023-01-13,6,12.22
2023-01-13,7,35.07
2023-01-13,8,38.97
2023-01-13,9,43.23
2023-01-13,10,43.32
2023-01-13,11,43.29
2023-01-13,12,41.67
2023-01-13,13,40.19
2023-01-13,14,42.33
2023-01-13,15,38.23
2023-01-13,16,39.57
2023-01-13,17,36.66
2023-01-13,18,39.31
2023-01-13,19,40.21
2023-01-13,20,38.94
2023-01-13,21,39.34
2023-01-13,22,39.44
2023-01-13,23,38.02
2023-01-13,24,21.39
2023-01-14,1,19.75
2023-01-14,2,14.34
2023-01-14,3,14.35
2023-01-14,4,18.01
2023-01-14,5,26.74
2023-01-14,6,39.0
2023-01-14,7,35.56
2023-01-14,8,40.3
2023-01-14,9,53.3
2023-01-14,10,49.16
2023-01-14,11,46.77
2023-01-14,12,43.96
2023-01-14,13,38.48
2023-01-14,14,35.68
2023-01-14,15,35.72
2023-01-14,16,34.06
2023-01-14,17,37.01
2023-01-14,18,47.42
2023-01-14,19,43.56
2023-01-14,20,38.0
2023-01-14,21,40.06
2023-01-14,22,38.2
2023-01-14,23,37.58
2023-01-14,24,37.73
2023-01-15,1,33.39
2023-01-15,2,34.08
2023-01-15,3,32.61
2023-01-15,4,30.87
2023-01-15,5,14.35
2023-01-15,6,18.77
2023-01-15,7,35.28
2023-01-15,8,35.74
2023-01-15,9,36.74
2023-01-15,10,37.06
2023-01-15,11,35.7
2023-01-15,12,37.11
2023-01-15,13,35.89
2023-01-15,14,32.09
2023-01-15,15,33.04
2023-01-15,16,30.06
2023-01-15,17,35.11
2023-01-15,18,36.05
2023-01-15,19,36.08
2023-01-15,20,34.72
2023-01-15,21,34.99
2023-01-15,22,32.02
2023-01-15,23,22.56
2023-01-15,24,10.3
2023-01-16,1,12.72
2023-01-16,2,13.4
2023-01-16,3,13.34
2023-01-16,4,13.48
2023-01-16,5,13.31
2023-01-16,6,13.31
2023-01-16,7,31.88
2023-01-16,8,38.18
2023-01-16,9,43.03
2023-01-16,10,35.9
2023-01-16,11,36.53
2023-01-16,12,36.12
2023-01-16,13,36.92
2023-01-16,14,37.8
2023-01-16,15,30.46
2023-01-16,16,33.64
2023-01-16,17,36.49
2023-01-16,18,37.79
2023-01-16,19,30.66
2023-01-16,20,14.39
2023-01-16,21,14.37
2023-01-16,22,12.95
2023-01-16,23,9.1
2023-01-16,24,2.2
2023-01-17,1,0.82
2023-01-17,2,0.0
2023-01-17,3,3.7
2023-01-17,4,0.47
2023-01-17,5,3.47
2023-01-17,6,21.01
2023-01-17,7,36.87
2023-01-17,8,36.59
2023-01-17,9,36.97
2023-01-17,10,13.72
2023-01-17,11,28.76
2023-01-17,12,36.81
2023-01-17,13,31.55
2023-01-17,14,37.5
2023-01-17,15,35.87
2023-01-17,16,36.91
2023-01-17,17,29.87
2023-01-17,18,37.18
2023-01-17,19,36.32
2023-01-17,20,37.36
2023-01-17,21,37.07
2023-01-17,22,19.08
2023-01-17,23,10.12
2023-01-17,24,2.37
2023-01-18,1,0.0
2023-01-18,2,0.0
2023-01-18,3,0.0
2023-01-18,4,0.0
2023-01-18,5,3.77
2023-01-18,6,9.42
2023-01-18,7,26.36
2023-01-18,8,34.69
2023-01-18,9,32.7
2023-01-18,10,32.33
2023-01-18,11,38.57
2023-01-18,12,41.03
2023-01-18,13,40.99
2023-01-18,14,38.82
2023-01-18,15,37.26
2023-01-18,16,38.26
2023-01-18,17,39.2
2023-01-18,18,326.76
2023-01-18,19,38.66
2023-01-18,20,38.39
2023-01-18,21,37.4
2023-01-18,22,38.56
2023-01-18,23,38.61
2023-01-18,24,43.08
2023-01-19,1,48.25
2023-01-19,2,9.54
2023-01-19,3,7.27
2023-01-19,4,11.63
2023-01-19,5,14.35
2023-01-19,6,1.36
2023-01-19,7,6.16
2023-01-19,8,15.96
2023-01-19,9,30.68
2023-01-19,10,34.01
2023-01-19,11,37.84
2023-01-19,12,38.13
2023-01-19,13,38.25
2023-01-19,14,37.37
2023-01-19,15,34.07
2023-01-19,16,37.04
2023-01-19,17,39.21
2023-01-19,18,39.5
2023-01-19,19,38.99
2023-01-19,20,38.51
2023-01-19,21,35.61
2023-01-19,22,35.25
2023-01-19,23,19.33
2023-01-19,24,14.8
2023-01-20,1,14.36
2023-01-20,2,14.36
2023-01-20,3,14.38
2023-01-20,4,16.07
2023-01-20,5,23.6
2023-01-20,6,25.72
2023-01-20,7,34.25
2023-01-20,8,34.11
2023-01-20,9,40.19
2023-01-20,10,40.4
2023-01-20,11,40.32
2023-01-20,12,36.8
2023-01-20,13,36.54
2023-01-20,14,34.18
2023-01-20,15,14.36
2023-01-20,16,26.37
2023-01-20,17,32.31
2023-01-20,18,36.28
2023-01-20,19,35.84
2023-01-20,20,35.57
2023-01-20,21,43.24
2023-01-20,22,37.26
2023-01-20,23,39.46
2023-01-20,24,38.18
2023-01-21,1,42.06
2023-01-21,2,36.61
2023-01-21,3,33.82
2023-01-21,4,31.15
2023-01-21,5,28.22
2023-01-21,6,19.17
2023-01-21,7,28.68
2023-01-21,8,27.89
2023-01-21,9,35.07
2023-01-21,10,38.77
2023-01-21,11,41.28
2023-01-21,12,43.23
2023-01-21,13,38.85
2023-01-21,14,38.24
2023-01-21,15,38.11
2023-01-21,16,37.73
2023-01-21,17,39.15
2023-01-21,18,41.84
2023-01-21,19,37.57
2023-01-21,20,36.9
2023-01-21,21,36.78
2023-01-21,22,36.8
2023-01-21,23,35.65
2023-01-21,24,31.84
2023-01-22,1,35.94
2023-01-22,2,34.84
2023-01-22,3,14.38
2023-01-22,4,14.38
2023-01-22,5,31.46
2023-01-22,6,18.27
2023-01-22,7,24.98
2023-01-22,8,17.8
2023-01-22,9,35.5
2023-01-22,10,33.15
2023-01-22,11,36.43
2023-01-22,12,37.38
2023-01-22,13,37.7
2023-01-22,14,38.74
2023-01-22,15,37.6
2023-01-22,16,37.58
2023-01-22,17,40.65
2023-01-22,18,50.2
2023-01-22,19,47.45
2023-01-22,20,37.82
2023-01-22,21,36.59
2023-01-22,22,36.26
2023-01-22,23,36.02
2023-01-22,24,35.78
2023-01-23,1,33.94
2023-01-23,2,28.61
2023-01-23,3,14.36
2023-01-23,4,14.37
2023-01-23,5,14.33
2023-01-23,6,14.43
2023-01-23,7,37.05
2023-01-23,8,39.85
2023-01-23,9,41.83
2023-01-23,10,41.5
2023-01-23,11,42.84
2023-01-23,12,42.62
2023-01-23,13,38.35
2023-01-23,14,38.49
2023-01-23,15,35.14
2023-01-23,16,32.06
2023-01-23,17,29.56
2023-01-23,18,36.28
2023-01-23,19,31.26
2023-01-23,20,22.85
2023-01-23,21,16.54
2023-01-23,22,18.63
2023-01-23,23,9.14
2023-01-23,24,4.52
2023-01-24,1,4.34
2023-01-24,2,5.18
2023-01-24,3,12.75
2023-01-24,4,12.74
2023-01-24,5,3.23
2023-01-24,6,3.67
2023-01-24,7,15.01
2023-01-24,8,30.05
2023-01-24,9,26.32
2023-01-24,10,22.85
2023-01-24,11,22.9
2023-01-24,12,14.4
2023-01-24,13,17.09
2023-01-24,14,27.57
2023-01-24,15,36.8
2023-01-24,16,36.07
2023-01-24,17,37.82
2023-01-24,18,44.62
2023-01-24,19,43.1
2023-01-24,20,40.88
2023-01-24,21,37.25
2023-01-24,22,37.46
2023-01-24,23,36.83
2023-01-24,24,37.28
2023-01-25,1,36.9
2023-01-25,2,36.55
2023-01-25,3,35.73
2023-01-25,4,25.82
2023-01-25,5,15.99
2023-01-25,6,36.74
2023-01-25,7,37.38
2023-01-25,8,40.04
2023-01-25,9,41.06
2023-01-25,10,34.15
2023-01-25,11,35.71
2023-01-25,12,36.6
2023-01-25,13,35.35
2023-01-25,14,29.8
2023-01-25,15,18.79
2023-01-25,16,31.39
2023-01-25,17,37.42
2023-01-25,18,50.43
2023-01-25,19,44.3
2023-01-25,20,36.63
2023-01-25,21,36.45
2023-01-25,22,34.74
2023-01-25,23,19.61
2023-01-25,24,8.16
2023-01-26,1,7.22
2023-01-26,2,13.36
2023-01-26,3,18.39
2023-01-26,4,14.14
2023-01-26,5,21.32
2023-01-26,6,10.84
2023-01-26,7,12.28
2023-01-26,8,33.47
2023-01-26,9,34.74
2023-01-26,10,35.65
2023-01-26,11,37.65
2023-01-26,12,38.29
2023-01-26,13,37.16
2023-01-26,14,39.23
2023-01-26,15,36.01
2023-01-26,16,34.13
2023-01-26,17,34.14
2023-01-26,18,34.65
2023-01-26,19,35.39
2023-01-26,20,34.06
2023-01-26,21,32.8
2023-01-26,22,33.76
2023-01-26,23,18.95
2023-01-26,24,19.33
2023-01-27,1,12.33
2023-01-27,2,11.67
2023-01-27,3,12.27
2023-01-27,4,14.38
2023-01-27,5,20.44
2023-01-27,6,13.2
2023-01-27,7,23.78
2023-01-27,8,33.84
2023-01-27,9,40.65
2023-01-27,10,34.35
2023-01-27,11,32.51
2023-01-27,12,7.39
2023-01-27,13,13.02
2023-01-27,14,14.36
2023-01-27,15,17.1
2023-01-27,16,17.59
2023-01-27,17,15.48
2023-01-27,18,15.48
2023-01-27,19,27.34
2023-01-27,20,33.97
2023-01-27,21,19.92
2023-01-27,22,24.31
2023-01-27,23,11.54
2023-01-27,24,8.34
2023-01-28,1,4.15
2023-01-28,2,1.23
2023-01-28,3,4.55
2023-01-28,4,0.0
2023-01-28,5,0.0
2023-01-28,6,2.81
2023-01-28,7,11.02
2023-01-28,8,20.24
2023-01-28,9,30.45
2023-01-28,10,33.87
2023-01-28,11,31.38
2023-01-28,12,33.05
2023-01-28,13,14.34
2023-01-28,14,13.34
2023-01-28,15,21.84
2023-01-28,16,30.14
2023-01-28,17,26.31
2023-01-28,18,32.38
2023-01-28,19,35.96
2023-01-28,20,34.57
2023-01-28,21,32.97
2023-01-28,22,32.46
2023-01-28,23,32.21
2023-01-28,24,15.73
2023-01-29,1,26.06
2023-01-29,2,17.68
2023-01-29,3,16.49
2023-01-29,4,31.95
2023-01-29,5,17.46
2023-01-29,6,13.32
2023-01-29,7,13.34
2023-01-29,8,30.84
2023-01-29,9,19.8
2023-01-29,10,18.47
2023-01-29,11,28.39
2023-01-29,12,33.8
2023-01-29,13,33.13
2023-01-29,14,34.51
2023-01-29,15,13.76
2023-01-29,16,18.0
2023-01-29,17,33.48
2023-01-29,18,36.62
2023-01-29,19,38.72
2023-01-29,20,36.97
2023-01-29,21,36.52
2023-01-29,22,35.56
2023-01-29,23,29.55
2023-01-29,24,31.6
2023-01-30,1,20.27
2023-01-30,2,23.71
2023-01-30,3,14.38
2023-01-30,4,28.55
2023-01-30,5,15.61
2023-01-30,6,26.74
2023-01-30,7,35.62
2023-01-30,8,38.13
2023-01-30,9,45.65
2023-01-30,10,41.41
2023-01-30,11,49.66
2023-01-30,12,39.01
2023-01-30,13,39.13
2023-01-30,14,35.41
2023-01-30,15,35.48
2023-01-30,16,35.29
2023-01-30,17,34.41
2023-01-30,18,38.37
2023-01-30,19,46.58
2023-01-30,20,35.27
2023-01-30,21,35.16
2023-01-30,22,35.56
2023-01-30,23,30.2
2023-01-30,24,17.23
2023-01-31,1,15.88
2023-01-31,2,14.35
2023-01-31,3,23.22
2023-01-31,4,27.9
2023-01-31,5,11.57
2023-01-31,6,16.68
2023-01-31,7,33.82
2023-01-31,8,34.17
2023-01-31,9,43.75
2023-01-31,10,41.84
2023-01-31,11,33.58
2023-01-31,12,34.99
2023-01-31,13,33.48
2023-01-31,14,32.95
2023-01-31,15,33.0
2023-01-31,16,32.46
2023-01-31,17,36.94
2023-01-31,18,47.21
2023-01-31,19,49.29
2023-01-31,20,44.43
2023-01-31,21,46.45
2023-01-31,22,35.97
2023-01-31,23,33.59
2023-01-31,24,33.7
2023-02-01,1,33.31
2023-02-01,2,33.11
2023-02-01,3,32.11
2023-02-01,4,31.5
2023-02-01,5,32.65
2023-02-01,6,33.12
2023-02-01,7,39.1
2023-02-01,8,52.72
2023-02-01,9,46.68
2023-02-01,10,47.2
2023-02-01,11,38.55
2023-02-01,12,36.04
2023-02-01,13,25.12
2023-02-01,14,27.11
2023-02-01,15,26.13
2023-02-01,16,21.16
2023-02-01,17,29.04
2023-02-01,18,32.19
2023-02-01,19,32.63
2023-02-01,20,32.56
2023-02-01,21,30.09
2023-02-01,22,28.78
2023-02-01,23,5.17
2023-02-01,24,0.0
2023-02-02,1,0.0
2023-02-02,2,0.0
2023-02-02,3,0.0
2023-02-02,4,0.0
2023-02-02,5,0.0
2023-02-02,6,0.0
2023-02-02,7,0.41
2023-02-02,8,2.61
2023-02-02,9,5.1
2023-02-02,10,3.57
2023-02-02,11,3.6
2023-02-02,12,0.0
2023-02-02,13,0.0
2023-02-02,14,0.0
2023-02-02,15,13.34
2023-02-02,16,8.3
2023-02-02,17,6.03
2023-02-02,18,5.18
2023-02-02,19,5.64
2023-02-02,20,12.72
2023-02-02,21,10.32
2023-02-02,22,8.27
2023-02-02,23,0.0
2023-02-02,24,0.0
2023-02-03,1,1.24
2023-02-03,2,0.0
2023-02-03,3,0.0
2023-02-03,4,0.0
2023-02-03,5,1.91
2023-02-03,6,30.8
2023-02-03,7,35.32
2023-02-03,8,36.82
2023-02-03,9,37.24
2023-02-03,10,37.32
2023-02-03,11,36.63
2023-02-03,12,35.12
2023-02-03,13,34.84
2023-02-03,14,36.55
2023-02-03,15,37.26
2023-02-03,16,42.39
2023-02-03,17,44.04
2023-02-03,18,54.54
2023-02-03,19,93.83
2023-02-03,20,171.06
2023-02-03,21,77.71
2023-02-03,22,61.94
2023-02-03,23,49.18
2023-02-03,24,44.95
2023-02-04,1,94.64
2023-02-04,2,41.57
2023-02-04,3,45.27
2023-02-04,4,35.73
2023-02-04,5,38.24
2023-02-04,6,36.34
2023-02-04,7,34.45
2023-02-04,8,34.52
2023-02-04,9,34.4
2023-02-04,10,36.36
2023-02-04,11,35.13
2023-02-04,12,33.26
2023-02-04,13,34.55
2023-02-04,14,34.61
2023-02-04,15,33.16
2023-02-04,16,32.7
2023-02-04,17,34.05
2023-02-04,18,37.79
2023-02-04,19,38.74
2023-02-04,20,34.48
2023-02-04,21,34.48
2023-02-04,22,37.64
2023-02-04,23,44.9
2023-02-04,24,24.35
2023-02-05,1,6.49
2023-02-05,2,2.63
2023-02-05,3,3.5
2023-02-05,4,3.69
2023-02-05,5,0.4
2023-02-05,6,6.43
2023-02-05,7,12.73
2023-02-05,8,10.38
2023-02-05,9,12.15
2023-02-05,10,21.53
2023-02-05,11,29.53
2023-02-05,12,13.37
2023-02-05,13,29.17
2023-02-05,14,13.32
2023-02-05,15,13.3
2023-02-05,16,9.65
2023-02-05,17,26.24
2023-02-05,18,30.89
2023-02-05,19,35.78
2023-02-05,20,33.79
2023-02-05,21,31.95
2023-02-05,22,23.83
2023-02-05,23,10.73
2023-02-05,24,7.54
2023-02-06,1,4.18
2023-02-06,2,5.92
2023-02-06,3,13.32
2023-02-06,4,13.35
2023-02-06,5,14.7
2023-02-06,6,22.19
2023-02-06,7,33.34
2023-02-06,8,34.66
2023-02-06,9,38.71
2023-02-06,10,36.2
2023-02-06,11,33.11
2023-02-06,12,30.13
2023-02-06,13,26.8
2023-02-06,14,24.56
2023-02-06,15,24.17
2023-02-06,16,27.19
2023-02-06,17,26.48
2023-02-06,18,35.92
2023-02-06,19,36.98
2023-02-06,20,32.82
2023-02-06,21,31.36
2023-02-06,22,22.42
2023-02-06,23,4.67
2023-02-06,24,6.0
2023-02-07,1,4.48
2023-02-07,2,5.89
2023-02-07,3,13.31
2023-02-07,4,13.36
2023-02-07,5,13.34
2023-02-07,6,6.03
2023-02-07,7,9.62
2023-02-07,8,23.2
2023-02-07,9,25.43
2023-02-07,10,14.37
2023-02-07,11,14.33
2023-02-07,12,33.14
2023-02-07,13,16.41
2023-02-07,14,11.95
2023-02-07,15,13.34
2023-02-07,16,14.46
2023-02-07,17,19.74
2023-02-07,18,19.74
2023-02-07,19,23.16
2023-02-07,20,26.24
2023-02-07,21,20.87
2023-02-07,22,26.03
2023-02-07,23,33.85
2023-02-07,24,22.15
2023-02-08,1,14.0
2023-02-08,2,13.35
2023-02-08,3,13.36
2023-02-08,4,20.98
2023-02-08,5,33.05
2023-02-08,6,22.21
2023-02-08,7,41.91
2023-02-08,8,31.77
2023-02-08,9,14.18
2023-02-08,10,13.35
2023-02-08,11,11.05
2023-02-08,12,4.26
2023-02-08,13,2.34
2023-02-08,14,0.41
2023-02-08,15,4.05
2023-02-08,16,7.4
2023-02-08,17,11.23
2023-02-08,18,27.36
2023-02-08,19,18.74
2023-02-08,20,17.68
2023-02-08,21,14.34
2023-02-08,22,12.74
2023-02-08,23,22.12
2023-02-08,24,18.25
2023-02-09,1,15.45
2023-02-09,2,14.37
2023-02-09,3,25.72
2023-02-09,4,18.29
2023-02-09,5,14.33
2023-02-09,6,7.43
2023-02-09,7,5.15
2023-02-09,8,5.02
2023-02-09,9,14.33
2023-02-09,10,31.7
2023-02-09,11,76.58
2023-02-09,12,25.98
2023-02-09,13,14.37
2023-02-09,14,14.37
2023-02-09,15,14.4
2023-02-09,16,14.34
2023-02-09,17,24.62
2023-02-09,18,95.04
2023-02-09,19,14.38
2023-02-09,20,8.13
2023-02-09,21,8.81
2023-02-09,22,12.93
2023-02-09,23,7.82
2023-02-09,24,3.12
2023-02-10,1,2.81
2023-02-10,2,1.32
2023-02-10,3,0.0
2023-02-10,4,0.0
2023-02-10,5,0.0
2023-02-10,6,6.42
2023-02-10,7,15.39
2023-02-10,8,23.87
2023-02-10,9,50.97
2023-02-10,10,74.56
2023-02-10,11,17.44
2023-02-10,12,14.36
2023-02-10,13,14.37
2023-02-10,14,13.92
2023-02-10,15,13.43
2023-02-10,16,24.85
2023-02-10,17,41.32
2023-02-10,18,50.5
2023-02-10,19,18.32
2023-02-10,20,14.39
2023-02-10,21,16.81
2023-02-10,22,11.65
2023-02-10,23,11.26
2023-02-10,24,12.98
2023-02-11,1,13.67
2023-02-11,2,14.36
2023-02-11,3,26.22
2023-02-11,4,43.54
2023-02-11,5,61.1
2023-02-11,6,39.56
2023-02-11,7,20.84
2023-02-11,8,28.9
2023-02-11,9,14.38
2023-02-11,10,16.38
2023-02-11,11,35.0
2023-02-11,12,14.2
2023-02-11,13,17.33
2023-02-11,14,11.67
2023-02-11,15,6.24
2023-02-11,16,0.0
2023-02-11,17,5.41
2023-02-11,18,36.87
2023-02-11,19,19.18
2023-02-11,20,15.33
2023-02-11,21,13.16
2023-02-11,22,14.0
2023-02-11,23,15.97
2023-02-11,24,8.34
2023-02-12,1,7.23
2023-02-12,2,14.48
2023-02-12,3,38.49
2023-02-12,4,32.24
2023-02-12,5,32.05
2023-02-12,6,28.22
2023-02-12,7,21.64
2023-02-12,8,16.87
2023-02-12,9,13.36
2023-02-12,10,13.37
2023-02-12,11,13.35
2023-02-12,12,15.52
2023-02-12,13,20.94
2023-02-12,14,13.35
2023-02-12,15,13.34
2023-02-12,16,9.02
2023-02-12,17,14.6
2023-02-12,18,31.49
2023-02-12,19,31.81
2023-02-12,20,25.07
2023-02-12,21,15.23
2023-02-12,22,16.82
2023-02-12,23,13.65
2023-02-12,24,18.18
2023-02-13,1,14.38
2023-02-13,2,13.34
2023-02-13,3,16.5
2023-02-13,4,17.61
2023-02-13,5,10.32
2023-02-13,6,7.82
2023-02-13,7,8.61
2023-02-13,8,14.8
2023-02-13,9,13.34
2023-02-13,10,12.32
2023-02-13,11,16.1
2023-02-13,12,15.67
2023-02-13,13,9.0
2023-02-13,14,2.71
2023-02-13,15,20.98
2023-02-13,16,32.97
2023-02-13,17,31.81
2023-02-13,18,36.77
2023-02-13,19,22.96
2023-02-13,20,20.81
2023-02-13,21,33.25
2023-02-13,22,12.46
2023-02-13,23,12.23
2023-02-13,24,11.42
2023-02-14,1,13.33
2023-02-14,2,15.25
2023-02-14,3,25.1
2023-02-14,4,21.17
2023-02-14,5,21.9
2023-02-14,6,12.48
2023-02-14,7,9.63
2023-02-14,8,18.07
2023-02-14,9,7.45
2023-02-14,10,4.87
2023-02-14,11,6.64
2023-02-14,12,13.34
2023-02-14,13,21.1
2023-02-14,14,14.38
2023-02-14,15,1.67
2023-02-14,16,2.78
2023-02-14,17,5.49
2023-02-14,18,14.34
2023-02-14,19,5.38
2023-02-14,20,5.48
2023-02-14,21,8.66
2023-02-14,22,5.59
2023-02-14,23,2.87
2023-02-14,24,0.83
2023-02-15,1,0.0
2023-02-15,2,0.0
2023-02-15,3,0.0
2023-02-15,4,0.0
2023-02-15,5,0.0
2023-02-15,6,0.0
2023-02-15,7,1.9
2023-02-15,8,2.62
2023-02-15,9,0.41
2023-02-15,10,4.71
2023-02-15,11,13.34
2023-02-15,12,6.14
2023-02-15,13,4.62
2023-02-15,14,0.0
2023-02-15,15,0.0
2023-02-15,16,0.0
2023-02-15,17,0.42
2023-02-15,18,5.73
2023-02-15,19,13.31
2023-02-15,20,12.78
2023-02-15,21,13.36
2023-02-15,22,9.13
2023-02-15,23,4.93
2023-02-15,24,6.76
2023-02-16,1,5.96
2023-02-16,2,5.79
2023-02-16,3,6.08
2023-02-16,4,14.33
2023-02-16,5,22.33
2023-02-16,6,16.05
2023-02-16,7,24.29
2023-02-16,8,43.71
2023-02-16,9,43.19
2023-02-16,10,21.91
2023-02-16,11,31.47
2023-02-16,12,33.23
2023-02-16,13,30.57
2023-02-16,14,20.65
2023-02-16,15,15.98
2023-02-16,16,14.39
2023-02-16,17,24.84
2023-02-16,18,29.92
2023-02-16,19,31.54
2023-02-16,20,37.98
2023-02-16,21,34.62
2023-02-16,22,34.66
2023-02-16,23,35.57
2023-02-16,24,19.35
2023-02-17,1,26.96
2023-02-17,2,38.61
2023-02-17,3,34.06
2023-02-17,4,14.34
2023-02-17,5,15.85
2023-02-17,6,15.79
2023-02-17,7,10.99
2023-02-17,8,29.81
2023-02-17,9,49.6
2023-02-17,10,66.23
2023-02-17,11,32.09
2023-02-17,12,33.16
2023-02-17,13,31.05
2023-02-17,14,30.49
2023-02-17,15,30.29
2023-02-17,16,31.55
2023-02-17,17,35.89
2023-02-17,18,39.64
2023-02-17,19,69.1
2023-02-17,20,61.47
2023-02-17,21,37.42
2023-02-17,22,35.87
2023-02-17,23,31.91
2023-02-17,24,23.25
2023-02-18,1,15.82
2023-02-18,2,16.44
2023-02-18,3,15.63
2023-02-18,4,14.34
2023-02-18,5,14.33
2023-02-18,6,14.31
2023-02-18,7,14.33
2023-02-18,8,8.13
2023-02-18,9,14.33
2023-02-18,10,14.46
2023-02-18,11,15.23
2023-02-18,12,65.41
2023-02-18,13,42.29
2023-02-18,14,14.37
2023-02-18,15,10.37
2023-02-18,16,12.27
2023-02-18,17,7.55
2023-02-18,18,18.16
2023-02-18,19,28.38
2023-02-18,20,14.36
2023-02-18,21,23.87
2023-02-18,22,13.04
2023-02-18,23,13.62
2023-02-18,24,12.19
2023-02-19,1,9.19
2023-02-19,2,1.37
2023-02-19,3,4.66
2023-02-19,4,5.62
2023-02-19,5,2.72
2023-02-19,6,3.82
2023-02-19,7,4.23
2023-02-19,8,4.88
2023-02-19,9,6.0
2023-02-19,10,4.87
2023-02-19,11,2.88
2023-02-19,12,0.41
2023-02-19,13,0.82
2023-02-19,14,0.0
2023-02-19,15,0.9
2023-02-19,16,1.83
2023-02-19,17,5.93
2023-02-19,18,7.15
2023-02-19,19,5.87
2023-02-19,20,5.63
2023-02-19,21,12.13
2023-02-19,22,13.36
2023-02-19,23,13.32
2023-02-19,24,13.33
2023-02-20,1,9.22
2023-02-20,2,13.3
2023-02-20,3,13.35
2023-02-20,4,16.59
2023-02-20,5,13.34
2023-02-20,6,6.86
2023-02-20,7,6.89
2023-02-20,8,8.99
2023-02-20,9,13.34
2023-02-20,10,13.34
2023-02-20,11,13.55
2023-02-20,12,26.31
2023-02-20,13,17.18
2023-02-20,14,10.37
2023-02-20,15,5.69
2023-02-20,16,4.22
2023-02-20,17,18.83
2023-02-20,18,30.26
2023-02-20,19,30.9
2023-02-20,20,29.54
2023-02-20,21,27.93
2023-02-20,22,29.66
2023-02-20,23,24.1
2023-02-20,24,17.93
2023-02-21,1,13.34
2023-02-21,2,6.18
2023-02-21,3,4.93
2023-02-21,4,10.92
2023-02-21,5,10.26
2023-02-21,6,12.76
2023-02-21,7,30.35
2023-02-21,8,34.84
2023-02-21,9,32.02
2023-02-21,10,27.8
2023-02-21,11,8.43
2023-02-21,12,12.24
2023-02-21,13,14.35
2023-02-21,14,14.35
2023-02-21,15,21.18
2023-02-21,16,17.76
2023-02-21,17,17.01
2023-02-21,18,36.68
2023-02-21,19,36.93
2023-02-21,20,29.96
2023-02-21,21,29.15
2023-02-21,22,28.98
2023-02-21,23,31.36
2023-02-21,24,28.06
2023-02-22,1,36.4
2023-02-22,2,32.4
2023-02-22,3,28.91
2023-02-22,4,26.49
2023-02-22,5,18.51
2023-02-22,6,16.66
2023-02-22,7,29.92
2023-02-22,8,30.92
2023-02-22,9,29.74
2023-02-22,10,29.53
2023-02-22,11,28.28
2023-02-22,12,29.65
2023-02-22,13,28.56
2023-02-22,14,29.68
2023-02-22,15,27.94
2023-02-22,16,26.75
2023-02-22,17,28.73
2023-02-22,18,38.65
2023-02-22,19,41.35
2023-02-22,20,32.99
2023-02-22,21,27.93
2023-02-22,22,29.05
2023-02-22,23,29.51
2023-02-22,24,28.44
2023-02-23,1,46.06
2023-02-23,2,31.68
2023-02-23,3,26.41
2023-02-23,4,26.69
2023-02-23,5,14.61
2023-02-23,6,15.1
2023-02-23,7,27.13
2023-02-23,8,31.26
2023-02-23,9,35.33
2023-02-23,10,35.91
2023-02-23,11,40.34
2023-02-23,12,36.8
2023-02-23,13,35.48
2023-02-23,14,36.98
2023-02-23,15,37.11
2023-02-23,16,34.13
2023-02-23,17,34.12
2023-02-23,18,32.88
2023-02-23,19,33.11
2023-02-23,20,32.78
2023-02-23,21,32.4
2023-02-23,22,30.49
2023-02-23,23,28.42
2023-02-23,24,30.59
2023-02-24,1,35.88
2023-02-24,2,25.18
2023-02-24,3,28.58
2023-02-24,4,27.31
2023-02-24,5,29.92
2023-02-24,6,28.88
2023-02-24,7,34.57
2023-02-24,8,44.38
2023-02-24,9,36.41
2023-02-24,10,34.39
2023-02-24,11,33.99
2023-02-24,12,32.77
2023-02-24,13,29.49
2023-02-24,14,23.6
2023-02-24,15,20.83
2023-02-24,16,19.77
2023-02-24,17,28.33
2023-02-24,18,28.52
2023-02-24,19,34.41
2023-02-24,20,35.95
2023-02-24,21,32.88
2023-02-24,22,36.36
2023-02-24,23,33.71
2023-02-24,24,34.05
2023-02-25,1,35.83
2023-02-25,2,34.22
2023-02-25,3,35.33
2023-02-25,4,37.8
2023-02-25,5,35.73
2023-02-25,6,32.93
2023-02-25,7,34.66
2023-02-25,8,34.75
2023-02-25,9,34.71
2023-02-25,10,39.07
2023-02-25,11,43.19
2023-02-25,12,35.29
2023-02-25,13,35.32
2023-02-25,14,34.57
2023-02-25,15,33.81
2023-02-25,16,28.19
2023-02-25,17,31.87
2023-02-25,18,36.53
2023-02-25,19,34.91
2023-02-25,20,37.44
2023-02-25,21,40.06
2023-02-25,22,33.87
2023-02-25,23,32.23
2023-02-25,24,29.76
2023-02-26,1,30.57
2023-02-26,2,31.88
2023-02-26,3,16.61
2023-02-26,4,14.36
2023-02-26,5,19.76
2023-02-26,6,33.02
2023-02-26,7,40.22
2023-02-26,8,35.5
2023-02-26,9,30.25
2023-02-26,10,30.87
2023-02-26,11,30.72
2023-02-26,12,30.8
2023-02-26,13,28.9
2023-02-26,14,13.0
2023-02-26,15,1.37
2023-02-26,16,3.63
2023-02-26,17,19.67
2023-02-26,18,29.43
2023-02-26,19,35.12
2023-02-26,20,33.58
2023-02-26,21,36.65
2023-02-26,22,34.65
2023-02-26,23,32.35
2023-02-26,24,23.94
2023-02-27,1,21.83
2023-02-27,2,26.14
2023-02-27,3,24.72
2023-02-27,4,21.43
2023-02-27,5,14.37
2023-02-27,6,22.92
2023-02-27,7,30.8
2023-02-27,8,33.49
2023-02-27,9,33.42
2023-02-27,10,29.17
2023-02-27,11,33.19
2023-02-27,12,31.87
2023-02-27,13,33.64
2023-02-27,14,33.06
2023-02-27,15,31.93
2023-02-27,16,30.86
2023-02-27,17,30.86
2023-02-27,18,32.7
2023-02-27,19,36.82
2023-02-27,20,38.74
2023-02-27,21,38.05
2023-02-27,22,39.32
2023-02-27,23,32.61
2023-02-27,24,55.21
2023-02-28,1,31.3
2023-02-28,2,30.65
2023-02-28,3,16.37
2023-02-28,4,14.34
2023-02-28,5,13.63
2023-02-28,6,5.82
2023-02-28,7,33.45
2023-02-28,8,35.52
2023-02-28,9,36.14
2023-02-28,10,33.54
2023-02-28,11,36.11
2023-02-28,12,35.07
2023-02-28,13,36.0
2023-02-28,14,34.5
2023-02-28,15,31.58
2023-02-28,16,27.89
2023-02-28,17,31.41
2023-02-28,18,37.02
2023-02-28,19,36.14
2023-02-28,20,31.11
2023-02-28,21,26.72
2023-02-28,22,25.91
2023-02-28,23,19.11
2023-02-28,24,14.97
2023-03-01,1,28.84
2023-03-01,2,24.19
2023-03-01,3,28.56
2023-03-01,4,11.41
2023-03-01,5,7.99
2023-03-01,6,30.53
2023-03-01,7,35.37
2023-03-01,8,34.45
2023-03-01,9,32.72
2023-03-01,10,32.5
2023-03-01,11,35.28
2023-03-01,12,35.94
2023-03-01,13,34.03
2023-03-01,14,29.95
2023-03-01,15,29.44
2023-03-01,16,18.31
2023-03-01,17,27.27
2023-03-01,18,31.5
2023-03-01,19,30.76
2023-03-01,20,31.51
2023-03-01,21,31.0
2023-03-01,22,29.51
2023-03-01,23,34.63
2023-03-01,24,36.2
2023-03-02,1,32.28
2023-03-02,2,27.36
2023-03-02,3,21.14
2023-03-02,4,29.86
2023-03-02,5,31.94
2023-03-02,6,32.61
2023-03-02,7,32.98
2023-03-02,8,38.35
2023-03-02,9,38.2
2023-03-02,10,35.1
2023-03-02,11,36.51
2023-03-02,12,39.23
2023-03-02,13,34.75
2023-03-02,14,34.68
2023-03-02,15,32.52
2023-03-02,16,24.64
2023-03-02,17,31.63
2023-03-02,18,32.75
2023-03-02,19,38.0
2023-03-02,20,35.52
2023-03-02,21,33.61
2023-03-02,22,32.55
2023-03-02,23,32.48
2023-03-02,24,29.98
2023-03-03,1,32.65
2023-03-03,2,27.09
2023-03-03,3,32.68
2023-03-03,4,32.67
2023-03-03,5,26.34
2023-03-03,6,31.82
2023-03-03,7,33.97
2023-03-03,8,34.09
2023-03-03,9,34.06
2023-03-03,10,32.77
2023-03-03,11,34.26
2023-03-03,12,33.68
2023-03-03,13,32.79
2023-03-03,14,33.12
2023-03-03,15,31.91
2023-03-03,16,24.49
2023-03-03,17,30.88
2023-03-03,18,22.9
2023-03-03,19,9.45
2023-03-03,20,14.36
2023-03-03,21,34.01
2023-03-03,22,32.79
2023-03-03,23,23.63
2023-03-03,24,9.04
2023-03-04,1,10.33
2023-03-04,2,13.35
2023-03-04,3,13.37
2023-03-04,4,13.37
2023-03-04,5,13.35
2023-03-04,6,13.35
2023-03-04,7,8.46
2023-03-04,8,22.87
2023-03-04,9,34.35
2023-03-04,10,35.4
2023-03-04,11,35.99
2023-03-04,12,35.37
2023-03-04,13,36.0
2023-03-04,14,35.47
2023-03-04,15,32.69
2023-03-04,16,32.53
2023-03-04,17,26.63
2023-03-04,18,33.15
2023-03-04,19,37.65
2023-03-04,20,35.78
2023-03-04,21,36.78
2023-03-04,22,36.41
2023-03-04,23,35.5
2023-03-04,24,34.58
2023-03-05,1,35.28
2023-03-05,2,35.26
2023-03-05,3,35.25
2023-03-05,4,34.0
2023-03-05,5,33.53
2023-03-05,6,32.66
2023-03-05,7,27.1
2023-03-05,8,22.97
2023-03-05,9,34.62
2023-03-05,10,34.45
2023-03-05,11,35.38
2023-03-05,12,34.47
2023-03-05,13,33.16
2023-03-05,14,33.12
2023-03-05,15,29.57
2023-03-05,16,31.81
2023-03-05,17,30.09
2023-03-05,18,34.05
2023-03-05,19,60.88
2023-03-05,20,47.81
2023-03-05,21,38.37
2023-03-05,22,36.23
2023-03-05,23,33.95
2023-03-05,24,37.36
2023-03-06,1,33.13
2023-03-06,2,27.83
2023-03-06,3,32.06
2023-03-06,4,30.47
2023-03-06,5,14.36
2023-03-06,6,19.15
2023-03-06,7,29.2
2023-03-06,8,35.38
2023-03-06,9,33.75
2023-03-06,10,32.77
2023-03-06,11,31.89
2023-03-06,12,24.43
2023-03-06,13,15.95
2023-03-06,14,27.27
2023-03-06,15,34.72
2023-03-06,16,33.87
2023-03-06,17,34.8
2023-03-06,18,29.6
2023-03-06,19,29.49
2023-03-06,20,31.53
2023-03-06,21,29.12
2023-03-06,22,30.17
2023-03-06,23,35.33
2023-03-06,24,19.67
2023-03-07,1,8.6
2023-03-07,2,11.39
2023-03-07,3,12.6
2023-03-07,4,14.36
2023-03-07,5,21.55
2023-03-07,6,16.01
2023-03-07,7,12.3
2023-03-07,8,10.56
2023-03-07,9,8.49
2023-03-07,10,2.5
2023-03-07,11,0.41
2023-03-07,12,4.55
2023-03-07,13,0.0
2023-03-07,14,0.0
2023-03-07,15,0.0
2023-03-07,16,0.82
2023-03-07,17,4.93
2023-03-07,18,12.78
2023-03-07,19,20.48
2023-03-07,20,28.68
2023-03-07,21,31.8
2023-03-07,22,76.59
2023-03-07,23,29.09
2023-03-07,24,9.89
2023-03-08,1,5.85
2023-03-08,2,14.36
2023-03-08,3,27.22
2023-03-08,4,23.3
2023-03-08,5,10.15
2023-03-08,6,5.17
2023-03-08,7,12.3
2023-03-08,8,30.46
2023-03-08,9,18.26
2023-03-08,10,2.71
2023-03-08,11,5.14
2023-03-08,12,4.68
2023-03-08,13,4.64
2023-03-08,14,0.0
2023-03-08,15,0.0
2023-03-08,16,0.42
2023-03-08,17,6.96
2023-03-08,18,20.32
2023-03-08,19,30.84
2023-03-08,20,32.26
2023-03-08,21,30.57
2023-03-08,22,36.05
2023-03-08,23,30.11
2023-03-08,24,19.93
2023-03-09,1,16.73
2023-03-09,2,28.87
2023-03-09,3,27.97
2023-03-09,4,14.36
2023-03-09,5,10.27
2023-03-09,6,21.32
2023-03-09,7,34.61
2023-03-09,8,36.18
2023-03-09,9,31.91
2023-03-09,10,31.86
2023-03-09,11,31.72
2023-03-09,12,31.63
2023-03-09,13,31.86
2023-03-09,14,18.16
2023-03-09,15,18.72
2023-03-09,16,20.8
2023-03-09,17,30.62
2023-03-09,18,32.21
2023-03-09,19,32.87
2023-03-09,20,32.3
2023-03-09,21,31.61
2023-03-09,22,32.92
2023-03-09,23,32.21
2023-03-09,24,27.02
2023-03-10,1,33.32
2023-03-10,2,32.24
2023-03-10,3,24.04
2023-03-10,4,17.17
2023-03-10,5,0.0
2023-03-10,6,1.33
2023-03-10,7,17.26
2023-03-10,8,19.12
2023-03-10,9,25.55
2023-03-10,10,29.75
2023-03-10,11,32.14
2023-03-10,12,32.41
2023-03-10,13,30.47
2023-03-10,14,20.59
2023-03-10,15,16.93
2023-03-10,16,11.01
2023-03-10,17,31.54
2023-03-10,18,24.88
2023-03-10,19,18.96
2023-03-10,20,27.47
2023-03-10,21,25.09
2023-03-10,22,33.9
2023-03-10,23,34.48
2023-03-10,24,18.13
2023-03-11,1,29.87
2023-03-11,2,31.34
2023-03-11,3,35.74
2023-03-11,4,30.18
2023-03-11,5,26.71
2023-03-11,6,28.94
2023-03-11,7,26.18
2023-03-11,8,27.01
2023-03-11,9,29.57
2023-03-11,10,29.64
2023-03-11,11,29.28
2023-03-11,12,31.32
2023-03-11,13,30.35
2023-03-11,14,29.33
2023-03-11,15,30.16
2023-03-11,16,31.36
2023-03-11,17,33.45
2023-03-11,18,32.93
2023-03-11,19,34.53
2023-03-11,20,36.52
2023-03-11,21,36.34
2023-03-11,22,32.87
2023-03-11,23,31.04
2023-03-11,24,30.93
2023-03-12,1,22.12
2023-03-12,2,30.57
2023-03-12,3,30.19
2023-03-12,4,30.27
2023-03-12,5,29.25
2023-03-12,6,30.2
2023-03-12,7,29.56
2023-03-12,8,21.73
2023-03-12,9,26.03
2023-03-12,10,27.69
2023-03-12,11,30.16
2023-03-12,12,33.64
2023-03-12,13,30.31
2023-03-12,14,31.79
2023-03-12,15,30.96
2023-03-12,16,30.07
2023-03-12,17,30.16
2023-03-12,18,29.57
2023-03-12,19,30.2
2023-03-12,20,29.51
2023-03-12,21,29.27
2023-03-12,22,34.25
2023-03-12,23,33.18
2023-03-12,24,31.14
2023-03-13,1,25.34
2023-03-13,2,24.86
2023-03-13,3,30.19
2023-03-13,4,30.29
2023-03-13,5,31.0
2023-03-13,6,35.17
2023-03-13,7,39.62
2023-03-13,8,41.05
2023-03-13,9,43.07
2023-03-13,10,43.89
2023-03-13,11,38.22
2023-03-13,12,35.08
2023-03-13,13,34.88
2023-03-13,14,32.29
2023-03-13,15,31.18
2023-03-13,16,31.3
2023-03-13,17,31.68
2023-03-13,18,30.66
2023-03-13,19,31.82
2023-03-13,20,30.62
2023-03-13,21,32.01
2023-03-13,22,31.82
2023-03-13,23,31.56
2023-03-13,24,31.32
2023-03-14,1,18.89
2023-03-14,2,33.94
2023-03-14,3,30.25
2023-03-14,4,20.31
2023-03-14,5,29.38
2023-03-14,6,30.17
2023-03-14,7,40.44
2023-03-14,8,34.76
2023-03-14,9,32.53
2023-03-14,10,32.62
2023-03-14,11,30.31
2023-03-14,12,14.67
2023-03-14,13,5.18
2023-03-14,14,8.63
2023-03-14,15,13.29
2023-03-14,16,13.32
2023-03-14,17,13.33
2023-03-14,18,21.53
2023-03-14,19,31.21
2023-03-14,20,32.46
2023-03-14,21,31.81
2023-03-14,22,34.06
2023-03-14,23,15.56
2023-03-14,24,16.18
2023-03-15,1,13.36
2023-03-15,2,17.46
2023-03-15,3,21.03
2023-03-15,4,13.88
2023-03-15,5,23.67
2023-03-15,6,33.13
2023-03-15,7,52.23
2023-03-15,8,40.14
2023-03-15,9,37.25
2023-03-15,10,32.48
2023-03-15,11,35.73
2023-03-15,12,31.95
2023-03-15,13,28.39
2023-03-15,14,18.1
2023-03-15,15,13.33
2023-03-15,16,15.67
2023-03-15,17,20.63
2023-03-15,18,28.15
2023-03-15,19,30.06
2023-03-15,20,30.04
2023-03-15,21,26.14
2023-03-15,22,13.01
2023-03-15,23,12.71
2023-03-15,24,16.08
2023-03-16,1,21.59
2023-03-16,2,18.51
2023-03-16,3,21.53
2023-03-16,4,29.51
2023-03-16,5,25.64
2023-03-16,6,22.98
2023-03-16,7,28.78
2023-03-16,8,25.92
2023-03-16,9,27.25
2023-03-16,10,20.15
2023-03-16,11,28.32
2023-03-16,12,24.87
2023-03-16,13,16.23
2023-03-16,14,13.3
2023-03-16,15,12.17
2023-03-16,16,11.45
2023-03-16,17,12.04
2023-03-16,18,13.31
2023-03-16,19,9.63
2023-03-16,20,3.43
2023-03-16,21,13.32
2023-03-16,22,12.07
2023-03-16,23,14.63
2023-03-16,24,13.3
2023-03-17,1,13.32
2023-03-17,2,13.34
2023-03-17,3,13.31
2023-03-17,4,13.37
2023-03-17,5,12.11
2023-03-17,6,7.17
2023-03-17,7,10.14
2023-03-17,8,15.16
2023-03-17,9,26.27
2023-03-17,10,31.13
2023-03-17,11,31.58
2023-03-17,12,30.2
2023-03-17,13,18.04
2023-03-17,14,13.69
2023-03-17,15,14.36
2023-03-17,16,23.58
2023-03-17,17,13.34
2023-03-17,18,13.32
2023-03-17,19,12.71
2023-03-17,20,13.35
2023-03-17,21,14.12
2023-03-17,22,14.41
2023-03-17,23,11.59
2023-03-17,24,18.02
2023-03-18,1,22.04
2023-03-18,2,28.98
2023-03-18,3,27.66
2023-03-18,4,13.3
2023-03-18,5,5.82
2023-03-18,6,11.39
2023-03-18,7,16.64
2023-03-18,8,9.8
2023-03-18,9,7.93
2023-03-18,10,6.08
2023-03-18,11,14.27
2023-03-18,12,28.6
2023-03-18,13,16.69
2023-03-18,14,10.35
2023-03-18,15,6.01
2023-03-18,16,9.07
2023-03-18,17,15.01
2023-03-18,18,11.63
2023-03-18,19,12.96
2023-03-18,20,13.65
2023-03-18,21,10.88
2023-03-18,22,8.69
2023-03-18,23,10.84
2023-03-18,24,15.4
2023-03-19,1,16.58
2023-03-19,2,14.38
2023-03-19,3,17.81
2023-03-19,4,28.37
2023-03-19,5,27.17
2023-03-19,6,27.72
2023-03-19,7,16.57
2023-03-19,8,24.06
2023-03-19,9,13.95
2023-03-19,10,5.79
2023-03-19,11,5.95
2023-03-19,12,14.34
2023-03-19,13,6.03
2023-03-19,14,9.97
2023-03-19,15,13.3
2023-03-19,16,12.13
2023-03-19,17,9.08
2023-03-19,18,12.76
2023-03-19,19,16.24
2023-03-19,20,15.48
2023-03-19,21,11.1
2023-03-19,22,19.0
2023-03-19,23,8.94
2023-03-19,24,11.23
2023-03-20,1,14.38
2023-03-20,2,14.39
2023-03-20,3,22.98
2023-03-20,4,11.64
2023-03-20,5,7.61
2023-03-20,6,20.22
2023-03-20,7,29.91
2023-03-20,8,25.11
2023-03-20,9,5.88
2023-03-20,10,3.66
2023-03-20,11,2.13
2023-03-20,12,10.29
2023-03-20,13,12.63
2023-03-20,14,10.22
2023-03-20,15,5.59
2023-03-20,16,4.68
2023-03-20,17,14.54
2023-03-20,18,12.95
2023-03-20,19,27.56
2023-03-20,20,10.91
2023-03-20,21,20.6
2023-03-20,22,12.93
2023-03-20,23,30.42
2023-03-20,24,33.48
2023-03-21,1,9.42
2023-03-21,2,5.16
2023-03-21,3,6.7
2023-03-21,4,2.52
2023-03-21,5,5.53
2023-03-21,6,28.98
2023-03-21,7,64.87
2023-03-21,8,36.91
2023-03-21,9,28.89
2023-03-21,10,22.09
2023-03-21,11,23.36
2023-03-21,12,28.63
2023-03-21,13,20.16
2023-03-21,14,20.67
2023-03-21,15,20.96
2023-03-21,16,23.22
2023-03-21,17,27.75
2023-03-21,18,27.03
2023-03-21,19,28.9
2023-03-21,20,28.8
2023-03-21,21,24.0
2023-03-21,22,19.19
2023-03-21,23,18.85
2023-03-21,24,13.48
2023-03-22,1,9.26
2023-03-22,2,2.18
2023-03-22,3,9.44
2023-03-22,4,19.4
2023-03-22,5,27.97
2023-03-22,6,52.39
2023-03-22,7,51.43
2023-03-22,8,28.37
2023-03-22,9,28.23
2023-03-22,10,29.34
2023-03-22,11,27.45
2023-03-22,12,27.87
2023-03-22,13,13.37
2023-03-22,14,23.32
2023-03-22,15,29.19
2023-03-22,16,27.16
2023-03-22,17,28.27
2023-03-22,18,26.71
2023-03-22,19,27.52
2023-03-22,20,26.92
2023-03-22,21,20.41
2023-03-22,22,3.72
2023-03-22,23,2.43
2023-03-22,24,5.47
2023-03-23,1,12.83
2023-03-23,2,22.93
2023-03-23,3,18.33
2023-03-23,4,21.53
2023-03-23,5,21.59
2023-03-23,6,31.88
2023-03-23,7,31.71
2023-03-23,8,26.95
2023-03-23,9,28.02
2023-03-23,10,26.82
2023-03-23,11,29.48
2023-03-23,12,29.66
2023-03-23,13,29.56
2023-03-23,14,28.14
2023-03-23,15,12.94
2023-03-23,16,20.89
2023-03-23,17,27.13
2023-03-23,18,28.94
2023-03-23,19,30.59
2023-03-23,20,30.42
2023-03-23,21,29.58
2023-03-23,22,24.06
2023-03-23,23,29.17
2023-03-23,24,30.04
2023-03-24,1,27.96
2023-03-24,2,27.95
2023-03-24,3,28.06
2023-03-24,4,26.87
2023-03-24,5,28.68
2023-03-24,6,27.92
2023-03-24,7,31.43
2023-03-24,8,31.75
2023-03-24,9,31.57
2023-03-24,10,28.34
2023-03-24,11,28.17
2023-03-24,12,30.63
2023-03-24,13,29.56
2023-03-24,14,24.33
2023-03-24,15,25.24
2023-03-24,16,27.39
2023-03-24,17,28.44
2023-03-24,18,27.71
2023-03-24,19,27.04
2023-03-24,20,28.57
2023-03-24,21,28.25
2023-03-24,22,22.95
2023-03-24,23,15.62
2023-03-24,24,6.86
2023-03-25,1,2.16
2023-03-25,2,0.0
2023-03-25,3,1.45
2023-03-25,4,13.36
2023-03-25,5,5.32
2023-03-25,6,3.28
2023-03-25,7,14.34
2023-03-25,8,18.81
2023-03-25,9,27.89
2023-03-25,10,166.58
2023-03-25,11,66.61
2023-03-25,12,11.58
2023-03-25,13,7.32
2023-03-25,14,10.23
2023-03-25,15,30.91
2023-03-25,16,148.87
2023-03-25,17,23.63
2023-03-25,18,0.0
2023-03-25,19,0.0
2023-03-25,20,0.0
2023-03-25,21,0.0
2023-03-25,22,3.59
2023-03-25,23,5.56
2023-03-25,24,12.01
2023-03-26,1,1.84
2023-03-26,2,5.78
2023-03-26,3,5.65
2023-03-26,4,11.08
2023-03-26,5,20.65
2023-03-26,6,27.8
2023-03-26,7,17.72
2023-03-26,8,5.83
2023-03-26,9,13.69
2023-03-26,10,12.99
2023-03-26,11,8.99
2023-03-26,12,10.22
2023-03-26,13,14.35
2023-03-26,14,9.55
2023-03-26,15,2.4
2023-03-26,16,7.73
2023-03-26,17,21.15
2023-03-26,18,27.9
2023-03-26,19,27.74
2023-03-26,20,29.84
2023-03-26,21,28.95
2023-03-26,22,26.5
2023-03-26,23,16.55
2023-03-26,24,18.21
2023-03-27,1,20.87
2023-03-27,2,23.44
2023-03-27,3,27.7
2023-03-27,4,13.94
2023-03-27,5,27.87
2023-03-27,6,30.25
2023-03-27,7,27.46
2023-03-27,8,29.52
2023-03-27,9,37.73
2023-03-27,10,37.52
2023-03-27,11,37.36
2023-03-27,12,37.34
2023-03-27,13,37.42
2023-03-27,14,31.91
2023-03-27,15,29.78
2023-03-27,16,28.61
2023-03-27,17,29.18
2023-03-27,18,30.65
2023-03-27,19,43.29
2023-03-27,20,29.26
2023-03-27,21,31.65
2023-03-27,22,27.98
2023-03-27,23,27.75
2023-03-27,24,21.74
2023-03-28,1,26.25
2023-03-28,2,26.31
2023-03-28,3,31.84
2023-03-28,4,30.87
2023-03-28,5,35.38
2023-03-28,6,36.04
2023-03-28,7,69.39
2023-03-28,8,38.36
2023-03-28,9,33.92
2023-03-28,10,29.72
2023-03-28,11,28.29
2023-03-28,12,28.03
2023-03-28,13,29.31
2023-03-28,14,28.04
2023-03-28,15,28.03
2023-03-28,16,29.89
2023-03-28,17,30.02
2023-03-28,18,28.86
2023-03-28,19,30.06
2023-03-28,20,29.26
2023-03-28,21,27.07
2023-03-28,22,17.93
2023-03-28,23,11.51
2023-03-28,24,13.32
2023-03-29,1,19.52
2023-03-29,2,27.59
2023-03-29,3,26.31
2023-03-29,4,21.86
2023-03-29,5,20.31
2023-03-29,6,25.7
2023-03-29,7,27.98
2023-03-29,8,25.93
2023-03-29,9,21.99
2023-03-29,10,15.05
2023-03-29,11,14.31
2023-03-29,12,14.32
2023-03-29,13,27.59
2023-03-29,14,25.43
2023-03-29,15,27.39
2023-03-29,16,26.45
2023-03-29,17,19.89
2023-03-29,18,22.35
2023-03-29,19,29.75
2023-03-29,20,42.23
2023-03-29,21,36.95
2023-03-29,22,29.03
2023-03-29,23,30.93
2023-03-29,24,28.15
2023-03-30,1,25.63
2023-03-30,2,18.86
2023-03-30,3,26.53
2023-03-30,4,28.4
2023-03-30,5,30.57
2023-03-30,6,32.56
2023-03-30,7,39.75
2023-03-30,8,31.9
2023-03-30,9,28.28
2023-03-30,10,24.9
2023-03-30,11,24.2
2023-03-30,12,20.37
2023-03-30,13,19.27
2023-03-30,14,19.85
2023-03-30,15,16.83
2023-03-30,16,18.46
2023-03-30,17,18.86
2023-03-30,18,20.6
2023-03-30,19,26.96
2023-03-30,20,28.06
2023-03-30,21,27.84
2023-03-30,22,28.45
2023-03-30,23,28.53
2023-03-30,24,30.35
2023-03-31,1,16.14
2023-03-31,2,20.48
2023-03-31,3,26.05
2023-03-31,4,29.32
2023-03-31,5,25.67
2023-03-31,6,19.74
2023-03-31,7,24.8
2023-03-31,8,26.7
2023-03-31,9,26.43
2023-03-31,10,27.49
2023-03-31,11,27.18
2023-03-31,12,27.14
2023-03-31,13,26.15
2023-03-31,14,29.19
2023-03-31,15,74.98
2023-03-31,16,242.86
2023-03-31,17,68.07
2023-03-31,18,16.77
2023-03-31,19,12.72
2023-03-31,20,11.56
2023-03-31,21,20.29
2023-03-31,22,10.42
2023-03-31,23,7.08
2023-03-31,24,12.74
2023-04-01,1,10.65
2023-04-01,2,14.34
2023-04-01,3,20.13
2023-04-01,4,62.6
2023-04-01,5,14.37
2023-04-01,6,9.16
2023-04-01,7,3.65
2023-04-01,8,11.6
2023-04-01,9,25.75
2023-04-01,10,68.19
2023-04-01,11,45.29
2023-04-01,12,3.9
2023-04-01,13,0.0
2023-04-01,14,0.0
2023-04-01,15,2.03
2023-04-01,16,10.5
2023-04-01,17,10.8
2023-04-01,18,13.34
2023-04-01,19,13.34
2023-04-01,20,11.52
2023-04-01,21,12.6
2023-04-01,22,13.3
2023-04-01,23,13.33
2023-04-01,24,13.33
2023-04-02,1,71.84
2023-04-02,2,140.77
2023-04-02,3,27.95
2023-04-02,4,17.1
2023-04-02,5,20.01
2023-04-02,6,30.2
2023-04-02,7,26.5
2023-04-02,8,27.27
2023-04-02,9,17.39
2023-04-02,10,13.34
2023-04-02,11,14.14
2023-04-02,12,18.57
2023-04-02,13,13.92
2023-04-02,14,10.21
2023-04-02,15,8.75
2023-04-02,16,15.55
2023-04-02,17,23.07
2023-04-02,18,27.37
2023-04-02,19,27.64
2023-04-02,20,27.5
2023-04-02,21,26.23
2023-04-02,22,17.75
2023-04-02,23,19.83
2023-04-02,24,20.07
2023-04-03,1,33.08
2023-04-03,2,18.42
2023-04-03,3,13.31
2023-04-03,4,8.49
2023-04-03,5,5.93
2023-04-03,6,21.68
2023-04-03,7,54.42
2023-04-03,8,28.74
2023-04-03,9,22.6
2023-04-03,10,25.56
2023-04-03,11,53.99
2023-04-03,12,37.79
2023-04-03,13,28.94
2023-04-03,14,46.45
2023-04-03,15,55.31
2023-04-03,16,84.7
2023-04-03,17,28.76
2023-04-03,18,32.14
2023-04-03,19,26.99
2023-04-03,20,27.78
2023-04-03,21,38.68
2023-04-03,22,82.19
2023-04-03,23,36.37
2023-04-03,24,33.56
2023-04-04,1,34.78
2023-04-04,2,21.86
2023-04-04,3,19.66
2023-04-04,4,18.34
2023-04-04,5,27.87
2023-04-04,6,32.92
2023-04-04,7,42.34
2023-04-04,8,30.43
2023-04-04,9,30.89
2023-04-04,10,29.13
2023-04-04,11,29.43
2023-04-04,12,27.32
2023-04-04,13,27.76
2023-04-04,14,28.34
2023-04-04,15,18.03
2023-04-04,16,24.98
2023-04-04,17,26.93
2023-04-04,18,13.37
2023-04-04,19,13.45
2023-04-04,20,12.79
2023-04-04,21,9.94
2023-04-04,22,13.57
2023-04-04,23,10.07
2023-04-04,24,11.82
2023-04-05,1,6.68
2023-04-05,2,11.55
2023-04-05,3,13.3
2023-04-05,4,21.88
2023-04-05,5,24.22
2023-04-05,6,43.05
2023-04-05,7,26.24
2023-04-05,8,26.92
2023-04-05,9,27.22
2023-04-05,10,28.21
2023-04-05,11,42.05
2023-04-05,12,45.38
2023-04-05,13,46.01
2023-04-05,14,176.15
2023-04-05,15,203.1
2023-04-05,16,43.49
2023-04-05,17,31.79
2023-04-05,18,24.59
2023-04-05,19,23.97
2023-04-05,20,19.32
2023-04-05,21,10.37
2023-04-05,22,9.81
2023-04-05,23,12.73
2023-04-05,24,13.33
2023-04-06,1,2.23
2023-04-06,2,2.76
2023-04-06,3,13.32
2023-04-06,4,23.79
2023-04-06,5,24.5
2023-04-06,6,20.75
2023-04-06,7,16.94
2023-04-06,8,25.32
2023-04-06,9,10.44
2023-04-06,10,12.13
2023-04-06,11,3.45
2023-04-06,12,7.6
2023-04-06,13,12.23
2023-04-06,14,13.32
2023-04-06,15,0.41
2023-04-06,16,0.0
2023-04-06,17,0.0
2023-04-06,18,1.37
2023-04-06,19,5.8
2023-04-06,20,10.93
2023-04-06,21,13.33
2023-04-06,22,32.82
2023-04-06,23,20.18
2023-04-06,24,13.58
2023-04-07,1,12.71
2023-04-07,2,13.31
2023-04-07,3,17.21
2023-04-07,4,26.27
2023-04-07,5,13.3
2023-04-07,6,14.32
2023-04-07,7,14.34
2023-04-07,8,12.74
2023-04-07,9,5.75
2023-04-07,10,9.8
2023-04-07,11,26.31
2023-04-07,12,56.42
2023-04-07,13,15.58
2023-04-07,14,13.35
2023-04-07,15,11.53
2023-04-07,16,9.62
2023-04-07,17,14.2
2023-04-07,18,16.47
2023-04-07,19,26.08
2023-04-07,20,27.41
2023-04-07,21,27.38
2023-04-07,22,27.35
2023-04-07,23,24.05
2023-04-07,24,16.44
2023-04-08,1,24.04
2023-04-08,2,13.38
2023-04-08,3,20.73
2023-04-08,4,26.85
2023-04-08,5,21.46
2023-04-08,6,27.25
2023-04-08,7,13.37
2023-04-08,8,12.76
2023-04-08,9,9.11
2023-04-08,10,14.48
2023-04-08,11,35.63
2023-04-08,12,31.43
2023-04-08,13,18.99
2023-04-08,14,13.47
2023-04-08,15,13.37
2023-04-08,16,20.36
2023-04-08,17,23.03
2023-04-08,18,27.65
2023-04-08,19,40.7
2023-04-08,20,39.83
2023-04-08,21,30.12
2023-04-08,22,27.37
2023-04-08,23,24.67
2023-04-08,24,31.08
2023-04-09,1,23.03
2023-04-09,2,29.51
2023-04-09,3,20.42
2023-04-09,4,25.82
2023-04-09,5,26.46
2023-04-09,6,30.93
2023-04-09,7,20.32
2023-04-09,8,13.47
2023-04-09,9,16.7
2023-04-09,10,13.77
2023-04-09,11,26.2
2023-04-09,12,36.05
2023-04-09,13,26.74
2023-04-09,14,15.5
2023-04-09,15,19.9
2023-04-09,16,24.23
2023-04-09,17,16.12
2023-04-09,18,16.03
2023-04-09,19,21.16
2023-04-09,20,29.17
2023-04-09,21,28.9
2023-04-09,22,26.34
2023-04-09,23,25.39
2023-04-09,24,14.25
2023-04-10,1,13.31
2023-04-10,2,13.31
2023-04-10,3,15.07
2023-04-10,4,22.37
2023-04-10,5,22.08
2023-04-10,6,27.19
2023-04-10,7,27.04
2023-04-10,8,25.84
2023-04-10,9,23.2
2023-04-10,10,20.49
2023-04-10,11,30.28
2023-04-10,12,32.94
2023-04-10,13,27.49
2023-04-10,14,27.38
2023-04-10,15,27.39
2023-04-10,16,26.2
2023-04-10,17,27.38
2023-04-10,18,26.21
2023-04-10,19,28.51
2023-04-10,20,27.4
2023-04-10,21,28.23
2023-04-10,22,22.39
2023-04-10,23,12.06
2023-04-10,24,2.85
2023-04-11,1,7.77
2023-04-11,2,0.0
2023-04-11,3,8.13
2023-04-11,4,7.42
2023-04-11,5,0.41
2023-04-11,6,2.27
2023-04-11,7,10.87
2023-04-11,8,0.0
2023-04-11,9,0.0
2023-04-11,10,0.0
2023-04-11,11,2.65
2023-04-11,12,0.41
2023-04-11,13,8.43
2023-04-11,14,6.34
2023-04-11,15,0.0
2023-04-11,16,0.0
2023-04-11,17,0.0
2023-04-11,18,8.82
2023-04-11,19,12.35
2023-04-11,20,14.31
2023-04-11,21,13.66
2023-04-11,22,6.1
2023-04-11,23,0.88
2023-04-11,24,1.9
2023-04-12,1,1.22
2023-04-12,2,2.74
2023-04-12,3,0.0
2023-04-12,4,0.0
2023-04-12,5,0.47
2023-04-12,6,2.85
2023-04-12,7,7.41
2023-04-12,8,13.3
2023-04-12,9,13.43
2023-04-12,10,13.89
2023-04-12,11,13.72
2023-04-12,12,13.44
2023-04-12,13,8.48
2023-04-12,14,4.45
2023-04-12,15,3.21
2023-04-12,16,7.87
2023-04-12,17,24.98
2023-04-12,18,9.58
2023-04-12,19,13.38
2023-04-12,20,11.64
2023-04-12,21,10.15
2023-04-12,22,7.61
2023-04-12,23,3.41
2023-04-12,24,0.0
2023-04-13,1,0.0
2023-04-13,2,0.0
2023-04-13,3,0.0
2023-04-13,4,0.0
2023-04-13,5,0.0
2023-04-13,6,0.0
2023-04-13,7,6.35
2023-04-13,8,11.48
2023-04-13,9,13.36
2023-04-13,10,18.25
2023-04-13,11,47.98
2023-04-13,12,20.79
2023-04-13,13,6.5
2023-04-13,14,0.0
2023-04-13,15,0.0
2023-04-13,16,7.69
2023-04-13,17,9.25
2023-04-13,18,15.77
2023-04-13,19,15.6
2023-04-13,20,18.72
2023-04-13,21,20.52
2023-04-13,22,17.05
2023-04-13,23,14.31
2023-04-13,24,14.37
2023-04-14,1,14.35
2023-04-14,2,14.38
2023-04-14,3,26.08
2023-04-14,4,21.16
2023-04-14,5,16.91
2023-04-14,6,22.18
2023-04-14,7,25.07
2023-04-14,8,23.14
2023-04-14,9,21.95
2023-04-14,10,25.46
2023-04-14,11,26.22
2023-04-14,12,27.34
2023-04-14,13,23.46
2023-04-14,14,25.99
2023-04-14,15,25.35
2023-04-14,16,24.11
2023-04-14,17,28.47
2023-04-14,18,34.88
2023-04-14,19,27.55
2023-04-14,20,24.24
2023-04-14,21,23.51
2023-04-14,22,22.43
2023-04-14,23,14.94
2023-04-14,24,14.35
2023-04-15,1,15.62
2023-04-15,2,14.35
2023-04-15,3,14.32
2023-04-15,4,14.31
2023-04-15,5,15.82
2023-04-15,6,16.96
2023-04-15,7,14.36
2023-04-15,8,13.63
2023-04-15,9,30.46
2023-04-15,10,24.86
2023-04-15,11,70.75
2023-04-15,12,22.64
2023-04-15,13,13.96
2023-04-15,14,21.72
2023-04-15,15,19.78
2023-04-15,16,25.65
2023-04-15,17,31.19
2023-04-15,18,26.47
2023-04-15,19,20.85
2023-04-15,20,22.35
2023-04-15,21,22.16
2023-04-15,22,23.68
2023-04-15,23,15.47
2023-04-15,24,16.59
2023-04-16,1,16.86
2023-04-16,2,11.56
2023-04-16,3,9.68
2023-04-16,4,13.3
2023-04-16,5,13.33
2023-04-16,6,5.94
2023-04-16,7,12.13
2023-04-16,8,9.05
2023-04-16,9,13.35
2023-04-16,10,13.34
2023-04-16,11,10.92
2023-04-16,12,7.86
2023-04-16,13,5.83
2023-04-16,14,10.89
2023-04-16,15,16.21
2023-04-16,16,6.67
2023-04-16,17,10.93
2023-04-16,18,12.47
2023-04-16,19,10.46
2023-04-16,20,8.8
2023-04-16,21,7.67
2023-04-16,22,0.47
2023-04-16,23,1.93
2023-04-16,24,0.0
2023-04-17,1,0.0
2023-04-17,2,0.0
2023-04-17,3,0.0
2023-04-17,4,0.0
2023-04-17,5,2.67
2023-04-17,6,3.19
2023-04-17,7,3.98
2023-04-17,8,13.49
2023-04-17,9,15.2
2023-04-17,10,18.7
2023-04-17,11,15.24
2023-04-17,12,18.18
2023-04-17,13,11.81
2023-04-17,14,6.16
2023-04-17,15,7.2
2023-04-17,16,14.31
2023-04-17,17,16.17
2023-04-17,18,17.23
2023-04-17,19,16.03
2023-04-17,20,13.55
2023-04-17,21,9.08
2023-04-17,22,4.25
2023-04-17,23,1.84
2023-04-17,24,0.0
2023-04-18,1,0.0
2023-04-18,2,0.0
2023-04-18,3,0.0
2023-04-18,4,0.81
2023-04-18,5,3.63
2023-04-18,6,0.46
2023-04-18,7,7.63
2023-04-18,8,14.36
2023-04-18,9,13.68
2023-04-18,10,14.35
2023-04-18,11,12.99
2023-04-18,12,14.34
2023-04-18,13,5.81
2023-04-18,14,5.63
2023-04-18,15,5.68
2023-04-18,16,9.57
2023-04-18,17,21.52
2023-04-18,18,32.8
2023-04-18,19,41.97
2023-04-18,20,41.82
2023-04-18,21,35.9
2023-04-18,22,27.67
2023-04-18,23,10.4
2023-04-18,24,3.32
2023-04-19,1,1.83
2023-04-19,2,0.0
2023-04-19,3,5.39
2023-04-19,4,5.82
2023-04-19,5,10.09
2023-04-19,6,20.46
2023-04-19,7,32.21
2023-04-19,8,31.94
2023-04-19,9,30.08
2023-04-19,10,74.76
2023-04-19,11,32.73
2023-04-19,12,35.82
2023-04-19,13,29.8
2023-04-19,14,25.82
2023-04-19,15,24.23
2023-04-19,16,28.66
2023-04-19,17,26.62
2023-04-19,18,24.06
2023-04-19,19,28.24
2023-04-19,20,32.99
2023-04-19,21,30.44
2023-04-19,22,30.27
2023-04-19,23,19.25
2023-04-19,24,9.78
2023-04-20,1,4.63
2023-04-20,2,1.37
2023-04-20,3,0.4
2023-04-20,4,5.09
2023-04-20,5,5.69
2023-04-20,6,5.91
2023-04-20,7,13.64
2023-04-20,8,7.71
2023-04-20,9,1.89
2023-04-20,10,0.0
2023-04-20,11,5.83
2023-04-20,12,21.58
2023-04-20,13,4.86
2023-04-20,14,0.47
2023-04-20,15,3.93
2023-04-20,16,26.5
2023-04-20,17,25.84
2023-04-20,18,1.39
2023-04-20,19,0.87
2023-04-20,20,4.5
2023-04-20,21,6.54
2023-04-20,22,7.91
2023-04-20,23,1.85
2023-04-20,24,0.0
2023-04-21,1,2.25
2023-04-21,2,4.02
2023-04-21,3,8.75
2023-04-21,4,14.33
2023-04-21,5,6.36
2023-04-21,6,11.58
2023-04-21,7,19.53
2023-04-21,8,14.34
2023-04-21,9,29.29
2023-04-21,10,28.48
2023-04-21,11,10.82
2023-04-21,12,5.74
2023-04-21,13,8.87
2023-04-21,14,21.93
2023-04-21,15,25.02
2023-04-21,16,26.48
2023-04-21,17,27.05
2023-04-21,18,23.03
2023-04-21,19,24.1
2023-04-21,20,30.93
2023-04-21,21,24.75
2023-04-21,22,22.15
2023-04-21,23,16.45
2023-04-21,24,22.36
2023-04-22,1,37.58
2023-04-22,2,46.69
2023-04-22,3,14.3
2023-04-22,4,14.29
2023-04-22,5,14.36
2023-04-22,6,14.33
2023-04-22,7,6.42
2023-04-22,8,12.75
2023-04-22,9,45.56
2023-04-22,10,29.47
2023-04-22,11,18.11
2023-04-22,12,19.13
2023-04-22,13,8.66
2023-04-22,14,5.99
2023-04-22,15,14.78
2023-04-22,16,26.27
2023-04-22,17,28.08
2023-04-22,18,22.32
2023-04-22,19,23.37
2023-04-22,20,26.69
2023-04-22,21,25.49
2023-04-22,22,14.42
2023-04-22,23,14.32
2023-04-22,24,14.36
2023-04-23,1,6.69
2023-04-23,2,4.68
2023-04-23,3,5.72
2023-04-23,4,11.6
2023-04-23,5,11.83
2023-04-23,6,15.38
2023-04-23,7,18.46
2023-04-23,8,37.24
2023-04-23,9,14.37
2023-04-23,10,10.93
2023-04-23,11,16.79
2023-04-23,12,23.91
2023-04-23,13,14.38
2023-04-23,14,30.44
2023-04-23,15,30.22
2023-04-23,16,36.51
2023-04-23,17,35.85
2023-04-23,18,29.24
2023-04-23,19,27.57
2023-04-23,20,24.01
2023-04-23,21,30.91
2023-04-23,22,29.71
2023-04-23,23,25.34
2023-04-23,24,21.62
2023-04-24,1,19.6
2023-04-24,2,14.96
2023-04-24,3,14.39
2023-04-24,4,14.35
2023-04-24,5,26.83
2023-04-24,6,30.66
2023-04-24,7,46.34
2023-04-24,8,30.61
2023-04-24,9,28.53
2023-04-24,10,29.59
2023-04-24,11,31.43
2023-04-24,12,29.42
2023-04-24,13,27.3
2023-04-24,14,24.98
2023-04-24,15,26.14
2023-04-24,16,30.07
2023-04-24,17,29.06
2023-04-24,18,28.24
2023-04-24,19,31.3
2023-04-24,20,32.62
2023-04-24,21,32.5
2023-04-24,22,27.83
2023-04-24,23,13.04
2023-04-24,24,15.48
2023-04-25,1,14.37
2023-04-25,2,15.17
2023-04-25,3,18.04
2023-04-25,4,18.86
2023-04-25,5,23.55
2023-04-25,6,29.82
2023-04-25,7,33.03
2023-04-25,8,29.72
2023-04-25,9,27.43
2023-04-25,10,25.44
2023-04-25,11,28.81
2023-04-25,12,28.04
2023-04-25,13,28.12
2023-04-25,14,15.88
2023-04-25,15,26.69
2023-04-25,16,27.61
2023-04-25,17,27.53
2023-04-25,18,28.23
2023-04-25,19,30.68
2023-04-25,20,165.35
2023-04-25,21,29.72
2023-04-25,22,36.3
2023-04-25,23,31.48
2023-04-25,24,29.9
2023-04-26,1,54.32
2023-04-26,2,16.62
2023-04-26,3,26.2
2023-04-26,4,28.25
2023-04-26,5,25.27
2023-04-26,6,32.2
2023-04-26,7,50.8
2023-04-26,8,46.68
2023-04-26,9,37.12
2023-04-26,10,33.63
2023-04-26,11,28.68
2023-04-26,12,28.3
2023-04-26,13,28.52
2023-04-26,14,28.23
2023-04-26,15,27.64
2023-04-26,16,27.96
2023-04-26,17,25.71
2023-04-26,18,28.34
2023-04-26,19,37.66
2023-04-26,20,51.22
2023-04-26,21,32.12
2023-04-26,22,31.87
2023-04-26,23,24.64
2023-04-26,24,22.14
2023-04-27,1,28.73
2023-04-27,2,19.67
2023-04-27,3,25.72
2023-04-27,4,18.37
2023-04-27,5,25.62
2023-04-27,6,27.57
2023-04-27,7,32.96
2023-04-27,8,27.78
2023-04-27,9,27.4
2023-04-27,10,27.63
2023-04-27,11,32.11
2023-04-27,12,31.35
2023-04-27,13,30.41
2023-04-27,14,21.8
2023-04-27,15,20.72
2023-04-27,16,25.85
2023-04-27,17,26.73
2023-04-27,18,26.33
2023-04-27,19,32.13
2023-04-27,20,25.54
2023-04-27,21,33.85
2023-04-27,22,19.2
2023-04-27,23,7.64
2023-04-27,24,6.03
2023-04-28,1,5.59
2023-04-28,2,5.96
2023-04-28,3,5.86
2023-04-28,4,7.39
2023-04-28,5,10.17
2023-04-28,6,17.86
2023-04-28,7,25.95
2023-04-28,8,27.01
2023-04-28,9,27.66
2023-04-28,10,33.06
2023-04-28,11,31.01
2023-04-28,12,22.37
2023-04-28,13,21.55
2023-04-28,14,14.4
2023-04-28,15,14.35
2023-04-28,16,14.48
2023-04-28,17,14.4
2023-04-28,18,15.23
2023-04-28,19,14.35
2023-04-28,20,14.19
2023-04-28,21,8.81
2023-04-28,22,8.12
2023-04-28,23,4.23
2023-04-28,24,5.8
2023-04-29,1,5.57
2023-04-29,2,5.92
2023-04-29,3,6.08
2023-04-29,4,9.5
2023-04-29,5,9.55
2023-04-29,6,5.9
2023-04-29,7,13.59
2023-04-29,8,159.44
2023-04-29,9,175.79
2023-04-29,10,26.32
2023-04-29,11,26.09
2023-04-29,12,26.18
2023-04-29,13,34.85
2023-04-29,14,28.6
2023-04-29,15,26.31
2023-04-29,16,26.73
2023-04-29,17,15.1
2023-04-29,18,21.46
2023-04-29,19,23.87
2023-04-29,20,25.23
2023-04-29,21,8.8
2023-04-29,22,6.38
2023-04-29,23,6.44
2023-04-29,24,5.95
2023-04-30,1,14.29
2023-04-30,2,14.38
2023-04-30,3,15.35
2023-04-30,4,14.36
2023-04-30,5,14.32
2023-04-30,6,11.71
2023-04-30,7,12.64
2023-04-30,8,14.62
2023-04-30,9,26.67
2023-04-30,10,21.09
2023-04-30,11,16.34
2023-04-30,12,19.51
2023-04-30,13,22.43
2023-04-30,14,29.19
2023-04-30,15,27.52
2023-04-30,16,30.42
2023-04-30,17,31.77
2023-04-30,18,16.48
2023-04-30,19,20.61
2023-04-30,20,31.44
2023-04-30,21,32.33
2023-04-30,22,22.11
2023-04-30,23,22.44
2023-04-30,24,15.11
2023-05-01,1,14.77
2023-05-01,2,12.94
2023-05-01,3,5.95
2023-05-01,4,5.55
2023-05-01,5,2.75
2023-05-01,6,11.26
2023-05-01,7,14.38
2023-05-01,8,15.57
2023-05-01,9,12.53
2023-05-01,10,14.27
2023-05-01,11,12.71
2023-05-01,12,8.36
2023-05-01,13,3.13
2023-05-01,14,5.1
2023-05-01,15,5.89
2023-05-01,16,8.83
2023-05-01,17,8.07
2023-05-01,18,11.61
2023-05-01,19,14.66
2023-05-01,20,13.65
2023-05-01,21,12.16
2023-05-01,22,5.41
2023-05-01,23,0.4
2023-05-01,24,0.0
2023-05-02,1,0.0
2023-05-02,2,0.0
2023-05-02,3,0.0
2023-05-02,4,3.23
2023-05-02,5,3.31
2023-05-02,6,13.98
2023-05-02,7,29.36
2023-05-02,8,30.32
2023-05-02,9,14.73
2023-05-02,10,20.75
2023-05-02,11,15.11
2023-05-02,12,14.98
2023-05-02,13,24.43
2023-05-02,14,14.35
2023-05-02,15,14.36
2023-05-02,16,22.07
2023-05-02,17,32.15
2023-05-02,18,33.71
2023-05-02,19,26.91
2023-05-02,20,28.08
2023-05-02,21,29.23
2023-05-02,22,24.65
2023-05-02,23,18.03
2023-05-02,24,15.44
2023-05-03,1,14.37
2023-05-03,2,15.09
2023-05-03,3,14.34
2023-05-03,4,17.11
2023-05-03,5,19.6
2023-05-03,6,28.43
2023-05-03,7,29.14
2023-05-03,8,15.98
2023-05-03,9,15.1
2023-05-03,10,14.89
2023-05-03,11,7.98
2023-05-03,12,5.57
2023-05-03,13,5.64
2023-05-03,14,5.82
2023-05-03,15,12.31
2023-05-03,16,13.68
2023-05-03,17,12.32
2023-05-03,18,17.58
2023-05-03,19,24.13
2023-05-03,20,24.57
2023-05-03,21,24.35
2023-05-03,22,22.11
2023-05-03,23,15.51
2023-05-03,24,14.26
2023-05-04,1,14.36
2023-05-04,2,14.34
2023-05-04,3,14.33
2023-05-04,4,13.66
2023-05-04,5,14.45
2023-05-04,6,23.58
2023-05-04,7,35.57
2023-05-04,8,33.58
2023-05-04,9,33.59
2023-05-04,10,33.58
2023-05-04,11,33.57
2023-05-04,12,33.56
2023-05-04,13,33.55
2023-05-04,14,24.67
2023-05-04,15,19.95
2023-05-04,16,23.86
2023-05-04,17,25.09
2023-05-04,18,25.87
2023-05-04,19,31.18
2023-05-04,20,34.5
2023-05-04,21,34.88
2023-05-04,22,29.15
2023-05-04,23,21.21
2023-05-04,24,15.35
2023-05-05,1,38.82
2023-05-05,2,33.99
2023-05-05,3,16.67
2023-05-05,4,24.01
2023-05-05,5,16.92
2023-05-05,6,17.4
2023-05-05,7,16.05
2023-05-05,8,21.58
2023-05-05,9,24.14
2023-05-05,10,25.42
2023-05-05,11,25.02
2023-05-05,12,21.22
2023-05-05,13,23.4
2023-05-05,14,22.91
2023-05-05,15,22.84
2023-05-05,16,19.47
2023-05-05,17,22.45
2023-05-05,18,22.61
2023-05-05,19,22.62
2023-05-05,20,23.69
2023-05-05,21,22.07
2023-05-05,22,8.54
2023-05-05,23,4.35
2023-05-05,24,5.63
2023-05-06,1,5.5
2023-05-06,2,5.22
2023-05-06,3,5.02
2023-05-06,4,5.51
2023-05-06,5,11.27
2023-05-06,6,14.35
2023-05-06,7,11.64
2023-05-06,8,14.33
2023-05-06,9,14.35
2023-05-06,10,14.35
2023-05-06,11,14.34
2023-05-06,12,14.34
2023-05-06,13,5.85
2023-05-06,14,5.43
2023-05-06,15,8.89
2023-05-06,16,13.0
2023-05-06,17,16.72
2023-05-06,18,23.47
2023-05-06,19,25.51
2023-05-06,20,24.74
2023-05-06,21,17.92
2023-05-06,22,8.68
2023-05-06,23,4.66
2023-05-06,24,0.0
2023-05-07,1,0.8
2023-05-07,2,0.0
2023-05-07,3,0.0
2023-05-07,4,0.0
2023-05-07,5,0.0
2023-05-07,6,0.0
2023-05-07,7,0.0
2023-05-07,8,0.0
2023-05-07,9,0.86
2023-05-07,10,10.14
2023-05-07,11,10.26
2023-05-07,12,13.01
2023-05-07,13,6.31
2023-05-07,14,7.26
2023-05-07,15,17.61
2023-05-07,16,26.42
2023-05-07,17,26.16
2023-05-07,18,25.65
2023-05-07,19,20.84
2023-05-07,20,14.39
2023-05-07,21,16.74
2023-05-07,22,8.56
2023-05-07,23,5.63
2023-05-07,24,12.03
2023-05-08,1,30.87
2023-05-08,2,13.36
2023-05-08,3,14.34
2023-05-08,4,10.31
2023-05-08,5,10.24
2023-05-08,6,12.75
2023-05-08,7,29.2
2023-05-08,8,36.93
2023-05-08,9,29.93
2023-05-08,10,27.54
2023-05-08,11,26.65
2023-05-08,12,21.92
2023-05-08,13,30.72
2023-05-08,14,30.24
2023-05-08,15,25.92
2023-05-08,16,29.11
2023-05-08,17,29.6
2023-05-08,18,25.67
2023-05-08,19,26.41
2023-05-08,20,24.25
2023-05-08,21,28.01
2023-05-08,22,21.1
2023-05-08,23,16.1
2023-05-08,24,14.34
2023-05-09,1,15.32
2023-05-09,2,13.55
2023-05-09,3,10.12
2023-05-09,4,14.36
2023-05-09,5,13.34
2023-05-09,6,24.14
2023-05-09,7,31.16
2023-05-09,8,38.26
2023-05-09,9,26.1
2023-05-09,10,26.03
2023-05-09,11,21.35
2023-05-09,12,15.47
2023-05-09,13,28.13
2023-05-09,14,26.01
2023-05-09,15,17.06
2023-05-09,16,27.24
2023-05-09,17,30.98
2023-05-09,18,30.82
2023-05-09,19,30.41
2023-05-09,20,30.94
2023-05-09,21,28.46
2023-05-09,22,27.89
2023-05-09,23,22.87
2023-05-09,24,17.57
2023-05-10,1,17.69
2023-05-10,2,16.94
2023-05-10,3,14.84
2023-05-10,4,15.84
2023-05-10,5,14.91
2023-05-10,6,23.97
2023-05-10,7,27.03
2023-05-10,8,22.95
2023-05-10,9,25.15
2023-05-10,10,23.31
2023-05-10,11,23.94
2023-05-10,12,15.36
2023-05-10,13,14.44
2023-05-10,14,14.57
2023-05-10,15,15.93
2023-05-10,16,22.99
2023-05-10,17,25.37
2023-05-10,18,19.21
2023-05-10,19,24.97
2023-05-10,20,24.06
2023-05-10,21,18.71
2023-05-10,22,11.63
2023-05-10,23,4.17
2023-05-10,24,0.8
2023-05-11,1,5.71
2023-05-11,2,4.86
2023-05-11,3,0.0
2023-05-11,4,1.35
2023-05-11,5,4.61
2023-05-11,6,11.21
2023-05-11,7,22.16
2023-05-11,8,18.53
2023-05-11,9,20.46
2023-05-11,10,18.97
2023-05-11,11,19.32
2023-05-11,12,21.66
2023-05-11,13,24.3
2023-05-11,14,24.03
2023-05-11,15,24.27
2023-05-11,16,23.79
2023-05-11,17,23.41
2023-05-11,18,23.4
2023-05-11,19,26.35
2023-05-11,20,24.71
2023-05-11,21,24.39
2023-05-11,22,19.13
2023-05-11,23,9.39
2023-05-11,24,8.04
2023-05-12,1,5.66
2023-05-12,2,5.69
2023-05-12,3,5.93
2023-05-12,4,5.91
2023-05-12,5,15.21
2023-05-12,6,9.97
2023-05-12,7,22.15
2023-05-12,8,25.83
2023-05-12,9,25.16
2023-05-12,10,24.59
2023-05-12,11,23.19
2023-05-12,12,23.66
2023-05-12,13,29.92
2023-05-12,14,29.06
2023-05-12,15,28.15
2023-05-12,16,28.9
2023-05-12,17,28.66
2023-05-12,18,26.59
2023-05-12,19,25.02
2023-05-12,20,25.08
2023-05-12,21,24.73
2023-05-12,22,24.01
2023-05-12,23,20.43
2023-05-12,24,14.35
2023-05-13,1,16.13
2023-05-13,2,12.16
2023-05-13,3,6.16
2023-05-13,4,13.29
2023-05-13,5,5.92
2023-05-13,6,6.61
2023-05-13,7,9.73
2023-05-13,8,33.27
2023-05-13,9,45.15
2023-05-13,10,31.88
2023-05-13,11,13.33
2023-05-13,12,13.34
2023-05-13,13,13.35
2023-05-13,14,13.36
2023-05-13,15,13.33
2023-05-13,16,15.76
2023-05-13,17,18.81
2023-05-13,18,17.4
2023-05-13,19,14.93
2023-05-13,20,13.32
2023-05-13,21,13.42
2023-05-13,22,3.84
2023-05-13,23,0.0
2023-05-13,24,0.0
2023-05-14,1,0.0
2023-05-14,2,0.0
2023-05-14,3,0.0
2023-05-14,4,0.0
2023-05-14,5,0.0
2023-05-14,6,0.0
2023-05-14,7,0.0
2023-05-14,8,0.0
2023-05-14,9,1.21
2023-05-14,10,4.54
2023-05-14,11,5.05
2023-05-14,12,0.0
2023-05-14,13,0.0
2023-05-14,14,0.0
2023-05-14,15,0.0
2023-05-14,16,2.23
2023-05-14,17,5.53
2023-05-14,18,6.02
2023-05-14,19,8.51
2023-05-14,20,10.38
2023-05-14,21,12.9
2023-05-14,22,13.21
2023-05-14,23,5.08
2023-05-14,24,5.69
2023-05-15,1,0.0
2023-05-15,2,0.41
2023-05-15,3,3.77
2023-05-15,4,5.89
2023-05-15,5,6.66
2023-05-15,6,10.13
2023-05-15,7,15.89
2023-05-15,8,13.37
2023-05-15,9,13.34
2023-05-15,10,9.85
2023-05-15,11,5.82
2023-05-15,12,14.33
2023-05-15,13,11.66
2023-05-15,14,7.52
2023-05-15,15,6.75
2023-05-15,16,8.16
2023-05-15,17,15.99
2023-05-15,18,14.91
2023-05-15,19,26.58
2023-05-15,20,26.58
2023-05-15,21,20.86
2023-05-15,22,6.91
2023-05-15,23,0.4
2023-05-15,24,0.0
2023-05-16,1,0.0
2023-05-16,2,0.0
2023-05-16,3,0.0
2023-05-16,4,0.0
2023-05-16,5,0.0
2023-05-16,6,2.18
2023-05-16,7,8.28
2023-05-16,8,14.11
2023-05-16,9,13.32
2023-05-16,10,10.36
2023-05-16,11,3.08
2023-05-16,12,0.0
2023-05-16,13,5.49
2023-05-16,14,6.11
2023-05-16,15,5.98
2023-05-16,16,3.05
2023-05-16,17,3.6
2023-05-16,18,5.62
2023-05-16,19,5.8
2023-05-16,20,5.99
2023-05-16,21,14.35
2023-05-16,22,8.5
2023-05-16,23,3.55
2023-05-16,24,0.0
2023-05-17,1,0.0
2023-05-17,2,0.0
2023-05-17,3,0.0
2023-05-17,4,2.97
2023-05-17,5,5.45
2023-05-17,6,11.61
2023-05-17,7,20.15
2023-05-17,8,12.98
2023-05-17,9,5.82
2023-05-17,10,8.26
2023-05-17,11,14.34
2023-05-17,12,13.66
2023-05-17,13,12.34
2023-05-17,14,7.32
2023-05-17,15,5.82
2023-05-17,16,9.94
2023-05-17,17,13.04
2023-05-17,18,17.86
2023-05-17,19,19.81
2023-05-17,20,26.39
2023-05-17,21,29.78
2023-05-17,22,20.14
2023-05-17,23,12.04
2023-05-17,24,9.67
2023-05-18,1,12.27
2023-05-18,2,13.13
2023-05-18,3,7.63
2023-05-18,4,10.44
2023-05-18,5,11.64
2023-05-18,6,11.93
2023-05-18,7,28.83
2023-05-18,8,23.47
2023-05-18,9,19.4
2023-05-18,10,14.5
2023-05-18,11,15.13
2023-05-18,12,13.23
2023-05-18,13,14.35
2023-05-18,14,14.35
2023-05-18,15,13.67
2023-05-18,16,25.45
2023-05-18,17,29.61
2023-05-18,18,31.12
2023-05-18,19,30.56
2023-05-18,20,34.84
2023-05-18,21,23.42
2023-05-18,22,9.03
2023-05-18,23,2.86
2023-05-18,24,1.28
2023-05-19,1,0.0
2023-05-19,2,0.0
2023-05-19,3,0.0
2023-05-19,4,0.0
2023-05-19,5,0.0
2023-05-19,6,0.0
2023-05-19,7,3.79
2023-05-19,8,5.87
2023-05-19,9,5.8
2023-05-19,10,5.27
2023-05-19,11,3.97
2023-05-19,12,1.62
2023-05-19,13,0.81
2023-05-19,14,3.42
2023-05-19,15,2.21
2023-05-19,16,4.77
2023-05-19,17,12.3
2023-05-19,18,14.35
2023-05-19,19,14.38
2023-05-19,20,26.19
2023-05-19,21,14.3
2023-05-19,22,12.61
2023-05-19,23,6.64
2023-05-19,24,5.85
2023-05-20,1,8.81
2023-05-20,2,5.58
2023-05-20,3,5.79
2023-05-20,4,0.47
2023-05-20,5,0.0
2023-05-20,6,2.84
2023-05-20,7,10.05
2023-05-20,8,12.33
2023-05-20,9,17.33
2023-05-20,10,19.97
2023-05-20,11,16.39
2023-05-20,12,14.38
2023-05-20,13,6.03
2023-05-20,14,0.41
2023-05-20,15,6.21
2023-05-20,16,13.69
2023-05-20,17,15.16
2023-05-20,18,19.26
2023-05-20,19,14.36
2023-05-20,20,14.36
2023-05-20,21,11.55
2023-05-20,22,6.66
2023-05-20,23,2.29
2023-05-20,24,0.0
2023-05-21,1,0.0
2023-05-21,2,0.0
2023-05-21,3,-0.01
2023-05-21,4,0.0
2023-05-21,5,0.0
2023-05-21,6,0.0
2023-05-21,7,0.91
2023-05-21,8,5.82
2023-05-21,9,5.41
2023-05-21,10,5.41
2023-05-21,11,5.53
2023-05-21,12,5.91
2023-05-21,13,6.17
2023-05-21,14,3.32
2023-05-21,15,3.5
2023-05-21,16,10.95
2023-05-21,17,14.18
2023-05-21,18,18.64
2023-05-21,19,14.35
2023-05-21,20,14.32
2023-05-21,21,12.99
2023-05-21,22,10.92
2023-05-21,23,7.96
2023-05-21,24,6.6
2023-05-22,1,5.87
2023-05-22,2,10.96
2023-05-22,3,12.33
2023-05-22,4,6.37
2023-05-22,5,10.92
2023-05-22,6,5.61
2023-05-22,7,5.89
2023-05-22,8,5.79
2023-05-22,9,6.82
2023-05-22,10,5.67
2023-05-22,11,13.34
2023-05-22,12,8.54
2023-05-22,13,6.11
2023-05-22,14,13.34
2023-05-22,15,13.61
2023-05-22,16,12.06
2023-05-22,17,21.54
2023-05-22,18,28.14
2023-05-22,19,28.63
2023-05-22,20,25.69
2023-05-22,21,15.45
2023-05-22,22,9.28
2023-05-22,23,7.01
2023-05-22,24,3.48
2023-05-23,1,5.88
2023-05-23,2,5.25
2023-05-23,3,4.54
2023-05-23,4,1.26
2023-05-23,5,7.97
2023-05-23,6,12.89
2023-05-23,7,11.7
2023-05-23,8,16.9
2023-05-23,9,19.67
2023-05-23,10,27.82
2023-05-23,11,28.43
2023-05-23,12,32.12
2023-05-23,13,24.78
2023-05-23,14,23.58
2023-05-23,15,23.98
2023-05-23,16,30.7
2023-05-23,17,31.4
2023-05-23,18,28.69
2023-05-23,19,28.85
2023-05-23,20,29.19
2023-05-23,21,21.7
2023-05-23,22,29.16
2023-05-23,23,24.08
2023-05-23,24,16.88
2023-05-24,1,20.08
2023-05-24,2,13.34
2023-05-24,3,13.57
2023-05-24,4,13.33
2023-05-24,5,12.13
2023-05-24,6,14.3
2023-05-24,7,31.69
2023-05-24,8,22.26
2023-05-24,9,12.37
2023-05-24,10,5.83
2023-05-24,11,8.33
2023-05-24,12,4.21
2023-05-24,13,2.23
2023-05-24,14,0.42
2023-05-24,15,0.0
2023-05-24,16,2.2
2023-05-24,17,10.45
2023-05-24,18,12.45
2023-05-24,19,15.21
2023-05-24,20,20.82
2023-05-24,21,12.29
2023-05-24,22,11.05
2023-05-24,23,9.02
2023-05-24,24,12.13
2023-05-25,1,14.34
2023-05-25,2,13.66
2023-05-25,3,13.61
2023-05-25,4,0.0
2023-05-25,5,10.85
2023-05-25,6,20.52
2023-05-25,7,33.34
2023-05-25,8,35.02
2023-05-25,9,28.42
2023-05-25,10,28.68
2023-05-25,11,26.84
2023-05-25,12,24.53
2023-05-25,13,16.77
2023-05-25,14,14.06
2023-05-25,15,12.21
2023-05-25,16,21.93
2023-05-25,17,23.3
2023-05-25,18,28.23
2023-05-25,19,18.86
2023-05-25,20,27.82
2023-05-25,21,28.83
2023-05-25,22,28.61
2023-05-25,23,16.74
2023-05-25,24,16.58
2023-05-26,1,17.97
2023-05-26,2,21.54
2023-05-26,3,20.72
2023-05-26,4,25.35
2023-05-26,5,15.04
2023-05-26,6,16.24
2023-05-26,7,30.97
2023-05-26,8,27.69
2023-05-26,9,25.38
2023-05-26,10,24.21
2023-05-26,11,28.75
2023-05-26,12,26.23
2023-05-26,13,22.56
2023-05-26,14,20.76
2023-05-26,15,22.19
2023-05-26,16,25.71
2023-05-26,17,28.25
2023-05-26,18,33.55
2023-05-26,19,27.15
2023-05-26,20,28.33
2023-05-26,21,26.01
2023-05-26,22,27.91
2023-05-26,23,22.44
2023-05-26,24,19.11
2023-05-27,1,11.72
2023-05-27,2,12.71
2023-05-27,3,13.32
2023-05-27,4,21.56
2023-05-27,5,27.06
2023-05-27,6,22.24
2023-05-27,7,19.46
2023-05-27,8,22.47
2023-05-27,9,17.72
2023-05-27,10,14.41
2023-05-27,11,16.99
2023-05-27,12,16.34
2023-05-27,13,13.37
2023-05-27,14,18.92
2023-05-27,15,19.44
2023-05-27,16,25.72
2023-05-27,17,35.05
2023-05-27,18,38.78
2023-05-27,19,24.38
2023-05-27,20,24.51
2023-05-27,21,26.62
2023-05-27,22,28.04
2023-05-27,23,18.19
2023-05-27,24,17.41
2023-05-28,1,15.7
2023-05-28,2,14.32
2023-05-28,3,14.31
2023-05-28,4,14.33
2023-05-28,5,14.36
2023-05-28,6,9.81
2023-05-28,7,10.93
2023-05-28,8,15.81
2023-05-28,9,16.45
2023-05-28,10,14.36
2023-05-28,11,14.41
2023-05-28,12,14.4
2023-05-28,13,20.19
2023-05-28,14,22.02
2023-05-28,15,24.91
2023-05-28,16,25.72
2023-05-28,17,27.92
2023-05-28,18,28.03
2023-05-28,19,26.66
2023-05-28,20,27.64
2023-05-28,21,27.42
2023-05-28,22,26.41
2023-05-28,23,24.14
2023-05-28,24,22.39
2023-05-29,1,12.21
2023-05-29,2,12.34
2023-05-29,3,9.12
2023-05-29,4,4.07
2023-05-29,5,0.0
2023-05-29,6,3.52
2023-05-29,7,14.96
2023-05-29,8,253.78
2023-05-29,9,24.77
2023-05-29,10,24.5
2023-05-29,11,24.59
2023-05-29,12,25.98
2023-05-29,13,25.27
2023-05-29,14,26.52
2023-05-29,15,27.19
2023-05-29,16,27.75
2023-05-29,17,29.18
2023-05-29,18,30.64
2023-05-29,19,32.22
2023-05-29,20,28.25
2023-05-29,21,29.29
2023-05-29,22,28.94
2023-05-29,23,19.31
2023-05-29,24,7.1
2023-05-30,1,5.14
2023-05-30,2,3.51
2023-05-30,3,0.0
2023-05-30,4,1.51
2023-05-30,5,4.58
2023-05-30,6,3.18
2023-05-30,7,13.83
2023-05-30,8,19.0
2023-05-30,9,19.38
2023-05-30,10,24.44
2023-05-30,11,24.58
2023-05-30,12,25.15
2023-05-30,13,30.37
2023-05-30,14,27.67
2023-05-30,15,29.19
2023-05-30,16,33.68
2023-05-30,17,54.83
2023-05-30,18,61.6
2023-05-30,19,37.93
2023-05-30,20,31.1
2023-05-30,21,31.24
2023-05-30,22,26.61
2023-05-30,23,23.24
2023-05-30,24,23.18
2023-05-31,1,22.44
2023-05-31,2,18.18
2023-05-31,3,10.81
2023-05-31,4,6.54
2023-05-31,5,0.0
2023-05-31,6,9.08
2023-05-31,7,21.75
2023-05-31,8,24.85
2023-05-31,9,26.89
2023-05-31,10,30.31
2023-05-31,11,33.99
2023-05-31,12,34.75
2023-05-31,13,38.62
2023-05-31,14,41.73
2023-05-31,15,43.22
2023-05-31,16,54.51
2023-05-31,17,56.08
2023-05-31,18,46.18
2023-05-31,19,48.48
2023-05-31,20,58.22
2023-05-31,21,39.57
2023-05-31,22,45.0
2023-05-31,23,35.16
2023-05-31,24,29.51
2023-06-01,1,26.06
2023-06-01,2,25.77
2023-06-01,3,23.6
2023-06-01,4,20.29
2023-06-01,5,20.18
2023-06-01,6,21.62
2023-06-01,7,24.75
2023-06-01,8,25.93
2023-06-01,9,30.54
2023-06-01,10,36.73
2023-06-01,11,39.38
2023-06-01,12,44.68
2023-06-01,13,41.91
2023-06-01,14,114.08
2023-06-01,15,36.07
2023-06-01,16,93.22
2023-06-01,17,38.89
2023-06-01,18,30.54
2023-06-01,19,34.09
2023-06-01,20,32.79
2023-06-01,21,56.86
2023-06-01,22,37.63
2023-06-01,23,27.46
2023-06-01,24,26.98
2023-06-02,1,30.34
2023-06-02,2,28.38
2023-06-02,3,24.03
2023-06-02,4,22.65
2023-06-02,5,23.71
2023-06-02,6,26.77
2023-06-02,7,26.57
2023-06-02,8,28.2
2023-06-02,9,32.53
2023-06-02,10,39.24
2023-06-02,11,38.66
2023-06-02,12,41.49
2023-06-02,13,37.83
2023-06-02,14,37.92
2023-06-02,15,42.71
2023-06-02,16,57.87
2023-06-02,17,36.91
2023-06-02,18,31.92
2023-06-02,19,31.87
2023-06-02,20,30.47
2023-06-02,21,35.82
2023-06-02,22,32.21
2023-06-02,23,29.94
2023-06-02,24,24.12
2023-06-03,1,23.76
2023-06-03,2,23.97
2023-06-03,3,25.01
2023-06-03,4,19.94
2023-06-03,5,13.36
2023-06-03,6,3.85
2023-06-03,7,10.43
2023-06-03,8,22.4
2023-06-03,9,28.51
2023-06-03,10,28.76
2023-06-03,11,28.86
2023-06-03,12,28.76
2023-06-03,13,28.74
2023-06-03,14,28.65
2023-06-03,15,25.59
2023-06-03,16,27.56
2023-06-03,17,27.99
2023-06-03,18,28.76
2023-06-03,19,25.52
2023-06-03,20,25.2
2023-06-03,21,24.36
2023-06-03,22,24.42
2023-06-03,23,20.52
2023-06-03,24,17.84
2023-06-04,1,14.36
2023-06-04,2,9.37
2023-06-04,3,13.83
2023-06-04,4,14.32
2023-06-04,5,14.33
2023-06-04,6,0.82
2023-06-04,7,17.46
2023-06-04,8,13.45
2023-06-04,9,9.26
2023-06-04,10,9.78
2023-06-04,11,4.15
2023-06-04,12,8.05
2023-06-04,13,8.52
2023-06-04,14,17.98
2023-06-04,15,24.22
2023-06-04,16,26.54
2023-06-04,17,24.05
2023-06-04,18,24.33
2023-06-04,19,26.71
2023-06-04,20,28.19
2023-06-04,21,25.23
2023-06-04,22,25.6
2023-06-04,23,25.46
2023-06-04,24,23.97
2023-06-05,1,30.77
2023-06-05,2,21.03
2023-06-05,3,17.47
2023-06-05,4,13.35
2023-06-05,5,14.36
2023-06-05,6,25.38
2023-06-05,7,28.69
2023-06-05,8,32.5
2023-06-05,9,34.17
2023-06-05,10,37.9
2023-06-05,11,35.02
2023-06-05,12,35.38
2023-06-05,13,33.81
2023-06-05,14,37.66
2023-06-05,15,41.82
2023-06-05,16,41.84
2023-06-05,17,40.19
2023-06-05,18,35.78
2023-06-05,19,36.1
2023-06-05,20,32.37
2023-06-05,21,32.46
2023-06-05,22,32.76
2023-06-05,23,27.92
2023-06-05,24,26.37
2023-06-06,1,28.83
2023-06-06,2,16.83
2023-06-06,3,14.81
2023-06-06,4,13.32
2023-06-06,5,13.31
2023-06-06,6,28.95
2023-06-06,7,32.02
2023-06-06,8,32.25
2023-06-06,9,33.91
2023-06-06,10,34.09
2023-06-06,11,22.15
2023-06-06,12,24.13
2023-06-06,13,22.69
2023-06-06,14,24.49
2023-06-06,15,23.09
2023-06-06,16,26.88
2023-06-06,17,28.36
2023-06-06,18,28.58
2023-06-06,19,28.74
2023-06-06,20,29.08
2023-06-06,21,25.89
2023-06-06,22,24.65
2023-06-06,23,22.68
2023-06-06,24,13.39
2023-06-07,1,14.34
2023-06-07,2,13.35
2023-06-07,3,14.12
2023-06-07,4,15.41
2023-06-07,5,10.43
2023-06-07,6,21.03
2023-06-07,7,24.37
2023-06-07,8,23.97
2023-06-07,9,23.97
2023-06-07,10,24.13
2023-06-07,11,21.08
2023-06-07,12,13.49
2023-06-07,13,13.33
2023-06-07,14,13.45
2023-06-07,15,14.01
2023-06-07,16,19.83
2023-06-07,17,23.13
2023-06-07,18,23.97
2023-06-07,19,24.61
2023-06-07,20,25.63
2023-06-07,21,31.54
2023-06-07,22,28.09
2023-06-07,23,24.36
2023-06-07,24,23.97
2023-06-08,1,23.18
2023-06-08,2,23.72
2023-06-08,3,18.3
2023-06-08,4,18.19
2023-06-08,5,13.37
2023-06-08,6,23.67
2023-06-08,7,26.8
2023-06-08,8,25.1
2023-06-08,9,28.71
2023-06-08,10,28.65
2023-06-08,11,29.2
2023-06-08,12,29.24
2023-06-08,13,28.35
2023-06-08,14,27.35
2023-06-08,15,24.84
2023-06-08,16,26.03
2023-06-08,17,29.17
2023-06-08,18,29.22
2023-06-08,19,27.95
2023-06-08,20,26.76
2023-06-08,21,29.0
2023-06-08,22,27.01
2023-06-08,23,25.25
2023-06-08,24,25.0
2023-06-09,1,13.35
2023-06-09,2,13.32
2023-06-09,3,7.89
2023-06-09,4,13.34
2023-06-09,5,12.73
2023-06-09,6,21.36
2023-06-09,7,29.07
2023-06-09,8,34.0
2023-06-09,9,32.28
2023-06-09,10,29.06
2023-06-09,11,29.0
2023-06-09,12,28.88
2023-06-09,13,28.99
2023-06-09,14,29.03
2023-06-09,15,28.84
2023-06-09,16,28.83
2023-06-09,17,28.81
2023-06-09,18,28.01
2023-06-09,19,29.01
2023-06-09,20,29.06
2023-06-09,21,29.58
2023-06-09,22,28.74
2023-06-09,23,26.25
2023-06-09,24,24.77
2023-06-10,1,31.66
2023-06-10,2,20.3
2023-06-10,3,17.02
2023-06-10,4,14.33
2023-06-10,5,9.68
2023-06-10,6,15.52
2023-06-10,7,21.64
2023-06-10,8,26.78
2023-06-10,9,26.46
2023-06-10,10,24.01
2023-06-10,11,24.47
2023-06-10,12,24.12
2023-06-10,13,23.65
2023-06-10,14,23.78
2023-06-10,15,23.84
2023-06-10,16,25.35
2023-06-10,17,26.36
2023-06-10,18,26.83
2023-06-10,19,25.2
2023-06-10,20,25.19
2023-06-10,21,27.22
2023-06-10,22,29.12
2023-06-10,23,24.93
2023-06-10,24,23.46
2023-06-11,1,26.92
2023-06-11,2,32.51
2023-06-11,3,22.05
2023-06-11,4,19.23
2023-06-11,5,14.37
2023-06-11,6,13.65
2023-06-11,7,3.9
2023-06-11,8,10.8
2023-06-11,9,27.63
2023-06-11,10,27.26
2023-06-11,11,27.48
2023-06-11,12,27.33
2023-06-11,13,27.26
2023-06-11,14,24.0
2023-06-11,15,27.22
2023-06-11,16,25.81
2023-06-11,17,26.81
2023-06-11,18,26.95
2023-06-11,19,26.87
2023-06-11,20,26.13
2023-06-11,21,25.56
2023-06-11,22,24.53
2023-06-11,23,24.06
2023-06-11,24,28.31
2023-06-12,1,12.37
2023-06-12,2,1.97
2023-06-12,3,6.65
2023-06-12,4,15.48
2023-06-12,5,19.6
2023-06-12,6,22.39
2023-06-12,7,23.6
2023-06-12,8,25.07
2023-06-12,9,27.95
2023-06-12,10,29.87
2023-06-12,11,28.99
2023-06-12,12,31.08
2023-06-12,13,31.99
2023-06-12,14,35.06
2023-06-12,15,33.53
2023-06-12,16,34.62
2023-06-12,17,31.44
2023-06-12,18,31.04
2023-06-12,19,26.26
2023-06-12,20,27.57
2023-06-12,21,27.7
2023-06-12,22,25.57
2023-06-12,23,22.54
2023-06-12,24,23.42
2023-06-13,1,8.81
2023-06-13,2,3.79
2023-06-13,3,9.92
2023-06-13,4,8.3
2023-06-13,5,15.65
2023-06-13,6,18.11
2023-06-13,7,26.41
2023-06-13,8,27.14
2023-06-13,9,24.62
2023-06-13,10,24.59
2023-06-13,11,24.59
2023-06-13,12,24.61
2023-06-13,13,24.65
2023-06-13,14,24.64
2023-06-13,15,24.66
2023-06-13,16,24.6
2023-06-13,17,24.63
2023-06-13,18,24.63
2023-06-13,19,24.6
2023-06-13,20,24.6
2023-06-13,21,25.35
2023-06-13,22,26.14
2023-06-13,23,25.14
2023-06-13,24,24.65
2023-06-14,1,25.34
2023-06-14,2,17.07
2023-06-14,3,13.53
2023-06-14,4,9.65
2023-06-14,5,14.93
2023-06-14,6,12.73
2023-06-14,7,26.05
2023-06-14,8,25.7
2023-06-14,9,25.76
2023-06-14,10,25.98
2023-06-14,11,25.77
2023-06-14,12,30.89
2023-06-14,13,29.93
2023-06-14,14,25.75
2023-06-14,15,25.73
2023-06-14,16,25.45
2023-06-14,17,25.87
2023-06-14,18,28.91
2023-06-14,19,25.83
2023-06-14,20,26.69
2023-06-14,21,41.98
2023-06-14,22,29.18
2023-06-14,23,25.64
2023-06-14,24,22.82
2023-06-15,1,17.15
2023-06-15,2,9.37
2023-06-15,3,14.04
2023-06-15,4,14.03
2023-06-15,5,22.85
2023-06-15,6,25.63
2023-06-15,7,28.43
2023-06-15,8,29.66
2023-06-15,9,31.44
2023-06-15,10,31.51
2023-06-15,11,31.85
2023-06-15,12,34.23
2023-06-15,13,37.32
2023-06-15,14,36.64
2023-06-15,15,33.58
2023-06-15,16,38.4
2023-06-15,17,35.37
2023-06-15,18,31.09
2023-06-15,19,36.35
2023-06-15,20,29.9
2023-06-15,21,30.66
2023-06-15,22,27.28
2023-06-15,23,25.46
2023-06-15,24,26.15
2023-06-16,1,19.13
2023-06-16,2,25.33
2023-06-16,3,14.96
2023-06-16,4,17.05
2023-06-16,5,7.43
2023-06-16,6,22.96
2023-06-16,7,29.16
2023-06-16,8,29.18
2023-06-16,9,29.88
2023-06-16,10,28.57
2023-06-16,11,28.94
2023-06-16,12,30.09
2023-06-16,13,30.1
2023-06-16,14,28.28
2023-06-16,15,28.61
2023-06-16,16,28.34
2023-06-16,17,30.31
2023-06-16,18,30.26
2023-06-16,19,30.39
2023-06-16,20,30.55
2023-06-16,21,30.72
2023-06-16,22,29.36
2023-06-16,23,27.08
2023-06-16,24,25.66
2023-06-17,1,26.43
2023-06-17,2,28.98
2023-06-17,3,36.06
2023-06-17,4,24.25
2023-06-17,5,32.85
2023-06-17,6,21.65
2023-06-17,7,19.94
2023-06-17,8,25.65
2023-06-17,9,31.84
2023-06-17,10,27.03
2023-06-17,11,28.07
2023-06-17,12,30.26
2023-06-17,13,29.36
2023-06-17,14,30.09
2023-06-17,15,29.37
2023-06-17,16,29.08
2023-06-17,17,29.36
2023-06-17,18,29.39
2023-06-17,19,27.52
2023-06-17,20,28.35
2023-06-17,21,30.04
2023-06-17,22,29.2
2023-06-17,23,28.37
2023-06-17,24,27.4
2023-06-18,1,20.39
2023-06-18,2,16.41
2023-06-18,3,23.79
2023-06-18,4,19.69
2023-06-18,5,14.36
2023-06-18,6,22.89
2023-06-18,7,9.48
2023-06-18,8,16.97
2023-06-18,9,22.34
2023-06-18,10,27.79
2023-06-18,11,27.81
2023-06-18,12,28.12
2023-06-18,13,28.24
2023-06-18,14,30.27
2023-06-18,15,30.37
2023-06-18,16,30.4
2023-06-18,17,32.12
2023-06-18,18,34.07
2023-06-18,19,33.9
2023-06-18,20,31.32
2023-06-18,21,32.93
2023-06-18,22,30.42
2023-06-18,23,29.74
2023-06-18,24,25.83
2023-06-19,1,22.57
2023-06-19,2,25.74
2023-06-19,3,29.03
2023-06-19,4,20.49
2023-06-19,5,10.32
2023-06-19,6,7.7
2023-06-19,7,22.28
2023-06-19,8,30.54
2023-06-19,9,34.57
2023-06-19,10,34.34
2023-06-19,11,30.56
2023-06-19,12,30.8
2023-06-19,13,31.24
2023-06-19,14,30.94
2023-06-19,15,30.31
2023-06-19,16,31.66
2023-06-19,17,36.97
2023-06-19,18,36.45
2023-06-19,19,33.41
2023-06-19,20,32.04
2023-06-19,21,30.77
2023-06-19,22,29.26
2023-06-19,23,27.75
2023-06-19,24,22.22
2023-06-20,1,24.91
2023-06-20,2,20.11
2023-06-20,3,14.37
2023-06-20,4,14.32
2023-06-20,5,13.37
2023-06-20,6,14.43
2023-06-20,7,25.19
2023-06-20,8,27.07
2023-06-20,9,29.55
2023-06-20,10,30.33
2023-06-20,11,30.32
2023-06-20,12,31.07
2023-06-20,13,35.74
2023-06-20,14,38.56
2023-06-20,15,38.74
2023-06-20,16,31.89
2023-06-20,17,36.8
2023-06-20,18,36.1
2023-06-20,19,35.25
2023-06-20,20,31.95
2023-06-20,21,32.91
2023-06-20,22,28.51
2023-06-20,23,27.32
2023-06-20,24,24.83
2023-06-21,1,19.5
2023-06-21,2,14.75
2023-06-21,3,14.29
2023-06-21,4,14.38
2023-06-21,5,14.99
2023-06-21,6,21.54
2023-06-21,7,30.65
2023-06-21,8,32.65
2023-06-21,9,33.36
2023-06-21,10,33.48
2023-06-21,11,33.97
2023-06-21,12,36.74
2023-06-21,13,42.48
2023-06-21,14,42.95
2023-06-21,15,39.69
2023-06-21,16,45.09
2023-06-21,17,40.59
2023-06-21,18,48.1
2023-06-21,19,40.03
2023-06-21,20,42.53
2023-06-21,21,39.47
2023-06-21,22,32.47
2023-06-21,23,29.87
2023-06-21,24,27.42
2023-06-22,1,15.59
2023-06-22,2,18.98
2023-06-22,3,23.04
2023-06-22,4,14.16
2023-06-22,5,13.47
2023-06-22,6,25.95
2023-06-22,7,28.58
2023-06-22,8,33.4
2023-06-22,9,35.55
2023-06-22,10,39.58
2023-06-22,11,39.07
2023-06-22,12,31.89
2023-06-22,13,31.34
2023-06-22,14,32.42
2023-06-22,15,33.67
2023-06-22,16,35.23
2023-06-22,17,34.66
2023-06-22,18,35.98
2023-06-22,19,36.24
2023-06-22,20,38.2
2023-06-22,21,45.95
2023-06-22,22,34.2
2023-06-22,23,32.51
2023-06-22,24,27.06
2023-06-23,1,34.09
2023-06-23,2,28.72
2023-06-23,3,22.45
2023-06-23,4,22.05
2023-06-23,5,21.12
2023-06-23,6,31.48
2023-06-23,7,31.11
2023-06-23,8,33.02
2023-06-23,9,40.05
2023-06-23,10,50.72
2023-06-23,11,52.33
2023-06-23,12,72.02
2023-06-23,13,47.3
2023-06-23,14,46.74
2023-06-23,15,39.29
2023-06-23,16,39.12
2023-06-23,17,33.25
2023-06-23,18,35.74
2023-06-23,19,35.45
2023-06-23,20,36.08
2023-06-23,21,43.32
2023-06-23,22,33.12
2023-06-23,23,31.8
2023-06-23,24,30.47
2023-06-24,1,34.82
2023-06-24,2,35.57
2023-06-24,3,36.38
2023-06-24,4,35.33
2023-06-24,5,28.73
2023-06-24,6,28.4
2023-06-24,7,29.37
2023-06-24,8,31.37
2023-06-24,9,32.34
2023-06-24,10,36.38
2023-06-24,11,41.19
2023-06-24,12,41.44
2023-06-24,13,41.67
2023-06-24,14,45.61
2023-06-24,15,51.08
2023-06-24,16,46.5
2023-06-24,17,49.76
2023-06-24,18,51.46
2023-06-24,19,53.92
2023-06-24,20,58.11
2023-06-24,21,57.16
2023-06-24,22,44.36
2023-06-24,23,35.71
2023-06-24,24,32.38
2023-06-25,1,29.84
2023-06-25,2,15.46
2023-06-25,3,14.4
2023-06-25,4,20.9
2023-06-25,5,21.47
2023-06-25,6,22.78
2023-06-25,7,11.84
2023-06-25,8,27.5
2023-06-25,9,33.18
2023-06-25,10,37.59
2023-06-25,11,39.79
2023-06-25,12,44.43
2023-06-25,13,45.34
2023-06-25,14,51.13
2023-06-25,15,52.59
2023-06-25,16,54.91
2023-06-25,17,56.97
2023-06-25,18,50.8
2023-06-25,19,40.02
2023-06-25,20,39.86
2023-06-25,21,44.64
2023-06-25,22,40.41
2023-06-25,23,41.27
2023-06-25,24,33.89
2023-06-26,1,29.11
2023-06-26,2,14.57
2023-06-26,3,17.26
2023-06-26,4,14.39
2023-06-26,5,15.08
2023-06-26,6,27.15
2023-06-26,7,32.76
2023-06-26,8,38.95
2023-06-26,9,35.6
2023-06-26,10,38.73
2023-06-26,11,39.37
2023-06-26,12,55.64
2023-06-26,13,51.12
2023-06-26,14,39.96
2023-06-26,15,38.84
2023-06-26,16,47.98
2023-06-26,17,51.28
2023-06-26,18,37.08
2023-06-26,19,38.53
2023-06-26,20,34.59
2023-06-26,21,34.4
2023-06-26,22,33.33
2023-06-26,23,33.62
2023-06-26,24,32.19
2023-06-27,1,30.35
2023-06-27,2,18.34
2023-06-27,3,21.14
2023-06-27,4,22.01
2023-06-27,5,22.11
2023-06-27,6,30.44
2023-06-27,7,32.57
2023-06-27,8,34.83
2023-06-27,9,35.85
2023-06-27,10,38.41
2023-06-27,11,42.48
2023-06-27,12,41.69
2023-06-27,13,44.19
2023-06-27,14,40.83
2023-06-27,15,41.01
2023-06-27,16,41.26
2023-06-27,17,44.52
2023-06-27,18,43.99
2023-06-27,19,38.52
2023-06-27,20,38.78
2023-06-27,21,40.02
2023-06-27,22,38.23
2023-06-27,23,32.4
2023-06-27,24,27.55
2023-06-28,1,23.06
2023-06-28,2,14.38
2023-06-28,3,13.79
2023-06-28,4,13.57
2023-06-28,5,2.42
2023-06-28,6,25.14
2023-06-28,7,34.74
2023-06-28,8,35.15
2023-06-28,9,35.47
2023-06-28,10,35.96
2023-06-28,11,35.76
2023-06-28,12,35.86
2023-06-28,13,39.25
2023-06-28,14,46.78
2023-06-28,15,47.74
2023-06-28,16,58.36
2023-06-28,17,60.58
2023-06-28,18,46.26
2023-06-28,19,46.96
2023-06-28,20,41.42
2023-06-28,21,45.06
2023-06-28,22,45.18
2023-06-28,23,36.78
2023-06-28,24,30.56
2023-06-29,1,29.3
2023-06-29,2,33.8
2023-06-29,3,33.07
2023-06-29,4,26.6
2023-06-29,5,19.55
2023-06-29,6,26.29
2023-06-29,7,28.31
2023-06-29,8,34.27
2023-06-29,9,35.88
2023-06-29,10,36.73
2023-06-29,11,44.38
2023-06-29,12,45.74
2023-06-29,13,60.86
2023-06-29,14,55.98
2023-06-29,15,45.85
2023-06-29,16,40.86
2023-06-29,17,44.86
2023-06-29,18,38.92
2023-06-29,19,39.22
2023-06-29,20,33.62
2023-06-29,21,32.08
2023-06-29,22,35.76
2023-06-29,23,33.74
2023-06-29,24,34.06
2023-06-30,1,32.6
2023-06-30,2,23.45
2023-06-30,3,22.9
2023-06-30,4,21.38
2023-06-30,5,24.86
2023-06-30,6,25.02
2023-06-30,7,27.34
2023-06-30,8,33.93
2023-06-30,9,36.37
2023-06-30,10,39.35
2023-06-30,11,34.6
2023-06-30,12,37.45
2023-06-30,13,36.04
2023-06-30,14,36.76
2023-06-30,15,36.7
2023-06-30,16,39.8
2023-06-30,17,41.99
2023-06-30,18,40.49
2023-06-30,19,40.56
2023-06-30,20,38.69
2023-06-30,21,37.07
2023-06-30,22,42.86
2023-06-30,23,33.63
2023-06-30,24,30.01
2023-07-01,1,30.98
2023-07-01,2,27.03
2023-07-01,3,23.21
2023-07-01,4,29.67
2023-07-01,5,28.21
2023-07-01,6,28.01
2023-07-01,7,23.24
2023-07-01,8,30.33
2023-07-01,9,30.54
2023-07-01,10,38.48
2023-07-01,11,49.12
2023-07-01,12,61.51
2023-07-01,13,59.42
2023-07-01,14,60.59
2023-07-01,15,43.93
2023-07-01,16,42.91
2023-07-01,17,41.91
2023-07-01,18,40.18
2023-07-01,19,38.7
2023-07-01,20,40.54
2023-07-01,21,43.32
2023-07-01,22,41.74
2023-07-01,23,38.37
2023-07-01,24,32.83
2023-07-02,1,32.71
2023-07-02,2,29.13
2023-07-02,3,31.73
2023-07-02,4,32.78
2023-07-02,5,20.86
2023-07-02,6,23.5
2023-07-02,7,22.7
2023-07-02,8,26.2
2023-07-02,9,32.68
2023-07-02,10,33.71
2023-07-02,11,33.5
2023-07-02,12,36.14
2023-07-02,13,36.39
2023-07-02,14,36.55
2023-07-02,15,36.14
2023-07-02,16,38.45
2023-07-02,17,40.8
2023-07-02,18,39.97
2023-07-02,19,39.97
2023-07-02,20,45.2
2023-07-02,21,55.59
2023-07-02,22,39.36
2023-07-02,23,35.4
2023-07-02,24,32.69
2023-07-03,1,32.97
2023-07-03,2,33.5
2023-07-03,3,35.07
2023-07-03,4,27.83
2023-07-03,5,28.08
2023-07-03,6,29.21
2023-07-03,7,23.52
2023-07-03,8,29.63
2023-07-03,9,33.05
2023-07-03,10,34.15
2023-07-03,11,37.01
2023-07-03,12,39.91
2023-07-03,13,51.7
2023-07-03,14,47.82
2023-07-03,15,45.69
2023-07-03,16,40.73
2023-07-03,17,64.84
2023-07-03,18,85.88
2023-07-03,19,61.15
2023-07-03,20,46.07
2023-07-03,21,47.08
2023-07-03,22,49.6
2023-07-03,23,37.1
2023-07-03,24,34.04
2023-07-04,1,32.77
2023-07-04,2,31.81
2023-07-04,3,32.16
2023-07-04,4,24.36
2023-07-04,5,20.78
2023-07-04,6,22.34
2023-07-04,7,29.98
2023-07-04,8,34.38
2023-07-04,9,43.04
2023-07-04,10,49.27
2023-07-04,11,54.36
2023-07-04,12,56.14
2023-07-04,13,64.38
2023-07-04,14,60.39
2023-07-04,15,49.23
2023-07-04,16,68.94
2023-07-04,17,60.3
2023-07-04,18,50.52
2023-07-04,19,91.29
2023-07-04,20,97.43
2023-07-04,21,99.7
2023-07-04,22,141.19
2023-07-04,23,84.29
2023-07-04,24,62.33
2023-07-05,1,35.83
2023-07-05,2,30.64
2023-07-05,3,21.32
2023-07-05,4,22.32
2023-07-05,5,20.89
2023-07-05,6,26.61
2023-07-05,7,40.87
2023-07-05,8,58.84
2023-07-05,9,64.27
2023-07-05,10,68.37
2023-07-05,11,82.16
2023-07-05,12,88.24
2023-07-05,13,80.23
2023-07-05,14,78.76
2023-07-05,15,148.92
2023-07-05,16,139.04
2023-07-05,17,104.27
2023-07-05,18,151.64
2023-07-05,19,176.27
2023-07-05,20,131.19
2023-07-05,21,96.32
2023-07-05,22,62.12
2023-07-05,23,39.19
2023-07-05,24,53.45
2023-07-06,1,40.51
2023-07-06,2,33.71
2023-07-06,3,33.72
2023-07-06,4,32.97
2023-07-06,5,33.68
2023-07-06,6,33.59
2023-07-06,7,48.41
2023-07-06,8,54.51
2023-07-06,9,56.94
2023-07-06,10,58.3
2023-07-06,11,72.09
2023-07-06,12,63.6
2023-07-06,13,84.36
2023-07-06,14,40.26
2023-07-06,15,47.04
2023-07-06,16,51.19
2023-07-06,17,83.69
2023-07-06,18,48.65
2023-07-06,19,52.48
2023-07-06,20,79.16
2023-07-06,21,55.21
2023-07-06,22,40.79
2023-07-06,23,34.58
2023-07-06,24,34.2
2023-07-07,1,36.47
2023-07-07,2,31.95
2023-07-07,3,35.01
2023-07-07,4,27.85
2023-07-07,5,35.56
2023-07-07,6,26.88
2023-07-07,7,33.74
2023-07-07,8,37.56
2023-07-07,9,36.94
2023-07-07,10,36.8
2023-07-07,11,37.75
2023-07-07,12,42.19
2023-07-07,13,39.81
2023-07-07,14,41.89
2023-07-07,15,57.33
2023-07-07,16,59.65
2023-07-07,17,46.59
2023-07-07,18,76.74
2023-07-07,19,76.2
2023-07-07,20,56.33
2023-07-07,21,35.03
2023-07-07,22,41.0
2023-07-07,23,34.82
2023-07-07,24,32.94
2023-07-08,1,36.01
2023-07-08,2,27.94
2023-07-08,3,28.44
2023-07-08,4,21.09
2023-07-08,5,21.56
2023-07-08,6,22.44
2023-07-08,7,26.68
2023-07-08,8,27.28
2023-07-08,9,28.4
2023-07-08,10,33.14
2023-07-08,11,34.75
2023-07-08,12,39.82
2023-07-08,13,35.24
2023-07-08,14,33.71
2023-07-08,15,31.64
2023-07-08,16,31.3
2023-07-08,17,32.32
2023-07-08,18,31.16
2023-07-08,19,32.19
2023-07-08,20,31.82
2023-07-08,21,31.97
2023-07-08,22,30.97
2023-07-08,23,29.53
2023-07-08,24,31.08
2023-07-09,1,33.62
2023-07-09,2,33.43
2023-07-09,3,32.14
2023-07-09,4,30.97
2023-07-09,5,18.55
2023-07-09,6,25.53
2023-07-09,7,25.23
2023-07-09,8,29.53
2023-07-09,9,28.97
2023-07-09,10,31.33
2023-07-09,11,32.68
2023-07-09,12,32.53
2023-07-09,13,34.32
2023-07-09,14,35.42
2023-07-09,15,33.67
2023-07-09,16,35.6
2023-07-09,17,40.02
2023-07-09,18,44.21
2023-07-09,19,73.32
2023-07-09,20,39.01
2023-07-09,21,37.43
2023-07-09,22,34.84
2023-07-09,23,33.09
2023-07-09,24,27.63
2023-07-10,1,28.83
2023-07-10,2,29.19
2023-07-10,3,28.4
2023-07-10,4,29.58
2023-07-10,5,28.87
2023-07-10,6,26.8
2023-07-10,7,23.37
2023-07-10,8,26.79
2023-07-10,9,31.79
2023-07-10,10,31.84
2023-07-10,11,31.74
2023-07-10,12,31.48
2023-07-10,13,31.48
2023-07-10,14,31.72
2023-07-10,15,34.18
2023-07-10,16,34.26
2023-07-10,17,34.38
2023-07-10,18,37.23
2023-07-10,19,46.21
2023-07-10,20,37.92
2023-07-10,21,32.57
2023-07-10,22,34.44
2023-07-10,23,29.32
2023-07-10,24,23.64
2023-07-11,1,17.59
2023-07-11,2,17.2
2023-07-11,3,14.35
2023-07-11,4,14.56
2023-07-11,5,23.11
2023-07-11,6,20.74
2023-07-11,7,23.43
2023-07-11,8,27.67
2023-07-11,9,32.54
2023-07-11,10,32.42
2023-07-11,11,25.47
2023-07-11,12,31.7
2023-07-11,13,28.82
2023-07-11,14,28.01
2023-07-11,15,28.28
2023-07-11,16,26.37
2023-07-11,17,27.13
2023-07-11,18,27.33
2023-07-11,19,33.06
2023-07-11,20,36.0
2023-07-11,21,38.24
2023-07-11,22,43.82
2023-07-11,23,31.68
2023-07-11,24,26.55
2023-07-12,1,23.13
2023-07-12,2,15.19
2023-07-12,3,13.43
2023-07-12,4,12.42
2023-07-12,5,15.47
2023-07-12,6,15.42
2023-07-12,7,20.65
2023-07-12,8,30.61
2023-07-12,9,31.15
2023-07-12,10,31.17
2023-07-12,11,32.68
2023-07-12,12,31.76
2023-07-12,13,36.42
2023-07-12,14,45.75
2023-07-12,15,50.07
2023-07-12,16,121.52
2023-07-12,17,104.85
2023-07-12,18,38.55
2023-07-12,19,41.0
2023-07-12,20,39.27
2023-07-12,21,36.92
2023-07-12,22,32.75
2023-07-12,23,29.75
2023-07-12,24,28.6
2023-07-13,1,28.99
2023-07-13,2,16.99
2023-07-13,3,13.8
2023-07-13,4,19.07
2023-07-13,5,39.81
2023-07-13,6,29.82
2023-07-13,7,18.48
2023-07-13,8,21.79
2023-07-13,9,21.18
2023-07-13,10,29.34
2023-07-13,11,32.52
2023-07-13,12,37.18
2023-07-13,13,59.42
2023-07-13,14,33.71
2023-07-13,15,32.17
2023-07-13,16,31.91
2023-07-13,17,34.13
2023-07-13,18,34.04
2023-07-13,19,43.51
2023-07-13,20,39.78
2023-07-13,21,35.08
2023-07-13,22,33.74
2023-07-13,23,29.6
2023-07-13,24,30.57
2023-07-14,1,32.48
2023-07-14,2,22.57
2023-07-14,3,28.49
2023-07-14,4,27.91
2023-07-14,5,24.93
2023-07-14,6,14.63
2023-07-14,7,27.52
2023-07-14,8,31.66
2023-07-14,9,35.82
2023-07-14,10,33.95
2023-07-14,11,32.27
2023-07-14,12,32.29
2023-07-14,13,33.39
2023-07-14,14,32.63
2023-07-14,15,34.78
2023-07-14,16,40.05
2023-07-14,17,36.93
2023-07-14,18,35.9
2023-07-14,19,31.65
2023-07-14,20,37.92
2023-07-14,21,31.95
2023-07-14,22,31.47
2023-07-14,23,26.2
2023-07-14,24,25.15
2023-07-15,1,26.63
2023-07-15,2,22.8
2023-07-15,3,21.96
2023-07-15,4,21.96
2023-07-15,5,17.32
2023-07-15,6,14.62
2023-07-15,7,22.7
2023-07-15,8,30.83
2023-07-15,9,33.31
2023-07-15,10,34.23
2023-07-15,11,35.09
2023-07-15,12,37.2
2023-07-15,13,40.43
2023-07-15,14,40.98
2023-07-15,15,38.43
2023-07-15,16,38.99
2023-07-15,17,37.37
2023-07-15,18,34.89
2023-07-15,19,36.05
2023-07-15,20,39.3
2023-07-15,21,40.06
2023-07-15,22,30.22
2023-07-15,23,27.51
2023-07-15,24,27.69
2023-07-16,1,27.06
2023-07-16,2,27.18
2023-07-16,3,27.52
2023-07-16,4,28.16
2023-07-16,5,30.33
2023-07-16,6,14.49
2023-07-16,7,16.69
2023-07-16,8,24.15
2023-07-16,9,27.47
2023-07-16,10,31.17
2023-07-16,11,31.32
2023-07-16,12,31.37
2023-07-16,13,31.29
2023-07-16,14,31.37
2023-07-16,15,30.67
2023-07-16,16,31.25
2023-07-16,17,31.29
2023-07-16,18,31.4
2023-07-16,19,31.24
2023-07-16,20,31.23
2023-07-16,21,30.24
2023-07-16,22,29.32
2023-07-16,23,31.37
2023-07-16,24,26.81
2023-07-17,1,33.95
2023-07-17,2,21.78
2023-07-17,3,24.32
2023-07-17,4,20.54
2023-07-17,5,14.59
2023-07-17,6,24.79
2023-07-17,7,29.11
2023-07-17,8,29.56
2023-07-17,9,31.26
2023-07-17,10,31.33
2023-07-17,11,33.03
2023-07-17,12,39.91
2023-07-17,13,39.19
2023-07-17,14,35.9
2023-07-17,15,31.14
2023-07-17,16,40.11
2023-07-17,17,85.16
2023-07-17,18,50.51
2023-07-17,19,40.5
2023-07-17,20,37.38
2023-07-17,21,55.83
2023-07-17,22,33.47
2023-07-17,23,31.39
2023-07-17,24,28.0
2023-07-18,1,29.06
2023-07-18,2,29.43
2023-07-18,3,29.39
2023-07-18,4,27.91
2023-07-18,5,27.0
2023-07-18,6,24.08
2023-07-18,7,29.72
2023-07-18,8,31.89
2023-07-18,9,34.04
2023-07-18,10,35.4
2023-07-18,11,41.66
2023-07-18,12,38.02
2023-07-18,13,36.09
2023-07-18,14,35.74
2023-07-18,15,34.7
2023-07-18,16,37.78
2023-07-18,17,66.71
2023-07-18,18,44.88
2023-07-18,19,37.55
2023-07-18,20,32.12
2023-07-18,21,32.26
2023-07-18,22,40.56
2023-07-18,23,32.6
2023-07-18,24,31.58
2023-07-19,1,31.55
2023-07-19,2,28.94
2023-07-19,3,27.26
2023-07-19,4,26.61
2023-07-19,5,26.69
2023-07-19,6,26.15
2023-07-19,7,32.28
2023-07-19,8,32.48
2023-07-19,9,32.92
2023-07-19,10,35.85
2023-07-19,11,37.39
2023-07-19,12,39.1
2023-07-19,13,40.97
2023-07-19,14,40.03
2023-07-19,15,38.15
2023-07-19,16,38.46
2023-07-19,17,41.34
2023-07-19,18,38.99
2023-07-19,19,37.19
2023-07-19,20,36.41
2023-07-19,21,48.94
2023-07-19,22,45.93
2023-07-19,23,39.2
2023-07-19,24,32.06
2023-07-20,1,28.57
2023-07-20,2,25.85
2023-07-20,3,23.05
2023-07-20,4,22.84
2023-07-20,5,21.43
2023-07-20,6,22.95
2023-07-20,7,25.37
2023-07-20,8,28.41
2023-07-20,9,32.59
2023-07-20,10,35.86
2023-07-20,11,41.11
2023-07-20,12,38.51
2023-07-20,13,40.93
2023-07-20,14,51.18
2023-07-20,15,91.02
2023-07-20,16,94.65
2023-07-20,17,63.4
2023-07-20,18,38.51
2023-07-20,19,35.1
2023-07-20,20,38.05
2023-07-20,21,32.73
2023-07-20,22,33.14
2023-07-20,23,32.89
2023-07-20,24,30.99
2023-07-21,1,28.43
2023-07-21,2,18.15
2023-07-21,3,14.13
2023-07-21,4,14.36
2023-07-21,5,26.14
2023-07-21,6,32.25
2023-07-21,7,32.03
2023-07-21,8,32.98
2023-07-21,9,32.75
2023-07-21,10,34.19
2023-07-21,11,33.86
2023-07-21,12,35.34
2023-07-21,13,37.73
2023-07-21,14,60.1
2023-07-21,15,58.1
2023-07-21,16,43.15
2023-07-21,17,58.63
2023-07-21,18,71.67
2023-07-21,19,177.73
2023-07-21,20,37.64
2023-07-21,21,41.44
2023-07-21,22,36.32
2023-07-21,23,31.57
2023-07-21,24,32.27
2023-07-22,1,32.74
2023-07-22,2,30.39
2023-07-22,3,25.69
2023-07-22,4,29.53
2023-07-22,5,19.65
2023-07-22,6,29.6
2023-07-22,7,19.7
2023-07-22,8,28.57
2023-07-22,9,28.6
2023-07-22,10,33.17
2023-07-22,11,33.33
2023-07-22,12,34.0
2023-07-22,13,33.31
2023-07-22,14,37.09
2023-07-22,15,35.28
2023-07-22,16,38.04
2023-07-22,17,40.37
2023-07-22,18,70.1
2023-07-22,19,35.25
2023-07-22,20,34.63
2023-07-22,21,32.13
2023-07-22,22,30.23
2023-07-22,23,31.24
2023-07-22,24,29.17
2023-07-23,1,35.96
2023-07-23,2,31.17
2023-07-23,3,19.31
2023-07-23,4,14.87
2023-07-23,5,21.18
2023-07-23,6,19.23
2023-07-23,7,17.86
2023-07-23,8,25.86
2023-07-23,9,27.46
2023-07-23,10,32.93
2023-07-23,11,32.59
2023-07-23,12,34.87
2023-07-23,13,37.09
2023-07-23,14,38.39
2023-07-23,15,35.89
2023-07-23,16,33.91
2023-07-23,17,37.07
2023-07-23,18,37.75
2023-07-23,19,42.58
2023-07-23,20,42.03
2023-07-23,21,43.74
2023-07-23,22,37.6
2023-07-23,23,30.95
2023-07-23,24,29.03
2023-07-24,1,27.74
2023-07-24,2,27.82
2023-07-24,3,35.58
2023-07-24,4,32.31
2023-07-24,5,35.13
2023-07-24,6,28.44
2023-07-24,7,29.22
2023-07-24,8,31.16
2023-07-24,9,37.72
2023-07-24,10,49.97
2023-07-24,11,54.37
2023-07-24,12,58.25
2023-07-24,13,48.16
2023-07-24,14,43.41
2023-07-24,15,50.61
2023-07-24,16,57.12
2023-07-24,17,44.22
2023-07-24,18,48.92
2023-07-24,19,46.1
2023-07-24,20,41.05
2023-07-24,21,42.98
2023-07-24,22,46.23
2023-07-24,23,35.12
2023-07-24,24,32.63
2023-07-25,1,31.7
2023-07-25,2,37.71
2023-07-25,3,32.09
2023-07-25,4,35.92
2023-07-25,5,32.26
2023-07-25,6,31.83
2023-07-25,7,36.22
2023-07-25,8,39.14
2023-07-25,9,38.23
2023-07-25,10,43.56
2023-07-25,11,49.7
2023-07-25,12,59.13
2023-07-25,13,45.03
2023-07-25,14,50.56
2023-07-25,15,59.11
2023-07-25,16,84.1
2023-07-25,17,101.98
2023-07-25,18,71.36
2023-07-25,19,58.8
2023-07-25,20,54.3
2023-07-25,21,61.55
2023-07-25,22,41.93
2023-07-25,23,35.98
2023-07-25,24,32.91
2023-07-26,1,32.82
2023-07-26,2,30.83
2023-07-26,3,29.23
2023-07-26,4,27.98
2023-07-26,5,30.4
2023-07-26,6,30.39
2023-07-26,7,34.88
2023-07-26,8,44.03
2023-07-26,9,43.14
2023-07-26,10,43.92
2023-07-26,11,33.11
2023-07-26,12,36.04
2023-07-26,13,33.46
2023-07-26,14,30.22
2023-07-26,15,25.9
2023-07-26,16,25.2
2023-07-26,17,31.22
2023-07-26,18,36.78
2023-07-26,19,46.58
2023-07-26,20,36.31
2023-07-26,21,27.06
2023-07-26,22,34.7
2023-07-26,23,37.63
2023-07-26,24,32.91
2023-07-27,1,39.42
2023-07-27,2,36.28
2023-07-27,3,35.6
2023-07-27,4,36.52
2023-07-27,5,38.15
2023-07-27,6,35.67
2023-07-27,7,39.1
2023-07-27,8,37.44
2023-07-27,9,38.35
2023-07-27,10,44.49
2023-07-27,11,51.38
2023-07-27,12,43.23
2023-07-27,13,41.04
2023-07-27,14,48.58
2023-07-27,15,56.98
2023-07-27,16,60.88
2023-07-27,17,129.82
2023-07-27,18,75.6
2023-07-27,19,47.68
2023-07-27,20,49.84
2023-07-27,21,51.0
2023-07-27,22,59.55
2023-07-27,23,47.04
2023-07-27,24,42.09
2023-07-28,1,47.34
2023-07-28,2,44.77
2023-07-28,3,38.63
2023-07-28,4,34.98
2023-07-28,5,33.67
2023-07-28,6,29.24
2023-07-28,7,33.03
2023-07-28,8,43.0
2023-07-28,9,46.28
2023-07-28,10,44.48
2023-07-28,11,48.09
2023-07-28,12,56.94
2023-07-28,13,115.19
2023-07-28,14,54.24
2023-07-28,15,56.68
2023-07-28,16,51.02
2023-07-28,17,75.59
2023-07-28,18,42.05
2023-07-28,19,48.08
2023-07-28,20,51.58
2023-07-28,21,82.19
2023-07-28,22,68.96
2023-07-28,23,55.39
2023-07-28,24,41.72
2023-07-29,1,57.76
2023-07-29,2,51.44
2023-07-29,3,39.48
2023-07-29,4,35.61
2023-07-29,5,35.19
2023-07-29,6,34.18
2023-07-29,7,32.64
2023-07-29,8,34.04
2023-07-29,9,36.66
2023-07-29,10,34.32
2023-07-29,11,33.22
2023-07-29,12,29.94
2023-07-29,13,22.97
2023-07-29,14,23.24
2023-07-29,15,23.25
2023-07-29,16,28.73
2023-07-29,17,29.66
2023-07-29,18,32.63
2023-07-29,19,34.16
2023-07-29,20,38.11
2023-07-29,21,33.01
2023-07-29,22,32.65
2023-07-29,23,32.27
2023-07-29,24,28.24
2023-07-30,1,22.17
2023-07-30,2,19.22
2023-07-30,3,22.3
2023-07-30,4,21.83
2023-07-30,5,21.75
2023-07-30,6,22.75
2023-07-30,7,16.14
2023-07-30,8,22.75
2023-07-30,9,27.72
2023-07-30,10,30.8
2023-07-30,11,32.17
2023-07-30,12,31.29
2023-07-30,13,31.47
2023-07-30,14,31.84
2023-07-30,15,28.29
2023-07-30,16,31.32
2023-07-30,17,31.88
2023-07-30,18,32.46
2023-07-30,19,31.84
2023-07-30,20,29.66
2023-07-30,21,33.25
2023-07-30,22,32.02
2023-07-30,23,32.89
2023-07-30,24,27.61
2023-07-31,1,20.53
2023-07-31,2,16.74
2023-07-31,3,24.99
2023-07-31,4,30.91
2023-07-31,5,20.48
2023-07-31,6,22.22
2023-07-31,7,27.29
2023-07-31,8,31.83
2023-07-31,9,32.38
2023-07-31,10,32.7
2023-07-31,11,33.33
2023-07-31,12,32.51
2023-07-31,13,32.56
2023-07-31,14,34.78
2023-07-31,15,47.9
2023-07-31,16,45.33
2023-07-31,17,48.24
2023-07-31,18,75.94
2023-07-31,19,37.94
2023-07-31,20,34.28
2023-07-31,21,39.55
2023-07-31,22,40.77
2023-07-31,23,31.96
2023-07-31,24,28.14
2023-08-01,1,27.14
2023-08-01,2,25.96
2023-08-01,3,31.22
2023-08-01,4,32.57
2023-08-01,5,26.5
2023-08-01,6,27.26
2023-08-01,7,31.67
2023-08-01,8,33.01
2023-08-01,9,34.77
2023-08-01,10,31.86
2023-08-01,11,34.58
2023-08-01,12,36.08
2023-08-01,13,34.05
2023-08-01,14,34.09
2023-08-01,15,39.62
2023-08-01,16,44.37
2023-08-01,17,40.42
2023-08-01,18,36.92
2023-08-01,19,35.59
2023-08-01,20,34.5
2023-08-01,21,50.34
2023-08-01,22,44.62
2023-08-01,23,30.1
2023-08-01,24,27.93
2023-08-02,1,27.2
2023-08-02,2,22.41
2023-08-02,3,27.34
2023-08-02,4,22.67
2023-08-02,5,23.74
2023-08-02,6,27.04
2023-08-02,7,30.2
2023-08-02,8,31.36
2023-08-02,9,29.97
2023-08-02,10,31.43
2023-08-02,11,29.81
2023-08-02,12,31.77
2023-08-02,13,32.18
2023-08-02,14,33.4
2023-08-02,15,32.74
2023-08-02,16,34.27
2023-08-02,17,34.77
2023-08-02,18,35.97
2023-08-02,19,39.5
2023-08-02,20,38.04
2023-08-02,21,33.93
2023-08-02,22,31.7
2023-08-02,23,28.08
2023-08-02,24,27.97
2023-08-03,1,27.94
2023-08-03,2,22.73
2023-08-03,3,27.76
2023-08-03,4,22.71
2023-08-03,5,16.26
2023-08-03,6,17.47
2023-08-03,7,25.81
2023-08-03,8,32.95
2023-08-03,9,36.86
2023-08-03,10,40.44
2023-08-03,11,49.57
2023-08-03,12,49.61
2023-08-03,13,39.7
2023-08-03,14,39.18
2023-08-03,15,38.9
2023-08-03,16,41.55
2023-08-03,17,46.56
2023-08-03,18,49.24
2023-08-03,19,44.45
2023-08-03,20,49.62
2023-08-03,21,51.81
2023-08-03,22,45.02
2023-08-03,23,41.87
2023-08-03,24,51.65
2023-08-04,1,35.73
2023-08-04,2,31.96
2023-08-04,3,30.02
2023-08-04,4,27.54
2023-08-04,5,30.26
2023-08-04,6,30.25
2023-08-04,7,28.2
2023-08-04,8,35.52
2023-08-04,9,36.05
2023-08-04,10,42.44
2023-08-04,11,45.04
2023-08-04,12,44.49
2023-08-04,13,49.71
2023-08-04,14,51.17
2023-08-04,15,48.15
2023-08-04,16,49.75
2023-08-04,17,57.65
2023-08-04,18,65.93
2023-08-04,19,44.93
2023-08-04,20,50.5
2023-08-04,21,36.88
2023-08-04,22,35.49
2023-08-04,23,30.48
2023-08-04,24,27.92
2023-08-05,1,26.0
2023-08-05,2,19.68
2023-08-05,3,19.52
2023-08-05,4,23.45
2023-08-05,5,20.84
2023-08-05,6,20.39
2023-08-05,7,20.11
2023-08-05,8,26.82
2023-08-05,9,28.66
2023-08-05,10,32.26
2023-08-05,11,30.06
2023-08-05,12,32.28
2023-08-05,13,31.4
2023-08-05,14,32.18
2023-08-05,15,33.03
2023-08-05,16,34.88
2023-08-05,17,58.2
2023-08-05,18,36.34
2023-08-05,19,33.85
2023-08-05,20,29.96
2023-08-05,21,27.74
2023-08-05,22,29.78
2023-08-05,23,28.22
2023-08-05,24,27.47
2023-08-06,1,19.94
2023-08-06,2,19.02
2023-08-06,3,14.49
2023-08-06,4,14.21
2023-08-06,5,13.33
2023-08-06,6,13.63
2023-08-06,7,8.24
2023-08-06,8,19.4
2023-08-06,9,27.6
2023-08-06,10,27.65
2023-08-06,11,28.32
2023-08-06,12,29.03
2023-08-06,13,29.55
2023-08-06,14,29.46
2023-08-06,15,29.15
2023-08-06,16,28.97
2023-08-06,17,27.65
2023-08-06,18,27.62
2023-08-06,19,25.61
2023-08-06,20,27.6
2023-08-06,21,27.37
2023-08-06,22,30.12
2023-08-06,23,22.2
2023-08-06,24,26.83
2023-08-07,1,29.73
2023-08-07,2,38.91
2023-08-07,3,40.13
2023-08-07,4,27.29
2023-08-07,5,34.5
2023-08-07,6,36.44
2023-08-07,7,28.65
2023-08-07,8,28.18
2023-08-07,9,30.49
2023-08-07,10,37.77
2023-08-07,11,41.02
2023-08-07,12,64.77
2023-08-07,13,34.94
2023-08-07,14,34.81
2023-08-07,15,32.72
2023-08-07,16,32.69
2023-08-07,17,32.26
2023-08-07,18,32.68
2023-08-07,19,32.37
2023-08-07,20,35.99
2023-08-07,21,41.61
2023-08-07,22,29.69
2023-08-07,23,28.78
2023-08-07,24,29.33
2023-08-08,1,25.44
2023-08-08,2,15.58
2023-08-08,3,14.62
2023-08-08,4,15.67
2023-08-08,5,21.41
2023-08-08,6,24.33
2023-08-08,7,29.55
2023-08-08,8,30.5
2023-08-08,9,31.28
2023-08-08,10,34.89
2023-08-08,11,33.86
2023-08-08,12,33.85
2023-08-08,13,33.9
2023-08-08,14,34.52
2023-08-08,15,40.47
2023-08-08,16,41.17
2023-08-08,17,55.74
2023-08-08,18,35.33
2023-08-08,19,32.61
2023-08-08,20,35.73
2023-08-08,21,34.64
2023-08-08,22,37.25
2023-08-08,23,33.07
2023-08-08,24,29.93
2023-08-09,1,30.63
2023-08-09,2,27.05
2023-08-09,3,26.15
2023-08-09,4,21.03
2023-08-09,5,23.92
2023-08-09,6,26.12
2023-08-09,7,29.47
2023-08-09,8,34.81
2023-08-09,9,35.55
2023-08-09,10,40.57
2023-08-09,11,41.42
2023-08-09,12,43.73
2023-08-09,13,42.08
2023-08-09,14,41.95
2023-08-09,15,41.78
2023-08-09,16,44.72
2023-08-09,17,64.48
2023-08-09,18,43.48
2023-08-09,19,42.98
2023-08-09,20,43.52
2023-08-09,21,41.51
2023-08-09,22,40.62
2023-08-09,23,31.47
2023-08-09,24,32.16
2023-08-10,1,36.13
2023-08-10,2,31.45
2023-08-10,3,33.37
2023-08-10,4,28.79
2023-08-10,5,27.93
2023-08-10,6,29.33
2023-08-10,7,32.67
2023-08-10,8,39.47
2023-08-10,9,49.24
2023-08-10,10,49.64
2023-08-10,11,57.69
2023-08-10,12,40.44
2023-08-10,13,32.21
2023-08-10,14,30.49
2023-08-10,15,36.46
2023-08-10,16,53.67
2023-08-10,17,55.33
2023-08-10,18,44.31
2023-08-10,19,45.79
2023-08-10,20,54.37
2023-08-10,21,53.02
2023-08-10,22,36.56
2023-08-10,23,27.91
2023-08-10,24,28.05
2023-08-11,1,29.51
2023-08-11,2,34.87
2023-08-11,3,31.22
2023-08-11,4,27.62
2023-08-11,5,23.19
2023-08-11,6,27.85
2023-08-11,7,29.52
2023-08-11,8,32.08
2023-08-11,9,33.67
2023-08-11,10,35.1
2023-08-11,11,35.58
2023-08-11,12,36.26
2023-08-11,13,34.75
2023-08-11,14,34.5
2023-08-11,15,34.22
2023-08-11,16,34.96
2023-08-11,17,35.26
2023-08-11,18,35.26
2023-08-11,19,35.19
2023-08-11,20,35.87
2023-08-11,21,35.07
2023-08-11,22,35.19
2023-08-11,23,30.88
2023-08-11,24,32.34
2023-08-12,1,38.07
2023-08-12,2,23.68
2023-08-12,3,19.64
2023-08-12,4,16.49
2023-08-12,5,14.5
2023-08-12,6,13.08
2023-08-12,7,14.44
2023-08-12,8,26.75
2023-08-12,9,29.25
2023-08-12,10,32.31
2023-08-12,11,32.28
2023-08-12,12,34.13
2023-08-12,13,34.39
2023-08-12,14,34.08
2023-08-12,15,34.45
2023-08-12,16,35.62
2023-08-12,17,64.28
2023-08-12,18,127.16
2023-08-12,19,39.47
2023-08-12,20,34.17
2023-08-12,21,34.96
2023-08-12,22,33.08
2023-08-12,23,33.03
2023-08-12,24,31.5
2023-08-13,1,39.26
2023-08-13,2,41.2
2023-08-13,3,28.68
2023-08-13,4,20.95
2023-08-13,5,21.92
2023-08-13,6,20.74
2023-08-13,7,17.78
2023-08-13,8,29.82
2023-08-13,9,31.72
2023-08-13,10,31.58
2023-08-13,11,32.81
2023-08-13,12,32.83
2023-08-13,13,32.74
2023-08-13,14,32.04
2023-08-13,15,33.09
2023-08-13,16,32.96
2023-08-13,17,33.85
2023-08-13,18,34.15
2023-08-13,19,34.17
2023-08-13,20,34.43
2023-08-13,21,36.09
2023-08-13,22,37.94
2023-08-13,23,33.49
2023-08-13,24,30.48
2023-08-14,1,31.82
2023-08-14,2,28.47
2023-08-14,3,29.26
2023-08-14,4,29.51
2023-08-14,5,26.71
2023-08-14,6,32.01
2023-08-14,7,33.11
2023-08-14,8,33.7
2023-08-14,9,35.17
2023-08-14,10,35.06
2023-08-14,11,42.02
2023-08-14,12,41.44
2023-08-14,13,43.16
2023-08-14,14,45.07
2023-08-14,15,43.36
2023-08-14,16,45.21
2023-08-14,17,50.17
2023-08-14,18,39.22
2023-08-14,19,38.66
2023-08-14,20,37.23
2023-08-14,21,37.4
2023-08-14,22,33.86
2023-08-14,23,29.7
2023-08-14,24,16.95
2023-08-15,1,27.54
2023-08-15,2,34.13
2023-08-15,3,16.04
2023-08-15,4,19.35
2023-08-15,5,20.55
2023-08-15,6,24.32
2023-08-15,7,29.02
2023-08-15,8,34.4
2023-08-15,9,34.31
2023-08-15,10,35.24
2023-08-15,11,35.5
2023-08-15,12,34.66
2023-08-15,13,34.96
2023-08-15,14,35.21
2023-08-15,15,34.6
2023-08-15,16,34.56
2023-08-15,17,34.49
2023-08-15,18,34.53
2023-08-15,19,34.47
2023-08-15,20,34.73
2023-08-15,21,40.76
2023-08-15,22,37.99
2023-08-15,23,34.6
2023-08-15,24,32.19
2023-08-16,1,29.28
2023-08-16,2,25.92
2023-08-16,3,22.95
2023-08-16,4,22.41
2023-08-16,5,28.31
2023-08-16,6,28.74
2023-08-16,7,32.63
2023-08-16,8,33.92
2023-08-16,9,34.48
2023-08-16,10,34.98
2023-08-16,11,35.14
2023-08-16,12,36.01
2023-08-16,13,39.91
2023-08-16,14,40.45
2023-08-16,15,38.68
2023-08-16,16,38.69
2023-08-16,17,46.87
2023-08-16,18,39.01
2023-08-16,19,44.79
2023-08-16,20,35.55
2023-08-16,21,35.83
2023-08-16,22,33.38
2023-08-16,23,28.78
2023-08-16,24,29.43
2023-08-17,1,15.18
2023-08-17,2,14.37
2023-08-17,3,14.61
2023-08-17,4,14.54
2023-08-17,5,14.32
2023-08-17,6,14.41
2023-08-17,7,23.98
2023-08-17,8,28.59
2023-08-17,9,30.26
2023-08-17,10,30.54
2023-08-17,11,31.5
2023-08-17,12,32.64
2023-08-17,13,32.97
2023-08-17,14,33.14
2023-08-17,15,31.42
2023-08-17,16,33.08
2023-08-17,17,31.13
2023-08-17,18,28.68
2023-08-17,19,30.74
2023-08-17,20,30.46
2023-08-17,21,28.14
2023-08-17,22,32.91
2023-08-17,23,28.09
2023-08-17,24,26.04
2023-08-18,1,9.28
2023-08-18,2,10.78
2023-08-18,3,0.0
2023-08-18,4,0.0
2023-08-18,5,4.89
2023-08-18,6,3.67
2023-08-18,7,7.69
2023-08-18,8,24.53
2023-08-18,9,28.56
2023-08-18,10,28.46
2023-08-18,11,24.49
2023-08-18,12,27.94
2023-08-18,13,26.95
2023-08-18,14,19.44
2023-08-18,15,15.7
2023-08-18,16,17.95
2023-08-18,17,25.39
2023-08-18,18,28.68
2023-08-18,19,29.46
2023-08-18,20,31.83
2023-08-18,21,29.81
2023-08-18,22,26.41
2023-08-18,23,19.32
2023-08-18,24,14.88
2023-08-19,1,4.34
2023-08-19,2,0.0
2023-08-19,3,0.0
2023-08-19,4,0.0
2023-08-19,5,0.0
2023-08-19,6,3.31
2023-08-19,7,27.89
2023-08-19,8,29.8
2023-08-19,9,19.97
2023-08-19,10,21.23
2023-08-19,11,16.1
2023-08-19,12,14.41
2023-08-19,13,16.56
2023-08-19,14,17.96
2023-08-19,15,19.33
2023-08-19,16,19.24
2023-08-19,17,20.24
2023-08-19,18,20.63
2023-08-19,19,20.49
2023-08-19,20,27.23
2023-08-19,21,31.75
2023-08-19,22,24.09
2023-08-19,23,15.99
2023-08-19,24,14.27
2023-08-20,1,0.0
2023-08-20,2,0.0
2023-08-20,3,0.0
2023-08-20,4,0.0
2023-08-20,5,0.0
2023-08-20,6,4.58
2023-08-20,7,11.41
2023-08-20,8,17.64
2023-08-20,9,23.03
2023-08-20,10,25.4
2023-08-20,11,28.97
2023-08-20,12,30.29
2023-08-20,13,31.96
2023-08-20,14,32.36
2023-08-20,15,31.41
2023-08-20,16,42.61
2023-08-20,17,39.59
2023-08-20,18,31.93
2023-08-20,19,32.63
2023-08-20,20,45.24
2023-08-20,21,45.82
2023-08-20,22,38.8
2023-08-20,23,33.48
2023-08-20,24,31.04
2023-08-21,1,28.73
2023-08-21,2,21.76
2023-08-21,3,23.79
2023-08-21,4,21.83
2023-08-21,5,25.92
2023-08-21,6,27.95
2023-08-21,7,33.05
2023-08-21,8,32.78
2023-08-21,9,34.56
2023-08-21,10,34.48
2023-08-21,11,41.4
2023-08-21,12,36.97
2023-08-21,13,37.13
2023-08-21,14,38.37
2023-08-21,15,38.17
2023-08-21,16,36.04
2023-08-21,17,36.84
2023-08-21,18,33.75
2023-08-21,19,32.12
2023-08-21,20,31.38
2023-08-21,21,32.64
2023-08-21,22,33.58
2023-08-21,23,32.32
2023-08-21,24,32.29
2023-08-22,1,29.97
2023-08-22,2,17.49
2023-08-22,3,12.08
2023-08-22,4,12.04
2023-08-22,5,17.73
2023-08-22,6,25.97
2023-08-22,7,29.77
2023-08-22,8,32.17
2023-08-22,9,33.36
2023-08-22,10,32.14
2023-08-22,11,31.35
2023-08-22,12,31.6
2023-08-22,13,30.5
2023-08-22,14,31.18
2023-08-22,15,31.12
2023-08-22,16,32.04
2023-08-22,17,35.14
2023-08-22,18,36.71
2023-08-22,19,33.22
2023-08-22,20,31.02
2023-08-22,21,34.09
2023-08-22,22,36.57
2023-08-22,23,32.72
2023-08-22,24,29.03
2023-08-23,1,31.14
2023-08-23,2,30.27
2023-08-23,3,23.61
2023-08-23,4,14.4
2023-08-23,5,16.34
2023-08-23,6,26.87
2023-08-23,7,28.75
2023-08-23,8,28.83
2023-08-23,9,28.86
2023-08-23,10,28.88
2023-08-23,11,28.86
2023-08-23,12,28.45
2023-08-23,13,26.19
2023-08-23,14,28.82
2023-08-23,15,27.1
2023-08-23,16,28.96
2023-08-23,17,38.19
2023-08-23,18,32.56
2023-08-23,19,28.88
2023-08-23,20,32.87
2023-08-23,21,30.93
2023-08-23,22,29.16
2023-08-23,23,29.25
2023-08-23,24,26.13
2023-08-24,1,4.16
2023-08-24,2,1.11
2023-08-24,3,1.32
2023-08-24,4,17.66
2023-08-24,5,18.05
2023-08-24,6,23.52
2023-08-24,7,26.11
2023-08-24,8,29.94
2023-08-24,9,31.02
2023-08-24,10,30.72
2023-08-24,11,30.13
2023-08-24,12,32.85
2023-08-24,13,28.5
2023-08-24,14,29.71
2023-08-24,15,30.17
2023-08-24,16,30.72
2023-08-24,17,29.97
2023-08-24,18,32.69
2023-08-24,19,32.54
2023-08-24,20,32.5
2023-08-24,21,31.84
2023-08-24,22,32.96
2023-08-24,23,30.47
2023-08-24,24,28.32
2023-08-25,1,30.83
2023-08-25,2,29.52
2023-08-25,3,21.13
2023-08-25,4,19.93
2023-08-25,5,23.0
2023-08-25,6,28.06
2023-08-25,7,30.4
2023-08-25,8,32.75
2023-08-25,9,33.6
2023-08-25,10,34.39
2023-08-25,11,35.54
2023-08-25,12,35.99
2023-08-25,13,35.52
2023-08-25,14,34.93
2023-08-25,15,33.99
2023-08-25,16,31.31
2023-08-25,17,31.98
2023-08-25,18,31.97
2023-08-25,19,32.13
2023-08-25,20,32.6
2023-08-25,21,33.28
2023-08-25,22,33.29
2023-08-25,23,32.49
2023-08-25,24,29.25
2023-08-26,1,27.11
2023-08-26,2,26.64
2023-08-26,3,22.23
2023-08-26,4,23.65
2023-08-26,5,17.62
2023-08-26,6,26.45
2023-08-26,7,25.62
2023-08-26,8,27.66
2023-08-26,9,30.1
2023-08-26,10,31.58
2023-08-26,11,31.64
2023-08-26,12,31.57
2023-08-26,13,30.42
2023-08-26,14,30.4
2023-08-26,15,31.5
2023-08-26,16,31.3
2023-08-26,17,30.69
2023-08-26,18,29.31
2023-08-26,19,28.24
2023-08-26,20,27.24
2023-08-26,21,27.06
2023-08-26,22,26.94
2023-08-26,23,26.03
2023-08-26,24,13.35
2023-08-27,1,13.34
2023-08-27,2,13.31
2023-08-27,3,13.3
2023-08-27,4,13.32
2023-08-27,5,13.38
2023-08-27,6,13.37
2023-08-27,7,15.87
2023-08-27,8,26.2
2023-08-27,9,24.56
2023-08-27,10,25.71
2023-08-27,11,26.84
2023-08-27,12,26.89
2023-08-27,13,27.49
2023-08-27,14,28.89
2023-08-27,15,28.65
2023-08-27,16,29.42
2023-08-27,17,30.62
2023-08-27,18,31.62
2023-08-27,19,29.17
2023-08-27,20,31.43
2023-08-27,21,31.24
2023-08-27,22,29.73
2023-08-27,23,28.04
2023-08-27,24,26.67
2023-08-28,1,13.98
2023-08-28,2,14.05
2023-08-28,3,13.39
2023-08-28,4,14.26
2023-08-28,5,17.85
2023-08-28,6,27.53
2023-08-28,7,27.33
2023-08-28,8,29.15
2023-08-28,9,30.38
2023-08-28,10,31.59
2023-08-28,11,31.65
2023-08-28,12,34.21
2023-08-28,13,33.56
2023-08-28,14,33.07
2023-08-28,15,33.95
2023-08-28,16,33.72
2023-08-28,17,35.1
2023-08-28,18,35.95
2023-08-28,19,37.29
2023-08-28,20,34.76
2023-08-28,21,39.65
2023-08-28,22,33.5
2023-08-28,23,31.24
2023-08-28,24,28.63
2023-08-29,1,28.54
2023-08-29,2,27.86
2023-08-29,3,34.31
2023-08-29,4,33.12
2023-08-29,5,23.57
2023-08-29,6,22.26
2023-08-29,7,29.66
2023-08-29,8,32.31
2023-08-29,9,34.63
2023-08-29,10,33.5
2023-08-29,11,33.31
2023-08-29,12,33.24
2023-08-29,13,34.45
2023-08-29,14,34.11
2023-08-29,15,33.17
2023-08-29,16,34.11
2023-08-29,17,32.94
2023-08-29,18,32.38
2023-08-29,19,33.71
2023-08-29,20,34.35
2023-08-29,21,34.67
2023-08-29,22,36.34
2023-08-29,23,31.41
2023-08-29,24,30.28
2023-08-30,1,32.01
2023-08-30,2,19.58
2023-08-30,3,21.07
2023-08-30,4,16.2
2023-08-30,5,15.78
2023-08-30,6,25.61
2023-08-30,7,26.84
2023-08-30,8,27.84
2023-08-30,9,28.5
2023-08-30,10,30.86
2023-08-30,11,31.31
2023-08-30,12,30.93
2023-08-30,13,29.29
2023-08-30,14,29.56
2023-08-30,15,30.62
2023-08-30,16,30.18
2023-08-30,17,28.66
2023-08-30,18,27.95
2023-08-30,19,28.63
2023-08-30,20,32.87
2023-08-30,21,28.19
2023-08-30,22,28.87
2023-08-30,23,28.49
2023-08-30,24,25.85
2023-08-31,1,21.78
2023-08-31,2,20.81
2023-08-31,3,17.79
2023-08-31,4,21.57
2023-08-31,5,27.17
2023-08-31,6,26.24
2023-08-31,7,28.13
2023-08-31,8,27.58
2023-08-31,9,28.64
2023-08-31,10,28.19
2023-08-31,11,29.53
2023-08-31,12,31.16
2023-08-31,13,32.79
2023-08-31,14,31.37
2023-08-31,15,30.17
2023-08-31,16,32.14
2023-08-31,17,32.05
2023-08-31,18,32.83
2023-08-31,19,33.08
2023-08-31,20,33.26
2023-08-31,21,32.52
2023-08-31,22,30.26
2023-08-31,23,28.65
2023-08-31,24,27.91
2023-09-01,1,22.03
2023-09-01,2,19.09
2023-09-01,3,21.05
2023-09-01,4,19.54
2023-09-01,5,17.25
2023-09-01,6,18.89
2023-09-01,7,25.05
2023-09-01,8,31.4
2023-09-01,9,35.73
2023-09-01,10,34.37
2023-09-01,11,31.92
2023-09-01,12,33.4
2023-09-01,13,34.14
2023-09-01,14,33.59
2023-09-01,15,33.7
2023-09-01,16,34.81
2023-09-01,17,36.63
2023-09-01,18,37.14
2023-09-01,19,35.42
2023-09-01,20,32.27
2023-09-01,21,30.91
2023-09-01,22,30.77
2023-09-01,23,29.27
2023-09-01,24,28.66
2023-09-02,1,9.33
2023-09-02,2,14.72
2023-09-02,3,1.53
2023-09-02,4,14.36
2023-09-02,5,12.99
2023-09-02,6,14.39
2023-09-02,7,0.0
2023-09-02,8,10.61
2023-09-02,9,29.29
2023-09-02,10,29.44
2023-09-02,11,29.33
2023-09-02,12,29.83
2023-09-02,13,33.6
2023-09-02,14,31.7
2023-09-02,15,29.33
2023-09-02,16,29.33
2023-09-02,17,29.09
2023-09-02,18,27.55
2023-09-02,19,31.68
2023-09-02,20,36.78
2023-09-02,21,35.13
2023-09-02,22,27.3
2023-09-02,23,26.01
2023-09-02,24,25.04
2023-09-03,1,14.35
2023-09-03,2,14.34
2023-09-03,3,0.0
2023-09-03,4,0.0
2023-09-03,5,0.0
2023-09-03,6,14.36
2023-09-03,7,15.67
2023-09-03,8,25.86
2023-09-03,9,18.36
2023-09-03,10,28.83
2023-09-03,11,31.67
2023-09-03,12,34.22
2023-09-03,13,34.32
2023-09-03,14,34.24
2023-09-03,15,34.14
2023-09-03,16,32.8
2023-09-03,17,33.5
2023-09-03,18,34.15
2023-09-03,19,31.2
2023-09-03,20,32.61
2023-09-03,21,32.15
2023-09-03,22,32.69
2023-09-03,23,31.96
2023-09-03,24,29.92
2023-09-04,1,27.91
2023-09-04,2,28.74
2023-09-04,3,33.97
2023-09-04,4,18.3
2023-09-04,5,24.97
2023-09-04,6,27.35
2023-09-04,7,18.96
2023-09-04,8,26.21
2023-09-04,9,30.7
2023-09-04,10,38.66
2023-09-04,11,49.24
2023-09-04,12,43.06
2023-09-04,13,66.44
2023-09-04,14,69.44
2023-09-04,15,72.07
2023-09-04,16,64.86
2023-09-04,17,103.15
2023-09-04,18,96.15
2023-09-04,19,197.41
2023-09-04,20,110.64
2023-09-04,21,67.69
2023-09-04,22,41.26
2023-09-04,23,36.6
2023-09-04,24,33.99
2023-09-05,1,34.63
2023-09-05,2,33.92
2023-09-05,3,32.75
2023-09-05,4,29.48
2023-09-05,5,33.56
2023-09-05,6,31.34
2023-09-05,7,39.1
2023-09-05,8,56.65
2023-09-05,9,105.54
2023-09-05,10,110.89
2023-09-05,11,126.25
2023-09-05,12,130.47
2023-09-05,13,152.16
2023-09-05,14,147.24
2023-09-05,15,263.92
2023-09-05,16,293.52
2023-09-05,17,334.65
2023-09-05,18,351.31
2023-09-05,19,250.4
2023-09-05,20,210.44
2023-09-05,21,109.45
2023-09-05,22,59.18
2023-09-05,23,40.74
2023-09-05,24,26.82
2023-09-06,1,27.6
2023-09-06,2,28.23
2023-09-06,3,30.61
2023-09-06,4,33.76
2023-09-06,5,37.56
2023-09-06,6,38.79
2023-09-06,7,36.04
2023-09-06,8,41.89
2023-09-06,9,44.13
2023-09-06,10,40.56
2023-09-06,11,46.76
2023-09-06,12,63.49
2023-09-06,13,99.79
2023-09-06,14,99.38
2023-09-06,15,172.51
2023-09-06,16,122.45
2023-09-06,17,298.25
2023-09-06,18,127.78
2023-09-06,19,90.65
2023-09-06,20,127.69
2023-09-06,21,195.63
2023-09-06,22,57.65
2023-09-06,23,56.66
2023-09-06,24,50.13
2023-09-07,1,44.24
2023-09-07,2,45.0
2023-09-07,3,37.93
2023-09-07,4,35.61
2023-09-07,5,35.18
2023-09-07,6,36.73
2023-09-07,7,38.73
2023-09-07,8,44.2
2023-09-07,9,48.44
2023-09-07,10,85.14
2023-09-07,11,128.43
2023-09-07,12,89.14
2023-09-07,13,56.59
2023-09-07,14,76.65
2023-09-07,15,47.28
2023-09-07,16,157.99
2023-09-07,17,49.45
2023-09-07,18,35.17
2023-09-07,19,49.55
2023-09-07,20,56.92
2023-09-07,21,35.34
2023-09-07,22,44.41
2023-09-07,23,43.02
2023-09-07,24,32.72
2023-09-08,1,29.8
2023-09-08,2,29.28
2023-09-08,3,31.52
2023-09-08,4,29.55
2023-09-08,5,33.33
2023-09-08,6,36.54
2023-09-08,7,43.25
2023-09-08,8,44.96
2023-09-08,9,39.72
2023-09-08,10,37.0
2023-09-08,11,34.41
2023-09-08,12,31.8
2023-09-08,13,33.6
2023-09-08,14,34.59
2023-09-08,15,34.45
2023-09-08,16,37.83
2023-09-08,17,38.53
2023-09-08,18,28.6
2023-09-08,19,27.56
2023-09-08,20,31.03
2023-09-08,21,32.91
2023-09-08,22,29.51
2023-09-08,23,27.16
2023-09-08,24,23.4
2023-09-09,1,32.12
2023-09-09,2,31.46
2023-09-09,3,35.33
2023-09-09,4,28.46
2023-09-09,5,31.08
2023-09-09,6,31.4
2023-09-09,7,30.6
2023-09-09,8,30.22
2023-09-09,9,30.79
2023-09-09,10,30.4
2023-09-09,11,33.16
2023-09-09,12,33.7
2023-09-09,13,34.69
2023-09-09,14,33.01
2023-09-09,15,31.05
2023-09-09,16,34.97
2023-09-09,17,34.03
2023-09-09,18,36.63
2023-09-09,19,44.12
2023-09-09,20,35.3
2023-09-09,21,32.32
2023-09-09,22,39.7
2023-09-09,23,34.23
2023-09-09,24,33.26
2023-09-10,1,34.65
2023-09-10,2,33.11
2023-09-10,3,30.85
2023-09-10,4,38.51
2023-09-10,5,31.28
2023-09-10,6,32.13
2023-09-10,7,26.02
2023-09-10,8,27.99
2023-09-10,9,31.33
2023-09-10,10,32.39
2023-09-10,11,34.21
2023-09-10,12,37.74
2023-09-10,13,34.7
2023-09-10,14,33.98
2023-09-10,15,33.47
2023-09-10,16,37.77
2023-09-10,17,34.79
2023-09-10,18,33.93
2023-09-10,19,36.0
2023-09-10,20,40.75
2023-09-10,21,35.76
2023-09-10,22,33.62
2023-09-10,23,32.92
2023-09-10,24,33.84
2023-09-11,1,30.53
2023-09-11,2,30.7
2023-09-11,3,28.45
2023-09-11,4,26.13
2023-09-11,5,25.6
2023-09-11,6,32.07
2023-09-11,7,34.41
2023-09-11,8,33.96
2023-09-11,9,34.2
2023-09-11,10,38.18
2023-09-11,11,38.97
2023-09-11,12,64.35
2023-09-11,13,36.35
2023-09-11,14,37.35
2023-09-11,15,38.83
2023-09-11,16,43.14
2023-09-11,17,46.33
2023-09-11,18,43.81
2023-09-11,19,40.77
2023-09-11,20,43.02
2023-09-11,21,41.58
2023-09-11,22,33.31
2023-09-11,23,32.9
2023-09-11,24,30.49
2023-09-12,1,29.18
2023-09-12,2,29.46
2023-09-12,3,27.24
2023-09-12,4,27.55
2023-09-12,5,24.4
2023-09-12,6,29.75
2023-09-12,7,32.29
2023-09-12,8,33.24
2023-09-12,9,33.54
2023-09-12,10,33.68
2023-09-12,11,32.94
2023-09-12,12,32.34
2023-09-12,13,33.13
2023-09-12,14,32.98
2023-09-12,15,33.86
2023-09-12,16,34.95
2023-09-12,17,33.22
2023-09-12,18,33.52
2023-09-12,19,34.81
2023-09-12,20,33.87
2023-09-12,21,32.29
2023-09-12,22,28.74
2023-09-12,23,24.53
2023-09-12,24,22.94
2023-09-13,1,15.89
2023-09-13,2,13.55
2023-09-13,3,17.56
2023-09-13,4,18.42
2023-09-13,5,23.71
2023-09-13,6,25.2
2023-09-13,7,28.12
2023-09-13,8,29.31
2023-09-13,9,29.72
2023-09-13,10,29.33
2023-09-13,11,29.44
2023-09-13,12,29.49
2023-09-13,13,29.68
2023-09-13,14,29.52
2023-09-13,15,29.5
2023-09-13,16,29.4
2023-09-13,17,29.19
2023-09-13,18,29.28
2023-09-13,19,29.43
2023-09-13,20,29.6
2023-09-13,21,25.93
2023-09-13,22,24.11
2023-09-13,23,31.99
2023-09-13,24,29.44
2023-09-14,1,29.19
2023-09-14,2,29.22
2023-09-14,3,25.7
2023-09-14,4,17.56
2023-09-14,5,22.33
2023-09-14,6,26.88
2023-09-14,7,30.86
2023-09-14,8,31.16
2023-09-14,9,28.76
2023-09-14,10,30.02
2023-09-14,11,30.34
2023-09-14,12,33.89
2023-09-14,13,34.14
2023-09-14,14,29.85
2023-09-14,15,29.96
2023-09-14,16,29.75
2023-09-14,17,30.01
2023-09-14,18,29.15
2023-09-14,19,29.12
2023-09-14,20,29.08
2023-09-14,21,29.81
2023-09-14,22,32.11
2023-09-14,23,29.86
2023-09-14,24,29.07
2023-09-15,1,17.59
2023-09-15,2,15.78
2023-09-15,3,25.48
2023-09-15,4,23.67
2023-09-15,5,34.9
2023-09-15,6,71.69
2023-09-15,7,53.91
2023-09-15,8,37.21
2023-09-15,9,29.07
2023-09-15,10,29.11
2023-09-15,11,30.4
2023-09-15,12,29.09
2023-09-15,13,29.51
2023-09-15,14,29.02
2023-09-15,15,30.22
2023-09-15,16,35.28
2023-09-15,17,64.33
2023-09-15,18,29.73
2023-09-15,19,28.92
2023-09-15,20,28.5
2023-09-15,21,29.54
2023-09-15,22,32.71
2023-09-15,23,28.26
2023-09-15,24,33.48
2023-09-16,1,21.67
2023-09-16,2,42.38
2023-09-16,3,35.01
2023-09-16,4,32.91
2023-09-16,5,32.53
2023-09-16,6,31.75
2023-09-16,7,32.6
2023-09-16,8,29.21
2023-09-16,9,28.52
2023-09-16,10,28.36
2023-09-16,11,27.7
2023-09-16,12,26.58
2023-09-16,13,29.6
2023-09-16,14,28.42
2023-09-16,15,29.04
2023-09-16,16,32.34
2023-09-16,17,28.57
2023-09-16,18,27.77
2023-09-16,19,28.34
2023-09-16,20,28.33
2023-09-16,21,31.68
2023-09-16,22,29.48
2023-09-16,23,28.95
2023-09-16,24,14.37
2023-09-17,1,9.5
2023-09-17,2,14.38
2023-09-17,3,32.52
2023-09-17,4,25.84
2023-09-17,5,14.34
2023-09-17,6,14.37
2023-09-17,7,21.18
2023-09-17,8,27.43
2023-09-17,9,15.07
2023-09-17,10,26.55
2023-09-17,11,30.52
2023-09-17,12,33.64
2023-09-17,13,31.49
2023-09-17,14,28.29
2023-09-17,15,28.31
2023-09-17,16,31.0
2023-09-17,17,31.59
2023-09-17,18,30.0
2023-09-17,19,37.44
2023-09-17,20,34.1
2023-09-17,21,39.98
2023-09-17,22,28.72
2023-09-17,23,26.71
2023-09-17,24,23.67
2023-09-18,1,21.43
2023-09-18,2,13.91
2023-09-18,3,14.38
2023-09-18,4,14.35
2023-09-18,5,7.5
2023-09-18,6,22.56
2023-09-18,7,27.82
2023-09-18,8,28.36
2023-09-18,9,28.29
2023-09-18,10,28.36
2023-09-18,11,28.51
2023-09-18,12,30.71
2023-09-18,13,30.26
2023-09-18,14,28.44
2023-09-18,15,28.18
2023-09-18,16,27.34
2023-09-18,17,30.09
2023-09-18,18,28.27
2023-09-18,19,29.94
2023-09-18,20,29.8
2023-09-18,21,29.57
2023-09-18,22,29.75
2023-09-18,23,29.08
2023-09-18,24,28.31
2023-09-19,1,18.07
2023-09-19,2,14.37
2023-09-19,3,21.9
2023-09-19,4,26.46
2023-09-19,5,12.98
2023-09-19,6,29.81
2023-09-19,7,36.66
2023-09-19,8,35.41
2023-09-19,9,33.25
2023-09-19,10,29.98
2023-09-19,11,30.19
2023-09-19,12,30.45
2023-09-19,13,32.71
2023-09-19,14,33.0
2023-09-19,15,28.96
2023-09-19,16,31.05
2023-09-19,17,32.36
2023-09-19,18,30.76
2023-09-19,19,31.35
2023-09-19,20,28.5
2023-09-19,21,28.9
2023-09-19,22,29.22
2023-09-19,23,30.94
2023-09-19,24,24.57
2023-09-20,1,21.76
2023-09-20,2,13.38
2023-09-20,3,22.43
2023-09-20,4,27.11
2023-09-20,5,29.05
2023-09-20,6,29.49
2023-09-20,7,36.74
2023-09-20,8,30.29
2023-09-20,9,34.27
2023-09-20,10,30.28
2023-09-20,11,31.08
2023-09-20,12,33.09
2023-09-20,13,31.52
2023-09-20,14,33.17
2023-09-20,15,30.58
2023-09-20,16,32.36
2023-09-20,17,32.32
2023-09-20,18,33.93
2023-09-20,19,32.56
2023-09-20,20,32.48
2023-09-20,21,30.73
2023-09-20,22,29.36
2023-09-20,23,30.49
2023-09-20,24,29.07
2023-09-21,1,19.8
2023-09-21,2,21.29
2023-09-21,3,22.35
2023-09-21,4,22.27
2023-09-21,5,22.15
2023-09-21,6,28.11
2023-09-21,7,33.17
2023-09-21,8,29.77
2023-09-21,9,34.22
2023-09-21,10,37.48
2023-09-21,11,35.68
2023-09-21,12,37.76
2023-09-21,13,38.34
2023-09-21,14,32.94
2023-09-21,15,32.27
2023-09-21,16,33.35
2023-09-21,17,32.3
2023-09-21,18,32.22
2023-09-21,19,33.1
2023-09-21,20,32.84
2023-09-21,21,31.78
2023-09-21,22,29.55
2023-09-21,23,30.78
2023-09-21,24,28.72
2023-09-22,1,21.96
2023-09-22,2,19.47
2023-09-22,3,14.84
2023-09-22,4,9.73
2023-09-22,5,14.83
2023-09-22,6,25.1
2023-09-22,7,28.93
2023-09-22,8,27.45
2023-09-22,9,38.89
2023-09-22,10,82.56
2023-09-22,11,33.04
2023-09-22,12,34.26
2023-09-22,13,29.09
2023-09-22,14,28.8
2023-09-22,15,29.77
2023-09-22,16,31.86
2023-09-22,17,31.72
2023-09-22,18,31.93
2023-09-22,19,31.85
2023-09-22,20,28.67
2023-09-22,21,27.42
2023-09-22,22,27.56
2023-09-22,23,26.38
2023-09-22,24,26.17
2023-09-23,1,16.44
2023-09-23,2,35.77
2023-09-23,3,38.26
2023-09-23,4,26.16
2023-09-23,5,28.7
2023-09-23,6,26.19
2023-09-23,7,29.98
2023-09-23,8,26.58
2023-09-23,9,40.63
2023-09-23,10,44.22
2023-09-23,11,35.91
2023-09-23,12,24.0
2023-09-23,13,20.67
2023-09-23,14,25.98
2023-09-23,15,25.68
2023-09-23,16,26.59
2023-09-23,17,27.16
2023-09-23,18,26.85
2023-09-23,19,28.26
2023-09-23,20,35.29
2023-09-23,21,30.09
2023-09-23,22,29.34
2023-09-23,23,26.54
2023-09-23,24,11.5
2023-09-24,1,26.01
2023-09-24,2,24.52
2023-09-24,3,37.3
2023-09-24,4,15.51
2023-09-24,5,11.04
2023-09-24,6,2.16
2023-09-24,7,8.55
2023-09-24,8,17.87
2023-09-24,9,24.48
2023-09-24,10,22.58
2023-09-24,11,25.65
2023-09-24,12,23.22
2023-09-24,13,26.21
2023-09-24,14,28.97
2023-09-24,15,29.33
2023-09-24,16,30.51
2023-09-24,17,36.38
2023-09-24,18,31.56
2023-09-24,19,31.59
2023-09-24,20,30.65
2023-09-24,21,30.84
2023-09-24,22,28.06
2023-09-24,23,27.53
2023-09-24,24,26.26
2023-09-25,1,28.6
2023-09-25,2,34.62
2023-09-25,3,22.01
2023-09-25,4,20.33
2023-09-25,5,25.64
2023-09-25,6,26.55
2023-09-25,7,26.43
2023-09-25,8,27.17
2023-09-25,9,30.91
2023-09-25,10,31.11
2023-09-25,11,30.8
2023-09-25,12,31.13
2023-09-25,13,31.4
2023-09-25,14,31.64
2023-09-25,15,33.24
2023-09-25,16,36.61
2023-09-25,17,34.51
2023-09-25,18,31.91
2023-09-25,19,30.21
2023-09-25,20,31.02
2023-09-25,21,30.53
2023-09-25,22,31.25
2023-09-25,23,29.94
2023-09-25,24,27.27
2023-09-26,1,27.17
2023-09-26,2,33.51
2023-09-26,3,35.42
2023-09-26,4,19.16
2023-09-26,5,26.37
2023-09-26,6,27.83
2023-09-26,7,33.69
2023-09-26,8,36.38
2023-09-26,9,37.53
2023-09-26,10,37.17
2023-09-26,11,31.21
2023-09-26,12,29.7
2023-09-26,13,29.24
2023-09-26,14,27.97
2023-09-26,15,26.78
2023-09-26,16,27.47
2023-09-26,17,29.13
2023-09-26,18,27.11
2023-09-26,19,27.46
2023-09-26,20,26.5
2023-09-26,21,28.92
2023-09-26,22,31.81
2023-09-26,23,29.47
2023-09-26,24,29.33
2023-09-27,1,35.01
2023-09-27,2,31.32
2023-09-27,3,42.53
2023-09-27,4,29.62
2023-09-27,5,23.16
2023-09-27,6,26.62
2023-09-27,7,31.22
2023-09-27,8,31.1
2023-09-27,9,29.27
2023-09-27,10,26.64
2023-09-27,11,26.63
2023-09-27,12,26.64
2023-09-27,13,26.64
2023-09-27,14,26.62
2023-09-27,15,26.14
2023-09-27,16,26.19
2023-09-27,17,25.22
2023-09-27,18,24.88
2023-09-27,19,27.94
2023-09-27,20,27.68
2023-09-27,21,28.74
2023-09-27,22,29.37
2023-09-27,23,24.35
2023-09-27,24,19.63
2023-09-28,1,17.34
2023-09-28,2,35.81
2023-09-28,3,11.06
2023-09-28,4,25.83
2023-09-28,5,26.77
2023-09-28,6,30.67
2023-09-28,7,37.96
2023-09-28,8,34.59
2023-09-28,9,34.61
2023-09-28,10,35.55
2023-09-28,11,34.22
2023-09-28,12,32.13
2023-09-28,13,27.43
2023-09-28,14,27.51
2023-09-28,15,28.11
2023-09-28,16,31.11
2023-09-28,17,28.0
2023-09-28,18,29.49
2023-09-28,19,32.67
2023-09-28,20,33.56
2023-09-28,21,33.99
2023-09-28,22,38.41
2023-09-28,23,33.48
2023-09-28,24,27.81
2023-09-29,1,21.87
2023-09-29,2,35.01
2023-09-29,3,34.69
2023-09-29,4,26.48
2023-09-29,5,24.91
2023-09-29,6,32.69
2023-09-29,7,32.49
2023-09-29,8,34.64
2023-09-29,9,34.08
2023-09-29,10,34.56
2023-09-29,11,34.68
2023-09-29,12,34.67
2023-09-29,13,34.22
2023-09-29,14,31.38
2023-09-29,15,32.74
2023-09-29,16,31.81
2023-09-29,17,33.39
2023-09-29,18,32.9
2023-09-29,19,33.5
2023-09-29,20,30.34
2023-09-29,21,29.84
2023-09-29,22,28.31
2023-09-29,23,29.33
2023-09-29,24,30.56
2023-09-30,1,27.61
2023-09-30,2,34.69
2023-09-30,3,35.72
2023-09-30,4,29.04
2023-09-30,5,31.53
2023-09-30,6,29.71
2023-09-30,7,30.84
2023-09-30,8,27.27
2023-09-30,9,27.73
2023-09-30,10,32.36
2023-09-30,11,32.39
2023-09-30,12,32.57
2023-09-30,13,33.38
2023-09-30,14,33.12
2023-09-30,15,33.6
2023-09-30,16,36.99
2023-09-30,17,35.72
2023-09-30,18,33.03
2023-09-30,19,33.43
2023-09-30,20,32.38
2023-09-30,21,34.22
2023-09-30,22,29.9
2023-09-30,23,30.54
2023-09-30,24,27.76
2023-10-01,1,30.17
2023-10-01,2,36.52
2023-10-01,3,35.37
2023-10-01,4,20.32
2023-10-01,5,23.42
2023-10-01,6,26.72
2023-10-01,7,26.76
2023-10-01,8,26.76
2023-10-01,9,27.5
2023-10-01,10,26.08
2023-10-01,11,27.96
2023-10-01,12,33.05
2023-10-01,13,35.4
2023-10-01,14,36.07
2023-10-01,15,36.32
2023-10-01,16,38.3
2023-10-01,17,36.95
2023-10-01,18,35.07
2023-10-01,19,38.57
2023-10-01,20,35.88
2023-10-01,21,34.39
2023-10-01,22,36.22
2023-10-01,23,30.79
2023-10-01,24,27.96
2023-10-02,1,28.63
2023-10-02,2,19.38
2023-10-02,3,18.32
2023-10-02,4,18.89
2023-10-02,5,20.68
2023-10-02,6,30.13
2023-10-02,7,33.65
2023-10-02,8,31.75
2023-10-02,9,31.83
2023-10-02,10,32.93
2023-10-02,11,36.69
2023-10-02,12,37.89
2023-10-02,13,37.84
2023-10-02,14,39.34
2023-10-02,15,45.32
2023-10-02,16,69.82
2023-10-02,17,93.91
2023-10-02,18,63.08
2023-10-02,19,39.13
2023-10-02,20,38.51
2023-10-02,21,35.41
2023-10-02,22,32.62
2023-10-02,23,29.12
2023-10-02,24,27.88
2023-10-03,1,22.06
2023-10-03,2,22.47
2023-10-03,3,20.3
2023-10-03,4,24.09
2023-10-03,5,21.03
2023-10-03,6,33.15
2023-10-03,7,37.48
2023-10-03,8,35.53
2023-10-03,9,37.06
2023-10-03,10,38.4
2023-10-03,11,40.98
2023-10-03,12,42.98
2023-10-03,13,43.7
2023-10-03,14,79.29
2023-10-03,15,78.78
2023-10-03,16,56.66
2023-10-03,17,74.4
2023-10-03,18,50.43
2023-10-03,19,41.37
2023-10-03,20,40.07
2023-10-03,21,35.29
2023-10-03,22,33.71
2023-10-03,23,28.7
2023-10-03,24,27.71
2023-10-04,1,19.16
2023-10-04,2,14.18
2023-10-04,3,15.05
2023-10-04,4,10.98
2023-10-04,5,10.91
2023-10-04,6,26.94
2023-10-04,7,31.3
2023-10-04,8,32.56
2023-10-04,9,40.33
2023-10-04,10,38.18
2023-10-04,11,33.41
2023-10-04,12,36.73
2023-10-04,13,40.39
2023-10-04,14,40.81
2023-10-04,15,37.77
2023-10-04,16,41.79
2023-10-04,17,34.35
2023-10-04,18,33.18
2023-10-04,19,34.29
2023-10-04,20,36.21
2023-10-04,21,31.6
2023-10-04,22,30.32
2023-10-04,23,23.88
2023-10-04,24,16.07
2023-10-05,1,13.35
2023-10-05,2,13.36
2023-10-05,3,24.82
2023-10-05,4,16.17
2023-10-05,5,16.08
2023-10-05,6,26.25
2023-10-05,7,34.91
2023-10-05,8,33.83
2023-10-05,9,35.8
2023-10-05,10,34.76
2023-10-05,11,36.06
2023-10-05,12,37.2
2023-10-05,13,36.49
2023-10-05,14,36.71
2023-10-05,15,37.64
2023-10-05,16,39.06
2023-10-05,17,32.23
2023-10-05,18,28.22
2023-10-05,19,28.18
2023-10-05,20,29.36
2023-10-05,21,27.89
2023-10-05,22,27.5
2023-10-05,23,28.89
2023-10-05,24,38.56
2023-10-06,1,36.01
2023-10-06,2,32.26
2023-10-06,3,25.19
2023-10-06,4,14.69
2023-10-06,5,18.1
2023-10-06,6,25.57
2023-10-06,7,37.21
2023-10-06,8,34.12
2023-10-06,9,37.59
2023-10-06,10,48.6
2023-10-06,11,36.64
2023-10-06,12,29.83
2023-10-06,13,27.64
2023-10-06,14,25.08
2023-10-06,15,32.31
2023-10-06,16,34.22
2023-10-06,17,46.87
2023-10-06,18,54.0
2023-10-06,19,35.93
2023-10-06,20,29.84
2023-10-06,21,23.66
2023-10-06,22,21.12
2023-10-06,23,36.31
2023-10-06,24,31.22
2023-10-07,1,27.43
2023-10-07,2,14.35
2023-10-07,3,14.36
2023-10-07,4,15.44
2023-10-07,5,27.66
2023-10-07,6,28.26
2023-10-07,7,35.14
2023-10-07,8,29.99
2023-10-07,9,28.08
2023-10-07,10,16.46
2023-10-07,11,33.85
2023-10-07,12,29.38
2023-10-07,13,35.59
2023-10-07,14,18.95
2023-10-07,15,25.45
2023-10-07,16,26.8
2023-10-07,17,29.31
2023-10-07,18,29.11
2023-10-07,19,29.26
2023-10-07,20,29.09
2023-10-07,21,29.0
2023-10-07,22,17.3
2023-10-07,23,8.97
2023-10-07,24,0.98
2023-10-08,1,0.0
2023-10-08,2,0.0
2023-10-08,3,0.0
2023-10-08,4,0.0
2023-10-08,5,0.0
2023-10-08,6,0.0
2023-10-08,7,0.0
2023-10-08,8,9.53
2023-10-08,9,16.23
2023-10-08,10,5.69
2023-10-08,11,0.0
2023-10-08,12,0.0
2023-10-08,13,0.0
2023-10-08,14,10.92
2023-10-08,15,2.92
2023-10-08,16,1.66
2023-10-08,17,0.0
2023-10-08,18,2.36
2023-10-08,19,8.94
2023-10-08,20,11.67
2023-10-08,21,10.17
2023-10-08,22,11.53
2023-10-08,23,6.76
2023-10-08,24,4.49
2023-10-09,1,0.98
2023-10-09,2,0.47
2023-10-09,3,0.0
2023-10-09,4,0.0
2023-10-09,5,0.0
2023-10-09,6,0.0
2023-10-09,7,2.06
2023-10-09,8,12.37
2023-10-09,9,39.77
2023-10-09,10,14.35
2023-10-09,11,0.5
2023-10-09,12,5.54
2023-10-09,13,13.67
2023-10-09,14,14.34
2023-10-09,15,20.64
2023-10-09,16,27.91
2023-10-09,17,26.67
2023-10-09,18,30.81
2023-10-09,19,41.05
2023-10-09,20,30.06
2023-10-09,21,33.4
2023-10-09,22,30.95
2023-10-09,23,39.47
2023-10-09,24,44.65
2023-10-10,1,21.38
2023-10-10,2,16.1
2023-10-10,3,22.07
2023-10-10,4,33.23
2023-10-10,5,31.88
2023-10-10,6,122.73
2023-10-10,7,955.14
2023-10-10,8,135.43
2023-10-10,9,86.38
2023-10-10,10,38.7
2023-10-10,11,29.35
2023-10-10,12,29.87
2023-10-10,13,28.86
2023-10-10,14,30.68
2023-10-10,15,41.1
2023-10-10,16,41.51
2023-10-10,17,46.92
2023-10-10,18,41.55
2023-10-10,19,32.26
2023-10-10,20,37.57
2023-10-10,21,41.75
2023-10-10,22,30.54
2023-10-10,23,47.33
2023-10-10,24,33.4
2023-10-11,1,58.6
2023-10-11,2,31.52
2023-10-11,3,18.46
2023-10-11,4,15.96
2023-10-11,5,16.97
2023-10-11,6,29.51
2023-10-11,7,46.55
2023-10-11,8,42.32
2023-10-11,9,41.65
2023-10-11,10,59.97
2023-10-11,11,43.76
2023-10-11,12,37.36
2023-10-11,13,36.43
2023-10-11,14,34.45
2023-10-11,15,31.26
2023-10-11,16,31.58
2023-10-11,17,35.29
2023-10-11,18,41.35
2023-10-11,19,40.54
2023-10-11,20,52.63
2023-10-11,21,39.52
2023-10-11,22,41.24
2023-10-11,23,33.93
2023-10-11,24,41.37
2023-10-12,1,28.47
2023-10-12,2,13.65
2023-10-12,3,27.95
2023-10-12,4,19.54
2023-10-12,5,14.57
2023-10-12,6,32.68
2023-10-12,7,42.94
2023-10-12,8,38.91
2023-10-12,9,31.11
2023-10-12,10,40.61
2023-10-12,11,33.61
2023-10-12,12,39.94
2023-10-12,13,31.51
2023-10-12,14,30.46
2023-10-12,15,15.78
2023-10-12,16,17.95
2023-10-12,17,23.49
2023-10-12,18,23.21
2023-10-12,19,23.0
2023-10-12,20,24.13
2023-10-12,21,25.24
2023-10-12,22,21.94
2023-10-12,23,30.24
2023-10-12,24,31.8
2023-10-13,1,38.03
2023-10-13,2,14.34
2023-10-13,3,30.12
2023-10-13,4,14.37
2023-10-13,5,0.48
2023-10-13,6,21.45
2023-10-13,7,57.33
2023-10-13,8,16.1
2023-10-13,9,19.36
2023-10-13,10,33.43
2023-10-13,11,39.75
2023-10-13,12,37.83
2023-10-13,13,33.22
2023-10-13,14,44.06
2023-10-13,15,28.13
2023-10-13,16,28.54
2023-10-13,17,32.1
2023-10-13,18,33.87
2023-10-13,19,28.57
2023-10-13,20,24.3
2023-10-13,21,22.45
2023-10-13,22,21.42
2023-10-13,23,20.51
2023-10-13,24,24.52
2023-10-14,1,15.6
2023-10-14,2,11.64
2023-10-14,3,6.16
2023-10-14,4,14.33
2023-10-14,5,24.97
2023-10-14,6,22.78
2023-10-14,7,21.99
2023-10-14,8,28.01
2023-10-14,9,22.23
2023-10-14,10,29.13
2023-10-14,11,23.54
2023-10-14,12,24.34
2023-10-14,13,41.31
2023-10-14,14,70.8
2023-10-14,15,65.4
2023-10-14,16,60.99
2023-10-14,17,37.68
2023-10-14,18,169.71
2023-10-14,19,141.25
2023-10-14,20,24.62
2023-10-14,21,23.92
2023-10-14,22,20.04
2023-10-14,23,21.9
2023-10-14,24,39.72
2023-10-15,1,48.95
2023-10-15,2,18.52
2023-10-15,3,44.23
2023-10-15,4,49.14
2023-10-15,5,17.85
2023-10-15,6,14.34
2023-10-15,7,8.54
2023-10-15,8,4.09
2023-10-15,9,16.03
2023-10-15,10,7.55
2023-10-15,11,8.07
2023-10-15,12,9.65
2023-10-15,13,11.67
2023-10-15,14,13.35
2023-10-15,15,23.92
2023-10-15,16,26.22
2023-10-15,17,30.27
2023-10-15,18,279.41
2023-10-15,19,86.21
2023-10-15,20,33.26
2023-10-15,21,24.05
2023-10-15,22,73.18
2023-10-15,23,23.44
2023-10-15,24,22.05
2023-10-16,1,10.89
2023-10-16,2,10.99
2023-10-16,3,6.7
2023-10-16,4,14.34
2023-10-16,5,8.23
2023-10-16,6,24.09
2023-10-16,7,46.2
2023-10-16,8,28.75
2023-10-16,9,46.92
2023-10-16,10,56.67
2023-10-16,11,28.64
2023-10-16,12,28.48
2023-10-16,13,28.46
2023-10-16,14,28.12
2023-10-16,15,28.02
2023-10-16,16,28.14
2023-10-16,17,27.38
2023-10-16,18,28.47
2023-10-16,19,29.97
2023-10-16,20,28.55
2023-10-16,21,28.57
2023-10-16,22,26.91
2023-10-16,23,24.0
2023-10-16,24,25.92
2023-10-17,1,31.25
2023-10-17,2,28.6
2023-10-17,3,29.38
2023-10-17,4,22.49
2023-10-17,5,28.06
2023-10-17,6,29.7
2023-10-17,7,80.94
2023-10-17,8,42.83
2023-10-17,9,38.9
2023-10-17,10,29.6
2023-10-17,11,29.37
2023-10-17,12,29.37
2023-10-17,13,29.37
2023-10-17,14,29.7
2023-10-17,15,30.74
2023-10-17,16,33.42
2023-10-17,17,22.38
2023-10-17,18,29.17
2023-10-17,19,35.71
2023-10-17,20,30.65
2023-10-17,21,27.42
2023-10-17,22,28.47
2023-10-17,23,24.64
2023-10-17,24,42.7
2023-10-18,1,20.05
2023-10-18,2,23.42
2023-10-18,3,23.92
2023-10-18,4,17.24
2023-10-18,5,15.77
2023-10-18,6,27.82
2023-10-18,7,30.3
2023-10-18,8,27.08
2023-10-18,9,30.13
2023-10-18,10,30.43
2023-10-18,11,24.96
2023-10-18,12,20.28
2023-10-18,13,21.47
2023-10-18,14,24.82
2023-10-18,15,26.05
2023-10-18,16,30.83
2023-10-18,17,32.62
2023-10-18,18,30.04
2023-10-18,19,29.81
2023-10-18,20,27.92
2023-10-18,21,26.82
2023-10-18,22,20.3
2023-10-18,23,16.37
2023-10-18,24,10.79
2023-10-19,1,5.67
2023-10-19,2,7.32
2023-10-19,3,5.84
2023-10-19,4,3.77
2023-10-19,5,8.91
2023-10-19,6,22.33
2023-10-19,7,33.72
2023-10-19,8,32.0
2023-10-19,9,54.1
2023-10-19,10,51.85
2023-10-19,11,13.64
2023-10-19,12,19.23
2023-10-19,13,22.48
2023-10-19,14,30.21
2023-10-19,15,30.89
2023-10-19,16,31.98
2023-10-19,17,25.07
2023-10-19,18,31.41
2023-10-19,19,28.32
2023-10-19,20,28.2
2023-10-19,21,23.98
2023-10-19,22,13.83
2023-10-19,23,9.5
2023-10-19,24,0.0
2023-10-20,1,5.23
2023-10-20,2,2.36
2023-10-20,3,5.79
2023-10-20,4,8.69
2023-10-20,5,13.68
2023-10-20,6,18.41
2023-10-20,7,29.33
2023-10-20,8,32.03
2023-10-20,9,32.51
2023-10-20,10,33.37
2023-10-20,11,33.61
2023-10-20,12,33.5
2023-10-20,13,33.51
2023-10-20,14,34.14
2023-10-20,15,34.08
2023-10-20,16,40.22
2023-10-20,17,31.43
2023-10-20,18,30.37
2023-10-20,19,30.85
2023-10-20,20,30.99
2023-10-20,21,28.61
2023-10-20,22,22.55
2023-10-20,23,8.94
2023-10-20,24,6.54
2023-10-21,1,2.44
2023-10-21,2,0.0
2023-10-21,3,0.94
2023-10-21,4,1.41
2023-10-21,5,6.64
2023-10-21,6,17.51
2023-10-21,7,21.62
2023-10-21,8,34.75
2023-10-21,9,109.48
2023-10-21,10,74.67
2023-10-21,11,24.75
2023-10-21,12,23.76
2023-10-21,13,23.52
2023-10-21,14,27.96
2023-10-21,15,25.44
2023-10-21,16,39.21
2023-10-21,17,29.82
2023-10-21,18,26.81
2023-10-21,19,25.35
2023-10-21,20,23.36
2023-10-21,21,16.05
2023-10-21,22,16.53
2023-10-21,23,14.85
2023-10-21,24,16.4
2023-10-22,1,7.81
2023-10-22,2,0.0
2023-10-22,3,0.0
2023-10-22,4,0.0
2023-10-22,5,0.0
2023-10-22,6,0.0
2023-10-22,7,1.86
2023-10-22,8,4.39
2023-10-22,9,6.17
2023-10-22,10,4.75
2023-10-22,11,2.66
2023-10-22,12,6.0
2023-10-22,13,5.94
2023-10-22,14,5.86
2023-10-22,15,4.26
2023-10-22,16,7.96
2023-10-22,17,21.83
2023-10-22,18,26.62
2023-10-22,19,32.21
2023-10-22,20,29.76
2023-10-22,21,24.53
2023-10-22,22,23.49
2023-10-22,23,25.22
2023-10-22,24,33.61
2023-10-23,1,23.96
2023-10-23,2,24.44
2023-10-23,3,23.88
2023-10-23,4,25.95
2023-10-23,5,25.41
2023-10-23,6,26.42
2023-10-23,7,66.12
2023-10-23,8,30.79
2023-10-23,9,28.36
2023-10-23,10,32.45
2023-10-23,11,28.23
2023-10-23,12,27.69
2023-10-23,13,28.67
2023-10-23,14,28.65
2023-10-23,15,28.98
2023-10-23,16,40.97
2023-10-23,17,28.75
2023-10-23,18,30.73
2023-10-23,19,37.28
2023-10-23,20,29.2
2023-10-23,21,25.29
2023-10-23,22,24.89
2023-10-23,23,23.34
2023-10-23,24,20.14
2023-10-24,1,15.64
2023-10-24,2,14.39
2023-10-24,3,19.29
2023-10-24,4,28.75
2023-10-24,5,21.32
2023-10-24,6,22.95
2023-10-24,7,33.04
2023-10-24,8,24.06
2023-10-24,9,25.42
2023-10-24,10,26.32
2023-10-24,11,25.97
2023-10-24,12,61.41
2023-10-24,13,102.78
2023-10-24,14,39.79
2023-10-24,15,18.0
2023-10-24,16,19.03
2023-10-24,17,19.48
2023-10-24,18,17.72
2023-10-24,19,15.67
2023-10-24,20,15.96
2023-10-24,21,18.54
2023-10-24,22,13.18
2023-10-24,23,8.91
2023-10-24,24,1.88
2023-10-25,1,5.77
2023-10-25,2,1.41
2023-10-25,3,0.0
2023-10-25,4,0.0
2023-10-25,5,5.1
2023-10-25,6,14.43
2023-10-25,7,45.65
2023-10-25,8,51.8
2023-10-25,9,36.65
2023-10-25,10,47.24
2023-10-25,11,27.76
2023-10-25,12,26.56
2023-10-25,13,42.98
2023-10-25,14,66.01
2023-10-25,15,42.48
2023-10-25,16,57.59
2023-10-25,17,50.23
2023-10-25,18,44.74
2023-10-25,19,47.01
2023-10-25,20,51.95
2023-10-25,21,34.76
2023-10-25,22,31.21
2023-10-25,23,24.92
2023-10-25,24,21.46
2023-10-26,1,14.4
2023-10-26,2,27.93
2023-10-26,3,25.68
2023-10-26,4,14.48
2023-10-26,5,15.6
2023-10-26,6,31.24
2023-10-26,7,65.68
2023-10-26,8,34.15
2023-10-26,9,34.05
2023-10-26,10,32.46
2023-10-26,11,27.89
2023-10-26,12,27.9
2023-10-26,13,27.95
2023-10-26,14,25.55
2023-10-26,15,30.53
2023-10-26,16,30.5
2023-10-26,17,29.53
2023-10-26,18,28.31
2023-10-26,19,29.66
2023-10-26,20,27.44
2023-10-26,21,24.94
2023-10-26,22,24.05
2023-10-26,23,10.85
2023-10-26,24,5.62
2023-10-27,1,2.32
2023-10-27,2,0.0
2023-10-27,3,0.0
2023-10-27,4,2.22
2023-10-27,5,7.98
2023-10-27,6,20.29
2023-10-27,7,25.65
2023-10-27,8,27.01
2023-10-27,9,26.06
2023-10-27,10,25.88
2023-10-27,11,24.16
2023-10-27,12,24.38
2023-10-27,13,24.35
2023-10-27,14,28.05
2023-10-27,15,29.55
2023-10-27,16,31.39
2023-10-27,17,32.53
2023-10-27,18,31.87
2023-10-27,19,29.94
2023-10-27,20,25.94
2023-10-27,21,23.01
2023-10-27,22,12.12
2023-10-27,23,8.17
2023-10-27,24,0.93
2023-10-28,1,0.0
2023-10-28,2,0.0
2023-10-28,3,0.0
2023-10-28,4,0.68
2023-10-28,5,3.81
2023-10-28,6,8.72
2023-10-28,7,18.82
2023-10-28,8,31.75
2023-10-28,9,11.0
2023-10-28,10,25.68
2023-10-28,11,32.53
2023-10-28,12,26.28
2023-10-28,13,14.37
2023-10-28,14,16.54
2023-10-28,15,32.36
2023-10-28,16,86.32
2023-10-28,17,41.78
2023-10-28,18,36.74
2023-10-28,19,33.53
2023-10-28,20,33.98
2023-10-28,21,40.91
2023-10-28,22,37.01
2023-10-28,23,35.26
2023-10-28,24,33.94
2023-10-29,1,36.03
2023-10-29,2,18.03
2023-10-29,3,14.35
2023-10-29,4,14.34
2023-10-29,5,14.18
2023-10-29,6,29.69
2023-10-29,7,33.21
2023-10-29,8,36.06
2023-10-29,9,37.35
2023-10-29,10,38.83
2023-10-29,11,72.77
2023-10-29,12,43.52
2023-10-29,13,43.94
2023-10-29,14,40.08
2023-10-29,15,43.22
2023-10-29,16,56.69
2023-10-29,17,69.06
2023-10-29,18,65.88
2023-10-29,19,49.94
2023-10-29,20,36.3
2023-10-29,21,34.1
2023-10-29,22,30.0
2023-10-29,23,14.6
2023-10-29,24,14.34
2023-10-30,1,23.75
2023-10-30,2,14.39
2023-10-30,3,14.37
2023-10-30,4,15.95
2023-10-30,5,22.97
2023-10-30,6,33.85
2023-10-30,7,38.67
2023-10-30,8,57.51
2023-10-30,9,49.47
2023-10-30,10,75.08
2023-10-30,11,44.35
2023-10-30,12,38.34
2023-10-30,13,40.29
2023-10-30,14,34.27
2023-10-30,15,34.08
2023-10-30,16,34.66
2023-10-30,17,36.0
2023-10-30,18,37.65
2023-10-30,19,36.28
2023-10-30,20,37.02
2023-10-30,21,35.39
2023-10-30,22,34.65
2023-10-30,23,30.61
2023-10-30,24,31.63
2023-10-31,1,14.88
2023-10-31,2,32.51
2023-10-31,3,30.99
2023-10-31,4,36.3
2023-10-31,5,25.48
2023-10-31,6,41.07
2023-10-31,7,45.61
2023-10-31,8,44.29
2023-10-31,9,43.33
2023-10-31,10,42.4
2023-10-31,11,40.8
2023-10-31,12,36.35
2023-10-31,13,36.84
2023-10-31,14,35.02
2023-10-31,15,38.64
2023-10-31,16,38.3
2023-10-31,17,31.39
2023-10-31,18,31.75
2023-10-31,19,37.2
2023-10-31,20,35.39
2023-10-31,21,33.38
2023-10-31,22,31.24
2023-10-31,23,28.07
2023-10-31,24,25.18
2023-11-01,1,38.93
2023-11-01,2,14.38
2023-11-01,3,14.38
2023-11-01,4,18.0
2023-11-01,5,35.83
2023-11-01,6,39.4
2023-11-01,7,41.51
2023-11-01,8,42.57
2023-11-01,9,40.89
2023-11-01,10,38.7
2023-11-01,11,37.83
2023-11-01,12,38.19
2023-11-01,13,39.44
2023-11-01,14,40.0
2023-11-01,15,40.42
2023-11-01,16,42.1
2023-11-01,17,72.75
2023-11-01,18,63.26
2023-11-01,19,137.85
2023-11-01,20,45.46
2023-11-01,21,42.28
2023-11-01,22,38.26
2023-11-01,23,36.78
2023-11-01,24,27.56
2023-11-02,1,19.46
2023-11-02,2,18.0
2023-11-02,3,28.37
2023-11-02,4,31.45
2023-11-02,5,30.71
2023-11-02,6,33.14
2023-11-02,7,40.49
2023-11-02,8,37.61
2023-11-02,9,34.13
2023-11-02,10,92.41
2023-11-02,11,35.63
2023-11-02,12,33.78
2023-11-02,13,20.78
2023-11-02,14,14.35
2023-11-02,15,17.82
2023-11-02,16,32.44
2023-11-02,17,31.45
2023-11-02,18,33.42
2023-11-02,19,35.48
2023-11-02,20,33.43
2023-11-02,21,32.2
2023-11-02,22,17.34
2023-11-02,23,3.48
2023-11-02,24,3.85
2023-11-03,1,0.93
2023-11-03,2,0.0
2023-11-03,3,0.0
2023-11-03,4,0.0
2023-11-03,5,1.41
2023-11-03,6,15.24
2023-11-03,7,29.07
2023-11-03,8,31.05
2023-11-03,9,23.62
2023-11-03,10,6.46
2023-11-03,11,0.0
2023-11-03,12,5.4
2023-11-03,13,8.05
2023-11-03,14,23.0
2023-11-03,15,56.02
2023-11-03,16,11.59
2023-11-03,17,5.6
2023-11-03,18,0.83
2023-11-03,19,5.82
2023-11-03,20,10.35
2023-11-03,21,14.38
2023-11-03,22,46.37
2023-11-03,23,12.37
2023-11-03,24,26.06
2023-11-04,1,12.98
2023-11-04,2,23.88
2023-11-04,3,26.57
2023-11-04,4,25.84
2023-11-04,5,27.46
2023-11-04,6,26.95
2023-11-04,7,40.34
2023-11-04,8,56.58
2023-11-04,9,106.98
2023-11-04,10,33.85
2023-11-04,11,33.22
2023-11-04,12,33.18
2023-11-04,13,32.53
2023-11-04,14,31.64
2023-11-04,15,31.79
2023-11-04,16,41.48
2023-11-04,17,33.19
2023-11-04,18,34.15
2023-11-04,19,59.58
2023-11-04,20,32.42
2023-11-04,21,31.47
2023-11-04,22,31.07
2023-11-04,23,28.4
2023-11-04,24,28.19
2023-11-05,1,33.97
2023-11-05,2,33.97
2023-11-05,3,29.95
2023-11-05,4,15.36
2023-11-05,5,16.01
2023-11-05,6,26.25
2023-11-05,7,55.81
2023-11-05,8,30.33
2023-11-05,9,27.15
2023-11-05,10,27.95
2023-11-05,11,28.71
2023-11-05,12,28.37
2023-11-05,13,28.34
2023-11-05,14,27.05
2023-11-05,15,27.39
2023-11-05,16,30.51
2023-11-05,17,36.1
2023-11-05,18,34.94
2023-11-05,19,31.44
2023-11-05,20,41.24
2023-11-05,21,31.38
2023-11-05,22,30.92
2023-11-05,23,27.28
2023-11-05,24,26.58
2023-11-06,1,27.16
2023-11-06,2,27.39
2023-11-06,3,23.57
2023-11-06,4,13.78
2023-11-06,5,5.99
2023-11-06,6,14.05
2023-11-06,7,19.48
2023-11-06,8,27.36
2023-11-06,9,28.12
2023-11-06,10,29.47
2023-11-06,11,27.77
2023-11-06,12,30.91
2023-11-06,13,33.4
2023-11-06,14,67.03
2023-11-06,15,27.42
2023-11-06,16,27.11
2023-11-06,17,23.46
2023-11-06,18,21.92
2023-11-06,19,33.45
2023-11-06,20,30.67
2023-11-06,21,48.84
2023-11-06,22,29.17
2023-11-06,23,22.28
2023-11-06,24,7.04
2023-11-07,1,5.71
2023-11-07,2,1.39
2023-11-07,3,6.47
2023-11-07,4,8.74
2023-11-07,5,9.61
2023-11-07,6,6.52
2023-11-07,7,23.79
2023-11-07,8,27.64
2023-11-07,9,25.57
2023-11-07,10,24.16
2023-11-07,11,24.21
2023-11-07,12,28.34
2023-11-07,13,28.84
2023-11-07,14,30.15
2023-11-07,15,29.58
2023-11-07,16,29.64
2023-11-07,17,28.97
2023-11-07,18,29.22
2023-11-07,19,29.27
2023-11-07,20,29.93
2023-11-07,21,33.28
2023-11-07,22,29.71
2023-11-07,23,28.63
2023-11-07,24,26.31
2023-11-08,1,25.73
2023-11-08,2,28.49
2023-11-08,3,28.47
2023-11-08,4,28.62
2023-11-08,5,28.0
2023-11-08,6,27.25
2023-11-08,7,30.49
2023-11-08,8,30.01
2023-11-08,9,27.09
2023-11-08,10,28.39
2023-11-08,11,28.66
2023-11-08,12,32.39
2023-11-08,13,33.49
2023-11-08,14,29.02
2023-11-08,15,29.02
2023-11-08,16,29.72
2023-11-08,17,40.55
2023-11-08,18,34.64
2023-11-08,19,29.85
2023-11-08,20,28.52
2023-11-08,21,28.35
2023-11-08,22,28.48
2023-11-08,23,27.53
2023-11-08,24,58.57
2023-11-09,1,30.64
2023-11-09,2,55.07
2023-11-09,3,83.13
2023-11-09,4,19.04
2023-11-09,5,5.68
2023-11-09,6,12.93
2023-11-09,7,30.07
2023-11-09,8,30.47
2023-11-09,9,30.45
2023-11-09,10,33.53
2023-11-09,11,33.43
2023-11-09,12,31.56
2023-11-09,13,29.67
2023-11-09,14,27.94
2023-11-09,15,27.73
2023-11-09,16,27.86
2023-11-09,17,31.23
2023-11-09,18,28.83
2023-11-09,19,28.38
2023-11-09,20,28.35
2023-11-09,21,28.27
2023-11-09,22,28.26
2023-11-09,23,23.12
2023-11-09,24,13.33
2023-11-10,1,15.67
2023-11-10,2,6.1
2023-11-10,3,11.12
2023-11-10,4,17.96
2023-11-10,5,27.19
2023-11-10,6,28.16
2023-11-10,7,28.01
2023-11-10,8,31.36
2023-11-10,9,32.47
2023-11-10,10,32.94
2023-11-10,11,32.84
2023-11-10,12,32.55
2023-11-10,13,32.88
2023-11-10,14,32.52
2023-11-10,15,32.52
2023-11-10,16,33.11
2023-11-10,17,40.73
2023-11-10,18,36.31
2023-11-10,19,32.53
2023-11-10,20,32.52
2023-11-10,21,32.63
2023-11-10,22,32.78
2023-11-10,23,33.18
2023-11-10,24,32.47
2023-11-11,1,32.59
2023-11-11,2,33.89
2023-11-11,3,32.71
2023-11-11,4,35.39
2023-11-11,5,39.99
2023-11-11,6,32.59
2023-11-11,7,32.72
2023-11-11,8,32.54
2023-11-11,9,33.21
2023-11-11,10,32.77
2023-11-11,11,32.91
2023-11-11,12,32.81
2023-11-11,13,33.27
2023-11-11,14,32.68
2023-11-11,15,32.86
2023-11-11,16,31.74
2023-11-11,17,32.87
2023-11-11,18,32.6
2023-11-11,19,31.89
2023-11-11,20,32.96
2023-11-11,21,32.27
2023-11-11,22,34.68
2023-11-11,23,32.33
2023-11-11,24,31.08
2023-11-12,1,29.15
2023-11-12,2,34.23
2023-11-12,3,39.45
2023-11-12,4,36.75
2023-11-12,5,31.39
2023-11-12,6,29.85
2023-11-12,7,28.96
2023-11-12,8,28.58
2023-11-12,9,28.02
2023-11-12,10,28.06
2023-11-12,11,27.99
2023-11-12,12,28.73
2023-11-12,13,27.99
2023-11-12,14,28.21
2023-11-12,15,28.18
2023-11-12,16,30.97
2023-11-12,17,32.11
2023-11-12,18,32.36
2023-11-12,19,31.72
2023-11-12,20,32.13
2023-11-12,21,30.93
2023-11-12,22,30.07
2023-11-12,23,28.56
2023-11-12,24,28.2
2023-11-13,1,27.98
2023-11-13,2,27.76
2023-11-13,3,19.53
2023-11-13,4,21.45
2023-11-13,5,18.87
2023-11-13,6,13.59
2023-11-13,7,24.14
2023-11-13,8,30.56
2023-11-13,9,34.04
2023-11-13,10,32.07
2023-11-13,11,31.65
2023-11-13,12,31.29
2023-11-13,13,30.51
2023-11-13,14,30.72
2023-11-13,15,28.34
2023-11-13,16,28.11
2023-11-13,17,31.22
2023-11-13,18,36.1
2023-11-13,19,35.96
2023-11-13,20,31.92
2023-11-13,21,29.69
2023-11-13,22,30.23
2023-11-13,23,28.33
2023-11-13,24,28.52
2023-11-14,1,24.82
2023-11-14,2,26.34
2023-11-14,3,24.31
2023-11-14,4,27.39
2023-11-14,5,28.53
2023-11-14,6,30.23
2023-11-14,7,35.7
2023-11-14,8,54.29
2023-11-14,9,37.3
2023-11-14,10,36.18
2023-11-14,11,35.98
2023-11-14,12,35.41
2023-11-14,13,33.81
2023-11-14,14,31.64
2023-11-14,15,32.22
2023-11-14,16,34.62
2023-11-14,17,30.26
2023-11-14,18,36.29
2023-11-14,19,36.64
2023-11-14,20,36.33
2023-11-14,21,35.1
2023-11-14,22,34.61
2023-11-14,23,30.8
2023-11-14,24,31.7
2023-11-15,1,33.11
2023-11-15,2,20.73
2023-11-15,3,12.08
2023-11-15,4,14.28
2023-11-15,5,23.55
2023-11-15,6,16.46
2023-11-15,7,32.64
2023-11-15,8,33.21
2023-11-15,9,32.68
2023-11-15,10,32.64
2023-11-15,11,32.64
2023-11-15,12,30.67
2023-11-15,13,22.76
2023-11-15,14,30.21
2023-11-15,15,21.41
2023-11-15,16,26.1
2023-11-15,17,32.48
2023-11-15,18,32.25
2023-11-15,19,32.67
2023-11-15,20,33.54
2023-11-15,21,32.37
2023-11-15,22,32.7
2023-11-15,23,29.25
2023-11-15,24,27.05
2023-11-16,1,29.79
2023-11-16,2,32.77
2023-11-16,3,31.39
2023-11-16,4,31.06
2023-11-16,5,30.97
2023-11-16,6,32.49
2023-11-16,7,36.3
2023-11-16,8,35.94
2023-11-16,9,32.05
2023-11-16,10,31.59
2023-11-16,11,31.56
2023-11-16,12,31.35
2023-11-16,13,30.92
2023-11-16,14,31.33
2023-11-16,15,31.34
2023-11-16,16,31.43
2023-11-16,17,32.48
2023-11-16,18,31.82
2023-11-16,19,32.06
2023-11-16,20,31.65
2023-11-16,21,31.51
2023-11-16,22,27.58
2023-11-16,23,12.38
2023-11-16,24,0.0
2023-11-17,1,0.0
2023-11-17,2,0.0
2023-11-17,3,0.0
2023-11-17,4,0.0
2023-11-17,5,0.0
2023-11-17,6,0.0
2023-11-17,7,5.33
2023-11-17,8,24.67
2023-11-17,9,30.54
2023-11-17,10,31.06
2023-11-17,11,31.07
2023-11-17,12,31.53
2023-11-17,13,30.22
2023-11-17,14,31.09
2023-11-17,15,23.49
2023-11-17,16,22.29
2023-11-17,17,31.77
2023-11-17,18,34.91
2023-11-17,19,36.29
2023-11-17,20,35.71
2023-11-17,21,32.71
2023-11-17,22,33.89
2023-11-17,23,31.31
2023-11-17,24,31.07
2023-11-18,1,30.16
2023-11-18,2,35.81
2023-11-18,3,30.1
2023-11-18,4,30.06
2023-11-18,5,31.0
2023-11-18,6,31.55
2023-11-18,7,33.63
2023-11-18,8,30.05
2023-11-18,9,30.04
2023-11-18,10,30.02
2023-11-18,11,32.39
2023-11-18,12,27.6
2023-11-18,13,23.62
2023-11-18,14,14.39
2023-11-18,15,17.13
2023-11-18,16,20.37
2023-11-18,17,29.98
2023-11-18,18,29.56
2023-11-18,19,30.08
2023-11-18,20,30.61
2023-11-18,21,29.99
2023-11-18,22,30.18
2023-11-18,23,30.02
2023-11-18,24,29.94
2023-11-19,1,22.72
2023-11-19,2,30.13
2023-11-19,3,30.15
2023-11-19,4,29.9
2023-11-19,5,37.28
2023-11-19,6,30.09
2023-11-19,7,30.19
2023-11-19,8,28.51
2023-11-19,9,29.99
2023-11-19,10,30.05
2023-11-19,11,29.83
2023-11-19,12,29.95
2023-11-19,13,28.7
2023-11-19,14,29.86
2023-11-19,15,30.03
2023-11-19,16,31.09
2023-11-19,17,37.15
2023-11-19,18,38.73
2023-11-19,19,43.44
2023-11-19,20,42.02
2023-11-19,21,34.5
2023-11-19,22,34.44
2023-11-19,23,33.36
2023-11-19,24,32.15
2023-11-20,1,28.38
2023-11-20,2,30.01
2023-11-20,3,30.0
2023-11-20,4,30.25
2023-11-20,5,30.25
2023-11-20,6,32.12
2023-11-20,7,34.76
2023-11-20,8,33.72
2023-11-20,9,31.46
2023-11-20,10,33.75
2023-11-20,11,34.58
2023-11-20,12,34.55
2023-11-20,13,34.55
2023-11-20,14,33.96
2023-11-20,15,31.77
2023-11-20,16,31.92
2023-11-20,17,32.63
2023-11-20,18,39.74
2023-11-20,19,32.8
2023-11-20,20,32.56
2023-11-20,21,35.94
2023-11-20,22,32.06
2023-11-20,23,30.86
2023-11-20,24,30.0
2023-11-21,1,21.56
2023-11-21,2,13.37
2023-11-21,3,7.32
2023-11-21,4,6.61
2023-11-21,5,12.01
2023-11-21,6,29.49
2023-11-21,7,33.39
2023-11-21,8,31.99
2023-11-21,9,33.56
2023-11-21,10,30.5
2023-11-21,11,34.55
2023-11-21,12,33.21
2023-11-21,13,36.05
2023-11-21,14,37.18
2023-11-21,15,33.26
2023-11-21,16,35.46
2023-11-21,17,33.42
2023-11-21,18,39.93
2023-11-21,19,36.02
2023-11-21,20,37.63
2023-11-21,21,34.9
2023-11-21,22,35.42
2023-11-21,23,34.15
2023-11-21,24,32.68
2023-11-22,1,29.8
2023-11-22,2,29.65
2023-11-22,3,10.5
2023-11-22,4,11.72
2023-11-22,5,9.96
2023-11-22,6,29.72
2023-11-22,7,31.12
2023-11-22,8,33.88
2023-11-22,9,35.82
2023-11-22,10,35.83
2023-11-22,11,38.09
2023-11-22,12,35.69
2023-11-22,13,34.47
2023-11-22,14,34.9
2023-11-22,15,36.52
2023-11-22,16,37.19
2023-11-22,17,42.6
2023-11-22,18,45.61
2023-11-22,19,41.88
2023-11-22,20,38.65
2023-11-22,21,36.48
2023-11-22,22,35.85
2023-11-22,23,32.97
2023-11-22,24,30.2
2023-11-23,1,28.87
2023-11-23,2,27.06
2023-11-23,3,22.75
2023-11-23,4,17.94
2023-11-23,5,15.71
2023-11-23,6,7.66
2023-11-23,7,26.34
2023-11-23,8,30.69
2023-11-23,9,31.32
2023-11-23,10,29.67
2023-11-23,11,31.26
2023-11-23,12,35.34
2023-11-23,13,35.9
2023-11-23,14,34.5
2023-11-23,15,35.23
2023-11-23,16,35.05
2023-11-23,17,31.53
2023-11-23,18,30.56
2023-11-23,19,31.54
2023-11-23,20,28.7
2023-11-23,21,29.76
2023-11-23,22,32.62
2023-11-23,23,31.62
2023-11-23,24,31.0
2023-11-24,1,20.91
2023-11-24,2,22.46
2023-11-24,3,18.58
2023-11-24,4,18.66
2023-11-24,5,20.54
2023-11-24,6,25.63
2023-11-24,7,29.87
2023-11-24,8,35.11
2023-11-24,9,35.28
2023-11-24,10,31.13
2023-11-24,11,28.28
2023-11-24,12,30.59
2023-11-24,13,30.99
2023-11-24,14,27.47
2023-11-24,15,26.57
2023-11-24,16,27.63
2023-11-24,17,30.78
2023-11-24,18,36.58
2023-11-24,19,37.1
2023-11-24,20,36.48
2023-11-24,21,34.68
2023-11-24,22,35.27
2023-11-24,23,34.01
2023-11-24,24,32.31
2023-11-25,1,35.14
2023-11-25,2,39.97
2023-11-25,3,36.7
2023-11-25,4,32.65
2023-11-25,5,31.37
2023-11-25,6,31.31
2023-11-25,7,32.53
2023-11-25,8,33.96
2023-11-25,9,38.1
2023-11-25,10,39.09
2023-11-25,11,39.0
2023-11-25,12,35.0
2023-11-25,13,32.0
2023-11-25,14,30.95
2023-11-25,15,31.57
2023-11-25,16,34.02
2023-11-25,17,33.66
2023-11-25,18,35.66
2023-11-25,19,35.31
2023-11-25,20,35.86
2023-11-25,21,35.27
2023-11-25,22,35.23
2023-11-25,23,33.29
2023-11-25,24,32.2
2023-11-26,1,36.11
2023-11-26,2,34.94
2023-11-26,3,32.64
2023-11-26,4,31.25
2023-11-26,5,31.39
2023-11-26,6,34.22
2023-11-26,7,33.77
2023-11-26,8,32.11
2023-11-26,9,31.25
2023-11-26,10,30.85
2023-11-26,11,31.76
2023-11-26,12,30.89
2023-11-26,13,32.25
2023-11-26,14,34.3
2023-11-26,15,34.56
2023-11-26,16,34.43
2023-11-26,17,33.55
2023-11-26,18,36.85
2023-11-26,19,33.56
2023-11-26,20,33.06
2023-11-26,21,33.44
2023-11-26,22,30.92
2023-11-26,23,29.52
2023-11-26,24,11.29
2023-11-27,1,1.95
2023-11-27,2,0.47
2023-11-27,3,0.0
2023-11-27,4,0.0
2023-11-27,5,0.0
2023-11-27,6,7.85
2023-11-27,7,15.76
2023-11-27,8,31.33
2023-11-27,9,31.39
2023-11-27,10,31.37
2023-11-27,11,30.79
2023-11-27,12,30.69
2023-11-27,13,28.51
2023-11-27,14,27.44
2023-11-27,15,27.96
2023-11-27,16,34.01
2023-11-27,17,34.69
2023-11-27,18,31.67
2023-11-27,19,31.4
2023-11-27,20,30.82
2023-11-27,21,31.61
2023-11-27,22,31.4
2023-11-27,23,35.65
2023-11-27,24,31.34
2023-11-28,1,30.62
2023-11-28,2,30.92
2023-11-28,3,28.11
2023-11-28,4,27.01
2023-11-28,5,24.68
2023-11-28,6,18.38
2023-11-28,7,29.61
2023-11-28,8,35.68
2023-11-28,9,34.88
2023-11-28,10,33.59
2023-11-28,11,32.51
2023-11-28,12,32.04
2023-11-28,13,31.8
2023-11-28,14,31.24
2023-11-28,15,31.2
2023-11-28,16,31.87
2023-11-28,17,40.07
2023-11-28,18,46.42
2023-11-28,19,40.01
2023-11-28,20,37.55
2023-11-28,21,35.21
2023-11-28,22,38.32
2023-11-28,23,35.34
2023-11-28,24,33.19
2023-11-29,1,30.87
2023-11-29,2,31.07
2023-11-29,3,28.11
2023-11-29,4,26.85
2023-11-29,5,31.07
2023-11-29,6,29.95
2023-11-29,7,35.42
2023-11-29,8,35.74
2023-11-29,9,35.81
2023-11-29,10,35.56
2023-11-29,11,35.46
2023-11-29,12,33.46
2023-11-29,13,32.65
2023-11-29,14,35.53
2023-11-29,15,35.57
2023-11-29,16,35.46
2023-11-29,17,36.43
2023-11-29,18,42.27
2023-11-29,19,36.85
2023-11-29,20,35.56
2023-11-29,21,36.78
2023-11-29,22,34.83
2023-11-29,23,31.83
2023-11-29,24,29.84
2023-11-30,1,26.55
2023-11-30,2,25.8
2023-11-30,3,26.03
2023-11-30,4,26.11
2023-11-30,5,26.18
2023-11-30,6,28.53
2023-11-30,7,30.89
2023-11-30,8,33.29
2023-11-30,9,32.25
2023-11-30,10,32.04
2023-11-30,11,30.98
2023-11-30,12,30.89
2023-11-30,13,30.73
2023-11-30,14,30.27
2023-11-30,15,30.7
2023-11-30,16,22.26
2023-11-30,17,30.41
2023-11-30,18,32.28
2023-11-30,19,31.51
2023-11-30,20,30.94
2023-11-30,21,30.63
2023-11-30,22,28.27
2023-11-30,23,19.86
2023-11-30,24,25.03
2023-12-01,1,14.8
2023-12-01,2,33.19
2023-12-01,3,30.62
2023-12-01,4,31.99
2023-12-01,5,28.59
2023-12-01,6,30.49
2023-12-01,7,34.17
2023-12-01,8,38.04
2023-12-01,9,39.31
2023-12-01,10,39.23
2023-12-01,11,35.86
2023-12-01,12,39.84
2023-12-01,13,40.62
2023-12-01,14,58.21
2023-12-01,15,55.76
2023-12-01,16,39.72
2023-12-01,17,36.27
2023-12-01,18,34.04
2023-12-01,19,33.99
2023-12-01,20,35.28
2023-12-01,21,35.85
2023-12-01,22,35.94
2023-12-01,23,35.67
2023-12-01,24,33.1
2023-12-02,1,32.82
2023-12-02,2,36.71
2023-12-02,3,30.63
2023-12-02,4,30.83
2023-12-02,5,29.98
2023-12-02,6,30.03
2023-12-02,7,30.03
2023-12-02,8,30.2
2023-12-02,9,30.38
2023-12-02,10,34.44
2023-12-02,11,34.72
2023-12-02,12,35.88
2023-12-02,13,36.33
2023-12-02,14,35.37
2023-12-02,15,34.97
2023-12-02,16,34.73
2023-12-02,17,34.13
2023-12-02,18,32.74
2023-12-02,19,32.31
2023-12-02,20,33.9
2023-12-02,21,34.22
2023-12-02,22,32.43
2023-12-02,23,30.5
2023-12-02,24,33.31
2023-12-03,1,38.03
2023-12-03,2,23.48
2023-12-03,3,14.38
2023-12-03,4,24.19
2023-12-03,5,30.61
2023-12-03,6,39.65
2023-12-03,7,36.99
2023-12-03,8,32.69
2023-12-03,9,32.1
2023-12-03,10,34.68
2023-12-03,11,35.61
2023-12-03,12,38.98
2023-12-03,13,70.29
2023-12-03,14,50.77
2023-12-03,15,31.54
2023-12-03,16,30.71
2023-12-03,17,33.1
2023-12-03,18,35.67
2023-12-03,19,39.65
2023-12-03,20,32.61
2023-12-03,21,32.63
2023-12-03,22,32.08
2023-12-03,23,29.93
2023-12-03,24,29.92
2023-12-04,1,37.44
2023-12-04,2,40.89
2023-12-04,3,35.25
2023-12-04,4,32.88
2023-12-04,5,28.2
2023-12-04,6,31.06
2023-12-04,7,50.22
2023-12-04,8,68.61
2023-12-04,9,64.94
2023-12-04,10,89.7
2023-12-04,11,46.22
2023-12-04,12,47.02
2023-12-04,13,42.88
2023-12-04,14,40.2
2023-12-04,15,41.35
2023-12-04,16,41.19
2023-12-04,17,42.36
2023-12-04,18,39.4
2023-12-04,19,39.93
2023-12-04,20,44.03
2023-12-04,21,48.63
2023-12-04,22,38.57
2023-12-04,23,39.65
2023-12-04,24,34.33
2023-12-05,1,34.32
2023-12-05,2,34.65
2023-12-05,3,31.3
2023-12-05,4,30.59
2023-12-05,5,29.93
2023-12-05,6,35.18
2023-12-05,7,36.58
2023-12-05,8,39.67
2023-12-05,9,42.53
2023-12-05,10,48.21
2023-12-05,11,60.46
2023-12-05,12,51.3
2023-12-05,13,39.91
2023-12-05,14,38.78
2023-12-05,15,38.37
2023-12-05,16,38.06
2023-12-05,17,49.48
2023-12-05,18,40.76
2023-12-05,19,40.2
2023-12-05,20,39.95
2023-12-05,21,40.99
2023-12-05,22,36.86
2023-12-05,23,34.76
2023-12-05,24,32.17
2023-12-06,1,30.91
2023-12-06,2,30.88
2023-12-06,3,25.92
2023-12-06,4,26.08
2023-12-06,5,27.52
2023-12-06,6,30.46
2023-12-06,7,33.92
2023-12-06,8,37.5
2023-12-06,9,39.03
2023-12-06,10,38.06
2023-12-06,11,36.06
2023-12-06,12,35.89
2023-12-06,13,35.67
2023-12-06,14,35.67
2023-12-06,15,35.8
2023-12-06,16,36.12
2023-12-06,17,41.27
2023-12-06,18,42.85
2023-12-06,19,38.24
2023-12-06,20,35.88
2023-12-06,21,36.76
2023-12-06,22,34.81
2023-12-06,23,32.19
2023-12-06,24,31.41
2023-12-07,1,27.39
2023-12-07,2,29.61
2023-12-07,3,23.9
2023-12-07,4,18.03
2023-12-07,5,18.64
2023-12-07,6,18.39
2023-12-07,7,32.63
2023-12-07,8,36.33
2023-12-07,9,36.76
2023-12-07,10,38.26
2023-12-07,11,38.56
2023-12-07,12,38.37
2023-12-07,13,37.53
2023-12-07,14,40.0
2023-12-07,15,41.13
2023-12-07,16,41.01
2023-12-07,17,68.4
2023-12-07,18,52.41
2023-12-07,19,43.11
2023-12-07,20,41.43
2023-12-07,21,43.03
2023-12-07,22,42.78
2023-12-07,23,35.64
2023-12-07,24,32.56
2023-12-08,1,28.91
2023-12-08,2,28.2
2023-12-08,3,21.03
2023-12-08,4,15.87
2023-12-08,5,15.5
2023-12-08,6,21.1
2023-12-08,7,28.18
2023-12-08,8,28.98
2023-12-08,9,31.35
2023-12-08,10,32.26
2023-12-08,11,30.9
2023-12-08,12,31.87
2023-12-08,13,29.63
2023-12-08,14,30.2
2023-12-08,15,29.3
2023-12-08,16,30.8
2023-12-08,17,30.72
2023-12-08,18,32.93
2023-12-08,19,32.47
2023-12-08,20,29.18
2023-12-08,21,28.52
2023-12-08,22,29.39
2023-12-08,23,28.33
2023-12-08,24,23.92
2023-12-09,1,17.79
2023-12-09,2,14.34
2023-12-09,3,22.23
2023-12-09,4,17.85
2023-12-09,5,26.74
2023-12-09,6,15.74
2023-12-09,7,14.34
2023-12-09,8,24.72
2023-12-09,9,27.7
2023-12-09,10,28.2
2023-12-09,11,28.21
2023-12-09,12,28.21
2023-12-09,13,20.75
2023-12-09,14,27.63
2023-12-09,15,17.11
2023-12-09,16,23.89
2023-12-09,17,26.47
2023-12-09,18,28.88
2023-12-09,19,30.15
2023-12-09,20,31.04
2023-12-09,21,30.53
2023-12-09,22,31.37
2023-12-09,23,28.23
2023-12-09,24,27.86
2023-12-10,1,14.34
2023-12-10,2,17.45
2023-12-10,3,14.36
2023-12-10,4,14.31
2023-12-10,5,14.37
2023-12-10,6,4.88
2023-12-10,7,1.73
2023-12-10,8,12.27
2023-12-10,9,21.54
2023-12-10,10,28.21
2023-12-10,11,28.24
2023-12-10,12,28.41
2023-12-10,13,41.5
2023-12-10,14,73.32
2023-12-10,15,41.18
2023-12-10,16,32.14
2023-12-10,17,32.22
2023-12-10,18,33.07
2023-12-10,19,39.23
2023-12-10,20,38.47
2023-12-10,21,35.13
2023-12-10,22,33.74
2023-12-10,23,28.72
2023-12-10,24,29.62
2023-12-11,1,28.2
2023-12-11,2,28.81
2023-12-11,3,26.71
2023-12-11,4,26.18
2023-12-11,5,22.65
2023-12-11,6,22.91
2023-12-11,7,29.11
2023-12-11,8,33.5
2023-12-11,9,37.77
2023-12-11,10,35.73
2023-12-11,11,34.42
2023-12-11,12,33.25
2023-12-11,13,33.3
2023-12-11,14,33.73
2023-12-11,15,34.43
2023-12-11,16,34.4
2023-12-11,17,36.5
2023-12-11,18,41.86
2023-12-11,19,45.07
2023-12-11,20,37.31
2023-12-11,21,35.94
2023-12-11,22,33.3
2023-12-11,23,31.96
2023-12-11,24,29.53
2023-12-12,1,26.74
2023-12-12,2,26.54
2023-12-12,3,22.12
2023-12-12,4,18.52
2023-12-12,5,14.35
2023-12-12,6,13.27
2023-12-12,7,26.24
2023-12-12,8,28.54
2023-12-12,9,27.7
2023-12-12,10,26.82
2023-12-12,11,26.49
2023-12-12,12,27.18
2023-12-12,13,26.2
2023-12-12,14,25.84
2023-12-12,15,28.17
2023-12-12,16,29.18
2023-12-12,17,31.63
2023-12-12,18,34.45
2023-12-12,19,31.52
2023-12-12,20,31.13
2023-12-12,21,31.13
2023-12-12,22,30.66
2023-12-12,23,28.67
2023-12-12,24,27.08
2023-12-13,1,27.77
2023-12-13,2,26.33
2023-12-13,3,31.9
2023-12-13,4,34.77
2023-12-13,5,27.45
2023-12-13,6,26.74
2023-12-13,7,29.88
2023-12-13,8,39.79
2023-12-13,9,33.88
2023-12-13,10,31.51
2023-12-13,11,32.06
2023-12-13,12,42.86
2023-12-13,13,29.9
2023-12-13,14,29.66
2023-12-13,15,28.41
2023-12-13,16,32.22
2023-12-13,17,98.73
2023-12-13,18,106.68
2023-12-13,19,34.07
2023-12-13,20,38.95
2023-12-13,21,40.21
2023-12-13,22,49.29
2023-12-13,23,35.41
2023-12-13,24,31.51
2023-12-14,1,27.8
2023-12-14,2,35.0
2023-12-14,3,27.01
2023-12-14,4,27.69
2023-12-14,5,26.59
2023-12-14,6,30.16
2023-12-14,7,30.93
2023-12-14,8,33.37
2023-12-14,9,34.6
2023-12-14,10,31.6
2023-12-14,11,31.03
2023-12-14,12,31.47
2023-12-14,13,30.83
2023-12-14,14,26.35
2023-12-14,15,24.95
2023-12-14,16,25.89
2023-12-14,17,29.74
2023-12-14,18,29.27
2023-12-14,19,28.98
2023-12-14,20,28.29
2023-12-14,21,30.2
2023-12-14,22,27.13
2023-12-14,23,26.32
2023-12-14,24,22.66
2023-12-15,1,21.77
2023-12-15,2,18.56
2023-12-15,3,20.51
2023-12-15,4,15.53
2023-12-15,5,14.35
2023-12-15,6,19.96
2023-12-15,7,27.79
2023-12-15,8,30.63
2023-12-15,9,30.98
2023-12-15,10,30.66
2023-12-15,11,27.3
2023-12-15,12,26.92
2023-12-15,13,26.01
2023-12-15,14,25.86
2023-12-15,15,25.24
2023-12-15,16,27.06
2023-12-15,17,29.47
2023-12-15,18,30.51
2023-12-15,19,28.06
2023-12-15,20,30.82
2023-12-15,21,30.84
2023-12-15,22,31.32
2023-12-15,23,31.47
2023-12-15,24,30.44
2023-12-16,1,33.86
2023-12-16,2,28.59
2023-12-16,3,31.54
2023-12-16,4,22.3
2023-12-16,5,27.77
2023-12-16,6,27.69
2023-12-16,7,26.98
2023-12-16,8,26.96
2023-12-16,9,26.48
2023-12-16,10,24.38
2023-12-16,11,26.95
2023-12-16,12,26.96
2023-12-16,13,27.8
2023-12-16,14,26.61
2023-12-16,15,28.4
2023-12-16,16,25.78
2023-12-16,17,27.12
2023-12-16,18,27.1
2023-12-16,19,28.0
2023-12-16,20,27.6
2023-12-16,21,27.05
2023-12-16,22,26.95
2023-12-16,23,22.19
2023-12-16,24,12.23
2023-12-17,1,11.1
2023-12-17,2,7.37
2023-12-17,3,0.81
2023-12-17,4,4.57
2023-12-17,5,4.95
2023-12-17,6,5.23
2023-12-17,7,12.5
2023-12-17,8,10.77
2023-12-17,9,11.59
2023-12-17,10,13.33
2023-12-17,11,26.33
2023-12-17,12,30.49
2023-12-17,13,46.5
2023-12-17,14,29.47
2023-12-17,15,26.92
2023-12-17,16,24.73
2023-12-17,17,27.77
2023-12-17,18,31.71
2023-12-17,19,32.04
2023-12-17,20,30.79
2023-12-17,21,27.91
2023-12-17,22,27.5
2023-12-17,23,27.76
2023-12-17,24,34.32
2023-12-18,1,26.88
2023-12-18,2,21.72
2023-12-18,3,16.24
2023-12-18,4,14.35
2023-12-18,5,7.27
2023-12-18,6,4.14
2023-12-18,7,25.75
2023-12-18,8,26.97
2023-12-18,9,27.15
2023-12-18,10,28.64
2023-12-18,11,32.49
2023-12-18,12,29.76
2023-12-18,13,29.04
2023-12-18,14,28.94
2023-12-18,15,29.86
2023-12-18,16,27.06
2023-12-18,17,29.26
2023-12-18,18,31.82
2023-12-18,19,28.42
2023-12-18,20,27.77
2023-12-18,21,27.4
2023-12-18,22,29.83
2023-12-18,23,26.86
2023-12-18,24,22.24
2023-12-19,1,12.73
2023-12-19,2,14.24
2023-12-19,3,13.37
2023-12-19,4,14.07
2023-12-19,5,12.91
2023-12-19,6,23.97
2023-12-19,7,31.35
2023-12-19,8,31.99
2023-12-19,9,31.56
2023-12-19,10,32.88
2023-12-19,11,33.6
2023-12-19,12,32.69
2023-12-19,13,29.72
2023-12-19,14,28.16
2023-12-19,15,27.98
2023-12-19,16,31.64
2023-12-19,17,36.72
2023-12-19,18,36.02
2023-12-19,19,33.11
2023-12-19,20,32.67
2023-12-19,21,32.06
2023-12-19,22,29.28
2023-12-19,23,27.82
2023-12-19,24,21.65
2023-12-20,1,20.75
2023-12-20,2,17.13
2023-12-20,3,22.47
2023-12-20,4,18.18
2023-12-20,5,25.96
2023-12-20,6,28.34
2023-12-20,7,30.38
2023-12-20,8,30.69
2023-12-20,9,33.02
2023-12-20,10,31.35
2023-12-20,11,33.87
2023-12-20,12,32.13
2023-12-20,13,34.52
2023-12-20,14,34.95
2023-12-20,15,33.66
2023-12-20,16,32.92
2023-12-20,17,33.19
2023-12-20,18,34.43
2023-12-20,19,37.46
2023-12-20,20,39.09
2023-12-20,21,39.42
2023-12-20,22,37.2
2023-12-20,23,31.97
2023-12-20,24,27.4
2023-12-21,1,28.4
2023-12-21,2,24.17
2023-12-21,3,23.22
2023-12-21,4,23.44
2023-12-21,5,26.53
2023-12-21,6,26.98
2023-12-21,7,31.09
2023-12-21,8,31.04
2023-12-21,9,31.65
2023-12-21,10,30.96
2023-12-21,11,27.69
2023-12-21,12,26.66
2023-12-21,13,26.47
2023-12-21,14,29.03
2023-12-21,15,29.43
2023-12-21,16,29.67
2023-12-21,17,29.69
2023-12-21,18,29.51
2023-12-21,19,31.82
2023-12-21,20,34.61
2023-12-21,21,43.18
2023-12-21,22,37.16
2023-12-21,23,34.85
2023-12-21,24,29.4
2023-12-22,1,31.18
2023-12-22,2,31.46
2023-12-22,3,28.89
2023-12-22,4,28.55
2023-12-22,5,28.55
2023-12-22,6,31.56
2023-12-22,7,34.35
2023-12-22,8,34.72
2023-12-22,9,35.86
2023-12-22,10,36.31
2023-12-22,11,34.18
2023-12-22,12,34.05
2023-12-22,13,33.27
2023-12-22,14,34.41
2023-12-22,15,33.03
2023-12-22,16,32.81
2023-12-22,17,34.13
2023-12-22,18,33.55
2023-12-22,19,33.37
2023-12-22,20,34.13
2023-12-22,21,33.46
2023-12-22,22,31.08
2023-12-22,23,31.2
2023-12-22,24,30.84
2023-12-23,1,29.5
2023-12-23,2,29.71
2023-12-23,3,33.03
2023-12-23,4,30.93
2023-12-23,5,27.77
2023-12-23,6,24.38
2023-12-23,7,24.61
2023-12-23,8,27.79
2023-12-23,9,29.31
2023-12-23,10,31.67
2023-12-23,11,34.72
2023-12-23,12,34.43
2023-12-23,13,32.13
2023-12-23,14,30.62
2023-12-23,15,29.66
2023-12-23,16,31.35
2023-12-23,17,42.81
2023-12-23,18,33.84
2023-12-23,19,31.91
2023-12-23,20,29.29
2023-12-23,21,29.26
2023-12-23,22,30.81
2023-12-23,23,28.15
2023-12-23,24,25.5
2023-12-24,1,28.58
2023-12-24,2,30.59
2023-12-24,3,31.55
2023-12-24,4,32.0
2023-12-24,5,27.64
2023-12-24,6,25.09
2023-12-24,7,31.9
2023-12-24,8,31.78
2023-12-24,9,26.34
2023-12-24,10,27.36
2023-12-24,11,28.4
2023-12-24,12,41.27
2023-12-24,13,44.77
2023-12-24,14,32.4
2023-12-24,15,36.28
2023-12-24,16,32.2
2023-12-24,17,32.26
2023-12-24,18,27.49
2023-12-24,19,28.59
2023-12-24,20,32.75
2023-12-24,21,29.74
2023-12-24,22,26.9
2023-12-24,23,24.44
2023-12-24,24,24.5
2023-12-25,1,25.88
2023-12-25,2,24.6
2023-12-25,3,25.63
2023-12-25,4,30.89
2023-12-25,5,25.56
2023-12-25,6,24.36
2023-12-25,7,24.2
2023-12-25,8,17.67
2023-12-25,9,19.01
2023-12-25,10,21.9
2023-12-25,11,24.24
2023-12-25,12,24.29
2023-12-25,13,24.27
2023-12-25,14,24.25
2023-12-25,15,24.9
2023-12-25,16,24.26
2023-12-25,17,23.49
2023-12-25,18,23.51
2023-12-25,19,25.38
2023-12-25,20,17.48
2023-12-25,21,14.38
2023-12-25,22,17.38
2023-12-25,23,19.55
2023-12-25,24,25.23
2023-12-26,1,25.02
2023-12-26,2,7.97
2023-12-26,3,5.78
2023-12-26,4,4.72
2023-12-26,5,5.69
2023-12-26,6,13.53
2023-12-26,7,24.22
2023-12-26,8,25.08
2023-12-26,9,23.96
2023-12-26,10,23.41
2023-12-26,11,26.01
2023-12-26,12,28.67
2023-12-26,13,29.16
2023-12-26,14,29.29
2023-12-26,15,29.09
2023-12-26,16,30.27
2023-12-26,17,32.67
2023-12-26,18,31.94
2023-12-26,19,31.38
2023-12-26,20,29.67
2023-12-26,21,29.33
2023-12-26,22,30.79
2023-12-26,23,28.37
2023-12-26,24,24.92
2023-12-27,1,26.32
2023-12-27,2,25.63
2023-12-27,3,22.59
2023-12-27,4,15.8
2023-12-27,5,21.71
2023-12-27,6,24.7
2023-12-27,7,24.74
2023-12-27,8,25.06
2023-12-27,9,27.35
2023-12-27,10,27.96
2023-12-27,11,29.45
2023-12-27,12,29.68
2023-12-27,13,30.25
2023-12-27,14,29.61
2023-12-27,15,28.47
2023-12-27,16,29.53
2023-12-27,17,31.09
2023-12-27,18,32.81
2023-12-27,19,31.26
2023-12-27,20,29.72
2023-12-27,21,27.77
2023-12-27,22,27.94
2023-12-27,23,24.98
2023-12-27,24,25.18
2023-12-28,1,26.92
2023-12-28,2,25.12
2023-12-28,3,27.44
2023-12-28,4,29.39
2023-12-28,5,24.8
2023-12-28,6,26.34
2023-12-28,7,25.82
2023-12-28,8,27.34
2023-12-28,9,28.94
2023-12-28,10,30.58
2023-12-28,11,30.44
2023-12-28,12,30.74
2023-12-28,13,30.95
2023-12-28,14,30.8
2023-12-28,15,30.74
2023-12-28,16,30.74
2023-12-28,17,29.92
2023-12-28,18,30.83
2023-12-28,19,30.61
2023-12-28,20,27.37
2023-12-28,21,28.53
2023-12-28,22,29.96
2023-12-28,23,27.03
2023-12-28,24,25.89
2023-12-29,1,24.54
2023-12-29,2,26.43
2023-12-29,3,23.3
2023-12-29,4,24.38
2023-12-29,5,22.89
2023-12-29,6,25.22
2023-12-29,7,25.92
2023-12-29,8,26.59
2023-12-29,9,27.39
2023-12-29,10,26.77
2023-12-29,11,27.51
2023-12-29,12,27.99
2023-12-29,13,27.64
2023-12-29,14,27.57
2023-12-29,15,26.48
2023-12-29,16,26.46
2023-12-29,17,29.99
2023-12-29,18,34.93
2023-12-29,19,29.1
2023-12-29,20,25.99
2023-12-29,21,26.08
2023-12-29,22,25.76
2023-12-29,23,26.63
2023-12-29,24,34.43
2023-12-30,1,30.63
2023-12-30,2,27.34
2023-12-30,3,24.98
2023-12-30,4,26.89
2023-12-30,5,29.38
2023-12-30,6,26.88
2023-12-30,7,25.88
2023-12-30,8,25.05
2023-12-30,9,25.96
2023-12-30,10,28.86
2023-12-30,11,39.84
2023-12-30,12,41.01
2023-12-30,13,51.93
2023-12-30,14,35.22
2023-12-30,15,29.0
2023-12-30,16,28.01
2023-12-30,17,35.82
2023-12-30,18,38.72
2023-12-30,19,36.03
2023-12-30,20,37.37
2023-12-30,21,33.55
2023-12-30,22,34.63
2023-12-30,23,31.0
2023-12-30,24,28.94
2023-12-31,1,34.3
2023-12-31,2,33.32
2023-12-31,3,25.96
2023-12-31,4,31.71
2023-12-31,5,31.01
2023-12-31,6,31.37
2023-12-31,7,22.58
2023-12-31,8,16.67
2023-12-31,9,23.39
2023-12-31,10,26.89
2023-12-31,11,28.63
2023-12-31,12,30.61
2023-12-31,13,34.01
2023-12-31,14,35.87
2023-12-31,15,36.18
2023-12-31,16,35.8
2023-12-31,17,34.8
2023-12-31,18,35.19
2023-12-31,19,43.29
2023-12-31,20,32.73
2023-12-31,21,30.38
2023-12-31,22,27.12
2023-12-31,23,27.27
2023-12-31,24,27.79
2024-01-01,2,35.85
2024-01-01,3,27.73
2024-01-01,4,19.34
2024-01-01,5,20.23
2024-01-01,6,27.23
2024-01-01,7,27.21
2024-01-01,8,27.52
2024-01-01,9,27.22
2024-01-01,10,30.94
2024-01-01,11,30.93
2024-01-01,12,31.73
2024-01-01,13,30.58
2024-01-01,14,31.81
2024-01-01,15,33.23
2024-01-01,16,30.14
2024-01-01,17,31.86
2024-01-01,18,34.02
2024-01-01,19,34.14
2024-01-01,20,32.15
2024-01-01,21,31.55
2024-01-01,22,31.09
2024-01-01,23,30.74
2024-01-01,24,27.98
2024-01-02,1,27.21
2024-01-02,2,27.17
2024-01-02,3,20.93
2024-01-02,4,22.48
2024-01-02,5,19.81
2024-01-02,6,26.54
2024-01-02,7,27.18
2024-01-02,8,29.61
2024-01-02,9,30.21
2024-01-02,10,29.88
2024-01-02,11,29.36
2024-01-02,12,30.88
2024-01-02,13,29.69
2024-01-02,14,29.92
2024-01-02,15,30.87
2024-01-02,16,30.35
2024-01-02,17,30.28
2024-01-02,18,32.9
2024-01-02,19,31.83
2024-01-02,20,32.39
2024-01-02,21,33.2
2024-01-02,22,33.75
2024-01-02,23,29.65
2024-01-02,24,29.69
2024-01-03,1,28.82
2024-01-03,2,35.84
2024-01-03,3,29.39
2024-01-03,4,32.34
2024-01-03,5,31.42
2024-01-03,6,32.32
2024-01-03,7,32.43
2024-01-03,8,36.65
2024-01-03,9,38.88
2024-01-03,10,40.45
2024-01-03,11,41.09
2024-01-03,12,50.03
2024-01-03,13,40.44
2024-01-03,14,38.37
2024-01-03,15,40.06
2024-01-03,16,40.13
2024-01-03,17,54.49
2024-01-03,18,53.42
2024-01-03,19,38.49
2024-01-03,20,37.71
2024-01-03,21,32.66
2024-01-03,22,34.25
2024-01-03,23,32.39
2024-01-03,24,31.58
2024-01-04,1,30.35
2024-01-04,2,32.03
2024-01-04,3,30.46
2024-01-04,4,30.44
2024-01-04,5,31.39
2024-01-04,6,32.71
2024-01-04,7,33.12
2024-01-04,8,36.78
2024-01-04,9,41.08
2024-01-04,10,38.85
2024-01-04,11,64.69
2024-01-04,12,37.33
2024-01-04,13,40.25
2024-01-04,14,35.53
2024-01-04,15,38.44
2024-01-04,16,38.17
2024-01-04,17,50.99
2024-01-04,18,62.47
2024-01-04,19,49.13
2024-01-04,20,48.48
2024-01-04,21,43.98
2024-01-04,22,40.95
2024-01-04,23,40.24
2024-01-04,24,39.79
2024-01-05,1,40.43
2024-01-05,2,41.48
2024-01-05,3,45.82
2024-01-05,4,44.85
2024-01-05,5,39.7
2024-01-05,6,39.49
2024-01-05,7,42.55
2024-01-05,8,50.4
2024-01-05,9,48.91
2024-01-05,10,48.48
2024-01-05,11,50.58
2024-01-05,12,62.36
2024-01-05,13,58.28
2024-01-05,14,63.86
2024-01-05,15,62.14
2024-01-05,16,42.01
2024-01-05,17,46.61
2024-01-05,18,42.79
2024-01-05,19,40.37
2024-01-05,20,44.6
2024-01-05,21,75.84
2024-01-05,22,59.13
2024-01-05,23,51.75
2024-01-05,24,38.74
2024-01-06,1,36.01
2024-01-06,2,39.06
2024-01-06,3,39.03
2024-01-06,4,39.16
2024-01-06,5,34.6
2024-01-06,6,34.98
2024-01-06,7,34.83
2024-01-06,8,34.31
2024-01-06,9,35.13
2024-01-06,10,37.12
2024-01-06,11,38.85
2024-01-06,12,39.34
2024-01-06,13,39.43
2024-01-06,14,46.14
2024-01-06,15,46.28
2024-01-06,16,50.39
2024-01-06,17,172.21
2024-01-06,18,38.02
2024-01-06,19,37.37
2024-01-06,20,38.16
2024-01-06,21,40.39
2024-01-06,22,45.23
2024-01-06,23,46.52
2024-01-06,24,37.49
2024-01-07,1,39.04
2024-01-07,2,42.12
2024-01-07,3,39.31
2024-01-07,4,39.31
2024-01-07,5,35.97
2024-01-07,6,37.19
2024-01-07,7,35.87
2024-01-07,8,38.41
2024-01-07,9,38.72
2024-01-07,10,41.3
2024-01-07,11,44.35
2024-01-07,12,46.45
2024-01-07,13,45.73
2024-01-07,14,44.89
2024-01-07,15,47.53
2024-01-07,16,43.66
2024-01-07,17,40.28
2024-01-07,18,41.44
2024-01-07,19,41.68
2024-01-07,20,45.39
2024-01-07,21,40.07
2024-01-07,22,40.88
2024-01-07,23,34.38
2024-01-07,24,36.87
2024-01-08,1,32.19
2024-01-08,2,30.73
2024-01-08,3,32.51
2024-01-08,4,30.19
2024-01-08,5,32.68
2024-01-08,6,35.06
2024-01-08,7,36.95
2024-01-08,8,137.71
2024-01-08,9,175.51
2024-01-08,10,81.6
2024-01-08,11,68.62
2024-01-08,12,46.55
2024-01-08,13,46.35
2024-01-08,14,38.33
2024-01-08,15,41.84
2024-01-08,16,43.58
2024-01-08,17,48.6
2024-01-08,18,49.76
2024-01-08,19,44.25
2024-01-08,20,41.03
2024-01-08,21,41.94
2024-01-08,22,35.54
2024-01-08,23,32.52
2024-01-08,24,31.39
2024-01-09,1,32.16
2024-01-09,2,28.39
2024-01-09,3,24.6
2024-01-09,4,24.58
2024-01-09,5,25.72
2024-01-09,6,30.2
2024-01-09,7,33.42
2024-01-09,8,35.8
2024-01-09,9,36.81
2024-01-09,10,35.27
2024-01-09,11,49.96
2024-01-09,12,65.27
2024-01-09,13,77.02
2024-01-09,14,176.42
2024-01-09,15,95.24
2024-01-09,16,37.14
2024-01-09,17,36.08
2024-01-09,18,35.3
2024-01-09,19,36.91
2024-01-09,20,42.54
2024-01-09,21,34.66
2024-01-09,22,33.47
2024-01-09,23,32.26
2024-01-09,24,29.96
2024-01-10,1,26.67
2024-01-10,2,14.5
2024-01-10,3,14.35
2024-01-10,4,14.64
2024-01-10,5,27.81
2024-01-10,6,34.22
2024-01-10,7,36.95
2024-01-10,8,38.12
2024-01-10,9,39.93
2024-01-10,10,36.98
2024-01-10,11,40.75
2024-01-10,12,38.26
2024-01-10,13,36.81
2024-01-10,14,36.78
2024-01-10,15,36.74
2024-01-10,16,38.09
2024-01-10,17,84.42
2024-01-10,18,230.48
2024-01-10,19,106.26
2024-01-10,20,48.17
2024-01-10,21,47.74
2024-01-10,22,48.06
2024-01-10,23,50.88
2024-01-10,24,41.75
2024-01-11,1,48.01
2024-01-11,2,47.31
2024-01-11,3,32.26
2024-01-11,4,42.52
2024-01-11,5,36.54
2024-01-11,6,51.72
2024-01-11,7,58.25
2024-01-11,8,58.56
2024-01-11,9,48.49
2024-01-11,10,96.71
2024-01-11,11,138.18
2024-01-11,12,95.3
2024-01-11,13,46.34
2024-01-11,14,38.85
2024-01-11,15,38.55
2024-01-11,16,39.99
2024-01-11,17,45.06
2024-01-11,18,55.73
2024-01-11,19,50.47
2024-01-11,20,43.74
2024-01-11,21,45.77
2024-01-11,22,44.88
2024-01-11,23,46.91
2024-01-11,24,44.99
2024-01-12,1,38.23
2024-01-12,2,40.86
2024-01-12,3,38.52
2024-01-12,4,38.24
2024-01-12,5,35.43
2024-01-12,6,35.09
2024-01-12,7,34.83
2024-01-12,8,37.93
2024-01-12,9,35.51
2024-01-12,10,35.06
2024-01-12,11,35.05
2024-01-12,12,35.05
2024-01-12,13,35.07
2024-01-12,14,35.08
2024-01-12,15,35.06
2024-01-12,16,38.94
2024-01-12,17,40.98
2024-01-12,18,42.31
2024-01-12,19,36.72
2024-01-12,20,35.42
2024-01-12,21,41.27
2024-01-12,22,34.61
2024-01-12,23,31.89
2024-01-12,24,17.81
2024-01-13,1,20.08
2024-01-13,2,17.45
2024-01-13,3,15.85
2024-01-13,4,14.67
2024-01-13,5,19.02
2024-01-13,6,13.87
2024-01-13,7,17.3
2024-01-13,8,23.33
2024-01-13,9,14.35
2024-01-13,10,13.88
2024-01-13,11,13.69
2024-01-13,12,25.03
2024-01-13,13,115.45
2024-01-13,14,11.43
2024-01-13,15,50.91
2024-01-13,16,6.02
2024-01-13,17,27.7
2024-01-13,18,29.52
2024-01-13,19,22.97
2024-01-13,20,25.68
2024-01-13,21,12.08
2024-01-13,22,45.17
2024-01-13,23,13.09
2024-01-13,24,22.39
2024-01-14,1,13.64
2024-01-14,2,14.33
2024-01-14,3,14.34
2024-01-14,4,20.04
2024-01-14,5,71.15
2024-01-14,6,14.35
2024-01-14,7,16.24
2024-01-14,8,30.05
2024-01-14,9,76.56
2024-01-14,10,70.17
2024-01-14,11,14.71
2024-01-14,12,69.65
2024-01-14,13,17.04
2024-01-14,14,69.63
2024-01-14,15,38.64
2024-01-14,16,17.61
2024-01-14,17,48.68
2024-01-14,18,91.6
2024-01-14,19,88.43
2024-01-14,20,80.62
2024-01-14,21,77.74
2024-01-14,22,73.68
2024-01-14,23,73.34
2024-01-14,24,68.57
2024-01-15,1,60.97
2024-01-15,2,58.1
2024-01-15,3,79.7
2024-01-15,4,90.64
2024-01-15,5,70.98
2024-01-15,6,37.25
2024-01-15,7,99.04
2024-01-15,8,104.09
2024-01-15,9,104.73
2024-01-15,10,101.94
2024-01-15,11,96.36
2024-01-15,12,91.62
2024-01-15,13,98.5
2024-01-15,14,67.54
2024-01-15,15,99.52
2024-01-15,16,104.12
2024-01-15,17,105.66
2024-01-15,18,123.52
2024-01-15,19,127.48
2024-01-15,20,113.13
2024-01-15,21,106.09
2024-01-15,22,84.03
2024-01-15,23,73.67
2024-01-15,24,76.28
2024-01-16,1,72.39
2024-01-16,2,71.25
2024-01-16,3,70.29
2024-01-16,4,70.32
2024-01-16,5,70.45
2024-01-16,6,82.41
2024-01-16,7,104.16
2024-01-16,8,116.91
2024-01-16,9,118.1
2024-01-16,10,108.3
2024-01-16,11,108.51
2024-01-16,12,106.87
2024-01-16,13,93.99
2024-01-16,14,86.44
2024-01-16,15,85.11
2024-01-16,16,80.91
2024-01-16,17,88.32
2024-01-16,18,93.49
2024-01-16,19,101.35
2024-01-16,20,95.45
2024-01-16,21,80.86
2024-01-16,22,77.14
2024-01-16,23,68.85
2024-01-16,24,64.22
2024-01-17,1,41.16
2024-01-17,2,37.47
2024-01-17,3,37.28
2024-01-17,4,36.84
2024-01-17,5,36.61
2024-01-17,6,37.17
2024-01-17,7,40.63
2024-01-17,8,54.01
2024-01-17,9,54.06
2024-01-17,10,47.13
2024-01-17,11,40.87
2024-01-17,12,37.34
2024-01-17,13,38.58
2024-01-17,14,37.15
2024-01-17,15,37.09
2024-01-17,16,37.28
2024-01-17,17,40.53
2024-01-17,18,38.71
2024-01-17,19,40.82
2024-01-17,20,41.83
2024-01-17,21,41.44
2024-01-17,22,40.88
2024-01-17,23,38.26
2024-01-17,24,36.94
2024-01-18,1,33.06
2024-01-18,2,32.4
2024-01-18,3,28.43
2024-01-18,4,32.42
2024-01-18,5,34.33
2024-01-18,6,36.79
2024-01-18,7,59.11
2024-01-18,8,66.11
2024-01-18,9,61.15
2024-01-18,10,46.3
2024-01-18,11,49.94
2024-01-18,12,73.27
2024-01-18,13,50.11
2024-01-18,14,66.31
2024-01-18,15,54.33
2024-01-18,16,67.2
2024-01-18,17,48.17
2024-01-18,18,53.15
2024-01-18,19,44.21
2024-01-18,20,42.51
2024-01-18,21,48.38
2024-01-18,22,50.47
2024-01-18,23,40.39
2024-01-18,24,36.51
2024-01-19,1,35.02
2024-01-19,2,43.03
2024-01-19,3,36.83
2024-01-19,4,38.95
2024-01-19,5,39.77
2024-01-19,6,36.24
2024-01-19,7,41.22
2024-01-19,8,51.69
2024-01-19,9,37.95
2024-01-19,10,36.24
2024-01-19,11,36.22
2024-01-19,12,32.85
2024-01-19,13,30.69
2024-01-19,14,34.45
2024-01-19,15,34.75
2024-01-19,16,32.96
2024-01-19,17,34.97
2024-01-19,18,36.17
2024-01-19,19,36.55
2024-01-19,20,44.27
2024-01-19,21,50.14
2024-01-19,22,40.74
2024-01-19,23,39.44
2024-01-19,24,39.36
2024-01-20,1,35.26
2024-01-20,2,34.85
2024-01-20,3,34.19
2024-01-20,4,31.14
2024-01-20,5,30.17
2024-01-20,6,28.18
2024-01-20,7,27.96
2024-01-20,8,29.0
2024-01-20,9,30.24
2024-01-20,10,35.03
2024-01-20,11,35.34
2024-01-20,12,38.49
2024-01-20,13,49.36
2024-01-20,14,60.76
2024-01-20,15,35.99
2024-01-20,16,35.14
2024-01-20,17,35.1
2024-01-20,18,39.63
2024-01-20,19,40.11
2024-01-20,20,43.17
2024-01-20,21,38.48
2024-01-20,22,34.97
2024-01-20,23,34.86
2024-01-20,24,33.7
2024-01-21,1,34.94
2024-01-21,2,35.38
2024-01-21,3,35.03
2024-01-21,4,34.9
2024-01-21,5,34.89
2024-01-21,6,34.95
2024-01-21,7,35.03
2024-01-21,8,38.07
2024-01-21,9,36.31
2024-01-21,10,35.44
2024-01-21,11,35.12
2024-01-21,12,35.48
2024-01-21,13,38.57
2024-01-21,14,35.27
2024-01-21,15,34.95
2024-01-21,16,34.75
2024-01-21,17,36.09
2024-01-21,18,38.85
2024-01-21,19,37.11
2024-01-21,20,35.19
2024-01-21,21,35.15
2024-01-21,22,34.96
2024-01-21,23,31.69
2024-01-21,24,30.15
2024-01-22,1,25.41
2024-01-22,2,24.75
2024-01-22,3,24.64
2024-01-22,4,25.64
2024-01-22,5,25.01
2024-01-22,6,25.5
2024-01-22,7,30.18
2024-01-22,8,34.39
2024-01-22,9,34.81
2024-01-22,10,34.54
2024-01-22,11,35.01
2024-01-22,12,35.09
2024-01-22,13,40.29
2024-01-22,14,46.33
2024-01-22,15,39.31
2024-01-22,16,35.03
2024-01-22,17,41.43
2024-01-22,18,161.28
2024-01-22,19,39.57
2024-01-22,20,40.96
2024-01-22,21,39.78
2024-01-22,22,41.07
2024-01-22,23,39.78
2024-01-22,24,39.17
2024-01-23,1,38.02
2024-01-23,2,40.79
2024-01-23,3,44.47
2024-01-23,4,51.26
2024-01-23,5,43.41
2024-01-23,6,38.1
2024-01-23,7,35.15
2024-01-23,8,42.1
2024-01-23,9,37.62
2024-01-23,10,37.66
2024-01-23,11,38.9
2024-01-23,12,55.2
2024-01-23,13,37.9
2024-01-23,14,37.94
2024-01-23,15,38.55
2024-01-23,16,40.29
2024-01-23,17,36.73
2024-01-23,18,37.2
2024-01-23,19,37.54
2024-01-23,20,37.31
2024-01-23,21,40.0
2024-01-23,22,48.55
2024-01-23,23,48.31
2024-01-23,24,33.29
2024-01-24,1,31.07
2024-01-24,2,28.27
2024-01-24,3,33.9
2024-01-24,4,32.84
2024-01-24,5,37.76
2024-01-24,6,37.24
2024-01-24,7,39.85
2024-01-24,8,75.65
2024-01-24,9,45.63
2024-01-24,10,40.03
2024-01-24,11,45.61
2024-01-24,12,47.88
2024-01-24,13,55.64
2024-01-24,14,104.72
2024-01-24,15,41.62
2024-01-24,16,39.16
2024-01-24,17,40.45
2024-01-24,18,37.69
2024-01-24,19,39.08
2024-01-24,20,42.14
2024-01-24,21,40.45
2024-01-24,22,36.07
2024-01-24,23,34.84
2024-01-24,24,30.92
2024-01-25,1,28.61
2024-01-25,2,31.22
2024-01-25,3,27.33
2024-01-25,4,27.25
2024-01-25,5,27.22
2024-01-25,6,27.02
2024-01-25,7,31.59
2024-01-25,8,36.23
2024-01-25,9,33.16
2024-01-25,10,33.71
2024-01-25,11,37.54
2024-01-25,12,33.15
2024-01-25,13,33.93
2024-01-25,14,32.43
2024-01-25,15,32.75
2024-01-25,16,38.56
2024-01-25,17,33.28
2024-01-25,18,31.02
2024-01-25,19,34.44
2024-01-25,20,33.31
2024-01-25,21,29.58
2024-01-25,22,29.25
2024-01-25,23,28.69
2024-01-25,24,28.66
2024-01-26,1,29.69
2024-01-26,2,12.21
2024-01-26,3,0.98
2024-01-26,4,9.38
2024-01-26,5,27.23
2024-01-26,6,29.93
2024-01-26,7,30.17
2024-01-26,8,33.54
2024-01-26,9,33.82
2024-01-26,10,33.33
2024-01-26,11,33.2
2024-01-26,12,33.93
2024-01-26,13,33.63
2024-01-26,14,38.0
2024-01-26,15,36.52
2024-01-26,16,34.0
2024-01-26,17,37.49
2024-01-26,18,37.55
2024-01-26,19,33.53
2024-01-26,20,41.75
2024-01-26,21,37.26
2024-01-26,22,34.54
2024-01-26,23,31.82
2024-01-26,24,29.42
2024-01-27,1,27.72
2024-01-27,2,28.14
2024-01-27,3,28.41
2024-01-27,4,28.05
2024-01-27,5,27.83
2024-01-27,6,29.35
2024-01-27,7,28.18
2024-01-27,8,31.74
2024-01-27,9,32.75
2024-01-27,10,35.41
2024-01-27,11,32.62
2024-01-27,12,34.35
2024-01-27,13,34.09
2024-01-27,14,42.83
2024-01-27,15,33.95
2024-01-27,16,33.69
2024-01-27,17,32.2
2024-01-27,18,32.24
2024-01-27,19,31.96
2024-01-27,20,30.59
2024-01-27,21,32.54
2024-01-27,22,30.15
2024-01-27,23,31.54
2024-01-27,24,28.74
2024-01-28,1,28.8
2024-01-28,2,26.7
2024-01-28,3,22.86
2024-01-28,4,23.28
2024-01-28,5,17.15
2024-01-28,6,17.21
2024-01-28,7,15.08
2024-01-28,8,22.05
2024-01-28,9,23.69
2024-01-28,10,27.98
2024-01-28,11,27.8
2024-01-28,12,29.7
2024-01-28,13,29.34
2024-01-28,14,31.63
2024-01-28,15,32.36
2024-01-28,16,32.06
2024-01-28,17,32.53
2024-01-28,18,32.62
2024-01-28,19,32.56
2024-01-28,20,32.54
2024-01-28,21,32.32
2024-01-28,22,27.94
2024-01-28,23,28.65
2024-01-28,24,30.58
2024-01-29,1,27.07
2024-01-29,2,27.2
2024-01-29,3,23.31
2024-01-29,4,23.85
2024-01-29,5,24.83
2024-01-29,6,27.79
2024-01-29,7,32.28
2024-01-29,8,45.77
2024-01-29,9,39.24
2024-01-29,10,38.12
2024-01-29,11,37.9
2024-01-29,12,55.05
2024-01-29,13,46.18
2024-01-29,14,38.51
2024-01-29,15,37.75
2024-01-29,16,32.2
2024-01-29,17,31.46
2024-01-29,18,41.02
2024-01-29,19,36.1
2024-01-29,20,39.34
2024-01-29,21,40.61
2024-01-29,22,34.34
2024-01-29,23,28.42
2024-01-29,24,27.92
2024-01-30,1,24.75
2024-01-30,2,20.03
2024-01-30,3,13.53
2024-01-30,4,14.68
2024-01-30,5,18.03
2024-01-30,6,25.12
2024-01-30,7,28.9
2024-01-30,8,45.44
2024-01-30,9,43.59
2024-01-30,10,56.72
2024-01-30,11,49.05
2024-01-30,12,40.07
2024-01-30,13,44.85
2024-01-30,14,48.29
2024-01-30,15,66.65
2024-01-30,16,49.23
2024-01-30,17,46.32
2024-01-30,18,42.58
2024-01-30,19,37.53
2024-01-30,20,39.17
2024-01-30,21,40.44
2024-01-30,22,41.96
2024-01-30,23,32.69
2024-01-30,24,33.28
2024-01-31,1,34.0
2024-01-31,2,36.58
2024-01-31,3,33.26
2024-01-31,4,32.17
2024-01-31,5,31.72
2024-01-31,6,31.35
2024-01-31,7,34.1
2024-01-31,8,43.13
2024-01-31,9,37.79
2024-01-31,10,37.35
2024-01-31,11,53.72
2024-01-31,12,41.74
2024-01-31,13,38.54
2024-01-31,14,37.45
2024-01-31,15,33.88
2024-01-31,16,31.51
2024-01-31,17,31.68
2024-01-31,18,33.42
2024-01-31,19,31.18
2024-01-31,20,29.43
2024-01-31,21,28.11
2024-01-31,22,27.53
2024-01-31,23,26.62
2024-01-31,24,18.04
2024-02-01,1,12.73
2024-02-01,2,13.34
2024-02-01,3,34.25
2024-02-01,4,29.72
2024-02-01,5,26.7
2024-02-01,6,26.38
2024-02-01,7,26.73
2024-02-01,8,30.91
2024-02-01,9,30.5
2024-02-01,10,31.68
2024-02-01,11,31.82
2024-02-01,12,30.72
2024-02-01,13,31.97
2024-02-01,14,33.15
2024-02-01,15,37.54
2024-02-01,16,40.32
2024-02-01,17,34.46
2024-02-01,18,31.27
2024-02-01,19,32.23
2024-02-01,20,31.73
2024-02-01,21,33.61
2024-02-01,22,32.93
2024-02-01,23,28.05
2024-02-01,24,27.19
2024-02-02,1,28.02
2024-02-02,2,26.85
2024-02-02,3,21.93
2024-02-02,4,14.35
2024-02-02,5,14.64
2024-02-02,6,19.42
2024-02-02,7,27.96
2024-02-02,8,31.53
2024-02-02,9,31.56
2024-02-02,10,31.52
2024-02-02,11,31.15
2024-02-02,12,33.34
2024-02-02,13,31.81
2024-02-02,14,32.45
2024-02-02,15,31.66
2024-02-02,16,31.53
2024-02-02,17,32.55
2024-02-02,18,51.04
2024-02-02,19,37.35
2024-02-02,20,35.76
2024-02-02,21,34.7
2024-02-02,22,31.79
2024-02-02,23,31.34
2024-02-02,24,36.45
2024-02-03,1,34.18
2024-02-03,2,32.98
2024-02-03,3,36.01
2024-02-03,4,36.92
2024-02-03,5,35.64
2024-02-03,6,31.28
2024-02-03,7,32.02
2024-02-03,8,34.2
2024-02-03,9,31.73
2024-02-03,10,31.44
2024-02-03,11,31.46
2024-02-03,12,31.35
2024-02-03,13,31.62
2024-02-03,14,28.17
2024-02-03,15,28.86
2024-02-03,16,30.09
2024-02-03,17,31.38
2024-02-03,18,36.41
2024-02-03,19,38.52
2024-02-03,20,46.53
2024-02-03,21,36.41
2024-02-03,22,32.94
2024-02-03,23,31.37
2024-02-03,24,31.53
2024-02-04,1,31.07
2024-02-04,2,36.13
2024-02-04,3,37.23
2024-02-04,4,37.48
2024-02-04,5,38.7
2024-02-04,6,36.24
2024-02-04,7,36.64
2024-02-04,8,33.08
2024-02-04,9,31.44
2024-02-04,10,31.44
2024-02-04,11,31.08
2024-02-04,12,27.11
2024-02-04,13,26.74
2024-02-04,14,25.8
2024-02-04,15,26.49
2024-02-04,16,24.09
2024-02-04,17,30.07
2024-02-04,18,31.48
2024-02-04,19,35.88
2024-02-04,20,34.07
2024-02-04,21,31.63
2024-02-04,22,31.5
2024-02-04,23,32.6
2024-02-04,24,31.34
2024-02-05,1,29.32
2024-02-05,2,29.97
2024-02-05,3,26.53
2024-02-05,4,26.52
2024-02-05,5,28.36
2024-02-05,6,31.41
2024-02-05,7,31.7
2024-02-05,8,47.64
2024-02-05,9,35.87
2024-02-05,10,37.04
2024-02-05,11,35.26
2024-02-05,12,31.66
2024-02-05,13,31.93
2024-02-05,14,31.52
2024-02-05,15,31.45
2024-02-05,16,30.61
2024-02-05,17,32.19
2024-02-05,18,35.76
2024-02-05,19,33.67
2024-02-05,20,33.68
2024-02-05,21,37.28
2024-02-05,22,46.95
2024-02-05,23,59.96
2024-02-05,24,35.53
2024-02-06,1,38.85
2024-02-06,2,39.53
2024-02-06,3,39.69
2024-02-06,4,38.9
2024-02-06,5,37.44
2024-02-06,6,32.94
2024-02-06,7,36.29
2024-02-06,8,41.03
2024-02-06,9,33.05
2024-02-06,10,32.83
2024-02-06,11,32.17
2024-02-06,12,31.81
2024-02-06,13,28.68
2024-02-06,14,28.62
2024-02-06,15,30.03
2024-02-06,16,31.44
2024-02-06,17,31.87
2024-02-06,18,41.5
2024-02-06,19,37.12
2024-02-06,20,47.12
2024-02-06,21,41.25
2024-02-06,22,43.21
2024-02-06,23,35.47
2024-02-06,24,31.7
2024-02-07,1,31.72
2024-02-07,2,36.86
2024-02-07,3,37.54
2024-02-07,4,36.35
2024-02-07,5,38.51
2024-02-07,6,37.96
2024-02-07,7,33.26
2024-02-07,8,42.36
2024-02-07,9,45.81
2024-02-07,10,44.98
2024-02-07,11,44.38
2024-02-07,12,37.51
2024-02-07,13,31.94
2024-02-07,14,32.41
2024-02-07,15,31.22
2024-02-07,16,31.73
2024-02-07,17,36.62
2024-02-07,18,46.76
2024-02-07,19,37.63
2024-02-07,20,37.75
2024-02-07,21,35.67
2024-02-07,22,36.52
2024-02-07,23,33.53
2024-02-07,24,30.12
2024-02-08,1,27.25
2024-02-08,2,26.77
2024-02-08,3,25.57
2024-02-08,4,25.84
2024-02-08,5,25.86
2024-02-08,6,27.57
2024-02-08,7,31.05
2024-02-08,8,35.79
2024-02-08,9,30.5
2024-02-08,10,26.67
2024-02-08,11,26.04
2024-02-08,12,28.33
2024-02-08,13,44.5
2024-02-08,14,29.16
2024-02-08,15,25.72
2024-02-08,16,25.99
2024-02-08,17,26.17
2024-02-08,18,26.94
2024-02-08,19,25.98
2024-02-08,20,29.58
2024-02-08,21,30.28
2024-02-08,22,27.25
2024-02-08,23,22.47
2024-02-08,24,17.67
2024-02-09,1,14.34
2024-02-09,2,14.75
2024-02-09,3,14.33
2024-02-09,4,14.33
2024-02-09,5,15.55
2024-02-09,6,16.87
2024-02-09,7,23.63
2024-02-09,8,25.22
2024-02-09,9,24.34
2024-02-09,10,23.25
2024-02-09,11,15.61
2024-02-09,12,14.34
2024-02-09,13,14.32
2024-02-09,14,14.34
2024-02-09,15,17.78
2024-02-09,16,26.58
2024-02-09,17,23.67
2024-02-09,18,27.11
2024-02-09,19,27.53
2024-02-09,20,25.22
2024-02-09,21,25.16
2024-02-09,22,24.55
2024-02-09,23,19.55
2024-02-09,24,10.91
2024-02-10,1,3.7
2024-02-10,2,0.0
2024-02-10,3,0.0
2024-02-10,4,1.69
2024-02-10,5,18.88
2024-02-10,6,25.05
2024-02-10,7,23.06
2024-02-10,8,23.25
2024-02-10,9,29.43
2024-02-10,10,24.67
2024-02-10,11,17.34
2024-02-10,12,27.19
2024-02-10,13,24.88
2024-02-10,14,24.93
2024-02-10,15,15.7
2024-02-10,16,24.39
2024-02-10,17,23.59
2024-02-10,18,70.22
2024-02-10,19,25.82
2024-02-10,20,24.22
2024-02-10,21,24.92
2024-02-10,22,28.42
2024-02-10,23,24.37
2024-02-10,24,24.32
2024-02-11,1,26.76
2024-02-11,2,22.62
2024-02-11,3,16.56
2024-02-11,4,17.09
2024-02-11,5,14.33
2024-02-11,6,14.36
2024-02-11,7,22.67
2024-02-11,8,49.41
2024-02-11,9,53.43
2024-02-11,10,161.3
2024-02-11,11,41.21
2024-02-11,12,32.4
2024-02-11,13,29.63
2024-02-11,14,30.67
2024-02-11,15,25.92
2024-02-11,16,34.69
2024-02-11,17,31.18
2024-02-11,18,33.45
2024-02-11,19,30.32
2024-02-11,20,32.05
2024-02-11,21,29.3
2024-02-11,22,27.91
2024-02-11,23,24.51
2024-02-11,24,27.61
2024-02-12,1,24.38
2024-02-12,2,18.89
2024-02-12,3,19.81
2024-02-12,4,25.43
2024-02-12,5,24.38
2024-02-12,6,24.54
2024-02-12,7,34.25
2024-02-12,8,34.48
2024-02-12,9,35.34
2024-02-12,10,34.42
2024-02-12,11,39.24
2024-02-12,12,35.84
2024-02-12,13,30.11
2024-02-12,14,24.91
2024-02-12,15,24.7
2024-02-12,16,24.66
2024-02-12,17,25.11
2024-02-12,18,30.49
2024-02-12,19,34.25
2024-02-12,20,34.26
2024-02-12,21,42.97
2024-02-12,22,38.65
2024-02-12,23,29.44
2024-02-12,24,26.16
2024-02-13,1,25.26
2024-02-13,2,29.58
2024-02-13,3,27.37
2024-02-13,4,24.92
2024-02-13,5,23.97
2024-02-13,6,23.83
2024-02-13,7,27.97
2024-02-13,8,36.39
2024-02-13,9,30.26
2024-02-13,10,28.08
2024-02-13,11,28.59
2024-02-13,12,28.85
2024-02-13,13,28.82
2024-02-13,14,26.07
2024-02-13,15,26.14
2024-02-13,16,25.65
2024-02-13,17,26.32
2024-02-13,18,37.36
2024-02-13,19,41.17
2024-02-13,20,36.12
2024-02-13,21,35.56
2024-02-13,22,29.25
2024-02-13,23,28.43
2024-02-13,24,25.5
2024-02-14,1,30.75
2024-02-14,2,33.2
2024-02-14,3,27.16
2024-02-14,4,26.02
2024-02-14,5,26.58
2024-02-14,6,27.88
2024-02-14,7,39.28
2024-02-14,8,62.84
2024-02-14,9,45.27
2024-02-14,10,32.08
2024-02-14,11,28.39
2024-02-14,12,25.96
2024-02-14,13,24.95
2024-02-14,14,23.74
2024-02-14,15,23.44
2024-02-14,16,25.13
2024-02-14,17,31.15
2024-02-14,18,39.12
2024-02-14,19,43.53
2024-02-14,20,46.74
2024-02-14,21,37.44
2024-02-14,22,30.96
2024-02-14,23,30.75
2024-02-14,24,23.67
2024-02-15,1,23.95
2024-02-15,2,23.42
2024-02-15,3,23.34
2024-02-15,4,23.78
2024-02-15,5,23.84
2024-02-15,6,24.0
2024-02-15,7,24.21
2024-02-15,8,24.08
2024-02-15,9,24.54
2024-02-15,10,27.27
2024-02-15,11,28.39
2024-02-15,12,32.57
2024-02-15,13,32.89
2024-02-15,14,51.36
2024-02-15,15,34.34
2024-02-15,16,27.48
2024-02-15,17,26.91
2024-02-15,18,30.97
2024-02-15,19,28.25
2024-02-15,20,26.65
2024-02-15,21,25.77
2024-02-15,22,24.84
2024-02-15,23,25.82
2024-02-15,24,22.9
2024-02-16,1,24.57
2024-02-16,2,22.76
2024-02-16,3,32.71
2024-02-16,4,26.55
2024-02-16,5,24.82
2024-02-16,6,21.01
2024-02-16,7,23.51
2024-02-16,8,25.79
2024-02-16,9,35.28
2024-02-16,10,28.96
2024-02-16,11,28.76
2024-02-16,12,28.47
2024-02-16,13,28.89
2024-02-16,14,32.24
2024-02-16,15,31.56
2024-02-16,16,32.85
2024-02-16,17,33.81
2024-02-16,18,46.24
2024-02-16,19,40.29
2024-02-16,20,44.17
2024-02-16,21,51.02
2024-02-16,22,29.61
2024-02-16,23,32.56
2024-02-16,24,27.73
2024-02-17,1,26.9
2024-02-17,2,25.71
2024-02-17,3,23.99
2024-02-17,4,22.33
2024-02-17,5,24.61
2024-02-17,6,27.25
2024-02-17,7,26.19
2024-02-17,8,23.41
2024-02-17,9,23.53
2024-02-17,10,23.44
2024-02-17,11,23.66
2024-02-17,12,26.61
2024-02-17,13,23.74
2024-02-17,14,22.35
2024-02-17,15,22.39
2024-02-17,16,22.41
2024-02-17,17,24.2
2024-02-17,18,25.21
2024-02-17,19,29.76
2024-02-17,20,24.27
2024-02-17,21,22.65
2024-02-17,22,22.19
2024-02-17,23,24.39
2024-02-17,24,22.4
2024-02-18,1,22.35
2024-02-18,2,22.23
2024-02-18,3,25.21
2024-02-18,4,14.38
2024-02-18,5,14.39
2024-02-18,6,14.87
2024-02-18,7,21.96
2024-02-18,8,21.79
2024-02-18,9,22.61
2024-02-18,10,22.21
2024-02-18,11,22.73
2024-02-18,12,22.53
2024-02-18,13,22.29
2024-02-18,14,20.11
2024-02-18,15,22.19
2024-02-18,16,20.58
2024-02-18,17,20.8
2024-02-18,18,23.71
2024-02-18,19,27.22
2024-02-18,20,27.93
2024-02-18,21,23.89
2024-02-18,22,23.78
2024-02-18,23,22.62
2024-02-18,24,27.53
2024-02-19,1,23.77
2024-02-19,2,26.08
2024-02-19,3,26.59
2024-02-19,4,30.06
2024-02-19,5,27.31
2024-02-19,6,27.37
2024-02-19,7,29.65
2024-02-19,8,27.57
2024-02-19,9,27.57
2024-02-19,10,27.4
2024-02-19,11,27.16
2024-02-19,12,26.28
2024-02-19,13,25.55
2024-02-19,14,22.64
2024-02-19,15,22.62
2024-02-19,16,23.41
2024-02-19,17,26.27
2024-02-19,18,40.36
2024-02-19,19,33.83
2024-02-19,20,33.8
2024-02-19,21,25.54
2024-02-19,22,25.76
2024-02-19,23,25.62
2024-02-19,24,26.74
2024-02-20,1,25.5
2024-02-20,2,26.84
2024-02-20,3,25.99
2024-02-20,4,27.1
2024-02-20,5,27.25
2024-02-20,6,27.79
2024-02-20,7,33.54
2024-02-20,8,43.33
2024-02-20,9,33.43
2024-02-20,10,32.47
2024-02-20,11,27.31
2024-02-20,12,25.16
2024-02-20,13,25.11
2024-02-20,14,23.67
2024-02-20,15,23.54
2024-02-20,16,23.43
2024-02-20,17,23.67
2024-02-20,18,27.96
2024-02-20,19,26.5
2024-02-20,20,27.62
2024-02-20,21,28.86
2024-02-20,22,23.01
2024-02-20,23,23.59
2024-02-20,24,24.69
2024-02-21,1,25.26
2024-02-21,2,20.17
2024-02-21,3,20.41
2024-02-21,4,15.43
2024-02-21,5,17.26
2024-02-21,6,23.21
2024-02-21,7,26.61
2024-02-21,8,26.8
2024-02-21,9,26.96
2024-02-21,10,25.41
2024-02-21,11,26.78
2024-02-21,12,22.51
2024-02-21,13,20.72
2024-02-21,14,20.16
2024-02-21,15,21.98
2024-02-21,16,19.19
2024-02-21,17,20.69
2024-02-21,18,24.84
2024-02-21,19,27.59
2024-02-21,20,23.02
2024-02-21,21,19.81
2024-02-21,22,21.96
2024-02-21,23,20.36
2024-02-21,24,21.32
2024-02-22,1,19.96
2024-02-22,2,14.74
2024-02-22,3,20.12
2024-02-22,4,14.51
2024-02-22,5,14.75
2024-02-22,6,19.99
2024-02-22,7,23.58
2024-02-22,8,33.83
2024-02-22,9,33.65
2024-02-22,10,28.95
2024-02-22,11,34.99
2024-02-22,12,34.68
2024-02-22,13,28.19
2024-02-22,14,27.14
2024-02-22,15,24.17
2024-02-22,16,26.42
2024-02-22,17,31.27
2024-02-22,18,32.91
2024-02-22,19,34.95
2024-02-22,20,41.37
2024-02-22,21,48.66
2024-02-22,22,30.3
2024-02-22,23,27.78
2024-02-22,24,25.62
2024-02-23,1,25.32
2024-02-23,2,23.86
2024-02-23,3,20.92
2024-02-23,4,19.73
2024-02-23,5,20.07
2024-02-23,6,23.43
2024-02-23,7,27.76
2024-02-23,8,33.45
2024-02-23,9,33.72
2024-02-23,10,27.92
2024-02-23,11,23.99
2024-02-23,12,18.98
2024-02-23,13,17.21
2024-02-23,14,17.1
2024-02-23,15,17.1
2024-02-23,16,16.24
2024-02-23,17,16.6
2024-02-23,18,18.14
2024-02-23,19,21.44
2024-02-23,20,24.91
2024-02-23,21,24.63
2024-02-23,22,23.74
2024-02-23,23,20.81
2024-02-23,24,20.13
2024-02-24,1,24.26
2024-02-24,2,23.54
2024-02-24,3,19.79
2024-02-24,4,20.11
2024-02-24,5,20.16
2024-02-24,6,20.54
2024-02-24,7,25.96
2024-02-24,8,27.71
2024-02-24,9,27.3
2024-02-24,10,25.1
2024-02-24,11,24.46
2024-02-24,12,26.25
2024-02-24,13,24.1
2024-02-24,14,23.45
2024-02-24,15,23.51
2024-02-24,16,24.54
2024-02-24,17,25.02
2024-02-24,18,30.21
2024-02-24,19,33.24
2024-02-24,20,38.14
2024-02-24,21,33.34
2024-02-24,22,28.7
2024-02-24,23,24.1
2024-02-24,24,21.74
2024-02-25,1,27.58
2024-02-25,2,27.43
2024-02-25,3,26.23
2024-02-25,4,26.22
2024-02-25,5,26.23
2024-02-25,6,22.63
2024-02-25,7,22.63
2024-02-25,8,26.22
2024-02-25,9,22.93
2024-02-25,10,14.36
2024-02-25,11,14.37
2024-02-25,12,6.11
2024-02-25,13,8.83
2024-02-25,14,20.51
2024-02-25,15,23.36
2024-02-25,16,23.18
2024-02-25,17,24.77
2024-02-25,18,27.52
2024-02-25,19,26.6
2024-02-25,20,27.67
2024-02-25,21,28.95
2024-02-25,22,26.96
2024-02-25,23,24.24
2024-02-25,24,22.03
2024-02-26,1,23.5
2024-02-26,2,25.75
2024-02-26,3,23.14
2024-02-26,4,23.12
2024-02-26,5,23.13
2024-02-26,6,26.38
2024-02-26,7,40.42
2024-02-26,8,37.52
2024-02-26,9,27.87
2024-02-26,10,31.76
2024-02-26,11,25.11
2024-02-26,12,23.64
2024-02-26,13,22.48
2024-02-26,14,22.45
2024-02-26,15,22.46
2024-02-26,16,22.21
2024-02-26,17,26.47
2024-02-26,18,32.77
2024-02-26,19,26.67
2024-02-26,20,24.07
2024-02-26,21,22.47
2024-02-26,22,22.73
2024-02-26,23,22.55
2024-02-26,24,35.34
2024-02-27,1,15.06
2024-02-27,2,14.42
2024-02-27,3,5.1
2024-02-27,4,4.29
2024-02-27,5,7.37
2024-02-27,6,12.99
2024-02-27,7,19.95
2024-02-27,8,16.83
2024-02-27,9,14.1
2024-02-27,10,14.35
2024-02-27,11,20.18
2024-02-27,12,24.01
2024-02-27,13,26.55
2024-02-27,14,20.67
2024-02-27,15,18.26
2024-02-27,16,18.34
2024-02-27,17,21.88
2024-02-27,18,17.69
2024-02-27,19,14.43
2024-02-27,20,23.93
2024-02-27,21,18.69
2024-02-27,22,17.77
2024-02-27,23,6.42
2024-02-27,24,1.88
2024-02-28,1,0.49
2024-02-28,2,0.47
2024-02-28,3,0.0
2024-02-28,4,10.96
2024-02-28,5,13.0
2024-02-28,6,13.69
2024-02-28,7,24.57
2024-02-28,8,13.66
2024-02-28,9,14.33
2024-02-28,10,14.35
2024-02-28,11,22.14
2024-02-28,12,28.47
2024-02-28,13,56.82
2024-02-28,14,30.09
2024-02-28,15,26.13
2024-02-28,16,23.63
2024-02-28,17,27.21
2024-02-28,18,46.27
2024-02-28,19,45.85
2024-02-28,20,36.41
2024-02-28,21,40.2
2024-02-28,22,30.08
2024-02-28,23,26.06
2024-02-28,24,22.82
2024-02-29,1,34.78
2024-02-29,2,30.89
2024-02-29,3,30.39
2024-02-29,4,23.41
2024-02-29,5,23.33
2024-02-29,6,24.05
2024-02-29,7,27.33
2024-02-29,8,38.42
2024-02-29,9,32.85
2024-02-29,10,40.35
2024-02-29,11,32.77
2024-02-29,12,31.88
2024-02-29,13,28.07
2024-02-29,14,23.36
2024-02-29,15,20.47
2024-02-29,16,22.38
2024-02-29,17,27.13
2024-02-29,18,40.81
2024-02-29,19,49.84
2024-02-29,20,54.0
2024-02-29,21,46.21
2024-02-29,22,34.61
2024-02-29,23,43.1
2024-02-29,24,36.64
2024-03-01,1,37.43
2024-03-01,2,32.78
2024-03-01,3,28.23
2024-03-01,4,28.23
2024-03-01,5,28.39
2024-03-01,6,25.59
2024-03-01,7,31.29
2024-03-01,8,29.04
2024-03-01,9,52.07
2024-03-01,10,33.51
2024-03-01,11,27.66
2024-03-01,12,24.32
2024-03-01,13,27.7
2024-03-01,14,24.3
2024-03-01,15,23.4
2024-03-01,16,25.29
2024-03-01,17,27.92
2024-03-01,18,44.09
2024-03-01,19,57.01
2024-03-01,20,29.84
2024-03-01,21,27.97
2024-03-01,22,34.95
2024-03-01,23,28.06
2024-03-01,24,29.41
2024-03-02,1,27.77
2024-03-02,2,28.67
2024-03-02,3,29.37
2024-03-02,4,67.22
2024-03-02,5,32.66
2024-03-02,6,27.31
2024-03-02,7,27.49
2024-03-02,8,26.9
2024-03-02,9,28.63
2024-03-02,10,34.23
2024-03-02,11,105.7
2024-03-02,12,133.17
2024-03-02,13,132.17
2024-03-02,14,33.06
2024-03-02,15,27.31
2024-03-02,16,25.16
2024-03-02,17,34.28
2024-03-02,18,67.76
2024-03-02,19,31.28
2024-03-02,20,28.55
2024-03-02,21,28.33
2024-03-02,22,29.21
2024-03-02,23,28.38
2024-03-02,24,24.05
2024-03-03,1,28.89
2024-03-03,2,22.95
2024-03-03,3,22.87
2024-03-03,4,22.96
2024-03-03,5,22.79
2024-03-03,6,22.82
2024-03-03,7,25.12
2024-03-03,8,24.09
2024-03-03,9,27.92
2024-03-03,10,32.62
2024-03-03,11,65.59
2024-03-03,12,31.68
2024-03-03,13,24.25
2024-03-03,14,22.78
2024-03-03,15,22.8
2024-03-03,16,20.87
2024-03-03,17,22.88
2024-03-03,18,24.86
2024-03-03,19,23.95
2024-03-03,20,22.79
2024-03-03,21,25.73
2024-03-03,22,23.19
2024-03-03,23,19.74
2024-03-03,24,6.39
2024-03-04,1,4.66
2024-03-04,2,10.69
2024-03-04,3,14.38
2024-03-04,4,14.37
2024-03-04,5,11.6
2024-03-04,6,18.4
2024-03-04,7,22.46
2024-03-04,8,25.01
2024-03-04,9,25.76
2024-03-04,10,24.08
2024-03-04,11,24.65
2024-03-04,12,23.87
2024-03-04,13,22.67
2024-03-04,14,22.26
2024-03-04,15,19.58
2024-03-04,16,20.56
2024-03-04,17,22.85
2024-03-04,18,24.42
2024-03-04,19,23.63
2024-03-04,20,24.13
2024-03-04,21,22.85
2024-03-04,22,22.45
2024-03-04,23,22.41
2024-03-04,24,17.55
2024-03-05,1,0.0
2024-03-05,2,0.0
2024-03-05,3,0.0
2024-03-05,4,0.0
2024-03-05,5,0.0
2024-03-05,6,2.73
2024-03-05,7,24.93
2024-03-05,8,26.97
2024-03-05,9,27.11
2024-03-05,10,27.3
2024-03-05,11,29.11
2024-03-05,12,29.4
2024-03-05,13,37.74
2024-03-05,14,31.77
2024-03-05,15,23.53
2024-03-05,16,21.16
2024-03-05,17,27.57
2024-03-05,18,37.98
2024-03-05,19,31.27
2024-03-05,20,28.78
2024-03-05,21,26.1
2024-03-05,22,26.86
2024-03-05,23,25.91
2024-03-05,24,24.69
2024-03-06,1,28.94
2024-03-06,2,26.49
2024-03-06,3,25.99
2024-03-06,4,20.69
2024-03-06,5,19.47
2024-03-06,6,16.63
2024-03-06,7,24.89
2024-03-06,8,28.93
2024-03-06,9,29.44
2024-03-06,10,32.29
2024-03-06,11,30.23
2024-03-06,12,34.5
2024-03-06,13,27.0
2024-03-06,14,23.52
2024-03-06,15,22.91
2024-03-06,16,22.86
2024-03-06,17,23.02
2024-03-06,18,25.17
2024-03-06,19,25.57
2024-03-06,20,25.11
2024-03-06,21,24.77
2024-03-06,22,25.77
2024-03-06,23,24.35
2024-03-06,24,20.2
2024-03-07,1,6.02
2024-03-07,2,8.16
2024-03-07,3,34.67
2024-03-07,4,26.99
2024-03-07,5,24.87
2024-03-07,6,25.71
2024-03-07,7,32.84
2024-03-07,8,36.63
2024-03-07,9,69.44
2024-03-07,10,26.38
2024-03-07,11,25.71
2024-03-07,12,25.12
2024-03-07,13,28.71
2024-03-07,14,24.89
2024-03-07,15,24.88
2024-03-07,16,24.46
2024-03-07,17,25.61
2024-03-07,18,31.34
2024-03-07,19,33.95
2024-03-07,20,29.76
2024-03-07,21,30.54
2024-03-07,22,28.54
2024-03-07,23,25.51
2024-03-07,24,24.41
2024-03-08,1,13.31
2024-03-08,2,6.5
2024-03-08,3,9.74
2024-03-08,4,13.35
2024-03-08,5,24.07
2024-03-08,6,24.09
2024-03-08,7,29.25
2024-03-08,8,27.65
2024-03-08,9,25.74
2024-03-08,10,25.17
2024-03-08,11,24.19
2024-03-08,12,24.34
2024-03-08,13,23.88
2024-03-08,14,23.72
2024-03-08,15,31.44
2024-03-08,16,24.14
2024-03-08,17,24.87
2024-03-08,18,31.39
2024-03-08,19,31.38
2024-03-08,20,26.47
2024-03-08,21,24.19
2024-03-08,22,23.4
2024-03-08,23,23.1
2024-03-08,24,17.12
2024-03-09,1,21.62
2024-03-09,2,20.22
2024-03-09,3,8.49
2024-03-09,4,13.35
2024-03-09,5,5.95
2024-03-09,6,3.14
2024-03-09,7,6.36
2024-03-09,8,14.41
2024-03-09,9,17.3
2024-03-09,10,22.75
2024-03-09,11,22.89
2024-03-09,12,26.28
2024-03-09,13,24.96
2024-03-09,14,21.7
2024-03-09,15,24.34
2024-03-09,16,26.92
2024-03-09,17,28.26
2024-03-09,18,28.29
2024-03-09,19,33.44
2024-03-09,20,27.84
2024-03-09,21,27.24
2024-03-09,22,23.21
2024-03-09,23,23.06
2024-03-09,24,32.73
2024-03-10,1,23.73
2024-03-10,2,22.86
2024-03-10,3,22.81
2024-03-10,4,22.77
2024-03-10,5,23.03
2024-03-10,6,22.99
2024-03-10,7,22.62
2024-03-10,8,22.63
2024-03-10,9,22.89
2024-03-10,10,22.22
2024-03-10,11,22.71
2024-03-10,12,23.0
2024-03-10,13,23.02
2024-03-10,14,21.28
2024-03-10,15,23.07
2024-03-10,16,23.34
2024-03-10,17,23.07
2024-03-10,18,23.11
2024-03-10,19,27.12
2024-03-10,20,28.33
2024-03-10,21,24.17
2024-03-10,22,23.21
2024-03-10,23,26.48
2024-03-10,24,25.9
2024-03-11,1,36.68
2024-03-11,2,30.44
2024-03-11,3,17.25
2024-03-11,4,13.34
2024-03-11,5,12.52
2024-03-11,6,25.24
2024-03-11,7,28.71
2024-03-11,8,28.5
2024-03-11,9,27.84
2024-03-11,10,27.72
2024-03-11,11,27.26
2024-03-11,12,24.63
2024-03-11,13,23.82
2024-03-11,14,16.23
2024-03-11,15,11.94
2024-03-11,16,12.24
2024-03-11,17,22.79
2024-03-11,18,22.72
2024-03-11,19,23.27
2024-03-11,20,23.11
2024-03-11,21,23.03
2024-03-11,22,24.0
2024-03-11,23,21.26
2024-03-11,24,17.9
2024-03-12,1,12.73
2024-03-12,2,19.92
2024-03-12,3,12.8
2024-03-12,4,14.53
2024-03-12,5,22.67
2024-03-12,6,26.4
2024-03-12,7,33.4
2024-03-12,8,25.0
2024-03-12,9,25.32
2024-03-12,10,22.54
2024-03-12,11,23.98
2024-03-12,12,22.3
2024-03-12,13,21.81
2024-03-12,14,18.23
2024-03-12,15,17.14
2024-03-12,16,22.27
2024-03-12,17,22.82
2024-03-12,18,24.12
2024-03-12,19,26.54
2024-03-12,20,22.78
2024-03-12,21,23.22
2024-03-12,22,20.39
2024-03-12,23,15.9
2024-03-12,24,10.87
2024-03-13,1,8.47
2024-03-13,2,5.77
2024-03-13,3,6.09
2024-03-13,4,5.85
2024-03-13,5,15.58
2024-03-13,6,23.66
2024-03-13,7,30.53
2024-03-13,8,23.54
2024-03-13,9,22.43
2024-03-13,10,26.79
2024-03-13,11,31.06
2024-03-13,12,23.23
2024-03-13,13,21.29
2024-03-13,14,16.42
2024-03-13,15,15.61
2024-03-13,16,16.35
2024-03-13,17,20.59
2024-03-13,18,24.14
2024-03-13,19,51.35
2024-03-13,20,29.7
2024-03-13,21,29.84
2024-03-13,22,22.66
2024-03-13,23,23.83
2024-03-13,24,22.69
2024-03-14,1,22.29
2024-03-14,2,15.97
2024-03-14,3,15.96
2024-03-14,4,21.62
2024-03-14,5,20.08
2024-03-14,6,22.3
2024-03-14,7,29.21
2024-03-14,8,26.34
2024-03-14,9,25.64
2024-03-14,10,30.92
2024-03-14,11,31.26
2024-03-14,12,28.06
2024-03-14,13,31.29
2024-03-14,14,32.03
2024-03-14,15,28.2
2024-03-14,16,22.05
2024-03-14,17,18.38
2024-03-14,18,21.24
2024-03-14,19,33.8
2024-03-14,20,32.6
2024-03-14,21,24.56
2024-03-14,22,21.84
2024-03-14,23,21.56
2024-03-14,24,23.01
2024-03-15,1,19.82
2024-03-15,2,25.05
2024-03-15,3,16.95
2024-03-15,4,14.29
2024-03-15,5,18.39
2024-03-15,6,20.98
2024-03-15,7,24.24
2024-03-15,8,27.48
2024-03-15,9,26.42
2024-03-15,10,25.81
2024-03-15,11,24.05
2024-03-15,12,26.72
2024-03-15,13,23.31
2024-03-15,14,22.12
2024-03-15,15,22.07
2024-03-15,16,22.11
2024-03-15,17,22.96
2024-03-15,18,28.52
2024-03-15,19,42.63
2024-03-15,20,30.69
2024-03-15,21,28.31
2024-03-15,22,22.47
2024-03-15,23,24.54
2024-03-15,24,22.03
2024-03-16,1,22.96
2024-03-16,2,22.18
2024-03-16,3,22.19
2024-03-16,4,22.17
2024-03-16,5,22.82
2024-03-16,6,22.03
2024-03-16,7,22.51
2024-03-16,8,22.32
2024-03-16,9,22.13
2024-03-16,10,18.95
2024-03-16,11,13.48
2024-03-16,12,12.75
2024-03-16,13,9.66
2024-03-16,14,7.63
2024-03-16,15,8.35
2024-03-16,16,17.09
2024-03-16,17,21.99
2024-03-16,18,22.17
2024-03-16,19,22.14
2024-03-16,20,22.18
2024-03-16,21,22.61
2024-03-16,22,22.17
2024-03-16,23,22.62
2024-03-16,24,20.7
2024-03-17,1,13.32
2024-03-17,2,13.34
2024-03-17,3,13.37
2024-03-17,4,13.33
2024-03-17,5,14.64
2024-03-17,6,16.96
2024-03-17,7,19.94
2024-03-17,8,22.25
2024-03-17,9,19.35
2024-03-17,10,18.74
2024-03-17,11,17.06
2024-03-17,12,22.24
2024-03-17,13,15.21
2024-03-17,14,13.67
2024-03-17,15,16.07
2024-03-17,16,22.0
2024-03-17,17,22.75
2024-03-17,18,24.79
2024-03-17,19,30.74
2024-03-17,20,32.62
2024-03-17,21,26.87
2024-03-17,22,22.43
2024-03-17,23,21.86
2024-03-17,24,22.23
2024-03-18,1,21.58
2024-03-18,2,16.05
2024-03-18,3,19.41
2024-03-18,4,22.85
2024-03-18,5,24.75
2024-03-18,6,27.95
2024-03-18,7,40.88
2024-03-18,8,34.85
2024-03-18,9,32.58
2024-03-18,10,28.81
2024-03-18,11,27.19
2024-03-18,12,31.86
2024-03-18,13,29.57
2024-03-18,14,27.17
2024-03-18,15,27.19
2024-03-18,16,30.04
2024-03-18,17,32.45
2024-03-18,18,39.99
2024-03-18,19,32.8
2024-03-18,20,34.24
2024-03-18,21,36.69
2024-03-18,22,31.17
2024-03-18,23,27.26
2024-03-18,24,24.05
2024-03-19,1,22.69
2024-03-19,2,22.73
2024-03-19,3,22.7
2024-03-19,4,22.96
2024-03-19,5,26.67
2024-03-19,6,27.56
2024-03-19,7,27.85
2024-03-19,8,28.1
2024-03-19,9,23.53
2024-03-19,10,24.19
2024-03-19,11,23.24
2024-03-19,12,25.58
2024-03-19,13,27.7
2024-03-19,14,22.97
2024-03-19,15,23.01
2024-03-19,16,25.01
2024-03-19,17,27.92
2024-03-19,18,29.51
2024-03-19,19,37.22
2024-03-19,20,23.44
2024-03-19,21,23.25
2024-03-19,22,22.89
2024-03-19,23,29.12
2024-03-19,24,23.7
2024-03-20,1,29.77
2024-03-20,2,23.19
2024-03-20,3,23.24
2024-03-20,4,23.18
2024-03-20,5,24.76
2024-03-20,6,23.92
2024-03-20,7,27.28
2024-03-20,8,28.0
2024-03-20,9,26.8
2024-03-20,10,23.63
2024-03-20,11,22.05
2024-03-20,12,23.54
2024-03-20,13,21.98
2024-03-20,14,19.49
2024-03-20,15,23.19
2024-03-20,16,23.3
2024-03-20,17,24.39
2024-03-20,18,24.98
2024-03-20,19,39.8
2024-03-20,20,40.95
2024-03-20,21,41.53
2024-03-20,22,27.08
2024-03-20,23,24.23
2024-03-20,24,23.51
2024-03-21,1,24.88
2024-03-21,2,26.75
2024-03-21,3,25.7
2024-03-21,4,24.23
2024-03-21,5,28.44
2024-03-21,6,78.07
2024-03-21,7,172.58
2024-03-21,8,57.65
2024-03-21,9,31.78
2024-03-21,10,27.99
2024-03-21,11,28.56
2024-03-21,12,30.11
2024-03-21,13,28.22
2024-03-21,14,27.99
2024-03-21,15,27.99
2024-03-21,16,29.43
2024-03-21,17,34.31
2024-03-21,18,35.06
2024-03-21,19,40.54
2024-03-21,20,35.7
2024-03-21,21,35.32
2024-03-21,22,42.28
2024-03-21,23,38.62
2024-03-21,24,32.07
2024-03-22,1,36.16
2024-03-22,2,36.93
2024-03-22,3,35.08
2024-03-22,4,33.52
2024-03-22,5,29.42
2024-03-22,6,39.65
2024-03-22,7,32.38
2024-03-22,8,33.9
2024-03-22,9,42.89
2024-03-22,10,34.22
2024-03-22,11,36.79
2024-03-22,12,30.6
2024-03-22,13,31.28
2024-03-22,14,28.56
2024-03-22,15,28.84
2024-03-22,16,31.36
2024-03-22,17,35.35
2024-03-22,18,34.18
2024-03-22,19,32.2
2024-03-22,20,62.86
2024-03-22,21,42.29
2024-03-22,22,45.4
2024-03-22,23,35.92
2024-03-22,24,37.56
2024-03-23,1,35.44
2024-03-23,2,39.02
2024-03-23,3,42.54
2024-03-23,4,40.52
2024-03-23,5,40.71
2024-03-23,6,50.19
2024-03-23,7,57.35
2024-03-23,8,104.76
2024-03-23,9,75.09
2024-03-23,10,53.51
2024-03-23,11,34.93
2024-03-23,12,23.96
2024-03-23,13,21.34
2024-03-23,14,18.75
2024-03-23,15,22.8
2024-03-23,16,21.43
2024-03-23,17,22.75
2024-03-23,18,25.23
2024-03-23,19,75.04
2024-03-23,20,166.43
2024-03-23,21,141.96
2024-03-23,22,49.03
2024-03-23,23,62.78
2024-03-23,24,32.73
2024-03-24,1,56.97
2024-03-24,2,48.47
2024-03-24,3,51.61
2024-03-24,4,47.25
2024-03-24,5,52.77
2024-03-24,6,53.24
2024-03-24,7,51.94
2024-03-24,8,36.77
2024-03-24,9,28.96
2024-03-24,10,26.02
2024-03-24,11,27.77
2024-03-24,12,27.07
2024-03-24,13,26.83
2024-03-24,14,24.87
2024-03-24,15,21.91
2024-03-24,16,20.66
2024-03-24,17,23.07
2024-03-24,18,25.9
2024-03-24,19,30.31
2024-03-24,20,29.24
2024-03-24,21,27.03
2024-03-24,22,28.66
2024-03-24,23,22.7
2024-03-24,24,25.7
2024-03-25,1,23.67
2024-03-25,2,25.18
2024-03-25,3,22.72
2024-03-25,4,22.99
2024-03-25,5,23.3
2024-03-25,6,29.19
2024-03-25,7,35.57
2024-03-25,8,34.75
2024-03-25,9,25.15
2024-03-25,10,27.0
2024-03-25,11,23.45
2024-03-25,12,22.61
2024-03-25,13,23.54
2024-03-25,14,22.42
2024-03-25,15,22.48
2024-03-25,16,23.11
2024-03-25,17,37.76
2024-03-25,18,27.31
2024-03-25,19,20.66
2024-03-25,20,20.28
2024-03-25,21,19.95
2024-03-25,22,23.74
2024-03-25,23,20.55
2024-03-25,24,20.32
2024-03-26,1,15.83
2024-03-26,2,15.9
2024-03-26,3,14.36
2024-03-26,4,14.33
2024-03-26,5,20.44
2024-03-26,6,24.47
2024-03-26,7,31.43
2024-03-26,8,34.34
2024-03-26,9,27.75
2024-03-26,10,31.74
2024-03-26,11,53.58
2024-03-26,12,45.24
2024-03-26,13,26.88
2024-03-26,14,26.87
2024-03-26,15,28.22
2024-03-26,16,39.15
2024-03-26,17,38.47
2024-03-26,18,40.42
2024-03-26,19,39.46
2024-03-26,20,32.84
2024-03-26,21,39.84
2024-03-26,22,34.81
2024-03-26,23,28.12
2024-03-26,24,21.99
2024-03-27,1,19.63
2024-03-27,2,41.55
2024-03-27,3,37.38
2024-03-27,4,21.95
2024-03-27,5,16.37
2024-03-27,6,29.95
2024-03-27,7,39.22
2024-03-27,8,41.55
2024-03-27,9,41.25
2024-03-27,10,48.47
2024-03-27,11,33.03
2024-03-27,12,27.62
2024-03-27,13,27.23
2024-03-27,14,27.08
2024-03-27,15,26.68
2024-03-27,16,34.5
2024-03-27,17,46.12
2024-03-27,18,39.18
2024-03-27,19,54.88
2024-03-27,20,39.14
2024-03-27,21,37.71
2024-03-27,22,41.26
2024-03-27,23,38.56
2024-03-27,24,38.34
2024-03-28,1,35.98
2024-03-28,2,40.1
2024-03-28,3,42.1
2024-03-28,4,25.61
2024-03-28,5,21.4
2024-03-28,6,29.2
2024-03-28,7,38.22
2024-03-28,8,34.3
2024-03-28,9,26.82
2024-03-28,10,26.92
2024-03-28,11,21.84
2024-03-28,12,22.27
2024-03-28,13,21.85
2024-03-28,14,21.15
2024-03-28,15,21.14
2024-03-28,16,20.14
2024-03-28,17,22.33
2024-03-28,18,24.12
2024-03-28,19,98.9
2024-03-28,20,32.26
2024-03-28,21,23.74
2024-03-28,22,35.3
2024-03-28,23,32.68
2024-03-28,24,26.02
2024-03-29,1,21.52
2024-03-29,2,21.1
2024-03-29,3,23.01
2024-03-29,4,33.85
2024-03-29,5,38.13
2024-03-29,6,40.47
2024-03-29,7,31.49
2024-03-29,8,26.81
2024-03-29,9,28.25
2024-03-29,10,26.47
2024-03-29,11,26.3
2024-03-29,12,25.86
2024-03-29,13,24.75
2024-03-29,14,21.11
2024-03-29,15,21.05
2024-03-29,16,21.62
2024-03-29,17,24.69
2024-03-29,18,26.28
2024-03-29,19,48.84
2024-03-29,20,42.17
2024-03-29,21,37.73
2024-03-29,22,38.73
2024-03-29,23,48.68
2024-03-29,24,38.99
2024-03-30,1,39.09
2024-03-30,2,37.89
2024-03-30,3,37.12
2024-03-30,4,36.66
2024-03-30,5,33.47
2024-03-30,6,28.11
2024-03-30,7,26.12
2024-03-30,8,25.98
2024-03-30,9,27.92
2024-03-30,10,25.75
2024-03-30,11,25.2
2024-03-30,12,25.72
2024-03-30,13,25.98
2024-03-30,14,30.99
2024-03-30,15,31.37
2024-03-30,16,34.74
2024-03-30,17,47.29
2024-03-30,18,42.47
2024-03-30,19,34.5
2024-03-30,20,37.69
2024-03-30,21,40.88
2024-03-30,22,39.24
2024-03-30,23,36.1
2024-03-30,24,29.48
2024-03-31,1,25.86
2024-03-31,2,25.87
2024-03-31,3,25.16
2024-03-31,4,35.74
2024-03-31,5,40.99
2024-03-31,6,37.79
2024-03-31,7,36.87
2024-03-31,8,35.79
2024-03-31,9,38.12
2024-03-31,10,39.6
2024-03-31,11,38.3
2024-03-31,12,28.79
2024-03-31,13,22.95
2024-03-31,14,21.12
2024-03-31,15,21.12
2024-03-31,16,25.29
2024-03-31,17,25.72
2024-03-31,18,28.02
2024-03-31,19,51.84
2024-03-31,20,28.27
2024-03-31,21,31.87
2024-03-31,22,38.84
2024-03-31,23,33.05
2024-03-31,24,35.74
2024-04-01,1,40.88
2024-04-01,2,43.04
2024-04-01,3,37.1
2024-04-01,4,36.64
2024-04-01,5,37.94
2024-04-01,6,38.92
2024-04-01,7,30.53
2024-04-01,8,43.1
2024-04-01,9,44.42
2024-04-01,10,31.81
2024-04-01,11,30.86
2024-04-01,12,27.22
2024-04-01,13,33.3
2024-04-01,14,29.98
2024-04-01,15,29.64
2024-04-01,16,31.47
2024-04-01,17,32.71
2024-04-01,18,35.2
2024-04-01,19,41.8
2024-04-01,20,32.66
2024-04-01,21,31.95
2024-04-01,22,25.2
2024-04-01,23,26.05
2024-04-01,24,22.6
2024-04-02,1,35.78
2024-04-02,2,29.35
2024-04-02,3,22.26
2024-04-02,4,14.08
2024-04-02,5,14.41
2024-04-02,6,23.83
2024-04-02,7,27.38
2024-04-02,8,31.73
2024-04-02,9,34.35
2024-04-02,10,34.3
2024-04-02,11,34.16
2024-04-02,12,33.63
2024-04-02,13,27.52
2024-04-02,14,24.63
2024-04-02,15,23.53
2024-04-02,16,31.88
2024-04-02,17,42.82
2024-04-02,18,38.14
2024-04-02,19,34.61
2024-04-02,20,34.29
2024-04-02,21,32.21
2024-04-02,22,24.03
2024-04-02,23,22.39
2024-04-02,24,21.31
2024-04-03,1,43.48
2024-04-03,2,35.86
2024-04-03,3,32.18
2024-04-03,4,14.37
2024-04-03,5,15.25
2024-04-03,6,28.08
2024-04-03,7,39.89
2024-04-03,8,38.9
2024-04-03,9,50.32
2024-04-03,10,75.97
2024-04-03,11,78.23
2024-04-03,12,52.76
2024-04-03,13,77.83
2024-04-03,14,118.52
2024-04-03,15,230.12
2024-04-03,16,157.24
2024-04-03,17,49.7
2024-04-03,18,36.84
2024-04-03,19,40.64
2024-04-03,20,39.03
2024-04-03,21,66.76
2024-04-03,22,43.29
2024-04-03,23,49.34
2024-04-03,24,46.92
2024-04-04,1,79.62
2024-04-04,2,113.93
2024-04-04,3,40.66
2024-04-04,4,36.36
2024-04-04,5,37.21
2024-04-04,6,37.4
2024-04-04,7,44.78
2024-04-04,8,47.02
2024-04-04,9,55.59
2024-04-04,10,53.05
2024-04-04,11,51.5
2024-04-04,12,42.19
2024-04-04,13,34.66
2024-04-04,14,33.07
2024-04-04,15,40.63
2024-04-04,16,45.48
2024-04-04,17,47.51
2024-04-04,18,40.25
2024-04-04,19,35.78
2024-04-04,20,80.12
2024-04-04,21,62.71
2024-04-04,22,37.26
2024-04-04,23,46.85
2024-04-04,24,46.7
2024-04-05,1,34.47
2024-04-05,2,44.54
2024-04-05,3,34.33
2024-04-05,4,35.91
2024-04-05,5,25.64
2024-04-05,6,30.95
2024-04-05,7,35.74
2024-04-05,8,34.22
2024-04-05,9,31.58
2024-04-05,10,28.57
2024-04-05,11,32.83
2024-04-05,12,24.99
2024-04-05,13,23.32
2024-04-05,14,24.47
2024-04-05,15,24.52
2024-04-05,16,25.41
2024-04-05,17,23.83
2024-04-05,18,24.98
2024-04-05,19,25.18
2024-04-05,20,36.99
2024-04-05,21,35.3
2024-04-05,22,47.31
2024-04-05,23,20.13
2024-04-05,24,27.05
2024-04-06,1,25.61
2024-04-06,2,16.73
2024-04-06,3,30.99
2024-04-06,4,32.39
2024-04-06,5,26.42
2024-04-06,6,28.53
2024-04-06,7,32.42
2024-04-06,8,31.15
2024-04-06,9,23.1
2024-04-06,10,23.38
2024-04-06,11,21.16
2024-04-06,12,14.88
2024-04-06,13,14.36
2024-04-06,14,9.4
2024-04-06,15,14.35
2024-04-06,16,20.57
2024-04-06,17,27.0
2024-04-06,18,24.06
2024-04-06,19,32.96
2024-04-06,20,36.9
2024-04-06,21,36.0
2024-04-06,22,35.25
2024-04-06,23,21.73
2024-04-06,24,25.23
2024-04-07,1,17.28
2024-04-07,2,22.73
2024-04-07,3,22.34
2024-04-07,4,32.67
2024-04-07,5,31.73
2024-04-07,6,28.7
2024-04-07,7,22.85
2024-04-07,8,22.76
2024-04-07,9,22.99
2024-04-07,10,22.96
2024-04-07,11,24.51
2024-04-07,12,28.49
2024-04-07,13,21.05
2024-04-07,14,16.7
2024-04-07,15,14.49
2024-04-07,16,15.36
2024-04-07,17,17.29
2024-04-07,18,22.98
2024-04-07,19,23.0
2024-04-07,20,22.63
2024-04-07,21,30.87
2024-04-07,22,17.48
2024-04-07,23,5.45
2024-04-07,24,1.36
2024-04-08,1,0.0
2024-04-08,2,1.82
2024-04-08,3,13.64
2024-04-08,4,13.63
2024-04-08,5,8.84
2024-04-08,6,22.62
2024-04-08,7,23.53
2024-04-08,8,26.23
2024-04-08,9,26.29
2024-04-08,10,28.4
2024-04-08,11,27.7
2024-04-08,12,24.58
2024-04-08,13,23.63
2024-04-08,14,31.5
2024-04-08,15,133.37
2024-04-08,16,25.26
2024-04-08,17,26.4
2024-04-08,18,22.49
2024-04-08,19,31.11
2024-04-08,20,50.91
2024-04-08,21,31.77
2024-04-08,22,23.7
2024-04-08,23,18.87
2024-04-08,24,16.74
2024-04-09,1,5.09
2024-04-09,2,13.62
2024-04-09,3,14.32
2024-04-09,4,22.49
2024-04-09,5,17.52
2024-04-09,6,27.83
2024-04-09,7,27.7
2024-04-09,8,23.03
2024-04-09,9,23.59
2024-04-09,10,26.83
2024-04-09,11,19.89
2024-04-09,12,9.23
2024-04-09,13,0.81
2024-04-09,14,6.64
2024-04-09,15,14.79
2024-04-09,16,22.28
2024-04-09,17,24.22
2024-04-09,18,30.96
2024-04-09,19,50.01
2024-04-09,20,27.06
2024-04-09,21,24.88
2024-04-09,22,22.3
2024-04-09,23,19.44
2024-04-09,24,14.37
2024-04-10,1,23.45
2024-04-10,2,24.76
2024-04-10,3,18.38
2024-04-10,4,23.61
2024-04-10,5,22.32
2024-04-10,6,31.76
2024-04-10,7,35.86
2024-04-10,8,32.83
2024-04-10,9,30.92
2024-04-10,10,24.71
2024-04-10,11,24.21
2024-04-10,12,27.95
2024-04-10,13,23.65
2024-04-10,14,22.57
2024-04-10,15,17.96
2024-04-10,16,23.23
2024-04-10,17,38.82
2024-04-10,18,174.22
2024-04-10,19,29.03
2024-04-10,20,32.33
2024-04-10,21,39.3
2024-04-10,22,30.85
2024-04-10,23,23.54
2024-04-10,24,22.0
2024-04-11,1,14.34
2024-04-11,2,12.99
2024-04-11,3,10.87
2024-04-11,4,5.91
2024-04-11,5,10.89
2024-04-11,6,30.73
2024-04-11,7,167.96
2024-04-11,8,38.84
2024-04-11,9,37.57
2024-04-11,10,44.04
2024-04-11,11,107.08
2024-04-11,12,374.78
2024-04-11,13,37.38
2024-04-11,14,44.72
2024-04-11,15,34.76
2024-04-11,16,34.42
2024-04-11,17,33.62
2024-04-11,18,33.28
2024-04-11,19,35.19
2024-04-11,20,34.89
2024-04-11,21,33.99
2024-04-11,22,33.14
2024-04-11,23,27.34
2024-04-11,24,23.76
2024-04-12,1,16.34
2024-04-12,2,6.74
2024-04-12,3,8.17
2024-04-12,4,4.15
2024-04-12,5,0.4
2024-04-12,6,3.8
2024-04-12,7,13.77
2024-04-12,8,18.3
2024-04-12,9,13.05
2024-04-12,10,11.95
2024-04-12,11,19.84
2024-04-12,12,12.86
2024-04-12,13,10.61
2024-04-12,14,5.58
2024-04-12,15,6.86
2024-04-12,16,14.82
2024-04-12,17,14.37
2024-04-12,18,14.36
2024-04-12,19,16.14
2024-04-12,20,39.81
2024-04-12,21,60.62
2024-04-12,22,12.3
2024-04-12,23,7.58
2024-04-12,24,1.73
2024-04-13,1,0.0
2024-04-13,2,0.0
2024-04-13,3,0.0
2024-04-13,4,0.0
2024-04-13,5,0.0
2024-04-13,6,4.08
2024-04-13,7,2.23
2024-04-13,8,5.48
2024-04-13,9,10.17
2024-04-13,10,14.36
2024-04-13,11,14.35
2024-04-13,12,13.05
2024-04-13,13,5.97
2024-04-13,14,0.0
2024-04-13,15,0.0
2024-04-13,16,6.16
2024-04-13,17,15.51
2024-04-13,18,20.68
2024-04-13,19,122.62
2024-04-13,20,41.24
2024-04-13,21,20.94
2024-04-13,22,22.7
2024-04-13,23,11.6
2024-04-13,24,15.62
2024-04-14,1,14.37
2024-04-14,2,29.74
2024-04-14,3,10.89
2024-04-14,4,1.27
2024-04-14,5,0.0
2024-04-14,6,4.21
2024-04-14,7,5.83
2024-04-14,8,32.71
2024-04-14,9,14.88
2024-04-14,10,16.61
2024-04-14,11,14.37
2024-04-14,12,12.37
2024-04-14,13,13.7
2024-04-14,14,12.73
2024-04-14,15,21.07
2024-04-14,16,26.74
2024-04-14,17,24.34
2024-04-14,18,26.88
2024-04-14,19,29.33
2024-04-14,20,30.01
2024-04-14,21,27.94
2024-04-14,22,21.06
2024-04-14,23,22.11
2024-04-14,24,23.78
2024-04-15,1,28.59
2024-04-15,2,21.58
2024-04-15,3,22.26
2024-04-15,4,28.65
2024-04-15,5,26.37
2024-04-15,6,27.15
2024-04-15,7,46.61
2024-04-15,8,50.75
2024-04-15,9,37.49
2024-04-15,10,27.6
2024-04-15,11,23.0
2024-04-15,12,21.29
2024-04-15,13,21.19
2024-04-15,14,21.13
2024-04-15,15,21.08
2024-04-15,16,21.63
2024-04-15,17,23.99
2024-04-15,18,30.65
2024-04-15,19,33.08
2024-04-15,20,30.04
2024-04-15,21,28.5
2024-04-15,22,21.8
2024-04-15,23,22.24
2024-04-15,24,21.18
2024-04-16,1,19.43
2024-04-16,2,14.36
2024-04-16,3,14.6
2024-04-16,4,16.57
2024-04-16,5,20.53
2024-04-16,6,24.6
2024-04-16,7,25.53
2024-04-16,8,24.85
2024-04-16,9,22.16
2024-04-16,10,20.33
2024-04-16,11,20.28
2024-04-16,12,20.31
2024-04-16,13,21.77
2024-04-16,14,20.32
2024-04-16,15,21.56
2024-04-16,16,25.38
2024-04-16,17,30.87
2024-04-16,18,30.63
2024-04-16,19,33.94
2024-04-16,20,35.87
2024-04-16,21,23.55
2024-04-16,22,20.14
2024-04-16,23,15.94
2024-04-16,24,5.71
2024-04-17,1,3.7
2024-04-17,2,5.75
2024-04-17,3,5.98
2024-04-17,4,5.88
2024-04-17,5,11.65
2024-04-17,6,18.09
2024-04-17,7,19.63
2024-04-17,8,19.66
2024-04-17,9,20.16
2024-04-17,10,20.16
2024-04-17,11,20.19
2024-04-17,12,20.16
2024-04-17,13,22.86
2024-04-17,14,20.21
2024-04-17,15,23.32
2024-04-17,16,28.76
2024-04-17,17,52.16
2024-04-17,18,46.31
2024-04-17,19,79.88
2024-04-17,20,31.1
2024-04-17,21,32.27
2024-04-17,22,27.71
2024-04-17,23,22.78
2024-04-17,24,22.7
2024-04-18,1,27.02
2024-04-18,2,16.84
2024-04-18,3,19.38
2024-04-18,4,14.35
2024-04-18,5,18.97
2024-04-18,6,27.29
2024-04-18,7,28.59
2024-04-18,8,27.89
2024-04-18,9,26.47
2024-04-18,10,22.2
2024-04-18,11,23.79
2024-04-18,12,26.14
2024-04-18,13,29.16
2024-04-18,14,38.68
2024-04-18,15,195.37
2024-04-18,16,111.6
2024-04-18,17,31.03
2024-04-18,18,29.02
2024-04-18,19,29.19
2024-04-18,20,32.23
2024-04-18,21,35.14
2024-04-18,22,31.54
2024-04-18,23,26.96
2024-04-18,24,23.83
2024-04-19,1,21.49
2024-04-19,2,21.17
2024-04-19,3,19.77
2024-04-19,4,18.26
2024-04-19,5,25.14
2024-04-19,6,38.58
2024-04-19,7,407.56
2024-04-19,8,133.44
2024-04-19,9,21.95
2024-04-19,10,22.94
2024-04-19,11,22.31
2024-04-19,12,20.32
2024-04-19,13,21.36
2024-04-19,14,21.71
2024-04-19,15,21.13
2024-04-19,16,21.13
2024-04-19,17,21.13
2024-04-19,18,21.22
2024-04-19,19,22.46
2024-04-19,20,23.33
2024-04-19,21,31.32
2024-04-19,22,34.01
2024-04-19,23,25.21
2024-04-19,24,21.68
2024-04-20,1,20.74
2024-04-20,2,8.69
2024-04-20,3,8.65
2024-04-20,4,10.67
2024-04-20,5,14.79
2024-04-20,6,20.33
2024-04-20,7,17.52
2024-04-20,8,14.38
2024-04-20,9,14.37
2024-04-20,10,14.24
2024-04-20,11,14.39
2024-04-20,12,16.15
2024-04-20,13,15.2
2024-04-20,14,15.83
2024-04-20,15,17.27
2024-04-20,16,20.11
2024-04-20,17,20.27
2024-04-20,18,31.16
2024-04-20,19,33.11
2024-04-20,20,28.76
2024-04-20,21,25.23
2024-04-20,22,24.11
2024-04-20,23,21.37
2024-04-20,24,23.82
2024-04-21,1,23.15
2024-04-21,2,26.97
2024-04-21,3,20.3
2024-04-21,4,19.87
2024-04-21,5,19.8
2024-04-21,6,18.19
2024-04-21,7,16.85
2024-04-21,8,20.39
2024-04-21,9,23.11
2024-04-21,10,56.52
2024-04-21,11,49.51
2024-04-21,12,15.91
2024-04-21,13,14.34
2024-04-21,14,14.36
2024-04-21,15,14.84
2024-04-21,16,16.7
2024-04-21,17,19.47
2024-04-21,18,21.92
2024-04-21,19,22.59
2024-04-21,20,205.64
2024-04-21,21,27.03
2024-04-21,22,20.06
2024-04-21,23,15.27
2024-04-21,24,14.86
2024-04-22,1,14.92
2024-04-22,2,19.47
2024-04-22,3,25.09
2024-04-22,4,20.87
2024-04-22,5,23.01
2024-04-22,6,23.87
2024-04-22,7,28.39
2024-04-22,8,21.96
2024-04-22,9,23.28
2024-04-22,10,23.02
2024-04-22,11,18.22
2024-04-22,12,15.27
2024-04-22,13,12.57
2024-04-22,14,8.42
2024-04-22,15,8.74
2024-04-22,16,13.87
2024-04-22,17,15.45
2024-04-22,18,17.25
2024-04-22,19,17.25
2024-04-22,20,17.07
2024-04-22,21,17.14
2024-04-22,22,14.24
2024-04-22,23,4.19
2024-04-22,24,0.0
2024-04-23,1,0.0
2024-04-23,2,0.0
2024-04-23,3,0.0
2024-04-23,4,0.0
2024-04-23,5,0.0
2024-04-23,6,4.77
2024-04-23,7,13.88
2024-04-23,8,14.33
2024-04-23,9,6.71
2024-04-23,10,5.57
2024-04-23,11,4.8
2024-04-23,12,7.43
2024-04-23,13,14.33
2024-04-23,14,5.86
2024-04-23,15,11.3
2024-04-23,16,14.94
2024-04-23,17,18.98
2024-04-23,18,15.06
2024-04-23,19,20.77
2024-04-23,20,21.49
2024-04-23,21,16.03
2024-04-23,22,22.84
2024-04-23,23,23.35
2024-04-23,24,433.07
2024-04-24,1,18.95
2024-04-24,2,14.49
2024-04-24,3,16.03
2024-04-24,4,14.95
2024-04-24,5,16.15
2024-04-24,6,21.27
2024-04-24,7,23.03
2024-04-24,8,22.31
2024-04-24,9,22.03
2024-04-24,10,21.35
2024-04-24,11,21.35
2024-04-24,12,20.69
2024-04-24,13,20.61
2024-04-24,14,17.39
2024-04-24,15,16.0
2024-04-24,16,19.54
2024-04-24,17,18.18
2024-04-24,18,21.9
2024-04-24,19,23.83
2024-04-24,20,30.39
2024-04-24,21,30.54
2024-04-24,22,29.32
2024-04-24,23,22.7
2024-04-24,24,21.59
2024-04-25,1,19.22
2024-04-25,2,21.23
2024-04-25,3,21.53
2024-04-25,4,23.53
2024-04-25,5,25.52
2024-04-25,6,32.13
2024-04-25,7,33.99
2024-04-25,8,29.34
2024-04-25,9,25.38
2024-04-25,10,25.32
2024-04-25,11,24.37
2024-04-25,12,25.22
2024-04-25,13,21.97
2024-04-25,14,21.54
2024-04-25,15,21.59
2024-04-25,16,21.63
2024-04-25,17,25.43
2024-04-25,18,26.87
2024-04-25,19,30.72
2024-04-25,20,31.94
2024-04-25,21,33.72
2024-04-25,22,25.91
2024-04-25,23,22.27
2024-04-25,24,20.4
2024-04-26,1,16.99
2024-04-26,2,17.37
2024-04-26,3,17.2
2024-04-26,4,19.03
2024-04-26,5,18.74
2024-04-26,6,20.55
2024-04-26,7,20.25
2024-04-26,8,19.62
2024-04-26,9,17.64
2024-04-26,10,16.89
2024-04-26,11,18.62
2024-04-26,12,20.45
2024-04-26,13,18.38
2024-04-26,14,15.48
2024-04-26,15,14.29
2024-04-26,16,14.35
2024-04-26,17,16.62
2024-04-26,18,20.53
2024-04-26,19,20.49
2024-04-26,20,20.11
2024-04-26,21,19.2
2024-04-26,22,17.23
2024-04-26,23,14.36
2024-04-26,24,10.9
2024-04-27,1,12.95
2024-04-27,2,11.57
2024-04-27,3,5.78
2024-04-27,4,5.95
2024-04-27,5,5.45
2024-04-27,6,6.85
2024-04-27,7,14.22
2024-04-27,8,14.93
2024-04-27,9,17.02
2024-04-27,10,31.26
2024-04-27,11,22.56
2024-04-27,12,16.79
2024-04-27,13,14.36
2024-04-27,14,12.16
2024-04-27,15,14.36
2024-04-27,16,14.37
2024-04-27,17,18.49
2024-04-27,18,18.47
2024-04-27,19,19.33
2024-04-27,20,15.72
2024-04-27,21,18.51
2024-04-27,22,17.72
2024-04-27,23,9.48
2024-04-27,24,0.81
2024-04-28,1,0.8
2024-04-28,2,4.8
2024-04-28,3,5.91
2024-04-28,4,7.94
2024-04-28,5,13.32
2024-04-28,6,15.22
2024-04-28,7,21.19
2024-04-28,8,20.52
2024-04-28,9,39.13
2024-04-28,10,28.82
2024-04-28,11,27.08
2024-04-28,12,24.26
2024-04-28,13,15.57
2024-04-28,14,13.02
2024-04-28,15,13.92
2024-04-28,16,20.87
2024-04-28,17,30.16
2024-04-28,18,28.6
2024-04-28,19,27.31
2024-04-28,20,28.71
2024-04-28,21,24.87
2024-04-28,22,19.18
2024-04-28,23,18.4
2024-04-28,24,14.16
2024-04-29,1,14.69
2024-04-29,2,14.15
2024-04-29,3,16.59
2024-04-29,4,19.49
2024-04-29,5,20.05
2024-04-29,6,21.78
2024-04-29,7,37.7
2024-04-29,8,32.3
2024-04-29,9,28.33
2024-04-29,10,30.97
2024-04-29,11,29.42
2024-04-29,12,25.71
2024-04-29,13,28.49
2024-04-29,14,25.64
2024-04-29,15,26.35
2024-04-29,16,29.26
2024-04-29,17,127.01
2024-04-29,18,173.05
2024-04-29,19,58.45
2024-04-29,20,35.36
2024-04-29,21,40.23
2024-04-29,22,35.49
2024-04-29,23,26.02
2024-04-29,24,23.49
2024-04-30,1,19.24
2024-04-30,2,17.0
2024-04-30,3,18.45
2024-04-30,4,19.18
2024-04-30,5,23.51
2024-04-30,6,26.1
2024-04-30,7,45.08
2024-04-30,8,28.83
2024-04-30,9,35.36
2024-04-30,10,31.18
2024-04-30,11,29.89
2024-04-30,12,28.67
2024-04-30,13,23.13
2024-04-30,14,26.04
2024-04-30,15,21.9
2024-04-30,16,21.63
2024-04-30,17,21.86
2024-04-30,18,26.65
2024-04-30,19,31.46
2024-04-30,20,32.89
2024-04-30,21,35.78
2024-04-30,22,35.73
2024-04-30,23,26.99
2024-04-30,24,21.38
2024-05-01,1,21.99
2024-05-01,2,21.99
2024-05-01,3,22.0
2024-05-01,4,22.03
2024-05-01,5,26.6
2024-05-01,6,23.34
2024-05-01,7,23.14
2024-05-01,8,23.11
2024-05-01,9,22.51
2024-05-01,10,23.65
2024-05-01,11,21.83
2024-05-01,12,21.57
2024-05-01,13,19.66
2024-05-01,14,17.93
2024-05-01,15,17.91
2024-05-01,16,22.48
2024-05-01,17,25.12
2024-05-01,18,26.28
2024-05-01,19,27.87
2024-05-01,20,26.38
2024-05-01,21,26.91
2024-05-01,22,25.0
2024-05-01,23,23.7
2024-05-01,24,21.11
2024-05-02,1,17.28
2024-05-02,2,16.08
2024-05-02,3,20.53
2024-05-02,4,21.01
2024-05-02,5,19.25
2024-05-02,6,25.27
2024-05-02,7,28.45
2024-05-02,8,26.92
2024-05-02,9,29.72
2024-05-02,10,41.57
2024-05-02,11,32.19
2024-05-02,12,37.43
2024-05-02,13,33.63
2024-05-02,14,31.07
2024-05-02,15,30.58
2024-05-02,16,31.01
2024-05-02,17,62.43
2024-05-02,18,49.35
2024-05-02,19,29.48
2024-05-02,20,30.15
2024-05-02,21,29.49
2024-05-02,22,25.73
2024-05-02,23,21.48
2024-05-02,24,17.89
2024-05-03,1,14.86
2024-05-03,2,14.35
2024-05-03,3,14.46
2024-05-03,4,14.92
2024-05-03,5,16.65
2024-05-03,6,18.29
2024-05-03,7,21.35
2024-05-03,8,26.46
2024-05-03,9,36.15
2024-05-03,10,56.02
2024-05-03,11,35.4
2024-05-03,12,29.82
2024-05-03,13,29.33
2024-05-03,14,25.16
2024-05-03,15,21.78
2024-05-03,16,31.75
2024-05-03,17,64.29
2024-05-03,18,24.28
2024-05-03,19,24.06
2024-05-03,20,31.64
2024-05-03,21,24.99
2024-05-03,22,28.9
2024-05-03,23,24.25
2024-05-03,24,21.29
2024-05-04,1,17.67
2024-05-04,2,15.15
2024-05-04,3,15.8
2024-05-04,4,15.4
2024-05-04,5,20.96
2024-05-04,6,20.95
2024-05-04,7,21.01
2024-05-04,8,21.52
2024-05-04,9,21.42
2024-05-04,10,20.96
2024-05-04,11,21.02
2024-05-04,12,21.09
2024-05-04,13,21.55
2024-05-04,14,21.07
2024-05-04,15,23.12
2024-05-04,16,26.46
2024-05-04,17,30.21
2024-05-04,18,33.15
2024-05-04,19,28.48
2024-05-04,20,24.01
2024-05-04,21,21.47
2024-05-04,22,21.79
2024-05-04,23,21.13
2024-05-04,24,20.96
2024-05-05,1,14.34
2024-05-05,2,14.36
2024-05-05,3,14.33
2024-05-05,4,14.92
2024-05-05,5,21.09
2024-05-05,6,18.45
2024-05-05,7,16.72
2024-05-05,8,21.36
2024-05-05,9,25.71
2024-05-05,10,26.39
2024-05-05,11,28.94
2024-05-05,12,26.37
2024-05-05,13,26.66
2024-05-05,14,26.03
2024-05-05,15,26.06
2024-05-05,16,26.15
2024-05-05,17,31.46
2024-05-05,18,33.13
2024-05-05,19,42.4
2024-05-05,20,33.87
2024-05-05,21,33.75
2024-05-05,22,28.03
2024-05-05,23,22.53
2024-05-05,24,20.62
2024-05-06,1,17.75
2024-05-06,2,18.34
2024-05-06,3,19.3
2024-05-06,4,18.58
2024-05-06,5,15.51
2024-05-06,6,23.16
2024-05-06,7,28.46
2024-05-06,8,28.6
2024-05-06,9,30.31
2024-05-06,10,26.19
2024-05-06,11,29.18
2024-05-06,12,31.71
2024-05-06,13,30.8
2024-05-06,14,29.71
2024-05-06,15,31.43
2024-05-06,16,36.97
2024-05-06,17,30.13
2024-05-06,18,31.06
2024-05-06,19,34.8
2024-05-06,20,37.15
2024-05-06,21,26.9
2024-05-06,22,26.44
2024-05-06,23,24.71
2024-05-06,24,22.59
2024-05-07,1,34.03
2024-05-07,2,27.85
2024-05-07,3,24.17
2024-05-07,4,20.31
2024-05-07,5,23.12
2024-05-07,6,26.88
2024-05-07,7,29.21
2024-05-07,8,32.24
2024-05-07,9,32.66
2024-05-07,10,34.05
2024-05-07,11,30.2
2024-05-07,12,29.3
2024-05-07,13,28.27
2024-05-07,14,28.27
2024-05-07,15,164.03
2024-05-07,16,454.37
2024-05-07,17,32.83
2024-05-07,18,23.07
2024-05-07,19,20.81
2024-05-07,20,20.4
2024-05-07,21,20.69
2024-05-07,22,23.47
2024-05-07,23,25.24
2024-05-07,24,23.85
2024-05-08,1,38.8
2024-05-08,2,22.01
2024-05-08,3,16.4
2024-05-08,4,19.33
2024-05-08,5,18.93
2024-05-08,6,24.33
2024-05-08,7,26.92
2024-05-08,8,23.79
2024-05-08,9,25.34
2024-05-08,10,23.76
2024-05-08,11,25.71
2024-05-08,12,26.61
2024-05-08,13,26.64
2024-05-08,14,26.14
2024-05-08,15,23.5
2024-05-08,16,27.17
2024-05-08,17,26.06
2024-05-08,18,29.79
2024-05-08,19,26.43
2024-05-08,20,29.48
2024-05-08,21,51.89
2024-05-08,22,35.96
2024-05-08,23,27.48
2024-05-08,24,26.44
2024-05-09,1,33.99
2024-05-09,2,27.36
2024-05-09,3,23.69
2024-05-09,4,23.5
2024-05-09,5,23.42
2024-05-09,6,27.12
2024-05-09,7,36.01
2024-05-09,8,33.57
2024-05-09,9,30.45
2024-05-09,10,27.94
2024-05-09,11,28.51
2024-05-09,12,28.44
2024-05-09,13,29.55
2024-05-09,14,33.97
2024-05-09,15,32.56
2024-05-09,16,36.02
2024-05-09,17,36.5
2024-05-09,18,32.75
2024-05-09,19,32.97
2024-05-09,20,32.4
2024-05-09,21,29.28
2024-05-09,22,25.8
2024-05-09,23,24.32
2024-05-09,24,25.12
2024-05-10,1,33.18
2024-05-10,2,30.09
2024-05-10,3,23.58
2024-05-10,4,20.91
2024-05-10,5,23.64
2024-05-10,6,30.42
2024-05-10,7,35.27
2024-05-10,8,34.58
2024-05-10,9,35.78
2024-05-10,10,33.44
2024-05-10,11,27.88
2024-05-10,12,24.54
2024-05-10,13,27.89
2024-05-10,14,28.45
2024-05-10,15,25.2
2024-05-10,16,23.59
2024-05-10,17,27.89
2024-05-10,18,28.97
2024-05-10,19,30.85
2024-05-10,20,27.85
2024-05-10,21,26.31
2024-05-10,22,25.33
2024-05-10,23,21.63
2024-05-10,24,18.32
2024-05-11,1,10.22
2024-05-11,2,7.59
2024-05-11,3,5.76
2024-05-11,4,5.73
2024-05-11,5,2.24
2024-05-11,6,0.41
2024-05-11,7,5.65
2024-05-11,8,15.37
2024-05-11,9,8.27
2024-05-11,10,17.33
2024-05-11,11,9.02
2024-05-11,12,13.7
2024-05-11,13,13.67
2024-05-11,14,14.36
2024-05-11,15,19.32
2024-05-11,16,23.0
2024-05-11,17,23.14
2024-05-11,18,20.41
2024-05-11,19,19.01
2024-05-11,20,18.54
2024-05-11,21,20.69
2024-05-11,22,29.35
2024-05-11,23,15.85
2024-05-11,24,12.24
2024-05-12,1,8.08
2024-05-12,2,14.31
2024-05-12,3,14.35
2024-05-12,4,14.37
2024-05-12,5,14.35
2024-05-12,6,19.12
2024-05-12,7,54.0
2024-05-12,8,19.55
2024-05-12,9,14.37
2024-05-12,10,22.84
2024-05-12,11,23.01
2024-05-12,12,23.01
2024-05-12,13,22.84
2024-05-12,14,22.05
2024-05-12,15,14.93
2024-05-12,16,21.41
2024-05-12,17,22.82
2024-05-12,18,23.1
2024-05-12,19,22.66
2024-05-12,20,23.37
2024-05-12,21,20.12
2024-05-12,22,18.71
2024-05-12,23,8.78
2024-05-12,24,1.29
2024-05-13,1,0.0
2024-05-13,2,0.0
2024-05-13,3,0.0
2024-05-13,4,0.41
2024-05-13,5,7.42
2024-05-13,6,14.1
2024-05-13,7,28.14
2024-05-13,8,30.64
2024-05-13,9,22.02
2024-05-13,10,26.95
2024-05-13,11,23.04
2024-05-13,12,23.09
2024-05-13,13,23.03
2024-05-13,14,23.15
2024-05-13,15,22.86
2024-05-13,16,24.11
2024-05-13,17,22.98
2024-05-13,18,23.43
2024-05-13,19,25.64
2024-05-13,20,30.59
2024-05-13,21,28.24
2024-05-13,22,24.03
2024-05-13,23,21.47
2024-05-13,24,21.75
2024-05-14,1,25.65
2024-05-14,2,14.35
2024-05-14,3,14.35
2024-05-14,4,18.95
2024-05-14,5,24.49
2024-05-14,6,28.69
2024-05-14,7,30.18
2024-05-14,8,44.6
2024-05-14,9,39.92
2024-05-14,10,34.38
2024-05-14,11,34.12
2024-05-14,12,31.27
2024-05-14,13,29.72
2024-05-14,14,28.33
2024-05-14,15,28.33
2024-05-14,16,28.83
2024-05-14,17,34.96
2024-05-14,18,34.26
2024-05-14,19,33.07
2024-05-14,20,32.65
2024-05-14,21,37.26
2024-05-14,22,30.45
2024-05-14,23,26.25
2024-05-14,24,23.56
2024-05-15,1,14.38
2024-05-15,2,14.36
2024-05-15,3,20.68
2024-05-15,4,14.38
2024-05-15,5,18.37
2024-05-15,6,25.31
2024-05-15,7,28.2
2024-05-15,8,30.14
2024-05-15,9,29.23
2024-05-15,10,29.88
2024-05-15,11,30.37
2024-05-15,12,31.08
2024-05-15,13,30.28
2024-05-15,14,30.29
2024-05-15,15,28.41
2024-05-15,16,26.26
2024-05-15,17,28.61
2024-05-15,18,27.9
2024-05-15,19,27.93
2024-05-15,20,28.75
2024-05-15,21,33.35
2024-05-15,22,28.79
2024-05-15,23,28.0
2024-05-15,24,24.92
2024-05-16,1,25.6
2024-05-16,2,24.5
2024-05-16,3,24.18
2024-05-16,4,25.63
2024-05-16,5,24.87
2024-05-16,6,27.7
2024-05-16,7,31.42
2024-05-16,8,35.95
2024-05-16,9,29.4
2024-05-16,10,35.65
2024-05-16,11,31.56
2024-05-16,12,33.5
2024-05-16,13,48.88
2024-05-16,14,40.73
2024-05-16,15,35.63
2024-05-16,16,48.08
2024-05-16,17,35.32
2024-05-16,18,34.53
2024-05-16,19,36.49
2024-05-16,20,35.23
2024-05-16,21,37.21
2024-05-16,22,29.97
2024-05-16,23,28.58
2024-05-16,24,24.26
2024-05-17,1,18.29
2024-05-17,2,19.46
2024-05-17,3,25.73
2024-05-17,4,24.44
2024-05-17,5,25.23
2024-05-17,6,25.83
2024-05-17,7,29.02
2024-05-17,8,30.35
2024-05-17,9,30.35
2024-05-17,10,31.38
2024-05-17,11,32.03
2024-05-17,12,33.13
2024-05-17,13,30.35
2024-05-17,14,30.35
2024-05-17,15,30.7
2024-05-17,16,30.44
2024-05-17,17,30.35
2024-05-17,18,34.06
2024-05-17,19,37.66
2024-05-17,20,37.43
2024-05-17,21,32.74
2024-05-17,22,29.8
2024-05-17,23,26.82
2024-05-17,24,25.22
2024-05-18,1,20.32
2024-05-18,2,15.63
2024-05-18,3,14.98
2024-05-18,4,22.62
2024-05-18,5,25.13
2024-05-18,6,24.99
2024-05-18,7,25.0
2024-05-18,8,29.42
2024-05-18,9,28.99
2024-05-18,10,29.83
2024-05-18,11,28.29
2024-05-18,12,30.11
2024-05-18,13,30.13
2024-05-18,14,30.15
2024-05-18,15,30.15
2024-05-18,16,29.63
2024-05-18,17,34.61
2024-05-18,18,33.68
2024-05-18,19,34.04
2024-05-18,20,37.9
2024-05-18,21,41.21
2024-05-18,22,31.24
2024-05-18,23,27.02
2024-05-18,24,25.58
2024-05-19,1,25.01
2024-05-19,2,14.36
2024-05-19,3,14.37
2024-05-19,4,14.36
2024-05-19,5,16.24
2024-05-19,6,14.35
2024-05-19,7,16.88
2024-05-19,8,24.22
2024-05-19,9,25.35
2024-05-19,10,24.95
2024-05-19,11,25.02
2024-05-19,12,25.33
2024-05-19,13,25.12
2024-05-19,14,30.02
2024-05-19,15,30.28
2024-05-19,16,33.41
2024-05-19,17,41.64
2024-05-19,18,34.69
2024-05-19,19,35.5
2024-05-19,20,30.15
2024-05-19,21,32.18
2024-05-19,22,33.32
2024-05-19,23,33.88
2024-05-19,24,30.53
2024-05-20,1,25.05
2024-05-20,2,26.18
2024-05-20,3,25.67
2024-05-20,4,15.61
2024-05-20,5,15.69
2024-05-20,6,27.56
2024-05-20,7,25.46
2024-05-20,8,28.28
2024-05-20,9,30.14
2024-05-20,10,33.57
2024-05-20,11,36.7
2024-05-20,12,40.04
2024-05-20,13,34.2
2024-05-20,14,33.23
2024-05-20,15,28.87
2024-05-20,16,28.09
2024-05-20,17,67.91
2024-05-20,18,124.43
2024-05-20,19,37.5
2024-05-20,20,30.52
2024-05-20,21,30.33
2024-05-20,22,34.97
2024-05-20,23,29.9
2024-05-20,24,25.49
2024-05-21,1,31.23
2024-05-21,2,30.75
2024-05-21,3,34.03
2024-05-21,4,26.65
2024-05-21,5,26.65
2024-05-21,6,28.33
2024-05-21,7,28.15
2024-05-21,8,34.72
2024-05-21,9,33.69
2024-05-21,10,73.53
2024-05-21,11,45.25
2024-05-21,12,42.98
2024-05-21,13,46.8
2024-05-21,14,40.97
2024-05-21,15,44.2
2024-05-21,16,102.85
2024-05-21,17,107.78
2024-05-21,18,123.47
2024-05-21,19,114.61
2024-05-21,20,130.73
2024-05-21,21,38.63
2024-05-21,22,32.49
2024-05-21,23,32.15
2024-05-21,24,25.58
2024-05-22,1,17.42
2024-05-22,2,10.19
2024-05-22,3,6.58
2024-05-22,4,7.41
2024-05-22,5,14.37
2024-05-22,6,25.67
2024-05-22,7,30.86
2024-05-22,8,33.86
2024-05-22,9,31.34
2024-05-22,10,33.66
2024-05-22,11,33.31
2024-05-22,12,35.95
2024-05-22,13,41.69
2024-05-22,14,38.78
2024-05-22,15,34.19
2024-05-22,16,36.45
2024-05-22,17,48.81
2024-05-22,18,125.95
2024-05-22,19,42.73
2024-05-22,20,38.97
2024-05-22,21,39.6
2024-05-22,22,30.7
2024-05-22,23,27.55
2024-05-22,24,27.61
2024-05-23,1,34.74
2024-05-23,2,26.26
2024-05-23,3,27.49
2024-05-23,4,16.58
2024-05-23,5,20.67
2024-05-23,6,25.66
2024-05-23,7,39.21
2024-05-23,8,38.34
2024-05-23,9,29.94
2024-05-23,10,31.53
2024-05-23,11,30.59
2024-05-23,12,30.57
2024-05-23,13,24.09
2024-05-23,14,21.54
2024-05-23,15,30.64
2024-05-23,16,26.54
2024-05-23,17,25.05
2024-05-23,18,33.92
2024-05-23,19,34.46
2024-05-23,20,35.01
2024-05-23,21,48.71
2024-05-23,22,31.87
2024-05-23,23,29.01
2024-05-23,24,26.52
2024-05-24,1,18.57
2024-05-24,2,20.43
2024-05-24,3,17.32
2024-05-24,4,14.39
2024-05-24,5,15.45
2024-05-24,6,26.38
2024-05-24,7,31.93
2024-05-24,8,31.22
2024-05-24,9,33.67
2024-05-24,10,33.31
2024-05-24,11,37.69
2024-05-24,12,33.57
2024-05-24,13,36.31
2024-05-24,14,35.35
2024-05-24,15,36.91
2024-05-24,16,76.86
2024-05-24,17,52.25
2024-05-24,18,46.88
2024-05-24,19,40.74
2024-05-24,20,29.95
2024-05-24,21,29.74
2024-05-24,22,27.71
2024-05-24,23,24.75
2024-05-24,24,23.9
2024-05-25,1,15.69
2024-05-25,2,11.63
2024-05-25,3,14.36
2024-05-25,4,22.18
2024-05-25,5,30.03
2024-05-25,6,33.66
2024-05-25,7,10.15
2024-05-25,8,17.37
2024-05-25,9,23.21
2024-05-25,10,37.45
2024-05-25,11,39.52
2024-05-25,12,47.11
2024-05-25,13,30.73
2024-05-25,14,27.5
2024-05-25,15,19.3
2024-05-25,16,36.06
2024-05-25,17,41.02
2024-05-25,18,40.2
2024-05-25,19,39.87
2024-05-25,20,38.13
2024-05-25,21,38.16
2024-05-25,22,40.12
2024-05-25,23,29.0
2024-05-25,24,23.0
2024-05-26,1,13.32
2024-05-26,2,14.36
2024-05-26,3,14.35
2024-05-26,4,14.37
2024-05-26,5,18.05
2024-05-26,6,14.35
2024-05-26,7,13.14
2024-05-26,8,23.01
2024-05-26,9,28.29
2024-05-26,10,19.49
2024-05-26,11,17.37
2024-05-26,12,17.24
2024-05-26,13,24.29
2024-05-26,14,20.22
2024-05-26,15,14.39
2024-05-26,16,13.71
2024-05-26,17,21.83
2024-05-26,18,21.16
2024-05-26,19,24.06
2024-05-26,20,22.54
2024-05-26,21,23.56
2024-05-26,22,12.97
2024-05-26,23,22.1
2024-05-26,24,9.98
2024-05-27,1,5.22
2024-05-27,2,13.66
2024-05-27,3,17.09
2024-05-27,4,14.36
2024-05-27,5,3.54
2024-05-27,6,3.44
2024-05-27,7,4.74
2024-05-27,8,20.93
2024-05-27,9,37.54
2024-05-27,10,32.23
2024-05-27,11,17.46
2024-05-27,12,8.7
2024-05-27,13,11.6
2024-05-27,14,17.81
2024-05-27,15,26.83
2024-05-27,16,26.59
2024-05-27,17,22.91
2024-05-27,18,16.87
2024-05-27,19,21.95
2024-05-27,20,28.89
2024-05-27,21,28.96
2024-05-27,22,25.73
2024-05-27,23,14.98
2024-05-27,24,9.52
2024-05-28,1,5.76
2024-05-28,2,5.75
2024-05-28,3,14.35
2024-05-28,4,16.52
2024-05-28,5,12.98
2024-05-28,6,19.78
2024-05-28,7,26.76
2024-05-28,8,27.25
2024-05-28,9,27.66
2024-05-28,10,27.7
2024-05-28,11,27.7
2024-05-28,12,27.7
2024-05-28,13,27.21
2024-05-28,14,20.23
2024-05-28,15,23.7
2024-05-28,16,27.46
2024-05-28,17,21.36
2024-05-28,18,20.9
2024-05-28,19,21.76
2024-05-28,20,23.62
2024-05-28,21,24.52
2024-05-28,22,28.91
2024-05-28,23,17.93
2024-05-28,24,22.91
2024-05-29,1,21.82
2024-05-29,2,22.86
2024-05-29,3,14.35
2024-05-29,4,14.37
2024-05-29,5,14.34
2024-05-29,6,18.89
2024-05-29,7,20.53
2024-05-29,8,21.83
2024-05-29,9,33.95
2024-05-29,10,31.25
2024-05-29,11,39.04
2024-05-29,12,23.42
2024-05-29,13,15.53
2024-05-29,14,12.05
2024-05-29,15,5.31
2024-05-29,16,5.7
2024-05-29,17,15.32
2024-05-29,18,13.82
2024-05-29,19,20.88
2024-05-29,20,19.46
2024-05-29,21,20.98
2024-05-29,22,16.68
2024-05-29,23,12.54
2024-05-29,24,11.2
2024-05-30,1,8.17
2024-05-30,2,5.92
2024-05-30,3,5.84
2024-05-30,4,5.99
2024-05-30,5,5.8
2024-05-30,6,19.08
2024-05-30,7,51.95
2024-05-30,8,33.06
2024-05-30,9,24.98
2024-05-30,10,19.96
2024-05-30,11,18.45
2024-05-30,12,16.4
2024-05-30,13,18.72
2024-05-30,14,21.95
2024-05-30,15,20.46
2024-05-30,16,17.92
2024-05-30,17,22.69
2024-05-30,18,26.01
2024-05-30,19,34.23
2024-05-30,20,25.09
2024-05-30,21,26.78
2024-05-30,22,33.44
2024-05-30,23,23.74
2024-05-30,24,18.94
2024-05-31,1,17.08
2024-05-31,2,12.96
2024-05-31,3,14.38
2024-05-31,4,14.36
2024-05-31,5,19.15
2024-05-31,6,16.23
2024-05-31,7,20.29
2024-05-31,8,20.23
2024-05-31,9,20.38
2024-05-31,10,32.55
2024-05-31,11,34.8
2024-05-31,12,33.59
2024-05-31,13,21.58
2024-05-31,14,20.53
2024-05-31,15,19.89
2024-05-31,16,23.53
2024-05-31,17,35.41
2024-05-31,18,27.69
2024-05-31,19,27.7
2024-05-31,20,25.14
2024-05-31,21,22.83
2024-05-31,22,20.87
2024-05-31,23,18.89
2024-05-31,24,12.13
2024-06-01,1,3.61
2024-06-01,2,5.72
2024-06-01,3,5.91
2024-06-01,4,6.05
2024-06-01,5,2.04
2024-06-01,6,4.78
2024-06-01,7,6.57
2024-06-01,8,17.91
2024-06-01,9,28.81
2024-06-01,10,18.83
2024-06-01,11,16.77
2024-06-01,12,18.88
2024-06-01,13,25.54
2024-06-01,14,25.47
2024-06-01,15,25.74
2024-06-01,16,29.64
2024-06-01,17,31.87
2024-06-01,18,28.67
2024-06-01,19,29.18
2024-06-01,20,23.76
2024-06-01,21,22.38
2024-06-01,22,21.28
2024-06-01,23,19.05
2024-06-01,24,19.31
2024-06-02,1,14.74
2024-06-02,2,22.11
2024-06-02,3,10.14
2024-06-02,4,5.64
2024-06-02,5,2.42
2024-06-02,6,3.9
2024-06-02,7,2.68
2024-06-02,8,14.91
2024-06-02,9,17.22
2024-06-02,10,24.87
2024-06-02,11,24.54
2024-06-02,12,27.11
2024-06-02,13,23.62
2024-06-02,14,23.47
2024-06-02,15,27.14
2024-06-02,16,23.8
2024-06-02,17,23.81
2024-06-02,18,23.83
2024-06-02,19,23.8
2024-06-02,20,23.8
2024-06-02,21,32.81
2024-06-02,22,34.73
2024-06-02,23,29.58
2024-06-02,24,25.05
2024-06-03,1,22.86
2024-06-03,2,20.03
2024-06-03,3,15.3
2024-06-03,4,15.7
2024-06-03,5,17.93
2024-06-03,6,31.1
2024-06-03,7,37.2
2024-06-03,8,33.15
2024-06-03,9,29.45
2024-06-03,10,29.84
2024-06-03,11,25.75
2024-06-03,12,27.97
2024-06-03,13,29.55
2024-06-03,14,28.94
2024-06-03,15,29.13
2024-06-03,16,35.28
2024-06-03,17,54.2
2024-06-03,18,93.4
2024-06-03,19,50.04
2024-06-03,20,37.75
2024-06-03,21,39.87
2024-06-03,22,42.32
2024-06-03,23,32.16
2024-06-03,24,27.45
2024-06-04,1,21.94
2024-06-04,2,16.57
2024-06-04,3,16.48
2024-06-04,4,17.36
2024-06-04,5,18.0
2024-06-04,6,23.1
2024-06-04,7,23.28
2024-06-04,8,39.12
2024-06-04,9,42.24
2024-06-04,10,42.02
2024-06-04,11,62.02
2024-06-04,12,84.13
2024-06-04,13,78.83
2024-06-04,14,75.29
2024-06-04,15,75.03
2024-06-04,16,195.69
2024-06-04,17,245.82
2024-06-04,18,135.92
2024-06-04,19,91.47
2024-06-04,20,36.87
2024-06-04,21,35.28
2024-06-04,22,33.23
2024-06-04,23,32.36
2024-06-04,24,25.84
2024-06-05,1,32.14
2024-06-05,2,21.36
2024-06-05,3,15.62
2024-06-05,4,15.17
2024-06-05,5,15.75
2024-06-05,6,25.6
2024-06-05,7,52.68
2024-06-05,8,57.28
2024-06-05,9,35.45
2024-06-05,10,30.66
2024-06-05,11,31.56
2024-06-05,12,32.04
2024-06-05,13,27.39
2024-06-05,14,34.31
2024-06-05,15,34.09
2024-06-05,16,49.27
2024-06-05,17,38.84
2024-06-05,18,55.17
2024-06-05,19,43.24
2024-06-05,20,33.98
2024-06-05,21,31.52
2024-06-05,22,28.03
2024-06-05,23,24.18
2024-06-05,24,20.19
2024-06-06,1,20.96
2024-06-06,2,17.75
2024-06-06,3,19.25
2024-06-06,4,20.02
2024-06-06,5,25.2
2024-06-06,6,28.44
2024-06-06,7,74.64
2024-06-06,8,65.62
2024-06-06,9,84.59
2024-06-06,10,35.1
2024-06-06,11,31.32
2024-06-06,12,27.97
2024-06-06,13,25.87
2024-06-06,14,21.25
2024-06-06,15,24.98
2024-06-06,16,28.84
2024-06-06,17,30.62
2024-06-06,18,25.79
2024-06-06,19,26.38
2024-06-06,20,27.97
2024-06-06,21,28.37
2024-06-06,22,28.84
2024-06-06,23,27.18
2024-06-06,24,28.0
2024-06-07,1,23.71
2024-06-07,2,14.37
2024-06-07,3,14.38
2024-06-07,4,14.41
2024-06-07,5,14.33
2024-06-07,6,18.67
2024-06-07,7,23.2
2024-06-07,8,22.69
2024-06-07,9,19.66
2024-06-07,10,20.58
2024-06-07,11,22.71
2024-06-07,12,21.72
2024-06-07,13,20.83
2024-06-07,14,29.54
2024-06-07,15,33.2
2024-06-07,16,24.64
2024-06-07,17,27.37
2024-06-07,18,22.77
2024-06-07,19,23.86
2024-06-07,20,22.64
2024-06-07,21,22.16
2024-06-07,22,21.96
2024-06-07,23,22.59
2024-06-07,24,34.76
2024-06-08,1,25.4
2024-06-08,2,16.11
2024-06-08,3,10.78
2024-06-08,4,1.23
2024-06-08,5,5.56
2024-06-08,6,5.25
2024-06-08,7,6.89
2024-06-08,8,18.37
2024-06-08,9,15.5
2024-06-08,10,35.82
2024-06-08,11,22.65
2024-06-08,12,21.55
2024-06-08,13,20.58
2024-06-08,14,15.55
2024-06-08,15,21.59
2024-06-08,16,22.15
2024-06-08,17,26.73
2024-06-08,18,26.41
2024-06-08,19,23.17
2024-06-08,20,16.66
2024-06-08,21,21.6
2024-06-08,22,23.32
2024-06-08,23,27.04
2024-06-08,24,25.02
2024-06-09,1,32.83
2024-06-09,2,17.66
2024-06-09,3,14.14
2024-06-09,4,13.01
2024-06-09,5,5.5
2024-06-09,6,16.38
2024-06-09,7,18.16
2024-06-09,8,27.38
2024-06-09,9,18.9
2024-06-09,10,17.89
2024-06-09,11,14.81
2024-06-09,12,12.3
2024-06-09,13,3.75
2024-06-09,14,0.41
2024-06-09,15,0.82
2024-06-09,16,3.93
2024-06-09,17,11.69
2024-06-09,18,14.34
2024-06-09,19,14.37
2024-06-09,20,14.74
2024-06-09,21,18.13
2024-06-09,22,15.24
2024-06-09,23,12.96
2024-06-09,24,10.11
2024-06-10,1,1.73
2024-06-10,2,0.0
2024-06-10,3,0.0
2024-06-10,4,12.3
2024-06-10,5,13.93
2024-06-10,6,12.37
2024-06-10,7,12.04
2024-06-10,8,16.29
2024-06-10,9,21.1
2024-06-10,10,18.49
2024-06-10,11,20.31
2024-06-10,12,20.33
2024-06-10,13,21.63
2024-06-10,14,24.44
2024-06-10,15,21.14
2024-06-10,16,22.55
2024-06-10,17,23.03
2024-06-10,18,21.56
2024-06-10,19,21.45
2024-06-10,20,21.93
2024-06-10,21,31.68
2024-06-10,22,24.27
2024-06-10,23,25.08
2024-06-10,24,20.97
2024-06-11,1,15.29
2024-06-11,2,14.36
2024-06-11,3,14.33
2024-06-11,4,14.35
2024-06-11,5,23.59
2024-06-11,6,24.76
2024-06-11,7,27.59
2024-06-11,8,25.16
2024-06-11,9,25.0
2024-06-11,10,25.25
2024-06-11,11,24.98
2024-06-11,12,24.89
2024-06-11,13,25.82
2024-06-11,14,25.09
2024-06-11,15,24.9
2024-06-11,16,24.93
2024-06-11,17,26.42
2024-06-11,18,26.61
2024-06-11,19,32.79
2024-06-11,20,33.73
2024-06-11,21,36.48
2024-06-11,22,33.04
2024-06-11,23,25.64
2024-06-11,24,25.93
2024-06-12,1,16.7
2024-06-12,2,21.17
2024-06-12,3,14.83
2024-06-12,4,25.8
2024-06-12,5,24.25
2024-06-12,6,29.89
2024-06-12,7,31.42
2024-06-12,8,33.51
2024-06-12,9,30.79
2024-06-12,10,29.13
2024-06-12,11,26.39
2024-06-12,12,27.9
2024-06-12,13,29.64
2024-06-12,14,29.75
2024-06-12,15,29.34
2024-06-12,16,32.05
2024-06-12,17,37.56
2024-06-12,18,30.89
2024-06-12,19,39.47
2024-06-12,20,44.85
2024-06-12,21,33.48
2024-06-12,22,26.83
2024-06-12,23,24.9
2024-06-12,24,18.04
2024-06-13,1,6.95
2024-06-13,2,0.0
2024-06-13,3,0.0
2024-06-13,4,8.97
2024-06-13,5,13.62
2024-06-13,6,11.12
2024-06-13,7,15.28
2024-06-13,8,21.16
2024-06-13,9,30.5
2024-06-13,10,33.16
2024-06-13,11,32.35
2024-06-13,12,31.66
2024-06-13,13,31.86
2024-06-13,14,41.21
2024-06-13,15,33.83
2024-06-13,16,38.27
2024-06-13,17,37.16
2024-06-13,18,45.87
2024-06-13,19,36.83
2024-06-13,20,32.93
2024-06-13,21,31.76
2024-06-13,22,37.9
2024-06-13,23,30.23
2024-06-13,24,32.39
2024-06-14,1,29.74
2024-06-14,2,38.59
2024-06-14,3,30.17
2024-06-14,4,20.62
2024-06-14,5,18.22
2024-06-14,6,27.47
2024-06-14,7,32.4
2024-06-14,8,31.77
2024-06-14,9,35.89
2024-06-14,10,37.29
2024-06-14,11,37.43
2024-06-14,12,41.19
2024-06-14,13,90.75
2024-06-14,14,38.15
2024-06-14,15,37.1
2024-06-14,16,32.57
2024-06-14,17,32.87
2024-06-14,18,30.48
2024-06-14,19,32.96
2024-06-14,20,37.33
2024-06-14,21,34.67
2024-06-14,22,31.47
2024-06-14,23,28.84
2024-06-14,24,25.96
2024-06-15,1,19.24
2024-06-15,2,21.04
2024-06-15,3,42.09
2024-06-15,4,14.38
2024-06-15,5,14.35
2024-06-15,6,15.29
2024-06-15,7,38.94
2024-06-15,8,27.97
2024-06-15,9,22.35
2024-06-15,10,20.26
2024-06-15,11,28.09
2024-06-15,12,27.93
2024-06-15,13,30.37
2024-06-15,14,28.22
2024-06-15,15,30.54
2024-06-15,16,31.95
2024-06-15,17,33.45
2024-06-15,18,35.58
2024-06-15,19,36.3
2024-06-15,20,32.76
2024-06-15,21,30.91
2024-06-15,22,36.36
2024-06-15,23,29.81
2024-06-15,24,25.78
2024-06-16,1,27.22
2024-06-16,2,15.08
2024-06-16,3,13.69
2024-06-16,4,1.95
2024-06-16,5,0.0
2024-06-16,6,6.58
2024-06-16,7,1.85
2024-06-16,8,6.39
2024-06-16,9,15.65
2024-06-16,10,21.61
2024-06-16,11,6.61
2024-06-16,12,22.56
2024-06-16,13,27.45
2024-06-16,14,26.88
2024-06-16,15,32.72
2024-06-16,16,33.19
2024-06-16,17,34.8
2024-06-16,18,32.65
2024-06-16,19,32.25
2024-06-16,20,27.43
2024-06-16,21,29.11
2024-06-16,22,25.55
2024-06-16,23,28.01
2024-06-16,24,20.12
2024-06-17,1,10.05
2024-06-17,2,0.0
2024-06-17,3,0.0
2024-06-17,4,0.0
2024-06-17,5,3.17
2024-06-17,6,8.76
2024-06-17,7,18.67
2024-06-17,8,21.97
2024-06-17,9,22.36
2024-06-17,10,19.71
2024-06-17,11,22.12
2024-06-17,12,28.08
2024-06-17,13,30.68
2024-06-17,14,34.17
2024-06-17,15,41.33
2024-06-17,16,42.38
2024-06-17,17,74.73
2024-06-17,18,45.51
2024-06-17,19,42.94
2024-06-17,20,79.98
2024-06-17,21,55.16
2024-06-17,22,50.35
2024-06-17,23,45.13
2024-06-17,24,29.02
2024-06-18,1,21.47
2024-06-18,2,25.33
2024-06-18,3,26.38
2024-06-18,4,29.17
2024-06-18,5,22.52
2024-06-18,6,45.94
2024-06-18,7,52.24
2024-06-18,8,56.73
2024-06-18,9,43.36
2024-06-18,10,35.54
2024-06-18,11,38.96
2024-06-18,12,41.61
2024-06-18,13,39.1
2024-06-18,14,41.54
2024-06-18,15,114.46
2024-06-18,16,49.66
2024-06-18,17,46.34
2024-06-18,18,31.62
2024-06-18,19,32.66
2024-06-18,20,38.05
2024-06-18,21,61.85
2024-06-18,22,99.42
2024-06-18,23,43.47
2024-06-18,24,33.25
2024-06-19,1,27.07
2024-06-19,2,20.71
2024-06-19,3,20.56
2024-06-19,4,21.1
2024-06-19,5,14.15
2024-06-19,6,21.37
2024-06-19,7,32.08
2024-06-19,8,32.64
2024-06-19,9,35.39
2024-06-19,10,41.26
2024-06-19,11,40.42
2024-06-19,12,38.59
2024-06-19,13,35.82
2024-06-19,14,40.72
2024-06-19,15,268.53
2024-06-19,16,115.45
2024-06-19,17,94.75
2024-06-19,18,118.25
2024-06-19,19,39.99
2024-06-19,20,80.92
2024-06-19,21,82.55
2024-06-19,22,62.97
2024-06-19,23,34.61
2024-06-19,24,32.09
2024-06-20,1,33.41
2024-06-20,2,28.02
2024-06-20,3,23.15
2024-06-20,4,27.26
2024-06-20,5,27.25
2024-06-20,6,28.62
2024-06-20,7,32.52
2024-06-20,8,36.56
2024-06-20,9,40.24
2024-06-20,10,41.74
2024-06-20,11,37.04
2024-06-20,12,39.96
2024-06-20,13,33.48
2024-06-20,14,34.37
2024-06-20,15,40.2
2024-06-20,16,35.6
2024-06-20,17,35.81
2024-06-20,18,35.89
2024-06-20,19,32.99
2024-06-20,20,40.28
2024-06-20,21,45.62
2024-06-20,22,32.97
2024-06-20,23,33.46
2024-06-20,24,34.91
2024-06-21,1,33.18
2024-06-21,2,35.7
2024-06-21,3,32.65
2024-06-21,4,33.56
2024-06-21,5,31.43
2024-06-21,6,33.55
2024-06-21,7,37.6
2024-06-21,8,41.73
2024-06-21,9,37.47
2024-06-21,10,41.64
2024-06-21,11,47.85
2024-06-21,12,49.65
2024-06-21,13,40.15
2024-06-21,14,39.58
2024-06-21,15,38.62
2024-06-21,16,37.91
2024-06-21,17,38.86
2024-06-21,18,39.11
2024-06-21,19,38.78
2024-06-21,20,43.43
2024-06-21,21,66.31
2024-06-21,22,100.95
2024-06-21,23,41.55
2024-06-21,24,29.41
2024-06-22,1,35.59
2024-06-22,2,30.73
2024-06-22,3,25.51
2024-06-22,4,25.83
2024-06-22,5,26.57
2024-06-22,6,17.73
2024-06-22,7,15.17
2024-06-22,8,27.95
2024-06-22,9,35.43
2024-06-22,10,39.6
2024-06-22,11,37.23
2024-06-22,12,35.16
2024-06-22,13,34.04
2024-06-22,14,33.72
2024-06-22,15,33.9
2024-06-22,16,37.69
2024-06-22,17,40.56
2024-06-22,18,33.52
2024-06-22,19,27.2
2024-06-22,20,34.05
2024-06-22,21,30.99
2024-06-22,22,29.46
2024-06-22,23,31.62
2024-06-22,24,22.67
2024-06-23,1,12.57
2024-06-23,2,12.17
2024-06-23,3,6.17
2024-06-23,4,0.0
2024-06-23,5,0.0
2024-06-23,6,0.0
2024-06-23,7,2.31
2024-06-23,8,13.61
2024-06-23,9,21.14
2024-06-23,10,36.27
2024-06-23,11,31.11
2024-06-23,12,29.04
2024-06-23,13,22.76
2024-06-23,14,24.72
2024-06-23,15,29.03
2024-06-23,16,29.19
2024-06-23,17,26.73
2024-06-23,18,23.46
2024-06-23,19,26.1
2024-06-23,20,29.37
2024-06-23,21,29.13
2024-06-23,22,28.42
2024-06-23,23,18.16
2024-06-23,24,13.68
2024-06-24,1,12.96
2024-06-24,2,8.07
2024-06-24,3,6.64
2024-06-24,4,8.02
2024-06-24,5,0.82
2024-06-24,6,8.17
2024-06-24,7,27.67
2024-06-24,8,29.47
2024-06-24,9,31.54
2024-06-24,10,32.64
2024-06-24,11,32.97
2024-06-24,12,32.99
2024-06-24,13,31.67
2024-06-24,14,31.93
2024-06-24,15,34.56
2024-06-24,16,43.16
2024-06-24,17,167.28
2024-06-24,18,125.76
2024-06-24,19,56.9
2024-06-24,20,47.63
2024-06-24,21,31.37
2024-06-24,22,26.49
2024-06-24,23,20.42
2024-06-24,24,11.15
2024-06-25,1,4.92
2024-06-25,2,4.23
2024-06-25,3,1.31
2024-06-25,4,0.0
2024-06-25,5,0.0
2024-06-25,6,0.0
2024-06-25,7,9.66
2024-06-25,8,17.58
2024-06-25,9,29.66
2024-06-25,10,25.95
2024-06-25,11,24.49
2024-06-25,12,20.15
2024-06-25,13,20.64
2024-06-25,14,21.69
2024-06-25,15,31.4
2024-06-25,16,33.3
2024-06-25,17,32.47
2024-06-25,18,35.15
2024-06-25,19,35.68
2024-06-25,20,31.37
2024-06-25,21,29.19
2024-06-25,22,30.29
2024-06-25,23,31.83
2024-06-25,24,22.64
2024-06-26,1,31.1
2024-06-26,2,18.95
2024-06-26,3,18.12
2024-06-26,4,10.94
2024-06-26,5,2.6
2024-06-26,6,27.31
2024-06-26,7,32.07
2024-06-26,8,35.64
2024-06-26,9,39.06
2024-06-26,10,164.66
2024-06-26,11,51.81
2024-06-26,12,61.99
2024-06-26,13,49.23
2024-06-26,14,29.78
2024-06-26,15,34.72
2024-06-26,16,34.29
2024-06-26,17,34.19
2024-06-26,18,34.24
2024-06-26,19,33.64
2024-06-26,20,34.21
2024-06-26,21,33.94
2024-06-26,22,32.87
2024-06-26,23,30.09
2024-06-26,24,26.46
2024-06-27,1,27.6
2024-06-27,2,30.08
2024-06-27,3,28.76
2024-06-27,4,24.89
2024-06-27,5,24.61
2024-06-27,6,24.64
2024-06-27,7,26.75
2024-06-27,8,27.64
2024-06-27,9,21.68
2024-06-27,10,25.93
2024-06-27,11,28.44
2024-06-27,12,30.83
2024-06-27,13,29.47
2024-06-27,14,28.42
2024-06-27,15,28.23
2024-06-27,16,28.66
2024-06-27,17,30.35
2024-06-27,18,34.07
2024-06-27,19,43.6
2024-06-27,20,30.16
2024-06-27,21,29.3
2024-06-27,22,30.75
2024-06-27,23,31.91
2024-06-27,24,29.28
2024-06-28,1,24.04
2024-06-28,2,18.94
2024-06-28,3,12.96
2024-06-28,4,14.34
2024-06-28,5,14.36
2024-06-28,6,2.28
2024-06-28,7,10.1
2024-06-28,8,26.9
2024-06-28,9,29.67
2024-06-28,10,33.32
2024-06-28,11,34.76
2024-06-28,12,28.88
2024-06-28,13,25.91
2024-06-28,14,27.87
2024-06-28,15,35.81
2024-06-28,16,27.9
2024-06-28,17,25.46
2024-06-28,18,25.19
2024-06-28,19,25.79
2024-06-28,20,26.41
2024-06-28,21,27.83
2024-06-28,22,23.44
2024-06-28,23,13.82
2024-06-28,24,6.87
2024-06-29,1,7.95
2024-06-29,2,4.01
2024-06-29,3,0.0
2024-06-29,4,2.09
2024-06-29,5,2.03
2024-06-29,6,2.04
2024-06-29,7,10.75
2024-06-29,8,19.71
2024-06-29,9,24.18
2024-06-29,10,26.67
2024-06-29,11,30.0
2024-06-29,12,22.63
2024-06-29,13,26.46
2024-06-29,14,15.56
2024-06-29,15,18.31
2024-06-29,16,23.56
2024-06-29,17,28.15
2024-06-29,18,35.26
2024-06-29,19,29.57
2024-06-29,20,30.2
2024-06-29,21,33.3
2024-06-29,22,27.9
2024-06-29,23,24.38
2024-06-29,24,38.38
2024-06-30,1,29.54
2024-06-30,2,16.89
2024-06-30,3,10.2
2024-06-30,4,5.62
2024-06-30,5,2.02
2024-06-30,6,6.3
2024-06-30,7,14.34
2024-06-30,8,12.34
2024-06-30,9,5.56
2024-06-30,10,0.4
2024-06-30,11,5.68
2024-06-30,12,9.56
2024-06-30,13,14.36
2024-06-30,14,14.32
2024-06-30,15,7.98
2024-06-30,16,5.93
2024-06-30,17,1.69
2024-06-30,18,5.19
2024-06-30,19,0.4
2024-06-30,20,5.98
2024-06-30,21,13.68
2024-06-30,22,20.13
2024-06-30,23,60.56
2024-06-30,24,13.66
2024-07-01,1,8.09
2024-07-01,2,5.22
2024-07-01,3,0.0
2024-07-01,4,0.0
2024-07-01,5,0.0
2024-07-01,6,8.55
2024-07-01,7,15.02
2024-07-01,8,22.33
2024-07-01,9,23.66
2024-07-01,10,21.27
2024-07-01,11,19.69
2024-07-01,12,16.36
2024-07-01,13,19.83
2024-07-01,14,21.66
2024-07-01,15,24.23
2024-07-01,16,23.74
2024-07-01,17,26.04
2024-07-01,18,27.98
2024-07-01,19,29.25
2024-07-01,20,26.11
2024-07-01,21,25.38
2024-07-01,22,27.62
2024-07-01,23,25.96
2024-07-01,24,24.29
2024-07-02,1,17.08
2024-07-02,2,14.36
2024-07-02,3,13.01
2024-07-02,4,14.31
2024-07-02,5,14.32
2024-07-02,6,12.31
2024-07-02,7,11.9
2024-07-02,8,22.01
2024-07-02,9,23.47
2024-07-02,10,23.53
2024-07-02,11,25.12
2024-07-02,12,25.59
2024-07-02,13,27.87
2024-07-02,14,33.16
2024-07-02,15,29.89
2024-07-02,16,28.16
2024-07-02,17,27.24
2024-07-02,18,24.64
2024-07-02,19,23.63
2024-07-02,20,25.0
2024-07-02,21,33.11
2024-07-02,22,26.14
2024-07-02,23,21.37
2024-07-02,24,13.7
2024-07-03,1,6.54
2024-07-03,2,2.19
2024-07-03,3,0.0
2024-07-03,4,0.0
2024-07-03,5,0.0
2024-07-03,6,6.76
2024-07-03,7,9.87
2024-07-03,8,22.45
2024-07-03,9,26.77
2024-07-03,10,29.3
2024-07-03,11,35.8
2024-07-03,12,70.7
2024-07-03,13,58.97
2024-07-03,14,32.66
2024-07-03,15,32.02
2024-07-03,16,69.74
2024-07-03,17,39.0
2024-07-03,18,32.45
2024-07-03,19,49.96
2024-07-03,20,164.78
2024-07-03,21,31.88
2024-07-03,22,36.54
2024-07-03,23,28.21
2024-07-03,24,25.49
2024-07-04,1,38.54
2024-07-04,2,26.52
2024-07-04,3,24.53
2024-07-04,4,26.61
2024-07-04,5,22.13
2024-07-04,6,18.77
2024-07-04,7,20.44
2024-07-04,8,26.96
2024-07-04,9,31.59
2024-07-04,10,36.61
2024-07-04,11,39.13
2024-07-04,12,57.08
2024-07-04,13,39.41
2024-07-04,14,33.04
2024-07-04,15,31.67
2024-07-04,16,33.36
2024-07-04,17,25.78
2024-07-04,18,29.36
2024-07-04,19,26.21
2024-07-04,20,25.35
2024-07-04,21,57.78
2024-07-04,22,69.2
2024-07-04,23,45.14
2024-07-04,24,32.18
2024-07-05,1,26.93
2024-07-05,2,25.04
2024-07-05,3,21.07
2024-07-05,4,24.87
2024-07-05,5,25.3
2024-07-05,6,24.9
2024-07-05,7,27.6
2024-07-05,8,29.85
2024-07-05,9,36.15
2024-07-05,10,73.31
2024-07-05,11,74.78
2024-07-05,12,67.4
2024-07-05,13,83.42
2024-07-05,14,70.0
2024-07-05,15,26.94
2024-07-05,16,43.38
2024-07-05,17,38.74
2024-07-05,18,29.24
2024-07-05,19,32.8
2024-07-05,20,47.66
2024-07-05,21,42.68
2024-07-05,22,38.39
2024-07-05,23,33.39
2024-07-05,24,25.1
2024-07-06,1,35.38
2024-07-06,2,23.53
2024-07-06,3,21.24
2024-07-06,4,22.55
2024-07-06,5,19.75
2024-07-06,6,18.46
2024-07-06,7,20.85
2024-07-06,8,24.66
2024-07-06,9,25.04
2024-07-06,10,25.43
2024-07-06,11,31.35
2024-07-06,12,28.01
2024-07-06,13,25.72
2024-07-06,14,25.55
2024-07-06,15,26.23
2024-07-06,16,25.51
2024-07-06,17,25.42
2024-07-06,18,24.74
2024-07-06,19,30.75
2024-07-06,20,32.46
2024-07-06,21,28.85
2024-07-06,22,34.93
2024-07-06,23,29.21
2024-07-06,24,23.98
2024-07-07,1,21.39
2024-07-07,2,22.32
2024-07-07,3,20.82
2024-07-07,4,23.85
2024-07-07,5,14.36
2024-07-07,6,14.35
2024-07-07,7,18.2
2024-07-07,8,21.58
2024-07-07,9,23.27
2024-07-07,10,25.66
2024-07-07,11,34.64
2024-07-07,12,30.55
2024-07-07,13,25.99
2024-07-07,14,29.39
2024-07-07,15,25.94
2024-07-07,16,39.39
2024-07-07,17,67.37
2024-07-07,18,77.35
2024-07-07,19,103.22
2024-07-07,20,37.9
2024-07-07,21,34.9
2024-07-07,22,30.2
2024-07-07,23,32.24
2024-07-07,24,27.56
2024-07-08,1,22.37
2024-07-08,2,22.6
2024-07-08,3,20.97
2024-07-08,4,20.96
2024-07-08,5,20.91
2024-07-08,6,20.03
2024-07-08,7,21.57
2024-07-08,8,26.09
2024-07-08,9,25.36
2024-07-08,10,29.74
2024-07-08,11,39.69
2024-07-08,12,37.33
2024-07-08,13,42.61
2024-07-08,14,73.4
2024-07-08,15,51.24
2024-07-08,16,43.8
2024-07-08,17,77.89
2024-07-08,18,295.48
2024-07-08,19,128.5
2024-07-08,20,54.13
2024-07-08,21,31.91
2024-07-08,22,38.99
2024-07-08,23,36.08
2024-07-08,24,29.88
2024-07-09,1,26.31
2024-07-09,2,29.6
2024-07-09,3,27.46
2024-07-09,4,27.05
2024-07-09,5,33.35
2024-07-09,6,31.83
2024-07-09,7,32.29
2024-07-09,8,36.5
2024-07-09,9,37.8
2024-07-09,10,38.68
2024-07-09,11,58.87
2024-07-09,12,61.32
2024-07-09,13,65.26
2024-07-09,14,150.17
2024-07-09,15,126.35
2024-07-09,16,142.77
2024-07-09,17,132.92
2024-07-09,18,56.77
2024-07-09,19,85.18
2024-07-09,20,106.9
2024-07-09,21,154.71
2024-07-09,22,91.83
2024-07-09,23,45.76
2024-07-09,24,40.11
2024-07-10,1,38.12
2024-07-10,2,31.15
2024-07-10,3,26.82
2024-07-10,4,25.5
2024-07-10,5,24.69
2024-07-10,6,22.77
2024-07-10,7,27.87
2024-07-10,8,45.52
2024-07-10,9,29.71
2024-07-10,10,29.86
2024-07-10,11,29.86
2024-07-10,12,30.01
2024-07-10,13,29.86
2024-07-10,14,28.78
2024-07-10,15,29.76
2024-07-10,16,29.86
2024-07-10,17,28.48
2024-07-10,18,27.69
2024-07-10,19,28.23
2024-07-10,20,27.3
2024-07-10,21,27.95
2024-07-10,22,25.98
2024-07-10,23,25.28
2024-07-10,24,20.19
2024-07-11,1,24.61
2024-07-11,2,18.85
2024-07-11,3,15.5
2024-07-11,4,17.65
2024-07-11,5,14.35
2024-07-11,6,22.64
2024-07-11,7,27.81
2024-07-11,8,28.3
2024-07-11,9,29.68
2024-07-11,10,29.92
2024-07-11,11,29.92
2024-07-11,12,33.95
2024-07-11,13,52.21
2024-07-11,14,77.32
2024-07-11,15,68.66
2024-07-11,16,65.75
2024-07-11,17,63.65
2024-07-11,18,59.52
2024-07-11,19,59.52
2024-07-11,20,91.36
2024-07-11,21,121.35
2024-07-11,22,77.7
2024-07-11,23,31.88
2024-07-11,24,30.25
2024-07-12,1,27.31
2024-07-12,2,34.7
2024-07-12,3,24.39
2024-07-12,4,28.79
2024-07-12,5,27.68
2024-07-12,6,27.57
2024-07-12,7,28.17
2024-07-12,8,31.83
2024-07-12,9,38.35
2024-07-12,10,76.8
2024-07-12,11,133.48
2024-07-12,12,60.78
2024-07-12,13,39.51
2024-07-12,14,53.43
2024-07-12,15,46.66
2024-07-12,16,50.1
2024-07-12,17,45.1
2024-07-12,18,36.41
2024-07-12,19,32.25
2024-07-12,20,30.0
2024-07-12,21,35.93
2024-07-12,22,35.06
2024-07-12,23,30.43
2024-07-12,24,28.05
2024-07-13,1,29.59
2024-07-13,2,28.83
2024-07-13,3,27.09
2024-07-13,4,30.25
2024-07-13,5,25.44
2024-07-13,6,16.89
2024-07-13,7,21.64
2024-07-13,8,27.89
2024-07-13,9,31.61
2024-07-13,10,38.79
2024-07-13,11,36.58
2024-07-13,12,40.4
2024-07-13,13,40.72
2024-07-13,14,38.31
2024-07-13,15,36.85
2024-07-13,16,36.9
2024-07-13,17,46.65
2024-07-13,18,52.96
2024-07-13,19,44.29
2024-07-13,20,33.78
2024-07-13,21,31.0
2024-07-13,22,33.58
2024-07-13,23,35.04
2024-07-13,24,29.59
2024-07-14,1,24.7
2024-07-14,2,22.71
2024-07-14,3,21.88
2024-07-14,4,17.32
2024-07-14,5,16.79
2024-07-14,6,14.41
2024-07-14,7,18.15
2024-07-14,8,24.22
2024-07-14,9,25.74
2024-07-14,10,28.43
2024-07-14,11,28.81
2024-07-14,12,28.77
2024-07-14,13,28.47
2024-07-14,14,25.49
2024-07-14,15,22.05
2024-07-14,16,25.62
2024-07-14,17,28.84
2024-07-14,18,70.28
2024-07-14,19,128.64
2024-07-14,20,37.62
2024-07-14,21,48.67
2024-07-14,22,32.73
2024-07-14,23,38.86
2024-07-14,24,33.48
2024-07-15,1,35.1
2024-07-15,2,27.43
2024-07-15,3,28.78
2024-07-15,4,27.52
2024-07-15,5,29.01
2024-07-15,6,26.03
2024-07-15,7,26.74
2024-07-15,8,32.64
2024-07-15,9,33.1
2024-07-15,10,30.57
2024-07-15,11,28.97
2024-07-15,12,29.75
2024-07-15,13,36.67
2024-07-15,14,32.76
2024-07-15,15,33.07
2024-07-15,16,57.75
2024-07-15,17,96.27
2024-07-15,18,102.34
2024-07-15,19,31.86
2024-07-15,20,30.43
2024-07-15,21,28.84
2024-07-15,22,38.04
2024-07-15,23,35.08
2024-07-15,24,30.81
2024-07-16,1,24.16
2024-07-16,2,21.12
2024-07-16,3,20.15
2024-07-16,4,25.6
2024-07-16,5,24.55
2024-07-16,6,24.41
2024-07-16,7,23.07
2024-07-16,8,23.96
2024-07-16,9,29.71
2024-07-16,10,29.56
2024-07-16,11,33.34
2024-07-16,12,29.11
2024-07-16,13,27.58
2024-07-16,14,23.93
2024-07-16,15,25.16
2024-07-16,16,25.17
2024-07-16,17,30.73
2024-07-16,18,38.96
2024-07-16,19,34.44
2024-07-16,20,27.61
2024-07-16,21,26.58
2024-07-16,22,32.8
2024-07-16,23,25.16
2024-07-16,24,24.86
2024-07-17,1,25.68
2024-07-17,2,27.7
2024-07-17,3,24.01
2024-07-17,4,23.96
2024-07-17,5,24.03
2024-07-17,6,27.06
2024-07-17,7,28.66
2024-07-17,8,28.33
2024-07-17,9,29.04
2024-07-17,10,28.69
2024-07-17,11,35.51
2024-07-17,12,48.3
2024-07-17,13,34.3
2024-07-17,14,31.54
2024-07-17,15,37.74
2024-07-17,16,32.79
2024-07-17,17,30.87
2024-07-17,18,37.73
2024-07-17,19,32.46
2024-07-17,20,30.69
2024-07-17,21,33.86
2024-07-17,22,28.29
2024-07-17,23,25.4
2024-07-17,24,23.63
2024-07-18,1,23.61
2024-07-18,2,21.27
2024-07-18,3,21.94
2024-07-18,4,18.22
2024-07-18,5,18.22
2024-07-18,6,21.68
2024-07-18,7,22.66
2024-07-18,8,22.84
2024-07-18,9,23.06
2024-07-18,10,23.17
2024-07-18,11,23.31
2024-07-18,12,23.34
2024-07-18,13,22.95
2024-07-18,14,24.49
2024-07-18,15,23.46
2024-07-18,16,22.94
2024-07-18,17,24.52
2024-07-18,18,26.65
2024-07-18,19,26.6
2024-07-18,20,25.4
2024-07-18,21,26.57
2024-07-18,22,23.8
2024-07-18,23,23.45
2024-07-18,24,22.64
2024-07-19,1,21.0
2024-07-19,2,6.78
2024-07-19,3,14.77
2024-07-19,4,9.92
2024-07-19,5,14.37
2024-07-19,6,21.08
2024-07-19,7,22.56
2024-07-19,8,22.88
2024-07-19,9,22.99
2024-07-19,10,23.84
2024-07-19,11,24.05
2024-07-19,12,27.58
2024-07-19,13,25.69
2024-07-19,14,25.66
2024-07-19,15,25.5
2024-07-19,16,25.66
2024-07-19,17,26.18
2024-07-19,18,28.19
2024-07-19,19,28.11
2024-07-19,20,28.0
2024-07-19,21,27.23
2024-07-19,22,26.02
2024-07-19,23,24.08
2024-07-19,24,24.03
2024-07-20,1,23.05
2024-07-20,2,16.3
2024-07-20,3,14.36
2024-07-20,4,14.35
2024-07-20,5,15.5
2024-07-20,6,17.87
2024-07-20,7,19.71
2024-07-20,8,21.75
2024-07-20,9,22.77
2024-07-20,10,23.34
2024-07-20,11,23.94
2024-07-20,12,24.03
2024-07-20,13,24.02
2024-07-20,14,26.36
2024-07-20,15,25.9
2024-07-20,16,32.0
2024-07-20,17,36.99
2024-07-20,18,27.54
2024-07-20,19,35.23
2024-07-20,20,26.14
2024-07-20,21,62.5
2024-07-20,22,125.96
2024-07-20,23,29.88
2024-07-20,24,22.8
2024-07-21,1,22.69
2024-07-21,2,34.64
2024-07-21,3,21.74
2024-07-21,4,18.44
2024-07-21,5,19.5
2024-07-21,6,14.36
2024-07-21,7,15.6
2024-07-21,8,22.72
2024-07-21,9,24.94
2024-07-21,10,26.89
2024-07-21,11,27.1
2024-07-21,12,27.29
2024-07-21,13,28.14
2024-07-21,14,27.55
2024-07-21,15,27.51
2024-07-21,16,38.37
2024-07-21,17,84.1
2024-07-21,18,53.78
2024-07-21,19,29.28
2024-07-21,20,28.28
2024-07-21,21,39.27
2024-07-21,22,36.63
2024-07-21,23,32.96
2024-07-21,24,26.79
2024-07-22,1,26.31
2024-07-22,2,23.59
2024-07-22,3,21.58
2024-07-22,4,22.16
2024-07-22,5,22.45
2024-07-22,6,22.58
2024-07-22,7,23.63
2024-07-22,8,27.12
2024-07-22,9,27.44
2024-07-22,10,45.52
2024-07-22,11,43.98
2024-07-22,12,47.19
2024-07-22,13,49.96
2024-07-22,14,36.93
2024-07-22,15,34.54
2024-07-22,16,58.84
2024-07-22,17,41.03
2024-07-22,18,27.67
2024-07-22,19,26.99
2024-07-22,20,35.53
2024-07-22,21,51.04
2024-07-22,22,32.05
2024-07-22,23,30.43
2024-07-22,24,27.85
2024-07-23,1,28.5
2024-07-23,2,28.48
2024-07-23,3,26.66
2024-07-23,4,25.56
2024-07-23,5,28.36
2024-07-23,6,28.56
2024-07-23,7,28.43
2024-07-23,8,28.76
2024-07-23,9,30.2
2024-07-23,10,28.89
2024-07-23,11,32.18
2024-07-23,12,29.15
2024-07-23,13,28.84
2024-07-23,14,37.45
2024-07-23,15,30.79
2024-07-23,16,38.27
2024-07-23,17,42.62
2024-07-23,18,30.85
2024-07-23,19,26.82
2024-07-23,20,33.34
2024-07-23,21,44.22
2024-07-23,22,31.26
2024-07-23,23,27.46
2024-07-23,24,25.29
2024-07-24,1,25.61
2024-07-24,2,22.27
2024-07-24,3,17.7
2024-07-24,4,16.1
2024-07-24,5,16.54
2024-07-24,6,24.99
2024-07-24,7,28.25
2024-07-24,8,60.77
2024-07-24,9,78.0
2024-07-24,10,217.6
2024-07-24,11,45.19
2024-07-24,12,28.48
2024-07-24,13,28.35
2024-07-24,14,29.62
2024-07-24,15,28.81
2024-07-24,16,27.55
2024-07-24,17,27.75
2024-07-24,18,29.86
2024-07-24,19,32.84
2024-07-24,20,28.45
2024-07-24,21,34.49
2024-07-24,22,28.74
2024-07-24,23,27.79
2024-07-24,24,24.37
2024-07-25,1,23.91
2024-07-25,2,23.73
2024-07-25,3,23.27
2024-07-25,4,20.79
2024-07-25,5,23.99
2024-07-25,6,24.29
2024-07-25,7,24.84
2024-07-25,8,28.07
2024-07-25,9,27.76
2024-07-25,10,27.81
2024-07-25,11,28.54
2024-07-25,12,28.28
2024-07-25,13,28.73
2024-07-25,14,27.78
2024-07-25,15,26.87
2024-07-25,16,27.12
2024-07-25,17,28.31
2024-07-25,18,32.48
2024-07-25,19,27.23
2024-07-25,20,27.77
2024-07-25,21,31.62
2024-07-25,22,26.99
2024-07-25,23,27.38
2024-07-25,24,23.81
2024-07-26,1,23.3
2024-07-26,2,19.22
2024-07-26,3,18.05
2024-07-26,4,15.1
2024-07-26,5,23.24
2024-07-26,6,22.26
2024-07-26,7,21.98
2024-07-26,8,23.55
2024-07-26,9,26.11
2024-07-26,10,27.81
2024-07-26,11,27.89
2024-07-26,12,28.02
2024-07-26,13,28.05
2024-07-26,14,28.07
2024-07-26,15,28.14
2024-07-26,16,27.94
2024-07-26,17,95.69
2024-07-26,18,45.58
2024-07-26,19,28.05
2024-07-26,20,28.96
2024-07-26,21,33.97
2024-07-26,22,29.51
2024-07-26,23,27.17
2024-07-26,24,23.75
2024-07-27,1,24.46
2024-07-27,2,23.21
2024-07-27,3,23.75
2024-07-27,4,22.14
2024-07-27,5,22.68
2024-07-27,6,20.02
2024-07-27,7,21.91
2024-07-27,8,21.92
2024-07-27,9,23.13
2024-07-27,10,26.88
2024-07-27,11,26.96
2024-07-27,12,27.33
2024-07-27,13,27.31
2024-07-27,14,27.18
2024-07-27,15,26.68
2024-07-27,16,27.43
2024-07-27,17,33.77
2024-07-27,18,31.32
2024-07-27,19,27.8
2024-07-27,20,27.34
2024-07-27,21,27.29
2024-07-27,22,34.27
2024-07-27,23,26.68
2024-07-27,24,24.06
2024-07-28,1,27.2
2024-07-28,2,21.18
2024-07-28,3,14.43
2024-07-28,4,14.38
2024-07-28,5,14.37
2024-07-28,6,14.24
2024-07-28,7,14.09
2024-07-28,8,18.22
2024-07-28,9,22.85
2024-07-28,10,26.94
2024-07-28,11,27.55
2024-07-28,12,27.88
2024-07-28,13,31.19
2024-07-28,14,31.4
2024-07-28,15,31.48
2024-07-28,16,34.82
2024-07-28,17,79.57
2024-07-28,18,39.19
2024-07-28,19,30.29
2024-07-28,20,29.58
2024-07-28,21,37.59
2024-07-28,22,30.75
2024-07-28,23,25.36
2024-07-28,24,23.81
2024-07-29,1,29.62
2024-07-29,2,30.31
2024-07-29,3,35.98
2024-07-29,4,25.9
2024-07-29,5,27.2
2024-07-29,6,27.33
2024-07-29,7,26.74
2024-07-29,8,29.02
2024-07-29,9,30.58
2024-07-29,10,52.03
2024-07-29,11,58.4
2024-07-29,12,49.51
2024-07-29,13,54.6
2024-07-29,14,67.48
2024-07-29,15,40.95
2024-07-29,16,56.77
2024-07-29,17,49.01
2024-07-29,18,40.59
2024-07-29,19,68.06
2024-07-29,20,62.07
2024-07-29,21,75.04
2024-07-29,22,61.19
2024-07-29,23,37.45
2024-07-29,24,27.8
2024-07-30,1,32.37
2024-07-30,2,34.8
2024-07-30,3,29.43
2024-07-30,4,23.31
2024-07-30,5,27.41
2024-07-30,6,27.8
2024-07-30,7,32.31
2024-07-30,8,51.04
2024-07-30,9,76.54
2024-07-30,10,79.52
2024-07-30,11,48.13
2024-07-30,12,51.01
2024-07-30,13,38.03
2024-07-30,14,40.39
2024-07-30,15,36.17
2024-07-30,16,36.25
2024-07-30,17,35.87
2024-07-30,18,66.48
2024-07-30,19,144.0
2024-07-30,20,112.5
2024-07-30,21,156.66
2024-07-30,22,76.27
2024-07-30,23,53.43
2024-07-30,24,37.85
2024-07-31,1,36.44
2024-07-31,2,38.7
2024-07-31,3,29.12
2024-07-31,4,25.58
2024-07-31,5,27.13
2024-07-31,6,27.04
2024-07-31,7,28.05
2024-07-31,8,29.47
2024-07-31,9,31.12
2024-07-31,10,36.45
2024-07-31,11,61.64
2024-07-31,12,82.02
2024-07-31,13,78.87
2024-07-31,14,57.3
2024-07-31,15,37.02
2024-07-31,16,121.01
2024-07-31,17,171.38
2024-07-31,18,274.11
2024-07-31,19,147.28
2024-07-31,20,64.58
2024-07-31,21,109.09
2024-07-31,22,138.5
2024-07-31,23,64.65
2024-07-31,24,39.24
2024-08-01,1,34.68
2024-08-01,2,32.32
2024-08-01,3,31.14
2024-08-01,4,29.16
2024-08-01,5,28.78
2024-08-01,6,28.65
2024-08-01,7,30.53
2024-08-01,8,33.83
2024-08-01,9,31.92
2024-08-01,10,31.41
2024-08-01,11,52.46
2024-08-01,12,32.83
2024-08-01,13,31.64
2024-08-01,14,92.92
2024-08-01,15,172.46
2024-08-01,16,161.29
2024-08-01,17,291.16
2024-08-01,18,160.32
2024-08-01,19,102.64
2024-08-01,20,49.38
2024-08-01,21,128.91
2024-08-01,22,97.3
2024-08-01,23,54.51
2024-08-01,24,35.31
2024-08-02,1,64.79
2024-08-02,2,50.17
2024-08-02,3,44.39
2024-08-02,4,48.55
2024-08-02,5,53.31
2024-08-02,6,29.49
2024-08-02,7,28.01
2024-08-02,8,28.8
2024-08-02,9,37.9
2024-08-02,10,43.51
2024-08-02,11,39.61
2024-08-02,12,40.51
2024-08-02,13,39.3
2024-08-02,14,39.31
2024-08-02,15,57.65
2024-08-02,16,136.15
2024-08-02,17,60.11
2024-08-02,18,138.14
2024-08-02,19,40.31
2024-08-02,20,34.46
2024-08-02,21,57.59
2024-08-02,22,58.34
2024-08-02,23,33.47
2024-08-02,24,33.6
2024-08-03,1,32.53
2024-08-03,2,31.77
2024-08-03,3,31.57
2024-08-03,4,31.85
2024-08-03,5,28.47
2024-08-03,6,28.62
2024-08-03,7,27.99
2024-08-03,8,28.39
2024-08-03,9,28.86
2024-08-03,10,28.33
2024-08-03,11,28.28
2024-08-03,12,30.19
2024-08-03,13,29.3
2024-08-03,14,30.56
2024-08-03,15,36.86
2024-08-03,16,66.99
2024-08-03,17,41.05
2024-08-03,18,36.0
2024-08-03,19,42.74
2024-08-03,20,71.92
2024-08-03,21,33.6
2024-08-03,22,46.9
2024-08-03,23,46.37
2024-08-03,24,29.26
2024-08-04,1,28.38
2024-08-04,2,28.4
2024-08-04,3,28.19
2024-08-04,4,22.93
2024-08-04,5,23.67
2024-08-04,6,23.65
2024-08-04,7,21.39
2024-08-04,8,26.7
2024-08-04,9,28.33
2024-08-04,10,27.16
2024-08-04,11,26.27
2024-08-04,12,23.69
2024-08-04,13,25.25
2024-08-04,14,25.64
2024-08-04,15,28.35
2024-08-04,16,32.75
2024-08-04,17,101.75
2024-08-04,18,50.65
2024-08-04,19,33.13
2024-08-04,20,28.54
2024-08-04,21,27.39
2024-08-04,22,36.19
2024-08-04,23,31.98
2024-08-04,24,26.67
2024-08-05,1,27.62
2024-08-05,2,28.23
2024-08-05,3,29.58
2024-08-05,4,27.78
2024-08-05,5,27.99
2024-08-05,6,28.37
2024-08-05,7,22.75
2024-08-05,8,28.25
2024-08-05,9,28.49
2024-08-05,10,28.27
2024-08-05,11,67.17
2024-08-05,12,29.19
2024-08-05,13,56.73
2024-08-05,14,92.67
2024-08-05,15,107.79
2024-08-05,16,36.93
2024-08-05,17,35.05
2024-08-05,18,28.23
2024-08-05,19,29.73
2024-08-05,20,31.05
2024-08-05,21,26.6
2024-08-05,22,34.32
2024-08-05,23,30.48
2024-08-05,24,28.36
2024-08-06,1,41.75
2024-08-06,2,24.47
2024-08-06,3,23.54
2024-08-06,4,20.98
2024-08-06,5,21.83
2024-08-06,6,27.61
2024-08-06,7,28.16
2024-08-06,8,27.99
2024-08-06,9,28.74
2024-08-06,10,28.36
2024-08-06,11,28.83
2024-08-06,12,28.55
2024-08-06,13,29.3
2024-08-06,14,28.44
2024-08-06,15,28.14
2024-08-06,16,28.12
2024-08-06,17,28.16
2024-08-06,18,27.54
2024-08-06,19,28.03
2024-08-06,20,28.25
2024-08-06,21,28.3
2024-08-06,22,34.34
2024-08-06,23,26.65
2024-08-06,24,24.12
2024-08-07,1,16.41
2024-08-07,2,13.1
2024-08-07,3,12.33
2024-08-07,4,14.36
2024-08-07,5,19.59
2024-08-07,6,18.92
2024-08-07,7,22.18
2024-08-07,8,25.38
2024-08-07,9,27.83
2024-08-07,10,27.93
2024-08-07,11,27.94
2024-08-07,12,27.91
2024-08-07,13,28.03
2024-08-07,14,30.17
2024-08-07,15,28.09
2024-08-07,16,28.61
2024-08-07,17,27.93
2024-08-07,18,35.06
2024-08-07,19,49.51
2024-08-07,20,28.42
2024-08-07,21,30.42
2024-08-07,22,29.42
2024-08-07,23,27.59
2024-08-07,24,21.08
2024-08-08,1,24.53
2024-08-08,2,21.75
2024-08-08,3,19.89
2024-08-08,4,19.99
2024-08-08,5,23.59
2024-08-08,6,26.27
2024-08-08,7,27.47
2024-08-08,8,28.2
2024-08-08,9,29.62
2024-08-08,10,43.61
2024-08-08,11,45.4
2024-08-08,12,48.26
2024-08-08,13,45.77
2024-08-08,14,33.0
2024-08-08,15,57.49
2024-08-08,16,65.2
2024-08-08,17,50.64
2024-08-08,18,248.1
2024-08-08,19,74.68
2024-08-08,20,120.82
2024-08-08,21,138.97
2024-08-08,22,68.0
2024-08-08,23,32.98
2024-08-08,24,47.06
2024-08-09,1,32.22
2024-08-09,2,31.27
2024-08-09,3,28.65
2024-08-09,4,29.37
2024-08-09,5,28.62
2024-08-09,6,28.55
2024-08-09,7,37.74
2024-08-09,8,42.5
2024-08-09,9,43.74
2024-08-09,10,28.48
2024-08-09,11,28.53
2024-08-09,12,51.51
2024-08-09,13,63.36
2024-08-09,14,68.61
2024-08-09,15,33.77
2024-08-09,16,34.79
2024-08-09,17,45.22
2024-08-09,18,39.56
2024-08-09,19,40.63
2024-08-09,20,32.4
2024-08-09,21,33.04
2024-08-09,22,31.01
2024-08-09,23,25.46
2024-08-09,24,23.48
2024-08-10,1,26.35
2024-08-10,2,21.28
2024-08-10,3,19.44
2024-08-10,4,17.25
2024-08-10,5,17.08
2024-08-10,6,20.54
2024-08-10,7,21.25
2024-08-10,8,22.71
2024-08-10,9,23.77
2024-08-10,10,21.26
2024-08-10,11,23.79
2024-08-10,12,17.74
2024-08-10,13,21.78
2024-08-10,14,23.88
2024-08-10,15,23.84
2024-08-10,16,20.01
2024-08-10,17,20.15
2024-08-10,18,24.32
2024-08-10,19,25.08
2024-08-10,20,25.29
2024-08-10,21,25.63
2024-08-10,22,24.68
2024-08-10,23,24.94
2024-08-10,24,17.6
2024-08-11,1,13.54
2024-08-11,2,6.66
2024-08-11,3,5.96
2024-08-11,4,5.9
2024-08-11,5,9.57
2024-08-11,6,14.35
2024-08-11,7,13.33
2024-08-11,8,16.8
2024-08-11,9,21.18
2024-08-11,10,20.24
2024-08-11,11,20.73
2024-08-11,12,14.62
2024-08-11,13,14.57
2024-08-11,14,19.39
2024-08-11,15,22.97
2024-08-11,16,23.84
2024-08-11,17,25.84
2024-08-11,18,24.89
2024-08-11,19,28.69
2024-08-11,20,38.78
2024-08-11,21,28.77
2024-08-11,22,25.47
2024-08-11,23,22.14
2024-08-11,24,18.4
2024-08-12,1,18.08
2024-08-12,2,26.72
2024-08-12,3,33.34
2024-08-12,4,20.29
2024-08-12,5,19.31
2024-08-12,6,21.69
2024-08-12,7,23.66
2024-08-12,8,25.29
2024-08-12,9,25.18
2024-08-12,10,27.77
2024-08-12,11,28.54
2024-08-12,12,28.58
2024-08-12,13,28.96
2024-08-12,14,28.74
2024-08-12,15,28.58
2024-08-12,16,28.73
2024-08-12,17,29.23
2024-08-12,18,28.92
2024-08-12,19,28.87
2024-08-12,20,28.95
2024-08-12,21,33.3
2024-08-12,22,36.68
2024-08-12,23,28.39
2024-08-12,24,28.11
2024-08-13,1,27.12
2024-08-13,2,24.3
2024-08-13,3,24.31
2024-08-13,4,22.11
2024-08-13,5,24.91
2024-08-13,6,25.39
2024-08-13,7,26.4
2024-08-13,8,29.45
2024-08-13,9,29.11
2024-08-13,10,29.2
2024-08-13,11,29.91
2024-08-13,12,33.24
2024-08-13,13,31.03
2024-08-13,14,29.41
2024-08-13,15,29.18
2024-08-13,16,29.43
2024-08-13,17,34.85
2024-08-13,18,29.93
2024-08-13,19,34.84
2024-08-13,20,30.03
2024-08-13,21,39.99
2024-08-13,22,34.24
2024-08-13,23,29.66
2024-08-13,24,31.11
2024-08-14,1,54.37
2024-08-14,2,28.78
2024-08-14,3,24.27
2024-08-14,4,21.04
2024-08-14,5,24.29
2024-08-14,6,24.27
2024-08-14,7,23.97
2024-08-14,8,28.5
2024-08-14,9,29.43
2024-08-14,10,34.26
2024-08-14,11,32.45
2024-08-14,12,34.72
2024-08-14,13,34.11
2024-08-14,14,40.88
2024-08-14,15,59.9
2024-08-14,16,200.63
2024-08-14,17,141.59
2024-08-14,18,133.19
2024-08-14,19,37.96
2024-08-14,20,29.87
2024-08-14,21,29.67
2024-08-14,22,33.07
2024-08-14,23,27.41
2024-08-14,24,25.14
2024-08-15,1,26.5
2024-08-15,2,30.92
2024-08-15,3,29.44
2024-08-15,4,25.0
2024-08-15,5,28.07
2024-08-15,6,29.37
2024-08-15,7,29.1
2024-08-15,8,29.5
2024-08-15,9,29.66
2024-08-15,10,33.17
2024-08-15,11,38.27
2024-08-15,12,40.68
2024-08-15,13,51.91
2024-08-15,14,66.88
2024-08-15,15,84.82
2024-08-15,16,65.36
2024-08-15,17,64.03
2024-08-15,18,36.91
2024-08-15,19,44.4
2024-08-15,20,72.03
2024-08-15,21,67.29
2024-08-15,22,44.76
2024-08-15,23,31.55
2024-08-15,24,30.84
2024-08-16,1,29.12
2024-08-16,2,26.76
2024-08-16,3,24.85
2024-08-16,4,24.7
2024-08-16,5,24.81
2024-08-16,6,25.88
2024-08-16,7,27.52
2024-08-16,8,29.46
2024-08-16,9,29.94
2024-08-16,10,82.05
2024-08-16,11,38.51
2024-08-16,12,30.6
2024-08-16,13,29.79
2024-08-16,14,32.34
2024-08-16,15,35.21
2024-08-16,16,70.44
2024-08-16,17,34.08
2024-08-16,18,29.61
2024-08-16,19,31.99
2024-08-16,20,49.93
2024-08-16,21,38.99
2024-08-16,22,42.08
2024-08-16,23,33.1
2024-08-16,24,30.03
2024-08-17,1,27.48
2024-08-17,2,26.01
2024-08-17,3,24.16
2024-08-17,4,23.31
2024-08-17,5,25.26
2024-08-17,6,26.79
2024-08-17,7,25.41
2024-08-17,8,25.06
2024-08-17,9,28.75
2024-08-17,10,28.79
2024-08-17,11,28.99
2024-08-17,12,29.28
2024-08-17,13,29.04
2024-08-17,14,28.8
2024-08-17,15,29.09
2024-08-17,16,29.14
2024-08-17,17,35.73
2024-08-17,18,30.52
2024-08-17,19,38.45
2024-08-17,20,29.15
2024-08-17,21,41.35
2024-08-17,22,28.94
2024-08-17,23,28.58
2024-08-17,24,28.38
2024-08-18,1,27.68
2024-08-18,2,24.45
2024-08-18,3,26.69
2024-08-18,4,16.93
2024-08-18,5,31.92
2024-08-18,6,24.02
2024-08-18,7,23.66
2024-08-18,8,23.7
2024-08-18,9,24.21
2024-08-18,10,28.14
2024-08-18,11,28.77
2024-08-18,12,28.89
2024-08-18,13,28.76
2024-08-18,14,28.31
2024-08-18,15,28.63
2024-08-18,16,28.71
2024-08-18,17,28.96
2024-08-18,18,28.76
2024-08-18,19,28.69
2024-08-18,20,28.75
2024-08-18,21,29.35
2024-08-18,22,27.21
2024-08-18,23,24.08
2024-08-18,24,23.99
2024-08-19,1,59.11
2024-08-19,2,24.15
2024-08-19,3,9.92
2024-08-19,4,3.74
2024-08-19,5,13.7
2024-08-19,6,22.67
2024-08-19,7,24.31
2024-08-19,8,25.48
2024-08-19,9,25.84
2024-08-19,10,26.0
2024-08-19,11,25.73
2024-08-19,12,25.75
2024-08-19,13,25.74
2024-08-19,14,24.47
2024-08-19,15,24.22
2024-08-19,16,24.33
2024-08-19,17,26.72
2024-08-19,18,25.72
2024-08-19,19,26.81
2024-08-19,20,25.47
2024-08-19,21,25.68
2024-08-19,22,21.62
2024-08-19,23,14.74
2024-08-19,24,26.41
2024-08-20,1,14.35
2024-08-20,2,10.78
2024-08-20,3,2.69
2024-08-20,4,11.58
2024-08-20,5,14.29
2024-08-20,6,20.01
2024-08-20,7,24.35
2024-08-20,8,25.13
2024-08-20,9,23.99
2024-08-20,10,22.62
2024-08-20,11,21.53
2024-08-20,12,23.47
2024-08-20,13,23.24
2024-08-20,14,22.14
2024-08-20,15,21.48
2024-08-20,16,21.68
2024-08-20,17,22.85
2024-08-20,18,24.03
2024-08-20,19,28.42
2024-08-20,20,31.69
2024-08-20,21,24.91
2024-08-20,22,24.22
2024-08-20,23,21.16
2024-08-20,24,17.17
2024-08-21,1,15.58
2024-08-21,2,16.0
2024-08-21,3,20.06
2024-08-21,4,18.86
2024-08-21,5,19.88
2024-08-21,6,22.58
2024-08-21,7,25.44
2024-08-21,8,31.65
2024-08-21,9,28.59
2024-08-21,10,24.85
2024-08-21,11,23.17
2024-08-21,12,21.54
2024-08-21,13,22.53
2024-08-21,14,20.78
2024-08-21,15,23.16
2024-08-21,16,23.26
2024-08-21,17,27.15
2024-08-21,18,26.72
2024-08-21,19,28.09
2024-08-21,20,28.35
2024-08-21,21,33.7
2024-08-21,22,26.53
2024-08-21,23,24.36
2024-08-21,24,23.36
2024-08-22,1,24.07
2024-08-22,2,19.47
2024-08-22,3,18.36
2024-08-22,4,14.39
2024-08-22,5,17.63
2024-08-22,6,20.53
2024-08-22,7,22.87
2024-08-22,8,22.45
2024-08-22,9,20.51
2024-08-22,10,19.51
2024-08-22,11,18.35
2024-08-22,12,18.59
2024-08-22,13,20.56
2024-08-22,14,23.83
2024-08-22,15,22.79
2024-08-22,16,24.51
2024-08-22,17,27.29
2024-08-22,18,27.35
2024-08-22,19,27.35
2024-08-22,20,27.7
2024-08-22,21,27.82
2024-08-22,22,27.19
2024-08-22,23,25.25
2024-08-22,24,21.62
2024-08-23,1,15.34
2024-08-23,2,14.35
2024-08-23,3,12.37
2024-08-23,4,14.33
2024-08-23,5,18.18
2024-08-23,6,24.45
2024-08-23,7,25.72
2024-08-23,8,28.26
2024-08-23,9,26.2
2024-08-23,10,26.13
2024-08-23,11,26.3
2024-08-23,12,26.48
2024-08-23,13,26.46
2024-08-23,14,26.54
2024-08-23,15,26.52
2024-08-23,16,27.31
2024-08-23,17,32.57
2024-08-23,18,28.53
2024-08-23,19,27.59
2024-08-23,20,27.78
2024-08-23,21,29.67
2024-08-23,22,26.4
2024-08-23,23,26.42
2024-08-23,24,25.29
2024-08-24,1,24.32
2024-08-24,2,23.59
2024-08-24,3,21.53
2024-08-24,4,24.08
2024-08-24,5,22.8
2024-08-24,6,23.43
2024-08-24,7,20.86
2024-08-24,8,21.83
2024-08-24,9,21.63
2024-08-24,10,22.46
2024-08-24,11,22.47
2024-08-24,12,26.3
2024-08-24,13,26.37
2024-08-24,14,26.51
2024-08-24,15,26.57
2024-08-24,16,35.88
2024-08-24,17,46.31
2024-08-24,18,27.92
2024-08-24,19,27.01
2024-08-24,20,26.68
2024-08-24,21,26.76
2024-08-24,22,26.54
2024-08-24,23,25.55
2024-08-24,24,24.33
2024-08-25,1,24.52
2024-08-25,2,23.14
2024-08-25,3,22.24
2024-08-25,4,21.65
2024-08-25,5,21.65
2024-08-25,6,21.64
2024-08-25,7,21.68
2024-08-25,8,23.21
2024-08-25,9,26.72
2024-08-25,10,26.64
2024-08-25,11,26.93
2024-08-25,12,38.37
2024-08-25,13,51.26
2024-08-25,14,64.04
2024-08-25,15,54.78
2024-08-25,16,1394.13
2024-08-25,17,497.91
2024-08-25,18,78.73
2024-08-25,19,276.67
2024-08-25,20,30.52
2024-08-25,21,48.83
2024-08-25,22,35.5
2024-08-25,23,34.59
2024-08-25,24,24.69
2024-08-26,1,27.61
2024-08-26,2,24.39
2024-08-26,3,22.27
2024-08-26,4,21.99
2024-08-26,5,24.03
2024-08-26,6,26.24
2024-08-26,7,25.61
2024-08-26,8,25.63
2024-08-26,9,26.0
2024-08-26,10,27.65
2024-08-26,11,29.69
2024-08-26,12,76.55
2024-08-26,13,84.86
2024-08-26,14,41.93
2024-08-26,15,52.31
2024-08-26,16,59.85
2024-08-26,17,97.92
2024-08-26,18,49.65
2024-08-26,19,38.14
2024-08-26,20,38.82
2024-08-26,21,37.65
2024-08-26,22,33.96
2024-08-26,23,27.22
2024-08-26,24,23.03
2024-08-27,1,26.34
2024-08-27,2,27.05
2024-08-27,3,25.17
2024-08-27,4,24.7
2024-08-27,5,26.06
2024-08-27,6,27.06
2024-08-27,7,26.89
2024-08-27,8,28.1
2024-08-27,9,28.56
2024-08-27,10,39.52
2024-08-27,11,32.71
2024-08-27,12,27.03
2024-08-27,13,26.12
2024-08-27,14,29.66
2024-08-27,15,33.08
2024-08-27,16,28.45
2024-08-27,17,116.82
2024-08-27,18,37.29
2024-08-27,19,29.14
2024-08-27,20,36.97
2024-08-27,21,32.52
2024-08-27,22,51.25
2024-08-27,23,35.89
2024-08-27,24,31.2
2024-08-28,1,39.08
2024-08-28,2,26.83
2024-08-28,3,24.38
2024-08-28,4,23.13
2024-08-28,5,23.79
2024-08-28,6,24.41
2024-08-28,7,26.24
2024-08-28,8,28.37
2024-08-28,9,40.39
2024-08-28,10,49.61
2024-08-28,11,52.46
2024-08-28,12,31.8
2024-08-28,13,52.11
2024-08-28,14,37.39
2024-08-28,15,33.39
2024-08-28,16,26.61
2024-08-28,17,27.7
2024-08-28,18,27.71
2024-08-28,19,27.56
2024-08-28,20,28.27
2024-08-28,21,35.0
2024-08-28,22,38.01
2024-08-28,23,25.04
2024-08-28,24,25.8
2024-08-29,1,24.5
2024-08-29,2,23.55
2024-08-29,3,22.17
2024-08-29,4,22.12
2024-08-29,5,22.87
2024-08-29,6,26.16
2024-08-29,7,26.36
2024-08-29,8,26.4
2024-08-29,9,27.24
2024-08-29,10,28.47
2024-08-29,11,36.35
2024-08-29,12,59.57
2024-08-29,13,31.2
2024-08-29,14,29.68
2024-08-29,15,32.54
2024-08-29,16,37.05
2024-08-29,17,35.8
2024-08-29,18,31.94
2024-08-29,19,31.16
2024-08-29,20,33.78
2024-08-29,21,30.36
2024-08-29,22,27.25
2024-08-29,23,24.79
2024-08-29,24,23.15
2024-08-30,1,20.66
2024-08-30,2,17.91
2024-08-30,3,14.37
2024-08-30,4,14.6
2024-08-30,5,19.17
2024-08-30,6,22.52
2024-08-30,7,24.16
2024-08-30,8,26.07
2024-08-30,9,27.01
2024-08-30,10,26.83
2024-08-30,11,27.94
2024-08-30,12,30.19
2024-08-30,13,32.71
2024-08-30,14,32.35
2024-08-30,15,42.5
2024-08-30,16,100.27
2024-08-30,17,152.0
2024-08-30,18,52.11
2024-08-30,19,26.97
2024-08-30,20,35.08
2024-08-30,21,29.58
2024-08-30,22,28.31
2024-08-30,23,28.97
2024-08-30,24,26.38
2024-08-31,1,30.88
2024-08-31,2,28.65
2024-08-31,3,24.0
2024-08-31,4,20.21
2024-08-31,5,25.26
2024-08-31,6,25.32
2024-08-31,7,25.22
2024-08-31,8,26.11
2024-08-31,9,27.2
2024-08-31,10,34.42
2024-08-31,11,36.17
2024-08-31,12,34.5
2024-08-31,13,27.91
2024-08-31,14,26.63
2024-08-31,15,26.93
2024-08-31,16,49.86
2024-08-31,17,32.75
2024-08-31,18,27.71
2024-08-31,19,27.8
2024-08-31,20,27.02
2024-08-31,21,29.31
2024-08-31,22,28.43
2024-08-31,23,26.16
2024-08-31,24,24.97
2024-09-01,1,21.75
2024-09-01,2,18.32
2024-09-01,3,14.44
2024-09-01,4,16.58
2024-09-01,5,10.72
2024-09-01,6,8.46
2024-09-01,7,6.87
2024-09-01,8,19.78
2024-09-01,9,23.02
2024-09-01,10,26.65
2024-09-01,11,26.61
2024-09-01,12,27.34
2024-09-01,13,27.34
2024-09-01,14,26.79
2024-09-01,15,25.19
2024-09-01,16,24.83
2024-09-01,17,25.56
2024-09-01,18,27.21
2024-09-01,19,27.28
2024-09-01,20,25.69
2024-09-01,21,24.67
2024-09-01,22,24.47
2024-09-01,23,22.77
2024-09-01,24,22.49
2024-09-02,1,18.52
2024-09-02,2,14.25
2024-09-02,3,15.63
2024-09-02,4,14.33
2024-09-02,5,14.44
2024-09-02,6,14.38
2024-09-02,7,9.69
2024-09-02,8,14.33
2024-09-02,9,14.37
2024-09-02,10,17.24
2024-09-02,11,20.99
2024-09-02,12,16.83
2024-09-02,13,20.99
2024-09-02,14,19.98
2024-09-02,15,20.48
2024-09-02,16,22.34
2024-09-02,17,26.08
2024-09-02,18,27.25
2024-09-02,19,27.42
2024-09-02,20,27.37
2024-09-02,21,27.64
2024-09-02,22,26.69
2024-09-02,23,21.81
2024-09-02,24,22.33
2024-09-03,1,23.5
2024-09-03,2,23.36
2024-09-03,3,15.58
2024-09-03,4,7.69
2024-09-03,5,6.49
2024-09-03,6,24.64
2024-09-03,7,25.99
2024-09-03,8,26.05
2024-09-03,9,24.16
2024-09-03,10,24.31
2024-09-03,11,24.29
2024-09-03,12,24.3
2024-09-03,13,23.79
2024-09-03,14,19.33
2024-09-03,15,20.17
2024-09-03,16,26.02
2024-09-03,17,26.92
2024-09-03,18,27.43
2024-09-03,19,27.54
2024-09-03,20,26.94
2024-09-03,21,27.08
2024-09-03,22,23.09
2024-09-03,23,21.62
2024-09-03,24,22.53
2024-09-04,1,15.94
2024-09-04,2,0.83
2024-09-04,3,5.98
2024-09-04,4,14.35
2024-09-04,5,21.54
2024-09-04,6,24.21
2024-09-04,7,25.96
2024-09-04,8,25.37
2024-09-04,9,27.53
2024-09-04,10,27.71
2024-09-04,11,27.55
2024-09-04,12,27.47
2024-09-04,13,27.68
2024-09-04,14,28.56
2024-09-04,15,28.82
2024-09-04,16,70.89
2024-09-04,17,164.17
2024-09-04,18,32.37
2024-09-04,19,27.91
2024-09-04,20,27.39
2024-09-04,21,24.41
2024-09-04,22,24.28
2024-09-04,23,17.69
2024-09-04,24,21.82
2024-09-05,1,7.73
2024-09-05,2,7.08
2024-09-05,3,0.83
2024-09-05,4,1.24
2024-09-05,5,16.32
2024-09-05,6,22.9
2024-09-05,7,25.31
2024-09-05,8,25.85
2024-09-05,9,26.66
2024-09-05,10,28.6
2024-09-05,11,28.74
2024-09-05,12,29.06
2024-09-05,13,29.02
2024-09-05,14,29.46
2024-09-05,15,29.22
2024-09-05,16,29.35
2024-09-05,17,29.5
2024-09-05,18,29.04
2024-09-05,19,32.87
2024-09-05,20,29.31
2024-09-05,21,28.37
2024-09-05,22,26.34
2024-09-05,23,23.58
2024-09-05,24,21.47
2024-09-06,1,20.13
2024-09-06,2,30.5
2024-09-06,3,32.16
2024-09-06,4,30.78
2024-09-06,5,23.04
2024-09-06,6,26.14
2024-09-06,7,28.82
2024-09-06,8,28.92
2024-09-06,9,28.91
2024-09-06,10,30.01
2024-09-06,11,28.97
2024-09-06,12,29.54
2024-09-06,13,29.09
2024-09-06,14,29.23
2024-09-06,15,28.96
2024-09-06,16,28.97
2024-09-06,17,28.96
2024-09-06,18,32.81
2024-09-06,19,28.96
2024-09-06,20,29.09
2024-09-06,21,30.05
2024-09-06,22,28.73
2024-09-06,23,26.95
2024-09-06,24,24.35
2024-09-07,1,25.99
2024-09-07,2,18.47
2024-09-07,3,14.84
2024-09-07,4,17.14
2024-09-07,5,15.3
2024-09-07,6,21.87
2024-09-07,7,21.1
2024-09-07,8,23.1
2024-09-07,9,21.44
2024-09-07,10,23.7
2024-09-07,11,22.02
2024-09-07,12,22.33
2024-09-07,13,16.94
2024-09-07,14,14.44
2024-09-07,15,14.42
2024-09-07,16,16.15
2024-09-07,17,24.04
2024-09-07,18,25.55
2024-09-07,19,54.56
2024-09-07,20,26.29
2024-09-07,21,26.0
2024-09-07,22,24.26
2024-09-07,23,15.55
2024-09-07,24,6.3
2024-09-08,1,5.63
2024-09-08,2,0.0
2024-09-08,3,1.3
2024-09-08,4,1.34
2024-09-08,5,0.0
2024-09-08,6,6.31
2024-09-08,7,12.18
2024-09-08,8,20.79
2024-09-08,9,17.86
2024-09-08,10,3.53
2024-09-08,11,4.23
2024-09-08,12,3.8
2024-09-08,13,9.27
2024-09-08,14,18.43
2024-09-08,15,18.94
2024-09-08,16,20.72
2024-09-08,17,24.07
2024-09-08,18,33.37
2024-09-08,19,36.25
2024-09-08,20,26.6
2024-09-08,21,27.24
2024-09-08,22,18.31
2024-09-08,23,18.55
2024-09-08,24,14.36
2024-09-09,1,14.34
2024-09-09,2,14.33
2024-09-09,3,10.83
2024-09-09,4,6.8
2024-09-09,5,12.18
2024-09-09,6,22.96
2024-09-09,7,58.31
2024-09-09,8,54.02
2024-09-09,9,28.85
2024-09-09,10,29.05
2024-09-09,11,28.9
2024-09-09,12,27.5
2024-09-09,13,28.11
2024-09-09,14,27.09
2024-09-09,15,27.61
2024-09-09,16,27.57
2024-09-09,17,29.48
2024-09-09,18,116.37
2024-09-09,19,182.88
2024-09-09,20,91.5
2024-09-09,21,29.65
2024-09-09,22,27.35
2024-09-09,23,26.66
2024-09-09,24,25.31
2024-09-10,1,25.19
2024-09-10,2,25.65
2024-09-10,3,24.36
2024-09-10,4,24.24
2024-09-10,5,24.49
2024-09-10,6,28.99
2024-09-10,7,28.99
2024-09-10,8,29.14
2024-09-10,9,29.14
2024-09-10,10,29.14
2024-09-10,11,27.77
2024-09-10,12,28.07
2024-09-10,13,26.76
2024-09-10,14,26.92
2024-09-10,15,28.68
2024-09-10,16,29.18
2024-09-10,17,29.53
2024-09-10,18,29.17
2024-09-10,19,35.36
2024-09-10,20,37.71
2024-09-10,21,31.76
2024-09-10,22,31.29
2024-09-10,23,27.46
2024-09-10,24,24.2
2024-09-11,1,23.99
2024-09-11,2,14.36
2024-09-11,3,14.33
2024-09-11,4,14.8
2024-09-11,5,24.4
2024-09-11,6,29.54
2024-09-11,7,28.63
2024-09-11,8,28.03
2024-09-11,9,28.3
2024-09-11,10,26.58
2024-09-11,11,28.75
2024-09-11,12,29.08
2024-09-11,13,29.78
2024-09-11,14,29.76
2024-09-11,15,30.2
2024-09-11,16,31.34
2024-09-11,17,39.59
2024-09-11,18,39.21
2024-09-11,19,31.03
2024-09-11,20,31.65
2024-09-11,21,33.33
2024-09-11,22,31.93
2024-09-11,23,26.77
2024-09-11,24,24.55
2024-09-12,1,19.99
2024-09-12,2,21.28
2024-09-12,3,21.41
2024-09-12,4,19.59
2024-09-12,5,21.33
2024-09-12,6,27.32
2024-09-12,7,29.61
2024-09-12,8,28.18
2024-09-12,9,29.83
2024-09-12,10,29.92
2024-09-12,11,30.9
2024-09-12,12,30.11
2024-09-12,13,31.39
2024-09-12,14,30.82
2024-09-12,15,30.08
2024-09-12,16,32.99
2024-09-12,17,35.02
2024-09-12,18,30.84
2024-09-12,19,72.06
2024-09-12,20,33.23
2024-09-12,21,31.97
2024-09-12,22,30.22
2024-09-12,23,27.97
2024-09-12,24,25.81
2024-09-13,1,25.96
2024-09-13,2,24.11
2024-09-13,3,14.38
2024-09-13,4,24.83
2024-09-13,5,24.23
2024-09-13,6,29.5
2024-09-13,7,29.11
2024-09-13,8,28.48
2024-09-13,9,29.46
2024-09-13,10,30.29
2024-09-13,11,30.04
2024-09-13,12,30.81
2024-09-13,13,43.81
2024-09-13,14,36.74
2024-09-13,15,31.23
2024-09-13,16,35.53
2024-09-13,17,30.06
2024-09-13,18,29.61
2024-09-13,19,33.42
2024-09-13,20,32.87
2024-09-13,21,29.85
2024-09-13,22,29.59
2024-09-13,23,27.6
2024-09-13,24,27.98
2024-09-14,1,23.59
2024-09-14,2,15.32
2024-09-14,3,17.73
2024-09-14,4,16.83
2024-09-14,5,26.15
2024-09-14,6,24.97
2024-09-14,7,27.97
2024-09-14,8,27.79
2024-09-14,9,29.13
2024-09-14,10,31.0
2024-09-14,11,31.73
2024-09-14,12,31.27
2024-09-14,13,31.42
2024-09-14,14,32.63
2024-09-14,15,31.56
2024-09-14,16,43.27
2024-09-14,17,80.42
2024-09-14,18,35.45
2024-09-14,19,33.04
2024-09-14,20,30.85
2024-09-14,21,32.74
2024-09-14,22,28.35
2024-09-14,23,26.22
2024-09-14,24,24.07
2024-09-15,1,21.39
2024-09-15,2,19.8
2024-09-15,3,18.83
2024-09-15,4,20.33
2024-09-15,5,25.99
2024-09-15,6,23.39
2024-09-15,7,25.75
2024-09-15,8,27.66
2024-09-15,9,29.84
2024-09-15,10,31.44
2024-09-15,11,30.9
2024-09-15,12,30.97
2024-09-15,13,46.7
2024-09-15,14,59.76
2024-09-15,15,33.4
2024-09-15,16,112.33
2024-09-15,17,112.71
2024-09-15,18,118.53
2024-09-15,19,68.55
2024-09-15,20,37.11
2024-09-15,21,31.14
2024-09-15,22,34.79
2024-09-15,23,30.06
2024-09-15,24,30.46
2024-09-16,1,27.59
2024-09-16,2,23.1
2024-09-16,3,15.84
2024-09-16,4,23.96
2024-09-16,5,24.2
2024-09-16,6,29.37
2024-09-16,7,30.16
2024-09-16,8,30.89
2024-09-16,9,31.03
2024-09-16,10,30.84
2024-09-16,11,29.62
2024-09-16,12,29.7
2024-09-16,13,30.77
2024-09-16,14,31.03
2024-09-16,15,42.99
2024-09-16,16,65.43
2024-09-16,17,57.88
2024-09-16,18,57.85
2024-09-16,19,42.27
2024-09-16,20,33.92
2024-09-16,21,30.83
2024-09-16,22,29.84
2024-09-16,23,27.77
2024-09-16,24,26.37
2024-09-17,1,27.37
2024-09-17,2,24.98
2024-09-17,3,20.38
2024-09-17,4,21.08
2024-09-17,5,21.84
2024-09-17,6,30.29
2024-09-17,7,31.15
2024-09-17,8,31.28
2024-09-17,9,31.45
2024-09-17,10,31.32
2024-09-17,11,40.77
2024-09-17,12,37.39
2024-09-17,13,32.88
2024-09-17,14,33.61
2024-09-17,15,31.06
2024-09-17,16,32.21
2024-09-17,17,34.98
2024-09-17,18,33.0
2024-09-17,19,31.43
2024-09-17,20,30.6
2024-09-17,21,43.0
2024-09-17,22,30.74
2024-09-17,23,23.85
2024-09-17,24,24.39
2024-09-18,1,24.35
2024-09-18,2,20.79
2024-09-18,3,20.85
2024-09-18,4,18.35
2024-09-18,5,17.21
2024-09-18,6,30.77
2024-09-18,7,32.21
2024-09-18,8,32.33
2024-09-18,9,32.06
2024-09-18,10,32.43
2024-09-18,11,32.26
2024-09-18,12,37.54
2024-09-18,13,38.21
2024-09-18,14,39.36
2024-09-18,15,46.77
2024-09-18,16,51.37
2024-09-18,17,47.13
2024-09-18,18,42.96
2024-09-18,19,48.63
2024-09-18,20,50.04
2024-09-18,21,46.57
2024-09-18,22,35.14
2024-09-18,23,31.99
2024-09-18,24,31.44
2024-09-19,1,30.81
2024-09-19,2,32.93
2024-09-19,3,28.12
2024-09-19,4,28.12
2024-09-19,5,30.05
2024-09-19,6,31.93
2024-09-19,7,48.92
2024-09-19,8,36.44
2024-09-19,9,36.48
2024-09-19,10,36.12
2024-09-19,11,37.13
2024-09-19,12,90.29
2024-09-19,13,40.06
2024-09-19,14,48.48
2024-09-19,15,46.1
2024-09-19,16,107.86
2024-09-19,17,97.55
2024-09-19,18,38.66
2024-09-19,19,34.96
2024-09-19,20,40.81
2024-09-19,21,59.38
2024-09-19,22,50.64
2024-09-19,23,32.0
2024-09-19,24,29.19
2024-09-20,1,25.43
2024-09-20,2,25.61
2024-09-20,3,19.78
2024-09-20,4,25.61
2024-09-20,5,24.88
2024-09-20,6,29.06
2024-09-20,7,30.73
2024-09-20,8,31.25
2024-09-20,9,37.92
2024-09-20,10,31.34
2024-09-20,11,78.13
2024-09-20,12,41.42
2024-09-20,13,33.2
2024-09-20,14,31.28
2024-09-20,15,31.64
2024-09-20,16,66.49
2024-09-20,17,73.62
2024-09-20,18,66.36
2024-09-20,19,31.65
2024-09-20,20,30.8
2024-09-20,21,32.45
2024-09-20,22,29.57
2024-09-20,23,26.06
2024-09-20,24,22.48
2024-09-21,1,25.35
2024-09-21,2,31.29
2024-09-21,3,25.76
2024-09-21,4,25.55
2024-09-21,5,25.29
2024-09-21,6,27.28
2024-09-21,7,26.32
2024-09-21,8,27.18
2024-09-21,9,29.18
2024-09-21,10,30.63
2024-09-21,11,31.28
2024-09-21,12,30.65
2024-09-21,13,30.55
2024-09-21,14,30.72
2024-09-21,15,30.98
2024-09-21,16,47.65
2024-09-21,17,31.27
2024-09-21,18,30.74
2024-09-21,19,30.86
2024-09-21,20,33.52
2024-09-21,21,34.45
2024-09-21,22,33.75
2024-09-21,23,29.77
2024-09-21,24,27.69
2024-09-22,1,26.23
2024-09-22,2,25.34
2024-09-22,3,17.64
2024-09-22,4,17.91
2024-09-22,5,16.01
2024-09-22,6,25.55
2024-09-22,7,22.85
2024-09-22,8,25.32
2024-09-22,9,26.79
2024-09-22,10,27.95
2024-09-22,11,27.4
2024-09-22,12,33.51
2024-09-22,13,30.51
2024-09-22,14,46.58
2024-09-22,15,30.15
2024-09-22,16,31.73
2024-09-22,17,29.43
2024-09-22,18,29.99
2024-09-22,19,31.41
2024-09-22,20,30.56
2024-09-22,21,30.26
2024-09-22,22,29.94
2024-09-22,23,28.75
2024-09-22,24,28.63
2024-09-23,1,25.8
2024-09-23,2,25.5
2024-09-23,3,20.27
2024-09-23,4,25.42
2024-09-23,5,24.98
2024-09-23,6,26.52
2024-09-23,7,29.05
2024-09-23,8,30.35
2024-09-23,9,30.6
2024-09-23,10,34.78
2024-09-23,11,30.44
2024-09-23,12,30.46
2024-09-23,13,34.61
2024-09-23,14,30.54
2024-09-23,15,30.2
2024-09-23,16,29.32
2024-09-23,17,29.63
2024-09-23,18,46.86
2024-09-23,19,64.55
2024-09-23,20,37.91
2024-09-23,21,45.64
2024-09-23,22,30.08
2024-09-23,23,29.56
2024-09-23,24,26.65
2024-09-24,1,30.11
2024-09-24,2,28.21
2024-09-24,3,20.84
2024-09-24,4,19.51
2024-09-24,5,25.35
2024-09-24,6,32.18
2024-09-24,7,32.97
2024-09-24,8,33.53
2024-09-24,9,48.33
2024-09-24,10,61.69
2024-09-24,11,32.96
2024-09-24,12,32.84
2024-09-24,13,35.12
2024-09-24,14,34.2
2024-09-24,15,32.9
2024-09-24,16,33.06
2024-09-24,17,33.31
2024-09-24,18,33.1
2024-09-24,19,33.18
2024-09-24,20,33.12
2024-09-24,21,32.25
2024-09-24,22,28.76
2024-09-24,23,28.43
2024-09-24,24,12.78
2024-09-25,1,28.78
2024-09-25,2,29.33
2024-09-25,3,18.33
2024-09-25,4,6.23
2024-09-25,5,11.45
2024-09-25,6,28.0
2024-09-25,7,30.09
2024-09-25,8,30.54
2024-09-25,9,35.5
2024-09-25,10,35.23
2024-09-25,11,33.97
2024-09-25,12,32.53
2024-09-25,13,33.96
2024-09-25,14,34.28
2024-09-25,15,34.94
2024-09-25,16,77.47
2024-09-25,17,126.88
2024-09-25,18,34.72
2024-09-25,19,51.86
2024-09-25,20,72.83
2024-09-25,21,45.67
2024-09-25,22,33.81
2024-09-25,23,30.39
2024-09-25,24,29.45
2024-09-26,1,33.86
2024-09-26,2,29.92
2024-09-26,3,29.06
2024-09-26,4,18.03
2024-09-26,5,21.39
2024-09-26,6,33.81
2024-09-26,7,34.04
2024-09-26,8,34.32
2024-09-26,9,33.85
2024-09-26,10,34.04
2024-09-26,11,82.54
2024-09-26,12,34.76
2024-09-26,13,49.87
2024-09-26,14,63.6
2024-09-26,15,57.56
2024-09-26,16,42.71
2024-09-26,17,34.29
2024-09-26,18,34.07
2024-09-26,19,33.97
2024-09-26,20,33.95
2024-09-26,21,41.31
2024-09-26,22,35.98
2024-09-26,23,32.57
2024-09-26,24,29.5
2024-09-27,1,29.39
2024-09-27,2,26.22
2024-09-27,3,9.68
2024-09-27,4,12.92
2024-09-27,5,11.88
2024-09-27,6,30.7
2024-09-27,7,33.48
2024-09-27,8,33.76
2024-09-27,9,32.7
2024-09-27,10,33.67
2024-09-27,11,32.22
2024-09-27,12,31.44
2024-09-27,13,33.27
2024-09-27,14,33.3
2024-09-27,15,32.48
2024-09-27,16,33.35
2024-09-27,17,32.71
2024-09-27,18,28.96
2024-09-27,19,30.02
2024-09-27,20,29.62
2024-09-27,21,30.29
2024-09-27,22,28.14
2024-09-27,23,16.5
2024-09-27,24,8.33
2024-09-28,1,12.85
2024-09-28,2,14.34
2024-09-28,3,14.35
2024-09-28,4,18.71
2024-09-28,5,17.09
2024-09-28,6,20.38
2024-09-28,7,25.76
2024-09-28,8,27.76
2024-09-28,9,30.09
2024-09-28,10,31.19
2024-09-28,11,29.94
2024-09-28,12,30.11
2024-09-28,13,31.74
2024-09-28,14,34.6
2024-09-28,15,33.87
2024-09-28,16,34.35
2024-09-28,17,50.24
2024-09-28,18,30.0
2024-09-28,19,35.2
2024-09-28,20,85.34
2024-09-28,21,40.96
2024-09-28,22,43.65
2024-09-28,23,47.31
2024-09-28,24,28.05
2024-09-29,1,16.77
2024-09-29,2,40.86
2024-09-29,3,33.27
2024-09-29,4,14.38
2024-09-29,5,14.38
2024-09-29,6,28.76
2024-09-29,7,32.09
2024-09-29,8,26.84
2024-09-29,9,27.85
2024-09-29,10,28.02
2024-09-29,11,30.17
2024-09-29,12,36.73
2024-09-29,13,36.8
2024-09-29,14,33.69
2024-09-29,15,34.44
2024-09-29,16,37.93
2024-09-29,17,37.05
2024-09-29,18,39.72
2024-09-29,19,35.6
2024-09-29,20,47.81
2024-09-29,21,32.0
2024-09-29,22,30.73
2024-09-29,23,28.18
2024-09-29,24,27.07
2024-09-30,1,32.51
2024-09-30,2,4.35
2024-09-30,3,2.91
2024-09-30,4,4.34
2024-09-30,5,23.36
2024-09-30,6,28.18
2024-09-30,7,29.4
2024-09-30,8,30.8
2024-09-30,9,32.51
2024-09-30,10,32.71
2024-09-30,11,32.91
2024-09-30,12,33.12
2024-09-30,13,32.94
2024-09-30,14,32.87
2024-09-30,15,32.71
2024-09-30,16,48.17
2024-09-30,17,65.01
2024-09-30,18,47.01
2024-09-30,19,44.98
2024-09-30,20,40.84
2024-09-30,21,33.3
2024-09-30,22,32.22
2024-09-30,23,28.59
2024-09-30,24,28.11
2024-10-01,1,30.13
2024-10-01,2,30.92
2024-10-01,3,30.74
2024-10-01,4,29.08
2024-10-01,5,29.18
2024-10-01,6,33.47
2024-10-01,7,33.92
2024-10-01,8,33.95
2024-10-01,9,34.03
2024-10-01,10,34.28
2024-10-01,11,33.33
2024-10-01,12,34.08
2024-10-01,13,34.21
2024-10-01,14,33.8
2024-10-01,15,34.08
2024-10-01,16,33.46
2024-10-01,17,33.93
2024-10-01,18,29.74
2024-10-01,19,33.38
2024-10-01,20,34.39
2024-10-01,21,33.63
2024-10-01,22,33.79
2024-10-01,23,28.59
2024-10-01,24,28.66
2024-10-02,1,20.31
2024-10-02,2,15.27
2024-10-02,3,29.9
2024-10-02,4,26.02
2024-10-02,5,30.95
2024-10-02,6,32.85
2024-10-02,7,33.8
2024-10-02,8,35.61
2024-10-02,9,35.01
2024-10-02,10,34.91
2024-10-02,11,34.76
2024-10-02,12,34.44
2024-10-02,13,34.07
2024-10-02,14,32.2
2024-10-02,15,32.49
2024-10-02,16,34.92
2024-10-02,17,46.39
2024-10-02,18,46.26
2024-10-02,19,46.27
2024-10-02,20,37.15
2024-10-02,21,34.08
2024-10-02,22,31.14
2024-10-02,23,30.49
2024-10-02,24,15.42
2024-10-03,1,4.84
2024-10-03,2,1.61
2024-10-03,3,11.5
2024-10-03,4,19.8
2024-10-03,5,23.29
2024-10-03,6,30.62
2024-10-03,7,36.46
2024-10-03,8,35.81
2024-10-03,9,31.26
2024-10-03,10,30.75
2024-10-03,11,30.4
2024-10-03,12,30.12
2024-10-03,13,32.21
2024-10-03,14,34.35
2024-10-03,15,33.81
2024-10-03,16,35.52
2024-10-03,17,169.08
2024-10-03,18,82.81
2024-10-03,19,41.42
2024-10-03,20,35.06
2024-10-03,21,34.86
2024-10-03,22,34.6
2024-10-03,23,32.52
2024-10-03,24,31.0
2024-10-04,1,31.98
2024-10-04,2,31.41
2024-10-04,3,29.75
2024-10-04,4,29.26
2024-10-04,5,30.45
2024-10-04,6,34.29
2024-10-04,7,36.44
2024-10-04,8,31.81
2024-10-04,9,31.04
2024-10-04,10,33.9
2024-10-04,11,33.87
2024-10-04,12,34.17
2024-10-04,13,38.91
2024-10-04,14,35.84
2024-10-04,15,34.03
2024-10-04,16,34.25
2024-10-04,17,33.98
2024-10-04,18,33.56
2024-10-04,19,34.75
2024-10-04,20,33.78
2024-10-04,21,34.7
2024-10-04,22,32.76
2024-10-04,23,29.13
2024-10-04,24,28.73
2024-10-05,1,26.44
2024-10-05,2,25.82
2024-10-05,3,29.18
2024-10-05,4,28.68
2024-10-05,5,22.44
2024-10-05,6,19.25
2024-10-05,7,27.63
2024-10-05,8,28.02
2024-10-05,9,43.64
2024-10-05,10,31.08
2024-10-05,11,30.09
2024-10-05,12,27.78
2024-10-05,13,27.65
2024-10-05,14,27.08
2024-10-05,15,30.15
2024-10-05,16,31.06
2024-10-05,17,44.37
2024-10-05,18,31.84
2024-10-05,19,48.39
2024-10-05,20,30.35
2024-10-05,21,27.7
2024-10-05,22,23.12
2024-10-05,23,4.5
2024-10-05,24,0.0
2024-10-06,1,0.0
2024-10-06,2,0.0
2024-10-06,3,0.0
2024-10-06,4,0.0
2024-10-06,5,0.0
2024-10-06,6,0.0
2024-10-06,7,0.0
2024-10-06,8,1.23
2024-10-06,9,13.58
2024-10-06,10,12.22
2024-10-06,11,16.17
2024-10-06,12,19.56
2024-10-06,13,19.35
2024-10-06,14,14.64
2024-10-06,15,22.16
2024-10-06,16,26.33
2024-10-06,17,28.33
2024-10-06,18,68.0
2024-10-06,19,49.25
2024-10-06,20,30.3
2024-10-06,21,28.57
2024-10-06,22,26.81
2024-10-06,23,25.97
2024-10-06,24,35.43
2024-10-07,1,14.37
2024-10-07,2,16.2
2024-10-07,3,13.55
2024-10-07,4,15.36
2024-10-07,5,11.58
2024-10-07,6,26.15
2024-10-07,7,35.93
2024-10-07,8,28.24
2024-10-07,9,28.37
2024-10-07,10,28.79
2024-10-07,11,28.67
2024-10-07,12,29.39
2024-10-07,13,33.94
2024-10-07,14,27.99
2024-10-07,15,29.93
2024-10-07,16,30.25
2024-10-07,17,31.17
2024-10-07,18,31.63
2024-10-07,19,31.71
2024-10-07,20,33.23
2024-10-07,21,33.9
2024-10-07,22,32.11
2024-10-07,23,30.2
2024-10-07,24,23.06
2024-10-08,1,17.22
2024-10-08,2,10.89
2024-10-08,3,23.19
2024-10-08,4,29.21
2024-10-08,5,30.53
2024-10-08,6,33.04
2024-10-08,7,40.47
2024-10-08,8,33.17
2024-10-08,9,33.1
2024-10-08,10,32.97
2024-10-08,11,32.92
2024-10-08,12,28.31
2024-10-08,13,28.86
2024-10-08,14,28.23
2024-10-08,15,27.95
2024-10-08,16,31.17
2024-10-08,17,35.29
2024-10-08,18,33.11
2024-10-08,19,37.38
2024-10-08,20,33.84
2024-10-08,21,37.75
2024-10-08,22,32.42
2024-10-08,23,30.99
2024-10-08,24,28.07
2024-10-09,1,29.54
2024-10-09,2,21.84
2024-10-09,3,13.7
2024-10-09,4,25.3
2024-10-09,5,29.75
2024-10-09,6,33.3
2024-10-09,7,33.5
2024-10-09,8,33.94
2024-10-09,9,33.49
2024-10-09,10,32.24
2024-10-09,11,29.02
2024-10-09,12,28.77
2024-10-09,13,29.37
2024-10-09,14,30.07
2024-10-09,15,24.03
2024-10-09,16,29.28
2024-10-09,17,30.81
2024-10-09,18,32.9
2024-10-09,19,49.86
2024-10-09,20,34.27
2024-10-09,21,34.04
2024-10-09,22,33.92
2024-10-09,23,31.63
2024-10-09,24,37.06
2024-10-10,1,45.32
2024-10-10,2,29.34
2024-10-10,3,28.1
2024-10-10,4,28.75
2024-10-10,5,28.93
2024-10-10,6,71.11
2024-10-10,7,136.01
2024-10-10,8,54.87
2024-10-10,9,144.03
2024-10-10,10,44.33
2024-10-10,11,33.52
2024-10-10,12,33.4
2024-10-10,13,33.25
2024-10-10,14,33.14
2024-10-10,15,30.78
2024-10-10,16,33.26
2024-10-10,17,39.12
2024-10-10,18,66.89
2024-10-10,19,47.29
2024-10-10,20,61.52
2024-10-10,21,65.04
2024-10-10,22,33.9
2024-10-10,23,33.0
2024-10-10,24,29.93
2024-10-11,1,28.05
2024-10-11,2,26.79
2024-10-11,3,25.92
2024-10-11,4,25.53
2024-10-11,5,27.9
2024-10-11,6,32.29
2024-10-11,7,32.6
2024-10-11,8,31.46
2024-10-11,9,29.01
2024-10-11,10,27.56
2024-10-11,11,27.4
2024-10-11,12,28.86
2024-10-11,13,23.2
2024-10-11,14,26.43
2024-10-11,15,24.53
2024-10-11,16,31.74
2024-10-11,17,32.69
2024-10-11,18,30.28
2024-10-11,19,35.86
2024-10-11,20,28.32
2024-10-11,21,32.93
2024-10-11,22,27.55
2024-10-11,23,4.37
2024-10-11,24,2.53
2024-10-12,1,47.74
2024-10-12,2,72.1
2024-10-12,3,6.25
2024-10-12,4,27.83
2024-10-12,5,26.37
2024-10-12,6,29.83
2024-10-12,7,37.07
2024-10-12,8,29.15
2024-10-12,9,27.99
2024-10-12,10,31.5
2024-10-12,11,32.55
2024-10-12,12,31.63
2024-10-12,13,30.5
2024-10-12,14,31.79
2024-10-12,15,31.25
2024-10-12,16,32.57
2024-10-12,17,34.02
2024-10-12,18,32.86
2024-10-12,19,33.48
2024-10-12,20,31.78
2024-10-12,21,31.79
2024-10-12,22,34.67
2024-10-12,23,30.97
2024-10-12,24,27.84
2024-10-13,1,26.91
2024-10-13,2,26.76
2024-10-13,3,26.92
2024-10-13,4,27.09
2024-10-13,5,31.39
2024-10-13,6,31.06
2024-10-13,7,31.6
2024-10-13,8,32.16
2024-10-13,9,53.77
2024-10-13,10,34.36
2024-10-13,11,36.0
2024-10-13,12,31.91
2024-10-13,13,31.79
2024-10-13,14,31.79
2024-10-13,15,31.79
2024-10-13,16,32.18
2024-10-13,17,31.89
2024-10-13,18,31.8
2024-10-13,19,31.84
2024-10-13,20,31.75
2024-10-13,21,31.91
2024-10-13,22,32.76
2024-10-13,23,29.13
2024-10-13,24,26.8
2024-10-14,1,13.27
2024-10-14,2,14.49
2024-10-14,3,13.25
2024-10-14,4,9.94
2024-10-14,5,19.55
2024-10-14,6,31.74
2024-10-14,7,40.2
2024-10-14,8,96.76
2024-10-14,9,40.55
2024-10-14,10,31.86
2024-10-14,11,32.02
2024-10-14,12,32.01
2024-10-14,13,37.99
2024-10-14,14,32.25
2024-10-14,15,31.55
2024-10-14,16,33.52
2024-10-14,17,93.65
2024-10-14,18,85.56
2024-10-14,19,42.43
2024-10-14,20,32.13
2024-10-14,21,32.65
2024-10-14,22,31.75
2024-10-14,23,29.53
2024-10-14,24,26.84
2024-10-15,1,31.72
2024-10-15,2,32.09
2024-10-15,3,31.16
2024-10-15,4,26.82
2024-10-15,5,32.87
2024-10-15,6,42.66
2024-10-15,7,166.27
2024-10-15,8,220.2
2024-10-15,9,87.7
2024-10-15,10,55.79
2024-10-15,11,34.55
2024-10-15,12,31.87
2024-10-15,13,31.78
2024-10-15,14,28.98
2024-10-15,15,28.88
2024-10-15,16,31.83
2024-10-15,17,32.22
2024-10-15,18,46.92
2024-10-15,19,128.34
2024-10-15,20,46.26
2024-10-15,21,53.0
2024-10-15,22,36.12
2024-10-15,23,28.3
2024-10-15,24,26.88
2024-10-16,1,27.14
2024-10-16,2,27.04
2024-10-16,3,27.36
2024-10-16,4,27.53
2024-10-16,5,32.19
2024-10-16,6,39.55
2024-10-16,7,60.05
2024-10-16,8,76.32
2024-10-16,9,55.19
2024-10-16,10,44.0
2024-10-16,11,32.88
2024-10-16,12,35.27
2024-10-16,13,32.51
2024-10-16,14,32.26
2024-10-16,15,32.14
2024-10-16,16,31.64
2024-10-16,17,54.18
2024-10-16,18,61.17
2024-10-16,19,114.4
2024-10-16,20,73.13
2024-10-16,21,59.21
2024-10-16,22,44.64
2024-10-16,23,40.08
2024-10-16,24,32.39
2024-10-17,1,44.26
2024-10-17,2,39.25
2024-10-17,3,44.19
2024-10-17,4,41.11
2024-10-17,5,39.97
2024-10-17,6,42.25
2024-10-17,7,69.33
2024-10-17,8,43.58
2024-10-17,9,38.3
2024-10-17,10,37.8
2024-10-17,11,41.05
2024-10-17,12,41.3
2024-10-17,13,36.61
2024-10-17,14,31.46
2024-10-17,15,27.8
2024-10-17,16,30.72
2024-10-17,17,46.67
2024-10-17,18,36.65
2024-10-17,19,32.38
2024-10-17,20,36.08
2024-10-17,21,63.53
2024-10-17,22,31.61
2024-10-17,23,28.08
2024-10-17,24,23.43
2024-10-18,1,25.83
2024-10-18,2,24.91
2024-10-18,3,29.8
2024-10-18,4,31.01
2024-10-18,5,29.94
2024-10-18,6,38.34
2024-10-18,7,97.93
2024-10-18,8,60.04
2024-10-18,9,43.98
2024-10-18,10,46.23
2024-10-18,11,33.41
2024-10-18,12,33.2
2024-10-18,13,33.13
2024-10-18,14,30.39
2024-10-18,15,30.7
2024-10-18,16,32.58
2024-10-18,17,38.66
2024-10-18,18,36.88
2024-10-18,19,30.34
2024-10-18,20,31.38
2024-10-18,21,41.61
2024-10-18,22,44.97
2024-10-18,23,31.95
2024-10-18,24,33.67
2024-10-19,1,28.03
2024-10-19,2,25.5
2024-10-19,3,22.7
2024-10-19,4,35.22
2024-10-19,5,32.75
2024-10-19,6,44.9
2024-10-19,7,90.77
2024-10-19,8,28.56
2024-10-19,9,37.0
2024-10-19,10,27.33
2024-10-19,11,30.22
2024-10-19,12,26.38
2024-10-19,13,25.78
2024-10-19,14,25.21
2024-10-19,15,26.03
2024-10-19,16,26.35
2024-10-19,17,26.5
2024-10-19,18,27.4
2024-10-19,19,26.4
2024-10-19,20,26.36
2024-10-19,21,26.38
2024-10-19,22,25.61
2024-10-19,23,21.98
2024-10-19,24,21.22
2024-10-20,1,13.68
2024-10-20,2,17.7
2024-10-20,3,20.81
2024-10-20,4,20.28
2024-10-20,5,21.91
2024-10-20,6,17.08
2024-10-20,7,19.22
2024-10-20,8,17.33
2024-10-20,9,21.09
2024-10-20,10,21.46
2024-10-20,11,21.83
2024-10-20,12,21.14
2024-10-20,13,14.31
2024-10-20,14,11.08
2024-10-20,15,0.0
2024-10-20,16,18.34
2024-10-20,17,23.91
2024-10-20,18,22.02
2024-10-20,19,21.17
2024-10-20,20,21.2
2024-10-20,21,21.15
2024-10-20,22,28.85
2024-10-20,23,17.33
2024-10-20,24,16.29
2024-10-21,1,0.51
2024-10-21,2,5.01
2024-10-21,3,3.29
2024-10-21,4,3.64
2024-10-21,5,15.66
2024-10-21,6,22.77
2024-10-21,7,26.05
2024-10-21,8,24.0
2024-10-21,9,23.01
2024-10-21,10,25.41
2024-10-21,11,23.08
2024-10-21,12,21.34
2024-10-21,13,21.25
2024-10-21,14,25.61
2024-10-21,15,26.27
2024-10-21,16,25.74
2024-10-21,17,29.39
2024-10-21,18,24.61
2024-10-21,19,23.32
2024-10-21,20,23.07
2024-10-21,21,23.07
2024-10-21,22,22.99
2024-10-21,23,24.48
2024-10-21,24,18.92
2024-10-22,1,16.58
2024-10-22,2,21.18
2024-10-22,3,21.2
2024-10-22,4,22.68
2024-10-22,5,23.88
2024-10-22,6,25.48
2024-10-22,7,25.73
2024-10-22,8,25.6
2024-10-22,9,27.21
2024-10-22,10,27.79
2024-10-22,11,33.54
2024-10-22,12,25.78
2024-10-22,13,26.3
2024-10-22,14,26.03
2024-10-22,15,40.07
2024-10-22,16,73.85
2024-10-22,17,52.81
2024-10-22,18,26.14
2024-10-22,19,28.23
2024-10-22,20,22.19
2024-10-22,21,22.31
2024-10-22,22,21.84
2024-10-22,23,18.62
2024-10-22,24,6.08
2024-10-23,1,14.33
2024-10-23,2,14.31
2024-10-23,3,9.02
2024-10-23,4,0.41
2024-10-23,5,12.82
2024-10-23,6,21.47
2024-10-23,7,27.01
2024-10-23,8,24.33
2024-10-23,9,30.61
2024-10-23,10,107.58
2024-10-23,11,24.29
2024-10-23,12,46.24
2024-10-23,13,204.17
2024-10-23,14,254.21
2024-10-23,15,43.08
2024-10-23,16,24.24
2024-10-23,17,22.76
2024-10-23,18,24.34
2024-10-23,19,25.73
2024-10-23,20,23.9
2024-10-23,21,24.77
2024-10-23,22,31.0
2024-10-23,23,34.31
2024-10-23,24,36.15
2024-10-24,1,29.08
2024-10-24,2,29.14
2024-10-24,3,25.28
2024-10-24,4,31.25
2024-10-24,5,28.39
2024-10-24,6,43.79
2024-10-24,7,98.87
2024-10-24,8,51.38
2024-10-24,9,40.05
2024-10-24,10,30.86
2024-10-24,11,35.19
2024-10-24,12,34.45
2024-10-24,13,30.68
2024-10-24,14,30.28
2024-10-24,15,29.88
2024-10-24,16,29.16
2024-10-24,17,29.37
2024-10-24,18,44.81
2024-10-24,19,41.82
2024-10-24,20,37.57
2024-10-24,21,61.39
2024-10-24,22,50.46
2024-10-24,23,31.87
2024-10-24,24,30.75
2024-10-25,1,30.32
2024-10-25,2,28.89
2024-10-25,3,26.87
2024-10-25,4,29.11
2024-10-25,5,31.25
2024-10-25,6,33.26
2024-10-25,7,31.15
2024-10-25,8,30.61
2024-10-25,9,31.05
2024-10-25,10,31.66
2024-10-25,11,229.88
2024-10-25,12,204.39
2024-10-25,13,134.25
2024-10-25,14,31.65
2024-10-25,15,39.26
2024-10-25,16,30.26
2024-10-25,17,32.37
2024-10-25,18,30.02
2024-10-25,19,32.56
2024-10-25,20,42.44
2024-10-25,21,29.04
2024-10-25,22,30.85
2024-10-25,23,27.38
2024-10-25,24,29.41
2024-10-26,1,26.78
2024-10-26,2,26.94
2024-10-26,3,26.45
2024-10-26,4,26.34
2024-10-26,5,28.42
2024-10-26,6,31.22
2024-10-26,7,32.09
2024-10-26,8,31.73
2024-10-26,9,30.27
2024-10-26,10,27.57
2024-10-26,11,26.45
2024-10-26,12,26.32
2024-10-26,13,23.41
2024-10-26,14,25.31
2024-10-26,15,22.0
2024-10-26,16,29.45
2024-10-26,17,31.3
2024-10-26,18,37.74
2024-10-26,19,36.6
2024-10-26,20,36.13
2024-10-26,21,32.18
2024-10-26,22,31.35
2024-10-26,23,31.64
2024-10-26,24,31.03
2024-10-27,1,34.21
2024-10-27,2,34.54
2024-10-27,3,26.89
2024-10-27,4,26.6
2024-10-27,5,27.11
2024-10-27,6,31.51
2024-10-27,7,31.33
2024-10-27,8,33.95
2024-10-27,9,26.78
2024-10-27,10,32.2
2024-10-27,11,27.16
2024-10-27,12,25.52
2024-10-27,13,22.95
2024-10-27,14,24.42
2024-10-27,15,27.07
2024-10-27,16,35.02
2024-10-27,17,56.03
2024-10-27,18,99.05
2024-10-27,19,31.6
2024-10-27,20,44.57
2024-10-27,21,29.59
2024-10-27,22,30.66
2024-10-27,23,26.82
2024-10-27,24,27.91
2024-10-28,1,26.3
2024-10-28,2,23.54
2024-10-28,3,21.58
2024-10-28,4,22.48
2024-10-28,5,27.11
2024-10-28,6,33.17
2024-10-28,7,73.92
2024-10-28,8,31.86
2024-10-28,9,38.08
2024-10-28,10,31.73
2024-10-28,11,33.62
2024-10-28,12,30.85
2024-10-28,13,27.59
2024-10-28,14,26.56
2024-10-28,15,28.45
2024-10-28,16,32.33
2024-10-28,17,54.39
2024-10-28,18,47.14
2024-10-28,19,29.24
2024-10-28,20,28.28
2024-10-28,21,26.38
2024-10-28,22,29.49
2024-10-28,23,27.44
2024-10-28,24,29.84
2024-10-29,1,34.0
2024-10-29,2,18.72
2024-10-29,3,14.39
2024-10-29,4,14.35
2024-10-29,5,14.58
2024-10-29,6,25.24
2024-10-29,7,26.42
2024-10-29,8,28.83
2024-10-29,9,28.72
2024-10-29,10,28.63
2024-10-29,11,29.82
2024-10-29,12,30.2
2024-10-29,13,30.08
2024-10-29,14,30.67
2024-10-29,15,30.18
2024-10-29,16,27.13
2024-10-29,17,26.34
2024-10-29,18,30.22
2024-10-29,19,28.63
2024-10-29,20,24.86
2024-10-29,21,25.08
2024-10-29,22,20.72
2024-10-29,23,16.94
2024-10-29,24,11.51
2024-10-30,1,1.25
2024-10-30,2,2.72
2024-10-30,3,5.65
2024-10-30,4,4.87
2024-10-30,5,10.12
2024-10-30,6,15.24
2024-10-30,7,22.08
2024-10-30,8,21.38
2024-10-30,9,13.51
2024-10-30,10,11.87
2024-10-30,11,18.77
2024-10-30,12,22.22
2024-10-30,13,26.62
2024-10-30,14,27.58
2024-10-30,15,28.46
2024-10-30,16,29.23
2024-10-30,17,28.75
2024-10-30,18,29.7
2024-10-30,19,32.38
2024-10-30,20,26.61
2024-10-30,21,25.77
2024-10-30,22,10.26
2024-10-30,23,13.43
2024-10-30,24,14.35
2024-10-31,1,14.33
2024-10-31,2,14.34
2024-10-31,3,12.28
2024-10-31,4,5.96
2024-10-31,5,13.47
2024-10-31,6,21.89
2024-10-31,7,24.97
2024-10-31,8,24.93
2024-10-31,9,21.89
2024-10-31,10,21.09
2024-10-31,11,22.68
2024-10-31,12,36.6
2024-10-31,13,32.63
2024-10-31,14,25.58
2024-10-31,15,26.97
2024-10-31,16,26.39
2024-10-31,17,26.29
2024-10-31,18,27.68
2024-10-31,19,29.94
2024-10-31,20,27.0
2024-10-31,21,27.08
2024-10-31,22,24.99
2024-10-31,23,21.88
2024-10-31,24,23.23
2024-11-01,1,5.18
2024-11-01,2,3.05
2024-11-01,3,0.83
2024-11-01,4,1.71
2024-11-01,5,12.23
2024-11-01,6,21.91
2024-11-01,7,23.69
2024-11-01,8,24.71
2024-11-01,9,25.15
2024-11-01,10,24.03
2024-11-01,11,23.87
2024-11-01,12,24.71
2024-11-01,13,25.51
2024-11-01,14,27.18
2024-11-01,15,27.62
2024-11-01,16,57.35
2024-11-01,17,105.73
2024-11-01,18,48.64
2024-11-01,19,36.28
2024-11-01,20,28.47
2024-11-01,21,37.32
2024-11-01,22,37.96
2024-11-01,23,25.29
2024-11-01,24,34.31
2024-11-02,1,33.82
2024-11-02,2,41.03
2024-11-02,3,23.27
2024-11-02,4,27.56
2024-11-02,5,23.0
2024-11-02,6,22.91
2024-11-02,7,23.16
2024-11-02,8,47.47
2024-11-02,9,83.26
2024-11-02,10,95.42
2024-11-02,11,23.31
2024-11-02,12,20.87
2024-11-02,13,21.0
2024-11-02,14,19.16
2024-11-02,15,19.86
2024-11-02,16,28.95
2024-11-02,17,48.64
2024-11-02,18,26.51
2024-11-02,19,23.87
2024-11-02,20,24.59
2024-11-02,21,32.16
2024-11-02,22,25.56
2024-11-02,23,24.25
2024-11-02,24,23.61
2024-11-03,1,20.72
2024-11-03,2,18.02
2024-11-03,3,18.92
2024-11-03,4,16.67
2024-11-03,5,19.3
2024-11-03,6,17.65
2024-11-03,7,15.25
2024-11-03,8,13.86
2024-11-03,9,8.8
2024-11-03,10,12.9
2024-11-03,11,13.54
2024-11-03,12,14.26
2024-11-03,13,14.01
2024-11-03,14,20.46
2024-11-03,15,20.06
2024-11-03,16,18.86
2024-11-03,17,18.88
2024-11-03,18,24.72
2024-11-03,19,21.67
2024-11-03,20,21.9
2024-11-03,21,21.2
2024-11-03,22,19.11
2024-11-03,23,17.73
2024-11-03,24,15.57
2024-11-04,1,20.14
2024-11-04,2,14.37
2024-11-04,3,21.16
2024-11-04,4,6.75
2024-11-04,5,4.31
2024-11-04,6,14.34
2024-11-04,7,19.26
2024-11-04,8,31.43
2024-11-04,9,23.09
2024-11-04,10,20.45
2024-11-04,11,23.18
2024-11-04,12,23.02
2024-11-04,13,23.35
2024-11-04,14,23.66
2024-11-04,15,100.46
2024-11-04,16,43.34
2024-11-04,17,19.86
2024-11-04,18,19.71
2024-11-04,19,18.68
2024-11-04,20,23.38
2024-11-04,21,31.42
2024-11-04,22,32.85
2024-11-04,23,27.2
2024-11-04,24,22.26
2024-11-05,1,17.04
2024-11-05,2,9.46
2024-11-05,3,2.28
2024-11-05,4,3.82
2024-11-05,5,0.0
2024-11-05,6,7.02
2024-11-05,7,15.77
2024-11-05,8,18.28
2024-11-05,9,18.43
2024-11-05,10,18.39
2024-11-05,11,18.47
2024-11-05,12,17.88
2024-11-05,13,17.49
2024-11-05,14,17.73
2024-11-05,15,20.44
2024-11-05,16,22.06
2024-11-05,17,22.65
2024-11-05,18,22.34
2024-11-05,19,20.67
2024-11-05,20,20.34
2024-11-05,21,18.92
2024-11-05,22,18.66
2024-11-05,23,16.38
2024-11-05,24,13.28
2024-11-06,1,3.84
2024-11-06,2,0.0
2024-11-06,3,0.0
2024-11-06,4,8.5
2024-11-06,5,10.23
2024-11-06,6,16.01
2024-11-06,7,22.97
2024-11-06,8,26.01
2024-11-06,9,27.03
2024-11-06,10,40.28
2024-11-06,11,76.94
2024-11-06,12,79.04
2024-11-06,13,27.03
2024-11-06,14,26.98
2024-11-06,15,27.03
2024-11-06,16,38.75
2024-11-06,17,51.06
2024-11-06,18,32.06
2024-11-06,19,30.28
2024-11-06,20,139.02
2024-11-06,21,87.75
2024-11-06,22,36.64
2024-11-06,23,35.22
2024-11-06,24,24.54
2024-11-07,1,26.66
2024-11-07,2,24.57
2024-11-07,3,22.52
2024-11-07,4,19.62
2024-11-07,5,14.56
2024-11-07,6,20.39
2024-11-07,7,26.43
2024-11-07,8,29.15
2024-11-07,9,30.75
2024-11-07,10,62.42
2024-11-07,11,28.9
2024-11-07,12,28.83
2024-11-07,13,26.58
2024-11-07,14,27.28
2024-11-07,15,26.49
2024-11-07,16,27.84
2024-11-07,17,30.42
2024-11-07,18,40.0
2024-11-07,19,34.53
2024-11-07,20,26.29
2024-11-07,21,24.68
2024-11-07,22,24.93
2024-11-07,23,22.64
2024-11-07,24,10.69
2024-11-08,1,8.33
2024-11-08,2,6.06
2024-11-08,3,5.98
2024-11-08,4,5.79
2024-11-08,5,0.84
2024-11-08,6,7.9
2024-11-08,7,12.84
2024-11-08,8,19.32
2024-11-08,9,23.55
2024-11-08,10,21.18
2024-11-08,11,21.4
2024-11-08,12,20.51
2024-11-08,13,17.08
2024-11-08,14,21.11
2024-11-08,15,21.17
2024-11-08,16,27.09
2024-11-08,17,41.84
2024-11-08,18,28.8
2024-11-08,19,25.76
2024-11-08,20,24.6
2024-11-08,21,25.63
2024-11-08,22,45.23
2024-11-08,23,25.53
2024-11-08,24,23.69
2024-11-09,1,18.36
2024-11-09,2,15.56
2024-11-09,3,14.35
2024-11-09,4,15.13
2024-11-09,5,17.99
2024-11-09,6,18.4
2024-11-09,7,22.37
2024-11-09,8,22.99
2024-11-09,9,21.75
2024-11-09,10,21.96
2024-11-09,11,18.8
2024-11-09,12,15.92
2024-11-09,13,16.56
2024-11-09,14,17.4
2024-11-09,15,19.29
2024-11-09,16,21.16
2024-11-09,17,22.16
2024-11-09,18,23.18
2024-11-09,19,35.41
2024-11-09,20,22.97
2024-11-09,21,24.07
2024-11-09,22,20.15
2024-11-09,23,18.37
2024-11-09,24,18.12
2024-11-10,1,17.69
2024-11-10,2,15.33
2024-11-10,3,17.4
2024-11-10,4,16.65
2024-11-10,5,16.32
2024-11-10,6,18.3
2024-11-10,7,18.36
2024-11-10,8,17.54
2024-11-10,9,14.79
2024-11-10,10,17.28
2024-11-10,11,18.36
2024-11-10,12,185.38
2024-11-10,13,45.17
2024-11-10,14,35.38
2024-11-10,15,17.58
2024-11-10,16,22.46
2024-11-10,17,17.01
2024-11-10,18,29.62
2024-11-10,19,31.0
2024-11-10,20,19.74
2024-11-10,21,19.61
2024-11-10,22,19.55
2024-11-10,23,18.6
2024-11-10,24,11.69
2024-11-11,1,2.38
2024-11-11,2,0.0
2024-11-11,3,0.0
2024-11-11,4,0.41
2024-11-11,5,0.0
2024-11-11,6,3.24
2024-11-11,7,15.02
2024-11-11,8,21.78
2024-11-11,9,22.64
2024-11-11,10,22.89
2024-11-11,11,21.73
2024-11-11,12,19.74
2024-11-11,13,23.03
2024-11-11,14,22.77
2024-11-11,15,22.47
2024-11-11,16,22.1
2024-11-11,17,22.73
2024-11-11,18,21.12
2024-11-11,19,19.1
2024-11-11,20,26.52
2024-11-11,21,22.76
2024-11-11,22,20.7
2024-11-11,23,19.31
2024-11-11,24,14.65
2024-11-12,1,9.93
2024-11-12,2,12.98
2024-11-12,3,13.93
2024-11-12,4,10.96
2024-11-12,5,8.81
2024-11-12,6,16.4
2024-11-12,7,48.07
2024-11-12,8,29.31
2024-11-12,9,28.3
2024-11-12,10,18.76
2024-11-12,11,18.94
2024-11-12,12,23.68
2024-11-12,13,26.0
2024-11-12,14,29.94
2024-11-12,15,26.32
2024-11-12,16,29.45
2024-11-12,17,37.38
2024-11-12,18,55.78
2024-11-12,19,71.14
2024-11-12,20,62.3
2024-11-12,21,55.15
2024-11-12,22,26.85
2024-11-12,23,20.21
2024-11-12,24,21.66
2024-11-13,1,18.14
2024-11-13,2,14.33
2024-11-13,3,14.36
2024-11-13,4,15.61
2024-11-13,5,14.93
2024-11-13,6,14.7
2024-11-13,7,23.29
2024-11-13,8,28.9
2024-11-13,9,27.4
2024-11-13,10,25.33
2024-11-13,11,18.5
2024-11-13,12,19.48
2024-11-13,13,16.82
2024-11-13,14,18.08
2024-11-13,15,24.93
2024-11-13,16,25.98
2024-11-13,17,32.62
2024-11-13,18,29.69
2024-11-13,19,33.82
2024-11-13,20,29.25
2024-11-13,21,28.01
2024-11-13,22,36.06
2024-11-13,23,27.59
2024-11-13,24,26.14
2024-11-14,1,23.74
2024-11-14,2,8.91
2024-11-14,3,14.35
2024-11-14,4,22.58
2024-11-14,5,14.37
2024-11-14,6,15.74
2024-11-14,7,24.77
2024-11-14,8,44.01
2024-11-14,9,42.5
2024-11-14,10,28.41
2024-11-14,11,31.25
2024-11-14,12,27.86
2024-11-14,13,89.24
2024-11-14,14,128.92
2024-11-14,15,139.04
2024-11-14,16,95.59
2024-11-14,17,36.7
2024-11-14,18,31.37
2024-11-14,19,34.87
2024-11-14,20,33.2
2024-11-14,21,96.58
2024-11-14,22,65.65
2024-11-14,23,51.65
2024-11-14,24,37.03
2024-11-15,1,32.25
2024-11-15,2,28.28
2024-11-15,3,26.01
2024-11-15,4,27.45
2024-11-15,5,31.9
2024-11-15,6,31.71
2024-11-15,7,35.0
2024-11-15,8,88.65
2024-11-15,9,103.08
2024-11-15,10,116.87
2024-11-15,11,125.27
2024-11-15,12,131.55
2024-11-15,13,64.15
2024-11-15,14,34.31
2024-11-15,15,29.81
2024-11-15,16,51.9
2024-11-15,17,48.22
2024-11-15,18,29.67
2024-11-15,19,34.74
2024-11-15,20,42.7
2024-11-15,21,44.54
2024-11-15,22,38.21
2024-11-15,23,26.6
2024-11-15,24,25.95
2024-11-16,1,31.55
2024-11-16,2,22.51
2024-11-16,3,21.73
2024-11-16,4,20.06
2024-11-16,5,24.19
2024-11-16,6,26.09
2024-11-16,7,28.02
2024-11-16,8,27.48
2024-11-16,9,27.68
2024-11-16,10,159.11
2024-11-16,11,53.73
2024-11-16,12,34.73
2024-11-16,13,25.95
2024-11-16,14,26.23
2024-11-16,15,28.44
2024-11-16,16,28.1
2024-11-16,17,32.63
2024-11-16,18,24.39
2024-11-16,19,24.2
2024-11-16,20,26.07
2024-11-16,21,27.18
2024-11-16,22,35.32
2024-11-16,23,28.19
2024-11-16,24,26.62
2024-11-17,1,30.14
2024-11-17,2,25.38
2024-11-17,3,24.49
2024-11-17,4,16.01
2024-11-17,5,24.64
2024-11-17,6,31.39
2024-11-17,7,24.25
2024-11-17,8,24.49
2024-11-17,9,24.26
2024-11-17,10,22.25
2024-11-17,11,19.71
2024-11-17,12,18.05
2024-11-17,13,22.12
2024-11-17,14,27.99
2024-11-17,15,28.77
2024-11-17,16,28.45
2024-11-17,17,28.01
2024-11-17,18,28.36
2024-11-17,19,28.33
2024-11-17,20,28.06
2024-11-17,21,25.58
2024-11-17,22,25.14
2024-11-17,23,24.67
2024-11-17,24,22.66
2024-11-18,1,19.67
2024-11-18,2,16.77
2024-11-18,3,20.1
2024-11-18,4,22.1
2024-11-18,5,24.17
2024-11-18,6,26.68
2024-11-18,7,35.44
2024-11-18,8,53.68
2024-11-18,9,28.76
2024-11-18,10,28.42
2024-11-18,11,28.19
2024-11-18,12,26.38
2024-11-18,13,27.9
2024-11-18,14,26.44
2024-11-18,15,28.38
2024-11-18,16,34.26
2024-11-18,17,31.6
2024-11-18,18,39.53
2024-11-18,19,34.07
2024-11-18,20,36.63
2024-11-18,21,78.14
2024-11-18,22,29.99
2024-11-18,23,26.15
2024-11-18,24,25.22
2024-11-19,1,25.32
2024-11-19,2,10.08
2024-11-19,3,3.32
2024-11-19,4,0.0
2024-11-19,5,1.26
2024-11-19,6,8.73
2024-11-19,7,23.08
2024-11-19,8,24.94
2024-11-19,9,23.02
2024-11-19,10,26.42
2024-11-19,11,27.82
2024-11-19,12,27.86
2024-11-19,13,27.41
2024-11-19,14,27.98
2024-11-19,15,28.04
2024-11-19,16,28.05
2024-11-19,17,30.33
2024-11-19,18,56.43
2024-11-19,19,29.94
2024-11-19,20,30.13
2024-11-19,21,28.36
2024-11-19,22,30.08
2024-11-19,23,29.83
2024-11-19,24,27.37
2024-11-20,1,29.37
2024-11-20,2,29.81
2024-11-20,3,27.8
2024-11-20,4,20.56
2024-11-20,5,26.24
2024-11-20,6,29.62
2024-11-20,7,30.74
2024-11-20,8,31.98
2024-11-20,9,33.74
2024-11-20,10,32.02
2024-11-20,11,32.75
2024-11-20,12,31.98
2024-11-20,13,31.77
2024-11-20,14,31.63
2024-11-20,15,28.2
2024-11-20,16,27.88
2024-11-20,17,28.85
2024-11-20,18,29.25
2024-11-20,19,28.42
2024-11-20,20,28.09
2024-11-20,21,27.72
2024-11-20,22,27.64
2024-11-20,23,20.94
2024-11-20,24,13.63
2024-11-21,1,14.38
2024-11-21,2,13.98
2024-11-21,3,14.38
2024-11-21,4,14.36
2024-11-21,5,18.4
2024-11-21,6,30.23
2024-11-21,7,40.36
2024-11-21,8,105.64
2024-11-21,9,51.0
2024-11-21,10,90.94
2024-11-21,11,95.26
2024-11-21,12,62.78
2024-11-21,13,34.83
2024-11-21,14,35.14
2024-11-21,15,34.9
2024-11-21,16,42.92
2024-11-21,17,36.41
2024-11-21,18,54.98
2024-11-21,19,86.23
2024-11-21,20,37.42
2024-11-21,21,36.44
2024-11-21,22,34.01
2024-11-21,23,32.35
2024-11-21,24,30.84
2024-11-22,1,27.03
2024-11-22,2,30.06
2024-11-22,3,17.01
2024-11-22,4,7.27
2024-11-22,5,0.5
2024-11-22,6,0.0
2024-11-22,7,13.55
2024-11-22,8,33.77
2024-11-22,9,34.93
2024-11-22,10,34.93
2024-11-22,11,34.7
2024-11-22,12,34.75
2024-11-22,13,35.15
2024-11-22,14,34.8
2024-11-22,15,34.7
2024-11-22,16,34.17
2024-11-22,17,37.2
2024-11-22,18,36.64
2024-11-22,19,35.53
2024-11-22,20,35.25
2024-11-22,21,35.19
2024-11-22,22,36.12
2024-11-22,23,45.89
2024-11-22,24,35.04
2024-11-23,1,34.44
2024-11-23,2,32.1
2024-11-23,3,27.34
2024-11-23,4,15.85
2024-11-23,5,14.78
2024-11-23,6,14.33
2024-11-23,7,14.33
2024-11-23,8,32.16
2024-11-23,9,32.41
2024-11-23,10,34.89
2024-11-23,11,36.09
2024-11-23,12,35.7
2024-11-23,13,33.41
2024-11-23,14,32.5
2024-11-23,15,32.32
2024-11-23,16,36.1
2024-11-23,17,57.09
2024-11-23,18,37.03
2024-11-23,19,36.22
2024-11-23,20,36.17
2024-11-23,21,34.99
2024-11-23,22,33.56
2024-11-23,23,32.01
2024-11-23,24,29.57
2024-11-24,1,29.38
2024-11-24,2,14.39
2024-11-24,3,19.98
2024-11-24,4,14.38
2024-11-24,5,14.36
2024-11-24,6,28.05
2024-11-24,7,20.5
2024-11-24,8,23.71
2024-11-24,9,25.34
2024-11-24,10,26.18
2024-11-24,11,32.48
2024-11-24,12,30.12
2024-11-24,13,32.05
2024-11-24,14,30.8
2024-11-24,15,32.24
2024-11-24,16,32.95
2024-11-24,17,36.28
2024-11-24,18,36.47
2024-11-24,19,36.33
2024-11-24,20,36.25
2024-11-24,21,36.01
2024-11-24,22,34.77
2024-11-24,23,36.52
2024-11-24,24,34.37
2024-11-25,1,26.2
2024-11-25,2,21.24
2024-11-25,3,14.33
2024-11-25,4,12.82
2024-11-25,5,4.83
2024-11-25,6,15.61
2024-11-25,7,27.35
2024-11-25,8,33.71
2024-11-25,9,33.17
2024-11-25,10,32.15
2024-11-25,11,33.66
2024-11-25,12,34.43
2024-11-25,13,34.18
2024-11-25,14,36.01
2024-11-25,15,35.68
2024-11-25,16,36.09
2024-11-25,17,42.17
2024-11-25,18,36.39
2024-11-25,19,36.33
2024-11-25,20,36.13
2024-11-25,21,33.89
2024-11-25,22,32.53
2024-11-25,23,36.36
2024-11-25,24,24.37
2024-11-26,1,9.46
2024-11-26,2,12.28
2024-11-26,3,4.85
2024-11-26,4,0.0
2024-11-26,5,0.0
2024-11-26,6,1.31
2024-11-26,7,19.02
2024-11-26,8,35.36
2024-11-26,9,34.99
2024-11-26,10,35.23
2024-11-26,11,34.17
2024-11-26,12,29.41
2024-11-26,13,14.35
2024-11-26,14,14.33
2024-11-26,15,7.36
2024-11-26,16,28.4
2024-11-26,17,35.57
2024-11-26,18,35.64
2024-11-26,19,35.56
2024-11-26,20,35.5
2024-11-26,21,35.46
2024-11-26,22,35.33
2024-11-26,23,12.98
2024-11-26,24,14.36
2024-11-27,1,11.22
2024-11-27,2,14.35
2024-11-27,3,28.2
2024-11-27,4,34.54
2024-11-27,5,16.41
2024-11-27,6,24.02
2024-11-27,7,39.35
2024-11-27,8,51.2
2024-11-27,9,41.51
2024-11-27,10,41.44
2024-11-27,11,38.99
2024-11-27,12,38.92
2024-11-27,13,39.08
2024-11-27,14,38.92
2024-11-27,15,38.4
2024-11-27,16,38.73
2024-11-27,17,42.57
2024-11-27,18,43.4
2024-11-27,19,43.42
2024-11-27,20,43.62
2024-11-27,21,42.69
2024-11-27,22,42.21
2024-11-27,23,39.51
2024-11-27,24,40.17
2024-11-28,1,32.58
2024-11-28,2,31.65
2024-11-28,3,28.19
2024-11-28,4,30.87
2024-11-28,5,26.08
2024-11-28,6,26.14
2024-11-28,7,37.8
2024-11-28,8,41.32
2024-11-28,9,39.42
2024-11-28,10,47.61
2024-11-28,11,104.44
2024-11-28,12,40.43
2024-11-28,13,39.04
2024-11-28,14,38.77
2024-11-28,15,36.84
2024-11-28,16,38.97
2024-11-28,17,40.11
2024-11-28,18,39.74
2024-11-28,19,41.99
2024-11-28,20,41.21
2024-11-28,21,40.24
2024-11-28,22,39.12
2024-11-28,23,36.83
2024-11-28,24,26.68
2024-11-29,1,13.44
2024-11-29,2,13.03
2024-11-29,3,14.37
2024-11-29,4,14.36
2024-11-29,5,15.86
2024-11-29,6,15.87
2024-11-29,7,34.68
2024-11-29,8,39.7
2024-11-29,9,39.29
2024-11-29,10,38.73
2024-11-29,11,35.44
2024-11-29,12,37.91
2024-11-29,13,37.97
2024-11-29,14,38.75
2024-11-29,15,34.36
2024-11-29,16,36.33
2024-11-29,17,38.8
2024-11-29,18,38.92
2024-11-29,19,38.78
2024-11-29,20,38.8
2024-11-29,21,38.71
2024-11-29,22,37.65
2024-11-29,23,30.69
2024-11-29,24,18.57
2024-11-30,1,14.35
2024-11-30,2,12.98
2024-11-30,3,9.64
2024-11-30,4,12.98
2024-11-30,5,0.0
2024-11-30,6,0.83
2024-11-30,7,5.7
2024-11-30,8,18.91
2024-11-30,9,26.02
2024-11-30,10,39.13
2024-11-30,11,25.42
2024-11-30,12,34.28
2024-11-30,13,31.74
2024-11-30,14,34.25
2024-11-30,15,34.31
2024-11-30,16,34.1
2024-11-30,17,38.4
2024-11-30,18,37.87
2024-11-30,19,44.15
2024-11-30,20,37.42
2024-11-30,21,34.31
2024-11-30,22,37.13
2024-11-30,23,36.0
2024-11-30,24,32.39
2024-12-01,1,33.4
2024-12-01,2,16.21
2024-12-01,3,14.34
2024-12-01,4,14.32
2024-12-01,5,14.34
2024-12-01,6,10.98
2024-12-01,7,9.45
2024-12-01,8,36.15
2024-12-01,9,29.71
2024-12-01,10,36.25
2024-12-01,11,36.17
2024-12-01,12,36.25
2024-12-01,13,36.28
2024-12-01,14,35.86
2024-12-01,15,36.68
2024-12-01,16,32.99
2024-12-01,17,39.21
2024-12-01,18,40.28
2024-12-01,19,40.44
2024-12-01,20,40.35
2024-12-01,21,40.07
2024-12-01,22,39.39
2024-12-01,23,36.17
2024-12-01,24,35.2
2024-12-02,1,21.89
2024-12-02,2,14.36
2024-12-02,3,14.34
2024-12-02,4,14.34
2024-12-02,5,11.46
2024-12-02,6,24.37
2024-12-02,7,37.19
2024-12-02,8,40.58
2024-12-02,9,40.88
2024-12-02,10,40.93
2024-12-02,11,40.55
2024-12-02,12,40.44
2024-12-02,13,40.03
2024-12-02,14,40.29
2024-12-02,15,40.35
2024-12-02,16,40.99
2024-12-02,17,40.04
2024-12-02,18,39.87
2024-12-02,19,38.85
2024-12-02,20,39.97
2024-12-02,21,39.42
2024-12-02,22,39.74
2024-12-02,23,35.74
2024-12-02,24,31.96
2024-12-03,1,33.22
2024-12-03,2,23.8
2024-12-03,3,18.77
2024-12-03,4,21.16
2024-12-03,5,23.09
2024-12-03,6,31.15
2024-12-03,7,37.91
2024-12-03,8,40.31
2024-12-03,9,40.3
2024-12-03,10,40.18
2024-12-03,11,40.07
2024-12-03,12,39.08
2024-12-03,13,39.49
2024-12-03,14,39.98
2024-12-03,15,40.01
2024-12-03,16,39.83
2024-12-03,17,42.13
2024-12-03,18,40.11
2024-12-03,19,38.95
2024-12-03,20,38.8
2024-12-03,21,38.08
2024-12-03,22,37.4
2024-12-03,23,36.39
2024-12-03,24,32.23
2024-12-04,1,22.26
2024-12-04,2,14.38
2024-12-04,3,1.96
2024-12-04,4,0.43
2024-12-04,5,0.0
2024-12-04,6,0.0
2024-12-04,7,2.35
2024-12-04,8,29.51
2024-12-04,9,34.57
2024-12-04,10,36.58
2024-12-04,11,40.06
2024-12-04,12,37.92
2024-12-04,13,36.45
2024-12-04,14,35.65
2024-12-04,15,34.76
2024-12-04,16,35.7
2024-12-04,17,37.14
2024-12-04,18,34.17
2024-12-04,19,36.05
2024-12-04,20,37.13
2024-12-04,21,38.7
2024-12-04,22,39.58
2024-12-04,23,35.71
2024-12-04,24,34.84
2024-12-05,1,35.81
2024-12-05,2,29.95
2024-12-05,3,19.89
2024-12-05,4,21.52
2024-12-05,5,2.87
2024-12-05,6,3.81
2024-12-05,7,29.06
2024-12-05,8,36.41
2024-12-05,9,36.41
2024-12-05,10,36.25
2024-12-05,11,36.86
2024-12-05,12,36.85
2024-12-05,13,36.38
2024-12-05,14,35.75
2024-12-05,15,35.1
2024-12-05,16,35.55
2024-12-05,17,36.98
2024-12-05,18,38.56
2024-12-05,19,38.86
2024-12-05,20,38.67
2024-12-05,21,39.51
2024-12-05,22,46.97
2024-12-05,23,38.61
2024-12-05,24,37.58
2024-12-06,1,35.66
2024-12-06,2,37.13
2024-12-06,3,36.34
2024-12-06,4,37.7
2024-12-06,5,37.09
2024-12-06,6,38.92
2024-12-06,7,38.83
2024-12-06,8,39.54
2024-12-06,9,51.58
2024-12-06,10,40.65
2024-12-06,11,40.64
2024-12-06,12,39.12
2024-12-06,13,39.24
2024-12-06,14,39.48
2024-12-06,15,38.96
2024-12-06,16,38.9
2024-12-06,17,43.88
2024-12-06,18,39.44
2024-12-06,19,39.09
2024-12-06,20,38.96
2024-12-06,21,41.96
2024-12-06,22,39.08
2024-12-06,23,37.39
2024-12-06,24,37.18
2024-12-07,1,51.53
2024-12-07,2,52.64
2024-12-07,3,53.72
2024-12-07,4,60.55
2024-12-07,5,49.69
2024-12-07,6,41.49
2024-12-07,7,38.67
2024-12-07,8,37.76
2024-12-07,9,40.81
2024-12-07,10,93.86
2024-12-07,11,41.92
2024-12-07,12,38.47
2024-12-07,13,38.36
2024-12-07,14,38.31
2024-12-07,15,37.28
2024-12-07,16,37.22
2024-12-07,17,37.97
2024-12-07,18,38.32
2024-12-07,19,38.22
2024-12-07,20,38.02
2024-12-07,21,37.64
2024-12-07,22,38.09
2024-12-07,23,36.14
2024-12-07,24,33.04
2024-12-08,1,21.24
2024-12-08,2,15.68
2024-12-08,3,21.28
2024-12-08,4,4.2
2024-12-08,5,4.01
2024-12-08,6,5.22
2024-12-08,7,8.7
2024-12-08,8,18.49
2024-12-08,9,24.24
2024-12-08,10,30.61
2024-12-08,11,37.43
2024-12-08,12,41.2
2024-12-08,13,38.42
2024-12-08,14,38.58
2024-12-08,15,38.09
2024-12-08,16,38.97
2024-12-08,17,94.65
2024-12-08,18,45.62
2024-12-08,19,39.62
2024-12-08,20,55.77
2024-12-08,21,62.29
2024-12-08,22,43.65
2024-12-08,23,37.79
2024-12-08,24,32.73
2024-12-09,1,30.97
2024-12-09,2,24.7
2024-12-09,3,16.98
2024-12-09,4,19.91
2024-12-09,5,13.96
2024-12-09,6,15.88
2024-12-09,7,34.75
2024-12-09,8,46.13
2024-12-09,9,44.61
2024-12-09,10,63.24
2024-12-09,11,195.01
2024-12-09,12,61.31
2024-12-09,13,48.59
2024-12-09,14,57.17
2024-12-09,15,74.86
2024-12-09,16,60.86
2024-12-09,17,65.08
2024-12-09,18,38.9
2024-12-09,19,40.48
2024-12-09,20,39.16
2024-12-09,21,35.84
2024-12-09,22,34.07
2024-12-09,23,34.66
2024-12-09,24,32.64
2024-12-10,1,35.72
2024-12-10,2,23.25
2024-12-10,3,22.17
2024-12-10,4,21.64
2024-12-10,5,33.04
2024-12-10,6,37.29
2024-12-10,7,39.78
2024-12-10,8,43.58
2024-12-10,9,40.07
2024-12-10,10,40.61
2024-12-10,11,47.78
2024-12-10,12,41.37
2024-12-10,13,52.51
2024-12-10,14,60.67
2024-12-10,15,49.42
2024-12-10,16,44.9
2024-12-10,17,58.39
2024-12-10,18,95.2
2024-12-10,19,80.94
2024-12-10,20,58.62
2024-12-10,21,59.13
2024-12-10,22,47.9
2024-12-10,23,39.47
2024-12-10,24,36.86
2024-12-11,1,36.05
2024-12-11,2,37.07
2024-12-11,3,34.96
2024-12-11,4,34.94
2024-12-11,5,34.95
2024-12-11,6,36.42
2024-12-11,7,39.26
2024-12-11,8,52.48
2024-12-11,9,41.04
2024-12-11,10,40.07
2024-12-11,11,40.1
2024-12-11,12,39.3
2024-12-11,13,39.67
2024-12-11,14,38.44
2024-12-11,15,38.01
2024-12-11,16,39.0
2024-12-11,17,43.18
2024-12-11,18,60.57
2024-12-11,19,39.17
2024-12-11,20,39.19
2024-12-11,21,37.25
2024-12-11,22,36.81
2024-12-11,23,35.82
2024-12-11,24,36.74
2024-12-12,1,37.11
2024-12-12,2,36.64
2024-12-12,3,32.62
2024-12-12,4,21.73
2024-12-12,5,8.59
2024-12-12,6,9.81
2024-12-12,7,36.76
2024-12-12,8,41.41
2024-12-12,9,51.28
2024-12-12,10,39.6
2024-12-12,11,37.7
2024-12-12,12,38.03
2024-12-12,13,38.22
2024-12-12,14,40.23
2024-12-12,15,40.8
2024-12-12,16,41.06
2024-12-12,17,42.98
2024-12-12,18,41.61
2024-12-12,19,44.49
2024-12-12,20,55.7
2024-12-12,21,55.45
2024-12-12,22,49.43
2024-12-12,23,41.91
2024-12-12,24,41.38
2024-12-13,1,41.34
2024-12-13,2,59.07
2024-12-13,3,41.26
2024-12-13,4,40.99
2024-12-13,5,41.22
2024-12-13,6,41.01
2024-12-13,7,45.09
2024-12-13,8,69.16
2024-12-13,9,54.65
2024-12-13,10,58.89
2024-12-13,11,60.19
2024-12-13,12,48.45
2024-12-13,13,46.88
2024-12-13,14,43.82
2024-12-13,15,45.99
2024-12-13,16,50.51
2024-12-13,17,81.81
2024-12-13,18,178.43
2024-12-13,19,149.08
2024-12-13,20,63.87
2024-12-13,21,55.51
2024-12-13,22,60.57
2024-12-13,23,46.3
2024-12-13,24,41.64
2024-12-14,1,41.47
2024-12-14,2,40.79
2024-12-14,3,40.29
2024-12-14,4,40.37
2024-12-14,5,40.27
2024-12-14,6,40.38
2024-12-14,7,38.93
2024-12-14,8,39.26
2024-12-14,9,38.9
2024-12-14,10,36.33
2024-12-14,11,38.58
2024-12-14,12,36.86
2024-12-14,13,37.03
2024-12-14,14,37.55
2024-12-14,15,39.76
2024-12-14,16,40.32
2024-12-14,17,40.2
2024-12-14,18,40.13
2024-12-14,19,39.51
2024-12-14,20,38.17
2024-12-14,21,37.39
2024-12-14,22,38.37
2024-12-14,23,36.06
2024-12-14,24,36.71
2024-12-15,1,36.64
2024-12-15,2,37.42
2024-12-15,3,48.71
2024-12-15,4,36.07
2024-12-15,5,32.89
2024-12-15,6,17.91
2024-12-15,7,30.61
2024-12-15,8,37.04
2024-12-15,9,38.14
2024-12-15,10,38.62
2024-12-15,11,39.12
2024-12-15,12,40.22
2024-12-15,13,43.3
2024-12-15,14,74.94
2024-12-15,15,58.91
2024-12-15,16,43.91
2024-12-15,17,65.76
2024-12-15,18,41.64
2024-12-15,19,57.08
2024-12-15,20,124.96
2024-12-15,21,42.4
2024-12-15,22,45.25
2024-12-15,23,40.22
2024-12-15,24,39.6
2024-12-16,1,37.84
2024-12-16,2,32.84
2024-12-16,3,19.07
2024-12-16,4,33.38
2024-12-16,5,20.67
2024-12-16,6,15.34
2024-12-16,7,17.86
2024-12-16,8,39.18
2024-12-16,9,36.94
2024-12-16,10,36.78
2024-12-16,11,37.74
2024-12-16,12,38.17
2024-12-16,13,38.62
2024-12-16,14,48.73
2024-12-16,15,35.95
2024-12-16,16,36.24
2024-12-16,17,58.83
2024-12-16,18,37.35
2024-12-16,19,40.76
2024-12-16,20,41.13
2024-12-16,21,40.16
2024-12-16,22,36.82
2024-12-16,23,24.14
2024-12-16,24,7.36
2024-12-17,1,0.42
2024-12-17,2,0.0
2024-12-17,3,0.0
2024-12-17,4,0.0
2024-12-17,5,0.0
2024-12-17,6,3.78
2024-12-17,7,29.13
2024-12-17,8,36.45
2024-12-17,9,37.11
2024-12-17,10,37.77
2024-12-17,11,37.83
2024-12-17,12,36.87
2024-12-17,13,39.13
2024-12-17,14,36.72
2024-12-17,15,32.81
2024-12-17,16,35.27
2024-12-17,17,51.8
2024-12-17,18,44.46
2024-12-17,19,44.76
2024-12-17,20,43.34
2024-12-17,21,44.98
2024-12-17,22,42.38
2024-12-17,23,38.93
2024-12-17,24,39.55
2024-12-18,1,35.13
2024-12-18,2,34.83
2024-12-18,3,34.84
2024-12-18,4,37.22
2024-12-18,5,28.62
2024-12-18,6,12.28
2024-12-18,7,28.61
2024-12-18,8,39.96
2024-12-18,9,43.7
2024-12-18,10,36.81
2024-12-18,11,39.4
2024-12-18,12,40.83
2024-12-18,13,40.42
2024-12-18,14,39.17
2024-12-18,15,39.17
2024-12-18,16,39.49
2024-12-18,17,39.17
2024-12-18,18,40.65
2024-12-18,19,37.72
2024-12-18,20,38.93
2024-12-18,21,37.2
2024-12-18,22,66.37
2024-12-18,23,36.24
2024-12-18,24,34.36
2024-12-19,1,37.09
2024-12-19,2,37.16
2024-12-19,3,23.07
2024-12-19,4,21.45
2024-12-19,5,33.18
2024-12-19,6,37.15
2024-12-19,7,40.43
2024-12-19,8,47.23
2024-12-19,9,46.13
2024-12-19,10,45.87
2024-12-19,11,44.39
2024-12-19,12,41.4
2024-12-19,13,43.75
2024-12-19,14,44.27
2024-12-19,15,60.81
2024-12-19,16,46.64
2024-12-19,17,75.7
2024-12-19,18,59.84
2024-12-19,19,44.51
2024-12-19,20,49.87
2024-12-19,21,53.12
2024-12-19,22,59.54
2024-12-19,23,54.85
2024-12-19,24,52.29
2024-12-20,1,70.41
2024-12-20,2,83.83
2024-12-20,3,51.1
2024-12-20,4,42.85
2024-12-20,5,38.94
2024-12-20,6,38.52
2024-12-20,7,40.81
2024-12-20,8,41.03
2024-12-20,9,42.72
2024-12-20,10,46.97
2024-12-20,11,49.46
2024-12-20,12,49.44
2024-12-20,13,52.49
2024-12-20,14,46.46
2024-12-20,15,44.13
2024-12-20,16,43.92
2024-12-20,17,43.71
2024-12-20,18,44.36
2024-12-20,19,46.96
2024-12-20,20,52.93
2024-12-20,21,43.95
2024-12-20,22,44.91
2024-12-20,23,48.23
2024-12-20,24,46.25
2024-12-21,1,75.62
2024-12-21,2,48.12
2024-12-21,3,59.63
2024-12-21,4,72.27
2024-12-21,5,39.58
2024-12-21,6,39.22
2024-12-21,7,39.57
2024-12-21,8,40.69
2024-12-21,9,43.05
2024-12-21,10,42.32
2024-12-21,11,44.26
2024-12-21,12,61.28
2024-12-21,13,42.86
2024-12-21,14,42.32
2024-12-21,15,42.28
2024-12-21,16,43.92
2024-12-21,17,47.12
2024-12-21,18,64.9
2024-12-21,19,57.16
2024-12-21,20,72.0
2024-12-21,21,50.66
2024-12-21,22,62.55
2024-12-21,23,45.53
2024-12-21,24,42.65
2024-12-22,1,43.1
2024-12-22,2,48.82
2024-12-22,3,46.51
2024-12-22,4,46.45
2024-12-22,5,46.96
2024-12-22,6,46.39
2024-12-22,7,44.21
2024-12-22,8,46.21
2024-12-22,9,46.19
2024-12-22,10,46.45
2024-12-22,11,51.62
2024-12-22,12,45.0
2024-12-22,13,46.64
2024-12-22,14,42.49
2024-12-22,15,44.48
2024-12-22,16,46.72
2024-12-22,17,48.04
2024-12-22,18,50.06
2024-12-22,19,49.96
2024-12-22,20,56.75
2024-12-22,21,47.83
2024-12-22,22,51.13
2024-12-22,23,39.78
2024-12-22,24,38.19
2024-12-23,1,35.78
2024-12-23,2,37.3
2024-12-23,3,20.97
2024-12-23,4,24.66
2024-12-23,5,13.28
2024-12-23,6,7.32
2024-12-23,7,25.27
2024-12-23,8,38.39
2024-12-23,9,39.17
2024-12-23,10,42.08
2024-12-23,11,42.01
2024-12-23,12,41.72
2024-12-23,13,42.38
2024-12-23,14,42.16
2024-12-23,15,39.67
2024-12-23,16,42.37
2024-12-23,17,43.89
2024-12-23,18,42.18
2024-12-23,19,43.75
2024-12-23,20,43.0
2024-12-23,21,42.46
2024-12-23,22,40.86
2024-12-23,23,40.0
2024-12-23,24,38.31
2024-12-24,1,37.82
2024-12-24,2,36.84
2024-12-24,3,36.79
2024-12-24,4,36.79
2024-12-24,5,37.14
2024-12-24,6,37.55
2024-12-24,7,44.08
2024-12-24,8,51.7
2024-12-24,9,69.1
2024-12-24,10,95.06
2024-12-24,11,131.16
2024-12-24,12,113.06
2024-12-24,13,71.79
2024-12-24,14,53.01
2024-12-24,15,45.03
2024-12-24,16,41.61
2024-12-24,17,42.14
2024-12-24,18,44.9
2024-12-24,19,43.38
2024-12-24,20,41.76
2024-12-24,21,41.75
2024-12-24,22,41.4
2024-12-24,23,38.68
2024-12-24,24,37.12
2024-12-25,1,38.13
2024-12-25,2,38.1
2024-12-25,3,38.11
2024-12-25,4,38.11
2024-12-25,5,38.03
2024-12-25,6,38.1
2024-12-25,7,38.26
2024-12-25,8,37.73
2024-12-25,9,39.61
2024-12-25,10,43.3
2024-12-25,11,44.28
2024-12-25,12,44.49
2024-12-25,13,45.47
2024-12-25,14,44.17
2024-12-25,15,44.22
2024-12-25,16,43.22
2024-12-25,17,45.12
2024-12-25,18,41.97
2024-12-25,19,42.46
2024-12-25,20,40.89
2024-12-25,21,39.59
2024-12-25,22,39.3
2024-12-25,23,37.21
2024-12-25,24,38.28
2024-12-26,1,38.06
2024-12-26,2,37.39
2024-12-26,3,34.35
2024-12-26,4,14.4
2024-12-26,5,35.13
2024-12-26,6,38.07
2024-12-26,7,38.07
2024-12-26,8,38.09
2024-12-26,9,38.07
2024-12-26,10,38.59
2024-12-26,11,39.92
2024-12-26,12,40.77
2024-12-26,13,41.31
2024-12-26,14,41.33
2024-12-26,15,41.16
2024-12-26,16,40.67
2024-12-26,17,39.49
2024-12-26,18,41.21
2024-12-26,19,41.57
2024-12-26,20,41.21
2024-12-26,21,40.87
2024-12-26,22,39.88
2024-12-26,23,36.85
2024-12-26,24,25.28
2024-12-27,1,33.71
2024-12-27,2,23.37
2024-12-27,3,14.46
2024-12-27,4,14.37
2024-12-27,5,14.4
2024-12-27,6,14.61
2024-12-27,7,26.81
2024-12-27,8,34.16
2024-12-27,9,32.82
2024-12-27,10,35.68
2024-12-27,11,37.6
2024-12-27,12,37.72
2024-12-27,13,37.6
2024-12-27,14,37.55
2024-12-27,15,37.57
2024-12-27,16,37.59
2024-12-27,17,38.19
2024-12-27,18,38.92
2024-12-27,19,37.94
2024-12-27,20,38.98
2024-12-27,21,38.34
2024-12-27,22,37.56
2024-12-27,23,37.13
2024-12-27,24,34.63
2024-12-28,1,20.39
2024-12-28,2,14.43
2024-12-28,3,14.45
2024-12-28,4,14.35
2024-12-28,5,6.4
2024-12-28,6,6.78
2024-12-28,7,8.48
2024-12-28,8,13.7
2024-12-28,9,18.92
2024-12-28,10,29.59
2024-12-28,11,33.39
2024-12-28,12,33.26
2024-12-28,13,29.8
2024-12-28,14,5.9
2024-12-28,15,10.25
2024-12-28,16,33.61
2024-12-28,17,36.53
2024-12-28,18,37.05
2024-12-28,19,36.76
2024-12-28,20,32.04
2024-12-28,21,28.78
2024-12-28,22,36.7
2024-12-28,23,37.1
2024-12-28,24,37.63
2024-12-29,1,34.42
2024-12-29,2,36.58
2024-12-29,3,36.6
2024-12-29,4,36.21
2024-12-29,5,16.94
2024-12-29,6,14.54
2024-12-29,7,14.66
2024-12-29,8,15.14
2024-12-29,9,14.75
2024-12-29,10,14.86
2024-12-29,11,32.53
2024-12-29,12,36.29
2024-12-29,13,94.21
2024-12-29,14,37.03
2024-12-29,15,39.76
2024-12-29,16,36.16
2024-12-29,17,36.91
2024-12-29,18,32.44
2024-12-29,19,36.55
2024-12-29,20,33.07
2024-12-29,21,19.98
2024-12-29,22,27.99
2024-12-29,23,29.24
2024-12-29,24,12.99
2024-12-30,1,7.8
2024-12-30,2,9.52
2024-12-30,3,4.84
2024-12-30,4,0.0
2024-12-30,5,0.0
2024-12-30,6,0.0
2024-12-30,7,1.39
2024-12-30,8,10.17
2024-12-30,9,13.67
2024-12-30,10,14.33
2024-12-30,11,14.6
2024-12-30,12,14.57
2024-12-30,13,14.46
2024-12-30,14,14.37
2024-12-30,15,31.09
2024-12-30,16,33.51
2024-12-30,17,32.72
2024-12-30,18,37.08
2024-12-30,19,36.89
2024-12-30,20,36.47
2024-12-30,21,36.97
2024-12-30,22,37.04
2024-12-30,23,20.85
2024-12-30,24,22.1
2024-12-31,1,21.08
2024-12-31,2,14.34
2024-12-31,3,33.33
2024-12-31,4,37.61
2024-12-31,5,40.2
2024-12-31,6,37.63
2024-12-31,7,38.2
2024-12-31,8,27.13
2024-12-31,9,30.74
2024-12-31,10,24.06
2024-12-31,11,34.64
2024-12-31,12,34.74
2024-12-31,13,38.32
2024-12-31,14,40.46
2024-12-31,15,40.94
2024-12-31,16,41.03
2024-12-31,17,41.62
2024-12-31,18,40.91
2024-12-31,19,41.34
2024-12-31,20,34.83
2024-12-31,21,31.25
2024-12-31,22,13.03
2024-12-31,23,10.15
2024-12-31,24,9.47
